datetime,date,hour,CO2,NH3,CH4,id_channel
2024-05-27 14:24:25,2024-05-27,14:24:25,559.5049842766667,3.068788273333334,14.242879806666666,5
2024-05-27 14:32:01,2024-05-27,14:32:01,572.0023930799999,3.046425473333333,12.958605829999998,5
2024-05-27 14:51:03,2024-05-27,14:51:03,573.2594210799999,3.00198235,12.834392200000002,5
2024-05-27 14:58:39,2024-05-27,14:58:39,554.6007533000001,2.9740170766666663,9.801680153333335,5
2024-05-27 15:06:14,2024-05-27,15:06:14,564.0047801566666,2.9485941033333334,9.851115676666666,5
2024-05-27 15:13:48,2024-05-27,15:13:48,555.1873663666667,2.8440774366666663,7.396484373333333,5
2024-05-27 15:21:24,2024-05-27,15:21:24,567.75764636,2.8715719133333333,8.394942033333335,5
2024-05-27 15:29:00,2024-05-27,15:29:00,571.7291261233333,2.9307980266666664,8.393542443333333,5
2024-05-27 15:36:32,2024-05-27,15:36:32,563.85903778,2.8391811600000003,6.826451273333333,5
2024-05-27 15:44:08,2024-05-27,15:44:08,577.2746235566666,2.828399936666667,8.053292063333332,5
2024-05-27 15:51:42,2024-05-27,15:51:42,580.8926780600001,2.7992576766666666,6.9598122233333335,5
2024-05-27 15:59:19,2024-05-27,15:59:19,573.5509058333333,2.810933413333333,6.623860586666666,5
2024-05-27 16:06:55,2024-05-27,16:06:55,583.0241603233334,2.7507657066666664,7.61207125,5
2024-05-27 16:14:32,2024-05-27,16:14:32,589.03603336,2.72732008,7.3810388966666665,5
2024-05-27 16:22:12,2024-05-27,16:22:12,610.78808309,2.8858370233333335,9.575946246666666,5
2024-05-27 16:29:52,2024-05-27,16:29:52,621.1540096366666,2.7947851166666666,10.472183836666668,5
2024-05-27 16:37:30,2024-05-27,16:37:30,635.19993119,2.8173362366666663,12.510337083333333,5
2024-05-27 16:45:07,2024-05-27,16:45:07,652.9805011533332,2.76893843,13.880985766666667,5
2024-05-27 16:52:44,2024-05-27,16:52:44,666.6985023633334,2.7039215266666665,15.094680406666667,5
2024-05-27 17:00:18,2024-05-27,17:00:18,672.9654245633334,2.83244878,15.836513203333334,5
2024-05-27 17:07:56,2024-05-27,17:07:56,687.0477817133333,2.7364535133333328,16.490671673333335,5
2024-05-27 17:15:34,2024-05-27,17:15:34,669.8137456666667,2.7971390933333335,14.18764598,5
2024-05-27 17:23:10,2024-05-27,17:23:10,630.2082547866667,2.6661166233333335,11.283096406666665,5
2024-05-27 17:30:46,2024-05-27,17:30:46,656.2232690366667,2.6194607599999995,12.846938526666667,5
2024-05-27 17:38:20,2024-05-27,17:38:20,681.6735315733333,2.5822208099999995,13.724681526666666,5
2024-05-27 17:45:56,2024-05-27,17:45:56,686.4101588166667,2.5739348066666667,13.632558503333334,5
2024-05-27 17:53:32,2024-05-27,17:53:32,664.6763268866666,2.60938573,12.973601443333331,5
2024-05-27 18:01:09,2024-05-27,18:01:09,725.05010645,2.6078321033333336,14.065181833333334,5
2024-05-27 18:08:42,2024-05-27,18:08:42,727.6188158366666,2.6353265766666665,13.722132276666665,5
2024-05-27 18:16:16,2024-05-27,18:16:16,633.1959735133333,2.6260518999999998,8.134268356666666,5
2024-05-27 18:23:52,2024-05-27,18:23:52,590.23840797,2.5695564066666665,6.117858743333334,5
2024-05-27 18:31:27,2024-05-27,18:31:27,587.1778180566666,2.5039274700000003,6.793810830000001,5
2024-05-27 18:39:03,2024-05-27,18:39:03,586.3397993933332,2.4496447133333334,6.849644483333333,5
2024-05-27 18:46:39,2024-05-27,18:46:39,595.7584004866667,2.5976629133333335,8.184753573333333,5
2024-05-27 18:54:19,2024-05-27,18:54:19,623.1397495166666,2.4206907733333334,9.74774594,5
2024-05-27 19:01:54,2024-05-27,19:01:54,626.61934876,2.43359058,9.854614653333334,5
2024-05-27 19:09:29,2024-05-27,19:09:29,648.4807052733333,2.445172153333333,10.329775533333335,5
2024-05-27 19:17:07,2024-05-27,19:17:07,643.8898204033334,2.43203695,10.047708120000001,5
2024-05-27 19:24:42,2024-05-27,19:24:42,625.9817258633333,2.36494855,8.691155303333334,5
2024-05-27 19:32:16,2024-05-27,19:32:16,622.2835130533333,2.3437156600000004,7.969916480000001,5
2024-05-27 19:39:49,2024-05-27,19:39:49,640.5013101433334,2.2446131433333334,8.38904376,5
2024-05-27 19:47:26,2024-05-27,19:47:26,631.9207277133333,2.3162211866666667,7.483508893333333,5
2024-05-27 19:55:00,2024-05-27,19:55:00,626.8561801266668,2.2516280033333333,7.42252675,5
2024-05-27 20:02:35,2024-05-27,20:02:35,628.3318216900001,2.3173981733333333,8.134468296666666,5
2024-05-27 20:10:11,2024-05-27,20:10:11,628.3682572833333,2.2377395233333335,7.82690835,5
2024-05-27 20:17:48,2024-05-27,20:17:48,638.7524016233333,2.1715456333333334,8.25363341,5
2024-05-27 20:25:23,2024-05-27,20:25:23,662.50840903,2.247908713333333,10.704965673333334,5
2024-05-27 20:33:00,2024-05-27,20:33:00,653.05337234,2.228559003333333,10.06030443,5
2024-05-27 20:40:38,2024-05-27,20:40:38,626.0910326466666,2.20803231,7.3594452200000005,5
2024-05-27 20:48:12,2024-05-27,20:48:12,621.73697914,2.0755032933333335,6.473004759999999,5
2024-05-27 20:55:45,2024-05-27,20:55:45,632.0482522966666,2.019290273333333,8.255182953333334,5
2024-05-27 21:03:21,2024-05-27,21:03:21,661.7979149500001,2.1570922033333333,9.478624743333334,5
2024-05-27 21:10:53,2024-05-27,21:10:53,660.8688072933334,2.0607203033333334,8.641219923333333,5
2024-05-27 21:18:32,2024-05-27,21:18:32,642.7603169866666,1.9607232733333333,7.564435196666667,5
2024-05-27 21:26:10,2024-05-27,21:26:10,668.1377083366667,1.9565331933333334,10.206311679999999,5
2024-05-27 21:33:45,2024-05-27,21:33:45,684.5155079166667,1.8335613266666666,11.335181156666666,5
2024-05-27 21:41:20,2024-05-27,21:41:20,696.64856078,1.98040254,11.428153933333334,5
2024-05-27 21:48:56,2024-05-27,21:48:56,713.19032054,1.9662786666666667,12.124150153333332,5
2024-05-27 21:56:32,2024-05-27,21:56:32,701.42162362,1.84137654,10.448990623333334,5
2024-05-27 22:04:06,2024-05-27,22:04:06,689.2339173633333,1.7589872733333334,9.698960226666665,5
2024-05-27 22:11:39,2024-05-27,22:11:39,674.42284833,1.7582339999999999,8.344656756666668,5
2024-05-27 22:19:16,2024-05-27,22:19:16,670.4331507633333,1.8789460433333334,8.72084661,5
2024-05-27 22:26:53,2024-05-27,22:26:53,687.3028308733333,1.8324784966666667,9.753994109999999,5
2024-05-27 22:34:31,2024-05-27,22:34:31,702.4053846633333,1.8496154633333335,9.740448076666667,5
2024-05-27 22:42:09,2024-05-27,22:42:09,706.61369579,2.0035186133333336,9.876358283333333,5
2024-05-27 22:49:46,2024-05-27,22:49:46,708.4536932933333,1.8774394966666668,10.021815696666666,5
2024-05-27 22:57:24,2024-05-27,22:57:24,693.2418327266668,1.8847839133333333,9.094937076666668,5
2024-05-27 23:05:00,2024-05-27,23:05:00,682.2018476866666,1.89603593,8.628873539999999,5
2024-05-27 23:12:39,2024-05-27,23:12:39,700.4378625766667,1.85008626,10.952793116666667,5
2024-05-27 23:20:15,2024-05-27,23:20:15,669.0121625933333,1.7429802166666668,9.446534133333332,5
2024-05-27 23:27:51,2024-05-27,23:27:51,647.0779348966666,1.7781957433333335,7.433973396666666,5
2024-05-27 23:35:26,2024-05-27,23:35:26,714.7934866833334,1.8958946900000002,12.812448623333333,5
2024-05-27 23:43:03,2024-05-27,23:43:03,844.4131129933334,1.9516369166666667,19.46640040666667,5
2024-05-27 23:50:39,2024-05-27,23:50:39,784.0028978333333,1.8754621566666667,16.437737170000002,5
2024-05-27 23:58:16,2024-05-27,23:58:16,773.5458823066668,2.0213146933333337,16.61413552,5
2024-05-28 00:05:53,2024-05-28,00:05:53,784.5312139533333,1.95888717,16.945038640000003,5
2024-05-28 00:13:29,2024-05-28,00:13:29,796.2088218866667,1.9620415033333334,18.098700853333334,5
2024-05-28 00:21:01,2024-05-28,00:21:01,758.1336259633334,1.9852046566666666,14.640913266666667,5
2024-05-28 00:28:37,2024-05-28,00:28:37,727.6734692266667,1.9248957133333333,11.5925558,5
2024-05-28 00:36:15,2024-05-28,00:36:15,700.5471693600001,1.9090769733333335,9.864111873333334,5
2024-05-28 00:43:54,2024-05-28,00:43:54,682.9852129633333,1.80437199,8.399140803333333,5
2024-05-28 00:51:30,2024-05-28,00:51:30,649.5191197066666,1.8003702233333332,7.154355266666666,5
2024-05-28 00:59:05,2024-05-28,00:59:05,651.6506019666666,1.7163802533333332,6.32169906,5
2024-05-28 01:06:42,2024-05-28,01:06:42,658.0268309466666,1.7054107133333334,7.079877069999999,5
2024-05-28 01:14:18,2024-05-28,01:14:18,655.8224775,1.6746865766666665,7.218486486666667,5
2024-05-28 01:21:55,2024-05-28,01:21:55,634.8720108466667,1.6582369733333333,6.254918613333333,5
2024-05-28 01:29:30,2024-05-28,01:29:30,630.8823132800001,1.6418344466666668,4.733314123333333,5
2024-05-28 01:37:07,2024-05-28,01:37:07,655.0208944266667,1.6061999133333333,6.805707346666666,5
2024-05-28 01:44:41,2024-05-28,01:44:41,714.3016061633334,1.554360586666667,9.54990387,5
2024-05-28 01:52:19,2024-05-28,01:52:19,702.8790473866666,1.630836656666667,8.56794138,5
2024-05-28 01:59:53,2024-05-28,01:59:53,650.4846629533334,1.5993027533333333,6.27026412,5
2024-05-28 02:07:27,2024-05-28,02:07:27,636.71200835,1.5641107666666667,5.731471873333334,5
2024-05-28 02:15:05,2024-05-28,02:15:05,649.2276349533332,1.58849328,6.34814132,5
2024-05-28 02:22:41,2024-05-28,02:22:41,660.1036598133334,1.6603178866666666,6.946566106666666,5
2024-05-28 02:30:16,2024-05-28,02:30:16,636.60270157,1.5905412433333332,6.257067983333333,5
2024-05-28 02:37:52,2024-05-28,02:37:52,635.7646828999999,1.6148013533333334,5.315793583333334,5
2024-05-28 02:45:29,2024-05-28,02:45:29,635.0359710166666,1.6254695833333335,4.913261439999999,5
2024-05-28 02:53:04,2024-05-28,02:53:04,626.7468733433333,1.5313763333333335,4.770103353333333,5
2024-05-28 03:00:41,2024-05-28,03:00:41,651.92386892,1.5664835766666665,6.583722343333332,5
2024-05-28 03:08:17,2024-05-28,03:08:17,623.7227190233333,1.6174048533333334,5.716626219999999,5
2024-05-28 03:15:51,2024-05-28,03:15:51,641.52150678,1.6295184266666667,6.717283236666667,5
2024-05-28 03:23:26,2024-05-28,03:23:26,647.7884289799999,1.6678412066666668,7.154205313333333,5
2024-05-28 03:31:05,2024-05-28,03:31:05,658.6826716433334,1.59218432,6.351890223333334,5
2024-05-28 03:38:40,2024-05-28,03:38:40,634.6351794799999,1.6803172966666668,6.010690123333333,5
2024-05-28 03:46:16,2024-05-28,03:46:16,589.6190028666666,1.7564449766666668,3.8125837066666666,5
2024-05-28 03:53:55,2024-05-28,03:53:55,577.06694067,1.69995419,3.137681316666667,5
2024-05-28 04:01:33,2024-05-28,04:01:33,582.86020015,1.6139445066666667,3.3444207833333337,5
2024-05-28 04:09:11,2024-05-28,04:09:11,600.1124539933334,1.6666642166666665,5.69873146,5
2024-05-28 04:16:47,2024-05-28,04:16:47,607.1263058733334,1.6229932,5.092508956666667,5
2024-05-28 04:24:27,2024-05-28,04:24:27,639.9001228433332,1.6101545966666666,7.522947343333333,5
2024-05-28 04:32:05,2024-05-28,04:32:05,637.22210667,1.5481837466666668,7.080226969999999,5
2024-05-28 04:39:43,2024-05-28,04:39:43,682.9305595700001,1.5690070466666668,9.42079167,5
2024-05-28 04:47:18,2024-05-28,04:47:18,660.1400954100001,1.64717327,8.864954416666668,5
2024-05-28 04:54:54,2024-05-28,04:54:54,641.8312093333334,1.64740867,7.613170926666666,5
2024-05-28 05:02:31,2024-05-28,05:02:31,653.9278266033333,1.70809425,7.596875700000001,5
2024-05-28 05:10:09,2024-05-28,05:10:09,660.6501937266667,1.69425285,8.075285623333334,5
2024-05-28 05:17:46,2024-05-28,05:17:46,683.7139248466666,1.6271879900000001,8.995866086666666,5
2024-05-28 05:25:22,2024-05-28,05:25:22,688.74203684,1.5995993533333335,7.790219090000001,5
2024-05-28 05:32:57,2024-05-28,05:32:57,668.7388956366667,1.6455772733333334,6.028334953333334,5
2024-05-28 05:40:36,2024-05-28,05:40:36,653.8913910066667,1.6492306466666669,5.735170790000001,5
2024-05-28 05:48:14,2024-05-28,05:48:14,629.2427115433334,1.7463087433333333,4.35047622,5
2024-05-28 05:55:49,2024-05-28,05:55:49,600.2035429766667,1.7541004133333333,2.7478454566666666,5
2024-05-28 06:03:27,2024-05-28,06:03:27,594.0094919666666,1.7362949166666668,2.6763663833333333,5
2024-05-28 06:11:04,2024-05-28,06:11:04,580.9473314533333,1.762518243333333,2.0617413399999998,5
2024-05-28 06:18:38,2024-05-28,06:18:38,600.2399785766667,1.9271555366666666,2.78477964,5
2024-05-28 06:26:16,2024-05-28,06:26:16,597.9991895333333,2.03091893,3.3174286866666667,5
2024-05-28 06:33:53,2024-05-28,06:33:53,561.4907241566666,2.12380694,1.5450376266666666,5
2024-05-28 06:41:28,2024-05-28,06:41:28,557.5921155833333,2.16985077,0.9790383466666667,5
2024-05-28 06:49:04,2024-05-28,06:49:04,563.7315132,2.1446161133333335,1.6960834,5
2024-05-28 06:56:40,2024-05-28,06:56:40,601.3694819933334,2.18778809,4.039667220000001,5
2024-05-28 07:04:18,2024-05-28,07:04:18,605.4684863366666,2.3540731666666663,4.099999553333333,5
2024-05-28 07:11:56,2024-05-28,07:11:56,619.9516350266666,2.472902026666667,4.90226466,5
2024-05-28 07:19:32,2024-05-28,07:19:32,606.5797719633333,2.5064697700000003,4.578509453333333,5
2024-05-28 07:27:06,2024-05-28,07:27:06,671.6355253733333,2.5518074033333336,8.518355896666668,5
2024-05-28 07:34:40,2024-05-28,07:34:40,700.2192490133333,2.6160239533333334,9.252890833333334,5
2024-05-28 07:42:18,2024-05-28,07:42:18,669.8866168533333,2.7582513600000005,8.55369555,5
2024-05-28 07:49:53,2024-05-28,07:49:53,607.52709741,2.8470905299999996,4.658635993333333,5
2024-05-28 07:57:29,2024-05-28,07:57:29,576.2653576,2.851233533333333,2.8613622166666666,5
2024-05-28 08:05:07,2024-05-28,08:05:07,561.0899326266667,2.9484057866666666,1.5275577466666668,5
2024-05-28 08:12:44,2024-05-28,08:12:44,563.49468184,2.9932726266666663,1.7144130333333332,5
2024-05-28 08:20:22,2024-05-28,08:20:22,551.0701442233334,3.146092943333333,0.4551567366666667,5
2024-05-28 08:28:00,2024-05-28,08:28:00,543.8741143699999,3.1035800833333327,-0.11334181333333333,5
2024-05-28 08:35:43,2024-05-28,08:35:43,531.9341701566667,3.2453837799999996,-0.5761812966666666,5
2024-05-28 08:43:20,2024-05-28,08:43:20,521.3605607266667,3.3378480733333333,-1.1338680133333334,5
2024-05-28 08:51:02,2024-05-28,08:51:02,533.55191054,3.36312981,-1.5253533866666666,5
2024-05-28 08:58:41,2024-05-28,08:58:41,533.8488606333334,3.3815850033333335,-1.5994317033333332,5
2024-05-28 09:06:16,2024-05-28,09:06:16,535.3354328766667,3.3894472933333333,-1.1470141633333333,5
2024-05-28 09:13:55,2024-05-28,09:13:55,525.7364755899999,3.481017076666667,-1.6928543466666668,5
2024-05-28 09:21:32,2024-05-28,09:21:32,539.3397046733334,3.553943346666667,-1.23008984,5
2024-05-28 09:29:11,2024-05-28,09:29:11,562.4744852,3.70586915,0.16970631333333333,5
2024-05-28 09:36:52,2024-05-28,09:36:52,561.9643868833333,3.886089783333333,-0.05089009666666667,5
2024-05-28 09:44:28,2024-05-28,09:44:28,554.5861790633334,4.08052845,-0.55383784,5
2024-05-28 09:52:04,2024-05-28,09:52:04,539.5127737466665,4.199686866666667,-1.1001278933333334,5
2024-05-28 09:59:43,2024-05-28,09:59:43,550.9244018466667,4.215693926666667,-0.4704842466666667,5
2024-05-28 10:07:19,2024-05-28,10:07:19,549.3886415500001,4.29572921,-0.5779307866666666,5
2024-05-28 10:14:57,2024-05-28,10:14:57,539.9080999433332,4.361499383333333,-0.5540877700000001,5
2024-05-28 10:22:31,2024-05-28,10:22:31,535.7307590699999,4.52260571,-0.8345556466666668,5
2024-05-28 10:30:11,2024-05-28,10:30:11,542.5205320466666,4.428964423333333,-0.35215689,5
2024-05-28 10:37:45,2024-05-28,10:37:45,584.9843952866667,4.926925143333333,19.418764353333334,5
2024-05-28 10:45:21,2024-05-28,10:45:21,571.20081001,4.99923938,29.41788669666667,5
2024-05-28 10:53:02,2024-05-28,10:53:02,600.2399785733334,4.513142713333333,25.81344204333333,5
2024-05-28 11:00:40,2024-05-28,11:00:40,624.19638175,4.410462146666667,24.81573416333333,5
2024-05-28 11:08:19,2024-05-28,11:08:19,631.8478565266668,4.3920069533333335,24.55031188,5
2024-05-28 11:15:51,2024-05-28,11:15:51,639.6997270733333,4.216823833333334,24.643284656666665,5
2024-05-28 11:23:28,2024-05-28,11:23:28,645.83912469,4.124642016666667,23.430639709999998,5
2024-05-28 11:31:01,2024-05-28,11:31:01,629.4977607033333,4.0491734500000005,21.632666139999998,5
2024-05-28 11:38:39,2024-05-28,11:38:39,605.34096176,3.9968209533333336,17.73230813,5
2024-05-28 11:46:17,2024-05-28,11:46:17,628.51399966,3.9197046033333334,16.407196113333335,5
2024-05-28 11:53:56,2024-05-28,11:53:56,623.0122249366667,3.881240586666667,16.609037016666665,5
2024-05-28 12:01:31,2024-05-28,12:01:31,621.5912367633333,3.8941403933333327,18.050714906666666,5
2024-05-28 12:09:07,2024-05-28,12:09:07,610.66055851,3.8245567766666664,15.36400155,5
2024-05-28 12:16:44,2024-05-28,12:16:44,607.5453152066666,3.726913723333334,14.82285999,5
2024-05-28 12:24:22,2024-05-28,12:24:22,585.5928697133332,3.5817673766666664,12.254062113333333,5
2024-05-28 12:31:57,2024-05-28,12:31:57,599.2379997366667,3.5872286100000004,13.299106133333334,5
2024-05-28 12:39:33,2024-05-28,12:39:33,595.6490937066668,3.5688675733333337,12.128398906666666,5
2024-05-28 12:47:12,2024-05-28,12:47:12,579.1802051366666,3.48850273,10.424547783333333,5
2024-05-28 12:54:49,2024-05-28,12:54:49,576.9211983,3.4304065299999995,10.151027863333333,5
2024-05-28 13:02:24,2024-05-28,13:02:24,580.4190153366667,3.3189220833333333,9.604587856666667,5
2024-05-28 13:10:02,2024-05-28,13:10:02,570.0348709966667,3.21944293,7.958669769999999,5
2024-05-28 13:17:39,2024-05-28,13:17:39,570.6178405033334,3.131827833333334,8.847209613333334,5
2024-05-28 13:25:15,2024-05-28,13:25:15,569.6887328500001,3.225374953333333,8.93158491,5
2024-05-28 13:32:54,2024-05-28,13:32:54,558.4301342499999,3.15141294,8.780079266666666,5
2024-05-28 13:40:32,2024-05-28,13:40:32,556.3970280933335,2.977077253333333,7.454867279999999,5
2024-05-28 13:48:05,2024-05-28,13:48:05,591.22216901,2.881788183333333,9.34241462,5
2024-05-28 13:55:40,2024-05-28,13:55:40,595.0114708066666,2.88192942,9.678616186666666,5
2024-05-28 14:03:16,2024-05-28,14:03:16,616.1076798400001,2.858436706666667,12.171086410000001,5
2024-05-28 14:10:51,2024-05-28,14:10:51,623.63163004,2.9266079433333334,12.538028973333333,5
2024-05-28 14:18:27,2024-05-28,14:18:27,626.2185572266667,2.8818352600000003,13.967260506666667,5
2024-05-28 14:26:02,2024-05-28,14:26:02,634.9084464366666,2.88903844,15.952829150000001,5
2024-05-28 14:33:40,2024-05-28,14:33:40,615.2150077833334,2.7495887199999998,12.587814393333332,5
2024-05-28 14:41:15,2024-05-28,14:41:15,622.9575715466667,2.8006229866666668,11.97539371,5
2024-05-28 14:48:51,2024-05-28,14:48:51,624.3239063266667,2.8047189066666665,11.254204863333333,5
2024-05-28 14:56:25,2024-05-28,14:56:25,612.6462983933334,2.7577334866666665,11.244307763333333,5
2024-05-28 15:04:00,2024-05-28,15:04:00,629.07875137,2.830518516666667,12.00408531,5
2024-05-28 15:11:34,2024-05-28,15:11:34,612.9377831466667,2.8058017399999997,11.020073416666667,5
2024-05-28 15:19:08,2024-05-28,15:19:08,606.8530389166667,2.7099947899999997,9.64242678,5
2024-05-28 15:26:39,2024-05-28,15:26:39,603.1548261066666,2.772422313333333,9.564899476666668,5
2024-05-28 15:34:15,2024-05-28,15:34:15,611.9904576966666,2.6704479466666666,9.201255953333336,5
2024-05-28 15:41:53,2024-05-28,15:41:53,602.1164116733333,2.62063775,9.02785672,5
2024-05-28 15:49:27,2024-05-28,15:49:27,599.5659200800001,2.6530755833333335,7.64646118,5
2024-05-28 15:57:03,2024-05-28,15:57:03,587.3782138233333,2.634761623333333,5.44810484,5
2024-05-28 16:04:39,2024-05-28,16:04:39,602.31680744,2.48415405,5.10305587,5
2024-05-28 16:12:13,2024-05-28,16:12:13,629.0423157766668,2.6168713833333332,7.504602716666667,5
2024-05-28 16:19:51,2024-05-28,16:19:51,637.1674532766666,2.5785486066666663,8.8346133,5
2024-05-28 16:27:29,2024-05-28,16:27:29,627.4209318333333,2.7002964000000005,8.93493393,5
2024-05-28 16:35:05,2024-05-28,16:35:05,634.21617015,2.6916337566666666,9.623532313333333,5
2024-05-28 16:42:41,2024-05-28,16:42:41,661.7979149466667,2.6520869066666664,13.337394926666667,5
2024-05-28 16:50:18,2024-05-28,16:50:18,655.2212901933334,2.5819854166666665,12.597111673333332,5
2024-05-28 16:57:54,2024-05-28,16:57:54,645.11041281,2.46047302,12.332539136666666,5
2024-05-28 17:05:32,2024-05-28,17:05:32,632.0482522966666,2.41005079,11.294093186666666,5
2024-05-28 17:13:05,2024-05-28,17:13:05,683.25847992,2.597286276666667,14.558737326666668,5
2024-05-28 17:20:44,2024-05-28,17:20:44,663.1095963333333,2.6010055666666667,12.546526486666666,5
2024-05-28 17:28:22,2024-05-28,17:28:22,670.15988381,2.5329284933333334,12.22072188,5
2024-05-28 17:35:58,2024-05-28,17:35:58,657.2616834700001,2.5027034033333333,10.919452876666668,5
2024-05-28 17:43:33,2024-05-28,17:43:33,663.7472192366666,2.4660754866666665,10.248749253333333,5
2024-05-28 17:51:05,2024-05-28,17:51:05,630.5908285300001,2.5798668333333334,8.981470303333333,5
2024-05-28 17:58:44,2024-05-28,17:58:44,643.1064551333333,2.5113189633333337,9.262188110000002,5
2024-05-28 18:06:19,2024-05-28,18:06:19,719.5301139266667,2.56117624,14.931078310000002,5
2024-05-28 18:13:52,2024-05-28,18:13:52,706.17646866,2.613952446666667,14.67010472,5
2024-05-28 18:21:30,2024-05-28,18:21:30,664.2937531466667,2.6212027066666668,9.05849775,5
2024-05-28 18:29:06,2024-05-28,18:29:06,652.32466046,2.6431888666666663,9.523911476666667,5
2024-05-28 18:36:44,2024-05-28,18:36:44,616.0165908533334,2.633113836666667,6.762719933333333,5
2024-05-28 18:44:22,2024-05-28,18:44:22,635.96507867,2.64846178,8.671810966666667,5
2024-05-28 18:51:58,2024-05-28,18:51:58,631.7203319466668,2.5796314333333332,8.603930843333334,5
2024-05-28 18:59:32,2024-05-28,18:59:32,645.1468484066667,2.591589646666667,8.341657636666666,5
2024-05-28 19:07:07,2024-05-28,19:07:07,658.26366231,2.538813436666667,9.644776089999999,5
2024-05-28 19:14:43,2024-05-28,19:14:43,665.02246503,2.57459392,9.2594889,5
2024-05-28 19:22:19,2024-05-28,19:22:19,645.6933823133334,2.585704703333333,7.828857776666666,5
2024-05-28 19:29:55,2024-05-28,19:29:55,657.5896038166667,2.451198343333333,8.577388616666667,5
2024-05-28 19:37:34,2024-05-28,19:37:34,675.18799581,2.49860748,8.95832708,5
2024-05-28 19:45:06,2024-05-28,19:45:06,671.4533474033334,2.46828823,9.207554106666665,5
2024-05-28 19:52:42,2024-05-28,19:52:42,654.8569342533333,2.5359886666666664,8.842361033333335,5
2024-05-28 20:00:17,2024-05-28,20:00:17,630.5361751333334,2.5093416200000003,7.3573458333333335,5
2024-05-28 20:07:55,2024-05-28,20:07:55,640.22804319,2.4183367933333333,7.487757646666666,5
2024-05-28 20:15:30,2024-05-28,20:15:30,664.4030599266666,2.4361328766666666,8.927136213333334,5
2024-05-28 20:23:04,2024-05-28,20:23:04,640.2826965766667,2.45124542,8.024700433333333,5
2024-05-28 20:30:42,2024-05-28,20:30:42,642.4870500266666,2.3776600366666667,8.115323906666667,5
2024-05-28 20:38:19,2024-05-28,20:38:19,632.52191502,2.299131296666667,7.234081923333332,5
2024-05-28 20:45:58,2024-05-28,20:45:58,635.5460693366666,2.2953649300000003,7.31090943,5
2024-05-28 20:53:36,2024-05-28,20:53:36,654.1828757633333,2.2680116933333334,10.563607070000002,5
2024-05-28 21:01:10,2024-05-28,21:01:10,672.4553262433334,2.2709777066666663,12.696132683333333,5
2024-05-28 21:08:47,2024-05-28,21:08:47,690.6002521466667,2.23063051,11.552267593333333,5
2024-05-28 21:16:22,2024-05-28,21:16:22,669.5769143,2.0050251566666666,8.314715523333332,5
2024-05-28 21:23:59,2024-05-28,21:23:59,654.3650537333333,2.0798816933333337,7.90313603,5
2024-05-28 21:31:38,2024-05-28,21:31:38,673.73057204,2.0836480600000002,7.699595623333333,5
2024-05-28 21:39:12,2024-05-28,21:39:12,686.7745147566666,1.9150090033333333,7.137010343333333,5
2024-05-28 21:46:47,2024-05-28,21:46:47,688.6873834500001,1.9272026133333335,7.881442383333333,5
2024-05-28 21:54:23,2024-05-28,21:54:23,641.6308135633334,1.94570489,5.944359546666667,5
2024-05-28 22:01:58,2024-05-28,22:01:58,635.4185447533333,1.8988136266666666,5.707278956666666,5
2024-05-28 22:09:34,2024-05-28,22:09:34,669.8683990566667,1.9549324866666666,8.313215963333334,5
2024-05-28 22:17:12,2024-05-28,22:17:12,674.3864127366666,1.9015442433333334,8.563892566666667,5
2024-05-28 22:24:48,2024-05-28,22:24:48,680.81729511,1.8853017866666668,8.261481106666666,5
2024-05-28 22:32:23,2024-05-28,22:32:23,681.7828383533333,1.8398699933333333,7.739134046666667,5
2024-05-28 22:39:59,2024-05-28,22:39:59,674.25888816,1.8545117433333334,7.696696473333333,5
2024-05-28 22:47:33,2024-05-28,22:47:33,695.9927200866667,1.88294781,8.621725633333334,5
2024-05-28 22:55:08,2024-05-28,22:55:08,722.6453572300001,1.9434921466666666,10.582551519999999,5
2024-05-28 23:02:41,2024-05-28,23:02:41,714.8663578700001,1.9382192366666666,11.176177713333333,5
2024-05-28 23:10:18,2024-05-28,23:10:18,674.1131457766668,1.84923883,7.729786786666668,5
2024-05-28 23:17:56,2024-05-28,23:17:56,644.8371458533334,1.89975522,5.589963306666667,5
2024-05-28 23:25:34,2024-05-28,23:25:34,641.8858627233334,1.8901980633333333,5.894824046666667,5
2024-05-28 23:33:08,2024-05-28,23:33:08,768.8821262499999,2.1576571566666667,17.201963413333335,5
2024-05-28 23:40:47,2024-05-28,23:40:47,852.11924116,2.026917163333333,23.10273571666667,5
2024-05-28 23:48:22,2024-05-28,23:48:22,790.4884336,1.9601112366666669,16.802780289999998,5
2024-05-28 23:56:00,2024-05-28,23:56:00,826.7054142166667,2.1303510033333333,20.890883329999998,5
2024-05-29 00:03:36,2024-05-29,00:03:36,778.2460739566667,2.0058255133333334,16.008112960000002,5
2024-05-29 00:11:16,2024-05-29,00:11:16,745.3993858,1.9391608266666667,11.305289906666665,5
2024-05-29 00:18:51,2024-05-29,00:18:51,737.4382084733334,1.8725432233333335,10.19616465,5
2024-05-29 00:26:27,2024-05-29,00:26:27,730.8798015133334,1.87047172,9.79038346,5
2024-05-29 00:34:03,2024-05-29,00:34:03,744.8710696833332,1.9860050100000002,10.935548166666665,5
2024-05-29 00:41:40,2024-05-29,00:41:40,734.8330634866667,1.942221,10.459387583333333,5
2024-05-29 00:49:18,2024-05-29,00:49:18,710.7673535266667,1.8843601966666668,9.169165346666666,5
2024-05-29 00:56:53,2024-05-29,00:56:53,669.46760752,1.9296036733333333,6.632458073333333,5
2024-05-29 01:04:29,2024-05-29,01:04:29,658.13613773,1.9399141,5.610707233333334,5
2024-05-29 01:12:06,2024-05-29,01:12:06,658.13613773,1.8428360066666667,5.68503547,5
2024-05-29 01:19:39,2024-05-29,01:19:39,708.2897331233333,1.8821003766666669,8.35505371,5
2024-05-29 01:27:15,2024-05-29,01:27:15,712.57091544,1.8856784233333332,8.480666933333334,5
2024-05-29 01:34:49,2024-05-29,01:34:49,702.4964736466667,1.8684943766666666,9.225248926666666,5
2024-05-29 01:42:28,2024-05-29,01:42:28,700.0370710433334,1.9024858333333334,9.486472443333334,5
2024-05-29 01:50:03,2024-05-29,01:50:03,709.3281475566667,1.9252252733333333,8.868903260000002,5
2024-05-29 01:57:43,2024-05-29,01:57:43,684.5519435133334,1.9782839566666663,6.57372527,5
2024-05-29 02:05:15,2024-05-29,02:05:15,656.67871396,1.948247183333333,6.54353411,5
2024-05-29 02:12:49,2024-05-29,02:12:49,684.6430325,2.0413705966666664,7.847002463333332,5
2024-05-29 02:20:27,2024-05-29,02:20:27,685.5357045566667,2.0221621266666667,8.010704536666667,5
2024-05-29 02:28:03,2024-05-29,02:28:03,671.3440406233334,1.995185526666667,6.223727746666666,5
2024-05-29 02:35:40,2024-05-29,02:35:40,667.718699,1.942785953333333,6.295406756666666,5
2024-05-29 02:43:16,2024-05-29,02:43:16,663.9476149999999,2.0034715366666664,6.633057896666667,5
2024-05-29 02:50:52,2024-05-29,02:50:52,684.8252104700001,1.9417972866666666,7.733635656666666,5
2024-05-29 02:58:29,2024-05-29,02:58:29,665.33216758,2.0258814133333334,7.520498063333332,5
2024-05-29 03:06:02,2024-05-29,03:06:02,621.0811384466666,2.06213269,4.902964453333333,5
2024-05-29 03:13:37,2024-05-29,03:13:37,604.0292803666666,1.9366656066666668,4.00822643,5
2024-05-29 03:21:12,2024-05-29,03:21:12,596.1774098233333,1.9868524433333334,3.035011373333333,5
2024-05-29 03:28:51,2024-05-29,03:28:51,594.81107504,1.9606291166666665,3.40765227,5
2024-05-29 03:36:30,2024-05-29,03:36:30,585.7750476800001,2.0136878,3.2540472433333334,5
2024-05-29 03:44:02,2024-05-29,03:44:02,599.9120582233334,1.9714103400000003,4.232410786666667,5
2024-05-29 03:51:35,2024-05-29,03:51:35,600.4221565433332,2.0255989366666665,4.12699165,5
2024-05-29 03:59:11,2024-05-29,03:59:11,616.0165908533334,1.9698567166666667,4.64394029,5
2024-05-29 04:06:50,2024-05-29,04:06:50,643.67120684,2.06180313,6.363336866666667,5
2024-05-29 04:14:25,2024-05-29,04:14:25,661.5246479900001,1.94104401,7.698545930000001,5
2024-05-29 04:22:06,2024-05-29,04:22:06,613.0106543333333,1.9911837633333331,4.46024408,5
2024-05-29 04:29:45,2024-05-29,04:29:45,611.6078839566667,1.9316280966666668,4.207368120000001,5
2024-05-29 04:37:24,2024-05-29,04:37:24,618.7492604166667,1.9133612166666667,4.69262604,5
2024-05-29 04:45:05,2024-05-29,04:45:05,620.9718316666667,1.8870437333333332,4.639241666666667,5
2024-05-29 04:52:41,2024-05-29,04:52:41,615.1967899866667,1.9355827799999998,4.748109796666667,5
2024-05-29 05:00:17,2024-05-29,05:00:17,615.9801552600001,1.9539438166666665,3.81988157,5
2024-05-29 05:07:53,2024-05-29,05:07:53,639.35358893,1.9613823866666669,6.52453967,5
2024-05-29 05:15:34,2024-05-29,05:15:34,683.7321426433333,2.0965478666666666,8.449326110000001,5
2024-05-29 05:23:15,2024-05-29,05:23:15,782.6365630533334,2.189294636666667,17.10814088,5
2024-05-29 05:30:52,2024-05-29,05:30:52,796.70070241,2.228417766666667,18.2276631,5
2024-05-29 05:38:32,2024-05-29,05:38:32,795.9173371333333,2.1423562966666667,18.088703783333333,5
2024-05-29 05:46:16,2024-05-29,05:46:16,795.18862525,2.1940496733333332,16.34026571,5
2024-05-29 05:53:53,2024-05-29,05:53:53,766.36807025,2.1718751933333333,13.477453916666667,5
2024-05-29 06:01:29,2024-05-29,06:01:29,704.5733025166666,2.2800169833333332,10.35121925,5
2024-05-29 06:09:07,2024-05-29,06:09:07,683.8961028166667,2.20596081,9.254490363333334,5
2024-05-29 06:16:45,2024-05-29,06:16:45,694.7903454799999,2.1817619033333333,9.891553836666667,5
2024-05-29 06:24:22,2024-05-29,06:24:22,707.6521102233334,2.1415088633333332,10.921252350000001,5
2024-05-29 06:32:03,2024-05-29,06:32:03,640.0094296233334,2.2027593966666665,6.013639256666667,5
2024-05-29 06:39:46,2024-05-29,06:39:46,595.7037470966667,2.1731934166666664,2.6285803733333335,5
2024-05-29 06:47:26,2024-05-29,06:47:26,575.9738728466667,2.143533283333334,1.34029757,5
2024-05-29 06:55:02,2024-05-29,06:55:02,619.16826975,2.3048279266666665,5.945019346666666,5
2024-05-29 07:02:34,2024-05-29,07:02:34,650.2842671833332,2.3518604233333336,7.71774031,5
2024-05-29 07:10:10,2024-05-29,07:10:10,685.4628333666666,2.4096741500000003,9.988525443333332,5
2024-05-29 07:17:46,2024-05-29,07:17:46,784.5858673433335,2.60834998,15.833364126666666,5
2024-05-29 07:25:23,2024-05-29,07:25:23,793.1117963800001,2.6479439066666663,15.394742549999998,5
2024-05-29 07:32:59,2024-05-29,07:32:59,803.0769313933333,2.7918191,15.533801836666667,5
2024-05-29 07:40:35,2024-05-29,07:40:35,648.2620917066666,2.83579143,6.95971226,5
2024-05-29 07:48:09,2024-05-29,07:48:09,596.1591920266667,2.96478948,4.207068206666667,5
2024-05-29 07:55:45,2024-05-29,07:55:45,573.6602126166666,2.8862136633333333,2.503566976666667,5
2024-05-29 08:03:22,2024-05-29,08:03:22,591.9144453033333,2.8599903333333336,4.02532142,5
2024-05-29 08:10:59,2024-05-29,08:10:59,575.2451609666667,2.9102242433333334,2.4831579533333334,5
2024-05-29 08:18:39,2024-05-29,08:18:39,550.8405999800001,2.8279291433333333,0.3843174733333334,5
2024-05-29 08:26:14,2024-05-29,08:26:14,549.02246383,2.7908304333333334,0.22741341333333334,5
2024-05-29 08:33:52,2024-05-29,08:33:52,554.40400109,2.8165829633333335,0.3869122166666667,5
2024-05-29 08:41:28,2024-05-29,08:41:28,542.8994622266667,3.005324996666667,-0.5762662733333334,5
2024-05-29 08:49:05,2024-05-29,08:49:05,550.0153337733333,3.057912893333333,-0.81211222,5
2024-05-29 08:56:44,2024-05-29,08:56:44,539.2340414533334,3.1579569999999997,-1.2887226733333332,5
2024-05-29 09:04:18,2024-05-29,09:04:18,538.1008944733334,3.325701543333333,-1.6055299166666668,5
2024-05-29 09:11:55,2024-05-29,09:11:55,563.9191565133334,3.4869961833333334,-0.42047688666666666,5
2024-05-29 09:19:33,2024-05-29,09:19:33,567.17467685,3.556014846666667,-0.38224807999999993,5
2024-05-29 09:27:09,2024-05-29,09:27:09,547.2207236966666,3.7499356366666667,-1.2050471733333334,5
2024-05-29 09:34:45,2024-05-29,09:34:45,541.74627567,3.8447068333333334,-1.1549618366666667,5
2024-05-29 09:42:22,2024-05-29,09:42:22,546.1768439233333,3.8697060899999998,-1.25168352,5
2024-05-29 09:50:00,2024-05-29,09:50:00,549.26293875,3.9569445500000007,-0.8201598633333335,5
2024-05-29 09:57:35,2024-05-29,09:57:35,560.34300294,4.011415626666667,-0.27095067,5
2024-05-29 10:05:15,2024-05-29,10:05:15,551.8717272933334,4.181090433333334,-0.7080426933333334,5
2024-05-29 10:12:53,2024-05-29,10:12:53,650.5210985466666,5.292168523333333,40.16683949666666,5
2024-05-29 10:20:28,2024-05-29,10:20:28,654.8751520533334,5.54098411,40.536631220000004,5
2024-05-29 10:28:03,2024-05-29,10:28:03,667.22681848,5.201775733333334,26.426262613333332,5
2024-05-29 10:35:42,2024-05-29,10:35:42,647.16902388,5.365989306666666,28.025794290000004,5
2024-05-29 10:43:17,2024-05-29,10:43:17,641.2118042333333,5.374510713333334,28.655110030000003,5
2024-05-29 10:50:55,2024-05-29,10:50:55,622.68430459,5.1620876466666665,22.381446906666667,5
2024-05-29 10:58:34,2024-05-29,10:58:34,654.1100045733333,4.970002956666667,24.324378033333332,5
2024-05-29 11:06:12,2024-05-29,11:06:12,634.8720108433333,4.722317286666667,21.88109340666667,5
2024-05-29 11:13:48,2024-05-29,11:13:48,638.0419075366667,4.370679906666667,21.321257319999997,5
2024-05-29 11:21:24,2024-05-29,11:21:24,635.3638913666666,4.269082166666666,20.52199133666667,5
2024-05-29 11:29:02,2024-05-29,11:29:02,625.6720233133334,4.313289893333334,17.919253396666665,5
2024-05-29 11:36:46,2024-05-29,11:36:46,608.01897793,4.192436613333334,15.813869836666667,5
2024-05-29 11:44:23,2024-05-29,11:44:23,600.13067179,4.077797836666666,15.522205229999999,5
2024-05-29 11:52:02,2024-05-29,11:52:02,597.7987937633333,4.06593378,14.726238286666666,5
2024-05-29 11:59:36,2024-05-29,11:59:36,594.50137249,3.9226706200000003,12.725574063333333,5
2024-05-29 12:07:12,2024-05-29,12:07:12,582.65980438,3.83293694,10.971687583333335,5
2024-05-29 12:14:50,2024-05-29,12:14:50,567.1564590533334,3.7745582600000005,10.302783433333333,5
2024-05-29 12:22:27,2024-05-29,12:22:27,584.6455442633334,3.6430649899999996,10.786641766666667,5
2024-05-29 12:30:04,2024-05-29,12:30:04,597.7259225733334,3.65328126,11.512379276666666,5
2024-05-29 12:37:43,2024-05-29,12:37:43,581.71247893,3.4742376166666666,10.660728626666668,5
2024-05-29 12:45:20,2024-05-29,12:45:20,578.63367122,3.45921923,8.510708136666667,5
2024-05-29 12:52:59,2024-05-29,12:52:59,580.2732729633334,3.24204113,7.222085436666667,5
2024-05-29 13:00:35,2024-05-29,13:00:35,584.24475273,3.3751351,7.9880611633333345,5
2024-05-29 13:08:15,2024-05-29,13:08:15,596.3960233866666,3.377300763333333,7.353696899999999,5
2024-05-29 13:15:57,2024-05-29,13:15:57,624.7246978633334,3.3319160466666666,7.5724328566666665,5
2024-05-29 13:23:35,2024-05-29,13:23:35,599.8756226300001,3.3765004066666666,6.596418626666666,5
2024-05-29 13:31:13,2024-05-29,13:31:13,587.99761893,3.361340783333333,7.60452346,5
2024-05-29 13:38:52,2024-05-29,13:38:52,599.1286929500001,3.307811303333333,9.188859576666667,5
2024-05-29 13:46:27,2024-05-29,13:46:27,619.2411409366667,3.2794223133333333,9.85906335,5
2024-05-29 13:54:03,2024-05-29,13:54:03,641.7401203466667,3.2783394833333332,11.863526460000001,5
2024-05-29 14:01:39,2024-05-29,14:01:39,634.5076549,3.2178893066666667,12.68793508,5
2024-05-29 14:09:15,2024-05-29,14:09:15,622.5385622133334,3.13752446,11.48763652,5
2024-05-29 14:16:50,2024-05-29,14:16:50,629.5524140933334,3.310871476666667,11.877522363333334,5
2024-05-29 14:24:24,2024-05-29,14:24:24,617.7837171699999,3.109041316666666,9.49187086,5
2024-05-29 14:32:02,2024-05-29,14:32:02,623.0122249366667,3.167467073333333,9.54235608,5
2024-05-29 14:39:35,2024-05-29,14:39:35,608.8023432066667,3.01657702,8.468770416666667,5
2024-05-29 14:47:10,2024-05-29,14:47:10,599.9849294166667,3.0731195933333333,7.298213146666666,5
2024-05-29 14:54:45,2024-05-29,14:54:45,605.9239312633332,2.9741583166666667,7.300162573333334,5
2024-05-29 15:02:17,2024-05-29,15:02:17,611.2617458133333,3.0006641199999997,7.2799185,5
2024-05-29 15:09:52,2024-05-29,15:09:52,607.0352168866667,3.0536286466666667,8.424433396666666,5
2024-05-29 15:17:29,2024-05-29,15:17:29,606.8712567133333,2.94049642,7.127363166666666,5
2024-05-29 15:25:03,2024-05-29,15:25:03,604.8308634433333,2.91135416,6.946965986666666,5
2024-05-29 15:32:43,2024-05-29,15:32:43,607.4177906266667,2.97481743,7.2395803166666655,5
2024-05-29 15:40:17,2024-05-29,15:40:17,626.5282597766667,2.8545761833333336,8.307317686666666,5
2024-05-29 15:47:52,2024-05-29,15:47:52,620.5892579233333,2.99167192,7.620318836666666,5
2024-05-29 15:55:27,2024-05-29,15:55:27,625.3987563566667,2.9090943400000007,9.14757167,5
2024-05-29 16:03:00,2024-05-29,16:03:00,631.7385497433334,2.9219470600000004,8.373098426666667,5
2024-05-29 16:10:34,2024-05-29,16:10:34,614.28590013,2.983197596666667,6.9572129899999995,5
2024-05-29 16:18:08,2024-05-29,16:18:08,604.7944278466667,2.78546336,7.102720383333334,5
2024-05-29 16:25:45,2024-05-29,16:25:45,604.2478939333333,2.867617226666667,6.7698178533333335,5
2024-05-29 16:33:19,2024-05-29,16:33:19,632.6130040033335,2.8768919033333336,7.933527130000001,5
2024-05-29 16:40:57,2024-05-29,16:40:57,636.9488397133333,2.8759973933333334,9.949486876666667,5
2024-05-29 16:48:34,2024-05-29,16:48:34,647.8977357666666,2.7497299566666666,10.57495374,5
2024-05-29 16:56:09,2024-05-29,16:56:09,652.9987189466666,2.7373480299999997,10.878414893333334,5
2024-05-29 17:03:43,2024-05-29,17:03:43,701.9499397366667,2.7483175699999998,15.15461286,5
2024-05-29 17:11:19,2024-05-29,17:11:19,712.8077468,2.8848012733333337,18.044216809999998,5
2024-05-29 17:18:56,2024-05-29,17:18:56,738.0393957733335,2.8021295333333334,22.06304013,5
2024-05-29 17:26:32,2024-05-29,17:26:32,742.75780522,2.7719986033333335,19.23336863333333,5
2024-05-29 17:34:10,2024-05-29,17:34:10,689.83510467,2.6956826,14.488307946666666,5
2024-05-29 17:41:44,2024-05-29,17:41:44,671.79948555,2.65001541,13.608615513333334,5
2024-05-29 17:49:23,2024-05-29,17:49:23,667.95553036,2.5747822399999998,12.891925353333335,5
2024-05-29 17:56:58,2024-05-29,17:56:58,682.2382832833333,2.5160740033333333,12.62510348,5
2024-05-29 18:04:34,2024-05-29,18:04:34,742.5574094533334,2.5517603233333332,17.54036433,5
2024-05-29 18:12:08,2024-05-29,18:12:08,670.90681349,2.497336333333333,12.544727013333334,5
2024-05-29 18:19:44,2024-05-29,18:19:44,628.8237022066667,2.3883000199999995,9.269835870000001,5
2024-05-29 18:27:17,2024-05-29,18:27:17,591.80513852,2.4181484766666665,7.63236531,5
2024-05-29 18:34:55,2024-05-29,18:34:55,610.9884788566666,2.42521041,8.98396957,5
2024-05-29 18:42:29,2024-05-29,18:42:29,613.0653077266667,2.37285792,7.958169916666667,5
2024-05-29 18:50:02,2024-05-29,18:50:02,656.82445634,2.39192515,10.775145126666667,5
2024-05-29 18:57:37,2024-05-29,18:57:37,665.4961277533333,2.2977659866666666,11.056562733333331,5
2024-05-29 19:05:14,2024-05-29,19:05:14,674.3681949400001,2.2540290566666665,11.605651963333331,5
2024-05-29 19:12:50,2024-05-29,19:12:50,690.2358962066666,2.3697977466666664,11.339929763333332,5
2024-05-29 19:20:29,2024-05-29,19:20:29,651.8874333266667,2.20756151,9.55515233,5
2024-05-29 19:28:06,2024-05-29,19:28:06,613.1381789166667,2.2051133766666666,8.172457173333333,5
2024-05-29 19:35:43,2024-05-29,19:35:43,623.81380801,2.214905926666667,8.403639486666668,5
2024-05-29 19:43:18,2024-05-29,19:43:18,615.0510476066667,2.1685796199999996,8.793475346666668,5
2024-05-29 19:50:52,2024-05-29,19:50:52,615.65223491,2.0655695,9.006662923333332,5
2024-05-29 19:58:25,2024-05-29,19:58:25,625.3987563533334,2.112554923333333,8.273427613333334,5
2024-05-29 20:06:00,2024-05-29,20:06:00,627.9128123533334,2.088308936666667,9.169415273333334,5
2024-05-29 20:13:36,2024-05-29,20:13:36,611.17065683,2.06674649,7.55698738,5
2024-05-29 20:21:09,2024-05-29,20:21:09,647.80664678,1.96439548,8.96642471,5
2024-05-29 20:28:44,2024-05-29,20:28:44,633.6514184433332,1.9799788200000001,8.073686093333334,5
2024-05-29 20:36:17,2024-05-29,20:36:17,629.15162256,1.8312073533333333,6.838247819999999,5
2024-05-29 20:43:54,2024-05-29,20:43:54,617.3829256366666,1.8866670933333334,6.716033603333333,5
2024-05-29 20:51:31,2024-05-29,20:51:31,611.91758651,1.8055019,5.92926396,5
2024-05-29 20:59:03,2024-05-29,20:59:03,624.88865804,1.8515457299999998,6.298855746666667,5
2024-05-29 21:06:38,2024-05-29,21:06:38,622.0284638933334,1.8128933933333335,7.030541516666666,5
2024-05-29 21:14:16,2024-05-29,21:14:16,611.6261017566667,1.8047486266666668,6.0430806399999994,5
2024-05-29 21:21:50,2024-05-29,21:21:50,623.6680656333334,1.8146353366666668,7.032390976666666,5
2024-05-29 21:29:26,2024-05-29,21:29:26,620.9171782733333,1.8618561566666667,7.539192589999999,5
2024-05-29 21:37:02,2024-05-29,21:37:02,619.36866552,1.84438963,7.083875903333333,5
2024-05-29 21:44:36,2024-05-29,21:44:36,616.3627290000001,1.7870937833333331,6.484801306666667,5
2024-05-29 21:52:13,2024-05-29,21:52:13,618.2938154899999,1.7912367866666667,7.304161403333334,5
2024-05-29 21:59:50,2024-05-29,21:59:50,617.49223242,1.7194875066666668,7.235581483333333,5
2024-05-29 22:07:28,2024-05-29,22:07:28,619.6601502733333,1.7112485800000001,7.2033909099999995,5
2024-05-29 22:15:02,2024-05-29,22:15:02,646.4220942000001,1.7982987233333334,8.98266995,5
2024-05-29 22:22:37,2024-05-29,22:22:37,641.0296262633333,1.7185929966666667,8.346156316666667,5
2024-05-29 22:30:14,2024-05-29,22:30:14,638.3151744966667,1.7010935133333334,7.5080517066666665,5
2024-05-29 22:37:52,2024-05-29,22:37:52,637.22210667,1.6386471566666667,6.910426686666667,5
2024-05-29 22:45:27,2024-05-29,22:45:27,643.48902887,1.7091299966666667,7.006098673333334,5
2024-05-29 22:52:59,2024-05-29,22:52:59,622.7936113733334,1.6599647933333335,5.990995886666667,5
2024-05-29 23:00:34,2024-05-29,23:00:34,642.4506144333333,1.5591203333333332,6.793111033333333,5
2024-05-29 23:08:08,2024-05-29,23:08:08,679.0866043866666,1.6856843666666668,9.850615823333333,5
2024-05-29 23:15:41,2024-05-29,23:15:41,685.4081799766667,1.6806233133333333,9.692562100000002,5
2024-05-29 23:23:17,2024-05-29,23:23:17,686.0822384666667,1.6593574666666668,9.173863970000001,5
2024-05-29 23:30:56,2024-05-29,23:30:56,658.7919784266666,1.5917653133333332,7.03009165,5
2024-05-29 23:38:34,2024-05-29,23:38:34,646.2763518233332,1.7413183066666669,6.878536026666666,5
2024-05-29 23:46:09,2024-05-29,23:46:09,634.08864557,1.61626082,6.6442046333333336,5
2024-05-29 23:53:44,2024-05-29,23:53:44,624.5243020966667,1.70855563,5.888225976666667,5
2024-05-30 00:01:20,2024-05-30,00:01:20,631.5017183833334,1.710702453333333,6.2242775833333335,5
2024-05-30 00:08:56,2024-05-30,00:08:56,651.4502061966667,1.72710969,7.066181083333333,5
2024-05-30 00:16:32,2024-05-30,00:16:32,691.0010436833333,1.7535495799999998,12.129198673333335,5
2024-05-30 00:24:11,2024-05-30,00:24:11,694.9360878566667,1.8349737166666669,9.746996163333334,5
2024-05-30 00:31:48,2024-05-30,00:31:48,706.5590423999998,1.7363184566666667,12.38167475,5
2024-05-30 00:39:25,2024-05-30,00:39:25,704.60973811,1.8108218933333333,15.744840046666667,5
2024-05-30 00:47:03,2024-05-30,00:47:03,733.3574219233333,1.8026771233333332,16.61448542333333,5
2024-05-30 00:54:37,2024-05-30,00:54:37,725.5419869699999,1.8561595266666668,14.607273116666667,5
2024-05-30 01:02:13,2024-05-30,01:02:13,692.5859920333332,1.8574306733333337,11.228112503333334,5
2024-05-30 01:09:50,2024-05-30,01:09:50,658.0268309466666,1.8671384866666667,8.570390663333333,5
2024-05-30 01:17:27,2024-05-30,01:17:27,664.8038514666666,1.9556386766666665,10.52531828,5
2024-05-30 01:25:06,2024-05-30,01:25:06,654.0006977933334,1.8681506933333332,8.90654224,5
2024-05-30 01:32:36,2024-05-30,01:32:36,660.8870250933332,1.8650104900000002,7.239380369999999,5
2024-05-30 01:40:12,2024-05-30,01:40:12,668.66602445,1.8498979433333333,6.311402076666667,5
2024-05-30 01:47:52,2024-05-30,01:47:52,664.7674158733333,1.8227330233333332,7.23498166,5
2024-05-30 01:55:24,2024-05-30,01:55:24,665.7329591166666,1.6830149566666668,6.331446203333333,5
2024-05-30 02:03:02,2024-05-30,02:03:02,663.2006853233333,1.7298120599999998,6.521290619999999,5
2024-05-30 02:10:37,2024-05-30,02:10:37,640.8838838833333,1.7319588866666666,5.413664923333333,5
2024-05-30 02:18:10,2024-05-30,02:18:10,633.0502311333333,1.7326603699999998,6.140152216666666,5
2024-05-30 02:25:47,2024-05-30,02:25:47,650.9036722866667,1.7319165166666668,7.909384200000001,5
2024-05-30 02:33:26,2024-05-30,02:33:26,656.4601003966667,1.7205703366666665,9.10098531,5
2024-05-30 02:41:05,2024-05-30,02:41:05,656.4783181933334,1.7555363433333333,8.467970653333333,5
2024-05-30 02:48:34,2024-05-30,02:48:34,673.5483940666667,1.74027785,9.577545776666668,5
2024-05-30 02:56:11,2024-05-30,02:56:11,656.4783181933334,1.6719983333333335,8.24918471,5
2024-05-30 03:03:45,2024-05-30,03:03:45,650.6121875333333,1.7414501266666667,8.19979917,5
2024-05-30 03:11:23,2024-05-30,03:11:23,630.28112598,1.6678977033333335,6.7430257,5
2024-05-30 03:19:00,2024-05-30,03:19:00,600.87760147,1.7602537133333334,5.32594061,5
2024-05-30 03:26:38,2024-05-30,03:26:38,590.0015766066667,1.7759829999999999,4.0046774633333335,5
2024-05-30 03:34:15,2024-05-30,03:34:15,608.3104626866667,1.6885232633333331,5.3405863233333335,5
2024-05-30 03:41:52,2024-05-30,03:41:52,635.6189405266667,1.7120253933333334,5.735470703333334,5
2024-05-30 03:49:37,2024-05-30,03:49:37,648.2620917033333,1.6907830866666667,6.24257223,5
2024-05-30 03:57:13,2024-05-30,03:57:13,649.7377332699999,1.7377826333333335,6.622411013333333,5
2024-05-30 04:04:50,2024-05-30,04:04:50,646.75001455,1.6793003733333334,8.119072803333333,5
2024-05-30 04:12:24,2024-05-30,04:12:24,604.8490812366666,1.7146430166666666,4.550967513333333,5
2024-05-30 04:20:02,2024-05-30,04:20:02,627.40271404,1.6817343900000001,6.368485363333332,5
2024-05-30 04:27:35,2024-05-30,04:27:35,633.7971608133333,1.7425423766666668,6.951464666666666,5
2024-05-30 04:35:13,2024-05-30,04:35:13,643.3250686933333,1.6976567066666668,7.191694333333333,5
2024-05-30 04:42:51,2024-05-30,04:42:51,630.5908285266668,1.7100762966666665,6.200834449999999,5
2024-05-30 04:50:28,2024-05-30,04:50:28,631.1373624366666,1.6898414933333334,6.728979810000001,5
2024-05-30 04:58:06,2024-05-30,04:58:06,629.62528528,1.70347103,6.20113436,5
2024-05-30 05:05:42,2024-05-30,05:05:42,649.2640705466666,1.7193368533333333,7.832456726666667,5
2024-05-30 05:13:20,2024-05-30,05:13:20,670.3056261866667,1.7793256499999999,8.910691026666667,5
2024-05-30 05:20:55,2024-05-30,05:20:55,657.8628707733333,1.8685226233333336,8.624374856666668,5
2024-05-30 05:28:33,2024-05-30,05:28:33,626.6375665566667,1.8260097666666668,5.9700020333333335,5
2024-05-30 05:36:12,2024-05-30,05:36:12,673.3115627066667,1.8234627566666666,9.752944423333334,5
2024-05-30 05:43:53,2024-05-30,05:43:53,668.90285581,1.8964125666666665,9.034204863333335,5
2024-05-30 05:51:30,2024-05-30,05:51:30,658.5915826566667,1.8359623866666668,8.039546086666666,5
2024-05-30 05:59:09,2024-05-30,05:59:09,663.6743480466666,1.829512483333333,8.614277813333333,5
2024-05-30 06:06:48,2024-05-30,06:06:48,631.2284514266667,1.8848262833333331,6.618862053333333,5
2024-05-30 06:14:25,2024-05-30,06:14:25,615.1967899866667,1.8007468633333332,5.046522423333333,5
2024-05-30 06:22:03,2024-05-30,06:22:03,605.5413575266667,1.7479706533333335,5.4477549466666675,5
2024-05-30 06:29:42,2024-05-30,06:29:42,569.8709108233334,1.8142586966666665,2.8915533766666663,5
2024-05-30 06:37:20,2024-05-30,06:37:20,543.8449658966666,1.7589825666666667,1.30201378,5
2024-05-30 06:44:58,2024-05-30,06:44:58,526.5253062033333,1.8002713566666666,-0.045196766666666666,5
2024-05-30 06:52:33,2024-05-30,06:52:33,536.5596688366667,1.7784405566666666,1.23985198,5
2024-05-30 07:00:10,2024-05-30,07:00:10,590.2566257666666,1.8457172766666667,5.445805513333333,5
2024-05-30 07:07:49,2024-05-30,07:07:49,679.9246230533332,1.9137378533333333,11.471141346666665,5
2024-05-30 07:15:25,2024-05-30,07:15:25,739.0595924133332,2.0355327266666667,15.473169586666666,5
2024-05-30 07:22:58,2024-05-30,07:22:58,680.74442392,1.98355687,11.121393750000001,5
2024-05-30 07:30:36,2024-05-30,07:30:36,629.95320563,2.3047337666666663,7.1062693433333335,5
2024-05-30 07:38:14,2024-05-30,07:38:14,549.8021855466667,2.45670665,2.830236333333333,5
2024-05-30 07:45:49,2024-05-30,07:45:49,530.6388847833333,2.4955473033333333,1.5267779733333333,5
2024-05-30 07:53:22,2024-05-30,07:53:22,557.1548884533333,2.61738926,2.7296007966666664,5
2024-05-30 08:00:59,2024-05-30,08:00:59,579.6356500633334,2.67774528,4.305639346666667,5
2024-05-30 08:08:38,2024-05-30,08:08:38,574.8808050233333,2.888002686666667,3.66407719,5
2024-05-30 08:16:16,2024-05-30,08:16:16,551.65129195,2.917050786666667,1.9866083366666667,5
2024-05-30 08:23:51,2024-05-30,08:23:51,549.15909731,2.87303138,1.9993596066666666,5
2024-05-30 08:31:27,2024-05-30,08:31:27,554.4404366866667,2.9533020633333336,2.094186843333333,5
2024-05-30 08:39:03,2024-05-30,08:39:03,566.3913115766667,3.13088624,2.6525233633333336,5
2024-05-30 08:46:45,2024-05-30,08:46:45,574.9172406166667,3.2935461900000003,3.1292337866666666,5
2024-05-30 08:54:22,2024-05-30,08:54:22,557.7925113466666,3.524706926666667,1.43713422,5
2024-05-30 09:01:58,2024-05-30,09:01:58,583.3338628733334,3.7303505300000004,2.51346408,5
2024-05-30 09:09:35,2024-05-30,09:09:35,583.4431696533334,3.9389601566666665,2.4894711066666666,5
2024-05-30 09:17:13,2024-05-30,09:17:13,563.5128996366666,4.1016201033333335,1.1056262833333335,5
2024-05-30 09:24:51,2024-05-30,09:24:51,546.6122492733333,4.1736518600000005,0.1423933066666667,5
2024-05-30 09:32:33,2024-05-30,09:32:33,571.9113040966666,4.3031677833333335,1.8902965399999998,5
2024-05-30 09:40:10,2024-05-30,09:40:10,591.3861291866666,4.4114979,2.654572763333334,5
2024-05-30 09:47:53,2024-05-30,09:47:53,569.3972480966667,4.3954908433333335,1.9966154066666666,5
2024-05-30 09:55:32,2024-05-30,09:55:32,593.0257309233333,4.6213786699999995,9.986925913333332,5
2024-05-30 10:03:07,2024-05-30,10:03:07,621.8280681266666,5.087560669999999,17.143830433333335,5
2024-05-30 10:10:41,2024-05-30,10:10:41,619.7694570533334,5.084453416666666,16.38770182,5
2024-05-30 10:18:23,2024-05-30,10:18:23,642.7967525766667,5.122164163333333,19.57826765,5
2024-05-30 10:25:59,2024-05-30,10:25:59,653.7092130333334,5.30713983,20.642955916666665,5
2024-05-30 10:33:35,2024-05-30,10:33:35,619.4415367066666,5.300219133333333,20.306054563333333,5
2024-05-30 10:41:14,2024-05-30,10:41:14,590.7849418833334,5.03144181,18.63554367333333,5
2024-05-30 10:48:50,2024-05-30,10:48:50,587.2506892466666,4.410320906666667,18.19517261,5
2024-05-30 10:56:26,2024-05-30,10:56:26,608.3833338733333,4.109011593333333,18.451097673333333,5
2024-05-30 11:04:02,2024-05-30,11:04:02,605.0312592066666,3.9310507833333332,17.42789726,5
2024-05-30 11:11:41,2024-05-30,11:11:41,598.76433701,3.8798752800000003,15.622425886666667,5
2024-05-30 11:19:21,2024-05-30,11:19:21,591.6593961433333,3.7835504599999994,14.633165533333333,5
2024-05-30 11:27:01,2024-05-30,11:27:01,574.8808050199999,3.68468334,12.074414713333333,5
2024-05-30 11:34:41,2024-05-30,11:34:41,559.4503308833333,3.676773973333333,10.514221523333333,5
2024-05-30 11:42:18,2024-05-30,11:42:18,555.5699401033334,3.56152316,10.035011833333334,5
2024-05-30 11:49:55,2024-05-30,11:49:55,564.86101662,3.4928340500000004,8.759085416666666,5
2024-05-30 11:57:30,2024-05-30,11:57:30,576.6096739666667,3.4163297366666665,8.907042093333333,5
2024-05-30 12:05:08,2024-05-30,12:05:08,607.6910575799999,3.4158118600000003,12.2807543,5
2024-05-30 12:12:44,2024-05-30,12:12:44,582.9330713366667,3.25734199,8.84830929,5
2024-05-30 12:20:23,2024-05-30,12:20:23,592.0784054766667,3.33568241,9.826622853333333,5
2024-05-30 12:27:56,2024-05-30,12:27:56,585.7568298866667,3.35310186,10.46058723,5
2024-05-30 12:35:33,2024-05-30,12:35:33,575.0083296,3.2827649633333333,10.33547386,5
2024-05-30 12:43:05,2024-05-30,12:43:05,575.5730813133333,3.3675552900000003,11.3941139,5
2024-05-30 12:50:40,2024-05-30,12:50:40,574.69862705,3.35823353,9.887255096666665,5
2024-05-30 12:58:20,2024-05-30,12:58:20,570.6360583,3.22382133,7.615020386666667,5
2024-05-30 13:05:54,2024-05-30,13:05:54,598.5275056466668,3.21694771,9.768989723333332,5
2024-05-30 13:13:33,2024-05-30,13:13:33,580.9837670466667,3.1075347699999996,7.037139583333333,5
2024-05-30 13:21:13,2024-05-30,13:21:13,581.09307383,2.992754753333333,6.791211593333333,5
2024-05-30 13:28:50,2024-05-30,13:28:50,582.8055467566667,2.9867756466666666,6.335545006666667,5
2024-05-30 13:36:31,2024-05-30,13:36:31,581.0019848433334,2.98178521,7.03459033,5
2024-05-30 13:44:07,2024-05-30,13:44:07,599.0740395600001,3.014223036666667,9.843717843333334,5
2024-05-30 13:51:44,2024-05-30,13:51:44,603.0090837333333,2.9014674466666666,11.22081464,5
2024-05-30 13:59:24,2024-05-30,13:59:24,612.2272890566667,3.0215203733333333,12.256261473333334,5
2024-05-30 14:07:01,2024-05-30,14:07:01,616.67243155,3.098966283333333,11.810192076666667,5
2024-05-30 14:14:38,2024-05-30,14:14:38,627.9128123566667,3.11445547,13.403975433333335,5
2024-05-30 14:22:11,2024-05-30,14:22:11,619.0225273733332,2.942379603333334,11.317636290000001,5
2024-05-30 14:29:47,2024-05-30,14:29:47,629.8256810500001,2.963612493333333,10.557808766666666,5
2024-05-30 14:37:24,2024-05-30,14:37:24,620.7350003,2.87971668,8.48321619,5
2024-05-30 14:45:03,2024-05-30,14:45:03,619.3504477233333,2.8083440366666665,8.385444813333333,5
2024-05-30 14:52:35,2024-05-30,14:52:35,621.19044523,2.7486471266666666,8.237288193333333,5
2024-05-30 15:00:13,2024-05-30,15:00:13,610.5330339266667,2.7504832333333336,6.789312146666667,5
2024-05-30 15:07:50,2024-05-30,15:07:50,609.9318466266667,2.5667787133333335,6.682393453333334,5
2024-05-30 15:15:24,2024-05-30,15:15:24,607.89145335,2.6463432,6.60681558,5
2024-05-30 15:22:59,2024-05-30,15:22:59,613.6482772333334,2.616447666666667,6.355089286666666,5
2024-05-30 15:30:35,2024-05-30,15:30:35,611.5167949733333,2.6032653866666666,7.106919153333333,5
2024-05-30 15:38:13,2024-05-30,15:38:13,609.6767974666667,2.528408853333333,5.329139673333333,5
2024-05-30 15:45:51,2024-05-30,15:45:51,596.19562762,2.5050573833333334,4.02057281,5
2024-05-30 15:53:27,2024-05-30,15:53:27,602.0435404866666,2.5309511466666668,3.97158715,5
2024-05-30 16:01:04,2024-05-30,16:01:04,601.6609667466666,2.6216735,5.382374086666666,5
2024-05-30 16:08:40,2024-05-30,16:08:40,598.2724564866668,2.553925983333333,5.539378116666666,5
2024-05-30 16:16:21,2024-05-30,16:16:21,598.4546344566666,2.5849985066666665,5.82414474,5
2024-05-30 16:23:58,2024-05-30,16:23:58,616.9274807099999,2.55312563,7.733035836666667,5
2024-05-30 16:31:33,2024-05-30,16:31:33,622.48390882,2.64733187,9.132875973333334,5
2024-05-30 16:39:06,2024-05-30,16:39:06,620.9353960666666,2.7038744500000003,9.45273232,5
2024-05-30 16:46:41,2024-05-30,16:46:41,622.22885966,2.7429505000000005,10.19856395,5
2024-05-30 16:54:16,2024-05-30,16:54:16,619.11361636,2.6193665999999998,9.507816193333333,5
2024-05-30 17:01:52,2024-05-30,17:01:52,688.3594631033333,2.7520839366666667,15.699403346666665,5
2024-05-30 17:09:29,2024-05-30,17:09:29,687.0295639166667,2.6954942833333333,14.619569516666665,5
2024-05-30 17:17:07,2024-05-30,17:17:07,731.4809888200001,2.8099447433333338,19.33368926,5
2024-05-30 17:24:45,2024-05-30,17:24:45,698.7800430433332,2.6670111366666664,13.192037486666669,5
2024-05-30 17:32:22,2024-05-30,17:32:22,703.2980567200001,2.6623502566666666,13.51594265,5
2024-05-30 17:39:58,2024-05-30,17:39:58,718.2366503333333,2.6949764066666666,17.35241936,5
2024-05-30 17:47:36,2024-05-30,17:47:36,701.4398414166667,2.7901713166666666,17.277641256666666,5
2024-05-30 17:55:08,2024-05-30,17:55:08,688.6691656566667,2.66442176,13.448312446666668,5
2024-05-30 18:02:41,2024-05-30,18:02:41,711.5142832066666,2.6500624866666667,15.07478623,5
2024-05-30 18:10:16,2024-05-30,18:10:16,720.6413995533334,2.7300977766666663,16.072044243333334,5
2024-05-30 18:17:52,2024-05-30,18:17:52,641.53972458,2.6188016466666664,9.799930663333333,5
2024-05-30 18:25:28,2024-05-30,18:25:28,643.2704153033334,2.8386632866666663,12.636999996666667,5
2024-05-30 18:33:05,2024-05-30,18:33:05,648.9725857933332,2.735841483333333,11.94335309,5
2024-05-30 18:40:42,2024-05-30,18:40:42,658.3183157,2.6300536666666665,11.635593196666667,5
2024-05-30 18:48:19,2024-05-30,18:48:19,716.76100877,2.6247336733333335,13.285910003333333,5
2024-05-30 18:55:56,2024-05-30,18:55:56,693.9158912166666,2.6588663666666665,13.188888403333335,5
2024-05-30 19:03:34,2024-05-30,19:03:34,671.1618626533333,2.69464685,11.982941496666667,5
2024-05-30 19:11:09,2024-05-30,19:11:09,671.8541389366666,2.54234441,10.704965676666667,5
2024-05-30 19:18:47,2024-05-30,19:18:47,659.1016809766667,2.6045836133333338,10.045008906666666,5
2024-05-30 19:26:23,2024-05-30,19:26:23,634.1250811633333,2.4887678433333336,8.091031016666667,5
2024-05-30 19:33:57,2024-05-30,19:33:57,614.7777806533333,2.56597836,5.8299430433333335,5
2024-05-30 19:41:37,2024-05-30,19:41:37,620.4981689366667,2.4740790133333337,5.6215540566666675,5
2024-05-30 19:49:15,2024-05-30,19:49:15,648.7175366333335,2.5364594633333333,9.44788374,5
2024-05-30 19:56:52,2024-05-30,19:56:52,639.3535889266667,2.5573157133333333,8.189152286666667,5
2024-05-30 20:04:27,2024-05-30,20:04:27,665.40503877,2.41169857,9.837319716666668,5
2024-05-30 20:12:04,2024-05-30,20:12:04,663.3282098999999,2.3285089533333334,9.549054116666667,5
2024-05-30 20:19:39,2024-05-30,20:19:39,660.08544202,2.31014792,8.615127566666667,5
2024-05-30 20:27:15,2024-05-30,20:27:15,658.3000979033333,2.2425416400000002,8.272927756666666,5
2024-05-30 20:34:50,2024-05-30,20:34:50,665.6783057266667,2.3180572866666664,10.309381503333334,5
2024-05-30 20:42:24,2024-05-30,20:42:24,671.8541389400001,2.25252251,11.213216866666668,5
2024-05-30 20:49:59,2024-05-30,20:49:59,649.8470400533333,2.2251221966666663,8.772731416666668,5
2024-05-30 20:57:36,2024-05-30,20:57:36,643.9991271866667,2.2650456799999996,8.43583006,5
2024-05-30 21:05:10,2024-05-30,21:05:10,647.0414992999999,2.17446457,7.320556603333333,5
2024-05-30 21:12:48,2024-05-30,21:12:48,625.94529027,2.1508777,5.994794776666667,5
2024-05-30 21:20:24,2024-05-30,21:20:24,613.1563967100001,2.0772452366666667,4.30838854,5
2024-05-30 21:28:02,2024-05-30,21:28:02,596.8879039066667,1.98007298,2.5513529866666667,5
2024-05-30 21:35:36,2024-05-30,21:35:36,588.36197487,1.8812529433333334,1.7682572666666667,5
2024-05-30 21:43:12,2024-05-30,21:43:12,596.6875081366667,1.9231537699999999,2.4212910666666665,5
2024-05-30 21:50:48,2024-05-30,21:50:48,595.0843419966667,1.8811587866666668,2.20710378,5
2024-05-30 21:58:24,2024-05-30,21:58:24,597.7259225733333,1.8071026066666667,2.936240293333333,5
2024-05-30 22:06:01,2024-05-30,22:06:01,620.8443070833333,1.7946735933333333,3.4536887899999997,5
2024-05-30 22:13:37,2024-05-30,22:13:37,626.8926157166667,1.75023047,4.756857233333334,5
2024-05-30 22:21:13,2024-05-30,22:21:13,645.60229333,1.6945023733333333,6.264215893333333,5
2024-05-30 22:28:50,2024-05-30,22:28:50,636.4205235999999,1.6994316033333332,5.448604693333333,5
2024-05-30 22:36:27,2024-05-30,22:36:27,642.0498228966667,1.66864156,5.757664206666667,5
2024-05-30 22:44:02,2024-05-30,22:44:02,666.0973150599999,1.6197682466666665,7.108218776666667,5
2024-05-30 22:51:37,2024-05-30,22:51:37,685.8818427,1.677021726666667,10.515121263333333,5
2024-05-30 22:59:13,2024-05-30,22:59:13,686.9566927299999,1.7454283533333335,10.82358095,5
2024-05-30 23:06:52,2024-05-30,23:06:52,645.43833316,1.6824829566666668,6.579173673333333,5
2024-05-30 23:14:29,2024-05-30,23:14:29,642.54170342,1.5682113966666666,6.28685926,5
2024-05-30 23:22:07,2024-05-30,23:22:07,658.1725733233334,1.7445338433333333,7.988161133333333,5
2024-05-30 23:29:38,2024-05-30,23:29:38,686.77451476,1.80677305,10.717611973333334,5
2024-05-30 23:37:14,2024-05-30,23:37:14,659.9214818433334,1.69367377,7.534943836666667,5
2024-05-30 23:44:49,2024-05-30,23:44:49,644.7096212733334,1.7460874666666666,6.057976276666667,5
2024-05-30 23:52:28,2024-05-30,23:52:28,659.08346318,1.8217914366666665,7.4167784333333335,5
2024-05-31 00:00:03,2024-05-31,00:00:03,693.1507437399999,1.8519223666666667,9.44983317,5
2024-05-31 00:07:39,2024-05-31,00:07:39,672.1274058966667,1.8888327566666667,7.573732473333334,5
2024-05-31 00:15:15,2024-05-31,00:15:15,644.72783907,1.7660445033333334,4.182075526666667,5
2024-05-31 00:22:46,2024-05-31,00:22:46,656.5511893833333,1.8348324766666668,6.082769020000001,5
2024-05-31 00:30:22,2024-05-31,00:30:22,673.3479983000001,1.8749913566666667,8.227391090000001,5
2024-05-31 00:37:56,2024-05-31,00:37:56,665.8240481033333,1.7869054666666664,7.024743216666667,5
2024-05-31 00:45:32,2024-05-31,00:45:32,655.3305969766667,1.7304570466666667,5.289201366666666,5
2024-05-31 00:53:09,2024-05-31,00:53:09,642.1409118833333,1.7937790833333331,4.137088693333333,5
2024-05-31 01:00:46,2024-05-31,01:00:46,630.3722149633332,1.7148172099999999,3.0471078333333335,5
2024-05-31 01:08:22,2024-05-31,01:08:22,626.1639038333333,1.56640825,2.0752423866666665,5
2024-05-31 01:15:58,2024-05-31,01:15:58,630.9187488733332,1.6177720733333334,1.4274370566666665,5
2024-05-31 01:23:29,2024-05-31,01:23:29,633.8700320033333,1.69273689,1.5985219633333332,5
2024-05-31 01:31:05,2024-05-31,01:31:05,638.4062634799999,1.6643996866666668,2.62873033,5
2024-05-31 01:38:41,2024-05-31,01:38:41,653.0351545466666,1.6527945733333331,3.41939883,5
2024-05-31 01:46:17,2024-05-31,01:46:17,654.0189155866667,1.73986355,1.9683286899999999,5
2024-05-31 01:53:55,2024-05-31,01:53:55,699.47231933,1.7197087800000002,6.898280240000001,5
2024-05-31 02:01:32,2024-05-31,02:01:32,695.0818302333333,1.84697901,7.059133143333334,5
2024-05-31 02:09:09,2024-05-31,02:09:09,716.6334841899999,1.7669437233333334,9.28213227,5
2024-05-31 02:16:44,2024-05-31,02:16:44,676.5907661833334,1.7149866966666665,6.670496936666667,5
2024-05-31 02:24:22,2024-05-31,02:24:22,704.7372626900001,1.9108659966666668,9.62798101,5
2024-05-31 02:31:59,2024-05-31,02:31:59,714.6295265099999,1.9336054333333335,13.132654870000001,5
2024-05-31 02:39:32,2024-05-31,02:39:32,691.83906235,1.88172374,8.578738216666666,5
2024-05-31 02:47:08,2024-05-31,02:47:08,691.3836174233334,1.8877499233333335,7.535343716666666,5
2024-05-31 02:54:44,2024-05-31,02:54:44,663.8383082199999,1.8463387266666667,6.19598587,5
2024-05-31 03:02:23,2024-05-31,03:02:23,654.4743605166667,1.8547942200000003,4.839583013333333,5
2024-05-31 03:10:00,2024-05-31,03:10:00,663.7290014366666,2.05897836,6.438214946666666,5
2024-05-31 03:17:36,2024-05-31,03:17:36,670.6517643333333,2.0098743566666664,6.571425943333334,5
2024-05-31 03:25:11,2024-05-31,03:25:11,655.2395079933334,1.9878411133333334,5.146793063333334,5
2024-05-31 03:32:47,2024-05-31,03:32:47,672.7103754033334,2.00177667,6.3498908033333334,5
2024-05-31 03:40:27,2024-05-31,03:40:27,699.3994481433333,2.040758563333333,7.5285457099999995,5
2024-05-31 03:48:01,2024-05-31,03:48:01,737.0191991366668,2.0056842733333333,10.146579166666667,5
2024-05-31 03:55:39,2024-05-31,03:55:39,746.638196,2.085719556666667,11.819439366666666,5
2024-05-31 04:03:17,2024-05-31,04:03:17,711.9515103399999,2.0908512333333333,9.884755826666668,5
2024-05-31 04:10:52,2024-05-31,04:10:52,694.9360878533334,2.02296248,8.377947006666668,5
2024-05-31 04:18:30,2024-05-31,04:18:30,693.69727765,2.01745417,8.21499472,5
2024-05-31 04:26:09,2024-05-31,04:26:09,678.3032391099999,2.0208909766666667,5.851486736666668,5
2024-05-31 04:33:45,2024-05-31,04:33:45,641.9222983166666,2.0489974866666665,3.8515722933333336,5
2024-05-31 04:41:23,2024-05-31,04:41:23,650.0110002266666,2.040617323333333,5.204726099999999,5
2024-05-31 04:49:01,2024-05-31,04:49:01,670.5606753466667,2.07489126,6.1442010300000005,5
2024-05-31 04:56:38,2024-05-31,04:56:38,696.15668026,2.15949326,8.716997736666668,5
2024-05-31 05:04:15,2024-05-31,05:04:15,720.6778351466668,2.1893887966666665,9.873459136666668,5
2024-05-31 05:11:52,2024-05-31,05:11:52,711.18636286,2.2503097733333335,9.027906706666666,5
2024-05-31 05:19:29,2024-05-31,05:19:29,889.2106760400001,2.6211556233333333,27.93532078,5
2024-05-31 05:27:03,2024-05-31,05:27:03,745.70908835,2.3810026866666667,14.303711996666665,5
2024-05-31 05:34:39,2024-05-31,05:34:39,690.8553013066667,2.39164267,8.932434656666667,5
2024-05-31 05:42:15,2024-05-31,05:42:15,735.7803889366666,2.3606172266666667,13.500697113333333,5
2024-05-31 05:49:52,2024-05-31,05:49:52,856.30933449,2.5028446399999997,21.10981922666667,5
2024-05-31 05:57:29,2024-05-31,05:57:29,724.2485233766666,2.3556267933333337,10.87046722,5
2024-05-31 06:05:08,2024-05-31,06:05:08,686.26441644,2.52200603,7.14425822,5
2024-05-31 06:12:43,2024-05-31,06:12:43,729.16732859,2.5069876433333333,10.315629673333333,5
2024-05-31 06:20:21,2024-05-31,06:20:21,714.26517057,2.4830241366666663,8.747438823333333,5
2024-05-31 06:27:59,2024-05-31,06:27:59,637.84151177,2.436980306666667,4.357274226666667,5
2024-05-31 06:35:37,2024-05-31,06:35:37,607.9643245399999,2.548558913333333,2.36130863,5
2024-05-31 06:43:13,2024-05-31,06:43:13,670.6153287399999,2.5328814133333335,6.350590603333334,5
2024-05-31 06:50:47,2024-05-31,06:50:47,742.6667162333333,2.603642023333333,11.032269846666665,5
2024-05-31 06:58:24,2024-05-31,06:58:24,767.9348008000001,2.6591488466666666,12.086061303333333,5
2024-05-31 07:05:59,2024-05-31,07:05:59,771.0500441033333,2.8555648566666663,10.949094203333333,5
2024-05-31 07:13:36,2024-05-31,07:13:36,713.1538849466666,3.0749556966666667,7.461865230000001,5
2024-05-31 07:21:12,2024-05-31,07:21:12,734.79662789,3.33667108,9.453532083333334,5
2024-05-31 07:28:49,2024-05-31,07:28:49,707.2877542800001,3.3753705000000003,7.710392466666666,5
2024-05-31 07:36:25,2024-05-31,07:36:25,612.9013475533333,3.3179334099999997,2.5597205366666667,5
2024-05-31 07:44:04,2024-05-31,07:44:04,562.5655741866666,3.271371703333333,-0.1817167966666667,5
2024-05-31 07:51:38,2024-05-31,07:51:38,589.1999935333333,3.124812973333333,0.9902460633333333,5
2024-05-31 07:59:11,2024-05-31,07:59:11,622.9211359533334,3.227728936666667,3.03956004,5
2024-05-31 08:06:49,2024-05-31,08:06:49,620.0245062133333,3.490244673333333,2.3707858533333335,5
2024-05-31 08:14:25,2024-05-31,08:14:25,585.4471273366667,3.484453886666666,0.5592012700000001,5
2024-05-31 08:22:04,2024-05-31,08:22:04,586.9956400866666,3.4175538033333335,0.24565307333333333,5
2024-05-31 08:29:37,2024-05-31,08:29:37,598.2724564866667,3.514726056666667,1.6028357,5
2024-05-31 08:37:13,2024-05-31,08:37:13,587.41464942,3.653987453333333,0.6720282366666667,5
2024-05-31 08:44:53,2024-05-31,08:44:53,573.8606083833333,3.7396722899999997,-0.6963461166666667,5
2024-05-31 08:52:29,2024-05-31,08:52:29,572.25744224,3.6929693466666667,-0.9037853833333332,5
2024-05-31 09:00:04,2024-05-31,09:00:04,563.18497929,3.77003862,-1.2269407633333334,5
2024-05-31 09:07:36,2024-05-31,09:07:36,561.34498178,3.7363767200000004,-1.29577061,5
2024-05-31 09:15:14,2024-05-31,09:15:14,575.0629829933333,3.75436112,-0.82495846,5
2024-05-31 09:22:53,2024-05-31,09:22:53,572.40318462,3.75445528,-0.3085946466666667,5
2024-05-31 09:30:29,2024-05-31,09:30:29,608.96630338,3.99554981,2.28992953,5
2024-05-31 09:38:06,2024-05-31,09:38:06,579.6356500633334,3.9512950066666668,-0.015095579999999961,5
2024-05-31 09:45:44,2024-05-31,09:45:44,633.8518142066667,4.702355546666667,26.934663760000003,5
2024-05-31 09:53:19,2024-05-31,09:53:19,676.9004687333332,5.453745643333334,51.942791596666666,5
2024-05-31 10:00:52,2024-05-31,10:00:52,651.10406805,4.86087249,30.749996663333334,5
2024-05-31 10:08:29,2024-05-31,10:08:29,647.4787264333333,4.69256299,24.73825685,5
2024-05-31 10:16:02,2024-05-31,10:16:02,652.3246604566666,4.805883543333334,26.221322623333332,5
2024-05-31 10:23:39,2024-05-31,10:23:39,666.15196845,4.883611926666667,29.546349083333336,5
2024-05-31 10:31:14,2024-05-31,10:31:14,645.7116001133332,4.787710823333334,23.672568873333333,5
2024-05-31 10:38:51,2024-05-31,10:38:51,627.56667421,4.65325154,18.531074256666667,5
2024-05-31 10:46:26,2024-05-31,10:46:26,608.60194744,4.64341191,16.035304999999997,5
2024-05-31 10:54:02,2024-05-31,10:54:02,610.4055093466667,4.55702088,14.178398683333333,5
2024-05-31 11:01:36,2024-05-31,11:01:36,618.3120332866666,4.41243949,12.738620243333335,5
2024-05-31 11:09:10,2024-05-31,11:09:10,636.2929990166666,4.375293703333334,13.56822734,5
2024-05-31 11:16:46,2024-05-31,11:16:46,634.3801303233334,4.419925143333333,14.255526103333333,5
2024-05-31 11:24:23,2024-05-31,11:24:23,612.2637246533333,4.469123306666667,14.221835966666667,5
2024-05-31 11:32:00,2024-05-31,11:32:00,640.2462609866666,4.38663988,16.342465066666666,5
2024-05-31 11:39:37,2024-05-31,11:39:37,617.7472815766668,4.147852250000001,12.669890366666666,5
2024-05-31 11:47:20,2024-05-31,11:47:20,612.4459026233334,3.968620286666667,11.209867846666667,5
2024-05-31 11:54:57,2024-05-31,11:54:57,607.6364041933333,3.89239845,9.897752023333334,5
2024-05-31 12:02:34,2024-05-31,12:02:34,599.9484938166667,3.8705535233333332,10.677323773333333,5
2024-05-31 12:10:13,2024-05-31,12:10:13,625.3076673700001,3.8133047533333335,11.527474853333333,5
2024-05-31 12:17:50,2024-05-31,12:17:50,624.99796482,3.7197105466666667,11.509730050000002,5
2024-05-31 12:25:28,2024-05-31,12:25:28,605.9239312666667,3.80148778,11.589856586666665,5
2024-05-31 12:33:04,2024-05-31,12:33:04,598.6550302266666,3.608885216666667,9.506716513333332,5
2024-05-31 12:40:41,2024-05-31,12:40:41,609.5857084833334,3.5724456233333335,9.132076206666667,5
2024-05-31 12:48:17,2024-05-31,12:48:17,605.9239312666667,3.539631153333333,9.50201789,5
2024-05-31 12:55:52,2024-05-31,12:55:52,607.76392877,3.448626323333333,9.392549943333334,5
2024-05-31 13:03:27,2024-05-31,13:03:27,601.5516599666666,3.4172242500000003,8.743439996666666,5
2024-05-31 13:11:03,2024-05-31,13:11:03,606.5069007733333,3.395049763333333,10.166123446666667,5
2024-05-31 13:18:39,2024-05-31,13:18:39,602.2075006566666,3.4331842233333334,10.64453337,5
2024-05-31 13:26:16,2024-05-31,13:26:16,595.19364878,3.47800398,8.83196408,5
2024-05-31 13:33:47,2024-05-31,13:33:47,581.0019848433334,3.5515893666666667,7.362994176666667,5
2024-05-31 13:41:23,2024-05-31,13:41:23,583.9168323766667,3.369485553333334,7.397833979999999,5
2024-05-31 13:48:57,2024-05-31,13:48:57,581.53030096,3.30442157,7.874244486666668,5
2024-05-31 13:56:34,2024-05-31,13:56:34,591.2039512133333,3.224433363333333,7.751380463333334,5
2024-05-31 14:04:11,2024-05-31,14:04:11,603.0455193266666,3.085642763333333,9.503917336666667,5
2024-05-31 14:11:47,2024-05-31,14:11:47,623.0850961233333,3.0885616966666674,11.387765759999999,5
2024-05-31 14:19:26,2024-05-31,14:19:26,616.2534222166668,2.8340024066666665,10.46608562,5
2024-05-31 14:27:02,2024-05-31,14:27:02,608.5108584533333,2.8769389833333334,8.783178363333333,5
2024-05-31 14:34:39,2024-05-31,14:34:39,610.66055851,2.783627256666667,9.176213283333334,5
2024-05-31 14:42:14,2024-05-31,14:42:14,602.9179947466667,2.7751529300000004,7.871645246666667,5
2024-05-31 14:49:48,2024-05-31,14:49:48,603.6831422266667,2.6958709200000004,7.8182608799999995,5
2024-05-31 14:57:25,2024-05-31,14:57:25,613.1381789133334,2.711171783333333,9.026807026666667,5
2024-05-31 15:05:02,2024-05-31,15:05:02,612.7556051733333,2.7711982466666663,8.570340676666666,5
2024-05-31 15:12:39,2024-05-31,15:12:39,618.4213400733333,2.68113501,8.46087273,5
2024-05-31 15:20:17,2024-05-31,15:20:17,621.5548011699999,2.719740266666667,8.43348075,5
2024-05-31 15:27:54,2024-05-31,15:27:54,617.9294595466666,2.7704449733333334,8.699602833333334,5
2024-05-31 15:35:32,2024-05-31,15:35:32,618.74926042,2.8833888833333337,6.901579276666666,5
2024-05-31 15:43:11,2024-05-31,15:43:11,615.7251061033334,2.859613696666667,6.735927776666666,5
2024-05-31 15:50:42,2024-05-31,15:50:42,610.7334296966668,2.7672906433333337,6.82985028,5
2024-05-31 15:58:16,2024-05-31,15:58:16,604.5940320766666,2.7920545000000003,6.691540773333333,5
2024-05-31 16:05:49,2024-05-31,16:05:49,632.0482522933333,2.7352765266666665,8.272627846666667,5
2024-05-31 16:13:24,2024-05-31,16:13:24,638.2423033066667,3.0087618099999998,9.01246123,5
2024-05-31 16:20:59,2024-05-31,16:20:59,607.5453152066667,2.7718102800000004,7.574132359999999,5
2024-05-31 16:28:32,2024-05-31,16:28:32,618.1480731133333,2.700673033333333,8.759635253333334,5
2024-05-31 16:36:06,2024-05-31,16:36:06,627.7670699766667,2.654676286666666,10.26474457,5
2024-05-31 16:43:42,2024-05-31,16:43:42,626.8379623266667,2.6957767599999998,10.127234833333333,5
2024-05-31 16:51:18,2024-05-31,16:51:18,635.4914159466666,2.6699771533333334,11.653088073333334,5
2024-05-31 16:58:52,2024-05-31,16:58:52,686.5194656,2.7723281533333335,15.192751693333333,5
2024-05-31 17:06:31,2024-05-31,17:06:31,722.79109961,2.8179482666666664,18.83098645,5
2024-05-31 17:14:09,2024-05-31,17:14:09,694.2984649533333,2.9343760700000003,17.003021659999998,5
2024-05-31 17:21:45,2024-05-31,17:21:45,695.3004437966666,3.0079143733333336,19.274856486666664,5
2024-05-31 17:29:21,2024-05-31,17:29:21,684.9162994533334,2.8364034666666664,17.226456243333335,5
2024-05-31 17:36:58,2024-05-31,17:36:58,723.9388208266668,2.7469051833333338,17.840776376666668,5
2024-05-31 17:44:34,2024-05-31,17:44:34,698.74360745,2.6607024766666667,16.103285096666667,5
2024-05-31 17:52:11,2024-05-31,17:52:11,725.7970361266666,2.64285931,17.89925925,5
2024-05-31 17:59:45,2024-05-31,17:59:45,716.5606130033334,2.5595284533333333,14.425076463333331,5
2024-05-31 18:07:23,2024-05-31,18:07:23,726.6350547933333,2.5983691066666665,15.031099023333333,5
2024-05-31 18:15:00,2024-05-31,18:15:00,670.70641772,2.5515249266666666,11.42885373,5
2024-05-31 18:22:37,2024-05-31,18:22:37,637.58646261,2.576759583333333,9.401447336666665,5
2024-05-31 18:30:12,2024-05-31,18:30:12,669.9048346499999,2.5537847466666665,13.96861011,5
2024-05-31 18:37:47,2024-05-31,18:37:47,686.4283766133334,2.6260048200000004,15.855957510000001,5
2024-05-31 18:45:23,2024-05-31,18:45:23,713.8461612366667,2.6736493566666666,18.220215276666668,5
2024-05-31 18:52:59,2024-05-31,18:52:59,741.9197865533333,2.6777452766666667,19.87718013333333,5
2024-05-31 19:00:39,2024-05-31,19:00:39,708.30795092,2.6216735,15.516206986666665,5
2024-05-31 19:08:16,2024-05-31,19:08:16,725.0683242433333,2.5680498566666667,14.26527325,5
2024-05-31 19:15:49,2024-05-31,19:15:49,728.5114878933333,2.6196020033333336,14.831357506666668,5
2024-05-31 19:23:24,2024-05-31,19:23:24,667.4272142466666,2.447149496666667,11.686878183333334,5
2024-05-31 19:31:00,2024-05-31,19:31:00,639.6450736833333,2.43222527,9.301276666666666,5
2024-05-31 19:38:38,2024-05-31,19:38:38,673.7305720433334,2.445878346666667,13.275513043333333,5
2024-05-31 19:46:17,2024-05-31,19:46:17,685.2077842066668,2.432084033333333,13.175142433333335,5
2024-05-31 19:53:53,2024-05-31,19:53:53,660.15831321,2.44474844,9.025857310000001,5
2024-05-31 20:01:31,2024-05-31,20:01:31,668.975727,2.4520928533333337,10.266943926666666,5
2024-05-31 20:09:04,2024-05-31,20:09:04,657.42564364,2.4229505933333333,10.057055383333333,5
2024-05-31 20:16:35,2024-05-31,20:16:35,637.6775516000001,2.3636774,8.740640816666668,5
2024-05-31 20:24:12,2024-05-31,20:24:12,664.3666243333333,2.35021264,11.167680196666666,5
2024-05-31 20:31:50,2024-05-31,20:31:50,641.3393288133333,2.3192813566666666,9.272285153333334,5
2024-05-31 20:39:27,2024-05-31,20:39:27,624.4878665033334,2.24037598,7.40113301,5
2024-05-31 20:47:02,2024-05-31,20:47:02,637.2403244666666,2.21457637,7.911233656666667,5
2024-05-31 20:54:38,2024-05-31,20:54:38,664.22088196,2.0805408066666664,9.422041306666666,5
2024-05-31 21:02:12,2024-05-31,21:02:12,649.0272391833333,2.097206976666667,8.696003883333333,5
2024-05-31 21:09:49,2024-05-31,21:09:49,666.8442447399999,2.0049780833333335,10.086496760000001,5
2024-05-31 21:17:26,2024-05-31,21:17:26,666.6256311733333,2.0787047,9.42813952,5
2024-05-31 21:25:04,2024-05-31,21:25:04,728.1835675466667,2.1573746833333334,15.57099095,5
2024-05-31 21:32:40,2024-05-31,21:32:40,684.9527350466666,2.0218796500000003,10.939996863333333,5
2024-05-31 21:40:13,2024-05-31,21:40:13,644.1813051600001,1.79500315,5.1743349966666665,5
2024-05-31 21:47:51,2024-05-31,21:47:51,636.4387413966666,1.8385988433333333,5.130297893333332,5
2024-05-31 21:55:29,2024-05-31,21:55:29,660.06722422,1.8125167566666667,10.009069429999998,5
2024-05-31 22:03:06,2024-05-31,22:03:06,645.9484314733332,1.7723861233333336,7.143708383333333,5
2024-05-31 22:10:43,2024-05-31,22:10:43,646.18526284,1.7384134966666664,5.488093133333333,5
2024-05-31 22:18:22,2024-05-31,22:18:22,641.5215067833333,1.6981180833333334,3.7330569933333333,5
2024-05-31 22:25:59,2024-05-31,22:25:59,636.6027015666666,1.6331670933333333,4.558715246666666,5
2024-05-31 22:33:36,2024-05-31,22:33:36,636.1472566433334,1.6441460499999998,5.137445796666667,5
2024-05-31 22:41:12,2024-05-31,22:41:12,644.9464526366667,1.7856813966666667,5.756764466666667,5
2024-05-31 22:48:49,2024-05-31,22:48:49,668.41097529,1.7495713566666666,6.905128236666667,5
2024-05-31 22:56:24,2024-05-31,22:56:24,660.8323716966667,1.7479235733333336,5.46784906,5
2024-05-31 23:04:00,2024-05-31,23:04:00,660.1036598166667,1.8518752866666668,7.0080481,5
2024-05-31 23:11:39,2024-05-31,23:11:39,647.7155577933335,1.8996610566666667,7.1739995133333325,5
2024-05-31 23:19:13,2024-05-31,23:19:13,670.8339423033333,1.87056588,7.879742876666666,5
2024-05-31 23:26:47,2024-05-31,23:26:47,775.0215238699999,1.9296507499999997,16.098286560000002,5
2024-05-31 23:34:24,2024-05-31,23:34:24,838.4194577466666,1.9937260600000002,21.40173375666667,5
2024-05-31 23:41:59,2024-05-31,23:41:59,810.3276146333334,1.84231813,16.52101279,5
2024-05-31 23:49:32,2024-05-31,23:49:32,725.9609963033332,1.9331346399999998,10.627638316666667,5
2024-05-31 23:57:09,2024-05-31,23:57:09,724.8861462766666,1.8218855933333333,10.764348293333333,5
2024-06-01 00:04:42,2024-06-01,00:04:42,740.5716695699999,1.8062551733333334,10.901808043333332,5
2024-06-01 00:12:19,2024-06-01,00:12:19,717.1618003066666,1.8571482,10.384859400000002,5
2024-06-01 00:19:55,2024-06-01,00:19:55,677.8842297766668,1.8670349066666667,7.866746683333335,5
2024-06-01 00:27:30,2024-06-01,00:27:30,702.73330501,1.9789901500000002,8.96637472,5
2024-06-01 00:35:05,2024-06-01,00:35:05,687.1388707033333,2.0421238699999997,9.193858116666666,5
2024-06-01 00:42:39,2024-06-01,00:42:39,703.0794431566668,2.1374129400000004,11.15428412,5
2024-06-01 00:50:16,2024-06-01,00:50:16,694.0069802033335,2.1526196433333333,10.358267186666666,5
2024-06-01 00:57:53,2024-06-01,00:57:53,713.9372502233333,2.098619363333333,11.742112006666666,5
2024-06-01 01:05:29,2024-06-01,01:05:29,705.0105296466667,2.2536053433333336,12.996494736666667,5
2024-06-01 01:13:01,2024-06-01,01:13:01,737.4382084700001,2.1798316399999997,12.546226573333334,5
2024-06-01 01:20:37,2024-06-01,01:20:37,729.4041599533334,2.134541083333333,14.83595616,5
2024-06-01 01:28:15,2024-06-01,01:28:15,738.5677118899999,2.2295476766666664,14.90768516,5
2024-06-01 01:35:52,2024-06-01,01:35:52,723.64733607,2.263774536666667,12.577367456666666,5
2024-06-01 01:43:29,2024-06-01,01:43:29,808.0321722,2.4110394566666664,20.31705134,5
2024-06-01 01:51:07,2024-06-01,01:51:07,778.0638959866666,2.3068994266666665,18.16668095,5
2024-06-01 01:58:44,2024-06-01,01:58:44,708.4172576999999,2.4509629433333333,12.617905583333332,5
2024-06-01 02:06:22,2024-06-01,02:06:22,673.8945322166666,2.4139583933333335,8.39819108,5
2024-06-01 02:13:58,2024-06-01,02:13:58,673.3479983033334,2.4320840300000004,9.197657006666667,5
2024-06-01 02:21:33,2024-06-01,02:21:33,721.7709029733332,2.4410291533333335,14.74083401,5
2024-06-01 02:29:13,2024-06-01,02:29:13,703.2980567200001,2.36042891,12.659043539999999,5
2024-06-01 02:36:47,2024-06-01,02:36:47,730.8251481233333,2.3921605500000003,13.94866595,5
2024-06-01 02:44:26,2024-06-01,02:44:26,729.7685158933333,2.319375513333333,15.120772766666667,5
2024-06-01 02:52:03,2024-06-01,02:52:03,709.51032553,2.3117957033333334,12.266458486666666,5
2024-06-01 02:59:39,2024-06-01,02:59:39,676.8458153433334,2.390983556666667,10.16002523,5
2024-06-01 03:07:14,2024-06-01,03:07:14,655.8406952966666,2.36240625,8.102477663333334,5
2024-06-01 03:14:48,2024-06-01,03:14:48,686.5559011933333,2.3291680666666665,9.936090796666667,5
2024-06-01 03:22:24,2024-06-01,03:22:24,695.3004437966666,2.325307543333333,9.373705463333332,5
2024-06-01 03:30:01,2024-06-01,03:30:01,696.73964977,2.3773775566666666,8.756236246666665,5
2024-06-01 03:37:39,2024-06-01,03:37:39,688.9970860033333,2.3286972733333333,10.212359910000002,5
2024-06-01 03:45:16,2024-06-01,03:45:16,691.4564886100001,2.3791195033333334,9.45303223,5
2024-06-01 03:52:54,2024-06-01,03:52:54,631.6110251633332,2.409062113333333,4.916410516666667,5
2024-06-01 04:00:30,2024-06-01,04:00:30,621.0264850533333,2.3043100533333334,3.52226871,5
2024-06-01 04:08:04,2024-06-01,04:08:04,630.4450861500001,2.47939901,5.504238409999999,5
2024-06-01 04:15:41,2024-06-01,04:15:41,706.9598339366667,2.401717703333333,11.215466206666667,5
2024-06-01 04:23:19,2024-06-01,04:23:19,676.73650856,2.438345613333333,7.83205684,5
2024-06-01 04:30:56,2024-06-01,04:30:56,608.8205610033333,2.4527990466666667,4.996886953333333,5
2024-06-01 04:38:33,2024-06-01,04:38:33,645.5658577366667,2.53674194,5.884826973333333,5
2024-06-01 04:46:09,2024-06-01,04:46:09,660.9234606866667,2.4635331933333333,6.8471952033333325,5
2024-06-01 04:53:44,2024-06-01,04:53:44,629.7345920633334,2.51070693,5.0553198466666665,5
2024-06-01 05:01:21,2024-06-01,05:01:21,629.4248895166667,2.4738907,4.45239638,5
2024-06-01 05:08:59,2024-06-01,05:08:59,609.6767974666667,2.381096846666667,4.261252343333333,5
2024-06-01 05:16:35,2024-06-01,05:16:35,605.65066431,2.37709508,2.9484367233333333,5
2024-06-01 05:24:12,2024-06-01,05:24:12,598.3635454733334,2.3081705733333333,2.5361574366666666,5
2024-06-01 05:31:53,2024-06-01,05:31:53,611.02491445,2.3379248733333333,2.4507824300000003,5
2024-06-01 05:39:30,2024-06-01,05:39:30,605.75997109,2.4021414166666664,2.98817509,5
2024-06-01 05:47:04,2024-06-01,05:47:04,623.9595503866667,2.40986247,4.691126476666667,5
2024-06-01 05:54:41,2024-06-01,05:54:41,638.9527973933333,2.4665462833333334,6.21687975,5
2024-06-01 06:02:19,2024-06-01,06:02:19,638.5702236533333,2.44573711,6.938368503333333,5
2024-06-01 06:09:58,2024-06-01,06:09:58,638.2605211033333,2.43349642,6.94696599,5
2024-06-01 06:17:34,2024-06-01,06:17:34,743.1403789566666,2.52789098,13.460258950000002,5
2024-06-01 06:25:11,2024-06-01,06:25:11,762.1415413266667,2.6145174033333336,14.117916393333331,5
2024-06-01 06:32:47,2024-06-01,06:32:47,657.1523766866667,2.7769419566666667,9.080691253333333,5
2024-06-01 06:40:21,2024-06-01,06:40:21,615.8526306800001,2.78108496,4.624845883333333,5
2024-06-01 06:47:57,2024-06-01,06:47:57,579.1984229333334,2.7926665366666668,2.3155870133333334,5
2024-06-01 06:55:32,2024-06-01,06:55:32,606.3429406,2.9641303666666663,5.09000969,5
2024-06-01 07:03:10,2024-06-01,07:03:10,693.47866409,3.0890324933333333,10.459187636666668,5
2024-06-01 07:10:49,2024-06-01,07:10:49,742.9035475999999,3.61853653,15.10102855,5
2024-06-01 07:18:26,2024-06-01,07:18:26,758.2064971566666,3.7909890333333336,15.77273188,5
2024-06-01 07:26:03,2024-06-01,07:26:03,734.4140541533334,3.878651213333333,13.782064726666666,5
2024-06-01 07:33:40,2024-06-01,07:33:40,712.2794306866666,4.021114023333333,11.807592836666666,5
2024-06-01 07:41:16,2024-06-01,07:41:16,670.0323592300001,4.054258046666667,8.547047496666666,5
2024-06-01 07:48:52,2024-06-01,07:48:52,602.82690576,4.2341491200000005,4.685728056666667,5
2024-06-01 07:56:27,2024-06-01,07:56:27,595.2483021733333,4.496005743333333,3.7750946833333336,5
2024-06-01 08:04:06,2024-06-01,08:04:06,574.6621914533333,4.661631706666666,2.9501362233333333,5
2024-06-01 08:11:44,2024-06-01,08:11:44,551.9628162833334,4.71389004,1.7443992533333335,5
2024-06-01 08:19:19,2024-06-01,08:19:19,558.2115206866666,4.608384703333333,2.3484623866666667,5
2024-06-01 08:26:53,2024-06-01,08:26:53,584.2994061200001,4.454340316666667,3.111988836666667,5
2024-06-01 08:34:27,2024-06-01,08:34:27,580.4007975366666,4.578253773333333,2.02105825,5
2024-06-01 08:42:03,2024-06-01,08:42:03,575.4819923266667,4.625427510000001,2.2593884699999998,5
2024-06-01 08:49:41,2024-06-01,08:49:41,565.9905200433333,4.754237243333333,2.2161011433333333,5
2024-06-01 08:57:13,2024-06-01,08:57:13,587.8518765499999,4.74449177,3.687070456666666,5
2024-06-01 09:04:53,2024-06-01,09:04:53,597.94453614,4.6042417,4.287894540000001,5
2024-06-01 09:12:29,2024-06-01,09:12:29,591.3496935933334,4.758945199999999,4.262851876666667,5
2024-06-01 09:20:04,2024-06-01,09:20:04,598.5457234433334,4.602640993333334,4.1410375366666665,5
2024-06-01 09:27:40,2024-06-01,09:27:40,588.4712816533333,4.388428906666667,2.9804273566666666,5
2024-06-01 09:35:15,2024-06-01,09:35:15,583.6982188133334,4.0350966533333334,2.8294715566666664,5
2024-06-01 09:42:51,2024-06-01,09:42:51,584.4815840866667,3.88105227,2.52006215,5
2024-06-01 09:50:25,2024-06-01,09:50:25,585.4289095366667,3.69612368,3.170221786666667,5
2024-06-01 09:58:01,2024-06-01,09:58:01,594.1552343466666,3.4648217000000003,2.4812735033333335,5
2024-06-01 10:05:38,2024-06-01,10:05:38,593.0621665166667,3.65328126,3.168322343333333,5
2024-06-01 10:13:13,2024-06-01,10:13:13,593.5358292466667,3.7162266600000002,3.637434986666667,5
2024-06-01 10:20:48,2024-06-01,10:20:48,679.4145247333335,5.109546833333333,62.72563447000001,5
2024-06-01 10:28:24,2024-06-01,10:28:24,695.3550971866666,4.942602646666667,50.33476241333333,5
2024-06-01 10:36:00,2024-06-01,10:36:00,635.71002951,4.2590071400000005,20.653952696666664,5
2024-06-01 10:43:36,2024-06-01,10:43:36,629.4613251066667,4.383862183333333,16.939040396666666,5
2024-06-01 10:51:11,2024-06-01,10:51:11,644.6367500833334,4.45711801,15.889847590000002,5
2024-06-01 10:58:47,2024-06-01,10:58:47,643.4343754733334,4.835261203333334,17.84527505666667,5
2024-06-01 11:06:22,2024-06-01,11:06:22,662.3626666566666,5.000604686666667,19.33433907,5
2024-06-01 11:14:02,2024-06-01,11:14:02,645.8755602866667,5.04509489,18.011376423333335,5
2024-06-01 11:21:36,2024-06-01,11:21:36,625.30766737,4.591341896666666,12.47174838,5
2024-06-01 11:29:15,2024-06-01,11:29:15,637.1310176866667,4.417241606666667,16.433688356666668,5
2024-06-01 11:36:51,2024-06-01,11:36:51,598.2360208933333,4.275579153333333,13.688492126666667,5
2024-06-01 11:44:28,2024-06-01,11:44:28,625.4716275433334,4.2931869166666665,16.45718148,5
2024-06-01 11:52:03,2024-06-01,11:52:03,622.37460204,4.2139990633333335,14.548240403333333,5
2024-06-01 11:59:44,2024-06-01,11:59:44,621.3544054,4.26004289,13.86973906,5
2024-06-01 12:07:19,2024-06-01,12:07:19,595.9952318533333,4.116026456666666,10.84632429,5
2024-06-01 12:14:59,2024-06-01,12:14:59,627.7670699766667,4.201005096666666,14.645561903333332,5
2024-06-01 12:22:34,2024-06-01,12:22:34,642.52348562,4.426940003333333,15.253733836666667,5
2024-06-01 12:30:11,2024-06-01,12:30:11,607.1991770633334,4.093475333333333,7.447669386666667,5
2024-06-01 12:37:51,2024-06-01,12:37:51,621.42727659,4.209950216666667,11.04741541,5
2024-06-01 12:45:29,2024-06-01,12:45:29,638.2423033066667,4.542614530000001,13.757771843333332,5
2024-06-01 12:53:08,2024-06-01,12:53:08,633.6149828466667,4.78370906,12.673789223333335,5
2024-06-01 13:00:46,2024-06-01,13:00:46,631.5017183833332,4.759180596666667,12.57676763,5
2024-06-01 13:08:21,2024-06-01,13:08:21,613.77580181,4.537624096666668,9.91624661,5
2024-06-01 13:15:55,2024-06-01,13:15:55,604.9401702233333,4.545957179999999,10.046358510000001,5
2024-06-01 13:23:32,2024-06-01,13:23:32,611.4257059866667,4.653204466666666,10.52186929,5
2024-06-01 13:31:12,2024-06-01,13:31:12,594.31919452,4.47204224,8.359452423333332,5
2024-06-01 13:38:51,2024-06-01,13:38:51,615.3607501566667,4.0615083,7.961518933333334,5
2024-06-01 13:46:27,2024-06-01,13:46:27,609.78610425,3.7497002400000006,7.71409138,5
2024-06-01 13:54:03,2024-06-01,13:54:03,608.78412541,3.663732926666667,8.363551223333333,5
2024-06-01 14:01:39,2024-06-01,14:01:39,635.0541888133333,3.7471579433333333,13.018138396666666,5
2024-06-01 14:09:14,2024-06-01,14:09:14,656.2961402233333,3.86311495,14.986362123333334,5
2024-06-01 14:16:47,2024-06-01,14:16:47,711.9879459333333,4.484847886666667,23.741048823333333,5
2024-06-01 14:24:21,2024-06-01,14:24:21,702.6968694166667,4.51238944,23.20870469,5
2024-06-01 14:31:58,2024-06-01,14:31:58,686.31906983,4.422655756666667,18.557566503333334,5
2024-06-01 14:39:36,2024-06-01,14:39:36,678.0117543566666,4.438615736666667,17.546862426666667,5
2024-06-01 14:47:12,2024-06-01,14:47:12,654.25574695,4.311642113333334,16.46717855,5
2024-06-01 14:54:48,2024-06-01,14:54:48,666.3705820166666,4.1808079566666665,16.568148986666667,5
2024-06-01 15:02:24,2024-06-01,15:02:24,665.47790996,4.369408756666666,16.877058543333334,5
2024-06-01 15:09:58,2024-06-01,15:09:58,669.8866168533333,4.647554913333334,16.973530293333333,5
2024-06-01 15:17:36,2024-06-01,15:17:36,670.36027958,4.618036013333334,15.984669826666666,5
2024-06-01 15:25:09,2024-06-01,15:25:09,668.4291930866667,4.5206754433333325,14.339701456666667,5
2024-06-01 15:32:46,2024-06-01,15:32:46,671.3258228266667,4.392807303333334,11.34572807,5
2024-06-01 15:40:26,2024-06-01,15:40:26,676.17175685,4.363947526666666,13.51334341,5
2024-06-01 15:48:05,2024-06-01,15:48:05,655.5127749466668,4.33847747,13.567627516666667,5
2024-06-01 15:55:44,2024-06-01,15:55:44,647.5880332133333,4.310041403333333,12.719075963333333,5
2024-06-01 16:03:21,2024-06-01,16:03:21,672.0727525066667,4.176806193333333,12.81399817,5
2024-06-01 16:11:02,2024-06-01,16:11:02,691.7115377733334,4.2487908700000006,15.658615293333332,5
2024-06-01 16:18:42,2024-06-01,16:18:42,708.4354754999999,4.361593543333334,17.30218407,5
2024-06-01 16:26:19,2024-06-01,16:26:19,756.8583801666667,4.435696803333333,24.109940816666665,5
2024-06-01 16:33:57,2024-06-01,16:33:57,738.5130585,4.454858193333333,23.28168332333333,5
2024-06-01 16:41:35,2024-06-01,16:41:35,740.49879838,4.309806003333333,22.960777283333332,5
2024-06-01 16:49:13,2024-06-01,16:49:13,769.1189576133334,4.372186446666667,26.175336086666665,5
2024-06-01 16:56:53,2024-06-01,16:56:53,782.8005232266668,4.30627504,29.364902209999997,5
2024-06-01 17:04:28,2024-06-01,17:04:28,696.7578675633334,4.068099443333334,23.36465903,5
2024-06-01 17:12:08,2024-06-01,17:12:08,710.7309179333333,4.097147540000001,25.658487416666663,5
2024-06-01 17:19:40,2024-06-01,17:19:40,661.2878166233332,3.7954615933333335,21.40073405,5
2024-06-01 17:27:17,2024-06-01,17:27:17,664.1297929733333,3.7353409699999998,21.67865267666667,5
2024-06-01 17:34:53,2024-06-01,17:34:53,683.80501383,3.540525666666667,21.490707706666665,5
2024-06-01 17:42:35,2024-06-01,17:42:35,694.48064293,3.3412848866666667,20.71893367333333,5
2024-06-01 17:50:14,2024-06-01,17:50:14,687.5032266433333,3.2693943633333333,20.0101412,5
2024-06-01 17:57:54,2024-06-01,17:57:54,723.2465445366666,3.3772066033333332,24.528318316666667,5
2024-06-01 18:05:31,2024-06-01,18:05:31,701.7495439666667,3.158286556666667,21.778623406666668,5
2024-06-01 18:13:09,2024-06-01,18:13:09,667.8097879866667,3.0128106533333336,17.18346883,5
2024-06-01 18:20:49,2024-06-01,18:20:49,650.92189008,2.9740641599999997,16.05654878,5
2024-06-01 18:28:25,2024-06-01,18:28:25,651.6141663733333,2.922512016666667,17.30143429,5
2024-06-01 18:36:04,2024-06-01,18:36:04,640.2280431866667,2.9206288333333332,15.692805283333334,5
2024-06-01 18:43:45,2024-06-01,18:43:45,653.87317321,2.6360798533333334,14.51609981,5
2024-06-01 18:51:24,2024-06-01,18:51:24,796.9193159733335,2.7881939733333336,22.11302549333333,5
2024-06-01 18:59:04,2024-06-01,18:59:04,768.68173048,2.9971331533333334,16.648075586666668,5
2024-06-01 19:06:42,2024-06-01,19:06:42,772.8718238133333,2.9767006166666667,18.297142753333333,5
2024-06-01 19:14:18,2024-06-01,19:14:18,781.2337926766667,3.14006676,22.69385543333333,5
2024-06-01 19:21:56,2024-06-01,19:21:56,699.3994481433333,3.0249571833333335,15.944681536666666,5
2024-06-01 19:29:33,2024-06-01,19:29:33,693.6061886666666,2.8802816366666666,15.296021456666667,5
2024-06-01 19:37:12,2024-06-01,19:37:12,711.1681450633333,2.8121104033333335,16.019309683333336,5
2024-06-01 19:44:51,2024-06-01,19:44:51,719.0564512033334,2.8618735166666665,15.322013843333332,5
2024-06-01 19:52:28,2024-06-01,19:52:28,672.87433558,2.73701847,11.987290223333334,5
2024-06-01 20:00:02,2024-06-01,20:00:02,673.1476025333333,2.8085323533333333,10.349869646666667,5
2024-06-01 20:07:41,2024-06-01,20:07:41,685.3535265866667,2.6630564500000005,11.244257776666666,5
2024-06-01 20:15:22,2024-06-01,20:15:22,687.7764936,2.6348557866666664,10.654880343333334,5
2024-06-01 20:23:04,2024-06-01,20:23:04,641.72190255,2.685230933333333,8.74498954,5
2024-06-01 20:30:40,2024-06-01,20:30:40,602.6082921966666,2.3931962966666664,5.276055213333334,5
2024-06-01 20:38:20,2024-06-01,20:38:20,608.3286804833333,2.35821617,6.539635246666667,5
2024-06-01 20:45:57,2024-06-01,20:45:57,657.2799012666667,2.1986163933333334,7.328854173333333,5
2024-06-01 20:53:36,2024-06-01,20:53:36,643.2521975066667,1.9979632233333333,4.54441943,5
2024-06-01 21:01:11,2024-06-01,21:01:11,650.3207027799999,2.011145503333333,6.629109053333333,5
2024-06-01 21:08:48,2024-06-01,21:08:48,656.6058427733333,1.9839335066666666,5.556073229999999,5
2024-06-01 21:16:26,2024-06-01,21:16:26,649.1183281733333,1.9469760366666666,6.038531966666667,5
2024-06-01 21:24:03,2024-06-01,21:24:03,635.3821091633334,1.9863345666666665,7.035040203333334,5
2024-06-01 21:31:44,2024-06-01,21:31:44,613.4478814633334,1.9957504833333333,6.500446723333333,5
2024-06-01 21:39:21,2024-06-01,21:39:21,611.0795678433334,1.94961249,6.45855899,5
2024-06-01 21:46:55,2024-06-01,21:46:55,608.54729405,2.162506356666667,7.0027996366666665,5
2024-06-01 21:54:29,2024-06-01,21:54:29,615.2150077833334,2.132375423333333,7.385887473333334,5
2024-06-01 22:02:03,2024-06-01,22:02:03,620.1520307966666,2.2492740233333333,7.454817293333332,5
2024-06-01 22:09:35,2024-06-01,22:09:35,615.5611459266667,2.2772392900000002,7.910283936666666,5
2024-06-01 22:17:12,2024-06-01,22:17:12,636.9488397133333,2.2554885266666664,10.39025782,5
2024-06-01 22:24:51,2024-06-01,22:24:51,655.4034681666667,2.3775658766666665,12.683486383333333,5
2024-06-01 22:32:28,2024-06-01,22:32:28,652.0149579033333,2.29075113,8.843710636666666,5
2024-06-01 22:40:03,2024-06-01,22:40:03,641.1935864366666,2.16773219,7.618369406666666,5
2024-06-01 22:47:42,2024-06-01,22:47:42,632.9955777433333,2.2754502700000003,8.585636196666664,5
2024-06-01 22:55:21,2024-06-01,22:55:21,619.4233189133333,2.2793578733333333,7.348848323333333,5
2024-06-01 23:02:54,2024-06-01,23:02:54,599.4019599066667,2.2984721833333333,6.549532353333333,5
2024-06-01 23:10:29,2024-06-01,23:10:29,617.72906378,2.22135583,7.090823866666667,5
2024-06-01 23:18:07,2024-06-01,23:18:07,614.6684738700001,2.09358185,6.165944663333334,5
2024-06-01 23:25:45,2024-06-01,23:25:45,619.93341723,2.1218766766666666,6.409973216666667,5
2024-06-01 23:33:21,2024-06-01,23:33:21,654.4561427166667,2.17121608,8.445427253333333,5
2024-06-01 23:40:59,2024-06-01,23:40:59,643.8716026066667,2.2326078500000004,9.201056006666667,5
2024-06-01 23:48:37,2024-06-01,23:48:37,726.0520852866666,2.17987872,16.85606469,5
2024-06-01 23:56:13,2024-06-01,23:56:13,700.2556846066667,2.3093004866666664,15.21919395,5
2024-06-02 00:03:51,2024-06-02,00:03:51,688.4323342933334,2.154926543333333,14.933477606666665,5
2024-06-02 00:11:28,2024-06-02,00:11:28,672.6192864166667,2.1526196433333333,13.54623378,5
2024-06-02 00:19:03,2024-06-02,00:19:03,677.2466068766666,2.2093976166666667,13.889483276666667,5
2024-06-02 00:26:42,2024-06-02,00:26:42,664.6945446833333,2.0617560533333332,11.657836686666668,5
2024-06-02 00:34:22,2024-06-02,00:34:22,625.48984534,2.14075559,7.088674496666667,5
2024-06-02 00:41:59,2024-06-02,00:41:59,612.02689329,2.25054517,6.501696356666666,5
2024-06-02 00:49:37,2024-06-02,00:49:37,605.14056599,2.1153326166666666,5.677337726666667,5
2024-06-02 00:57:13,2024-06-02,00:57:13,600.3857209500001,2.16321255,6.2611168,5
2024-06-02 01:04:50,2024-06-02,01:04:50,601.6063133566668,2.15511486,6.554131006666666,5
2024-06-02 01:12:30,2024-06-02,01:12:30,622.5932156033333,2.26424533,8.294271506666666,5
2024-06-02 01:20:12,2024-06-02,01:20:12,638.2423033033333,2.05737765,8.474718673333333,5
2024-06-02 01:27:51,2024-06-02,01:27:51,609.2577881333333,2.1565272466666667,6.696089440000001,5
2024-06-02 01:35:27,2024-06-02,01:35:27,606.7437321366667,2.1124607633333334,6.610014643333334,5
2024-06-02 01:43:06,2024-06-02,01:43:06,614.2312467366667,2.2095859333333334,7.267822043333333,5
2024-06-02 01:50:43,2024-06-02,01:50:43,632.5765684133333,2.1303510033333333,6.84494586,5
2024-06-02 01:58:19,2024-06-02,01:58:19,628.5322174566667,2.1835038499999997,6.866089666666666,5
2024-06-02 02:05:56,2024-06-02,02:05:56,638.6248770433333,2.45251657,8.579438013333332,5
2024-06-02 02:13:33,2024-06-02,02:13:33,611.5714483633334,2.4691827400000004,5.499739723333334,5
2024-06-02 02:21:09,2024-06-02,02:21:09,572.9861541233334,2.2336436,1.0102951966666667,5
2024-06-02 02:28:46,2024-06-02,02:28:46,579.7631746433334,1.9931140233333335,1.4404927366666669,5
2024-06-02 02:36:25,2024-06-02,02:36:25,559.7782512333333,1.8987194666666667,0.8974572333333333,5
2024-06-02 02:43:59,2024-06-02,02:43:59,555.6646726499999,1.8169422366666665,0.6685992399999999,5
2024-06-02 02:51:39,2024-06-02,02:51:39,561.9461690866666,1.8036657966666667,0.50575192,5
2024-06-02 02:59:18,2024-06-02,02:59:18,575.9192194566667,1.72899758,0.7192943966666666,5
2024-06-02 03:06:59,2024-06-02,03:06:59,572.8404117499999,1.6944411700000002,1.14846874,5
2024-06-02 03:14:34,2024-06-02,03:14:34,573.0043719233333,1.63980061,0.7455817000000001,5
2024-06-02 03:22:07,2024-06-02,03:22:07,577.3584254266666,1.6766027166666666,0.3353913,5
2024-06-02 03:29:47,2024-06-02,03:29:47,568.86893198,1.6377102766666667,-0.23127728666666666,5
2024-06-02 03:37:25,2024-06-02,03:37:25,579.4352542933333,1.5877117600000001,-0.3542842666666666,5
2024-06-02 03:45:03,2024-06-02,03:45:03,560.7620122733333,1.5644544466666668,-0.6056176799999999,5
2024-06-02 03:52:39,2024-06-02,03:52:39,559.0313215533333,1.6543199500000003,-1.1324184366666668,5
2024-06-02 04:00:15,2024-06-02,04:00:15,546.77438767,1.4638736333333335,-1.9934163466666668,5
2024-06-02 04:07:55,2024-06-02,04:07:55,544.8141527,1.51721009,-2.3728052633333334,5
2024-06-02 04:15:33,2024-06-02,04:15:33,545.14207305,1.5995899366666666,-2.3898002833333334,5
2024-06-02 04:23:10,2024-06-02,04:23:10,550.9316889666667,1.6532936166666665,-1.9951658300000001,5
2024-06-02 04:30:49,2024-06-02,04:30:49,548.3811973733333,1.60809722,-1.93318398,5
2024-06-02 04:38:22,2024-06-02,04:38:22,561.2721105966666,1.7419915466666664,-0.6720017433333334,5
2024-06-02 04:46:03,2024-06-02,04:46:03,558.4665698433333,1.6907689633333334,-1.10149294,5
2024-06-02 04:53:40,2024-06-02,04:53:40,560.4340919299999,1.6800818966666666,-1.2042923933333334,5
2024-06-02 05:01:17,2024-06-02,05:01:17,549.1281270566667,1.6759388966666666,0.7254675866666666,5
2024-06-02 05:08:54,2024-06-02,05:08:54,549.1117310333333,1.7911897066666667,0.4092501766666667,5
2024-06-02 05:16:31,2024-06-02,05:16:31,583.93505018,1.8195786966666667,2.0143052299999997,5
2024-06-02 05:24:06,2024-06-02,05:24:06,614.8688696366667,1.89184585,5.597461113333334,5
2024-06-02 05:31:43,2024-06-02,05:31:43,579.76317464,1.9237658033333336,2.6993096666666667,5
2024-06-02 05:39:20,2024-06-02,05:39:20,588.3801926666666,1.8241454133333332,2.3760543133333334,5
2024-06-02 05:46:53,2024-06-02,05:46:53,626.5829131666667,1.9041806966666668,5.2949996666666665,5
2024-06-02 05:54:31,2024-06-02,05:54:31,609.9682822200001,1.968538483333333,4.556565873333334,5
2024-06-02 06:02:08,2024-06-02,06:02:08,612.3730314366667,1.9746117500000002,4.282146223333333,5
2024-06-02 06:09:45,2024-06-02,06:09:45,576.0285262366666,1.9875586366666667,1.8603153166666668,5
2024-06-02 06:17:23,2024-06-02,06:17:23,578.90693818,1.9855342166666665,1.5453075466666668,5
2024-06-02 06:25:00,2024-06-02,06:25:00,581.0019848433333,1.9695271566666668,1.4920681366666668,5
2024-06-02 06:32:36,2024-06-02,06:32:36,545.9819134966666,2.08449549,-0.9908598833333334,5
2024-06-02 06:40:15,2024-06-02,06:40:15,541.92116652,2.0978660899999997,-0.5307496033333333,5
2024-06-02 06:47:51,2024-06-02,06:47:51,532.5098525433333,2.06443959,-1.2968702866666666,5
2024-06-02 06:55:23,2024-06-02,06:55:23,566.6427171766667,2.13279914,0.49434526000000006,5
2024-06-02 07:03:01,2024-06-02,07:03:01,570.1441777766667,2.2397168633333338,0.5303547166666667,5
2024-06-02 07:10:37,2024-06-02,07:10:37,562.7841877533333,2.2580779033333336,-0.4723567,5
2024-06-02 07:18:09,2024-06-02,07:18:09,582.4229730166667,2.1951325066666665,0.54111157,5
2024-06-02 07:25:49,2024-06-02,07:25:49,587.3599960299999,2.3463050366666667,1.5903943466666668,5
2024-06-02 07:33:26,2024-06-02,07:33:26,572.89506514,2.4525165700000002,-0.028457620000000034,5
2024-06-02 07:41:02,2024-06-02,07:41:02,569.7251684466668,2.5666374733333335,0.09316372333333334,5
2024-06-02 07:48:40,2024-06-02,07:48:40,575.8827838633333,2.7226591966666667,-0.14122365,5
2024-06-02 07:56:12,2024-06-02,07:56:12,565.9540844466667,3.0433653,-0.14118366000000002,5
2024-06-02 08:03:47,2024-06-02,08:03:47,566.68279633,3.21026241,-0.26159340666666664,5
2024-06-02 08:11:26,2024-06-02,08:11:26,563.9136911733333,3.2939699066666663,-0.6666648066666666,5
2024-06-02 08:19:03,2024-06-02,08:19:03,563.7679487966666,3.2793281566666668,0.24211410999999997,5
2024-06-02 08:26:41,2024-06-02,08:26:41,548.5105437333333,3.32127606,-0.6129205433333333,5
2024-06-02 08:34:16,2024-06-02,08:34:16,533.9545238566667,3.1390780866666663,-1.38429469,5
2024-06-02 08:41:54,2024-06-02,08:41:54,549.90420521,3.02547506,-0.7142408766666666,5
2024-06-02 08:49:30,2024-06-02,08:49:30,562.20121825,2.9400727,-0.17240451999999995,5
2024-06-02 08:57:08,2024-06-02,08:57:08,549.82222512,3.1975038466666668,-0.6918554299999999,5
2024-06-02 09:04:43,2024-06-02,09:04:43,553.1068939366666,2.9621530266666665,-0.43434282333333335,5
2024-06-02 09:12:19,2024-06-02,09:12:19,543.0014818933333,2.9139435366666664,-1.4990610900000003,5
2024-06-02 09:19:56,2024-06-02,09:19:56,577.6863457733333,3.489303083333333,25.66500050666667,5
2024-06-02 09:27:30,2024-06-02,09:27:30,566.2637869966667,3.5833680833333332,27.21403196333333,5
2024-06-02 09:35:07,2024-06-02,09:35:07,563.3307216666667,3.38186748,19.897674133333332,5
2024-06-02 09:42:42,2024-06-02,09:42:42,561.74577332,3.1999990633333333,11.995537810000002,5
2024-06-02 09:50:16,2024-06-02,09:50:16,581.3663407866667,3.0020765066666666,10.66277803,5
2024-06-02 09:57:56,2024-06-02,09:57:56,593.7726606066666,2.8596137,13.885134549999998,5
2024-06-02 10:05:34,2024-06-02,10:05:34,568.7778429966667,2.72397743,12.273906306666667,5
2024-06-02 10:13:10,2024-06-02,10:13:10,593.8090962033333,2.65768938,12.985098073333333,5
2024-06-02 10:20:48,2024-06-02,10:20:48,587.1049468699999,2.6669169766666667,9.602288530000001,5
2024-06-02 10:28:30,2024-06-02,10:28:30,579.3077297133333,2.7352765266666665,9.140423763333333,5
2024-06-02 10:36:14,2024-06-02,10:36:14,580.9291136566667,2.8574009566666665,9.23459619,5
2024-06-02 10:43:55,2024-06-02,10:43:55,581.5303009600001,2.9445452566666668,9.280682696666666,5
2024-06-02 10:51:31,2024-06-02,10:51:31,605.7599710899999,3.131827833333333,14.99081082,5
2024-06-02 10:59:09,2024-06-02,10:59:09,606.2882872066667,3.0493914866666665,14.371092266666667,5
2024-06-02 11:06:45,2024-06-02,11:06:45,602.3350252366668,3.0547585566666666,14.056034513333335,5
2024-06-02 11:14:20,2024-06-02,11:14:20,607.8185821633333,3.0233564800000003,12.235867443333333,5
2024-06-02 11:21:55,2024-06-02,11:21:55,664.91315825,3.241240776666667,17.23540362,5
2024-06-02 11:29:32,2024-06-02,11:29:32,659.19276996,3.4053601933333333,15.745489856666667,5
2024-06-02 11:37:10,2024-06-02,11:37:10,636.2929990166666,3.6556823233333335,12.550175413333333,5
2024-06-02 11:44:47,2024-06-02,11:44:47,628.1860793100001,3.56260599,11.828586693333333,5
2024-06-02 11:52:26,2024-06-02,11:52:26,625.1619249966666,3.6194781233333337,11.552817433333333,5
2024-06-02 12:00:01,2024-06-02,12:00:01,660.5226691500001,3.68152901,14.611721813333332,5
2024-06-02 12:07:40,2024-06-02,12:07:40,645.5294221433332,3.6549761233333338,12.873930623333331,5
2024-06-02 12:15:16,2024-06-02,12:15:16,619.1136163599999,3.711565783333333,10.820281913333334,5
2024-06-02 12:22:52,2024-06-02,12:22:52,639.59042029,3.8544993866666672,14.039289416666668,5
2024-06-02 12:30:29,2024-06-02,12:30:29,652.5797096166667,3.9719158599999997,13.51664244,5
2024-06-02 12:38:06,2024-06-02,12:38:06,636.4933947866666,4.247001846666667,12.204626589999998,5
2024-06-02 12:45:44,2024-06-02,12:45:44,631.4835005866667,4.4200193033333335,11.732464833333333,5
2024-06-02 12:53:19,2024-06-02,12:53:19,640.3191321733333,4.6285818433333334,12.01063339,5
2024-06-02 13:00:55,2024-06-02,13:00:55,640.48309235,4.659701446666666,10.863419283333334,5
2024-06-02 13:08:27,2024-06-02,13:08:27,641.0660618533333,4.75875688,11.039867623333334,5
2024-06-02 13:16:06,2024-06-02,13:16:06,674.0038389966667,4.614269653333333,14.979364170000002,5
2024-06-02 13:23:44,2024-06-02,13:23:44,646.3310052133334,4.388287663333333,12.333788773333334,5
2024-06-02 13:31:20,2024-06-02,13:31:20,640.9567550733333,4.14097863,10.939247083333333,5
2024-06-02 13:38:54,2024-06-02,13:38:54,618.42134007,3.8298296866666663,7.63236531,5
2024-06-02 13:46:24,2024-06-02,13:46:24,649.8288222566667,3.7912244299999998,10.251848346666668,5
2024-06-02 13:54:01,2024-06-02,13:54:01,636.0379498566667,3.57239854,7.683300393333333,5
2024-06-02 14:01:34,2024-06-02,14:01:34,618.6581714333333,3.228388053333333,6.741576126666668,5
2024-06-02 14:09:08,2024-06-02,14:09:08,648.0070425466666,2.8171479166666664,9.186110386666668,5
2024-06-02 14:16:46,2024-06-02,14:16:46,664.0933573799999,2.82543392,11.087253746666667,5
2024-06-02 14:24:21,2024-06-02,14:24:21,668.04661935,2.9743466366666667,14.250127683333332,5
2024-06-02 14:31:54,2024-06-02,14:31:54,681.5460069933333,2.9764181366666667,15.655466213333334,5
2024-06-02 14:39:30,2024-06-02,14:39:30,641.02962626,2.772893113333333,11.736963516666668,5
2024-06-02 14:47:10,2024-06-02,14:47:10,594.57424368,2.7760003633333334,7.020794370000001,5
2024-06-02 14:54:49,2024-06-02,14:54:49,570.1623955766667,2.4514337366666665,3.7218102833333333,5
2024-06-02 15:02:27,2024-06-02,15:02:27,602.4443320199999,2.372198806666667,5.174984806666667,5
2024-06-02 15:10:01,2024-06-02,15:10:01,611.9722399000001,2.3887237366666665,6.250519903333334,5
2024-06-02 15:17:33,2024-06-02,15:17:33,637.8050761766667,2.3926784233333334,6.903328766666667,5
2024-06-02 15:25:10,2024-06-02,15:25:10,631.4652827866666,2.3917839099999996,4.540170673333333,5
2024-06-02 15:32:46,2024-06-02,15:32:46,648.3349628933333,2.508964986666667,6.44506294,5
2024-06-02 15:40:20,2024-06-02,15:40:20,665.5872167399999,2.621343943333333,7.255075776666668,5
2024-06-02 15:47:55,2024-06-02,15:47:55,652.9622833533334,2.6658812266666665,8.143565633333333,5
2024-06-02 15:55:28,2024-06-02,15:55:28,677.5016560400001,2.8144643800000004,11.084704493333334,5
2024-06-02 16:02:59,2024-06-02,16:02:59,663.2371209166666,2.85029194,10.457438150000002,5
2024-06-02 16:10:34,2024-06-02,16:10:34,684.1693697733334,2.9991104933333332,13.517792106666667,5
2024-06-02 16:18:12,2024-06-02,16:18:12,675.7163119233334,3.0012761566666666,14.768176003333332,5
2024-06-02 16:25:47,2024-06-02,16:25:47,638.5155702633334,2.88216482,9.7560935,5
2024-06-02 16:33:22,2024-06-02,16:33:22,643.59833565,2.8169125200000003,11.832785463333332,5
2024-06-02 16:40:58,2024-06-02,16:40:58,633.21419131,2.6939877366666667,10.8288794,5
2024-06-02 16:48:34,2024-06-02,16:48:34,626.92905131,2.5629652633333335,7.989460756666666,5
2024-06-02 16:56:14,2024-06-02,16:56:14,638.7341838266667,2.480952633333333,9.413893693333334,5
2024-06-02 17:03:52,2024-06-02,17:03:52,685.5357045566667,2.499972786666667,11.810092106666668,5
2024-06-02 17:11:25,2024-06-02,17:11:25,688.6509478566668,2.5132963066666663,12.374776769999999,5
2024-06-02 17:19:03,2024-06-02,17:19:03,731.5902956033333,2.448561886666667,15.633122756666666,5
2024-06-02 17:26:41,2024-06-02,17:26:41,758.0607547766667,2.56583712,18.074208029999998,5
2024-06-02 17:34:18,2024-06-02,17:34:18,797.2108007266667,2.705098516666667,19.473298386666666,5
2024-06-02 17:41:55,2024-06-02,17:41:55,753.5609588966666,2.6744967900000005,17.07914937,5
2024-06-02 17:49:31,2024-06-02,17:49:31,679.1959111699999,2.6376334766666667,12.795803496666666,5
2024-06-02 17:57:07,2024-06-02,17:57:07,662.8727649733333,2.486696343333333,10.845174626666667,5
2024-06-02 18:04:42,2024-06-02,18:04:42,621.95559271,2.4824591799999998,7.83290659,5
2024-06-02 18:12:19,2024-06-02,18:12:19,731.5538600066666,2.716162216666667,18.190274043333332,5
2024-06-02 18:19:54,2024-06-02,18:19:54,755.3827386033332,2.6873024366666662,19.04092498,5
2024-06-02 18:27:31,2024-06-02,18:27:31,731.37168204,2.56899145,15.529553076666666,5
2024-06-02 18:35:04,2024-06-02,18:35:04,708.19864414,2.365183946666667,13.393578473333335,5
2024-06-02 18:42:40,2024-06-02,18:42:40,719.8580342766667,2.3731403933333333,13.260567420000001,5
2024-06-02 18:50:17,2024-06-02,18:50:17,711.9697281366667,2.411133616666667,13.041231636666666,5
2024-06-02 18:57:54,2024-06-02,18:57:54,732.79267021,2.3252133833333333,13.31480154,5
2024-06-02 19:05:35,2024-06-02,19:05:35,755.9292725199999,2.40623734,15.232789969999999,5
2024-06-02 19:13:12,2024-06-02,19:13:12,763.4532227166668,2.42116157,17.699317793333332,5
2024-06-02 19:20:48,2024-06-02,19:20:48,707.1055763166665,2.39201931,14.08152705,5
2024-06-02 19:28:23,2024-06-02,19:28:23,661.8525683333334,2.180679073333333,8.164559486666667,5
2024-06-02 19:35:59,2024-06-02,19:35:59,649.6466442833333,2.1351060366666665,7.101370776666666,5
2024-06-02 19:43:30,2024-06-02,19:43:30,664.8585048566666,2.18345677,7.0251431,5
2024-06-02 19:51:06,2024-06-02,19:51:06,656.6422783666667,1.9898184566666668,6.166394530000001,5
2024-06-02 19:58:43,2024-06-02,19:58:43,633.70607183,2.037886706666667,5.111703336666667,5
2024-06-02 20:06:21,2024-06-02,20:06:21,641.28467542,2.01039223,4.252454916666667,5
2024-06-02 20:14:00,2024-06-02,20:14:00,641.6308135633334,1.9610057533333336,4.735363526666666,5
2024-06-02 20:21:34,2024-06-02,20:21:34,643.6347712466667,1.89179877,6.219179073333333,5
2024-06-02 20:29:11,2024-06-02,20:29:11,640.1916075966666,2.057330573333333,5.381374376666667,5
2024-06-02 20:36:47,2024-06-02,20:36:47,646.91397472,1.8900568266666664,5.713677083333334,5
2024-06-02 20:44:22,2024-06-02,20:44:22,641.3757644066667,1.9199994400000004,4.71861843,5
2024-06-02 20:52:01,2024-06-02,20:52:01,640.0640830166667,1.8909042566666665,3.76739694,5
2024-06-02 20:59:32,2024-06-02,20:59:32,631.75676754,1.91543272,3.8255798999999997,5
2024-06-02 21:07:10,2024-06-02,21:07:10,633.2870624966666,1.9376542800000003,3.534165226666667,5
2024-06-02 21:14:45,2024-06-02,21:14:45,659.6117792966667,1.9772011299999999,6.685492546666667,5
2024-06-02 21:22:22,2024-06-02,21:22:22,657.7353461966667,2.0304481366666667,6.1658446966666665,5
2024-06-02 21:30:01,2024-06-02,21:30:01,664.5852379033335,1.9990931333333333,7.28371739,5
2024-06-02 21:37:38,2024-06-02,21:37:38,659.19276996,1.9821444833333335,6.228976206666666,5
2024-06-02 21:45:18,2024-06-02,21:45:18,660.9234606866667,1.9053106100000001,6.467406400000001,5
2024-06-02 21:52:56,2024-06-02,21:52:56,658.5915826566667,1.91058352,6.63625696,5
2024-06-02 22:00:37,2024-06-02,22:00:37,648.1163493299999,1.9333700366666668,6.18473916,5
2024-06-02 22:08:19,2024-06-02,22:08:19,660.8870250933334,1.9637363666666667,6.3293468200000005,5
2024-06-02 22:15:57,2024-06-02,22:15:57,659.5024725133334,1.8673644666666664,5.892174823333334,5
2024-06-02 22:23:33,2024-06-02,22:23:33,643.2886331,1.87508552,4.796745553333333,5
2024-06-02 22:31:08,2024-06-02,22:31:08,645.7844713033332,1.7966980166666666,5.59336231,5
2024-06-02 22:38:47,2024-06-02,22:38:47,655.6585173266667,1.9943380966666666,5.58906357,5
2024-06-02 22:46:25,2024-06-02,22:46:25,656.31435802,1.8460374166666667,4.912211746666667,5
2024-06-02 22:54:01,2024-06-02,22:54:01,661.99831071,1.89278744,6.587321290000001,5
2024-06-02 23:01:40,2024-06-02,23:01:40,640.5559635366667,1.9115251166666667,5.084261369999999,5
2024-06-02 23:09:14,2024-06-02,23:09:14,659.0834631766667,1.8442483933333333,5.430609963333333,5
2024-06-02 23:16:54,2024-06-02,23:16:54,670.7975067066667,1.8733906533333335,7.742932936666667,5
2024-06-02 23:24:29,2024-06-02,23:24:29,690.6731233366667,1.83422044,8.467470796666667,5
2024-06-02 23:32:06,2024-06-02,23:32:06,693.4786640899998,1.7272085533333332,6.554580876666666,5
2024-06-02 23:39:43,2024-06-02,23:39:43,701.18479226,1.9031920300000003,6.024736006666667,5
2024-06-02 23:47:21,2024-06-02,23:47:21,744.7617629033333,1.8531464333333334,9.414693456666667,5
2024-06-02 23:54:57,2024-06-02,23:54:57,832.0067931733333,1.9392549866666668,17.039610946666667,5
2024-06-03 00:02:34,2024-06-03,00:02:34,736.8370211666667,1.93751304,10.331125133333332,5
2024-06-03 00:10:12,2024-06-03,00:10:12,658.7191072366667,1.9068642333333334,6.061275309999999,5
2024-06-03 00:17:49,2024-06-03,00:17:49,662.4355378466666,1.9157151966666666,7.031591209999999,5
2024-06-03 00:25:27,2024-06-03,00:25:27,647.7337755899999,1.9330875633333335,5.441606743333334,5
2024-06-03 00:33:06,2024-06-03,00:33:06,632.3397370466666,1.9562036366666666,4.08085516,5
2024-06-03 00:40:41,2024-06-03,00:40:41,643.3979398833334,2.01175754,5.544276683333333,5
2024-06-03 00:48:17,2024-06-03,00:48:17,652.7983231799999,1.9860050100000002,6.208882093333333,5
2024-06-03 00:55:51,2024-06-03,00:55:51,624.79756905,1.9115251133333333,2.8360196366666663,5
2024-06-03 01:03:27,2024-06-03,01:03:27,640.9931906666667,1.9560623933333334,3.731657403333333,5
2024-06-03 01:11:06,2024-06-03,01:11:06,617.5833214033333,1.7691093833333333,2.1381889566666668,5
2024-06-03 01:18:42,2024-06-03,01:18:42,622.4656910233333,1.90465149,3.0959935200000004,5
2024-06-03 01:26:20,2024-06-03,01:26:20,622.4656910266667,1.94895338,4.391514203333333,5
2024-06-03 01:33:58,2024-06-03,01:33:58,617.36470784,1.8289946099999999,1.6619683900000002,5
2024-06-03 01:41:32,2024-06-03,01:41:32,616.3809467966666,1.8069142866666665,1.0776594733333333,5
2024-06-03 01:49:12,2024-06-03,01:49:12,615.6886705033334,1.9248486333333332,2.7349992166666666,5
2024-06-03 01:56:50,2024-06-03,01:56:50,601.7702735299999,1.8428830866666666,1.5490364566666666,5
2024-06-03 02:04:30,2024-06-03,02:04:30,588.3437570733334,1.9327580033333334,1.14063103,5
2024-06-03 02:12:07,2024-06-03,02:12:07,618.6217358366666,1.9482942666666665,3.2718420333333333,5
2024-06-03 02:19:46,2024-06-03,02:19:46,621.2268808233333,1.9153385566666665,3.0667021,5
2024-06-03 02:27:22,2024-06-03,02:27:22,594.6471148666667,1.84467211,2.223948846666667,5
2024-06-03 02:34:57,2024-06-03,02:34:57,619.2229231433333,1.9370893233333335,4.608965536666666,5
2024-06-03 02:42:37,2024-06-03,02:42:37,625.2347961833334,1.9402436566666665,6.639106123333334,5
2024-06-03 02:50:12,2024-06-03,02:50:12,625.0708360099999,1.8420827333333334,5.52188324,5
2024-06-03 02:57:50,2024-06-03,02:57:50,608.58372964,1.9793667866666667,4.292843093333333,5
2024-06-03 03:05:26,2024-06-03,03:05:26,620.133813,1.8814412600000001,3.98128431,5
2024-06-03 03:13:01,2024-06-03,03:13:01,593.0621665166667,1.90973609,2.1057884433333336,5
2024-06-03 03:20:38,2024-06-03,03:20:38,592.7706817666666,1.9171746633333333,1.84360021,5
2024-06-03 03:28:19,2024-06-03,03:28:19,621.9191571133333,1.8203460900000001,2.7358889533333333,5
2024-06-03 03:35:55,2024-06-03,03:35:55,619.0407451699999,1.8208969199999998,2.2675060933333335,5
2024-06-03 03:43:35,2024-06-03,03:43:35,625.7631123,1.83544451,3.0405097666666663,5
2024-06-03 03:51:10,2024-06-03,03:51:10,614.8688696366667,1.8851134700000003,2.1865597933333336,5
2024-06-03 03:58:45,2024-06-03,03:58:45,598.3999810633333,1.8063022499999999,1.91893815,5
2024-06-03 04:06:22,2024-06-03,04:06:22,587.1231646666666,1.8766391433333336,0.9348012966666666,5
2024-06-03 04:13:59,2024-06-03,04:13:59,605.1770015833334,1.9316280933333332,2.1199842866666665,5
2024-06-03 04:21:37,2024-06-03,04:21:37,625.0890538066666,1.9231537733333333,3.6665764566666663,5
2024-06-03 04:29:15,2024-06-03,04:29:15,633.3417158866667,1.8796522366666668,2.4170922966666666,5
2024-06-03 04:36:54,2024-06-03,04:36:54,635.8557718866666,1.9648191966666666,3.3907072300000003,5
2024-06-03 04:44:31,2024-06-03,04:44:31,638.1694321200001,1.9896772166666665,5.2986486033333335,5
2024-06-03 04:52:10,2024-06-03,04:52:10,670.52423975,2.111707486666667,8.917139140000002,5
2024-06-03 04:59:46,2024-06-03,04:59:46,664.8038514666667,2.12959773,7.977764176666668,5
2024-06-03 05:07:23,2024-06-03,05:07:23,683.31313331,2.1549736200000003,8.955527896666666,5
2024-06-03 05:14:58,2024-06-03,05:14:58,778.4282519266667,2.3228594066666663,17.855622026666666,5
2024-06-03 05:22:36,2024-06-03,05:22:36,765.9672787166668,2.3469641500000002,16.138574766666668,5
2024-06-03 05:30:16,2024-06-03,05:30:16,676.2081924466667,2.30440421,8.315065420000002,5
2024-06-03 05:37:57,2024-06-03,05:37:57,641.4304177966666,2.3002612066666663,5.897623223333333,5
2024-06-03 05:45:31,2024-06-03,05:45:31,622.3746020399999,2.1503127466666667,3.4473906333333333,5
2024-06-03 05:53:05,2024-06-03,05:53:05,657.82643518,2.17983164,6.904228499999999,5
2024-06-03 06:00:42,2024-06-03,06:00:42,701.6402371833333,2.20694948,15.310267283333333,5
2024-06-03 06:08:17,2024-06-03,06:08:17,695.6647997366666,2.207749833333333,11.532123493333335,5
2024-06-03 06:15:56,2024-06-03,06:15:56,689.32500635,2.2534641033333336,12.107155126666667,5
2024-06-03 06:23:27,2024-06-03,06:23:27,665.3321675799999,2.2930109499999998,8.267729276666667,5
2024-06-03 06:31:02,2024-06-03,06:31:02,664.1297929733333,2.35939316,6.992852553333333,5
2024-06-03 06:38:42,2024-06-03,06:38:42,620.0791596066666,2.2877851166666665,3.734506566666667,5
2024-06-03 06:46:17,2024-06-03,06:46:17,624.5060843,2.3935258533333332,3.476532103333333,5
2024-06-03 06:53:55,2024-06-03,06:53:55,659.5024725133334,2.4385339333333333,6.20458335,5
2024-06-03 07:01:33,2024-06-03,07:01:33,700.0370710399999,2.5414969766666666,9.199156566666666,5
2024-06-03 07:09:07,2024-06-03,07:09:07,797.8484236266668,2.8122045633333332,17.990582513333333,5
2024-06-03 07:16:46,2024-06-03,07:16:46,834.1200576366667,3.1133255566666667,21.52969629,5
2024-06-03 07:24:24,2024-06-03,07:24:24,724.3396123633332,3.25654164,14.742833426666666,5
2024-06-03 07:31:58,2024-06-03,07:31:58,626.8015267366667,3.29660636,4.975743143333333,5
2024-06-03 07:39:35,2024-06-03,07:39:35,588.54415284,3.3735814733333336,1.95134366,5
2024-06-03 07:47:08,2024-06-03,07:47:08,597.6166157933334,3.5128428733333332,2.202915003333333,5
2024-06-03 07:54:41,2024-06-03,07:54:41,639.1714109566666,3.6726309666666666,4.4895355,5
2024-06-03 08:02:17,2024-06-03,08:02:17,638.8070550166666,3.9733753266666665,4.754058053333333,5
2024-06-03 08:09:51,2024-06-03,08:09:51,621.5548011699999,4.101949656666667,3.931298946666667,5
2024-06-03 08:17:24,2024-06-03,08:17:24,613.0653077266667,3.9849569000000002,3.4610866233333333,5
2024-06-03 08:25:00,2024-06-03,08:25:00,605.9421490633334,3.893763756666667,2.9302920333333335,5
2024-06-03 08:32:36,2024-06-03,08:32:36,596.3778055900001,3.8435298466666663,2.13182582,5
2024-06-03 08:40:10,2024-06-03,08:40:10,576.0467440333333,3.7389190199999995,0.5848337666666666,5
2024-06-03 08:47:43,2024-06-03,08:47:43,591.03999104,3.7484290933333333,1.2953162433333334,5
2024-06-03 08:55:19,2024-06-03,08:55:19,624.6518266733333,3.721311253333333,3.2895368533333333,5
2024-06-03 09:02:55,2024-06-03,09:02:55,635.3456735666667,3.82686367,4.856927933333333,5
2024-06-03 09:10:27,2024-06-03,09:10:27,634.8720108466667,3.8104799799999998,3.7109634633333335,5
2024-06-03 09:18:03,2024-06-03,09:18:03,631.0644912533334,3.899224986666667,3.75240133,5
2024-06-03 09:25:36,2024-06-03,09:25:36,612.2637246533333,3.9644772833333337,2.5305090866666666,5
2024-06-03 09:33:13,2024-06-03,09:33:13,591.3861291866666,3.9595339300000005,1.1274748833333332,5
2024-06-03 09:40:49,2024-06-03,09:40:49,593.6633538233333,3.9310507799999996,1.1282446566666666,5
2024-06-03 09:48:25,2024-06-03,09:48:25,598.6185946300001,3.892304286666667,1.0423448100000001,5
2024-06-03 09:56:01,2024-06-03,09:56:01,609.8407576366666,3.8990366699999996,1.3720132866666666,5
2024-06-03 10:03:35,2024-06-03,10:03:35,621.9191571133333,4.0968650633333334,2.98082724,5
2024-06-03 10:11:11,2024-06-03,10:11:11,649.1547637633333,4.75240114,22.89779572333333,5
2024-06-03 10:18:48,2024-06-03,10:18:48,661.4517768033334,5.33312776,40.09825957333333,5
2024-06-03 10:26:26,2024-06-03,10:26:26,669.7226566833333,5.217641550000001,33.743620156666665,5
2024-06-03 10:34:00,2024-06-03,10:34:00,645.5294221433334,4.9002781,27.398477959999997,5
2024-06-03 10:41:33,2024-06-03,10:41:33,629.6799386733334,4.247284326666667,17.222657350000002,5
2024-06-03 10:49:10,2024-06-03,10:49:10,645.3472441733333,4.029635423333334,16.044002449999997,5
2024-06-03 10:56:46,2024-06-03,10:56:46,795.1521896566666,4.526042516666667,40.54412902666667,5
2024-06-03 11:04:29,2024-06-03,11:04:29,707.6338924266666,4.431271323333333,29.8782519,5
2024-06-03 11:12:08,2024-06-03,11:12:08,662.3991022499999,4.19380192,22.42643373,5
2024-06-03 11:19:50,2024-06-03,11:19:50,623.5041054566667,3.8715892733333335,14.64086328,5
2024-06-03 11:27:31,2024-06-03,11:27:31,583.22455609,3.7035622499999996,9.270735610000001,5
2024-06-03 11:35:07,2024-06-03,11:35:07,580.07287719,3.6062487566666666,10.92635086,5
2024-06-03 11:42:46,2024-06-03,11:42:46,555.78855367,3.5065812899999997,7.540442223333334,5
2024-06-03 11:50:23,2024-06-03,11:50:23,588.9449443766666,3.475791243333333,8.600181943333332,5
2024-06-03 11:58:03,2024-06-03,11:58:03,619.1136163633333,3.626775456666667,10.621390146666666,5
2024-06-03 12:05:40,2024-06-03,12:05:40,646.7500145466666,3.7947553999999997,13.942167853333332,5
2024-06-03 12:13:18,2024-06-03,12:13:18,597.6530513866668,3.74536892,9.589692220000002,5
2024-06-03 12:20:57,2024-06-03,12:20:57,611.0066966533334,3.8284173000000004,12.305846953333335,5
2024-06-03 12:28:32,2024-06-03,12:28:32,596.9972106900001,3.780537366666666,10.221957100000001,5
2024-06-03 12:36:09,2024-06-03,12:36:09,619.1864875466667,3.81339891,11.588806893333334,5
2024-06-03 12:43:39,2024-06-03,12:43:39,614.7231272600001,3.7393898133333336,10.030463163333332,5
2024-06-03 12:51:12,2024-06-03,12:51:12,608.4379872633333,3.4758853999999997,6.90412853,5
2024-06-03 12:58:47,2024-06-03,12:58:47,623.4312342733333,3.4256985733333334,8.339008406666666,5
2024-06-03 13:06:24,2024-06-03,13:06:24,614.4498603033334,3.35380805,8.14996376,5
2024-06-03 13:14:01,2024-06-03,13:14:01,606.8166033233333,3.3213702233333335,6.821802633333333,5
2024-06-03 13:21:35,2024-06-03,13:21:35,620.3342087633333,3.2451954566666665,6.993552346666667,5
2024-06-03 13:29:09,2024-06-03,13:29:09,612.53699161,3.1037683966666663,6.05232793,5
2024-06-03 13:36:42,2024-06-03,13:36:42,611.0977856400001,3.063844916666666,6.903078836666666,5
2024-06-03 13:44:17,2024-06-03,13:44:17,637.5500270166667,2.995438286666667,8.961076273333333,5
2024-06-03 13:51:52,2024-06-03,13:51:52,679.12303998,3.0468491866666665,11.84003334,5
2024-06-03 13:59:27,2024-06-03,13:59:27,666.8624625366666,2.9932255466666664,12.578966983333332,5
2024-06-03 14:06:59,2024-06-03,14:06:59,663.16424973,3.137948176666667,11.807392896666668,5
2024-06-03 14:14:35,2024-06-03,14:14:35,665.6054345366666,3.0482615733333334,12.165388076666666,5
2024-06-03 14:22:10,2024-06-03,14:22:10,634.6351794833334,3.0089030500000002,9.475675603333334,5
2024-06-03 14:29:50,2024-06-03,14:29:50,632.6494395999999,2.83141303,9.142723089999999,5
2024-06-03 14:37:25,2024-06-03,14:37:25,625.1619249933334,2.6401757766666667,7.39178575,5
2024-06-03 14:45:01,2024-06-03,14:45:01,607.9096711466667,2.4682882266666666,6.226676883333333,5
2024-06-03 14:52:36,2024-06-03,14:52:36,631.5745895733334,2.3319457666666668,8.37664739,5
2024-06-03 15:00:11,2024-06-03,15:00:11,618.0387663333333,2.35153087,6.5027460533333326,5
2024-06-03 15:07:46,2024-06-03,15:07:46,627.2205360666667,2.308170576666667,9.084240213333333,5
2024-06-03 15:15:21,2024-06-03,15:15:21,635.8375540866667,2.28976246,8.253233523333334,5
2024-06-03 15:22:54,2024-06-03,15:22:54,631.9753811066666,2.3076997833333333,7.710642389999999,5
2024-06-03 15:30:28,2024-06-03,15:30:28,623.3401452833333,2.403365486666667,7.248177796666667,5
2024-06-03 15:38:03,2024-06-03,15:38:03,637.07636429,2.5929078766666667,7.77322407,5
2024-06-03 15:45:40,2024-06-03,15:45:40,636.96705751,2.5647542866666666,7.261573869999999,5
2024-06-03 15:53:14,2024-06-03,15:53:14,645.9848670733332,2.49262837,5.9516574066666665,5
2024-06-03 16:00:49,2024-06-03,16:00:49,635.6918117133333,2.60910325,5.07856304,5
2024-06-03 16:08:19,2024-06-03,16:08:19,648.6264476466666,2.7164917733333334,7.749531003333334,5
2024-06-03 16:15:55,2024-06-03,16:15:55,659.64821489,2.746481466666667,9.22834802,5
2024-06-03 16:23:32,2024-06-03,16:23:32,649.6648620833333,2.7751529299999995,8.542198916666667,5
2024-06-03 16:31:05,2024-06-03,16:31:05,618.2391621,2.8360268299999998,5.426811076666667,5
2024-06-03 16:38:40,2024-06-03,16:38:40,640.1005186100001,2.7445041233333334,8.495262656666666,5
2024-06-03 16:46:14,2024-06-03,16:46:14,655.7678241100001,2.6659753866666667,9.697810563333334,5
2024-06-03 16:53:46,2024-06-03,16:53:46,659.9943530333334,2.73725387,10.867917966666667,5
2024-06-03 17:01:22,2024-06-03,17:01:22,800.63574658,3.171751313333333,25.92041072666667,5
2024-06-03 17:08:58,2024-06-03,17:08:58,781.8896333733333,3.0479790999999996,22.648868606666667,5
2024-06-03 17:16:31,2024-06-03,17:16:31,849.04043345,3.06021979,29.79027766,5
2024-06-03 17:24:04,2024-06-03,17:24:04,953.8292023233334,3.204000826666667,36.57629077666667,5
2024-06-03 17:31:39,2024-06-03,17:31:39,862.0843761666666,3.0969889433333333,28.41917911,5
2024-06-03 17:39:11,2024-06-03,17:39:11,823.6448243066667,3.1469403766666666,24.59479885,5
2024-06-03 17:46:47,2024-06-03,17:46:47,777.9910247966667,3.0273582433333335,24.46433705,5
2024-06-03 17:54:20,2024-06-03,17:54:20,749.4801723466667,2.91780406,21.972066769999998,5
2024-06-03 18:01:58,2024-06-03,18:01:58,685.5721401466667,2.754861633333333,14.739534393333335,5
2024-06-03 18:09:34,2024-06-03,18:09:34,658.0086131466667,2.6211556233333333,12.01378247,5
2024-06-03 18:17:11,2024-06-03,18:17:11,617.5104502166668,2.5012910133333333,8.15651184,5
2024-06-03 18:24:47,2024-06-03,18:24:47,613.4843170600001,2.33236948,8.747438823333333,5
2024-06-03 18:32:19,2024-06-03,18:32:19,635.07240661,2.3948440833333335,9.555652186666668,5
2024-06-03 18:39:57,2024-06-03,18:39:57,666.7895913466667,2.38523985,12.434209366666664,5
2024-06-03 18:47:33,2024-06-03,18:47:33,718.9289266266666,2.40628442,15.973323146666665,5
2024-06-03 18:55:08,2024-06-03,18:55:08,703.7170660566667,2.3810968433333333,14.054085083333334,5
2024-06-03 19:02:43,2024-06-03,19:02:43,698.6525184633333,2.22469848,13.758271696666668,5
2024-06-03 19:10:21,2024-06-03,19:10:21,669.21255836,2.290421573333333,11.853879283333335,5
2024-06-03 19:17:55,2024-06-03,19:17:55,704.0996397933333,2.300072886666667,11.495784133333332,5
2024-06-03 19:25:31,2024-06-03,19:25:31,669.6862210866667,2.280252386666667,9.253140759999999,5
2024-06-03 19:33:08,2024-06-03,19:33:08,641.4304177966666,2.2855723766666665,7.579280853333333,5
2024-06-03 19:40:41,2024-06-03,19:40:41,626.81974453,2.1445690366666668,5.3094954266666665,5
2024-06-03 19:48:16,2024-06-03,19:48:16,633.1959735133333,2.184822076666667,5.406317076666667,5
2024-06-03 19:55:51,2024-06-03,19:55:51,597.94453614,2.2560064,3.6167910366666667,5
2024-06-03 20:03:25,2024-06-03,20:03:25,615.3789679566667,2.2416000466666666,6.05137821,5
2024-06-03 20:10:59,2024-06-03,20:10:59,645.8026891000001,2.162176796666667,7.662606453333333,5
2024-06-03 20:18:36,2024-06-03,20:18:36,658.9741563966667,2.2037009866666666,8.101977813333333,5
2024-06-03 20:26:13,2024-06-03,20:26:13,650.32070278,2.142497533333333,6.206732719999999,5
2024-06-03 20:33:50,2024-06-03,20:33:50,676.24462804,2.064486666666667,8.797924043333333,5
2024-06-03 20:41:26,2024-06-03,20:41:26,688.7420368466666,2.0312484833333335,10.38765858,5
2024-06-03 20:48:58,2024-06-03,20:48:58,665.3321675833334,1.9894888966666668,8.17585618,5
2024-06-03 20:56:32,2024-06-03,20:56:32,652.2153536766667,2.206667,7.916832019999998,5
2024-06-03 21:04:05,2024-06-03,21:04:05,635.1088422066665,2.0344969766666665,5.391371453333334,5
2024-06-03 21:11:42,2024-06-03,21:11:42,687.8493647866667,2.1427329333333334,8.460822743333333,5
2024-06-03 21:19:18,2024-06-03,21:19:18,653.4177282833333,2.07658612,6.9961016,5
2024-06-03 21:26:55,2024-06-03,21:26:55,652.36109605,2.0448544833333333,5.838890419999999,5
2024-06-03 21:34:31,2024-06-03,21:34:31,663.5468234666668,2.1022915733333334,5.829693116666667,5
2024-06-03 21:42:06,2024-06-03,21:42:06,647.4422908366668,1.92536651,6.362637073333334,5
2024-06-03 21:49:44,2024-06-03,21:49:44,613.2474856966667,1.91637431,4.1378384766666665,5
2024-06-03 21:57:20,2024-06-03,21:57:20,627.4573674266667,1.9830860733333333,4.346827286666667,5
2024-06-03 22:04:58,2024-06-03,22:04:58,638.1147787233334,2.06542826,4.090652293333333,5
2024-06-03 22:12:30,2024-06-03,22:12:30,625.7266767033334,1.8812529466666668,2.835969653333333,5
2024-06-03 22:20:08,2024-06-03,22:20:08,619.8787638366667,1.8866200133333333,3.395905706666666,5
2024-06-03 22:27:47,2024-06-03,22:27:47,622.86648256,1.9402436566666668,3.6405840700000005,5
2024-06-03 22:35:23,2024-06-03,22:35:23,616.5266891733332,1.9015913233333332,3.5550091233333334,5
2024-06-03 22:43:01,2024-06-03,22:43:01,615.79797729,1.911054316666667,4.832635043333333,5
2024-06-03 22:50:33,2024-06-03,22:50:33,606.7619499333333,1.9543675333333335,4.671732156666667,5
2024-06-03 22:58:08,2024-06-03,22:58:08,632.7040929933333,1.8932582366666668,6.444413130000001,5
2024-06-03 23:05:44,2024-06-03,23:05:44,645.1832840000001,1.84118822,6.112860206666666,5
2024-06-03 23:13:20,2024-06-03,23:13:20,626.94726911,1.8966479633333335,3.9632895833333337,5
2024-06-03 23:20:58,2024-06-03,23:20:58,665.0406828266666,1.8305482333333334,6.425668616666667,5
2024-06-03 23:28:36,2024-06-03,23:28:36,694.6992564933333,1.7327168666666666,7.64301219,5
2024-06-03 23:36:14,2024-06-03,23:36:14,694.5535141166666,1.8116222466666667,8.417085546666668,5
2024-06-03 23:43:51,2024-06-03,23:43:51,680.05214763,1.7522078166666668,6.3775827000000005,5
2024-06-03 23:51:29,2024-06-03,23:51:29,689.14282838,1.7761242400000004,5.500889386666667,5
2024-06-03 23:59:06,2024-06-03,23:59:06,689.1792639733334,1.7532435633333332,6.118708493333334,5
2024-06-04 00:06:45,2024-06-04,00:06:45,647.86130017,1.7936660933333333,5.312544533333333,5
2024-06-04 00:14:23,2024-06-04,00:14:23,621.8280681266666,1.7436864099999998,2.7078571633333333,5
2024-06-04 00:21:59,2024-06-04,00:21:59,622.7936113733332,1.6524461833333335,1.880394436666667,5
2024-06-04 00:29:35,2024-06-04,00:29:35,611.2435280166666,1.66027081,0.8005021166666667,5
2024-06-04 00:37:09,2024-06-04,00:37:09,614.79599845,1.7099774300000001,1.5149314433333334,5
2024-06-04 00:44:45,2024-06-04,00:44:45,629.8621166433333,1.7067289399999999,2.28667548,5
2024-06-04 00:52:19,2024-06-04,00:52:19,626.20033943,1.6977838200000004,2.0623461633333333,5
2024-06-04 00:59:55,2024-06-04,00:59:55,627.1841004733334,1.8323843366666666,2.44658366,5
2024-06-04 01:07:29,2024-06-04,01:07:29,624.19638175,1.8406703433333333,2.65222345,5
2024-06-04 01:15:07,2024-06-04,01:15:07,611.1342212333334,1.83205478,1.95815667,5
2024-06-04 01:22:45,2024-06-04,01:22:45,617.6561925899999,1.7922725366666665,2.9880751166666664,5
2024-06-04 01:30:22,2024-06-04,01:30:22,588.9449443766666,1.9350649033333334,2.7934820933333335,5
2024-06-04 01:37:59,2024-06-04,01:37:59,589.8193986366667,1.9353944600000001,1.7234903766666667,5
2024-06-04 01:45:35,2024-06-04,01:45:35,593.2807800833333,2.00154127,3.1325328233333334,5
2024-06-04 01:53:11,2024-06-04,01:53:11,599.2197819366667,1.975365026666667,2.8522148966666667,5
2024-06-04 02:00:47,2024-06-04,02:00:47,597.1247352700001,1.9738584766666667,2.010111456666667,5
2024-06-04 02:08:22,2024-06-04,02:08:22,618.8221316066666,1.9814382899999998,1.4619719466666663,5
2024-06-04 02:15:58,2024-06-04,02:15:58,611.3528348,1.9246603166666667,2.81277644,5
2024-06-04 02:23:33,2024-06-04,02:23:33,583.51604084,2.1289386133333337,1.2539778466666667,5
2024-06-04 02:31:08,2024-06-04,02:31:08,607.4177906266666,2.1520546866666668,2.5395064566666665,5
2024-06-04 02:38:41,2024-06-04,02:38:41,628.8601378033333,2.203371433333333,3.9070060633333337,5
2024-06-04 02:46:18,2024-06-04,02:46:18,607.2902660466666,2.27319045,3.352218496666667,5
2024-06-04 02:53:55,2024-06-04,02:53:55,621.0629206499999,2.1561035299999998,3.49727603,5
2024-06-04 03:01:29,2024-06-04,03:01:29,611.2981814066666,2.246213846666667,2.6634201733333334,5
2024-06-04 03:09:04,2024-06-04,03:09:04,595.6490937033333,2.1924960500000004,2.244922706666667,5
2024-06-04 03:16:41,2024-06-04,03:16:41,579.45347209,2.1932022433333334,1.4511151266666669,5
2024-06-04 03:24:14,2024-06-04,03:24:14,567.5025972,2.0794579766666668,0.31923788000000003,5
2024-06-04 03:31:52,2024-06-04,03:31:52,604.2661117333333,2.09927848,2.34806251,5
2024-06-04 03:39:29,2024-06-04,03:39:29,617.4557968233333,2.0699479000000003,3.900258036666667,5
2024-06-04 03:47:02,2024-06-04,03:47:02,623.6498478366667,2.0154768266666667,4.069708426666667,5
2024-06-04 03:54:38,2024-06-04,03:54:38,625.0708360066666,2.103798116666667,2.4988783466666664,5
2024-06-04 04:02:14,2024-06-04,04:02:14,623.9048969933334,2.0675939233333334,1.2526882233333332,5
2024-06-04 04:09:51,2024-06-04,04:09:51,588.1980146966667,1.9717869766666667,-0.2432537733333333,5
2024-06-04 04:17:25,2024-06-04,04:17:25,570.6907116900001,2.052528456666667,-1.1979992366666667,5
2024-06-04 04:25:00,2024-06-04,04:25:00,596.9972106933334,1.9920782733333333,0.6213180833333333,5
2024-06-04 04:32:35,2024-06-04,04:32:35,605.19521938,2.0573776533333334,0.40012184666666667,5
2024-06-04 04:40:09,2024-06-04,04:40:09,618.8767849966666,1.9113367966666666,1.1561015033333335,5
2024-06-04 04:47:48,2024-06-04,04:47:48,617.98411294,1.95116612,0.9343964133333333,5
2024-06-04 04:55:23,2024-06-04,04:55:23,607.6181863966666,1.9585576133333333,2.008288343333333,5
2024-06-04 05:02:59,2024-06-04,05:02:59,600.0942361933334,1.9329933999999998,1.1988939733333333,5
2024-06-04 05:10:35,2024-06-04,05:10:35,651.68703756,2.10351564,5.691323629999999,5
2024-06-04 05:18:11,2024-06-04,05:18:11,642.5599212166667,2.0311543233333333,3.1824582033333333,5
2024-06-04 05:25:48,2024-06-04,05:25:48,593.55404704,2.00949772,-0.52061257,5
2024-06-04 05:33:25,2024-06-04,05:33:25,598.0356251266667,2.0596374733333334,-0.09419241666666663,5
2024-06-04 05:41:00,2024-06-04,05:41:00,656.6787139633334,2.1828447333333334,4.518826923333333,5
2024-06-04 05:48:36,2024-06-04,05:48:36,711.6782433799999,2.2125990266666666,8.799073706666666,5
2024-06-04 05:56:13,2024-06-04,05:56:13,705.2837966033334,2.27752177,8.915489623333334,5
2024-06-04 06:03:48,2024-06-04,06:03:48,680.12501882,2.226581663333333,6.1893877999999996,5
2024-06-04 06:11:23,2024-06-04,06:11:23,698.2152913333334,2.275638583333333,7.39348525,5
2024-06-04 06:19:00,2024-06-04,06:19:00,683.64105366,2.3876409066666664,7.021244239999999,5
2024-06-04 06:26:37,2024-06-04,06:26:37,686.5012478033335,2.4231389133333336,6.158746773333333,5
2024-06-04 06:34:12,2024-06-04,06:34:12,611.48035938,2.4341084499999996,1.0328975766666666,5
2024-06-04 06:41:46,2024-06-04,06:41:46,601.07799724,2.4949823500000003,0.7384187999999999,5
2024-06-04 06:49:22,2024-06-04,06:49:22,564.7334920433333,2.4372627833333333,-1.1168729866666667,5
2024-06-04 06:56:57,2024-06-04,06:56:57,541.9612456733333,2.4318486333333333,-2.4322878466666666,5
2024-06-04 07:04:32,2024-06-04,07:04:32,589.6700127,2.557692353333333,0.95977399,5
2024-06-04 07:12:08,2024-06-04,07:12:08,584.86415783,2.7272730000000003,0.31572306,5
2024-06-04 07:19:43,2024-06-04,07:19:43,652.7436697899999,2.985975293333333,6.510943649999999,5
2024-06-04 07:27:17,2024-06-04,07:27:17,640.22804319,3.12646076,4.854328696666667,5
2024-06-04 07:34:53,2024-06-04,07:34:53,587.2142536533333,3.232389813333333,0.8968665066666666,5
2024-06-04 07:42:28,2024-06-04,07:42:28,562.09191146,3.416659286666667,-0.72003418,5
2024-06-04 07:50:03,2024-06-04,07:50:03,567.37507262,3.593537273333333,-0.6328946933333333,5
2024-06-04 07:57:40,2024-06-04,07:57:40,582.9877247266667,3.58741693,1.2567720266666667,5
2024-06-04 08:05:19,2024-06-04,08:05:19,601.4059175866666,3.5975390399999996,2.8763228400000003,5
2024-06-04 08:12:57,2024-06-04,08:12:57,623.9231147933333,3.6043655766666665,5.04437305,5
2024-06-04 08:20:31,2024-06-04,08:20:31,609.9682822200001,3.495658823333333,3.3867083966666662,5
2024-06-04 08:28:07,2024-06-04,08:28:07,596.5235479633334,3.4401990799999997,1.8931057166666665,5
2024-06-04 08:35:44,2024-06-04,08:35:44,576.7754559199999,3.4359619200000004,0.6741126266666666,5
2024-06-04 08:43:23,2024-06-04,08:43:23,569.5247726766667,3.3420852333333335,-0.2826802333333333,5
2024-06-04 08:50:58,2024-06-04,08:50:58,575.8099126733333,3.10381548,0.04283745666666664,5
2024-06-04 08:58:32,2024-06-04,08:58:32,573.3505100633333,3.072742956666666,-0.2956544333333333,5
2024-06-04 09:06:06,2024-06-04,09:06:06,572.8404117466666,3.177730423333333,0.32489486999999995,5
2024-06-04 09:13:43,2024-06-04,09:13:43,573.6602126166666,3.1452925900000004,0.4662484866666667,5
2024-06-04 09:21:16,2024-06-04,09:21:16,564.1760274500001,2.9512776400000003,-0.1061239266666667,5
2024-06-04 09:28:53,2024-06-04,09:28:53,564.3509183033334,2.89840727,0.11663085000000002,5
2024-06-04 09:36:32,2024-06-04,09:36:32,586.2669282033334,2.7799550466666667,1.1828736633333334,5
2024-06-04 09:44:11,2024-06-04,09:44:11,592.7706817666666,2.61611811,2.1740984433333335,5
2024-06-04 09:51:45,2024-06-04,09:51:45,595.7037471,2.566119593333333,1.3546033833333333,5
2024-06-04 09:59:22,2024-06-04,09:59:22,574.1156575433333,3.4219792833333336,35.34550114333334,5
2024-06-04 10:07:03,2024-06-04,10:07:03,538.1956270166667,2.9760414999999996,20.45231174,5
2024-06-04 10:14:37,2024-06-04,10:14:37,584.1536637433333,2.6274642900000003,11.638242423333333,5
2024-06-04 10:22:15,2024-06-04,10:22:15,588.5623706366667,2.2891975066666665,6.906527829999999,5
2024-06-04 10:29:51,2024-06-04,10:29:51,626.43717079,2.4856135133333335,14.395585096666666,5
2024-06-04 10:37:27,2024-06-04,10:37:27,618.7492604166666,2.5631065033333336,14.7992669,5
2024-06-04 10:45:03,2024-06-04,10:45:03,642.6510102033334,2.7516602199999998,19.008534466666667,5
2024-06-04 10:52:39,2024-06-04,10:52:39,662.8727649733333,2.764418786666667,20.884385233333333,5
2024-06-04 11:00:15,2024-06-04,11:00:15,632.0118166999999,2.5657900366666664,14.144858506666667,5
2024-06-04 11:07:54,2024-06-04,11:07:54,622.0648994899999,2.76098198,12.498090666666668,5
2024-06-04 11:15:32,2024-06-04,11:15:32,644.1448695633334,3.2180305400000004,14.199892393333334,5
2024-06-04 11:23:05,2024-06-04,11:23:05,663.4921700766666,3.3877995066666666,17.50937340666667,5
2024-06-04 11:30:41,2024-06-04,11:30:41,656.9155453233334,3.6400048166666665,17.523369306666666,5
2024-06-04 11:38:21,2024-06-04,11:38:21,637.20388887,3.702667743333333,15.435080739999998,5
2024-06-04 11:45:58,2024-06-04,11:45:58,620.3342087666667,3.5384541666666665,12.56362148,5
2024-06-04 11:53:35,2024-06-04,11:53:35,588.5077172466666,3.3845039366666665,8.359152513333333,5
2024-06-04 12:01:12,2024-06-04,12:01:12,577.9596127266667,3.57828349,12.167987316666666,5
2024-06-04 12:08:48,2024-06-04,12:08:48,566.0907179233333,3.5033327966666667,12.905921256666666,5
2024-06-04 12:16:25,2024-06-04,12:16:25,568.99645656,3.2267402633333333,8.28702363,5
2024-06-04 12:24:01,2024-06-04,12:24:01,571.3283345866666,2.9440273833333332,7.656008386666667,5
2024-06-04 12:31:36,2024-06-04,12:31:36,596.1774098233333,2.8381454133333333,7.995608953333334,5
2024-06-04 12:39:12,2024-06-04,12:39:12,575.6823880933333,2.72830875,4.80414339,5
2024-06-04 12:46:48,2024-06-04,12:46:48,565.2800259533334,2.7125370933333333,3.186616986666667,5
2024-06-04 12:54:27,2024-06-04,12:54:27,561.0717148233334,2.6010997266666664,2.0244422633333334,5
2024-06-04 13:02:04,2024-06-04,13:02:04,598.2724564866667,2.6926224266666665,2.8804516299999996,5
2024-06-04 13:09:46,2024-06-04,13:09:46,601.6791845433335,2.9936021833333335,4.681379333333333,5
2024-06-04 13:17:28,2024-06-04,13:17:28,599.76631585,3.09275178,4.9413532133333335,5
2024-06-04 13:25:01,2024-06-04,13:25:01,595.7948360833333,3.0837125000000003,3.8991083766666663,5
2024-06-04 13:32:37,2024-06-04,13:32:37,574.2431821233333,3.0605022633333334,4.151584453333333,5
2024-06-04 13:40:14,2024-06-04,13:40:14,560.2883495533333,2.9433211900000003,5.213223613333334,5
2024-06-04 13:47:48,2024-06-04,13:47:48,563.0938903033334,2.7531667666666664,5.491592106666666,5
2024-06-04 13:55:26,2024-06-04,13:55:26,579.45347209,2.74153811,5.6302515133333335,5
2024-06-04 14:03:01,2024-06-04,14:03:01,583.1699027,2.8382395700000003,8.790476223333334,5
2024-06-04 14:10:38,2024-06-04,14:10:38,610.6423407133334,2.7045335633333334,8.447426663333333,5
2024-06-04 14:18:17,2024-06-04,14:18:17,595.4669157333334,2.646813996666667,7.733635653333333,5
2024-06-04 14:25:54,2024-06-04,14:25:54,585.3013849566668,2.657171503333333,6.865839736666666,5
2024-06-04 14:33:29,2024-06-04,14:33:29,576.7936737166666,2.629488713333333,6.3010551066666665,5
2024-06-04 14:41:03,2024-06-04,14:41:03,555.7411873966666,2.5817970933333334,4.91081216,5
2024-06-04 14:48:35,2024-06-04,14:48:35,557.7742935533333,2.4496917933333333,2.81077703,5
2024-06-04 14:56:09,2024-06-04,14:56:09,569.6705150500001,2.4727607866666665,2.9523355799999997,5
2024-06-04 15:03:47,2024-06-04,15:03:47,576.6096739633334,2.4431477333333333,3.3667142566666666,5
2024-06-04 15:11:24,2024-06-04,15:11:24,554.1908528666667,2.4315190733333334,1.7091145833333332,5
2024-06-04 15:18:58,2024-06-04,15:18:58,582.5504975966667,2.495123586666667,5.126598976666666,5
2024-06-04 15:26:36,2024-06-04,15:26:36,630.5726107333334,2.653828853333333,6.686192340000001,5
2024-06-04 15:34:14,2024-06-04,15:34:14,641.52150678,2.7100889533333334,7.264572996666666,5
2024-06-04 15:41:50,2024-06-04,15:41:50,650.2660493866666,2.5359415866666666,7.864497343333333,5
2024-06-04 15:49:25,2024-06-04,15:49:25,660.9052428900001,2.5447454666666665,8.771181870000001,5
2024-06-04 15:57:00,2024-06-04,15:57:00,627.4391496333333,2.5207819599999994,7.272320726666667,5
2024-06-04 16:04:39,2024-06-04,16:04:39,562.4744851999999,2.2993666966666666,0.6354639400000001,5
2024-06-04 16:12:13,2024-06-04,16:12:13,587.2689070433333,2.2715426633333333,1.8801994899999999,5
2024-06-04 16:19:50,2024-06-04,16:19:50,603.1912617033333,2.340467166666667,5.144543723333333,5
2024-06-04 16:27:31,2024-06-04,16:27:31,609.4764016966667,2.3877350666666666,5.85248644,5
2024-06-04 16:35:08,2024-06-04,16:35:08,600.4950277333332,2.5105186133333333,7.742033199999999,5
2024-06-04 16:42:44,2024-06-04,16:42:44,584.4633662933334,2.35346113,7.241079876666666,5
2024-06-04 16:50:20,2024-06-04,16:50:20,594.0094919666667,2.2058666466666668,8.24863487,5
2024-06-04 16:57:55,2024-06-04,16:57:55,589.1089045499999,2.0693829466666664,4.83628398,5
2024-06-04 17:05:32,2024-06-04,17:05:32,596.7968149233334,1.9003672500000002,4.94390247,5
2024-06-04 17:13:04,2024-06-04,17:13:04,650.9036722833333,2.013311163333333,8.201348716666667,5
2024-06-04 17:20:43,2024-06-04,17:20:43,684.9891706433333,2.0071908200000004,10.862819459999999,5
2024-06-04 17:28:23,2024-06-04,17:28:23,690.7642123233333,2.0457489966666667,9.382402913333333,5
2024-06-04 17:35:58,2024-06-04,17:35:58,576.3564465833333,2.0480088133333334,1.979520413333333,5
2024-06-04 17:43:33,2024-06-04,17:43:33,551.9956083133333,2.1026682099999996,0.9059547433333334,5
2024-06-04 17:51:09,2024-06-04,17:51:09,549.4760869799999,2.2205084,0.6233424900000001,5
2024-06-04 17:58:46,2024-06-04,17:58:46,571.9295218933333,2.1165096033333333,1.6390950866666667,5
2024-06-04 18:06:24,2024-06-04,18:06:24,591.0399910433333,1.9023916733333335,0.9305125533333333,5
2024-06-04 18:14:00,2024-06-04,18:14:00,594.9021640233333,1.9778131633333331,3.5783972766666667,5
2024-06-04 18:21:34,2024-06-04,18:21:34,593.2261266933333,1.9281442033333331,4.83453449,5
2024-06-04 18:29:11,2024-06-04,18:29:11,583.3520806733334,1.7781486633333332,3.7792434700000004,5
2024-06-04 18:36:47,2024-06-04,18:36:47,573.2594210799999,1.80084102,2.11347619,5
2024-06-04 18:44:25,2024-06-04,18:44:25,576.3017931933333,1.70413956,1.5472019933333332,5
2024-06-04 18:51:59,2024-06-04,18:51:59,582.8784179433334,1.6118400433333333,2.91388684,5
2024-06-04 18:59:34,2024-06-04,18:59:34,581.98574589,1.6599789166666667,4.700423756666667,5
2024-06-04 19:07:13,2024-06-04,19:07:13,574.13387534,1.677219456666667,3.9503433733333337,5
2024-06-04 19:14:48,2024-06-04,19:14:48,590.1291011899999,1.8258873566666667,7.029041956666667,5
2024-06-04 19:22:25,2024-06-04,19:22:25,612.6280805966667,1.7071997333333335,7.446519723333332,5
2024-06-04 19:29:59,2024-06-04,19:29:59,582.3683196233333,1.5595817099999998,3.3583667,5
2024-06-04 19:37:35,2024-06-04,19:37:35,588.54415284,1.69420577,3.29388558,5
2024-06-04 19:45:13,2024-06-04,19:45:13,589.1089045533332,1.6616737799999999,3.9402463300000004,5
2024-06-04 19:52:52,2024-06-04,19:52:52,582.33188403,1.6456667233333333,2.93324117,5
2024-06-04 20:00:29,2024-06-04,20:00:29,576.7572381200001,1.6532559533333335,0.8679758633333333,5
2024-06-04 20:08:04,2024-06-04,20:08:04,585.3924739433334,1.6607651466666666,1.9514286400000003,5
2024-06-04 20:15:38,2024-06-04,20:15:38,587.0685112733335,1.71533038,1.9945260200000001,5
2024-06-04 20:23:13,2024-06-04,20:23:13,585.2102959733332,1.5516582200000002,1.3890932866666665,5
2024-06-04 20:30:50,2024-06-04,20:30:50,586.3762349866666,1.7272273866666668,1.1682129533333334,5
2024-06-04 20:38:23,2024-06-04,20:38:23,572.0570464733333,1.7853047599999998,0.31528269,5
2024-06-04 20:45:55,2024-06-04,20:45:55,591.1492978266667,1.7070443733333331,0.8217943866666667,5
2024-06-04 20:53:34,2024-06-04,20:53:34,595.0843419933334,1.6304317700000002,0.9122828933333333,5
2024-06-04 21:01:14,2024-06-04,21:01:14,602.8633413533333,1.6315146033333334,1.2325841100000001,5
2024-06-04 21:08:56,2024-06-04,21:08:56,603.0455193266666,1.62033791,1.1434702,5
2024-06-04 21:16:34,2024-06-04,21:16:34,607.9096711466667,1.669347753333333,1.2333188933333334,5
2024-06-04 21:24:11,2024-06-04,21:24:11,619.3140121266666,1.6071085466666668,1.702201613333333,5
2024-06-04 21:31:51,2024-06-04,21:31:51,616.3262934033334,1.7224535166666666,2.0302555566666665,5
2024-06-04 21:39:30,2024-06-04,21:39:30,619.0771807666666,1.7515487,3.04895729,5
2024-06-04 21:47:06,2024-06-04,21:47:06,594.4467190966667,1.6835187066666668,1.33826317,5
2024-06-04 21:54:43,2024-06-04,21:54:43,597.67126918,1.8014059766666666,1.6996523566666666,5
2024-06-04 22:02:21,2024-06-04,22:02:21,602.9908659333333,1.8680706633333335,2.652373406666667,5
2024-06-04 22:10:00,2024-06-04,22:10:00,604.59403208,1.8917046100000003,3.07634927,5
2024-06-04 22:17:36,2024-06-04,22:17:36,603.2094794999999,1.8088445466666665,2.04135231,5
2024-06-04 22:25:16,2024-06-04,22:25:16,606.2882872066666,1.7822445866666667,3.0104185766666673,5
2024-06-04 22:32:54,2024-06-04,22:32:54,616.9456985033333,1.8885973566666667,3.69816721,5
2024-06-04 22:40:35,2024-06-04,22:40:35,621.2997520099999,1.8557358099999999,2.742796933333333,5
2024-06-04 22:48:14,2024-06-04,22:48:14,643.0153661433334,1.8334200933333333,4.3754689,5
2024-06-04 22:55:49,2024-06-04,22:55:49,623.06687833,1.919293243333333,3.4996253366666665,5
2024-06-04 23:03:26,2024-06-04,23:03:26,619.2047053466666,1.82000241,2.831171056666667,5
2024-06-04 23:11:04,2024-06-04,23:11:04,627.5666742100001,1.7208998933333335,3.9421457733333334,5
2024-06-04 23:18:38,2024-06-04,23:18:38,633.4145870766666,1.8315839866666668,3.3477198166666664,5
2024-06-04 23:26:14,2024-06-04,23:26:14,628.2589504966667,1.7376602233333334,3.95069327,5
2024-06-04 23:33:48,2024-06-04,23:33:48,666.1884040433333,1.7960859833333334,5.969052313333333,5
2024-06-04 23:41:26,2024-06-04,23:41:26,663.6925658399999,1.9024387566666665,6.872187879999999,5
2024-06-04 23:49:04,2024-06-04,23:49:04,644.8007102600001,1.8384576033333335,5.843739003333333,5
2024-06-04 23:56:42,2024-06-04,23:56:42,692.0576759166667,1.90747627,9.694761456666667,5
2024-06-05 00:04:23,2024-06-05,00:04:23,738.4037517133333,2.0068141833333333,13.557780399999999,5
2024-06-05 00:12:03,2024-06-05,00:12:03,689.4343131333334,1.9484825866666664,9.250341579999999,5
2024-06-05 00:19:40,2024-06-05,00:19:40,649.8288222566667,1.8197670099999999,5.974700656666666,5
2024-06-05 00:27:18,2024-06-05,00:27:18,622.3017308499999,1.9249427933333332,6.7210821266666665,5
2024-06-05 00:34:53,2024-06-05,00:34:53,613.3932280733333,1.863927656666667,4.6323936733333335,5
2024-06-05 00:42:31,2024-06-05,00:42:31,630.88231328,1.7050340733333333,3.2602454266666663,5
2024-06-05 00:50:05,2024-06-05,00:50:05,655.9682198766667,1.7207209933333336,5.9554562933333335,5
2024-06-05 00:57:39,2024-06-05,00:57:39,668.3381041033333,1.6869743466666665,5.6749384266666665,5
2024-06-05 01:05:15,2024-06-05,01:05:15,675.49769836,1.8525344033333333,5.3062463766666665,5
2024-06-05 01:12:56,2024-06-05,01:12:56,673.0747313433333,1.7080377500000001,4.7188683566666665,5
2024-06-05 01:20:35,2024-06-05,01:20:35,667.5000854366666,1.7277735099999998,4.691726303333334,5
2024-06-05 01:28:09,2024-06-05,01:28:09,640.8110126933334,1.7444867633333334,3.9814842566666666,5
2024-06-05 01:35:50,2024-06-05,01:35:50,619.0589629699999,1.7519724166666666,2.928292623333333,5
2024-06-05 01:43:29,2024-06-05,01:43:29,632.57656841,1.61901968,2.692961523333333,5
2024-06-05 01:51:06,2024-06-05,01:51:06,638.8252728133334,1.6180639633333334,3.34657015,5
2024-06-05 01:58:47,2024-06-05,01:58:47,652.0878290933333,1.7194875066666668,5.19407922,5
2024-06-05 02:06:26,2024-06-05,02:06:26,635.6189405266667,1.62271072,2.996972513333333,5
2024-06-05 02:13:59,2024-06-05,02:13:59,618.2573798966666,1.6256955666666668,1.2466849833333333,5
2024-06-05 02:21:35,2024-06-05,02:21:35,630.2446903833332,1.5886298133333334,3.0326120766666667,5
2024-06-05 02:29:15,2024-06-05,02:29:15,655.05733002,1.6871438366666667,4.1445865,5
2024-06-05 02:36:54,2024-06-05,02:36:54,662.14405309,1.6214631133333333,6.619411889999999,5
2024-06-05 02:44:35,2024-06-05,02:44:35,659.8303928566667,1.66718209,6.30230474,5
2024-06-05 02:52:06,2024-06-05,02:52:06,653.5816884566667,1.6822004766666667,6.3807817600000005,5
2024-06-05 02:59:43,2024-06-05,02:59:43,641.7947737366667,1.7877528966666665,5.805150303333334,5
2024-06-05 03:07:21,2024-06-05,03:07:21,648.4807052733332,1.7491947233333331,5.1410947333333334,5
2024-06-05 03:15:02,2024-06-05,03:15:02,635.8375540899999,1.7458850266666666,1.8649889466666665,5
2024-06-05 03:22:39,2024-06-05,03:22:39,644.23595855,1.7232067933333335,1.5081284333333336,5
2024-06-05 03:30:15,2024-06-05,03:30:15,629.1151869633334,1.6398194400000001,1.1226213066666666,5
2024-06-05 03:37:53,2024-06-05,03:37:53,621.9738105033333,1.6667960366666665,0.9372805733333333,5
2024-06-05 03:45:32,2024-06-05,03:45:32,613.8668907966667,1.6074381066666668,-0.07735725,5
2024-06-05 03:53:06,2024-06-05,03:53:06,610.3690737566667,1.6487739766666667,0.10407852666666666,5
2024-06-05 04:00:41,2024-06-05,04:00:41,617.4557968233333,1.6679541999999998,1.6296478533333334,5
2024-06-05 04:08:18,2024-06-05,04:08:18,613.7575840133333,1.6741592899999997,1.7537615133333333,5
2024-06-05 04:15:55,2024-06-05,04:15:55,606.1425448333333,1.6765603433333336,0.9252390966666667,5
2024-06-05 04:23:31,2024-06-05,04:23:31,602.2985896433333,1.7836569733333334,1.09891325,5
2024-06-05 04:31:08,2024-06-05,04:31:08,587.6332629833332,1.80408951,0.35601576,5
2024-06-05 04:38:43,2024-06-05,04:38:43,583.3156450733333,1.7019268233333333,-0.31835179333333335,5
2024-06-05 04:46:16,2024-06-05,04:46:16,593.6269182300001,1.6297161633333335,0.35710044333333335,5
2024-06-05 04:53:54,2024-06-05,04:53:54,595.3393911566667,1.7603055033333332,0.55077874,5
2024-06-05 05:01:30,2024-06-05,05:01:30,609.3124415266666,1.7226889166666666,2.9435031666666664,5
2024-06-05 05:09:04,2024-06-05,05:09:04,644.6185322866667,1.9825211200000001,10.120736736666666,5
2024-06-05 05:16:39,2024-06-05,05:16:39,687.1206529033334,1.8958476133333333,11.246207206666666,5
2024-06-05 05:24:13,2024-06-05,05:24:13,588.7627664066667,1.8639747399999997,1.2142644766666666,5
2024-06-05 05:31:46,2024-06-05,05:31:46,584.11722815,1.9012146866666668,0.9135575166666667,5
2024-06-05 05:39:22,2024-06-05,05:39:22,597.67126918,2.0562477400000003,1.27777088,5
2024-06-05 05:46:57,2024-06-05,05:46:57,590.7120706933333,2.159022466666667,2.5058613066666666,5
2024-06-05 05:54:33,2024-06-05,05:54:33,597.12473527,2.2974835133333333,3.822980663333333,5
2024-06-05 06:02:11,2024-06-05,06:02:11,603.8106668033333,2.1991342666666664,3.9054565166666664,5
2024-06-05 06:09:44,2024-06-05,06:09:44,589.6736562633333,2.2229094566666667,1.8368671800000003,5
2024-06-05 06:17:19,2024-06-05,06:17:19,622.92113595,2.3760593333333335,5.740869123333333,5
2024-06-05 06:24:54,2024-06-05,06:24:54,615.2514433766668,2.4028005333333335,5.4389075333333325,5
2024-06-05 06:32:30,2024-06-05,06:32:30,592.31523684,2.4777983033333335,2.66432491,5
2024-06-05 06:40:05,2024-06-05,06:40:05,546.4337148666667,2.54446299,-1.1843532300000001,5
2024-06-05 06:47:39,2024-06-05,06:47:39,556.4498597066666,2.5428622833333336,-1.3449062233333333,5
2024-06-05 06:55:14,2024-06-05,06:55:14,555.79948435,2.5576452733333332,-0.38126337000000005,5
2024-06-05 07:02:51,2024-06-05,07:02:51,556.7723147133332,2.539566713333333,-1.08510429,5
2024-06-05 07:10:26,2024-06-05,07:10:26,572.1663532566666,2.6432830299999996,0.5214773166666666,5
2024-06-05 07:18:04,2024-06-05,07:18:04,559.52320207,2.567061186666667,-0.9918595933333333,5
2024-06-05 07:25:45,2024-06-05,07:25:45,594.4285013,2.60015813,0.6182689766666666,5
2024-06-05 07:33:23,2024-06-05,07:33:23,582.5504975966666,2.69803658,0.5883177433333334,5
2024-06-05 07:40:59,2024-06-05,07:40:59,575.1722897766667,2.6607495533333334,-0.38684673666666675,5
2024-06-05 07:48:35,2024-06-05,07:48:35,555.0962773800001,2.753590486666667,-1.32196294,5
2024-06-05 07:56:11,2024-06-05,07:56:11,549.5653541833334,2.834331966666667,-1.3210632066666665,5
2024-06-05 08:03:44,2024-06-05,08:03:44,557.3552842233333,2.832119223333333,-1.1592105933333332,5
2024-06-05 08:11:19,2024-06-05,08:11:19,575.71882369,2.9261371433333334,0.5506137866666667,5
2024-06-05 08:18:55,2024-06-05,08:18:55,571.0915032266666,2.7054751533333334,0.6049528733333333,5
2024-06-05 08:26:33,2024-06-05,08:26:33,573.67843041,2.7355119266666663,0.2452831833333334,5
2024-06-05 08:34:09,2024-06-05,08:34:09,550.3760461533334,2.4775629066666665,-2.2673361433333334,5
2024-06-05 08:41:44,2024-06-05,08:41:44,558.6851834066666,2.33679496,-1.83956139,5
2024-06-05 08:49:22,2024-06-05,08:49:22,560.37943854,2.096359543333333,-1.5565942433333333,5
2024-06-05 08:56:58,2024-06-05,08:56:58,551.3561636366667,1.9624652200000001,-2.2745840233333334,5
2024-06-05 09:04:34,2024-06-05,09:04:34,542.1543543266667,1.917362983333333,-2.84666652,5
2024-06-05 09:12:13,2024-06-05,09:12:13,560.7802300733333,1.8451899833333334,-1.6357210766666668,5
2024-06-05 09:19:47,2024-06-05,09:19:47,540.2833865666666,1.83864592,-3.89485962,5
2024-06-05 09:27:24,2024-06-05,09:27:24,548.0769601633334,1.848579713333333,-3.082597443333333,5
2024-06-05 09:35:01,2024-06-05,09:35:01,550.21755132,1.9080412266666666,-2.5500033799999997,5
2024-06-05 09:42:40,2024-06-05,09:42:40,541.13597947,2.0279999966666664,-3.6754238666666663,5
2024-06-05 09:50:15,2024-06-05,09:50:15,540.2997825833334,2.2929167899999996,-2.9861256866666666,5
2024-06-05 09:57:53,2024-06-05,09:57:53,537.6472713233334,2.40684938,-3.4684844600000004,5
2024-06-05 10:05:33,2024-06-05,10:05:33,526.97346401,2.233549443333333,-3.75540045,5
2024-06-05 10:13:14,2024-06-05,10:13:14,539.3597442533334,2.27502655,-3.342021486666667,5
2024-06-05 10:20:51,2024-06-05,10:20:51,574.7223101899999,3.0448718466666667,27.723382833333336,5
2024-06-05 10:28:26,2024-06-05,10:28:26,563.3507612433333,3.5082761533333335,42.93093019,5
2024-06-05 10:36:01,2024-06-05,10:36:01,545.6048050933333,3.0032064166666665,16.87750841,5
2024-06-05 10:43:42,2024-06-05,10:43:42,567.22933024,3.2805993033333336,18.213667193333333,5
2024-06-05 10:51:20,2024-06-05,10:51:20,583.2792094800001,3.228529286666667,18.3861167,5
2024-06-05 10:58:55,2024-06-05,10:58:55,570.4538803266666,3.178483696666667,14.851101723333334,5
2024-06-05 11:06:30,2024-06-05,11:06:30,559.3956774933332,2.8163946433333336,7.372491396666667,5
2024-06-05 11:14:05,2024-06-05,11:14:05,555.2201584000001,2.75166022,8.973422656666665,5
2024-06-05 11:21:41,2024-06-05,11:21:41,538.9735269533334,2.6707775033333334,5.099256983333333,5
2024-06-05 11:29:19,2024-06-05,11:29:19,559.4703704633333,2.5030329566666665,5.566920053333334,5
2024-06-05 11:36:54,2024-06-05,11:36:54,560.7073588833333,2.4387222533333333,2.0023437299999998,5
2024-06-05 11:44:31,2024-06-05,11:44:31,551.4345001633334,2.4103332666666666,0.9958934099999999,5
2024-06-05 11:52:06,2024-06-05,11:52:06,564.73349204,2.514991173333333,0.7013746433333333,5
2024-06-05 11:59:46,2024-06-05,11:59:46,554.8139015233334,2.4092033533333335,0.48124409333333334,5
2024-06-05 12:07:22,2024-06-05,12:07:22,572.00239308,2.37827207,0.6848144933333332,5
2024-06-05 12:15:01,2024-06-05,12:15:01,568.8507141866667,2.334064346666667,0.7925029600000001,5
2024-06-05 12:22:39,2024-06-05,12:22:39,563.2760682733333,2.2957415666666665,-0.07385837333333335,5
2024-06-05 12:30:16,2024-06-05,12:30:16,559.6871622466666,2.325260463333333,0.30261139666666664,5
2024-06-05 12:37:53,2024-06-05,12:37:53,569.63407946,2.31330225,-0.33448106666666666,5
2024-06-05 12:45:28,2024-06-05,12:45:28,557.6868481266666,2.48391865,0.52989985,5
2024-06-05 12:53:03,2024-06-05,12:53:03,554.4622980400001,2.40760265,1.4700295866666668,5
2024-06-05 13:00:41,2024-06-05,13:00:41,566.7556675166667,2.40666106,1.1766254933333333,5
2024-06-05 13:08:18,2024-06-05,13:08:18,563.7132954066666,2.29630652,0.47829896000000005,5
2024-06-05 13:15:59,2024-06-05,13:15:59,560.56161651,2.1973923233333332,0.44252043,5
2024-06-05 13:23:40,2024-06-05,13:23:40,551.5929949966667,2.1680617466666665,-1.17780515,5
2024-06-05 13:31:20,2024-06-05,13:31:20,555.7521180766666,2.267540896666667,1.1349177066666665,5
2024-06-05 13:38:53,2024-06-05,13:38:53,557.35528422,2.33698328,0.8992417100000001,5
2024-06-05 13:46:28,2024-06-05,13:46:28,551.4946188966667,2.313867203333333,1.1091302566666665,5
2024-06-05 13:54:06,2024-06-05,13:54:06,567.1564590533334,2.38957117,3.7604489733333337,5
2024-06-05 14:01:45,2024-06-05,14:01:45,581.5303009600001,2.282418046666667,4.081155073333334,5
2024-06-05 14:09:20,2024-06-05,14:09:20,587.5057384066666,2.2787929166666667,5.949208123333334,5
2024-06-05 14:16:58,2024-06-05,14:16:58,600.1124539933334,2.202618156666667,5.1942291733333334,5
2024-06-05 14:24:39,2024-06-05,14:24:39,589.8376164333332,2.1903774666666664,4.119783763333333,5
2024-06-05 14:32:10,2024-06-05,14:32:10,578.59723563,2.2465434033333334,2.8957521500000003,5
2024-06-05 14:39:44,2024-06-05,14:39:44,581.8582213066667,2.146028503333333,2.0645330233333334,5
2024-06-05 14:48:42,2024-06-05,14:48:42,591.2586046066667,2.1007850266666668,3.66622656,5
2024-06-05 14:56:16,2024-06-05,14:56:16,583.7164366100001,2.2052075366666664,3.6110927033333335,5
2024-06-05 15:03:51,2024-06-05,15:03:51,604.6851210633334,2.2183898133333333,4.5020318433333335,5
2024-06-05 15:11:27,2024-06-05,15:11:27,572.5307091999999,2.2219678666666662,2.3974480466666663,5
2024-06-05 15:19:07,2024-06-05,15:19:07,569.4519014866668,2.143344966666667,2.29252877,5
2024-06-05 15:26:46,2024-06-05,15:26:46,583.2609916833334,2.1304451600000003,2.108432666666667,5
2024-06-05 15:34:19,2024-06-05,15:34:19,568.63210062,2.0433950199999997,1.7350419933333334,5
2024-06-05 15:41:59,2024-06-05,15:41:59,585.61108751,2.1904245433333336,2.4528318300000005,5
2024-06-05 15:49:33,2024-06-05,15:49:33,617.4011434333333,2.0928756566666666,4.2917933999999995,5
2024-06-05 15:57:12,2024-06-05,15:57:12,637.47715583,2.3722458866666667,6.429167596666666,5
2024-06-05 16:04:49,2024-06-05,16:04:49,616.6542137566666,2.3788841033333337,6.021636916666666,5
2024-06-05 16:12:23,2024-06-05,16:12:23,593.4265224633333,2.5639539333333334,5.957005840000001,5
2024-06-05 16:20:02,2024-06-05,16:20:02,589.54613168,2.54333308,5.814247636666667,5
2024-06-05 16:27:38,2024-06-05,16:27:38,631.0644912533334,2.6103273233333333,9.658122183333335,5
2024-06-05 16:35:11,2024-06-05,16:35:11,667.5729566233334,2.680522976666667,13.421220380000001,5
2024-06-05 16:42:47,2024-06-05,16:42:47,660.6684115266667,2.5245954066666667,11.573761300000001,5
2024-06-05 16:50:21,2024-06-05,16:50:21,657.2252478766667,2.4823179433333338,10.308681706666666,5
2024-06-05 16:57:55,2024-06-05,16:57:55,657.1705944866667,2.3579336933333335,9.709607109999999,5
2024-06-05 17:05:32,2024-06-05,17:05:32,668.84820242,2.2574658666666667,10.448140873333333,5
2024-06-05 17:13:04,2024-06-05,17:13:04,663.6196946566666,2.2065728399999998,9.346863316666665,5
2024-06-05 17:20:39,2024-06-05,17:20:39,683.4406578900001,2.17780722,10.909555776666666,5
2024-06-05 17:28:12,2024-06-05,17:28:12,677.3012602700001,2.244001106666667,11.316036759999998,5
2024-06-05 17:35:46,2024-06-05,17:35:46,692.3309428733334,2.242306243333333,12.116852289999999,5
2024-06-05 17:43:19,2024-06-05,17:43:19,736.1447448766667,2.2057724899999998,14.77642359,5
2024-06-05 17:50:55,2024-06-05,17:50:55,685.6450113366667,2.2488032266666664,11.490485683333333,5
2024-06-05 17:58:32,2024-06-05,17:58:32,700.09172443,2.2440952700000003,12.624603623333334,5
2024-06-05 18:06:10,2024-06-05,18:06:10,708.4901288933333,2.1939555133333335,11.455945796666668,5
2024-06-05 18:13:44,2024-06-05,18:13:44,702.97013637,2.382744633333333,12.684336136666666,5
2024-06-05 18:21:18,2024-06-05,18:21:18,640.4830923466666,2.1962624133333333,8.160060803333334,5
2024-06-05 18:28:55,2024-06-05,18:28:55,593.53582924,2.4333081,6.713184436666666,5
2024-06-05 18:36:31,2024-06-05,18:36:31,601.64274895,2.2981426233333333,6.870238453333333,5
2024-06-05 18:44:09,2024-06-05,18:44:09,609.71323306,2.2129756633333337,4.94650171,5
2024-06-05 18:51:43,2024-06-05,18:51:43,636.0926032533333,2.318151446666667,6.999950473333333,5
2024-06-05 18:59:19,2024-06-05,18:59:19,638.7159660299999,2.2918339633333336,6.377632686666668,5
2024-06-05 19:06:54,2024-06-05,19:06:54,634.9266642333333,2.351813346666667,6.536836066666666,5
2024-06-05 19:14:31,2024-06-05,19:14:31,631.5563717766667,2.3260137366666664,4.436151133333333,5
2024-06-05 19:22:08,2024-06-05,19:22:08,644.0537805766667,2.4001640766666665,5.258110473333333,5
2024-06-05 19:29:45,2024-06-05,19:29:45,651.24981043,2.45760116,6.197035560000001,5
2024-06-05 19:37:21,2024-06-05,19:37:21,619.9516350266666,2.50910622,3.9690379,5
2024-06-05 19:44:57,2024-06-05,19:44:57,604.4300719,2.4009173466666667,3.2848882133333333,5
2024-06-05 19:52:35,2024-06-05,19:52:35,633.1595379166666,2.3776600333333335,5.1807331266666665,5
2024-06-05 20:00:12,2024-06-05,20:00:12,628.1132081233333,2.3989870866666667,5.561871533333334,5
2024-06-05 20:07:48,2024-06-05,20:07:48,592.11484107,2.4364153500000003,3.74420373,5
2024-06-05 20:15:21,2024-06-05,20:15:21,578.4697110466667,2.3309570933333332,0.96761669,5
2024-06-05 20:22:53,2024-06-05,20:22:53,569.50655488,2.2100567300000002,0.21072329999999997,5
2024-06-05 20:30:28,2024-06-05,20:30:28,593.7726606066667,2.1838334066666665,0.45632139333333327,5
2024-06-05 20:38:05,2024-06-05,20:38:05,602.95443034,2.2133523,1.0315354733333333,5
2024-06-05 20:45:40,2024-06-05,20:45:40,597.7259225766667,2.15511486,1.0375762066666667,5
2024-06-05 20:53:13,2024-06-05,20:53:13,612.4641204200001,2.15144265,1.6574097233333334,5
2024-06-05 21:00:49,2024-06-05,21:00:49,613.4296636700001,2.1778543,1.88799721,5
2024-06-05 21:08:26,2024-06-05,21:08:26,602.4989854099999,2.0143939966666666,1.2464350566666667,5
2024-06-05 21:16:02,2024-06-05,21:16:02,615.16035439,2.0518222666666666,2.546799323333333,5
2024-06-05 21:23:37,2024-06-05,21:23:37,626.4736063833333,2.07465586,2.5626496766666667,5
2024-06-05 21:31:14,2024-06-05,21:31:14,628.44112847,2.0167950566666666,2.7065075566666668,5
2024-06-05 21:38:48,2024-06-05,21:38:48,621.29975201,1.9216472233333333,2.3799031866666667,5
2024-06-05 21:46:22,2024-06-05,21:46:22,621.70054355,2.0049309999999996,3.40170401,5
2024-06-05 21:54:00,2024-06-05,21:54:00,618.2391621,1.9704216700000001,2.9323414366666665,5
2024-06-05 22:01:38,2024-06-05,22:01:38,630.2264725833332,1.8772511766666666,4.23925878,5
2024-06-05 22:09:14,2024-06-05,22:09:14,621.8280681266667,1.9818620066666668,3.394106236666667,5
2024-06-05 22:16:48,2024-06-05,22:16:48,642.8331881733334,1.9134553766666667,6.251019756666667,5
2024-06-05 22:24:25,2024-06-05,22:24:25,630.9369666733332,1.7792314933333333,3.8067354166666667,5
2024-06-05 22:31:58,2024-06-05,22:31:58,607.52709741,1.9016384000000002,1.7522369633333332,5
2024-06-05 22:39:37,2024-06-05,22:39:37,604.2478939333333,1.8635510233333334,1.4441421666666667,5
2024-06-05 22:47:09,2024-06-05,22:47:09,614.2494645366668,1.8421298133333337,2.480423753333333,5
2024-06-05 22:54:46,2024-06-05,22:54:46,617.67441039,1.78770582,2.816575333333333,5
2024-06-05 23:02:20,2024-06-05,23:02:20,600.5496811266667,1.8697184433333334,1.97052305,5
2024-06-05 23:09:58,2024-06-05,23:09:58,619.0407451699999,1.8859609033333335,4.351225996666667,5
2024-06-05 23:17:32,2024-06-05,23:17:32,638.8252728133334,1.9594992066666668,6.181790026666667,5
2024-06-05 23:25:06,2024-06-05,23:25:06,646.2763518233334,1.8876557666666667,5.624403223333334,5
2024-06-05 23:32:42,2024-06-05,23:32:42,648.2074383166668,1.8995669,5.21812218,5
2024-06-05 23:40:17,2024-06-05,23:40:17,636.78487954,1.84914467,4.53527211,5
2024-06-05 23:47:52,2024-06-05,23:47:52,627.9674657466666,2.0196198300000003,3.3481696833333334,5
2024-06-05 23:55:30,2024-06-05,23:55:30,655.8589130933333,1.9819090866666667,5.071215193333333,5
2024-06-06 00:03:07,2024-06-06,00:03:07,647.8977357633333,2.073855506666667,6.082519090000001,5
2024-06-06 00:10:45,2024-06-06,00:10:45,616.6177781566666,2.0697595833333335,4.462343463333333,5
2024-06-06 00:18:22,2024-06-06,00:18:22,596.3413699966667,2.19579162,2.768489413333333,5
2024-06-06 00:25:57,2024-06-06,00:25:57,601.8431447199999,2.139908156666667,3.215508526666667,5
2024-06-06 00:33:34,2024-06-06,00:33:34,610.40550935,2.06881799,4.01842344,5
2024-06-06 00:41:09,2024-06-06,00:41:09,623.3947986733333,2.11142501,4.104248313333334,5
2024-06-06 00:48:44,2024-06-06,00:48:44,645.2197195933333,2.1109071333333334,5.661892246666667,5
2024-06-06 00:56:16,2024-06-06,00:56:16,649.1001103733333,2.039534493333333,6.222578080000001,5
2024-06-06 01:03:51,2024-06-06,01:03:51,638.4973524633334,2.03195468,5.075264006666667,5
2024-06-06 01:11:28,2024-06-06,01:11:28,637.20388887,2.1060108566666664,5.272056386666667,5
2024-06-06 01:19:04,2024-06-06,01:19:04,634.9266642366666,2.1839746466666665,4.94810124,5
2024-06-06 01:26:39,2024-06-06,01:26:39,632.9409243533332,2.0685355133333334,3.6637772766666665,5
2024-06-06 01:34:12,2024-06-06,01:34:12,627.69419879,2.0165125766666665,3.985183173333334,5
2024-06-06 01:41:45,2024-06-06,01:41:45,609.2395703366667,2.0204201833333335,3.7691964100000006,5
2024-06-06 01:49:18,2024-06-06,01:49:18,580.0364415966668,2.11269616,1.5520305766666667,5
2024-06-06 01:56:56,2024-06-06,01:56:56,576.0467440333333,2.0918399033333333,1.0987333033333335,5
2024-06-06 02:04:33,2024-06-06,02:04:33,576.2471398033334,2.1100597033333335,1.66801162,5
2024-06-06 02:12:11,2024-06-06,02:12:11,579.5081254833334,2.0954179533333335,1.7805286766666668,5
2024-06-06 02:19:45,2024-06-06,02:19:45,601.6245311533334,2.089674243333333,2.82477293,5
2024-06-06 02:27:23,2024-06-06,02:27:23,622.5932156066667,1.95008329,3.953292506666667,5
2024-06-06 02:34:57,2024-06-06,02:34:57,619.73302146,1.9474468333333332,4.458994443333334,5
2024-06-06 02:42:32,2024-06-06,02:42:32,603.6284888333333,1.9070996333333332,2.9078985933333334,5
2024-06-06 02:50:09,2024-06-06,02:50:09,616.4902535766668,1.94325675,3.15897508,5
2024-06-06 02:57:43,2024-06-06,02:57:43,608.11006692,1.87395561,2.4189417566666664,5
2024-06-06 03:05:17,2024-06-06,03:05:17,596.6328547466667,1.9030507866666666,1.6913647866666668,5
2024-06-06 03:12:52,2024-06-06,03:12:52,588.2162324933333,1.8799347133333333,1.9774710133333333,5
2024-06-06 03:20:21,2024-06-06,03:20:21,605.6870999033333,1.8992844233333335,2.1178799033333333,5
2024-06-06 03:27:58,2024-06-06,03:27:58,604.5575964833334,1.8317723066666665,2.678715693333333,5
2024-06-06 03:35:32,2024-06-06,03:35:32,608.2558092966666,1.8805467466666668,2.761241533333333,5
2024-06-06 03:43:05,2024-06-06,03:43:05,608.5472940466667,1.9713161799999999,2.93778984,5
2024-06-06 03:50:41,2024-06-06,03:50:41,608.2375915000001,1.9846867799999999,3.2642942433333335,5
2024-06-06 03:58:16,2024-06-06,03:58:16,618.1298553166666,2.0417472333333335,3.3183284200000003,5
2024-06-06 04:05:51,2024-06-06,04:05:51,606.52511857,1.9669848600000002,2.6994596200000003,5
2024-06-06 04:13:30,2024-06-06,04:13:30,605.65066431,1.9842159866666667,2.7035584233333334,5
2024-06-06 04:21:08,2024-06-06,04:21:08,616.3991645933334,2.0850133666666664,3.498775586666666,5
2024-06-06 04:28:42,2024-06-06,04:28:42,609.0027389766666,2.0246102666666665,3.6621277600000006,5
2024-06-06 04:36:14,2024-06-06,04:36:14,597.0882996766667,1.9997051633333334,3.6399842433333336,5
2024-06-06 04:43:51,2024-06-06,04:43:51,588.7081130133333,2.1499361066666665,3.18356788,5
2024-06-06 04:51:25,2024-06-06,04:51:25,581.6760433366667,2.295788646666667,1.8035519366666666,5
2024-06-06 04:58:59,2024-06-06,04:58:59,593.91840298,2.3544968833333333,4.813890533333334,5
2024-06-06 05:06:30,2024-06-06,05:06:30,624.0688571666666,2.56004633,8.351154853333334,5
2024-06-06 05:14:05,2024-06-06,05:14:05,697.08578791,2.599640256666667,12.666991216666666,5
2024-06-06 05:21:42,2024-06-06,05:21:42,671.7630499533333,2.4856135133333335,9.210703186666667,5
2024-06-06 05:29:15,2024-06-06,05:29:15,664.9131582466666,2.5519015599999997,8.536350630000001,5
2024-06-06 05:36:51,2024-06-06,05:36:51,668.5020642766666,2.6114572299999996,8.436979726666666,5
2024-06-06 05:44:25,2024-06-06,05:44:25,761.5039184266667,2.682782796666667,17.01466825,5
2024-06-06 05:52:04,2024-06-06,05:52:04,731.0255438933333,2.71672717,15.554595749999999,5
2024-06-06 05:59:43,2024-06-06,05:59:43,695.7741065199999,2.7074524966666664,12.627802690000001,5
2024-06-06 06:07:18,2024-06-06,06:07:18,686.8473859466667,2.7879115,12.720425566666668,5
2024-06-06 06:14:53,2024-06-06,06:14:53,740.1708780366666,2.77006834,15.676809963333335,5
2024-06-06 06:22:26,2024-06-06,06:22:26,683.3677867,2.900243376666667,10.49112829,5
2024-06-06 06:30:00,2024-06-06,06:30:00,662.0347463066666,2.7631947166666664,8.283224743333333,5
2024-06-06 06:37:34,2024-06-06,06:37:34,633.7425074233334,2.795867943333333,6.717183266666667,5
2024-06-06 06:45:09,2024-06-06,06:45:09,639.71794487,2.82792914,7.050885563333334,5
2024-06-06 06:52:45,2024-06-06,06:52:45,639.3718067266667,2.8320250666666666,6.936668999999999,5
2024-06-06 07:00:21,2024-06-06,07:00:21,652.17891808,2.8433712433333334,7.56928378,5
2024-06-06 07:07:56,2024-06-06,07:07:56,756.4211530399999,2.93715377,14.591177826666666,5
2024-06-06 07:15:30,2024-06-06,07:15:30,768.1534143666668,3.148352763333333,15.935034359999998,5
2024-06-06 07:23:03,2024-06-06,07:23:03,658.9377208033334,3.28370656,8.675209973333333,5
2024-06-06 07:30:37,2024-06-06,07:30:37,573.6966482133333,3.4718365566666662,1.8510680200000003,5
2024-06-06 07:38:15,2024-06-06,07:38:15,548.41034585,3.626822536666667,0.3372462566666667,5
2024-06-06 07:45:46,2024-06-06,07:45:46,595.3211733566667,3.7198517866666667,2.7957414299999996,5
2024-06-06 07:53:20,2024-06-06,07:53:20,618.6035180433333,3.7180156799999993,4.448647473333334,5
2024-06-06 08:00:54,2024-06-06,08:00:54,611.8082797266667,3.8975772,3.7723454899999997,5
2024-06-06 08:08:30,2024-06-06,08:08:30,590.29306136,4.02996498,2.6689185633333334,5
2024-06-06 08:16:06,2024-06-06,08:16:06,583.0059425233334,3.9173977066666663,2.17681265,5
2024-06-06 08:23:41,2024-06-06,08:23:41,603.6102710333333,3.7233356766666668,3.037960513333333,5
2024-06-06 08:31:17,2024-06-06,08:31:17,618.7128248233333,3.8090205133333335,3.7955387,5
2024-06-06 08:38:51,2024-06-06,08:38:51,616.3991645933332,3.82733447,3.03011281,5
2024-06-06 08:46:25,2024-06-06,08:46:25,602.8997769466665,3.80492459,2.6312296,5
2024-06-06 08:54:00,2024-06-06,08:54:00,597.3797844300001,3.9578390666666663,2.1064932366666667,5
2024-06-06 09:01:37,2024-06-06,09:01:37,589.5643494766667,3.9457866933333334,0.99200455,5
2024-06-06 09:09:11,2024-06-06,09:09:11,600.20354298,3.918433456666667,1.6700910100000002,5
2024-06-06 09:16:45,2024-06-06,09:16:45,600.6407701066668,3.97375196,2.19445748,5
2024-06-06 09:24:22,2024-06-06,09:24:22,617.3282722466666,3.9633944566666663,3.1479832966666668,5
2024-06-06 09:31:59,2024-06-06,09:31:59,641.61259577,3.97285745,4.67688065,5
2024-06-06 09:39:35,2024-06-06,09:39:35,662.5994980199999,4.565495206666667,29.641271290000002,5
2024-06-06 09:47:10,2024-06-06,09:47:10,644.6367500866667,5.089161373333334,40.88352965333333,5
2024-06-06 09:54:49,2024-06-06,09:54:49,678.68581285,4.758615643333333,33.328241776666665,5
2024-06-06 10:02:24,2024-06-06,10:02:24,727.1451531166666,5.070376623333334,42.453070106666665,5
2024-06-06 10:09:59,2024-06-06,10:09:59,717.8540765966667,4.8311182,32.82189003,5
2024-06-06 10:17:37,2024-06-06,10:17:37,687.52144444,4.695293606666667,28.587629790000005,5
2024-06-06 10:25:12,2024-06-06,10:25:12,654.0371333866667,4.6748139900000005,24.66027968333334,5
2024-06-06 10:32:47,2024-06-06,10:32:47,572.2938778333333,4.170685846666667,12.455703076666666,5
2024-06-06 10:40:21,2024-06-06,10:40:21,572.64001598,3.8839241233333333,12.750516759999998,5
2024-06-06 10:47:52,2024-06-06,10:47:52,592.6431571866666,3.654505326666667,13.72113257,5
2024-06-06 10:55:27,2024-06-06,10:55:27,600.8047302833334,3.4470256200000002,12.721075376666667,5
2024-06-06 11:03:02,2024-06-06,11:03:02,626.5829131633333,3.519198616666666,13.032534186666666,5
2024-06-06 11:10:37,2024-06-06,11:10:37,641.0842796533333,3.4354440433333333,12.564821129999999,5
2024-06-06 11:18:11,2024-06-06,11:18:11,632.5583506133333,3.6427354333333333,13.10301355,5
2024-06-06 11:25:48,2024-06-06,11:25:48,613.8486730033334,3.616606266666667,12.797403026666666,5
2024-06-06 11:33:26,2024-06-06,11:33:26,613.6482772333334,3.530356476666667,11.130141190000002,5
2024-06-06 11:41:01,2024-06-06,11:41:01,626.2367750233333,3.5612406799999996,11.970045273333334,5
2024-06-06 11:48:35,2024-06-06,11:48:35,622.4110376333334,3.6049776133333338,11.623796650000001,5
2024-06-06 11:56:09,2024-06-06,11:56:09,624.8157868466667,3.650456483333334,11.015774676666666,5
2024-06-06 12:03:44,2024-06-06,12:03:44,616.9639163033333,3.617877416666667,9.14722177,5
2024-06-06 12:11:20,2024-06-06,12:11:20,617.1096586766666,3.5637358999999997,7.926279253333334,5
2024-06-06 12:18:58,2024-06-06,12:18:58,620.7714358933334,3.4398224433333335,7.28446717,5
2024-06-06 12:26:34,2024-06-06,12:26:34,618.9860917833333,3.4563944566666667,8.422084086666667,5
2024-06-06 12:34:09,2024-06-06,12:34:09,617.4922324166666,3.46576329,6.973858113333333,5
2024-06-06 12:41:41,2024-06-06,12:41:41,617.0550052899999,3.5429738033333336,7.647710816666667,5
2024-06-06 12:49:18,2024-06-06,12:49:18,611.9540221033334,3.4848776000000004,6.370934646666666,5
2024-06-06 12:56:52,2024-06-06,12:56:52,603.9928447733333,3.5300269199999996,5.34958369,5
2024-06-06 13:04:28,2024-06-06,13:04:28,612.33659584,3.48727866,5.652245069999999,5
2024-06-06 13:12:03,2024-06-06,13:12:03,619.8787638366666,3.3811612866666665,6.296856333333333,5
2024-06-06 13:19:37,2024-06-06,13:19:37,599.8938404300001,3.3211348233333333,4.337779936666666,5
2024-06-06 13:27:11,2024-06-06,13:27:11,585.028118,3.22264434,3.0693013333333337,5
2024-06-06 13:34:47,2024-06-06,13:34:47,604.32076512,3.3359648899999996,5.7376700566666665,5
2024-06-06 13:42:23,2024-06-06,13:42:23,609.8225398433333,3.3362473666666665,6.066123893333334,5
2024-06-06 13:49:58,2024-06-06,13:49:58,620.4981689366667,3.5737167700000003,7.105819476666667,5
2024-06-06 13:57:36,2024-06-06,13:57:36,617.6197569966668,3.712742766666667,7.515049656666666,5
2024-06-06 14:05:13,2024-06-06,14:05:13,622.3199486466666,3.7516304999999996,7.648810493333333,5
2024-06-06 14:12:49,2024-06-06,14:12:49,626.87439792,3.86754043,8.330810810000001,5
2024-06-06 14:20:26,2024-06-06,14:20:26,618.8950027933333,3.7745111799999997,8.1317191,5
2024-06-06 14:28:00,2024-06-06,14:28:00,623.2490562966667,3.7757352500000003,7.515399553333332,5
2024-06-06 14:35:36,2024-06-06,14:35:36,627.4938030233334,3.7252659366666667,7.579780706666667,5
2024-06-06 14:43:13,2024-06-06,14:43:13,630.0260768166667,3.4967887366666663,5.9318632,5
2024-06-06 14:50:48,2024-06-06,14:50:48,625.7084589066666,3.4938698033333337,6.588670896666667,5
2024-06-06 14:58:24,2024-06-06,14:58:24,622.6660867933333,3.4845951266666666,5.487093426666667,5
2024-06-06 15:06:00,2024-06-06,15:06:00,625.1801427933333,3.3990515266666663,5.71512666,5
2024-06-06 15:13:34,2024-06-06,15:13:34,622.31994865,3.4320543133333334,5.63295072,5
2024-06-06 15:21:11,2024-06-06,15:21:11,617.49223242,3.51557349,4.55091753,5
2024-06-06 15:28:46,2024-06-06,15:28:46,614.6502560733334,3.5272963033333333,5.600410246666667,5
2024-06-06 15:36:20,2024-06-06,15:36:20,617.3829256366668,3.527814183333333,5.393020969999999,5
2024-06-06 15:43:55,2024-06-06,15:43:55,626.9290513133334,3.5816261399999996,5.863733146666667,5
2024-06-06 15:51:31,2024-06-06,15:51:31,611.3710525966667,3.4736726599999996,4.5444694199999995,5
2024-06-06 15:59:02,2024-06-06,15:59:02,621.2815342133332,3.4130812433333335,4.154333646666667,5
2024-06-06 16:06:39,2024-06-06,16:06:39,622.95757155,3.3054573233333335,4.13488934,5
2024-06-06 16:14:15,2024-06-06,16:14:15,616.28985781,3.3213702233333335,4.756957203333333,5
2024-06-06 16:21:53,2024-06-06,16:21:53,634.9995354233333,3.271324626666667,6.05882603,5
2024-06-06 16:29:30,2024-06-06,16:29:30,632.2486480633333,3.260684643333333,5.08106231,5
2024-06-06 16:37:07,2024-06-06,16:37:07,644.7642746666667,3.265015963333333,6.948215623333333,5
2024-06-06 16:44:43,2024-06-06,16:44:43,633.6878540333333,3.24844395,6.288508780000001,5
2024-06-06 16:52:15,2024-06-06,16:52:15,630.4268683566667,3.3574802599999996,6.272713403333333,5
2024-06-06 16:59:49,2024-06-06,16:59:49,635.96507867,3.42583981,6.21692974,5
2024-06-06 17:07:25,2024-06-06,17:07:25,632.3579548466668,3.4088440799999997,6.504295596666666,5
2024-06-06 17:15:00,2024-06-06,17:15:00,615.5429281300001,3.2944406999999996,5.707778810000001,5
2024-06-06 17:22:36,2024-06-06,17:22:36,657.7353461933334,3.40531311,9.095187006666666,5
2024-06-06 17:30:10,2024-06-06,17:30:10,644.3270475333334,3.23526167,7.37344112,5
2024-06-06 17:37:47,2024-06-06,17:37:47,663.3282098999999,3.394908523333333,9.386651666666667,5
2024-06-06 17:45:22,2024-06-06,17:45:22,689.81688687,3.3157206699999997,11.942653293333334,5
2024-06-06 17:52:59,2024-06-06,17:52:59,702.9519185766667,3.399522323333333,14.229383756666666,5
2024-06-06 18:00:32,2024-06-06,18:00:32,756.4575886333332,3.3206640266666665,17.2689438,5
2024-06-06 18:08:07,2024-06-06,18:08:07,704.62795591,3.27325489,11.926408053333333,5
2024-06-06 18:15:45,2024-06-06,18:15:45,650.7214943133332,3.33045658,7.9525215666666655,5
2024-06-06 18:23:23,2024-06-06,18:23:23,628.95122679,3.22513956,7.027992266666668,5
2024-06-06 18:31:00,2024-06-06,18:31:00,639.4264601166666,3.2175597466666663,9.015360379999999,5
2024-06-06 18:38:36,2024-06-06,18:38:36,655.2941613833333,3.1509892166666664,8.890446956666667,5
2024-06-06 18:46:18,2024-06-06,18:46:18,675.80740091,3.203059236666667,10.865118786666669,5
2024-06-06 18:53:57,2024-06-06,18:53:57,724.9590174633335,3.334175866666667,15.550946816666666,5
2024-06-06 19:01:35,2024-06-06,19:01:35,725.5966403633333,3.227446456666667,16.49252113,5
2024-06-06 19:09:09,2024-06-06,19:09:09,719.76694529,3.27532639,13.960612453333335,5
2024-06-06 19:16:44,2024-06-06,19:16:44,732.1914829066667,3.26299154,13.915325713333333,5
2024-06-06 19:24:25,2024-06-06,19:24:25,654.5107961100001,3.1348880033333337,7.87669377,5
2024-06-06 19:32:03,2024-06-06,19:32:03,647.29654846,3.1037684033333335,6.905178223333333,5
2024-06-06 19:39:41,2024-06-06,19:39:41,649.35515953,3.0998607966666665,7.27541982,5
2024-06-06 19:47:16,2024-06-06,19:47:16,648.4624874733333,3.26972392,7.377939803333334,5
2024-06-06 19:54:53,2024-06-06,19:54:53,646.23991623,3.0503330766666665,6.698888620000001,5
2024-06-06 20:02:27,2024-06-06,20:02:27,652.5250562266667,3.0224619666666666,7.04433748,5
2024-06-06 20:10:06,2024-06-06,20:10:06,633.76072522,3.0327723933333335,5.727772956666666,5
2024-06-06 20:17:40,2024-06-06,20:17:40,612.4276848266667,2.868464656666667,4.21511585,5
2024-06-06 20:25:19,2024-06-06,20:25:19,662.3080132599999,2.9388957133333338,6.380281910000001,5
2024-06-06 20:32:57,2024-06-06,20:32:57,685.1895664133334,2.9684616866666667,6.9618616300000005,5
2024-06-06 20:40:33,2024-06-06,20:40:33,686.28263424,2.8833888833333337,6.410523056666666,5
2024-06-06 20:48:11,2024-06-06,20:48:11,690.4362919733334,2.9968977566666664,8.698053286666665,5
2024-06-06 20:55:49,2024-06-06,20:55:49,677.2283890833334,2.93555306,7.637063933333334,5
2024-06-06 21:03:27,2024-06-06,21:03:27,676.2081924433334,2.8618264366666666,7.066381023333332,5
2024-06-06 21:11:01,2024-06-06,21:11:01,691.6204487833334,2.6255811066666666,6.534236833333334,5
2024-06-06 21:18:36,2024-06-06,21:18:36,675.16977801,2.6400816166666665,6.510943650000001,5
2024-06-06 21:26:10,2024-06-06,21:26:10,700.0006354433334,2.7198815033333332,8.7000527,5
2024-06-06 21:33:47,2024-06-06,21:33:47,690.1994606100001,2.7507657099999996,8.405039073333333,5
2024-06-06 21:41:24,2024-06-06,21:41:24,690.3452029866667,2.7158797399999997,10.620440426666667,5
2024-06-06 21:49:00,2024-06-06,21:49:00,706.0125084866667,2.7626297633333334,16.200056763333333,5
2024-06-06 21:56:37,2024-06-06,21:56:37,705.8303305166668,2.6925753466666666,16.618434266666664,5
2024-06-06 22:04:14,2024-06-06,22:04:14,655.56742834,2.6332079966666666,7.27691938,5
2024-06-06 22:11:53,2024-06-06,22:11:53,650.37535617,2.49738341,4.106147756666666,5
2024-06-06 22:19:30,2024-06-06,22:19:30,646.11239165,2.422715193333333,5.328239933333333,5
2024-06-06 22:27:08,2024-06-06,22:27:08,648.4807052699999,2.3608055466666666,5.547275806666666,5
2024-06-06 22:34:46,2024-06-06,22:34:46,675.6252229366665,2.2973893533333336,9.312723313333334,5
2024-06-06 22:42:21,2024-06-06,22:42:21,675.2790847933334,2.4438539266666663,9.536507793333334,5
2024-06-06 22:50:01,2024-06-06,22:50:01,657.5531682233333,2.48165883,8.414286366666667,5
2024-06-06 22:57:39,2024-06-06,22:57:39,632.72231079,2.4579307200000002,6.6090649233333325,5
2024-06-06 23:05:17,2024-06-06,23:05:17,636.60270157,2.50957702,5.846938066666667,5
2024-06-06 23:12:55,2024-06-06,23:12:55,664.3119709466665,2.355579713333333,8.006555746666667,5
2024-06-06 23:20:32,2024-06-06,23:20:32,685.2260020033333,2.4145233466666665,10.363965523333334,5
2024-06-06 23:28:10,2024-06-06,23:28:10,713.1721027466666,2.4127343233333334,14.620169339999999,5
2024-06-06 23:35:45,2024-06-06,23:35:45,757.6963988333333,2.481423433333333,19.350834239999998,5
2024-06-06 23:43:25,2024-06-06,23:43:25,731.6449489966667,2.545027943333334,17.99353165,5
2024-06-06 23:51:04,2024-06-06,23:51:04,720.3681325966667,2.4696064566666664,15.038946726666666,5
2024-06-06 23:58:42,2024-06-06,23:58:42,743.70513067,2.5075526,15.51950602,5
2024-06-07 00:06:18,2024-06-07,00:06:18,701.8041973599999,2.29578865,11.650638793333334,5
2024-06-07 00:13:53,2024-06-07,00:13:53,672.54641523,2.27846336,10.358667073333335,5
2024-06-07 00:21:28,2024-06-07,00:21:28,667.3725608566666,2.2899037,10.15937542,5
2024-06-07 00:29:07,2024-06-07,00:29:07,644.0173449833333,2.2891033466666664,6.78796254,5
2024-06-07 00:36:43,2024-06-07,00:36:43,651.61416637,2.3318516033333334,6.20998177,5
2024-06-07 00:44:19,2024-06-07,00:44:19,669.3583007399999,2.220461316666667,8.459273196666667,5
2024-06-07 00:51:57,2024-06-07,00:51:57,683.0398663533333,2.1679205066666665,9.86081284,5
2024-06-07 00:59:36,2024-06-07,00:59:36,659.7939572633333,2.1684854633333335,8.724195629999999,5
2024-06-07 01:07:16,2024-06-07,01:07:16,664.9313760433333,2.15789256,9.099985603333334,5
2024-06-07 01:14:53,2024-06-07,01:14:53,669.9594880433333,2.1484295633333335,8.616377196666667,5
2024-06-07 01:22:29,2024-06-07,01:22:29,650.48466295,2.1761123566666667,6.707486106666667,5
2024-06-07 01:30:07,2024-06-07,01:30:07,655.0937656166667,2.08920345,8.580637663333333,5
2024-06-07 01:37:49,2024-06-07,01:37:49,690.8188657133333,2.0008350766666667,14.422327263333335,5
2024-06-07 01:45:28,2024-06-07,01:45:28,703.3891457066666,2.0494212033333334,13.272563906666667,5
2024-06-07 01:53:03,2024-06-07,01:53:03,696.2659870399999,2.0001288833333333,11.509680063333334,5
2024-06-07 02:00:43,2024-06-07,02:00:43,766.1676744800001,2.0837892966666662,17.632387386666668,5
2024-06-07 02:08:19,2024-06-07,02:08:19,743.8144374533334,2.1931080833333336,15.96927433,5
2024-06-07 02:15:54,2024-06-07,02:15:54,693.9523268133333,2.15530318,9.279483046666668,5
2024-06-07 02:23:33,2024-06-07,02:23:33,716.08695028,2.1863286233333334,10.226955633333333,5
2024-06-07 02:31:07,2024-06-07,02:31:07,681.6735315699999,2.078798863333333,7.9766645033333345,5
2024-06-07 02:38:41,2024-06-07,02:38:41,632.24864806,2.031389723333333,4.335630566666667,5
2024-06-07 02:46:20,2024-06-07,02:46:20,658.0997021333334,1.96034664,5.770010590000001,5
2024-06-07 02:53:57,2024-06-07,02:53:57,674.16779917,2.052999253333333,8.513257386666668,5
2024-06-07 03:01:34,2024-06-07,03:01:34,671.78126775,2.0817648766666665,8.973872526666666,5
2024-06-07 03:09:12,2024-06-07,03:09:12,690.5455987566667,2.115003056666666,10.215608956666665,5
2024-06-07 03:16:43,2024-06-07,03:16:43,691.25609284,2.194708786666667,10.52451851,5
2024-06-07 03:24:20,2024-06-07,03:24:20,679.9974942433333,2.1996992233333335,8.647068209999999,5
2024-06-07 03:32:00,2024-06-07,03:32:00,628.1314259233333,2.2354797066666667,5.340486353333333,5
2024-06-07 03:39:38,2024-06-07,03:39:38,639.4264601166666,2.24842659,6.046879523333334,5
2024-06-07 03:47:16,2024-06-07,03:47:16,652.5979274166667,2.2225798966666663,7.04163827,5
2024-06-07 03:54:54,2024-06-07,03:54:54,667.28147187,2.1235244633333337,6.95816271,5
2024-06-07 04:02:32,2024-06-07,04:02:32,625.50806314,2.1610939666666664,4.76745413,5
2024-06-07 04:10:06,2024-06-07,04:10:06,642.1409118833334,2.2046425833333334,5.687734676666667,5
2024-06-07 04:17:44,2024-06-07,04:17:44,663.3282099,2.18877676,7.553088523333333,5
2024-06-07 04:25:20,2024-06-07,04:25:20,626.0728148533334,2.1894358766666664,4.696125013333334,5
2024-06-07 04:32:54,2024-06-07,04:32:54,642.9424949566666,2.2359034233333333,6.428967653333333,5
2024-06-07 04:40:28,2024-06-07,04:40:28,611.1706568266667,2.2939054633333336,5.585364656666666,5
2024-06-07 04:48:07,2024-06-07,04:48:07,602.5900743966666,2.26311542,4.945402026666667,5
2024-06-07 04:55:45,2024-06-07,04:55:45,611.79006193,2.3928196633333334,6.960412053333333,5
2024-06-07 05:03:24,2024-06-07,05:03:24,642.6692279999999,2.8219500333333336,19.58076692,5
2024-06-07 05:11:01,2024-06-07,05:11:01,676.2810636333334,2.57374649,15.404939566666664,5
2024-06-07 05:18:39,2024-06-07,05:18:39,698.8346964333333,2.4360857966666667,12.933763106666667,5
2024-06-07 05:26:17,2024-06-07,05:26:17,686.1004562666666,2.3636303233333336,10.308031896666668,5
2024-06-07 05:33:58,2024-06-07,05:33:58,695.0636124366666,2.3684795199999997,10.03401213,5
2024-06-07 05:41:38,2024-06-07,05:41:38,666.66206677,2.4063785799999997,8.30221918,5
2024-06-07 05:49:19,2024-06-07,05:49:19,687.5578800366666,2.363347843333333,9.747196106666669,5
2024-06-07 05:56:55,2024-06-07,05:56:55,643.7622958266667,2.36800872,6.946466133333334,5
2024-06-07 06:04:37,2024-06-07,06:04:37,582.6598043766667,2.5028917199999996,3.218857546666667,5
2024-06-07 06:12:17,2024-06-07,06:12:17,573.1501142966666,2.6009114033333334,2.7041582466666667,5
2024-06-07 06:19:59,2024-06-07,06:19:59,583.9897035666667,2.5125430333333334,3.2841884166666664,5
2024-06-07 06:27:39,2024-06-07,06:27:39,619.04074517,2.61352873,6.075171243333333,5
2024-06-07 06:35:15,2024-06-07,06:35:15,653.2537681066666,2.68005218,10.03011327,5
2024-06-07 06:42:52,2024-06-07,06:42:52,656.5329715866666,2.7180924799999997,10.00107177,5
2024-06-07 06:50:30,2024-06-07,06:50:30,629.0423157733334,2.8346144400000006,7.463914626666667,5
2024-06-07 06:58:09,2024-06-07,06:58:09,631.3013226133334,2.8723722666666665,7.599674879999999,5
2024-06-07 07:05:44,2024-06-07,07:05:44,677.4470026466666,3.061961736666667,10.993781113333332,5
2024-06-07 07:13:24,2024-06-07,07:13:24,708.7633958466666,3.2564004,14.744782856666667,5
2024-06-07 07:20:55,2024-06-07,07:20:55,685.0438240333333,3.6126045033333334,12.111153960000001,5
2024-06-07 07:28:34,2024-06-07,07:28:34,640.0640830133333,3.9130663833333337,9.100685393333334,5
2024-06-07 07:36:12,2024-06-07,07:36:12,569.8344752233334,4.198274483333333,4.025271436666666,5
2024-06-07 07:43:50,2024-06-07,07:43:50,551.2432132933334,4.537859493333333,4.37276969,5
2024-06-07 07:51:30,2024-06-07,07:51:30,589.1453401433333,4.684889023333334,6.560979003333333,5
2024-06-07 07:59:10,2024-06-07,07:59:10,627.3480606466667,5.00003973,9.42394075,5
2024-06-07 08:06:49,2024-06-07,08:06:49,633.19597351,5.1804016,10.017267026666667,5
2024-06-07 08:14:27,2024-06-07,08:14:27,629.9167700366667,5.254269466666667,9.46102989,5
2024-06-07 08:22:02,2024-06-07,08:22:02,620.3888621566666,5.039916136666666,7.599175026666667,5
2024-06-07 08:29:41,2024-06-07,08:29:41,628.2225149066667,4.8761733566666665,7.89023981,5
2024-06-07 08:37:20,2024-06-07,08:37:20,623.2490563,4.846654456666667,6.575274813333333,5
2024-06-07 08:44:58,2024-06-07,08:44:58,622.3199486466666,4.998344866666666,6.0938157833333335,5
2024-06-07 08:52:36,2024-06-07,08:52:36,598.8918615900001,5.064915393333334,4.491534916666667,5
2024-06-07 09:00:13,2024-06-07,09:00:13,611.3528348000001,4.956773596666667,5.07381443,5
2024-06-07 09:07:55,2024-06-07,09:07:55,611.3163992033333,4.82890546,4.623546266666668,5
2024-06-07 09:15:33,2024-06-07,09:15:33,592.6067215899999,4.814499103333333,3.04100962,5
2024-06-07 09:23:10,2024-06-07,09:23:10,602.0799760766666,4.643176513333334,4.4188062100000005,5
2024-06-07 09:30:49,2024-06-07,09:30:49,609.03917457,4.4484553700000005,3.590948603333333,5
2024-06-07 09:38:25,2024-06-07,09:38:25,613.92154419,4.376329453333333,4.321184793333334,5
2024-06-07 09:46:01,2024-06-07,09:46:01,626.0728148466666,4.312583699999999,4.806992553333333,5
2024-06-07 09:53:36,2024-06-07,09:53:36,604.5575964833333,4.324494836666667,4.136188956666667,5
2024-06-07 10:01:17,2024-06-07,10:01:17,645.4383331600001,5.241322576666666,37.64097904333334,5
2024-06-07 10:08:58,2024-06-07,10:08:58,706.50438901,5.7099527199999995,55.88663687,5
2024-06-07 10:16:33,2024-06-07,10:16:33,667.1175116966666,5.362552496666666,39.177029299999994,5
2024-06-07 10:24:12,2024-06-07,10:24:12,690.8006479133334,5.210391296666667,38.59719907,5
2024-06-07 10:31:48,2024-06-07,10:31:48,684.8980816566667,4.886719183333334,28.975016363333335,5
2024-06-07 10:39:20,2024-06-07,10:39:20,682.63907482,4.694257856666666,23.696061996666668,5
2024-06-07 10:46:58,2024-06-07,10:46:58,655.2759435833333,4.60645444,20.45101212,5
2024-06-07 10:54:30,2024-06-07,10:54:30,652.8529765733333,4.632819006666666,20.7844145,5
2024-06-07 11:02:07,2024-06-07,11:02:07,620.68034691,4.3657836266666665,14.630966180000001,5
2024-06-07 11:09:43,2024-06-07,11:09:43,624.2328173433333,4.3262367799999994,16.373006123333333,5
2024-06-07 11:17:22,2024-06-07,11:17:22,641.8676449266667,4.309758923333334,19.151892486666668,5
2024-06-07 11:24:59,2024-06-07,11:24:59,635.5278515366667,4.406130826666667,16.56390023,5
2024-06-07 11:32:36,2024-06-07,11:32:36,634.3619125233334,4.320822629999999,14.393835606666668,5
2024-06-07 11:40:10,2024-06-07,11:40:10,627.4755852266667,4.319833956666667,13.28041161,5
2024-06-07 11:47:48,2024-06-07,11:47:48,621.7734147333333,4.314137326666667,13.318800366666666,5
2024-06-07 11:55:26,2024-06-07,11:55:26,598.30889208,4.300531329999999,10.648182303333334,5
2024-06-07 12:03:01,2024-06-07,12:03:01,615.6340171166668,4.303921056666667,11.920509780000001,5
2024-06-10 11:13:44,2024-06-10,11:13:44,570.6724938933334,3.8093500666666666,10.665527226666667,5
2024-06-10 11:21:16,2024-06-10,11:21:16,578.1600085,4.05722406,11.082005283333332,5
2024-06-10 11:28:55,2024-06-10,11:28:55,597.8716649500001,3.9124072699999997,11.637242713333334,5
2024-06-10 11:36:32,2024-06-10,11:36:32,614.4862959000001,3.8897149133333335,13.075171703333332,5
2024-06-10 11:44:07,2024-06-10,11:44:07,609.9136288266667,3.8437181633333335,11.16033235,5
2024-06-10 11:51:41,2024-06-10,11:51:41,595.6673115033333,3.742638303333333,10.011068843333334,5
2024-06-10 11:59:16,2024-06-10,11:59:16,601.4059175866666,3.752666253333333,10.797688526666667,5
2024-06-10 12:06:54,2024-06-10,12:06:54,607.85501776,3.7325161933333333,9.37035644,5
2024-06-10 12:14:29,2024-06-10,12:14:29,601.7338379333333,3.759257396666667,9.864961626666668,5
2024-06-10 12:22:04,2024-06-10,12:22:04,617.03678749,3.8183893500000003,10.465285853333333,5
2024-06-10 12:29:37,2024-06-10,12:29:37,624.74291566,3.6884967833333335,10.812084310000001,5
2024-06-13 11:46:22,2024-06-13,11:46:22,564.8974522166667,3.4384100566666667,7.673053396666666,5
2024-06-13 11:53:52,2024-06-13,11:53:52,571.2918989966666,3.56689023,8.396691523333335,5
2024-06-13 12:01:29,2024-06-13,12:01:29,624.9068758333333,3.60083461,11.659286263333334,5
2024-06-13 12:09:01,2024-06-13,12:09:01,625.0890538033333,3.665945666666667,11.345478139999999,5
2024-06-13 12:16:33,2024-06-13,12:16:33,596.8514683100001,3.75219546,9.63182988,5
2024-06-13 12:24:09,2024-06-13,12:24:09,617.2189654633333,3.9296854766666662,12.316293896666666,5
2024-06-13 12:31:43,2024-06-13,12:31:43,607.5635330033333,3.7865635500000003,9.575596346666666,5
2024-06-13 12:39:21,2024-06-13,12:39:21,609.84075764,3.7489940466666667,8.2095963,5
2024-06-13 12:46:55,2024-06-13,12:46:55,613.0835255233334,3.7377891066666664,7.697646196666667,5
2024-06-13 12:54:30,2024-06-13,12:54:30,608.8387788,3.7108595866666665,5.738019956666666,5
2024-06-13 13:02:05,2024-06-13,13:02:05,610.7334296966666,3.7260662900000003,7.824009196666668,5
2024-06-13 13:09:42,2024-06-13,13:09:42,598.3088920833334,3.80887927,6.9362691199999995,5
2024-06-13 13:17:18,2024-06-13,13:17:18,615.16035439,3.722441163333333,5.360580466666666,5
2024-06-13 13:24:54,2024-06-13,13:24:54,632.5765684133333,3.60959141,3.8284290700000003,5
2024-06-13 13:32:27,2024-06-13,13:32:27,632.6130040066668,3.5118542033333333,4.974343553333333,5
2024-06-13 13:40:02,2024-06-13,13:40:02,634.0886455666666,3.4521572933333338,6.004092053333333,5
2024-06-13 13:47:38,2024-06-13,13:47:38,646.9139747233334,3.36939139,7.216187163333333,5
2024-06-13 13:55:14,2024-06-13,13:55:14,666.9535515233333,3.1898769533333335,9.224049276666667,5
2024-06-13 14:02:52,2024-06-13,14:02:52,663.21890312,3.2804109833333333,8.661913866666666,5
2024-06-13 14:10:30,2024-06-13,14:10:30,683.6592714566667,3.3104006800000003,11.115395503333334,5
2024-06-13 14:18:06,2024-06-13,14:18:06,716.1780392633333,3.3818204033333337,14.507552313333333,5
2024-06-13 14:25:41,2024-06-13,14:25:41,687.7582758,3.4460840299999997,13.299605990000002,5
2024-06-13 14:33:20,2024-06-13,14:33:20,666.27949303,3.4362914733333327,10.062153886666666,5
2024-06-13 14:40:57,2024-06-13,14:40:57,649.44624852,3.477815666666667,8.46767074,5
2024-06-13 14:48:34,2024-06-13,14:48:34,652.3610960533333,3.598668946666667,10.761849026666667,5
2024-06-13 14:56:03,2024-06-13,14:56:03,648.3713984899999,3.4355382,8.896695123333334,5
2024-06-13 15:03:20,2024-06-13,15:03:20,644.1995229533333,3.4170830066666666,5.749866486666668,5
2024-06-13 15:10:45,2024-06-13,15:10:45,670.3784973766667,3.4931636066666667,8.377297196666667,5
2024-06-13 15:18:15,2024-06-13,15:18:15,656.07752666,3.5019204133333335,6.882984723333333,5
2024-06-13 15:25:53,2024-06-13,15:25:53,663.2189031166666,3.4905271533333333,8.868853276666668,5
2024-06-13 15:33:32,2024-06-13,15:33:32,648.1892205199999,3.354608403333333,5.36972779,5
2024-06-13 15:41:04,2024-06-13,15:41:04,632.1575590766666,3.33398755,5.027328043333333,5
2024-06-13 15:48:41,2024-06-13,15:48:41,635.7464651033333,3.1234947466666667,5.333788313333333,5
2024-06-13 15:56:19,2024-06-13,15:56:19,662.32623106,3.11803351,7.37129175,5
2024-06-13 16:03:54,2024-06-13,16:03:54,647.0779348933333,3.05122759,6.228476353333334,5
2024-06-13 16:11:32,2024-06-13,16:11:32,665.71474132,3.089691606666667,7.972615683333333,5
2024-06-13 16:19:08,2024-06-13,16:19:08,675.5159161566667,3.202870916666667,9.0105118,5
2024-06-13 16:26:46,2024-06-13,16:26:46,683.2402621233333,3.206213566666667,8.983719643333332,5
2024-06-13 16:34:25,2024-06-13,16:34:25,678.1028433433333,3.0458134366666667,8.988368283333335,5
2024-06-13 16:42:03,2024-06-13,16:42:03,673.6030474600001,3.138183573333334,8.571540326666666,5
2024-06-13 16:49:40,2024-06-13,16:49:40,691.5293598,3.12420094,10.765647913333334,5
2024-06-13 16:57:12,2024-06-13,16:57:12,739.3146415699999,3.1942553533333338,15.64516923,5
2024-06-13 17:04:47,2024-06-13,17:04:47,726.7990149666666,3.1965151733333332,15.109076190000001,5
2024-06-13 17:12:21,2024-06-13,17:12:21,720.6596173500001,3.116621126666667,14.358046086666667,5
2024-06-13 17:19:59,2024-06-13,17:19:59,729.6227735166667,3.156167976666666,15.146365269999999,5
2024-06-13 17:27:34,2024-06-13,17:27:34,735.2338550233335,3.0876671833333336,15.855357683333333,5
2024-06-13 17:35:13,2024-06-13,17:35:13,753.26947414,2.8818352600000003,14.857049983333333,5
2024-07-08 12:02:35,2024-07-08,12:02:35,579.96357041,3.4804992,7.969366636666667,5
2024-07-08 12:10:10,2024-07-08,12:10:10,593.7726606066666,4.55829203,10.617441303333335,5
2024-07-08 12:17:48,2024-07-08,12:17:48,589.8376164333332,4.650944643333333,8.608229583333333,5
2024-07-08 12:25:27,2024-07-08,12:25:27,619.5326256933333,4.6554172,9.855614359999999,5
2024-07-08 12:33:05,2024-07-08,12:33:05,619.24114094,4.552218763333333,8.866703903333333,5
2024-07-08 12:40:44,2024-07-08,12:40:44,618.5124290533334,4.50109034,10.106840803333332,5
2024-07-08 12:48:18,2024-07-08,12:48:18,616.8363917233333,4.38127281,8.567391543333335,5
2024-07-08 12:55:56,2024-07-08,12:55:56,604.7397744533333,4.006425193333333,4.626545386666667,5
2024-07-08 13:03:33,2024-07-08,13:03:33,597.2886954433333,3.7595869566666664,3.4619363733333333,5
2024-07-08 13:11:11,2024-07-08,13:11:11,603.5373998466667,3.4015467466666665,2.9964226733333335,5
2024-07-08 13:18:51,2024-07-08,13:18:51,622.11955288,3.2649688833333332,5.24021571,5
2024-07-08 13:26:26,2024-07-08,13:26:26,630.9551844700001,3.2595076533333334,5.393020973333333,5
2024-07-08 13:34:00,2024-07-08,13:34:00,635.3274557733333,3.227728936666667,5.93996083,5
2024-07-08 13:41:37,2024-07-08,13:41:37,637.5682448133333,3.172645826666667,6.28955847,5
2024-07-08 13:49:13,2024-07-08,13:49:13,642.2502186666667,3.1464225,5.902721733333333,5
2024-07-08 13:56:51,2024-07-08,13:56:51,651.17693924,3.234932113333333,6.668997376666667,5
2024-07-08 14:04:28,2024-07-08,14:04:28,646.2216984333334,3.274855593333333,5.92486525,5
2024-07-08 14:12:05,2024-07-08,14:12:05,634.7991396566666,3.1459517033333335,5.589613410000001,5
2024-07-08 14:19:40,2024-07-08,14:19:40,639.1714109600001,3.217465586666666,6.1382027866666675,5
2024-07-08 14:27:13,2024-07-08,14:27:13,647.93417136,3.142609053333333,5.70572941,5
2024-07-08 14:34:49,2024-07-08,14:34:49,659.21098776,2.9291502366666666,7.544441053333333,5
2024-07-08 14:42:26,2024-07-08,14:42:26,666.6802845666666,3.157627443333334,7.795317596666667,5
2024-07-08 14:50:07,2024-07-08,14:50:07,669.3765185366666,3.0222736500000003,5.066016713333333,5
2024-07-08 14:57:46,2024-07-08,14:57:46,652.0331757066666,3.0982130133333334,5.134846563333333,5
2024-07-08 15:05:24,2024-07-08,15:05:24,649.9199112433334,3.008997206666667,4.302240343333334,5
2024-07-08 15:13:04,2024-07-08,15:13:04,650.0838714166667,3.005842876666667,3.6575790933333336,5
2024-07-08 15:20:39,2024-07-08,15:20:39,653.2537681100001,3.000240403333333,5.643997486666667,5
2024-07-08 15:28:17,2024-07-08,15:28:17,647.3147662566666,3.1071581299999997,5.8543359,5
2024-07-08 15:35:55,2024-07-08,15:35:55,642.6874457966668,2.9780188400000003,4.543569683333334,5
2024-07-08 15:43:34,2024-07-08,15:43:34,653.7092130366667,3.079993216666667,5.487743236666667,5
2024-07-08 15:51:11,2024-07-08,15:51:11,675.93492549,3.107958483333333,6.3009051466666675,5
2024-07-08 15:58:51,2024-07-08,15:58:51,675.0058178366667,3.0584307633333334,4.17857655,5
2024-07-08 16:06:29,2024-07-08,16:06:29,717.3439782766667,3.299431136666666,8.891196733333333,5
2024-07-08 16:14:06,2024-07-08,16:14:06,695.20935481,3.477909823333333,4.931756023333333,5
2024-07-08 16:21:42,2024-07-08,16:21:42,665.5143455533333,3.264309766666667,5.291900573333333,5
2024-07-08 16:29:21,2024-07-08,16:29:21,652.37931385,3.3633181266666665,5.098257276666666,5
2024-07-08 16:37:00,2024-07-08,16:37:00,644.5638788966667,3.3523015033333334,4.313487046666666,5
2024-07-08 16:44:40,2024-07-08,16:44:40,634.8720108433333,3.260119683333333,3.6582289033333333,5
2024-07-08 16:52:17,2024-07-08,16:52:17,636.5480481766666,3.1999990633333333,3.884112763333334,5
2024-07-08 16:59:52,2024-07-08,16:59:52,631.0462734533334,2.93894279,3.00606985,5
2024-07-08 17:07:29,2024-07-08,17:07:29,587.0138578866668,2.923830246666667,0.6692040633333334,5
2024-07-08 17:15:08,2024-07-08,17:15:08,573.1318965033333,2.84727885,-1.1921509466666667,5
2024-07-08 17:22:47,2024-07-08,17:22:47,586.1394036233334,2.7702566533333335,0.14215837666666667,5
2024-07-08 17:30:25,2024-07-08,17:30:25,590.4023681433333,2.7788251366666668,0.9967681533333334,5
2024-07-08 17:38:03,2024-07-08,17:38:03,616.72708494,2.656135753333333,1.5580838066666667,5
2024-07-08 17:45:38,2024-07-08,17:45:38,676.04423227,2.795491313333334,7.806514316666667,5
2024-07-08 17:53:17,2024-07-08,17:53:17,729.2219819799999,2.95245463,12.26275957,5
2024-07-08 18:00:54,2024-07-08,18:00:54,737.8207822066666,2.9871052033333334,12.5317808,5
2024-07-08 18:08:30,2024-07-08,18:08:30,768.9003440466666,3.14985931,16.037454373333333,5
2024-07-08 18:16:09,2024-07-08,18:16:09,819.4000775833333,3.30479821,21.322257026666666,5
2024-07-08 18:23:49,2024-07-08,18:23:49,910.3615384633334,3.5281908166666667,28.0547858,5
2024-07-08 18:31:25,2024-07-08,18:31:25,979.11550469,4.008590853333334,40.36968010333334,5
2024-07-08 18:39:01,2024-07-08,18:39:01,915.47163055,3.725783813333333,27.59292103,5
2024-07-08 18:46:37,2024-07-08,18:46:37,962.88344748,3.879027843333334,32.271551163333335,5
2024-07-08 18:54:16,2024-07-08,18:54:16,919.9440997333335,3.8169298833333336,24.090946376666665,5
2024-07-08 19:01:57,2024-07-08,19:01:57,805.4998984033333,3.6019645200000006,16.187710376666665,5
2024-07-08 19:09:37,2024-07-08,19:09:37,703.5348880833334,3.3312098533333336,11.355625170000001,5
2024-07-08 19:17:17,2024-07-08,19:17:17,674.29532375,3.12415386,7.475511233333333,5
2024-07-08 19:24:56,2024-07-08,19:24:56,689.4343131333334,2.9244422799999996,6.60291672,5
2024-07-08 19:32:33,2024-07-08,19:32:33,686.7380791633333,2.9863048466666666,7.1722000433333335,5
2024-07-08 19:40:09,2024-07-08,19:40:09,674.4228483266667,2.7668198433333338,5.475596793333334,5
2024-07-08 19:47:51,2024-07-08,19:47:51,680.6351171366667,2.6510511599999997,4.8094418333333335,5
2024-07-08 19:55:29,2024-07-08,19:55:29,686.1368918600001,2.6744967899999996,5.651045423333334,5
2024-07-08 20:03:08,2024-07-08,20:03:08,688.6327300633333,2.7025091366666665,7.105669519999999,5
2024-07-08 20:10:46,2024-07-08,20:10:46,693.4057929,2.6366918900000003,7.507701813333334,5
2024-07-08 20:18:26,2024-07-08,20:18:26,728.2200031433334,2.7418205899999997,12.076564083333333,5
2024-07-08 20:26:07,2024-07-08,20:26:07,716.8885333533334,2.7090061233333333,8.781628813333334,5
2024-07-08 20:33:48,2024-07-08,20:33:48,732.9019769966667,2.63730392,11.179576716666666,5
2024-07-08 20:41:28,2024-07-08,20:41:28,723.7019894600002,2.6548646066666666,11.709121670000002,5
2024-07-08 20:48:11,2024-07-08,20:48:11,703.11587875,3.17589432,12.8852773,5
2024-07-11 12:07:04,2024-07-11,12:07:04,619.0771807666666,3.5443391133333333,8.839012013333333,5
2024-07-11 12:14:53,2024-07-11,12:14:53,632.9044887599999,3.822908986666667,8.586236023333333,5
2024-07-11 12:55:49,2024-07-11,12:55:49,603.44631086,3.75436112,7.098871513333333,5
2024-07-11 13:03:26,2024-07-11,13:03:26,606.7983855233333,3.438975013333333,5.809449043333333,5
2024-07-11 13:11:00,2024-07-11,13:11:00,615.1785721900001,3.31595607,5.7372201899999995,5
2024-07-11 13:18:29,2024-07-11,13:18:29,609.4946194966666,3.4646804633333335,7.815111803333333,5
2024-07-11 13:26:08,2024-07-11,13:26:08,626.8197445300001,3.5070991633333333,10.504824276666666,5
2024-07-11 13:33:41,2024-07-11,13:33:41,633.0502311366666,3.710953743333333,10.52236914,5
2024-07-11 13:41:26,2024-07-11,13:41:26,655.5127749466667,3.8069960866666666,12.854936183333335,5
2024-07-11 13:49:05,2024-07-11,13:49:05,668.02840155,3.77333419,13.631808723333334,5
2024-07-11 13:56:40,2024-07-11,13:56:40,654.7658452666667,3.5908537366666664,11.159232673333333,5
2024-07-11 14:04:15,2024-07-11,14:04:15,644.9464526333333,3.6785159166666666,10.870617176666668,5
2024-07-11 14:11:49,2024-07-11,14:11:49,617.9476773433333,3.5584159066666667,7.744032613333334,5
2024-07-11 14:19:28,2024-07-11,14:19:28,616.8728273166666,3.517127113333333,5.40021886,5
2024-07-11 14:26:57,2024-07-11,14:26:57,628.71439543,3.39010641,4.64219081,5
2024-07-11 14:34:19,2024-07-11,14:34:19,636.3112168133333,3.1715629966666667,4.69227614,5
2024-07-11 14:41:44,2024-07-11,14:41:44,622.5932156033333,3.2818233733333337,4.052113576666667,5
2024-07-11 14:49:02,2024-07-11,14:49:02,635.0359710166666,3.19816296,3.5493607766666666,5
2024-07-11 14:56:20,2024-07-11,14:56:20,645.23793739,3.2630386233333333,4.402560966666667,5
2024-07-11 15:03:46,2024-07-11,15:03:46,623.7773724133334,3.074767383333333,1.8652938566666668,5
2024-07-11 15:11:24,2024-07-11,15:11:24,629.0240979766667,3.0768859633333334,2.0606216666666666,5
2024-07-11 15:18:52,2024-07-11,15:18:52,633.4874582666666,3.0822530333333336,2.0251070700000002,5
2024-07-11 15:26:09,2024-07-11,15:26:09,638.8070550166667,2.981502733333333,2.351481506666667,5
2024-07-11 15:33:33,2024-07-11,15:33:33,639.79081606,3.109229636666667,2.3558102366666667,5
2024-07-11 15:41:02,2024-07-11,15:41:02,633.41458708,3.0768859600000003,1.3457309833333333,5
2024-07-11 15:48:27,2024-07-11,15:48:27,631.5928073666666,2.9582454200000003,0.9068194933333333,5
2024-07-11 15:55:53,2024-07-11,15:55:53,640.9567550733334,3.0641744766666665,1.8746061333333335,5
2024-07-11 16:03:19,2024-07-11,16:03:19,630.9369666733334,3.0097504799999997,-0.15886848666666664,5
2024-07-11 16:10:42,2024-07-11,16:10:42,632.9773599466666,2.9711923033333334,-0.09359259333333332,5
2024-07-11 16:18:05,2024-07-11,16:18:05,649.9016934466667,2.9361650933333334,3.407002456666666,5
2024-07-11 16:25:31,2024-07-11,16:25:31,643.4525932766666,2.8932755999999995,2.88205616,5
2024-07-11 16:32:54,2024-07-11,16:32:54,673.8763144166667,3.0395989333333335,6.088467349999999,5
2024-07-11 16:40:18,2024-07-11,16:40:18,653.1444613266666,2.9555618833333335,5.14229438,5
2024-07-11 16:47:47,2024-07-11,16:47:47,675.31552039,2.9921897933333335,7.61766961,5
2024-07-11 16:55:12,2024-07-11,16:55:12,687.7036224100001,2.968885403333333,7.859748733333333,5
2024-07-11 17:02:45,2024-07-11,17:02:45,755.6924411566666,3.144115603333333,16.039603743333334,5
2024-07-11 17:10:20,2024-07-11,17:10:20,676.4632416033334,2.850574416666667,6.75562201,5
2024-07-11 17:17:56,2024-07-11,17:17:56,600.8593836766667,2.80994474,0.5431009866666666,5
2024-07-11 17:25:38,2024-07-11,17:25:38,609.1120457566666,2.825151443333333,2.46722262,5
2024-07-11 17:33:13,2024-07-11,17:33:13,626.7468733433334,2.90744655,4.178776493333333,5
2024-07-11 17:40:50,2024-07-11,17:40:50,637.14923548,2.8622501566666667,5.321341956666667,5
2024-07-11 17:48:30,2024-07-11,17:48:30,711.6782433833333,2.948264546666667,11.227712623333332,5
2024-07-11 17:56:06,2024-07-11,17:56:06,762.25084811,3.129897566666667,15.82551642,5
2024-07-11 18:03:48,2024-07-11,18:03:48,792.0369463533334,3.1627591133333333,16.84351836,5
2024-07-11 18:11:29,2024-07-11,18:11:29,753.8524436466668,3.257812786666667,14.83970506,5
2024-07-11 18:19:04,2024-07-11,18:19:04,810.7284061666666,3.3352586966666666,19.862684376666667,5
2024-07-11 18:26:41,2024-07-11,18:26:41,792.23734212,3.1197754566666664,14.528346223333335,5
2024-07-11 18:34:20,2024-07-11,18:34:20,736.3451406466667,3.0455309600000002,10.180569213333333,5
2024-07-11 18:41:59,2024-07-11,18:41:59,713.6457654700001,3.149388516666667,9.882856383333333,5
2024-07-11 18:49:37,2024-07-11,18:49:37,689.39787754,2.9320220933333334,6.994452083333333,5
2024-07-11 18:57:13,2024-07-11,18:57:13,687.64896902,2.927455373333333,6.40162566,5
2024-07-11 19:04:51,2024-07-11,19:04:51,665.3503853766666,2.77279895,2.4068402966666667,5
2024-07-11 19:12:27,2024-07-11,19:12:27,663.71078364,2.75490871,1.0031812766666668,5
2024-07-11 19:20:07,2024-07-11,19:20:07,659.2838589466666,2.7245423800000004,-0.07000950333333335,5
2024-07-11 19:27:45,2024-07-11,19:27:45,664.82206926,2.716585933333333,0.29071988,5
2024-07-11 19:35:20,2024-07-11,19:35:20,651.9603045166667,2.7050043566666666,1.5940982633333334,5
2024-07-11 19:42:57,2024-07-11,19:42:57,638.2787389,2.6364094066666666,0.8198449566666667,5
2024-07-11 19:50:34,2024-07-11,19:50:34,642.3595254500001,2.6785456333333335,0.4270349666666666,5
2024-07-11 19:58:11,2024-07-11,19:58:11,672.1456236933334,2.5197462099999997,2.5619898733333333,5
2024-07-11 20:05:49,2024-07-11,20:05:49,706.7047847766667,2.7344290966666667,8.474268806666666,5
2024-07-11 20:13:27,2024-07-11,20:13:27,706.3404288366665,2.7547203933333333,8.873801826666666,5
2024-07-11 20:21:02,2024-07-11,20:21:02,708.9820094133333,2.8060842133333335,8.940432316666667,5
2024-07-11 20:28:41,2024-07-11,20:28:41,725.7059471433334,2.74925916,9.93489115,5
2024-07-11 20:36:17,2024-07-11,20:36:17,687.0842173066667,2.5988869833333332,4.086603476666666,5
2024-07-11 20:43:57,2024-07-11,20:43:57,682.5844214233334,2.655900353333333,4.9967369999999995,5
2024-07-11 20:51:33,2024-07-11,20:51:33,701.85885075,2.693940656666667,6.331496193333333,5
2024-07-11 20:59:12,2024-07-11,20:59:12,704.4457779366667,2.6049131666666665,6.853293416666666,5
2024-07-11 21:06:49,2024-07-11,21:06:49,676.4814594,2.395879836666667,2.808527686666667,5
2024-07-11 21:14:26,2024-07-11,21:14:26,685.3717443833333,2.6224267766666665,4.598203683333334,5
2024-07-11 21:22:04,2024-07-11,21:22:04,706.5226068066667,2.6651279566666664,7.2895656733333345,5
2024-07-11 21:29:40,2024-07-11,21:29:40,674.49571952,2.6238391599999997,4.536771673333333,5
2024-07-11 21:37:15,2024-07-11,21:37:15,688.08619615,2.605807683333333,5.94320988,5
2024-07-11 21:44:55,2024-07-11,21:44:55,709.4738899333333,2.4616029299999997,8.74693897,5
2024-07-11 21:52:30,2024-07-11,21:52:30,702.7697406033334,2.711171783333333,8.029049160000001,5
2024-07-11 22:00:10,2024-07-11,22:00:10,699.41766594,2.6323134833333333,7.366893036666666,5
2024-07-11 22:07:47,2024-07-11,22:07:47,703.6806304566667,2.5642364133333335,8.966574663333333,5
2024-07-11 22:15:25,2024-07-11,22:15:25,726.7443615766666,2.6910688033333336,11.59080631,5
2024-07-11 22:23:04,2024-07-11,22:23:04,718.0726901600001,2.525772396666667,9.64077726,5
2024-07-11 22:30:40,2024-07-11,22:30:40,689.4707487266668,2.646343203333333,9.072143753333334,5
2024-07-11 22:38:16,2024-07-11,22:38:16,705.0651830399999,2.4822237833333336,9.129127073333333,5
2024-07-11 22:45:53,2024-07-11,22:45:53,720.9146665100001,2.6465315166666668,7.751880316666667,5
2024-07-11 22:53:31,2024-07-11,22:53:31,720.9328843066666,2.5897064666666663,8.509308546666666,5
2024-07-11 23:01:11,2024-07-11,23:01:11,708.94557382,2.6544879666666668,8.521554960000001,5
2024-07-11 23:08:49,2024-07-11,23:08:49,687.64896902,2.4893328,7.24152974,5
2024-07-11 23:16:29,2024-07-11,23:16:29,656.2597046333333,2.444936756666667,4.911012096666667,5
2024-07-11 23:24:12,2024-07-11,23:24:12,631.75676754,2.455765063333333,3.83197803,5
2024-07-11 23:31:52,2024-07-11,23:31:52,644.98288823,2.2954120099999997,3.09089501,5
2024-07-11 23:39:31,2024-07-11,23:39:31,676.2810636333334,2.2469671200000003,5.262809093333334,5
2024-07-11 23:47:08,2024-07-11,23:47:08,682.0925409066667,2.1935318,5.400118889999999,5
2024-07-11 23:54:47,2024-07-11,23:54:47,731.9182159533333,2.28279468,8.800773206666667,5
2024-07-12 00:02:19,2024-07-12,00:02:19,704.9923118500001,2.18764685,5.805900083333333,5
2024-07-12 00:09:58,2024-07-12,00:09:58,672.67393981,2.334252663333333,4.754607893333333,5
2024-07-12 00:17:38,2024-07-12,00:17:38,653.6545596466667,2.3193755166666663,3.587049743333333,5
2024-07-12 00:25:13,2024-07-12,00:25:13,643.926256,2.3512013133333336,2.064245606666667,5
2024-07-12 00:32:48,2024-07-12,00:32:48,644.1813051566667,2.24513102,1.0546712,5
2024-07-12 00:40:20,2024-07-12,00:40:20,657.7171283966667,2.3994578833333335,1.2199028233333333,5
2024-07-12 00:48:00,2024-07-12,00:48:00,664.89494045,2.52657275,3.9417958766666668,5
2024-07-12 00:55:39,2024-07-12,00:55:39,701.7859795600001,2.695776756666666,7.70934277,5
2024-07-12 01:03:17,2024-07-12,01:03:17,732.7380168200001,2.7690796666666664,12.764762583333331,5
2024-07-12 01:10:55,2024-07-12,01:10:55,697.3772726666666,2.810886333333334,9.766840353333334,5
2024-07-12 01:18:34,2024-07-12,01:18:34,683.2949155133333,2.7412556366666667,9.593191196666666,5
2024-07-12 01:26:12,2024-07-12,01:26:12,683.9325384099999,2.8426650500000004,10.95039382,5
2024-07-12 01:33:49,2024-07-12,01:33:49,662.9274183666666,2.7261901666666666,8.854507476666667,5
2024-07-12 01:41:27,2024-07-12,01:41:27,635.2363667866667,2.5169685133333335,5.394470546666667,5
2024-07-12 01:49:08,2024-07-12,01:49:08,644.03556278,2.5452162633333333,5.415664339999999,5
2024-07-12 01:56:46,2024-07-12,01:56:46,624.5060843,2.4741731733333334,1.9748767733333334,5
2024-07-12 02:04:23,2024-07-12,02:04:23,609.2031347400001,2.2963536033333334,0.15605630666666667,5
2024-07-12 02:11:55,2024-07-12,02:11:55,640.6652703166666,2.322059053333333,1.4490657266666667,5
2024-07-12 02:19:34,2024-07-12,02:19:34,644.9100170400001,2.2986605,1.4479410533333332,5
2024-07-12 02:27:11,2024-07-12,02:27:11,640.9385372733333,2.3025681033333334,0.6504095633333333,5
2024-07-12 02:34:49,2024-07-12,02:34:49,639.95477623,2.29541201,0.9468577699999999,5
2024-07-12 02:42:26,2024-07-12,02:42:26,631.2284514266667,2.24762624,1.0857121133333334,5
2024-07-12 02:50:05,2024-07-12,02:50:05,641.8312093333334,2.39291382,2.6824645999999994,5
2024-07-12 02:57:45,2024-07-12,02:57:45,644.9282348400001,2.34790574,2.1050836499999996,5
2024-07-12 03:05:24,2024-07-12,03:05:24,644.3999187233334,2.448467726666667,1.9851187733333333,5
2024-07-12 03:13:01,2024-07-12,03:13:01,644.3088297366667,2.3702214633333334,1.1182026,5
2024-07-12 03:20:42,2024-07-12,03:20:42,642.2137830733333,2.409156273333333,0.06932970333333333,5
2024-07-12 03:28:17,2024-07-12,03:28:17,640.5923991333333,2.2555356066666667,1.1540471033333333,5
2024-07-12 03:35:56,2024-07-12,03:35:56,637.3678490466667,2.452139933333333,2.0250570833333335,5
2024-07-12 03:43:38,2024-07-12,03:43:38,642.8696237666667,2.475632643333333,1.77901912,5
2024-07-12 03:51:14,2024-07-12,03:51:14,636.27478122,2.402659293333333,0.048925676666666675,5
2024-07-12 03:58:54,2024-07-12,03:58:54,629.6617208733334,2.4524694866666668,0.30841019999999997,5
2024-07-12 04:06:35,2024-07-12,04:06:35,623.0304427366667,2.338301506666667,0.8996915799999999,5
2024-07-12 04:14:11,2024-07-12,04:14:11,608.6748186233334,2.3310512533333334,0.2004893,5
2024-07-12 04:21:52,2024-07-12,04:21:52,606.7801677266666,2.31198402,-0.20462558666666664,5
2024-07-12 04:29:29,2024-07-12,04:29:29,596.70572594,2.231007143333333,-0.12999444000000002,5
2024-07-12 04:37:05,2024-07-12,04:37:05,607.98254234,2.331851606666667,0.27896232000000004,5
2024-07-12 04:44:46,2024-07-12,04:44:46,645.9119958833334,2.2321841333333334,1.5912540933333332,5
2024-07-12 04:52:23,2024-07-12,04:52:23,646.5314009833334,2.29720103,1.28572855,5
2024-07-12 04:59:58,2024-07-12,04:59:58,640.5741813366666,2.4107099033333332,7.641212716666666,5
2024-07-12 05:07:38,2024-07-12,05:07:38,607.0352168866667,2.652651863333333,8.593583873333333,5
2024-07-12 05:15:15,2024-07-12,05:15:15,616.9092629133332,2.4594843466666667,5.605308813333334,5
2024-07-12 05:22:56,2024-07-12,05:22:56,604.8126456433333,2.343244863333333,5.479095766666667,5
2024-07-12 05:30:32,2024-07-12,05:30:32,596.7785971266667,2.391171873333333,1.1855828733333331,5
2024-07-12 05:38:07,2024-07-12,05:38:07,601.3512641933333,2.5635773,0.88708477,5
2024-07-12 05:45:50,2024-07-12,05:45:50,642.9424949566667,2.8008583833333334,6.236124116666667,5
2024-07-12 05:53:31,2024-07-12,05:53:31,663.0367251466666,2.8052367833333336,7.51005112,5
2024-07-12 06:01:11,2024-07-12,06:01:11,697.5776684333333,2.8236449,9.96573212,5
2024-07-12 06:08:50,2024-07-12,06:08:50,777.0619171466666,3.1917601366666664,18.488786639999997,5
2024-07-12 06:16:27,2024-07-12,06:16:27,828.6000651166668,3.2900623,23.030756793333335,5
2024-07-12 06:24:05,2024-07-12,06:24:05,825.63056419,3.4104918666666664,21.974066183333335,5
2024-07-12 06:31:46,2024-07-12,06:31:46,865.8008067766665,3.4020175399999997,24.98368499333333,5
2024-07-12 06:39:21,2024-07-12,06:39:21,813.6979070966667,3.46722276,20.21708061,5
2024-07-12 06:47:00,2024-07-12,06:47:00,730.8980193133334,3.53817169,11.158582863333335,5
2024-07-12 06:54:37,2024-07-12,06:54:37,709.7835924833333,3.43803342,7.152355849999999,5
2024-07-12 07:02:17,2024-07-12,07:02:17,703.6988482566667,3.551966003333334,8.908191756666668,5
2024-07-12 07:09:56,2024-07-12,07:09:56,703.2069677333334,3.588311443333333,8.468370536666667,5
2024-07-12 07:17:34,2024-07-12,07:17:34,656.8062385433333,3.5796487999999997,3.676188643333333,5
2024-07-12 07:25:13,2024-07-12,07:25:13,674.91472885,3.7145788733333336,6.2795114100000005,5
2024-07-12 07:32:49,2024-07-12,07:32:49,608.7112542233333,3.8492735533333335,1.2186931766666669,5
2024-07-12 07:40:26,2024-07-12,07:40:26,569.4154658966667,3.8307712766666664,-2.32032063,5
2024-07-12 07:48:04,2024-07-12,07:48:04,556.4261765666666,3.8800635999999997,-2.9731294933333334,5
2024-07-12 07:55:46,2024-07-12,07:55:46,551.2687182133333,3.883971203333333,-2.9176457399999998,5
2024-07-12 08:03:22,2024-07-12,08:03:22,569.7616040366667,3.87206007,-1.3938618866666665,5
2024-07-12 08:11:01,2024-07-12,08:11:01,645.9302136800001,4.013910843333334,4.64269066,5
2024-07-12 08:18:41,2024-07-12,08:18:41,636.0743854533333,3.8456013433333336,3.6360304000000006,5
2024-07-12 08:26:20,2024-07-12,08:26:20,591.8962275066666,3.7096355200000004,0.8287523499999999,5
2024-07-12 08:34:00,2024-07-12,08:34:00,611.6989729433333,3.7312921266666668,2.0459509633333335,5
2024-07-12 08:41:36,2024-07-12,08:41:36,634.4894371033333,3.7241360266666668,3.7578497333333334,5
2024-07-12 08:49:13,2024-07-12,08:49:13,632.9227065566666,3.873896176666667,3.7609488266666666,5
2024-07-12 08:56:51,2024-07-12,08:56:51,609.9318466266667,3.81170405,1.54975125,5
2024-07-12 09:04:29,2024-07-12,09:04:29,622.37460204,3.6946642099999996,1.4549190133333332,5
2024-07-12 09:12:06,2024-07-12,09:12:06,613.7575840133333,3.62395068,0.1092180233333333,5
2024-07-12 09:19:43,2024-07-12,09:19:43,611.1342212333333,3.5424559299999996,-0.10286488333333332,5
2024-07-12 09:27:19,2024-07-12,09:27:19,616.5449069699999,3.5376538133333333,-0.3231153933333333,5
2024-07-12 09:34:54,2024-07-12,09:34:54,616.9274807099999,3.5466930899999998,-0.36822219,5
2024-07-12 09:42:31,2024-07-12,09:42:31,600.5861167200001,3.4869020233333337,-1.42088398,5
2024-07-12 09:50:07,2024-07-12,09:50:07,617.1460942733333,3.48859689,-0.6343142766666666,5
2024-07-12 09:57:43,2024-07-12,09:57:43,624.9797470233333,3.5073816433333334,-0.33507189333333337,5
2024-07-12 10:05:20,2024-07-12,10:05:20,631.1555802366667,3.3380363900000005,0.2981577,5
2024-07-12 10:12:55,2024-07-12,10:12:55,646.1670450400001,4.257218113333333,35.14319037333333,5
2024-07-12 10:20:25,2024-07-12,10:20:25,655.6949529166667,4.159857543333334,36.25638444,5
2024-07-12 10:27:50,2024-07-12,10:27:50,660.4133623666667,3.7487115699999998,23.76254253,5
2024-07-12 10:35:15,2024-07-12,10:35:15,672.3824550566667,3.6484320633333334,18.56656387,5
2024-07-12 10:42:42,2024-07-12,10:42:42,674.42284833,3.85854823,19.301348729999997,5
2024-07-12 10:50:17,2024-07-12,10:50:17,682.9305595733334,3.7860456800000004,19.031927613333334,5
2024-07-12 10:57:47,2024-07-12,10:57:47,675.4066093733334,3.622585373333333,16.27623446,5
2024-07-12 11:05:18,2024-07-12,11:05:18,656.95198092,3.3633652066666664,12.013632509999999,5
2024-07-12 11:12:44,2024-07-12,11:12:44,637.0217109033333,3.174293613333333,10.1789197,5
2024-07-12 11:20:13,2024-07-12,11:20:13,632.9227065533333,3.2290942433333334,11.594755153333333,5
2024-07-12 11:27:37,2024-07-12,11:27:37,638.6430948399999,3.31506156,10.217208486666665,5
2024-07-12 11:34:52,2024-07-12,11:34:52,636.07438545,3.259460573333333,10.912005056666667,5
2024-07-12 11:42:11,2024-07-12,11:42:11,618.67638923,3.11304308,7.768075576666667,5
2024-07-12 11:49:46,2024-07-12,11:49:46,629.3520183266668,3.066858013333333,7.895588236666666,5
2024-07-12 11:57:23,2024-07-12,11:57:23,621.0264850566667,2.87180731,6.220628653333333,5
2024-07-12 12:05:03,2024-07-12,12:05:03,618.0934197233333,2.8882380799999994,5.3766257699999995,5
2024-07-12 12:12:42,2024-07-12,12:12:42,619.5144078966667,3.0646923466666665,7.347648673333333,5
2024-07-12 12:20:19,2024-07-12,12:20:19,628.00390134,3.01977843,6.718682826666666,5
2024-07-12 12:27:44,2024-07-12,12:27:44,649.8106044566666,3.056123863333333,5.910019596666667,5
2024-07-12 12:35:09,2024-07-12,12:35:09,639.82725165,3.019495953333333,5.038924646666667,5
2024-07-12 12:42:30,2024-07-12,12:42:30,622.1013350833333,2.79332565,2.4277591733333335,5
2024-07-12 12:49:55,2024-07-12,12:49:55,625.36232076,2.9443098633333338,2.5733465466666665,5
2024-07-12 12:57:18,2024-07-12,12:57:18,633.70607183,2.784663006666667,1.2278404966666667,5
2024-07-12 13:04:46,2024-07-12,13:04:46,642.39596104,2.90000798,3.417534376666667,5
2024-07-12 13:12:24,2024-07-12,13:12:24,646.9504103166668,2.8066020933333333,4.407209606666666,5
2024-07-12 13:20:06,2024-07-12,13:20:06,625.8906368766667,2.8001992700000002,1.863284443333333,5
2024-07-12 13:27:46,2024-07-12,13:27:46,623.2126207066667,2.620967306666667,2.16632072,5
2024-07-12 13:35:24,2024-07-12,13:35:24,635.32745577,2.7024620566666666,3.227205103333333,5
2024-07-12 13:43:03,2024-07-12,13:43:03,652.9622833566667,2.6373510000000002,3.9449949399999995,5
2024-07-12 13:50:43,2024-07-12,13:50:43,664.3484065399999,2.409297516666667,5.027078113333332,5
2024-07-12 13:58:17,2024-07-12,13:58:17,657.0248521066668,2.4675820366666668,4.6496386266666665,5
2024-07-12 14:05:58,2024-07-12,14:05:58,654.43792492,2.5180042666666664,5.851636689999999,5
2024-07-12 14:13:35,2024-07-12,14:13:35,648.2256561099999,2.354591043333333,4.911511953333333,5
2024-07-12 14:21:15,2024-07-12,14:21:15,645.6933823166667,2.4620266433333335,4.440049993333333,5
2024-07-12 14:28:49,2024-07-12,14:28:49,642.1226940866667,2.4014352233333334,3.029013133333333,5
2024-07-12 14:36:26,2024-07-12,14:36:26,656.7698029499999,2.423562626666666,1.9047223133333333,5
2024-07-12 14:44:02,2024-07-12,14:44:02,658.26366231,2.3455988433333332,1.6410345166666669,5
2024-07-12 14:51:37,2024-07-12,14:51:37,636.5662659733333,2.377377556666667,0.9874908700000001,5
2024-07-12 14:59:14,2024-07-12,14:59:14,639.77259826,2.3165978199999997,0.7768135566666667,5
2024-07-12 15:06:51,2024-07-12,15:06:51,646.0941738533334,2.36278289,0.81193727,5
2024-07-12 15:14:28,2024-07-12,15:14:28,632.7223107866666,2.2947058166666667,0.40338489000000005,5
2024-07-12 15:22:06,2024-07-12,15:22:06,634.8173574533333,2.2902332566666668,-0.4906213533333333,5
2024-07-12 15:29:44,2024-07-12,15:29:44,636.78487954,2.2588782566666668,-0.2756442966666667,5
2024-07-12 15:37:19,2024-07-12,15:37:19,636.1654744366667,2.301673593333333,-0.5458633266666667,5
2024-07-12 15:44:59,2024-07-12,15:44:59,644.47278991,2.2937642233333335,-0.41964613,5
2024-07-12 15:52:39,2024-07-12,15:52:39,639.35358893,2.391077713333333,-0.5720325133333334,5
2024-07-12 16:00:13,2024-07-12,16:00:13,645.0193238233334,2.3652781066666666,-0.76747529,5
2024-07-12 16:07:52,2024-07-12,16:07:52,641.53972458,2.3641952766666665,-1.51660595,5
2024-07-12 16:15:28,2024-07-12,16:15:28,640.8110126933334,2.2524754333333337,-1.0559208366666668,5
2024-07-12 16:23:09,2024-07-12,16:23:09,618.2391621,2.3800610933333335,-2.0110611766666664,5
2024-07-12 16:30:44,2024-07-12,16:30:44,605.88749567,2.3161741033333336,-1.2013232633333333,5
2024-07-12 16:38:23,2024-07-12,16:38:23,609.9865000166666,2.3319457633333336,-0.5957485733333333,5
2024-07-12 16:46:01,2024-07-12,16:46:01,616.8728273166666,2.4016235433333333,-0.39151037000000005,5
2024-07-12 16:53:38,2024-07-12,16:53:38,635.52785154,2.2466375666666667,0.9889104533333333,5
2024-07-12 17:01:19,2024-07-12,17:01:19,676.2264102433334,2.5482293566666665,4.59176557,5
2024-07-12 17:08:57,2024-07-12,17:08:57,680.8719485,2.51866338,5.565820373333334,5
2024-07-12 17:16:39,2024-07-12,17:16:39,628.20429711,2.4743144166666666,1.0655185233333333,5
2024-07-12 17:24:17,2024-07-12,17:24:17,600.6225523133334,2.570356756666667,1.3247621233333333,5
2024-07-12 17:31:54,2024-07-12,17:31:54,613.3750102766667,2.518286743333334,-0.2114680833333333,5
2024-07-12 17:39:31,2024-07-12,17:39:31,669.9412702466666,2.7204935399999997,6.259492273333334,5
2024-07-12 17:47:10,2024-07-12,17:47:10,686.2826342366667,2.8196431366666665,9.48887174,5
2024-07-12 17:54:49,2024-07-12,17:54:49,705.5934991533333,2.7327342299999997,11.325733923333333,5
2024-07-12 18:02:32,2024-07-12,18:02:32,726.6532725933333,2.8313659533333335,11.80204446,5
2024-07-12 18:10:11,2024-07-12,18:10:11,765.8944075233334,3.019025156666667,16.670618986666668,5
2024-07-12 18:17:48,2024-07-12,18:17:48,785.53319279,2.8383337266666664,18.21516675333333,5
2024-07-12 18:25:26,2024-07-12,18:25:26,789.4682369633333,2.9249130766666664,16.118430659999998,5
2024-07-12 18:33:02,2024-07-12,18:33:02,758.2064971499999,2.8241627766666664,12.361630623333333,5
2024-07-12 18:40:42,2024-07-12,18:40:42,719.6576385066668,2.9065049599999995,10.94864433,5
2024-07-12 18:48:22,2024-07-12,18:48:22,710.8948781066666,2.9475112733333333,7.862797843333333,5
2024-07-12 18:55:59,2024-07-12,18:55:59,673.0747313433334,2.6905038466666666,5.331439,5
2024-07-12 19:03:34,2024-07-12,19:03:34,663.5832590633333,2.633349236666667,3.79089006,5
2024-07-12 19:11:14,2024-07-12,19:11:14,678.3761102966668,2.7994930733333336,5.048421863333334,5
2024-07-12 19:18:54,2024-07-12,19:18:54,668.6295888533333,2.500114023333333,2.2518506766666664,5
2024-07-12 19:26:34,2024-07-12,19:26:34,668.5567176666667,2.4898977566666667,1.9573269133333333,5
2024-07-12 19:34:14,2024-07-12,19:34:14,674.4046305366667,2.58678753,2.23134668,5
2024-07-12 19:41:56,2024-07-12,19:41:56,670.05057703,2.544557146666667,2.3529610766666664,5
2024-07-12 19:49:33,2024-07-12,19:49:33,661.06920306,2.6285941966666666,4.052163563333333,5
2024-07-12 19:57:10,2024-07-12,19:57:10,696.0838090733333,2.5753942733333335,5.495840866666666,5
2024-07-12 20:04:45,2024-07-12,20:04:45,709.7107212966666,2.630806936666667,6.040081516666667,5
2024-07-12 20:12:23,2024-07-12,20:12:23,731.42633543,2.5999698166666665,9.995673353333332,5
2024-07-12 20:19:58,2024-07-12,20:19:58,716.9249689433333,2.58697585,9.21595165,5
2024-07-12 20:27:38,2024-07-12,20:27:38,690.4727275700001,2.4925812933333336,5.471747919999999,5
2024-07-12 20:35:16,2024-07-12,20:35:16,686.2097630466666,2.4189017466666667,4.64389031,5
2024-07-12 20:42:53,2024-07-12,20:42:53,683.4588756866666,2.4641923033333333,5.792204096666667,5
2024-07-12 20:50:32,2024-07-12,20:50:32,671.41691181,2.361229263333333,5.510786486666667,5
2024-07-12 20:58:09,2024-07-12,20:58:09,671.8359211433333,2.3783662333333333,6.005391673333333,5
2024-07-12 21:05:51,2024-07-12,21:05:51,686.81095035,2.29075113,6.25281923,5
2024-07-12 21:13:30,2024-07-12,21:13:30,710.18438402,2.3284618766666667,8.760385033333334,5
2024-07-12 21:21:10,2024-07-12,21:21:10,723.0097131699999,2.2016294833333334,8.81251977,5
2024-07-12 21:28:46,2024-07-12,21:28:46,706.46795341,2.302662263333333,8.06758788,5
2024-07-12 21:36:22,2024-07-12,21:36:22,698.6525184633333,2.28750264,6.463007686666667,5
2024-07-12 21:43:59,2024-07-12,21:43:59,700.9297431,2.2694240833333335,4.851729456666667,5
2024-07-12 21:51:34,2024-07-12,21:51:34,706.0853796766665,2.2696124,6.313251533333333,5
2024-07-12 21:59:09,2024-07-12,21:59:09,707.5428034433334,2.425916603333333,9.020358913333332,5
2024-07-12 22:06:48,2024-07-12,22:06:48,700.9297431,2.4620737233333334,9.416842826666667,5
2024-07-12 22:14:28,2024-07-12,22:14:28,649.8470400533333,2.3091121666666665,4.777551176666667,5
2024-07-12 22:22:07,2024-07-12,22:22:07,638.22408551,2.2671171833333337,4.362372736666667,5
2024-07-12 22:29:43,2024-07-12,22:29:43,647.4605086333332,2.406708136666667,4.005377256666667,5
2024-07-12 22:37:19,2024-07-12,22:37:19,667.02642271,2.32017587,5.4810452,5
2024-07-12 22:44:57,2024-07-12,22:44:57,674.05849239,2.3257312599999995,6.9390183133333325,5
2024-07-12 22:52:32,2024-07-12,22:52:32,685.6450113366667,2.271118946666667,8.011554286666666,5
2024-07-12 23:00:09,2024-07-12,23:00:09,714.2651705666667,2.2712131033333334,11.258853506666666,5
2024-07-12 23:07:49,2024-07-12,23:07:49,711.3867586266666,2.3512954733333333,10.580802033333335,5
2024-07-12 23:15:26,2024-07-12,23:15:26,695.0271768400002,2.3295917833333335,7.674952836666667,5
2024-07-12 23:23:04,2024-07-12,23:23:04,726.5257480133333,2.3020973133333333,11.139188543333333,5
2024-07-12 23:30:41,2024-07-12,23:30:41,779.5395375466666,2.461791246666667,15.517606576666665,5
2024-07-12 23:38:19,2024-07-12,23:38:19,753.0690783733334,2.4585898366666665,14.730537023333333,5
2024-07-12 23:45:58,2024-07-12,23:45:58,733.7946490533333,2.49573562,13.324448713333334,5
2024-07-12 23:53:37,2024-07-12,23:53:37,747.6766104333334,2.5064697666666667,14.548040460000001,5
2024-07-13 00:01:15,2024-07-13,00:01:15,768.6452948900001,2.52290054,16.005713663333335,5
2024-07-13 00:08:55,2024-07-13,00:08:55,772.7989526233333,2.35600343,16.26973636,5
2024-07-13 00:16:34,2024-07-13,00:16:34,708.81804924,2.3316632866666667,9.02915634,5
2024-07-13 00:24:15,2024-07-13,00:24:15,689.4707487266668,2.2482382700000003,6.11625921,5
2024-07-13 00:31:52,2024-07-13,00:31:52,676.0806678633334,2.1989459466666665,6.137253066666666,5
2024-07-13 00:39:27,2024-07-13,00:39:27,658.5004936733333,2.3181985266666665,4.485586659999999,5
2024-07-13 00:47:04,2024-07-13,00:47:04,652.7618875866666,2.2522871133333333,3.8947596499999997,5
2024-07-13 00:54:41,2024-07-13,00:54:41,662.65415141,2.1804907566666665,3.14118029,5
2024-07-13 01:02:15,2024-07-13,01:02:15,685.4446155666666,1.9676439733333335,3.7014662400000002,5
2024-07-13 01:09:52,2024-07-13,01:09:52,709.1095339933332,2.18119695,6.31135209,5
2024-07-13 01:17:33,2024-07-13,01:17:33,704.5368669266667,2.192448966666667,7.575981816666666,5
2024-07-13 01:25:10,2024-07-13,01:25:10,683.6774892533334,2.2288414833333334,6.676595146666666,5
2024-07-13 01:32:47,2024-07-13,01:32:47,705.88498391,2.165896083333333,8.086432363333332,5
2024-07-13 01:40:22,2024-07-13,01:40:22,675.7163119233334,2.1905187033333333,5.113702753333334,5
2024-07-13 01:48:02,2024-07-13,01:48:02,668.5020642733333,2.06782932,4.633493349999999,5
2024-07-13 01:55:40,2024-07-13,01:55:40,662.9274183666666,2.20807939,5.811598413333333,5
2024-07-13 02:03:16,2024-07-13,02:03:16,696.1202446633333,2.3047808466666666,8.41478622,5
2024-07-13 02:10:56,2024-07-13,02:10:56,679.1048221833333,2.294847053333333,6.64315494,5
2024-07-13 02:18:32,2024-07-13,02:18:32,671.03433807,2.1792666833333336,5.51973387,5
2024-07-13 02:26:10,2024-07-13,02:26:10,655.4216859633334,2.1788429700000003,2.4516821666666666,5
2024-07-13 02:33:49,2024-07-13,02:33:49,632.3215192533333,2.137930816666666,0.98240486,5
2024-07-13 02:41:27,2024-07-13,02:41:27,625.38053856,2.1468288566666667,0.34494400333333336,5
2024-07-13 02:49:08,2024-07-13,02:49:08,625.5444987333333,2.1545028266666666,1.6297478200000002,5
2024-07-13 02:56:43,2024-07-13,02:56:43,614.66847387,2.1720635099999996,1.3796060633333334,5
2024-07-13 03:04:22,2024-07-13,03:04:22,624.4878665,2.12922109,0.28887542000000005,5
2024-07-13 03:11:59,2024-07-13,03:11:59,612.28194245,2.0621797699999997,-0.6041581100000001,5
2024-07-13 03:19:36,2024-07-13,03:19:36,612.3183780433334,2.1424504566666664,-0.1796474033333334,5
2024-07-13 03:27:13,2024-07-13,03:27:13,621.2268808233333,2.1054459,0.5839390266666666,5
2024-07-13 03:34:50,2024-07-13,03:34:50,604.37541851,2.2783692033333334,-0.34239975,5
2024-07-13 03:42:26,2024-07-13,03:42:26,610.5148161333333,2.245272256666667,-0.2440550433333333,5
2024-07-13 03:50:04,2024-07-13,03:50:04,609.3670949133334,2.350871756666667,0.10702866,5
2024-07-13 03:57:42,2024-07-13,03:57:42,604.57581428,2.2330786466666668,0.12041224666666668,5
2024-07-13 04:05:19,2024-07-13,04:05:19,616.1441154333334,2.3124077366666667,0.7224534699999999,5
2024-07-13 04:12:54,2024-07-13,04:12:54,614.5227314933333,2.19894595,-0.17051407666666665,5
2024-07-13 04:20:33,2024-07-13,04:20:33,618.4577756633333,2.140096476666667,-0.006308156666666662,5
2024-07-13 04:28:09,2024-07-13,04:28:09,616.8728273166668,2.1073761666666666,0.10384959333333334,5
2024-07-13 04:35:49,2024-07-13,04:35:49,614.3041179266667,2.1885884433333334,-0.2977328266666666,5
2024-07-13 04:43:24,2024-07-13,04:43:24,600.2399785733334,2.240893853333333,-0.4398562133333333,5
2024-07-13 04:51:03,2024-07-13,04:51:03,616.4538179833334,2.1173570366666667,0.6855572733333334,5
2024-07-13 04:58:45,2024-07-13,04:58:45,629.0787513666667,2.0960770666666666,1.68601135,5
2024-07-13 05:06:23,2024-07-13,05:06:23,708.2897331266668,2.0993255566666664,6.102063366666666,5
2024-07-13 05:14:04,2024-07-13,05:14:04,637.2585422633333,2.0101568366666664,1.75999469,5
2024-07-13 05:21:41,2024-07-13,05:21:41,633.3963692799999,2.0065787833333335,2.0257368833333333,5
2024-07-13 05:29:17,2024-07-13,05:29:17,655.3488147766667,2.0268230033333334,8.90949138,5
2024-07-13 05:36:53,2024-07-13,05:36:53,665.5872167399999,2.1248426933333335,10.279290313333334,5
2024-07-13 05:44:30,2024-07-13,05:44:30,682.6026392233333,2.108882716666667,8.39224282,5
2024-07-13 05:52:07,2024-07-13,05:52:07,652.5797096166666,2.0772923133333334,4.15218428,5
2024-07-13 05:59:41,2024-07-13,05:59:41,649.79238666,2.1513014166666666,3.47868147,5
2024-07-13 06:07:20,2024-07-13,06:07:20,726.0703030866666,2.341220443333333,9.525061143333334,5
2024-07-13 06:14:57,2024-07-13,06:14:57,704.0814219966666,2.3312866500000005,6.309702573333333,5
2024-07-13 06:22:32,2024-07-13,06:22:32,679.7424450833333,2.3479999,5.281353666666667,5
2024-07-13 06:30:07,2024-07-13,06:30:07,667.1175116933333,2.33477054,4.38926486,5
2024-07-13 06:37:47,2024-07-13,06:37:47,754.7451157066666,2.55660952,13.784264086666667,5
2024-07-13 06:45:24,2024-07-13,06:45:24,800.27139064,2.7280733500000003,19.176385319999998,5
2024-07-13 06:52:57,2024-07-13,06:52:57,779.9221112866667,2.67016547,15.26687999,5
2024-07-13 07:00:31,2024-07-13,07:00:31,745.8366129266666,2.7225650399999997,12.187381639999998,5
2024-07-13 07:08:08,2024-07-13,07:08:08,750.1177952466666,2.7689855066666667,12.975400913333331,5
2024-07-13 07:15:48,2024-07-13,07:15:48,709.9839882533333,2.82147924,8.567891393333333,5
2024-07-13 07:23:27,2024-07-13,07:23:27,700.2921202000001,3.0831475433333337,7.87559409,5
2024-07-13 07:31:04,2024-07-13,07:31:04,656.58762498,3.0006641233333333,3.592298206666667,5
2024-07-13 07:38:40,2024-07-13,07:38:40,628.56865305,3.2497621766666662,2.23804472,5
2024-07-13 07:46:21,2024-07-13,07:46:21,649.0272391833333,3.418401233333333,3.78074303,5
2024-07-13 07:53:58,2024-07-13,07:53:58,650.0110002266666,3.6360501333333333,3.9727368166666666,5
2024-07-13 08:01:36,2024-07-13,08:01:36,634.58052609,3.7197105466666667,2.996422673333333,5
2024-07-13 08:09:12,2024-07-13,08:09:12,637.7868583766667,3.72521886,3.045158403333333,5
2024-07-13 08:16:47,2024-07-13,08:16:47,643.5801178533334,3.7885879733333336,3.297034653333333,5
2024-07-13 08:24:22,2024-07-13,08:24:22,626.8379623266667,3.8060074200000003,2.28408124,5
2024-07-13 08:31:59,2024-07-13,08:31:59,641.9405161166668,3.8341139300000004,3.8793141700000002,5
2024-07-13 08:39:35,2024-07-13,08:39:35,664.51236671,3.7724867566666664,6.412872366666666,5
2024-07-13 08:47:14,2024-07-13,08:47:14,678.5218526766666,3.6970181933333333,7.35564633,5
2024-07-13 08:54:50,2024-07-13,08:54:50,649.1183281699999,3.6393927833333333,4.81494023,5
2024-07-13 09:02:29,2024-07-13,09:02:29,654.69297408,3.69155696,4.948801033333333,5
2024-07-13 09:10:06,2024-07-13,09:10:06,657.6624750066667,3.651963033333333,4.10114922,5
2024-07-13 09:17:49,2024-07-13,09:17:49,643.4343754766666,3.5143494200000003,2.5601004266666663,5
2024-07-13 09:25:28,2024-07-13,09:25:28,602.4261142233332,3.484877603333333,-0.19155891333333333,5
2024-07-13 09:33:00,2024-07-13,09:33:00,607.2173948599999,3.4315364366666663,-0.4572361266666667,5
2024-07-13 09:40:38,2024-07-13,09:40:38,628.5504352533334,3.5802608333333334,1.5436230400000002,5
2024-07-13 09:48:20,2024-07-13,09:48:20,621.8280681266666,3.5148202133333335,1.04651359,5
2024-07-13 09:55:55,2024-07-13,09:55:55,707.8525059966668,5.22107836,55.09636825333333,5
2024-07-13 10:03:30,2024-07-13,10:03:30,644.8189280533334,4.927631333333333,41.33439764,5
2024-07-13 10:11:07,2024-07-13,10:11:07,633.1231023233333,4.014193323333333,19.98514852,5
2024-07-13 10:18:38,2024-07-13,10:18:38,630.2811259766667,4.001952629999999,19.155391463333334,5
2024-07-13 10:26:14,2024-07-13,10:26:14,626.3096462100001,3.7183452433333333,18.267151533333333,5
2024-07-13 10:33:52,2024-07-13,10:33:52,632.1575590766666,3.54142018,18.154684463333332,5
2024-07-13 10:41:27,2024-07-13,10:41:27,630.5179573400001,3.4397753633333337,14.91638261,5
2024-07-13 10:49:08,2024-07-13,10:49:08,648.1710027233333,3.308799973333333,17.574654293333335,5
2024-07-13 10:56:44,2024-07-13,10:56:44,666.0062260733333,3.31021236,17.940847073333334,5
2024-07-13 11:04:16,2024-07-13,11:04:16,659.3385123366667,3.3891177399999997,15.21759442,5
2024-07-13 11:11:50,2024-07-13,11:11:50,638.09656093,3.1067814966666667,10.343571493333334,5
2024-07-13 11:19:30,2024-07-13,11:19:30,633.6878540333333,3.36962679,12.169986733333333,5
2024-07-13 11:27:06,2024-07-13,11:27:06,635.4914159433333,3.37108626,11.197921343333334,5
2024-07-13 11:34:46,2024-07-13,11:34:46,628.1678615133334,3.20159977,8.085332683333334,5
2024-07-13 11:42:25,2024-07-13,11:42:25,622.5203444166666,3.2673228633333333,6.547582923333334,5
2024-07-13 11:50:04,2024-07-13,11:50:04,613.10174332,3.1542847899999997,4.511179166666667,5
2024-07-13 11:57:42,2024-07-13,11:57:42,623.1761851133334,3.1449159533333333,3.924750866666667,5
2024-07-13 12:05:21,2024-07-13,12:05:21,614.68669167,3.1966093333333334,3.9226414833333334,5
2024-07-13 12:12:58,2024-07-13,12:12:58,616.4902535766666,3.2902506166666665,4.797395363333333,5
2024-07-13 12:20:36,2024-07-13,12:20:36,611.4439237833334,3.2591780966666666,3.76769685,5
2024-07-13 12:28:12,2024-07-13,12:28:12,610.0775890033333,3.245713336666667,3.2092103699999996,5
2024-07-13 12:35:50,2024-07-13,12:35:50,619.67836807,3.2518336799999994,2.66377007,5
2024-07-13 12:43:27,2024-07-13,12:43:27,619.6601502733333,3.151554173333333,3.51352127,5
2024-07-13 12:51:07,2024-07-13,12:51:07,624.8340046466666,3.127166953333333,3.652080703333333,5
2024-07-13 12:58:48,2024-07-13,12:58:48,629.7345920633334,3.3151557166666663,3.1671726766666666,5
2024-07-13 13:06:22,2024-07-13,13:06:22,621.0993562433333,3.12043457,2.4919203866666666,5
2024-07-13 13:13:58,2024-07-13,13:13:58,612.2272890600001,3.0492973266666663,2.28818004,5
2024-07-13 13:21:35,2024-07-13,13:21:35,600.3857209533334,2.7434212966666665,0.6749873733333334,5
2024-07-13 13:29:14,2024-07-13,13:29:14,617.8019349733332,2.8263284333333334,1.9587314999999998,5
2024-07-13 13:36:53,2024-07-13,13:36:53,611.5532305666667,2.6124929800000003,2.05419355,5
2024-07-13 13:44:34,2024-07-13,13:44:34,595.43048014,2.4864609466666665,1.13131376,5
2024-07-13 13:52:16,2024-07-13,13:52:16,601.6974023399999,2.4788340533333333,2.07648702,5
2024-07-13 13:59:52,2024-07-13,13:59:52,609.9136288266667,2.4539289566666667,1.6815276599999998,5
2024-07-13 14:07:29,2024-07-13,14:07:29,646.7500145466666,2.5723341000000004,6.16339541,5
2024-07-13 14:15:06,2024-07-13,14:15:06,624.0324215733333,2.530668673333334,3.5473613633333336,5
2024-07-13 14:22:45,2024-07-13,14:22:45,623.43123427,2.5405553833333334,1.9948659199999998,5
2024-07-13 14:30:24,2024-07-13,14:30:24,619.2593587366667,2.6493562933333332,2.91654606,5
2024-07-13 14:38:04,2024-07-13,14:38:04,607.8185821633333,2.4530815233333336,1.6992024866666666,5
2024-07-13 14:45:42,2024-07-13,14:45:42,605.03125921,2.41438211,0.37999374333333336,5
2024-07-13 14:53:20,2024-07-13,14:53:20,615.3243145633334,2.53980211,0.75595866,5
2024-07-13 15:00:59,2024-07-13,15:00:59,618.5306468533333,2.4518574533333335,-0.06941467666666669,5
2024-07-13 15:08:40,2024-07-13,15:08:40,623.6862834266667,2.4291180133333334,1.6907549633333332,5
2024-07-13 15:16:20,2024-07-13,15:16:20,634.34369473,2.487025903333333,2.0443014500000003,5
2024-07-13 15:23:54,2024-07-13,15:23:54,618.2938154899999,2.5818441733333333,-0.9302276366666667,5
2024-07-13 15:31:32,2024-07-13,15:31:32,611.0613500433333,2.47398486,-0.8976971633333334,5
2024-07-13 15:39:06,2024-07-13,15:39:06,625.0526182100001,2.3711159766666667,-1.6101785533333333,5
2024-07-13 15:46:46,2024-07-13,15:46:46,631.1737980366667,2.53655362,1.0887562233333334,5
2024-07-13 15:54:23,2024-07-13,15:54:23,631.1009268466668,2.4912630633333332,0.9034804666666666,5
2024-07-13 16:02:01,2024-07-13,16:02:01,631.70211415,2.5803376266666667,0.36616779,5
2024-07-13 16:09:39,2024-07-13,16:09:39,617.85658836,2.5457812166666667,-0.8431946199999999,5
2024-07-13 16:17:16,2024-07-13,16:17:16,626.89261572,2.6118338700000003,0.09620683000000008,5
2024-07-13 16:24:55,2024-07-13,16:24:55,631.44706499,2.7216234499999996,1.3796810400000001,5
2024-07-13 16:32:34,2024-07-13,16:32:34,644.5820966966667,2.851704326666667,2.84208786,5
2024-07-13 16:40:14,2024-07-13,16:40:14,653.9096088066667,2.780425843333333,5.426061293333333,5
2024-07-13 16:47:54,2024-07-13,16:47:54,660.7412827166667,2.978254243333333,5.78335668,5
2024-07-13 16:55:31,2024-07-13,16:55:31,704.0449864033332,3.1274494333333336,9.38395246,5
2024-07-13 17:03:09,2024-07-13,17:03:09,676.0624500666667,2.9680850500000004,7.385687533333333,5
2024-07-13 17:10:48,2024-07-13,17:10:48,592.6067215933334,2.7203522999999996,0.5193619366666667,5
2024-07-13 17:18:28,2024-07-13,17:18:28,582.5504975966666,2.66573999,0.36843212666666675,5
2024-07-13 17:26:06,2024-07-13,17:26:06,597.8534471566667,2.618472086666667,0.6490114733333333,5
2024-07-13 17:33:42,2024-07-13,17:33:42,637.4225024399999,2.75392004,2.71910387,5
2024-07-13 17:41:18,2024-07-13,17:41:18,665.4232565633333,2.667340696666667,4.07650643,5
2024-07-13 17:49:00,2024-07-13,17:49:00,685.11669522,2.564895526666667,7.00949768,5
2024-07-13 17:56:39,2024-07-13,17:56:39,794.6238735400001,2.9251484733333335,18.533823453333337,5
2024-07-13 18:04:18,2024-07-13,18:04:18,763.48965831,2.7642304699999998,15.74783917,5
2024-07-13 18:11:55,2024-07-13,18:11:55,762.6698574399999,2.86695811,15.169708436666667,5
2024-07-13 18:19:35,2024-07-13,18:19:35,736.19939827,2.8258105599999994,12.585715010000001,5
2024-07-13 18:27:13,2024-07-13,18:27:13,773.7098424766667,2.58485727,12.556023706666666,5
2024-07-13 18:34:52,2024-07-13,18:34:52,761.10312689,2.5307628333333336,11.477439503333335,5
2024-07-13 18:42:29,2024-07-13,18:42:29,707.0144873233334,2.4786928133333332,8.29542117,5
2024-07-13 18:50:07,2024-07-13,18:50:07,641.46685339,2.334911776666667,2.1659658233333334,5
2024-07-13 18:57:44,2024-07-13,18:57:44,639.11675757,2.302473946666667,-0.35604025333333333,5
2024-07-13 19:05:20,2024-07-13,19:05:20,643.0153661433333,2.1304451600000003,0.34406425999999996,5
2024-07-13 19:13:00,2024-07-13,19:13:00,640.8110126966667,2.237880763333333,-0.1629223,5
2024-07-13 19:20:37,2024-07-13,19:20:37,635.9650786666666,2.3636774000000003,-0.6124706766666667,5
2024-07-13 19:28:13,2024-07-13,19:28:13,651.2315926300001,2.3184339233333335,0.7525946466666666,5
2024-07-13 19:35:50,2024-07-13,19:35:50,656.1503978466667,2.262079663333333,1.0632137000000002,5
2024-07-13 19:43:26,2024-07-13,19:43:26,676.6454195766667,2.34140876,3.797937993333333,5
2024-07-13 19:51:01,2024-07-13,19:51:01,679.2505645599999,2.4395226033333333,3.83532705,5
2024-07-13 19:58:38,2024-07-13,19:58:38,658.39118689,2.21693035,2.9763785400000002,5
2024-07-13 20:06:17,2024-07-13,20:06:17,672.2913660733333,2.282700523333333,4.601352763333334,5
2024-07-13 20:13:55,2024-07-13,20:13:55,674.67789749,2.229547676666667,4.23086124,5
2024-07-13 20:21:33,2024-07-13,20:21:33,683.87788502,2.337265756666667,5.067166376666667,5
2024-07-13 20:29:09,2024-07-13,20:29:09,717.3621960733332,2.5386251200000003,12.1171522,5
2024-07-13 20:36:48,2024-07-13,20:36:48,700.0370710433334,2.34894149,10.42714702,5
2024-07-13 20:44:20,2024-07-13,20:44:20,688.9606504099999,2.44658454,8.712848953333333,5
2024-07-13 20:51:53,2024-07-13,20:51:53,697.90558878,2.2366566900000002,4.850429836666667,5
2024-07-13 20:59:31,2024-07-13,20:59:31,697.1404413033333,2.027529196666667,4.15353388,5
2024-07-13 21:07:10,2024-07-13,21:07:10,722.9368419866668,2.1166508433333333,6.880335496666667,5
2024-07-13 21:14:51,2024-07-13,21:14:51,708.5265644833335,2.1580337933333333,7.9397753,5
2024-07-13 21:22:28,2024-07-13,21:22:28,721.6980317833332,2.318057286666667,10.424997646666666,5
2024-07-13 21:30:04,2024-07-13,21:30:04,718.96536222,2.30680527,11.027271313333335,5
2024-07-13 21:37:40,2024-07-13,21:37:40,716.9978401366666,2.16085857,10.000721873333333,5
2024-07-13 21:45:15,2024-07-13,21:45:15,716.3966528266666,2.156809726666667,10.46773514,5
2024-07-13 21:52:54,2024-07-13,21:52:54,677.2466068766666,2.2480028733333337,7.879542936666667,5
2024-07-13 22:00:32,2024-07-13,22:00:32,661.4882123966667,2.0527167733333336,3.4223479633333334,5
2024-07-13 22:08:09,2024-07-13,22:08:09,686.5559011933334,2.1735700566666667,4.67093239,5
2024-07-13 22:15:48,2024-07-13,22:15:48,681.6553137766667,2.0296948599999998,3.28823723,5
2024-07-13 22:23:25,2024-07-13,22:23:25,713.99190361,2.0200435433333332,6.545183626666667,5
2024-07-13 22:31:03,2024-07-13,22:31:03,727.56416245,2.0377925466666666,9.228997829999999,5
2024-07-13 22:38:42,2024-07-13,22:38:42,676.5725483833334,2.1157563300000004,4.435251396666666,5
2024-07-13 22:46:20,2024-07-13,22:46:20,637.6957693933333,2.0438187333333335,2.44693356,5
2024-07-13 22:53:57,2024-07-13,22:53:57,655.31237918,2.165236966666667,3.822330856666666,5
2024-07-13 23:01:34,2024-07-13,23:01:34,670.8885956933334,2.0409939599999998,5.114552503333333,5
2024-07-13 23:09:16,2024-07-13,23:09:16,661.1420742500001,2.061285256666667,3.3595663499999997,5
2024-07-13 23:16:56,2024-07-13,23:16:56,658.6098004566667,1.9542262933333332,3.1568806933333335,5
2024-07-13 23:24:35,2024-07-13,23:24:35,701.23944565,1.9531905400000003,5.913468586666667,5
2024-07-13 23:32:14,2024-07-13,23:32:14,709.0184450066666,2.054929516666667,6.053027723333333,5
2024-07-13 23:39:50,2024-07-13,23:39:50,712.2429950933334,1.9781897966666666,5.12040079,5
2024-07-13 23:47:29,2024-07-13,23:47:29,701.60380159,1.9923136733333333,6.35833833,5
2024-07-13 23:55:07,2024-07-13,23:55:07,710.8220069166667,2.0659932166666666,6.588071070000001,5
2024-07-14 00:02:44,2024-07-14,00:02:44,714.93922906,2.2321841333333334,8.962775776666666,5
2024-07-14 00:10:16,2024-07-14,00:10:16,655.3488147766667,2.2135877,4.099549686666666,5
2024-07-14 00:17:49,2024-07-14,00:17:49,632.6676573966666,2.2800640666666667,2.4819932933333333,5
2024-07-14 00:25:25,2024-07-14,00:25:25,634.5623082966667,2.2060549666666662,2.4073951333333334,5
2024-07-14 00:33:03,2024-07-14,00:33:03,679.5420493133333,2.1972040066666665,7.240030180000001,5
2024-07-14 00:40:43,2024-07-14,00:40:43,700.67469394,2.3092063266666667,8.69485422,5
2024-07-14 00:48:21,2024-07-14,00:48:21,679.9428408499999,2.3034155366666664,6.249820106666667,5
2024-07-14 00:55:57,2024-07-14,00:55:57,667.86444138,2.2587840966666666,5.480595326666666,5
2024-07-14 01:03:39,2024-07-14,01:03:39,672.3642372600001,2.2342085566666667,4.938504050000001,5
2024-07-14 01:11:15,2024-07-14,01:11:15,674.75076868,2.2723430166666665,5.5063377933333335,5
2024-07-14 01:18:51,2024-07-14,01:18:51,682.3111544666667,2.26537524,5.89632361,5
2024-07-14 01:26:29,2024-07-14,01:26:29,667.1903828833333,2.304215893333333,4.65628668,5
2024-07-14 01:34:03,2024-07-14,01:34:03,658.9559385966667,2.4415941033333333,5.469748503333334,5
2024-07-14 01:41:40,2024-07-14,01:41:40,674.47750172,2.4914043033333333,7.465514163333334,5
2024-07-14 01:49:15,2024-07-14,01:49:15,772.9629128,2.7243069866666665,16.344114583333333,5
2024-07-14 01:56:50,2024-07-14,01:56:50,767.55222706,2.7714336433333333,15.142516399999998,5
2024-07-14 02:04:27,2024-07-14,02:04:27,718.0544723666667,2.5563270433333334,10.967638766666667,5
2024-07-14 02:12:03,2024-07-14,02:12:03,705.37488559,2.58909443,10.243200876666668,5
2024-07-14 02:19:42,2024-07-14,02:19:42,673.8580966200001,2.5391429999999997,6.980106286666666,5
2024-07-14 02:27:19,2024-07-14,02:27:19,641.10249745,2.4246454566666666,4.627545093333333,5
2024-07-14 02:34:55,2024-07-14,02:34:55,634.8537930466667,2.3814264033333337,2.485922143333333,5
2024-07-14 02:42:35,2024-07-14,02:42:35,634.0157743833333,2.3726696,2.8377691266666667,5
2024-07-14 02:50:14,2024-07-14,02:50:14,643.9626915933333,2.318904723333333,3.557658346666667,5
2024-07-14 02:57:53,2024-07-14,02:57:53,645.8026891000001,2.27182514,3.2856379933333333,5
2024-07-14 03:05:31,2024-07-14,03:05:31,635.3274557733333,2.1868935766666664,0.9271485366666666,5
2024-07-14 03:13:11,2024-07-14,03:13:11,613.8668907966667,2.33236948,0.41448364666666665,5
2024-07-14 03:20:49,2024-07-14,03:20:49,621.8098503299999,2.2402818200000003,0.2007732133333333,5
2024-07-14 03:28:24,2024-07-14,03:28:24,617.91124175,2.3149971133333334,0.8980820500000001,5
2024-07-14 03:36:00,2024-07-14,03:36:00,606.06967364,2.2574658666666667,0.28273221666666665,5
2024-07-14 03:43:35,2024-07-14,03:43:35,603.8288846,2.175876956666667,0.4952949833333333,5
2024-07-14 03:51:12,2024-07-14,03:51:12,616.30807561,2.20370099,0.16146372333333334,5
2024-07-14 03:58:51,2024-07-14,03:58:51,622.42925543,2.1354355966666665,-0.12524883,5
2024-07-14 04:06:29,2024-07-14,04:06:29,616.9092629099999,2.2319487366666664,-0.12750117000000002,5
2024-07-14 04:14:03,2024-07-14,04:14:03,623.5405410533334,2.3561917466666666,0.5903071599999999,5
2024-07-14 04:21:44,2024-07-14,04:21:44,610.3690737566667,2.2683883333333337,0.5061068166666667,5
2024-07-14 04:29:19,2024-07-14,04:29:19,603.6649244266667,2.37483526,0.32456822,5
2024-07-14 04:36:55,2024-07-14,04:36:55,618.49421126,2.198522236666667,0.5115602166666667,5
2024-07-14 04:44:36,2024-07-14,04:44:36,620.8078714933334,2.2006408133333335,0.010564406666666656,5
2024-07-14 04:52:16,2024-07-14,04:52:16,621.8280681266666,2.2651869233333333,0.14275819999999997,5
2024-07-14 04:59:54,2024-07-14,04:59:54,636.01973206,2.23811616,2.674746853333333,5
2024-07-14 05:07:32,2024-07-14,05:07:32,648.7539722266666,2.2081264700000003,2.564849033333333,5
2024-07-14 05:15:12,2024-07-14,05:15:12,611.4621415800001,2.0886384933333333,0.31120887999999997,5
2024-07-14 05:22:49,2024-07-14,05:22:49,590.3294969566667,2.134682323333333,-1.1845531733333334,5
2024-07-14 05:30:30,2024-07-14,05:30:30,581.58495435,2.2854782166666667,-1.610928333333333,5
2024-07-14 05:38:08,2024-07-14,05:38:08,585.3924739433334,2.2199905233333332,-1.57094004,5
2024-07-14 05:45:44,2024-07-14,05:45:44,590.3477147533333,2.16646104,-1.3947416300000002,5
2024-07-14 05:53:21,2024-07-14,05:53:21,610.9338254633334,2.195414983333333,0.6105812266666667,5
2024-07-14 06:00:58,2024-07-14,06:00:58,637.1127998866667,2.300826163333333,1.6197091633333331,5
2024-07-14 06:08:34,2024-07-14,06:08:34,764.3458947733334,2.418148476666667,11.069059073333333,5
2024-07-14 06:16:13,2024-07-14,06:16:13,922.2759777599999,2.735653163333333,27.155549086666667,5
2024-07-14 06:23:47,2024-07-14,06:23:47,,2.8569772400000004,36.16641078333333,5
2024-07-14 06:31:27,2024-07-14,06:31:27,991.95905164,2.9364475766666662,30.73400135,5
2024-07-14 06:39:01,2024-07-14,06:39:01,952.77257009,3.234649636666667,34.10101551666667,5
2024-07-14 06:46:40,2024-07-14,06:46:40,,3.1030151300000006,35.857501230000004,5
2024-07-14 06:54:19,2024-07-14,06:54:19,852.0099343766666,3.11431423,19.991146766666667,5
2024-07-14 07:01:57,2024-07-14,07:01:57,846.7267732233332,3.22353885,18.31413778,5
2024-07-14 07:09:36,2024-07-14,07:09:36,810.0543476766666,3.145904626666667,14.902836576666667,5
2024-07-14 07:17:17,2024-07-14,07:17:17,739.0960280033332,3.2662400333333337,9.085389876666666,5
2024-07-14 07:24:53,2024-07-14,07:24:53,701.16657446,3.2480202333333335,4.96964493,5
2024-07-14 07:32:30,2024-07-14,07:32:30,662.3626666566666,3.3535255733333336,1.6838519833333334,5
2024-07-14 07:40:08,2024-07-14,07:40:08,654.6747562833333,3.3677906866666665,1.3998601333333334,5
2024-07-14 07:47:48,2024-07-14,07:47:48,629.37023612,3.4544171166666664,0.6729829566666666,5
2024-07-14 07:55:25,2024-07-14,07:55:25,642.0316051,3.65587064,1.775260216666667,5
2024-07-14 08:03:06,2024-07-14,08:03:06,665.3139497833334,3.871353876666667,3.2679931633333332,5
2024-07-14 08:10:41,2024-07-14,08:10:41,661.14207425,4.001340596666666,2.7816855433333334,5
2024-07-14 08:18:20,2024-07-14,08:18:20,635.2363667866666,4.0794456199999996,1.7316429899999999,5
2024-07-14 08:26:01,2024-07-14,08:26:01,628.0585547300001,3.9972917533333336,1.1924958466666666,5
2024-07-14 08:33:38,2024-07-14,08:33:38,606.41581179,3.8511096533333333,0.17872266999999997,5
2024-07-14 08:41:15,2024-07-14,08:41:15,615.1421365933334,3.693581383333333,-0.39969797,5
2024-07-14 08:48:52,2024-07-14,08:48:52,584.4998018866667,3.8114215700000003,-2.1379740233333333,5
2024-07-14 08:56:28,2024-07-14,08:56:28,598.9100793866667,3.777288873333333,-1.0884813033333332,5
2024-07-14 09:04:06,2024-07-14,09:04:06,648.0434781433333,5.469093586666666,55.41172592,5
2024-07-14 09:11:46,2024-07-14,09:11:46,692.0030225233335,5.659059693333333,61.38602669666667,5
2024-07-14 09:19:23,2024-07-14,09:19:23,733.1388083566667,5.40158147,52.98848542666667,5
2024-07-14 09:27:00,2024-07-14,09:27:00,681.1634332566667,4.676650096666667,26.539229539999997,5
2024-07-14 09:34:38,2024-07-14,09:34:38,674.1313635766668,4.602123116666667,21.809114476666664,5
2024-07-14 09:42:15,2024-07-14,09:42:15,677.4105670533332,4.306369196666667,15.582237653333332,5
2024-07-14 09:49:54,2024-07-14,09:49:54,651.4502062,4.3755291,14.835956156666668,5
2024-07-14 09:57:32,2024-07-14,09:57:32,643.9080382,4.266963586666667,16.071894286666666,5
2024-07-14 10:05:09,2024-07-14,10:05:09,649.0090213833332,4.163294353333334,14.02844259,5
2024-07-14 10:12:46,2024-07-14,10:12:46,654.8022808633333,4.01433456,12.285652866666666,5
2024-07-14 10:20:24,2024-07-14,10:20:24,654.4379249166667,3.9982804200000004,10.644883266666666,5
2024-07-14 10:28:04,2024-07-14,10:28:04,657.18881228,3.8755439600000003,9.619233573333334,5
2024-07-14 10:35:44,2024-07-14,10:35:44,686.08223847,4.023185523333333,10.375862036666666,5
2024-07-14 10:43:18,2024-07-14,10:43:18,635.60072273,4.00077564,8.111525016666667,5
2024-07-14 10:50:53,2024-07-14,10:50:53,618.1298553133333,3.72262948,7.09382299,5
2024-07-14 10:58:29,2024-07-14,10:58:29,636.1654744366666,3.5659015600000004,9.458430653333332,5
2024-07-14 11:06:04,2024-07-14,11:06:04,639.7361626666666,3.49994307,7.900486803333334,5
2024-07-14 11:13:43,2024-07-14,11:13:43,655.1666368033333,3.4807816766666666,7.757178766666667,5
2024-07-14 11:21:21,2024-07-14,11:21:21,636.1472566399999,3.544951146666667,6.8263513033333325,5
2024-07-14 11:28:58,2024-07-14,11:28:58,648.6993188366667,3.4355382033333335,6.407473946666667,5
2024-07-14 11:36:35,2024-07-14,11:36:35,666.7895913533333,3.48657247,7.298762983333333,5
2024-07-14 11:44:10,2024-07-14,11:44:10,644.10843397,3.514961453333333,5.79275393,5
2024-07-14 11:51:50,2024-07-14,11:51:50,640.2462609833333,3.827852346666667,5.161788673333334,5
2024-07-14 11:59:27,2024-07-14,11:59:27,643.7987314166666,4.120546093333334,5.248163383333333,5
2024-07-14 12:07:07,2024-07-14,12:07:07,642.5417034233334,4.11649725,5.840290013333333,5
2024-07-14 12:14:44,2024-07-14,12:14:44,612.02689329,3.799416276666667,2.72576692,5
2024-07-14 12:22:23,2024-07-14,12:22:23,632.0664700933334,3.4299828133333334,2.3286381933333336,5
2024-07-14 12:30:02,2024-07-14,12:30:02,620.9718316633333,3.27904568,2.3014711500000002,5
2024-07-14 12:37:40,2024-07-14,12:37:40,610.9520432633333,3.12410678,0.7822909533333333,5
2024-07-14 12:45:19,2024-07-14,12:45:19,614.4316425066667,2.9857398933333337,-0.5398169433333333,5
2024-07-14 12:52:55,2024-07-14,12:52:55,616.8728273166666,2.86272095,-1.27797582,5
2024-07-14 13:00:32,2024-07-14,13:00:32,613.3385746833334,2.740266963333333,-1.4367793233333332,5
2024-07-14 13:08:10,2024-07-14,13:08:10,623.94133259,2.749588716666667,-0.686499,5
2024-07-14 13:15:49,2024-07-14,13:15:49,607.90967115,2.848361676666667,0.2903199966666667,5
2024-07-14 13:23:29,2024-07-14,13:23:29,620.1520307933333,2.7897005233333334,1.7501275799999998,5
2024-07-14 13:31:07,2024-07-14,13:31:07,623.48588766,2.6346674633333333,2.09920037,5
2024-07-14 13:38:42,2024-07-14,13:38:42,635.6371583233334,2.663903883333333,2.96778106,5
2024-07-14 13:46:14,2024-07-14,13:46:14,651.88743333,2.8152176533333333,5.563720993333334,5
2024-07-14 13:53:52,2024-07-14,13:53:52,642.8331881733334,2.733016706666667,3.8162326400000004,5
2024-07-14 14:01:34,2024-07-14,14:01:34,653.3995104866667,2.721764686666667,4.697924490000001,5
2024-07-14 14:09:11,2024-07-14,14:09:11,645.0193238233334,2.8168654366666668,3.9587908966666663,5
2024-07-14 14:16:47,2024-07-14,14:16:47,629.9167700366667,2.7581101233333336,3.485529466666667,5
2024-07-14 14:24:26,2024-07-14,14:24:26,627.4391496333333,2.646766916666667,3.601145616666667,5
2024-07-14 14:32:09,2024-07-14,14:32:09,618.0205485333332,2.4678174299999998,0.37109634666666674,5
2024-07-14 14:39:47,2024-07-14,14:39:47,606.7255143366666,2.4530344433333338,-0.026332289999999998,5
2024-07-14 14:47:29,2024-07-14,14:47:29,609.6585796666667,2.3117486233333335,-0.36739743,5
2024-07-14 14:55:07,2024-07-14,14:55:07,605.3591795533333,2.34559884,-1.6751595266666666,5
2024-07-14 15:02:44,2024-07-14,15:02:44,616.4173823933334,2.3969626666666666,-0.7980163466666667,5
2024-07-14 15:10:21,2024-07-14,15:10:21,636.07438545,2.584103996666667,0.8819467733333332,5
2024-07-14 15:17:57,2024-07-14,15:17:57,623.8320258066666,2.6667757366666667,1.07715462,5
2024-07-14 15:25:36,2024-07-14,15:25:36,610.15046019,2.46461602,-0.86587148,5
2024-07-14 15:33:10,2024-07-14,15:33:10,617.1460942766666,2.4808584733333334,-1.5589485533333332,5
2024-07-14 15:40:48,2024-07-14,15:40:48,624.4696487066667,2.634384986666667,-0.3550110533333333,5
2024-07-14 15:48:26,2024-07-14,15:48:26,632.5947862066668,2.5361769833333336,0.6295131833333334,5
2024-07-14 15:56:04,2024-07-14,15:56:04,624.2874707333334,2.4576011633333334,-2.10323419,5
2024-07-14 16:03:44,2024-07-14,16:03:44,611.7536263333333,2.4829299766666666,-1.9030927899999999,5
2024-07-14 16:11:20,2024-07-14,16:11:20,603.9928447733333,2.2954120133333333,-1.7814784,5
2024-07-14 16:19:02,2024-07-14,16:19:02,606.3429405966666,2.3187164033333336,-1.7318929133333334,5
2024-07-14 16:26:38,2024-07-14,16:26:38,620.3888621566666,2.305110406666667,0.8545697866666666,5
2024-07-14 16:34:20,2024-07-14,16:34:20,628.6597420366667,2.283877513333333,1.2468699300000001,5
2024-07-14 16:41:59,2024-07-14,16:41:59,621.9738105033333,2.224321843333333,1.9006685,5
2024-07-14 16:49:36,2024-07-14,16:49:36,645.4201153633334,2.24936818,4.478788646666667,5
2024-07-14 16:57:12,2024-07-14,16:57:12,649.3187239399999,2.376906763333333,5.565520463333333,5
2024-07-14 17:04:49,2024-07-14,17:04:49,594.9750352133334,2.2947058166666667,1.8582559166666666,5
2024-07-14 17:12:27,2024-07-14,17:12:27,576.0467440333333,2.2594432066666665,-0.9184310933333334,5
2024-07-14 17:20:07,2024-07-14,17:20:07,628.76904882,2.2561476433333336,4.637392210000001,5
2024-07-14 17:27:45,2024-07-14,17:27:45,685.7725359166667,2.5993577799999996,11.222364186666667,5
2024-07-14 17:35:24,2024-07-14,17:35:24,759.2995649766666,2.93696545,17.209961070000002,5
2024-07-14 17:43:03,2024-07-14,17:43:03,816.8495859933332,2.9796195500000002,21.05433547,5
2024-07-14 17:50:39,2024-07-14,17:50:39,835.3042144433333,3.17222211,22.597883533333334,5
2024-07-14 17:58:11,2024-07-14,17:58:11,886.5873132566667,3.467081523333333,26.642699243333336,5
2024-07-14 18:05:52,2024-07-14,18:05:52,952.90920357,3.60074045,35.92848044666667,5
2024-07-14 18:13:32,2024-07-14,18:13:32,876.1485155266668,3.3577627366666665,26.72317568,5
2024-07-14 18:21:09,2024-07-14,18:21:09,866.8392212100001,3.3700975866666667,26.316294813333332,5
2024-07-14 18:28:49,2024-07-14,18:28:49,869.9909001066667,3.352678136666667,21.506703023333333,5
2024-07-14 18:36:29,2024-07-14,18:36:29,810.60088159,3.09717726,13.932620649999999,5
2024-07-14 18:44:06,2024-07-14,18:44:06,721.46120042,2.989270863333333,8.218093813333333,5
2024-07-14 18:51:42,2024-07-14,18:51:42,677.5563094299999,2.9750528300000005,4.846580963333333,5
2024-07-14 18:59:19,2024-07-14,18:59:19,658.7373250333334,2.8798579200000005,2.3589443199999995,5
2024-07-14 19:06:58,2024-07-14,19:06:58,641.7583381466667,2.99510873,0.28420679000000004,5
2024-07-14 19:14:37,2024-07-14,19:14:37,647.1508060833334,2.8643687366666666,-0.4532422966666667,5
2024-07-14 19:22:14,2024-07-14,19:22:14,674.0767101866667,2.7734109866666667,1.2729572900000001,5
2024-07-14 19:29:51,2024-07-14,19:29:51,677.4287848499999,2.90090249,2.749345013333334,5
2024-07-14 19:37:27,2024-07-14,19:37:27,671.6355253733334,2.951042243333333,2.8733087166666667,5
2024-07-14 19:45:04,2024-07-14,19:45:04,667.0628583033333,2.79685662,0.9198806700000001,5
2024-07-14 19:52:48,2024-07-14,19:52:48,669.72265668,2.8146527,1.2557423300000001,5
2024-07-14 20:00:24,2024-07-14,20:00:24,669.8319634633334,2.65062744,1.4264573466666668,5
2024-07-14 20:08:06,2024-07-14,20:08:06,669.26721175,2.76517206,1.3728080533333333,5
2024-07-14 20:15:44,2024-07-14,20:15:44,685.9000604966667,2.8502448633333333,2.888839173333334,5
2024-07-14 20:23:21,2024-07-14,20:23:21,706.1218152733333,2.8888501200000003,4.402061113333334,5
2024-07-14 20:30:59,2024-07-14,20:30:59,712.95348918,2.82369198,4.736113306666667,5
2024-07-14 20:38:38,2024-07-14,20:38:38,752.3403664933334,3.0281115133333336,8.427832403333333,5
2024-07-14 20:46:15,2024-07-14,20:46:15,733.1388083566666,2.95250171,8.356253360000002,5
2024-07-14 20:53:51,2024-07-14,20:53:51,716.8520977566667,2.910553803333334,7.705593869999999,5
2024-07-14 21:01:32,2024-07-14,21:01:32,713.6093298766667,2.9402610166666663,7.382688413333334,5
2024-07-14 21:09:11,2024-07-14,21:09:11,742.4298848733333,2.8511393733333334,9.361209116666666,5
2024-07-14 21:16:48,2024-07-14,21:16:48,753.6520478799999,2.8597078566666667,9.044951716666667,5
2024-07-14 21:24:28,2024-07-14,21:24:28,757.9514479966668,2.7324046699999998,9.432088363333333,5
2024-07-14 21:32:08,2024-07-14,21:32:08,754.4354131533333,2.8072612033333333,10.337423289999998,5
2024-07-14 21:39:48,2024-07-14,21:39:48,735.8168245266667,2.76319472,8.814619153333334,5
2024-07-14 21:47:26,2024-07-14,21:47:26,696.5939073899999,2.7435154533333335,5.131447556666666,5
2024-07-14 21:55:02,2024-07-14,21:55:02,676.53611279,2.68805571,3.7217602966666665,5
2024-07-14 22:02:41,2024-07-14,22:02:41,709.6014145133335,2.6919162333333335,4.76800397,5
2024-07-14 22:10:20,2024-07-14,22:10:20,715.9594257,2.507693836666667,4.51317858,5
2024-07-14 22:17:59,2024-07-14,22:17:59,703.6441948633334,2.6052898066666668,4.0160241433333335,5
2024-07-14 22:25:36,2024-07-14,22:25:36,684.13293418,2.553690586666667,2.4731008966666668,5
2024-07-14 22:33:12,2024-07-14,22:33:12,688.6873834533332,2.4675349533333333,1.2292550833333333,5
2024-07-14 22:40:53,2024-07-14,22:40:53,717.4715028566666,2.4923458899999997,4.009176146666667,5
2024-07-14 22:48:32,2024-07-14,22:48:32,720.6231817566668,2.75716853,5.304546876666667,5
2024-07-14 22:56:08,2024-07-14,22:56:08,718.94714442,2.7095239966666664,6.081769310000001,5
2024-07-14 23:03:44,2024-07-14,23:03:44,733.8675202366667,2.755379506666667,6.475104143333333,5
2024-07-14 23:11:23,2024-07-14,23:11:23,733.6306888766667,2.8365447033333333,7.107968846666668,5
2024-07-14 23:19:03,2024-07-14,23:19:03,804.5525729566667,3.0792399400000003,13.552831849999999,5
2024-07-14 23:26:45,2024-07-14,23:26:45,808.0139544033333,3.0413879566666666,14.35369736,5
2024-07-14 23:34:25,2024-07-14,23:34:25,756.5851132133333,3.0431299033333334,9.37465518,5
2024-07-14 23:42:04,2024-07-14,23:42:04,747.7494816266667,2.872890143333333,9.512264889999999,5
2024-07-14 23:49:43,2024-07-14,23:49:43,779.1933994033334,2.9359767799999994,11.76530522,5
2024-07-14 23:57:23,2024-07-14,23:57:23,804.15178142,2.93715377,14.769475623333335,5
2024-07-15 00:04:57,2024-07-15,00:04:57,777.5720154633333,2.905139653333334,15.730944113333331,5
2024-07-15 00:12:34,2024-07-15,00:12:34,759.1720403966668,2.8050013833333334,11.799795119999999,5
2024-07-15 00:20:09,2024-07-15,00:20:09,717.5261562466667,2.583774436666667,6.474954186666667,5
2024-07-15 00:27:49,2024-07-15,00:27:49,715.0303180466667,2.6235566833333333,6.819653266666667,5
2024-07-15 00:35:24,2024-07-15,00:35:24,756.34828185,2.7713865633333334,10.45408913,5
2024-07-15 00:43:01,2024-07-15,00:43:01,775.13083065,2.685937126666667,12.608508336666667,5
2024-07-15 00:50:35,2024-07-15,00:50:35,745.6544349566666,2.6925753466666666,9.62693132,5
2024-07-15 00:58:09,2024-07-15,00:58:09,700.6746939366667,2.5744056033333336,4.73126473,5
2024-07-15 01:05:47,2024-07-15,01:05:47,678.6311594566665,2.5011026966666665,2.5271600700000003,5
2024-07-15 01:13:25,2024-07-15,01:13:25,678.6675950499999,2.4842952866666668,1.2445656033333334,5
2024-07-15 01:21:04,2024-07-15,01:21:04,684.2968943533333,2.5668728699999996,1.8969046033333334,5
2024-07-15 01:28:43,2024-07-15,01:28:43,691.38361742,2.6146115633333333,3.8843127066666665,5
2024-07-15 01:36:21,2024-07-15,01:36:21,680.7262061233333,2.5185692166666667,3.7206106366666667,5
2024-07-15 01:43:57,2024-07-15,01:43:57,660.59554034,2.54992422,2.60464238,5
2024-07-15 01:51:34,2024-07-15,01:51:34,657.57138602,2.41767768,3.1685722666666667,5
2024-07-15 01:59:10,2024-07-15,01:59:10,673.3662161,2.48274166,3.95364241,5
2024-07-15 02:06:44,2024-07-15,02:06:44,684.2240231633333,2.4560475366666665,5.053270443333333,5
2024-07-15 02:14:17,2024-07-15,02:14:17,677.17373569,2.4483735666666666,3.9909314866666663,5
2024-07-15 02:21:52,2024-07-15,02:21:52,678.9044264133332,2.3452692833333333,3.5912985,5
2024-07-15 02:29:33,2024-07-15,02:29:33,666.3523642166666,2.4677232733333336,3.8443743999999995,5
2024-07-15 02:37:12,2024-07-15,02:37:12,655.2941613866666,2.566872866666667,5.052770590000001,5
2024-07-15 02:44:49,2024-07-15,02:44:49,640.35556777,2.4383926933333333,2.8501655000000006,5
2024-07-15 02:52:29,2024-07-15,02:52:29,644.7642746666667,2.3662197,2.13897373,5
2024-07-15 03:00:06,2024-07-15,03:00:06,657.5349504266667,2.32987426,2.6164839166666667,5
2024-07-15 03:07:43,2024-07-15,03:07:43,681.07234427,2.33557089,4.032419343333333,5
2024-07-15 03:15:23,2024-07-15,03:15:23,663.63791245,2.391218953333333,3.58709973,5
2024-07-15 03:23:06,2024-07-15,03:23:06,656.0775266566667,2.4678174333333334,3.579551936666667,5
2024-07-15 03:30:42,2024-07-15,03:30:42,652.6707986033333,2.4302008466666667,3.6663265300000005,5
2024-07-15 03:38:23,2024-07-15,03:38:23,641.1389330466667,2.3551089199999997,2.158418033333333,5
2024-07-15 03:46:01,2024-07-15,03:46:01,632.32151925,2.3352413366666664,2.2271978966666666,5
2024-07-15 03:53:37,2024-07-15,03:53:37,637.8779473633333,2.4704538866666668,1.5330911266666665,5
2024-07-15 04:01:10,2024-07-15,04:01:10,646.0759560566667,2.386746393333333,1.9415315366666668,5
2024-07-15 04:08:45,2024-07-15,04:08:45,642.6327924066667,2.3532257333333333,1.8160682733333333,5
2024-07-15 04:16:22,2024-07-15,04:16:22,637.7504227866666,2.3316162066666664,2.6496242166666666,5
2024-07-15 04:24:02,2024-07-15,04:24:02,642.0498228966667,2.3899478066666666,2.0756922566666667,5
2024-07-15 04:31:40,2024-07-15,04:31:40,651.50485959,2.26071436,2.0119609166666663,5
2024-07-15 04:39:19,2024-07-15,04:39:19,634.6898328733333,2.2410821733333335,0.9547854433333334,5
2024-07-15 04:46:58,2024-07-15,04:46:58,649.3915951233334,2.2592078133333335,1.4670864466666667,5
2024-07-15 04:54:35,2024-07-15,04:54:35,650.12030701,2.266034353333333,1.3483252233333332,5
2024-07-15 05:02:11,2024-07-15,05:02:11,650.0656536166666,2.3646189933333335,3.258580913333333,5
2024-07-15 05:09:50,2024-07-15,05:09:50,657.0430699066667,2.4243159,4.1921225799999995,5
2024-07-15 05:17:23,2024-07-15,05:17:23,615.7068883066667,2.3988458466666667,0.13870938666666657,5
2024-07-15 05:25:03,2024-07-15,05:25:03,582.7691111600001,2.25850162,-2.479973886666667,5
2024-07-15 05:32:41,2024-07-15,05:32:41,582.3501018333334,2.2879263566666665,-2.57774526,5
2024-07-15 05:40:17,2024-07-15,05:40:17,614.1765933466667,2.40280053,-0.5886976333333332,5
2024-07-15 05:47:54,2024-07-15,05:47:54,638.2969567,2.46711124,0.6073471766666667,5
2024-07-15 05:55:31,2024-07-15,05:55:31,644.3817009233334,2.6560415933333332,2.01383037,5
2024-07-15 06:03:11,2024-07-15,06:03:11,690.8188657133333,2.8435595599999997,5.3918713033333345,5
2024-07-15 06:10:50,2024-07-15,06:10:50,661.5246479900001,2.7318868,1.6439136766666669,5
2024-07-15 06:18:27,2024-07-15,06:18:27,704.7190448933334,2.85175141,5.92541509,5
2024-07-15 06:26:06,2024-07-15,06:26:06,814.17156982,2.9251955533333334,14.24073044,5
2024-07-15 06:33:47,2024-07-15,06:33:47,814.09869863,3.114502546666667,15.408788436666667,5
2024-07-15 06:41:23,2024-07-15,06:41:23,873.0332722233334,3.2632269399999996,19.424312726666667,5
2024-07-15 06:49:01,2024-07-15,06:49:01,849.2043936233334,3.204518703333333,17.35286923,5
2024-07-15 06:56:38,2024-07-15,06:56:38,806.1921746933334,3.1450571966666665,12.743918690000001,5
2024-07-15 07:04:17,2024-07-15,07:04:17,861.4831888633333,3.210827366666667,15.81456963,5
2024-07-15 07:11:48,2024-07-15,07:11:48,797.93951261,3.53341665,10.798088413333334,5
2024-07-15 07:19:26,2024-07-15,07:19:26,721.0421910833334,3.49076255,5.749716533333333,5
2024-07-15 07:27:03,2024-07-15,07:27:03,731.8453447600001,3.594431783333333,5.03487583,5
2024-07-15 07:34:38,2024-07-15,07:34:38,620.99004946,3.6027177933333334,-1.6671618700000002,5
2024-07-15 07:42:16,2024-07-15,07:42:16,574.9172406133333,3.6742316733333333,-4.792096913333333,5
2024-07-15 07:49:51,2024-07-15,07:49:51,553.3291510633334,3.8113744933333336,-5.182982466666666,5
2024-07-15 07:57:27,2024-07-15,07:57:27,549.64915605,3.7612347366666667,-5.2354671,5
2024-07-15 08:05:10,2024-07-15,08:05:10,582.8602001466667,3.8109507733333334,-3.7074145,5
2024-07-15 08:12:49,2024-07-15,08:12:49,577.21268305,3.851156733333333,-3.9188525933333334,5
2024-07-15 08:20:29,2024-07-15,08:20:29,554.2582587166667,3.6737608766666665,-5.300448073333334,5
2024-07-15 08:28:07,2024-07-15,08:28:07,571.7109083266668,3.481017076666667,-3.7529011800000003,5
2024-07-15 08:35:42,2024-07-15,08:35:42,585.5928697133334,3.5384541666666665,-3.157075633333333,5
2024-07-15 08:43:22,2024-07-15,08:43:22,574.0063507633333,3.5661840366666673,-3.707914353333333,5
2024-07-15 08:51:03,2024-07-15,08:51:03,597.2704776466667,3.638498273333333,-1.7958241966666666,5
2024-07-15 08:58:40,2024-07-15,08:58:40,605.2498727733333,3.58478047,-1.77972891,5
2024-07-15 09:06:19,2024-07-15,09:06:19,600.5314633233332,3.6128398999999995,-1.8263652566666666,5
2024-07-15 09:13:53,2024-07-15,09:13:53,584.0261391600001,3.6367563300000003,-2.63822755,5
2024-07-15 09:21:31,2024-07-15,09:21:31,584.95524681,3.5921719666666667,-2.93414091,5
2024-07-15 09:29:09,2024-07-15,09:29:09,600.9869082566667,3.525507283333333,-2.525260626666667,5
2024-07-15 09:36:46,2024-07-15,09:36:46,573.7148660066667,3.5595458166666667,-3.75440074,5
2024-07-15 09:44:20,2024-07-15,09:44:20,596.74216153,3.425839806666667,-2.9256433966666666,5
2024-07-15 09:51:53,2024-07-15,09:51:53,585.9207900600001,3.33238684,-3.641933673333334,5
2024-07-15 09:59:32,2024-07-15,09:59:32,589.05425116,4.47740931,40.55812493,5
2024-07-15 10:07:09,2024-07-15,10:07:09,615.1967899866667,4.2146581733333335,30.54455681666667,5
2024-07-15 10:14:45,2024-07-15,10:14:45,626.4918241833333,3.80591326,19.499790630000003,5
2024-07-15 10:22:23,2024-07-15,10:22:23,638.9345795966666,3.7875051433333335,15.174107153333333,5
2024-07-15 10:29:58,2024-07-15,10:29:58,644.0537805766667,3.82700491,13.477603873333331,5
2024-07-15 10:37:36,2024-07-15,10:37:36,728.4568345033334,3.9673962166666663,14.404832386666667,5
2024-07-15 10:45:13,2024-07-15,10:45:13,718.8014020433334,4.136553153333334,18.596055233333335,5
2024-07-15 10:52:51,2024-07-15,10:52:51,692.6770810166666,3.9291675966666673,15.581137976666668,5
2024-07-15 11:00:28,2024-07-15,11:00:28,637.9326007566667,3.9874521200000004,18.82373857,5
2024-07-15 11:08:07,2024-07-15,11:08:07,610.15046019,3.3332813533333336,7.63499454,5
2024-07-15 11:15:44,2024-07-15,11:15:44,618.8950027966666,2.7838155733333334,2.0220129733333336,5
2024-07-15 11:23:21,2024-07-15,11:23:21,602.7904701666666,2.827317106666667,5.37727558,5
2024-07-15 11:30:59,2024-07-15,11:30:59,628.7508310200001,3.087149306666667,9.638827833333332,5
2024-07-15 11:38:39,2024-07-15,11:38:39,642.7420991866667,3.29105097,10.32262762,5
2024-07-15 11:46:18,2024-07-15,11:46:18,639.1167575666667,3.2222677033333333,8.881599539999998,5
2024-07-15 11:53:55,2024-07-15,11:53:55,642.1226940866667,3.3826207533333332,10.432245526666666,5
2024-07-15 12:01:32,2024-07-15,12:01:32,617.1096586799999,3.2824824899999996,5.342485766666667,5
2024-07-15 12:09:09,2024-07-15,12:09:09,615.98015526,3.10720521,5.313744183333333,5
2024-07-15 12:16:52,2024-07-15,12:16:52,613.0653077266667,3.1836624466666668,6.416571283333333,5
2024-07-15 12:24:27,2024-07-15,12:24:27,599.9484938200001,3.1314041133333332,5.621054203333333,5
2024-07-15 12:32:05,2024-07-15,12:32:05,621.44549439,3.15866319,5.92261591,5
2024-07-15 12:39:43,2024-07-15,12:39:43,625.50806314,3.205224896666666,4.481587826666666,5
2024-07-15 12:47:18,2024-07-15,12:47:18,623.43123427,3.182909176666667,2.8334203966666665,5
2024-07-15 12:54:53,2024-07-15,12:54:53,643.5619000566667,3.1676083100000003,3.6575790933333336,5
2024-07-15 13:02:33,2024-07-15,13:02:33,642.48705003,2.98093778,2.2531553,5
2024-07-15 13:10:07,2024-07-15,13:10:07,622.6660867933333,2.839981516666667,0.39572413666666667,5
2024-07-15 13:17:46,2024-07-15,13:17:46,624.0324215733333,2.96333001,2.5352576966666667,5
2024-07-15 13:25:26,2024-07-15,13:25:26,642.3959610466667,3.0132343699999997,4.7725026533333335,5
2024-07-15 13:33:03,2024-07-15,13:33:03,651.8509977366666,3.2370036133333335,6.806157213333333,5
2024-07-15 13:40:40,2024-07-15,13:40:40,666.9353337266667,3.4047952333333336,7.393985103333333,5
2024-07-15 13:48:16,2024-07-15,13:48:16,664.5852378999999,3.587369846666667,6.6985387266666665,5
2024-07-15 13:55:52,2024-07-15,13:55:52,658.3365335,3.4587484333333336,3.989231986666667,5
2024-07-15 14:03:29,2024-07-15,14:03:29,671.6901787666667,3.5127016333333336,5.827543743333333,5
2024-07-15 14:11:07,2024-07-15,14:11:07,661.7614793533334,3.2900152200000004,6.184039366666666,5
2024-07-15 14:18:46,2024-07-15,14:18:46,648.7721900266666,3.396132593333333,6.0380821000000005,5
2024-07-15 14:26:25,2024-07-15,14:26:25,638.3698278833333,3.3448629299999997,5.090509543333333,5
2024-07-15 14:34:03,2024-07-15,14:34:03,658.0450487466668,3.3281026,2.8489858433333333,5
2024-07-15 14:41:39,2024-07-15,14:41:39,656.7515851500001,3.51557349,3.907405946666667,5
2024-07-15 14:49:20,2024-07-15,14:49:20,638.7706194233333,3.3041861766666667,1.7405153933333333,5
2024-07-15 14:56:56,2024-07-15,14:56:56,630.3539971666667,3.167184596666667,0.2785784333333334,5
2024-07-15 15:04:35,2024-07-15,15:04:35,654.2921825466666,3.0189309966666666,0.19796203666666667,5
2024-07-15 15:12:11,2024-07-15,15:12:11,656.1503978466667,3.1122898033333333,1.2639449266666667,5
2024-07-15 15:19:46,2024-07-15,15:19:46,640.4102211600001,3.0309362933333333,0.9726602133333332,5
2024-07-15 15:27:23,2024-07-15,15:27:23,631.95716331,2.9970389933333337,0.5487738233333334,5
2024-07-15 15:35:01,2024-07-15,15:35:01,644.9828882333333,3.07457906,0.11496134333333335,5
2024-07-15 15:42:39,2024-07-15,15:42:39,640.5195279433333,3.13865437,0.14949623000000004,5
2024-07-15 15:50:19,2024-07-15,15:50:19,644.7460568666667,3.0424237066666664,0.43689708000000005,5
2024-07-15 15:57:54,2024-07-15,15:57:54,641.0114084666667,2.9979335033333334,-0.32099101666666663,5
2024-07-15 16:05:32,2024-07-15,16:05:32,654.2921825433333,2.836591783333333,0.35055736000000004,5
2024-07-15 16:13:12,2024-07-15,16:13:12,661.9983107133334,2.9552323233333335,-1.9133897766666668,5
2024-07-15 16:20:47,2024-07-15,16:20:47,643.5072466666667,2.9850337000000002,-0.7165402,5
2024-07-15 16:28:26,2024-07-15,16:28:26,655.2941613833333,2.9725576100000004,-0.7584579333333333,5
2024-07-15 16:36:08,2024-07-15,16:36:08,652.8894121666667,2.982067686666666,-0.7561636033333334,5
2024-07-15 16:43:44,2024-07-15,16:43:44,666.35236422,2.909565133333333,2.948286766666667,5
2024-07-15 16:51:22,2024-07-15,16:51:22,681.4184824133333,3.093128416666667,5.1616887,5
2024-07-15 16:58:55,2024-07-15,16:58:55,738.74988986,3.109606266666667,9.362858633333333,5
2024-07-15 17:06:35,2024-07-15,17:06:35,701.60380159,3.0338552266666667,8.485065646666667,5
2024-07-15 17:14:16,2024-07-15,17:14:16,644.4363543166668,3.1330048166666664,6.943866896666666,5
2024-07-15 17:21:51,2024-07-15,17:21:51,672.6192864166666,3.0944466433333333,10.572654413333334,5
2024-07-15 17:29:25,2024-07-15,17:29:25,699.0533099966666,3.0956236366666663,9.562250256666667,5
2024-07-15 17:37:01,2024-07-15,17:37:01,700.5289515600001,2.960222763333333,8.069737250000001,5
2024-07-15 17:44:39,2024-07-15,17:44:39,730.0964362433333,3.2367211366666666,15.106227026666666,5
2024-07-15 17:52:18,2024-07-15,17:52:18,765.1656956433334,3.0774038333333333,15.931835293333334,5
2024-07-15 17:59:54,2024-07-15,17:59:54,790.7981361533333,3.1518837333333334,15.989818316666666,5
2024-07-15 18:07:32,2024-07-15,18:07:32,803.6234653000001,3.1788132533333333,19.05292147,5
2024-07-15 18:15:10,2024-07-15,18:15:10,790.16051325,3.1900181933333336,16.03130617,5
2024-07-15 18:22:49,2024-07-15,18:22:49,915.1528191000001,3.6187248499999995,27.608416493333333,5
2024-07-15 18:30:23,2024-07-15,18:30:23,863.7604135033333,3.4760266433333338,22.17800647,5
2024-07-15 18:38:03,2024-07-15,18:38:03,842.53667989,3.4522514533333335,21.01584674,5
2024-07-15 18:45:39,2024-07-15,18:45:39,821.00324373,3.4097856733333334,19.8042015,5
2024-07-15 18:53:15,2024-07-15,18:53:15,756.9494691533333,3.4051247933333335,11.96454688,5
2024-07-15 19:00:50,2024-07-15,19:00:50,700.1281600233333,3.2247158433333336,6.6149132066666665,5
2024-07-15 19:08:27,2024-07-15,19:08:27,715.7772477266667,3.1743877700000005,7.608772216666668,5
2024-07-15 19:16:09,2024-07-15,19:16:09,718.1455613500001,3.095529473333334,6.777315659999999,5
2024-07-15 19:23:47,2024-07-15,19:23:47,706.0853796733333,2.966107706666666,4.83638395,5
2024-07-15 19:31:24,2024-07-15,19:31:24,687.9222359733334,3.20593109,2.711556076666666,5
2024-07-15 19:38:59,2024-07-15,19:38:59,684.1329341800001,3.059419436666667,2.5731965866666666,5
2024-07-15 19:46:38,2024-07-15,19:46:38,704.0632041966668,2.9874818399999996,3.6051944299999996,5
2024-07-15 19:54:16,2024-07-15,19:54:16,711.69646118,2.93917819,3.7161619399999997,5
2024-07-15 20:01:53,2024-07-15,20:01:53,715.7225943333333,2.929009,3.9799347099999998,5
2024-07-15 20:09:30,2024-07-15,20:09:30,719.6394207099999,2.95937533,3.5207191633333337,5
2024-07-15 20:17:08,2024-07-15,20:17:08,699.21727017,2.8933697566666665,2.6577718266666666,5
2024-07-15 20:24:47,2024-07-15,20:24:47,685.8818427,2.894735066666667,3.6121923799999998,5
2024-07-15 20:32:20,2024-07-15,20:32:20,691.6022309866667,2.8428533666666667,4.364322163333333,5
2024-07-15 20:39:55,2024-07-15,20:39:55,731.6449489933333,2.9248659966666666,8.643519253333332,5
2024-07-15 20:47:32,2024-07-15,20:47:32,740.3530560033333,2.9834800733333338,10.086996616666667,5
2024-07-15 20:55:11,2024-07-15,20:55:11,720.8235775200001,3.0219440933333335,8.400590380000002,5
2024-07-15 21:02:48,2024-07-15,21:02:48,722.1899123066668,2.783391856666667,8.221792726666665,5
2024-07-15 21:10:26,2024-07-15,21:10:26,707.5974568333335,2.883435966666667,7.113067353333334,5
2024-07-15 21:18:00,2024-07-15,21:18:00,718.71031306,2.801517496666667,7.630765776666666,5
2024-07-15 21:25:35,2024-07-15,21:25:35,693.95232681,2.64662568,5.015131613333334,5
2024-07-15 21:33:14,2024-07-15,21:33:14,703.60775927,2.6654575066666664,3.1233855,5
2024-07-15 21:40:49,2024-07-15,21:40:49,696.22955145,2.6691297133333336,3.3688136400000004,5
2024-07-15 21:48:27,2024-07-15,21:48:27,716.7792265666667,2.9536786999999998,6.607715316666666,5
2024-07-15 21:56:06,2024-07-15,21:56:06,704.26359997,2.841064343333333,6.268064766666666,5
2024-07-15 22:03:41,2024-07-15,22:03:41,708.3990399066666,2.901891163333333,6.682993276666667,5
2024-07-15 22:11:17,2024-07-15,22:11:17,709.3463653533332,2.788335216666667,5.133297013333333,5
2024-07-15 22:18:54,2024-07-15,22:18:54,695.0089590433332,2.65528832,2.1587179466666666,5
2024-07-15 22:26:31,2024-07-15,22:26:31,683.62283586,2.6224267733333337,1.4520398566666666,5
2024-07-15 22:34:08,2024-07-15,22:34:08,687.1570884933334,2.57223994,1.8687828366666668,5
2024-07-15 22:41:44,2024-07-15,22:41:44,684.8798638633334,2.7253427366666667,1.9735771566666667,5
2024-07-15 22:49:24,2024-07-15,22:49:24,710.4576509766666,2.77449382,4.180525976666666,5
2024-07-15 22:57:02,2024-07-15,22:57:02,716.2144748566667,2.7719985966666667,6.1930867166666665,5
2024-07-15 23:04:39,2024-07-15,23:04:39,750.2453198266667,2.7518485399999997,9.330418133333334,5
2024-07-15 23:12:18,2024-07-15,23:12:18,741.9926577433333,2.54794688,6.8187535299999995,5
2024-07-15 23:19:58,2024-07-15,23:19:58,750.3364088100001,2.5798668333333334,6.655101443333334,5
2024-07-15 23:27:35,2024-07-15,23:27:35,854.9976530999999,2.60020521,11.53622229,5
2024-07-15 23:35:10,2024-07-15,23:35:10,950.38603867,2.6434713433333332,15.23129041,5
2024-07-15 23:42:48,2024-07-15,23:42:48,971.38204982,2.7961975066666667,19.38382458,5
2024-07-15 23:50:27,2024-07-15,23:50:27,991.90439824,2.9319750133333335,25.974894773333332,5
2024-07-15 23:58:05,2024-07-15,23:58:05,946.92465723,2.9258546666666665,24.114439496666666,5
2024-07-16 00:05:46,2024-07-16,00:05:46,840.09549508,3.0023589833333335,13.4406147,5
2024-07-16 00:13:22,2024-07-16,00:13:22,752.0853173300001,2.9500535733333333,8.027849513333333,5
2024-07-16 00:21:01,2024-07-16,00:21:01,730.6429701533334,2.9627179800000003,6.6334577800000005,5
2024-07-16 00:28:38,2024-07-16,00:28:38,702.9337007766667,2.958527896666667,4.558715246666667,5
2024-07-16 00:36:17,2024-07-16,00:36:17,688.7602546433333,2.8310363933333336,3.3314245833333334,5
2024-07-16 00:43:54,2024-07-16,00:43:54,681.56422479,2.9115895566666663,3.4929772833333335,5
2024-07-16 00:51:32,2024-07-16,00:51:32,684.6612502966667,2.8298123233333334,2.20194029,5
2024-07-16 00:59:09,2024-07-16,00:59:09,682.0196697166667,2.61578855,-0.12226420333333334,5
2024-07-16 01:06:51,2024-07-16,01:06:51,701.0754854733333,2.7083940866666665,0.9997072966666667,5
2024-07-16 01:14:31,2024-07-16,01:14:31,682.2929366733333,2.83456736,2.6755666166666665,5
2024-07-16 01:22:07,2024-07-16,01:22:07,662.5812802199999,2.7177158433333335,3.5643063999999995,5
2024-07-16 01:29:46,2024-07-16,01:29:46,665.5689989433334,2.728544146666667,3.1306833600000004,5
2024-07-16 01:37:24,2024-07-16,01:37:24,693.71549545,2.6733668799999997,4.062810443333333,5
2024-07-16 01:44:59,2024-07-16,01:44:59,680.94481969,2.5389076,1.55373008,5
2024-07-16 01:52:40,2024-07-16,01:52:40,669.34008294,2.5012439333333334,0.99199905,5
2024-07-16 02:00:19,2024-07-16,02:00:19,693.0232191599999,2.5424385700000003,3.52356833,5
2024-07-16 02:07:58,2024-07-16,02:07:58,689.9444114533334,2.57831321,3.7068646599999995,5
2024-07-16 02:15:36,2024-07-16,02:15:36,681.1452154566667,2.4870259,2.1777773666666667,5
2024-07-16 02:23:14,2024-07-16,02:23:14,649.1911993566667,2.7101360333333333,2.0607316333333334,5
2024-07-16 02:30:53,2024-07-16,02:30:53,628.5868708466667,2.6246395166666665,-0.22900295,5
2024-07-16 02:38:31,2024-07-16,02:38:31,658.6098004566667,2.458260276666667,1.6836270500000001,5
2024-07-16 02:46:09,2024-07-16,02:46:09,669.3765185333333,2.47120716,2.25249049,5
2024-07-16 02:53:46,2024-07-16,02:53:46,659.9032640500001,2.53674194,1.4287366766666665,5
2024-07-16 03:01:25,2024-07-16,03:01:25,657.26168347,2.5261961100000003,-0.15277027333333335,5
2024-07-16 03:09:04,2024-07-16,03:09:04,652.5979274166667,2.6504862,-1.0705865433333333,5
2024-07-16 03:16:41,2024-07-16,03:16:41,636.47517699,2.708252846666667,-1.5426483266666668,5
2024-07-16 03:24:20,2024-07-16,03:24:20,640.4830923466667,2.6968125099999996,-0.25867426000000004,5
2024-07-16 03:31:59,2024-07-16,03:31:59,665.2775141933333,2.5873995666666665,0.4040317,5
2024-07-16 03:39:39,2024-07-16,03:39:39,642.54170342,2.619602,-1.1749059966666666,5
2024-07-16 03:47:15,2024-07-16,03:47:15,630.62726412,2.50623437,-1.8234661066666666,5
2024-07-16 03:54:54,2024-07-16,03:54:54,656.1503978466667,2.4532698433333335,-0.12785256333333336,5
2024-07-16 04:02:29,2024-07-16,04:02:29,663.6925658433333,2.3795902966666667,-0.5636849566666667,5
2024-07-16 04:10:08,2024-07-16,04:10:08,655.13020121,2.38298003,-1.1212717033333335,5
2024-07-16 04:17:44,2024-07-16,04:17:44,632.5401328166666,2.518192583333333,-0.6536586166666667,5
2024-07-16 04:25:22,2024-07-16,04:25:22,622.5749978066666,2.4647101800000004,-1.1246981933333335,5
2024-07-16 04:33:02,2024-07-16,04:33:02,610.0229356133333,2.4690885799999998,-1.7926251366666666,5
2024-07-16 04:40:40,2024-07-16,04:40:40,607.6181863933333,2.3375482333333335,-1.38754374,5
2024-07-16 04:48:18,2024-07-16,04:48:18,597.5437446033333,2.41245185,-2.5137639899999997,5
2024-07-16 04:55:56,2024-07-16,04:55:56,617.2918366533335,2.47704503,2.2109026666666662,5
2024-07-16 05:03:32,2024-07-16,05:03:32,627.51202082,2.5988869833333332,3.7728953300000003,5
2024-07-16 05:11:11,2024-07-16,05:11:11,634.78092186,2.5399904266666664,2.5084905366666668,5
2024-07-16 05:18:49,2024-07-16,05:18:49,606.8530389166666,2.23938731,-1.2335388333333335,5
2024-07-16 05:26:30,2024-07-16,05:26:30,599.6570090666665,2.292116436666667,-2.6152342833333333,5
2024-07-16 05:34:10,2024-07-16,05:34:10,600.3492853566667,2.3407025666666663,-2.7546934466666664,5
2024-07-16 05:41:47,2024-07-16,05:41:47,630.6090463266667,2.45600046,0.14345799666666662,5
2024-07-16 05:49:30,2024-07-16,05:49:30,711.8604213533332,2.6329726,8.584386563333334,5
2024-07-16 05:57:07,2024-07-16,05:57:07,807.5585094733333,2.94016686,19.980149983333334,5
2024-07-16 06:04:43,2024-07-16,06:04:43,854.8336929266667,3.1593693866666666,24.84622523666667,5
2024-07-16 06:12:21,2024-07-16,06:12:21,902.9651128466667,3.3596459166666666,28.936027776666663,5
2024-07-16 06:19:59,2024-07-16,06:19:59,959.49493722,3.62517475,39.728867726666664,5
2024-07-16 06:27:37,2024-07-16,06:27:37,960.99790548,3.38685792,34.478405020000004,5
2024-07-16 06:35:16,2024-07-16,06:35:16,877.35089013,3.33605905,23.777038286666667,5
2024-07-16 06:42:54,2024-07-16,06:42:54,880.7211825933333,3.3113422700000004,22.4429289,5
2024-07-16 06:50:33,2024-07-16,06:50:33,831.4056058699999,3.2044716233333332,17.854772273333335,5
2024-07-16 06:58:07,2024-07-16,06:58:07,811.5664248333334,3.256306243333333,16.423541330000003,5
2024-07-16 07:05:45,2024-07-16,07:05:45,807.2123713266668,3.31798049,15.474969063333333,5
2024-07-16 07:13:23,2024-07-16,07:13:23,779.5213197533334,3.2762679833333332,12.905271446666665,5
2024-07-16 07:21:00,2024-07-16,07:21:00,762.0140167466667,3.389588536666667,10.932748983333333,5
2024-07-16 07:28:35,2024-07-16,07:28:35,693.71549545,3.3962267533333335,5.7898047933333325,5
2024-07-16 07:36:13,2024-07-16,07:36:13,605.7417532933333,3.4200961,-0.6766518833333334,5
2024-07-16 07:43:50,2024-07-16,07:43:50,572.5489269933333,3.4539933966666667,-3.6654267966666665,5
2024-07-16 07:51:31,2024-07-16,07:51:31,555.4806728966666,3.7063870266666665,-4.673131746666667,5
2024-07-16 07:59:09,2024-07-16,07:59:09,562.5291385966666,3.7356705233333334,-4.314736683333334,5
2024-07-16 08:06:46,2024-07-16,08:06:46,590.8942486633333,3.913160546666667,-1.7211960500000003,5
2024-07-16 08:14:24,2024-07-16,08:14:24,616.9092629099999,3.992677953333333,-1.1044766233333334,5
2024-07-16 08:22:05,2024-07-16,08:22:05,625.5444987333334,4.034390463333334,-0.38269795,5
2024-07-16 08:29:44,2024-07-16,08:29:44,643.0882373333334,4.058824763333333,0.48044083000000004,5
2024-07-16 08:37:20,2024-07-16,08:37:20,655.05733002,4.083729863333333,0.24813734333333334,5
2024-07-16 08:44:57,2024-07-16,08:44:57,668.39275749,4.234525756666667,1.57955752,5
2024-07-16 08:52:37,2024-07-16,08:52:37,634.78092186,4.2542520999999995,-0.8568341266666667,5
2024-07-16 09:00:11,2024-07-16,09:00:11,633.3234980933333,4.34040773,-0.6257172966666666,5
2024-07-16 09:07:49,2024-07-16,09:07:49,636.6755727533333,4.37425795,0.12902222333333332,5
2024-07-16 09:15:28,2024-07-16,09:15:28,634.5987438866667,4.426139646666667,0.14062882333333335,5
2024-07-16 09:23:10,2024-07-16,09:23:10,634.2161701466667,4.7347933766666666,9.414664963333333,5
2024-07-16 09:30:48,2024-07-16,09:30:48,656.3325758166667,5.980754463333334,55.67269951,5
2024-07-16 09:38:29,2024-07-16,09:38:29,716.4330884233333,6.208101756666667,61.12610280333333,5
2024-07-16 09:46:09,2024-07-16,09:46:09,701.60380159,5.5358053499999995,42.12166713333333,5
2024-07-16 09:53:45,2024-07-16,09:53:45,707.5974568333335,5.305727446666666,35.53809475,5
2024-07-16 10:01:22,2024-07-16,10:01:22,679.4691781233333,5.121034253333334,29.033999096666662,5
2024-07-16 10:08:55,2024-07-16,10:08:55,641.2482398233334,4.595531976666667,18.358374826666665,5
2024-07-16 10:16:36,2024-07-16,10:16:36,664.9860294333333,4.31691502,18.101699980000003,5
2024-07-16 10:24:13,2024-07-16,10:24:13,709.5831967166667,4.52133456,19.852687303333337,5
2024-07-16 10:31:52,2024-07-16,10:31:52,683.31313331,4.6406812933333335,14.339801426666668,5
2024-07-16 10:39:30,2024-07-16,10:39:30,706.1946864533334,4.71111235,14.277019809999999,5
2024-07-16 10:47:10,2024-07-16,10:47:10,836.3061932833334,5.01552891,18.40036253,5
2024-07-16 10:54:46,2024-07-16,10:54:46,720.0402122466667,4.8136987499999995,15.897445363333334,5
2024-07-16 11:02:24,2024-07-16,11:02:24,693.6244064633333,4.642187839999999,14.682751013333336,5
2024-07-16 11:10:02,2024-07-16,11:10:02,660.4315801633334,4.583809163333334,13.657101316666667,5
2024-07-16 11:17:39,2024-07-16,11:17:39,622.30173085,4.230429833333334,10.37311284,5
2024-07-16 11:25:16,2024-07-16,11:25:16,628.2589505000001,4.3666310600000005,13.250170463333333,5
2024-07-16 11:32:56,2024-07-16,11:32:56,643.9444737966668,4.226051433333333,10.238502253333332,5
2024-07-16 11:40:39,2024-07-16,11:40:39,622.86648256,3.82493341,4.85522843,5
2024-07-16 11:48:20,2024-07-16,11:48:20,618.5853002433333,3.7101063133333336,3.03291199,5
2024-07-16 11:56:00,2024-07-16,11:56:00,622.3017308500001,3.6349202233333333,3.4924774333333333,5
2024-07-16 12:03:38,2024-07-16,12:03:38,635.0724066133333,3.37843067,3.2192574299999994,5
2024-07-16 12:11:14,2024-07-16,12:11:14,642.9424949533333,3.4812524766666666,3.830628423333333,5
2024-07-16 12:18:54,2024-07-16,12:18:54,640.04586522,3.331727726666667,1.3828801033333333,5
2024-07-16 12:26:30,2024-07-16,12:26:30,627.0383580966667,3.2130401066666665,-0.7067930566666667,5
2024-07-16 12:34:08,2024-07-16,12:34:08,622.3928198366667,2.9524546333333332,-0.26735672,5
2024-07-16 12:41:46,2024-07-16,12:41:46,626.43717079,3.0605022633333334,-1.00100691,5
2024-07-16 12:49:22,2024-07-16,12:49:22,620.5892579233333,2.9894121000000005,-0.5571268766666667,5
2024-07-16 12:56:56,2024-07-16,12:56:56,628.7143954266667,2.955467726666667,0.48277864666666676,5
2024-07-16 13:04:36,2024-07-16,13:04:36,626.7833089366667,2.8587662666666667,-0.08421284000000001,5
2024-07-16 13:12:10,2024-07-16,13:12:10,627.6759809966667,3.029523903333333,0.10576903000000003,5
2024-07-16 13:19:50,2024-07-16,13:19:50,645.03754162,2.847184693333334,1.2865333133333332,5
2024-07-16 13:27:29,2024-07-16,13:27:29,666.40701761,2.7359356433333333,3.4274114833333336,5
2024-07-16 13:35:07,2024-07-16,13:35:07,697.92380658,2.92237078,6.31974963,5
2024-07-16 13:42:42,2024-07-16,13:42:42,692.7317344066668,3.025616296666666,7.5525386800000005,5
2024-07-16 13:50:22,2024-07-16,13:50:22,694.1162869866666,3.0346555766666667,8.25048433,5
2024-07-16 13:57:59,2024-07-16,13:57:59,698.8164786366666,3.2973596366666666,8.368949643333332,5
2024-07-16 14:05:38,2024-07-16,14:05:38,698.0877667533333,3.3627531733333336,9.004013703333333,5
2024-07-16 14:13:18,2024-07-16,14:13:18,684.2786765566667,3.429747413333333,8.369699423333332,5
2024-07-16 14:20:51,2024-07-16,14:20:51,668.1923617233333,3.4305948466666667,5.254461536666667,5
2024-07-16 14:28:26,2024-07-16,14:28:26,660.52266915,3.1924663333333334,3.6966676466666666,5
2024-07-16 14:36:03,2024-07-16,14:36:03,641.0296262600001,3.0839008166666666,1.3615213566666666,5
2024-07-16 14:43:39,2024-07-16,14:43:39,641.3211110133334,3.2338963599999997,2.148570916666667,5
2024-07-16 14:51:14,2024-07-16,14:51:14,641.46685339,3.1861105866666666,0.5800651633333334,5
2024-07-16 14:58:48,2024-07-16,14:58:48,646.36744081,3.1624766366666663,2.3138225333333335,5
2024-07-16 15:06:21,2024-07-16,15:06:21,653.23555031,3.31256634,3.395255896666667,5
2024-07-16 15:13:52,2024-07-16,15:13:52,666.0062260766666,3.0393164566666666,0.5608607833333332,5
2024-07-16 15:21:28,2024-07-16,15:21:28,661.2878166266668,3.0217086933333337,-0.5044523,5
2024-07-16 15:29:03,2024-07-16,15:29:03,648.55357646,3.138842686666667,-1.1856028666666667,5
2024-07-16 15:36:38,2024-07-16,15:36:38,642.8149703766667,2.9718043400000003,-2.374804676666667,5
2024-07-16 15:44:13,2024-07-16,15:44:13,651.7963443433333,2.94242668,-1.30579767,5
2024-07-16 15:51:48,2024-07-16,15:51:48,641.6125957700001,2.7703037333333334,-2.4352869733333335,5
2024-07-16 15:59:25,2024-07-16,15:59:25,642.8514059666667,2.9340935933333334,-1.5239538,5
2024-07-16 16:07:02,2024-07-16,16:07:02,640.4466567533333,2.8275525066666667,-0.2552102766666667,5
2024-07-16 16:14:37,2024-07-16,16:14:37,630.4815217466667,2.7930902533333337,-1.5763884499999998,5
2024-07-16 16:22:15,2024-07-16,16:22:15,638.2787389,2.7470464233333334,-1.13921645,5
2024-07-16 16:29:53,2024-07-16,16:29:53,646.09417385,2.6973774633333334,-0.1843110366666667,5
2024-07-16 16:37:27,2024-07-16,16:37:27,674.7872042700001,2.809568106666667,2.0655452266666665,5
2024-07-16 16:45:06,2024-07-16,16:45:06,695.7012353333333,3.1355941966666667,6.506494953333333,5
2024-07-16 16:52:45,2024-07-16,16:52:45,685.2077842066666,3.016906576666667,4.4653425833333324,5
2024-07-16 17:00:20,2024-07-16,17:00:20,679.7242272833333,2.9794783099999997,5.870931039999999,5
2024-07-16 17:08:00,2024-07-16,17:08:00,783.2924037500001,3.35074788,16.606887646666667,5
2024-07-16 17:15:37,2024-07-16,17:15:37,634.9266642333333,3.10955919,4.0793555999999995,5
2024-07-16 17:23:18,2024-07-16,17:23:18,612.6280805966667,3.2128047066666667,2.129391533333333,5
2024-07-16 17:30:52,2024-07-16,17:30:52,632.77696418,3.104662913333333,2.76950911,5
2024-07-16 17:38:28,2024-07-16,17:38:28,651.1405036466666,2.8860253433333334,1.12834463,5
2024-07-16 17:46:06,2024-07-16,17:46:06,662.9274183633333,2.9129077833333334,1.32641164,5
2024-07-16 17:53:45,2024-07-16,17:53:45,710.82200692,2.8703007633333333,6.24502151,5
2024-07-16 18:01:24,2024-07-16,18:01:24,772.5256856699999,3.3242420766666663,12.970402376666664,5
2024-07-16 18:09:02,2024-07-16,18:09:02,757.8785768066667,3.478427696666667,14.258475240000001,5
2024-07-16 18:16:39,2024-07-16,18:16:39,747.02076974,3.44952084,15.556945059999999,5
2024-07-16 18:24:17,2024-07-16,18:24:17,760.9027311233334,3.35710362,16.410695086666667,5
2024-07-16 18:31:48,2024-07-16,18:31:48,816.2119630933333,3.413504956666667,13.046130206666666,5
2024-07-16 18:39:17,2024-07-16,18:39:17,841.6804434299999,3.5808257866666664,19.185382683333334,5
2024-07-16 18:46:54,2024-07-16,18:46:54,830.7315473733333,3.4596900233333336,16.64812557,5
2024-07-16 18:54:31,2024-07-16,18:54:31,729.3312887666667,3.1840390866666666,6.95901246,5
2024-07-16 19:02:11,2024-07-16,19:02:11,681.63709598,3.0629974866666667,1.688740553333333,5
2024-07-16 19:09:45,2024-07-16,19:09:45,670.5060219566667,3.06436279,0.9286680933333334,5
2024-07-16 19:17:22,2024-07-16,19:17:22,691.1285682633334,3.2083792300000002,1.7968339033333331,5
2024-07-16 19:25:00,2024-07-16,19:25:00,669.64978549,3.1211407666666666,1.3807907133333333,5
2024-07-16 19:32:38,2024-07-16,19:32:38,671.52621859,3.0755206533333337,1.6771539433333331,5
2024-07-16 19:40:20,2024-07-16,19:40:20,668.41097529,3.047178746666667,0.01108525333333337,5
2024-07-16 19:48:01,2024-07-16,19:48:01,675.9167076933333,2.8703007633333333,0.5673238933333333,5
2024-07-16 19:55:34,2024-07-16,19:55:34,688.3594631033333,3.0843716133333334,1.9785357000000001,5
2024-07-16 20:03:10,2024-07-16,20:03:10,673.8763144166668,2.889226753333334,0.5866147433333334,5
2024-07-16 20:10:49,2024-07-16,20:10:49,680.4893747633333,2.8554706966666665,2.197511586666667,5
2024-07-16 20:18:23,2024-07-16,20:18:23,695.71945313,2.928114486666667,4.51337852,5
2024-07-16 20:26:00,2024-07-16,20:26:00,721.0968444766667,3.076132683333333,5.8157472,5
2024-07-16 20:33:37,2024-07-16,20:33:37,709.8382458766667,2.984751226666667,2.2174007633333335,5
2024-07-16 20:41:17,2024-07-16,20:41:17,780.4686452033334,3.299525296666667,14.128863189999999,5
2024-07-16 20:48:54,2024-07-16,20:48:54,855.4895336233334,3.510677213333333,26.487744613333334,5
2024-07-16 20:56:33,2024-07-16,20:56:33,857.5299268966668,3.72168789,23.96048457666667,5
2024-07-16 21:04:11,2024-07-16,21:04:11,837.5450034866667,3.7447098066666666,21.716641553333336,5
2024-07-16 21:11:48,2024-07-16,21:11:48,801.8016855933334,3.5882643566666665,16.429539573333333,5
2024-07-16 21:19:27,2024-07-16,21:19:27,756.2936284566667,3.322217653333333,12.245814529999999,5
2024-07-16 21:27:08,2024-07-16,21:27:08,747.3122544933334,3.2498092633333333,11.305539833333334,5
2024-07-16 21:34:44,2024-07-16,21:34:44,708.6176534700002,3.120387493333333,6.48075249,5
2024-07-16 21:42:20,2024-07-16,21:42:20,657.9175241666667,3.2761738200000003,1.6424191133333332,5
2024-07-16 21:49:57,2024-07-16,21:49:57,627.1476648766667,2.9792899900000003,-0.11790198333333331,5
2024-07-16 21:57:34,2024-07-16,21:57:34,639.2989355366667,2.81724208,0.21050037000000002,5
2024-07-16 22:05:13,2024-07-16,22:05:13,644.8007102633334,2.8342848833333334,2.6638700433333335,5
2024-07-16 22:12:50,2024-07-16,22:12:50,659.2656411500001,2.489050323333333,1.6450483433333334,5
2024-07-16 22:20:27,2024-07-16,22:20:27,687.5578800333333,2.471065923333333,1.6300577333333333,5
2024-07-16 22:28:05,2024-07-16,22:28:05,689.7257978866668,2.2048779766666664,2.2047194766666665,5
2024-07-16 22:35:46,2024-07-16,22:35:46,678.1574967333332,2.3086413733333333,1.32063333,5
2024-07-16 22:43:25,2024-07-16,22:43:25,671.0161202733333,2.430153766666667,0.23613636000000002,5
2024-07-16 22:51:05,2024-07-16,22:51:05,673.5666118633334,2.3519545866666665,0.3922451533333333,5
2024-07-16 22:58:45,2024-07-16,22:58:45,701.1665744633334,2.5797726733333333,4.262801886666666,5
2024-07-16 23:06:24,2024-07-16,23:06:24,718.7285308566667,2.6851367733333333,6.938218549999999,5
2024-07-16 23:14:03,2024-07-16,23:14:03,725.5055513733333,2.7423855399999995,7.301712123333334,5
2024-07-16 23:21:43,2024-07-16,23:21:43,727.9103005933333,2.5882470000000004,5.93746156,5
2024-07-16 23:29:20,2024-07-16,23:29:20,816.2666164833332,2.6123046666666667,7.928528596666666,5
2024-07-16 23:37:00,2024-07-16,23:37:00,789.6868505299999,2.5224768233333337,6.176541563333333,5
2024-07-16 23:44:39,2024-07-16,23:44:39,751.8667037633332,2.4251633333333333,4.245157056666667,5
2024-07-16 23:52:15,2024-07-16,23:52:15,780.14072485,2.4420649,5.887626156666666,5
2024-07-16 23:59:55,2024-07-16,23:59:55,807.4674204866666,2.3640540366666665,7.871695236666667,5
2024-07-17 00:07:31,2024-07-17,00:07:31,714.6659621066666,2.41518246,4.92520794,5
2024-07-17 00:15:10,2024-07-17,00:15:10,708.1439907466666,2.5846689499999997,6.874637166666666,5
2024-07-17 00:22:50,2024-07-17,00:22:50,734.1590049966667,2.5204994833333334,10.0443591,5
2024-07-17 00:30:28,2024-07-17,00:30:28,744.8710696833333,2.7961975066666667,11.34592801,5
2024-07-17 00:38:07,2024-07-17,00:38:07,688.0315427566667,2.6009114066666665,4.600238086666667,5
2024-07-17 00:45:44,2024-07-17,00:45:44,640.71992371,2.5969567199999997,0.42281420333333336,5
2024-07-17 00:53:21,2024-07-17,00:53:21,646.3310052133334,2.6262872966666664,1.05813019,5
2024-07-17 01:01:02,2024-07-17,01:01:02,647.6791222,2.4944173966666665,-0.05367978333333332,5
2024-07-17 01:08:42,2024-07-17,01:08:42,662.0165285133334,2.5490297099999997,2.50546642,5
2024-07-17 01:16:20,2024-07-17,01:16:20,672.1091881000001,2.6722369733333333,5.096507786666667,5
2024-07-17 01:23:57,2024-07-17,01:23:57,697.6869752133333,2.759852066666667,7.319556893333332,5
2024-07-17 01:31:34,2024-07-17,01:31:34,690.5091631633333,2.8622030733333332,6.305503803333333,5
2024-07-17 01:39:09,2024-07-17,01:39:09,651.81456214,2.73042733,3.0884957133333337,5
2024-07-17 01:46:47,2024-07-17,01:46:47,639.26249994,2.668093966666667,1.1521026766666667,5
2024-07-17 01:54:27,2024-07-17,01:54:27,651.0494146599999,2.6948351633333334,1.5863755233333334,5
2024-07-17 02:02:05,2024-07-17,02:02:05,682.8212527866666,2.7460106700000004,5.574467843333333,5
2024-07-17 02:09:44,2024-07-17,02:09:44,638.47913467,2.675720856666667,0.37009164,5
2024-07-17 02:17:22,2024-07-17,02:17:22,634.6533972833334,2.5776070133333335,0.1612028000000001,5
2024-07-17 02:25:03,2024-07-17,02:25:03,685.1713486133334,2.7034036500000003,6.62161125,5
2024-07-17 02:32:40,2024-07-17,02:32:40,700.72934733,2.68217076,7.23823071,5
2024-07-17 02:40:23,2024-07-17,02:40:23,695.5008395666667,2.6502037233333335,6.37273412,5
2024-07-17 02:48:01,2024-07-17,02:48:01,659.7575216700001,2.5614587166666665,3.336173196666667,5
2024-07-17 02:55:35,2024-07-17,02:55:35,640.59239913,2.5601404933333334,0.90265321,5
2024-07-17 03:03:16,2024-07-17,03:03:16,623.61341224,2.50858835,0.06932035333333335,5
2024-07-17 03:10:55,2024-07-17,03:10:55,608.7841254066667,2.37695384,-0.9702159299999998,5
2024-07-17 03:18:37,2024-07-17,03:18:37,607.6181863933334,2.3744586266666667,-0.6825501566666666,5
2024-07-17 03:26:10,2024-07-17,03:26:10,635.29102018,2.4051545100000005,1.1406795166666666,5
2024-07-17 03:33:47,2024-07-17,03:33:47,640.2826965766667,2.26871789,0.7963163433333333,5
2024-07-17 03:41:30,2024-07-17,03:41:30,667.6276100133333,2.278133803333333,3.368863623333334,5
2024-07-17 03:49:10,2024-07-17,03:49:10,676.5361127933332,2.411698573333333,5.26575823,5
2024-07-17 03:56:47,2024-07-17,03:56:47,679.0866043866666,2.3784133100000004,6.319799616666667,5
2024-07-17 04:04:26,2024-07-17,04:04:26,663.4557344799999,2.3876879866666667,4.429053209999999,5
2024-07-17 04:12:08,2024-07-17,04:12:08,660.3769267733334,2.4368861466666667,2.8682602,5
2024-07-17 04:19:44,2024-07-17,04:19:44,641.2118042333333,2.410239106666667,1.0616291633333332,5
2024-07-17 04:27:25,2024-07-17,04:27:25,655.5492105433333,2.3830741866666667,1.5525854133333332,5
2024-07-17 04:35:02,2024-07-17,04:35:02,648.5900120566666,2.274979473333333,0.12066966999999995,5
2024-07-17 04:42:41,2024-07-17,04:42:41,630.0989480033332,2.331333733333333,-0.5421412666666666,5
2024-07-17 04:50:18,2024-07-17,04:50:18,614.1583755533333,2.31989339,-1.0718361766666666,5
2024-07-17 04:57:52,2024-07-17,04:57:52,621.66410795,2.2910336066666663,0.08384045333333334,5
2024-07-17 05:05:32,2024-07-17,05:05:32,673.4390872866667,2.2898095400000003,3.2277899333333333,5
2024-07-17 05:13:07,2024-07-17,05:13:07,653.2902037033333,2.2628329400000005,2.1052036133333334,5
2024-07-17 05:20:44,2024-07-17,05:20:44,611.09778564,2.2616559533333334,-0.6430567166666666,5
2024-07-17 05:28:23,2024-07-17,05:28:23,594.6835504633333,2.2485678266666667,-1.7530367266666669,5
2024-07-17 05:36:01,2024-07-17,05:36:01,623.4858876633333,2.1277145433333335,0.32695926666666675,5
2024-07-17 05:43:40,2024-07-17,05:43:40,661.8343505366666,2.2714485033333336,3.6162911799999997,5
2024-07-17 05:51:21,2024-07-17,05:51:21,772.90825941,2.5820795733333335,11.745261086666666,5
2024-07-17 05:58:58,2024-07-17,05:58:58,904.16748745,2.7315572400000003,22.412937683333336,5
2024-07-17 06:06:39,2024-07-17,06:06:39,833.5553059233333,2.82915321,21.653160143333334,5
2024-07-17 06:14:17,2024-07-17,06:14:17,742.3570136833332,2.9633770900000003,14.991910496666668,5
2024-07-17 06:21:56,2024-07-17,06:21:56,696.1202446699999,2.89784232,9.350962116666667,5
2024-07-17 06:29:36,2024-07-17,06:29:36,697.8327175933333,2.8571655600000003,8.38709433,5
2024-07-17 06:37:12,2024-07-17,06:37:12,812.5684036733334,2.96224718,19.433310093333333,5
2024-07-17 06:44:51,2024-07-17,06:44:51,766.8235151766667,2.8447836300000002,13.054277820000001,5
2024-07-17 06:52:29,2024-07-17,06:52:29,742.8306764100001,3.01850728,12.04492335,5
2024-07-17 07:00:12,2024-07-17,07:00:12,726.0703030866666,3.1144554633333335,12.474947440000001,5
2024-07-17 07:07:50,2024-07-17,07:07:50,688.6509478566667,3.0095621599999998,7.671103966666666,5
2024-07-17 07:15:32,2024-07-17,07:15:32,665.33216758,3.0243922266666665,5.205625833333333,5
2024-07-17 07:23:11,2024-07-17,07:23:11,606.6708609433333,3.1055103433333335,0.29029400666666666,5
2024-07-17 07:30:50,2024-07-17,07:30:50,554.03235803,3.1196813,-3.5304663133333336,5
2024-07-17 07:38:26,2024-07-17,07:38:26,533.02905976,3.374523063333333,-4.774602036666667,5
2024-07-17 07:46:02,2024-07-17,07:46:02,570.6141969433334,3.4819115900000006,-2.275833656666667,5
2024-07-17 07:53:42,2024-07-17,07:53:42,590.8942486633333,3.5539904266666666,-1.0894470166666668,5
2024-07-17 08:01:22,2024-07-17,08:01:22,588.4530638533333,3.510441816666667,-0.8977371533333334,5
2024-07-17 08:09:02,2024-07-17,08:09:02,576.7390203266667,3.43718599,-1.43675933,5
2024-07-17 08:16:41,2024-07-17,08:16:41,551.3798467766666,3.30658723,-3.191065683333333,5
2024-07-17 08:24:19,2024-07-17,08:24:19,557.7378579566666,3.1628532733333334,-2.91514647,5
2024-07-17 08:31:55,2024-07-17,08:31:55,556.6994435233333,3.19627978,-3.3845090433333334,5
2024-07-17 08:39:33,2024-07-17,08:39:33,534.5265626833333,3.0579599666666666,-4.083804296666666,5
2024-07-17 08:47:10,2024-07-17,08:47:10,535.2461656666666,2.8377687733333334,-4.86507555,5
2024-07-17 08:54:50,2024-07-17,08:54:50,561.2538927966666,2.776800716666667,-3.4045031900000002,5
2024-07-17 09:02:31,2024-07-17,09:02:31,566.9378454900001,2.741208556666667,-3.93634747,5
2024-07-17 09:10:09,2024-07-17,09:10:09,581.22059841,2.8644158133333337,-3.1800689033333334,5
2024-07-17 09:17:50,2024-07-17,09:17:50,603.26413289,3.032866553333333,-2.14587171,5
2024-07-17 09:25:30,2024-07-17,09:25:30,603.13660831,3.082158873333334,-2.3588093633333336,5
2024-07-17 09:33:10,2024-07-17,09:33:10,621.7734147333334,3.116809443333333,-1.6086789933333332,5
2024-07-17 09:40:50,2024-07-17,09:40:50,609.0027389733333,3.300419806666667,-2.1648661466666668,5
2024-07-17 09:48:28,2024-07-17,09:48:28,617.1278764766668,3.37734784,-2.2703352666666667,5
2024-07-17 09:56:08,2024-07-17,09:56:08,615.2514433766667,3.417177166666667,-3.0321122233333333,5
2024-07-17 10:03:49,2024-07-17,10:03:49,609.02095677,3.258707296666666,-3.113588366666667,5
2024-07-17 10:11:29,2024-07-17,10:11:29,613.8668907966667,2.9695915999999998,-2.7117060333333334,5
2024-07-17 10:19:08,2024-07-17,10:19:08,627.4938030233334,3.5300269199999996,12.836741513333331,5
2024-07-17 10:26:46,2024-07-17,10:26:46,642.3777432433334,3.9241300866666666,16.78413575,5
2024-07-17 10:34:22,2024-07-17,10:34:22,652.1971358766667,4.161128693333334,12.764712600000001,5
2024-07-17 10:41:58,2024-07-17,10:41:58,642.5781390166667,4.240410703333334,12.233468143333333,5
2024-07-17 10:49:35,2024-07-17,10:49:35,700.4196447766667,4.706686866666666,23.88235745,5
2024-07-17 10:57:13,2024-07-17,10:57:13,731.91821595,4.81303964,29.819269173333335,5
2024-07-17 11:04:54,2024-07-17,11:04:54,701.0754854766668,4.6182714166666665,28.52864705666667,5
2024-07-17 11:12:33,2024-07-17,11:12:33,671.9452279233333,4.287443206666667,21.40623244,5
2024-07-17 11:20:11,2024-07-17,11:20:11,677.0462111100001,4.2396103499999995,18.598054646666668,5
2024-07-17 11:27:51,2024-07-17,11:27:51,649.4826841133333,4.01334589,13.097265233333331,5
2024-07-17 11:35:27,2024-07-17,11:35:27,637.0034931033334,3.8784628933333334,11.057962323333333,5
2024-07-17 11:43:04,2024-07-17,11:43:04,632.32151925,3.562841386666667,7.556787436666667,5
2024-07-17 11:50:47,2024-07-17,11:50:47,648.5171408633332,3.549659103333333,7.188745196666667,5
2024-07-17 11:58:28,2024-07-17,11:58:28,638.6795304333333,3.35272522,6.977806956666666,5
2024-07-17 12:06:06,2024-07-17,12:06:06,635.1270600033333,3.4557353433333335,5.930013743333333,5
2024-07-17 12:13:48,2024-07-17,12:13:48,643.8898204066667,3.150235943333333,3.86616802,5
2024-07-17 12:21:28,2024-07-17,12:21:28,632.5036972233333,3.2107802866666666,3.1877166666666668,5
2024-07-17 12:29:08,2024-07-17,12:29:08,640.08230081,3.226269466666667,7.0547344333333335,5
2024-07-17 12:36:47,2024-07-17,12:36:47,635.2545845833333,3.2060723266666664,5.7964528500000005,5
2024-07-17 12:44:25,2024-07-17,12:44:25,626.2185572266667,3.1826737766666664,3.786941216666667,5
2024-07-17 12:52:04,2024-07-17,12:52:04,634.7444862666666,3.125377926666667,2.5636593833333334,5
2024-07-17 12:59:41,2024-07-17,12:59:41,635.1634955966667,3.10273265,2.5740838299999997,5
2024-07-17 13:07:20,2024-07-17,13:07:20,635.9468608733333,3.0914335533333333,2.73175017,5
2024-07-17 13:14:55,2024-07-17,13:14:55,623.8138080099999,3.0671875666666666,0.3082297566666667,5
2024-07-17 13:22:36,2024-07-17,13:22:36,651.6870375633333,2.9125311466666672,3.3681688299999997,5
2024-07-17 13:30:14,2024-07-17,13:30:14,658.8648496133333,3.0848424100000003,4.818839086666666,5
2024-07-17 13:37:51,2024-07-17,13:37:51,661.4517768,3.0105037533333334,5.578366703333334,5
2024-07-17 13:45:29,2024-07-17,13:45:29,668.3016685066667,3.090774436666667,5.796752756666667,5
2024-07-17 13:53:11,2024-07-17,13:53:11,685.7543181199999,3.1415733066666665,8.62477474,5
2024-07-17 14:00:50,2024-07-17,14:00:50,694.8267810733333,3.3154381933333332,9.973429866666667,5
2024-07-17 14:08:31,2024-07-17,14:08:31,656.4783181966667,3.1661488466666667,6.852293706666667,5
2024-07-17 14:16:15,2024-07-17,14:16:15,651.9967401099999,3.321793936666667,8.76983227,5
2024-07-17 14:23:52,2024-07-17,14:23:52,631.97538111,3.226693186666667,6.389979066666666,5
2024-07-17 14:31:31,2024-07-17,14:31:31,620.62569352,3.0610672233333336,5.0813622233333335,5
2024-07-17 14:39:06,2024-07-17,14:39:06,631.6110251633332,3.121187846666667,4.0218224466666666,5
2024-07-17 14:46:47,2024-07-17,14:46:47,639.48111351,2.8712423566666665,1.5621076266666665,5
2024-07-17 14:54:26,2024-07-17,14:54:26,645.6387289233334,2.9293856333333337,1.4006049133333331,5
2024-07-17 15:02:03,2024-07-17,15:02:03,657.7353461933333,3.1335697766666666,4.463343173333333,5
2024-07-17 15:09:42,2024-07-17,15:09:42,654.1646579633333,3.1785307733333332,2.87225903,5
2024-07-17 15:17:20,2024-07-17,15:17:20,654.87515205,3.0204375433333333,1.4615820633333332,5
2024-07-17 15:24:59,2024-07-17,15:24:59,651.12228585,2.9585278966666664,1.0602995533333333,5
2024-07-17 15:32:35,2024-07-17,15:32:35,658.9559386,3.052404576666667,2.6346785866666664,5
2024-07-17 15:40:15,2024-07-17,15:40:15,650.1385248066666,3.0557001533333334,2.20481445,5
2024-07-17 15:47:53,2024-07-17,15:47:53,650.2113959966667,3.01855436,2.3328719566666662,5
2024-07-17 15:55:30,2024-07-17,15:55:30,663.5832590599999,3.0225090466666664,1.4435073533333334,5
2024-07-17 16:03:05,2024-07-17,16:03:05,653.2355503133334,2.8860253399999998,-0.4566962833333334,5
2024-07-17 16:10:42,2024-07-17,16:10:42,644.1448695666667,2.8093327066666665,-1.1669600233333333,5
2024-07-17 16:18:21,2024-07-17,16:18:21,650.5028807499999,2.931410056666666,2.20460451,5
2024-07-17 16:26:00,2024-07-17,16:26:00,675.9531432866667,3.0287706300000004,3.492397456666667,5
2024-07-17 16:33:37,2024-07-17,16:33:37,701.98637533,3.2920867233333335,6.360137806666667,5
2024-07-17 16:41:13,2024-07-17,16:41:13,701.73132617,3.15871027,7.511400726666667,5
2024-07-17 16:48:51,2024-07-17,16:48:51,701.6220193866666,3.307952536666667,7.38153875,5
2024-07-17 16:56:29,2024-07-17,16:56:29,718.6556596666666,3.35413761,10.740505273333333,5
2024-07-17 17:04:08,2024-07-17,17:04:08,740.6263229599999,3.411810093333333,14.56508547,5
2024-07-17 17:11:45,2024-07-17,17:11:45,646.9686281133332,3.16756123,7.065831186666667,5
2024-07-17 17:19:21,2024-07-17,17:19:21,595.21186658,3.0120573800000003,2.409557,5
2024-07-17 17:27:01,2024-07-17,17:27:01,604.5940320766667,2.8457723033333338,0.8866888833333334,5
2024-07-17 17:34:40,2024-07-17,17:34:40,641.28467542,3.0073965,4.233460480000001,5
2024-07-17 17:42:19,2024-07-17,17:42:19,665.27751419,2.865875283333333,3.6035949000000005,5
2024-07-17 17:49:59,2024-07-17,17:49:59,653.0351545433333,2.845583983333333,4.403360733333334,5
2024-07-17 17:57:35,2024-07-17,17:57:35,738.3490983233334,3.13404057,11.7537586,5
2024-07-17 18:05:13,2024-07-17,18:05:13,806.64761962,3.2761267433333336,17.25569768,5
2024-07-17 18:12:52,2024-07-17,18:12:52,887.33424294,3.7147201133333336,28.145759163333334,5
2024-07-17 18:20:32,2024-07-17,18:20:32,973.1582850350001,4.066498733333334,40.955508576666666,5
2024-07-17 18:28:11,2024-07-17,18:28:11,890.4312684433334,3.752713333333334,30.163168483333333,5
2024-07-17 18:35:52,2024-07-17,18:35:52,895.47759824,3.8822763399999993,31.70771625333333,5
2024-07-17 18:43:28,2024-07-17,18:43:28,872.0859467766668,3.5821910933333334,23.962983843333333,5
2024-07-17 18:51:06,2024-07-17,18:51:06,741.3914704366667,3.2167123133333333,9.724202836666667,5
2024-07-17 18:58:46,2024-07-17,18:58:46,697.59588623,3.1397371999999995,6.70143788,5
2024-07-17 19:06:20,2024-07-17,19:06:20,682.4386790466666,3.046237156666667,4.601102833333333,5
2024-07-17 19:13:59,2024-07-17,19:13:59,679.06838659,3.0186485200000006,2.9510359633333336,5
2024-07-17 19:21:34,2024-07-17,19:21:34,666.68028457,3.19604438,1.7759950033333334,5
2024-07-17 19:29:13,2024-07-17,19:29:13,674.80542207,3.15899275,1.70678027,5
2024-07-17 19:36:49,2024-07-17,19:36:49,693.5697530733332,3.047414143333333,1.67586932,5
2024-07-17 19:44:25,2024-07-17,19:44:25,698.5067760866667,3.1185984666666666,2.881056453333333,5
2024-07-17 19:52:02,2024-07-17,19:52:02,669.8866168533333,3.0468021100000002,1.4130062833333332,5
2024-07-17 19:59:43,2024-07-17,19:59:43,670.0870126233333,2.8765623466666668,0.9172064466666668,5
2024-07-17 20:07:20,2024-07-17,20:07:20,666.77137355,2.8339082466666667,0.8002581900000001,5
2024-07-17 20:14:58,2024-07-17,20:14:58,665.96979048,2.9894121000000005,0.9649424733333333,5
2024-07-17 20:22:33,2024-07-17,20:22:33,653.2173325166667,3.0094680033333336,0.8663563366666667,5
2024-07-17 20:30:13,2024-07-17,20:30:13,647.3512018533332,2.759710833333333,0.8552545866666668,5
2024-07-17 20:37:51,2024-07-17,20:37:51,660.4497979633334,2.8144643833333327,2.5833436199999995,5
2024-07-17 20:45:31,2024-07-17,20:45:31,669.1214693733333,2.7338641433333333,4.327682889999999,5
2024-07-17 20:53:11,2024-07-17,20:53:11,686.1368918600001,2.7997284733333334,5.04867179,5
2024-07-17 21:00:52,2024-07-17,21:00:52,673.23869152,2.6896093333333333,1.86044028,5
2024-07-17 21:08:34,2024-07-17,21:08:34,677.2648246766668,2.6854192500000003,1.8624896800000001,5
2024-07-17 21:16:11,2024-07-17,21:16:11,677.3559136633334,2.6300536633333333,1.6575546799999998,5
2024-07-17 21:23:51,2024-07-17,21:23:51,687.3028308733334,2.60270043,1.9680737633333332,5
2024-07-17 21:31:30,2024-07-17,21:31:30,688.01332496,2.55755111,3.69976674,5
2024-07-17 21:39:07,2024-07-17,21:39:07,709.4738899333333,2.5333992833333334,7.35544639,5
2024-07-17 21:46:47,2024-07-17,21:46:47,697.4865794466665,2.5964388466666666,6.48979984,5
2024-07-17 21:54:21,2024-07-17,21:54:21,710.1115128333334,2.533163886666667,6.5408349,5
2024-07-17 22:01:59,2024-07-17,22:01:59,688.2501563233333,2.4412174700000002,4.10674758,5
2024-07-17 22:09:40,2024-07-17,22:09:40,703.5166702833334,2.3907952399999997,3.803436383333333,5
2024-07-17 22:17:21,2024-07-17,22:17:21,693.8976734233333,2.4985133200000003,3.8198315866666666,5
2024-07-17 22:24:58,2024-07-17,22:24:58,663.2553387133333,2.4784574200000002,2.3752545433333334,5
2024-07-17 22:32:39,2024-07-17,22:32:39,657.0248521066667,2.5179571833333334,2.06269606,5
2024-07-17 22:40:16,2024-07-17,22:40:16,666.3705820166666,2.42469254,1.5946930866666669,5
2024-07-17 22:47:51,2024-07-17,22:47:51,662.7088048,2.5397079500000004,2.226783016666667,5
2024-07-17 22:55:29,2024-07-17,22:55:29,664.82206926,2.33655956,0.012096456666666588,5
2024-07-17 23:03:10,2024-07-17,23:03:10,671.0343380733333,2.34701123,2.1721140233333336,5
2024-07-17 23:10:49,2024-07-17,23:10:49,685.4992689633333,2.6464373566666666,3.4908978966666666,5
2024-07-17 23:18:29,2024-07-17,23:18:29,661.3242522233332,2.4874967,0.6946816033333333,5
2024-07-17 23:26:09,2024-07-17,23:26:09,733.06593717,2.4188075899999997,3.5577083333333337,5
2024-07-17 23:33:48,2024-07-17,23:33:48,826.0860091166668,2.55463218,12.837291353333333,5
2024-07-17 23:41:26,2024-07-17,23:41:26,837.27173653,3.03870442,20.63645782,5
2024-07-17 23:49:01,2024-07-17,23:49:01,818.99928605,3.28088178,20.68144465,5
2024-07-17 23:56:37,2024-07-17,23:56:37,803.33198055,3.00862057,15.029749416666668,5
2024-07-18 00:04:15,2024-07-18,00:04:15,809.9450408966667,2.736547676666666,12.186881786666667,5
2024-07-18 00:11:51,2024-07-18,00:11:51,773.5641001033333,2.8608377666666667,10.312780506666668,5
2024-07-18 00:19:26,2024-07-18,00:19:26,752.0488817366667,2.8372038200000005,9.395549063333332,5
2024-07-18 00:27:03,2024-07-18,00:27:03,698.21529133,2.806366693333333,6.930270873333332,5
2024-07-18 00:34:41,2024-07-18,00:34:41,719.1657579866666,2.6193665999999998,8.34925541,5
2024-07-18 00:42:17,2024-07-18,00:42:17,717.27110709,2.5231830166666667,6.2773620433333335,5
2024-07-18 00:49:58,2024-07-18,00:49:58,684.58837911,2.614658643333333,3.3492693633333332,5
2024-07-18 00:57:35,2024-07-18,00:57:35,705.4477567766667,2.4816588266666666,3.49682616,5
2024-07-18 01:05:14,2024-07-18,01:05:14,701.2940990433334,2.530292036666667,4.840432763333333,5
2024-07-18 01:12:55,2024-07-18,01:12:55,706.0853796766665,2.6113159933333336,4.91466103,5
2024-07-18 01:20:31,2024-07-18,01:20:31,671.7630499533333,2.6862196033333334,1.5432331533333332,5
2024-07-18 01:28:10,2024-07-18,01:28:10,663.9840505933333,2.529915396666667,0.6772017199999999,5
2024-07-18 01:35:49,2024-07-18,01:35:49,672.60106862,2.63330216,1.70616545,5
2024-07-18 01:43:29,2024-07-18,01:43:29,672.3460194633334,2.59601513,1.1289194599999999,5
2024-07-18 01:51:09,2024-07-18,01:51:09,664.1844463633333,2.5343408766666666,-0.7953071433333334,5
2024-07-18 01:58:46,2024-07-18,01:58:46,668.3745396966666,2.5227122266666666,-0.15683907666666666,5
2024-07-18 02:06:26,2024-07-18,02:06:26,656.6422783666667,2.4483735666666666,0.3122423266666666,5
2024-07-18 02:14:04,2024-07-18,02:14:04,671.52621859,2.3864639166666666,0.8024000633333334,5
2024-07-18 02:21:40,2024-07-18,02:21:40,668.7024600466666,2.4120281266666663,0.08978921333333333,5
2024-07-18 02:29:19,2024-07-18,02:29:19,643.2157619133333,2.531610263333333,-0.18608051666666667,5
2024-07-18 02:37:01,2024-07-18,02:37:01,639.6450736799999,2.5251603599999997,0.4010425800000001,5
2024-07-18 02:44:42,2024-07-18,02:44:42,657.1523766900001,2.55792775,1.0642983833333333,5
2024-07-18 02:52:19,2024-07-18,02:52:19,642.3959610433334,2.5484176733333337,0.5671389466666666,5
2024-07-18 02:59:58,2024-07-18,02:59:58,645.8209069000001,2.7109363833333333,1.01752208,5
2024-07-18 03:07:38,2024-07-18,03:07:38,620.7350003,2.5574569533333333,-0.5024328933333333,5
2024-07-18 03:15:17,2024-07-18,03:15:17,630.9734022633332,2.6100448466666664,0.4926007733333333,5
2024-07-18 03:23:00,2024-07-18,03:23:00,651.4866417899999,2.4672995533333335,1.3119308766666666,5
2024-07-18 03:30:36,2024-07-18,03:30:36,640.0640830133333,2.41424087,-0.7223385033333334,5
2024-07-18 03:38:17,2024-07-18,03:38:17,648.2074383166668,2.4408408333333336,-0.03522968333333333,5
2024-07-18 03:45:55,2024-07-18,03:45:55,655.4763393566666,2.47713919,0.53692779,5
2024-07-18 03:53:36,2024-07-18,03:53:36,657.5167326266668,2.493617046666667,0.013959476666666665,5
2024-07-18 04:01:15,2024-07-18,04:01:15,653.7456486300001,2.3679145666666668,-0.48730731999999993,5
2024-07-18 04:08:56,2024-07-18,04:08:56,649.6102086933333,2.2799699066666665,-0.09081841000000002,5
2024-07-18 04:16:37,2024-07-18,04:16:37,657.8628707733333,2.4277997866666667,0.95079162,5
2024-07-18 04:24:15,2024-07-18,04:24:15,627.1476648766667,2.499549066666667,0.10476932666666657,5
2024-07-18 04:31:54,2024-07-18,04:31:54,617.98411294,2.4433831299999995,-1.1303190533333334,5
2024-07-18 04:39:34,2024-07-18,04:39:34,618.5853002433333,2.4173951999999996,-1.0782342999999999,5
2024-07-18 04:47:16,2024-07-18,04:47:16,624.7793512566667,2.467911593333333,-0.07658757333333333,5
2024-07-18 04:54:49,2024-07-18,04:54:49,626.67400215,2.4122164466666667,0.3814783066666667,5
2024-07-18 05:02:25,2024-07-18,05:02:25,639.2989355366667,2.306522793333333,2.214976473333333,5
2024-07-18 05:10:04,2024-07-18,05:10:04,676.6818551666667,2.283171316666667,1.7272292799999998,5
2024-07-18 05:17:42,2024-07-18,05:17:42,626.0545970533334,2.1489003566666667,-2.0896381733333333,5
2024-07-18 05:25:23,2024-07-18,05:25:23,609.8225398433333,2.2340202366666664,-2.7426969633333336,5
2024-07-18 05:33:03,2024-07-18,05:33:03,599.0011683700001,2.1419325766666666,-3.2005629033333336,5
2024-07-18 05:40:40,2024-07-18,05:40:40,591.8233563133334,2.1896712766666666,-3.7114133299999996,5
2024-07-18 05:48:18,2024-07-18,05:48:18,618.7128248233333,2.2635862133333333,-1.03019837,5
2024-07-18 05:55:58,2024-07-18,05:55:58,702.67865162,2.453364,6.65295207,5
2024-07-18 06:03:34,2024-07-18,06:03:34,712.06081712,2.42172652,5.03562561,5
2024-07-18 06:11:13,2024-07-18,06:11:13,894.11126346,2.95156012,26.358382489999997,5
2024-07-18 06:18:53,2024-07-18,06:18:53,868.66100092,2.995814923333333,22.770333043333334,5
2024-07-18 06:26:31,2024-07-18,06:26:31,921.03716756,3.15183665,27.534438153333337,5
2024-07-18 06:34:06,2024-07-18,06:34:06,921.9116218166665,3.11864555,27.654902879999998,5
2024-07-18 06:41:46,2024-07-18,06:41:46,849.5323139766666,3.09181019,20.615463970000004,5
2024-07-18 06:49:26,2024-07-18,06:49:26,858.4772523466667,3.0376686733333336,22.080535006666665,5
2024-07-18 06:57:02,2024-07-18,06:57:02,773.9648916366667,2.930421386666667,14.1766492,5
2024-07-18 07:04:43,2024-07-18,07:04:43,700.5289515633334,2.909470976666667,4.5905559233333335,5
2024-07-18 07:12:21,2024-07-18,07:12:21,682.9305595700001,2.9165799900000002,1.8865876233333332,5
2024-07-18 07:20:02,2024-07-18,07:20:02,641.0114084633333,3.0152587899999994,-0.027326999999999952,5
2024-07-18 07:27:42,2024-07-18,07:27:42,619.5690612866666,3.0166711766666663,-1.4292765166666666,5
2024-07-18 07:35:19,2024-07-18,07:35:19,582.2407950466667,3.0250513433333333,-4.662134966666667,5
2024-07-18 07:42:52,2024-07-18,07:42:52,587.8154409566667,3.2444892666666667,-4.126791713333334,5
2024-07-18 07:50:28,2024-07-18,07:50:28,600.2217607766667,3.492692813333333,-2.3025758266666667,5
2024-07-18 07:58:05,2024-07-18,07:58:05,648.80862562,3.5902417033333336,1.05755036,5
2024-07-18 08:05:45,2024-07-18,08:05:45,660.4315801600001,3.5623705933333336,3.0479575833333334,5
2024-07-18 08:13:23,2024-07-18,08:13:23,631.1737980366667,3.6226324566666666,1.13213852,5
2024-07-18 08:21:03,2024-07-18,08:21:03,592.6978105766666,3.5835093233333333,-2.2332461233333336,5
2024-07-18 08:28:40,2024-07-18,08:28:40,608.71125422,3.609214773333333,-1.34365659,5
2024-07-18 08:36:23,2024-07-18,08:36:23,634.07042777,3.6069078766666665,-0.6171193133333334,5
2024-07-18 08:44:03,2024-07-18,08:44:03,615.65223491,3.4843126499999997,-2.6337288666666665,5
2024-07-18 08:51:44,2024-07-18,08:51:44,602.9362125433335,3.5396311533333336,-2.6197329633333335,5
2024-07-18 08:59:24,2024-07-18,08:59:24,590.4388037366666,3.549659103333333,-3.6824218166666665,5
2024-07-18 09:07:05,2024-07-18,09:07:05,573.2594210766666,3.2794693966666664,-4.361223073333334,5
2024-07-18 09:14:43,2024-07-18,09:14:43,571.7473439233333,3.167419993333333,-4.799594720000001,5
2024-07-18 09:22:23,2024-07-18,09:22:23,565.6990352866666,3.2153470066666667,-4.77360233,5
2024-07-18 09:30:00,2024-07-18,09:30:00,577.9778305266667,3.01304605,-4.164280733333334,5
2024-07-18 09:37:40,2024-07-18,09:37:40,593.44474026,3.132581103333333,-4.014824493333333,5
2024-07-18 09:45:18,2024-07-18,09:45:18,582.0403992799999,3.078674983333333,-4.735113599999999,5
2024-07-18 09:52:55,2024-07-18,09:52:55,604.4482897,3.2901093833333337,-2.59863914,5
2024-07-18 10:00:34,2024-07-18,10:00:34,634.1797345566666,4.36517159,34.85029613333333,5
2024-07-18 10:08:10,2024-07-18,10:08:10,650.92189008,4.1266664366666665,23.87101077,5
2024-07-18 10:15:48,2024-07-18,10:15:48,652.6707986033333,4.071395013333333,14.878543686666667,5
2024-07-18 10:23:24,2024-07-18,10:23:24,661.8525683366666,4.00195263,17.6938194,5
2024-07-18 10:31:01,2024-07-18,10:31:01,671.3804762166667,3.88750217,15.326412556666668,5
2024-07-18 10:38:39,2024-07-18,10:38:39,671.41691181,3.9782716033333334,11.829286486666666,5
2024-07-18 10:46:16,2024-07-18,10:46:16,661.83435054,3.8670225533333333,11.945302516666667,5
2024-07-18 10:53:57,2024-07-18,10:53:57,660.7959361066667,3.7220645266666668,12.204776546666666,5
2024-07-18 11:01:38,2024-07-18,11:01:38,651.35911721,3.6714539766666667,12.117102216666666,5
2024-07-18 11:09:14,2024-07-18,11:09:14,649.6466442866666,3.57922508,9.29237927,5
2024-07-18 11:16:52,2024-07-18,11:16:52,660.5955403366667,3.7900474433333335,12.860634516666666,5
2024-07-18 11:24:32,2024-07-18,11:24:32,650.8490188933333,3.8576066366666666,11.803943906666666,5
2024-07-18 11:32:09,2024-07-18,11:32:09,646.6042721700001,3.8847244733333333,11.562714536666666,5
2024-07-18 11:39:48,2024-07-18,11:39:48,646.2216984333334,3.8916922533333334,9.094987063333333,5
2024-07-18 11:47:25,2024-07-18,11:47:25,646.8957569233334,4.122711753333333,8.463721896666668,5
2024-07-18 11:55:02,2024-07-18,11:55:02,645.7480357066667,3.8754497966666666,7.931727656666667,5
2024-07-18 12:02:40,2024-07-18,12:02:40,637.0217109033333,3.8453659466666665,7.233981953333334,5
2024-07-18 12:10:16,2024-07-18,12:10:16,648.9543679966667,3.7380715866666665,7.35284715,5
2024-07-18 12:17:53,2024-07-18,12:17:53,639.0621041733334,3.5382187666666667,6.617762376666668,5
2024-07-18 12:25:31,2024-07-18,12:25:31,642.79675258,3.5699503999999997,4.931456113333333,5
2024-07-18 12:33:11,2024-07-18,12:33:11,624.06885717,3.6425471166666665,4.680929466666666,5
2024-07-18 12:40:48,2024-07-18,12:40:48,625.0161826166667,3.683270953333334,4.461493716666667,5
2024-07-18 12:48:30,2024-07-18,12:48:30,629.4977607033334,3.771874726666667,3.6090433033333333,5
2024-07-18 12:56:06,2024-07-18,12:56:06,629.5706318900001,3.7138256,2.598819086666667,5
2024-07-18 13:03:46,2024-07-18,13:03:46,627.0383580933334,3.5490941499999997,1.7933499233333334,5
2024-07-18 13:11:24,2024-07-18,13:11:24,622.6660867933333,3.3957088766666668,2.3278184333333334,5
2024-07-18 13:19:04,2024-07-18,13:19:04,622.7207401833333,3.27768037,2.14166294,5
2024-07-18 13:26:43,2024-07-18,13:26:43,658.4458402800001,3.551918926666667,5.50633779,5
2024-07-18 13:34:20,2024-07-18,13:34:20,669.3765185366666,3.3634122866666663,7.5960259500000005,5
2024-07-18 13:41:56,2024-07-18,13:41:56,686.5923367866667,3.5867107333333332,7.654308883333333,5
2024-07-18 13:49:34,2024-07-18,13:49:34,673.7670076366667,3.62865864,6.291407929999999,5
2024-07-18 13:57:10,2024-07-18,13:57:10,689.54361992,3.7145317966666664,9.20900368,5
2024-07-18 14:04:50,2024-07-18,14:04:50,707.12379411,3.950871286666666,12.994045456666667,5
2024-07-18 14:12:24,2024-07-18,14:12:24,688.3776809033334,4.1572681666666655,10.01651725,5
2024-07-18 14:20:01,2024-07-18,14:20:01,668.0466193466667,4.350718163333333,8.574689406666666,5
2024-07-18 14:27:39,2024-07-18,14:27:39,660.7595005100001,4.268234736666666,8.929835419999998,5
2024-07-18 14:35:16,2024-07-18,14:35:16,647.86130017,3.98048434,3.4794312499999998,5
2024-07-18 14:42:56,2024-07-18,14:42:56,638.1147787266667,3.7820439133333337,3.4924774299999997,5
2024-07-18 14:50:33,2024-07-18,14:50:33,637.8232939733333,3.7162266600000002,5.335937683333333,5
2024-07-18 14:58:09,2024-07-18,14:58:09,642.6145746066667,3.4388808533333335,4.985340336666667,5
2024-07-18 15:05:44,2024-07-18,15:05:44,650.9765434733333,3.553849186666667,4.049614306666666,5
2024-07-18 15:13:20,2024-07-18,15:13:20,640.71992371,3.5273904666666667,0.6895181166666666,5
2024-07-18 15:21:02,2024-07-18,15:21:02,635.6553761166666,3.44928544,1.9857935766666668,5
2024-07-18 15:28:42,2024-07-18,15:28:42,656.8608919333334,3.5313922266666666,0.9337765966666666,5
2024-07-18 15:36:22,2024-07-18,15:36:22,646.8593213300001,3.1622412366666666,-2.7182041333333333,5
2024-07-18 15:44:00,2024-07-18,15:44:00,645.8391246933334,3.2206199200000003,-2.7585923099999996,5
2024-07-18 15:51:41,2024-07-18,15:51:41,655.5492105433333,3.0371507933333333,-1.0317479133333334,5
2024-07-18 15:59:17,2024-07-18,15:59:17,657.95395976,3.0485911333333333,-1.55619436,5
2024-07-18 16:06:56,2024-07-18,16:06:56,672.67393981,3.030183016666667,-1.5881849933333332,5
2024-07-18 16:14:33,2024-07-18,16:14:33,679.0683865866666,3.0484028166666666,0.32969847,5
2024-07-18 16:22:10,2024-07-18,16:22:10,663.0549429433333,3.1441626799999995,0.22920923999999998,5
2024-07-18 16:29:49,2024-07-18,16:29:49,662.7452403933333,3.0688824333333335,-0.13905428333333333,5
2024-07-18 16:37:30,2024-07-18,16:37:30,669.3218651400001,2.9747232733333333,1.5385095366666668,5
2024-07-18 16:45:10,2024-07-18,16:45:10,671.0707736633334,3.020202146666667,2.1957071166666666,5
2024-07-18 16:52:51,2024-07-18,16:52:51,665.7329591133333,3.0023119066666664,0.95446154,5
2024-07-18 17:00:31,2024-07-18,17:00:31,663.3828632933333,3.0252867400000003,1.9835242400000002,5
2024-07-18 17:08:12,2024-07-18,17:08:12,631.1920158300001,2.91446141,1.7364815733333332,5
2024-07-18 17:15:50,2024-07-18,17:15:50,617.0185696966666,2.8934639166666667,-0.10057555000000003,5
2024-07-18 17:23:31,2024-07-18,17:23:31,606.4158117866667,2.77312851,-1.1763555733333333,5
2024-07-18 17:31:07,2024-07-18,17:31:07,650.0292180233333,2.82604596,0.7794717766666667,5
2024-07-18 17:38:47,2024-07-18,17:38:47,670.48780416,2.94148509,1.6141273966666667,5
2024-07-18 17:46:31,2024-07-18,17:46:31,694.9178700566666,3.092045583333334,3.9458946766666667,5
2024-07-18 17:54:10,2024-07-18,17:54:10,746.69284939,3.308423336666667,10.609888516666667,5
2024-07-18 18:01:48,2024-07-18,18:01:48,821.36759967,3.5591221,21.704145213333334,5
2024-07-18 18:09:30,2024-07-18,18:09:30,812.0765231533333,3.5929252399999996,21.00185084,5
2024-07-18 18:17:08,2024-07-18,18:17:08,827.7073930566667,3.6300710266666663,20.052128906666667,5
2024-07-18 18:24:47,2024-07-18,18:24:47,784.1850758066666,3.6732900799999997,16.08678992333333,5
2024-07-18 18:32:28,2024-07-18,18:32:28,760.9756023133333,3.51632676,12.404618033333334,5
2024-07-18 18:40:06,2024-07-18,18:40:06,742.7395874233333,3.516797556666667,11.1123464,5
2024-07-18 18:47:44,2024-07-18,18:47:44,724.7221860999999,3.31793341,8.54724744,5
2024-07-18 18:55:24,2024-07-18,18:55:24,748.87898504,3.411574696666667,10.385609183333335,5
2024-07-18 19:03:04,2024-07-18,19:03:04,726.2706988533333,3.483747693333333,7.031191326666666,5
2024-07-18 19:10:44,2024-07-18,19:10:44,739.8247398899999,3.3941081700000004,8.926686343333333,5
2024-07-18 19:18:22,2024-07-18,19:18:22,737.0191991366668,3.41971946,11.796346130000002,5
2024-07-18 19:25:58,2024-07-18,19:25:58,721.6798139866668,3.317368456666667,9.975329306666668,5
2024-07-18 19:33:39,2024-07-18,19:33:39,711.7328967733333,3.3389779833333333,7.282617713333333,5
2024-07-18 19:41:20,2024-07-18,19:41:20,713.2449739333333,3.1758001566666665,5.874879886666666,5
2024-07-18 19:48:57,2024-07-18,19:48:57,706.8687449466667,3.1200108566666667,5.987596883333334,5
2024-07-18 19:56:35,2024-07-18,19:56:35,697.23153029,3.1461400266666666,7.791368753333333,5
2024-07-18 20:04:16,2024-07-18,20:04:16,695.0636124366666,3.21619444,8.95162904,5
2024-07-18 20:11:57,2024-07-18,20:11:57,675.78918311,3.20941498,7.373391133333333,5
2024-07-18 20:19:33,2024-07-18,20:19:33,663.4739522766666,3.092563463333333,3.2349128466666666,5
2024-07-18 20:27:12,2024-07-18,20:27:12,671.9452279266667,3.000052086666667,2.9724296999999997,5
2024-07-18 20:34:52,2024-07-18,20:34:52,737.9483067900001,3.167231673333333,9.6700187,5
2024-07-18 20:42:28,2024-07-18,20:42:28,739.3146415699999,3.2061664899999998,10.694018883333333,5
2024-07-18 20:50:10,2024-07-18,20:50:10,726.2342632566666,3.0871022299999997,9.14047375,5
2024-07-18 20:57:47,2024-07-18,20:57:47,716.3237816366667,2.98291512,5.520983503333333,5
2024-07-18 21:05:27,2024-07-18,21:05:27,710.4029975866666,3.18714634,4.909362576666666,5
2024-07-18 21:13:06,2024-07-18,21:13:06,720.45922158,3.1181747533333333,7.781271706666668,5
2024-07-18 21:20:47,2024-07-18,21:20:47,743.9055264399999,3.3445804533333336,10.762048963333333,5
2024-07-18 21:28:26,2024-07-18,21:28:26,725.61485816,3.303950776666667,9.99527347,5
2024-07-18 21:36:07,2024-07-18,21:36:07,730.2421786199999,3.1032976033333335,8.52610363,5
2024-07-18 21:43:44,2024-07-18,21:43:44,724.0663454066666,3.09148063,8.511557886666667,5
2024-07-18 21:51:24,2024-07-18,21:51:24,731.42633543,2.980890696666666,8.349055466666668,5
2024-07-18 21:59:03,2024-07-18,21:59:03,715.5586341633333,3.1474582533333333,6.728230033333333,5
2024-07-18 22:06:41,2024-07-18,22:06:41,726.1249564766667,3.0184602033333334,9.070244313333333,5
2024-07-18 22:14:19,2024-07-18,22:14:19,706.7958737633334,2.9118249533333334,7.618519366666668,5
2024-07-18 22:21:56,2024-07-18,22:21:56,694.6810386966667,3.0302771766666665,4.582958146666667,5
2024-07-18 22:29:33,2024-07-18,22:29:33,696.92182774,2.83800417,4.04506564,5
2024-07-18 22:37:14,2024-07-18,22:37:14,730.3879209966667,2.9443098633333338,8.91174072,5
2024-07-18 22:44:47,2024-07-18,22:44:47,733.8310846466667,3.153861076666667,9.059797366666666,5
2024-07-18 22:52:24,2024-07-18,22:52:24,714.0283392066667,2.9422383599999997,5.261959343333333,5
2024-07-18 23:00:04,2024-07-18,23:00:04,680.12501882,2.9026915166666662,2.0162096733333335,5
2024-07-18 23:07:40,2024-07-18,23:07:40,682.18362989,2.8665343966666668,1.3915425666666668,5
2024-07-18 23:15:18,2024-07-18,23:15:18,680.9812552833333,3.1156795366666667,3.2363524233333334,5
2024-07-18 23:22:56,2024-07-18,23:22:56,666.4981065933333,2.83922824,2.11693018,5
2024-07-18 23:30:34,2024-07-18,23:30:34,696.4117294233333,2.8677584666666665,2.1137661066666666,5
2024-07-18 23:38:13,2024-07-18,23:38:13,779.1387460133333,2.7734580666666666,5.149592246666667,5
2024-07-18 23:45:51,2024-07-18,23:45:51,796.7007024066667,2.9339523533333334,11.133340253333332,5
2024-07-18 23:53:30,2024-07-18,23:53:30,772.7442992333334,2.67911059,7.309559826666667,5
2024-07-19 00:01:11,2024-07-19,00:01:11,736.2358338633334,2.5404141433333334,3.043948756666667,5
2024-07-19 00:08:52,2024-07-19,00:08:52,689.8351046733333,2.6039244999999998,-0.04520176666666668,5
2024-07-19 00:16:30,2024-07-19,00:16:30,698.2699447233332,2.7700683366666667,1.9086111766666665,5
2024-07-19 00:24:11,2024-07-19,00:24:11,707.2513186866667,2.969685756666667,3.679257743333333,5
2024-07-19 00:31:48,2024-07-19,00:31:48,687.3939198600001,2.9035389466666666,3.3479697433333335,5
2024-07-19 00:39:28,2024-07-19,00:39:28,675.6434407366668,2.9117307933333336,5.823794843333334,5
2024-07-19 00:47:04,2024-07-19,00:47:04,654.5290139066666,2.97622982,3.8498727900000005,5
2024-07-19 00:54:42,2024-07-19,00:54:42,643.7987314166667,2.950806846666667,3.4851795699999997,5
2024-07-19 01:02:22,2024-07-19,01:02:22,661.7432615533334,2.9973214699999997,4.64474006,5
2024-07-19 01:10:01,2024-07-19,01:10:01,666.71672016,2.9047630166666667,5.020630003333333,5
2024-07-19 01:17:41,2024-07-19,01:17:41,660.2311843966667,2.8419117766666666,4.093001603333334,5
2024-07-19 01:25:19,2024-07-19,01:25:19,665.0589006233333,2.68320651,3.311080543333334,5
2024-07-19 01:32:59,2024-07-19,01:32:59,658.6826716433334,2.6377276366666664,2.3905500699999997,5
2024-07-19 01:40:40,2024-07-19,01:40:40,621.1540096333333,2.7689384266666663,-0.27736379000000005,5
2024-07-19 01:48:20,2024-07-19,01:48:20,634.7991396533333,2.7616881733333334,1.4993610000000002,5
2024-07-19 01:56:01,2024-07-19,01:56:01,654.82049866,2.7809908,1.6799181333333333,5
2024-07-19 02:03:37,2024-07-19,02:03:37,631.6838963566667,2.77552957,1.58707532,5
2024-07-19 02:11:17,2024-07-19,02:11:17,679.23234676,2.6768036866666662,2.3756244399999997,5
2024-07-19 02:18:56,2024-07-19,02:18:56,673.0200779533334,2.6115513900000003,1.95476766,5
2024-07-19 02:26:36,2024-07-19,02:26:36,661.1967276433334,2.7555678266666668,2.8939026900000004,5
2024-07-19 02:34:15,2024-07-19,02:34:15,641.0660618566667,2.583444883333333,0.6867139366666666,5
2024-07-19 02:41:54,2024-07-19,02:41:54,631.6474607566666,2.4894740399999997,0.08911991000000001,5
2024-07-19 02:49:30,2024-07-19,02:49:30,646.4585297933334,2.61578855,1.5321014133333335,5
2024-07-19 02:57:09,2024-07-19,02:57:09,664.2390997533333,2.4029888500000003,2.4227406433333334,5
2024-07-19 03:04:48,2024-07-19,03:04:48,699.1079633899999,2.54757024,6.850694176666667,5
2024-07-19 03:12:29,2024-07-19,03:12:29,676.0988856633334,2.652604783333333,5.215922823333333,5
2024-07-19 03:20:09,2024-07-19,03:20:09,651.2315926333334,2.644554176666667,2.0925873100000003,5
2024-07-19 03:27:48,2024-07-19,03:27:48,642.3959610466667,2.4735140633333335,1.0347370366666666,5
2024-07-19 03:35:31,2024-07-19,03:35:31,655.7313885133334,2.475161846666667,1.9114403466666667,5
2024-07-19 03:43:12,2024-07-19,03:43:12,640.3555677666667,2.4661225666666664,1.0064753133333333,5
2024-07-19 03:50:50,2024-07-19,03:50:50,632.2486480633333,2.5671082666666667,0.7266722366666668,5
2024-07-19 03:58:29,2024-07-19,03:58:29,647.8613001699999,2.47374946,1.426712273333333,5
2024-07-19 04:06:08,2024-07-19,04:06:08,640.0640830133334,2.51065985,0.5718325700000001,5
2024-07-19 04:13:45,2024-07-19,04:13:45,640.7381415033334,2.6065138766666665,1.56872569,5
2024-07-19 04:21:21,2024-07-19,04:21:21,639.2989355400001,2.5364123766666666,0.7262373633333334,5
2024-07-19 04:29:01,2024-07-19,04:29:01,634.1250811633332,2.3939966533333332,-0.9632679633333333,5
2024-07-19 04:36:38,2024-07-19,04:36:38,646.5860543766668,2.25266375,-1.3975408133333334,5
2024-07-19 04:44:19,2024-07-19,04:44:19,646.8593213266666,2.3198933933333334,-0.7869195966666668,5
2024-07-19 04:51:58,2024-07-19,04:51:58,637.8597295666667,2.4980425233333334,4.177626826666667,5
2024-07-19 04:59:38,2024-07-19,04:59:38,664.2937531466667,2.6211556266666665,6.83674826,5
2024-07-19 05:07:14,2024-07-19,05:07:14,747.03898754,2.5088237466666667,6.969509386666666,5
2024-07-19 05:14:51,2024-07-19,05:14:51,663.8200904233333,2.3943732866666667,2.43900588,5
2024-07-19 05:22:28,2024-07-19,05:22:28,619.2047053433333,2.45887231,-1.4828158433333332,5
2024-07-19 05:30:05,2024-07-19,05:30:05,607.1809592633333,2.4955473033333333,-2.154269246666667,5
2024-07-19 05:37:46,2024-07-19,05:37:46,591.60474275,2.5340583999999997,-4.013324933333333,5
2024-07-19 05:45:25,2024-07-19,05:45:25,615.2696611766668,2.69690667,-1.4036340266666667,5
2024-07-19 05:53:02,2024-07-19,05:53:02,637.0763642933333,2.6986956933333333,0.8999165133333333,5
2024-07-19 06:00:42,2024-07-19,06:00:42,627.8217233666667,2.6683764466666666,-1.7618841366666667,5
2024-07-19 06:08:21,2024-07-19,06:08:21,679.6513560966667,2.8123928799999995,3.2078607666666663,5
2024-07-19 06:16:01,2024-07-19,06:16:01,727.2544598966666,2.902926916666667,8.49441291,5
2024-07-19 06:23:41,2024-07-19,06:23:41,752.0124461433334,3.1226473133333337,10.503024806666666,5
2024-07-19 06:31:20,2024-07-19,06:31:20,751.4476944333333,3.0316424866666662,10.198813876666668,5
2024-07-19 06:38:56,2024-07-19,06:38:56,742.6667162333333,3.2119572766666664,9.607337053333334,5
2024-07-19 06:46:35,2024-07-19,06:46:35,722.1170411133334,3.1807435133333333,8.237238206666667,5
2024-07-19 06:54:11,2024-07-19,06:54:11,686.13689186,3.293075396666667,4.333481196666667,5
2024-07-19 07:01:51,2024-07-19,07:01:51,649.91991124,3.2951468966666666,1.15512679,5
2024-07-19 07:09:31,2024-07-19,07:09:31,644.8917992466667,3.22532788,1.2509837233333334,5
2024-07-19 07:17:08,2024-07-19,07:17:08,686.1551096566667,3.30032565,3.24999843,5
2024-07-19 07:24:47,2024-07-19,07:24:47,661.3606878133332,3.3779127966666667,1.33121523,5
2024-07-19 07:32:27,2024-07-19,07:32:27,572.0388286766666,3.326596053333333,-4.025821273333333,5
2024-07-19 07:40:07,2024-07-19,07:40:07,555.7521180766666,3.4823823866666666,-5.541377533333335,5
2024-07-19 07:47:44,2024-07-19,07:47:44,607.23561266,3.632377926666667,-2.7601918400000005,5
2024-07-19 07:55:22,2024-07-19,07:55:22,620.6439113166666,3.51726835,-1.4778672933333334,5
2024-07-19 08:03:03,2024-07-19,08:03:03,630.1536013966667,3.570044563333333,0.7646311266666665,5
2024-07-19 08:10:40,2024-07-19,08:10:40,636.3294346133333,3.613546096666667,1.4161503633333332,5
2024-07-19 08:18:20,2024-07-19,08:18:20,627.1658826733334,3.6723955700000004,0.7217386833333332,5
2024-07-19 08:25:55,2024-07-19,08:25:55,625.7995478933334,3.50766412,-0.2886054966666667,5
2024-07-19 08:33:32,2024-07-19,08:33:32,610.02293561,3.46176153,-1.6550154266666668,5
2024-07-19 08:41:09,2024-07-19,08:41:09,601.1690862233334,3.403994883333333,-2.204854436666667,5
2024-07-19 08:48:48,2024-07-19,08:48:48,592.9892953266667,3.215488243333333,-3.0800981766666666,5
2024-07-19 08:56:25,2024-07-19,08:56:25,617.0367874899999,3.28224709,-2.212252273333333,5
2024-07-19 09:04:05,2024-07-19,09:04:05,607.6181863966667,3.46849391,-2.92464369,5
2024-07-19 09:11:44,2024-07-19,09:11:44,580.9655492466667,3.450038713333333,-4.11729449,5
2024-07-19 09:19:26,2024-07-19,09:19:26,590.3659325499999,3.4827590199999996,-4.250255563333333,5
2024-07-19 09:27:04,2024-07-19,09:27:04,589.3093003166667,3.4654808166666666,-4.26625088,5
2024-07-19 09:34:46,2024-07-19,09:34:46,604.6851210633333,4.762099533333333,42.90768699666666,5
2024-07-19 09:42:26,2024-07-19,09:42:26,636.4023057999999,4.869958850000001,44.83437288000001,5
2024-07-19 09:50:07,2024-07-19,09:50:07,657.3527724533334,4.915108166666666,42.30811254666667,5
2024-07-19 09:57:49,2024-07-19,09:57:49,676.0077966766667,5.094999246666667,52.37916383333334,5
2024-07-19 10:05:27,2024-07-19,10:05:27,652.41574944,4.57971324,39.44395114666667,5
2024-07-19 10:13:06,2024-07-19,10:13:06,669.7955278666667,4.36088735,23.29567922,5
2024-07-19 10:20:44,2024-07-19,10:20:44,660.4680157566667,4.416770813333334,15.017702946666665,5
2024-07-19 10:28:21,2024-07-19,10:28:21,668.90285581,4.793548693333334,16.176563643333335,5
2024-07-19 10:36:00,2024-07-19,10:36:00,689.2339173666666,5.186192393333333,18.449098263333337,5
2024-07-23 13:54:51,2024-07-23,13:54:51,583.22455609,3.3290441966666666,8.18080473,5
2024-07-23 14:02:21,2024-07-23,14:02:21,594.8657284299999,2.90193824,5.842589336666666,5
2024-07-23 14:09:47,2024-07-23,14:09:47,597.5255268033334,2.75971083,8.069137426666666,5
2024-07-23 14:17:11,2024-07-23,14:17:11,589.80118084,2.7967624566666665,7.508751503333333,5
2024-07-23 14:24:44,2024-07-23,14:24:44,594.17345214,2.72232964,7.958119933333333,5
2024-07-23 14:32:23,2024-07-23,14:32:23,583.20633829,2.6627739733333335,5.058968776666666,5
2024-07-23 14:40:00,2024-07-23,14:40:00,588.3255392733333,2.670071306666667,6.1598964333333335,5
2024-07-23 14:47:40,2024-07-23,14:47:40,598.5821590366667,2.6642334366666667,5.656343870000001,5
2024-07-23 14:55:17,2024-07-23,14:55:17,581.6396077433334,2.705993026666667,3.718161353333334,5
2024-07-23 15:02:57,2024-07-23,15:02:57,570.5085337166666,2.5172980700000003,0.6547083066666667,5
2024-07-23 15:10:32,2024-07-23,15:10:32,558.4119164499999,2.454211433333333,-0.5927914366666668,5
2024-07-23 15:18:10,2024-07-23,15:18:10,569.8709108233332,2.4542585166666666,2.0232576066666668,5
2024-07-23 15:25:48,2024-07-23,15:25:48,597.1611708666667,2.61159847,6.055427023333333,5
2024-07-23 15:33:26,2024-07-23,15:33:26,599.8209692400001,2.6047719333333332,7.288965853333334,5
2024-07-23 15:41:06,2024-07-23,15:41:06,621.1357918366666,2.5461578533333333,6.953264143333333,5
2024-07-23 15:48:43,2024-07-23,15:48:43,651.9967401133334,2.64281223,9.855564373333333,5
2024-07-23 15:56:21,2024-07-23,15:56:21,685.9547138900001,2.7486000466666667,12.07521448,5
2024-07-23 16:04:02,2024-07-23,16:04:02,684.6065969033333,3.0016527933333332,15.142366443333332,5
2024-07-23 16:11:38,2024-07-23,16:11:38,673.78522543,2.8599903333333336,13.01104048,5
2024-07-23 16:19:16,2024-07-23,16:19:16,663.52860567,2.88899136,12.66454193,5
2024-07-23 16:26:51,2024-07-23,16:26:51,666.3159286266667,2.81225164,12.125149863333334,5
2024-07-23 16:34:27,2024-07-23,16:34:27,640.97497287,2.81484102,8.100178336666668,5
2024-07-23 16:42:07,2024-07-23,16:42:07,633.6332006399999,2.659384246666667,5.91071939,5
2024-07-23 16:49:41,2024-07-23,16:49:41,622.5567800099999,2.7074054133333334,4.1609817,5
2024-07-23 16:57:18,2024-07-23,16:57:18,621.0629206466666,2.5720987033333333,4.779900486666667,5
2024-07-23 17:04:55,2024-07-23,17:04:55,627.6759809933334,2.5487943066666667,3.6691257099999994,5
2024-07-23 17:12:30,2024-07-23,17:12:30,608.34689828,2.4192783866666665,1.4749581433333334,5
2024-07-23 17:20:01,2024-07-23,17:20:01,600.78651249,2.5227593,3.0203156766666663,5
2024-07-23 17:27:25,2024-07-23,17:27:25,604.75799225,2.4642393833333336,2.713355553333333,5
2024-07-23 17:34:58,2024-07-23,17:34:58,629.1151869633333,2.4466786966666665,5.382074173333334,5
2024-07-23 17:42:32,2024-07-23,17:42:32,633.1777557166666,2.5059518933333336,5.236716733333334,5
2024-07-23 17:50:08,2024-07-23,17:50:08,615.7979772866667,2.4882028899999997,3.2276349766666663,5
2024-07-23 17:57:43,2024-07-23,17:57:43,603.7377956133333,2.3889591366666667,0.8631312833333333,5
2024-07-23 18:05:21,2024-07-23,18:05:21,611.9904576966667,2.307181903333333,1.08701673,5
2024-07-23 18:12:58,2024-07-23,18:12:58,594.73820385,2.38618144,1.7741005566666666,5
2024-07-23 18:20:33,2024-07-23,18:20:33,611.91758651,2.3100066766666667,2.1558537866666665,5
2024-07-23 18:28:08,2024-07-23,18:28:08,625.1619249933334,2.2648102800000003,3.5959971233333334,5
2024-07-23 18:35:45,2024-07-23,18:35:45,626.0181614566667,2.2426358,1.5892596800000003,5
2024-07-23 18:43:20,2024-07-23,18:43:20,633.57854725,2.2490857033333334,3.32102763,5
2024-07-23 18:50:59,2024-07-23,18:50:59,636.7484439433334,2.22107335,3.3868583566666666,5
2024-07-23 18:58:40,2024-07-23,18:58:40,639.7543804666666,2.1331757766666666,2.452831833333333,5
2024-07-23 19:06:18,2024-07-23,19:06:18,623.0304427366667,2.1863286233333334,1.8036219166666667,5
2024-07-23 19:13:56,2024-07-23,19:13:56,609.8407576433334,2.3104774733333335,0.9948287233333334,5
2024-07-23 19:21:36,2024-07-23,19:21:36,614.7231272600001,2.3810026833333335,3.39835499,5
2024-07-23 19:29:01,2024-07-23,19:29:01,639.7543804666667,2.368903233333333,5.772010003333333,5
2024-07-23 19:36:26,2024-07-23,19:36:26,665.42325657,2.3908423199999995,9.214252146666666,5
2024-07-23 19:43:53,2024-07-23,19:43:53,641.1389330433333,2.3051104033333334,6.709235593333332,5
2024-07-23 19:51:28,2024-07-23,19:51:28,646.4585297933334,2.2635862133333333,5.52253305,5
2024-07-23 19:59:07,2024-07-23,19:59:07,635.9468608733333,2.2480499533333336,5.629551716666666,5
2024-07-23 20:06:45,2024-07-23,20:06:45,649.7741688633333,2.37808375,9.199906346666666,5
2024-07-23 20:14:26,2024-07-23,20:14:26,648.2985273,2.2153296399999998,8.062439386666666,5
2024-07-23 20:22:05,2024-07-23,20:22:05,658.0450487433333,2.34352734,8.864204636666667,5
2024-07-23 20:29:42,2024-07-23,20:29:42,675.04225343,2.297153956666666,9.136175006666667,5
2024-07-23 20:37:18,2024-07-23,20:37:18,703.9903330066667,2.239669786666667,11.418556743333333,5
2024-07-23 20:44:59,2024-07-23,20:44:59,729.7138625033334,2.286655206666667,14.339501513333333,5
2024-07-23 20:52:36,2024-07-23,20:52:36,737.0374169333332,2.2862785700000003,15.536201133333334,5
2024-07-23 21:00:12,2024-07-23,21:00:12,769.5744025366666,2.4075084899999997,20.455010946666665,5
2024-07-23 21:07:48,2024-07-23,21:07:48,753.2694741433334,2.3788841066666664,19.28885239,5
2024-07-23 21:15:21,2024-07-23,21:15:21,739.0049390166665,2.4451721533333335,16.97053117333333,5
2024-07-23 21:23:00,2024-07-23,21:23:00,720.3681325933334,2.2878792766666667,14.100471503333333,5
2024-07-23 21:30:32,2024-07-23,21:30:32,704.4639957333334,2.3384427433333332,11.065710053333333,5
2024-07-23 21:38:07,2024-07-23,21:38:07,707.9253771833332,2.3874055100000002,10.843775036666665,5
2024-07-23 21:45:49,2024-07-23,21:45:49,685.9364960899999,2.25497065,8.300669636666667,5
2024-07-23 21:53:27,2024-07-23,21:53:27,687.7764935966667,2.3777071133333334,8.521754903333333,5
2024-07-23 22:01:06,2024-07-23,22:01:06,701.8588507499999,2.3739878300000004,9.959633903333334,5
2024-07-23 22:08:45,2024-07-23,22:08:45,687.3939198600001,2.42506917,9.56454958,5
2024-07-23 22:16:23,2024-07-23,22:16:23,696.15668026,2.3834508233333334,8.554845216666665,5
2024-07-23 22:23:58,2024-07-23,22:23:58,700.83865411,2.3846748966666667,8.780379179999999,5
2024-07-23 22:31:37,2024-07-23,22:31:37,697.2315302866667,2.441782423333333,8.76928243,5
2024-07-23 22:39:14,2024-07-23,22:39:14,694.1891581733335,2.4550117866666663,8.229740399999999,5
2024-07-23 22:46:52,2024-07-23,22:46:52,662.5266268266665,2.2949412166666665,4.248556056666667,5
2024-07-23 22:54:25,2024-07-23,22:54:25,648.8997146033333,2.272719653333333,2.0902529933333334,5
2024-07-23 23:02:01,2024-07-23,23:02:01,644.85536365,2.3296388633333334,1.3880236000000001,5
2024-07-23 23:09:37,2024-07-23,23:09:37,648.6628832433333,2.161706,1.9130848633333333,5
2024-07-23 23:17:13,2024-07-23,23:17:13,681.74640276,2.3264374533333334,4.827986406666667,5
2024-07-23 23:24:51,2024-07-23,23:24:51,665.3868209733333,2.239905183333333,5.456452396666667,5
2024-07-23 23:32:28,2024-07-23,23:32:28,679.50561372,2.3955031966666667,5.77560895,5
2024-07-23 23:40:07,2024-07-23,23:40:07,693.64262426,2.3674437666666663,7.43242385,5
2024-07-23 23:47:41,2024-07-23,23:47:41,690.4362919733334,2.276768496666666,6.6994384600000005,5
2024-07-23 23:55:16,2024-07-23,23:55:16,737.12850592,2.184869153333333,10.377011699999999,5
2024-07-24 00:02:52,2024-07-24,00:02:52,699.59984391,2.3001199700000003,8.179755040000002,5
2024-07-24 00:10:28,2024-07-24,00:10:28,643.0518017366667,2.2988958966666666,4.769203616666666,5
2024-07-24 00:18:05,2024-07-24,00:18:05,604.0474981633332,2.2767684999999998,2.275893636666667,5
2024-07-24 00:25:42,2024-07-24,00:25:42,613.0835255233334,2.3277086033333334,3.851972176666667,5
2024-07-24 00:33:22,2024-07-24,00:33:22,623.9777681833333,2.189765433333333,3.7027158766666664,5
2024-07-24 00:40:59,2024-07-24,00:40:59,631.9571633066666,2.078563463333333,3.8843127066666665,5
2024-07-24 00:48:37,2024-07-24,00:48:37,636.01973206,2.0200906266666667,3.567205553333333,5
2024-07-24 00:56:15,2024-07-24,00:56:15,634.3072591333334,2.1021974133333337,3.39995452,5
2024-07-24 01:03:53,2024-07-24,01:03:53,636.6573549566667,2.0377925466666666,2.8026794,5
2024-07-24 01:11:30,2024-07-24,01:11:30,631.11914464,2.134682323333333,1.7639835233333334,5
2024-07-24 01:19:09,2024-07-24,01:19:09,643.5619000566667,2.08788522,3.2073609133333334,5
2024-07-24 01:26:48,2024-07-24,01:26:48,642.34130765,2.0653341033333334,3.41579988,5
2024-07-24 01:34:25,2024-07-24,01:34:25,625.38053856,2.05304633,2.075177406666667,5
2024-07-24 01:42:01,2024-07-24,01:42:01,634.2890413333333,2.1223945533333333,2.890053813333333,5
2024-07-24 01:49:38,2024-07-24,01:49:38,642.3959610433334,2.1689562566666667,4.422255203333333,5
2024-07-24 01:57:13,2024-07-24,01:57:13,654.5472317033333,2.2569009166666665,8.1505136,5
2024-07-24 02:04:49,2024-07-24,02:04:49,641.1207152466667,2.28543114,6.0020426533333335,5
2024-07-24 02:12:26,2024-07-24,02:12:26,610.8063008866667,2.0761624066666666,3.0240145933333333,5
2024-07-24 02:20:05,2024-07-24,02:20:05,607.5817508,2.0169362933333335,2.1091324633333333,5
2024-07-24 02:27:44,2024-07-24,02:27:44,629.0605335700001,2.0474909433333335,2.1567485233333334,5
2024-07-24 02:35:22,2024-07-24,02:35:22,628.8783556033333,1.9703745899999998,2.599288946666667,5
2024-07-24 02:42:57,2024-07-24,02:42:57,645.1286306066667,1.9870878366666667,4.168779416666666,5
2024-07-24 02:50:36,2024-07-24,02:50:36,641.5761601766667,1.9090298933333336,2.72980074,5
2024-07-24 02:58:13,2024-07-24,02:58:13,634.5076549033333,1.9631714133333331,2.8844054700000004,5
2024-07-24 03:05:51,2024-07-24,03:05:51,626.4189529966667,1.9879352699999997,2.8050287133333334,5
2024-07-24 03:13:29,2024-07-24,03:13:29,607.6364041933333,1.94320967,0.78411242,5
2024-07-24 03:21:06,2024-07-24,03:21:06,614.30411793,1.9472585133333336,1.2857735366666667,5
2024-07-24 03:28:39,2024-07-24,03:28:39,619.4415367066667,2.1069053699999998,3.57855223,5
2024-07-24 03:36:17,2024-07-24,03:36:17,621.68232575,2.06354508,3.566955626666667,5
2024-07-24 03:43:55,2024-07-24,03:43:55,605.6506643066667,2.1379308133333335,2.2150014633333335,5
2024-07-24 03:51:32,2024-07-24,03:51:32,605.8510600766666,2.2399522666666667,2.51871254,5
2024-07-24 03:59:10,2024-07-24,03:59:10,599.4019599100001,2.2031360366666664,1.1583308500000002,5
2024-07-24 04:06:51,2024-07-24,04:06:51,589.8376164333332,2.3784603900000003,0.7803365233333333,5
2024-07-24 04:14:31,2024-07-24,04:14:31,579.6538678566667,2.5637656166666667,1.4025493466666668,5
2024-07-24 04:22:13,2024-07-24,04:22:13,577.6681279733333,2.6622561,1.4514400299999999,5
2024-07-24 04:29:50,2024-07-24,04:29:50,572.2392244399999,2.5456870566666665,0.56561939,5
2024-07-24 04:37:27,2024-07-24,04:37:27,570.94576085,2.44215906,0.11807043000000005,5
2024-07-24 04:45:01,2024-07-24,04:45:01,596.5964191533334,2.4033184033333335,1.918288343333333,5
2024-07-24 04:52:36,2024-07-24,04:52:36,607.5453152066667,2.3254487833333335,2.396598296666667,5
2024-07-24 05:00:11,2024-07-24,05:00:11,620.22490198,2.2847720233333333,3.1005921766666664,5
2024-07-24 05:07:44,2024-07-24,05:07:44,598.2724564866667,2.29202228,1.4004949433333334,5
2024-07-24 05:15:19,2024-07-24,05:15:19,608.8387788033333,2.2612322333333337,2.4535166333333334,5
2024-07-24 05:22:57,2024-07-24,05:22:57,598.38176327,2.2782750433333336,1.7172422033333332,5
2024-07-24 05:30:36,2024-07-24,05:30:36,585.0463358000001,2.3095829633333333,1.6728552033333333,5
2024-07-24 05:38:11,2024-07-24,05:38:11,623.2308385033333,2.2644807233333335,4.688467253333333,5
2024-07-24 05:45:45,2024-07-24,05:45:45,617.7837171733332,2.3403259266666665,4.333031326666667,5
2024-07-24 05:53:23,2024-07-24,05:53:23,599.01938617,2.30784102,2.8850052966666664,5
2024-07-24 06:00:58,2024-07-24,06:00:58,653.6727774433333,2.2557710033333334,7.449868743333333,5
2024-07-24 06:08:33,2024-07-24,06:08:33,669.13968717,2.41748936,8.61237837,5
2024-07-24 06:16:11,2024-07-24,06:16:11,727.6005980433333,2.4670641566666665,14.924680183333331,5
2024-07-24 06:23:48,2024-07-24,06:23:48,763.0159955866667,2.5272318633333337,16.963433249999998,5
2024-07-24 06:31:26,2024-07-24,06:31:26,630.1536014,2.331004173333333,5.788805086666667,5
2024-07-24 06:39:04,2024-07-24,06:39:04,555.6847122266666,2.2111866399999998,-0.2945137666666666,5
2024-07-24 06:46:44,2024-07-24,06:46:44,528.9355207566667,2.30666403,-2.1263774166666667,5
2024-07-24 06:54:19,2024-07-24,06:54:19,587.2506892466668,2.3572745766666667,1.7135182966666667,5
2024-07-24 07:01:57,2024-07-24,07:01:57,827.9806600133334,2.72383619,20.01708916666667,5
2024-07-24 07:09:33,2024-07-24,07:09:33,764.3458947766667,2.5954501733333335,17.212960193333334,5
2024-07-24 07:17:11,2024-07-24,07:17:11,689.7257978900001,2.564377653333333,9.497819116666667,5
2024-07-24 07:24:47,2024-07-24,07:24:47,684.7523392799999,2.626569776666667,9.43718687,5
2024-07-24 07:32:26,2024-07-24,07:32:26,691.8026267533332,2.8430887666666664,10.165123736666667,5
2024-07-24 07:40:06,2024-07-24,07:40:06,652.2335714699999,2.865498646666667,8.223642186666668,5
2024-07-24 07:47:44,2024-07-24,07:47:44,608.2922448866666,2.7867815900000004,4.221264049999999,5
2024-07-24 07:55:18,2024-07-24,07:55:18,603.4645286599999,2.8003405066666667,3.0709508499999996,5
2024-07-24 08:02:54,2024-07-24,08:02:54,574.8625872233333,2.8083440366666665,1.1330432533333334,5
2024-07-24 08:10:35,2024-07-24,08:10:35,607.6181863933333,2.79770405,3.5777524633333333,5
2024-07-24 08:18:12,2024-07-24,08:18:12,608.47442286,2.9607877166666667,1.8210318166666666,5
2024-07-24 08:25:49,2024-07-24,08:25:49,640.5013101466667,2.8977481566666667,3.3753117366666667,5
2024-07-24 08:33:28,2024-07-24,08:33:28,633.8882498033333,2.9654015166666667,2.6641699533333334,5
2024-07-24 08:41:08,2024-07-24,08:41:08,595.1754309833333,2.8070258066666667,-0.2579744666666666,5
2024-07-24 08:48:48,2024-07-24,08:48:48,591.1675156233333,2.9303272299999996,-0.19904172333333334,5
2024-07-24 08:56:24,2024-07-24,08:56:24,623.1033139233333,3.0023119066666664,1.5658990199999998,5
2024-07-24 09:04:01,2024-07-24,09:04:01,623.6316300366666,2.9534433,2.2410188466666665,5
2024-07-24 09:11:41,2024-07-24,09:11:41,598.8736437900001,2.93908403,0.3278040233333333,5
2024-07-29 10:55:43,2024-07-29,10:55:43,575.6678138533333,3.1395018033333333,8.98536916,5
2024-07-29 11:03:16,2024-07-29,11:03:16,605.9421490633334,3.2250924800000003,12.039624900000002,5
2024-07-29 11:10:49,2024-07-29,11:10:49,606.3247228033333,3.0306538166666663,8.372548593333333,5
2024-07-29 11:18:25,2024-07-29,11:18:25,597.1247352700001,2.917144946666667,6.89528112,5
2024-07-29 11:26:01,2024-07-29,11:26:01,597.7623581666667,2.78438053,4.82858623,5
2024-07-29 11:33:37,2024-07-29,11:33:37,592.67959278,2.76705524,2.8956521800000004,5
2024-07-29 11:41:13,2024-07-29,11:41:13,586.5037595666666,2.61955492,2.747945423333333,5
2024-07-29 11:48:50,2024-07-29,11:48:50,578.7429780066667,2.712113373333333,3.929199563333333,5
2024-07-29 11:56:25,2024-07-29,11:56:25,577.57703899,2.6479909866666667,4.784499143333332,5
2024-07-29 12:04:01,2024-07-29,12:04:01,595.3029555633333,2.737630503333333,4.590256013333334,5
2024-07-29 12:11:39,2024-07-29,12:11:39,595.19364878,2.73480573,2.9963726866666662,5
2024-07-29 12:19:14,2024-07-29,12:19:14,592.0601876766667,2.73522945,2.5758258166666668,5
2024-07-29 12:26:48,2024-07-29,12:26:48,597.3980022266666,2.7583926,1.3019887866666666,5
2024-07-29 12:34:24,2024-07-29,12:34:24,601.4241353833334,2.7874407033333335,2.0377033800000004,5
2024-07-29 12:42:00,2024-07-29,12:42:00,593.91840298,2.91799238,1.8516328599999998,5
2024-07-29 12:49:36,2024-07-29,12:49:36,602.0435404866666,2.9701565533333336,2.9565343533333333,5
2024-07-29 12:57:09,2024-07-29,12:57:09,607.4906618133333,2.91568548,2.1646162199999996,5
2024-07-29 13:04:43,2024-07-29,13:04:43,621.3726231999999,3.0293355833333333,2.8897539033333337,5
2024-07-29 13:12:14,2024-07-29,13:12:14,640.3555677700001,3.07580313,4.526924553333333,5
2024-07-29 13:19:51,2024-07-29,13:19:51,649.2094171533334,3.3002314866666667,6.825101666666666,5
2024-07-29 13:27:26,2024-07-29,13:27:26,640.59239913,3.1281085466666667,5.489142823333334,5
2024-07-29 13:35:03,2024-07-29,13:35:03,642.0498228966667,2.9927076733333333,5.398569346666666,5
2024-07-29 13:42:36,2024-07-29,13:42:36,616.7635205366668,3.09830717,3.80243668,5
2024-07-29 13:50:11,2024-07-29,13:50:11,607.5453152066667,2.96591939,1.5302369599999999,5
2024-07-29 13:57:43,2024-07-29,13:57:43,606.52511857,2.859849093333333,1.8658986800000001,5
2024-07-29 14:05:17,2024-07-29,14:05:17,606.39759399,3.0662459766666665,1.6629531033333336,5
2024-07-29 14:12:48,2024-07-29,14:12:48,605.2134371799999,2.894735066666667,0.9366907466666667,5
2024-07-29 14:20:23,2024-07-29,14:20:23,598.1631497066667,2.9959561633333336,1.3501996733333332,5
2024-07-29 14:28:00,2024-07-29,14:28:00,605.83284228,3.0567359,2.9799774866666664,5
2024-07-29 14:35:36,2024-07-29,14:35:36,621.60945456,2.9137081366666666,1.7713363666666666,5
2024-07-29 14:43:09,2024-07-29,14:43:09,606.37937619,2.7732697466666667,-0.20556981,5
2024-07-29 14:50:43,2024-07-29,14:50:43,613.3385746833333,2.815876766666667,-0.7930043166666666,5
2024-07-29 14:58:20,2024-07-29,14:58:20,616.4720357833334,2.79520883,-0.6485851,5
2024-07-29 15:05:55,2024-07-29,15:05:55,598.4910700500001,2.7929490133333332,-1.9789205899999998,5
2024-07-29 15:13:30,2024-07-29,15:13:30,600.3857209500001,2.73042733,-1.4752680566666667,5
2024-07-29 15:21:06,2024-07-29,15:21:06,602.0617582799999,2.72270628,-1.8990439766666667,5
2024-07-29 15:28:38,2024-07-29,15:28:38,604.72155666,2.5781248900000002,-1.7272442766666665,5
2024-07-29 15:36:13,2024-07-29,15:36:13,633.0320133366666,2.7357943999999996,-0.6719032766666667,5
2024-07-29 15:43:47,2024-07-29,15:43:47,723.2283267399999,2.6168713833333332,2.42179092,5
2024-07-29 15:51:22,2024-07-29,15:51:22,749.6987859133333,2.781838233333333,3.72930809,5
2024-07-29 15:58:58,2024-07-29,15:58:58,726.78079717,2.76988002,2.0853444299999997,5
2024-07-29 16:06:36,2024-07-29,16:06:36,685.7178825266666,2.7610290566666666,3.1350820766666665,5
2024-07-29 16:14:13,2024-07-29,16:14:13,647.4240730399999,2.944686503333333,2.17076442,5
2024-07-29 16:21:47,2024-07-29,16:21:47,650.66684092,2.971286463333333,3.4386431966666664,5
2024-07-29 16:29:24,2024-07-29,16:29:24,628.6050886433333,2.9413909300000003,1.5782628966666667,5
2024-07-29 16:37:00,2024-07-29,16:37:00,620.0973774033333,2.7915837033333335,0.5532880033333333,5
2024-07-29 16:44:35,2024-07-29,16:44:35,636.83953293,2.8507156566666665,0.5967502766666666,5
2024-07-29 16:52:10,2024-07-29,16:52:10,633.9793387866666,2.78197947,-0.10467934999999999,5
2024-07-29 16:59:49,2024-07-29,16:59:49,648.3167450966668,2.84468947,2.51756288,5
2024-07-29 17:07:26,2024-07-29,17:07:26,642.92427716,2.8053309433333333,0.8368999633333334,5
2024-07-29 17:15:01,2024-07-29,17:15:01,631.7203319466666,2.738901656666666,-0.51450036,5
2024-07-29 17:22:35,2024-07-29,17:22:35,651.2862460266667,2.7683263933333335,0.8093180366666667,5
2024-07-29 17:30:10,2024-07-29,17:30:10,657.88108857,2.8086265133333335,1.8186975033333335,5
2024-07-29 17:37:44,2024-07-29,17:37:44,621.5183655766667,2.6975187033333334,-1.1232211300000001,5
2024-07-29 17:45:19,2024-07-29,17:45:19,616.9274807066666,2.7580159633333334,-1.1070858566666668,5
2024-07-29 17:52:58,2024-07-29,17:52:58,635.07240661,2.72830875,0.5918817033333333,5
2024-07-29 18:00:29,2024-07-29,18:00:29,658.06326654,2.739937403333333,2.7327498766666665,5
2024-07-29 18:08:03,2024-07-29,18:08:03,651.5230773866666,2.7413497933333333,2.15946773,5
2024-07-29 18:15:39,2024-07-29,18:15:39,637.4771558266666,2.6006760033333336,1.5203748466666667,5
2024-07-29 18:23:13,2024-07-29,18:23:13,679.7060094866666,2.764465866666667,6.034583123333334,5
2024-07-29 18:30:47,2024-07-29,18:30:47,696.1748980566667,2.7711982466666663,8.893596033333333,5
2024-07-29 18:38:19,2024-07-29,18:38:19,684.5337257166666,2.733110866666667,7.597025656666666,5
2024-07-29 18:45:53,2024-07-29,18:45:53,656.1139622533333,2.6322664066666666,5.01923041,5
2024-07-29 18:53:25,2024-07-29,18:53:25,656.15039785,2.51998161,3.352618383333333,5
2024-07-29 19:01:00,2024-07-29,19:01:00,657.8628707733334,2.4652280533333335,2.87665774,5
2024-07-29 19:08:37,2024-07-29,19:08:37,652.5614918199999,2.5796314333333332,3.86391868,5
2024-07-29 19:16:12,2024-07-29,19:16:12,650.6304053266667,2.47911653,1.9460901999999998,5
2024-07-29 19:23:46,2024-07-29,19:23:46,647.8430823733333,2.3869817933333333,1.5729094666666665,5
2024-07-29 19:31:24,2024-07-29,19:31:24,654.5836672966667,2.4072260133333336,4.626145503333333,5
2024-07-29 19:38:59,2024-07-29,19:38:59,662.9274183633333,2.41748936,4.596504183333333,5
2024-07-29 19:46:34,2024-07-29,19:46:34,681.8374917466667,2.4415941066666664,7.1487069199999995,5
2024-07-29 19:54:10,2024-07-29,19:54:10,679.4873959233333,2.3632066033333334,5.6520951166666675,5
2024-07-29 20:01:48,2024-07-29,20:01:48,648.2256561133335,2.29437626,1.82910945,5
2024-07-29 20:09:22,2024-07-29,20:09:22,653.69099524,2.25845454,1.2934852766666667,5
2024-07-29 20:16:58,2024-07-29,20:16:58,730.4790099799999,2.410615743333333,7.734035536666667,5
2024-07-29 20:24:36,2024-07-29,20:24:36,751.3383876533334,2.3755885366666667,10.08604689,5
2024-07-29 20:32:08,2024-07-29,20:32:08,728.4386167066667,2.3757297766666667,8.547797276666667,5
2024-07-29 20:39:44,2024-07-29,20:39:44,698.1970735333333,2.4666875200000002,8.2280409,5
2024-07-29 20:47:16,2024-07-29,20:47:16,658.5551470633333,2.4909335066666665,9.52970978,5
2024-07-29 20:54:52,2024-07-29,20:54:52,665.8787014933333,2.3218707333333337,6.336344773333334,5
2024-07-29 21:02:27,2024-07-29,21:02:27,684.7159036866666,2.2297830766666666,5.735320746666666,5
2024-07-29 21:10:04,2024-07-29,21:10:04,680.2343256033333,2.1768185466666665,5.590413176666666,5
2024-07-29 21:17:39,2024-07-29,21:17:39,664.5670201066666,2.196027013333333,4.97234414,5
2024-07-29 21:25:16,2024-07-29,21:25:16,686.3555054233333,2.11603881,5.066216653333334,5
2024-07-29 21:32:53,2024-07-29,21:32:53,689.2339173633333,2.056200663333333,5.823444946666666,5
2024-07-29 21:40:28,2024-07-29,21:40:28,682.8394705866667,2.0652399433333333,5.84863757,5
2024-07-29 21:48:01,2024-07-29,21:48:01,679.7242272866666,2.0860961999999996,6.548582633333333,5
2024-07-29 21:55:35,2024-07-29,21:55:35,671.98166352,2.145981423333333,5.852436456666666,5
2024-07-29 22:03:12,2024-07-29,22:03:12,670.3602795799999,2.20694948,3.6629775133333333,5
2024-07-29 22:10:49,2024-07-29,22:10:49,667.3543430600001,1.9999405633333336,3.7902902333333333,5
2024-07-29 22:18:25,2024-07-29,22:18:25,657.7899995833334,2.1609998100000003,2.1592827766666667,5
2024-07-29 22:26:00,2024-07-29,22:26:00,663.1095963366666,2.03209592,0.017784790000000033,5
2024-07-29 22:33:36,2024-07-29,22:33:36,670.65176433,1.9785664366666669,0.9863612033333333,5
2024-07-29 22:41:10,2024-07-29,22:41:10,659.4660369166667,2.0031419733333333,0.9971180533333334,5
2024-07-29 22:48:43,2024-07-29,22:48:43,656.7151495566667,1.9558740766666667,1.5132419333333331,5
2024-07-29 22:56:20,2024-07-29,22:56:20,679.4509603266666,2.05398792,1.8853629833333336,5
2024-07-29 23:03:54,2024-07-29,23:03:54,694.6628208966666,1.9067229966666666,2.863361633333333,5
2024-07-29 23:11:30,2024-07-29,23:11:30,670.2691905933333,1.8982015933333336,1.1219065166666666,5
2024-07-29 23:19:06,2024-07-29,23:19:06,644.7824924633333,1.9269672133333333,0.7378439666666666,5
2024-07-29 23:26:42,2024-07-29,23:26:42,636.8941863233334,2.0433950166666666,0.5646696699999999,5
2024-07-29 23:34:18,2024-07-29,23:34:18,635.2545845833333,1.98139121,0.5333188466666666,5
2024-07-29 23:41:54,2024-07-29,23:41:54,644.5274433033334,2.0394403333333337,1.6880757466666665,5
2024-07-29 23:49:29,2024-07-29,23:49:29,638.0601253333334,1.8808763099999999,1.1972744499999999,5
2024-07-29 23:57:05,2024-07-29,23:57:05,625.8906368766666,1.9524843466666664,0.6818403633333334,5
2024-07-30 00:04:39,2024-07-30,00:04:39,641.4304177966668,1.89636549,1.7714563333333333,5
2024-07-30 00:12:13,2024-07-30,00:12:13,650.5939697366667,1.9385487933333332,3.515570673333334,5
2024-07-30 00:19:51,2024-07-30,00:19:51,624.9068758333333,1.98030838,1.2851037299999999,5
2024-07-30 00:27:25,2024-07-30,00:27:25,628.44112847,1.8628919066666667,0.2746495833333333,5
2024-07-30 00:35:01,2024-07-30,00:35:01,659.62999709,1.9133612200000003,3.713362756666667,5
2024-07-30 00:42:34,2024-07-30,00:42:34,642.63279241,1.8392579566666667,2.6511237733333335,5
2024-07-30 00:50:11,2024-07-30,00:50:11,625.8359834866667,1.9654312333333335,2.463228786666667,5
2024-07-30 00:57:47,2024-07-30,00:57:47,615.4336213466667,1.944574976666667,0.7429674633333333,5
2024-07-30 01:05:25,2024-07-30,01:05:25,611.9722399,1.97399972,0.19574268666666664,5
2024-07-30 01:13:03,2024-07-30,01:13:03,607.7092753800001,1.988971023333333,0.28230734,5
2024-07-30 01:20:39,2024-07-30,01:20:39,603.6102710366666,1.9217884600000001,-0.09236295666666668,5
2024-07-30 01:28:14,2024-07-30,01:28:14,603.9381913799999,2.0251752233333336,-0.29418886333333333,5
2024-07-30 01:35:51,2024-07-30,01:35:51,607.8914533533333,1.96128823,-0.006130006666666678,5
2024-07-30 01:43:26,2024-07-30,01:43:26,617.92945955,1.9812028933333332,0.25516129,5
2024-07-30 01:51:01,2024-07-30,01:51:01,622.11955288,1.99857526,0.69353694,5
2024-07-30 01:58:38,2024-07-30,01:58:38,624.7975690533333,2.1020090933333333,1.1452246899999998,5
2024-07-30 02:06:14,2024-07-30,02:06:14,638.86170841,1.97254025,0.7433773433333334,5
2024-07-30 02:13:49,2024-07-30,02:13:49,624.0324215766667,1.9257431466666663,-0.011131739999999982,5
2024-07-30 02:21:24,2024-07-30,02:21:24,608.0189779333333,2.0247985833333333,-0.41177943333333333,5
2024-07-30 02:29:01,2024-07-30,02:29:01,612.591645,2.03722759,-0.7250377166666667,5
2024-07-30 02:36:37,2024-07-30,02:36:37,609.7496686566666,2.01298161,-0.17810735,5
2024-07-30 02:44:11,2024-07-30,02:44:11,611.3892703933334,2.0288474300000003,-0.4794096333333333,5
2024-07-30 02:51:48,2024-07-30,02:51:48,610.5512517266666,2.0335553866666665,-0.5752290766666667,5
2024-07-30 02:59:20,2024-07-30,02:59:20,618.9678739866667,2.0288945066666666,0.14543242,5
2024-07-30 03:06:56,2024-07-30,03:06:56,610.9702610600001,2.0372275933333337,-0.11031220333333334,5
2024-07-30 03:14:36,2024-07-30,03:14:36,612.5187738133333,2.017077533333333,-0.34223979333333326,5
2024-07-30 03:22:10,2024-07-30,03:22:10,634.6716150766666,2.006155066666667,1.1015174866666666,5
2024-07-30 03:29:48,2024-07-30,03:29:48,630.82765989,2.02093806,0.6366286033333334,5
2024-07-30 03:37:22,2024-07-30,03:37:22,617.2189654633333,1.9909012866666667,0.2113981033333333,5
2024-07-30 03:44:58,2024-07-30,03:44:58,623.2126207033334,2.0521047366666667,0.14274320666666665,5
2024-07-30 03:52:31,2024-07-30,03:52:31,632.3761726399999,1.9653370733333333,0.5722974333333333,5
2024-07-30 04:00:05,2024-07-30,04:00:05,620.80787149,2.0355327266666667,0.5896423566666668,5
2024-07-30 04:07:40,2024-07-30,04:07:40,615.9072840733334,2.0326137933333333,0.48546286,5
2024-07-30 04:15:15,2024-07-30,04:15:15,612.5734272033334,2.0175954066666666,-0.2920694833333333,5
2024-07-30 04:22:53,2024-07-30,04:22:53,602.06175828,2.03543857,-1.3718483333333333,5
2024-07-30 04:30:29,2024-07-30,04:30:29,595.3393911533334,2.1410851466666663,-0.6768518233333335,5
2024-07-30 04:38:04,2024-07-30,04:38:04,608.6748186266667,2.074043823333333,-0.3353318166666666,5
2024-07-30 04:45:46,2024-07-30,04:45:46,618.1845087099999,2.1308217966666665,-0.5876279466666667,5
2024-07-30 04:53:24,2024-07-30,04:53:24,613.5754060466667,2.0627447233333336,-0.80931304,5
2024-07-30 05:01:00,2024-07-30,05:01:00,612.79204077,2.1930610033333333,-0.6754522366666666,5
2024-07-30 05:08:36,2024-07-30,05:08:36,649.73773327,2.1159446466666667,2.879811816666667,5
2024-07-30 05:16:11,2024-07-30,05:16:11,620.6803469066666,2.224321843333333,1.660308876666667,5
2024-07-30 05:23:44,2024-07-30,05:23:44,595.7037470966667,2.424410063333333,-0.5959255166666667,5
2024-07-30 05:31:19,2024-07-30,05:31:19,598.94651498,2.32220029,-0.94557314,5
2024-07-30 05:38:52,2024-07-30,05:38:52,610.8063008866667,2.187976406666667,-1.0226505766666667,5
2024-07-30 05:46:26,2024-07-30,05:46:26,616.6542137566666,2.2868906066666668,-0.2800280133333333,5
2024-07-30 05:54:03,2024-07-30,05:54:03,605.2134371799999,2.208738503333333,-0.5396419966666667,5
2024-07-30 06:01:35,2024-07-30,06:01:35,588.9085087799999,2.165707766666667,-0.7617769566666667,5
2024-07-30 06:09:14,2024-07-30,06:09:14,602.3350252366668,2.2088326633333337,-0.58450886,5
2024-07-30 06:16:51,2024-07-30,06:16:51,640.7381415066666,2.1489474366666665,1.80755076,5
2024-07-30 06:24:29,2024-07-30,06:24:29,661.2331632366667,2.240893853333333,4.218015,5
2024-07-30 06:32:04,2024-07-30,06:32:04,625.2165783866666,2.37394075,1.6287581166666667,5
2024-07-30 06:39:41,2024-07-30,06:39:41,667.8097879833334,2.5150382533333335,5.754465140000001,5
2024-07-30 06:47:19,2024-07-30,06:47:19,670.7064177266666,2.6250161500000004,5.86988135,5
2024-07-30 06:54:54,2024-07-30,06:54:54,681.18165105,2.80782616,6.556380346666667,5
2024-07-30 07:02:30,2024-07-30,07:02:30,624.7793512533334,2.676144573333333,1.9357482300000004,5
2024-07-30 07:10:03,2024-07-30,07:10:03,638.2058677133333,2.7481292533333335,1.5507409566666668,5
2024-07-30 07:17:36,2024-07-30,07:17:36,580.1821839766667,2.8595195399999995,-1.2963454399999998,5
2024-07-30 07:25:10,2024-07-30,07:25:10,559.1388065566667,2.82350366,-2.79568145,5
2024-07-30 07:32:42,2024-07-30,07:32:42,616.72708494,2.87618571,0.9444734666666667,5
2024-07-30 07:40:15,2024-07-30,07:40:15,626.9654869066667,2.8944996666666665,1.8347777933333334,5
2024-07-30 07:47:50,2024-07-30,07:47:50,591.5500893633333,2.9742053933333334,0.13889933,5
2024-07-30 07:55:27,2024-07-30,07:55:27,569.8891286166667,3.0639861566666666,-1.7754301666666665,5
2024-07-30 08:03:04,2024-07-30,08:03:04,567.6847751700001,3.15094214,-2.2998266333333333,5
2024-07-30 08:10:37,2024-07-30,08:10:37,591.2039512166667,3.14185578,-1.4855450466666664,5
2024-07-30 08:18:14,2024-07-30,08:18:14,594.1916699366667,3.1467520599999994,-1.4523447633333333,5
2024-07-30 08:25:52,2024-07-30,08:25:52,566.06339123,3.099578316666667,-3.3295251433333335,5
2024-07-30 08:33:27,2024-07-30,08:33:27,592.1512766633333,2.97378168,-2.21335195,5
2024-07-30 08:41:02,2024-07-30,08:41:02,605.2316549733333,3.0705772966666665,-2.11188166,5
2024-07-30 08:48:40,2024-07-30,08:48:40,610.3872915533333,3.171845473333333,-2.058397316666667,5
2024-07-30 08:56:16,2024-07-30,08:56:16,608.3651160766667,3.15009471,-1.9782707766666665,5
2024-07-30 09:03:49,2024-07-30,09:03:49,582.7508933633334,3.14270321,-3.228054853333333,5
2024-07-30 09:11:26,2024-07-30,09:11:26,557.17128447,2.9546202933333334,-4.312737266666667,5
2024-07-30 09:19:02,2024-07-30,09:19:02,548.0587423633334,2.91196619,-5.24496432,5
2024-07-30 09:26:36,2024-07-30,09:26:36,573.84239059,2.8324017033333333,-4.404710336666667,5
2024-07-30 09:34:09,2024-07-30,09:34:09,607.89145335,3.106451936666667,-3.41649968,5
2024-07-30 09:41:40,2024-07-30,09:41:40,616.8910451166666,3.85840699,18.568563283333333,5
2024-07-30 09:49:14,2024-07-30,09:49:14,636.4751769866666,4.4306122100000005,33.190782023333334,5
2024-07-30 09:56:51,2024-07-30,09:56:51,674.3864127366667,4.46832295,34.48440326333333,5
2024-07-30 10:04:28,2024-07-30,10:04:28,686.1733274533334,4.3796721000000005,28.05128682,5
2024-07-30 10:12:08,2024-07-30,10:12:08,726.7625793733333,4.678815756666666,33.598662600000004,5
2024-07-30 10:19:38,2024-07-30,10:19:38,674.0767101866667,4.196438376666666,18.641042063333334,5
2024-07-30 10:27:13,2024-07-30,10:27:13,655.0026766300001,4.22840541,13.953114646666668,5
2024-07-30 10:34:48,2024-07-30,10:34:48,658.3365335,4.140837393333333,13.848545263333333,5
2024-07-30 10:42:24,2024-07-30,10:42:24,658.4822758733334,3.9918305199999993,11.930906733333332,5
2024-07-30 10:50:01,2024-07-30,10:50:01,649.3915951266666,3.9698443566666675,11.263002286666667,5
2024-07-30 10:57:35,2024-07-30,10:57:35,644.5820966933333,3.906051526666667,10.469884506666668,5
2024-07-30 11:05:07,2024-07-30,11:05:07,638.1329965266667,3.7173094866666667,7.817011246666667,5
2024-07-30 11:12:42,2024-07-30,11:12:42,630.39043276,3.6562472733333333,7.762277270000001,5
2024-07-30 11:20:15,2024-07-30,11:20:15,618.3849044766666,3.608414423333333,6.357238653333333,5
2024-07-30 11:27:48,2024-07-30,11:27:48,613.9215441933333,3.4166122133333334,3.6526805266666673,5
2024-07-30 11:35:21,2024-07-30,11:35:21,609.6767974633333,3.5132195100000003,4.52157612,5
2024-07-30 11:42:58,2024-07-30,11:42:58,612.7373873766666,3.3534314166666666,3.73310698,5
2024-07-30 11:50:37,2024-07-30,11:50:37,613.4660992633334,3.2510804066666665,2.8165253433333333,5
2024-07-30 11:58:14,2024-07-30,11:58:14,623.8866792,3.11426715,3.0242645200000005,5
2024-07-30 12:05:47,2024-07-30,12:05:47,611.3346170033334,3.2147820499999997,1.19430032,5
2024-07-30 12:13:20,2024-07-30,12:13:20,616.8363917266666,3.129285533333334,0.32020124333333333,5
2024-07-30 12:20:53,2024-07-30,12:20:53,616.3445112,3.1792369666666667,-0.31932400333333333,5
2024-07-30 12:28:27,2024-07-30,12:28:27,611.6807551466667,3.0363033666666666,-0.2894352566666667,5
2024-07-30 12:36:02,2024-07-30,12:36:02,610.2233313800001,2.994826253333333,0.5463400366666668,5
2024-07-30 12:43:35,2024-07-30,12:43:35,617.5286680099999,3.0765564033333335,1.39980515,5
2024-07-30 12:51:10,2024-07-30,12:51:10,632.1575590766666,3.1783424566666665,1.8744611733333336,5
2024-07-30 12:58:40,2024-07-30,12:58:40,643.4343754766667,3.2708538333333332,3.30963097,5
2024-07-30 13:06:14,2024-07-30,13:06:14,653.0351545433333,3.4304536066666667,3.4788814133333332,5
2024-07-30 13:13:51,2024-07-30,13:13:51,664.5852378999999,3.4566298533333337,4.514578173333333,5
2024-07-30 13:21:23,2024-07-30,13:21:23,649.4644663133333,3.484924683333333,4.989938990000001,5
2024-07-30 13:28:58,2024-07-30,13:28:58,617.8930239533333,3.2775862100000004,3.0598541000000004,5
2024-07-30 13:36:33,2024-07-30,13:36:33,626.9654869066667,3.1373832200000003,2.493369963333333,5
2024-07-30 13:44:07,2024-07-30,13:44:07,619.8787638366667,3.1262724399999997,1.7281090233333334,5
2024-07-30 13:51:44,2024-07-30,13:51:44,622.0102460966667,2.916485833333333,0.7542041766666667,5
2024-07-30 13:59:22,2024-07-30,13:59:22,610.58768732,3.03766867,2.2261482033333335,5
2024-07-30 14:06:59,2024-07-30,14:06:59,608.2193736966667,3.0248630266666665,-0.13524040333333334,5
2024-07-30 14:14:34,2024-07-30,14:14:34,612.4823382200001,2.9884234299999997,-0.09268336333333334,5
2024-07-30 14:22:12,2024-07-30,14:22:12,614.6502560733334,2.940072703333333,1.29692527,5
2024-07-30 14:29:47,2024-07-30,14:29:47,617.1096586799999,3.0229327633333334,0.5690133966666666,5
2024-07-30 14:37:12,2024-07-30,14:37:12,622.7936113733334,2.8378158533333333,-0.8405039100000001,5
2024-07-30 14:44:47,2024-07-30,14:44:47,626.4736063866666,2.6250632266666667,-1.0091545266666666,5
2024-07-30 14:52:22,2024-07-30,14:52:22,630.6454819233334,2.7333933433333333,-0.7467663533333333,5
2024-07-30 15:00:00,2024-07-30,15:00:00,625.94529027,2.656794866666667,-1.5830365000000002,5
2024-07-30 15:07:34,2024-07-30,15:07:34,623.7045012266667,2.6302419833333333,-1.7263445400000001,5
2024-07-30 15:15:09,2024-07-30,15:15:09,629.95320563,2.63593861,-1.80292212,5
2024-07-30 15:22:43,2024-07-30,15:22:43,629.3338005266666,2.548323513333333,-0.11702573666666671,5
2024-07-30 15:30:20,2024-07-30,15:30:20,630.08073021,2.6271818133333333,-0.42440573666666664,5
2024-07-30 15:37:56,2024-07-30,15:37:56,644.47278991,2.6154589966666664,1.4532445033333332,5
2024-07-30 15:45:32,2024-07-30,15:45:32,663.8018726266666,2.649215053333333,3.176270016666667,5
2024-07-30 15:53:06,2024-07-30,15:53:06,651.9785223133334,2.6752971433333332,1.9729723333333335,5
2024-07-30 16:00:43,2024-07-30,16:00:43,643.2157619133334,2.7435154533333335,0.7888840233333333,5
2024-07-30 16:08:19,2024-07-30,16:08:19,662.8363293799999,2.6544879666666668,4.61334925,5
2024-07-30 16:15:55,2024-07-30,16:15:55,645.9666492766665,2.8695004100000006,2.2878151466666665,5
2024-07-30 16:23:31,2024-07-30,16:23:31,626.8561801233333,2.55788067,0.12054470666666668,5
2024-07-30 16:31:08,2024-07-30,16:31:08,641.4304178,2.508352953333333,2.1638664366666664,5
2024-07-30 16:38:44,2024-07-30,16:38:44,633.08666673,2.598510343333334,1.0772745866666666,5
2024-07-30 16:46:20,2024-07-30,16:46:20,624.99796482,2.5225239066666667,-1.3221728799999999,5
2024-07-30 16:53:55,2024-07-30,16:53:55,614.7777806533333,2.3668317333333335,-1.6891054433333332,5
2024-07-30 17:01:29,2024-07-30,17:01:29,627.6031098033333,2.249791896666667,-0.8856706833333333,5
2024-07-30 17:09:04,2024-07-30,17:09:04,627.3116250500001,2.283077163333333,-0.47918970000000005,5
2024-07-30 17:16:41,2024-07-30,17:16:41,632.1211234833332,2.30209731,-1.07643483,5
2024-07-30 17:24:16,2024-07-30,17:24:16,636.34765241,2.3736111933333333,0.27203835000000004,5
2024-07-30 17:31:53,2024-07-30,17:31:53,640.3737855633334,2.37714216,0.3980134633333334,5
2024-07-30 17:39:28,2024-07-30,17:39:28,633.1231023233332,2.4283647433333333,0.2681584866666667,5
2024-07-30 17:47:06,2024-07-30,17:47:06,656.3507936133333,2.5208290399999997,2.022792743333333,5
2024-07-30 17:54:41,2024-07-30,17:54:41,671.8359211400001,2.63156021,2.8908036,5
2024-07-30 18:02:20,2024-07-30,18:02:20,674.0949279800001,2.603265383333333,4.290243853333334,5
2024-07-30 18:09:55,2024-07-30,18:09:55,662.6177158166666,2.4925812933333336,3.4619363733333337,5
2024-07-30 18:17:30,2024-07-30,18:17:30,695.5008395633334,2.6337729566666668,8.325162463333333,5
2024-07-30 18:25:01,2024-07-30,18:25:01,715.9958612933333,2.642670993333333,10.233303773333333,5
2024-07-30 18:32:36,2024-07-30,18:32:36,727.7463404166666,2.5315161066666665,10.839226366666667,5
2024-07-30 18:40:10,2024-07-30,18:40:10,741.5372128166667,2.7852279600000003,12.447355523333334,5
2024-07-30 18:47:45,2024-07-30,18:47:45,705.66637034,2.8021295333333334,8.91024116,5
2024-07-30 18:55:21,2024-07-30,18:55:21,677.6838340066666,2.7092886000000003,4.61075001,5
2024-07-30 19:02:53,2024-07-30,19:02:53,678.30323911,2.77303435,3.213908996666667,5
2024-07-30 19:10:26,2024-07-30,19:10:26,667.4818676366666,2.7947380366666668,3.18496747,5
2024-07-30 19:18:00,2024-07-30,19:18:00,659.84861066,2.5857988633333333,1.0399055233333334,5
2024-07-30 19:25:32,2024-07-30,19:25:32,660.4862335533334,2.6119751066666663,3.27362151,5
2024-07-30 19:33:06,2024-07-30,19:33:06,666.8078091433334,2.780661243333333,7.27496995,5
2024-07-30 19:40:40,2024-07-30,19:40:40,675.2608669933334,2.87618571,8.185153453333333,5
2024-07-30 19:48:16,2024-07-30,19:48:16,706.0853796733333,2.739184133333333,7.811962723333333,5
2024-07-30 19:55:53,2024-07-30,19:55:53,720.9328843066666,2.7816499133333337,8.311266533333333,5
2024-07-30 20:03:29,2024-07-30,20:03:29,775.4587510000001,2.9167212300000003,15.30801794,5
2024-07-30 20:11:06,2024-07-30,20:11:06,798.8686202633334,3.0092326066666666,17.195965166666667,5
2024-07-30 20:18:43,2024-07-30,20:18:43,788.4480403266666,2.96224718,16.406196406666666,5
2024-07-30 20:26:17,2024-07-30,20:26:17,799.4515897699999,2.9694032766666667,18.300641726666665,5
2024-07-30 20:33:52,2024-07-30,20:33:52,808.0321722,3.0868668333333336,20.105113393333337,5
2024-07-30 20:41:27,2024-07-30,20:41:27,724.0116920099999,2.8033536033333335,11.626595833333333,5
2024-07-30 20:49:02,2024-07-30,20:49:02,682.6937282100001,2.71253709,5.7960029833333335,5
2024-07-30 20:56:34,2024-07-30,20:56:34,691.40183522,2.554961736666667,5.768611,5
2024-07-30 21:04:07,2024-07-30,21:04:07,705.5570635566668,2.5572686366666666,6.629608903333334,5
2024-07-30 21:11:42,2024-07-30,21:11:42,724.8314928833333,2.5089179033333333,8.12562089,5
2024-07-30 21:19:20,2024-07-30,21:19:20,701.9681575333334,2.4745498133333332,6.562478563333333,5
2024-07-30 21:26:55,2024-07-30,21:26:55,673.6577008533333,2.3713042933333335,3.9775354099999998,5
2024-07-30 21:34:28,2024-07-30,21:34:28,671.7630499500001,2.3089238499999998,2.302375883333333,5
2024-07-30 21:42:02,2024-07-30,21:42:02,678.6129416633333,2.2886796266666667,3.3443208099999997,5
2024-07-30 21:49:38,2024-07-30,21:49:38,680.3254145866667,2.2516279999999997,4.249555766666667,5
2024-07-30 21:57:14,2024-07-30,21:57:14,670.7064177233334,2.301532356666667,3.0210154733333336,5
2024-07-30 22:04:54,2024-07-30,22:04:54,665.9515726833333,2.16189432,2.789333306666667,5
2024-07-30 22:12:31,2024-07-30,22:12:31,675.7345297233333,2.1625534366666663,3.879664066666667,5
2024-07-30 22:20:03,2024-07-30,22:20:03,661.1056386566667,2.1995109066666667,2.4954193633333333,5
2024-07-30 22:27:38,2024-07-30,22:27:38,658.4822758766667,2.1618001633333335,3.04020985,5
2024-07-30 22:35:17,2024-07-30,22:35:17,667.22681848,2.2092093,4.097550273333333,5
2024-07-30 22:42:51,2024-07-30,22:42:51,689.56183771,2.27300213,7.008547956666667,5
2024-07-30 22:50:21,2024-07-30,22:50:21,744.1059222066666,2.3371245199999997,12.001885953333334,5
2024-07-30 22:57:55,2024-07-30,22:57:55,758.98986243,2.3339231066666666,14.043388216666665,5
2024-07-30 23:05:32,2024-07-30,23:05:32,701.2576634466667,2.2942350233333335,7.030491533333333,5
2024-07-30 23:13:06,2024-07-30,23:13:06,669.01216259,2.16641396,4.477838926666666,5
2024-07-30 23:20:44,2024-07-30,23:20:44,648.9179324033333,2.2101979666666667,2.9102479033333335,5
2024-07-30 23:28:18,2024-07-30,23:28:18,630.2993437733334,2.0733376299999997,-0.28488159,5
2024-07-30 23:35:51,2024-07-30,23:35:51,622.6114334,1.9082766233333333,-2.1848602933333336,5
2024-07-30 23:43:25,2024-07-30,23:43:25,632.9409243533333,1.8190137366666665,-1.1767854500000001,5
2024-07-30 23:51:01,2024-07-30,23:51:01,640.9021016833334,1.7510308233333334,-0.8357553000000001,5
2024-07-30 23:58:36,2024-07-30,23:58:36,641.6490313633333,1.87150747,-0.98766082,5
2024-07-31 00:06:13,2024-07-31,00:06:13,680.05214763,1.8107748099999998,2.4470335266666665,5
2024-07-31 00:13:50,2024-07-31,00:13:50,713.8097256433333,1.9480117866666669,4.729365283333333,5
2024-07-31 00:21:27,2024-07-31,00:21:27,716.1233858733334,1.84669653,4.026386106666667,5
2024-07-31 00:29:01,2024-07-31,00:29:01,727.5095090533333,2.0807762066666666,5.389222083333333,5
2024-07-31 00:36:38,2024-07-31,00:36:38,675.0786890266667,1.90093221,1.2100407100000001,5
2024-07-31 00:44:15,2024-07-31,00:44:15,648.5353586633332,1.8489563533333335,0.4295292366666666,5
2024-07-31 00:51:49,2024-07-31,00:51:49,635.3274557733333,1.8238158566666665,0.08459523000000001,5
2024-07-31 00:59:25,2024-07-31,00:59:25,627.2751894533334,1.8684943766666668,-0.3801287,5
2024-07-31 01:07:02,2024-07-31,01:07:02,624.3603419233333,1.9220238566666665,-1.0414450733333334,5
2024-07-31 01:14:39,2024-07-31,01:14:39,619.7512392566666,1.8510278500000001,-1.7529367533333333,5
2024-07-31 01:22:15,2024-07-31,01:22:15,628.3500394866668,1.7475940133333332,-1.0908805966666666,5
2024-07-31 01:29:51,2024-07-31,01:29:51,643.10645513,1.7202407766666667,-0.5491891999999999,5
2024-07-31 01:37:24,2024-07-31,01:37:24,642.6145746066667,1.6622199066666667,-1.8452597233333332,5
2024-07-31 01:45:01,2024-07-31,01:45:01,642.8514059733334,1.7618591300000002,-2.6912120366666663,5
2024-07-31 01:52:33,2024-07-31,01:52:33,645.6205111266667,1.8316310633333333,-2.4307882866666666,5
2024-07-31 02:00:09,2024-07-31,02:00:09,637.2585422633334,1.6991491266666667,-2.634728576666667,5
2024-07-31 02:07:47,2024-07-31,02:07:47,642.7056635933333,1.7207115733333334,-2.4887713066666666,5
2024-07-31 02:15:23,2024-07-31,02:15:23,628.9147911966667,1.64905645,-3.422997776666666,5
2024-07-31 02:22:57,2024-07-31,02:22:57,629.9167700366667,1.7568686933333335,-3.696917576666667,5
2024-07-31 02:30:35,2024-07-31,02:30:35,634.6716150766666,1.7873291800000002,-3.4080021666666673,5
2024-07-31 02:38:12,2024-07-31,02:38:12,628.8783556,1.7918017433333333,-4.214765956666667,5
2024-07-31 02:45:48,2024-07-31,02:45:48,624.99796482,1.7809734366666667,-4.639641553333333,5
2024-07-31 02:53:23,2024-07-31,02:53:23,627.3298428466666,1.828523813333333,-3.4469907533333335,5
2024-07-31 03:01:04,2024-07-31,03:01:04,621.3179698066666,1.8494271433333331,-3.2090604166666665,5
2024-07-31 03:08:43,2024-07-31,03:08:43,617.1460942733333,1.8638334966666665,-3.4949767033333337,5
2024-07-31 03:16:20,2024-07-31,03:16:20,611.7171907400001,1.9098302466666668,-4.61015019,5
2024-07-31 03:23:57,2024-07-31,03:23:57,626.87439792,1.8393991933333333,-3.4769819666666666,5
2024-07-31 03:31:32,2024-07-31,03:31:32,626.7650911366667,1.7921783766666666,-3.1450791466666668,5
2024-07-31 03:39:06,2024-07-31,03:39:06,616.9639163033333,1.7334701433333333,-3.91035508,5
2024-07-31 03:46:45,2024-07-31,03:46:45,608.01897793,1.8377514133333335,-3.864868396666667,5
2024-07-31 03:54:20,2024-07-31,03:54:20,620.99004946,1.6815884466666666,-3.8533717666666667,5
2024-07-31 04:01:53,2024-07-31,04:01:53,620.3888621566667,1.6414436866666666,-4.313736976666667,5
2024-07-31 04:09:25,2024-07-31,04:09:25,612.2272890566666,1.7140262766666667,-4.5206763866666675,5
2024-07-31 04:17:01,2024-07-31,04:17:01,612.5916450033334,1.67509146,-4.496183556666666,5
2024-07-31 04:24:34,2024-07-31,04:24:34,621.19044523,1.5704335566666667,-4.98054174,5
2024-07-31 04:32:08,2024-07-31,04:32:08,627.93103015,1.7688269099999998,-4.494184143333334,5
2024-07-31 04:39:39,2024-07-31,04:39:39,641.7036847566666,1.7319635933333333,-4.3077387300000005,5
2024-07-31 04:47:15,2024-07-31,04:47:15,627.32984285,1.76939186,-3.7499020633333338,5
2024-07-31 04:54:49,2024-07-31,04:54:49,614.8870874333334,1.6576720166666667,-3.96233986,5
2024-07-31 05:02:28,2024-07-31,05:02:28,621.9009393166667,1.7013147899999999,-4.282246193333333,5
2024-07-31 05:10:04,2024-07-31,05:10:04,622.4474732266667,1.7912367833333331,-2.65882152,5
2024-07-31 05:17:41,2024-07-31,05:17:41,627.7306343833333,1.90305079,-1.0321977833333333,5
2024-07-31 05:25:18,2024-07-31,05:25:18,643.3979398866667,1.92310669,1.4845853233333335,5
2024-07-31 05:32:54,2024-07-31,05:32:54,637.6228982033333,1.9203760766666667,1.1356025033333335,5
2024-07-31 05:40:28,2024-07-31,05:40:28,617.0003518966668,1.9170805066666665,0.23147722666666667,5
2024-07-31 05:48:05,2024-07-31,05:48:05,602.4261142233333,1.86034961,-1.1163231533333333,5
2024-07-31 05:55:40,2024-07-31,05:55:40,610.9338254666667,1.7583281566666666,-0.5704829666666666,5
2024-07-31 06:03:16,2024-07-31,06:03:16,602.8086879633333,1.8393991966666665,-1.15826087,5
2024-07-31 06:10:51,2024-07-31,06:10:51,629.9896412200001,1.8127050733333334,0.43361304,5
2024-07-31 06:18:28,2024-07-31,06:18:28,636.2565634233333,1.7151091066666666,-0.14900137000000002,5
2024-07-31 06:26:05,2024-07-31,06:26:05,631.6292429599999,1.7685444266666668,-0.010696866666666693,5
2024-07-31 06:33:41,2024-07-31,06:33:41,657.4256436433333,1.7294212966666667,2.3314973566666666,5
2024-07-31 06:41:15,2024-07-31,06:41:15,754.34432417,1.9041806999999997,10.414500723333333,5
2024-07-31 06:48:52,2024-07-31,06:48:52,811.4753358500001,2.2099154899999998,14.633065563333332,5
2024-07-31 06:56:27,2024-07-31,06:56:27,731.5902956,2.0927344166666666,8.238707776666667,5
2024-07-31 07:04:04,2024-07-31,07:04:04,707.4152788633332,2.046925986666667,6.157672086666667,5
2024-07-31 07:11:40,2024-07-31,07:11:40,696.17489806,2.1461226633333332,5.401068613333333,5
2024-07-31 07:19:15,2024-07-31,07:19:15,678.7040306466666,2.2331257233333335,3.5713043499999997,5
2024-07-31 07:26:48,2024-07-31,07:26:48,646.03952046,2.2824180433333336,1.9583966000000002,5
2024-07-31 07:34:30,2024-07-31,07:34:30,594.0459275633333,2.3777071166666666,-1.5752887666666666,5
2024-07-31 07:42:05,2024-07-31,07:42:05,564.1323047366667,2.4752560066666667,-3.2800396333333333,5
2024-07-31 07:49:40,2024-07-31,07:49:40,555.2238019600001,2.47031265,-4.312737266666667,5
2024-07-31 07:57:16,2024-07-31,07:57:16,581.5485187566667,2.6443187800000003,-3.011618223333333,5
2024-07-31 08:04:52,2024-07-31,08:04:52,598.49107005,2.7955854700000002,-2.01590976,5
2024-07-31 08:12:26,2024-07-31,08:12:26,600.2946319633334,3.05000352,-1.7260446299999999,5
2024-07-31 08:20:04,2024-07-31,08:20:04,597.3615666300001,3.210827366666667,-2.0040632300000003,5
2024-07-31 08:27:39,2024-07-31,08:27:39,601.0415616433334,3.34735815,-1.69640331,5
2024-07-31 08:35:17,2024-07-31,08:35:17,594.5013724866667,3.3656721033333334,-1.76298381,5
2024-07-31 08:42:52,2024-07-31,08:42:52,597.6530513833333,3.299054496666667,-2.5782451133333333,5
2024-07-31 08:50:29,2024-07-31,08:50:29,604.21145834,3.351312833333333,-2.411293993333333,5
2024-07-31 08:58:01,2024-07-31,08:58:01,597.5255268033334,3.4754616833333336,-3.06310315,5
2024-07-31 09:05:37,2024-07-31,09:05:37,598.5092878466667,3.5673610300000003,-3.1695719733333334,5
2024-07-31 09:13:16,2024-07-31,09:13:16,607.2538304533333,3.6976773066666673,-2.9831265666666664,5
2024-07-31 09:20:52,2024-07-31,09:20:52,608.2922448866666,3.6892971399999994,-3.0156170533333335,5
2024-07-31 09:28:26,2024-07-31,09:28:26,619.8787638366666,4.14290889,11.780900653333333,5
2024-07-31 09:36:04,2024-07-31,09:36:04,647.53337982,6.353860133333334,92.68886149333333,5
2024-07-31 09:43:39,2024-07-31,09:43:39,664.8585048566666,5.37027355,47.28065662999999,5
2024-07-31 09:51:14,2024-07-31,09:51:14,654.9480232366667,4.795008159999999,28.558138420000002,5
2024-07-31 09:58:49,2024-07-31,09:58:49,665.45969216,4.721328616666667,23.922995553333333,5
2024-07-31 10:06:26,2024-07-31,10:06:26,654.45614272,4.572180506666666,21.033841473333336,5
2024-07-31 10:14:05,2024-07-31,10:14:05,648.0616959366666,4.372280606666667,15.861655843333333,5
2024-07-31 10:21:40,2024-07-31,10:21:40,642.0133873033333,4.20288828,10.230054729999999,5
2024-07-31 10:29:19,2024-07-31,10:29:19,639.35358893,4.201240496666666,9.44263528,5
2024-07-31 10:36:56,2024-07-31,10:36:56,631.1920158333334,4.125536530000001,8.523354433333333,5
2024-07-31 10:44:31,2024-07-31,10:44:31,641.3939822033334,4.158398076666667,9.092937663333332,5
2024-07-31 10:52:07,2024-07-31,10:52:07,643.6894246366667,3.96292366,9.099985603333332,5
2024-07-31 10:59:44,2024-07-31,10:59:44,661.37890561,4.148275963333333,13.364786903333334,5
2024-07-31 11:07:20,2024-07-31,11:07:20,649.88347565,4.184621403333334,12.723024806666666,5
2024-07-31 11:14:55,2024-07-31,11:14:55,615.1967899833334,3.89607066,5.583565183333334,5
2024-07-31 11:22:32,2024-07-31,11:22:32,614.3769891166667,3.9007315333333334,5.619254730000001,5
2024-07-31 11:30:07,2024-07-31,11:30:07,629.4977607000001,3.9727632933333332,7.259524473333333,5
2024-07-31 11:37:43,2024-07-31,11:37:43,626.4371707933334,4.1206402566666664,5.45620247,5
2024-07-31 11:45:21,2024-07-31,11:45:21,611.66253735,3.8601018566666667,3.3173287133333336,5
2024-07-31 11:52:55,2024-07-31,11:52:55,598.0356251266667,3.80468919,2.1630166833333333,5
2024-07-31 12:00:30,2024-07-31,12:00:30,613.2657034933333,3.583179766666667,2.2768833466666667,5
2024-07-31 12:08:11,2024-07-31,12:08:11,618.6581714333333,3.81109201,4.710170903333334,5
2024-07-31 12:15:51,2024-07-31,12:15:51,621.6458901533333,3.8027589266666664,4.43985005,5
2024-07-31 12:23:30,2024-07-31,12:23:30,623.6680656333333,3.879686963333333,4.2970418666666665,5
2024-07-31 12:31:05,2024-07-31,12:31:05,617.1825298666668,3.7651423433333338,2.6212325233333336,5
2024-07-31 12:38:43,2024-07-31,12:38:43,612.0633288833334,3.7762531233333334,2.55215275,5
2024-07-31 12:46:22,2024-07-31,12:46:22,613.3750102766667,3.871448036666667,2.6843640433333333,5
2024-07-31 12:53:58,2024-07-31,12:53:58,627.7124165866666,3.7352468133333336,3.8583703000000007,5
2024-07-31 13:01:35,2024-07-31,13:01:35,649.2094171566667,3.69692403,4.508280013333334,5
2024-07-31 13:09:10,2024-07-31,13:09:10,650.92189008,3.5098768600000003,4.112495893333333,5
2024-07-31 13:16:48,2024-07-31,13:16:48,660.7048471166667,3.637792076666667,5.387722523333333,5
2024-07-31 13:24:26,2024-07-31,13:24:26,673.8945322133333,3.6892500599999996,9.665320076666667,5
2024-07-31 13:32:02,2024-07-31,13:32:02,647.8248645733333,3.6537991400000003,7.62056876,5
2024-07-31 13:39:39,2024-07-31,13:39:39,645.6933823166665,3.6982422600000002,5.500139609999999,5
2024-07-31 13:47:15,2024-07-31,13:47:15,650.9583256766667,3.5844038333333335,5.445905483333334,5
2024-07-31 13:54:50,2024-07-31,13:54:50,632.0482522933333,3.3344112666666668,3.7401049299999998,5
2024-07-31 14:02:24,2024-07-31,14:02:24,625.6355877166667,3.51868074,2.0290559066666667,5
2024-07-31 14:10:02,2024-07-31,14:10:02,632.6312218033335,3.288037876666666,3.251098106666666,5
2024-07-31 14:17:41,2024-07-31,14:17:41,631.1737980333334,3.4192015866666665,3.2252056900000006,5
2024-07-31 14:25:19,2024-07-31,14:25:19,624.6700444733333,3.3494767299999997,2.76624007,5
2024-07-31 14:32:54,2024-07-31,14:32:54,631.93894551,3.202211803333333,1.5138767499999999,5
2024-07-31 14:40:29,2024-07-31,14:40:29,627.43914963,3.20159977,2.5263603033333335,5
2024-07-31 14:48:05,2024-07-31,14:48:05,629.9714234233332,3.056123866666667,2.9161961633333333,5
2024-07-31 14:55:41,2024-07-31,14:55:41,631.13736244,3.15536762,1.85374724,5
2024-07-31 15:03:19,2024-07-31,15:03:19,632.5583506133333,3.1579569966666665,0.07189894999999995,5
2024-07-31 15:10:54,2024-07-31,15:10:54,627.8581589666668,3.123541826666667,-1.9604260066666666,5
2024-07-31 15:18:25,2024-07-31,15:18:25,629.4977607033334,3.0183660433333332,0.5314443966666668,5
2024-07-31 15:25:56,2024-07-31,15:25:56,624.4696487033333,3.0622912899999997,-1.1614449366666666,5
2024-07-31 15:33:29,2024-07-31,15:33:29,637.0399287,2.9083410633333333,-0.57281728,5
2024-07-31 15:41:06,2024-07-31,15:41:06,650.7579299066666,2.8711481966666668,1.16035026,5
2024-07-31 15:48:42,2024-07-31,15:48:42,662.9274183666666,2.9316925333333335,2.171564183333333,5
2024-07-31 15:56:19,2024-07-31,15:56:19,679.2323467633333,2.82251499,3.0556553300000004,5
2024-07-31 16:03:53,2024-07-31,16:03:53,679.3963069333333,2.99948713,3.1685222866666667,5
2024-07-31 16:11:26,2024-07-31,16:11:26,682.9305595733334,2.99082449,3.4097516566666664,5
2024-07-31 16:19:01,2024-07-31,16:19:01,671.16186265,2.8128636766666664,3.154976253333334,5
2024-07-31 16:26:37,2024-07-31,16:26:37,646.4220942000001,2.791913263333333,-0.98011303,5
2024-07-31 16:34:11,2024-07-31,16:34:11,638.2787388966667,2.6839597833333335,-2.0567977866666665,5
2024-07-31 16:41:47,2024-07-31,16:41:47,633.0502311366668,2.649827086666667,-0.90012645,5
2024-07-31 16:49:22,2024-07-31,16:49:22,655.4034681633334,2.74601067,-0.46856281000000005,5
2024-07-31 16:56:58,2024-07-31,16:56:58,652.61614521,2.727555476666667,-0.28728288333333335,5
2024-07-31 17:04:33,2024-07-31,17:04:33,657.9175241666667,2.6245924333333335,-1.22869025,5
2024-07-31 17:12:09,2024-07-31,17:12:09,645.1286306066667,2.542721043333333,-1.1047565366666667,5
2024-07-31 17:19:45,2024-07-31,17:19:45,640.8838838866667,2.711218863333334,0.03149577666666666,5
2024-07-31 17:27:21,2024-07-31,17:27:21,654.3286181366666,2.672660686666667,0.5360905366666667,5
2024-07-31 17:35:01,2024-07-31,17:35:01,641.52150678,2.7465756266666665,-0.2277333233333332,5
2024-07-31 17:42:34,2024-07-31,17:42:34,641.7583381466667,2.7092415200000004,0.26775660333333334,5
2024-07-31 17:50:06,2024-07-31,17:50:06,654.18287576,2.4838244900000004,1.7298985,5
2024-07-31 17:57:43,2024-07-31,17:57:43,657.6806928,2.6400816166666665,2.4831729466666665,5
2024-07-31 18:05:19,2024-07-31,18:05:19,660.46801576,2.577371616666667,2.63982708,5
2024-07-31 18:12:55,2024-07-31,18:12:55,650.9583256766666,2.563530216666667,2.4495327966666665,5
2024-07-31 18:20:27,2024-07-31,18:20:27,678.6675950499999,2.6933756999999994,4.796745556666667,5
2024-07-31 18:28:01,2024-07-31,18:28:01,692.1305471033332,2.7882881333333334,10.426697153333334,5
2024-07-31 18:35:38,2024-07-31,18:35:38,672.746811,2.617907133333333,7.81836085,5
2024-07-31 18:43:15,2024-07-31,18:43:15,671.10720926,2.5528431533333333,5.359180876666667,5
2024-07-31 18:50:49,2024-07-31,18:50:49,671.9634457233334,2.57991391,5.670889610000001,5
2024-07-31 18:58:24,2024-07-31,18:58:24,667.1721650866667,2.5943673466666666,5.622353820000001,5
2024-07-31 19:06:01,2024-07-31,19:06:01,681.8010561533333,2.3828387933333333,3.17482044,5
2024-07-31 19:13:38,2024-07-31,19:13:38,690.1265894233334,2.52172355,2.7821354133333336,5
2024-07-31 19:21:12,2024-07-31,19:21:12,667.0446405066667,2.280205303333333,2.0439915366666668,5
2024-07-31 19:28:45,2024-07-31,19:28:45,641.2118042333333,2.30525164,0.50089834,5
2024-07-31 19:36:19,2024-07-31,19:36:19,625.0526182133334,2.4311895166666666,0.40990598333333333,5
2024-07-31 19:43:54,2024-07-31,19:43:54,655.8042597,2.4848602433333333,3.7776889233333333,5
2024-07-31 19:51:25,2024-07-31,19:51:25,690.6549055400001,2.389806566666667,6.56497783,5
2024-07-31 19:59:00,2024-07-31,19:59:00,701.23944565,2.4975717266666666,8.28722357,5
2024-07-31 20:06:33,2024-07-31,20:06:33,673.5119584733334,2.2867022900000005,4.561114543333334,5
2024-07-31 20:14:08,2024-07-31,20:14:08,682.7483816,2.3322753199999995,7.188445283333333,5
2024-07-31 20:21:42,2024-07-31,20:21:42,671.5262185933333,2.2584074600000004,6.405774446666666,5
2024-07-31 20:29:15,2024-07-31,20:29:15,670.1234482166666,2.23599758,8.227291119999999,5
2024-07-31 20:36:50,2024-07-31,20:36:50,650.0838714133333,2.15742176,6.31740032,5
2024-07-31 20:44:26,2024-07-31,20:44:26,636.6755727533333,2.0878381433333337,3.1339324133333335,5
2024-07-31 20:52:01,2024-07-31,20:52:01,638.7706194233334,2.0558240266666665,3.6335861166666668,5
2024-07-31 20:59:34,2024-07-31,20:59:34,637.6411159999999,2.0550707533333337,3.5331655200000003,5
2024-07-31 21:07:10,2024-07-31,21:07:10,657.1523766866667,2.0539408466666664,4.1066476100000004,5
2024-07-31 21:14:49,2024-07-31,21:14:49,639.8272516533333,2.07766895,1.0898409033333334,5
2024-07-31 21:22:22,2024-07-31,21:22:22,666.6074133766666,2.081670716666667,3.1690121399999995,5
2024-07-31 21:29:57,2024-07-31,21:29:57,675.8438365033334,2.0401936033333334,5.112753026666667,5
2024-07-31 21:37:30,2024-07-31,21:37:30,664.6034556966666,1.96802061,3.64878167,5
2024-07-31 21:45:06,2024-07-31,21:45:06,683.1127375433333,1.9282854466666668,5.33198884,5
2024-07-31 21:52:42,2024-07-31,21:52:42,694.60816751,1.9685855633333336,5.3091455299999994,5
2024-07-31 22:00:19,2024-07-31,22:00:19,670.8885956933333,1.9212235033333336,3.60544436,5
2024-07-31 22:07:53,2024-07-31,22:07:53,672.98364236,1.8793697600000001,4.315586433333333,5
2024-07-31 22:15:29,2024-07-31,22:15:29,686.3737232233333,1.9271084566666667,7.213887836666667,5
2024-07-31 22:23:03,2024-07-31,22:23:03,672.7650287933334,1.84679069,4.497683116666667,5
2024-07-31 22:30:38,2024-07-31,22:30:38,669.6133498966666,1.8111514466666667,3.659928406666667,5
2024-07-31 22:38:13,2024-07-31,22:38:13,646.4585297933332,1.7634127533333332,2.328688183333333,5
2024-07-31 22:45:47,2024-07-31,22:45:47,642.10447629,1.73121032,0.5796127933333334,5
2024-07-31 22:53:24,2024-07-31,22:53:24,639.29893554,1.7843160900000001,0.3080887966666667,5
2024-07-31 23:01:00,2024-07-31,23:01:00,623.8684614,1.86063209,0.7683050466666668,5
2024-07-31 23:08:33,2024-07-31,23:08:33,631.3559760033335,1.7625653200000002,0.25219615999999995,5
2024-07-31 23:16:08,2024-07-31,23:16:08,637.0217109033333,1.7642601866666665,-0.005604363333333334,5
2024-07-31 23:23:42,2024-07-31,23:23:42,619.2775765366666,1.8319135400000002,0.3832123,5
2024-07-31 23:31:16,2024-07-31,23:31:16,604.2114583399999,1.7653900966666667,-0.8843410733333332,5
2024-07-31 23:38:49,2024-07-31,23:38:49,626.4189529933334,1.745475436666667,0.27601918333333336,5
2024-07-31 23:46:21,2024-07-31,23:46:21,642.8878415666667,1.6296125866666669,-0.12138045999999998,5
2024-07-31 23:53:54,2024-07-31,23:53:54,646.1670450400001,1.5329017166666665,0.16336936,5
2024-08-01 00:01:30,2024-08-01,00:01:30,655.33059698,1.5597888633333332,1.4373791466666666,5
2024-08-01 00:09:04,2024-08-01,00:09:04,684.2422409633333,1.6073439466666664,4.322584383333333,5
2024-08-01 00:16:41,2024-08-01,00:16:41,698.0695489533333,1.6368863833333334,5.971801506666668,5
2024-08-01 00:24:16,2024-08-01,00:24:16,669.9412702466667,1.70809425,2.46297886,5
2024-08-01 00:31:50,2024-08-01,00:31:50,678.0117543566666,1.75498551,2.958583753333333,5
2024-08-01 00:39:29,2024-08-01,00:39:29,678.2303679233333,1.6102158,3.9271501633333337,5
2024-08-01 00:47:05,2024-08-01,00:47:05,654.05535118,1.6498097266666667,1.5866104533333332,5
2024-08-01 00:54:41,2024-08-01,00:54:41,650.2113959966667,1.6897897066666667,0.8753037166666667,5
2024-08-01 01:02:18,2024-08-01,01:02:18,648.2438739066666,1.6711367766666667,1.0537014833333334,5
2024-08-01 01:09:53,2024-08-01,01:09:53,651.5595129833333,1.7319165133333332,1.0172371633333335,5
2024-08-01 01:17:27,2024-08-01,01:17:27,651.4684239933334,1.7968392566666667,1.6123379199999999,5
2024-08-01 01:25:01,2024-08-01,01:25:01,636.1290388433334,1.6939703733333333,1.13482773,5
2024-08-01 01:32:35,2024-08-01,01:32:35,632.8680531666668,1.61798393,0.7628666366666667,5
2024-08-01 01:40:11,2024-08-01,01:40:11,631.9571633099999,1.7131317633333332,0.6083968666666667,5
2024-08-01 01:47:50,2024-08-01,01:47:50,618.16629091,1.6737638199999998,0.47279657,5
2024-08-01 01:55:28,2024-08-01,01:55:28,616.7088671433334,1.69768966,-0.7862557933333333,5
2024-08-01 02:03:03,2024-08-01,02:03:03,620.4252977466666,1.6651529633333333,-1.0010069133333335,5
2024-08-01 02:10:38,2024-08-01,02:10:38,634.8902286433333,1.5423035066666666,-0.33496192666666663,5
2024-08-01 02:18:15,2024-08-01,02:18:15,637.6775515966667,1.6371924,-0.6604066366666665,5
2024-08-01 02:25:50,2024-08-01,02:25:50,641.5943779733333,1.67725712,-0.11351676333333337,5
2024-08-01 02:33:27,2024-08-01,02:33:27,651.2315926333334,1.6035775799999998,0.18298792333333333,5
2024-08-01 02:41:02,2024-08-01,02:41:02,631.9025099166666,1.6526345033333334,-0.18130091666666667,5
2024-08-01 02:48:36,2024-08-01,02:48:36,613.0835255233333,1.5473174833333332,-1.0830328933333333,5
2024-08-01 02:56:12,2024-08-01,02:56:12,598.2178030933334,1.6128051766666667,-2.023907416666667,5
2024-08-01 03:03:45,2024-08-01,03:03:45,610.0411534066667,1.6456196433333334,-1.2464350533333333,5
2024-08-01 03:11:21,2024-08-01,03:11:21,623.6498478366667,1.52583507,-0.8569990766666667,5
2024-08-01 03:18:55,2024-08-01,03:18:55,625.63558772,1.64933893,-0.38498728,5
2024-08-01 03:26:32,2024-08-01,03:26:32,625.4169741533333,1.6855431300000001,-0.07601774333333333,5
2024-08-01 03:34:08,2024-08-01,03:34:08,630.20825479,1.6316370099999997,0.21553539333333338,5
2024-08-01 03:41:45,2024-08-01,03:41:45,633.0137955399999,1.6445838966666668,0.3157025633333333,5
2024-08-01 03:49:17,2024-08-01,03:49:17,637.6228982066667,1.5499539366666666,0.14560736666666665,5
2024-08-01 03:56:54,2024-08-01,03:56:54,623.6680656333334,1.51026585,-0.8437529566666667,5
2024-08-01 04:04:30,2024-08-01,04:04:30,610.9156076666667,1.6359683299999999,-0.9374755166666667,5
2024-08-01 04:12:07,2024-08-01,04:12:07,611.0795678433334,1.7339880133333334,-0.5675688233333332,5
2024-08-01 04:19:44,2024-08-01,04:19:44,616.4173823933334,1.6379456733333333,-0.9559701,5
2024-08-01 04:27:20,2024-08-01,04:27:20,612.99243654,1.7046574366666665,-0.44903352666666674,5
2024-08-01 04:34:55,2024-08-01,04:34:55,617.36470784,1.61619491,-0.7625267366666666,5
2024-08-01 04:42:31,2024-08-01,04:42:31,611.4803593766667,1.5741857966666668,-1.1615599066666666,5
2024-08-01 04:50:04,2024-08-01,04:50:04,594.31919452,1.6939703733333333,-1.1894517366666666,5
2024-08-01 04:57:36,2024-08-01,04:57:36,605.7235354966666,1.6491035333333333,-0.5850786966666667,5
2024-08-01 05:05:09,2024-08-01,05:05:09,603.0637371233335,1.6282001966666666,-0.8665962666666666,5
2024-08-01 05:12:41,2024-08-01,05:12:41,609.1849169466667,1.6430726399999998,-0.44212554666666665,5
2024-08-01 05:20:17,2024-08-01,05:20:17,612.4823382199999,1.6691123566666668,-0.26982100000000003,5
2024-08-01 05:27:51,2024-08-01,05:27:51,596.9425573,1.6253754233333335,0.16110783000000004,5
2024-08-01 05:35:30,2024-08-01,05:35:30,591.2403868133333,1.7027271766666665,0.1246804966666667,5
2024-08-01 05:43:09,2024-08-01,05:43:09,591.9873164933333,1.7619532866666665,-0.98246234,5
2024-08-01 05:50:44,2024-08-01,05:50:44,594.24632333,1.653783243333333,-0.91833112,5
2024-08-01 05:58:16,2024-08-01,05:58:16,607.5088796133333,1.68634348,0.06348141333333335,5
2024-08-01 06:05:50,2024-08-01,06:05:50,611.2981814066667,1.727632276666667,0.2853654466666667,5
2024-08-01 06:13:24,2024-08-01,06:13:24,610.0775890033334,1.7002319566666666,0.021798620000000008,5
2024-08-01 06:21:03,2024-08-01,06:21:03,617.5468858099999,1.7048928333333333,0.6731978933333332,5
2024-08-01 06:28:37,2024-08-01,06:28:37,652.9805011566666,1.7759830033333335,4.01527436,5
2024-08-01 06:36:12,2024-08-01,06:36:12,667.5911744199999,1.7018326633333334,5.187231223333334,5
2024-08-01 06:43:48,2024-08-01,06:43:48,593.3354334733333,1.74801773,-0.5188530833333334,5
2024-08-01 06:51:22,2024-08-01,06:51:22,562.2558716366666,1.7999465099999998,-2.268735733333333,5
2024-08-01 06:58:58,2024-08-01,06:58:58,548.7200483966667,1.8521106833333334,-2.971629933333333,5
2024-08-01 07:06:35,2024-08-01,07:06:35,554.6863769466667,1.7565862133333334,-2.314822243333333,5
2024-08-01 07:14:15,2024-08-01,07:14:15,666.8806803333333,1.8753209166666667,5.021409773333333,5
2024-08-01 07:21:52,2024-08-01,07:21:52,753.9981860233333,2.0580367633333334,10.126635006666666,5
2024-08-01 07:29:33,2024-08-01,07:29:33,798.6317889000001,2.1114250099999996,12.609807953333332,5
2024-08-01 07:37:09,2024-08-01,07:37:09,849.7327097399999,2.4014352233333334,17.27744131333333,5
2024-08-01 07:44:46,2024-08-01,07:44:46,724.7221860999999,2.4874966933333336,8.289422926666667,5
2024-08-01 07:52:22,2024-08-01,07:52:22,639.1714109566666,2.6025591899999996,2.588492113333334,5
2024-08-01 07:59:58,2024-08-01,07:59:58,637.8050761766667,2.69445853,2.3245843799999997,5
2024-08-01 08:07:33,2024-08-01,08:07:33,621.8280681266666,2.8508098166666667,1.7102842466666666,5
2024-08-01 08:15:12,2024-08-01,08:15:12,616.5449069666666,2.96144683,1.4200242299999999,5
2024-08-01 08:22:50,2024-08-01,08:22:50,631.8842921233334,3.74489812,28.86053988,5
2024-08-01 08:30:25,2024-08-01,08:30:25,629.7710276566667,3.9007786133333333,30.051201263333336,5
2024-08-01 08:38:02,2024-08-01,08:38:02,623.99598598,3.80257061,18.83598498666667,5
2024-08-01 08:45:38,2024-08-01,08:45:38,634.2890413366667,3.7407551200000007,16.571547993333333,5
2024-08-01 08:53:14,2024-08-01,08:53:14,609.58570848,3.6658985866666662,11.27874768,5
2024-08-01 09:00:50,2024-08-01,09:00:50,643.79873142,4.177465306666667,25.982892430000003,5
2024-08-01 09:08:27,2024-08-01,09:08:27,648.8997146033333,3.8415054199999994,16.87695857,5
2024-08-01 09:16:03,2024-08-01,09:16:03,630.3357793666668,3.74551016,10.58555064,5
2024-08-01 09:23:39,2024-08-01,09:23:39,621.7187613433333,3.80007539,11.19852117,5
2024-08-01 09:31:16,2024-08-01,09:31:16,607.0352168866666,3.6837417533333334,7.091723606666666,5
2024-08-01 09:38:52,2024-08-01,09:38:52,603.31878628,3.5744229633333333,7.228783476666667,5
2024-08-01 09:46:32,2024-08-01,09:46:32,587.8154409566667,3.6878847500000003,5.821095633333333,5
2024-08-01 09:54:10,2024-08-01,09:54:10,598.32710988,3.7077523333333335,5.728472753333333,5
2024-08-01 10:01:46,2024-08-01,10:01:46,615.4882747400001,3.6861428066666666,6.589370686666666,5
2024-08-01 10:09:25,2024-08-01,10:09:25,616.9456985066666,3.663874163333334,7.3596451599999995,5
2024-08-01 10:17:03,2024-08-01,10:17:03,609.1302635566666,3.78213807,7.753429863333333,5
2024-08-01 10:24:39,2024-08-01,10:24:39,598.8918615900001,3.7546435966666665,5.3329885500000005,5
2024-08-01 10:32:12,2024-08-01,10:32:12,591.7504851266667,3.55125981,4.688777166666667,5
2024-08-01 10:39:48,2024-08-01,10:39:48,608.6748186266666,3.544998226666667,5.978099663333334,5
2024-08-01 10:47:26,2024-08-01,10:47:26,624.6700444733334,3.447308096666667,7.769775076666666,5
2024-08-01 10:55:02,2024-08-01,10:55:02,657.0430699033333,3.481299553333333,9.771738916666665,5
2024-08-01 11:02:35,2024-08-01,11:02:35,661.2331632333334,3.61119212,10.737806063333336,5
2024-08-01 11:10:12,2024-08-01,11:10:12,610.4237271466667,3.25206908,5.16848671,5
2024-08-01 11:17:50,2024-08-01,11:17:50,577.2491186400001,2.979525393333333,2.46203414,5
2024-08-01 11:25:28,2024-08-01,11:25:28,594.4467190966667,3.000381643333333,3.20856056,5
2024-08-01 11:33:02,2024-08-01,11:33:02,607.8550177566667,3.032537,5.0422736666666665,5
2024-08-01 11:40:38,2024-08-01,11:40:38,613.0106543333333,3.0364916833333333,5.16138879,5
2024-08-01 11:48:11,2024-08-01,11:48:11,628.2953860933334,3.099578316666667,4.090452346666667,5
2024-08-01 11:55:47,2024-08-01,11:55:47,622.2288596633333,3.1715629966666667,4.79029744,5
2024-08-01 12:03:21,2024-08-01,12:03:21,610.6787763066667,3.3392133800000003,4.208417809999999,5
2024-08-01 12:10:57,2024-08-01,12:10:57,603.75601341,3.294346543333333,1.76236899,5
2024-08-01 12:18:35,2024-08-01,12:18:35,608.4562050599999,3.04562512,0.5709978166666667,5
2024-08-01 12:26:12,2024-08-01,12:26:12,604.7215566566666,2.8987368300000003,0.7821409966666667,5
2024-08-01 12:33:46,2024-08-01,12:33:46,607.34491944,2.9070699166666665,0.14517249333333337,5
2024-08-01 12:41:24,2024-08-01,12:41:24,604.01106257,2.738430856666666,-1.07250098,5
2024-08-01 12:49:02,2024-08-01,12:49:02,608.91164999,2.7741642599999996,-1.41103686,5
2024-08-01 12:56:38,2024-08-01,12:56:38,625.1072716066666,2.696388796666667,1.3576824833333332,5
2024-08-01 13:04:13,2024-08-01,13:04:13,616.4356001866668,2.579631436666667,-0.5425411466666666,5
2024-08-01 13:11:47,2024-08-01,13:11:47,616.2716400133332,2.5683323366666664,-0.8431531333333333,5
2024-08-01 13:19:24,2024-08-01,13:19:24,616.79995613,2.52205311,-1.0952843133333332,5
2024-08-01 13:26:58,2024-08-01,13:26:58,615.4518391433334,2.6173421766666665,0.013461060000000006,5
2024-08-01 13:34:35,2024-08-01,13:34:35,602.82690576,2.4660754866666665,-0.32292844666666665,5
2024-08-01 13:42:13,2024-08-01,13:42:13,604.9401702233333,2.5367890166666665,-0.7573032666666667,5
2024-08-01 13:49:50,2024-08-01,13:49:50,601.4059175866668,2.4474319733333334,-2.295227976666667,5
2024-08-01 13:57:27,2024-08-01,13:57:27,615.7615416933332,2.4418295033333335,-2.391149893333333,5
2024-08-01 14:05:01,2024-08-01,14:05:01,624.56073769,2.419137146666667,-0.29976223333333335,5
2024-08-01 14:12:36,2024-08-01,14:12:36,631.5745895733334,2.5348116766666666,-0.8520605233333334,5
2024-08-01 14:20:13,2024-08-01,14:20:13,620.66212911,2.5389546800000002,-0.05128498333333331,5
2024-08-01 14:27:50,2024-08-01,14:27:50,615.4882747400001,2.5594342966666668,-1.2657094133333333,5
2024-08-01 14:35:26,2024-08-01,14:35:26,623.9048969966667,2.553831826666667,-0.8889397233333334,5
2024-08-01 14:43:02,2024-08-01,14:43:02,626.9837047033334,2.5465815666666667,-0.47073967,5
2024-08-01 14:50:40,2024-08-01,14:50:40,617.92945955,2.5167801966666667,-1.2925715466666665,5
2024-08-01 14:58:15,2024-08-01,14:58:15,626.12746824,2.33590045,-0.69565132,5
2024-08-01 15:05:51,2024-08-01,15:05:51,606.50690077,2.5896123066666665,-2.0204084433333334,5
2024-08-01 15:13:28,2024-08-01,15:13:28,612.7373873799999,2.5989811433333334,-2.000414296666667,5
2024-08-01 15:21:07,2024-08-01,15:21:07,622.1377706766667,2.6203081933333334,-2.12502781,5
2024-08-01 15:28:43,2024-08-01,15:28:43,621.3908409966666,2.63598569,-1.5517956466666665,5
2024-08-01 15:36:18,2024-08-01,15:36:18,639.8090338566667,2.5362711399999998,-0.07960268999999999,5
2024-08-01 15:43:58,2024-08-01,15:43:58,638.0601253333333,2.5342938,0.4137938466666668,5
2024-08-01 15:51:35,2024-08-01,15:51:35,643.4161576800001,2.643424266666667,0.7047036666666666,5
2024-08-01 15:59:08,2024-08-01,15:59:08,648.2074383133332,2.5871641666666667,1.5369000066666667,5
2024-08-01 16:06:44,2024-08-01,16:06:44,651.8692155266667,2.6216735,2.9094731300000003,5
2024-08-01 16:14:22,2024-08-01,16:14:22,620.3888621566667,2.5257253133333335,-0.9267636500000002,5
2024-08-01 16:22:02,2024-08-01,16:22:02,617.0367874933332,2.50049066,-1.5612428833333336,5
2024-08-01 16:29:37,2024-08-01,16:29:37,634.5076549033333,2.4434302100000003,-1.1511829466666668,5
2024-08-01 16:37:16,2024-08-01,16:37:16,624.10529276,2.340843803333333,-1.6672168533333334,5
2024-08-01 16:44:54,2024-08-01,16:44:54,629.3338005266668,2.43862809,-1.52263019,5
2024-08-01 16:52:30,2024-08-01,16:52:30,633.8518142066667,2.4464433033333335,0.4322434433333333,5
2024-08-01 17:00:06,2024-08-01,17:00:06,649.0454569799999,2.324130556666667,-0.27436966333333335,5
2024-08-01 17:07:44,2024-08-01,17:07:44,632.4490438333333,2.3496006066666664,-1.1217865500000002,5
2024-08-01 17:15:21,2024-08-01,17:15:21,635.91042528,2.2654693966666666,0.4314986599999999,5
2024-08-01 17:22:58,2024-08-01,17:22:58,642.79675258,2.3770950833333333,1.2755765233333334,5
2024-08-01 17:30:33,2024-08-01,17:30:33,628.2771682966667,2.3344409833333333,-0.7187495566666667,5
2024-08-01 17:38:09,2024-08-01,17:38:09,654.5836672966667,2.436038713333333,-0.08117623333333324,5
2024-08-01 17:45:45,2024-08-01,17:45:45,668.66602445,2.4769037899999997,1.9482295766666666,5
2024-08-01 17:53:23,2024-08-01,17:53:23,645.3108085766667,2.326154976666667,1.57667836,5
2024-08-01 18:00:57,2024-08-01,18:00:57,674.4775017233334,2.400164073333333,3.7109134733333335,5
2024-08-01 18:08:33,2024-08-01,18:08:33,674.9876000400001,2.35025972,4.3165861366666665,5
2024-08-01 18:16:10,2024-08-01,18:16:10,681.5095713966666,2.3608526266666665,5.692883173333333,5
2024-08-01 18:23:49,2024-08-01,18:23:49,694.1162869833333,2.3533669733333333,7.036089893333333,5
2024-08-01 18:31:23,2024-08-01,18:31:23,665.8969192933333,2.31316101,4.324633786666667,5
2024-08-01 18:39:01,2024-08-01,18:39:01,670.08701262,2.372104643333333,7.2216355666666665,5
2024-08-01 18:46:42,2024-08-01,18:46:42,673.9491856066667,2.32441303,5.574117946666667,5
2024-08-01 18:54:21,2024-08-01,18:54:21,657.9357419633334,2.4437126866666667,2.4640285533333333,5
2024-08-01 19:01:56,2024-08-01,19:01:56,671.72661436,2.2405172199999996,2.23385095,5
2024-08-01 19:09:33,2024-08-01,19:09:33,642.6874457933333,2.0843071733333334,-0.35584581,5
2024-08-01 19:17:11,2024-08-01,19:17:11,651.5959485733333,2.2528991466666666,0.9152670166666667,5
2024-08-01 19:24:47,2024-08-01,19:24:47,662.4719734399999,2.199463826666667,1.40950231,5
2024-08-01 19:32:23,2024-08-01,19:32:23,668.5931532633334,2.1935318,1.5617877233333333,5
2024-08-01 19:39:59,2024-08-01,19:39:59,681.74640276,2.26852957,4.07665639,5
2024-08-01 19:47:40,2024-08-01,19:47:40,653.0715901366667,2.199463826666667,2.27838291,5
2024-08-01 19:55:15,2024-08-01,19:55:15,645.0011060266667,2.2371274866666666,0.9629430599999999,5
2024-08-01 20:02:50,2024-08-01,20:02:50,659.68465048,2.0300244166666666,1.4420627766666667,5
2024-08-01 20:10:28,2024-08-01,20:10:28,690.39985638,2.134541083333333,4.91336141,5
2024-08-01 20:18:03,2024-08-01,20:18:03,689.7075800899999,2.23496183,5.8340918266666675,5
2024-08-01 20:25:42,2024-08-01,20:25:42,677.9206653733333,2.0413235166666666,6.14550065,5
2024-08-01 20:33:15,2024-08-01,20:33:15,654.8022808633333,2.1510189366666665,4.144436543333334,5
2024-08-01 20:40:52,2024-08-01,20:40:52,661.8161327433332,2.15181929,4.833384826666666,5
2024-08-01 20:48:30,2024-08-01,20:48:30,654.7840630633333,1.9740938733333333,4.242207916666667,5
2024-08-01 20:56:10,2024-08-01,20:56:10,637.2221066666666,2.04636103,2.906249076666666,5
2024-08-01 21:03:47,2024-08-01,21:03:47,643.1246729266667,1.9584163766666667,3.4349942666666666,5
2024-08-01 21:11:25,2024-08-01,21:11:25,639.95477623,1.9274850900000002,2.264636933333333,5
2024-08-01 21:19:02,2024-08-01,21:19:02,652.7072341966667,1.9478234700000001,4.095800783333334,5
2024-08-01 21:26:38,2024-08-01,21:26:38,656.82445634,2.02644637,5.151241763333334,5
2024-08-01 21:34:15,2024-08-01,21:34:15,659.5571259033334,1.9683030866666666,5.197228296666666,5
2024-08-01 21:41:56,2024-08-01,21:41:56,660.6137581366667,1.8908101000000002,6.230225843333334,5
2024-08-01 21:49:32,2024-08-01,21:49:32,663.7290014366666,1.8966950466666666,6.940517876666667,5
2024-08-01 21:57:06,2024-08-01,21:57:06,693.8430200299999,1.9375130433333334,9.85261524,5
2024-08-01 22:04:44,2024-08-01,22:04:44,694.8996522633333,1.7984399633333334,7.55953663,5
2024-08-01 22:12:24,2024-08-01,22:12:24,678.3396747033333,1.7424152633333334,3.1810686100000005,5
2024-08-01 22:20:03,2024-08-01,22:20:03,702.5329092400001,1.7602584200000002,8.116273623333335,5
2024-08-01 22:27:42,2024-08-01,22:27:42,703.7352838500001,1.85601829,9.77443813,5
2024-08-01 22:35:19,2024-08-01,22:35:19,728.6572302733333,1.8245691266666666,12.39936957,5
2024-08-01 22:42:56,2024-08-01,22:42:56,743.9966154233334,1.8309719500000001,13.682443896666667,5
2024-08-01 22:50:34,2024-08-01,22:50:34,730.4607921833334,1.97823688,12.253612246666668,5
2024-08-01 22:58:08,2024-08-01,22:58:08,710.1479484233333,1.9913720833333333,9.23644565,5
2024-08-01 23:05:45,2024-08-01,23:05:45,675.8802721,1.8968833633333333,6.651102613333333,5
2024-08-01 23:13:20,2024-08-01,23:13:20,700.8204363166666,2.025551856666667,7.472312173333333,5
2024-08-01 23:20:56,2024-08-01,23:20:56,684.3515477433334,1.8260756766666668,6.729679610000001,5
2024-08-01 23:28:35,2024-08-01,23:28:35,671.61730758,1.8192962166666666,5.71707609,5
2024-08-01 23:36:11,2024-08-01,23:36:11,642.2502186666667,1.9095006933333334,3.8043361200000003,5
2024-08-01 23:43:49,2024-08-01,23:43:49,638.22408551,1.7738644233333334,3.5970968000000005,5
2024-08-01 23:51:25,2024-08-01,23:51:25,628.7326132266667,1.7926020933333333,2.8370693333333334,5
2024-08-01 23:58:57,2024-08-01,23:58:57,644.7642746666667,1.77758371,3.348544576666667,5
2024-08-02 00:06:33,2024-08-02,00:06:33,707.5063678466666,1.77400566,8.279325883333334,5
2024-08-02 00:14:13,2024-08-02,00:14:13,672.2002770866667,1.70809425,4.102648783333334,5
2024-08-02 00:21:55,2024-08-02,00:21:55,680.3071967933333,1.7160036166666668,5.059318673333333,5
2024-08-02 00:29:32,2024-08-02,00:29:32,675.06047123,1.7217002466666667,4.260052693333333,5
2024-08-02 00:37:10,2024-08-02,00:37:10,676.4632416033334,1.6916163933333335,4.337380053333334,5
2024-08-02 00:44:46,2024-08-02,00:44:46,674.8600754566668,1.7681677933333333,4.2988413366666665,5
2024-08-02 00:52:26,2024-08-02,00:52:26,674.2406703566667,1.6536231733333333,4.332931353333334,5
2024-08-02 01:00:02,2024-08-02,01:00:02,672.8925533733333,1.79994651,5.323591296666667,5
2024-08-02 01:07:38,2024-08-02,01:07:38,671.54443639,1.9211764266666667,6.489449943333334,5
2024-08-02 01:15:17,2024-08-02,01:15:17,671.8723567399999,1.8740026900000002,6.344442403333333,5
2024-08-02 01:22:55,2024-08-02,01:22:55,655.1119834133333,1.84358928,4.984990436666666,5
2024-08-02 01:30:31,2024-08-02,01:30:31,653.1080257333333,1.7691093833333333,4.741311783333334,5
2024-08-02 01:38:09,2024-08-02,01:38:09,628.0585547333334,1.7020680633333332,1.6813027266666667,5
2024-08-02 01:45:48,2024-08-02,01:45:48,624.61539108,1.7389313733333331,0.9927593266666666,5
2024-08-02 01:53:22,2024-08-02,01:53:22,631.7203319466666,1.7749943300000002,1.9199028699999998,5
2024-08-02 02:00:57,2024-08-02,02:00:57,662.7998937866666,1.8229213466666667,5.0557697133333335,5
2024-08-02 02:08:29,2024-08-02,02:08:29,666.9171159266666,1.6717488100000002,4.93740437,5
2024-08-02 02:16:04,2024-08-02,02:16:04,655.4216859633334,1.619565803333333,4.012425196666666,5
2024-08-02 02:23:42,2024-08-02,02:23:42,625.7631123,1.7309749266666665,2.3397149533333335,5
2024-08-02 02:31:18,2024-08-02,02:31:18,626.18212163,1.6723608433333332,1.7475383333333332,5
2024-08-02 02:38:55,2024-08-02,02:38:55,629.8803344433333,1.5758006266666669,1.4848652433333331,5
2024-08-02 02:46:35,2024-08-02,02:46:35,629.8256810500001,1.44153908,0.15753387666666666,5
2024-08-02 02:54:12,2024-08-02,02:54:12,621.5730189666666,1.5784794533333333,-0.36325863999999997,5
2024-08-02 03:01:49,2024-08-02,03:01:49,627.0383580966667,1.6373807166666667,-0.16449683666666667,5
2024-08-02 03:09:25,2024-08-02,03:09:25,619.96985282,1.6382281533333334,-0.5054650033333333,5
2024-08-02 03:17:03,2024-08-02,03:17:03,617.7837171733332,1.59267395,-0.9332267599999998,5
2024-08-02 03:24:36,2024-08-02,03:24:36,608.1100669166667,1.60546076,-0.99527859,5
2024-08-02 03:32:11,2024-08-02,03:32:11,591.9508808966667,1.74825313,-1.9039425399999999,5
2024-08-02 03:39:50,2024-08-02,03:39:50,577.7956525600001,1.7147795466666667,-2.2238488766666666,5
2024-08-02 03:47:26,2024-08-02,03:47:26,565.0431945933334,1.6701951866666667,-2.68721321,5
2024-08-02 03:55:03,2024-08-02,03:55:03,553.66253675,1.7376602233333334,-3.3775110933333337,5
2024-08-02 04:02:37,2024-08-02,04:02:37,562.1319906166667,1.6773042033333334,-2.7751874466666666,5
2024-08-02 04:10:17,2024-08-02,04:10:17,579.5263432800001,1.72122945,-2.2578389233333334,5
2024-08-02 04:17:55,2024-08-02,04:17:55,588.3801926666666,1.70884752,-1.95192849,5
2024-08-02 04:25:28,2024-08-02,04:25:28,590.0197944033333,1.7451458766666665,-1.9704230766666668,5
2024-08-02 04:33:06,2024-08-02,04:33:06,583.1152493066666,1.7474527766666668,-2.4287888733333336,5
2024-08-02 04:40:42,2024-08-02,04:40:42,583.6253476266666,1.8118105633333332,-1.9264359566666667,5
2024-08-02 04:48:18,2024-08-02,04:48:18,590.8395952766666,1.8696242866666666,-0.8517506133333334,5
2024-08-02 04:55:57,2024-08-02,04:55:57,599.0376039633334,1.77763079,-0.2235120566666667,5
2024-08-02 05:03:37,2024-08-02,05:03:37,602.5354210066668,1.7682619533333332,-0.7666755266666666,5
2024-08-02 05:11:15,2024-08-02,05:11:15,594.6471148633333,1.8238629333333334,-0.3257346266666667,5
2024-08-02 05:18:52,2024-08-02,05:18:52,587.74256977,1.7556446233333334,-1.4961619366666667,5
2024-08-02 05:26:29,2024-08-02,05:26:29,573.8423905866667,1.5859839400000002,-1.8549568866666668,5
2024-08-02 05:34:06,2024-08-02,05:34:06,560.9988436366666,1.7201466200000002,-2.61673384,5
2024-08-02 05:41:43,2024-08-02,05:41:43,559.79646903,1.74707614,-2.5562515500000003,5
2024-08-02 05:49:18,2024-08-02,05:49:18,575.39090334,1.76736744,-1.4807664433333334,5
2024-08-02 05:56:56,2024-08-02,05:56:56,593.5904826333333,1.8071967633333335,-0.17076650333333335,5
2024-08-02 06:04:32,2024-08-02,06:04:32,639.9912118266667,1.9892064199999997,2.2101029000000003,5
2024-08-02 06:12:07,2024-08-02,06:12:07,684.0236273966666,2.0248927433333335,5.7392196066666665,5
2024-08-02 06:19:43,2024-08-02,06:19:43,679.3780891366667,1.99292571,6.575624713333333,5
2024-08-02 06:27:20,2024-08-02,06:27:20,733.5395998933333,2.083836376666667,11.932656219999998,5
2024-08-02 06:34:56,2024-08-02,06:34:56,704.1907287766666,2.0022003866666664,9.136075036666668,5
2024-08-02 06:42:33,2024-08-02,06:42:33,638.1329965233334,1.9646308800000003,3.6260383266666665,5
2024-08-02 06:50:12,2024-08-02,06:50:12,650.3207027766667,2.094193886666667,4.3117375566666665,5
2024-08-02 06:57:49,2024-08-02,06:57:49,575.9556550533333,2.0102509933333335,-1.6944038933333332,5
2024-08-02 07:05:28,2024-08-02,07:05:28,583.0241603200001,2.0733376333333333,-1.5650917533333333,5
2024-08-02 07:13:04,2024-08-02,07:13:04,608.0371957299999,2.10398644,0.10420948999999997,5
2024-08-02 07:20:40,2024-08-02,07:20:40,581.7489145266667,2.2085972633333335,-0.73072105,5
2024-08-02 07:28:13,2024-08-02,07:28:13,585.1374247866667,2.32554294,-0.7601274400000001,5
2024-08-02 07:35:53,2024-08-02,07:35:53,589.0178155633333,2.371021816666667,-0.8490014199999999,5
2024-08-02 07:43:24,2024-08-02,07:43:24,573.6419948166666,2.76653737,-1.5507459566666668,5
2024-08-02 07:51:01,2024-08-02,07:51:01,541.9849288133333,2.9978393466666664,-2.883155836666667,5
2024-08-02 07:58:38,2024-08-02,07:58:38,537.9915876900001,3.0838066600000005,-2.95613447,5
2024-08-02 08:06:15,2024-08-02,08:06:15,535.6360265266667,3.202117643333333,-3.05910432,5
2024-08-02 08:13:50,2024-08-02,08:13:50,535.7926995833333,3.332481,-3.093094366666667,5
2024-08-02 08:21:29,2024-08-02,08:21:29,544.8742714333334,3.4587955166666666,-2.71470516,5
2024-08-02 08:29:05,2024-08-02,08:29:05,553.9485561633334,3.4072904533333332,-2.41629253,5
2024-08-02 08:36:42,2024-08-02,08:36:42,567.12002346,3.4210847733333334,-1.7861770233333332,5
2024-08-02 08:44:18,2024-08-02,08:44:18,596.9972106900001,3.3902476433333333,0.12303897666666667,5
2024-08-02 08:51:52,2024-08-02,08:51:52,586.3580171866666,3.5046981066666665,-0.8766433266666667,5
2024-08-02 08:59:31,2024-08-02,08:59:31,579.03446276,3.467646476666667,-1.1081755333333334,5
2024-08-02 09:07:05,2024-08-02,09:07:05,556.5828496233333,3.54325628,-2.3393150666666664,5
2024-08-02 09:14:41,2024-08-02,09:14:41,567.6847751700001,3.5707978400000004,-2.2973273633333338,5
2024-08-02 09:22:22,2024-08-02,09:22:22,569.4154658966667,3.579601716666667,-2.14937068,5
2024-08-02 09:29:58,2024-08-02,09:29:58,566.9742810833333,3.587134453333333,-2.6502240366666667,5
2024-08-02 09:37:37,2024-08-02,09:37:37,557.79251135,3.6368975666666667,-3.2350528033333332,5
2024-08-02 09:45:13,2024-08-02,09:45:13,567.9398243300001,3.6841654666666668,-3.6589286933333334,5
2024-08-02 09:52:51,2024-08-02,09:52:51,586.3033637966668,3.76886163,-1.51466152,5
2024-08-02 10:00:32,2024-08-02,10:00:32,610.66055851,4.662243743333334,32.61295120666667,5
2024-08-02 10:08:11,2024-08-02,10:08:11,644.29061194,4.777023756666667,31.109391436666666,5
2024-08-02 10:15:47,2024-08-02,10:15:47,640.0458652166667,4.7272606433333335,24.51032359,5
2024-08-02 10:23:22,2024-08-02,10:23:22,592.4063258233333,4.1842918466666665,15.143915993333332,5
2024-08-02 10:30:58,2024-08-02,10:30:58,596.25028101,3.76646057,11.566613396666668,5
2024-08-02 10:38:33,2024-08-02,10:38:33,623.48588766,3.6496090566666664,13.086468393333334,5
2024-08-02 10:46:09,2024-08-02,10:46:09,628.20429711,3.5135961466666665,11.686278356666667,5
2024-08-02 10:53:47,2024-08-02,10:53:47,623.5223232566667,3.6255043099999997,9.40949498,5
2024-08-02 11:01:27,2024-08-02,11:01:27,618.8039138099999,3.685342456666667,10.81698288,5
2024-08-02 11:09:07,2024-08-02,11:09:07,598.6003768366667,3.6380274800000003,8.249634576666667,5
2024-08-02 11:16:46,2024-08-02,11:16:46,599.5477022833334,3.5870873700000003,7.287016426666665,5
2024-08-02 11:24:24,2024-08-02,11:24:24,614.35877132,3.7300209766666668,5.7675613100000005,5
2024-08-02 11:31:56,2024-08-02,11:31:56,611.58966616,3.7853865600000005,5.028827603333333,5
2024-08-02 11:39:32,2024-08-02,11:39:32,621.7916325333333,4.0213965,8.0094549,5
2024-08-02 11:47:11,2024-08-02,11:47:11,611.9540221033334,3.910429926666667,7.579080906666668,5
2024-08-02 11:54:49,2024-08-02,11:54:49,612.9377831433334,3.665945666666667,4.829735896666667,5
2024-08-02 12:02:21,2024-08-02,12:02:21,600.8958192700001,3.6889205033333337,3.96129017,5
2024-08-02 12:09:53,2024-08-02,12:09:53,624.0324215733334,3.6682996466666666,3.730707676666667,5
2024-08-02 12:17:28,2024-08-02,12:17:28,615.5611459266667,3.634166953333333,2.83741923,5
2024-08-02 12:25:03,2024-08-02,12:25:03,617.4011434333333,3.4425059833333336,3.5760029766666666,5
2024-08-02 12:32:37,2024-08-02,12:32:37,615.5064925366667,3.317745093333333,4.3168860533333335,5
2024-08-02 12:40:13,2024-08-02,12:40:13,613.0653077233334,3.41713009,4.0192482,5
2024-08-02 12:47:49,2024-08-02,12:47:49,604.1021515566666,3.0000520833333333,-0.044686916666666576,5
2024-08-02 12:55:29,2024-08-02,12:55:29,599.5294844866667,2.82458649,-0.46151486999999997,5
2024-08-02 13:03:02,2024-08-02,13:03:02,622.4474732266667,2.6952118066666664,1.6499869,5
2024-08-02 13:10:37,2024-08-02,13:10:37,620.9536138666666,2.62063775,0.9495719733333333,5
2024-08-02 13:18:13,2024-08-02,13:18:13,617.6926281866666,2.5715808266666667,1.6419542500000002,5
2024-08-02 13:25:50,2024-08-02,13:25:50,616.0712442433334,2.5921075266666667,3.24841889,5
2024-08-02 13:33:27,2024-08-02,13:33:27,615.7979772933332,2.3321811599999998,-0.30803980666666664,5
2024-08-02 13:41:03,2024-08-02,13:41:03,625.4716275433333,2.611174753333333,1.8557916400000003,5
2024-08-02 13:48:42,2024-08-02,13:48:42,610.4419449433334,2.514520376666667,0.3072350433333333,5
2024-08-02 13:56:17,2024-08-02,13:56:17,612.2637246566666,2.6165889066666668,1.6688663733333333,5
2024-08-02 14:04:00,2024-08-02,14:04:00,623.8684614,2.4326489866666665,0.1329110866666666,5
2024-08-02 14:11:36,2024-08-02,14:11:36,611.4074881900001,2.4085913233333334,-0.56484512,5
2024-08-02 14:19:14,2024-08-02,14:19:14,613.55718825,2.4479027666666666,0.6759120966666666,5
2024-08-02 14:26:48,2024-08-02,14:26:48,611.1342212333334,2.5047749033333333,-0.8861020566666666,5
2024-08-02 14:34:24,2024-08-02,14:34:24,622.75717578,2.400870266666667,-1.1591606066666666,5
2024-08-02 14:41:58,2024-08-02,14:41:58,618.4942112566667,2.362170856666667,-1.2619805,5
2024-08-02 14:49:33,2024-08-02,14:49:33,615.4518391466668,2.40087027,-1.8857978566666664,5
2024-08-02 14:57:08,2024-08-02,14:57:08,610.9338254633333,2.50406871,-0.6452210833333334,5
2024-08-02 15:04:42,2024-08-02,15:04:42,606.3065050033333,2.480999713333334,-3.3780109433333334,5
2024-08-02 15:12:18,2024-08-02,15:12:18,607.6910575866667,2.394326206666667,-3.724409523333333,5
2024-08-02 15:19:53,2024-08-02,15:19:53,593.4629580533333,2.28660813,-3.96383942,5
2024-08-02 15:27:28,2024-08-02,15:27:28,600.5132455300001,2.3872642699999997,-3.7124130333333336,5
2024-08-02 15:35:06,2024-08-02,15:35:06,616.8728273166666,2.448608966666667,-3.3340238233333337,5
2024-08-02 15:42:38,2024-08-02,15:42:38,626.3278640066668,2.4615087700000005,-0.7821759833333334,5
2024-08-02 15:50:13,2024-08-02,15:50:13,628.6597420366667,2.3018148333333333,-1.0624164333333332,5
2024-08-02 15:57:46,2024-08-02,15:57:46,632.9044887599999,2.388158783333333,0.05605858666666668,5
2024-08-02 16:05:18,2024-08-02,16:05:18,638.6795304366667,2.2655635533333336,0.51688366,5
2024-08-02 16:12:54,2024-08-02,16:12:54,621.3361876033333,2.4281293466666667,1.1789998,5
2024-08-02 16:20:34,2024-08-02,16:20:34,639.86368725,2.4751147700000002,1.16150992,5
2024-08-02 16:28:08,2024-08-02,16:28:08,632.19399467,2.544604226666667,1.1097450733333334,5
2024-08-02 16:35:45,2024-08-02,16:35:45,606.6890787433333,2.3910777166666666,-1.89127625,5
2024-08-02 16:43:19,2024-08-02,16:43:19,607.9278889466667,2.3178689699999997,-1.0216708633333333,5
2024-08-02 16:50:52,2024-08-02,16:50:52,606.8530389166667,2.26608143,-1.6912048266666666,5
2024-08-02 16:58:27,2024-08-02,16:58:27,612.6098628,2.33142789,-2.3503118466666666,5
2024-08-02 17:06:04,2024-08-02,17:06:04,630.3904327600001,2.36937403,0.06899330000000001,5
2024-08-02 17:13:44,2024-08-02,17:13:44,635.3638913666667,2.2609968333333335,-1.2894724533333333,5
2024-08-02 17:21:17,2024-08-02,17:21:17,644.85536365,2.4256812066666664,-1.20034855,5
2024-08-02 17:28:52,2024-08-02,17:28:52,638.2605211033333,2.30299182,0.30929944,5
2024-08-02 17:36:23,2024-08-02,17:36:23,636.20191003,2.2619384266666667,0.9695161333333333,5
2024-08-02 17:43:55,2024-08-02,17:43:55,630.0625124133334,2.2570421533333334,0.6217779499999999,5
2024-08-02 17:51:31,2024-08-02,17:51:31,651.9420867166666,2.209680093333333,3.66892577,5
2024-08-02 17:59:08,2024-08-02,17:59:08,670.66998213,2.2646690466666666,5.016431233333333,5
2024-08-02 18:06:45,2024-08-02,18:06:45,662.5994980166666,2.2288414833333334,3.2003129766666665,5
2024-08-02 18:14:22,2024-08-02,18:14:22,651.4684239933333,2.2822297266666665,3.3201778800000006,5
2024-08-02 18:21:59,2024-08-02,18:21:59,653.1626791233333,2.198192676666667,3.2904865733333337,5
2024-08-02 18:29:32,2024-08-02,18:29:32,658.59158266,2.2669288633333333,1.9099907733333332,5
2024-08-02 18:37:08,2024-08-02,18:37:08,654.2739647466666,2.1613764433333333,1.2778308633333333,5
2024-08-02 18:44:45,2024-08-02,18:44:45,657.1523766866667,2.26867081,2.0155098733333334,5
2024-08-02 18:52:24,2024-08-02,18:52:24,648.1710027233333,2.23896359,1.86016036,5
2024-08-02 19:00:01,2024-08-02,19:00:01,623.5951944433333,2.1722518266666664,2.10204454,5
2024-08-02 19:07:34,2024-08-02,19:07:34,615.5611459266667,2.1213588033333335,-0.1897344466666667,5
2024-08-02 19:15:08,2024-08-02,19:15:08,649.0818925733333,1.9259785433333334,0.4141387433333334,5
2024-08-02 19:22:42,2024-08-02,19:22:42,653.14446133,2.076586123333333,1.9078913866666667,5
2024-08-02 19:30:14,2024-08-02,19:30:14,626.3096462100001,1.99259615,0.7060682700000002,5
2024-08-02 19:37:52,2024-08-02,19:37:52,635.1270600033332,1.9625593766666665,0.36485317333333334,5
2024-08-02 19:45:26,2024-08-02,19:45:26,669.5586965066667,2.1529492,3.425047176666667,5
2024-08-02 19:53:02,2024-08-02,19:53:02,718.01803677,2.2038893066666665,11.605701949999998,5
2024-08-02 20:00:37,2024-08-02,20:00:37,710.7127001366666,2.1773835,10.088996029999999,5
2024-08-02 20:08:13,2024-08-02,20:08:13,792.7838760333334,2.47492645,18.75950738,5
2024-08-02 20:15:47,2024-08-02,20:15:47,748.5692824933334,2.3555797133333334,12.710778393333333,5
2024-08-02 20:23:17,2024-08-02,20:23:17,737.2924660933335,2.35595635,10.814333656666667,5
2024-08-02 20:30:52,2024-08-02,20:30:52,708.7087424599999,2.3894299333333335,9.64232681,5
2024-08-02 20:38:28,2024-08-02,20:38:28,676.5178949933334,2.2541232166666667,6.595868786666666,5
2024-08-02 20:46:02,2024-08-02,20:46:02,655.9500020766667,2.349694766666667,4.21421611,5
2024-08-02 20:53:35,2024-08-02,20:53:35,648.7539722266666,2.25840746,3.27144215,5
2024-08-02 21:01:09,2024-08-02,21:01:09,659.0470275833333,2.182562256666667,1.2919252366666667,5
2024-08-02 21:08:41,2024-08-02,21:08:41,680.7262061233333,2.0522459766666663,1.79560426,5
2024-08-02 21:16:18,2024-08-02,21:16:18,709.9111170633333,2.13407029,3.8812636000000005,5
2024-08-02 21:23:53,2024-08-02,21:23:53,748.7332426666667,2.510989406666667,15.676610019999998,5
2024-08-02 21:31:28,2024-08-02,21:31:28,710.7127001333333,2.4244571366666663,10.924751323333334,5
2024-08-02 21:39:03,2024-08-02,21:39:03,681.7099671666666,2.3822738366666667,7.2183865166666665,5
2024-08-02 21:46:39,2024-08-02,21:46:39,680.2343256033333,2.136753823333333,4.535372083333333,5
2024-08-02 21:54:11,2024-08-02,21:54:11,686.4283766166667,2.19776896,3.2358025833333333,5
2024-08-02 22:01:48,2024-08-02,22:01:48,671.6173075766666,2.4245983766666668,6.501046550000001,5
2024-08-02 22:09:24,2024-08-02,22:09:24,681.9467985300001,2.201347006666667,7.933377173333334,5
2024-08-02 22:17:02,2024-08-02,22:17:02,684.5155079166667,2.366690493333333,6.081519383333333,5
2024-08-02 22:24:39,2024-08-02,22:24:39,665.0224650333334,2.31462048,5.738019956666666,5
2024-08-02 22:32:13,2024-08-02,22:32:13,665.2957319866666,2.40209434,5.56382096,5
2024-08-02 22:39:48,2024-08-02,22:39:48,704.1542931833334,2.1825151766666666,6.218729209999999,5
2024-08-02 22:47:23,2024-08-02,22:47:23,706.1582508666667,2.1148147433333335,6.154298073333333,5
2024-08-02 22:54:56,2024-08-02,22:54:56,714.3562595533334,2.12041721,6.4629577,5
2024-08-02 23:02:29,2024-08-02,23:02:29,718.1273435533334,2.156998043333333,9.024307756666667,5
2024-08-02 23:10:05,2024-08-02,23:10:05,692.1669826933334,1.9699979499999998,5.734021123333334,5
2024-08-02 23:17:42,2024-08-02,23:17:42,684.0236273966666,2.1286561366666668,4.328432670000001,5
2024-08-02 23:25:17,2024-08-02,23:25:17,614.4862959,2.0259284933333332,-0.5899022833333334,5
2024-08-02 23:32:52,2024-08-02,23:32:52,626.6193487633333,1.9992343700000001,0.07072429333333334,5
2024-08-02 23:40:29,2024-08-02,23:40:29,641.3211110133334,2.03840458,2.1643413000000002,5
2024-08-02 23:48:04,2024-08-02,23:48:04,636.8213151333333,1.8198140900000002,-0.27082070666666663,5
2024-08-02 23:55:39,2024-08-02,23:55:39,618.3302510866666,1.7185459133333332,-2.2763335066666666,5
2024-08-03 00:03:15,2024-08-03,00:03:15,652.1242646866667,1.8163302033333333,-0.09181811666666673,5
2024-08-03 00:10:50,2024-08-03,00:10:50,677.35591366,1.75974055,1.4253661633333337,5
2024-08-03 00:18:29,2024-08-03,00:18:29,647.1508060833334,1.64194744,0.048346343333333354,5
2024-08-03 00:26:05,2024-08-03,00:26:05,645.2197195933333,1.7227830766666667,-0.9451732600000001,5
2024-08-03 00:33:39,2024-08-03,00:33:39,635.1634955966666,1.7460874666666666,-0.6071722233333333,5
2024-08-03 00:41:15,2024-08-03,00:41:15,637.96903635,1.773158226666667,-1.2430860333333333,5
2024-08-03 00:48:49,2024-08-03,00:48:49,649.15476376,1.7771129133333334,-0.49414231999999997,5
2024-08-03 00:56:24,2024-08-03,00:56:24,646.29456962,1.80879747,-0.13171143666666665,5
2024-08-03 01:04:01,2024-08-03,01:04:01,637.8779473633334,1.8922695666666665,0.6375333366666667,5
2024-08-03 01:11:37,2024-08-03,01:11:37,670.5424575466667,1.9670790166666665,2.515713423333333,5
2024-08-03 01:19:12,2024-08-03,01:19:12,641.8129915366666,1.8352561933333333,0.5460051333333333,5
2024-08-03 01:26:44,2024-08-03,01:26:44,641.9040805199999,1.9303098666666667,0.21467714666666668,5
2024-08-03 01:34:20,2024-08-03,01:34:20,643.7076424333333,1.88723205,0.9133075933333332,5
2024-08-03 01:41:55,2024-08-03,01:41:55,646.5314009833334,2.045654836666667,2.935355553333333,5
2024-08-03 01:49:30,2024-08-03,01:49:30,635.5278515366666,2.0122754166666663,0.25987891,5
2024-08-03 01:57:05,2024-08-03,01:57:05,623.5769766466666,2.023809913333333,0.07976164999999998,5
2024-08-03 02:04:41,2024-08-03,02:04:41,620.0062884166667,1.92776757,-0.03632936333333334,5
2024-08-03 02:12:14,2024-08-03,02:12:14,635.1817133966666,1.8653871266666666,0.9708757366666667,5
2024-08-03 02:19:48,2024-08-03,02:19:48,635.96507867,1.9170805033333336,1.1276698266666667,5
2024-08-03 02:27:23,2024-08-03,02:27:23,620.4617333466666,1.80079394,-0.2995672866666667,5
2024-08-03 02:34:57,2024-08-03,02:34:57,651.8874333266667,1.8238629333333332,2.29032941,5
2024-08-03 02:42:32,2024-08-03,02:42:32,648.8268434166666,1.9879352700000001,1.6535008666666666,5
2024-08-03 02:50:05,2024-08-03,02:50:05,635.1452778,1.8003231466666667,-0.23516114333333335,5
2024-08-03 02:57:41,2024-08-03,02:57:41,645.8573424900001,1.92334209,0.6926671933333334,5
2024-08-03 03:05:17,2024-08-03,03:05:17,637.5682448133333,1.9545558500000002,0.6000302666666667,5
2024-08-03 03:12:49,2024-08-03,03:12:49,657.3527724566667,1.9985752566666666,4.498982736666666,5
2024-08-03 03:20:24,2024-08-03,03:20:24,668.3745396966666,2.03327291,5.366728666666667,5
2024-08-03 03:28:03,2024-08-03,03:28:03,651.3408994133333,2.0649574666666664,2.4096544733333336,5
2024-08-03 03:35:39,2024-08-03,03:35:39,633.1231023233332,1.8372806166666666,1.26577439,5
2024-08-03 03:43:16,2024-08-03,03:43:16,637.1674532766667,1.9149148466666668,1.2179134033333334,5
2024-08-03 03:50:49,2024-08-03,03:50:49,646.6953611533334,1.92320085,2.0337045466666663,5
2024-08-03 03:58:26,2024-08-03,03:58:26,616.3627290000001,2.0441953699999997,0.3975985866666667,5
2024-08-03 04:06:03,2024-08-03,04:06:03,597.8534471533334,2.0046956033333334,-1.0880814166666666,5
2024-08-03 04:13:39,2024-08-03,04:13:39,605.75997109,2.0539879233333336,-0.66979139,5
2024-08-03 04:21:15,2024-08-03,04:21:15,633.5238938566666,1.9022504366666666,0.19492292666666666,5
2024-08-03 04:28:50,2024-08-03,04:28:50,630.8823132800001,1.9200935966666668,-0.20490800666666667,5
2024-08-03 04:36:26,2024-08-03,04:36:26,612.9013475533333,1.7918959,-1.2343385966666667,5
2024-08-03 04:44:04,2024-08-03,04:44:04,621.11757404,1.7232538733333334,-1.5745389866666668,5
2024-08-03 04:51:38,2024-08-03,04:51:38,634.32547693,1.68756755,-1.03599667,5
2024-08-03 04:59:15,2024-08-03,04:59:15,628.96944459,1.7506071066666669,-1.47596785,5
2024-08-03 05:06:50,2024-08-03,05:06:50,637.3496312466667,1.70216222,-0.2402556566666667,5
2024-08-03 05:14:25,2024-08-03,05:14:25,639.46289571,1.7473115366666667,-0.3589449,5
2024-08-03 05:22:02,2024-08-03,05:22:02,634.47121931,1.8706129566666665,-0.28737086000000006,5
2024-08-03 05:29:36,2024-08-03,05:29:36,632.5219150199999,1.7908130699999998,0.037756946666666666,5
2024-08-03 05:37:10,2024-08-03,05:37:10,650.5575341399999,1.7732523833333333,0.08471069666666668,5
2024-08-03 05:44:48,2024-08-03,05:44:48,643.6347712466667,1.7798906066666664,-0.55729183,5
2024-08-03 05:52:25,2024-08-03,05:52:25,651.2315926333332,1.7160977766666667,-0.44673219999999997,5
2024-08-03 06:00:02,2024-08-03,06:00:02,639.1349753633334,1.6885091433333335,-0.21551689666666665,5
2024-08-03 06:07:38,2024-08-03,06:07:38,638.9345795933333,1.6803172966666666,-0.1565041766666667,5
2024-08-03 06:15:14,2024-08-03,06:15:14,653.2902037,1.80912703,0.09930092333333333,5
2024-08-03 06:22:49,2024-08-03,06:22:49,690.5091631633335,1.85220484,3.694153383333333,5
2024-08-03 06:30:28,2024-08-03,06:30:28,670.90681349,1.9637363699999997,1.8502582599999997,5
2024-08-03 06:38:02,2024-08-03,06:38:02,620.2795553766666,2.0861432766666668,-1.5512957933333336,5
