datetime,date,hour,dew_point_in,dew_point_out,humidity_in,humidity_out,temperature_in,temperature_out,wet_bulb_in,wet_bulb_out,wind_dir_in,wind_dir_out,wind_gust_in,wind_gust_out,wind_speed_in,wind_speed_out
2024-06-02 00:00:22,2024-06-02,00:00:22,6.8,,39.1,,21.3,,13.242,,315.8,,1.25,,0.61,
2024-06-02 00:00:23,2024-06-02,00:00:23,,4.3,,33.7,,20.9,,12.093,,192.0,,1.44,,1.26
2024-06-02 00:01:26,2024-06-02,00:01:26,7.0,4.2,39.7,33.5,21.2,20.9,13.251,12.062,306.6,181.2,2.05,1.37,0.9,0.89
2024-06-02 00:02:29,2024-06-02,00:02:29,7.0,,39.7,,21.2,,13.251,,312.3,,1.8,,1.22,
2024-06-02 00:02:30,2024-06-02,00:02:30,,4.0,,33.0,,20.9,,11.983,,184.2,,1.25,,1.14
2024-06-02 00:03:32,2024-06-02,00:03:32,6.4,,38.2,,21.2,,13.025,,315.4,,2.09,,0.6,
2024-06-02 00:03:34,2024-06-02,00:03:34,,3.7,,32.3,,20.9,,11.871,,149.6,,1.24,,0.81
2024-06-02 00:04:36,2024-06-02,00:04:36,5.7,,36.5,,21.2,,12.765,,319.6,,2.36,,1.18,
2024-06-02 00:04:37,2024-06-02,00:04:37,,3.7,,32.1,,21.0,,11.916,,101.8,,0.62,,0.18
2024-06-02 00:05:40,2024-06-02,00:05:40,5.7,3.8,36.2,32.2,21.3,21.0,12.798,11.932,317.5,32.4,2.01,0.67,1.3,0.54
2024-06-02 00:06:43,2024-06-02,00:06:43,5.9,,36.4,,21.4,,12.909,,320.9,,2.27,,0.91,
2024-06-02 00:06:44,2024-06-02,00:06:44,,3.7,,32.1,,21.0,,11.916,,113.7,,0.82,,0.74
2024-06-02 00:07:46,2024-06-02,00:07:46,6.0,,36.9,,21.4,,12.986,,326.5,,2.04,,1.09,
2024-06-02 00:07:48,2024-06-02,00:07:48,,4.0,,32.6,,21.0,,11.996,,203.2,,0.76,,0.28
2024-06-02 00:08:50,2024-06-02,00:08:50,6.0,,37.0,,21.3,,12.922,,325.5,,2.13,,0.79,
2024-06-02 00:08:51,2024-06-02,00:08:51,,4.0,,32.7,,21.0,,12.012,,229.2,,0.78,,0.68
2024-06-02 00:09:54,2024-06-02,00:09:54,5.4,4.0,35.6,32.7,21.2,21.0,12.626,12.012,325.6,276.5,2.25,0.96,1.54,0.44
2024-06-02 00:10:57,2024-06-02,00:10:57,5.6,,36.2,,21.2,,12.719,,342.2,,2.11,,0.7,
2024-06-02 00:10:58,2024-06-02,00:10:58,,4.0,,32.8,,21.0,,12.028,,314.7,,0.67,,0.23
2024-06-02 00:12:00,2024-06-02,00:12:00,6.0,,37.2,,21.2,,12.873,,332.6,,1.85,,0.74,
2024-06-02 00:12:02,2024-06-02,00:12:02,,4.0,,32.9,,21.0,,12.044,,55.9,,0.54,,0.48
2024-06-02 00:13:04,2024-06-02,00:13:04,6.5,,38.3,,21.1,,12.96,,320.5,,2.15,,1.13,
2024-06-02 00:13:05,2024-06-02,00:13:05,,4.1,,33.0,,21.0,,12.06,,49.2,,0.51,,0.15
2024-06-02 00:14:08,2024-06-02,00:14:08,6.7,4.2,39.3,33.3,21.1,21.0,13.11,12.108,328.5,20.2,1.96,0.46,1.23,0.35
2024-06-02 00:15:11,2024-06-02,00:15:11,6.5,,39.5,,20.9,,12.978,,327.3,,2.11,,1.66,
2024-06-02 00:15:12,2024-06-02,00:15:12,,4.6,,34.1,,21.0,,12.234,,13.7,,0.86,,0.74
2024-06-02 00:16:14,2024-06-02,00:16:14,6.4,,39.8,,20.6,,12.779,,318.9,,1.85,,1.12,
2024-06-02 00:16:16,2024-06-02,00:16:16,,4.1,,33.0,,21.0,,12.06,,10.4,,1.2,,1.09
2024-06-02 00:17:18,2024-06-02,00:17:18,6.3,,39.3,,20.6,,12.706,,330.0,,1.95,,1.14,
2024-06-02 00:17:19,2024-06-02,00:17:19,,4.0,,32.6,,21.0,,11.996,,349.8,,1.1,,0.98
2024-06-02 00:18:22,2024-06-02,00:18:22,6.2,3.8,39.4,32.1,20.5,21.1,12.639,11.993,328.7,8.7,2.11,1.38,1.66,1.36
2024-06-02 00:19:25,2024-06-02,00:19:25,6.0,,38.8,,20.5,,12.551,,321.3,,1.92,,1.29,
2024-06-02 00:19:26,2024-06-02,00:19:26,,3.9,,32.0,,21.2,,12.054,,336.6,,1.38,,0.72
2024-06-02 00:20:28,2024-06-02,00:20:28,5.9,,37.9,,20.7,,12.579,,319.5,,2.09,,1.19,
2024-06-02 00:20:30,2024-06-02,00:20:30,,3.8,,31.9,,21.2,,12.037,,328.7,,0.64,,0.39
2024-06-02 00:21:32,2024-06-02,00:21:32,5.3,,36.4,,20.8,,12.432,,327.5,,2.06,,1.7,
2024-06-02 00:21:33,2024-06-02,00:21:33,,4.0,,32.5,,21.2,,12.135,,355.3,,0.74,,0.61
2024-06-02 00:22:36,2024-06-02,00:22:36,5.5,4.4,36.7,33.3,20.8,21.2,12.478,12.263,330.3,341.9,1.99,1.54,1.24,1.04
2024-06-02 00:23:39,2024-06-02,00:23:39,6.0,,38.0,,20.8,,12.674,,325.4,,1.8,,1.19,
2024-06-02 00:23:40,2024-06-02,00:23:40,,4.5,,33.4,,21.2,,12.279,,343.5,,1.43,,1.03
2024-06-02 00:24:42,2024-06-02,00:24:42,5.9,,37.8,,20.8,,12.644,,320.0,,2.48,,1.16,
2024-06-02 00:24:44,2024-06-02,00:24:44,,4.4,,33.6,,21.1,,12.233,,317.2,,1.21,,1.04
2024-06-02 00:25:46,2024-06-02,00:25:46,6.0,,38.0,,20.8,,12.674,,332.9,,2.04,,0.6,
2024-06-02 00:25:47,2024-06-02,00:25:47,,4.7,,34.1,,21.1,,12.312,,345.1,,1.08,,0.6
2024-06-02 00:26:50,2024-06-02,00:26:50,6.0,4.4,38.2,33.6,20.8,21.0,12.704,12.155,324.6,3.3,2.1,0.94,1.78,0.86
2024-06-02 00:27:53,2024-06-02,00:27:53,5.7,,37.5,,20.7,,12.519,,330.7,,2.39,,1.64,
2024-06-02 00:27:54,2024-06-02,00:27:54,,4.6,,34.1,,21.0,,12.234,,6.6,,2.26,,2.01
2024-06-02 00:28:56,2024-06-02,00:28:56,5.7,,37.7,,20.6,,12.469,,325.6,,2.61,,1.78,
2024-06-02 00:28:58,2024-06-02,00:28:58,,4.0,,32.4,,21.2,,12.118,,345.0,,2.46,,2.03
2024-06-02 00:30:00,2024-06-02,00:30:00,5.8,,38.0,,20.6,,12.513,,337.0,,2.13,,1.08,
2024-06-02 00:30:01,2024-06-02,00:30:01,,4.5,,33.5,,21.2,,12.295,,359.3,,2.24,,1.37
2024-06-02 00:31:04,2024-06-02,00:31:04,5.8,4.5,38.0,33.4,20.6,21.2,12.513,12.279,331.9,347.1,2.03,1.86,1.42,1.68
2024-06-02 00:32:07,2024-06-02,00:32:07,6.1,,38.9,,20.6,,12.647,,336.7,,2.71,,0.67,
2024-06-02 00:32:08,2024-06-02,00:32:08,,4.8,,34.1,,21.2,,12.39,,348.2,,1.86,,1.24
2024-06-02 00:33:10,2024-06-02,00:33:10,6.3,,39.3,,20.5,,12.625,,323.4,,1.94,,1.57,
2024-06-02 00:33:12,2024-06-02,00:33:12,,5.0,,34.7,,21.2,,12.485,,345.1,,1.57,,1.08
2024-06-02 00:34:14,2024-06-02,00:34:14,6.3,,39.5,,20.6,,12.735,,320.1,,2.07,,1.45,
2024-06-02 00:34:15,2024-06-02,00:34:15,,5.0,,34.8,,21.1,,12.422,,355.8,,1.18,,0.68
2024-06-02 00:35:18,2024-06-02,00:35:18,6.1,5.0,39.0,34.8,20.6,21.1,12.661,12.422,316.3,326.4,2.17,1.29,1.47,1.1
2024-06-02 00:36:21,2024-06-02,00:36:21,6.3,,39.1,,20.6,,12.676,,330.2,,1.75,,1.03,
2024-06-02 00:36:22,2024-06-02,00:36:22,,5.0,,34.8,,21.1,,12.422,,342.8,,1.19,,0.52
2024-06-02 00:37:24,2024-06-02,00:37:24,6.3,,39.3,,20.7,,12.787,,321.1,,2.08,,1.31,
2024-06-02 00:37:26,2024-06-02,00:37:26,,5.0,,35.1,,21.0,,12.39,,338.3,,1.08,,0.83
2024-06-02 00:38:28,2024-06-02,00:38:28,6.2,,38.8,,20.7,,12.713,,318.7,,2.41,,0.93,
2024-06-02 00:38:29,2024-06-02,00:38:29,,5.0,,35.2,,21.0,,12.406,,336.6,,1.25,,1.05
2024-06-02 00:39:32,2024-06-02,00:39:32,6.1,5.0,38.6,35.0,20.7,21.0,12.683,12.375,324.1,351.8,2.1,1.7,1.55,1.46
2024-06-02 00:40:35,2024-06-02,00:40:35,6.3,,39.0,,20.8,,12.823,,333.5,,2.01,,1.19,
2024-06-02 00:40:36,2024-06-02,00:40:36,,4.8,,34.3,,21.1,,12.344,,12.3,,2.09,,1.22
2024-06-02 00:41:38,2024-06-02,00:41:38,5.7,,37.3,,20.8,,12.569,,330.7,,2.04,,1.74,
2024-06-02 00:41:40,2024-06-02,00:41:40,,4.8,,34.3,,21.1,,12.344,,350.6,,1.86,,1.68
2024-06-02 00:42:42,2024-06-02,00:42:42,6.0,,37.8,,20.9,,12.724,,329.0,,2.07,,1.14,
2024-06-02 00:42:43,2024-06-02,00:42:43,,4.7,,33.9,,21.2,,12.359,,351.3,,2.0,,0.95
2024-06-02 00:43:46,2024-06-02,00:43:46,6.0,4.5,37.6,33.6,21.0,21.2,12.774,12.311,332.8,16.4,2.21,1.82,0.6,1.36
2024-06-02 00:44:49,2024-06-02,00:44:49,6.0,,37.4,,21.1,,12.824,,322.6,,2.42,,1.85,
2024-06-02 00:44:50,2024-06-02,00:44:50,,,,,,4.6,,,,60.3,,1.68,,0.75
2024-06-02 00:45:52,2024-06-02,00:45:52,5.6,,36.1,,21.2,,12.703,,327.6,,2.33,,1.14,
2024-06-02 00:45:54,2024-06-02,00:45:54,,4.6,,33.6,,21.3,,12.389,,1.5,,1.1,,0.9
2024-06-02 00:46:56,2024-06-02,00:46:56,5.6,,36.0,,21.3,,12.767,,336.9,,2.14,,1.49,
2024-06-02 00:46:57,2024-06-02,00:46:57,,4.6,,33.5,,21.3,,12.373,,12.5,,1.44,,1.33
2024-06-02 00:48:00,2024-06-02,00:48:00,5.7,4.5,36.5,33.0,21.3,21.4,12.845,12.37,332.9,14.6,1.9,1.84,1.16,1.14
2024-06-02 00:49:03,2024-06-02,00:49:03,5.7,,36.4,,21.2,,12.75,,326.6,,2.23,,0.99,
2024-06-02 00:49:04,2024-06-02,00:49:04,,4.3,,32.7,,21.4,,12.321,,24.3,,1.12,,1.04
2024-06-02 00:50:06,2024-06-02,00:50:06,5.6,,36.2,,21.2,,12.719,,325.8,,2.13,,1.4,
2024-06-02 00:50:08,2024-06-02,00:50:08,,4.2,,32.5,,21.4,,12.289,,353.7,,0.95,,0.92
2024-06-02 00:51:10,2024-06-02,00:51:10,5.3,,35.2,,21.3,,12.642,,326.0,,2.07,,0.81,
2024-06-02 00:51:11,2024-06-02,00:51:11,,4.3,,32.5,,21.5,,12.366,,333.4,,1.65,,1.24
2024-06-02 00:52:14,2024-06-02,00:52:14,5.6,4.4,35.7,32.5,21.4,21.6,12.799,12.443,321.7,21.2,2.04,1.31,1.06,1.22
2024-06-02 00:53:17,2024-06-02,00:53:17,5.4,,35.3,,21.4,,12.737,,325.3,,1.8,,1.1,
2024-06-02 00:53:18,2024-06-02,00:53:18,,4.4,,32.5,,21.6,,12.443,,356.2,,1.24,,1.1
2024-06-02 00:54:20,2024-06-02,00:54:20,5.6,,35.6,,21.5,,12.863,,313.9,,1.78,,0.84,
2024-06-02 00:54:22,2024-06-02,00:54:22,,4.5,,32.6,,21.6,,12.459,,23.9,,1.17,,0.55
2024-06-02 00:55:24,2024-06-02,00:55:24,6.0,,36.7,,21.4,,12.955,,323.1,,2.36,,1.55,
2024-06-02 00:55:25,2024-06-02,00:55:25,,4.4,,32.5,,21.6,,12.443,,52.7,,0.64,,0.54
2024-06-02 00:56:28,2024-06-02,00:56:28,5.8,4.4,36.2,32.5,21.4,21.6,12.878,12.443,321.6,32.3,2.3,0.87,1.76,0.82
2024-06-02 00:57:31,2024-06-02,00:57:31,5.8,,36.2,,21.4,,12.878,,323.2,,1.88,,0.79,
2024-06-02 00:57:32,2024-06-02,00:57:32,,4.4,,32.4,,21.6,,12.427,,10.8,,1.09,,1.0
2024-06-02 00:58:34,2024-06-02,00:58:34,5.8,,36.2,,21.4,,12.878,,317.5,,1.96,,1.77,
2024-06-02 00:58:36,2024-06-02,00:58:36,,4.4,,32.5,,21.6,,12.443,,1.8,,1.11,,0.68
2024-06-02 00:59:38,2024-06-02,00:59:38,5.8,,35.9,,21.5,,12.91,,324.2,,2.1,,1.14,
2024-06-02 00:59:39,2024-06-02,00:59:39,,4.6,,32.8,,21.6,,12.492,,359.1,,0.95,,0.64
2024-06-02 01:00:42,2024-06-02,01:00:42,5.6,4.5,35.6,32.6,21.5,21.6,12.863,12.459,323.4,354.0,2.72,1.18,1.33,1.08
2024-06-02 01:01:45,2024-06-02,01:01:45,5.5,,35.2,,21.5,,12.8,,320.3,,1.99,,1.72,
2024-06-02 01:01:46,2024-06-02,01:01:46,,4.5,,32.4,,21.7,,12.504,,344.8,,1.55,,1.14
2024-06-02 01:02:48,2024-06-02,01:02:48,5.7,,35.6,,21.6,,12.942,,319.7,,1.92,,1.01,
2024-06-02 01:03:19,2024-06-02,01:03:19,,4.6,,32.4,,21.8,,12.581,,4.0,,1.91,,1.05
2024-06-02 01:03:52,2024-06-02,01:03:52,6.0,,36.3,,21.5,,12.972,,315.7,,1.54,,0.69,
2024-06-02 01:04:22,2024-06-02,01:04:22,,4.6,,32.4,,21.8,,12.581,,355.7,,1.55,,0.49
2024-06-02 01:04:56,2024-06-02,01:04:56,6.1,,36.8,,21.5,,13.05,,319.7,,2.05,,1.5,
2024-06-02 01:05:26,2024-06-02,01:05:26,,4.6,,32.5,,21.8,,12.597,,24.4,,1.04,,0.44
2024-06-02 01:05:59,2024-06-02,01:05:59,6.5,,37.9,,21.5,,13.22,,326.7,,2.14,,1.56,
2024-06-02 01:06:30,2024-06-02,01:06:30,,4.6,,32.8,,21.7,,12.569,,126.8,,0.58,,0.18
2024-06-02 01:07:02,2024-06-02,01:07:02,6.5,,38.1,,21.4,,13.171,,322.6,,2.22,,1.11,
2024-06-02 01:07:33,2024-06-02,01:07:33,,4.6,,32.8,,21.7,,12.569,,18.4,,1.32,,0.98
2024-06-02 01:08:06,2024-06-02,01:08:06,6.7,,39.0,,21.3,,13.227,,343.2,,1.66,,0.62,
2024-06-02 01:08:36,2024-06-02,01:08:36,,4.7,,32.9,,21.7,,12.586,,24.7,,1.54,,0.95
2024-06-02 01:09:10,2024-06-02,01:09:10,6.4,,38.5,,21.1,,12.99,,327.7,,1.96,,1.19,
2024-06-02 01:09:40,2024-06-02,01:09:40,,4.8,,33.2,,21.7,,12.635,,347.9,,1.38,,1.18
2024-06-02 01:10:13,2024-06-02,01:10:13,5.9,,36.9,,21.2,,12.827,,329.7,,2.13,,1.53,
2024-06-02 01:10:44,2024-06-02,01:10:44,,5.0,,33.5,,21.8,,12.761,,347.1,,2.24,,1.96
2024-06-02 01:11:16,2024-06-02,01:11:16,6.0,,37.1,,21.3,,12.937,,327.5,,2.21,,1.5,
2024-06-02 01:11:47,2024-06-02,01:11:47,,5.0,,33.6,,21.8,,12.778,,3.0,,2.14,,1.28
2024-06-02 01:12:20,2024-06-02,01:12:20,6.0,,36.9,,21.4,,12.986,,326.7,,2.07,,1.48,
2024-06-02 01:12:51,2024-06-02,01:12:51,,5.4,,34.3,,21.8,,12.891,,0.8,,2.88,,2.47
2024-06-02 01:13:24,2024-06-02,01:13:24,6.1,,36.9,,21.5,,13.066,,331.1,,1.87,,0.73,
2024-06-02 01:13:54,2024-06-02,01:13:54,,5.6,,35.0,,21.7,,12.925,,24.3,,2.87,,1.59
2024-06-02 01:14:27,2024-06-02,01:14:27,6.5,,37.9,,21.5,,13.22,,305.3,,2.41,,1.56,
2024-06-02 01:14:58,2024-06-02,01:14:58,,5.7,,35.3,,21.7,,12.973,,61.4,,2.3,,0.53
2024-06-02 01:15:30,2024-06-02,01:15:30,7.0,,39.0,,21.5,,13.389,,329.2,,2.21,,0.99,
2024-06-02 01:16:01,2024-06-02,01:16:01,,5.7,,35.6,,21.6,,12.942,,74.4,,1.6,,0.88
2024-06-02 01:16:34,2024-06-02,01:16:34,7.1,,39.8,,21.4,,13.429,,339.8,,1.8,,0.79,
2024-06-02 01:17:04,2024-06-02,01:17:04,,5.8,,35.8,,21.6,,12.973,,42.2,,1.47,,0.87
2024-06-02 01:17:38,2024-06-02,01:17:38,7.2,,40.4,,21.2,,13.356,,319.2,,2.01,,1.45,
2024-06-02 01:18:08,2024-06-02,01:18:08,,5.8,,36.0,,21.5,,12.925,,16.2,,1.31,,1.14
2024-06-02 01:18:41,2024-06-02,01:18:41,6.7,,39.6,,21.0,,13.074,,323.9,,2.22,,1.38,
2024-06-02 01:19:12,2024-06-02,01:19:12,,5.8,,36.0,,21.5,,12.925,,11.0,,2.08,,1.91
2024-06-02 01:19:44,2024-06-02,01:19:44,6.7,,39.4,,21.0,,13.044,,325.0,,2.45,,1.44,
2024-06-02 01:20:15,2024-06-02,01:20:15,,5.8,,36.0,,21.5,,12.925,,19.7,,2.1,,1.22
2024-06-02 01:20:48,2024-06-02,01:20:48,6.7,,39.2,,21.1,,13.095,,326.6,,1.88,,1.14,
2024-06-02 01:21:18,2024-06-02,01:21:18,,5.9,,36.1,,21.5,,12.941,,74.6,,1.51,,0.78
2024-06-02 01:21:52,2024-06-02,01:21:52,7.0,,40.0,,21.2,,13.296,,318.9,,1.76,,1.18,
2024-06-02 01:22:22,2024-06-02,01:22:22,,5.9,,36.2,,21.5,,12.957,,77.4,,1.4,,1.15
2024-06-02 01:22:55,2024-06-02,01:22:55,7.4,,40.6,,21.2,,13.385,,316.9,,1.81,,1.12,
2024-06-02 01:23:26,2024-06-02,01:23:26,,6.0,,36.5,,21.5,,13.004,,358.2,,1.55,,0.41
2024-06-02 01:23:58,2024-06-02,01:23:58,6.6,,38.8,,21.2,,13.116,,324.2,,2.93,,2.51,
2024-06-02 01:24:29,2024-06-02,01:24:29,,6.1,,36.8,,21.5,,13.05,,298.7,,3.02,,2.9
2024-06-02 01:25:02,2024-06-02,01:25:02,6.6,,38.6,,21.2,,13.086,,328.5,,2.41,,1.59,
2024-06-02 01:25:32,2024-06-02,01:25:32,,6.2,,37.1,,21.5,,13.097,,18.2,,2.96,,1.28
2024-06-02 01:26:06,2024-06-02,01:26:06,7.1,,40.2,,21.2,,13.326,,316.9,,2.11,,1.69,
2024-06-02 01:26:36,2024-06-02,01:26:36,,6.2,,37.2,,21.4,,13.033,,67.9,,2.02,,0.48
2024-06-02 01:27:09,2024-06-02,01:27:09,7.3,,40.6,,21.2,,13.385,,319.1,,2.48,,1.99,
2024-06-02 01:27:40,2024-06-02,01:27:40,,6.2,,37.2,,21.4,,13.033,,281.7,,1.46,,1.32
2024-06-02 01:28:12,2024-06-02,01:28:12,7.0,,39.7,,21.2,,13.251,,325.5,,2.22,,1.55,
2024-06-02 01:28:43,2024-06-02,01:28:43,,6.8,,38.7,,21.4,,13.262,,300.9,,1.67,,1.49
2024-06-02 01:29:16,2024-06-02,01:29:16,7.0,,39.8,,21.2,,13.266,,328.4,,1.99,,1.28,
2024-06-02 01:29:46,2024-06-02,01:29:46,,6.8,,38.7,,21.4,,13.262,,327.7,,1.58,,1.18
2024-06-02 01:30:20,2024-06-02,01:30:20,7.2,,40.5,,21.2,,13.371,,324.4,,1.99,,1.67,
2024-06-02 01:30:50,2024-06-02,01:30:50,,6.8,,38.5,,21.5,,13.312,,354.3,,1.21,,1.05
2024-06-02 01:31:23,2024-06-02,01:31:23,7.2,,40.8,,21.1,,13.333,,321.9,,2.12,,1.56,
2024-06-02 01:31:54,2024-06-02,01:31:54,,6.6,,38.2,,21.4,,13.186,,346.0,,1.15,,1.02
2024-06-02 01:32:26,2024-06-02,01:32:26,7.3,,41.0,,21.1,,13.363,,319.7,,2.31,,1.84,
2024-06-02 01:32:57,2024-06-02,01:32:57,,6.9,,39.1,,21.4,,13.323,,336.2,,1.36,,0.6
2024-06-02 01:33:30,2024-06-02,01:33:30,7.3,,40.8,,21.2,,13.415,,317.0,,1.81,,1.03,
2024-06-02 01:34:01,2024-06-02,01:34:01,,7.0,,39.3,,21.4,,13.353,,281.7,,1.43,,1.01
2024-06-02 01:34:34,2024-06-02,01:34:34,7.7,,41.7,,21.2,,13.548,,327.2,,1.8,,1.0,
2024-06-02 01:35:04,2024-06-02,01:35:04,,7.2,,40.0,,21.4,,13.459,,225.5,,1.84,,1.39
2024-06-02 01:35:37,2024-06-02,01:35:37,8.0,,42.7,,21.2,,13.694,,329.0,,2.68,,1.7,
2024-06-02 01:36:08,2024-06-02,01:36:08,,7.4,,40.4,,21.4,,13.519,,246.6,,1.89,,1.01
2024-06-02 01:36:40,2024-06-02,01:36:40,8.0,,42.8,,21.2,,13.709,,313.3,,1.81,,0.81,
2024-06-02 01:37:12,2024-06-02,01:37:12,,7.2,,40.0,,21.4,,13.459,,234.0,,1.87,,1.59
2024-06-02 01:37:44,2024-06-02,01:37:44,7.8,,42.1,,21.2,,13.607,,343.0,,2.09,,1.8,
2024-06-02 01:38:15,2024-06-02,01:38:15,,7.2,,40.0,,21.4,,13.459,,314.8,,1.43,,0.72
2024-06-02 01:38:48,2024-06-02,01:38:48,7.8,,42.0,,21.2,,13.592,,335.3,,2.41,,1.3,
2024-06-02 01:39:18,2024-06-02,01:39:18,,7.4,,40.6,,21.3,,13.467,,315.1,,1.48,,1.22
2024-06-02 01:39:51,2024-06-02,01:39:51,8.1,,43.0,,21.2,,13.738,,333.8,,1.92,,1.06,
2024-06-02 01:40:22,2024-06-02,01:40:22,,7.4,,40.5,,21.4,,13.534,,322.6,,1.39,,0.79
2024-06-02 01:40:54,2024-06-02,01:40:54,8.0,,42.8,,21.2,,13.709,,298.7,,1.88,,0.78,
2024-06-02 01:41:26,2024-06-02,01:41:26,,7.4,,40.4,,21.4,,13.519,,204.4,,1.1,,0.11
2024-06-02 01:41:58,2024-06-02,01:41:58,8.2,,43.3,,21.2,,13.782,,324.7,,1.96,,0.64,
2024-06-02 01:42:29,2024-06-02,01:42:29,,7.3,,40.5,,21.3,,13.452,,155.0,,1.04,,0.87
2024-06-02 01:43:02,2024-06-02,01:43:02,8.6,,44.1,,21.3,,13.981,,320.4,,1.6,,0.96,
2024-06-02 01:43:32,2024-06-02,01:43:32,,7.5,,41.0,,21.3,,13.526,,71.0,,1.27,,0.43
2024-06-02 01:44:05,2024-06-02,01:44:05,8.3,,43.3,,21.3,,13.865,,332.1,,2.23,,1.28,
2024-06-02 01:44:36,2024-06-02,01:44:36,,7.7,,41.5,,21.3,,13.601,,28.1,,2.05,,1.71
2024-06-02 01:45:08,2024-06-02,01:45:08,8.2,,43.0,,21.3,,13.821,,328.8,,1.96,,1.47,
2024-06-02 01:45:40,2024-06-02,01:45:40,,7.6,,41.1,,21.4,,13.623,,29.2,,2.16,,1.15
2024-06-02 01:46:12,2024-06-02,01:46:12,8.5,,43.8,,21.3,,13.937,,335.7,,2.2,,0.66,
2024-06-02 01:46:43,2024-06-02,01:46:43,,7.7,,41.1,,21.5,,13.705,,60.3,,2.97,,2.09
2024-06-02 01:47:16,2024-06-02,01:47:16,8.7,,44.5,,21.3,,14.039,,323.8,,1.59,,0.68,
2024-06-02 01:47:46,2024-06-02,01:47:46,,7.0,,39.2,,21.5,,13.419,,103.7,,2.96,,1.65
2024-06-02 01:48:19,2024-06-02,01:48:19,8.8,,44.6,,21.3,,14.053,,330.0,,2.68,,1.27,
2024-06-02 01:48:50,2024-06-02,01:48:50,,6.6,,37.7,,21.6,,13.27,,85.4,,3.45,,3.04
2024-06-02 01:49:22,2024-06-02,01:49:22,7.6,,41.0,,21.4,,13.608,,329.7,,2.18,,1.4,
2024-06-02 01:49:54,2024-06-02,01:49:54,,6.3,,36.7,,21.8,,13.273,,63.8,,3.39,,1.7
2024-06-02 01:50:26,2024-06-02,01:50:26,7.5,,39.8,,21.8,,13.754,,314.9,,2.63,,1.33,
2024-06-02 01:50:57,2024-06-02,01:50:57,,6.2,,36.2,,21.9,,13.274,,68.0,,1.98,,1.59
2024-06-02 01:51:30,2024-06-02,01:51:30,7.5,,39.3,,22.0,,13.839,,343.0,,1.92,,1.0,
2024-06-02 01:52:00,2024-06-02,01:52:00,,6.4,,36.3,,22.1,,13.448,,44.1,,2.73,,1.63
2024-06-02 01:52:33,2024-06-02,01:52:33,7.6,,39.5,,22.0,,13.87,,315.2,,1.92,,1.33,
2024-06-02 01:53:04,2024-06-02,01:53:04,,6.5,,36.2,,22.2,,13.512,,33.6,,2.42,,1.52
2024-06-02 01:53:36,2024-06-02,01:53:36,7.5,,39.0,,22.1,,13.873,,320.2,,2.42,,1.09,
2024-06-02 01:54:08,2024-06-02,01:54:08,,6.7,,36.4,,22.3,,13.623,,63.6,,1.88,,1.41
2024-06-02 01:54:40,2024-06-02,01:54:40,7.6,,39.0,,22.2,,13.954,,352.1,,2.2,,0.71,
2024-06-02 01:55:11,2024-06-02,01:55:11,,6.8,,36.6,,22.3,,13.655,,66.4,,3.54,,2.85
2024-06-02 01:55:44,2024-06-02,01:55:44,7.9,,39.8,,22.2,,14.078,,319.3,,2.18,,1.63,
2024-06-02 01:56:14,2024-06-02,01:56:14,,6.7,,36.3,,22.4,,13.686,,90.3,,2.9,,2.37
2024-06-02 01:56:47,2024-06-02,01:56:47,8.4,,40.9,,22.3,,14.329,,320.8,,2.14,,1.35,
2024-06-02 01:57:18,2024-06-02,01:57:18,,6.8,,36.0,,22.6,,13.796,,47.1,,2.95,,1.6
2024-06-02 01:57:50,2024-06-02,01:57:50,8.2,,40.1,,22.4,,14.287,,318.2,,2.39,,1.31,
2024-06-02 01:58:22,2024-06-02,01:58:22,,6.7,,35.9,,22.6,,13.78,,52.5,,1.63,,0.61
2024-06-02 01:58:54,2024-06-02,01:58:54,8.1,,39.7,,22.5,,14.306,,319.9,,2.18,,1.03,
2024-06-02 01:59:25,2024-06-02,01:59:25,,6.9,,36.1,,22.7,,13.892,,63.6,,1.55,,1.44
2024-06-02 01:59:58,2024-06-02,01:59:58,8.0,,39.3,,22.5,,14.244,,317.8,,2.24,,1.16,
2024-06-02 02:00:28,2024-06-02,02:00:28,,6.8,,35.9,,22.7,,13.859,,112.9,,4.29,,2.5
2024-06-02 02:01:01,2024-06-02,02:01:01,7.7,,38.6,,22.5,,14.133,,319.6,,2.23,,1.66,
2024-06-02 02:01:32,2024-06-02,02:01:32,,6.5,,34.8,,22.9,,13.835,,154.1,,4.62,,2.21
2024-06-02 02:02:04,2024-06-02,02:02:04,8.4,,40.1,,22.7,,14.532,,137.1,,2.09,,0.27,
2024-06-02 02:02:36,2024-06-02,02:02:36,,6.6,,34.4,,23.2,,14.003,,137.2,,6.34,,5.23
2024-06-02 02:03:08,2024-06-02,02:03:08,8.2,,39.3,,22.8,,14.487,,151.1,,1.38,,1.07,
2024-06-02 02:03:39,2024-06-02,02:03:39,,6.6,,33.4,,23.6,,14.143,,130.1,,5.85,,1.8
2024-06-02 02:04:12,2024-06-02,02:04:12,8.3,,39.3,,22.9,,14.567,,344.2,,1.42,,0.86,
2024-06-02 02:04:42,2024-06-02,02:04:42,,6.6,,33.2,,23.7,,14.185,,102.5,,2.75,,1.88
2024-06-02 02:05:15,2024-06-02,02:05:15,8.0,,38.0,,23.1,,14.52,,344.6,,1.83,,0.89,
2024-06-02 02:05:46,2024-06-02,02:05:46,,7.5,,35.4,,23.7,,14.565,,29.0,,2.31,,1.09
2024-06-02 02:06:18,2024-06-02,02:06:18,8.5,,39.2,,23.1,,14.713,,319.9,,2.13,,1.54,
2024-06-02 02:06:50,2024-06-02,02:06:50,,7.6,,35.8,,23.6,,14.554,,75.0,,1.39,,0.65
2024-06-02 02:07:22,2024-06-02,02:07:22,8.7,,40.0,,23.0,,14.76,,327.0,,2.23,,1.05,
2024-06-02 02:07:53,2024-06-02,02:07:53,,7.5,,35.8,,23.5,,14.475,,36.6,,1.63,,1.43
2024-06-02 02:08:26,2024-06-02,02:08:26,8.8,,40.5,,22.9,,14.757,,346.4,,1.87,,0.77,
2024-06-02 02:08:56,2024-06-02,02:08:56,,7.7,,36.3,,23.5,,14.559,,29.7,,2.29,,2.04
2024-06-02 02:09:29,2024-06-02,02:09:29,9.0,,41.8,,22.7,,14.796,,334.2,,2.36,,1.76,
2024-06-02 02:10:00,2024-06-02,02:10:00,,9.3,,40.8,,23.4,,15.213,,72.3,,2.81,,0.8
2024-06-02 02:10:32,2024-06-02,02:10:32,10.2,,45.4,,22.6,,15.26,,330.3,,2.48,,1.09,
2024-06-02 02:11:04,2024-06-02,02:11:04,,10.1,,43.4,,23.3,,15.539,,83.5,,3.38,,2.56
2024-06-02 02:11:36,2024-06-02,02:11:36,10.7,,47.6,,22.4,,15.416,,6.8,,1.98,,1.07,
2024-06-02 02:12:07,2024-06-02,02:12:07,,10.5,,45.0,,23.1,,15.619,,56.9,,2.64,,1.19
2024-06-02 02:12:40,2024-06-02,02:12:40,10.9,,48.4,,22.3,,15.447,,335.5,,1.88,,1.46,
2024-06-02 02:13:11,2024-06-02,02:13:11,,10.7,,45.7,,23.0,,15.641,,3.1,,1.41,,0.98
2024-06-02 02:13:43,2024-06-02,02:13:43,11.2,,50.0,,22.1,,15.507,,331.7,,3.04,,2.75,
2024-06-02 02:14:14,2024-06-02,02:14:14,,11.2,,48.1,,22.8,,15.83,,8.6,,3.39,,2.71
2024-06-02 02:14:46,2024-06-02,02:14:46,12.0,,53.4,,21.9,,15.813,,334.7,,3.24,,1.94,
2024-06-02 02:15:18,2024-06-02,02:15:18,,12.1,,51.8,,22.5,,16.109,,22.6,,5.76,,3.1
2024-06-02 02:15:50,2024-06-02,02:15:50,12.4,,55.6,,21.7,,15.941,,336.4,,2.87,,1.92,
2024-06-02 02:16:22,2024-06-02,02:16:22,,12.4,,54.0,,22.2,,16.159,,7.9,,3.75,,2.38
2024-06-02 02:16:54,2024-06-02,02:16:54,12.7,,57.4,,21.5,,16.009,,338.0,,3.86,,2.38,
2024-06-02 02:17:25,2024-06-02,02:17:25,,12.4,,54.3,,22.1,,16.113,,18.6,,3.26,,1.65
2024-06-02 02:17:57,2024-06-02,02:17:57,12.8,,58.0,,21.4,,16.001,,326.9,,2.7,,1.32,
2024-06-02 02:18:28,2024-06-02,02:18:28,,12.9,,56.1,,22.0,,16.275,,9.0,,4.01,,2.81
2024-06-02 02:19:00,2024-06-02,02:19:00,13.1,,59.5,,21.3,,16.113,,325.8,,2.69,,1.84,
2024-06-02 02:19:32,2024-06-02,02:19:32,,13.0,,57.4,,21.8,,16.276,,343.6,,4.29,,3.53
2024-06-02 02:20:04,2024-06-02,02:20:04,13.3,,60.3,,21.3,,16.219,,356.8,,2.5,,1.38,
2024-06-02 02:20:36,2024-06-02,02:20:36,,13.0,,58.3,,21.6,,16.22,,10.1,,4.35,,2.26
2024-06-02 02:21:08,2024-06-02,02:21:08,13.4,,61.0,,21.2,,16.222,,333.4,,2.24,,0.99,
2024-06-02 02:21:39,2024-06-02,02:21:39,,13.0,,58.6,,21.5,,16.171,,352.4,,2.21,,1.53
2024-06-02 02:22:11,2024-06-02,02:22:11,13.5,,61.6,,21.2,,16.302,,315.0,,2.05,,0.75,
2024-06-02 02:22:42,2024-06-02,02:22:42,,13.1,,58.9,,21.5,,16.212,,314.2,,2.06,,1.39
2024-06-02 02:23:14,2024-06-02,02:23:14,13.4,,61.7,,21.1,,16.224,,314.8,,1.79,,0.68,
2024-06-02 02:23:46,2024-06-02,02:23:46,,13.1,,59.4,,21.4,,16.189,,329.4,,2.04,,1.27
2024-06-02 02:24:18,2024-06-02,02:24:18,13.6,,62.2,,21.1,,16.29,,327.4,,2.03,,1.29,
2024-06-02 02:24:50,2024-06-02,02:24:50,,13.1,,59.7,,21.3,,16.139,,348.2,,2.88,,1.24
2024-06-02 02:25:22,2024-06-02,02:25:22,13.6,,62.4,,21.1,,16.317,,331.9,,2.22,,0.69,
2024-06-02 02:25:53,2024-06-02,02:25:53,,13.1,,59.8,,21.2,,16.063,,116.6,,1.87,,1.0
2024-06-02 02:26:25,2024-06-02,02:26:25,13.6,,62.2,,21.1,,16.29,,339.6,,1.47,,1.04,
2024-06-02 02:26:56,2024-06-02,02:26:56,,13.0,,59.8,,21.2,,16.063,,43.2,,2.43,,1.48
2024-06-02 02:27:28,2024-06-02,02:27:28,13.5,,62.3,,21.0,,16.213,,8.0,,2.11,,1.04,
2024-06-02 02:28:00,2024-06-02,02:28:00,,13.1,,60.1,,21.2,,16.103,,33.4,,3.78,,3.47
2024-06-02 02:28:32,2024-06-02,02:28:32,13.7,,63.3,,20.9,,16.253,,331.6,,3.36,,2.41,
2024-06-02 02:29:04,2024-06-02,02:29:04,,13.1,,60.1,,21.2,,16.103,,3.8,,4.38,,2.59
2024-06-02 02:29:36,2024-06-02,02:29:36,13.6,,62.9,,20.9,,16.201,,339.8,,3.32,,2.07,
2024-06-02 02:30:07,2024-06-02,02:30:07,,13.0,,60.2,,21.1,,16.026,,26.2,,2.63,,1.25
2024-06-02 02:30:39,2024-06-02,02:30:39,13.6,,63.0,,20.9,,16.214,,307.8,,2.82,,1.16,
2024-06-02 02:31:10,2024-06-02,02:31:10,,13.0,,60.2,,21.1,,16.026,,312.5,,2.41,,1.78
2024-06-02 02:31:42,2024-06-02,02:31:42,13.6,,62.7,,21.0,,16.265,,321.8,,2.1,,1.31,
2024-06-02 02:32:14,2024-06-02,02:32:14,,13.1,,60.6,,21.0,,15.989,,342.7,,3.32,,2.67
2024-06-02 02:32:46,2024-06-02,02:32:46,13.7,,62.9,,21.0,,16.292,,328.0,,2.76,,1.91,
2024-06-02 02:33:18,2024-06-02,02:33:18,,12.4,,58.0,,21.0,,15.645,,354.5,,5.23,,3.77
2024-06-02 02:33:50,2024-06-02,02:33:50,,,,,13.4,,,,344.8,,3.35,,1.22,
2024-06-02 02:34:21,2024-06-02,02:34:21,,12.6,,58.3,,21.1,,15.774,,358.5,,4.34,,3.17
2024-06-02 02:34:53,2024-06-02,02:34:53,13.1,,60.7,,21.0,,16.002,,343.3,,2.18,,1.53,
2024-06-02 02:35:24,2024-06-02,02:35:24,,13.0,,59.3,,21.2,,15.996,,343.3,,3.14,,2.27
2024-06-02 02:35:56,2024-06-02,02:35:56,13.5,,62.1,,21.1,,16.277,,319.8,,2.75,,2.51,
2024-06-02 02:36:28,2024-06-02,02:36:28,,13.0,,59.5,,21.2,,16.023,,326.3,,2.88,,2.6
2024-06-02 02:37:00,2024-06-02,02:37:00,13.5,,62.0,,21.1,,16.264,,322.1,,2.92,,1.25,
2024-06-02 02:37:32,2024-06-02,02:37:32,,13.2,,60.4,,21.2,,16.143,,330.9,,2.28,,1.79
2024-06-02 02:38:04,2024-06-02,02:38:04,13.9,,63.4,,21.1,,16.448,,321.7,,2.46,,1.41,
2024-06-02 02:38:35,2024-06-02,02:38:35,,13.2,,60.8,,21.1,,16.106,,334.5,,2.45,,1.58
2024-06-02 02:39:07,2024-06-02,02:39:07,13.8,,63.5,,21.0,,16.37,,321.7,,1.87,,1.27,
2024-06-02 02:39:38,2024-06-02,02:39:38,,13.2,,61.1,,21.0,,16.055,,25.6,,2.8,,2.13
2024-06-02 02:40:10,2024-06-02,02:40:10,13.2,,61.6,,20.9,,16.03,,343.0,,3.59,,1.5,
2024-06-02 02:40:42,2024-06-02,02:40:42,,13.0,,60.5,,20.9,,15.886,,54.5,,2.55,,1.37
2024-06-02 02:41:14,2024-06-02,02:41:14,13.1,,61.3,,20.9,,15.991,,324.7,,2.5,,1.85,
2024-06-02 02:41:46,2024-06-02,02:41:46,,13.0,,60.9,,20.9,,15.939,,12.3,,5.1,,3.82
2024-06-02 02:42:18,2024-06-02,02:42:18,13.3,,62.1,,20.9,,16.096,,337.0,,2.95,,1.64,
2024-06-02 02:42:49,2024-06-02,02:42:49,,13.4,,62.3,,20.9,,16.122,,346.6,,5.44,,2.64
2024-06-02 02:43:21,2024-06-02,02:43:21,14.0,,65.0,,20.9,,16.474,,326.5,,2.83,,1.42,
2024-06-02 02:43:52,2024-06-02,02:43:52,,13.6,,63.1,,20.9,,16.227,,333.8,,3.63,,2.13
2024-06-02 02:44:24,2024-06-02,02:44:24,14.3,,66.1,,20.9,,16.617,,306.7,,2.63,,0.83,
2024-06-02 02:44:56,2024-06-02,02:44:56,,13.6,,63.5,,20.8,,16.188,,334.6,,3.67,,1.44
2024-06-02 02:45:28,2024-06-02,02:45:28,14.4,,66.9,,20.8,,16.628,,317.8,,2.38,,1.27,
2024-06-02 02:46:00,2024-06-02,02:46:00,,13.6,,63.9,,20.7,,16.149,,48.9,,3.44,,2.01
2024-06-02 02:46:32,2024-06-02,02:46:32,14.3,,66.7,,20.7,,16.51,,323.9,,2.93,,2.42,
2024-06-02 02:47:03,2024-06-02,02:47:03,,13.3,,63.1,,20.6,,15.954,,38.5,,5.65,,1.3
2024-06-02 02:47:35,2024-06-02,02:47:35,13.1,,61.6,,20.8,,15.94,,334.9,,3.16,,2.24,
2024-06-02 02:48:06,2024-06-02,02:48:06,,13.6,,63.8,,20.7,,16.136,,6.4,,5.56,,2.46
2024-06-02 02:48:39,2024-06-02,02:48:39,14.0,,64.5,,21.0,,16.501,,359.0,,2.88,,1.03,
2024-06-02 02:49:10,2024-06-02,02:49:10,,13.6,,64.0,,20.7,,16.162,,14.1,,4.87,,3.61
2024-06-02 02:49:42,2024-06-02,02:49:42,14.2,,65.8,,20.9,,16.578,,321.4,,2.24,,1.91,
2024-06-02 02:50:14,2024-06-02,02:50:14,,13.7,,64.3,,20.7,,16.201,,21.1,,4.41,,2.62
2024-06-02 02:50:46,2024-06-02,02:50:46,14.6,,67.3,,20.9,,16.772,,334.4,,2.18,,1.54,
2024-06-02 02:51:17,2024-06-02,02:51:17,,13.9,,64.9,,20.7,,16.278,,13.8,,4.18,,2.79
2024-06-02 02:51:49,2024-06-02,02:51:49,14.8,,68.4,,20.8,,16.821,,327.1,,2.67,,2.06,
2024-06-02 02:52:20,2024-06-02,02:52:20,,14.0,,65.3,,20.7,,16.33,,24.0,,4.41,,1.66
2024-06-02 02:52:52,2024-06-02,02:52:52,15.0,,69.6,,20.8,,16.976,,315.2,,2.57,,1.18,
2024-06-02 02:53:24,2024-06-02,02:53:24,,14.0,,65.7,,20.7,,16.381,,32.0,,3.84,,1.8
2024-06-02 02:53:56,2024-06-02,02:53:56,15.1,,70.4,,20.7,,16.985,,321.4,,2.21,,1.32,
2024-06-02 02:54:28,2024-06-02,02:54:28,,14.0,,66.0,,20.6,,16.328,,25.0,,3.17,,1.45
2024-06-02 02:55:00,2024-06-02,02:55:00,15.2,,71.1,,20.7,,17.074,,24.0,,2.01,,0.66,
2024-06-02 02:55:31,2024-06-02,02:55:31,,14.1,,66.3,,20.6,,16.367,,34.3,,3.27,,2.75
2024-06-02 02:56:03,2024-06-02,02:56:03,15.2,,71.2,,20.6,,16.993,,326.3,,2.71,,2.03,
2024-06-02 02:56:34,2024-06-02,02:56:34,,14.1,,66.5,,20.6,,16.393,,25.3,,4.45,,2.63
2024-06-02 02:57:06,2024-06-02,02:57:06,15.3,,71.8,,20.6,,17.07,,321.1,,2.42,,1.95,
2024-06-02 02:57:38,2024-06-02,02:57:38,,14.2,,66.8,,20.6,,16.431,,17.9,,3.65,,3.01
2024-06-02 02:58:10,2024-06-02,02:58:10,15.3,,72.3,,20.5,,17.039,,339.6,,2.37,,1.37,
2024-06-02 02:58:42,2024-06-02,02:58:42,,14.1,,67.0,,20.5,,16.365,,26.0,,3.74,,2.34
2024-06-02 02:59:14,2024-06-02,02:59:14,15.5,,73.1,,20.5,,17.141,,329.0,,2.29,,1.49,
2024-06-02 02:59:45,2024-06-02,02:59:45,,14.2,,67.3,,20.5,,16.403,,4.6,,3.85,,2.43
2024-06-02 03:00:18,2024-06-02,03:00:18,15.6,,73.5,,20.5,,17.191,,307.7,,2.37,,1.64,
2024-06-02 03:00:48,2024-06-02,03:00:48,,14.3,,67.5,,20.5,,16.428,,15.6,,5.53,,3.13
2024-06-02 03:01:20,2024-06-02,03:01:20,15.6,,73.4,,20.5,,17.179,,330.0,,2.87,,1.01,
2024-06-02 03:01:52,2024-06-02,03:01:52,,14.3,,67.8,,20.5,,16.467,,39.0,,6.07,,1.37
2024-06-02 03:02:24,2024-06-02,03:02:24,15.5,,73.1,,20.5,,17.141,,353.1,,1.97,,1.32,
2024-06-02 03:02:56,2024-06-02,03:02:56,,14.3,,67.9,,20.4,,16.387,,40.2,,4.25,,2.63
2024-06-02 03:03:28,2024-06-02,03:03:28,15.7,,74.2,,20.5,,17.28,,325.4,,2.31,,1.82,
2024-06-02 03:03:59,2024-06-02,03:03:59,,14.3,,68.2,,20.4,,16.425,,14.2,,6.12,,1.83
2024-06-02 03:04:32,2024-06-02,03:04:32,15.9,,74.7,,20.5,,17.343,,323.4,,2.89,,1.09,
2024-06-02 03:05:02,2024-06-02,03:05:02,,14.4,,68.4,,20.4,,16.451,,15.4,,4.02,,1.38
2024-06-02 03:05:34,2024-06-02,03:05:34,15.8,,74.9,,20.4,,17.274,,327.2,,2.28,,1.89,
2024-06-02 03:06:06,2024-06-02,03:06:06,,14.4,,68.6,,20.4,,16.476,,12.1,,3.72,,1.75
2024-06-02 03:06:38,2024-06-02,03:06:38,16.0,,75.9,,20.4,,17.4,,319.9,,2.63,,1.77,
2024-06-02 03:07:10,2024-06-02,03:07:10,,14.5,,68.8,,20.4,,16.502,,20.9,,4.65,,1.97
2024-06-02 03:07:42,2024-06-02,03:07:42,16.1,,76.4,,20.4,,17.463,,324.8,,2.47,,1.8,
2024-06-02 03:08:13,2024-06-02,03:08:13,,14.5,,68.9,,20.4,,16.514,,34.5,,4.0,,2.37
2024-06-02 03:08:45,2024-06-02,03:08:45,16.2,,76.8,,20.4,,17.513,,341.9,,2.09,,1.19,
2024-06-02 03:09:16,2024-06-02,03:09:16,,14.5,,69.1,,20.4,,16.54,,6.8,,4.19,,2.43
2024-06-02 03:09:49,2024-06-02,03:09:49,16.2,,76.8,,20.4,,17.513,,337.6,,2.16,,1.12,
2024-06-02 03:10:20,2024-06-02,03:10:20,,14.5,,69.4,,20.3,,16.485,,6.3,,5.1,,3.83
2024-06-02 03:10:52,2024-06-02,03:10:52,16.1,,77.1,,20.3,,17.455,,329.4,,2.34,,1.37,
2024-06-02 03:11:24,2024-06-02,03:11:24,,14.5,,69.5,,20.3,,16.498,,13.6,,4.93,,2.17
2024-06-02 03:11:56,2024-06-02,03:11:56,16.1,,76.9,,20.3,,17.43,,350.5,,2.87,,1.98,
2024-06-02 03:12:27,2024-06-02,03:12:27,,14.6,,69.7,,20.3,,16.523,,8.3,,5.1,,3.64
2024-06-02 03:12:59,2024-06-02,03:12:59,16.0,,77.0,,20.2,,17.348,,331.4,,2.57,,1.52,
2024-06-02 03:13:30,2024-06-02,03:13:30,,14.5,,69.8,,20.2,,16.443,,8.9,,4.83,,3.76
2024-06-02 03:14:03,2024-06-02,03:14:03,16.3,,77.8,,20.3,,17.543,,313.8,,1.92,,1.33,
2024-06-02 03:14:34,2024-06-02,03:14:34,,14.5,,69.9,,20.2,,16.455,,27.5,,4.7,,3.42
2024-06-02 03:15:06,2024-06-02,03:15:06,16.1,,77.0,,20.3,,17.443,,326.2,,2.31,,1.54,
2024-06-02 03:15:38,2024-06-02,03:15:38,,14.6,,70.1,,20.2,,16.481,,4.8,,6.59,,6.04
2024-06-02 03:16:10,2024-06-02,03:16:10,16.1,,76.8,,20.3,,17.418,,330.3,,2.62,,1.41,
2024-06-02 03:16:41,2024-06-02,03:16:41,,14.6,,70.1,,20.2,,16.481,,15.5,,6.07,,4.28
2024-06-02 03:17:14,2024-06-02,03:17:14,16.0,,76.4,,20.3,,17.368,,340.4,,2.37,,1.34,
2024-06-02 03:17:44,2024-06-02,03:17:44,,14.6,,70.1,,20.2,,16.481,,8.2,,6.32,,4.24
2024-06-02 03:18:17,2024-06-02,03:18:17,16.1,,76.8,,20.3,,17.418,,319.5,,2.31,,1.4,
2024-06-02 03:18:48,2024-06-02,03:18:48,,14.6,,70.1,,20.2,,16.481,,14.8,,6.94,,3.63
2024-06-02 03:19:20,2024-06-02,03:19:20,16.0,,76.2,,20.3,,17.343,,328.4,,2.26,,1.35,
2024-06-02 03:19:52,2024-06-02,03:19:52,,14.5,,70.0,,20.2,,16.468,,22.8,,4.53,,1.45
2024-06-02 03:20:24,2024-06-02,03:20:24,15.9,,75.7,,20.3,,17.28,,5.5,,1.94,,0.66,
2024-06-02 03:20:55,2024-06-02,03:20:55,,14.5,,70.0,,20.2,,16.468,,18.7,,5.54,,3.82
2024-06-02 03:21:28,2024-06-02,03:21:28,15.7,,75.1,,20.3,,17.204,,4.1,,1.57,,0.54,
2024-06-02 03:21:58,2024-06-02,03:21:58,,14.5,,70.0,,20.2,,16.468,,10.4,,4.67,,3.61
2024-06-02 03:22:31,2024-06-02,03:22:31,15.7,,75.0,,20.3,,17.192,,350.8,,2.16,,1.44,
2024-06-02 03:23:02,2024-06-02,03:23:02,,14.5,,69.9,,20.2,,16.455,,34.3,,5.88,,2.85
2024-06-02 03:23:34,2024-06-02,03:23:34,15.6,,74.4,,20.3,,17.116,,6.7,,2.51,,1.21,
2024-06-02 03:24:06,2024-06-02,03:24:06,,14.5,,70.0,,20.2,,16.468,,29.7,,5.81,,3.86
2024-06-02 03:24:38,2024-06-02,03:24:38,15.7,,74.8,,20.3,,17.167,,16.3,,1.8,,0.95,
2024-06-02 03:25:09,2024-06-02,03:25:09,,14.5,,70.0,,20.2,,16.468,,10.8,,5.49,,3.66
2024-06-02 03:25:42,2024-06-02,03:25:42,15.7,,75.1,,20.3,,17.204,,322.9,,2.55,,1.29,
2024-06-02 03:26:12,2024-06-02,03:26:12,,14.5,,69.9,,20.2,,16.455,,55.3,,4.38,,3.08
2024-06-02 03:26:45,2024-06-02,03:26:45,15.6,,74.5,,20.3,,17.129,,24.2,,2.67,,1.61,
2024-06-02 03:27:16,2024-06-02,03:27:16,,14.5,,69.9,,20.2,,16.455,,23.5,,3.6,,2.39
2024-06-02 03:27:48,2024-06-02,03:27:48,15.7,,74.8,,20.3,,17.167,,355.2,,2.01,,0.69,
2024-06-02 03:28:20,2024-06-02,03:28:20,,14.5,,70.0,,20.2,,16.468,,16.6,,5.68,,4.19
2024-06-02 03:28:52,2024-06-02,03:28:52,15.6,,74.5,,20.3,,17.129,,24.3,,2.29,,0.87,
2024-06-02 03:29:23,2024-06-02,03:29:23,,14.5,,70.0,,20.2,,16.468,,18.8,,5.27,,2.91
2024-06-02 03:29:56,2024-06-02,03:29:56,15.7,,74.9,,20.3,,17.179,,349.5,,2.77,,1.63,
2024-06-02 03:30:26,2024-06-02,03:30:26,,14.6,,70.1,,20.2,,16.481,,28.1,,5.13,,3.54
2024-06-02 03:30:59,2024-06-02,03:30:59,15.8,,75.3,,20.3,,17.229,,344.4,,2.03,,1.38,
2024-06-02 03:31:30,2024-06-02,03:31:30,,14.6,,70.1,,20.2,,16.481,,9.0,,4.05,,3.38
2024-06-02 03:32:02,2024-06-02,03:32:02,15.9,,75.9,,20.3,,17.305,,332.6,,2.37,,1.34,
2024-06-02 03:32:34,2024-06-02,03:32:34,,14.6,,70.2,,20.2,,16.493,,18.9,,5.71,,2.7
2024-06-02 03:33:06,2024-06-02,03:33:06,16.0,,76.4,,20.3,,17.368,,331.9,,2.43,,1.74,
2024-06-02 03:33:37,2024-06-02,03:33:37,,14.6,,70.3,,20.2,,16.506,,34.5,,4.93,,3.28
2024-06-02 03:34:10,2024-06-02,03:34:10,16.1,,76.9,,20.3,,17.43,,344.6,,2.01,,1.52,
2024-06-02 03:34:40,2024-06-02,03:34:40,,14.7,,70.5,,20.2,,16.531,,7.1,,5.5,,4.19
2024-06-02 03:35:13,2024-06-02,03:35:13,16.2,,77.7,,20.3,,17.531,,343.0,,2.02,,1.11,
2024-06-02 03:35:44,2024-06-02,03:35:44,,14.7,,70.6,,20.2,,16.544,,35.5,,4.11,,1.55
2024-06-02 03:36:16,2024-06-02,03:36:16,16.3,,77.8,,20.3,,17.543,,349.3,,2.24,,0.94,
2024-06-02 03:36:48,2024-06-02,03:36:48,,14.7,,70.7,,20.2,,16.556,,34.0,,4.18,,2.72
2024-06-02 03:37:20,2024-06-02,03:37:20,16.4,,78.7,,20.2,,17.56,,331.3,,2.56,,1.52,
2024-06-02 03:37:51,2024-06-02,03:37:51,,14.8,,70.9,,20.2,,16.581,,18.5,,4.41,,2.98
2024-06-02 03:38:24,2024-06-02,03:38:24,16.5,,79.6,,20.2,,17.673,,344.2,,2.87,,1.46,
2024-06-02 03:38:54,2024-06-02,03:38:54,,14.8,,71.2,,20.2,,16.619,,18.6,,5.88,,4.21
2024-06-02 03:39:27,2024-06-02,03:39:27,16.8,,80.7,,20.2,,17.81,,15.7,,2.38,,1.23,
2024-06-02 03:39:58,2024-06-02,03:39:58,,14.9,,71.5,,20.2,,16.657,,20.4,,4.74,,4.16
2024-06-02 03:40:30,2024-06-02,03:40:30,17.0,,81.8,,20.2,,17.947,,340.5,,2.5,,1.61,
2024-06-02 03:41:02,2024-06-02,03:41:02,,15.0,,71.8,,20.2,,16.695,,16.3,,4.93,,4.0
2024-06-02 03:41:34,2024-06-02,03:41:34,17.1,,82.6,,20.2,,18.047,,318.4,,2.55,,2.19,
2024-06-02 03:42:05,2024-06-02,03:42:05,,15.0,,72.2,,20.2,,16.745,,11.9,,6.62,,3.67
2024-06-02 03:42:38,2024-06-02,03:42:38,17.3,,83.4,,20.2,,18.147,,316.5,,2.37,,1.84,
2024-06-02 03:43:08,2024-06-02,03:43:08,,15.1,,72.6,,20.2,,16.796,,20.4,,6.91,,5.18
2024-06-02 03:43:41,2024-06-02,03:43:41,17.3,,83.8,,20.2,,18.197,,356.8,,2.74,,1.03,
2024-06-02 03:44:12,2024-06-02,03:44:12,,15.1,,72.8,,20.2,,16.821,,21.8,,6.06,,5.26
2024-06-02 03:44:44,2024-06-02,03:44:44,17.4,,84.1,,20.2,,18.234,,357.4,,2.25,,1.17,
2024-06-02 03:45:16,2024-06-02,03:45:16,,15.2,,73.0,,20.2,,16.846,,38.5,,5.2,,3.32
2024-06-02 03:45:48,2024-06-02,03:45:48,17.4,,84.1,,20.2,,18.234,,328.1,,2.84,,1.14,
2024-06-02 03:46:19,2024-06-02,03:46:19,,15.2,,73.3,,20.2,,16.884,,16.9,,6.5,,3.28
2024-06-02 03:46:52,2024-06-02,03:46:52,17.4,,84.3,,20.2,,18.259,,11.0,,2.26,,1.45,
2024-06-02 03:47:22,2024-06-02,03:47:22,,15.3,,73.5,,20.2,,16.909,,27.5,,4.96,,3.55
2024-06-02 03:47:55,2024-06-02,03:47:55,17.4,,84.2,,20.2,,18.246,,346.7,,2.7,,1.85,
2024-06-02 03:48:26,2024-06-02,03:48:26,,15.3,,73.6,,20.2,,16.921,,20.1,,6.33,,4.76
2024-06-02 03:48:58,2024-06-02,03:48:58,17.4,,84.0,,20.2,,18.221,,339.9,,2.18,,1.02,
2024-06-02 03:49:30,2024-06-02,03:49:30,,15.3,,73.8,,20.2,,16.947,,3.9,,6.68,,3.34
2024-06-02 03:50:32,2024-06-02,03:50:32,17.5,,84.3,,20.2,,18.259,,359.1,,2.54,,1.16,
2024-06-02 03:50:33,2024-06-02,03:50:33,,15.2,,73.8,,20.1,,16.852,,21.8,,5.96,,3.83
2024-06-02 03:51:36,2024-06-02,03:51:36,17.3,15.3,83.5,73.9,20.2,20.1,18.159,16.865,359.9,23.7,2.26,4.05,0.97,2.37
2024-06-02 03:52:39,2024-06-02,03:52:39,17.3,,83.6,,20.2,,18.172,,347.8,,2.27,,1.02,
2024-06-02 03:52:40,2024-06-02,03:52:40,,15.3,,74.0,,20.1,,16.877,,28.7,,4.99,,2.35
2024-06-02 03:53:42,2024-06-02,03:53:42,17.3,,83.6,,20.2,,18.172,,328.0,,2.22,,1.66,
2024-06-02 03:53:44,2024-06-02,03:53:44,,15.3,,74.1,,20.1,,16.89,,19.3,,5.83,,2.0
2024-06-02 03:54:46,2024-06-02,03:54:46,17.2,,83.6,,20.1,,18.075,,353.2,,2.25,,1.41,
2024-06-02 03:54:47,2024-06-02,03:54:47,,15.3,,74.2,,20.1,,16.902,,27.6,,6.75,,4.37
2024-06-02 03:55:50,2024-06-02,03:55:50,17.3,15.4,83.8,74.3,20.2,20.1,18.197,16.915,355.2,36.1,2.3,5.9,1.26,3.55
2024-06-02 03:56:53,2024-06-02,03:56:53,17.3,,83.4,,20.2,,18.147,,358.8,,2.26,,1.54,
2024-06-02 03:56:54,2024-06-02,03:56:54,,15.4,,74.3,,20.1,,16.915,,30.4,,5.12,,3.92
2024-06-02 03:57:56,2024-06-02,03:57:56,17.2,,83.0,,20.2,,18.097,,21.0,,2.62,,1.66,
2024-06-02 03:57:58,2024-06-02,03:57:58,,15.4,,74.3,,20.1,,16.915,,49.0,,7.24,,2.9
2024-06-02 03:59:00,2024-06-02,03:59:00,17.2,,83.0,,20.2,,18.097,,355.0,,2.74,,1.2,
2024-06-02 03:59:01,2024-06-02,03:59:01,,15.4,,74.3,,20.1,,16.915,,28.0,,6.24,,3.8
2024-06-02 04:00:04,2024-06-02,04:00:04,17.1,15.3,82.5,74.2,20.2,20.1,18.035,16.902,11.3,24.7,2.28,4.5,1.88,3.01
2024-06-02 04:01:07,2024-06-02,04:01:07,17.0,,82.0,,20.2,,17.972,,10.6,,2.37,,1.58,
2024-06-02 04:01:08,2024-06-02,04:01:08,,15.3,,74.1,,20.1,,16.89,,32.2,,4.96,,3.17
2024-06-02 04:02:10,2024-06-02,04:02:10,17.0,,82.3,,20.1,,17.913,,323.6,,3.37,,1.82,
2024-06-02 04:02:12,2024-06-02,04:02:12,,15.3,,74.0,,20.1,,16.877,,5.5,,6.01,,3.68
2024-06-02 04:03:14,2024-06-02,04:03:14,16.9,,81.5,,20.2,,17.91,,336.8,,2.45,,1.89,
2024-06-02 04:03:15,2024-06-02,04:03:15,,15.3,,73.9,,20.1,,16.865,,37.9,,6.18,,3.14
2024-06-02 04:04:18,2024-06-02,04:04:18,16.8,15.2,80.9,73.8,20.2,20.1,17.835,16.852,351.3,22.1,2.48,4.31,1.38,2.35
2024-06-02 04:05:21,2024-06-02,04:05:21,16.8,,80.9,,20.2,,17.835,,355.5,,2.22,,1.43,
2024-06-02 04:05:22,2024-06-02,04:05:22,,15.2,,73.6,,20.1,,16.827,,42.7,,5.91,,3.73
2024-06-02 04:06:24,2024-06-02,04:06:24,16.6,,79.8,,20.2,,17.698,,5.8,,2.63,,1.27,
2024-06-02 04:06:26,2024-06-02,04:06:26,,15.2,,73.5,,20.1,,16.815,,28.5,,5.08,,1.93
2024-06-02 04:07:28,2024-06-02,04:07:28,16.5,,79.5,,20.2,,17.66,,355.6,,2.54,,1.33,
2024-06-02 04:07:29,2024-06-02,04:07:29,,15.0,,73.3,,20.0,,16.695,,48.5,,5.27,,2.61
2024-06-02 04:08:32,2024-06-02,04:08:32,16.5,15.1,79.2,73.1,20.2,20.1,17.623,16.764,354.8,34.8,2.16,3.96,0.74,2.68
2024-06-02 04:09:35,2024-06-02,04:09:35,16.4,,79.0,,20.2,,17.598,,12.4,,3.18,,1.19,
2024-06-02 04:09:36,2024-06-02,04:09:36,,15.1,,73.0,,20.1,,16.752,,4.3,,4.22,,3.49
2024-06-02 04:10:38,2024-06-02,04:10:38,16.4,,78.9,,20.2,,17.585,,342.5,,2.43,,1.85,
2024-06-02 04:10:40,2024-06-02,04:10:40,,15.0,,72.9,,20.1,,16.739,,30.0,,5.49,,3.99
2024-06-02 04:11:42,2024-06-02,04:11:42,16.3,,78.4,,20.2,,17.523,,353.1,,2.54,,1.07,
2024-06-02 04:11:43,2024-06-02,04:11:43,,15.0,,72.8,,20.1,,16.727,,25.0,,4.31,,2.7
2024-06-02 04:12:46,2024-06-02,04:12:46,16.3,15.0,78.4,72.7,20.2,20.1,17.523,16.714,7.5,25.7,2.38,5.8,0.85,3.49
2024-06-02 04:13:49,2024-06-02,04:13:49,16.3,,78.3,,20.2,,17.51,,1.9,,2.25,,1.62,
2024-06-02 04:13:50,2024-06-02,04:13:50,,15.0,,72.6,,20.1,,16.702,,36.0,,5.74,,2.41
2024-06-02 04:14:52,2024-06-02,04:14:52,16.3,,78.6,,20.2,,17.548,,351.4,,2.25,,0.75,
2024-06-02 04:14:54,2024-06-02,04:14:54,,15.0,,72.6,,20.1,,16.702,,17.9,,4.0,,2.13
2024-06-02 04:15:56,2024-06-02,04:15:56,16.3,,78.4,,20.2,,17.523,,339.4,,2.78,,1.67,
2024-06-02 04:15:57,2024-06-02,04:15:57,,15.0,,72.6,,20.1,,16.702,,14.1,,5.81,,1.77
2024-06-02 04:17:00,2024-06-02,04:17:00,16.3,15.0,78.3,72.6,20.2,20.1,17.51,16.702,349.3,48.7,3.71,5.69,1.67,4.62
2024-06-02 04:18:03,2024-06-02,04:18:03,16.5,,78.8,,20.3,,17.669,,343.0,,2.38,,1.52,
2024-06-02 04:18:04,2024-06-02,04:18:04,,15.0,,72.6,,20.1,,16.702,,24.6,,4.74,,2.52
2024-06-02 04:19:06,2024-06-02,04:19:06,16.4,,78.5,,20.3,,17.631,,5.4,,2.72,,1.55,
2024-06-02 04:19:08,2024-06-02,04:19:08,,15.0,,72.5,,20.1,,16.689,,28.6,,5.88,,4.01
2024-06-02 04:20:10,2024-06-02,04:20:10,16.5,,79.0,,20.3,,17.694,,338.5,,2.82,,0.94,
2024-06-02 04:20:11,2024-06-02,04:20:11,,15.0,,72.5,,20.1,,16.689,,31.4,,6.0,,2.18
2024-06-02 04:21:14,2024-06-02,04:21:14,16.4,15.1,78.6,72.5,20.3,20.2,17.643,16.783,337.6,7.2,2.49,5.73,1.66,3.19
2024-06-02 04:22:17,2024-06-02,04:22:17,16.4,,78.3,,20.3,,17.606,,350.2,,2.24,,1.12,
2024-06-02 04:22:18,2024-06-02,04:22:18,,15.1,,72.5,,20.2,,16.783,,21.7,,6.8,,2.87
2024-06-02 04:23:20,2024-06-02,04:23:20,16.4,,78.2,,20.3,,17.593,,2.5,,2.21,,1.23,
2024-06-02 04:23:22,2024-06-02,04:23:22,,15.0,,72.4,,20.2,,16.77,,18.3,,5.59,,2.76
2024-06-02 04:24:24,2024-06-02,04:24:24,16.3,,78.0,,20.3,,17.568,,356.5,,3.02,,1.4,
2024-06-02 04:24:25,2024-06-02,04:24:25,,15.0,,72.4,,20.2,,16.77,,45.5,,4.67,,2.49
2024-06-02 04:25:28,2024-06-02,04:25:28,16.2,15.0,77.7,72.3,20.3,20.2,17.531,16.758,0.6,14.2,2.37,4.16,1.94,3.0
2024-06-02 04:26:31,2024-06-02,04:26:31,16.2,,77.7,,20.3,,17.531,,2.1,,2.4,,1.0,
2024-06-02 04:26:32,2024-06-02,04:26:32,,14.9,,72.2,,20.1,,16.651,,35.9,,4.55,,2.65
2024-06-02 04:27:34,2024-06-02,04:27:34,16.3,,77.8,,20.3,,17.543,,10.9,,2.94,,0.81,
2024-06-02 04:27:36,2024-06-02,04:27:36,,15.0,,72.1,,20.2,,16.733,,35.5,,6.59,,2.25
2024-06-02 04:28:38,2024-06-02,04:28:38,16.0,,76.5,,20.3,,17.38,,359.8,,2.72,,1.33,
2024-06-02 04:28:39,2024-06-02,04:28:39,,14.9,,71.8,,20.1,,16.601,,37.5,,6.65,,3.12
2024-06-02 04:29:42,2024-06-02,04:29:42,16.0,,76.5,,20.3,,17.38,,4.7,,2.35,,1.75,
2024-06-02 04:29:43,2024-06-02,04:29:43,,14.8,,71.6,,20.1,,16.576,,13.2,,3.77,,2.11
2024-06-02 04:30:45,2024-06-02,04:30:45,16.0,,76.2,,20.3,,17.343,,356.6,,2.61,,1.86,
2024-06-02 04:30:46,2024-06-02,04:30:46,,14.9,,71.5,,20.2,,16.657,,23.5,,6.77,,3.73
2024-06-02 04:31:48,2024-06-02,04:31:48,15.9,,76.0,,20.3,,17.317,,333.3,,2.9,,1.56,
2024-06-02 04:31:50,2024-06-02,04:31:50,,14.8,,71.3,,20.2,,16.632,,20.6,,4.81,,3.76
2024-06-02 04:32:52,2024-06-02,04:32:52,15.9,,75.8,,20.3,,17.292,,336.7,,2.6,,1.96,
2024-06-02 04:32:53,2024-06-02,04:32:53,,14.8,,71.2,,20.2,,16.619,,5.9,,4.88,,2.61
2024-06-02 04:33:56,2024-06-02,04:33:56,15.8,14.8,75.5,71.1,20.3,20.2,17.255,16.607,6.1,22.2,2.54,4.48,0.94,3.24
2024-06-02 04:34:59,2024-06-02,04:34:59,15.7,,75.5,,20.2,,17.16,,356.9,,2.17,,1.17,
2024-06-02 04:35:00,2024-06-02,04:35:00,,,,,,14.8,,,,26.7,,4.83,,3.2
2024-06-02 04:36:02,2024-06-02,04:36:02,15.7,,75.6,,20.2,,17.172,,329.7,,2.84,,1.72,
2024-06-02 04:36:04,2024-06-02,04:36:04,,14.7,,71.0,,20.1,,16.501,,18.1,,5.42,,4.05
2024-06-02 04:37:06,2024-06-02,04:37:06,15.8,,75.4,,20.3,,17.242,,335.1,,2.52,,1.52,
2024-06-02 04:37:08,2024-06-02,04:37:08,,14.6,,70.9,,20.1,,16.488,,34.6,,5.58,,4.48
2024-06-02 04:38:10,2024-06-02,04:38:10,15.7,14.6,75.0,70.7,20.3,20.2,17.192,16.556,341.8,20.3,2.29,5.19,1.81,2.72
2024-06-02 04:39:13,2024-06-02,04:39:13,15.7,,74.9,,20.3,,17.179,,353.9,,2.88,,1.59,
2024-06-02 04:39:14,2024-06-02,04:39:14,,14.7,,70.6,,20.2,,16.544,,18.1,,5.64,,2.37
2024-06-02 04:40:16,2024-06-02,04:40:16,15.6,,74.5,,20.3,,17.129,,0.8,,2.39,,1.36,
2024-06-02 04:40:18,2024-06-02,04:40:18,,14.7,,70.5,,20.2,,16.531,,17.7,,4.38,,2.82
2024-06-02 04:41:20,2024-06-02,04:41:20,15.6,,74.4,,20.3,,17.116,,358.4,,2.39,,1.63,
2024-06-02 04:41:22,2024-06-02,04:41:22,,14.7,,70.5,,20.2,,16.531,,20.9,,5.41,,3.57
2024-06-02 04:42:24,2024-06-02,04:42:24,15.7,,74.8,,20.3,,17.167,,348.0,,2.14,,1.42,
2024-06-02 04:42:25,2024-06-02,04:42:25,,14.7,,70.6,,20.2,,16.544,,28.0,,4.5,,2.7
2024-06-02 04:43:27,2024-06-02,04:43:27,15.7,,75.0,,20.3,,17.192,,336.1,,2.01,,1.53,
2024-06-02 04:43:28,2024-06-02,04:43:28,,14.7,,70.7,,20.2,,16.556,,26.4,,5.63,,4.4
2024-06-02 04:44:30,2024-06-02,04:44:30,,,,,15.7,,,,358.9,,1.92,,1.54,
2024-06-02 04:44:32,2024-06-02,04:44:32,,14.7,,70.7,,20.2,,16.556,,34.2,,4.48,,1.6
2024-06-02 04:45:34,2024-06-02,04:45:34,15.8,,75.4,,20.3,,17.242,,345.8,,2.7,,1.13,
2024-06-02 04:45:35,2024-06-02,04:45:35,,14.7,,70.8,,20.2,,16.569,,19.4,,5.55,,3.63
2024-06-02 04:46:38,2024-06-02,04:46:38,15.9,,76.0,,20.3,,17.317,,327.5,,2.68,,1.74,
2024-06-02 04:46:39,2024-06-02,04:46:39,,14.8,,70.9,,20.2,,16.581,,24.3,,4.67,,2.73
2024-06-02 04:47:41,2024-06-02,04:47:41,15.8,,75.5,,20.3,,17.255,,1.9,,2.29,,1.31,
2024-06-02 04:47:42,2024-06-02,04:47:42,,14.8,,70.9,,20.2,,16.581,,8.3,,4.35,,2.96
2024-06-02 04:48:44,2024-06-02,04:48:44,15.9,,76.0,,20.3,,17.317,,337.5,,2.05,,1.35,
2024-06-02 04:48:46,2024-06-02,04:48:46,,14.7,,70.8,,20.2,,16.569,,13.8,,5.05,,2.91
2024-06-02 04:49:48,2024-06-02,04:49:48,15.7,,75.0,,20.3,,17.192,,12.3,,2.56,,1.44,
2024-06-02 04:49:50,2024-06-02,04:49:50,,14.7,,70.8,,20.2,,16.569,,27.0,,4.91,,2.63
2024-06-02 04:50:52,2024-06-02,04:50:52,15.7,,75.0,,20.3,,17.192,,337.7,,2.77,,2.05,
2024-06-02 04:50:53,2024-06-02,04:50:53,,14.7,,70.7,,20.2,,16.556,,8.4,,4.93,,4.59
2024-06-02 04:51:55,2024-06-02,04:51:55,15.8,,75.2,,20.3,,17.217,,334.8,,2.04,,1.58,
2024-06-02 04:51:56,2024-06-02,04:51:56,,14.7,,70.8,,20.2,,16.569,,20.4,,4.73,,3.35
2024-06-02 04:52:58,2024-06-02,04:52:58,15.9,,75.9,,20.3,,17.305,,339.5,,2.45,,1.47,
2024-06-02 04:53:00,2024-06-02,04:53:00,,14.8,,71.2,,20.2,,16.619,,27.7,,6.51,,2.8
2024-06-02 04:54:02,2024-06-02,04:54:02,16.2,,77.3,,20.3,,17.481,,321.5,,2.29,,1.63,
2024-06-02 04:54:04,2024-06-02,04:54:04,,14.9,,71.5,,20.2,,16.657,,29.7,,5.92,,3.2
2024-06-02 04:55:06,2024-06-02,04:55:06,16.2,,77.7,,20.3,,17.531,,336.8,,2.76,,1.74,
2024-06-02 04:55:07,2024-06-02,04:55:07,,15.0,,71.8,,20.2,,16.695,,21.8,,5.12,,3.27
2024-06-02 04:56:09,2024-06-02,04:56:09,16.4,,78.4,,20.3,,17.618,,318.7,,2.58,,2.03,
2024-06-02 04:56:10,2024-06-02,04:56:10,,15.0,,72.1,,20.2,,16.733,,10.3,,6.58,,4.93
2024-06-02 04:57:12,2024-06-02,04:57:12,16.2,,78.0,,20.2,,17.473,,8.6,,2.69,,1.01,
2024-06-02 04:57:14,2024-06-02,04:57:14,,15.0,,72.2,,20.2,,16.745,,25.0,,5.76,,2.05
2024-06-02 04:58:16,2024-06-02,04:58:16,16.3,,78.5,,20.2,,17.535,,7.2,,1.59,,0.82,
2024-06-02 04:58:18,2024-06-02,04:58:18,,15.0,,72.4,,20.1,,16.677,,14.8,,6.1,,5.4
2024-06-02 04:59:20,2024-06-02,04:59:20,16.3,,78.5,,20.2,,17.535,,349.5,,0.88,,0.5,
2024-06-02 04:59:21,2024-06-02,04:59:21,,15.0,,72.4,,20.1,,16.677,,6.4,,6.59,,3.48
2024-06-02 05:00:23,2024-06-02,05:00:23,,,,,16.4,,,,18.7,,1.28,,0.59,
2024-06-02 05:00:24,2024-06-02,05:00:24,,14.9,,72.2,,20.1,,16.651,,22.4,,5.99,,2.82
2024-06-02 05:01:27,2024-06-02,05:01:27,16.2,,77.9,,20.2,,17.46,,344.1,,1.21,,0.52,
2024-06-02 05:01:28,2024-06-02,05:01:28,,14.9,,72.1,,20.1,,16.639,,15.8,,5.71,,4.63
2024-06-02 05:02:30,2024-06-02,05:02:30,16.2,,77.8,,20.2,,17.448,,0.3,,0.96,,0.7,
2024-06-02 05:02:32,2024-06-02,05:02:32,,14.9,,71.8,,20.1,,16.601,,20.6,,5.87,,2.81
2024-06-02 05:03:34,2024-06-02,05:03:34,16.0,,77.1,,20.2,,17.36,,15.4,,1.37,,0.31,
2024-06-02 05:03:35,2024-06-02,05:03:35,,14.8,,71.7,,20.1,,16.589,,7.0,,4.78,,3.63
2024-06-02 05:04:38,2024-06-02,05:04:38,16.2,14.8,77.8,71.4,20.2,20.1,17.448,16.551,353.5,8.9,0.71,5.45,0.31,3.81
2024-06-02 05:05:40,2024-06-02,05:05:40,16.1,,77.0,,20.3,,17.443,,1.5,,1.1,,0.94,
2024-06-02 05:05:42,2024-06-02,05:05:42,,,,,,14.8,,,,10.4,,5.67,,4.63
2024-06-02 05:06:44,2024-06-02,05:06:44,15.9,,76.4,,20.2,,17.273,,6.3,,1.08,,0.4,
2024-06-02 05:06:46,2024-06-02,05:06:46,,14.8,,71.0,,20.2,,16.594,,14.3,,4.89,,3.07
2024-06-02 05:07:48,2024-06-02,05:07:48,15.9,,76.5,,20.2,,17.285,,357.9,,1.13,,0.47,
2024-06-02 05:07:49,2024-06-02,05:07:49,,14.8,,71.0,,20.2,,16.594,,17.6,,5.3,,2.75
2024-06-02 05:08:52,2024-06-02,05:08:52,16.0,14.8,76.1,70.9,20.3,20.2,17.33,16.581,5.1,21.3,1.37,3.73,0.52,3.01
2024-06-02 05:09:55,2024-06-02,05:09:55,16.0,,76.2,,20.3,,17.343,,327.1,,1.07,,0.39,
2024-06-02 05:09:56,2024-06-02,05:09:56,,14.7,,70.7,,20.2,,16.556,,20.8,,7.32,,3.15
2024-06-02 05:10:58,2024-06-02,05:10:58,15.9,,75.8,,20.3,,17.292,,33.9,,1.19,,0.41,
2024-06-02 05:11:00,2024-06-02,05:11:00,,14.7,,70.6,,20.2,,16.544,,10.9,,4.96,,3.62
2024-06-02 05:12:02,2024-06-02,05:12:02,15.8,,75.5,,20.3,,17.255,,20.9,,1.4,,0.72,
2024-06-02 05:12:03,2024-06-02,05:12:03,,14.7,,70.5,,20.2,,16.531,,14.1,,4.79,,3.47
2024-06-02 05:13:06,2024-06-02,05:13:06,15.8,14.7,75.3,70.5,20.3,20.2,17.229,16.531,23.1,22.4,1.87,5.99,1.4,4.17
2024-06-02 05:14:09,2024-06-02,05:14:09,15.8,,75.3,,20.3,,17.229,,346.0,,1.9,,0.74,
2024-06-02 05:14:10,2024-06-02,05:14:10,,14.8,,70.6,,20.3,,16.637,,15.6,,4.59,,2.47
2024-06-02 05:15:12,2024-06-02,05:15:12,15.8,,75.5,,20.3,,17.255,,6.7,,1.34,,0.83,
2024-06-02 05:15:14,2024-06-02,05:15:14,,14.8,,70.7,,20.3,,16.65,,14.1,,6.66,,5.05
2024-06-02 05:16:16,2024-06-02,05:16:16,15.9,,75.9,,20.3,,17.305,,22.1,,1.08,,0.62,
2024-06-02 05:16:17,2024-06-02,05:16:17,,14.8,,70.8,,20.3,,16.662,,22.4,,5.07,,3.65
2024-06-02 05:17:20,2024-06-02,05:17:20,15.9,14.9,75.7,70.9,20.3,20.3,17.28,16.675,354.8,7.1,1.29,5.25,0.27,3.05
2024-06-02 05:18:23,2024-06-02,05:18:23,15.9,,76.0,,20.3,,17.317,,15.8,,0.77,,0.49,
2024-06-02 05:18:24,2024-06-02,05:18:24,,14.9,,71.0,,20.3,,16.688,,23.4,,5.06,,2.4
2024-06-02 05:19:26,2024-06-02,05:19:26,15.9,,76.0,,20.3,,17.317,,13.2,,1.49,,0.83,
2024-06-02 05:19:28,2024-06-02,05:19:28,,14.9,,71.2,,20.3,,16.713,,36.2,,5.14,,2.31
2024-06-02 05:20:30,2024-06-02,05:20:30,16.1,,76.8,,20.3,,17.418,,20.6,,1.59,,0.94,
2024-06-02 05:20:31,2024-06-02,05:20:31,,14.9,,71.3,,20.3,,16.725,,9.4,,5.45,,4.26
2024-06-02 05:21:34,2024-06-02,05:21:34,16.2,14.9,77.1,71.3,20.4,20.3,17.551,16.725,30.0,21.5,1.09,7.03,0.47,2.48
2024-06-02 05:22:37,2024-06-02,05:22:37,16.2,,76.9,,20.4,,17.526,,63.7,,1.3,,0.55,
2024-06-02 05:22:38,2024-06-02,05:22:38,,14.9,,71.3,,20.3,,16.725,,14.8,,5.17,,3.12
2024-06-02 05:23:40,2024-06-02,05:23:40,16.1,,76.5,,20.3,,17.38,,42.3,,1.21,,0.47,
2024-06-02 05:23:42,2024-06-02,05:23:42,,15.0,,71.4,,20.3,,16.738,,14.8,,5.98,,3.2
2024-06-02 05:24:44,2024-06-02,05:24:44,16.0,,76.5,,20.3,,17.38,,31.4,,1.24,,0.93,
2024-06-02 05:24:45,2024-06-02,05:24:45,,15.0,,71.4,,20.3,,16.738,,57.1,,3.79,,2.23
2024-06-02 05:25:48,2024-06-02,05:25:48,16.0,15.0,76.4,71.4,20.3,20.3,17.368,16.738,56.5,16.3,1.3,4.13,0.05,2.71
2024-06-02 05:26:51,2024-06-02,05:26:51,16.0,,76.5,,20.3,,17.38,,17.6,,1.56,,1.06,
2024-06-02 05:26:52,2024-06-02,05:26:52,,15.0,,71.6,,20.3,,16.763,,18.2,,2.87,,2.3
2024-06-02 05:27:54,2024-06-02,05:27:54,16.0,,76.6,,20.3,,17.393,,342.7,,1.71,,0.19,
2024-06-02 05:27:56,2024-06-02,05:27:56,,15.0,,71.6,,20.3,,16.763,,16.6,,4.69,,3.9
2024-06-02 05:28:58,2024-06-02,05:28:58,16.2,,77.2,,20.4,,17.563,,26.7,,0.74,,0.38,
2024-06-02 05:28:59,2024-06-02,05:28:59,,15.0,,71.6,,20.3,,16.763,,26.7,,5.14,,1.3
2024-06-02 05:30:02,2024-06-02,05:30:02,16.0,15.0,76.5,71.6,20.3,20.3,17.38,16.763,27.3,18.1,1.67,4.78,0.71,3.13
2024-06-02 05:31:05,2024-06-02,05:31:05,16.0,,76.7,,20.3,,17.405,,68.8,,0.84,,0.41,
2024-06-02 05:31:06,2024-06-02,05:31:06,,15.0,,71.6,,20.3,,16.763,,13.0,,4.64,,1.33
2024-06-02 05:32:08,2024-06-02,05:32:08,16.1,,77.0,,20.3,,17.443,,327.0,,0.83,,0.52,
2024-06-02 05:32:10,2024-06-02,05:32:10,,15.0,,71.7,,20.3,,16.776,,7.6,,3.81,,2.19
2024-06-02 05:33:12,2024-06-02,05:33:12,16.4,,78.0,,20.4,,17.664,,37.6,,0.52,,0.21,
2024-06-02 05:33:13,2024-06-02,05:33:13,,15.0,,71.6,,20.3,,16.763,,24.3,,4.53,,3.12
2024-06-02 05:34:16,2024-06-02,05:34:16,16.1,15.0,77.0,71.7,20.4,20.3,17.538,16.776,42.2,38.6,1.43,4.93,0.16,2.44
2024-06-02 05:35:19,2024-06-02,05:35:19,16.3,,77.7,,20.4,,17.626,,73.5,,1.04,,0.75,
2024-06-02 05:35:20,2024-06-02,05:35:20,,15.0,,71.7,,20.3,,16.776,,8.3,,2.8,,1.98
2024-06-02 05:36:22,2024-06-02,05:36:22,16.1,,76.9,,20.3,,17.43,,78.5,,1.21,,0.34,
2024-06-02 05:36:24,2024-06-02,05:36:24,,14.9,,71.7,,20.2,,16.682,,40.9,,4.29,,2.53
2024-06-02 05:37:26,2024-06-02,05:37:26,16.0,,76.6,,20.3,,17.393,,4.1,,1.76,,1.46,
2024-06-02 05:37:27,2024-06-02,05:37:27,,15.0,,71.8,,20.3,,16.789,,11.9,,4.33,,2.3
2024-06-02 05:38:30,2024-06-02,05:38:30,16.0,15.0,76.7,71.7,20.3,20.3,17.405,16.776,39.4,5.4,1.49,5.12,0.85,3.78
2024-06-02 05:39:33,2024-06-02,05:39:33,16.1,,76.8,,20.3,,17.418,,164.9,,0.76,,0.14,
2024-06-02 05:39:34,2024-06-02,05:39:34,,15.0,,71.7,,20.3,,16.776,,7.2,,3.41,,0.9
2024-06-02 05:40:36,2024-06-02,05:40:36,16.2,,77.5,,20.3,,17.506,,236.9,,0.51,,0.19,
2024-06-02 05:40:38,2024-06-02,05:40:38,,14.9,,71.7,,20.2,,16.682,,340.5,,2.48,,1.88
2024-06-02 05:41:40,2024-06-02,05:41:40,16.1,,77.1,,20.3,,17.455,,337.3,,1.26,,0.97,
2024-06-02 05:41:41,2024-06-02,05:41:41,,15.0,,71.8,,20.2,,16.695,,19.6,,4.21,,2.96
2024-06-02 05:42:44,2024-06-02,05:42:44,16.1,15.0,77.1,71.8,20.3,20.2,17.455,16.695,20.1,42.9,1.57,4.4,1.03,2.31
2024-06-02 05:43:47,2024-06-02,05:43:47,16.2,,77.4,,20.3,,17.493,,350.3,,1.34,,0.69,
2024-06-02 05:43:48,2024-06-02,05:43:48,,14.9,,71.7,,20.2,,16.682,,21.4,,3.0,,2.29
2024-06-02 05:44:50,2024-06-02,05:44:50,16.1,,77.0,,20.3,,17.443,,15.1,,1.29,,1.04,
2024-06-02 05:44:52,2024-06-02,05:44:52,,14.9,,71.7,,20.2,,16.682,,14.3,,3.34,,1.84
2024-06-02 05:45:54,2024-06-02,05:45:54,16.5,,78.8,,20.3,,17.669,,278.6,,1.07,,0.37,
2024-06-02 05:45:55,2024-06-02,05:45:55,,14.9,,71.7,,20.2,,16.682,,2.6,,4.4,,3.48
2024-06-02 05:46:58,2024-06-02,05:46:58,16.5,15.0,78.3,71.9,20.4,20.2,17.701,16.708,320.4,9.5,1.31,4.86,0.63,3.96
2024-06-02 05:48:01,2024-06-02,05:48:01,16.4,,78.3,,20.3,,17.606,,327.4,,0.98,,0.52,
2024-06-02 05:48:02,2024-06-02,05:48:02,,15.0,,71.9,,20.2,,16.708,,26.3,,4.03,,2.2
2024-06-02 05:49:04,2024-06-02,05:49:04,16.3,,77.9,,20.3,,17.556,,317.9,,0.98,,0.11,
2024-06-02 05:49:06,2024-06-02,05:49:06,,15.0,,72.0,,20.2,,16.72,,17.7,,3.41,,2.45
2024-06-02 05:50:08,2024-06-02,05:50:08,16.4,,78.2,,20.3,,17.593,,92.8,,0.8,,0.45,
2024-06-02 05:50:09,2024-06-02,05:50:09,,15.0,,72.0,,20.2,,16.72,,33.9,,4.73,,2.11
2024-06-02 05:51:12,2024-06-02,05:51:12,16.4,15.0,78.3,72.2,20.3,20.2,17.606,16.745,102.4,16.9,0.52,4.44,0.21,3.12
2024-06-02 05:52:15,2024-06-02,05:52:15,16.3,,78.0,,20.3,,17.568,,357.8,,0.87,,0.54,
2024-06-02 05:52:16,2024-06-02,05:52:16,,15.0,,72.2,,20.2,,16.745,,7.0,,5.54,,2.49
2024-06-02 05:53:18,2024-06-02,05:53:18,16.4,,78.6,,20.3,,17.643,,0.8,,0.82,,0.55,
2024-06-02 05:53:20,2024-06-02,05:53:20,,15.0,,72.2,,20.2,,16.745,,5.2,,4.56,,3.1
2024-06-02 05:54:22,2024-06-02,05:54:22,16.3,,78.1,,20.3,,17.581,,35.3,,0.81,,0.19,
2024-06-02 05:54:23,2024-06-02,05:54:23,,15.0,,72.2,,20.2,,16.745,,7.8,,4.45,,3.58
2024-06-02 05:55:26,2024-06-02,05:55:26,16.3,15.0,78.1,72.3,20.3,20.1,17.581,16.664,7.3,13.4,0.78,4.04,0.64,3.56
2024-06-02 05:56:29,2024-06-02,05:56:29,16.3,,77.9,,20.3,,17.556,,356.3,,1.63,,0.97,
2024-06-02 05:56:30,2024-06-02,05:56:30,,15.0,,72.5,,20.1,,16.689,,13.1,,3.84,,2.5
2024-06-02 05:57:32,2024-06-02,05:57:32,16.2,,78.1,,20.2,,17.485,,18.3,,1.57,,1.04,
2024-06-02 05:57:34,2024-06-02,05:57:34,,15.0,,72.6,,20.1,,16.702,,355.6,,3.58,,2.05
2024-06-02 05:58:36,2024-06-02,05:58:36,16.4,,78.9,,20.2,,17.585,,289.8,,1.56,,0.35,
2024-06-02 05:58:37,2024-06-02,05:58:37,,15.0,,72.7,,20.1,,16.714,,13.3,,4.15,,2.75
2024-06-02 05:59:40,2024-06-02,05:59:40,16.6,15.0,79.5,72.8,20.3,20.1,17.756,16.727,75.3,23.3,0.61,4.27,0.32,1.71
2024-06-02 06:00:43,2024-06-02,06:00:43,16.5,,78.9,,20.3,,17.681,,13.7,,0.85,,0.66,
2024-06-02 06:00:44,2024-06-02,06:00:44,,15.1,,73.0,,20.1,,16.752,,30.5,,3.59,,2.84
2024-06-02 06:01:46,2024-06-02,06:01:46,16.5,,79.2,,20.2,,17.623,,359.3,,2.13,,0.66,
2024-06-02 06:01:48,2024-06-02,06:01:48,,15.1,,73.1,,20.1,,16.764,,36.4,,3.2,,2.16
2024-06-02 06:02:50,2024-06-02,06:02:50,16.5,,79.3,,20.2,,17.635,,22.8,,1.03,,0.77,
2024-06-02 06:02:51,2024-06-02,06:02:51,,15.1,,73.2,,20.1,,16.777,,31.9,,3.49,,1.34
2024-06-02 06:03:54,2024-06-02,06:03:54,16.5,15.1,79.5,73.3,20.2,20.1,17.66,16.79,13.2,25.2,1.65,3.29,1.14,1.85
2024-06-02 06:04:57,2024-06-02,06:04:57,16.6,,80.1,,20.2,,17.735,,321.1,,0.94,,0.43,
2024-06-02 06:04:58,2024-06-02,06:04:58,,15.2,,73.4,,20.1,,16.802,,12.4,,4.17,,3.27
2024-06-02 06:06:00,2024-06-02,06:06:00,16.7,,80.3,,20.2,,17.76,,355.3,,1.04,,0.64,
2024-06-02 06:06:02,2024-06-02,06:06:02,,15.2,,73.5,,20.1,,16.815,,21.0,,4.14,,3.35
2024-06-02 06:07:04,2024-06-02,06:07:04,16.7,,80.2,,20.2,,17.748,,356.3,,0.95,,0.37,
2024-06-02 06:07:05,2024-06-02,06:07:05,,15.2,,73.7,,20.1,,16.84,,18.6,,3.62,,2.47
2024-06-02 06:08:08,2024-06-02,06:08:08,16.7,15.2,80.2,73.7,20.2,20.1,17.748,16.84,359.0,7.8,0.89,4.37,0.63,3.01
2024-06-02 06:09:11,2024-06-02,06:09:11,16.7,,80.5,,20.2,,17.785,,330.7,,0.73,,0.18,
2024-06-02 06:09:12,2024-06-02,06:09:12,,15.2,,73.8,,20.1,,16.852,,8.0,,5.18,,3.65
2024-06-02 06:10:14,2024-06-02,06:10:14,17.0,,81.7,,20.2,,17.935,,4.4,,0.59,,0.42,
2024-06-02 06:10:16,2024-06-02,06:10:16,,15.3,,73.9,,20.1,,16.865,,9.3,,4.84,,3.89
2024-06-02 06:11:18,2024-06-02,06:11:18,16.9,,81.3,,20.2,,17.885,,359.6,,0.9,,0.55,
2024-06-02 06:11:19,2024-06-02,06:11:19,,15.3,,73.9,,20.1,,16.865,,23.1,,4.55,,2.6
2024-06-02 06:12:22,2024-06-02,06:12:22,16.9,15.3,81.3,73.9,20.2,20.1,17.885,16.865,347.6,13.3,0.98,3.87,0.09,2.54
2024-06-02 06:13:25,2024-06-02,06:13:25,16.8,,81.0,,20.2,,17.847,,20.7,,1.06,,0.29,
2024-06-02 06:13:26,2024-06-02,06:13:26,,15.3,,74.0,,20.1,,16.877,,20.5,,5.38,,3.52
2024-06-02 06:14:28,2024-06-02,06:14:28,16.9,,81.5,,20.2,,17.91,,41.6,,0.58,,0.2,
2024-06-02 06:14:30,2024-06-02,06:14:30,,15.3,,74.0,,20.1,,16.877,,26.9,,6.08,,2.43
2024-06-02 06:15:32,2024-06-02,06:15:32,16.8,,81.0,,20.2,,17.847,,7.0,,1.83,,0.87,
2024-06-02 06:15:33,2024-06-02,06:15:33,,15.3,,74.1,,20.1,,16.89,,21.8,,4.02,,3.01
2024-06-02 06:16:36,2024-06-02,06:16:36,16.9,15.3,81.5,74.1,20.2,20.1,17.91,16.89,353.6,22.7,0.97,5.36,0.68,2.52
2024-06-02 06:17:39,2024-06-02,06:17:39,17.0,,81.8,,20.2,,17.947,,14.1,,1.6,,0.35,
2024-06-02 06:17:40,2024-06-02,06:17:40,,15.4,,74.2,,20.2,,16.997,,34.7,,5.39,,3.06
2024-06-02 06:18:42,2024-06-02,06:18:42,17.0,,81.7,,20.2,,17.935,,21.2,,0.72,,0.53,
2024-06-02 06:18:44,2024-06-02,06:18:44,,15.4,,74.2,,20.2,,16.997,,12.4,,4.75,,3.37
2024-06-02 06:19:46,2024-06-02,06:19:46,17.0,,81.7,,20.2,,17.935,,1.2,,0.99,,0.62,
2024-06-02 06:19:47,2024-06-02,06:19:47,,15.4,,74.2,,20.2,,16.997,,30.0,,4.69,,1.67
2024-06-02 06:20:50,2024-06-02,06:20:50,17.0,15.4,81.8,74.2,20.2,20.2,17.947,16.997,25.4,19.6,1.19,4.14,0.78,2.83
2024-06-02 06:21:53,2024-06-02,06:21:53,17.0,,81.5,,20.3,,18.006,,356.2,,1.3,,1.04,
2024-06-02 06:21:54,2024-06-02,06:21:54,,15.4,,74.1,,20.2,,16.984,,20.4,,4.52,,3.52
2024-06-02 06:22:56,2024-06-02,06:22:56,17.0,,81.3,,20.3,,17.981,,352.8,,1.56,,1.22,
2024-06-02 06:22:58,2024-06-02,06:22:58,,15.4,,74.0,,20.2,,16.972,,30.8,,4.15,,2.22
2024-06-02 06:24:00,2024-06-02,06:24:00,16.9,,81.0,,20.3,,17.944,,8.3,,1.22,,0.57,
2024-06-02 06:24:01,2024-06-02,06:24:01,,15.4,,73.9,,20.2,,16.959,,28.5,,5.08,,2.56
2024-06-02 06:25:04,2024-06-02,06:25:04,16.8,15.3,80.5,73.7,20.3,20.2,17.881,16.934,15.1,16.9,2.25,4.06,0.48,2.78
2024-06-02 06:26:07,2024-06-02,06:26:07,16.8,,80.3,,20.3,,17.856,,22.5,,1.05,,0.79,
2024-06-02 06:26:08,2024-06-02,06:26:08,,15.3,,73.6,,20.2,,16.921,,23.3,,4.08,,2.19
2024-06-02 06:27:10,2024-06-02,06:27:10,16.7,,80.0,,20.3,,17.819,,339.8,,1.79,,0.73,
2024-06-02 06:27:12,2024-06-02,06:27:12,,15.3,,73.4,,20.2,,16.896,,22.9,,3.53,,2.76
2024-06-02 06:28:14,2024-06-02,06:28:14,16.8,,80.1,,20.3,,17.831,,334.8,,1.28,,0.75,
2024-06-02 06:28:15,2024-06-02,06:28:15,,15.3,,73.3,,20.3,,16.978,,6.6,,4.0,,3.41
2024-06-02 06:29:18,2024-06-02,06:29:18,16.7,15.3,79.9,73.2,20.3,20.3,17.806,16.965,37.7,15.3,1.02,5.0,0.52,3.35
2024-06-02 06:30:21,2024-06-02,06:30:21,16.7,,79.7,,20.3,,17.781,,38.4,,0.95,,0.22,
2024-06-02 06:30:22,2024-06-02,06:30:22,,15.3,,73.2,,20.3,,16.965,,5.7,,4.08,,2.9
2024-06-02 06:31:24,2024-06-02,06:31:24,16.7,,79.7,,20.3,,17.781,,325.0,,1.03,,0.47,
2024-06-02 06:31:26,2024-06-02,06:31:26,,15.3,,73.0,,20.3,,16.94,,8.6,,5.4,,3.38
2024-06-02 06:32:28,2024-06-02,06:32:28,16.8,,79.7,,20.4,,17.877,,18.5,,1.29,,0.46,
2024-06-02 06:32:29,2024-06-02,06:32:29,,15.4,,72.9,,20.3,,16.927,,25.0,,3.64,,3.01
2024-06-02 06:33:32,2024-06-02,06:33:32,16.7,15.3,79.5,72.7,20.4,20.4,17.852,16.996,11.9,18.6,0.8,3.93,0.27,2.37
2024-06-02 06:34:35,2024-06-02,06:34:35,16.6,,79.0,,20.4,,17.789,,350.3,,1.62,,0.98,
2024-06-02 06:34:36,2024-06-02,06:34:36,,15.3,,72.5,,20.4,,16.971,,359.8,,3.6,,2.91
2024-06-02 06:35:38,2024-06-02,06:35:38,16.7,,79.2,,20.4,,17.814,,11.8,,1.53,,0.41,
2024-06-02 06:35:40,2024-06-02,06:35:40,,15.2,,72.3,,20.4,,16.946,,20.4,,5.56,,4.3
2024-06-02 06:36:42,2024-06-02,06:36:42,16.6,,78.8,,20.4,,17.764,,351.1,,1.06,,0.39,
2024-06-02 06:36:43,2024-06-02,06:36:43,,15.2,,72.0,,20.4,,16.908,,359.7,,4.84,,2.94
2024-06-02 06:37:46,2024-06-02,06:37:46,16.3,15.1,77.7,71.8,20.4,20.4,17.626,16.882,12.6,25.5,1.62,3.88,0.61,2.58
2024-06-02 06:38:49,2024-06-02,06:38:49,16.3,,77.5,,20.4,,17.601,,32.5,,1.07,,0.55,
2024-06-02 06:38:50,2024-06-02,06:38:50,,15.0,,71.4,,20.4,,16.832,,28.3,,4.61,,2.46
2024-06-02 06:39:52,2024-06-02,06:39:52,16.1,,76.4,,20.4,,17.463,,20.2,,1.5,,1.14,
2024-06-02 06:39:54,2024-06-02,06:39:54,,15.1,,71.2,,20.5,,16.9,,8.8,,3.79,,1.22
2024-06-02 06:40:56,2024-06-02,06:40:56,16.2,,76.3,,20.5,,17.545,,65.2,,1.33,,0.17,
2024-06-02 06:40:57,2024-06-02,06:40:57,,15.0,,70.8,,20.5,,16.849,,24.3,,4.16,,2.73
2024-06-02 06:42:00,2024-06-02,06:42:00,16.0,15.0,75.7,70.6,20.5,20.5,17.469,16.824,353.6,23.7,1.56,4.25,0.83,3.27
2024-06-02 06:43:03,2024-06-02,06:43:03,16.0,,75.3,,20.5,,17.419,,1.2,,1.5,,0.07,
2024-06-02 06:43:04,2024-06-02,06:43:04,,14.9,,70.2,,20.5,,16.773,,30.9,,4.83,,2.52
2024-06-02 06:44:06,2024-06-02,06:44:06,16.0,,75.2,,20.5,,17.406,,349.9,,0.99,,0.66,
2024-06-02 06:44:08,2024-06-02,06:44:08,,14.8,,69.9,,20.5,,16.735,,20.1,,4.15,,3.37
2024-06-02 06:45:10,2024-06-02,06:45:10,15.8,,74.6,,20.5,,17.331,,19.2,,1.11,,0.62,
2024-06-02 06:45:11,2024-06-02,06:45:11,,14.8,,69.5,,20.6,,16.777,,18.1,,5.26,,3.11
2024-06-02 06:46:14,2024-06-02,06:46:14,15.7,14.8,74.1,69.3,20.5,20.6,17.267,16.751,2.6,29.7,1.17,3.62,0.82,1.99
2024-06-02 06:47:17,2024-06-02,06:47:17,15.7,,73.4,,20.6,,17.273,,358.3,,1.56,,0.85,
2024-06-02 06:47:18,2024-06-02,06:47:18,,14.7,,68.9,,20.6,,16.7,,24.2,,4.07,,2.86
2024-06-02 06:48:20,2024-06-02,06:48:20,15.5,,72.8,,20.6,,17.197,,13.8,,1.11,,0.71,
2024-06-02 06:48:22,2024-06-02,06:48:22,,14.6,,68.6,,20.6,,16.662,,45.5,,5.07,,2.29
2024-06-02 06:49:24,2024-06-02,06:49:24,15.5,,72.5,,20.6,,17.159,,350.2,,1.16,,0.43,
2024-06-02 06:49:25,2024-06-02,06:49:25,,14.6,,68.3,,20.7,,16.716,,8.7,,3.87,,2.36
2024-06-02 06:50:28,2024-06-02,06:50:28,15.6,14.5,72.7,67.8,20.7,20.7,17.278,16.652,348.5,25.1,0.77,4.94,0.32,2.89
2024-06-02 06:51:31,2024-06-02,06:51:31,15.4,,71.9,,20.7,,17.176,,23.0,,1.31,,0.5,
2024-06-02 06:51:32,2024-06-02,06:51:32,,14.4,,67.5,,20.7,,16.613,,30.0,,5.03,,1.81
2024-06-02 06:52:34,2024-06-02,06:52:34,15.4,,71.6,,20.7,,17.138,,60.9,,1.0,,0.62,
2024-06-02 06:52:36,2024-06-02,06:52:36,,14.4,,67.1,,20.7,,16.562,,38.7,,4.08,,1.07
2024-06-02 06:53:38,2024-06-02,06:53:38,15.3,,71.3,,20.7,,17.1,,47.6,,1.06,,0.45,
2024-06-02 06:53:39,2024-06-02,06:53:39,,14.4,,66.8,,20.8,,16.615,,25.1,,4.59,,2.76
2024-06-02 06:54:42,2024-06-02,06:54:42,15.0,14.3,70.1,66.5,20.7,20.8,16.946,16.577,19.5,9.5,2.32,4.72,0.79,3.88
2024-06-02 06:55:45,2024-06-02,06:55:45,15.0,,69.6,,20.8,,16.976,,26.0,,1.84,,0.51,
2024-06-02 06:55:46,2024-06-02,06:55:46,,14.4,,66.4,,20.9,,16.656,,10.4,,3.15,,2.28
2024-06-02 06:56:48,2024-06-02,06:56:48,15.1,,69.9,,20.8,,17.014,,67.5,,1.02,,0.19,
2024-06-02 06:56:50,2024-06-02,06:56:50,,14.3,,66.1,,20.9,,16.617,,32.7,,4.81,,3.49
2024-06-02 06:57:52,2024-06-02,06:57:52,15.0,,69.4,,20.8,,16.95,,15.4,,1.32,,0.95,
2024-06-02 06:57:53,2024-06-02,06:57:53,,14.3,,65.9,,20.9,,16.591,,27.6,,5.47,,3.68
2024-06-02 06:58:56,2024-06-02,06:58:56,14.9,14.2,68.9,65.8,20.8,20.9,16.886,16.578,29.9,54.0,1.37,4.31,0.49,1.86
2024-06-02 06:59:59,2024-06-02,06:59:59,15.0,,68.8,,20.9,,16.966,,48.8,,1.22,,0.51,
2024-06-02 07:00:00,2024-06-02,07:00:00,,14.3,,65.8,,21.0,,16.67,,29.5,,4.22,,2.4
2024-06-02 07:01:02,2024-06-02,07:01:02,15.0,,69.2,,20.9,,17.017,,354.7,,1.47,,0.7,
2024-06-02 07:01:04,2024-06-02,07:01:04,,14.3,,65.6,,21.0,,16.644,,35.8,,4.98,,1.91
2024-06-02 07:02:06,2024-06-02,07:02:06,14.8,,68.3,,20.9,,16.901,,54.7,,1.5,,0.64,
2024-06-02 07:02:07,2024-06-02,07:02:07,,14.3,,65.5,,21.0,,16.631,,38.3,,4.11,,2.45
2024-06-02 07:03:10,2024-06-02,07:03:10,14.8,,68.1,,20.9,,16.875,,356.4,,1.05,,0.49,
2024-06-02 07:03:39,2024-06-02,07:03:39,,14.4,,65.5,,21.1,,16.723,,38.6,,3.53,,2.89
2024-06-02 07:04:13,2024-06-02,07:04:13,14.9,,68.0,,20.9,,16.863,,29.5,,1.58,,1.09,
2024-06-02 07:04:42,2024-06-02,07:04:42,,14.3,,65.4,,21.1,,16.71,,53.3,,4.91,,2.79
2024-06-02 07:05:16,2024-06-02,07:05:16,14.9,,68.1,,21.0,,16.968,,11.2,,1.27,,0.92,
2024-06-02 07:05:46,2024-06-02,07:05:46,,14.3,,65.3,,21.1,,16.697,,39.7,,4.08,,3.04
2024-06-02 07:06:20,2024-06-02,07:06:20,14.8,,67.9,,21.0,,16.942,,71.7,,1.49,,0.59,
2024-06-02 07:06:50,2024-06-02,07:06:50,,14.3,,65.3,,21.1,,16.697,,46.4,,4.35,,3.3
2024-06-02 07:07:24,2024-06-02,07:07:24,14.9,,68.0,,21.0,,16.955,,348.1,,1.7,,0.36,
2024-06-02 07:07:53,2024-06-02,07:07:53,,14.3,,65.2,,21.1,,16.684,,46.6,,3.9,,3.1
2024-06-02 07:08:27,2024-06-02,07:08:27,15.0,,68.2,,21.1,,17.074,,40.6,,1.04,,0.6,
2024-06-02 07:08:56,2024-06-02,07:08:56,,14.4,,65.2,,21.2,,16.775,,38.6,,3.57,,1.66
2024-06-02 07:09:30,2024-06-02,07:09:30,14.8,,67.4,,21.1,,16.97,,68.9,,0.99,,0.32,
2024-06-02 07:10:00,2024-06-02,07:10:00,,14.4,,65.2,,21.2,,16.775,,56.3,,3.18,,2.7
2024-06-02 07:10:34,2024-06-02,07:10:34,14.9,,67.6,,21.1,,16.996,,8.3,,0.82,,0.67,
2024-06-02 07:11:04,2024-06-02,07:11:04,,14.3,,65.0,,21.2,,16.749,,50.0,,3.05,,1.86
2024-06-02 07:11:38,2024-06-02,07:11:38,14.8,,67.4,,21.1,,16.97,,28.1,,1.47,,0.76,
2024-06-02 07:12:07,2024-06-02,07:12:07,,14.3,,65.0,,21.2,,16.749,,31.9,,4.27,,2.23
2024-06-02 07:12:41,2024-06-02,07:12:41,14.8,,67.1,,21.1,,16.931,,42.7,,1.05,,0.65,
2024-06-02 07:13:10,2024-06-02,07:13:10,,14.4,,64.8,,21.3,,16.814,,57.5,,4.6,,2.31
2024-06-02 07:13:44,2024-06-02,07:13:44,14.8,,66.8,,21.2,,16.984,,38.0,,0.94,,0.53,
2024-06-02 07:14:14,2024-06-02,07:14:14,,14.4,,64.7,,21.3,,16.801,,33.5,,3.66,,2.54
2024-06-02 07:14:48,2024-06-02,07:14:48,14.8,,66.7,,21.2,,16.971,,21.8,,0.85,,0.39,
2024-06-02 07:15:18,2024-06-02,07:15:18,,14.3,,64.5,,21.3,,16.775,,32.2,,3.91,,3.25
2024-06-02 07:15:52,2024-06-02,07:15:52,14.7,,66.6,,21.2,,16.958,,16.8,,0.98,,0.46,
2024-06-02 07:16:21,2024-06-02,07:16:21,,14.4,,64.5,,21.4,,16.866,,15.1,,2.92,,2.03
2024-06-02 07:16:55,2024-06-02,07:16:55,14.9,,66.9,,21.3,,17.089,,0.6,,1.05,,0.66,
2024-06-02 07:17:24,2024-06-02,07:17:24,,14.4,,64.3,,21.4,,16.84,,31.2,,3.62,,2.28
2024-06-02 07:17:58,2024-06-02,07:17:58,14.9,,66.8,,21.3,,17.076,,42.7,,1.32,,0.77,
2024-06-02 07:18:28,2024-06-02,07:18:28,,14.4,,64.3,,21.4,,16.84,,32.0,,3.86,,3.11
2024-06-02 07:19:02,2024-06-02,07:19:02,14.8,,66.3,,21.3,,17.011,,30.8,,1.09,,0.93,
2024-06-02 07:19:32,2024-06-02,07:19:32,,14.3,,64.2,,21.4,,16.827,,27.1,,4.37,,3.8
2024-06-02 07:20:06,2024-06-02,07:20:06,14.9,,66.6,,21.4,,17.142,,28.2,,1.31,,0.36,
2024-06-02 07:20:35,2024-06-02,07:20:35,,14.3,,64.2,,21.4,,16.827,,31.3,,3.62,,1.92
2024-06-02 07:21:09,2024-06-02,07:21:09,14.9,,66.3,,21.4,,17.103,,19.5,,0.89,,0.18,
2024-06-02 07:21:38,2024-06-02,07:21:38,,14.4,,64.0,,21.5,,16.892,,40.7,,3.99,,3.73
2024-06-02 07:22:12,2024-06-02,07:22:12,14.7,,65.8,,21.4,,17.037,,3.6,,1.47,,1.22,
2024-06-02 07:22:42,2024-06-02,07:22:42,,14.4,,64.0,,21.5,,16.892,,53.9,,4.17,,2.68
2024-06-02 07:23:16,2024-06-02,07:23:16,14.6,,65.4,,21.4,,16.985,,20.7,,1.41,,0.5,
2024-06-02 07:23:46,2024-06-02,07:23:46,,14.3,,63.6,,21.5,,16.839,,38.3,,4.18,,1.58
2024-06-02 07:24:20,2024-06-02,07:24:20,14.6,,65.2,,21.4,,16.958,,6.2,,1.22,,0.68,
2024-06-02 07:24:49,2024-06-02,07:24:49,,14.3,,63.5,,21.5,,16.825,,17.6,,3.1,,2.44
2024-06-02 07:25:23,2024-06-02,07:25:23,14.7,,65.1,,21.5,,17.037,,22.3,,1.67,,1.2,
2024-06-02 07:25:52,2024-06-02,07:25:52,,14.2,,63.3,,21.5,,16.799,,37.5,,4.59,,2.81
2024-06-02 07:26:26,2024-06-02,07:26:26,14.6,,65.0,,21.5,,17.024,,342.8,,1.26,,1.03,
2024-06-02 07:26:56,2024-06-02,07:26:56,,,,,,14.2,,,,21.6,,6.29,,5.51
2024-06-02 07:27:30,2024-06-02,07:27:30,14.7,,64.7,,21.6,,17.076,,334.5,,1.86,,1.19,
2024-06-02 07:28:00,2024-06-02,07:28:00,,14.3,,62.9,,21.6,,16.837,,11.9,,4.11,,1.59
2024-06-02 07:28:34,2024-06-02,07:28:34,14.6,,64.0,,21.7,,17.074,,348.1,,2.09,,1.3,
2024-06-02 07:29:03,2024-06-02,07:29:03,,14.2,,62.7,,21.7,,16.901,,35.5,,4.61,,3.44
2024-06-02 07:29:37,2024-06-02,07:29:37,14.6,,63.5,,21.8,,17.099,,342.7,,2.49,,1.22,
2024-06-02 07:30:06,2024-06-02,07:30:06,,14.3,,62.5,,21.8,,16.965,,48.1,,4.14,,2.49
2024-06-02 07:30:40,2024-06-02,07:30:40,14.5,,62.8,,21.9,,17.096,,344.0,,2.44,,1.68,
2024-06-02 07:31:10,2024-06-02,07:31:10,,14.2,,62.2,,21.8,,16.925,,41.9,,4.19,,2.63
2024-06-02 07:31:44,2024-06-02,07:31:44,14.6,,62.8,,22.0,,17.187,,332.5,,2.86,,1.6,
2024-06-02 07:32:14,2024-06-02,07:32:14,,14.3,,62.0,,21.9,,16.989,,32.8,,3.93,,3.43
2024-06-02 07:32:48,2024-06-02,07:32:48,14.5,,62.3,,22.1,,17.21,,351.4,,2.35,,1.17,
2024-06-02 07:33:17,2024-06-02,07:33:17,,14.2,,61.7,,21.9,,16.948,,19.3,,4.79,,3.12
2024-06-02 07:33:51,2024-06-02,07:33:51,14.7,,62.5,,22.2,,17.328,,340.8,,2.67,,1.75,
2024-06-02 07:34:20,2024-06-02,07:34:20,,14.3,,61.7,,22.0,,17.039,,44.3,,4.48,,2.73
2024-06-02 07:34:54,2024-06-02,07:34:54,14.7,,62.2,,22.3,,17.378,,341.2,,2.41,,1.52,
2024-06-02 07:35:24,2024-06-02,07:35:24,,14.4,,61.7,,22.1,,17.129,,20.3,,3.39,,1.53
2024-06-02 07:35:58,2024-06-02,07:35:58,14.8,,62.1,,22.4,,17.455,,338.0,,2.22,,1.23,
2024-06-02 07:36:28,2024-06-02,07:36:28,,14.3,,61.4,,22.1,,17.089,,50.4,,4.22,,2.11
2024-06-02 07:37:02,2024-06-02,07:37:02,14.8,,61.8,,22.5,,17.505,,339.3,,2.0,,1.38,
2024-06-02 07:37:31,2024-06-02,07:37:31,,14.3,,61.0,,22.2,,17.125,,22.7,,5.38,,3.82
2024-06-02 07:38:05,2024-06-02,07:38:05,15.0,,62.3,,22.6,,17.664,,336.1,,2.31,,0.93,
2024-06-02 07:38:34,2024-06-02,07:38:34,,14.2,,60.8,,22.2,,17.097,,28.7,,4.75,,3.42
2024-06-02 07:39:08,2024-06-02,07:39:08,,,,,15.0,,,,338.5,,2.25,,1.16,
2024-06-02 07:39:38,2024-06-02,07:39:38,,14.4,,60.9,,22.3,,17.201,,28.0,,3.53,,2.29
2024-06-02 07:40:12,2024-06-02,07:40:12,14.9,,61.5,,22.7,,17.644,,347.5,,1.95,,1.63,
2024-06-02 07:40:42,2024-06-02,07:40:42,,14.4,,60.7,,22.4,,17.264,,28.3,,4.09,,2.43
2024-06-02 07:41:16,2024-06-02,07:41:16,14.7,,60.4,,22.8,,17.583,,349.7,,2.33,,1.48,
2024-06-02 07:41:45,2024-06-02,07:41:45,,14.4,,60.6,,22.4,,17.25,,39.2,,4.3,,3.07
2024-06-02 07:42:19,2024-06-02,07:42:19,14.8,,60.6,,22.8,,17.611,,320.6,,2.53,,2.11,
2024-06-02 07:42:48,2024-06-02,07:42:48,,14.4,,60.3,,22.5,,17.299,,27.2,,4.94,,1.72
2024-06-02 07:43:22,2024-06-02,07:43:22,14.8,,60.2,,22.9,,17.645,,343.2,,2.12,,1.11,
2024-06-02 07:43:52,2024-06-02,07:43:52,,14.4,,59.9,,22.6,,17.334,,3.7,,4.04,,2.31
2024-06-02 07:44:26,2024-06-02,07:44:26,14.8,,59.9,,23.0,,17.693,,334.7,,2.0,,1.58,
2024-06-02 07:44:56,2024-06-02,07:44:56,,14.3,,59.5,,22.6,,17.279,,5.1,,4.5,,3.67
2024-06-02 07:45:30,2024-06-02,07:45:30,14.7,,59.3,,23.1,,17.699,,329.7,,2.3,,1.33,
2024-06-02 07:45:59,2024-06-02,07:45:59,,14.3,,59.1,,22.7,,17.313,,23.0,,4.49,,3.19
2024-06-02 07:46:33,2024-06-02,07:46:33,14.4,,58.3,,23.1,,17.559,,354.8,,1.9,,1.45,
2024-06-02 07:47:02,2024-06-02,07:47:02,,14.1,,58.4,,22.7,,17.216,,15.5,,4.68,,3.53
2024-06-02 07:47:36,2024-06-02,07:47:36,14.5,,58.2,,23.2,,17.634,,351.9,,2.12,,0.93,
2024-06-02 07:48:06,2024-06-02,07:48:06,,14.1,,58.1,,22.8,,17.263,,11.1,,5.15,,2.63
2024-06-02 07:48:40,2024-06-02,07:48:40,14.5,,57.7,,23.3,,17.652,,336.9,,2.39,,1.96,
2024-06-02 07:49:10,2024-06-02,07:49:10,,14.1,,57.7,,22.9,,17.296,,35.5,,4.12,,3.53
2024-06-02 07:49:44,2024-06-02,07:49:44,14.5,,57.3,,23.4,,17.684,,325.3,,2.15,,1.76,
2024-06-02 07:50:13,2024-06-02,07:50:13,,14.0,,57.2,,23.0,,17.315,,6.3,,4.49,,3.3
2024-06-02 07:50:47,2024-06-02,07:50:47,14.6,,57.3,,23.5,,17.773,,342.0,,2.03,,1.08,
2024-06-02 07:51:16,2024-06-02,07:51:16,,14.0,,56.5,,23.1,,17.304,,20.4,,5.79,,2.11
2024-06-02 07:51:50,2024-06-02,07:51:50,14.5,,56.7,,23.6,,17.776,,10.0,,1.5,,0.78,
2024-06-02 07:52:20,2024-06-02,07:52:20,,14.0,,56.1,,23.2,,17.336,,7.5,,4.48,,2.75
2024-06-02 07:52:54,2024-06-02,07:52:54,14.3,,55.9,,23.6,,17.661,,5.6,,2.3,,1.07,
2024-06-02 07:53:24,2024-06-02,07:53:24,,13.9,,55.4,,23.3,,17.324,,20.5,,5.14,,3.46
2024-06-02 07:53:58,2024-06-02,07:53:58,14.3,,55.8,,23.7,,17.735,,325.4,,2.41,,1.4,
2024-06-02 07:54:27,2024-06-02,07:54:27,,13.8,,55.0,,23.3,,17.267,,34.3,,5.19,,2.53
2024-06-02 07:55:01,2024-06-02,07:55:01,14.2,,55.2,,23.8,,17.736,,324.3,,2.0,,1.25,
2024-06-02 07:55:30,2024-06-02,07:55:30,,13.8,,54.8,,23.4,,17.326,,45.0,,4.38,,2.68
2024-06-02 07:56:04,2024-06-02,07:56:04,14.5,,55.5,,24.0,,17.956,,336.0,,2.1,,0.85,
2024-06-02 07:56:34,2024-06-02,07:56:34,,14.0,,55.0,,23.6,,17.531,,30.5,,4.18,,1.27
2024-06-02 07:57:08,2024-06-02,07:57:08,14.3,,54.7,,24.0,,17.839,,16.2,,1.95,,0.63,
2024-06-02 07:57:38,2024-06-02,07:57:38,,14.0,,54.8,,23.7,,17.59,,29.8,,2.87,,1.5
2024-06-02 07:58:12,2024-06-02,07:58:12,14.2,,54.2,,24.1,,17.853,,344.2,,1.67,,0.87,
2024-06-02 07:58:41,2024-06-02,07:58:41,,13.9,,54.3,,23.7,,17.517,,51.8,,3.59,,2.23
2024-06-02 07:59:15,2024-06-02,07:59:15,14.0,,53.5,,24.1,,17.75,,350.1,,1.71,,1.15,
2024-06-02 07:59:44,2024-06-02,07:59:44,,13.8,,53.4,,23.8,,17.473,,16.6,,3.92,,2.37
2024-06-02 08:00:18,2024-06-02,08:00:18,14.2,,53.9,,24.1,,17.809,,341.9,,2.1,,1.28,
2024-06-02 08:00:48,2024-06-02,08:00:48,,13.8,,53.1,,23.9,,17.516,,38.8,,4.77,,3.2
2024-06-02 08:01:22,2024-06-02,08:01:22,14.3,,54.0,,24.2,,17.911,,358.1,,1.81,,0.71,
2024-06-02 08:01:52,2024-06-02,08:01:52,,13.7,,52.9,,23.9,,17.486,,20.3,,4.63,,2.5
2024-06-02 08:02:26,2024-06-02,08:02:26,14.0,,53.1,,24.2,,17.778,,350.2,,2.26,,0.61,
2024-06-02 08:02:55,2024-06-02,08:02:55,,13.9,,53.2,,24.0,,17.618,,18.4,,3.29,,2.43
2024-06-02 08:03:29,2024-06-02,08:03:29,14.0,,52.9,,24.2,,17.748,,351.5,,1.61,,0.5,
2024-06-02 08:03:59,2024-06-02,08:03:59,,14.0,,53.2,,24.1,,17.705,,22.0,,3.43,,1.65
2024-06-02 08:04:32,2024-06-02,08:04:32,13.9,,52.5,,24.2,,17.688,,14.7,,1.69,,0.8,
2024-06-02 08:05:02,2024-06-02,08:05:02,,13.9,,52.9,,24.1,,17.661,,32.4,,3.8,,1.65
2024-06-02 08:05:36,2024-06-02,08:05:36,13.9,,52.7,,24.2,,17.718,,329.7,,2.11,,0.92,
2024-06-02 08:06:06,2024-06-02,08:06:06,,14.0,,52.8,,24.2,,17.733,,31.5,,2.29,,1.58
2024-06-02 08:06:40,2024-06-02,08:06:40,13.9,,52.5,,24.2,,17.688,,2.2,,1.72,,0.74,
2024-06-02 08:07:10,2024-06-02,08:07:10,,13.9,,52.7,,24.2,,17.718,,355.5,,2.86,,0.96
2024-06-02 08:07:43,2024-06-02,08:07:43,14.0,,52.8,,24.2,,17.733,,53.3,,1.42,,0.31,
2024-06-02 08:08:12,2024-06-02,08:08:12,,13.9,,52.2,,24.3,,17.73,,39.0,,4.99,,3.2
2024-06-02 08:08:46,2024-06-02,08:08:46,14.0,,52.6,,24.3,,17.79,,8.9,,2.03,,1.38,
2024-06-02 08:09:16,2024-06-02,08:09:16,,13.7,,51.4,,24.4,,17.697,,46.8,,5.24,,3.94
2024-06-02 08:09:50,2024-06-02,08:09:50,14.0,,52.8,,24.3,,17.82,,338.8,,2.13,,0.9,
2024-06-02 08:10:20,2024-06-02,08:10:20,,13.7,,51.3,,24.4,,17.682,,48.9,,5.14,,3.07
2024-06-02 08:10:54,2024-06-02,08:10:54,14.2,,52.9,,24.5,,18.01,,344.6,,2.57,,1.42,
2024-06-02 08:11:23,2024-06-02,08:11:23,,13.8,,51.2,,24.5,,17.753,,32.3,,4.29,,3.41
2024-06-02 08:11:57,2024-06-02,08:11:57,14.0,,51.7,,24.6,,17.915,,2.3,,3.02,,1.57,
2024-06-02 08:12:27,2024-06-02,08:12:27,,13.7,,50.9,,24.5,,17.707,,35.4,,5.13,,4.09
2024-06-02 08:13:00,2024-06-02,08:13:00,14.1,,51.7,,24.7,,18.002,,346.7,,3.09,,1.84,
2024-06-02 08:13:30,2024-06-02,08:13:30,,13.7,,50.8,,24.6,,17.778,,22.0,,4.41,,2.55
2024-06-02 08:14:04,2024-06-02,08:14:04,14.2,,52.2,,24.7,,18.078,,325.6,,2.41,,1.97,
2024-06-02 08:14:34,2024-06-02,08:14:34,,13.5,,50.2,,24.6,,17.687,,16.0,,4.27,,1.67
2024-06-02 08:15:08,2024-06-02,08:15:08,14.1,,51.5,,24.8,,18.058,,324.8,,2.21,,1.72,
2024-06-02 08:15:38,2024-06-02,08:15:38,,13.7,,50.5,,24.7,,17.819,,19.9,,4.57,,3.71
2024-06-02 08:16:11,2024-06-02,08:16:11,14.2,,51.5,,24.9,,18.145,,331.8,,2.75,,1.37,
2024-06-02 08:16:41,2024-06-02,08:16:41,,13.9,,50.8,,24.8,,17.951,,21.4,,5.7,,3.31
2024-06-02 08:17:14,2024-06-02,08:17:14,14.3,,51.4,,25.0,,18.216,,338.7,,2.57,,1.69,
2024-06-02 08:17:44,2024-06-02,08:17:44,,14.0,,51.0,,24.8,,17.982,,26.1,,5.13,,2.77
2024-06-02 08:18:18,2024-06-02,08:18:18,14.5,,51.8,,25.1,,18.364,,328.2,,2.28,,1.48,
2024-06-02 08:18:48,2024-06-02,08:18:48,,14.0,,50.8,,24.9,,18.037,,9.3,,6.74,,5.61
2024-06-02 08:19:22,2024-06-02,08:19:22,14.6,,51.9,,25.2,,18.466,,343.3,,2.68,,1.65,
2024-06-02 08:19:52,2024-06-02,08:19:52,,14.0,,51.3,,24.8,,18.028,,2.2,,6.77,,4.58
2024-06-02 08:20:25,2024-06-02,08:20:25,14.6,,52.0,,25.2,,18.482,,324.2,,2.76,,1.47,
2024-06-02 08:20:55,2024-06-02,08:20:55,,14.3,,52.2,,24.8,,18.165,,2.9,,5.38,,4.53
2024-06-02 08:21:28,2024-06-02,08:21:28,14.8,,52.5,,25.2,,18.559,,330.5,,2.32,,1.33,
2024-06-02 08:21:58,2024-06-02,08:21:58,,14.2,,51.9,,24.9,,18.206,,21.6,,5.86,,3.74
2024-06-02 08:22:32,2024-06-02,08:22:32,14.6,,51.8,,25.2,,18.451,,329.9,,2.76,,2.22,
2024-06-02 08:23:02,2024-06-02,08:23:02,,14.1,,51.3,,24.9,,18.114,,8.6,,5.97,,5.24
2024-06-02 08:23:36,2024-06-02,08:23:36,14.7,,51.8,,25.3,,18.538,,330.0,,2.48,,1.63,
2024-06-02 08:24:06,2024-06-02,08:24:06,,14.3,,52.0,,24.9,,18.221,,18.0,,5.17,,2.94
2024-06-02 08:24:39,2024-06-02,08:24:39,14.7,,52.0,,25.3,,18.569,,325.6,,2.92,,2.2,
2024-06-02 08:25:09,2024-06-02,08:25:09,,14.3,,51.7,,25.0,,18.262,,0.1,,5.21,,4.23
2024-06-02 08:25:42,2024-06-02,08:25:42,14.8,,51.9,,25.4,,18.64,,328.3,,2.69,,1.77,
2024-06-02 08:26:12,2024-06-02,08:26:12,,14.2,,51.3,,25.0,,18.201,,356.7,,5.51,,3.91
2024-06-02 08:26:46,2024-06-02,08:26:46,14.8,,51.6,,25.5,,18.68,,328.1,,2.7,,1.93,
2024-06-02 08:27:16,2024-06-02,08:27:16,,14.4,,51.9,,25.0,,18.293,,356.0,,6.17,,4.04
2024-06-02 08:27:50,2024-06-02,08:27:50,14.7,,51.7,,25.4,,18.609,,336.8,,2.55,,2.16,
2024-06-02 08:28:20,2024-06-02,08:28:20,,14.3,,51.7,,25.0,,18.262,,7.3,,5.41,,4.59
2024-06-02 08:28:53,2024-06-02,08:28:53,14.8,,51.6,,25.5,,18.68,,341.9,,2.54,,1.01,
2024-06-02 08:29:23,2024-06-02,08:29:23,,14.0,,50.4,,25.0,,18.062,,11.3,,6.79,,4.62
2024-06-02 08:29:56,2024-06-02,08:29:56,14.6,,50.8,,25.5,,18.555,,319.2,,2.75,,2.16,
2024-06-02 08:30:26,2024-06-02,08:30:26,,14.1,,50.8,,25.0,,18.124,,5.5,,7.01,,6.33
2024-06-02 08:31:00,2024-06-02,08:31:00,14.7,,51.3,,25.5,,18.633,,319.3,,2.57,,1.75,
2024-06-02 08:31:30,2024-06-02,08:31:30,,14.3,,51.7,,25.0,,18.262,,5.2,,7.71,,6.4
2024-06-02 08:32:04,2024-06-02,08:32:04,14.9,,51.8,,25.5,,18.711,,321.0,,2.66,,1.73,
2024-06-02 08:32:34,2024-06-02,08:32:34,,14.4,,52.0,,25.0,,18.308,,8.4,,7.92,,6.64
2024-06-02 08:33:07,2024-06-02,08:33:07,14.8,,51.7,,25.5,,18.696,,327.4,,2.76,,1.84,
2024-06-02 08:33:37,2024-06-02,08:33:37,,14.3,,51.8,,24.9,,18.191,,12.4,,7.02,,4.22
2024-06-02 08:34:10,2024-06-02,08:34:10,14.8,,51.7,,25.5,,18.696,,332.9,,2.22,,1.79,
2024-06-02 08:34:40,2024-06-02,08:34:40,,14.2,,51.4,,24.9,,18.13,,33.6,,5.85,,3.84
2024-06-02 08:35:14,2024-06-02,08:35:14,14.5,,50.7,,25.5,,18.54,,330.5,,2.68,,2.43,
2024-06-02 08:35:44,2024-06-02,08:35:44,,14.0,,50.6,,25.0,,18.093,,34.3,,4.77,,2.57
2024-06-02 08:36:18,2024-06-02,08:36:18,14.2,,49.6,,25.5,,18.367,,14.7,,2.38,,0.89,
2024-06-02 08:36:48,2024-06-02,08:36:48,,13.8,,49.6,,25.1,,18.024,,18.0,,5.71,,2.97
2024-06-02 08:37:21,2024-06-02,08:37:21,,,,,14.3,,,,338.3,,2.26,,1.05,
2024-06-02 08:37:52,2024-06-02,08:37:52,,13.6,,48.6,,25.2,,17.953,,49.5,,4.94,,2.06
2024-06-02 08:38:24,2024-06-02,08:38:24,14.0,,48.6,,25.7,,18.379,,332.8,,2.31,,1.84,
2024-06-02 08:38:54,2024-06-02,08:38:54,,13.7,,48.6,,25.3,,18.038,,2.6,,5.09,,3.56
2024-06-02 08:39:28,2024-06-02,08:39:28,14.2,,48.7,,25.8,,18.481,,337.0,,2.01,,1.38,
2024-06-02 08:39:58,2024-06-02,08:39:58,,13.6,,48.1,,25.4,,18.044,,25.1,,5.09,,2.64
2024-06-02 08:40:32,2024-06-02,08:40:32,14.2,,48.3,,26.0,,18.587,,325.7,,2.67,,1.79,
2024-06-02 08:41:02,2024-06-02,08:41:02,,13.7,,47.9,,25.5,,18.097,,10.8,,5.43,,3.1
2024-06-02 08:41:35,2024-06-02,08:41:35,14.1,,47.8,,26.1,,18.591,,339.3,,2.51,,1.29,
2024-06-02 08:42:06,2024-06-02,08:42:06,,13.5,,47.5,,25.5,,18.033,,9.7,,6.05,,5.07
2024-06-02 08:42:38,2024-06-02,08:42:38,14.2,,47.6,,26.2,,18.644,,9.2,,2.59,,0.94,
2024-06-02 08:43:08,2024-06-02,08:43:08,,13.5,,47.3,,25.6,,18.086,,40.6,,5.32,,2.05
2024-06-02 08:43:42,2024-06-02,08:43:42,13.8,,46.3,,26.2,,18.431,,341.8,,2.68,,1.17,
2024-06-02 08:44:12,2024-06-02,08:44:12,,13.4,,46.6,,25.7,,18.058,,35.0,,5.32,,3.72
2024-06-02 08:44:46,2024-06-02,08:44:46,13.8,,46.2,,26.3,,18.499,,350.1,,2.38,,1.29,
2024-06-02 08:45:16,2024-06-02,08:45:16,,13.4,,46.5,,25.7,,18.041,,4.3,,4.7,,3.51
2024-06-02 08:45:49,2024-06-02,08:45:49,13.6,,45.5,,26.3,,18.382,,345.6,,1.94,,1.09,
2024-06-02 08:46:19,2024-06-02,08:46:19,,13.2,,45.8,,25.8,,18.012,,21.4,,6.22,,3.41
2024-06-02 08:46:52,2024-06-02,08:46:52,13.7,,45.8,,26.3,,18.432,,324.4,,2.53,,1.76,
2024-06-02 08:47:23,2024-06-02,08:47:23,,13.5,,46.6,,25.8,,18.142,,18.8,,5.09,,3.77
2024-06-02 08:47:56,2024-06-02,08:47:56,13.9,,46.4,,26.3,,18.532,,346.8,,2.33,,1.59,
2024-06-02 08:48:26,2024-06-02,08:48:26,,13.6,,46.6,,25.9,,18.227,,36.4,,5.64,,3.87
2024-06-02 08:49:00,2024-06-02,08:49:00,14.2,,46.8,,26.5,,18.767,,332.7,,2.33,,1.42,
2024-06-02 08:49:30,2024-06-02,08:49:30,,13.6,,46.7,,25.9,,18.243,,13.4,,6.67,,3.98
2024-06-02 08:50:03,2024-06-02,08:50:03,14.0,,46.0,,26.6,,18.718,,344.9,,2.6,,1.71,
2024-06-02 08:50:34,2024-06-02,08:50:34,,13.8,,47.2,,25.9,,18.324,,9.2,,6.86,,4.39
2024-06-02 08:51:06,2024-06-02,08:51:06,14.2,,46.6,,26.6,,18.818,,336.5,,2.65,,1.4,
2024-06-02 08:51:36,2024-06-02,08:51:36,,13.8,,47.1,,25.9,,18.308,,8.7,,6.56,,4.09
2024-06-02 08:52:10,2024-06-02,08:52:10,14.2,,46.6,,26.6,,18.818,,327.2,,2.63,,2.02,
2024-06-02 08:52:40,2024-06-02,08:52:40,,13.6,,47.0,,25.8,,18.207,,8.1,,6.05,,4.26
2024-06-02 08:53:14,2024-06-02,08:53:14,14.0,,46.3,,26.5,,18.684,,4.1,,2.07,,1.13,
2024-06-02 08:53:44,2024-06-02,08:53:44,,13.8,,47.2,,25.9,,18.324,,28.3,,4.67,,2.77
2024-06-02 08:54:17,2024-06-02,08:54:17,14.1,,46.5,,26.5,,18.717,,342.0,,2.22,,1.23,
2024-06-02 08:54:48,2024-06-02,08:54:48,,13.5,,46.1,,26.0,,18.229,,10.5,,6.37,,3.98
2024-06-02 08:55:20,2024-06-02,08:55:20,14.1,,46.3,,26.6,,18.768,,341.7,,2.38,,1.46,
2024-06-02 08:55:51,2024-06-02,08:55:51,,13.4,,45.9,,26.0,,18.196,,8.8,,5.8,,4.32
2024-06-02 08:56:24,2024-06-02,08:56:24,14.0,,45.8,,26.6,,18.685,,320.3,,2.78,,1.82,
2024-06-02 08:56:54,2024-06-02,08:56:54,,,,,,13.5,,,,26.0,,4.6,,6.38
2024-06-02 08:57:28,2024-06-02,08:57:28,13.7,,45.0,,26.6,,18.55,,354.7,,2.43,,1.58,
2024-06-02 08:57:58,2024-06-02,08:57:58,,13.1,,44.9,,26.0,,18.031,,24.6,,6.12,,4.75
2024-06-02 08:58:31,2024-06-02,08:58:31,13.7,,44.8,,26.7,,18.6,,327.2,,2.6,,1.89,
2024-06-02 08:59:02,2024-06-02,08:59:02,,13.1,,44.8,,26.1,,18.098,,12.0,,5.98,,4.78
2024-06-02 08:59:35,2024-06-02,08:59:35,13.6,,44.4,,26.7,,18.532,,320.1,,2.34,,2.1,
2024-06-02 09:00:05,2024-06-02,09:00:05,,13.4,,45.6,,26.1,,18.231,,30.6,,6.57,,2.62
2024-06-02 09:00:38,2024-06-02,09:00:38,13.7,,44.8,,26.7,,18.6,,347.2,,2.42,,1.64,
2024-06-02 09:01:08,2024-06-02,09:01:08,,13.1,,44.8,,26.1,,18.098,,32.0,,6.16,,4.17
2024-06-02 09:01:42,2024-06-02,09:01:42,13.8,,44.5,,26.9,,18.716,,351.6,,2.0,,1.47,
2024-06-02 09:02:12,2024-06-02,09:02:12,,13.3,,44.9,,26.2,,18.199,,35.8,,4.63,,1.93
2024-06-02 09:02:46,2024-06-02,09:02:46,13.8,,44.5,,26.9,,18.716,,353.2,,2.36,,1.13,
2024-06-02 09:03:16,2024-06-02,09:03:16,,13.2,,44.2,,26.3,,18.165,,16.9,,5.53,,3.76
2024-06-02 09:03:48,2024-06-02,09:03:48,13.5,,43.4,,27.0,,18.611,,8.2,,2.43,,1.6,
2024-06-02 09:04:19,2024-06-02,09:04:19,,13.5,,44.9,,26.4,,18.366,,18.2,,5.42,,3.27
2024-06-02 09:04:52,2024-06-02,09:04:52,13.5,,43.5,,27.0,,18.628,,342.3,,2.27,,1.53,
2024-06-02 09:05:22,2024-06-02,09:05:22,,13.2,,44.3,,26.4,,18.265,,14.3,,5.76,,3.17
2024-06-02 09:05:56,2024-06-02,09:05:56,13.8,,44.3,,27.0,,18.766,,321.5,,2.43,,1.94,
2024-06-02 09:06:26,2024-06-02,09:06:26,,13.1,,43.7,,26.5,,18.247,,17.5,,6.38,,4.85
2024-06-02 09:06:59,2024-06-02,09:06:59,13.9,,44.0,,27.2,,18.881,,317.7,,2.63,,1.6,
2024-06-02 09:07:30,2024-06-02,09:07:30,,13.0,,43.3,,26.5,,18.178,,10.6,,5.54,,4.56
2024-06-02 09:08:03,2024-06-02,09:08:03,13.4,,43.0,,27.1,,18.624,,320.6,,2.93,,2.04,
2024-06-02 09:08:33,2024-06-02,09:08:33,,12.7,,42.7,,26.4,,17.993,,8.6,,6.56,,5.45
2024-06-02 09:09:06,2024-06-02,09:09:06,13.1,,42.4,,27.0,,18.437,,318.5,,3.43,,2.29,
2024-06-02 09:09:36,2024-06-02,09:09:36,,12.9,,43.3,,26.4,,18.096,,11.1,,6.19,,3.95
2024-06-02 09:10:10,2024-06-02,09:10:10,13.2,,43.0,,26.9,,18.458,,333.4,,2.97,,1.64,
2024-06-02 09:10:40,2024-06-02,09:10:40,,12.5,,42.3,,26.3,,17.842,,11.2,,6.85,,4.35
2024-06-02 09:11:13,2024-06-02,09:11:13,13.1,,42.7,,26.9,,18.406,,309.7,,2.11,,1.21,
2024-06-02 09:11:44,2024-06-02,09:11:44,,12.7,,42.6,,26.4,,17.976,,13.9,,5.22,,3.11
2024-06-02 09:12:16,2024-06-02,09:12:16,13.2,,42.9,,26.9,,18.441,,318.8,,2.22,,0.98,
2024-06-02 09:12:47,2024-06-02,09:12:47,,12.7,,42.4,,26.5,,18.024,,24.6,,4.57,,2.66
2024-06-02 09:13:20,2024-06-02,09:13:20,13.7,,43.6,,27.1,,18.728,,311.9,,2.15,,0.96,
2024-06-02 09:13:50,2024-06-02,09:13:50,,12.9,,42.6,,26.6,,18.141,,11.3,,5.46,,3.94
2024-06-02 09:14:24,2024-06-02,09:14:24,13.5,,42.8,,27.3,,18.755,,311.6,,2.32,,1.73,
2024-06-02 09:14:54,2024-06-02,09:14:54,,13.0,,42.9,,26.7,,18.276,,12.5,,4.95,,2.54
2024-06-02 09:15:28,2024-06-02,09:15:28,13.5,,42.2,,27.4,,18.731,,336.6,,3.26,,1.92,
2024-06-02 09:15:58,2024-06-02,09:15:58,,13.2,,43.2,,26.8,,18.41,,4.2,,5.72,,4.95
2024-06-02 09:16:30,2024-06-02,09:16:30,13.9,,43.1,,27.5,,18.973,,314.9,,2.84,,1.85,
2024-06-02 09:17:01,2024-06-02,09:17:01,,13.4,,43.8,,26.8,,18.513,,24.2,,5.28,,3.08
2024-06-02 09:17:34,2024-06-02,09:17:34,13.5,,42.1,,27.5,,18.796,,352.3,,3.21,,1.3,
2024-06-02 09:18:04,2024-06-02,09:18:04,,13.4,,43.5,,26.9,,18.545,,17.2,,4.14,,2.67
2024-06-02 09:18:38,2024-06-02,09:18:38,13.9,,43.1,,27.5,,18.973,,322.2,,2.42,,2.02,
2024-06-02 09:19:08,2024-06-02,09:19:08,,13.1,,42.7,,26.9,,18.406,,7.5,,5.87,,4.08
2024-06-02 09:19:41,2024-06-02,09:19:41,14.0,,43.3,,27.6,,19.091,,346.6,,2.45,,0.46,
2024-06-02 09:20:12,2024-06-02,09:20:12,,13.0,,42.0,,27.0,,18.367,,6.5,,5.56,,4.64
2024-06-02 09:20:45,2024-06-02,09:20:45,14.0,,43.1,,27.7,,19.139,,344.4,,2.3,,1.39,
2024-06-02 09:21:15,2024-06-02,09:21:15,,13.1,,42.5,,27.0,,18.454,,4.3,,4.67,,3.59
2024-06-02 09:21:48,2024-06-02,09:21:48,14.0,,42.9,,27.7,,19.103,,313.7,,2.47,,0.99,
2024-06-02 09:22:18,2024-06-02,09:22:18,,12.9,,41.1,,27.2,,18.372,,26.5,,4.69,,2.89
2024-06-02 09:22:52,2024-06-02,09:22:52,14.0,,42.4,,27.9,,19.179,,318.6,,3.27,,0.77,
2024-06-02 09:23:22,2024-06-02,09:23:22,,12.5,,39.9,,27.3,,18.238,,19.0,,6.14,,2.13
2024-06-02 09:23:56,2024-06-02,09:23:56,12.7,,38.9,,28.0,,18.621,,6.1,,2.55,,1.79,
2024-06-02 09:24:26,2024-06-02,09:24:26,,12.5,,39.7,,27.4,,18.283,,13.2,,4.16,,1.93
2024-06-02 09:24:58,2024-06-02,09:24:58,13.0,,39.8,,28.0,,18.788,,327.8,,1.94,,1.7,
2024-06-02 09:25:29,2024-06-02,09:25:29,,12.9,,40.4,,27.5,,18.491,,15.0,,5.8,,4.25
2024-06-02 09:26:02,2024-06-02,09:26:02,13.6,,41.1,,28.1,,19.109,,320.0,,2.8,,2.16,
2024-06-02 09:26:32,2024-06-02,09:26:32,,12.5,,39.9,,27.4,,18.319,,7.0,,6.31,,5.19
2024-06-02 09:27:06,2024-06-02,09:27:06,13.1,,39.9,,28.0,,18.807,,331.0,,3.13,,2.02,
2024-06-02 09:27:36,2024-06-02,09:27:36,,12.5,,39.8,,27.4,,18.301,,356.1,,6.37,,3.03
2024-06-02 09:28:10,2024-06-02,09:28:10,12.9,,39.1,,28.1,,18.739,,328.1,,3.42,,2.97,
2024-06-02 09:28:40,2024-06-02,09:28:40,,12.4,,39.2,,27.5,,18.273,,359.7,,4.97,,3.26
2024-06-02 09:29:12,2024-06-02,09:29:12,12.6,,38.5,,28.1,,18.627,,329.9,,3.11,,2.8,
2024-06-02 09:29:43,2024-06-02,09:29:43,,12.2,,38.4,,27.6,,18.206,,346.5,,5.05,,2.34
2024-06-02 09:30:16,2024-06-02,09:30:16,12.5,,38.1,,28.1,,18.552,,345.7,,2.74,,1.58,
2024-06-02 09:30:46,2024-06-02,09:30:46,,,,,,12.2,,,,27.8,,3.8,,4.96
2024-06-02 09:31:20,2024-06-02,09:31:20,,,,,12.8,,,,28.3,,3.83,,3.25,
2024-06-02 09:31:50,2024-06-02,09:31:50,,12.0,,37.4,,27.8,,18.179,,13.9,,5.68,,2.57
2024-06-02 09:32:24,2024-06-02,09:32:24,12.7,,38.0,,28.4,,18.773,,317.0,,2.65,,2.06,
2024-06-02 09:32:54,2024-06-02,09:32:54,,11.8,,37.0,,27.8,,18.103,,2.7,,5.83,,4.75
2024-06-02 09:33:27,2024-06-02,09:33:27,12.4,,37.2,,28.4,,18.62,,327.9,,2.79,,1.44,
2024-06-02 09:33:57,2024-06-02,09:33:57,,12.4,,38.5,,27.8,,18.385,,12.6,,5.04,,2.11
2024-06-02 09:34:30,2024-06-02,09:34:30,12.7,,38.0,,28.4,,18.773,,331.7,,2.82,,2.28,
2024-06-02 09:35:00,2024-06-02,09:35:00,,13.0,,40.2,,27.8,,18.699,,2.9,,5.85,,4.94
2024-06-02 09:35:34,2024-06-02,09:35:34,13.3,,40.1,,28.2,,19.006,,332.0,,3.0,,2.29,
2024-06-02 09:36:04,2024-06-02,09:36:04,,13.6,,42.1,,27.6,,18.878,,3.2,,5.51,,3.2
2024-06-02 09:36:38,2024-06-02,09:36:38,13.9,,41.8,,28.1,,19.236,,329.1,,2.78,,2.61,
2024-06-02 09:37:08,2024-06-02,09:37:08,,13.6,,42.1,,27.6,,18.878,,342.2,,5.23,,4.78
2024-06-02 09:37:41,2024-06-02,09:37:41,14.0,,42.3,,28.0,,19.244,,334.6,,2.99,,2.65,
2024-06-02 09:38:11,2024-06-02,09:38:11,,13.6,,42.4,,27.5,,18.849,,19.6,,6.52,,2.55
2024-06-02 09:38:44,2024-06-02,09:38:44,13.9,,42.5,,27.8,,19.115,,339.6,,3.52,,2.18,
2024-06-02 09:39:14,2024-06-02,09:39:14,,13.5,,42.4,,27.4,,18.767,,358.7,,7.18,,4.97
2024-06-02 09:39:48,2024-06-02,09:39:48,13.9,,42.8,,27.7,,19.085,,330.8,,3.17,,1.95,
2024-06-02 09:40:18,2024-06-02,09:40:18,,13.5,,42.7,,27.3,,18.737,,1.5,,5.49,,4.52
2024-06-02 09:40:52,2024-06-02,09:40:52,13.9,,43.0,,27.6,,19.038,,327.8,,2.66,,1.8,
2024-06-02 09:41:22,2024-06-02,09:41:22,,13.5,,43.0,,27.2,,18.707,,7.6,,6.24,,3.66
2024-06-02 09:41:55,2024-06-02,09:41:55,14.0,,43.3,,27.6,,19.091,,318.8,,2.62,,1.95,
2024-06-02 09:42:25,2024-06-02,09:42:25,,13.1,,41.8,,27.2,,18.496,,8.7,,5.81,,4.0
2024-06-02 09:42:58,2024-06-02,09:42:58,13.5,,42.2,,27.5,,18.814,,331.3,,2.73,,2.35,
2024-06-02 09:43:28,2024-06-02,09:43:28,,13.3,,42.3,,27.2,,18.584,,359.5,,4.68,,2.88
2024-06-02 09:44:02,2024-06-02,09:44:02,13.5,,42.3,,27.5,,18.832,,329.3,,2.81,,1.95,
2024-06-02 09:44:32,2024-06-02,09:44:32,,12.9,,41.1,,27.2,,18.372,,0.5,,4.79,,2.17
2024-06-02 09:45:06,2024-06-02,09:45:06,13.4,,41.8,,27.5,,18.743,,336.6,,2.57,,1.93,
2024-06-02 09:45:36,2024-06-02,09:45:36,,12.6,,40.2,,27.3,,18.292,,351.7,,3.94,,3.75
2024-06-02 09:46:09,2024-06-02,09:46:09,13.2,,41.3,,27.5,,18.653,,339.7,,2.8,,1.3,
2024-06-02 09:46:39,2024-06-02,09:46:39,,12.4,,39.7,,27.3,,18.202,,356.2,,4.35,,2.57
2024-06-02 09:47:12,2024-06-02,09:47:12,13.0,,40.4,,27.6,,18.573,,323.0,,2.74,,1.98,
2024-06-02 09:47:42,2024-06-02,09:47:42,,12.2,,39.3,,27.3,,18.129,,3.6,,4.16,,2.45
2024-06-02 09:48:16,2024-06-02,09:48:16,12.6,,39.7,,27.5,,18.364,,338.0,,3.12,,2.0,
2024-06-02 09:48:46,2024-06-02,09:48:46,,12.5,,40.1,,27.3,,18.274,,0.6,,4.17,,3.33
2024-06-02 09:49:20,2024-06-02,09:49:20,12.9,,40.6,,27.5,,18.527,,329.5,,2.8,,2.09,
2024-06-02 09:49:50,2024-06-02,09:49:50,,12.8,,40.8,,27.3,,18.4,,4.6,,3.85,,3.56
2024-06-02 09:50:53,2024-06-02,09:50:53,13.5,13.3,42.1,42.0,27.5,27.4,18.796,18.696,336.7,1.3,2.35,4.78,1.92,3.51
2024-06-02 09:51:54,2024-06-02,09:51:54,14.0,,43.7,,27.5,,19.078,,329.2,,3.2,,2.25,
2024-06-02 09:51:56,2024-06-02,09:51:56,,13.8,,43.5,,27.3,,18.877,,352.2,,5.04,,2.73
2024-06-02 09:52:58,2024-06-02,09:52:58,14.5,,45.3,,27.4,,19.272,,326.1,,2.6,,1.66,
2024-06-02 09:53:00,2024-06-02,09:53:00,,14.1,,44.8,,27.2,,19.019,,352.6,,5.49,,2.24
2024-06-02 09:54:02,2024-06-02,09:54:02,14.7,,46.2,,27.3,,19.342,,323.2,,2.93,,1.52,
2024-06-02 09:54:04,2024-06-02,09:54:04,,14.3,,45.4,,27.1,,19.037,,11.6,,4.73,,2.77
2024-06-02 09:55:06,2024-06-02,09:55:06,15.0,,47.5,,27.2,,19.477,,335.1,,2.88,,1.9,
2024-06-02 09:55:07,2024-06-02,09:55:07,,14.8,,47.0,,27.1,,19.308,,2.9,,3.91,,2.82
2024-06-02 09:56:09,2024-06-02,09:56:09,15.3,,48.6,,27.1,,19.575,,336.3,,2.48,,1.74,
2024-06-02 09:56:10,2024-06-02,09:56:10,,14.9,,47.8,,26.9,,19.272,,5.0,,4.56,,3.62
2024-06-02 09:57:12,2024-06-02,09:57:12,15.5,,49.5,,27.0,,19.638,,318.1,,2.8,,1.73,
2024-06-02 09:57:14,2024-06-02,09:57:14,,14.6,,47.3,,26.8,,19.104,,13.9,,5.37,,4.68
2024-06-02 09:58:16,2024-06-02,09:58:16,15.2,,49.1,,26.8,,19.401,,322.1,,3.01,,1.96,
2024-06-02 09:58:18,2024-06-02,09:58:18,,14.6,,47.8,,26.6,,19.017,,13.1,,5.57,,2.87
2024-06-02 09:59:19,2024-06-02,09:59:19,15.2,,49.5,,26.7,,19.38,,321.4,,2.87,,1.8,
2024-06-02 09:59:21,2024-06-02,09:59:21,,14.7,,47.9,,26.6,,19.033,,12.7,,5.02,,3.6
2024-06-02 10:00:23,2024-06-02,10:00:23,15.2,,49.5,,26.7,,19.38,,322.8,,2.36,,1.54,
2024-06-02 10:00:24,2024-06-02,10:00:24,,14.5,,47.6,,26.5,,18.899,,359.5,,5.49,,4.38
2024-06-02 10:01:26,2024-06-02,10:01:26,15.3,,49.6,,26.7,,19.397,,311.0,,2.78,,1.52,
2024-06-02 10:01:28,2024-06-02,10:01:28,,14.5,,47.8,,26.5,,18.932,,11.7,,5.09,,3.85
2024-06-02 10:02:30,2024-06-02,10:02:30,15.1,,49.1,,26.7,,19.315,,327.9,,3.21,,2.0,
2024-06-02 10:02:32,2024-06-02,10:02:32,,14.4,,47.4,,26.5,,18.866,,8.7,,4.77,,3.75
2024-06-02 10:03:34,2024-06-02,10:03:34,15.1,,49.0,,26.7,,19.299,,326.8,,2.37,,1.66,
2024-06-02 10:03:35,2024-06-02,10:03:35,,14.3,,47.1,,26.5,,18.816,,5.2,,5.32,,4.23
2024-06-02 10:04:37,2024-06-02,10:04:37,14.7,,47.6,,26.8,,19.154,,331.1,,2.86,,2.24,
2024-06-02 10:04:38,2024-06-02,10:04:38,,14.3,,47.2,,26.5,,18.833,,2.1,,4.79,,2.81
2024-06-02 10:05:40,2024-06-02,10:05:40,15.0,,48.0,,27.0,,19.39,,327.5,,2.86,,2.44,
2024-06-02 10:05:42,2024-06-02,10:05:42,,14.4,,47.2,,26.6,,18.918,,19.6,,4.37,,2.8
2024-06-02 10:06:44,2024-06-02,10:06:44,14.7,,46.4,,27.2,,19.291,,329.7,,2.84,,2.43,
2024-06-02 10:06:46,2024-06-02,10:06:46,,13.9,,45.4,,26.7,,18.702,,10.5,,5.06,,4.04
2024-06-02 10:07:48,2024-06-02,10:07:48,14.8,,46.3,,27.3,,19.359,,329.5,,3.08,,2.48,
2024-06-02 10:07:49,2024-06-02,10:07:49,,14.3,,46.4,,26.8,,18.954,,1.6,,4.81,,3.58
2024-06-02 10:08:51,2024-06-02,10:08:51,14.8,,46.2,,27.4,,19.426,,330.4,,3.16,,2.21,
2024-06-02 10:08:52,2024-06-02,10:08:52,,14.5,,46.7,,26.9,,19.088,,354.4,,4.41,,1.71
2024-06-02 10:09:54,2024-06-02,10:09:54,15.1,,46.7,,27.5,,19.596,,330.0,,2.95,,2.21,
2024-06-02 10:09:56,2024-06-02,10:09:56,,14.5,,46.5,,27.0,,19.139,,2.0,,4.43,,3.08
2024-06-02 10:10:58,2024-06-02,10:10:58,15.1,,46.7,,27.5,,19.596,,352.1,,2.98,,0.95,
2024-06-02 10:11:00,2024-06-02,10:11:00,,14.8,,47.1,,27.0,,19.24,,12.1,,4.62,,3.22
2024-06-02 10:12:02,2024-06-02,10:12:02,15.1,,46.8,,27.5,,19.613,,332.3,,2.86,,2.24,
2024-06-02 10:12:04,2024-06-02,10:12:04,,,,,,14.3,,,,27.1,,4.56,,4.18
2024-06-02 10:13:05,2024-06-02,10:13:05,15.0,,46.6,,27.5,,19.579,,325.6,,2.73,,1.7,
2024-06-02 10:13:06,2024-06-02,10:13:06,,14.1,,45.1,,27.0,,18.902,,9.9,,6.13,,5.13
2024-06-02 10:14:08,2024-06-02,10:14:08,14.7,,45.4,,27.6,,19.457,,327.1,,2.68,,1.8,
2024-06-02 10:14:10,2024-06-02,10:14:10,,13.8,,44.3,,27.0,,18.766,,5.8,,5.46,,4.7
2024-06-02 10:15:12,2024-06-02,10:15:12,14.8,,45.3,,27.7,,19.524,,330.6,,2.5,,2.09,
2024-06-02 10:15:14,2024-06-02,10:15:14,,14.3,,45.5,,27.1,,19.054,,349.2,,5.25,,2.17
2024-06-02 10:16:16,2024-06-02,10:16:16,14.8,,45.1,,27.8,,19.573,,335.2,,2.74,,2.42,
2024-06-02 10:16:17,2024-06-02,10:16:17,,14.2,,45.1,,27.2,,19.07,,346.6,,4.43,,3.26
2024-06-02 10:17:19,2024-06-02,10:17:19,14.5,,44.2,,27.8,,19.416,,348.3,,2.44,,1.07,
2024-06-02 10:17:20,2024-06-02,10:17:20,,14.3,,44.9,,27.3,,19.119,,47.9,,4.38,,1.82
2024-06-02 10:18:22,2024-06-02,10:18:22,14.5,,43.9,,27.9,,19.446,,325.5,,2.79,,1.72,
2024-06-02 10:18:24,2024-06-02,10:18:24,,13.6,,42.7,,27.4,,18.82,,19.2,,5.2,,3.26
2024-06-02 10:19:26,2024-06-02,10:19:26,14.2,,42.5,,28.2,,19.445,,351.2,,2.43,,1.62,
2024-06-02 10:19:28,2024-06-02,10:19:28,,13.9,,43.2,,27.5,,18.99,,19.2,,4.34,,2.12
2024-06-02 10:20:30,2024-06-02,10:20:30,14.5,,42.9,,28.3,,19.6,,325.1,,2.78,,1.91,
2024-06-02 10:20:31,2024-06-02,10:20:31,,13.8,,42.8,,27.6,,19.003,,15.0,,4.59,,3.3
2024-06-02 10:21:33,2024-06-02,10:21:33,14.6,,43.1,,28.3,,19.636,,4.7,,1.17,,0.04,
2024-06-02 10:21:34,2024-06-02,10:21:34,,13.8,,42.7,,27.6,,18.985,,17.2,,5.09,,2.63
2024-06-02 10:22:36,2024-06-02,10:22:36,14.9,,43.8,,28.4,,19.844,,325.1,,2.27,,1.27,
2024-06-02 10:22:38,2024-06-02,10:22:38,,14.3,,43.9,,27.7,,19.28,,17.9,,4.48,,3.85
2024-06-02 10:23:40,2024-06-02,10:23:40,14.8,,43.2,,28.5,,19.82,,325.0,,2.81,,1.51,
2024-06-02 10:23:42,2024-06-02,10:23:42,,14.1,,43.4,,27.7,,19.192,,15.4,,4.6,,3.12
2024-06-02 10:24:44,2024-06-02,10:24:44,14.7,,43.1,,28.5,,19.801,,330.1,,2.15,,1.62,
2024-06-02 10:24:45,2024-06-02,10:24:45,,13.9,,42.8,,27.7,,19.085,,31.4,,5.92,,3.1
2024-06-02 10:25:47,2024-06-02,10:25:47,14.3,,41.5,,28.7,,19.674,,330.9,,2.5,,1.25,
2024-06-02 10:25:48,2024-06-02,10:25:48,,12.5,,38.9,,27.9,,18.541,,15.1,,4.67,,4.19
2024-06-02 10:26:50,2024-06-02,10:26:50,13.9,,40.1,,28.8,,19.495,,354.6,,2.38,,0.89,
2024-06-02 10:26:52,2024-06-02,10:26:52,,13.2,,40.3,,28.0,,18.88,,28.4,,4.81,,3.11
2024-06-02 10:27:54,2024-06-02,10:27:54,14.1,,40.4,,28.9,,19.632,,321.8,,1.54,,0.95,
2024-06-02 10:27:56,2024-06-02,10:27:56,,13.3,,40.3,,28.1,,18.962,,13.3,,4.63,,4.0
2024-06-02 10:28:58,2024-06-02,10:28:58,14.0,,40.1,,29.0,,19.657,,15.7,,1.36,,0.48,
2024-06-02 10:28:59,2024-06-02,10:28:59,,13.3,,40.3,,28.1,,18.962,,27.1,,3.82,,3.01
2024-06-02 10:30:01,2024-06-02,10:30:01,14.0,,40.3,,29.0,,19.695,,25.3,,0.95,,0.59,
2024-06-02 10:30:02,2024-06-02,10:30:02,,13.5,,40.7,,28.2,,19.117,,44.2,,4.01,,2.38
2024-06-02 10:31:04,2024-06-02,10:31:04,13.9,,39.8,,29.0,,19.6,,21.8,,1.52,,0.74,
2024-06-02 10:31:06,2024-06-02,10:31:06,,13.3,,39.7,,28.3,,19.013,,33.9,,3.62,,2.51
2024-06-02 10:32:08,2024-06-02,10:32:08,13.3,,38.2,,29.0,,19.294,,341.8,,1.85,,0.18,
2024-06-02 10:32:10,2024-06-02,10:32:10,,13.0,,38.5,,28.5,,18.949,,358.0,,3.58,,3.2
2024-06-02 10:33:12,2024-06-02,10:33:12,13.5,,38.7,,29.0,,19.39,,69.4,,0.51,,0.2,
2024-06-02 10:33:13,2024-06-02,10:33:13,,13.0,,38.1,,28.6,,18.953,,58.1,,4.72,,3.64
2024-06-02 10:34:15,2024-06-02,10:34:15,13.3,,38.2,,29.0,,19.294,,328.7,,1.31,,0.64,
2024-06-02 10:34:16,2024-06-02,10:34:16,,12.4,,36.8,,28.6,,18.702,,84.1,,4.52,,1.79
2024-06-02 10:35:18,2024-06-02,10:35:18,13.6,,38.7,,29.1,,19.471,,353.4,,0.71,,0.62,
2024-06-02 10:35:20,2024-06-02,10:35:20,,12.7,,37.4,,28.7,,18.898,,33.9,,1.96,,0.56
2024-06-02 10:36:22,2024-06-02,10:36:22,13.4,,38.5,,29.0,,19.352,,87.2,,0.66,,0.3,
2024-06-02 10:36:24,2024-06-02,10:36:24,,12.8,,37.4,,28.8,,18.978,,272.5,,1.15,,0.69
2024-06-02 10:37:26,2024-06-02,10:37:26,14.2,,40.1,,29.1,,19.739,,356.4,,1.14,,0.48,
2024-06-02 10:37:27,2024-06-02,10:37:27,,12.8,,37.3,,28.8,,18.959,,32.6,,1.95,,1.44
2024-06-02 10:38:29,2024-06-02,10:38:29,13.8,,39.0,,29.2,,19.609,,348.7,,1.13,,0.72,
2024-06-02 10:38:30,2024-06-02,10:38:30,,12.9,,37.3,,29.0,,19.119,,351.4,,2.34,,0.88
2024-06-02 10:39:32,2024-06-02,10:39:32,14.0,,39.3,,29.2,,19.667,,5.9,,0.76,,0.59,
2024-06-02 10:39:34,2024-06-02,10:39:34,,12.7,,36.6,,29.0,,18.981,,6.4,,2.46,,1.3
2024-06-02 10:40:36,2024-06-02,10:40:36,12.5,,35.6,,29.2,,18.94,,359.3,,1.89,,1.2,
2024-06-02 10:40:38,2024-06-02,10:40:38,,12.0,,34.9,,29.1,,18.72,,47.8,,3.38,,1.31
2024-06-02 10:41:40,2024-06-02,10:41:40,12.2,,34.9,,29.3,,18.877,,3.6,,1.16,,0.47,
2024-06-02 10:41:41,2024-06-02,10:41:41,,12.1,,34.9,,29.2,,18.799,,103.9,,1.03,,0.4
2024-06-02 10:42:43,2024-06-02,10:42:43,12.4,,35.3,,29.3,,18.958,,321.9,,1.43,,1.35,
2024-06-02 10:42:44,2024-06-02,10:42:44,,11.9,,34.2,,29.3,,18.734,,322.1,,1.47,,0.91
2024-06-02 10:43:46,2024-06-02,10:43:46,12.8,,36.5,,29.2,,19.12,,308.9,,1.42,,1.23,
2024-06-02 10:43:48,2024-06-02,10:43:48,,12.0,,34.5,,29.3,,18.795,,10.0,,2.18,,1.81
2024-06-02 10:44:50,2024-06-02,10:44:50,12.7,,36.2,,29.2,,19.06,,323.8,,1.18,,1.02,
2024-06-02 10:44:52,2024-06-02,10:44:52,,12.1,,34.7,,29.3,,18.836,,4.3,,1.49,,1.12
2024-06-02 10:45:54,2024-06-02,10:45:54,13.0,,37.0,,29.2,,19.219,,353.8,,1.02,,0.5,
2024-06-02 10:45:55,2024-06-02,10:45:55,,12.1,,34.7,,29.3,,18.836,,348.1,,1.86,,1.37
2024-06-02 10:46:57,2024-06-02,10:46:57,12.6,,36.1,,29.2,,19.04,,338.7,,1.39,,1.26,
2024-06-02 10:46:58,2024-06-02,10:46:58,,12.1,,35.0,,29.2,,18.819,,317.9,,1.54,,1.02
2024-06-02 10:48:01,2024-06-02,10:48:01,12.5,,35.9,,29.2,,19.0,,2.2,,1.73,,1.23,
2024-06-02 10:48:02,2024-06-02,10:48:02,,12.4,,35.5,,29.2,,18.92,,58.4,,1.91,,1.65
2024-06-02 10:49:04,2024-06-02,10:49:04,13.0,,37.0,,29.2,,19.219,,325.0,,1.24,,0.77,
2024-06-02 10:49:06,2024-06-02,10:49:06,,12.4,,35.1,,29.4,,18.996,,337.3,,2.05,,1.77
2024-06-02 10:50:08,2024-06-02,10:50:08,13.1,,37.0,,29.3,,19.299,,0.8,,1.74,,1.19,
2024-06-02 10:50:09,2024-06-02,10:50:09,,12.8,,36.0,,29.4,,19.179,,319.8,,3.66,,2.21
2024-06-02 10:51:11,2024-06-02,10:51:11,13.2,,37.1,,29.4,,19.399,,330.8,,1.55,,1.01,
2024-06-02 10:51:12,2024-06-02,10:51:12,,12.8,,36.3,,29.3,,19.16,,301.4,,2.38,,1.37
2024-06-02 10:52:14,2024-06-02,10:52:14,13.5,,37.8,,29.4,,19.537,,345.5,,1.16,,0.54,
2024-06-02 10:52:16,2024-06-02,10:52:16,,13.0,,36.6,,29.3,,19.22,,315.4,,1.57,,1.47
2024-06-02 10:53:18,2024-06-02,10:53:18,13.8,,38.2,,29.5,,19.696,,334.5,,0.91,,0.54,
2024-06-02 10:53:20,2024-06-02,10:53:20,,13.0,,36.6,,29.4,,19.299,,273.3,,1.34,,0.18
2024-06-02 10:54:22,2024-06-02,10:54:22,13.9,,38.5,,29.5,,19.754,,23.5,,0.88,,0.18,
2024-06-02 10:54:23,2024-06-02,10:54:23,,13.3,,37.1,,29.5,,19.478,,75.0,,0.79,,0.56
2024-06-02 10:55:25,2024-06-02,10:55:25,13.6,,37.6,,29.6,,19.657,,10.6,,1.32,,0.53,
2024-06-02 10:55:26,2024-06-02,10:55:26,,12.9,,35.6,,29.7,,19.335,,356.5,,3.55,,2.36
2024-06-02 10:56:29,2024-06-02,10:56:29,13.4,,36.8,,29.7,,19.578,,347.2,,0.9,,0.33,
2024-06-02 10:56:30,2024-06-02,10:56:30,,11.9,,33.2,,29.8,,18.914,,8.3,,4.75,,4.29
2024-06-02 10:57:32,2024-06-02,10:57:32,12.1,,33.7,,29.8,,19.02,,344.9,,1.79,,1.47,
2024-06-02 10:57:34,2024-06-02,10:57:34,,11.6,,32.3,,29.9,,18.799,,0.5,,4.49,,3.25
2024-06-02 10:58:36,2024-06-02,10:58:36,12.1,,33.3,,30.0,,19.091,,332.1,,1.59,,0.56,
2024-06-02 10:58:37,2024-06-02,10:58:37,,11.4,,32.0,,29.9,,18.735,,351.9,,3.53,,0.41
2024-06-02 10:59:39,2024-06-02,10:59:39,12.6,,34.3,,30.1,,19.38,,143.8,,0.72,,0.14,
2024-06-02 10:59:40,2024-06-02,10:59:40,,11.7,,32.5,,30.0,,18.919,,192.1,,1.04,,0.1
2024-06-02 11:00:43,2024-06-02,11:00:43,12.1,,33.2,,30.1,,19.147,,10.4,,0.94,,0.84,
2024-06-02 11:00:44,2024-06-02,11:00:44,,11.9,,32.7,,30.1,,19.04,,294.2,,1.27,,0.36
2024-06-02 11:01:46,2024-06-02,11:01:46,12.2,,33.5,,30.0,,19.133,,102.5,,1.1,,0.11,
2024-06-02 11:01:48,2024-06-02,11:01:48,,11.8,,32.3,,30.2,,19.03,,8.4,,3.02,,2.3
2024-06-02 11:02:50,2024-06-02,11:02:50,12.2,,33.4,,30.2,,19.267,,341.5,,2.3,,1.89,
2024-06-02 11:02:51,2024-06-02,11:02:51,,11.8,,32.2,,30.2,,19.009,,17.0,,3.69,,1.24
2024-06-02 11:03:54,2024-06-02,11:03:54,12.3,12.0,33.6,32.6,30.1,30.2,19.232,19.095,328.3,12.7,2.13,0.83,0.79,0.29
2024-06-02 11:04:57,2024-06-02,11:04:57,12.7,,34.3,,30.2,,19.458,,327.5,,0.95,,0.12,
2024-06-02 11:04:58,2024-06-02,11:04:58,,12.2,,33.0,,30.3,,19.259,,173.9,,0.86,,0.72
2024-06-02 11:06:00,2024-06-02,11:06:00,13.0,,34.7,,30.2,,19.542,,124.3,,0.93,,0.69,
2024-06-02 11:06:02,2024-06-02,11:06:02,,11.9,,31.9,,30.5,,19.173,,202.0,,1.13,,0.58
2024-06-02 11:07:04,2024-06-02,11:07:04,,,,,13.2,,,,30.3,,3.53,,0.98,
2024-06-02 11:07:05,2024-06-02,11:07:05,,11.8,,31.6,,30.5,,19.107,,230.7,,1.92,,1.26
2024-06-02 11:08:08,2024-06-02,11:08:08,13.7,11.8,36.0,31.8,30.4,30.4,19.97,19.075,171.9,218.4,0.92,1.34,0.77,1.08
2024-06-02 11:09:11,2024-06-02,11:09:11,13.8,,36.0,,30.6,,20.129,,323.5,,1.62,,0.65,
2024-06-02 11:09:12,2024-06-02,11:09:12,,12.0,,32.1,,30.5,,19.217,,173.2,,2.45,,1.86
2024-06-02 11:10:14,2024-06-02,11:10:14,13.5,,34.9,,30.8,,20.055,,326.7,,1.42,,1.06,
2024-06-02 11:10:16,2024-06-02,11:10:16,,11.2,,30.4,,30.6,,18.915,,134.9,,3.18,,2.83
2024-06-02 11:11:18,2024-06-02,11:11:18,12.3,,31.9,,31.0,,19.557,,110.0,,1.68,,0.58,
2024-06-02 11:11:19,2024-06-02,11:11:19,,10.6,,28.9,,30.8,,18.72,,108.1,,4.32,,2.6
2024-06-02 11:12:22,2024-06-02,11:12:22,12.1,10.0,31.3,27.5,31.1,30.9,19.499,18.463,331.9,131.8,1.97,4.16,1.21,3.09
2024-06-02 11:13:25,2024-06-02,11:13:25,12.6,,31.8,,31.4,,19.841,,321.0,,2.62,,0.94,
2024-06-02 11:13:26,2024-06-02,11:13:26,,10.4,,28.4,,30.8,,18.603,,122.3,,3.05,,2.31
2024-06-02 11:14:28,2024-06-02,11:14:28,12.3,,31.0,,31.5,,19.735,,319.4,,2.1,,1.0,
2024-06-02 11:14:30,2024-06-02,11:14:30,,9.9,,27.6,,30.7,,18.339,,164.6,,2.74,,1.24
2024-06-02 11:15:32,2024-06-02,11:15:32,12.1,,30.5,,31.6,,19.696,,332.8,,2.2,,1.1,
2024-06-02 11:15:33,2024-06-02,11:15:33,,10.3,,28.2,,30.8,,18.556,,196.6,,1.88,,1.25
2024-06-02 11:16:36,2024-06-02,11:16:36,11.2,10.2,28.7,28.0,31.6,30.8,19.271,18.508,336.5,122.6,1.76,2.2,0.52,1.07
2024-06-02 11:17:39,2024-06-02,11:17:39,12.0,,30.3,,31.6,,19.649,,328.5,,1.69,,0.31,
2024-06-02 11:17:40,2024-06-02,11:17:40,,10.6,,28.4,,31.0,,18.752,,118.8,,2.4,,0.79
2024-06-02 11:18:42,2024-06-02,11:18:42,12.6,,31.2,,31.7,,19.934,,330.1,,2.12,,0.82,
2024-06-02 11:18:44,2024-06-02,11:18:44,,10.1,,27.3,,31.2,,18.636,,142.6,,3.36,,2.78
2024-06-02 11:19:46,2024-06-02,11:19:46,12.2,,30.1,,31.9,,19.829,,324.7,,2.24,,1.8,
2024-06-02 11:19:47,2024-06-02,11:19:47,,9.9,,26.5,,31.4,,18.586,,350.2,,2.76,,0.24
2024-06-02 11:20:50,2024-06-02,11:20:50,12.1,10.2,29.7,27.0,32.0,31.5,19.81,18.783,304.6,126.1,2.62,2.73,1.31,1.48
2024-06-02 11:21:53,2024-06-02,11:21:53,12.1,,29.6,,32.1,,19.861,,309.1,,2.85,,1.54,
2024-06-02 11:21:54,2024-06-02,11:21:54,,9.9,,26.2,,31.6,,18.657,,171.0,,2.65,,1.52
2024-06-02 11:22:56,2024-06-02,11:22:56,11.8,,28.9,,32.1,,19.693,,2.3,,1.48,,0.18,
2024-06-02 11:22:58,2024-06-02,11:22:58,,10.0,,26.3,,31.6,,18.682,,120.9,,4.85,,3.44
2024-06-02 11:24:00,2024-06-02,11:24:00,11.6,,28.2,,32.3,,19.671,,319.3,,2.42,,1.79,
2024-06-02 11:24:01,2024-06-02,11:24:01,,9.4,,25.4,,31.6,,18.455,,116.4,,3.3,,2.76
2024-06-02 11:25:04,2024-06-02,11:25:04,12.0,10.0,28.8,26.5,32.4,31.6,19.893,18.732,299.8,159.9,2.02,4.57,0.67,2.49
2024-06-02 11:26:07,2024-06-02,11:26:07,12.1,,29.0,,32.4,,19.942,,305.2,,2.58,,2.08,
2024-06-02 11:26:08,2024-06-02,11:26:08,,10.0,,26.8,,31.4,,18.661,,126.4,,4.67,,2.49
2024-06-02 11:27:10,2024-06-02,11:27:10,11.4,,27.9,,32.3,,19.596,,322.9,,2.45,,1.08,
2024-06-02 11:27:12,2024-06-02,11:27:12,,10.1,,26.9,,31.4,,18.685,,168.9,,2.61,,2.0
2024-06-02 11:28:14,2024-06-02,11:28:14,11.0,,27.0,,32.3,,19.371,,147.4,,2.61,,0.7,
2024-06-02 11:28:15,2024-06-02,11:28:15,,9.8,,26.4,,31.4,,18.561,,178.1,,3.32,,2.44
2024-06-02 11:29:18,2024-06-02,11:29:18,,9.3,,25.6,12.2,31.4,,18.361,32.3,185.3,2.95,3.59,1.79,2.77
2024-06-02 11:30:21,2024-06-02,11:30:21,11.9,,28.8,,32.3,,19.818,,329.1,,1.67,,0.16,
2024-06-02 11:30:22,2024-06-02,11:30:22,,9.3,,25.6,,31.4,,18.361,,173.1,,3.68,,2.65
2024-06-02 11:31:24,2024-06-02,11:31:24,11.2,,27.6,,32.3,,19.522,,323.4,,1.73,,1.3,
2024-06-02 11:31:26,2024-06-02,11:31:26,,9.4,,25.8,,31.3,,18.338,,144.3,,2.8,,0.27
2024-06-02 11:32:28,2024-06-02,11:32:28,10.5,,26.3,,32.3,,19.193,,316.3,,2.52,,1.65,
2024-06-02 11:32:29,2024-06-02,11:32:29,,9.8,,26.4,,31.4,,18.561,,215.9,,0.5,,0.32
2024-06-02 11:33:32,2024-06-02,11:33:32,11.3,9.3,27.8,25.4,32.2,31.4,19.498,18.31,317.6,193.8,1.73,2.0,0.77,1.45
2024-06-02 11:34:35,2024-06-02,11:34:35,10.8,,27.0,,32.1,,19.224,,316.7,,2.35,,1.7,
2024-06-02 11:34:36,2024-06-02,11:34:36,,9.0,,24.9,,31.4,,18.182,,216.2,,2.82,,2.4
2024-06-02 11:35:38,2024-06-02,11:35:38,10.6,,26.7,,32.1,,19.149,,338.5,,2.31,,0.46,
2024-06-02 11:35:40,2024-06-02,11:35:40,,9.3,,25.9,,31.2,,18.291,,264.5,,2.18,,1.17
2024-06-02 11:36:42,2024-06-02,11:36:42,10.9,,27.1,,32.1,,19.249,,313.7,,2.59,,1.99,
2024-06-02 11:36:44,2024-06-02,11:36:44,,9.5,,26.1,,31.2,,18.341,,215.2,,2.17,,1.32
2024-06-02 11:37:46,2024-06-02,11:37:46,10.3,9.8,26.6,26.6,31.9,31.2,18.977,18.465,342.8,211.1,2.74,2.82,0.64,1.7
2024-06-02 11:38:49,2024-06-02,11:38:49,11.5,,28.5,,32.0,,19.521,,300.1,,0.89,,0.12,
2024-06-02 11:38:50,2024-06-02,11:38:50,,9.6,,26.4,,31.1,,18.342,,173.3,,3.04,,2.23
2024-06-02 11:39:52,2024-06-02,11:39:52,11.7,,29.0,,32.0,,19.642,,320.8,,1.86,,1.32,
2024-06-02 11:39:54,2024-06-02,11:39:54,,9.5,,26.3,,31.1,,18.317,,216.5,,2.07,,1.15
2024-06-02 11:40:56,2024-06-02,11:40:56,11.4,,28.3,,32.1,,19.547,,319.9,,2.21,,1.55,
2024-06-02 11:40:57,2024-06-02,11:40:57,,9.6,,26.3,,31.2,,18.39,,144.6,,3.26,,1.33
2024-06-02 11:42:00,2024-06-02,11:42:00,11.5,,28.2,,32.2,,19.596,,321.7,,2.27,,0.93,
2024-06-02 11:42:01,2024-06-02,11:42:01,,9.3,,25.8,,31.2,,18.266,,187.6,,3.4,,1.93
2024-06-02 11:43:03,2024-06-02,11:43:03,11.0,,27.3,,32.2,,19.373,,329.6,,2.25,,1.26,
2024-06-02 11:43:04,2024-06-02,11:43:04,,9.6,,26.3,,31.2,,18.39,,175.4,,1.77,,0.95
2024-06-02 11:44:06,2024-06-02,11:44:06,10.9,,27.2,,32.1,,19.274,,305.7,,2.77,,1.56,
2024-06-02 11:44:08,2024-06-02,11:44:08,,9.5,,26.2,,31.2,,18.366,,174.0,,2.58,,1.49
2024-06-02 11:45:10,2024-06-02,11:45:10,11.3,,28.1,,32.1,,19.497,,318.0,,2.29,,1.19,
2024-06-02 11:45:11,2024-06-02,11:45:11,,9.6,,26.4,,31.1,,18.342,,197.0,,3.34,,1.22
2024-06-02 11:46:14,2024-06-02,11:46:14,10.7,,26.7,,32.2,,19.222,,318.9,,2.83,,2.33,
2024-06-02 11:46:15,2024-06-02,11:46:15,,9.6,,26.5,,31.2,,18.44,,198.6,,1.88,,1.6
2024-06-02 11:47:17,2024-06-02,11:47:17,10.8,,27.0,,32.1,,19.224,,307.0,,2.89,,0.59,
2024-06-02 11:47:18,2024-06-02,11:47:18,,9.3,,25.9,,31.2,,18.291,,177.8,,3.44,,3.0
2024-06-02 11:48:20,2024-06-02,11:48:20,11.0,,27.6,,32.0,,19.3,,324.4,,2.02,,0.16,
2024-06-02 11:48:22,2024-06-02,11:48:22,,9.7,,26.6,,31.1,,18.391,,177.3,,3.19,,2.11
2024-06-02 11:49:24,2024-06-02,11:49:24,12.0,,29.4,,32.0,,19.738,,162.4,,0.69,,0.37,
2024-06-02 11:49:26,2024-06-02,11:49:26,,,,,,9.6,,,,31.1,,2.64,,3.47
2024-06-02 11:50:28,2024-06-02,11:50:28,11.6,,28.6,,32.1,,19.62,,335.4,,1.52,,1.12,
2024-06-02 11:50:29,2024-06-02,11:50:29,,9.8,,26.7,,31.2,,18.489,,176.4,,3.5,,1.72
2024-06-02 11:51:31,2024-06-02,11:51:31,11.1,,27.5,,32.2,,19.423,,336.0,,2.24,,0.69,
2024-06-02 11:51:32,2024-06-02,11:51:32,,9.7,,26.3,,31.3,,18.463,,130.1,,3.36,,1.96
2024-06-02 11:52:34,2024-06-02,11:52:34,11.4,,28.1,,32.2,,19.572,,326.1,,2.19,,1.18,
2024-06-02 11:52:36,2024-06-02,11:52:36,,9.8,,26.5,,31.3,,18.513,,108.3,,4.52,,1.93
2024-06-02 11:53:38,2024-06-02,11:53:38,11.6,,28.4,,32.2,,19.645,,318.2,,2.62,,1.08,
2024-06-02 11:53:40,2024-06-02,11:53:40,,9.7,,26.5,,31.2,,18.44,,130.2,,3.83,,2.85
2024-06-02 11:54:42,2024-06-02,11:54:42,11.1,,27.3,,32.3,,19.447,,334.3,,2.22,,1.14,
2024-06-02 11:54:43,2024-06-02,11:54:43,,9.5,,26.2,,31.2,,18.366,,144.0,,3.9,,2.01
2024-06-02 11:55:45,2024-06-02,11:55:45,10.8,,26.9,,32.2,,19.273,,326.7,,1.6,,1.14,
2024-06-02 11:55:46,2024-06-02,11:55:46,,9.7,,26.4,,31.2,,18.415,,117.6,,3.72,,2.04
2024-06-02 11:56:48,2024-06-02,11:56:48,11.8,,28.8,,32.2,,19.743,,314.3,,2.16,,0.94,
2024-06-02 11:56:50,2024-06-02,11:56:50,,9.4,,26.1,,31.1,,18.268,,143.0,,3.82,,3.14
2024-06-02 11:57:52,2024-06-02,11:57:52,11.3,,28.0,,32.2,,19.547,,320.3,,2.09,,1.6,
2024-06-02 11:57:54,2024-06-02,11:57:54,,9.4,,26.2,,31.1,,18.293,,162.6,,2.65,,0.72
2024-06-02 11:58:56,2024-06-02,11:58:56,10.8,,27.0,,32.2,,19.298,,137.5,,1.82,,0.24,
2024-06-02 11:58:57,2024-06-02,11:58:57,,,,,,9.7,,,,31.1,,2.66,,1.9
2024-06-02 11:59:59,2024-06-02,11:59:59,11.6,,28.6,,32.1,,19.62,,137.5,,0.88,,0.19,
2024-06-02 12:00:00,2024-06-02,12:00:00,,10.0,,27.0,,31.2,,18.563,,164.9,,3.45,,2.02
2024-06-02 12:01:02,2024-06-02,12:01:02,11.9,,29.1,,32.1,,19.741,,323.2,,1.93,,1.38,
2024-06-02 12:01:04,2024-06-02,12:01:04,,10.0,,27.1,,31.2,,18.587,,136.9,,5.58,,5.05
2024-06-02 12:02:06,2024-06-02,12:02:06,12.6,,30.4,,32.2,,20.127,,304.7,,2.04,,1.34,
2024-06-02 12:02:08,2024-06-02,12:02:08,,10.1,,27.3,,31.2,,18.636,,161.1,,6.76,,2.0
2024-06-02 12:03:10,2024-06-02,12:03:10,12.1,,29.6,,32.1,,19.861,,324.0,,1.35,,0.81,
2024-06-02 12:03:11,2024-06-02,12:03:11,,9.8,,26.6,,31.3,,18.538,,161.0,,4.99,,3.79
2024-06-02 12:04:13,2024-06-02,12:04:13,11.6,,28.5,,32.1,,19.595,,339.2,,1.56,,0.74,
2024-06-02 12:04:14,2024-06-02,12:04:14,,10.1,,27.1,,31.3,,18.661,,135.0,,3.21,,1.46
2024-06-02 12:05:16,2024-06-02,12:05:16,11.4,,28.3,,32.1,,19.547,,343.4,,1.69,,1.08,
2024-06-02 12:05:18,2024-06-02,12:05:18,,9.7,,26.4,,31.2,,18.415,,175.5,,4.88,,3.08
2024-06-02 12:06:20,2024-06-02,12:06:20,11.2,,27.9,,32.1,,19.448,,317.7,,2.93,,1.92,
2024-06-02 12:06:22,2024-06-02,12:06:22,,10.2,,27.5,,31.2,,18.685,,216.6,,4.0,,1.04
2024-06-02 12:07:24,2024-06-02,12:07:24,11.0,,27.6,,32.0,,19.3,,320.6,,2.72,,1.15,
2024-06-02 12:07:25,2024-06-02,12:07:25,,10.1,,27.2,,31.2,,18.612,,181.6,,2.77,,1.92
2024-06-02 12:08:27,2024-06-02,12:08:27,11.1,,28.0,,31.9,,19.325,,339.0,,2.54,,0.59,
2024-06-02 12:08:28,2024-06-02,12:08:28,,10.2,,27.3,,31.2,,18.636,,205.0,,4.78,,1.54
2024-06-02 12:09:30,2024-06-02,12:09:30,11.2,,28.0,,32.0,,19.399,,299.8,,2.06,,0.12,
2024-06-02 12:09:32,2024-06-02,12:09:32,,9.8,,26.6,,31.2,,18.465,,183.4,,2.4,,2.01
2024-06-02 12:10:34,2024-06-02,12:10:34,11.7,,28.6,,32.0,,19.545,,326.5,,1.54,,1.17,
2024-06-02 12:10:36,2024-06-02,12:10:36,,10.2,,27.2,,31.3,,18.685,,161.9,,5.24,,3.04
2024-06-02 12:11:38,2024-06-02,12:11:38,11.7,,28.8,,32.1,,19.668,,303.6,,1.72,,1.09,
2024-06-02 12:11:39,2024-06-02,12:11:39,,9.7,,26.4,,31.3,,18.488,,154.7,,5.31,,3.8
2024-06-02 12:12:41,2024-06-02,12:12:41,11.5,,28.2,,32.2,,19.596,,336.3,,1.86,,1.13,
2024-06-02 12:12:42,2024-06-02,12:12:42,,9.6,,26.1,,31.3,,18.414,,123.4,,4.8,,2.53
2024-06-02 12:13:44,2024-06-02,12:13:44,11.3,,27.7,,32.3,,19.547,,339.9,,2.29,,1.15,
2024-06-02 12:13:46,2024-06-02,12:13:46,,10.1,,26.9,,31.4,,18.685,,143.4,,3.54,,3.11
2024-06-02 12:14:48,2024-06-02,12:14:48,12.0,,28.8,,32.4,,19.893,,307.7,,1.74,,0.94,
2024-06-02 12:14:50,2024-06-02,12:14:50,,9.8,,26.1,,31.6,,18.632,,138.7,,6.11,,4.78
2024-06-02 12:15:52,2024-06-02,12:15:52,12.4,,29.5,,32.5,,20.138,,309.1,,1.89,,1.2,
2024-06-02 12:15:53,2024-06-02,12:15:53,,9.7,,26.0,,31.5,,18.534,,123.9,,6.3,,4.56
2024-06-02 12:16:55,2024-06-02,12:16:55,11.7,,28.0,,32.6,,19.844,,317.5,,2.37,,1.6,
2024-06-02 12:16:56,2024-06-02,12:16:56,,10.0,,26.3,,31.6,,18.682,,154.5,,5.94,,2.61
2024-06-02 12:17:58,2024-06-02,12:17:58,12.0,,28.4,,32.7,,20.018,,349.1,,2.46,,1.23,
2024-06-02 12:18:00,2024-06-02,12:18:00,,9.9,,26.0,,31.7,,18.68,,134.1,,5.18,,3.65
2024-06-02 12:19:02,2024-06-02,12:19:02,12.2,,28.7,,32.8,,20.167,,324.2,,1.82,,1.39,
2024-06-02 12:19:04,2024-06-02,12:19:04,,9.9,,26.0,,31.7,,18.68,,133.8,,6.19,,3.99
2024-06-02 12:20:06,2024-06-02,12:20:06,12.0,,28.1,,32.8,,20.017,,35.3,,0.96,,0.04,
2024-06-02 12:20:07,2024-06-02,12:20:07,,10.2,,26.6,,31.7,,18.831,,120.1,,6.03,,3.94
2024-06-02 12:21:09,2024-06-02,12:21:09,12.9,,29.9,,32.8,,20.461,,345.0,,1.62,,1.22,
2024-06-02 12:21:10,2024-06-02,12:21:10,,9.9,,25.9,,31.8,,18.727,,132.0,,5.51,,3.11
2024-06-02 12:22:12,2024-06-02,12:22:12,12.0,,28.3,,32.8,,20.067,,318.7,,2.49,,2.08,
2024-06-02 12:22:14,2024-06-02,12:22:14,,10.0,,26.1,,31.8,,18.778,,144.4,,4.81,,3.56
2024-06-02 12:23:16,2024-06-02,12:23:16,11.3,,26.8,,32.9,,19.761,,332.4,,2.05,,0.51,
2024-06-02 12:23:18,2024-06-02,12:23:18,,9.8,,25.8,,31.8,,18.702,,115.2,,4.84,,3.57
2024-06-02 12:24:20,2024-06-02,12:24:20,11.9,,27.6,,33.0,,20.039,,318.9,,2.42,,1.57,
2024-06-02 12:24:21,2024-06-02,12:24:21,,10.5,,26.8,,31.9,,19.027,,109.6,,3.82,,0.66
2024-06-02 12:25:23,2024-06-02,12:25:23,11.4,,26.7,,33.1,,19.882,,305.8,,2.33,,1.34,
2024-06-02 12:25:24,2024-06-02,12:25:24,,10.4,,26.9,,32.0,,19.126,,156.7,,3.65,,1.99
2024-06-02 12:26:26,2024-06-02,12:26:26,12.0,,27.3,,33.3,,20.184,,319.4,,2.06,,1.49,
2024-06-02 12:26:28,2024-06-02,12:26:28,,9.3,,24.6,,32.1,,18.607,,158.0,,4.87,,1.98
2024-06-02 12:27:30,2024-06-02,12:27:30,11.4,,26.4,,33.3,,19.95,,321.8,,2.2,,2.05,
2024-06-02 12:27:32,2024-06-02,12:27:32,,9.8,,25.5,,32.0,,18.77,,136.7,,2.24,,1.35
2024-06-02 12:28:34,2024-06-02,12:28:34,11.4,,26.4,,33.3,,19.95,,315.7,,1.97,,0.97,
2024-06-02 12:28:35,2024-06-02,12:28:35,,9.4,,24.7,,32.1,,18.634,,130.4,,3.08,,2.65
2024-06-02 12:29:37,2024-06-02,12:29:37,11.1,,25.8,,33.4,,19.864,,282.5,,2.04,,0.17,
2024-06-02 12:29:38,2024-06-02,12:29:38,,9.6,,24.9,,32.2,,18.758,,110.8,,2.87,,2.57
2024-06-02 12:30:40,2024-06-02,12:30:40,11.8,,26.9,,33.4,,20.154,,161.9,,0.83,,0.11,
2024-06-02 12:30:42,2024-06-02,12:30:42,,9.8,,25.1,,32.2,,18.811,,151.3,,3.77,,2.26
2024-06-02 12:31:44,2024-06-02,12:31:44,11.4,,26.2,,33.4,,19.97,,326.4,,2.36,,0.85,
2024-06-02 12:31:46,2024-06-02,12:31:46,,9.4,,24.6,,32.2,,18.679,,127.0,,2.71,,2.42
2024-06-02 12:32:48,2024-06-02,12:32:48,11.3,,26.0,,33.4,,19.917,,310.6,,2.83,,2.29,
2024-06-02 12:32:49,2024-06-02,12:32:49,,9.3,,24.3,,32.3,,18.671,,207.7,,5.05,,2.04
2024-06-02 12:33:51,2024-06-02,12:33:51,11.2,,26.0,,33.4,,19.917,,323.4,,2.64,,1.76,
2024-06-02 12:33:52,2024-06-02,12:33:52,,9.8,,25.0,,32.3,,18.856,,195.6,,3.41,,1.68
2024-06-02 12:34:54,2024-06-02,12:34:54,10.7,,25.0,,33.4,,19.649,,288.2,,3.06,,0.28,
2024-06-02 12:34:56,2024-06-02,12:34:56,,9.2,,24.1,,32.3,,18.618,,146.1,,6.71,,3.1
2024-06-02 12:35:58,2024-06-02,12:35:58,10.8,,25.3,,33.4,,19.73,,239.3,,2.37,,0.79,
2024-06-02 12:36:00,2024-06-02,12:36:00,,9.1,,24.1,,32.2,,18.546,,168.1,,5.85,,4.67
2024-06-02 12:37:02,2024-06-02,12:37:02,10.8,,25.1,,33.4,,19.676,,322.5,,1.63,,1.08,
2024-06-02 12:37:03,2024-06-02,12:37:03,,9.1,,24.2,,32.1,,18.502,,193.4,,6.62,,5.04
2024-06-02 12:38:05,2024-06-02,12:38:05,11.0,,25.4,,33.5,,19.829,,333.3,,2.71,,0.91,
2024-06-02 12:38:06,2024-06-02,12:38:06,,9.0,,24.2,,32.0,,18.43,,173.3,,6.01,,5.14
2024-06-02 12:39:08,2024-06-02,12:39:08,10.5,,24.7,,33.5,,19.639,,318.4,,2.61,,0.73,
2024-06-02 12:39:10,2024-06-02,12:39:10,,9.4,,24.9,,32.0,,18.614,,174.8,,6.27,,2.02
2024-06-02 12:40:12,2024-06-02,12:40:12,10.5,,24.6,,33.5,,19.612,,115.8,,1.3,,0.44,
2024-06-02 12:40:14,2024-06-02,12:40:14,,9.0,,23.9,,32.1,,18.422,,136.9,,4.07,,3.16
2024-06-02 12:41:16,2024-06-02,12:41:16,,,,,10.9,,,,33.5,,2.51,,1.66,
2024-06-02 12:41:17,2024-06-02,12:41:17,,9.0,,24.1,,32.0,,18.404,,113.0,,4.3,,2.01
2024-06-02 12:42:19,2024-06-02,12:42:19,12.0,,27.3,,33.4,,20.257,,290.2,,2.61,,1.37,
2024-06-02 12:42:20,2024-06-02,12:42:20,,9.8,,25.4,,32.1,,18.816,,190.3,,5.38,,1.95
2024-06-02 12:43:22,2024-06-02,12:43:22,11.1,,25.8,,33.3,,19.791,,317.7,,2.08,,0.89,
2024-06-02 12:43:24,2024-06-02,12:43:24,,9.9,,25.2,,32.2,,18.837,,152.5,,7.06,,2.1
2024-06-02 12:44:26,2024-06-02,12:44:26,11.4,,26.3,,33.4,,19.996,,346.9,,2.05,,0.62,
2024-06-02 12:44:28,2024-06-02,12:44:28,,9.5,,24.5,,32.3,,18.724,,171.9,,5.78,,3.45
2024-06-02 12:45:30,2024-06-02,12:45:30,11.7,,26.4,,33.6,,20.169,,316.1,,2.14,,1.38,
2024-06-02 12:45:31,2024-06-02,12:45:31,,9.8,,24.8,,32.5,,18.948,,134.7,,4.91,,2.79
2024-06-02 12:46:33,2024-06-02,12:46:33,11.9,,26.6,,33.7,,20.295,,301.7,,2.29,,1.67,
2024-06-02 12:46:34,2024-06-02,12:46:34,,9.4,,24.3,,32.4,,18.743,,143.1,,5.54,,3.88
2024-06-02 12:47:36,2024-06-02,12:47:36,11.7,,26.2,,33.7,,20.189,,321.0,,2.04,,1.28,
2024-06-02 12:47:38,2024-06-02,12:47:38,,9.8,,25.0,,32.3,,18.856,,151.5,,7.21,,3.48
2024-06-02 12:48:40,2024-06-02,12:48:40,11.7,,26.2,,33.8,,20.262,,305.0,,2.75,,1.23,
2024-06-02 12:48:42,2024-06-02,12:48:42,,9.3,,24.3,,32.3,,18.671,,145.7,,5.07,,3.5
2024-06-02 12:49:44,2024-06-02,12:49:44,12.1,,26.9,,33.8,,20.447,,324.1,,1.91,,0.36,
2024-06-02 12:49:45,2024-06-02,12:49:45,,9.5,,24.5,,32.4,,18.796,,146.7,,5.18,,2.05
2024-06-02 12:50:47,2024-06-02,12:50:47,12.4,,27.2,,33.9,,20.6,,182.5,,2.58,,0.93,
2024-06-02 12:50:48,2024-06-02,12:50:48,,9.7,,24.9,,32.3,,18.83,,169.7,,5.5,,2.35
2024-06-02 12:51:50,2024-06-02,12:51:50,,,,,11.5,,,,33.8,,2.58,,1.76,
2024-06-02 12:51:52,2024-06-02,12:51:52,,9.3,,24.1,,32.4,,18.689,,132.5,,4.53,,3.94
2024-06-02 12:52:54,2024-06-02,12:52:54,12.0,,26.8,,33.8,,20.421,,318.9,,2.81,,1.16,
2024-06-02 12:52:56,2024-06-02,12:52:56,,9.3,,24.2,,32.3,,18.644,,143.3,,5.32,,4.45
2024-06-02 12:53:58,2024-06-02,12:53:58,11.6,,25.9,,33.9,,20.254,,315.6,,2.71,,2.01,
2024-06-02 12:53:59,2024-06-02,12:53:59,,9.0,,23.7,,32.4,,18.581,,151.0,,5.2,,2.17
2024-06-02 12:55:01,2024-06-02,12:55:01,11.0,,24.6,,34.0,,19.971,,10.1,,2.7,,0.77,
2024-06-02 12:55:02,2024-06-02,12:55:02,,9.2,,23.9,,32.4,,18.635,,117.9,,4.21,,2.87
2024-06-02 12:56:04,2024-06-02,12:56:04,11.5,,25.6,,34.0,,20.245,,319.6,,2.09,,1.31,
2024-06-02 12:56:06,2024-06-02,12:56:06,,9.0,,23.5,,32.4,,18.527,,143.0,,4.09,,2.14
2024-06-02 12:57:08,2024-06-02,12:57:08,11.1,,24.7,,34.1,,20.07,,321.0,,2.5,,0.88,
2024-06-02 12:57:10,2024-06-02,12:57:10,,9.1,,24.0,,32.3,,18.591,,129.1,,3.79,,1.0
2024-06-02 12:58:12,2024-06-02,12:58:12,10.0,,22.8,,34.2,,19.602,,310.4,,2.66,,1.91,
2024-06-02 12:58:13,2024-06-02,12:58:13,,9.1,,23.8,,32.4,,18.608,,145.7,,3.87,,0.95
2024-06-02 12:59:15,2024-06-02,12:59:15,11.3,,25.1,,34.1,,20.181,,318.0,,2.16,,0.77,
2024-06-02 12:59:16,2024-06-02,12:59:16,,9.4,,24.2,,32.5,,18.787,,150.0,,2.81,,2.28
2024-06-02 13:00:18,2024-06-02,13:00:18,11.4,,25.2,,34.1,,20.208,,321.4,,2.36,,1.63,
2024-06-02 13:00:20,2024-06-02,13:00:20,,9.6,,24.3,,32.5,,18.814,,153.7,,2.52,,1.19
2024-06-02 13:01:22,2024-06-02,13:01:22,12.0,,26.1,,34.1,,20.453,,149.1,,2.29,,0.89,
2024-06-02 13:01:24,2024-06-02,13:01:24,,9.7,,24.4,,32.6,,18.913,,144.2,,6.26,,3.98
2024-06-02 13:02:26,2024-06-02,13:02:26,12.3,,27.0,,33.9,,20.547,,331.9,,1.89,,0.84,
2024-06-02 13:02:27,2024-06-02,13:02:27,,9.8,,24.5,,32.7,,19.011,,114.7,,3.01,,1.26
2024-06-02 13:03:29,2024-06-02,13:03:29,12.3,,26.9,,34.0,,20.594,,320.8,,2.28,,1.3,
2024-06-02 13:04:00,2024-06-02,13:04:00,,9.7,,24.4,,32.6,,18.913,,178.6,,4.91,,2.33
2024-06-02 13:04:32,2024-06-02,13:04:32,11.7,,25.7,,34.1,,20.345,,320.4,,1.99,,1.54,
2024-06-02 13:05:02,2024-06-02,13:05:02,,10.0,,24.9,,32.5,,18.974,,158.6,,4.05,,3.29
2024-06-02 13:05:36,2024-06-02,13:05:36,11.9,,25.8,,34.3,,20.517,,316.9,,2.56,,1.76,
2024-06-02 13:06:06,2024-06-02,13:06:06,,10.0,,25.1,,32.5,,19.027,,142.9,,5.56,,2.26
2024-06-02 13:06:40,2024-06-02,13:06:40,12.1,,26.2,,34.3,,20.626,,318.7,,2.74,,2.23,
2024-06-02 13:07:09,2024-06-02,13:07:09,,9.4,,24.2,,32.4,,18.716,,135.7,,5.38,,4.95
2024-06-02 13:07:43,2024-06-02,13:07:43,12.1,,26.1,,34.3,,20.599,,296.7,,2.44,,0.86,
2024-06-02 13:08:12,2024-06-02,13:08:12,,9.6,,24.5,,32.3,,18.724,,110.7,,5.42,,3.3
2024-06-02 13:08:46,2024-06-02,13:08:46,11.1,,24.7,,34.1,,20.07,,319.5,,2.2,,1.41,
2024-06-02 13:09:16,2024-06-02,13:09:16,,9.5,,24.5,,32.3,,18.724,,109.2,,3.38,,2.53
2024-06-02 13:09:50,2024-06-02,13:09:50,10.6,,24.0,,34.0,,19.803,,309.3,,1.95,,1.36,
2024-06-02 13:10:20,2024-06-02,13:10:20,,9.5,,24.6,,32.3,,18.751,,110.6,,3.8,,2.52
2024-06-02 13:10:54,2024-06-02,13:10:54,11.8,,26.1,,33.9,,20.308,,347.8,,2.38,,0.74,
2024-06-02 13:11:23,2024-06-02,13:11:23,,9.5,,24.6,,32.3,,18.751,,95.6,,4.73,,3.19
2024-06-02 13:11:57,2024-06-02,13:11:57,11.3,,25.3,,33.9,,20.091,,159.4,,0.99,,0.61,
2024-06-02 13:12:26,2024-06-02,13:12:26,,9.2,,24.2,,32.2,,18.573,,116.6,,4.19,,2.54
2024-06-02 13:13:00,2024-06-02,13:13:00,11.9,,26.4,,33.8,,20.315,,312.1,,2.24,,0.86,
2024-06-02 13:13:30,2024-06-02,13:13:30,,9.4,,24.5,,32.2,,18.653,,122.2,,4.39,,3.31
2024-06-02 13:14:04,2024-06-02,13:14:04,12.0,,26.8,,33.7,,20.348,,314.2,,2.35,,1.24,
2024-06-02 13:14:34,2024-06-02,13:14:34,,10.5,,26.4,,32.2,,19.146,,176.0,,3.64,,3.3
2024-06-02 13:15:08,2024-06-02,13:15:08,12.1,,27.1,,33.7,,20.426,,332.3,,1.59,,0.85,
2024-06-02 13:15:37,2024-06-02,13:15:37,,14.2,,33.9,,32.1,,20.854,,201.5,,4.51,,3.3
2024-06-02 13:16:11,2024-06-02,13:16:11,14.0,,30.5,,33.8,,21.364,,326.2,,2.14,,1.21,
2024-06-02 13:16:40,2024-06-02,13:16:40,,14.2,,34.8,,31.7,,20.74,,219.9,,4.32,,2.63
2024-06-02 13:17:14,2024-06-02,13:17:14,14.6,,32.1,,33.5,,21.523,,325.2,,2.23,,1.34,
2024-06-02 13:17:44,2024-06-02,13:17:44,,14.5,,36.2,,31.3,,20.725,,256.9,,4.13,,1.02
2024-06-02 13:18:18,2024-06-02,13:18:18,15.0,,33.5,,33.3,,21.697,,317.1,,1.91,,1.18,
2024-06-02 13:18:48,2024-06-02,13:18:48,,14.4,,35.8,,31.4,,20.719,,229.6,,2.62,,1.36
2024-06-02 13:19:22,2024-06-02,13:19:22,15.3,,33.6,,33.5,,21.876,,323.5,,2.65,,1.35,
2024-06-02 13:19:51,2024-06-02,13:19:51,,14.2,,35.1,,31.5,,20.648,,192.9,,4.62,,0.82
2024-06-02 13:20:25,2024-06-02,13:20:25,14.8,,32.7,,33.4,,21.588,,316.0,,2.61,,1.63,
2024-06-02 13:20:54,2024-06-02,13:20:54,,14.2,,35.0,,31.5,,20.626,,240.4,,2.84,,1.93
2024-06-02 13:21:28,2024-06-02,13:21:28,15.0,,33.5,,33.3,,21.697,,156.4,,2.75,,0.28,
2024-06-02 13:21:58,2024-06-02,13:21:58,,14.8,,36.4,,31.5,,20.926,,200.1,,6.02,,4.66
2024-06-02 13:22:32,2024-06-02,13:22:32,15.1,,33.8,,33.2,,21.689,,160.1,,1.52,,0.65,
2024-06-02 13:23:02,2024-06-02,13:23:02,,15.5,,38.9,,31.1,,21.124,,243.4,,6.12,,3.98
2024-06-02 13:23:36,2024-06-02,13:23:36,16.3,,36.3,,33.3,,22.332,,321.3,,2.81,,1.12,
2024-06-02 13:24:05,2024-06-02,13:24:05,,15.1,,38.2,,31.0,,20.901,,227.0,,6.55,,4.66
2024-06-02 13:24:39,2024-06-02,13:24:39,16.1,,35.7,,33.4,,22.277,,310.7,,2.76,,0.46,
2024-06-02 13:25:08,2024-06-02,13:25:08,,15.0,,38.3,,30.9,,20.841,,209.7,,7.11,,5.86
2024-06-02 13:25:42,2024-06-02,13:25:42,16.2,,35.7,,33.5,,22.356,,315.4,,2.31,,1.79,
2024-06-02 13:26:12,2024-06-02,13:26:12,,15.0,,38.3,,30.8,,20.761,,225.7,,5.54,,4.04
2024-06-02 13:26:46,2024-06-02,13:26:46,15.7,,34.5,,33.5,,22.084,,325.0,,3.2,,0.89,
2024-06-02 13:27:16,2024-06-02,13:27:16,,14.7,,37.5,,30.9,,20.677,,210.2,,4.0,,2.2
2024-06-02 13:27:50,2024-06-02,13:27:50,15.8,,34.7,,33.5,,22.129,,278.1,,1.09,,0.71,
2024-06-02 13:28:19,2024-06-02,13:28:19,,14.5,,36.5,,31.1,,20.629,,219.2,,3.79,,3.35
2024-06-02 13:28:54,2024-06-02,13:28:54,16.1,,35.6,,33.4,,22.255,,129.6,,0.96,,0.38,
2024-06-02 13:29:22,2024-06-02,13:29:22,,14.9,,37.1,,31.2,,20.834,,229.4,,5.06,,2.21
2024-06-02 13:29:56,2024-06-02,13:29:56,16.2,,35.7,,33.5,,22.356,,333.2,,0.7,,0.35,
2024-06-02 13:30:26,2024-06-02,13:30:26,,14.9,,37.2,,31.2,,20.855,,255.3,,4.38,,3.62
2024-06-02 13:31:00,2024-06-02,13:31:00,16.0,,35.0,,33.6,,22.276,,85.0,,0.79,,0.33,
2024-06-02 13:31:30,2024-06-02,13:31:30,,15.0,,37.6,,31.1,,20.858,,262.0,,5.08,,3.04
2024-06-02 13:32:04,2024-06-02,13:32:04,16.0,,35.2,,33.5,,22.243,,5.4,,1.12,,0.36,
2024-06-02 13:32:33,2024-06-02,13:32:33,,14.5,,36.8,,31.0,,20.612,,227.2,,5.39,,3.24
2024-06-02 13:33:07,2024-06-02,13:33:07,15.9,,34.9,,33.5,,22.175,,45.3,,0.82,,0.44,
2024-06-02 13:33:37,2024-06-02,13:33:37,,14.8,,37.1,,31.2,,20.834,,228.4,,4.59,,3.4
2024-06-02 13:34:11,2024-06-02,13:34:11,15.7,,34.4,,33.5,,22.061,,136.1,,0.78,,0.64,
2024-06-02 13:34:40,2024-06-02,13:34:40,,13.2,,33.5,,31.2,,20.065,,232.3,,6.96,,5.91
2024-06-02 13:35:14,2024-06-02,13:35:14,16.3,,36.1,,33.6,,22.526,,133.9,,0.67,,0.46,
2024-06-02 13:35:44,2024-06-02,13:35:44,,13.6,,34.6,,31.0,,20.148,,229.7,,6.07,,3.01
2024-06-02 13:36:18,2024-06-02,13:36:18,15.6,,34.0,,33.6,,22.047,,145.8,,0.69,,0.38,
2024-06-02 13:36:48,2024-06-02,13:36:48,,14.5,,36.6,,31.1,,20.65,,245.5,,4.34,,2.58
2024-06-02 13:37:21,2024-06-02,13:37:21,15.7,,34.3,,33.6,,22.116,,336.8,,1.05,,0.63,
2024-06-02 13:37:51,2024-06-02,13:37:51,,14.2,,35.8,,31.2,,20.561,,234.7,,4.65,,3.99
2024-06-02 13:38:24,2024-06-02,13:38:24,15.7,,34.1,,33.7,,22.148,,106.8,,0.89,,0.27,
2024-06-02 13:38:54,2024-06-02,13:38:54,,14.3,,36.3,,31.0,,20.508,,218.9,,5.75,,4.5
2024-06-02 13:39:28,2024-06-02,13:39:28,15.9,,34.4,,33.7,,22.217,,111.4,,0.49,,0.21,
2024-06-02 13:39:58,2024-06-02,13:39:58,,14.4,,36.5,,31.0,,20.55,,241.4,,4.74,,2.3
2024-06-02 13:40:32,2024-06-02,13:40:32,15.8,,34.3,,33.7,,22.194,,69.1,,1.17,,0.3,
2024-06-02 13:41:02,2024-06-02,13:41:02,,14.4,,36.3,,31.1,,20.587,,213.7,,3.72,,2.84
2024-06-02 13:41:35,2024-06-02,13:41:35,15.9,,34.3,,33.8,,22.272,,143.4,,0.83,,0.47,
2024-06-02 13:42:05,2024-06-02,13:42:05,,14.0,,35.5,,31.1,,20.418,,230.4,,5.29,,4.22
2024-06-02 13:42:39,2024-06-02,13:42:39,15.3,,33.1,,33.8,,21.991,,5.9,,1.12,,0.32,
2024-06-02 13:43:08,2024-06-02,13:43:08,,14.0,,35.7,,30.9,,20.303,,212.6,,5.85,,4.94
2024-06-02 13:43:42,2024-06-02,13:43:42,15.5,,33.3,,33.9,,22.116,,144.4,,0.88,,0.51,
2024-06-02 13:44:12,2024-06-02,13:44:12,,14.0,,36.0,,30.8,,20.287,,215.4,,5.27,,2.68
2024-06-02 13:44:46,2024-06-02,13:44:46,15.7,,33.9,,33.8,,22.179,,144.0,,0.85,,0.15,
2024-06-02 13:45:16,2024-06-02,13:45:16,,13.7,,35.3,,30.8,,20.14,,250.7,,4.73,,4.31
2024-06-02 13:45:49,2024-06-02,13:45:49,15.6,,33.6,,33.8,,22.109,,187.0,,1.0,,0.4,
2024-06-02 13:46:19,2024-06-02,13:46:19,,13.5,,34.9,,30.8,,20.055,,241.6,,5.82,,2.97
2024-06-02 13:46:52,2024-06-02,13:46:52,14.6,,31.6,,33.8,,21.633,,102.8,,0.61,,0.42,
2024-06-02 13:47:22,2024-06-02,13:47:22,,13.5,,34.9,,30.8,,20.055,,235.7,,5.66,,4.37
2024-06-02 13:47:56,2024-06-02,13:47:56,14.3,,31.0,,33.8,,21.487,,78.3,,0.6,,0.33,
2024-06-02 13:48:26,2024-06-02,13:48:26,,13.0,,33.8,,30.7,,19.742,,240.9,,6.01,,3.97
2024-06-02 13:49:00,2024-06-02,13:49:00,14.0,,30.4,,33.8,,21.34,,30.9,,0.94,,0.4,
2024-06-02 13:49:30,2024-06-02,13:49:30,,13.0,,34.3,,30.5,,19.693,,237.2,,6.05,,2.94
2024-06-02 13:50:03,2024-06-02,13:50:03,14.0,,30.3,,33.8,,21.315,,340.3,,0.96,,0.23,
2024-06-02 13:50:33,2024-06-02,13:50:33,,13.0,,34.0,,30.6,,19.707,,238.2,,4.92,,2.81
2024-06-02 13:51:07,2024-06-02,13:51:07,14.1,,30.8,,33.7,,21.362,,127.1,,0.86,,0.53,
2024-06-02 13:51:36,2024-06-02,13:51:36,,12.8,,33.7,,30.6,,19.642,,228.0,,5.75,,2.64
2024-06-02 13:52:10,2024-06-02,13:52:10,13.8,,30.2,,33.7,,21.214,,9.3,,0.97,,0.75,
2024-06-02 13:52:40,2024-06-02,13:52:40,,13.0,,34.2,,30.5,,19.671,,239.4,,4.95,,3.49
2024-06-02 13:53:14,2024-06-02,13:53:14,13.7,,30.3,,33.5,,21.088,,10.3,,1.11,,0.49,
2024-06-02 13:53:44,2024-06-02,13:53:44,,12.6,,33.5,,30.5,,19.522,,220.2,,4.34,,3.27
2024-06-02 13:54:18,2024-06-02,13:54:18,14.0,,31.0,,33.5,,21.259,,196.5,,0.8,,0.38,
2024-06-02 13:54:47,2024-06-02,13:54:47,,14.9,,38.8,,30.5,,20.62,,277.3,,5.24,,4.79
2024-06-02 13:55:20,2024-06-02,13:55:20,15.1,,33.8,,33.2,,21.689,,333.1,,2.39,,1.29,
2024-06-02 13:55:50,2024-06-02,13:55:50,,15.6,,42.6,,29.7,,20.702,,280.1,,6.25,,2.36
2024-06-02 13:56:24,2024-06-02,13:56:24,15.7,,36.5,,32.5,,21.741,,341.9,,1.05,,0.61,
2024-06-02 13:56:54,2024-06-02,13:56:54,,15.6,,43.3,,29.4,,20.584,,263.3,,4.45,,2.76
2024-06-02 13:57:28,2024-06-02,13:57:28,15.8,,36.8,,32.4,,21.727,,126.5,,0.49,,0.23,
2024-06-02 13:57:58,2024-06-02,13:57:58,,15.5,,43.4,,29.2,,20.437,,279.5,,6.09,,4.42
2024-06-02 13:58:31,2024-06-02,13:58:31,15.8,,37.5,,32.2,,21.717,,354.3,,1.53,,0.62,
2024-06-02 13:59:01,2024-06-02,13:59:01,,15.2,,43.2,,29.0,,20.234,,276.3,,6.37,,4.48
2024-06-02 13:59:35,2024-06-02,13:59:35,15.9,,38.5,,31.8,,21.606,,326.6,,1.18,,0.6,
2024-06-02 14:00:04,2024-06-02,14:00:04,,15.3,,43.7,,28.9,,20.242,,272.6,,5.31,,2.45
2024-06-02 14:00:38,2024-06-02,14:00:38,15.9,,39.2,,31.4,,21.428,,352.8,,1.78,,0.82,
2024-06-02 14:01:08,2024-06-02,14:01:08,,14.9,,42.8,,28.8,,19.995,,253.2,,6.18,,3.45
2024-06-02 14:01:42,2024-06-02,14:01:42,16.1,,40.3,,31.3,,21.569,,349.1,,0.9,,0.21,
2024-06-02 14:02:12,2024-06-02,14:02:12,,14.8,,42.6,,28.8,,19.959,,239.1,,4.19,,2.42
2024-06-02 14:02:46,2024-06-02,14:02:46,16.0,,39.6,,31.4,,21.509,,124.7,,0.7,,0.54,
2024-06-02 14:03:15,2024-06-02,14:03:15,,14.3,,40.9,,28.9,,19.726,,249.3,,5.55,,4.86
2024-06-02 14:03:48,2024-06-02,14:03:48,16.1,,39.6,,31.5,,21.59,,203.2,,0.95,,0.41,
2024-06-02 14:04:18,2024-06-02,14:04:18,,14.5,,41.4,,28.9,,19.82,,243.8,,5.19,,3.32
2024-06-02 14:04:52,2024-06-02,14:04:52,16.0,,39.3,,31.5,,21.529,,63.6,,0.86,,0.37,
2024-06-02 14:05:22,2024-06-02,14:05:22,,14.4,,40.8,,29.0,,19.789,,214.1,,6.79,,5.19
2024-06-02 14:05:56,2024-06-02,14:05:56,15.7,,38.2,,31.6,,21.383,,97.4,,0.94,,0.48,
2024-06-02 14:06:26,2024-06-02,14:06:26,,14.2,,40.1,,29.2,,19.82,,225.8,,4.85,,3.93
2024-06-02 14:06:59,2024-06-02,14:06:59,15.5,,37.7,,31.7,,21.359,,112.5,,0.63,,0.28,
2024-06-02 14:07:29,2024-06-02,14:07:29,,14.8,,41.9,,29.0,,19.995,,246.0,,6.05,,4.1
2024-06-02 14:08:03,2024-06-02,14:08:03,15.5,,37.8,,31.7,,21.38,,15.2,,0.65,,0.38,
2024-06-02 14:08:32,2024-06-02,14:08:32,,14.8,,42.3,,28.9,,19.986,,261.2,,5.3,,4.17
2024-06-02 14:09:06,2024-06-02,14:09:06,15.6,,38.1,,31.5,,21.282,,337.5,,2.5,,1.4,
2024-06-02 14:09:36,2024-06-02,14:09:36,,15.1,,43.1,,28.9,,20.133,,246.5,,5.05,,4.09
2024-06-02 14:10:10,2024-06-02,14:10:10,16.0,,39.6,,31.4,,21.509,,324.7,,1.46,,0.9,
2024-06-02 14:10:40,2024-06-02,14:10:40,,15.0,,42.4,,29.1,,20.17,,267.8,,4.89,,3.3
2024-06-02 14:11:14,2024-06-02,14:11:14,16.4,,40.3,,31.5,,21.732,,342.4,,1.89,,1.6,
2024-06-02 14:11:43,2024-06-02,14:11:43,,14.6,,41.1,,29.2,,20.009,,227.7,,4.64,,4.14
2024-06-02 14:12:16,2024-06-02,14:12:16,16.0,,39.5,,31.5,,21.57,,324.0,,2.05,,0.32,
2024-06-02 14:12:46,2024-06-02,14:12:46,,14.2,,40.3,,29.1,,19.777,,238.4,,6.17,,3.86
2024-06-02 14:13:20,2024-06-02,14:13:20,15.5,,38.2,,31.5,,21.303,,330.1,,1.68,,0.8,
2024-06-02 14:13:50,2024-06-02,14:13:50,,14.3,,40.4,,29.1,,19.796,,256.8,,4.83,,2.66
2024-06-02 14:14:24,2024-06-02,14:14:24,15.3,,37.6,,31.5,,21.178,,346.9,,2.02,,1.7,
2024-06-02 14:14:54,2024-06-02,14:14:54,,14.1,,39.9,,29.2,,19.782,,269.1,,5.34,,3.42
2024-06-02 14:15:28,2024-06-02,14:15:28,15.7,,38.6,,31.5,,21.385,,328.9,,2.23,,1.22,
2024-06-02 14:15:58,2024-06-02,14:15:58,,14.3,,40.4,,29.2,,19.877,,231.3,,4.27,,1.39
2024-06-02 14:16:31,2024-06-02,14:16:31,15.1,,37.5,,31.4,,21.077,,334.4,,2.16,,1.75,
2024-06-02 14:17:01,2024-06-02,14:17:01,,14.3,,39.7,,29.4,,19.906,,249.8,,5.47,,4.61
2024-06-02 14:17:34,2024-06-02,14:17:34,15.0,,37.5,,31.3,,20.997,,348.7,,2.36,,0.6,
2024-06-02 14:18:04,2024-06-02,14:18:04,,13.8,,39.0,,29.2,,19.609,,277.3,,5.1,,2.69
2024-06-02 14:18:38,2024-06-02,14:18:38,15.0,,37.3,,31.3,,20.956,,320.6,,2.13,,1.53,
2024-06-02 14:19:08,2024-06-02,14:19:08,,14.3,,40.8,,29.0,,19.789,,279.4,,4.83,,3.8
2024-06-02 14:19:42,2024-06-02,14:19:42,15.0,,37.8,,31.0,,20.819,,342.7,,2.3,,1.84,
2024-06-02 14:20:12,2024-06-02,14:20:12,,14.7,,42.3,,28.8,,19.904,,291.6,,4.88,,2.3
2024-06-02 14:20:45,2024-06-02,14:20:45,15.1,,38.8,,30.8,,20.862,,330.2,,2.3,,1.09,
2024-06-02 14:21:15,2024-06-02,14:21:15,,14.8,,42.8,,28.7,,19.913,,273.5,,4.35,,3.53
2024-06-02 14:21:48,2024-06-02,14:21:48,15.8,,40.8,,30.6,,21.097,,326.2,,2.19,,1.67,
2024-06-02 14:22:18,2024-06-02,14:22:18,,14.8,,43.1,,28.6,,19.884,,260.5,,4.28,,2.32
2024-06-02 14:22:52,2024-06-02,14:22:52,,,,,15.3,,,,30.3,,4.03,,2.78,
2024-06-02 14:23:22,2024-06-02,14:23:22,,14.9,,43.9,,28.3,,19.779,,277.9,,4.75,,2.52
2024-06-02 14:23:56,2024-06-02,14:23:56,15.4,,41.3,,30.0,,20.703,,339.7,,2.26,,1.02,
2024-06-02 14:24:26,2024-06-02,14:24:26,,14.8,,43.9,,28.2,,19.696,,276.7,,3.48,,2.71
2024-06-02 14:24:59,2024-06-02,14:24:59,15.4,,41.5,,29.9,,20.659,,333.6,,1.85,,1.26,
2024-06-02 14:25:29,2024-06-02,14:25:29,,14.4,,43.1,,28.1,,19.47,,240.3,,4.34,,2.48
2024-06-02 14:26:02,2024-06-02,14:26:02,15.5,,41.7,,29.9,,20.697,,341.4,,2.02,,1.66,
2024-06-02 14:26:32,2024-06-02,14:26:32,,14.6,,43.7,,28.1,,19.577,,286.0,,3.59,,2.11
2024-06-02 14:27:06,2024-06-02,14:27:06,15.5,,41.9,,29.8,,20.653,,324.7,,2.19,,1.01,
2024-06-02 14:27:36,2024-06-02,14:27:36,,14.8,,44.3,,28.1,,19.683,,234.9,,3.22,,1.76
2024-06-02 14:28:10,2024-06-02,14:28:10,15.8,,42.9,,29.8,,20.841,,82.1,,1.09,,0.19,
2024-06-02 14:28:40,2024-06-02,14:28:40,,14.4,,43.3,,28.1,,19.506,,252.5,,4.19,,3.46
2024-06-02 14:29:13,2024-06-02,14:29:13,15.8,,42.5,,29.9,,20.849,,338.2,,1.95,,1.65,
2024-06-02 14:29:43,2024-06-02,14:29:43,,14.7,,44.6,,27.9,,19.569,,261.8,,3.68,,2.25
2024-06-02 14:30:16,2024-06-02,14:30:16,15.7,,42.5,,29.8,,20.766,,327.1,,2.01,,1.57,
2024-06-02 14:30:46,2024-06-02,14:30:46,,14.8,,44.4,,28.0,,19.618,,225.8,,3.73,,2.22
2024-06-02 14:31:20,2024-06-02,14:31:20,15.6,,42.2,,29.8,,20.709,,319.3,,2.01,,1.47,
2024-06-02 14:31:50,2024-06-02,14:31:50,,14.3,,43.2,,28.0,,19.405,,236.5,,3.54,,2.75
2024-06-02 14:32:24,2024-06-02,14:32:24,15.8,,42.3,,30.0,,20.893,,31.1,,1.95,,0.17,
2024-06-02 14:32:54,2024-06-02,14:32:54,,14.1,,42.3,,28.1,,19.326,,221.6,,3.8,,1.16
2024-06-02 14:33:27,2024-06-02,14:33:27,15.1,,40.5,,30.0,,20.548,,332.7,,2.09,,1.18,
2024-06-02 14:33:57,2024-06-02,14:33:57,,14.5,,43.4,,28.1,,19.524,,245.1,,3.59,,3.31
2024-06-02 14:34:30,2024-06-02,14:34:30,15.3,,41.3,,29.9,,20.621,,323.6,,2.13,,1.43,
2024-06-02 14:35:00,2024-06-02,14:35:00,,14.7,,44.1,,28.1,,19.648,,267.0,,4.64,,1.75
2024-06-02 14:35:34,2024-06-02,14:35:34,15.4,,41.5,,29.9,,20.659,,339.8,,2.0,,1.63,
2024-06-02 14:36:04,2024-06-02,14:36:04,,14.7,,43.9,,28.1,,19.613,,246.8,,3.48,,1.5
2024-06-02 14:36:38,2024-06-02,14:36:38,15.4,,41.5,,29.9,,20.659,,330.8,,1.86,,1.26,
2024-06-02 14:37:08,2024-06-02,14:37:08,,14.3,,43.3,,28.0,,19.423,,272.8,,5.27,,4.0
2024-06-02 14:37:41,2024-06-02,14:37:41,15.1,,41.0,,29.8,,20.481,,336.5,,2.12,,1.67,
2024-06-02 14:38:11,2024-06-02,14:38:11,,14.5,,43.7,,28.0,,19.494,,251.8,,4.64,,3.67
2024-06-02 14:38:44,2024-06-02,14:38:44,15.4,,41.7,,29.8,,20.615,,102.8,,1.58,,0.17,
2024-06-02 14:39:14,2024-06-02,14:39:14,,14.3,,43.2,,28.0,,19.405,,252.9,,6.15,,3.82
2024-06-02 14:39:48,2024-06-02,14:39:48,15.5,,41.8,,29.9,,20.716,,339.7,,1.59,,1.13,
2024-06-02 14:40:18,2024-06-02,14:40:18,,14.5,,43.7,,28.0,,19.494,,248.3,,3.3,,2.16
2024-06-02 14:40:52,2024-06-02,14:40:52,14.8,,40.0,,30.0,,20.451,,335.5,,2.76,,2.43,
2024-06-02 14:41:22,2024-06-02,14:41:22,,14.1,,42.4,,28.1,,19.344,,232.0,,4.83,,4.14
2024-06-02 14:41:55,2024-06-02,14:41:55,15.0,,40.3,,29.9,,20.428,,311.3,,2.13,,1.07,
2024-06-02 14:42:25,2024-06-02,14:42:25,,14.0,,42.1,,28.1,,19.29,,261.8,,5.04,,2.54
2024-06-02 14:42:58,2024-06-02,14:42:58,14.7,,39.6,,29.9,,20.292,,336.3,,2.43,,1.34,
2024-06-02 14:43:28,2024-06-02,14:43:28,,14.1,,42.3,,28.1,,19.326,,259.5,,5.42,,2.91
2024-06-02 14:44:02,2024-06-02,14:44:02,14.6,,39.6,,29.8,,20.211,,333.1,,2.43,,1.99,
2024-06-02 14:44:32,2024-06-02,14:44:32,,13.9,,41.8,,28.1,,19.236,,286.4,,5.32,,3.27
2024-06-02 14:45:06,2024-06-02,14:45:06,14.8,,40.1,,29.8,,20.308,,314.4,,2.39,,1.54,
2024-06-02 14:45:36,2024-06-02,14:45:36,,14.7,,44.1,,28.1,,19.648,,319.1,,6.71,,4.5
2024-06-02 14:46:09,2024-06-02,14:46:09,14.8,,41.0,,29.5,,20.236,,323.5,,3.63,,3.07,
2024-06-02 14:46:39,2024-06-02,14:46:39,,14.8,,45.4,,27.7,,19.541,,302.3,,7.15,,3.32
2024-06-02 14:47:12,2024-06-02,14:47:12,14.8,,42.0,,29.0,,20.013,,320.1,,3.66,,3.28,
2024-06-02 14:47:42,2024-06-02,14:47:42,,14.7,,46.1,,27.3,,19.325,,289.2,,8.41,,4.02
2024-06-02 14:48:16,2024-06-02,14:48:16,14.7,,43.7,,28.2,,19.66,,318.4,,4.48,,2.72,
2024-06-02 14:48:46,2024-06-02,14:48:46,,14.7,,46.6,,27.1,,19.241,,282.9,,6.21,,3.26
2024-06-02 14:49:20,2024-06-02,14:49:20,15.1,,45.5,,28.0,,19.81,,331.6,,2.13,,1.39,
2024-06-02 14:49:50,2024-06-02,14:49:50,,14.5,,46.7,,26.9,,19.088,,289.2,,5.95,,1.99
2024-06-02 14:50:23,2024-06-02,14:50:23,14.7,,44.5,,27.9,,19.552,,327.0,,2.71,,1.71,
2024-06-02 14:50:54,2024-06-02,14:50:54,,14.3,,46.4,,26.8,,18.954,,267.7,,4.23,,3.22
2024-06-02 14:51:26,2024-06-02,14:51:26,14.8,,44.9,,27.9,,19.622,,338.1,,2.41,,1.39,
2024-06-02 14:51:56,2024-06-02,14:51:56,,14.3,,46.1,,26.9,,18.988,,267.4,,4.08,,3.31
2024-06-02 14:52:30,2024-06-02,14:52:30,,,,,14.9,,,,28.1,,4.46,,2.12,
2024-06-02 14:53:00,2024-06-02,14:53:00,,14.1,,45.2,,27.0,,18.919,,271.9,,4.18,,3.71
2024-06-02 14:53:34,2024-06-02,14:53:34,14.8,,43.8,,28.3,,19.761,,347.4,,2.07,,1.48,
2024-06-02 14:54:04,2024-06-02,14:54:04,,14.0,,45.0,,27.0,,18.885,,256.9,,5.4,,3.62
2024-06-02 14:54:37,2024-06-02,14:54:37,14.6,,43.1,,28.4,,19.719,,345.1,,2.16,,1.53,
2024-06-02 14:55:07,2024-06-02,14:55:07,,14.3,,45.8,,27.0,,19.021,,248.5,,5.02,,2.69
2024-06-02 14:55:40,2024-06-02,14:55:40,15.0,,43.7,,28.5,,19.91,,354.7,,1.58,,1.2,
2024-06-02 14:56:11,2024-06-02,14:56:11,,14.3,,45.8,,27.0,,19.021,,256.4,,4.83,,3.43
2024-06-02 14:56:44,2024-06-02,14:56:44,14.9,,43.5,,28.5,,19.874,,12.3,,2.19,,0.56,
2024-06-02 14:57:14,2024-06-02,14:57:14,,14.4,,46.2,,26.9,,19.004,,238.1,,5.6,,3.72
2024-06-02 14:57:48,2024-06-02,14:57:48,15.1,,43.8,,28.6,,20.011,,355.1,,1.81,,0.97,
2024-06-02 14:58:18,2024-06-02,14:58:18,,14.4,,46.1,,27.0,,19.072,,254.7,,4.74,,1.75
2024-06-02 14:58:51,2024-06-02,14:58:51,15.2,,44.0,,28.7,,20.13,,47.6,,1.78,,0.32,
2024-06-02 14:59:21,2024-06-02,14:59:21,,14.3,,45.7,,27.1,,19.088,,278.2,,4.88,,3.32
2024-06-02 14:59:54,2024-06-02,14:59:54,,,,,15.6,,,,28.7,,4.5,,1.51,
2024-06-02 15:00:25,2024-06-02,15:00:25,,14.1,,44.4,,27.3,,19.033,,264.1,,4.86,,3.19
2024-06-02 15:00:58,2024-06-02,15:00:58,15.0,,42.9,,28.8,,20.014,,330.1,,2.24,,1.65,
2024-06-02 15:01:28,2024-06-02,15:01:28,,14.2,,44.1,,27.5,,19.148,,284.8,,5.16,,3.47
2024-06-02 15:02:02,2024-06-02,15:02:02,15.0,,42.6,,28.8,,19.959,,318.2,,2.26,,1.37,
2024-06-02 15:02:32,2024-06-02,15:02:32,,14.1,,43.6,,27.6,,19.144,,282.7,,5.99,,4.5
2024-06-02 15:03:05,2024-06-02,15:03:05,14.5,,41.6,,28.9,,19.857,,320.4,,2.88,,2.65,
2024-06-02 15:03:35,2024-06-02,15:03:35,,14.2,,44.1,,27.5,,19.148,,295.3,,5.24,,3.2
2024-06-02 15:04:08,2024-06-02,15:04:08,14.6,,42.5,,28.6,,19.775,,321.9,,3.47,,1.58,
2024-06-02 15:04:39,2024-06-02,15:04:39,,14.1,,44.0,,27.5,,19.131,,275.5,,3.92,,2.6
2024-06-02 15:05:12,2024-06-02,15:05:12,15.0,,43.5,,28.6,,19.957,,335.9,,2.08,,1.39,
2024-06-02 15:05:42,2024-06-02,15:05:42,,14.2,,44.5,,27.4,,19.134,,239.0,,4.0,,1.8
2024-06-02 15:06:16,2024-06-02,15:06:16,15.1,,43.7,,28.7,,20.076,,333.4,,2.0,,1.44,
2024-06-02 15:06:46,2024-06-02,15:06:46,,14.2,,44.1,,27.5,,19.148,,254.4,,4.23,,2.11
2024-06-02 15:07:19,2024-06-02,15:07:19,15.0,,42.8,,28.9,,20.078,,329.2,,2.05,,1.35,
2024-06-02 15:07:50,2024-06-02,15:07:50,,14.4,,44.2,,27.7,,19.332,,224.2,,2.49,,1.85
2024-06-02 15:08:22,2024-06-02,15:08:22,15.0,,42.5,,29.0,,20.105,,334.3,,2.02,,1.46,
2024-06-02 15:08:53,2024-06-02,15:08:53,,14.0,,42.7,,27.8,,19.15,,257.8,,4.31,,2.92
2024-06-02 15:09:26,2024-06-02,15:09:26,14.5,,41.0,,29.1,,19.909,,330.6,,2.24,,0.43,
2024-06-02 15:09:56,2024-06-02,15:09:56,,13.9,,42.2,,27.9,,19.143,,243.8,,3.84,,3.17
2024-06-02 15:10:30,2024-06-02,15:10:30,15.0,,42.1,,29.2,,20.196,,5.8,,1.4,,0.77,
2024-06-02 15:11:00,2024-06-02,15:11:00,,13.7,,42.0,,27.8,,19.025,,240.0,,4.37,,2.89
2024-06-02 15:11:33,2024-06-02,15:11:33,14.6,,40.9,,29.3,,20.053,,356.3,,1.63,,0.71,
2024-06-02 15:12:04,2024-06-02,15:12:04,,14.0,,42.6,,27.8,,19.133,,226.7,,4.27,,2.35
2024-06-02 15:12:36,2024-06-02,15:12:36,14.8,,41.1,,29.4,,20.173,,350.5,,1.81,,0.9,
2024-06-02 15:13:07,2024-06-02,15:13:07,,13.7,,41.7,,27.9,,19.054,,248.2,,3.56,,2.73
2024-06-02 15:13:40,2024-06-02,15:13:40,14.5,,40.1,,29.5,,20.064,,352.6,,2.16,,0.55,
2024-06-02 15:14:10,2024-06-02,15:14:10,,14.1,,42.5,,28.1,,19.362,,281.5,,4.09,,2.03
2024-06-02 15:14:44,2024-06-02,15:14:44,14.7,,40.4,,29.6,,20.203,,334.3,,2.2,,1.92,
2024-06-02 15:15:14,2024-06-02,15:15:14,,13.8,,41.3,,28.2,,19.227,,275.2,,4.02,,1.84
2024-06-02 15:15:47,2024-06-02,15:15:47,14.4,,39.4,,29.7,,20.091,,325.3,,2.62,,1.13,
2024-06-02 15:16:18,2024-06-02,15:16:18,,13.9,,41.1,,28.4,,19.354,,240.9,,3.75,,3.06
2024-06-02 15:16:50,2024-06-02,15:16:50,14.7,,40.2,,29.7,,20.246,,345.7,,1.7,,0.29,
2024-06-02 15:17:21,2024-06-02,15:17:21,,13.7,,40.8,,28.3,,19.217,,247.2,,5.11,,2.82
2024-06-02 15:17:54,2024-06-02,15:17:54,15.0,,40.6,,29.8,,20.405,,302.3,,1.4,,0.65,
2024-06-02 15:18:24,2024-06-02,15:18:24,,13.8,,40.8,,28.4,,19.299,,242.2,,3.48,,2.57
2024-06-02 15:18:58,2024-06-02,15:18:58,14.8,,40.0,,29.9,,20.37,,339.3,,1.49,,0.45,
2024-06-02 15:19:28,2024-06-02,15:19:28,,14.3,,41.9,,28.5,,19.583,,222.4,,3.78,,2.28
2024-06-02 15:20:01,2024-06-02,15:20:01,14.8,,39.8,,29.9,,20.331,,195.2,,0.77,,0.22,
2024-06-02 15:20:32,2024-06-02,15:20:32,,14.1,,41.1,,28.6,,19.518,,227.8,,4.5,,3.81
2024-06-02 15:21:04,2024-06-02,15:21:04,15.1,,40.6,,30.0,,20.568,,174.4,,1.47,,0.21,
2024-06-02 15:21:35,2024-06-02,15:21:35,,14.1,,41.7,,28.4,,19.464,,228.8,,4.67,,4.05
2024-06-02 15:22:08,2024-06-02,15:22:08,15.1,,40.3,,30.1,,20.591,,337.5,,1.22,,0.68,
2024-06-02 15:22:38,2024-06-02,15:22:38,,14.2,,42.1,,28.3,,19.455,,261.8,,5.54,,3.16
2024-06-02 15:23:12,2024-06-02,15:23:12,15.0,,39.6,,30.2,,20.536,,344.1,,2.3,,1.78,
2024-06-02 15:23:42,2024-06-02,15:23:42,,14.0,,41.5,,28.4,,19.428,,242.4,,4.62,,4.15
2024-06-02 15:24:15,2024-06-02,15:24:15,14.9,,39.4,,30.2,,20.496,,343.4,,2.32,,1.86,
2024-06-02 15:24:46,2024-06-02,15:24:46,,14.1,,41.7,,28.4,,19.464,,251.4,,4.62,,2.96
2024-06-02 15:25:18,2024-06-02,15:25:18,14.8,,39.5,,30.1,,20.435,,341.8,,2.37,,0.99,
2024-06-02 15:25:49,2024-06-02,15:25:49,,14.1,,41.1,,28.6,,19.518,,255.5,,4.17,,3.69
2024-06-02 15:26:22,2024-06-02,15:26:22,15.0,,39.8,,30.1,,20.494,,344.1,,1.98,,1.38,
2024-06-02 15:26:52,2024-06-02,15:26:52,,14.0,,40.7,,28.6,,19.444,,277.2,,5.06,,3.46
2024-06-02 15:27:26,2024-06-02,15:27:26,14.8,,39.2,,30.2,,20.457,,321.0,,2.03,,1.49,
2024-06-02 15:27:56,2024-06-02,15:27:56,,14.2,,41.4,,28.6,,19.573,,252.6,,4.7,,2.83
2024-06-02 15:28:29,2024-06-02,15:28:29,14.8,,39.4,,30.1,,20.415,,341.5,,2.15,,1.64,
2024-06-02 15:29:00,2024-06-02,15:29:00,,14.1,,41.2,,28.6,,19.537,,275.5,,4.68,,3.12
2024-06-02 15:29:32,2024-06-02,15:29:32,15.0,,39.9,,30.1,,20.513,,338.3,,2.1,,1.55,
2024-06-02 15:30:03,2024-06-02,15:30:03,,14.2,,41.5,,28.6,,19.592,,252.8,,3.69,,1.54
2024-06-02 15:30:36,2024-06-02,15:30:36,14.9,,39.6,,30.1,,20.455,,155.2,,1.01,,0.49,
2024-06-02 15:31:06,2024-06-02,15:31:06,,14.0,,40.8,,28.6,,19.462,,272.9,,4.19,,3.08
2024-06-02 15:31:40,2024-06-02,15:31:40,14.8,,39.4,,30.1,,20.415,,333.4,,2.4,,1.92,
2024-06-02 15:32:10,2024-06-02,15:32:10,,14.1,,40.9,,28.7,,19.563,,240.8,,3.83,,3.39
2024-06-02 15:32:43,2024-06-02,15:32:43,14.8,,39.4,,30.1,,20.415,,320.9,,2.05,,0.43,
2024-06-02 15:33:14,2024-06-02,15:33:14,,14.0,,40.8,,28.7,,19.544,,236.6,,4.13,,3.08
2024-06-02 15:33:46,2024-06-02,15:33:46,15.1,,40.2,,30.1,,20.572,,303.0,,1.39,,0.39,
2024-06-02 15:34:17,2024-06-02,15:34:17,,14.1,,40.9,,28.7,,19.563,,263.8,,4.16,,2.78
2024-06-02 15:34:50,2024-06-02,15:34:50,15.3,,40.5,,30.2,,20.712,,324.2,,2.16,,1.74,
2024-06-02 15:35:20,2024-06-02,15:35:20,,14.0,,40.1,,28.8,,19.495,,252.5,,4.91,,3.91
2024-06-02 15:35:54,2024-06-02,15:35:54,14.6,,38.6,,30.3,,20.418,,343.4,,2.1,,1.69,
2024-06-02 15:36:24,2024-06-02,15:36:24,,14.0,,40.3,,28.9,,19.614,,277.2,,4.09,,3.4
2024-06-02 15:36:57,2024-06-02,15:36:57,14.5,,38.4,,30.2,,20.298,,345.9,,2.39,,1.21,
2024-06-02 15:37:28,2024-06-02,15:37:28,,14.1,,40.5,,28.8,,19.57,,264.4,,4.18,,3.06
2024-06-02 15:38:00,2024-06-02,15:38:00,14.8,,39.3,,30.2,,20.477,,348.9,,2.4,,1.46,
2024-06-02 15:38:31,2024-06-02,15:38:31,,14.1,,41.0,,28.7,,19.581,,273.7,,3.73,,2.75
2024-06-02 15:39:04,2024-06-02,15:39:04,15.3,,40.9,,30.1,,20.707,,333.6,,2.38,,1.28,
2024-06-02 15:39:34,2024-06-02,15:39:34,,14.0,,40.5,,28.8,,19.57,,276.0,,4.69,,4.13
2024-06-02 15:40:08,2024-06-02,15:40:08,14.9,,39.4,,30.2,,20.496,,341.0,,2.22,,0.96,
2024-06-02 15:40:38,2024-06-02,15:40:38,,14.1,,40.7,,28.8,,19.607,,254.4,,3.78,,1.79
2024-06-02 15:41:11,2024-06-02,15:41:11,14.8,,39.2,,30.2,,20.457,,155.2,,0.93,,0.15,
2024-06-02 15:41:42,2024-06-02,15:41:42,,14.1,,40.2,,29.0,,19.676,,286.0,,3.66,,2.35
2024-06-02 15:42:14,2024-06-02,15:42:14,15.0,,39.7,,30.3,,20.636,,334.8,,2.01,,1.31,
2024-06-02 15:42:45,2024-06-02,15:42:45,,13.9,,39.5,,29.1,,19.624,,269.6,,4.17,,3.53
2024-06-02 15:43:18,2024-06-02,15:43:18,14.9,,38.9,,30.4,,20.559,,342.5,,1.77,,0.86,
2024-06-02 15:43:48,2024-06-02,15:43:48,,14.0,,39.8,,29.1,,19.682,,274.2,,3.77,,2.12
2024-06-02 15:44:22,2024-06-02,15:44:22,15.3,,39.9,,30.5,,20.838,,317.3,,2.05,,0.75,
2024-06-02 15:44:52,2024-06-02,15:44:52,,13.8,,39.0,,29.2,,19.609,,299.2,,5.28,,3.91
2024-06-02 15:45:25,2024-06-02,15:45:25,14.3,,37.7,,30.3,,20.238,,321.8,,2.54,,2.01,
2024-06-02 15:45:56,2024-06-02,15:45:56,,14.0,,39.3,,29.2,,19.667,,237.6,,4.29,,3.48
2024-06-02 15:46:28,2024-06-02,15:46:28,14.5,,38.4,,30.2,,20.298,,356.6,,2.25,,0.38,
2024-06-02 15:46:59,2024-06-02,15:46:59,,14.0,,39.4,,29.2,,19.686,,289.3,,4.13,,0.71
2024-06-02 15:47:32,2024-06-02,15:47:32,14.8,,38.9,,30.3,,20.478,,346.3,,2.04,,1.05,
2024-06-02 15:48:02,2024-06-02,15:48:02,,14.0,,39.4,,29.3,,19.767,,246.9,,3.65,,2.47
2024-06-02 15:48:36,2024-06-02,15:48:36,,,,,14.8,,,,30.5,,3.85,,1.87,
2024-06-02 15:49:06,2024-06-02,15:49:06,,13.6,,37.9,,29.4,,19.556,,269.8,,4.86,,3.82
2024-06-02 15:49:39,2024-06-02,15:49:39,14.7,,38.4,,30.5,,20.539,,337.1,,1.96,,1.33,
2024-06-02 15:50:10,2024-06-02,15:50:10,,13.8,,38.8,,29.3,,19.652,,238.9,,4.73,,4.14
2024-06-02 15:51:10,2024-06-02,15:51:10,14.5,,37.9,,30.5,,20.439,,78.4,,1.87,,0.15,
2024-06-02 15:51:13,2024-06-02,15:51:13,,14.0,,39.1,,29.3,,19.71,,304.9,,4.21,,1.87
2024-06-02 15:52:14,2024-06-02,15:52:14,14.2,,37.0,,30.6,,20.335,,343.1,,2.01,,1.8,
2024-06-02 15:52:16,2024-06-02,15:52:16,,,,,,13.6,,,,268.9,,4.74,,4.29
2024-06-02 15:53:18,2024-06-02,15:53:18,14.1,,37.0,,30.5,,20.255,,333.0,,2.44,,1.52,
2024-06-02 15:53:20,2024-06-02,15:53:20,,13.7,,38.5,,29.3,,19.593,,296.4,,4.55,,3.05
2024-06-02 15:54:21,2024-06-02,15:54:21,14.0,,37.0,,30.3,,20.096,,322.1,,2.43,,1.31,
2024-06-02 15:54:24,2024-06-02,15:54:24,,13.9,,39.2,,29.2,,19.648,,233.8,,3.47,,2.74
2024-06-02 15:55:24,2024-06-02,15:55:24,14.4,,38.3,,30.2,,20.278,,351.4,,1.71,,1.08,
2024-06-02 15:55:27,2024-06-02,15:55:27,,13.8,,39.0,,29.2,,19.609,,234.7,,4.43,,2.97
2024-06-02 15:56:28,2024-06-02,15:56:28,14.9,,38.9,,30.4,,20.559,,358.7,,1.58,,0.56,
2024-06-02 15:56:30,2024-06-02,15:56:30,,13.8,,38.4,,29.4,,19.654,,261.8,,3.85,,2.48
2024-06-02 15:57:32,2024-06-02,15:57:32,14.5,,37.9,,30.5,,20.439,,47.0,,1.72,,0.68,
2024-06-02 15:57:34,2024-06-02,15:57:34,,13.6,,38.0,,29.4,,19.576,,284.7,,4.16,,3.29
2024-06-02 15:58:35,2024-06-02,15:58:35,14.3,,37.2,,30.6,,20.376,,326.8,,2.16,,1.28,
2024-06-02 15:58:38,2024-06-02,15:58:38,,13.6,,38.0,,29.4,,19.576,,267.2,,4.59,,3.26
2024-06-02 15:59:38,2024-06-02,15:59:38,14.2,,36.8,,30.7,,20.374,,327.3,,2.11,,1.52,
2024-06-02 15:59:41,2024-06-02,15:59:41,,13.6,,37.8,,29.5,,19.617,,309.9,,3.52,,2.21
2024-06-02 16:00:42,2024-06-02,16:00:42,14.0,,36.2,,30.7,,20.249,,357.9,,1.92,,0.74,
2024-06-02 16:00:44,2024-06-02,16:00:44,,13.6,,37.5,,29.6,,19.638,,282.0,,3.7,,1.09
2024-06-02 16:01:46,2024-06-02,16:01:46,14.6,,37.6,,30.7,,20.538,,42.6,,0.64,,0.45,
2024-06-02 16:01:48,2024-06-02,16:01:48,,13.4,,36.9,,29.7,,19.598,,224.6,,4.15,,2.98
2024-06-02 16:02:49,2024-06-02,16:02:49,14.5,,37.2,,30.8,,20.536,,329.8,,2.65,,1.53,
2024-06-02 16:02:52,2024-06-02,16:02:52,,13.3,,36.5,,29.8,,19.597,,244.2,,3.32,,2.8
2024-06-02 16:03:52,2024-06-02,16:03:52,14.5,,37.0,,30.9,,20.574,,327.5,,1.89,,1.44,
2024-06-02 16:03:55,2024-06-02,16:03:55,,13.6,,37.1,,29.8,,19.718,,293.4,,6.01,,1.99
2024-06-02 16:04:56,2024-06-02,16:04:56,13.8,,35.6,,30.8,,20.203,,338.5,,2.57,,2.0,
2024-06-02 16:04:58,2024-06-02,16:04:58,,13.3,,36.4,,29.8,,19.577,,270.3,,4.35,,3.52
2024-06-02 16:06:00,2024-06-02,16:06:00,14.0,,36.3,,30.7,,20.27,,14.3,,2.4,,0.98,
2024-06-02 16:06:02,2024-06-02,16:06:02,,13.2,,36.5,,29.7,,19.517,,235.4,,5.6,,3.4
2024-06-02 16:07:03,2024-06-02,16:07:03,14.2,,36.7,,30.7,,20.353,,2.4,,1.57,,0.38,
2024-06-02 16:07:06,2024-06-02,16:07:06,,13.5,,37.3,,29.6,,19.598,,211.6,,4.72,,2.12
2024-06-02 16:08:06,2024-06-02,16:08:06,14.1,,36.2,,30.8,,20.329,,336.4,,1.9,,1.27,
2024-06-02 16:08:09,2024-06-02,16:08:09,,13.4,,37.0,,29.7,,19.618,,257.7,,3.41,,1.85
2024-06-02 16:09:10,2024-06-02,16:09:10,14.1,,36.2,,30.8,,20.329,,289.4,,2.21,,0.68,
2024-06-02 16:09:12,2024-06-02,16:09:12,,13.4,,37.1,,29.6,,19.558,,261.8,,5.09,,2.71
2024-06-02 16:10:14,2024-06-02,16:10:14,13.7,,35.3,,30.8,,20.14,,4.5,,2.26,,1.37,
2024-06-02 16:10:16,2024-06-02,16:10:16,,13.2,,36.7,,29.6,,19.478,,237.2,,4.58,,3.26
2024-06-02 16:11:17,2024-06-02,16:11:17,14.3,,37.0,,30.7,,20.415,,338.4,,1.87,,1.16,
2024-06-02 16:11:20,2024-06-02,16:11:20,,13.3,,37.0,,29.5,,19.458,,280.9,,4.04,,3.51
2024-06-02 16:12:20,2024-06-02,16:12:20,13.8,,36.0,,30.6,,20.129,,348.4,,1.22,,1.03,
2024-06-02 16:12:23,2024-06-02,16:12:23,,13.3,,37.4,,29.4,,19.458,,281.4,,4.55,,3.31
2024-06-02 16:13:24,2024-06-02,16:13:24,14.0,,36.5,,30.6,,20.232,,12.2,,1.2,,0.3,
2024-06-02 16:13:26,2024-06-02,16:13:26,,13.2,,37.4,,29.3,,19.378,,278.2,,3.75,,2.23
2024-06-02 16:14:28,2024-06-02,16:14:28,14.5,,37.7,,30.6,,20.478,,325.3,,1.19,,0.89,
2024-06-02 16:14:30,2024-06-02,16:14:30,,13.6,,38.2,,29.3,,19.535,,280.1,,2.78,,2.09
2024-06-02 16:15:31,2024-06-02,16:15:31,14.0,,36.5,,30.5,,20.153,,344.2,,1.54,,0.85,
2024-06-02 16:15:34,2024-06-02,16:15:34,,13.5,,37.7,,29.4,,19.517,,287.8,,4.89,,2.4
2024-06-02 16:16:34,2024-06-02,16:16:34,14.0,,36.9,,30.4,,20.155,,330.4,,1.13,,0.18,
2024-06-02 16:16:37,2024-06-02,16:16:37,,13.3,,37.4,,29.4,,19.458,,242.9,,4.35,,2.59
2024-06-02 16:17:38,2024-06-02,16:17:38,14.0,,37.0,,30.4,,20.176,,13.0,,0.4,,0.19,
2024-06-02 16:17:40,2024-06-02,16:17:40,,13.2,,36.9,,29.5,,19.438,,256.9,,3.42,,2.08
2024-06-02 16:18:42,2024-06-02,16:18:42,13.9,,36.4,,30.5,,20.132,,346.6,,1.06,,0.91,
2024-06-02 16:18:44,2024-06-02,16:18:44,,13.0,,36.1,,29.7,,19.436,,286.3,,3.34,,2.03
2024-06-02 16:19:45,2024-06-02,16:19:45,14.0,,36.7,,30.5,,20.194,,339.8,,1.3,,0.6,
2024-06-02 16:19:48,2024-06-02,16:19:48,,13.1,,36.1,,29.8,,19.516,,271.9,,4.75,,1.92
2024-06-02 16:20:48,2024-06-02,16:20:48,13.8,,36.1,,30.6,,20.149,,345.0,,1.07,,0.9,
2024-06-02 16:20:51,2024-06-02,16:20:51,,12.9,,35.4,,29.8,,19.373,,234.3,,4.76,,3.77
2024-06-02 16:21:52,2024-06-02,16:21:52,13.6,,35.5,,30.6,,20.024,,49.4,,0.97,,0.3,
2024-06-02 16:21:54,2024-06-02,16:21:54,,13.2,,36.9,,29.5,,19.438,,279.3,,4.96,,2.43
2024-06-02 16:22:56,2024-06-02,16:22:56,13.6,,35.4,,30.6,,20.003,,345.2,,1.4,,1.05,
2024-06-02 16:22:58,2024-06-02,16:22:58,,13.1,,37.1,,29.3,,19.319,,274.8,,4.45,,3.13
2024-06-02 16:23:59,2024-06-02,16:23:59,13.7,,36.0,,30.5,,20.049,,1.9,,1.26,,0.99,
2024-06-02 16:24:02,2024-06-02,16:24:02,,13.2,,37.6,,29.2,,19.337,,266.9,,4.92,,2.73
2024-06-02 16:25:02,2024-06-02,16:25:02,13.8,,36.4,,30.4,,20.053,,335.5,,1.06,,0.57,
2024-06-02 16:25:05,2024-06-02,16:25:05,,13.2,,37.7,,29.2,,19.357,,259.4,,3.09,,1.55
2024-06-02 16:26:06,2024-06-02,16:26:06,13.7,,36.3,,30.3,,19.953,,322.3,,1.64,,1.07,
2024-06-02 16:26:08,2024-06-02,16:26:08,,13.3,,37.7,,29.2,,19.357,,269.8,,4.4,,2.99
2024-06-02 16:27:10,2024-06-02,16:27:10,13.5,,36.3,,30.1,,19.794,,340.7,,1.76,,0.95,
2024-06-02 16:27:12,2024-06-02,16:27:12,,13.1,,37.5,,29.1,,19.238,,271.0,,4.91,,2.77
2024-06-02 16:28:13,2024-06-02,16:28:13,13.6,,36.8,,30.0,,19.816,,340.1,,1.39,,0.7,
2024-06-02 16:28:16,2024-06-02,16:28:16,,13.3,,38.1,,29.0,,19.274,,285.2,,3.17,,1.75
2024-06-02 16:29:16,2024-06-02,16:29:16,13.9,,37.3,,30.0,,19.917,,343.9,,1.01,,0.61,
2024-06-02 16:29:19,2024-06-02,16:29:19,,13.1,,37.3,,29.2,,19.278,,268.3,,3.82,,2.89
2024-06-02 16:30:20,2024-06-02,16:30:20,14.0,,37.6,,30.0,,19.978,,354.1,,0.83,,0.51,
2024-06-02 16:30:22,2024-06-02,16:30:22,,13.0,,36.8,,29.3,,19.259,,274.6,,4.28,,1.43
2024-06-02 16:31:24,2024-06-02,16:31:24,14.0,,37.4,,30.1,,20.017,,332.2,,1.05,,0.75,
2024-06-02 16:31:26,2024-06-02,16:31:26,,13.1,,36.9,,29.4,,19.359,,273.9,,3.16,,2.36
2024-06-02 16:32:27,2024-06-02,16:32:27,13.9,,37.1,,30.1,,19.957,,335.5,,1.03,,0.55,
2024-06-02 16:32:30,2024-06-02,16:32:30,,13.0,,36.9,,29.3,,19.279,,229.4,,4.23,,3.54
2024-06-02 16:33:30,2024-06-02,16:33:30,14.1,,37.8,,30.1,,20.098,,101.7,,0.68,,0.15,
2024-06-02 16:33:33,2024-06-02,16:33:33,,13.1,,37.0,,29.3,,19.299,,270.9,,3.49,,2.41
2024-06-02 16:34:34,2024-06-02,16:34:34,13.9,,37.2,,30.1,,19.977,,345.5,,1.11,,0.83,
2024-06-02 16:34:36,2024-06-02,16:34:36,,13.3,,37.2,,29.4,,19.418,,261.8,,2.75,,1.38
2024-06-02 16:35:38,2024-06-02,16:35:38,13.5,,36.2,,30.1,,19.774,,335.4,,1.31,,1.04,
2024-06-02 16:35:40,2024-06-02,16:35:40,,13.0,,36.5,,29.4,,19.279,,269.7,,4.05,,2.79
2024-06-02 16:36:41,2024-06-02,16:36:41,13.8,,36.9,,30.1,,19.916,,336.2,,1.31,,0.5,
2024-06-02 16:36:44,2024-06-02,16:36:44,,13.3,,37.5,,29.3,,19.398,,261.0,,3.48,,2.5
2024-06-02 16:37:44,2024-06-02,16:37:44,13.8,,37.0,,30.1,,19.937,,324.5,,1.25,,1.04,
2024-06-02 16:37:47,2024-06-02,16:37:47,,13.2,,37.1,,29.4,,19.399,,257.1,,3.27,,1.71
2024-06-02 16:38:48,2024-06-02,16:38:48,13.7,,36.8,,30.1,,19.896,,50.9,,1.29,,0.33,
2024-06-02 16:38:50,2024-06-02,16:38:50,,13.1,,36.7,,29.5,,19.398,,242.0,,3.94,,2.27
2024-06-02 16:39:52,2024-06-02,16:39:52,13.7,,36.6,,30.2,,19.935,,350.8,,0.97,,0.46,
2024-06-02 16:39:54,2024-06-02,16:39:54,,13.3,,37.7,,29.2,,19.357,,284.1,,4.65,,2.07
2024-06-02 16:40:55,2024-06-02,16:40:55,14.2,,37.9,,30.2,,20.198,,100.9,,0.71,,0.38,
2024-06-02 16:40:58,2024-06-02,16:40:58,,13.2,,37.5,,29.2,,19.318,,234.6,,3.51,,2.47
2024-06-02 16:41:59,2024-06-02,16:41:59,14.0,,37.2,,30.3,,20.137,,337.6,,0.93,,0.53,
2024-06-02 16:42:01,2024-06-02,16:42:01,,13.5,,37.9,,29.3,,19.476,,245.8,,3.49,,1.87
2024-06-02 16:43:02,2024-06-02,16:43:02,14.0,,37.1,,30.2,,20.037,,353.7,,1.06,,0.33,
2024-06-02 16:43:04,2024-06-02,16:43:04,,13.1,,36.7,,29.5,,19.398,,237.0,,3.13,,2.52
2024-06-02 16:44:06,2024-06-02,16:44:06,13.6,,36.2,,30.3,,19.932,,356.2,,0.87,,0.53,
2024-06-02 16:44:08,2024-06-02,16:44:08,,13.3,,37.2,,29.5,,19.498,,320.7,,2.58,,1.29
2024-06-02 16:45:10,2024-06-02,16:45:10,13.6,,36.4,,30.2,,19.894,,333.1,,1.31,,0.69,
2024-06-02 16:45:12,2024-06-02,16:45:12,,13.5,,37.3,,29.6,,19.598,,215.4,,2.7,,0.94
2024-06-02 16:46:13,2024-06-02,16:46:13,14.0,,37.3,,30.2,,20.077,,317.3,,0.72,,0.43,
2024-06-02 16:46:15,2024-06-02,16:46:15,,13.6,,37.2,,29.7,,19.658,,262.8,,2.2,,1.75
2024-06-02 16:47:16,2024-06-02,16:47:16,14.0,,37.4,,30.2,,20.097,,355.9,,0.95,,0.81,
2024-06-02 16:47:18,2024-06-02,16:47:18,,13.3,,36.8,,29.6,,19.498,,244.0,,5.72,,3.95
2024-06-02 16:48:20,2024-06-02,16:48:20,14.0,,37.2,,30.2,,20.057,,27.3,,0.87,,0.47,
2024-06-02 16:48:22,2024-06-02,16:48:22,,13.4,,37.5,,29.4,,19.478,,263.5,,4.43,,3.2
2024-06-02 16:49:24,2024-06-02,16:49:24,14.2,,37.6,,30.3,,20.218,,147.5,,1.1,,0.53,
2024-06-02 16:49:26,2024-06-02,16:49:26,,13.4,,37.9,,29.2,,19.396,,233.6,,5.88,,3.23
2024-06-02 16:50:27,2024-06-02,16:50:27,14.6,,38.4,,30.3,,20.379,,350.1,,1.22,,0.48,
2024-06-02 16:50:29,2024-06-02,16:50:29,,13.6,,38.7,,29.1,,19.471,,227.5,,4.19,,1.4
2024-06-02 16:51:30,2024-06-02,16:51:30,14.0,,37.2,,30.2,,20.057,,347.5,,1.25,,0.75,
2024-06-02 16:51:32,2024-06-02,16:51:32,,13.3,,37.9,,29.1,,19.316,,241.3,,5.22,,4.5
2024-06-02 16:52:34,2024-06-02,16:52:34,14.1,,37.5,,30.2,,20.118,,61.5,,0.64,,0.23,
2024-06-02 16:52:36,2024-06-02,16:52:36,,13.4,,38.4,,29.0,,19.332,,241.7,,5.39,,4.91
2024-06-02 16:53:38,2024-06-02,16:53:38,14.3,,38.1,,30.2,,20.238,,173.4,,0.89,,0.58,
2024-06-02 16:53:40,2024-06-02,16:53:40,,13.4,,38.5,,29.0,,19.352,,232.3,,4.3,,2.47
2024-06-02 16:54:41,2024-06-02,16:54:41,14.6,,38.5,,30.3,,20.399,,132.6,,1.1,,0.25,
2024-06-02 16:54:43,2024-06-02,16:54:43,,13.5,,38.6,,29.0,,19.371,,289.9,,4.56,,2.02
2024-06-02 16:55:44,2024-06-02,16:55:44,13.8,,36.7,,30.2,,19.955,,329.5,,1.39,,0.93,
2024-06-02 16:55:46,2024-06-02,16:55:46,,13.4,,38.6,,28.9,,19.29,,275.5,,5.38,,3.42
2024-06-02 16:56:48,2024-06-02,16:56:48,14.0,,37.4,,30.1,,20.017,,143.2,,0.97,,0.51,
2024-06-02 16:56:50,2024-06-02,16:56:50,,13.4,,39.1,,28.7,,19.224,,212.8,,4.64,,2.27
2024-06-02 16:57:52,2024-06-02,16:57:52,14.0,,37.6,,30.1,,20.058,,115.7,,1.15,,0.51,
2024-06-02 16:57:54,2024-06-02,16:57:54,,,,,,13.4,,,,28.8,,3.88,,5.16
2024-06-02 16:58:55,2024-06-02,16:58:55,14.0,,37.3,,30.1,,19.997,,125.6,,0.43,,0.24,
2024-06-02 16:58:57,2024-06-02,16:58:57,,13.3,,38.3,,28.9,,19.233,,237.1,,4.04,,2.98
2024-06-02 16:59:58,2024-06-02,16:59:58,14.0,,37.1,,30.2,,20.037,,162.9,,0.52,,0.16,
2024-06-02 17:00:00,2024-06-02,17:00:00,,13.3,,38.4,,28.9,,19.252,,229.7,,4.78,,4.17
2024-06-02 17:01:02,2024-06-02,17:01:02,14.0,,37.2,,30.2,,20.057,,186.9,,0.72,,0.28,
2024-06-02 17:01:04,2024-06-02,17:01:04,,13.4,,39.0,,28.7,,19.205,,267.7,,4.99,,3.21
2024-06-02 17:02:06,2024-06-02,17:02:06,14.0,,37.1,,30.2,,20.037,,119.8,,0.5,,0.21,
2024-06-02 17:02:08,2024-06-02,17:02:08,,13.3,,39.0,,28.6,,19.125,,239.4,,4.61,,3.17
2024-06-02 17:03:09,2024-06-02,17:03:09,14.0,,37.3,,30.2,,20.077,,11.3,,0.54,,0.42,
2024-06-02 17:03:11,2024-06-02,17:03:11,,13.2,,39.0,,28.5,,19.044,,250.4,,4.81,,3.52
2024-06-02 17:04:12,2024-06-02,17:04:12,13.9,,37.0,,30.2,,20.016,,121.8,,0.53,,0.36,
2024-06-02 17:04:14,2024-06-02,17:04:14,,13.2,,39.2,,28.4,,19.001,,233.0,,4.05,,3.1
2024-06-02 17:05:16,2024-06-02,17:05:16,13.6,,36.2,,30.2,,19.853,,168.5,,0.92,,0.6,
2024-06-02 17:05:18,2024-06-02,17:05:18,,13.1,,39.2,,28.3,,18.92,,246.1,,5.35,,3.91
2024-06-02 17:06:20,2024-06-02,17:06:20,13.6,,36.5,,30.1,,19.835,,209.6,,1.27,,0.52,
2024-06-02 17:06:22,2024-06-02,17:06:22,,13.1,,38.8,,28.5,,19.006,,262.0,,3.64,,2.02
2024-06-02 17:07:23,2024-06-02,17:07:23,14.0,,37.3,,30.1,,19.997,,359.9,,0.49,,0.42,
2024-06-02 17:07:25,2024-06-02,17:07:25,,13.0,,38.6,,28.5,,18.968,,252.7,,3.84,,2.22
2024-06-02 17:08:26,2024-06-02,17:08:26,13.5,,36.6,,30.0,,19.776,,337.2,,1.01,,0.69,
2024-06-02 17:08:28,2024-06-02,17:08:28,,13.0,,38.7,,28.4,,18.906,,248.0,,4.92,,3.64
2024-06-02 17:09:30,2024-06-02,17:09:30,13.8,,37.1,,30.0,,19.877,,10.6,,0.8,,0.39,
2024-06-02 17:09:32,2024-06-02,17:09:32,,13.0,,38.6,,28.4,,18.888,,249.5,,3.72,,1.97
2024-06-02 17:10:34,2024-06-02,17:10:34,13.8,,37.1,,30.0,,19.877,,118.9,,0.71,,0.4,
2024-06-02 17:10:36,2024-06-02,17:10:36,,12.9,,38.1,,28.5,,18.873,,219.9,,3.68,,2.82
2024-06-02 17:11:37,2024-06-02,17:11:37,14.1,,38.1,,29.9,,19.997,,184.1,,0.97,,0.27,
2024-06-02 17:11:39,2024-06-02,17:11:39,,13.0,,38.5,,28.5,,18.949,,254.6,,4.07,,1.64
2024-06-02 17:12:40,2024-06-02,17:12:40,14.0,,37.8,,29.9,,19.937,,91.8,,0.63,,0.35,
2024-06-02 17:12:42,2024-06-02,17:12:42,,12.9,,38.2,,28.5,,18.892,,239.4,,4.35,,3.13
2024-06-02 17:13:44,2024-06-02,17:13:44,14.0,,37.9,,29.9,,19.957,,157.5,,0.66,,0.29,
2024-06-02 17:13:46,2024-06-02,17:13:46,,12.9,,38.4,,28.4,,18.85,,210.3,,4.13,,2.86
2024-06-02 17:14:48,2024-06-02,17:14:48,13.6,,37.2,,29.8,,19.738,,137.1,,1.01,,0.29,
2024-06-02 17:14:50,2024-06-02,17:14:50,,12.9,,38.6,,28.3,,18.807,,252.5,,5.01,,2.19
2024-06-02 17:15:51,2024-06-02,17:15:51,14.8,,39.9,,29.9,,20.351,,287.0,,0.87,,0.26,
2024-06-02 17:15:53,2024-06-02,17:15:53,,12.8,,38.3,,28.4,,18.831,,246.3,,4.21,,2.27
2024-06-02 17:16:54,2024-06-02,17:16:54,13.7,,37.1,,29.9,,19.797,,190.1,,1.44,,1.05,
2024-06-02 17:16:56,2024-06-02,17:16:56,,12.8,,38.1,,28.4,,18.793,,240.5,,3.08,,2.02
2024-06-02 17:17:58,2024-06-02,17:17:58,13.8,,37.8,,29.7,,19.777,,141.3,,0.93,,0.23,
2024-06-02 17:18:00,2024-06-02,17:18:00,,12.8,,38.4,,28.3,,18.769,,227.9,,5.54,,4.47
2024-06-02 17:19:02,2024-06-02,17:19:02,13.4,,37.0,,29.7,,19.618,,169.2,,0.88,,0.71,
2024-06-02 17:19:04,2024-06-02,17:19:04,,12.8,,38.9,,28.2,,18.783,,217.0,,5.8,,3.33
2024-06-02 17:20:05,2024-06-02,17:20:05,13.4,,36.8,,29.7,,19.578,,134.7,,0.75,,0.53,
2024-06-02 17:20:07,2024-06-02,17:20:07,,12.8,,39.1,,28.0,,18.659,,221.9,,5.08,,3.49
2024-06-02 17:21:08,2024-06-02,17:21:08,13.5,,37.2,,29.7,,19.658,,37.5,,0.68,,0.13,
2024-06-02 17:21:10,2024-06-02,17:21:10,,12.8,,39.2,,28.0,,18.677,,258.3,,4.59,,3.93
2024-06-02 17:22:12,2024-06-02,17:22:12,13.8,,37.9,,29.7,,19.797,,197.8,,1.48,,0.53,
2024-06-02 17:22:14,2024-06-02,17:22:14,,12.8,,39.2,,28.0,,18.677,,209.7,,4.34,,3.52
2024-06-02 17:23:16,2024-06-02,17:23:16,13.6,,37.6,,29.6,,19.657,,168.7,,0.84,,0.37,
2024-06-02 17:23:18,2024-06-02,17:23:18,,12.8,,39.2,,28.0,,18.677,,241.8,,4.77,,3.24
2024-06-02 17:24:19,2024-06-02,17:24:19,13.8,,38.1,,29.6,,19.756,,355.3,,0.66,,0.39,
2024-06-02 17:24:21,2024-06-02,17:24:21,,12.8,,39.1,,28.0,,18.659,,243.5,,4.38,,4.22
2024-06-02 17:25:23,2024-06-02,17:25:23,13.7,,37.9,,29.6,,19.717,,8.3,,0.84,,0.11,
2024-06-02 17:25:24,2024-06-02,17:25:24,,12.7,,39.1,,27.9,,18.578,,222.5,,5.08,,3.55
2024-06-02 17:26:26,2024-06-02,17:26:26,13.9,,38.2,,29.6,,19.776,,98.5,,1.13,,0.34,
2024-06-02 17:26:28,2024-06-02,17:26:28,,12.8,,39.3,,27.9,,18.615,,258.9,,3.4,,2.97
2024-06-02 17:27:30,2024-06-02,17:27:30,13.8,,38.1,,29.6,,19.756,,339.8,,0.78,,0.48,
2024-06-02 17:27:32,2024-06-02,17:27:32,,12.8,,39.1,,28.0,,18.659,,269.1,,3.29,,1.91
2024-06-02 17:28:34,2024-06-02,17:28:34,14.5,,39.5,,29.6,,20.03,,305.2,,0.63,,0.07,
2024-06-02 17:28:35,2024-06-02,17:28:35,,12.7,,38.6,,28.1,,18.646,,246.0,,3.56,,3.22
2024-06-02 17:29:36,2024-06-02,17:29:36,14.0,,38.4,,29.7,,19.896,,337.0,,0.75,,0.57,
2024-06-02 17:29:38,2024-06-02,17:29:38,,12.7,,38.5,,28.2,,18.708,,259.5,,3.38,,2.01
2024-06-02 17:30:40,2024-06-02,17:30:40,13.9,,38.3,,29.6,,19.796,,347.4,,0.8,,0.15,
2024-06-02 17:30:42,2024-06-02,17:30:42,,12.9,,38.8,,28.2,,18.764,,274.2,,3.93,,1.77
2024-06-02 17:31:44,2024-06-02,17:31:44,13.9,,38.0,,29.7,,19.817,,321.9,,1.18,,0.98,
2024-06-02 17:31:46,2024-06-02,17:31:46,,12.7,,38.2,,28.3,,18.731,,264.0,,4.01,,3.54
2024-06-02 17:32:47,2024-06-02,17:32:47,13.9,,38.2,,29.6,,19.776,,306.0,,1.02,,0.46,
2024-06-02 17:32:49,2024-06-02,17:32:49,,12.9,,38.5,,28.4,,18.869,,296.3,,3.24,,1.34
2024-06-02 17:33:51,2024-06-02,17:33:51,14.6,,40.0,,29.6,,20.126,,344.4,,0.74,,0.28,
2024-06-02 17:33:52,2024-06-02,17:33:52,,12.7,,37.8,,28.5,,18.815,,250.0,,3.25,,2.83
2024-06-02 17:34:54,2024-06-02,17:34:54,14.4,,39.5,,29.6,,20.03,,331.8,,0.68,,0.54,
2024-06-02 17:34:56,2024-06-02,17:34:56,,12.9,,37.9,,28.6,,18.915,,207.9,,3.21,,2.3
2024-06-02 17:35:58,2024-06-02,17:35:58,14.5,,39.6,,29.7,,20.13,,9.4,,0.45,,0.21,
2024-06-02 17:36:00,2024-06-02,17:36:00,,12.8,,37.9,,28.5,,18.835,,273.2,,3.38,,2.17
2024-06-02 17:37:02,2024-06-02,17:37:02,14.0,,38.5,,29.7,,19.915,,196.0,,0.94,,0.68,
2024-06-02 17:37:03,2024-06-02,17:37:03,,12.9,,38.2,,28.5,,18.892,,276.8,,2.81,,2.26
2024-06-02 17:38:04,2024-06-02,17:38:04,14.0,,38.2,,29.7,,19.856,,1.5,,0.74,,0.32,
2024-06-02 17:38:06,2024-06-02,17:38:06,,13.3,,39.4,,28.5,,19.119,,253.0,,3.26,,1.85
2024-06-02 17:39:08,2024-06-02,17:39:08,14.2,,39.0,,29.6,,19.933,,329.7,,0.62,,0.26,
2024-06-02 17:39:10,2024-06-02,17:39:10,,13.4,,39.6,,28.5,,19.157,,311.0,,2.12,,0.84
2024-06-02 17:40:12,2024-06-02,17:40:12,13.9,,38.2,,29.6,,19.776,,329.6,,1.03,,0.88,
2024-06-02 17:40:14,2024-06-02,17:40:14,,13.6,,39.8,,28.6,,19.276,,329.0,,2.68,,2.08
2024-06-02 17:41:15,2024-06-02,17:41:15,14.2,,39.0,,29.6,,19.933,,322.7,,0.83,,0.68,
2024-06-02 17:41:17,2024-06-02,17:41:17,,13.4,,39.1,,28.7,,19.224,,290.9,,2.73,,1.98
2024-06-02 17:42:19,2024-06-02,17:42:19,15.0,,41.2,,29.6,,20.356,,327.9,,0.83,,0.14,
2024-06-02 17:42:21,2024-06-02,17:42:21,,13.5,,39.2,,28.8,,19.324,,275.9,,1.92,,1.28
2024-06-02 17:43:22,2024-06-02,17:43:22,15.5,,42.3,,29.7,,20.646,,179.3,,0.53,,0.42,
2024-06-02 17:43:24,2024-06-02,17:43:24,,13.6,,39.2,,28.9,,19.405,,267.8,,2.43,,2.0
2024-06-02 17:44:26,2024-06-02,17:44:26,14.8,,40.3,,29.7,,20.265,,331.5,,0.85,,0.76,
2024-06-02 17:44:28,2024-06-02,17:44:28,,14.1,,40.3,,29.0,,19.695,,287.6,,3.01,,1.76
2024-06-02 17:45:30,2024-06-02,17:45:30,14.4,,39.4,,29.7,,20.091,,315.4,,0.99,,0.17,
2024-06-02 17:45:32,2024-06-02,17:45:32,,14.4,,40.8,,29.1,,19.871,,251.8,,2.67,,1.44
2024-06-02 17:46:33,2024-06-02,17:46:33,15.2,,41.4,,29.7,,20.476,,303.1,,0.45,,0.07,
2024-06-02 17:46:34,2024-06-02,17:46:34,,14.0,,39.7,,29.1,,19.663,,291.6,,3.79,,2.66
2024-06-02 17:47:36,2024-06-02,17:47:36,15.1,,41.0,,29.8,,20.481,,167.7,,0.57,,0.12,
2024-06-02 17:47:38,2024-06-02,17:47:38,,13.8,,39.5,,29.0,,19.543,,281.1,,3.28,,2.71
2024-06-02 17:48:40,2024-06-02,17:48:40,15.7,,42.2,,29.9,,20.792,,323.1,,0.38,,0.01,
2024-06-02 17:48:42,2024-06-02,17:48:42,,13.5,,39.0,,28.9,,19.367,,251.1,,3.98,,2.66
2024-06-02 17:49:44,2024-06-02,17:49:44,14.6,,39.6,,29.8,,20.211,,164.9,,0.7,,0.16,
2024-06-02 17:49:46,2024-06-02,17:49:46,,13.8,,39.6,,28.9,,19.481,,250.8,,3.21,,1.92
2024-06-02 17:50:47,2024-06-02,17:50:47,14.6,,39.6,,29.8,,20.211,,120.0,,0.31,,0.07,
2024-06-02 17:50:49,2024-06-02,17:50:49,,13.8,,39.8,,28.8,,19.438,,243.4,,2.91,,2.54
2024-06-02 17:51:50,2024-06-02,17:51:50,14.7,,39.8,,29.8,,20.25,,348.7,,0.61,,0.46,
2024-06-02 17:51:52,2024-06-02,17:51:52,,13.9,,40.0,,28.8,,19.476,,260.5,,3.44,,2.36
2024-06-02 17:52:54,2024-06-02,17:52:54,14.6,,39.6,,29.8,,20.211,,344.7,,0.97,,0.45,
2024-06-02 17:52:56,2024-06-02,17:52:56,,13.5,,39.1,,28.8,,19.305,,291.2,,4.52,,2.96
2024-06-02 17:53:58,2024-06-02,17:53:58,14.1,,38.6,,29.7,,19.935,,319.4,,1.5,,1.2,
2024-06-02 17:54:00,2024-06-02,17:54:00,,13.5,,39.1,,28.8,,19.305,,303.7,,3.8,,2.8
2024-06-02 17:55:01,2024-06-02,17:55:01,14.2,,39.3,,29.4,,19.829,,338.6,,1.59,,1.18,
2024-06-02 17:55:03,2024-06-02,17:55:03,,13.7,,39.7,,28.7,,19.338,,289.4,,3.23,,2.35
2024-06-02 17:56:04,2024-06-02,17:56:04,14.8,,41.2,,29.3,,20.11,,314.7,,1.15,,0.47,
2024-06-02 17:56:06,2024-06-02,17:56:06,,13.6,,39.6,,28.7,,19.319,,269.6,,3.64,,2.89
2024-06-02 17:57:08,2024-06-02,17:57:08,14.5,,40.5,,29.3,,19.978,,339.1,,0.43,,0.35,
2024-06-02 17:57:10,2024-06-02,17:57:10,,13.4,,39.0,,28.7,,19.205,,273.4,,3.22,,2.83
2024-06-02 17:58:12,2024-06-02,17:58:12,13.8,,38.9,,29.3,,19.671,,341.2,,1.37,,1.28,
2024-06-02 17:58:14,2024-06-02,17:58:14,,13.4,,39.3,,28.6,,19.181,,263.4,,4.32,,2.35
2024-06-02 17:59:15,2024-06-02,17:59:15,14.3,,40.1,,29.3,,19.901,,293.0,,0.96,,0.13,
2024-06-02 17:59:17,2024-06-02,17:59:17,,13.5,,39.5,,28.6,,19.219,,240.3,,3.94,,2.52
2024-06-02 18:00:18,2024-06-02,18:00:18,14.4,,40.2,,29.3,,19.92,,330.2,,0.56,,0.17,
2024-06-02 18:00:20,2024-06-02,18:00:20,,13.6,,39.7,,28.6,,19.257,,238.1,,3.74,,2.64
2024-06-02 18:01:22,2024-06-02,18:01:22,14.3,,39.9,,29.4,,19.944,,136.8,,0.76,,0.5,
2024-06-02 18:01:24,2024-06-02,18:01:24,,13.5,,39.9,,28.5,,19.213,,255.7,,3.56,,1.54
2024-06-02 18:02:26,2024-06-02,18:02:26,13.9,,39.0,,29.3,,19.69,,129.2,,0.65,,0.36,
2024-06-02 18:02:28,2024-06-02,18:02:28,,13.3,,39.2,,28.5,,19.082,,235.3,,4.02,,2.58
2024-06-02 18:03:29,2024-06-02,18:03:29,15.3,,42.7,,29.3,,20.39,,183.8,,0.8,,0.36,
2024-06-02 18:03:31,2024-06-02,18:03:31,,13.1,,39.1,,28.4,,18.982,,234.5,,4.6,,3.44
2024-06-02 18:04:32,2024-06-02,18:04:32,14.2,,39.9,,29.3,,19.863,,197.9,,1.02,,0.81,
2024-06-02 18:04:34,2024-06-02,18:04:34,,13.1,,39.3,,28.3,,18.939,,209.0,,4.17,,1.69
2024-06-02 18:05:36,2024-06-02,18:05:36,14.3,,40.2,,29.2,,19.839,,127.2,,0.85,,0.46,
2024-06-02 18:05:38,2024-06-02,18:05:38,,13.2,,39.4,,28.3,,18.957,,244.2,,3.24,,2.05
2024-06-02 18:06:40,2024-06-02,18:06:40,14.5,,40.8,,29.2,,19.953,,166.2,,0.97,,0.47,
2024-06-02 18:06:42,2024-06-02,18:06:42,,13.0,,39.1,,28.3,,18.901,,229.9,,5.23,,3.77
2024-06-02 18:07:43,2024-06-02,18:07:43,14.1,,39.9,,29.2,,19.782,,183.2,,0.93,,0.66,
2024-06-02 18:07:45,2024-06-02,18:07:45,,13.0,,39.7,,28.0,,18.77,,237.6,,5.29,,3.75
2024-06-02 18:08:46,2024-06-02,18:08:46,14.1,,40.1,,29.1,,19.739,,185.9,,0.7,,0.51,
2024-06-02 18:08:48,2024-06-02,18:08:48,,13.1,,40.1,,27.9,,18.762,,212.2,,4.78,,3.82
2024-06-02 18:09:50,2024-06-02,18:09:50,13.9,,39.7,,29.0,,19.581,,183.1,,1.12,,0.68,
2024-06-02 18:09:52,2024-06-02,18:09:52,,13.1,,40.6,,27.7,,18.691,,203.4,,4.66,,3.08
2024-06-02 18:10:54,2024-06-02,18:10:54,14.3,,41.0,,28.8,,19.663,,198.1,,1.61,,0.43,
2024-06-02 18:10:56,2024-06-02,18:10:56,,13.1,,41.0,,27.6,,18.681,,200.7,,3.47,,1.79
2024-06-02 18:11:57,2024-06-02,18:11:57,14.1,,40.8,,28.8,,19.626,,163.6,,0.59,,0.3,
2024-06-02 18:11:59,2024-06-02,18:11:59,,13.1,,41.0,,27.6,,18.681,,197.3,,3.72,,1.96
2024-06-02 18:13:00,2024-06-02,18:13:00,14.4,,41.6,,28.8,,19.775,,209.5,,0.72,,0.45,
2024-06-02 18:13:02,2024-06-02,18:13:02,,13.0,,40.6,,27.6,,18.609,,232.8,,4.1,,2.08
2024-06-02 18:14:04,2024-06-02,18:14:04,14.1,,40.9,,28.7,,19.563,,190.8,,1.35,,0.4,
2024-06-02 18:14:06,2024-06-02,18:14:06,,13.1,,41.2,,27.5,,18.635,,197.6,,4.12,,2.53
2024-06-02 18:15:08,2024-06-02,18:15:08,13.6,,39.8,,28.6,,19.276,,180.7,,1.62,,1.02,
2024-06-02 18:15:10,2024-06-02,18:15:10,,13.1,,41.1,,27.5,,18.617,,201.0,,3.64,,2.95
2024-06-02 18:16:11,2024-06-02,18:16:11,13.7,,40.4,,28.5,,19.306,,94.1,,1.17,,0.25,
2024-06-02 18:16:13,2024-06-02,18:16:13,,13.0,,41.2,,27.4,,18.553,,212.3,,4.37,,3.24
2024-06-02 18:17:14,2024-06-02,18:17:14,13.7,,40.4,,28.5,,19.306,,167.3,,0.74,,0.56,
2024-06-02 18:17:16,2024-06-02,18:17:16,,13.1,,41.9,,27.2,,18.514,,218.9,,5.17,,3.61
2024-06-02 18:18:18,2024-06-02,18:18:18,13.8,,41.0,,28.3,,19.254,,189.2,,1.05,,0.63,
2024-06-02 18:18:20,2024-06-02,18:18:20,,13.2,,42.6,,27.0,,18.472,,221.7,,4.57,,1.62
2024-06-02 18:19:22,2024-06-02,18:19:22,14.0,,41.6,,28.3,,19.364,,184.7,,1.1,,0.83,
2024-06-02 18:19:24,2024-06-02,18:19:24,,13.2,,42.7,,27.0,,18.489,,202.5,,4.86,,2.57
2024-06-02 18:20:25,2024-06-02,18:20:25,13.7,,41.3,,28.1,,19.145,,180.2,,1.07,,0.92,
2024-06-02 18:20:27,2024-06-02,18:20:27,,13.1,,42.9,,26.8,,18.358,,203.8,,4.88,,3.66
2024-06-02 18:21:28,2024-06-02,18:21:28,13.8,,41.7,,28.0,,19.136,,159.2,,1.19,,0.46,
2024-06-02 18:21:30,2024-06-02,18:21:30,,13.2,,43.1,,26.8,,18.393,,217.1,,4.17,,3.82
2024-06-02 18:22:32,2024-06-02,18:22:32,13.8,,41.8,,28.0,,19.154,,144.8,,0.95,,0.68,
2024-06-02 18:22:34,2024-06-02,18:22:34,,13.2,,43.4,,26.7,,18.362,,199.3,,5.01,,1.19
2024-06-02 18:23:36,2024-06-02,18:23:36,13.9,,42.2,,27.9,,19.143,,148.0,,0.82,,0.56,
2024-06-02 18:23:38,2024-06-02,18:23:38,,13.2,,43.4,,26.7,,18.362,,191.6,,4.12,,1.45
2024-06-02 18:24:39,2024-06-02,18:24:39,13.8,,42.2,,27.8,,19.061,,190.2,,0.74,,0.5,
2024-06-02 18:24:41,2024-06-02,18:24:41,,13.2,,43.3,,26.7,,18.344,,216.3,,4.07,,3.56
2024-06-02 18:25:42,2024-06-02,18:25:42,13.8,,42.1,,27.8,,19.043,,200.4,,0.53,,0.21,
2024-06-02 18:25:44,2024-06-02,18:25:44,,13.2,,43.7,,26.6,,18.33,,213.3,,4.6,,3.92
2024-06-02 18:26:46,2024-06-02,18:26:46,13.7,,41.9,,27.8,,19.007,,189.8,,0.94,,0.73,
2024-06-02 18:26:48,2024-06-02,18:26:48,,13.2,,43.8,,26.5,,18.264,,219.8,,3.9,,2.59
2024-06-02 18:27:50,2024-06-02,18:27:50,13.7,,42.2,,27.7,,18.979,,142.8,,1.44,,0.47,
2024-06-02 18:27:52,2024-06-02,18:27:52,,13.3,,43.8,,26.6,,18.347,,211.3,,3.27,,2.25
2024-06-02 18:28:53,2024-06-02,18:28:53,13.8,,42.5,,27.7,,19.032,,189.5,,0.7,,0.59,
2024-06-02 18:28:55,2024-06-02,18:28:55,,13.3,,44.1,,26.5,,18.315,,203.3,,3.36,,1.84
2024-06-02 18:29:56,2024-06-02,18:29:56,14.0,,43.2,,27.7,,19.156,,156.7,,0.72,,0.38,
2024-06-02 18:29:58,2024-06-02,18:29:58,,13.3,,44.2,,26.5,,18.332,,213.7,,2.76,,1.98
2024-06-02 18:31:00,2024-06-02,18:31:00,14.0,,43.6,,27.6,,19.144,,147.8,,0.6,,0.41,
2024-06-02 18:31:02,2024-06-02,18:31:02,,13.2,,44.2,,26.4,,18.248,,196.4,,5.03,,4.42
2024-06-02 18:32:04,2024-06-02,18:32:04,14.3,,44.0,,27.6,,19.214,,145.4,,0.54,,0.21,
2024-06-02 18:32:06,2024-06-02,18:32:06,,13.4,,44.9,,26.3,,18.282,,228.8,,4.6,,1.69
2024-06-02 18:33:07,2024-06-02,18:33:07,13.8,,42.9,,27.5,,18.938,,201.4,,0.97,,0.12,
2024-06-02 18:33:09,2024-06-02,18:33:09,,13.3,,44.9,,26.2,,18.199,,238.0,,3.39,,2.57
2024-06-02 18:34:10,2024-06-02,18:34:10,14.6,,45.0,,27.6,,19.388,,326.8,,0.75,,0.42,
2024-06-02 18:34:12,2024-06-02,18:34:12,,13.3,,45.1,,26.2,,18.232,,236.6,,3.58,,2.51
2024-06-02 18:35:14,2024-06-02,18:35:14,14.2,,44.0,,27.6,,19.214,,77.4,,0.54,,0.3,
2024-06-02 18:35:16,2024-06-02,18:35:16,,13.4,,45.4,,26.1,,18.198,,232.6,,3.3,,2.4
2024-06-02 18:36:18,2024-06-02,18:36:18,13.9,,43.2,,27.5,,18.99,,191.3,,1.11,,0.98,
2024-06-02 18:36:20,2024-06-02,18:36:20,,13.4,,45.5,,26.0,,18.13,,232.0,,3.27,,1.63
2024-06-02 18:37:21,2024-06-02,18:37:21,14.1,,44.2,,27.4,,19.082,,170.0,,1.08,,0.85,
2024-06-02 18:37:23,2024-06-02,18:37:23,,13.3,,45.6,,26.0,,18.147,,200.8,,2.98,,2.17
2024-06-02 18:38:24,2024-06-02,18:38:24,14.1,,44.4,,27.3,,19.033,,157.9,,0.75,,0.47,
2024-06-02 18:38:26,2024-06-02,18:38:26,,13.2,,45.2,,26.0,,18.081,,206.2,,3.07,,2.09
2024-06-02 18:39:28,2024-06-02,18:39:28,14.1,,44.8,,27.2,,19.019,,152.7,,0.69,,0.58,
2024-06-02 18:39:30,2024-06-02,18:39:30,,13.2,,45.1,,26.0,,18.064,,193.8,,4.09,,2.62
2024-06-02 18:40:32,2024-06-02,18:40:32,14.0,,44.6,,27.1,,18.901,,162.2,,0.96,,0.31,
2024-06-02 18:40:34,2024-06-02,18:40:34,,13.2,,45.2,,26.0,,18.081,,209.2,,3.7,,2.24
2024-06-02 18:41:35,2024-06-02,18:41:35,13.9,,44.2,,27.1,,18.832,,199.9,,0.56,,0.34,
2024-06-02 18:41:37,2024-06-02,18:41:37,,13.2,,45.2,,26.0,,18.081,,232.8,,3.75,,2.16
2024-06-02 18:42:38,2024-06-02,18:42:38,13.8,,43.9,,27.1,,18.78,,228.7,,0.49,,0.05,
2024-06-02 18:42:40,2024-06-02,18:42:40,,13.2,,45.2,,26.0,,18.081,,208.9,,4.14,,2.6
2024-06-02 18:43:42,2024-06-02,18:43:42,13.8,,44.1,,27.1,,18.815,,113.6,,0.31,,0.18,
2024-06-02 18:43:44,2024-06-02,18:43:44,,13.0,,45.0,,25.9,,17.964,,229.5,,2.99,,1.85
2024-06-02 18:44:46,2024-06-02,18:44:46,13.8,,43.9,,27.1,,18.78,,133.7,,0.48,,0.12,
2024-06-02 18:44:48,2024-06-02,18:44:48,,13.0,,44.9,,25.9,,17.947,,244.6,,3.54,,1.27
2024-06-02 18:45:49,2024-06-02,18:45:49,14.1,,44.8,,27.2,,19.019,,150.0,,0.8,,0.66,
2024-06-02 18:45:51,2024-06-02,18:45:51,,13.0,,44.7,,25.9,,17.914,,217.4,,3.86,,3.26
2024-06-02 18:46:52,2024-06-02,18:46:52,13.7,,43.8,,27.1,,18.763,,196.6,,0.83,,0.49,
2024-06-02 18:46:54,2024-06-02,18:46:54,,13.0,,44.8,,25.9,,17.931,,208.5,,3.68,,3.01
2024-06-02 18:47:56,2024-06-02,18:47:56,13.9,,44.6,,27.0,,18.817,,180.1,,0.81,,0.56,
2024-06-02 18:47:58,2024-06-02,18:47:58,,13.0,,45.0,,25.8,,17.88,,227.8,,3.19,,1.2
2024-06-02 18:49:00,2024-06-02,18:49:00,14.2,,45.4,,27.0,,18.953,,131.1,,0.6,,0.14,
2024-06-02 18:49:02,2024-06-02,18:49:02,,13.0,,45.0,,25.8,,17.88,,249.2,,2.7,,1.58
2024-06-02 18:50:03,2024-06-02,18:50:03,14.3,,45.8,,27.0,,19.021,,90.9,,0.38,,0.29,
2024-06-02 18:50:05,2024-06-02,18:50:05,,12.8,,44.8,,25.7,,17.763,,235.9,,3.65,,2.83
2024-06-02 18:51:06,2024-06-02,18:51:06,14.1,,45.1,,27.0,,18.902,,106.4,,0.56,,0.43,
2024-06-02 18:51:08,2024-06-02,18:51:08,,12.9,,45.2,,25.6,,17.745,,230.4,,3.59,,1.9
2024-06-02 18:52:10,2024-06-02,18:52:10,13.7,,44.2,,26.9,,18.665,,171.6,,0.78,,0.31,
2024-06-02 18:52:12,2024-06-02,18:52:12,,12.8,,45.2,,25.5,,17.662,,246.0,,3.97,,3.11
2024-06-02 18:53:14,2024-06-02,18:53:14,13.7,,44.2,,26.9,,18.665,,196.1,,0.47,,0.2,
2024-06-02 18:53:16,2024-06-02,18:53:16,,12.8,,45.3,,25.5,,17.678,,211.8,,3.83,,3.36
2024-06-02 18:54:17,2024-06-02,18:54:17,13.8,,44.6,,26.9,,18.733,,196.1,,0.24,,0.1,
2024-06-02 18:54:19,2024-06-02,18:54:19,,12.7,,45.4,,25.4,,17.61,,234.1,,3.55,,3.04
2024-06-02 18:55:20,2024-06-02,18:55:20,13.8,,44.4,,26.9,,18.699,,108.4,,0.35,,0.27,
2024-06-02 18:55:22,2024-06-02,18:55:22,,12.8,,45.6,,25.4,,17.643,,225.5,,3.81,,3.01
2024-06-02 18:56:24,2024-06-02,18:56:24,13.6,,44.1,,26.9,,18.648,,56.6,,0.38,,0.3,
2024-06-02 18:56:26,2024-06-02,18:56:26,,12.9,,45.8,,25.4,,17.675,,232.7,,3.78,,3.1
2024-06-02 18:57:28,2024-06-02,18:57:28,13.4,,43.5,,26.9,,18.545,,39.8,,0.4,,0.26,
2024-06-02 18:57:30,2024-06-02,18:57:30,,12.9,,46.0,,25.3,,17.623,,248.1,,3.57,,2.34
2024-06-02 18:58:31,2024-06-02,18:58:31,13.4,,43.4,,26.9,,18.528,,335.4,,0.54,,0.23,
2024-06-02 18:58:33,2024-06-02,18:58:33,,12.9,,46.0,,25.3,,17.623,,230.1,,3.74,,3.13
2024-06-02 18:59:34,2024-06-02,18:59:34,13.5,,43.6,,26.9,,18.562,,201.6,,0.78,,0.4,
2024-06-02 18:59:36,2024-06-02,18:59:36,,12.8,,46.2,,25.2,,17.571,,238.2,,4.12,,1.72
2024-06-02 19:00:38,2024-06-02,19:00:38,13.5,,44.0,,26.8,,18.547,,92.8,,0.76,,0.1,
2024-06-02 19:00:40,2024-06-02,19:00:40,,12.8,,46.2,,25.2,,17.571,,257.4,,2.98,,2.17
2024-06-02 19:01:42,2024-06-02,19:01:42,13.6,,44.2,,26.8,,18.582,,94.9,,0.32,,0.21,
2024-06-02 19:01:44,2024-06-02,19:01:44,,12.8,,46.1,,25.2,,17.555,,263.7,,3.75,,2.84
2024-06-02 19:02:45,2024-06-02,19:02:45,13.5,,44.0,,26.8,,18.547,,12.9,,0.42,,0.12,
2024-06-02 19:02:47,2024-06-02,19:02:47,,12.7,,46.0,,25.1,,17.455,,262.3,,3.67,,2.4
2024-06-02 19:03:48,2024-06-02,19:03:48,13.5,,44.0,,26.8,,18.547,,6.7,,0.48,,0.31,
2024-06-02 19:04:18,2024-06-02,19:04:18,,12.7,,46.2,,25.1,,17.487,,234.2,,3.73,,3.33
2024-06-02 19:04:52,2024-06-02,19:04:52,13.4,,43.7,,26.8,,18.496,,71.9,,0.48,,0.31,
2024-06-02 19:05:22,2024-06-02,19:05:22,,12.7,,46.4,,25.0,,17.434,,240.6,,3.33,,2.7
2024-06-02 19:05:56,2024-06-02,19:05:56,13.2,,43.4,,26.7,,18.362,,164.0,,0.72,,0.47,
2024-06-02 19:06:25,2024-06-02,19:06:25,,12.8,,46.6,,25.0,,17.466,,226.8,,2.95,,1.46
2024-06-02 19:06:59,2024-06-02,19:06:59,13.3,,44.0,,26.6,,18.381,,175.7,,0.74,,0.25,
2024-06-02 19:07:28,2024-06-02,19:07:28,,12.8,,46.6,,25.0,,17.466,,235.8,,3.01,,2.69
2024-06-02 19:08:02,2024-06-02,19:08:02,13.4,,44.1,,26.6,,18.398,,58.8,,0.32,,0.13,
2024-06-02 19:08:32,2024-06-02,19:08:32,,12.8,,46.7,,25.0,,17.482,,245.9,,3.09,,2.82
2024-06-02 19:09:06,2024-06-02,19:09:06,13.3,,44.0,,26.6,,18.381,,121.9,,0.48,,0.35,
2024-06-02 19:09:36,2024-06-02,19:09:36,,12.8,,46.9,,24.9,,17.429,,249.5,,4.58,,2.9
2024-06-02 19:10:10,2024-06-02,19:10:10,13.3,,44.1,,26.5,,18.315,,116.2,,0.37,,0.25,
2024-06-02 19:10:39,2024-06-02,19:10:39,,12.9,,47.1,,24.9,,17.461,,257.0,,3.31,,2.17
2024-06-02 19:11:13,2024-06-02,19:11:13,13.4,,44.4,,26.5,,18.365,,186.5,,1.0,,0.63,
2024-06-02 19:11:42,2024-06-02,19:11:42,,12.8,,47.0,,24.9,,17.445,,238.3,,3.54,,1.12
2024-06-02 19:12:16,2024-06-02,19:12:16,13.5,,45.1,,26.4,,18.399,,337.3,,1.23,,0.49,
2024-06-02 19:12:46,2024-06-02,19:12:46,,12.8,,46.9,,24.9,,17.429,,235.2,,4.01,,3.75
2024-06-02 19:13:20,2024-06-02,19:13:20,14.1,,47.0,,26.3,,18.63,,351.3,,1.68,,0.17,
2024-06-02 19:13:50,2024-06-02,19:13:50,,12.8,,47.1,,24.8,,17.376,,241.2,,4.45,,2.3
2024-06-02 19:14:24,2024-06-02,19:14:24,13.9,,46.6,,26.2,,18.48,,342.7,,1.33,,0.89,
2024-06-02 19:14:53,2024-06-02,19:14:53,,12.9,,47.5,,24.8,,17.439,,237.4,,4.38,,2.13
2024-06-02 19:15:27,2024-06-02,19:15:27,14.0,,47.3,,26.1,,18.51,,343.1,,1.53,,0.6,
2024-06-02 19:15:56,2024-06-02,19:15:56,,12.9,,47.8,,24.7,,17.401,,245.6,,3.79,,3.48
2024-06-02 19:16:30,2024-06-02,19:16:30,14.0,,47.7,,26.0,,18.49,,10.2,,1.93,,0.55,
2024-06-02 19:17:00,2024-06-02,19:17:00,,13.0,,48.3,,24.7,,17.479,,248.8,,3.73,,2.33
2024-06-02 19:17:34,2024-06-02,19:17:34,14.0,,47.8,,25.9,,18.421,,335.6,,1.68,,0.93,
2024-06-02 19:18:04,2024-06-02,19:18:04,,13.0,,48.6,,24.6,,17.44,,231.8,,3.06,,2.77
2024-06-02 19:18:38,2024-06-02,19:18:38,14.1,,48.5,,25.8,,18.449,,332.0,,1.84,,1.04,
2024-06-02 19:19:07,2024-06-02,19:19:07,,13.0,,48.6,,24.6,,17.44,,244.3,,3.61,,1.31
2024-06-02 19:19:41,2024-06-02,19:19:41,14.1,,48.9,,25.7,,18.427,,328.9,,2.14,,1.25,
2024-06-02 19:20:10,2024-06-02,19:20:10,,13.0,,48.3,,24.6,,17.394,,265.2,,3.8,,2.8
2024-06-02 19:20:44,2024-06-02,19:20:44,14.0,,48.6,,25.6,,18.294,,334.4,,1.74,,0.65,
2024-06-02 19:21:14,2024-06-02,19:21:14,,12.9,,48.1,,24.6,,17.363,,249.5,,3.55,,1.62
2024-06-02 19:21:48,2024-06-02,19:21:48,13.9,,48.4,,25.6,,18.262,,342.6,,1.77,,1.2,
2024-06-02 19:22:18,2024-06-02,19:22:18,,,,,,12.9,,,,24.6,,4.8,,4.5
2024-06-02 19:22:52,2024-06-02,19:22:52,13.7,,48.1,,25.5,,18.129,,336.3,,2.21,,1.67,
2024-06-02 19:23:21,2024-06-02,19:23:21,,12.9,,48.1,,24.6,,17.363,,260.4,,3.7,,2.64
2024-06-02 19:23:55,2024-06-02,19:23:55,13.7,,48.0,,25.5,,18.113,,343.1,,1.97,,1.61,
2024-06-02 19:24:24,2024-06-02,19:24:24,,13.1,,48.7,,24.6,,17.456,,245.6,,3.28,,1.71
2024-06-02 19:24:58,2024-06-02,19:24:58,13.8,,48.4,,25.5,,18.177,,328.8,,2.01,,1.51,
2024-06-02 19:25:28,2024-06-02,19:25:28,,13.2,,49.3,,24.6,,17.548,,253.6,,3.34,,1.12
2024-06-02 19:26:02,2024-06-02,19:26:02,13.9,,49.0,,25.4,,18.187,,319.7,,1.74,,1.33,
2024-06-02 19:26:32,2024-06-02,19:26:32,,13.3,,49.8,,24.5,,17.539,,269.2,,3.38,,2.37
2024-06-02 19:27:06,2024-06-02,19:27:06,14.2,,50.0,,25.4,,18.344,,346.8,,1.92,,0.88,
2024-06-02 19:27:35,2024-06-02,19:27:35,,13.6,,50.7,,24.5,,17.677,,252.1,,3.8,,2.75
2024-06-02 19:28:09,2024-06-02,19:28:09,14.3,,50.7,,25.3,,18.367,,340.1,,1.9,,1.15,
2024-06-02 19:28:38,2024-06-02,19:28:38,,13.8,,51.3,,24.5,,17.768,,236.5,,3.41,,2.19
2024-06-02 19:29:12,2024-06-02,19:29:12,14.4,,51.0,,25.3,,18.414,,337.1,,1.66,,1.06,
2024-06-02 19:29:42,2024-06-02,19:29:42,,14.1,,52.6,,24.5,,17.964,,229.2,,3.47,,2.36
2024-06-02 19:30:16,2024-06-02,19:30:16,14.7,,51.8,,25.3,,18.538,,303.9,,1.54,,0.85,
2024-06-02 19:30:46,2024-06-02,19:30:46,,14.4,,53.9,,24.4,,18.072,,249.0,,3.98,,2.75
2024-06-02 19:31:20,2024-06-02,19:31:20,15.0,,52.8,,25.3,,18.692,,351.1,,1.65,,0.84,
2024-06-02 19:31:49,2024-06-02,19:31:49,,14.1,,53.2,,24.3,,17.88,,260.3,,4.32,,3.1
2024-06-02 19:32:23,2024-06-02,19:32:23,15.0,,53.0,,25.3,,18.722,,331.0,,2.08,,1.45,
2024-06-02 19:32:52,2024-06-02,19:32:52,,14.0,,53.0,,24.2,,17.763,,223.9,,2.97,,1.36
2024-06-02 19:33:26,2024-06-02,19:33:26,14.8,,52.5,,25.2,,18.559,,334.1,,1.95,,1.38,
2024-06-02 19:33:56,2024-06-02,19:33:56,,13.6,,51.7,,24.2,,17.569,,238.2,,4.57,,3.23
2024-06-02 19:34:30,2024-06-02,19:34:30,14.5,,52.0,,25.1,,18.395,,356.9,,1.3,,0.47,
2024-06-02 19:35:00,2024-06-02,19:35:00,,13.2,,50.8,,24.1,,17.347,,258.1,,5.61,,2.84
2024-06-02 19:35:34,2024-06-02,19:35:34,14.4,,51.6,,25.1,,18.333,,355.5,,1.41,,1.02,
2024-06-02 19:36:03,2024-06-02,19:36:03,,13.2,,50.8,,24.1,,17.347,,246.3,,4.41,,1.93
2024-06-02 19:36:37,2024-06-02,19:36:37,14.1,,51.0,,25.0,,18.155,,348.3,,1.81,,0.78,
2024-06-02 19:37:06,2024-06-02,19:37:06,,13.3,,51.2,,24.0,,17.321,,284.8,,4.14,,2.82
2024-06-02 19:37:40,2024-06-02,19:37:40,14.1,,51.0,,25.0,,18.155,,347.9,,2.07,,1.32,
2024-06-02 19:38:10,2024-06-02,19:38:10,,13.3,,51.3,,24.0,,17.335,,258.8,,4.27,,3.27
2024-06-02 19:38:44,2024-06-02,19:38:44,14.1,,51.1,,24.9,,18.084,,341.7,,2.0,,1.46,
2024-06-02 19:39:14,2024-06-02,19:39:14,,13.3,,51.3,,24.0,,17.335,,254.3,,4.16,,2.94
2024-06-02 19:39:48,2024-06-02,19:39:48,14.1,,51.1,,24.9,,18.084,,336.2,,2.1,,1.62,
2024-06-02 19:40:17,2024-06-02,19:40:17,,13.1,,50.8,,23.9,,17.174,,258.6,,3.62,,2.14
2024-06-02 19:40:51,2024-06-02,19:40:51,13.9,,50.7,,24.8,,17.936,,337.0,,2.1,,1.85,
2024-06-02 19:41:20,2024-06-02,19:41:20,,12.9,,50.1,,23.9,,17.069,,282.5,,4.42,,3.67
2024-06-02 19:41:54,2024-06-02,19:41:54,13.8,,50.4,,24.8,,17.89,,343.4,,2.21,,1.49,
2024-06-02 19:42:24,2024-06-02,19:42:24,,13.0,,50.3,,23.9,,17.099,,255.3,,3.87,,1.78
2024-06-02 19:42:58,2024-06-02,19:42:58,13.8,,50.8,,24.7,,17.865,,344.8,,2.24,,1.3,
2024-06-02 19:43:28,2024-06-02,19:43:28,,12.9,,50.3,,23.9,,17.099,,272.1,,3.7,,2.96
2024-06-02 19:44:02,2024-06-02,19:44:02,13.6,,50.2,,24.7,,17.773,,348.6,,1.58,,0.98,
2024-06-02 19:44:31,2024-06-02,19:44:31,,12.8,,50.1,,23.8,,16.983,,253.9,,4.94,,3.99
2024-06-02 19:45:05,2024-06-02,19:45:05,13.8,,50.6,,24.7,,17.834,,11.4,,1.99,,0.55,
2024-06-02 19:45:35,2024-06-02,19:45:35,,13.0,,51.1,,23.7,,17.046,,249.4,,5.29,,2.23
2024-06-02 19:46:08,2024-06-02,19:46:08,13.8,,50.8,,24.7,,17.865,,337.9,,1.82,,0.89,
2024-06-02 19:46:38,2024-06-02,19:46:38,,13.1,,51.7,,23.7,,17.135,,236.3,,4.8,,3.94
2024-06-02 19:47:12,2024-06-02,19:47:12,13.8,,51.0,,24.6,,17.809,,3.9,,1.4,,0.73,
2024-06-02 19:47:42,2024-06-02,19:47:42,,13.2,,52.1,,23.6,,17.107,,242.6,,4.23,,1.49
2024-06-02 19:48:16,2024-06-02,19:48:16,13.9,,51.6,,24.5,,17.814,,338.8,,2.04,,0.95,
2024-06-02 19:48:45,2024-06-02,19:48:45,,13.4,,52.8,,23.6,,17.21,,262.9,,4.53,,2.57
2024-06-02 19:49:19,2024-06-02,19:49:19,14.1,,52.4,,24.5,,17.934,,351.2,,2.13,,0.92,
2024-06-02 19:49:49,2024-06-02,19:49:49,,13.5,,53.4,,23.5,,17.211,,274.2,,4.6,,1.92
2024-06-02 19:50:22,2024-06-02,19:50:22,14.3,,53.4,,24.4,,17.997,,355.7,,1.94,,1.18,
2024-06-02 19:50:52,2024-06-02,19:50:52,,13.6,,53.7,,23.5,,17.254,,247.6,,3.15,,2.47
2024-06-02 19:51:26,2024-06-02,19:51:26,14.3,,53.3,,24.4,,17.982,,329.4,,2.01,,0.87,
2024-06-02 19:51:56,2024-06-02,19:51:56,,13.7,,54.1,,23.5,,17.313,,259.8,,3.05,,2.15
2024-06-02 19:52:30,2024-06-02,19:52:30,14.4,,53.7,,24.4,,18.042,,327.9,,1.75,,0.58,
2024-06-02 19:52:59,2024-06-02,19:52:59,,13.9,,54.8,,23.5,,17.414,,264.8,,3.5,,2.71
2024-06-02 19:53:33,2024-06-02,19:53:33,14.4,,54.0,,24.3,,17.999,,345.0,,1.97,,1.55,
2024-06-02 19:54:03,2024-06-02,19:54:03,,14.0,,55.0,,23.5,,17.443,,226.7,,2.95,,2.19
2024-06-02 19:54:36,2024-06-02,19:54:36,14.5,,54.4,,24.3,,18.058,,349.0,,1.84,,1.16,
2024-06-02 19:55:06,2024-06-02,19:55:06,,14.0,,55.3,,23.5,,17.486,,253.0,,2.49,,1.97
2024-06-02 19:55:40,2024-06-02,19:55:40,14.6,,54.7,,24.3,,18.103,,335.8,,1.81,,1.06,
2024-06-02 19:56:10,2024-06-02,19:56:10,,14.0,,55.7,,23.4,,17.456,,248.1,,3.83,,1.99
2024-06-02 19:56:44,2024-06-02,19:56:44,14.6,,55.2,,24.2,,18.088,,333.7,,1.59,,1.09,
2024-06-02 19:57:14,2024-06-02,19:57:14,,14.1,,56.2,,23.4,,17.527,,251.1,,3.28,,2.34
2024-06-02 19:57:47,2024-06-02,19:57:47,14.8,,55.6,,24.2,,18.147,,348.9,,1.56,,0.96,
2024-06-02 19:58:17,2024-06-02,19:58:17,,14.1,,56.4,,23.3,,17.467,,277.0,,4.28,,2.24
2024-06-02 19:58:50,2024-06-02,19:58:50,14.8,,56.2,,24.1,,18.147,,346.8,,1.86,,1.36,
2024-06-02 19:59:20,2024-06-02,19:59:20,,14.1,,56.5,,23.3,,17.482,,243.5,,3.33,,2.84
2024-06-02 19:59:54,2024-06-02,19:59:54,14.9,,56.4,,24.1,,18.176,,356.9,,1.31,,0.61,
2024-06-02 20:00:24,2024-06-02,20:00:24,,14.3,,56.9,,23.3,,17.539,,249.5,,3.61,,2.97
2024-06-02 20:00:58,2024-06-02,20:00:58,14.9,,56.3,,24.1,,18.161,,343.7,,2.23,,1.11,
2024-06-02 20:01:28,2024-06-02,20:01:28,,14.4,,57.3,,23.3,,17.595,,256.1,,3.52,,2.63
2024-06-02 20:02:01,2024-06-02,20:02:01,15.0,,57.0,,24.1,,18.263,,337.3,,1.74,,1.23,
2024-06-02 20:02:31,2024-06-02,20:02:31,,14.4,,57.8,,23.2,,17.577,,240.3,,4.76,,3.44
2024-06-02 20:03:04,2024-06-02,20:03:04,15.0,,56.8,,24.1,,18.234,,349.8,,1.53,,0.49,
2024-06-02 20:03:34,2024-06-02,20:03:34,,14.5,,58.2,,23.2,,17.634,,248.5,,4.79,,2.03
2024-06-02 20:04:08,2024-06-02,20:04:08,15.1,,57.4,,24.1,,18.321,,299.7,,1.55,,0.8,
2024-06-02 20:04:38,2024-06-02,20:04:38,,14.5,,58.6,,23.1,,17.601,,239.3,,5.27,,3.31
2024-06-02 20:05:12,2024-06-02,20:05:12,15.2,,57.6,,24.1,,18.35,,311.4,,1.77,,0.48,
2024-06-02 20:05:42,2024-06-02,20:05:42,,14.6,,58.8,,23.1,,17.629,,239.7,,4.5,,2.79
2024-06-02 20:06:15,2024-06-02,20:06:15,15.3,,58.1,,24.1,,18.422,,346.7,,1.41,,0.74,
2024-06-02 20:06:45,2024-06-02,20:06:45,,14.6,,58.7,,23.0,,17.526,,248.5,,4.29,,2.07
2024-06-02 20:07:18,2024-06-02,20:07:18,15.2,,58.2,,24.0,,18.348,,342.0,,1.82,,1.12,
2024-06-02 20:07:48,2024-06-02,20:07:48,,14.4,,58.5,,23.0,,17.498,,268.4,,3.05,,2.28
2024-06-02 20:08:22,2024-06-02,20:08:22,15.2,,58.1,,24.0,,18.333,,335.6,,1.96,,0.69,
2024-06-02 20:08:52,2024-06-02,20:08:52,,14.3,,58.3,,23.0,,17.469,,249.1,,5.36,,3.51
2024-06-02 20:09:26,2024-06-02,20:09:26,15.1,,58.1,,23.9,,18.244,,337.2,,1.72,,0.99,
2024-06-02 20:09:56,2024-06-02,20:09:56,,14.4,,58.4,,23.0,,17.484,,254.1,,4.49,,1.9
2024-06-02 20:10:29,2024-06-02,20:10:29,15.0,,57.8,,23.9,,18.201,,338.8,,2.08,,0.89,
2024-06-02 20:10:59,2024-06-02,20:10:59,,14.2,,58.2,,22.9,,17.366,,268.1,,4.92,,2.92
2024-06-02 20:11:32,2024-06-02,20:11:32,15.0,,57.8,,23.8,,18.112,,351.5,,1.98,,1.37,
2024-06-02 20:12:02,2024-06-02,20:12:02,,14.2,,58.3,,22.9,,17.38,,271.0,,3.8,,2.34
2024-06-02 20:12:36,2024-06-02,20:12:36,15.0,,57.7,,23.8,,18.097,,341.4,,2.07,,1.49,
2024-06-02 20:13:06,2024-06-02,20:13:06,,14.3,,58.4,,22.9,,17.394,,273.3,,4.1,,1.62
2024-06-02 20:13:40,2024-06-02,20:13:40,15.1,,58.5,,23.8,,18.212,,344.2,,2.19,,1.03,
2024-06-02 20:14:10,2024-06-02,20:14:10,,14.3,,58.4,,22.9,,17.394,,253.0,,3.81,,1.61
2024-06-02 20:14:43,2024-06-02,20:14:43,15.1,,58.3,,23.8,,18.184,,331.6,,2.13,,1.3,
2024-06-02 20:15:14,2024-06-02,20:15:14,,14.3,,58.4,,22.9,,17.394,,235.5,,4.33,,1.77
2024-06-02 20:15:46,2024-06-02,20:15:46,15.0,,58.3,,23.7,,18.094,,335.3,,1.9,,1.5,
2024-06-02 20:16:17,2024-06-02,20:16:17,,14.3,,58.6,,22.9,,17.422,,269.1,,3.96,,3.68
2024-06-02 20:16:50,2024-06-02,20:16:50,15.0,,58.3,,23.7,,18.094,,339.5,,1.88,,1.4,
2024-06-02 20:17:20,2024-06-02,20:17:20,,14.4,,58.8,,22.9,,17.45,,241.5,,3.01,,2.33
2024-06-02 20:17:54,2024-06-02,20:17:54,15.1,,58.6,,23.7,,18.137,,316.8,,1.91,,1.21,
2024-06-02 20:18:24,2024-06-02,20:18:24,,14.5,,59.1,,22.9,,17.492,,255.1,,3.96,,2.54
2024-06-02 20:18:57,2024-06-02,20:18:57,15.1,,58.6,,23.7,,18.137,,325.2,,1.58,,0.3,
2024-06-02 20:19:28,2024-06-02,20:19:28,,14.6,,59.5,,22.9,,17.548,,243.0,,5.0,,4.06
2024-06-02 20:20:00,2024-06-02,20:20:00,15.2,,58.9,,23.7,,18.18,,48.6,,1.47,,0.23,
2024-06-02 20:20:31,2024-06-02,20:20:31,,14.7,,59.9,,22.9,,17.603,,249.5,,3.91,,2.29
2024-06-02 20:21:04,2024-06-02,20:21:04,15.2,,59.1,,23.7,,18.208,,319.8,,2.04,,0.65,
2024-06-02 20:21:34,2024-06-02,20:21:34,,14.9,,60.5,,22.9,,17.687,,244.3,,5.41,,4.92
2024-06-02 20:22:08,2024-06-02,20:22:08,15.3,,59.7,,23.6,,18.204,,241.5,,1.82,,0.21,
2024-06-02 20:22:38,2024-06-02,20:22:38,,14.9,,61.1,,22.8,,17.68,,243.0,,5.68,,4.52
2024-06-02 20:23:11,2024-06-02,20:23:11,15.3,,59.9,,23.6,,18.232,,2.7,,2.04,,0.33,
2024-06-02 20:23:42,2024-06-02,20:23:42,,15.0,,61.3,,22.8,,17.707,,239.5,,3.93,,2.92
2024-06-02 20:24:14,2024-06-02,20:24:14,15.5,,60.4,,23.6,,18.303,,22.5,,1.38,,0.3,
2024-06-02 20:24:45,2024-06-02,20:24:45,,15.0,,61.5,,22.8,,17.735,,249.9,,5.04,,3.11
2024-06-02 20:25:18,2024-06-02,20:25:18,15.6,,60.9,,23.6,,18.373,,330.7,,1.88,,1.61,
2024-06-02 20:25:48,2024-06-02,20:25:48,,15.0,,61.7,,22.8,,17.762,,261.4,,3.89,,1.87
2024-06-02 20:26:22,2024-06-02,20:26:22,15.7,,61.4,,23.6,,18.444,,335.0,,1.72,,0.84,
2024-06-02 20:26:52,2024-06-02,20:26:52,,15.0,,61.7,,22.8,,17.762,,267.7,,3.26,,2.8
2024-06-02 20:27:25,2024-06-02,20:27:25,15.8,,61.7,,23.6,,18.486,,338.5,,1.82,,1.5,
2024-06-02 20:27:56,2024-06-02,20:27:56,,15.0,,61.6,,22.7,,17.658,,247.7,,5.37,,3.47
2024-06-02 20:28:28,2024-06-02,20:28:28,15.6,,61.2,,23.5,,18.325,,341.5,,1.91,,1.31,
2024-06-02 20:28:59,2024-06-02,20:28:59,,15.0,,61.6,,22.7,,17.658,,245.0,,3.79,,3.0
2024-06-02 20:29:32,2024-06-02,20:29:32,15.7,,61.7,,23.5,,18.396,,345.5,,1.78,,0.94,
2024-06-02 20:30:02,2024-06-02,20:30:02,,14.9,,61.4,,22.7,,17.631,,266.9,,4.97,,1.73
2024-06-02 20:30:36,2024-06-02,20:30:36,15.6,,61.5,,23.4,,18.277,,353.2,,1.8,,1.07,
2024-06-02 20:31:06,2024-06-02,20:31:06,,14.9,,61.2,,22.7,,17.603,,239.7,,3.99,,2.08
2024-06-02 20:31:39,2024-06-02,20:31:39,15.6,,61.4,,23.5,,18.354,,327.8,,1.71,,1.35,
2024-06-02 20:32:10,2024-06-02,20:32:10,,14.8,,60.9,,22.7,,17.562,,261.3,,3.95,,1.88
2024-06-02 20:32:42,2024-06-02,20:32:42,15.4,,61.0,,23.4,,18.207,,337.7,,1.71,,0.65,
2024-06-02 20:33:13,2024-06-02,20:33:13,,14.6,,60.5,,22.6,,17.417,,233.8,,4.76,,2.22
2024-06-02 20:33:46,2024-06-02,20:33:46,15.3,,60.7,,23.4,,18.165,,350.4,,2.17,,0.87,
2024-06-02 20:34:16,2024-06-02,20:34:16,,14.4,,60.0,,22.6,,17.348,,239.7,,4.5,,3.42
2024-06-02 20:34:50,2024-06-02,20:34:50,15.3,,60.4,,23.4,,18.123,,354.9,,1.69,,0.67,
2024-06-02 20:35:20,2024-06-02,20:35:20,,14.3,,59.7,,22.6,,17.306,,244.8,,4.91,,3.67
2024-06-02 20:35:53,2024-06-02,20:35:53,15.0,,59.9,,23.3,,17.963,,331.0,,2.08,,0.58,
2024-06-02 20:36:24,2024-06-02,20:36:24,,14.3,,59.6,,22.6,,17.293,,276.2,,3.63,,2.2
2024-06-02 20:36:56,2024-06-02,20:36:56,15.1,,60.1,,23.3,,17.991,,346.2,,1.81,,0.99,
2024-06-02 20:37:27,2024-06-02,20:37:27,,14.3,,59.6,,22.6,,17.293,,255.2,,4.12,,3.83
2024-06-02 20:38:00,2024-06-02,20:38:00,15.0,,59.8,,23.3,,17.949,,349.1,,2.14,,1.27,
2024-06-02 20:38:30,2024-06-02,20:38:30,,14.3,,59.4,,22.6,,17.265,,270.9,,3.89,,1.85
2024-06-02 20:39:04,2024-06-02,20:39:04,15.1,,60.0,,23.3,,17.977,,343.0,,2.25,,1.72,
2024-06-02 20:39:34,2024-06-02,20:39:34,,14.2,,59.0,,22.6,,17.21,,260.2,,4.33,,2.27
2024-06-02 20:40:07,2024-06-02,20:40:07,15.0,,59.4,,23.3,,17.892,,346.6,,1.94,,1.18,
2024-06-02 20:40:38,2024-06-02,20:40:38,,14.1,,58.9,,22.6,,17.196,,248.9,,5.0,,3.16
2024-06-02 20:41:10,2024-06-02,20:41:10,14.8,,59.0,,23.3,,17.836,,331.9,,1.95,,0.9,
2024-06-02 20:41:41,2024-06-02,20:41:41,,14.1,,58.7,,22.6,,17.168,,250.9,,4.82,,2.91
2024-06-02 20:42:14,2024-06-02,20:42:14,14.8,,59.0,,23.3,,17.836,,340.4,,1.89,,0.97,
2024-06-02 20:42:44,2024-06-02,20:42:44,,14.0,,58.4,,22.6,,17.126,,247.7,,4.24,,2.56
2024-06-02 20:43:18,2024-06-02,20:43:18,14.9,,59.2,,23.3,,17.864,,318.3,,1.66,,0.9,
2024-06-02 20:43:48,2024-06-02,20:43:48,,14.0,,58.1,,22.6,,17.085,,258.8,,5.73,,4.81
2024-06-02 20:44:21,2024-06-02,20:44:21,,,,,14.8,,,,355.9,,1.81,,0.57,
2024-06-02 20:44:52,2024-06-02,20:44:52,,14.0,,58.1,,22.6,,17.085,,254.4,,4.41,,2.65
2024-06-02 20:45:24,2024-06-02,20:45:24,14.8,,58.8,,23.3,,17.808,,329.1,,1.87,,0.96,
2024-06-02 20:45:55,2024-06-02,20:45:55,,14.0,,58.1,,22.6,,17.085,,267.2,,4.15,,2.51
2024-06-02 20:46:28,2024-06-02,20:46:28,14.6,,58.6,,23.2,,17.69,,332.2,,1.81,,1.12,
2024-06-02 20:46:58,2024-06-02,20:46:58,,14.0,,58.2,,22.6,,17.099,,263.1,,4.28,,2.0
2024-06-02 20:47:32,2024-06-02,20:47:32,14.7,,58.7,,23.2,,17.704,,343.5,,2.0,,0.51,
2024-06-02 20:48:02,2024-06-02,20:48:02,,14.0,,58.2,,22.6,,17.099,,270.3,,4.15,,1.8
2024-06-02 20:48:35,2024-06-02,20:48:35,14.7,,59.0,,23.2,,17.747,,344.3,,1.72,,1.12,
2024-06-02 20:49:06,2024-06-02,20:49:06,,14.0,,58.3,,22.6,,17.112,,267.5,,3.18,,2.27
2024-06-02 20:49:38,2024-06-02,20:49:38,14.7,,59.0,,23.2,,17.747,,339.6,,1.74,,1.17,
2024-06-02 20:50:09,2024-06-02,20:50:09,,14.0,,58.4,,22.6,,17.126,,239.6,,3.45,,1.27
2024-06-02 20:50:42,2024-06-02,20:50:42,14.8,,59.2,,23.2,,17.775,,339.2,,2.0,,1.44,
2024-06-02 20:51:12,2024-06-02,20:51:12,,14.0,,58.5,,22.6,,17.14,,272.8,,3.1,,2.47
2024-06-02 20:51:46,2024-06-02,20:51:46,14.7,,58.9,,23.2,,17.733,,341.2,,2.22,,0.78,
2024-06-02 20:52:16,2024-06-02,20:52:16,,14.0,,58.7,,22.5,,17.079,,282.2,,3.61,,2.39
2024-06-02 20:52:49,2024-06-02,20:52:49,14.8,,59.3,,23.2,,17.789,,341.3,,1.78,,1.1,
2024-06-02 20:53:20,2024-06-02,20:53:20,,14.1,,58.8,,22.6,,17.182,,271.2,,2.75,,2.33
2024-06-02 20:53:52,2024-06-02,20:53:52,14.8,,59.3,,23.1,,17.699,,341.8,,1.77,,1.07,
2024-06-02 20:54:23,2024-06-02,20:54:23,,14.1,,59.0,,22.5,,17.12,,243.4,,3.04,,2.48
2024-06-02 20:54:56,2024-06-02,20:54:56,14.7,,59.3,,23.1,,17.699,,321.8,,1.89,,0.93,
2024-06-02 20:55:26,2024-06-02,20:55:26,,14.1,,59.1,,22.5,,17.134,,253.3,,3.29,,1.59
2024-06-02 20:56:00,2024-06-02,20:56:00,14.9,,59.8,,23.1,,17.769,,334.1,,1.47,,0.93,
2024-06-02 20:56:30,2024-06-02,20:56:30,,14.1,,59.3,,22.5,,17.161,,245.9,,2.08,,1.08
2024-06-02 20:57:03,2024-06-02,20:57:03,14.9,,60.0,,23.1,,17.797,,351.8,,1.76,,0.59,
2024-06-02 20:57:34,2024-06-02,20:57:34,,14.1,,59.3,,22.5,,17.161,,262.0,,2.37,,1.31
2024-06-02 20:58:06,2024-06-02,20:58:06,15.0,,60.1,,23.1,,17.811,,325.2,,1.89,,0.83,
2024-06-02 20:58:37,2024-06-02,20:58:37,,14.2,,59.4,,22.5,,17.175,,257.5,,2.56,,1.49
2024-06-02 20:59:10,2024-06-02,20:59:10,15.0,,60.4,,23.1,,17.853,,324.5,,1.78,,0.96,
2024-06-02 20:59:40,2024-06-02,20:59:40,,14.2,,59.5,,22.5,,17.189,,250.4,,2.32,,1.98
2024-06-02 21:00:14,2024-06-02,21:00:14,15.0,,60.6,,23.1,,17.881,,332.2,,1.48,,0.68,
2024-06-02 21:00:44,2024-06-02,21:00:44,,14.2,,59.5,,22.5,,17.189,,246.8,,2.74,,1.65
2024-06-02 21:01:17,2024-06-02,21:01:17,15.1,,60.7,,23.1,,17.895,,336.1,,1.52,,0.77,
2024-06-02 21:01:48,2024-06-02,21:01:48,,14.1,,59.6,,22.4,,17.113,,252.5,,2.23,,1.64
2024-06-02 21:02:20,2024-06-02,21:02:20,15.0,,60.6,,23.0,,17.791,,321.6,,1.83,,1.06,
2024-06-02 21:02:51,2024-06-02,21:02:51,,14.1,,59.6,,22.4,,17.113,,240.5,,2.45,,1.54
2024-06-02 21:03:24,2024-06-02,21:03:24,15.0,,60.8,,23.0,,17.819,,328.2,,1.91,,1.28,
2024-06-02 21:03:54,2024-06-02,21:03:54,,14.1,,59.7,,22.4,,17.127,,245.0,,2.37,,1.91
2024-06-02 21:04:28,2024-06-02,21:04:28,15.0,,60.7,,23.0,,17.805,,327.9,,1.93,,0.94,
2024-06-02 21:04:58,2024-06-02,21:04:58,,14.1,,59.7,,22.4,,17.127,,248.2,,2.98,,1.43
2024-06-02 21:05:31,2024-06-02,21:05:31,15.0,,60.7,,23.0,,17.805,,330.8,,1.85,,0.86,
2024-06-02 21:06:02,2024-06-02,21:06:02,,14.2,,59.8,,22.4,,17.141,,246.8,,2.52,,2.18
2024-06-02 21:06:34,2024-06-02,21:06:34,15.0,,60.9,,23.0,,17.832,,341.3,,2.04,,0.57,
2024-06-02 21:07:05,2024-06-02,21:07:05,,14.2,,59.8,,22.4,,17.141,,238.6,,2.61,,1.92
2024-06-02 21:07:38,2024-06-02,21:07:38,15.0,,61.1,,22.9,,17.77,,342.6,,1.71,,0.76,
2024-06-02 21:08:08,2024-06-02,21:08:08,,14.2,,59.8,,22.3,,17.051,,247.3,,2.9,,1.67
2024-06-02 21:08:42,2024-06-02,21:08:42,15.1,,61.3,,23.0,,17.888,,326.9,,2.61,,1.06,
2024-06-02 21:09:12,2024-06-02,21:09:12,,14.1,,59.9,,22.3,,17.064,,241.4,,3.04,,2.58
2024-06-02 21:09:45,2024-06-02,21:09:45,15.1,,61.1,,23.0,,17.86,,317.2,,2.1,,1.02,
2024-06-02 21:10:16,2024-06-02,21:10:16,,14.2,,59.9,,22.4,,17.154,,228.9,,2.67,,1.78
2024-06-02 21:10:48,2024-06-02,21:10:48,15.1,,61.4,,23.0,,17.902,,327.6,,2.21,,0.94,
2024-06-02 21:11:19,2024-06-02,21:11:19,,14.1,,59.9,,22.3,,17.064,,257.4,,2.46,,1.65
2024-06-02 21:11:52,2024-06-02,21:11:52,15.1,,61.2,,23.0,,17.874,,324.6,,2.09,,1.15,
2024-06-02 21:12:22,2024-06-02,21:12:22,,14.2,,59.9,,22.4,,17.154,,239.9,,2.05,,1.48
2024-06-02 21:12:56,2024-06-02,21:12:56,15.1,,61.3,,23.0,,17.888,,339.0,,1.92,,1.16,
2024-06-02 21:13:26,2024-06-02,21:13:26,,14.1,,60.0,,22.3,,17.078,,242.6,,1.95,,1.68
2024-06-02 21:13:59,2024-06-02,21:13:59,15.0,,61.2,,22.9,,17.784,,324.3,,1.81,,1.24,
2024-06-02 21:14:30,2024-06-02,21:14:30,,14.2,,60.1,,22.3,,17.092,,231.1,,1.98,,1.55
2024-06-02 21:15:02,2024-06-02,21:15:02,15.0,,61.2,,22.9,,17.784,,324.2,,2.3,,1.07,
2024-06-02 21:15:33,2024-06-02,21:15:33,,14.2,,60.2,,22.3,,17.106,,243.8,,2.31,,1.32
2024-06-02 21:16:06,2024-06-02,21:16:06,15.1,,61.5,,22.9,,17.825,,321.1,,1.77,,0.89,
2024-06-02 21:16:36,2024-06-02,21:16:36,,14.2,,60.3,,22.3,,17.119,,236.5,,2.27,,1.9
2024-06-02 21:17:10,2024-06-02,21:17:10,15.1,,61.8,,22.9,,17.867,,326.6,,1.87,,1.19,
2024-06-02 21:17:40,2024-06-02,21:17:40,,14.2,,60.4,,22.3,,17.133,,238.2,,2.18,,1.15
2024-06-02 21:18:13,2024-06-02,21:18:13,15.2,,61.9,,22.9,,17.88,,318.8,,2.04,,1.27,
2024-06-02 21:18:44,2024-06-02,21:18:44,,14.3,,60.5,,22.3,,17.147,,227.0,,2.16,,2.0
2024-06-02 21:19:16,2024-06-02,21:19:16,15.2,,61.9,,22.9,,17.88,,299.0,,1.95,,0.77,
2024-06-02 21:19:47,2024-06-02,21:19:47,,14.3,,60.5,,22.3,,17.147,,223.7,,2.18,,1.86
2024-06-02 21:20:20,2024-06-02,21:20:20,15.1,,62.1,,22.8,,17.817,,327.4,,1.97,,0.91,
2024-06-02 21:20:50,2024-06-02,21:20:50,,14.3,,60.6,,22.3,,17.16,,238.8,,1.89,,1.2
2024-06-02 21:21:24,2024-06-02,21:21:24,15.3,,62.3,,22.8,,17.845,,325.4,,1.68,,0.46,
2024-06-02 21:21:54,2024-06-02,21:21:54,,14.3,,60.6,,22.3,,17.16,,248.1,,1.84,,0.96
2024-06-02 21:22:27,2024-06-02,21:22:27,15.3,,62.3,,22.9,,17.936,,320.9,,1.64,,1.15,
2024-06-02 21:22:58,2024-06-02,21:22:58,,14.2,,60.6,,22.2,,17.07,,236.8,,2.32,,1.98
2024-06-02 21:23:30,2024-06-02,21:23:30,15.2,,62.2,,22.8,,17.831,,322.0,,1.9,,0.91,
2024-06-02 21:24:01,2024-06-02,21:24:01,,14.2,,60.6,,22.2,,17.07,,216.4,,2.57,,0.93
2024-06-02 21:24:34,2024-06-02,21:24:34,15.2,,62.4,,22.8,,17.859,,337.5,,1.92,,0.4,
2024-06-02 21:25:04,2024-06-02,21:25:04,,14.2,,60.6,,22.2,,17.07,,244.8,,1.34,,0.62
2024-06-02 21:25:38,2024-06-02,21:25:38,15.2,,62.3,,22.8,,17.845,,335.3,,1.83,,0.88,
2024-06-02 21:26:08,2024-06-02,21:26:08,,14.2,,60.6,,22.2,,17.07,,215.1,,1.53,,1.28
2024-06-02 21:26:41,2024-06-02,21:26:41,15.2,,62.3,,22.8,,17.845,,321.0,,2.0,,1.11,
2024-06-02 21:27:12,2024-06-02,21:27:12,,14.2,,60.6,,22.2,,17.07,,222.0,,2.54,,1.22
2024-06-02 21:27:44,2024-06-02,21:27:44,15.2,,62.5,,22.8,,17.872,,338.1,,2.15,,0.74,
2024-06-02 21:28:15,2024-06-02,21:28:15,,14.2,,60.5,,22.2,,17.056,,206.8,,1.75,,1.1
2024-06-02 21:28:48,2024-06-02,21:28:48,15.3,,62.7,,22.8,,17.9,,339.6,,1.42,,0.52,
2024-06-02 21:29:18,2024-06-02,21:29:18,,14.2,,60.5,,22.2,,17.056,,218.1,,1.37,,1.06
2024-06-02 21:29:52,2024-06-02,21:29:52,15.3,,62.8,,22.8,,17.914,,319.2,,2.14,,0.86,
2024-06-02 21:30:22,2024-06-02,21:30:22,,14.2,,60.5,,22.2,,17.056,,208.5,,1.54,,1.16
2024-06-02 21:30:55,2024-06-02,21:30:55,15.4,,63.0,,22.8,,17.941,,323.1,,1.98,,1.27,
2024-06-02 21:31:26,2024-06-02,21:31:26,,14.1,,60.5,,22.1,,16.966,,183.2,,1.93,,1.28
2024-06-02 21:31:58,2024-06-02,21:31:58,15.4,,63.1,,22.8,,17.955,,315.8,,2.0,,1.36,
2024-06-02 21:32:29,2024-06-02,21:32:29,,14.0,,60.4,,22.1,,16.953,,185.8,,1.58,,1.27
2024-06-02 21:33:02,2024-06-02,21:33:02,15.4,,63.0,,22.8,,17.941,,320.4,,2.07,,0.84,
2024-06-02 21:33:32,2024-06-02,21:33:32,,14.0,,60.4,,22.1,,16.953,,179.6,,1.12,,0.73
2024-06-02 21:34:06,2024-06-02,21:34:06,,,,,15.4,,,,322.2,,2.14,,1.16,
2024-06-02 21:34:36,2024-06-02,21:34:36,,14.0,,60.4,,22.1,,16.953,,153.9,,1.21,,0.86
2024-06-02 21:35:09,2024-06-02,21:35:09,15.2,,62.8,,22.7,,17.823,,319.0,,1.71,,1.3,
2024-06-02 21:35:40,2024-06-02,21:35:40,,14.0,,60.3,,22.1,,16.939,,159.8,,1.38,,0.92
2024-06-02 21:36:12,2024-06-02,21:36:12,15.1,,62.8,,22.6,,17.732,,327.3,,1.99,,0.95,
2024-06-02 21:36:43,2024-06-02,21:36:43,,14.1,,60.5,,22.1,,16.966,,157.0,,1.22,,1.02
2024-06-02 21:37:16,2024-06-02,21:37:16,15.2,,63.0,,22.6,,17.759,,325.2,,2.01,,1.46,
2024-06-02 21:37:46,2024-06-02,21:37:46,,14.1,,60.6,,22.1,,16.98,,170.5,,1.28,,0.94
2024-06-02 21:38:20,2024-06-02,21:38:20,15.2,,63.3,,22.6,,17.8,,311.3,,1.75,,0.91,
2024-06-02 21:38:50,2024-06-02,21:38:50,,14.0,,60.7,,22.0,,16.903,,160.9,,1.52,,1.34
2024-06-02 21:39:23,2024-06-02,21:39:23,15.3,,63.5,,22.6,,17.827,,320.7,,2.02,,1.31,
2024-06-02 21:39:54,2024-06-02,21:39:54,,14.1,,60.9,,22.0,,16.931,,201.4,,1.45,,0.56
2024-06-02 21:40:26,2024-06-02,21:40:26,15.2,,63.6,,22.5,,17.75,,318.7,,1.69,,1.1,
2024-06-02 21:40:57,2024-06-02,21:40:57,,14.1,,61.0,,22.0,,16.944,,156.8,,1.58,,1.38
2024-06-02 21:41:30,2024-06-02,21:41:30,15.3,,63.9,,22.5,,17.791,,314.5,,1.7,,1.38,
2024-06-02 21:42:00,2024-06-02,21:42:00,,14.1,,61.2,,21.9,,16.881,,167.7,,1.67,,1.13
2024-06-02 21:42:34,2024-06-02,21:42:34,15.3,,64.4,,22.4,,17.767,,315.8,,2.33,,1.36,
2024-06-02 21:43:04,2024-06-02,21:43:04,,14.1,,61.5,,21.9,,16.921,,145.2,,1.54,,1.2
2024-06-02 21:43:37,2024-06-02,21:43:37,15.3,,64.8,,22.3,,17.729,,305.4,,1.78,,1.1,
2024-06-02 21:44:08,2024-06-02,21:44:08,,14.1,,61.7,,21.8,,16.858,,173.2,,1.48,,1.06
2024-06-02 21:44:41,2024-06-02,21:44:41,15.4,,65.2,,22.3,,17.783,,297.9,,1.79,,0.5,
2024-06-02 21:45:11,2024-06-02,21:45:11,,14.1,,61.8,,21.8,,16.871,,185.4,,1.49,,0.75
2024-06-02 21:45:44,2024-06-02,21:45:44,15.3,,65.0,,22.2,,17.665,,331.5,,1.82,,0.68,
2024-06-02 21:46:14,2024-06-02,21:46:14,,14.1,,62.0,,21.7,,16.807,,178.0,,1.81,,1.08
2024-06-02 21:46:48,2024-06-02,21:46:48,15.2,,64.8,,22.2,,17.638,,311.6,,2.04,,1.15,
2024-06-02 21:47:18,2024-06-02,21:47:18,,14.1,,62.1,,21.7,,16.821,,177.3,,1.69,,1.39
2024-06-02 21:47:52,2024-06-02,21:47:52,15.1,,64.8,,22.1,,17.546,,320.7,,1.56,,0.97,
2024-06-02 21:48:22,2024-06-02,21:48:22,,14.1,,62.2,,21.7,,16.834,,183.6,,1.54,,0.6
2024-06-02 21:48:55,2024-06-02,21:48:55,15.2,,65.0,,22.1,,17.573,,313.9,,1.8,,1.14,
2024-06-02 21:49:25,2024-06-02,21:49:25,,14.1,,62.3,,21.7,,16.848,,176.2,,1.7,,1.43
2024-06-02 21:49:58,2024-06-02,21:49:58,15.2,,65.0,,22.1,,17.573,,315.1,,1.99,,1.39,
2024-06-02 21:50:29,2024-06-02,21:50:29,,14.1,,62.4,,21.6,,16.77,,175.3,,2.01,,0.86
2024-06-02 21:51:30,2024-06-02,21:51:30,15.1,,64.8,,22.1,,17.546,,324.2,,1.77,,0.92,
2024-06-02 21:51:32,2024-06-02,21:51:32,,14.1,,62.4,,21.6,,16.77,,177.5,,1.42,,0.75
2024-06-02 21:52:34,2024-06-02,21:52:34,15.2,,64.9,,22.1,,17.56,,326.2,,1.79,,0.61,
2024-06-02 21:52:36,2024-06-02,21:52:36,,14.1,,62.4,,21.6,,16.77,,188.6,,1.31,,0.65
2024-06-02 21:53:36,2024-06-02,21:53:36,15.2,,64.9,,22.1,,17.56,,320.1,,1.71,,1.31,
2024-06-02 21:53:39,2024-06-02,21:53:39,,14.1,,62.4,,21.6,,16.77,,166.4,,1.1,,0.51
2024-06-02 21:54:40,2024-06-02,21:54:40,15.2,,65.0,,22.1,,17.573,,314.8,,2.14,,1.37,
2024-06-02 21:54:43,2024-06-02,21:54:43,,14.1,,62.5,,21.6,,16.784,,184.4,,1.25,,0.7
2024-06-02 21:55:44,2024-06-02,21:55:44,15.1,,65.0,,22.0,,17.482,,312.3,,2.49,,1.26,
2024-06-02 21:55:46,2024-06-02,21:55:46,,14.1,,62.6,,21.6,,16.797,,165.1,,1.33,,0.39
2024-06-02 21:56:48,2024-06-02,21:56:48,15.2,,65.6,,22.0,,17.562,,323.7,,2.24,,0.94,
2024-06-02 21:56:50,2024-06-02,21:56:50,,14.1,,62.5,,21.6,,16.784,,164.1,,1.7,,1.32
2024-06-02 21:57:51,2024-06-02,21:57:51,15.2,,65.5,,22.0,,17.548,,314.1,,2.05,,1.36,
2024-06-02 21:57:54,2024-06-02,21:57:54,,14.1,,62.7,,21.5,,16.719,,167.5,,1.89,,1.45
2024-06-02 21:58:54,2024-06-02,21:58:54,15.2,,65.6,,22.0,,17.562,,316.6,,2.08,,1.71,
2024-06-02 21:58:57,2024-06-02,21:58:57,,14.1,,62.8,,21.5,,16.733,,153.1,,1.56,,0.66
2024-06-02 21:59:58,2024-06-02,21:59:58,15.2,,65.9,,21.9,,17.51,,320.3,,2.17,,1.2,
2024-06-02 22:00:00,2024-06-02,22:00:00,,14.1,,62.9,,21.5,,16.746,,180.4,,1.26,,0.78
2024-06-02 22:01:02,2024-06-02,22:01:02,15.4,,66.0,,21.9,,17.523,,319.3,,2.75,,1.44,
2024-06-02 22:01:04,2024-06-02,22:01:04,,14.2,,63.3,,21.5,,16.799,,167.9,,1.56,,1.01
2024-06-02 22:02:05,2024-06-02,22:02:05,15.4,,66.4,,22.0,,17.668,,316.6,,2.02,,1.51,
2024-06-02 22:02:08,2024-06-02,22:02:08,,14.3,,63.5,,21.5,,16.825,,175.2,,1.11,,0.98
2024-06-02 22:03:08,2024-06-02,22:03:08,15.4,,66.7,,21.9,,17.616,,322.2,,2.0,,1.28,
2024-06-02 22:03:11,2024-06-02,22:03:11,,14.4,,63.7,,21.6,,16.943,,168.2,,1.09,,0.98
2024-06-02 22:04:12,2024-06-02,22:04:12,15.5,,67.0,,21.9,,17.656,,316.5,,1.97,,1.03,
2024-06-02 22:04:14,2024-06-02,22:04:14,,14.5,,63.9,,21.6,,16.97,,167.8,,1.24,,0.76
2024-06-02 22:05:16,2024-06-02,22:05:16,15.5,,67.2,,21.9,,17.682,,318.7,,1.95,,1.31,
2024-06-02 22:05:18,2024-06-02,22:05:18,,14.4,,64.0,,21.5,,16.892,,182.0,,1.08,,0.62
2024-06-02 22:06:19,2024-06-02,22:06:19,15.5,,67.1,,21.9,,17.669,,320.6,,2.15,,1.66,
2024-06-02 22:06:22,2024-06-02,22:06:22,,14.4,,64.1,,21.5,,16.905,,143.2,,1.02,,0.73
2024-06-02 22:07:22,2024-06-02,22:07:22,15.5,,67.5,,21.8,,17.63,,320.5,,1.97,,1.62,
2024-06-02 22:07:24,2024-06-02,22:07:24,,14.4,,64.2,,21.5,,16.918,,209.9,,1.31,,0.63
2024-06-02 22:08:26,2024-06-02,22:08:26,15.6,,68.0,,21.8,,17.695,,314.7,,2.68,,1.43,
2024-06-02 22:08:28,2024-06-02,22:08:28,,14.4,,64.2,,21.5,,16.918,,202.8,,0.74,,0.43
2024-06-02 22:09:30,2024-06-02,22:09:30,15.6,,67.8,,21.8,,17.669,,324.9,,2.34,,1.09,
2024-06-02 22:09:32,2024-06-02,22:09:32,,14.4,,64.2,,21.5,,16.918,,198.5,,0.6,,0.47
2024-06-02 22:10:33,2024-06-02,22:10:33,15.5,,67.7,,21.8,,17.656,,318.0,,1.86,,0.87,
2024-06-02 22:10:35,2024-06-02,22:10:35,,14.3,,64.2,,21.4,,16.827,,161.5,,0.7,,0.62
2024-06-02 22:11:36,2024-06-02,22:11:36,15.5,,67.3,,21.8,,17.603,,327.7,,1.91,,1.19,
2024-06-02 22:11:39,2024-06-02,22:11:39,,14.3,,64.1,,21.4,,16.814,,158.9,,0.93,,0.77
2024-06-02 22:12:40,2024-06-02,22:12:40,15.6,,67.4,,21.9,,17.709,,319.8,,2.45,,1.11,
2024-06-02 22:12:42,2024-06-02,22:12:42,,14.3,,64.1,,21.4,,16.814,,131.7,,1.15,,1.08
2024-06-02 22:13:44,2024-06-02,22:13:44,15.5,,67.6,,21.8,,17.643,,314.7,,2.16,,1.14,
2024-06-02 22:13:46,2024-06-02,22:13:46,,14.3,,64.1,,21.4,,16.814,,131.7,,1.56,,1.23
2024-06-02 22:14:47,2024-06-02,22:14:47,15.4,,67.2,,21.8,,17.59,,326.1,,1.97,,1.14,
2024-06-02 22:14:50,2024-06-02,22:14:50,,14.2,,64.2,,21.3,,16.735,,132.7,,1.57,,1.17
2024-06-02 22:15:50,2024-06-02,22:15:50,15.4,,67.3,,21.7,,17.511,,326.2,,2.02,,1.08,
2024-06-02 22:15:53,2024-06-02,22:15:53,,14.2,,64.1,,21.3,,16.722,,141.4,,1.35,,1.1
2024-06-02 22:16:54,2024-06-02,22:16:54,15.3,,67.5,,21.6,,17.445,,317.5,,2.2,,1.16,
2024-06-02 22:16:56,2024-06-02,22:16:56,,14.2,,64.1,,21.3,,16.722,,149.2,,1.39,,1.06
2024-06-02 22:17:58,2024-06-02,22:17:58,15.4,,67.8,,21.6,,17.484,,325.7,,2.01,,1.48,
2024-06-02 22:18:00,2024-06-02,22:18:00,,14.2,,64.1,,21.3,,16.722,,110.0,,0.97,,0.26
2024-06-02 22:19:02,2024-06-02,22:19:02,,,,,15.3,,,,21.6,,6.77,,2.64,
2024-06-02 22:19:04,2024-06-02,22:19:04,,14.1,,64.1,,21.2,,16.631,,167.2,,0.77,,0.28
2024-06-02 22:20:04,2024-06-02,22:20:04,15.3,,67.5,,21.6,,17.445,,318.6,,2.12,,1.9,
2024-06-02 22:20:07,2024-06-02,22:20:07,,14.1,,64.1,,21.2,,16.631,,150.6,,0.66,,0.28
2024-06-02 22:21:08,2024-06-02,22:21:08,15.3,,67.4,,21.6,,17.432,,332.3,,2.21,,1.24,
2024-06-02 22:21:10,2024-06-02,22:21:10,,14.1,,64.1,,21.2,,16.631,,110.5,,0.92,,0.79
2024-06-02 22:22:12,2024-06-02,22:22:12,15.3,,67.3,,21.6,,17.418,,333.9,,2.53,,1.27,
2024-06-02 22:22:14,2024-06-02,22:22:14,,14.1,,64.0,,21.2,,16.618,,91.1,,1.05,,0.85
2024-06-02 22:23:15,2024-06-02,22:23:15,15.3,,67.4,,21.6,,17.432,,339.4,,2.03,,0.81,
2024-06-02 22:23:18,2024-06-02,22:23:18,,14.1,,64.0,,21.2,,16.618,,98.1,,1.3,,0.99
2024-06-02 22:24:18,2024-06-02,22:24:18,15.2,,67.3,,21.5,,17.326,,318.9,,2.1,,1.2,
2024-06-02 22:24:21,2024-06-02,22:24:21,,14.0,,64.0,,21.1,,16.527,,102.3,,1.5,,1.37
2024-06-02 22:25:22,2024-06-02,22:25:22,15.2,,67.7,,21.5,,17.379,,333.0,,2.24,,1.34,
2024-06-02 22:25:24,2024-06-02,22:25:24,,14.0,,64.0,,21.1,,16.527,,103.1,,1.34,,0.99
2024-06-02 22:26:26,2024-06-02,22:26:26,15.3,,68.1,,21.5,,17.431,,322.6,,1.73,,1.12,
2024-06-02 22:26:28,2024-06-02,22:26:28,,14.0,,64.0,,21.1,,16.527,,110.2,,1.44,,1.18
2024-06-02 22:27:29,2024-06-02,22:27:29,15.2,,67.6,,21.5,,17.365,,320.2,,1.76,,1.4,
2024-06-02 22:27:32,2024-06-02,22:27:32,,14.0,,64.0,,21.1,,16.527,,108.4,,1.54,,1.36
2024-06-02 22:28:32,2024-06-02,22:28:32,15.1,,67.6,,21.4,,17.273,,319.0,,1.68,,1.24,
2024-06-02 22:28:35,2024-06-02,22:28:35,,14.0,,64.1,,21.1,,16.54,,111.2,,1.37,,0.94
2024-06-02 22:29:36,2024-06-02,22:29:36,15.1,,67.6,,21.4,,17.273,,321.0,,2.15,,1.3,
2024-06-02 22:29:38,2024-06-02,22:29:38,,14.0,,64.1,,21.1,,16.54,,154.6,,1.2,,0.47
2024-06-02 22:30:40,2024-06-02,22:30:40,15.1,,67.7,,21.4,,17.286,,322.4,,2.07,,1.65,
2024-06-02 22:30:42,2024-06-02,22:30:42,,14.0,,64.2,,21.1,,16.553,,235.2,,0.79,,0.29
2024-06-02 22:31:43,2024-06-02,22:31:43,15.2,,67.8,,21.4,,17.299,,324.6,,2.11,,1.7,
2024-06-02 22:31:46,2024-06-02,22:31:46,,14.0,,64.2,,21.1,,16.553,,133.9,,0.57,,0.26
2024-06-02 22:32:46,2024-06-02,22:32:46,15.3,,68.2,,21.4,,17.351,,326.6,,2.03,,0.97,
2024-06-02 22:32:49,2024-06-02,22:32:49,,14.0,,64.2,,21.1,,16.553,,131.8,,0.63,,0.4
2024-06-02 22:33:50,2024-06-02,22:33:50,15.3,,68.5,,21.4,,17.391,,323.9,,1.82,,1.11,
2024-06-02 22:33:52,2024-06-02,22:33:52,,14.0,,64.3,,21.0,,16.475,,90.4,,0.89,,0.54
2024-06-02 22:34:54,2024-06-02,22:34:54,15.3,,68.3,,21.4,,17.364,,325.4,,1.85,,1.01,
2024-06-02 22:34:56,2024-06-02,22:34:56,,14.0,,64.3,,21.0,,16.475,,119.5,,1.01,,0.88
2024-06-02 22:35:57,2024-06-02,22:35:57,15.3,,68.4,,21.4,,17.377,,331.0,,1.68,,0.83,
2024-06-02 22:36:00,2024-06-02,22:36:00,,14.1,,64.4,,21.1,,16.579,,114.0,,1.28,,0.75
2024-06-02 22:37:00,2024-06-02,22:37:00,15.2,,68.1,,21.4,,17.338,,328.9,,1.75,,0.86,
2024-06-02 22:37:03,2024-06-02,22:37:03,,14.0,,64.4,,21.0,,16.488,,87.0,,1.36,,0.89
2024-06-02 22:38:04,2024-06-02,22:38:04,15.2,,68.3,,21.3,,17.272,,317.3,,2.05,,0.93,
2024-06-02 22:38:06,2024-06-02,22:38:06,,14.0,,64.4,,21.0,,16.488,,92.7,,1.15,,0.87
2024-06-02 22:39:08,2024-06-02,22:39:08,15.1,,68.4,,21.2,,17.192,,309.0,,1.71,,1.18,
2024-06-02 22:39:10,2024-06-02,22:39:10,,14.0,,64.3,,21.0,,16.475,,105.1,,1.42,,0.84
2024-06-02 22:40:11,2024-06-02,22:40:11,15.1,,68.3,,21.2,,17.179,,330.0,,2.04,,0.81,
2024-06-02 22:40:14,2024-06-02,22:40:14,,14.0,,64.4,,21.0,,16.488,,105.6,,1.27,,0.9
2024-06-02 22:41:14,2024-06-02,22:41:14,15.0,,68.1,,21.2,,17.153,,318.8,,2.06,,1.22,
2024-06-02 22:41:17,2024-06-02,22:41:17,,13.9,,64.4,,21.0,,16.488,,97.3,,1.14,,0.84
2024-06-02 22:42:18,2024-06-02,22:42:18,14.9,,67.8,,21.1,,17.022,,321.7,,1.71,,1.14,
2024-06-02 22:42:20,2024-06-02,22:42:20,,14.0,,64.5,,21.0,,16.501,,112.6,,1.17,,1.0
2024-06-02 22:43:22,2024-06-02,22:43:22,15.0,,67.9,,21.1,,17.035,,315.9,,2.14,,1.36,
2024-06-02 22:43:24,2024-06-02,22:43:24,,14.0,,64.5,,20.9,,16.409,,101.0,,1.23,,0.75
2024-06-02 22:44:25,2024-06-02,22:44:25,15.0,,68.2,,21.1,,17.074,,319.5,,2.04,,1.55,
2024-06-02 22:44:28,2024-06-02,22:44:28,,14.0,,64.5,,20.9,,16.409,,115.2,,1.3,,1.01
2024-06-02 22:45:28,2024-06-02,22:45:28,15.0,,68.2,,21.1,,17.074,,324.3,,2.03,,1.08,
2024-06-02 22:45:31,2024-06-02,22:45:31,,14.0,,64.5,,20.9,,16.409,,98.5,,1.31,,1.17
2024-06-02 22:46:32,2024-06-02,22:46:32,15.0,,68.2,,21.1,,17.074,,320.8,,1.69,,1.19,
2024-06-02 22:46:34,2024-06-02,22:46:34,,14.0,,64.5,,20.9,,16.409,,89.5,,1.34,,0.9
2024-06-02 22:47:36,2024-06-02,22:47:36,15.0,,68.3,,21.1,,17.087,,335.1,,2.15,,0.75,
2024-06-02 22:47:38,2024-06-02,22:47:38,,14.0,,64.5,,20.9,,16.409,,94.0,,1.2,,0.91
2024-06-02 22:48:40,2024-06-02,22:48:40,14.9,,68.0,,21.0,,16.955,,325.6,,1.68,,1.24,
2024-06-02 22:48:42,2024-06-02,22:48:42,,14.0,,64.5,,20.9,,16.409,,73.6,,1.21,,0.73
2024-06-02 22:49:42,2024-06-02,22:49:42,14.9,,68.1,,21.0,,16.968,,327.6,,1.73,,0.7,
2024-06-02 22:49:45,2024-06-02,22:49:45,,14.0,,64.5,,20.9,,16.409,,49.4,,0.76,,0.7
2024-06-02 22:50:46,2024-06-02,22:50:46,14.9,,68.4,,20.9,,16.914,,328.9,,2.09,,1.17,
2024-06-02 22:50:48,2024-06-02,22:50:48,,13.8,,64.4,,20.8,,16.305,,46.6,,1.06,,0.96
2024-06-02 22:51:50,2024-06-02,22:51:50,14.9,,68.7,,20.9,,16.953,,327.8,,2.27,,1.1,
2024-06-02 22:51:52,2024-06-02,22:51:52,,13.8,,64.4,,20.8,,16.305,,32.3,,0.97,,0.7
2024-06-02 22:52:54,2024-06-02,22:52:54,14.9,,68.4,,20.9,,16.914,,324.7,,1.72,,1.21,
2024-06-02 22:52:56,2024-06-02,22:52:56,,13.8,,64.4,,20.8,,16.305,,29.5,,0.96,,0.81
2024-06-02 22:53:56,2024-06-02,22:53:56,14.8,,68.6,,20.8,,16.847,,322.7,,1.93,,1.37,
2024-06-02 22:53:59,2024-06-02,22:53:59,,13.8,,64.4,,20.8,,16.305,,32.5,,1.03,,0.91
2024-06-02 22:55:00,2024-06-02,22:55:00,14.7,,68.6,,20.8,,16.847,,324.9,,1.91,,1.25,
2024-06-02 22:55:02,2024-06-02,22:55:02,,13.7,,64.3,,20.7,,16.201,,40.6,,1.17,,0.82
2024-06-02 22:56:04,2024-06-02,22:56:04,14.7,,68.6,,20.7,,16.754,,321.4,,2.04,,1.33,
2024-06-02 22:56:06,2024-06-02,22:56:06,,13.7,,64.3,,20.7,,16.201,,27.9,,1.08,,0.77
2024-06-02 22:57:07,2024-06-02,22:57:07,14.6,,68.4,,20.6,,16.636,,330.1,,2.08,,1.31,
2024-06-02 22:57:10,2024-06-02,22:57:10,,13.7,,64.3,,20.7,,16.201,,46.2,,1.17,,0.84
2024-06-02 22:58:11,2024-06-02,22:58:11,14.6,,68.6,,20.6,,16.662,,323.1,,2.08,,1.48,
2024-06-02 22:58:13,2024-06-02,22:58:13,,13.6,,64.3,,20.6,,16.109,,37.7,,1.12,,1.03
2024-06-02 22:59:14,2024-06-02,22:59:14,14.6,,68.9,,20.5,,16.607,,325.1,,2.32,,1.2,
2024-06-02 22:59:16,2024-06-02,22:59:16,,13.6,,64.3,,20.6,,16.109,,43.5,,1.23,,1.07
2024-06-02 23:00:18,2024-06-02,23:00:18,14.7,,69.2,,20.5,,16.645,,318.4,,2.1,,1.07,
2024-06-02 23:00:20,2024-06-02,23:00:20,,13.6,,64.3,,20.6,,16.109,,38.4,,1.5,,1.3
2024-06-02 23:01:22,2024-06-02,23:01:22,14.7,,69.4,,20.5,,16.671,,321.0,,1.76,,0.88,
2024-06-02 23:01:24,2024-06-02,23:01:24,,13.5,,64.4,,20.5,,16.031,,49.2,,2.17,,1.27
2024-06-02 23:02:25,2024-06-02,23:02:25,14.7,,69.3,,20.5,,16.658,,328.9,,2.13,,0.93,
2024-06-02 23:02:27,2024-06-02,23:02:27,,13.5,,64.4,,20.5,,16.031,,52.4,,2.04,,1.6
2024-06-02 23:03:28,2024-06-02,23:03:28,14.7,,69.4,,20.5,,16.671,,334.6,,2.24,,1.1,
2024-06-02 23:03:30,2024-06-02,23:03:30,,13.6,,64.5,,20.5,,16.044,,45.8,,2.64,,1.42
2024-06-02 23:04:32,2024-06-02,23:04:32,14.7,,69.3,,20.5,,16.658,,331.3,,2.02,,0.95,
2024-06-02 23:04:34,2024-06-02,23:04:34,,13.5,,64.6,,20.4,,15.965,,45.1,,2.26,,1.32
2024-06-02 23:05:36,2024-06-02,23:05:36,14.6,,69.2,,20.4,,16.553,,325.3,,1.83,,1.49,
2024-06-02 23:05:38,2024-06-02,23:05:38,,13.5,,64.7,,20.4,,15.978,,41.9,,1.97,,1.1
2024-06-02 23:06:39,2024-06-02,23:06:39,14.5,,69.0,,20.4,,16.527,,331.5,,1.6,,1.04,
2024-06-02 23:06:41,2024-06-02,23:06:41,,13.5,,64.8,,20.4,,15.991,,38.4,,1.92,,1.39
2024-06-02 23:07:42,2024-06-02,23:07:42,14.5,,69.1,,20.4,,16.54,,328.2,,1.93,,1.27,
2024-06-02 23:07:44,2024-06-02,23:07:44,,13.5,,64.9,,20.3,,15.912,,38.9,,1.86,,1.4
2024-06-02 23:08:46,2024-06-02,23:08:46,14.6,,69.3,,20.4,,16.565,,319.1,,2.41,,1.99,
2024-06-02 23:08:48,2024-06-02,23:08:48,,13.5,,65.0,,20.3,,15.925,,41.2,,2.32,,1.91
2024-06-02 23:09:50,2024-06-02,23:09:50,14.6,,69.5,,20.4,,16.591,,328.8,,1.77,,1.01,
2024-06-02 23:09:52,2024-06-02,23:09:52,,13.5,,65.1,,20.3,,15.938,,45.5,,1.95,,1.16
2024-06-02 23:10:53,2024-06-02,23:10:53,14.6,,69.5,,20.4,,16.591,,325.5,,1.6,,0.98,
2024-06-02 23:10:55,2024-06-02,23:10:55,,13.5,,65.1,,20.3,,15.938,,15.7,,1.47,,0.93
2024-06-02 23:11:56,2024-06-02,23:11:56,14.7,,69.6,,20.4,,16.603,,324.2,,2.07,,1.58,
2024-06-02 23:11:58,2024-06-02,23:11:58,,13.5,,65.2,,20.3,,15.95,,28.6,,1.88,,0.75
2024-06-02 23:13:00,2024-06-02,23:13:00,14.5,,69.6,,20.3,,16.51,,317.8,,2.19,,1.51,
2024-06-02 23:13:02,2024-06-02,23:13:02,,13.5,,65.3,,20.2,,15.871,,22.0,,1.53,,1.11
2024-06-02 23:14:04,2024-06-02,23:14:04,14.7,,69.9,,20.4,,16.642,,322.9,,2.32,,1.73,
2024-06-02 23:14:06,2024-06-02,23:14:06,,13.6,,65.4,,20.3,,15.976,,10.1,,1.4,,1.08
2024-06-02 23:15:07,2024-06-02,23:15:07,14.7,,69.9,,20.4,,16.642,,352.7,,2.13,,0.84,
2024-06-02 23:15:09,2024-06-02,23:15:09,,13.5,,65.4,,20.2,,15.884,,41.4,,1.59,,1.24
2024-06-02 23:16:10,2024-06-02,23:16:10,14.7,,70.0,,20.4,,16.654,,337.1,,2.02,,0.54,
2024-06-02 23:16:12,2024-06-02,23:16:12,,13.5,,65.5,,20.2,,15.897,,29.5,,1.92,,1.53
2024-06-02 23:17:14,2024-06-02,23:17:14,14.8,,70.1,,20.4,,16.667,,68.5,,1.92,,0.43,
2024-06-02 23:17:16,2024-06-02,23:17:16,,13.5,,65.6,,20.2,,15.91,,52.5,,1.55,,1.1
2024-06-02 23:18:18,2024-06-02,23:18:18,14.7,,69.7,,20.4,,16.616,,65.5,,0.7,,0.21,
2024-06-02 23:18:20,2024-06-02,23:18:20,,13.6,,65.7,,20.2,,15.922,,34.6,,1.71,,0.94
2024-06-02 23:19:21,2024-06-02,23:19:21,14.7,,69.6,,20.4,,16.603,,60.4,,0.75,,0.28,
2024-06-02 23:19:23,2024-06-02,23:19:23,,13.6,,65.9,,20.2,,15.948,,43.3,,1.72,,1.38
2024-06-02 23:20:24,2024-06-02,23:20:24,14.6,,69.3,,20.4,,16.565,,74.6,,0.76,,0.38,
2024-06-02 23:20:26,2024-06-02,23:20:26,,13.6,,66.0,,20.2,,15.961,,36.2,,2.18,,1.08
2024-06-02 23:21:28,2024-06-02,23:21:28,14.5,,69.1,,20.4,,16.54,,68.0,,0.6,,0.36,
2024-06-02 23:21:30,2024-06-02,23:21:30,,13.5,,66.0,,20.1,,15.869,,51.5,,2.05,,1.38
2024-06-02 23:22:32,2024-06-02,23:22:32,14.5,,68.9,,20.4,,16.514,,95.0,,0.6,,0.32,
2024-06-02 23:22:34,2024-06-02,23:22:34,,13.5,,66.0,,20.1,,15.869,,47.3,,2.05,,1.22
2024-06-02 23:23:35,2024-06-02,23:23:35,14.5,,69.0,,20.4,,16.527,,40.5,,0.52,,0.27,
2024-06-02 23:23:37,2024-06-02,23:23:37,,13.6,,66.1,,20.1,,15.881,,37.6,,1.85,,1.23
2024-06-02 23:24:38,2024-06-02,23:24:38,14.4,,68.7,,20.4,,16.489,,46.2,,0.63,,0.19,
2024-06-02 23:24:40,2024-06-02,23:24:40,,13.6,,66.2,,20.1,,15.894,,45.7,,2.66,,1.1
2024-06-02 23:25:42,2024-06-02,23:25:42,14.4,,68.7,,20.4,,16.489,,57.8,,0.61,,0.22,
2024-06-02 23:25:44,2024-06-02,23:25:44,,13.6,,66.2,,20.1,,15.894,,47.3,,2.25,,2.0
2024-06-02 23:26:46,2024-06-02,23:26:46,14.4,,68.4,,20.4,,16.451,,328.6,,0.42,,0.1,
2024-06-02 23:26:48,2024-06-02,23:26:48,,13.6,,66.3,,20.1,,15.907,,42.3,,1.99,,1.35
2024-06-02 23:27:49,2024-06-02,23:27:49,14.3,,68.2,,20.4,,16.425,,91.0,,0.57,,0.33,
2024-06-02 23:27:51,2024-06-02,23:27:51,,13.6,,66.3,,20.1,,15.907,,41.3,,1.96,,1.34
2024-06-02 23:28:52,2024-06-02,23:28:52,14.2,,68.0,,20.3,,16.307,,73.9,,0.76,,0.26,
2024-06-02 23:28:54,2024-06-02,23:28:54,,13.6,,66.3,,20.1,,15.907,,53.8,,2.0,,1.77
2024-06-02 23:29:56,2024-06-02,23:29:56,14.2,,68.0,,20.3,,16.307,,59.2,,0.78,,0.25,
2024-06-02 23:29:58,2024-06-02,23:29:58,,13.5,,66.3,,20.0,,15.815,,50.3,,2.11,,1.68
2024-06-02 23:31:00,2024-06-02,23:31:00,14.3,,68.0,,20.4,,16.4,,96.7,,0.98,,0.27,
2024-06-02 23:31:02,2024-06-02,23:31:02,,13.5,,66.3,,20.0,,15.815,,51.2,,1.89,,1.06
2024-06-02 23:32:03,2024-06-02,23:32:03,,,,,14.2,,,,76.4,,0.81,,0.25,
2024-06-02 23:32:05,2024-06-02,23:32:05,,13.5,,66.3,,20.0,,15.815,,48.5,,2.47,,1.71
2024-06-02 23:33:06,2024-06-02,23:33:06,14.2,,67.8,,20.4,,16.374,,99.3,,0.76,,0.11,
2024-06-02 23:33:08,2024-06-02,23:33:08,,13.5,,66.3,,20.0,,15.815,,42.2,,2.28,,1.03
2024-06-02 23:34:10,2024-06-02,23:34:10,14.1,,67.7,,20.3,,16.269,,105.2,,0.42,,0.12,
2024-06-02 23:34:12,2024-06-02,23:34:12,,13.5,,66.3,,20.0,,15.815,,39.6,,2.16,,1.29
2024-06-02 23:35:14,2024-06-02,23:35:14,14.2,,67.5,,20.4,,16.336,,84.6,,0.61,,0.47,
2024-06-02 23:35:16,2024-06-02,23:35:16,,13.5,,66.3,,20.0,,15.815,,49.7,,2.44,,1.68
2024-06-02 23:36:17,2024-06-02,23:36:17,14.0,,67.4,,20.3,,16.231,,72.6,,0.92,,0.42,
2024-06-02 23:36:19,2024-06-02,23:36:19,,13.5,,66.3,,20.0,,15.815,,29.2,,2.52,,1.16
2024-06-02 23:37:20,2024-06-02,23:37:20,14.0,,67.1,,20.3,,16.193,,70.5,,0.76,,0.45,
2024-06-02 23:37:22,2024-06-02,23:37:22,,13.5,,66.2,,20.0,,15.802,,43.2,,2.17,,1.83
2024-06-02 23:38:24,2024-06-02,23:38:24,14.0,,67.0,,20.3,,16.18,,77.6,,0.92,,0.49,
2024-06-02 23:38:26,2024-06-02,23:38:26,,13.5,,66.2,,20.0,,15.802,,47.9,,2.32,,1.96
2024-06-02 23:39:28,2024-06-02,23:39:28,14.0,,67.0,,20.3,,16.18,,45.3,,0.71,,0.52,
2024-06-02 23:39:30,2024-06-02,23:39:30,,13.5,,66.1,,20.0,,15.79,,31.7,,2.22,,1.57
2024-06-02 23:40:31,2024-06-02,23:40:31,14.0,,67.0,,20.3,,16.18,,45.1,,0.66,,0.45,
2024-06-02 23:40:33,2024-06-02,23:40:33,,13.4,,66.1,,19.9,,15.698,,47.4,,2.26,,1.25
2024-06-02 23:41:34,2024-06-02,23:41:34,14.0,,67.2,,20.3,,16.206,,62.8,,0.72,,0.39,
2024-06-02 23:41:36,2024-06-02,23:41:36,,13.4,,66.1,,19.9,,15.698,,34.4,,1.82,,0.91
2024-06-02 23:42:38,2024-06-02,23:42:38,14.0,,67.3,,20.3,,16.218,,83.8,,0.67,,0.55,
2024-06-02 23:42:40,2024-06-02,23:42:40,,13.4,,66.1,,19.9,,15.698,,39.7,,1.75,,1.34
2024-06-02 23:43:42,2024-06-02,23:43:42,14.2,,68.1,,20.3,,16.32,,36.0,,0.62,,0.35,
2024-06-02 23:43:44,2024-06-02,23:43:44,,13.4,,66.2,,19.9,,15.71,,26.3,,1.29,,1.05
2024-06-02 23:44:45,2024-06-02,23:44:45,14.3,,68.5,,20.3,,16.371,,33.4,,0.6,,0.38,
2024-06-02 23:44:47,2024-06-02,23:44:47,,13.4,,66.2,,19.9,,15.71,,26.1,,1.47,,1.03
2024-06-02 23:45:48,2024-06-02,23:45:48,14.5,,69.0,,20.4,,16.527,,51.6,,0.39,,0.26,
2024-06-02 23:45:50,2024-06-02,23:45:50,,13.4,,66.2,,19.9,,15.71,,38.1,,1.23,,0.97
2024-06-02 23:46:52,2024-06-02,23:46:52,14.5,,69.0,,20.4,,16.527,,33.0,,0.44,,0.35,
2024-06-02 23:46:54,2024-06-02,23:46:54,,13.4,,66.3,,19.9,,15.723,,355.9,,1.24,,0.75
2024-06-02 23:47:56,2024-06-02,23:47:56,14.4,,68.7,,20.4,,16.489,,78.9,,0.55,,0.35,
2024-06-02 23:47:58,2024-06-02,23:47:58,,13.4,,66.3,,19.9,,15.723,,53.0,,1.3,,0.86
2024-06-02 23:49:00,2024-06-02,23:49:00,14.5,,69.0,,20.4,,16.527,,26.0,,0.81,,0.29,
2024-06-02 23:49:01,2024-06-02,23:49:01,,13.4,,66.3,,19.9,,15.723,,38.7,,1.51,,0.83
2024-06-02 23:50:02,2024-06-02,23:50:02,14.7,,69.6,,20.4,,16.603,,29.9,,0.5,,0.27,
2024-06-02 23:50:04,2024-06-02,23:50:04,,13.4,,66.4,,19.9,,15.735,,33.8,,1.72,,1.15
2024-06-02 23:51:06,2024-06-02,23:51:06,14.8,,70.2,,20.4,,16.68,,75.1,,0.78,,0.48,
2024-06-02 23:51:08,2024-06-02,23:51:08,,13.4,,66.4,,19.9,,15.735,,32.1,,1.51,,0.91
2024-06-02 23:52:10,2024-06-02,23:52:10,14.9,,70.3,,20.5,,16.786,,61.5,,0.75,,0.43,
2024-06-02 23:52:12,2024-06-02,23:52:12,,13.4,,66.4,,19.9,,15.735,,28.9,,1.76,,1.18
2024-06-02 23:53:13,2024-06-02,23:53:13,14.8,,70.0,,20.5,,16.747,,70.8,,0.76,,0.53,
2024-06-02 23:53:15,2024-06-02,23:53:15,,13.4,,66.4,,19.9,,15.735,,33.7,,1.75,,1.22
2024-06-02 23:54:16,2024-06-02,23:54:16,,,,,,,,,85.4,,,,0.27,
2024-06-02 23:54:18,2024-06-02,23:54:18,,,,,,,,,,,,1.52,,0.72
