datetime,date,hour,dew_point_in,dew_point_out,humidity_in,humidity_out,temperature_in,temperature_out,wet_bulb_in,wet_bulb_out,wind_dir_in,wind_dir_out,wind_gust_in,wind_gust_out,wind_speed_in,wind_speed_out
2024-07-25 00:00:00,2024-07-25,00:00:00,19.0,,66.8,,25.7,,21.131,,,,2.24,,,
2024-07-25 00:00:52,2024-07-25,00:00:52,,18.0,,62.3,,25.7,,20.474,,53.1,,1.68,,1.21
2024-07-25 00:01:04,2024-07-25,00:01:04,19.0,,66.7,,25.7,,21.117,,314.4,,1.62,,1.11,
2024-07-25 00:01:54,2024-07-25,00:01:54,,17.9,,62.2,,25.7,,20.46,,49.2,,1.62,,1.14
2024-07-25 00:02:07,2024-07-25,00:02:07,19.0,,66.9,,25.6,,21.054,,343.6,,1.41,,0.79,
2024-07-25 00:02:58,2024-07-25,00:02:58,,17.9,,62.1,,25.7,,20.445,,35.9,,2.0,,1.4
2024-07-25 00:03:10,2024-07-25,00:03:10,19.0,,67.1,,25.6,,21.082,,310.9,,1.88,,1.07,
2024-07-25 00:04:02,2024-07-25,00:04:02,,17.9,,62.1,,25.7,,20.445,,38.0,,1.71,,0.99
2024-07-25 00:04:14,2024-07-25,00:04:14,19.0,,66.8,,25.6,,21.039,,322.2,,1.42,,0.95,
2024-07-25 00:05:06,2024-07-25,00:05:06,,17.9,,62.1,,25.7,,20.445,,42.5,,1.54,,1.18
2024-07-25 00:05:18,2024-07-25,00:05:18,19.0,,66.8,,25.6,,21.039,,313.8,,2.09,,1.43,
2024-07-25 00:06:08,2024-07-25,00:06:08,,17.8,,62.1,,25.6,,20.354,,37.2,,1.56,,1.07
2024-07-25 00:06:21,2024-07-25,00:06:21,19.0,,66.7,,25.6,,21.025,,330.2,,1.78,,1.09,
2024-07-25 00:07:12,2024-07-25,00:07:12,,17.8,,62.1,,25.6,,20.354,,42.1,,1.2,,0.92
2024-07-25 00:07:24,2024-07-25,00:07:24,19.0,,66.8,,25.6,,21.039,,322.4,,2.16,,1.53,
2024-07-25 00:08:16,2024-07-25,00:08:16,,17.8,,62.1,,25.6,,20.354,,43.8,,1.27,,1.11
2024-07-25 00:08:28,2024-07-25,00:08:28,18.9,,67.0,,25.5,,20.976,,328.6,,1.89,,1.07,
2024-07-25 00:09:20,2024-07-25,00:09:20,,,,,,17.8,,,,25.6,,6.21,,1.79
2024-07-25 00:09:32,2024-07-25,00:09:32,19.0,,67.3,,25.5,,21.019,,329.9,,1.92,,1.03,
2024-07-25 00:10:23,2024-07-25,00:10:23,,17.8,,62.0,,25.6,,20.34,,45.3,,1.79,,1.16
2024-07-25 00:10:35,2024-07-25,00:10:35,19.0,,67.5,,25.5,,21.048,,320.2,,2.11,,1.06,
2024-07-25 00:11:26,2024-07-25,00:11:26,,17.7,,62.0,,25.5,,20.249,,51.7,,1.81,,1.44
2024-07-25 00:11:38,2024-07-25,00:11:38,19.0,,67.5,,25.4,,20.955,,326.2,,1.77,,1.3,
2024-07-25 00:12:30,2024-07-25,00:12:30,,17.7,,62.0,,25.5,,20.249,,53.5,,1.79,,1.38
2024-07-25 00:12:42,2024-07-25,00:12:42,19.0,,67.7,,25.4,,20.984,,337.3,,1.95,,0.64,
2024-07-25 00:13:34,2024-07-25,00:13:34,,17.7,,62.0,,25.5,,20.249,,59.6,,1.73,,1.44
2024-07-25 00:13:46,2024-07-25,00:13:46,19.0,,67.6,,25.4,,20.97,,359.6,,1.69,,0.59,
2024-07-25 00:14:36,2024-07-25,00:14:36,,17.7,,62.0,,25.5,,20.249,,69.1,,1.89,,1.38
2024-07-25 00:14:49,2024-07-25,00:14:49,18.9,,67.6,,25.3,,20.877,,329.8,,1.94,,0.91,
2024-07-25 00:15:40,2024-07-25,00:15:40,,17.6,,62.0,,25.4,,20.158,,65.8,,1.62,,1.36
2024-07-25 00:15:52,2024-07-25,00:15:52,18.9,,67.7,,25.3,,20.892,,316.8,,1.8,,1.04,
2024-07-25 00:16:44,2024-07-25,00:16:44,,17.6,,62.0,,25.4,,20.158,,100.0,,1.35,,0.66
2024-07-25 00:16:56,2024-07-25,00:16:56,18.9,,67.8,,25.3,,20.906,,331.3,,2.01,,1.36,
2024-07-25 00:17:48,2024-07-25,00:17:48,,17.6,,62.0,,25.4,,20.158,,93.9,,1.13,,0.86
2024-07-25 00:18:00,2024-07-25,00:18:00,18.9,,67.9,,25.2,,20.828,,324.4,,1.67,,0.92,
2024-07-25 00:18:51,2024-07-25,00:18:51,,17.6,,62.0,,25.4,,20.158,,99.5,,1.11,,0.55
2024-07-25 00:19:03,2024-07-25,00:19:03,19.0,,68.3,,25.2,,20.885,,322.1,,2.26,,1.49,
2024-07-25 00:19:54,2024-07-25,00:19:54,,17.6,,62.0,,25.4,,20.158,,129.3,,0.86,,0.61
2024-07-25 00:20:06,2024-07-25,00:20:06,19.0,,68.4,,25.2,,20.899,,320.5,,2.41,,0.96,
2024-07-25 00:20:58,2024-07-25,00:20:58,,17.5,,62.0,,25.3,,20.068,,101.5,,0.84,,0.51
2024-07-25 00:21:10,2024-07-25,00:21:10,19.0,,68.8,,25.2,,20.956,,319.4,,1.68,,0.66,
2024-07-25 00:22:02,2024-07-25,00:22:02,,17.5,,62.0,,25.3,,20.068,,83.4,,0.74,,0.59
2024-07-25 00:22:14,2024-07-25,00:22:14,19.0,,68.8,,25.2,,20.956,,319.2,,1.56,,1.15,
2024-07-25 00:23:05,2024-07-25,00:23:05,,17.5,,62.0,,25.3,,20.068,,89.2,,0.95,,0.7
2024-07-25 00:23:17,2024-07-25,00:23:17,19.0,,68.8,,25.2,,20.956,,322.3,,2.08,,0.89,
2024-07-25 00:24:08,2024-07-25,00:24:08,,17.5,,61.9,,25.3,,20.053,,58.1,,0.81,,0.28
2024-07-25 00:24:20,2024-07-25,00:24:20,19.0,,68.8,,25.1,,20.863,,317.1,,2.1,,1.84,
2024-07-25 00:25:12,2024-07-25,00:25:12,,17.4,,61.9,,25.2,,19.963,,119.5,,0.74,,0.66
2024-07-25 00:25:24,2024-07-25,00:25:24,19.0,,68.5,,25.2,,20.913,,314.3,,2.36,,1.46,
2024-07-25 00:26:16,2024-07-25,00:26:16,,17.3,,61.8,,25.2,,19.948,,111.8,,0.88,,0.49
2024-07-25 00:26:28,2024-07-25,00:26:28,18.9,,68.4,,25.1,,20.806,,308.6,,1.69,,0.9,
2024-07-25 00:27:19,2024-07-25,00:27:19,,17.3,,61.8,,25.2,,19.948,,56.3,,1.43,,0.87
2024-07-25 00:27:31,2024-07-25,00:27:31,18.9,,68.1,,25.2,,20.856,,315.3,,1.86,,1.35,
2024-07-25 00:28:22,2024-07-25,00:28:22,,17.2,,61.7,,25.1,,19.843,,31.7,,1.44,,0.26
2024-07-25 00:28:34,2024-07-25,00:28:34,18.6,,67.3,,25.1,,20.65,,322.4,,2.45,,1.49,
2024-07-25 00:29:26,2024-07-25,00:29:26,,17.2,,61.7,,25.1,,19.843,,50.3,,0.78,,0.46
2024-07-25 00:29:38,2024-07-25,00:29:38,18.6,,67.0,,25.2,,20.699,,319.4,,2.28,,1.9,
2024-07-25 00:30:30,2024-07-25,00:30:30,,17.1,,61.5,,25.1,,19.814,,41.4,,0.97,,0.69
2024-07-25 00:30:42,2024-07-25,00:30:42,18.3,,65.9,,25.2,,20.542,,315.0,,2.53,,1.66,
2024-07-25 00:31:33,2024-07-25,00:31:33,,17.1,,61.5,,25.1,,19.814,,20.3,,0.94,,0.5
2024-07-25 00:31:45,2024-07-25,00:31:45,18.2,,65.3,,25.2,,20.455,,322.2,,2.66,,1.45,
2024-07-25 00:32:36,2024-07-25,00:32:36,,17.1,,61.6,,25.0,,19.738,,312.0,,0.62,,0.3
2024-07-25 00:32:48,2024-07-25,00:32:48,18.1,,65.0,,25.2,,20.412,,321.2,,2.22,,1.4,
2024-07-25 00:33:40,2024-07-25,00:33:40,,17.1,,61.7,,25.0,,19.753,,311.2,,0.43,,0.24
2024-07-25 00:33:52,2024-07-25,00:33:52,18.1,,64.9,,25.2,,20.398,,320.5,,2.04,,1.29,
2024-07-25 00:34:44,2024-07-25,00:34:44,,17.1,,61.7,,25.0,,19.753,,326.1,,0.47,,0.3
2024-07-25 00:34:56,2024-07-25,00:34:56,18.2,,64.9,,25.3,,20.489,,314.3,,2.06,,1.56,
2024-07-25 00:35:47,2024-07-25,00:35:47,,17.1,,61.7,,25.0,,19.753,,329.8,,0.8,,0.31
2024-07-25 00:35:59,2024-07-25,00:35:59,18.3,,65.3,,25.3,,20.547,,319.3,,1.91,,1.2,
2024-07-25 00:36:50,2024-07-25,00:36:50,,17.1,,61.8,,25.0,,19.767,,311.8,,0.6,,0.4
2024-07-25 00:37:02,2024-07-25,00:37:02,18.3,,65.2,,25.3,,20.533,,326.7,,1.86,,1.16,
2024-07-25 00:37:54,2024-07-25,00:37:54,,17.1,,61.8,,25.0,,19.767,,334.1,,0.73,,0.54
2024-07-25 00:38:06,2024-07-25,00:38:06,18.2,,65.5,,25.2,,20.484,,314.4,,2.24,,1.02,
2024-07-25 00:38:58,2024-07-25,00:38:58,,17.1,,61.8,,25.0,,19.767,,326.8,,0.96,,0.59
2024-07-25 00:39:10,2024-07-25,00:39:10,18.3,,65.6,,25.2,,20.498,,318.5,,1.93,,1.3,
2024-07-25 00:40:01,2024-07-25,00:40:01,,17.1,,61.9,,25.0,,19.782,,310.0,,0.67,,0.42
2024-07-25 00:40:13,2024-07-25,00:40:13,18.3,,65.6,,25.2,,20.498,,317.7,,1.89,,1.23,
2024-07-25 00:41:04,2024-07-25,00:41:04,,17.1,,61.9,,25.0,,19.782,,266.5,,0.75,,0.69
2024-07-25 00:41:16,2024-07-25,00:41:16,18.3,,65.8,,25.2,,20.527,,320.1,,1.93,,0.91,
2024-07-25 00:42:08,2024-07-25,00:42:08,,17.2,,62.0,,25.0,,19.796,,258.4,,0.72,,0.64
2024-07-25 00:42:20,2024-07-25,00:42:20,18.3,,66.1,,25.1,,20.478,,322.1,,2.19,,1.36,
2024-07-25 00:43:12,2024-07-25,00:43:12,,17.3,,62.3,,25.0,,19.84,,249.3,,0.88,,0.8
2024-07-25 00:43:24,2024-07-25,00:43:24,18.4,,66.6,,25.1,,20.55,,318.2,,2.05,,1.41,
2024-07-25 00:44:15,2024-07-25,00:44:15,,17.3,,62.5,,25.0,,19.869,,249.2,,1.08,,1.04
2024-07-25 00:44:27,2024-07-25,00:44:27,18.4,,67.0,,25.0,,20.515,,326.8,,2.35,,1.26,
2024-07-25 00:45:18,2024-07-25,00:45:18,,17.4,,62.7,,25.0,,19.898,,247.2,,1.06,,1.0
2024-07-25 00:45:30,2024-07-25,00:45:30,18.5,,67.4,,25.0,,20.572,,321.5,,1.84,,1.13,
2024-07-25 00:46:22,2024-07-25,00:46:22,,17.4,,62.9,,25.0,,19.927,,259.5,,1.04,,0.88
2024-07-25 00:46:34,2024-07-25,00:46:34,18.4,,67.5,,24.9,,20.493,,324.5,,1.84,,1.53,
2024-07-25 00:47:26,2024-07-25,00:47:26,,17.4,,63.1,,24.9,,19.864,,257.7,,1.09,,1.01
2024-07-25 00:47:38,2024-07-25,00:47:38,18.5,,67.8,,24.9,,20.536,,324.6,,2.08,,1.46,
2024-07-25 00:48:29,2024-07-25,00:48:29,,17.4,,63.1,,24.9,,19.864,,271.2,,1.26,,0.88
2024-07-25 00:48:41,2024-07-25,00:48:41,18.5,,68.1,,24.8,,20.486,,327.7,,2.09,,1.38,
2024-07-25 00:49:32,2024-07-25,00:49:32,,17.4,,63.1,,24.9,,19.864,,273.6,,1.17,,0.79
2024-07-25 00:49:44,2024-07-25,00:49:44,18.5,,68.2,,24.8,,20.5,,327.9,,1.93,,1.22,
2024-07-25 00:50:36,2024-07-25,00:50:36,,17.3,,63.0,,24.9,,19.85,,289.1,,1.35,,0.59
2024-07-25 00:50:48,2024-07-25,00:50:48,18.6,,68.0,,24.9,,20.564,,326.6,,1.99,,1.65,
2024-07-25 00:51:40,2024-07-25,00:51:40,,17.3,,62.9,,24.9,,19.836,,297.0,,0.94,,0.65
2024-07-25 00:51:52,2024-07-25,00:51:52,18.5,,67.9,,24.9,,20.55,,311.4,,1.74,,1.29,
2024-07-25 00:52:43,2024-07-25,00:52:43,,17.3,,62.9,,24.9,,19.836,,312.0,,0.87,,0.58
2024-07-25 00:52:55,2024-07-25,00:52:55,18.5,,67.8,,24.9,,20.536,,320.4,,1.58,,1.07,
2024-07-25 00:53:46,2024-07-25,00:53:46,,17.3,,62.8,,24.9,,19.821,,290.7,,0.91,,0.32
2024-07-25 00:53:58,2024-07-25,00:53:58,18.5,,67.7,,24.9,,20.522,,319.4,,1.79,,1.43,
2024-07-25 00:54:50,2024-07-25,00:54:50,,17.4,,62.8,,25.0,,19.912,,357.9,,0.96,,0.71
2024-07-25 00:55:02,2024-07-25,00:55:02,18.5,,67.3,,24.9,,20.465,,327.6,,2.1,,1.31,
2024-07-25 00:55:54,2024-07-25,00:55:54,,17.4,,62.8,,25.0,,19.912,,5.1,,0.8,,0.68
2024-07-25 00:56:06,2024-07-25,00:56:06,18.5,,67.0,,25.1,,20.607,,315.5,,1.7,,1.49,
2024-07-25 00:56:57,2024-07-25,00:56:57,,17.4,,62.8,,25.0,,19.912,,347.6,,0.99,,0.84
2024-07-25 00:57:09,2024-07-25,00:57:09,18.4,,66.4,,25.1,,20.521,,321.9,,2.68,,1.45,
2024-07-25 00:58:00,2024-07-25,00:58:00,,17.4,,62.9,,25.0,,19.927,,350.0,,1.08,,0.81
2024-07-25 00:58:12,2024-07-25,00:58:12,18.3,,65.9,,25.2,,20.542,,316.2,,2.17,,1.73,
2024-07-25 00:59:04,2024-07-25,00:59:04,,17.4,,62.8,,25.0,,19.912,,325.9,,0.79,,0.35
2024-07-25 00:59:16,2024-07-25,00:59:16,18.3,,65.7,,25.2,,20.513,,315.7,,2.11,,1.88,
2024-07-25 01:00:08,2024-07-25,01:00:08,,17.4,,62.8,,25.0,,19.912,,321.4,,0.8,,0.7
2024-07-25 01:00:20,2024-07-25,01:00:20,18.3,,65.4,,25.3,,20.561,,324.2,,2.14,,1.8,
2024-07-25 01:01:11,2024-07-25,01:01:11,,17.4,,62.7,,25.0,,19.898,,327.1,,1.27,,0.99
2024-07-25 01:01:23,2024-07-25,01:01:23,18.3,,65.4,,25.3,,20.561,,314.1,,2.16,,1.27,
2024-07-25 01:02:14,2024-07-25,01:02:14,,17.3,,62.6,,25.0,,19.883,,309.6,,1.08,,0.8
2024-07-25 01:02:26,2024-07-25,01:02:26,18.2,,65.5,,25.2,,20.484,,321.2,,2.42,,1.09,
2024-07-25 01:03:18,2024-07-25,01:03:18,,17.3,,62.5,,25.0,,19.869,,312.5,,1.02,,0.84
2024-07-25 01:03:30,2024-07-25,01:03:30,18.2,,65.5,,25.2,,20.484,,317.5,,1.7,,1.48,
2024-07-25 01:04:22,2024-07-25,01:04:22,,17.3,,62.5,,25.0,,19.869,,306.7,,1.09,,0.85
2024-07-25 01:04:34,2024-07-25,01:04:34,18.3,,65.6,,25.2,,20.498,,321.0,,2.31,,1.36,
2024-07-25 01:05:25,2024-07-25,01:05:25,,17.3,,62.5,,25.0,,19.869,,312.4,,1.32,,1.02
2024-07-25 01:05:37,2024-07-25,01:05:37,18.3,,65.7,,25.2,,20.513,,323.2,,2.15,,1.59,
2024-07-25 01:06:28,2024-07-25,01:06:28,,17.4,,62.5,,25.1,,19.959,,312.8,,1.43,,1.17
2024-07-25 01:06:40,2024-07-25,01:06:40,18.3,,65.8,,25.2,,20.527,,323.2,,2.21,,1.27,
2024-07-25 01:07:32,2024-07-25,01:07:32,,17.4,,62.5,,25.1,,19.959,,321.0,,1.41,,0.87
2024-07-25 01:07:44,2024-07-25,01:07:44,18.3,,65.9,,25.2,,20.542,,321.6,,2.25,,1.19,
2024-07-25 01:08:36,2024-07-25,01:08:36,,17.4,,62.4,,25.1,,19.945,,321.1,,1.28,,1.14
2024-07-25 01:08:48,2024-07-25,01:08:48,18.3,,65.8,,25.2,,20.527,,330.9,,1.8,,0.86,
2024-07-25 01:09:39,2024-07-25,01:09:39,,17.4,,62.4,,25.1,,19.945,,319.7,,1.29,,1.06
2024-07-25 01:09:51,2024-07-25,01:09:51,18.3,,65.9,,25.2,,20.542,,318.8,,1.75,,1.05,
2024-07-25 01:10:42,2024-07-25,01:10:42,,17.4,,62.4,,25.1,,19.945,,312.1,,1.4,,1.25
2024-07-25 01:10:54,2024-07-25,01:10:54,18.3,,65.9,,25.2,,20.542,,328.7,,1.56,,0.96,
2024-07-25 01:11:46,2024-07-25,01:11:46,,17.4,,62.3,,25.1,,19.93,,318.7,,1.39,,1.02
2024-07-25 01:11:58,2024-07-25,01:11:58,18.3,,65.8,,25.2,,20.527,,327.5,,1.58,,1.01,
2024-07-25 01:12:50,2024-07-25,01:12:50,,17.4,,62.2,,25.2,,20.006,,322.7,,1.49,,1.28
2024-07-25 01:13:02,2024-07-25,01:13:02,18.4,,66.1,,25.2,,20.57,,321.1,,1.53,,0.77,
2024-07-25 01:13:53,2024-07-25,01:13:53,,17.4,,62.2,,25.2,,20.006,,321.3,,1.47,,0.94
2024-07-25 01:14:05,2024-07-25,01:14:05,18.4,,65.8,,25.3,,20.619,,319.8,,1.31,,1.07,
2024-07-25 01:14:56,2024-07-25,01:14:56,,17.4,,62.1,,25.2,,19.992,,319.0,,1.19,,0.81
2024-07-25 01:15:08,2024-07-25,01:15:08,18.4,,66.0,,25.3,,20.648,,318.9,,1.75,,1.16,
2024-07-25 01:16:00,2024-07-25,01:16:00,,17.4,,62.1,,25.2,,19.992,,315.4,,0.85,,0.65
2024-07-25 01:16:12,2024-07-25,01:16:12,18.4,,65.9,,25.3,,20.633,,319.1,,1.44,,0.8,
2024-07-25 01:17:04,2024-07-25,01:17:04,,17.4,,62.2,,25.2,,20.006,,309.9,,1.04,,0.72
2024-07-25 01:17:16,2024-07-25,01:17:16,18.4,,66.0,,25.2,,20.556,,326.1,,1.33,,0.93,
2024-07-25 01:18:07,2024-07-25,01:18:07,,17.3,,62.2,,25.1,,19.916,,284.8,,0.72,,0.54
2024-07-25 01:18:19,2024-07-25,01:18:19,18.4,,66.3,,25.2,,20.599,,318.0,,1.61,,1.21,
2024-07-25 01:19:10,2024-07-25,01:19:10,,17.3,,62.2,,25.1,,19.916,,294.3,,0.77,,0.5
2024-07-25 01:19:22,2024-07-25,01:19:22,18.4,,66.6,,25.1,,20.55,,327.4,,1.72,,1.31,
2024-07-25 01:20:14,2024-07-25,01:20:14,,17.4,,62.3,,25.1,,19.93,,292.6,,0.83,,0.71
2024-07-25 01:20:26,2024-07-25,01:20:26,18.5,,66.8,,25.1,,20.578,,311.8,,1.66,,0.66,
2024-07-25 01:21:18,2024-07-25,01:21:18,,17.4,,62.4,,25.1,,19.945,,284.5,,0.87,,0.69
2024-07-25 01:21:30,2024-07-25,01:21:30,18.5,,67.0,,25.1,,20.607,,335.4,,1.53,,0.76,
2024-07-25 01:22:21,2024-07-25,01:22:21,,17.4,,62.4,,25.1,,19.945,,292.2,,0.96,,0.52
2024-07-25 01:22:33,2024-07-25,01:22:33,18.4,,67.1,,25.0,,20.529,,324.4,,2.03,,1.44,
2024-07-25 01:23:24,2024-07-25,01:23:24,,17.4,,62.4,,25.1,,19.945,,307.5,,0.7,,0.58
2024-07-25 01:23:36,2024-07-25,01:23:36,18.4,,67.1,,25.0,,20.529,,310.9,,1.7,,0.87,
2024-07-25 01:24:28,2024-07-25,01:24:28,,17.4,,62.4,,25.1,,19.945,,313.2,,0.59,,0.41
2024-07-25 01:24:40,2024-07-25,01:24:40,18.5,,67.2,,25.0,,20.543,,321.2,,1.87,,1.29,
2024-07-25 01:25:32,2024-07-25,01:25:32,,17.4,,62.4,,25.1,,19.945,,339.8,,0.51,,0.44
2024-07-25 01:25:44,2024-07-25,01:25:44,18.4,,67.4,,24.9,,20.479,,307.2,,1.86,,0.72,
2024-07-25 01:26:35,2024-07-25,01:26:35,,17.4,,62.4,,25.1,,19.945,,8.3,,0.61,,0.5
2024-07-25 01:26:47,2024-07-25,01:26:47,18.4,,67.5,,24.9,,20.493,,321.8,,1.6,,0.91,
2024-07-25 01:27:38,2024-07-25,01:27:38,,17.4,,62.5,,25.1,,19.959,,345.9,,0.66,,0.57
2024-07-25 01:27:50,2024-07-25,01:27:50,18.4,,67.7,,24.8,,20.429,,325.2,,2.03,,1.29,
2024-07-25 01:28:42,2024-07-25,01:28:42,,17.4,,62.6,,25.1,,19.974,,1.8,,0.81,,0.65
2024-07-25 01:28:54,2024-07-25,01:28:54,18.4,,68.2,,24.7,,20.407,,316.6,,2.22,,1.35,
2024-07-25 01:29:46,2024-07-25,01:29:46,,17.5,,62.7,,25.1,,19.988,,16.5,,0.88,,0.71
2024-07-25 01:29:58,2024-07-25,01:29:58,18.3,,68.1,,24.6,,20.301,,324.7,,1.77,,0.97,
2024-07-25 01:30:49,2024-07-25,01:30:49,,17.5,,62.7,,25.1,,19.988,,23.3,,0.88,,0.83
2024-07-25 01:31:01,2024-07-25,01:31:01,18.4,,68.4,,24.6,,20.343,,328.9,,2.39,,1.36,
2024-07-25 01:31:52,2024-07-25,01:31:52,,17.5,,62.8,,25.0,,19.912,,25.4,,0.9,,0.7
2024-07-25 01:32:04,2024-07-25,01:32:04,18.4,,69.1,,24.5,,20.348,,323.9,,2.56,,1.44,
2024-07-25 01:32:56,2024-07-25,01:32:56,,17.4,,62.8,,25.0,,19.912,,26.7,,0.75,,0.63
2024-07-25 01:33:08,2024-07-25,01:33:08,18.5,,69.6,,24.4,,20.325,,320.3,,1.86,,1.2,
2024-07-25 01:34:00,2024-07-25,01:34:00,,17.4,,62.9,,25.0,,19.927,,45.8,,0.69,,0.47
2024-07-25 01:34:12,2024-07-25,01:34:12,18.6,,69.8,,24.5,,20.446,,314.2,,1.9,,1.22,
2024-07-25 01:35:03,2024-07-25,01:35:03,,17.4,,62.9,,25.0,,19.927,,44.1,,0.62,,0.58
2024-07-25 01:35:15,2024-07-25,01:35:15,18.7,,69.8,,24.6,,20.539,,316.1,,2.21,,0.89,
2024-07-25 01:36:06,2024-07-25,01:36:06,,17.4,,62.9,,25.0,,19.927,,10.3,,0.45,,0.15
2024-07-25 01:36:18,2024-07-25,01:36:18,18.7,,69.4,,24.7,,20.576,,318.2,,2.13,,0.93,
2024-07-25 01:37:10,2024-07-25,01:37:10,,17.4,,62.9,,25.0,,19.927,,51.6,,0.59,,0.22
2024-07-25 01:37:22,2024-07-25,01:37:22,18.7,,69.2,,24.7,,20.548,,311.5,,2.19,,0.54,
2024-07-25 01:38:14,2024-07-25,01:38:14,,17.3,,62.9,,24.9,,19.836,,112.1,,0.33,,0.17
2024-07-25 01:38:26,2024-07-25,01:38:26,18.6,,68.9,,24.7,,20.506,,306.7,,1.4,,0.94,
2024-07-25 01:39:17,2024-07-25,01:39:17,,17.2,,62.6,,24.9,,19.792,,198.3,,0.72,,0.61
2024-07-25 01:39:29,2024-07-25,01:39:29,18.6,,69.5,,24.6,,20.497,,326.6,,1.68,,1.08,
2024-07-25 01:40:20,2024-07-25,01:40:20,,17.3,,62.7,,24.9,,19.807,,178.8,,0.81,,0.71
2024-07-25 01:40:32,2024-07-25,01:40:32,18.5,,69.3,,24.5,,20.376,,317.4,,2.28,,1.57,
2024-07-25 01:41:24,2024-07-25,01:41:24,,17.2,,62.8,,24.8,,19.73,,200.9,,0.77,,0.68
2024-07-25 01:41:36,2024-07-25,01:41:36,18.5,,69.6,,24.4,,20.325,,322.7,,1.64,,1.13,
2024-07-25 01:42:28,2024-07-25,01:42:28,,17.2,,62.9,,24.8,,19.745,,192.1,,0.75,,0.35
2024-07-25 01:42:40,2024-07-25,01:42:40,18.5,,69.7,,24.4,,20.339,,318.1,,1.95,,0.84,
2024-07-25 01:43:31,2024-07-25,01:43:31,,17.2,,63.0,,24.7,,19.668,,211.1,,0.48,,0.19
2024-07-25 01:43:43,2024-07-25,01:43:43,18.4,,69.9,,24.3,,20.274,,328.4,,2.01,,0.84,
2024-07-25 01:44:34,2024-07-25,01:44:34,,17.2,,63.1,,24.7,,19.683,,178.3,,0.28,,0.15
2024-07-25 01:44:46,2024-07-25,01:44:46,18.5,,70.1,,24.3,,20.301,,318.5,,1.79,,0.74,
2024-07-25 01:45:38,2024-07-25,01:45:38,,17.2,,63.2,,24.7,,19.697,,46.2,,0.26,,0.18
2024-07-25 01:45:50,2024-07-25,01:45:50,18.7,,70.5,,24.4,,20.45,,309.6,,1.94,,1.35,
2024-07-25 01:46:42,2024-07-25,01:46:42,,17.2,,63.1,,24.7,,19.683,,69.5,,0.5,,0.31
2024-07-25 01:46:54,2024-07-25,01:46:54,18.7,,70.7,,24.4,,20.478,,310.6,,1.93,,0.8,
2024-07-25 01:47:45,2024-07-25,01:47:45,,17.2,,63.1,,24.7,,19.683,,88.6,,0.52,,0.26
2024-07-25 01:47:57,2024-07-25,01:47:57,18.8,,70.9,,24.4,,20.506,,324.5,,1.79,,1.17,
2024-07-25 01:48:48,2024-07-25,01:48:48,,17.1,,63.1,,24.6,,19.592,,128.5,,0.55,,0.51
2024-07-25 01:49:00,2024-07-25,01:49:00,18.8,,70.9,,24.4,,20.506,,306.6,,1.54,,0.86,
2024-07-25 01:49:52,2024-07-25,01:49:52,,17.1,,63.2,,24.6,,19.606,,157.5,,0.58,,0.46
2024-07-25 01:50:04,2024-07-25,01:50:04,18.8,,70.9,,24.4,,20.506,,328.3,,1.81,,0.72,
2024-07-25 01:50:56,2024-07-25,01:50:56,,17.1,,63.3,,24.6,,19.62,,189.5,,0.89,,0.79
2024-07-25 01:51:08,2024-07-25,01:51:08,18.7,,70.9,,24.3,,20.412,,323.9,,1.66,,0.66,
2024-07-25 01:51:59,2024-07-25,01:51:59,,17.1,,63.4,,24.5,,19.544,,190.4,,1.2,,1.1
2024-07-25 01:52:12,2024-07-25,01:52:12,18.6,,70.4,,24.3,,20.343,,316.6,,1.88,,0.6,
2024-07-25 01:53:02,2024-07-25,01:53:02,,17.1,,63.4,,24.5,,19.544,,188.8,,1.4,,1.02
2024-07-25 01:53:15,2024-07-25,01:53:15,18.5,,70.5,,24.2,,20.264,,323.0,,1.76,,0.79,
2024-07-25 01:54:06,2024-07-25,01:54:06,,17.0,,63.6,,24.4,,19.481,,194.6,,1.53,,1.11
2024-07-25 01:54:18,2024-07-25,01:54:18,18.6,,70.9,,24.2,,20.319,,321.8,,1.7,,0.81,
2024-07-25 01:55:10,2024-07-25,01:55:10,,17.1,,63.9,,24.3,,19.432,,197.1,,1.16,,0.92
2024-07-25 01:55:22,2024-07-25,01:55:22,18.6,,71.0,,24.2,,20.333,,315.4,,1.97,,1.38,
2024-07-25 01:56:13,2024-07-25,01:56:13,,17.1,,64.3,,24.3,,19.489,,198.9,,1.04,,0.8
2024-07-25 01:56:26,2024-07-25,01:56:26,18.6,,71.3,,24.1,,20.281,,313.7,,1.82,,1.41,
2024-07-25 01:57:16,2024-07-25,01:57:16,,17.3,,64.7,,24.4,,19.637,,263.5,,0.84,,0.18
2024-07-25 01:57:29,2024-07-25,01:57:29,18.7,,71.7,,24.1,,20.336,,334.0,,1.76,,0.55,
2024-07-25 01:58:20,2024-07-25,01:58:20,,17.3,,64.8,,24.4,,19.651,,175.9,,0.65,,0.52
2024-07-25 01:58:32,2024-07-25,01:58:32,18.7,,72.0,,24.1,,20.377,,318.8,,1.26,,0.52,
2024-07-25 01:59:24,2024-07-25,01:59:24,,17.3,,64.9,,24.4,,19.665,,105.3,,0.47,,0.09
2024-07-25 01:59:36,2024-07-25,01:59:36,18.8,,72.3,,24.1,,20.418,,323.0,,1.65,,0.93,
2024-07-25 02:00:27,2024-07-25,02:00:27,,17.3,,65.0,,24.3,,19.588,,231.7,,0.32,,0.16
2024-07-25 02:00:40,2024-07-25,02:00:40,18.9,,72.6,,24.1,,20.459,,318.1,,1.75,,0.94,
2024-07-25 02:01:30,2024-07-25,02:01:30,,17.3,,65.1,,24.3,,19.602,,168.2,,0.44,,0.29
2024-07-25 02:01:43,2024-07-25,02:01:43,19.0,,72.9,,24.1,,20.501,,322.7,,1.87,,1.31,
2024-07-25 02:02:34,2024-07-25,02:02:34,,17.3,,65.1,,24.3,,19.602,,171.3,,0.49,,0.17
2024-07-25 02:02:46,2024-07-25,02:02:46,19.0,,73.0,,24.2,,20.608,,317.4,,2.25,,1.5,
2024-07-25 02:03:38,2024-07-25,02:03:38,,17.3,,65.2,,24.3,,19.616,,193.2,,0.36,,0.15
2024-07-25 02:03:50,2024-07-25,02:03:50,19.0,,73.0,,24.2,,20.608,,319.0,,2.19,,1.4,
2024-07-25 02:04:41,2024-07-25,02:04:41,,17.3,,65.2,,24.3,,19.616,,154.8,,0.45,,0.2
2024-07-25 02:04:54,2024-07-25,02:04:54,19.0,,73.0,,24.2,,20.608,,313.9,,1.92,,1.2,
2024-07-25 02:05:44,2024-07-25,02:05:44,,17.3,,65.2,,24.3,,19.616,,109.0,,0.38,,0.25
2024-07-25 02:05:57,2024-07-25,02:05:57,19.0,,72.8,,24.2,,20.581,,326.2,,2.01,,0.91,
2024-07-25 02:06:48,2024-07-25,02:06:48,,17.3,,65.3,,24.3,,19.63,,148.3,,0.23,,0.15
2024-07-25 02:07:00,2024-07-25,02:07:00,19.1,,73.2,,24.2,,20.636,,318.3,,2.02,,1.38,
2024-07-25 02:07:52,2024-07-25,02:07:52,,17.2,,65.2,,24.2,,19.524,,55.4,,0.3,,0.22
2024-07-25 02:08:04,2024-07-25,02:08:04,19.1,,73.5,,24.2,,20.677,,316.2,,1.92,,1.12,
2024-07-25 02:08:55,2024-07-25,02:08:55,,17.2,,65.2,,24.2,,19.524,,46.2,,0.34,,0.18
2024-07-25 02:09:08,2024-07-25,02:09:08,19.1,,73.6,,24.2,,20.691,,321.8,,1.42,,0.78,
2024-07-25 02:09:58,2024-07-25,02:09:58,,17.2,,65.2,,24.2,,19.524,,30.4,,0.26,,0.19
2024-07-25 02:10:11,2024-07-25,02:10:11,19.1,,73.9,,24.1,,20.638,,319.6,,1.78,,1.21,
2024-07-25 02:11:02,2024-07-25,02:11:02,,17.2,,65.2,,24.2,,19.524,,30.4,,0.18,,0.03
2024-07-25 02:11:14,2024-07-25,02:11:14,19.1,,73.9,,24.1,,20.638,,329.7,,1.62,,0.99,
2024-07-25 02:12:06,2024-07-25,02:12:06,,17.1,,65.2,,24.1,,19.433,,30.4,,0.1,,0.08
2024-07-25 02:12:18,2024-07-25,02:12:18,19.2,,74.5,,24.1,,20.72,,328.9,,1.61,,0.93,
2024-07-25 02:13:09,2024-07-25,02:13:09,,17.1,,65.2,,24.1,,19.433,,30.4,,0.11,,0.02
2024-07-25 02:13:22,2024-07-25,02:13:22,19.2,,74.1,,24.1,,20.665,,329.9,,1.93,,0.71,
2024-07-25 02:14:12,2024-07-25,02:14:12,,17.1,,65.2,,24.1,,19.433,,30.4,,0.11,,0.05
2024-07-25 02:14:25,2024-07-25,02:14:25,19.1,,74.3,,24.0,,20.598,,328.3,,1.66,,1.17,
2024-07-25 02:15:16,2024-07-25,02:15:16,,17.1,,65.2,,24.1,,19.433,,130.0,,0.22,,0.2
2024-07-25 02:15:28,2024-07-25,02:15:28,19.2,,74.6,,24.0,,20.639,,328.8,,1.73,,0.97,
2024-07-25 02:16:20,2024-07-25,02:16:20,,17.0,,65.1,,24.0,,19.327,,93.8,,0.27,,0.18
2024-07-25 02:16:32,2024-07-25,02:16:32,19.2,,75.0,,23.9,,20.599,,324.5,,2.02,,0.63,
2024-07-25 02:17:23,2024-07-25,02:17:23,,17.0,,65.1,,24.0,,19.327,,65.4,,0.37,,0.27
2024-07-25 02:17:36,2024-07-25,02:17:36,19.2,,75.2,,23.9,,20.626,,317.1,,1.61,,0.93,
2024-07-25 02:18:26,2024-07-25,02:18:26,,16.9,,65.0,,24.0,,19.313,,70.9,,0.39,,0.16
2024-07-25 02:18:39,2024-07-25,02:18:39,19.1,,75.3,,23.8,,20.545,,331.6,,1.61,,0.83,
2024-07-25 02:19:30,2024-07-25,02:19:30,,16.9,,65.0,,23.9,,19.222,,164.6,,0.34,,0.29
2024-07-25 02:19:42,2024-07-25,02:19:42,19.1,,75.8,,23.7,,20.518,,319.3,,1.69,,1.25,
2024-07-25 02:20:34,2024-07-25,02:20:34,,17.0,,65.1,,23.9,,19.236,,201.1,,0.33,,0.28
2024-07-25 02:20:46,2024-07-25,02:20:46,19.4,,77.0,,23.7,,20.68,,320.3,,2.16,,0.92,
2024-07-25 02:21:37,2024-07-25,02:21:37,,17.0,,65.3,,23.9,,19.263,,225.1,,0.34,,0.29
2024-07-25 02:21:50,2024-07-25,02:21:50,19.4,,77.0,,23.7,,20.68,,312.8,,1.81,,0.55,
2024-07-25 02:22:40,2024-07-25,02:22:40,,17.0,,65.4,,23.9,,19.277,,172.8,,0.64,,0.54
2024-07-25 02:22:53,2024-07-25,02:22:53,19.4,,77.0,,23.7,,20.68,,322.7,,1.82,,1.11,
2024-07-25 02:23:44,2024-07-25,02:23:44,,17.0,,65.4,,23.9,,19.277,,148.7,,1.01,,0.65
2024-07-25 02:23:56,2024-07-25,02:23:56,19.3,,76.5,,23.7,,20.612,,324.4,,2.25,,1.03,
2024-07-25 02:24:48,2024-07-25,02:24:48,,16.9,,65.3,,23.8,,19.172,,115.9,,1.24,,0.87
2024-07-25 02:25:00,2024-07-25,02:25:00,19.1,,76.6,,23.6,,20.531,,315.4,,1.92,,1.0,
2024-07-25 02:25:51,2024-07-25,02:25:51,,16.9,,65.4,,23.8,,19.186,,133.0,,0.8,,0.45
2024-07-25 02:26:04,2024-07-25,02:26:04,19.1,,76.7,,23.5,,20.449,,324.7,,1.98,,1.29,
2024-07-25 02:26:54,2024-07-25,02:26:54,,16.9,,65.4,,23.8,,19.186,,112.0,,0.65,,0.5
2024-07-25 02:27:07,2024-07-25,02:27:07,19.1,,77.0,,23.4,,20.394,,327.9,,2.15,,1.33,
2024-07-25 02:27:58,2024-07-25,02:27:58,,16.8,,65.4,,23.7,,19.094,,166.6,,0.53,,0.32
2024-07-25 02:28:10,2024-07-25,02:28:10,19.2,,77.9,,23.3,,20.419,,324.6,,1.91,,1.14,
2024-07-25 02:29:02,2024-07-25,02:29:02,,16.9,,65.5,,23.7,,19.108,,150.9,,0.32,,0.25
2024-07-25 02:29:14,2024-07-25,02:29:14,19.3,,78.4,,23.3,,20.486,,328.1,,1.53,,0.89,
2024-07-25 02:30:05,2024-07-25,02:30:05,,16.9,,65.5,,23.7,,19.108,,88.2,,0.57,,0.47
2024-07-25 02:30:18,2024-07-25,02:30:18,19.3,,78.3,,23.3,,20.473,,323.6,,1.9,,1.37,
2024-07-25 02:31:08,2024-07-25,02:31:08,,16.9,,65.5,,23.6,,19.016,,101.6,,0.82,,0.64
2024-07-25 02:31:21,2024-07-25,02:31:21,19.4,,78.8,,23.3,,20.539,,322.2,,1.69,,1.17,
2024-07-25 02:32:12,2024-07-25,02:32:12,,16.8,,65.6,,23.6,,19.03,,97.2,,0.66,,0.43
2024-07-25 02:32:24,2024-07-25,02:32:24,19.5,,79.2,,23.3,,20.593,,330.2,,1.92,,1.16,
2024-07-25 02:33:16,2024-07-25,02:33:16,,16.8,,65.6,,23.6,,19.03,,110.8,,0.46,,0.31
2024-07-25 02:33:28,2024-07-25,02:33:28,19.4,,79.2,,23.2,,20.497,,329.9,,1.68,,1.18,
2024-07-25 02:34:32,2024-07-25,02:34:32,19.5,,80.0,,23.2,,20.603,,321.6,,1.69,,1.12,
2024-07-25 02:34:48,2024-07-25,02:34:48,,16.8,,65.7,,23.6,,19.044,,88.1,,0.42,,0.36
2024-07-25 02:35:35,2024-07-25,02:35:35,19.6,,80.0,,23.3,,20.699,,328.3,,1.34,,0.75,
2024-07-25 02:35:52,2024-07-25,02:35:52,,16.8,,65.8,,23.6,,19.058,,46.8,,0.38,,0.19
2024-07-25 02:36:38,2024-07-25,02:36:38,19.6,,80.0,,23.3,,20.699,,321.2,,1.94,,1.3,
2024-07-25 02:36:56,2024-07-25,02:36:56,,16.7,,65.8,,23.5,,18.966,,46.8,,0.2,,0.17
2024-07-25 02:37:42,2024-07-25,02:37:42,19.5,,80.0,,23.2,,20.603,,324.8,,1.71,,0.74,
2024-07-25 02:37:59,2024-07-25,02:37:59,,16.7,,65.8,,23.5,,18.966,,325.3,,0.46,,0.43
2024-07-25 02:38:46,2024-07-25,02:38:46,19.5,,79.9,,23.2,,20.59,,328.1,,1.99,,1.14,
2024-07-25 02:39:02,2024-07-25,02:39:02,,16.8,,65.9,,23.5,,18.98,,354.6,,0.48,,0.3
2024-07-25 02:39:49,2024-07-25,02:39:49,19.7,,80.6,,23.2,,20.683,,333.3,,1.69,,0.99,
2024-07-25 02:40:06,2024-07-25,02:40:06,,16.8,,65.9,,23.5,,18.98,,21.5,,0.38,,0.33
2024-07-25 02:40:52,2024-07-25,02:40:52,19.6,,80.5,,23.2,,20.669,,324.2,,2.25,,1.18,
2024-07-25 02:41:10,2024-07-25,02:41:10,,16.7,,65.9,,23.4,,18.888,,39.5,,0.43,,0.36
2024-07-25 02:41:56,2024-07-25,02:41:56,19.5,,80.3,,23.1,,20.547,,317.1,,1.64,,1.16,
2024-07-25 02:42:13,2024-07-25,02:42:13,,16.7,,65.9,,23.4,,18.888,,60.4,,0.42,,0.26
2024-07-25 02:43:00,2024-07-25,02:43:00,19.6,,80.6,,23.1,,20.587,,325.0,,1.99,,0.7,
2024-07-25 02:43:16,2024-07-25,02:43:16,,16.7,,65.9,,23.4,,18.888,,62.9,,0.37,,0.33
2024-07-25 02:44:03,2024-07-25,02:44:03,19.6,,81.5,,23.0,,20.609,,329.9,,1.5,,1.05,
2024-07-25 02:44:20,2024-07-25,02:44:20,,16.7,,66.0,,23.4,,18.902,,97.0,,0.35,,0.07
2024-07-25 02:45:06,2024-07-25,02:45:06,19.8,,82.1,,23.0,,20.688,,327.9,,1.97,,1.05,
2024-07-25 02:45:24,2024-07-25,02:45:24,,16.7,,66.0,,23.4,,18.902,,97.0,,0.14,,0.07
2024-07-25 02:46:10,2024-07-25,02:46:10,19.9,,82.3,,23.1,,20.811,,323.6,,2.44,,1.17,
2024-07-25 02:46:27,2024-07-25,02:46:27,,16.6,,66.0,,23.3,,18.81,,97.0,,0.19,,0.14
2024-07-25 02:47:14,2024-07-25,02:47:14,19.8,,81.9,,23.1,,20.759,,322.6,,1.98,,1.54,
2024-07-25 02:47:30,2024-07-25,02:47:30,,16.6,,66.0,,23.3,,18.81,,337.0,,0.3,,0.27
2024-07-25 02:48:17,2024-07-25,02:48:17,19.8,,81.7,,23.1,,20.732,,324.2,,1.94,,1.11,
2024-07-25 02:48:34,2024-07-25,02:48:34,,16.6,,66.1,,23.3,,18.823,,358.6,,0.38,,0.27
2024-07-25 02:49:21,2024-07-25,02:49:21,19.8,,81.6,,23.1,,20.719,,320.1,,2.14,,1.25,
2024-07-25 02:49:38,2024-07-25,02:49:38,,16.6,,66.2,,23.3,,18.837,,353.7,,0.39,,0.16
2024-07-25 02:50:24,2024-07-25,02:50:24,19.8,,81.7,,23.1,,20.732,,307.9,,2.47,,1.06,
2024-07-25 02:50:41,2024-07-25,02:50:41,,16.6,,66.2,,23.3,,18.837,,353.7,,0.22,,0.17
2024-07-25 02:51:28,2024-07-25,02:51:28,19.8,,81.4,,23.2,,20.789,,317.5,,1.68,,1.34,
2024-07-25 02:51:44,2024-07-25,02:51:44,,16.6,,66.3,,23.2,,18.759,,353.7,,0.17,,0.12
2024-07-25 02:52:32,2024-07-25,02:52:32,19.7,,80.8,,23.2,,20.709,,320.8,,1.97,,1.62,
2024-07-25 02:52:48,2024-07-25,02:52:48,,16.6,,66.3,,23.2,,18.759,,353.7,,0.17,,0.09
2024-07-25 02:53:35,2024-07-25,02:53:35,19.7,,80.8,,23.2,,20.709,,302.6,,2.02,,1.06,
2024-07-25 02:53:52,2024-07-25,02:53:52,,16.6,,66.3,,23.2,,18.759,,353.7,,0.12,,0.11
2024-07-25 02:54:38,2024-07-25,02:54:38,19.7,,80.8,,23.2,,20.709,,343.5,,2.12,,0.44,
2024-07-25 02:54:55,2024-07-25,02:54:55,,16.5,,66.3,,23.1,,18.667,,120.2,,0.28,,0.26
2024-07-25 02:55:42,2024-07-25,02:55:42,19.8,,81.0,,23.2,,20.736,,322.9,,1.58,,1.23,
2024-07-25 02:55:58,2024-07-25,02:55:58,,16.4,,66.2,,23.1,,18.653,,132.6,,0.43,,0.39
2024-07-25 02:56:46,2024-07-25,02:56:46,19.7,,80.6,,23.2,,20.683,,328.8,,2.06,,0.95,
2024-07-25 02:57:02,2024-07-25,02:57:02,,16.4,,66.2,,23.1,,18.653,,137.0,,0.56,,0.46
2024-07-25 02:57:49,2024-07-25,02:57:49,19.6,,80.7,,23.1,,20.6,,324.2,,2.41,,1.03,
2024-07-25 02:58:06,2024-07-25,02:58:06,,16.5,,66.3,,23.1,,18.667,,152.1,,0.5,,0.26
2024-07-25 02:58:52,2024-07-25,02:58:52,19.7,,81.8,,23.0,,20.649,,318.9,,2.13,,1.13,
2024-07-25 02:59:09,2024-07-25,02:59:09,,16.5,,66.4,,23.1,,18.681,,97.9,,0.35,,0.25
2024-07-25 02:59:56,2024-07-25,02:59:56,19.9,,82.6,,23.0,,20.754,,322.6,,1.95,,1.23,
2024-07-25 03:00:12,2024-07-25,03:00:12,,16.4,,66.5,,23.0,,18.602,,127.8,,0.23,,0.1
2024-07-25 03:01:00,2024-07-25,03:01:00,19.9,,82.7,,23.0,,20.768,,321.2,,1.69,,1.26,
2024-07-25 03:01:16,2024-07-25,03:01:16,,16.5,,66.5,,23.1,,18.694,,124.2,,0.32,,0.29
2024-07-25 03:02:03,2024-07-25,03:02:03,20.0,,83.1,,23.0,,20.82,,323.8,,1.82,,1.3,
2024-07-25 03:02:20,2024-07-25,03:02:20,,16.4,,66.6,,23.0,,18.616,,160.5,,0.48,,0.31
2024-07-25 03:03:06,2024-07-25,03:03:06,20.0,,83.7,,23.0,,20.899,,330.7,,1.8,,1.2,
2024-07-25 03:03:23,2024-07-25,03:03:23,,16.6,,66.7,,23.1,,18.722,,166.8,,0.45,,0.39
2024-07-25 03:04:10,2024-07-25,03:04:10,20.0,,83.5,,23.0,,20.873,,317.8,,1.83,,0.82,
2024-07-25 03:04:27,2024-07-25,03:04:27,,16.6,,66.9,,23.1,,18.749,,173.3,,0.58,,0.51
2024-07-25 03:05:14,2024-07-25,03:05:14,20.0,,83.6,,23.0,,20.886,,317.0,,2.42,,0.9,
2024-07-25 03:05:30,2024-07-25,03:05:30,,16.7,,67.1,,23.1,,18.776,,180.7,,0.66,,0.65
2024-07-25 03:06:17,2024-07-25,03:06:17,20.0,,83.1,,23.0,,20.82,,318.2,,1.92,,1.3,
2024-07-25 03:06:34,2024-07-25,03:06:34,,16.8,,67.4,,23.2,,18.909,,190.5,,0.71,,0.68
2024-07-25 03:07:20,2024-07-25,03:07:20,20.0,,83.1,,23.0,,20.82,,318.5,,2.12,,1.33,
2024-07-25 03:07:37,2024-07-25,03:07:37,,17.0,,67.6,,23.3,,19.029,,202.3,,0.74,,0.65
2024-07-25 03:08:24,2024-07-25,03:08:24,19.8,,82.8,,22.9,,20.684,,326.6,,1.99,,1.34,
2024-07-25 03:08:41,2024-07-25,03:08:41,,17.0,,67.6,,23.3,,19.029,,204.9,,0.87,,0.8
2024-07-25 03:09:28,2024-07-25,03:09:28,19.9,,83.2,,22.9,,20.737,,323.9,,1.9,,0.89,
2024-07-25 03:09:44,2024-07-25,03:09:44,,17.0,,67.6,,23.3,,19.029,,211.2,,0.97,,0.81
2024-07-25 03:10:31,2024-07-25,03:10:31,20.0,,83.5,,22.9,,20.776,,316.5,,1.84,,1.07,
2024-07-25 03:10:48,2024-07-25,03:10:48,,17.0,,68.0,,23.3,,19.084,,199.7,,1.27,,1.14
2024-07-25 03:11:34,2024-07-25,03:11:34,19.9,,83.2,,22.9,,20.737,,317.0,,1.74,,1.03,
2024-07-25 03:11:51,2024-07-25,03:11:51,,17.1,,68.3,,23.3,,19.125,,197.4,,1.26,,1.15
2024-07-25 03:12:38,2024-07-25,03:12:38,20.0,,83.7,,22.9,,20.802,,330.6,,2.02,,0.67,
2024-07-25 03:12:55,2024-07-25,03:12:55,,17.2,,68.4,,23.4,,19.231,,204.2,,1.21,,0.99
2024-07-25 03:13:42,2024-07-25,03:13:42,20.1,,84.2,,23.0,,20.965,,322.9,,2.51,,1.08,
2024-07-25 03:13:58,2024-07-25,03:13:58,,17.2,,68.5,,23.4,,19.245,,201.8,,1.06,,0.89
2024-07-25 03:14:45,2024-07-25,03:14:45,20.2,,84.4,,23.0,,20.991,,315.1,,2.27,,0.98,
2024-07-25 03:15:02,2024-07-25,03:15:02,,17.4,,68.6,,23.5,,19.351,,193.8,,1.18,,1.05
2024-07-25 03:15:48,2024-07-25,03:15:48,20.4,,84.7,,23.1,,21.128,,321.2,,1.84,,1.17,
2024-07-25 03:16:06,2024-07-25,03:16:06,,17.2,,68.4,,23.4,,19.231,,194.3,,1.68,,1.57
2024-07-25 03:16:52,2024-07-25,03:16:52,20.4,,84.9,,23.1,,21.154,,325.3,,2.03,,1.22,
2024-07-25 03:17:09,2024-07-25,03:17:09,,17.1,,68.4,,23.3,,19.138,,188.0,,1.75,,0.78
2024-07-25 03:17:56,2024-07-25,03:17:56,20.3,,84.3,,23.1,,21.075,,321.7,,2.2,,1.57,
2024-07-25 03:18:12,2024-07-25,03:18:12,,17.1,,68.4,,23.3,,19.138,,181.4,,1.12,,0.91
2024-07-25 03:18:59,2024-07-25,03:18:59,20.0,,83.4,,23.0,,20.86,,326.6,,2.07,,1.12,
2024-07-25 03:19:16,2024-07-25,03:19:16,,17.0,,68.5,,23.2,,19.059,,197.0,,1.12,,0.9
2024-07-25 03:20:02,2024-07-25,03:20:02,20.0,,83.3,,23.0,,20.847,,322.3,,1.7,,1.27,
2024-07-25 03:20:19,2024-07-25,03:20:19,,17.0,,68.6,,23.1,,18.98,,218.8,,0.99,,0.5
2024-07-25 03:21:06,2024-07-25,03:21:06,19.9,,83.3,,22.9,,20.75,,324.3,,1.85,,1.01,
2024-07-25 03:21:23,2024-07-25,03:21:23,,17.0,,68.6,,23.1,,18.98,,260.7,,0.57,,0.15
2024-07-25 03:22:10,2024-07-25,03:22:10,19.9,,83.0,,22.9,,20.71,,329.2,,1.89,,0.7,
2024-07-25 03:22:26,2024-07-25,03:22:26,,17.0,,68.7,,23.1,,18.994,,304.9,,0.44,,0.29
2024-07-25 03:23:13,2024-07-25,03:23:13,19.9,,83.5,,22.8,,20.679,,322.3,,1.83,,1.09,
2024-07-25 03:23:30,2024-07-25,03:23:30,,16.9,,68.7,,23.0,,18.901,,302.6,,0.43,,0.33
2024-07-25 03:24:16,2024-07-25,03:24:16,19.7,,82.7,,22.8,,20.574,,326.7,,2.21,,1.5,
2024-07-25 03:24:34,2024-07-25,03:24:34,,16.9,,68.6,,23.0,,18.887,,345.4,,0.5,,0.39
2024-07-25 03:25:20,2024-07-25,03:25:20,19.2,,81.3,,22.6,,20.197,,334.6,,1.78,,0.97,
2024-07-25 03:25:37,2024-07-25,03:25:37,,16.8,,68.5,,22.9,,18.781,,353.9,,0.51,,0.32
2024-07-25 03:26:24,2024-07-25,03:26:24,19.0,,80.7,,22.5,,20.023,,323.0,,1.64,,1.42,
2024-07-25 03:26:40,2024-07-25,03:26:40,,16.7,,68.3,,22.9,,18.754,,353.0,,0.69,,0.65
2024-07-25 03:27:27,2024-07-25,03:27:27,18.8,,80.3,,22.4,,19.874,,332.5,,1.85,,0.95,
2024-07-25 03:27:44,2024-07-25,03:27:44,,16.6,,68.2,,22.8,,18.648,,353.9,,0.91,,0.85
2024-07-25 03:28:30,2024-07-25,03:28:30,18.7,,80.1,,22.3,,19.752,,322.8,,2.0,,0.86,
2024-07-25 03:28:48,2024-07-25,03:28:48,,16.5,,68.1,,22.7,,18.542,,8.4,,0.85,,0.48
2024-07-25 03:29:34,2024-07-25,03:29:34,18.7,,80.6,,22.2,,19.721,,333.5,,1.88,,1.28,
2024-07-25 03:29:51,2024-07-25,03:29:51,,16.5,,68.3,,22.7,,18.569,,62.4,,0.61,,0.23
2024-07-25 03:30:38,2024-07-25,03:30:38,18.9,,82.0,,22.1,,19.806,,319.4,,2.52,,1.44,
2024-07-25 03:30:54,2024-07-25,03:30:54,,16.5,,68.4,,22.6,,18.49,,100.8,,0.53,,0.33
2024-07-25 03:31:42,2024-07-25,03:31:42,19.1,,83.2,,22.1,,19.962,,333.5,,2.16,,0.71,
2024-07-25 03:31:58,2024-07-25,03:31:58,,16.5,,68.5,,22.6,,18.503,,133.6,,0.56,,0.35
2024-07-25 03:32:45,2024-07-25,03:32:45,19.0,,83.5,,22.0,,19.904,,323.8,,1.89,,1.47,
2024-07-25 03:33:02,2024-07-25,03:33:02,,16.5,,68.6,,22.6,,18.516,,162.8,,0.49,,0.42
2024-07-25 03:33:48,2024-07-25,03:33:48,19.1,,83.8,,22.0,,19.942,,318.5,,2.02,,0.87,
2024-07-25 03:34:05,2024-07-25,03:34:05,,16.7,,68.9,,22.7,,18.649,,149.2,,0.59,,0.43
2024-07-25 03:34:52,2024-07-25,03:34:52,19.1,,84.3,,21.9,,19.91,,336.2,,1.96,,0.64,
2024-07-25 03:35:08,2024-07-25,03:35:08,,16.7,,69.0,,22.7,,18.663,,138.2,,0.38,,0.19
2024-07-25 03:35:56,2024-07-25,03:35:56,19.3,,85.4,,21.9,,20.052,,303.6,,1.72,,0.78,
2024-07-25 03:36:12,2024-07-25,03:36:12,,16.9,,69.2,,22.8,,18.783,,191.6,,0.31,,0.16
2024-07-25 03:36:59,2024-07-25,03:36:59,19.5,,86.7,,21.8,,20.121,,326.9,,2.27,,1.56,
2024-07-25 03:37:16,2024-07-25,03:37:16,,17.0,,69.6,,22.8,,18.836,,237.5,,0.3,,0.25
2024-07-25 03:38:02,2024-07-25,03:38:02,20.1,,89.6,,21.9,,20.591,,330.3,,2.13,,1.32,
2024-07-25 03:38:19,2024-07-25,03:38:19,,17.2,,70.1,,23.0,,19.09,,252.0,,0.42,,0.27
2024-07-25 03:39:06,2024-07-25,03:39:06,20.3,,91.1,,21.9,,20.784,,331.4,,1.8,,1.24,
2024-07-25 03:39:22,2024-07-25,03:39:22,,17.3,,69.8,,23.1,,19.143,,323.5,,0.3,,0.22
2024-07-25 03:40:10,2024-07-25,03:40:10,20.2,,90.1,,21.9,,20.656,,334.4,,2.07,,0.7,
2024-07-25 03:40:26,2024-07-25,03:40:26,,17.2,,69.7,,23.1,,19.129,,16.0,,0.31,,0.27
2024-07-25 03:41:13,2024-07-25,03:41:13,19.9,,89.2,,21.8,,20.442,,334.7,,1.79,,0.81,
2024-07-25 03:41:30,2024-07-25,03:41:30,,17.0,,69.1,,23.0,,18.955,,60.1,,1.03,,0.96
2024-07-25 03:42:16,2024-07-25,03:42:16,19.9,,89.5,,21.7,,20.382,,338.7,,1.76,,0.91,
2024-07-25 03:42:33,2024-07-25,03:42:33,,16.9,,69.0,,22.9,,18.849,,73.7,,1.14,,0.99
2024-07-25 03:43:20,2024-07-25,03:43:20,20.0,,90.9,,21.6,,20.462,,354.6,,1.94,,0.65,
2024-07-25 03:43:36,2024-07-25,03:43:36,,16.8,,68.9,,22.8,,18.742,,84.5,,1.22,,1.06
2024-07-25 03:44:24,2024-07-25,03:44:24,20.3,,92.6,,21.6,,20.679,,326.5,,1.76,,0.58,
2024-07-25 03:44:40,2024-07-25,03:44:40,,16.7,,69.1,,22.7,,18.676,,87.3,,1.29,,1.1
2024-07-25 03:45:28,2024-07-25,03:45:28,,,,,20.6,,,,21.6,,9.44,,1.82,
2024-07-25 03:45:44,2024-07-25,03:45:44,,16.8,,69.2,,22.7,,18.69,,85.4,,1.2,,0.99
2024-07-25 03:46:30,2024-07-25,03:46:30,21.0,,96.3,,21.6,,21.151,,320.1,,2.42,,1.54,
2024-07-25 03:46:47,2024-07-25,03:46:47,,16.7,,69.3,,22.6,,18.61,,86.1,,0.97,,0.75
2024-07-25 03:47:34,2024-07-25,03:47:34,21.3,,98.6,,21.6,,21.444,,317.4,,2.36,,1.52,
2024-07-25 03:47:50,2024-07-25,03:47:50,,16.7,,69.4,,22.6,,18.624,,100.6,,0.83,,0.42
2024-07-25 03:48:38,2024-07-25,03:48:38,21.7,,100.0,,21.7,,21.724,,319.7,,2.28,,1.28,
2024-07-25 03:48:54,2024-07-25,03:48:54,,16.7,,69.4,,22.6,,18.624,,87.0,,0.46,,0.32
2024-07-25 03:49:41,2024-07-25,03:49:41,21.8,,100.0,,21.8,,21.824,,318.2,,2.22,,1.44,
2024-07-25 03:49:58,2024-07-25,03:49:58,,16.6,,69.4,,22.5,,18.531,,62.8,,0.6,,0.55
2024-07-25 03:50:44,2024-07-25,03:50:44,21.8,,100.0,,21.8,,21.824,,318.8,,2.02,,1.25,
2024-07-25 03:51:01,2024-07-25,03:51:01,,16.6,,69.5,,22.5,,18.544,,59.5,,0.7,,0.65
2024-07-25 03:51:48,2024-07-25,03:51:48,21.9,,100.0,,21.9,,21.925,,329.2,,2.09,,1.27,
2024-07-25 03:52:04,2024-07-25,03:52:04,,16.7,,69.7,,22.5,,18.571,,82.5,,0.73,,0.7
2024-07-25 03:52:52,2024-07-25,03:52:52,21.9,,100.0,,21.9,,21.925,,319.7,,1.87,,1.18,
2024-07-25 03:53:08,2024-07-25,03:53:08,,16.8,,69.9,,22.6,,18.69,,91.8,,0.76,,0.58
2024-07-25 03:53:55,2024-07-25,03:53:55,21.9,,100.0,,21.9,,21.925,,323.6,,1.93,,1.53,
2024-07-25 03:54:12,2024-07-25,03:54:12,,16.9,,70.0,,22.6,,18.704,,89.4,,0.7,,0.6
2024-07-25 03:54:58,2024-07-25,03:54:58,21.9,,100.0,,21.9,,21.925,,320.3,,2.31,,1.6,
2024-07-25 03:55:15,2024-07-25,03:55:15,,16.9,,70.1,,22.6,,18.717,,91.8,,0.59,,0.32
2024-07-25 03:56:02,2024-07-25,03:56:02,22.0,,100.0,,22.0,,22.026,,312.5,,2.43,,1.73,
2024-07-25 03:56:18,2024-07-25,03:56:18,,16.9,,70.0,,22.6,,18.704,,57.6,,0.3,,0.13
2024-07-25 03:57:06,2024-07-25,03:57:06,22.0,,100.0,,22.0,,22.026,,321.2,,2.3,,1.16,
2024-07-25 03:57:22,2024-07-25,03:57:22,,16.9,,70.0,,22.6,,18.704,,350.2,,0.36,,0.3
2024-07-25 03:58:09,2024-07-25,03:58:09,22.1,,100.0,,22.1,,22.127,,318.7,,1.97,,1.57,
2024-07-25 03:58:26,2024-07-25,03:58:26,,16.9,,70.2,,22.6,,18.731,,321.5,,0.42,,0.35
2024-07-25 03:59:12,2024-07-25,03:59:12,22.1,,100.0,,22.1,,22.127,,306.3,,2.25,,0.94,
2024-07-25 03:59:29,2024-07-25,03:59:29,,16.9,,70.2,,22.6,,18.731,,323.5,,0.34,,0.09
2024-07-25 04:00:16,2024-07-25,04:00:16,22.2,,100.0,,22.2,,22.227,,316.4,,1.99,,1.05,
2024-07-25 04:00:32,2024-07-25,04:00:32,,16.9,,70.2,,22.6,,18.731,,323.5,,0.17,,0.15
2024-07-25 04:01:20,2024-07-25,04:01:20,22.2,,100.0,,22.2,,22.227,,325.2,,1.73,,1.25,
2024-07-25 04:01:36,2024-07-25,04:01:36,,16.8,,70.2,,22.5,,18.637,,134.4,,0.3,,0.27
2024-07-25 04:02:23,2024-07-25,04:02:23,22.3,,100.0,,22.3,,22.328,,317.1,,1.81,,1.24,
2024-07-25 04:02:40,2024-07-25,04:02:40,,16.8,,70.3,,22.5,,18.651,,154.2,,0.41,,0.38
2024-07-25 04:03:26,2024-07-25,04:03:26,22.3,,100.0,,22.3,,22.328,,330.7,,1.91,,1.29,
2024-07-25 04:03:44,2024-07-25,04:03:44,,16.9,,70.7,,22.5,,18.704,,159.6,,0.66,,0.57
2024-07-25 04:04:30,2024-07-25,04:04:30,22.3,,100.0,,22.3,,22.328,,322.2,,2.18,,1.39,
2024-07-25 04:04:47,2024-07-25,04:04:47,,17.2,,71.4,,22.7,,18.984,,153.4,,0.72,,0.68
2024-07-25 04:05:34,2024-07-25,04:05:34,22.3,,100.0,,22.3,,22.328,,328.0,,2.03,,1.55,
2024-07-25 04:05:50,2024-07-25,04:05:50,,17.7,,72.2,,23.0,,19.372,,148.7,,0.96,,0.92
2024-07-25 04:06:37,2024-07-25,04:06:37,22.2,,100.0,,22.2,,22.227,,321.1,,2.3,,1.32,
2024-07-25 04:06:54,2024-07-25,04:06:54,,17.9,,72.5,,23.1,,19.507,,141.3,,1.22,,1.18
2024-07-25 04:07:40,2024-07-25,04:07:40,22.2,,100.0,,22.2,,22.227,,319.2,,2.28,,1.31,
2024-07-25 04:07:58,2024-07-25,04:07:58,,18.0,,72.8,,23.1,,19.547,,138.9,,1.51,,1.39
2024-07-25 04:08:44,2024-07-25,04:08:44,22.3,,100.0,,22.3,,22.328,,327.9,,1.95,,1.4,
2024-07-25 04:09:01,2024-07-25,04:09:01,,17.9,,73.2,,23.0,,19.506,,140.5,,1.62,,1.31
2024-07-25 04:09:48,2024-07-25,04:09:48,22.2,,100.0,,22.2,,22.227,,324.6,,2.28,,1.65,
2024-07-25 04:10:04,2024-07-25,04:10:04,,18.0,,73.7,,23.0,,19.573,,129.8,,1.36,,1.17
2024-07-25 04:10:51,2024-07-25,04:10:51,22.3,,100.0,,22.3,,22.328,,327.2,,2.32,,1.11,
2024-07-25 04:11:08,2024-07-25,04:11:08,,18.0,,74.1,,22.9,,19.532,,127.5,,1.55,,1.33
2024-07-25 04:11:54,2024-07-25,04:11:54,22.2,,100.0,,22.2,,22.227,,312.4,,1.99,,1.45,
2024-07-25 04:12:12,2024-07-25,04:12:12,,18.1,,74.5,,22.9,,19.586,,121.5,,1.48,,1.25
2024-07-25 04:12:58,2024-07-25,04:12:58,22.2,,100.0,,22.2,,22.227,,323.1,,2.3,,1.28,
2024-07-25 04:13:15,2024-07-25,04:13:15,,18.1,,74.9,,22.8,,19.544,,129.5,,1.72,,1.4
2024-07-25 04:14:02,2024-07-25,04:14:02,22.2,,100.0,,22.2,,22.227,,313.8,,2.36,,0.96,
2024-07-25 04:14:18,2024-07-25,04:14:18,,18.2,,75.4,,22.8,,19.611,,130.7,,1.73,,1.62
2024-07-25 04:15:05,2024-07-25,04:15:05,22.2,,100.0,,22.2,,22.227,,328.5,,1.88,,1.02,
2024-07-25 04:15:22,2024-07-25,04:15:22,,18.1,,75.3,,22.7,,19.503,,132.7,,2.07,,1.85
2024-07-25 04:16:08,2024-07-25,04:16:08,22.1,,100.0,,22.1,,22.127,,316.3,,1.73,,0.65,
2024-07-25 04:16:26,2024-07-25,04:16:26,,17.9,,75.2,,22.5,,19.3,,129.8,,2.07,,1.61
2024-07-25 04:17:12,2024-07-25,04:17:12,22.1,,100.0,,22.1,,22.127,,322.9,,1.84,,1.55,
2024-07-25 04:17:29,2024-07-25,04:17:29,,17.7,,75.2,,22.3,,19.111,,134.1,,2.08,,1.58
2024-07-25 04:18:16,2024-07-25,04:18:16,22.1,,100.0,,22.1,,22.127,,326.0,,1.93,,1.37,
2024-07-25 04:18:32,2024-07-25,04:18:32,,17.7,,75.5,,22.2,,19.055,,139.6,,1.86,,1.26
2024-07-25 04:19:19,2024-07-25,04:19:19,22.0,,100.0,,22.0,,22.026,,325.0,,1.84,,1.27,
2024-07-25 04:19:36,2024-07-25,04:19:36,,,,,,17.6,,,,22.2,,7.59,,1.58
2024-07-25 04:20:22,2024-07-25,04:20:22,22.1,,100.0,,22.1,,22.127,,318.9,,1.7,,0.86,
2024-07-25 04:20:40,2024-07-25,04:20:40,,17.7,,76.3,,22.1,,19.065,,127.1,,1.71,,1.53
2024-07-25 04:21:26,2024-07-25,04:21:26,22.0,,100.0,,22.0,,22.026,,321.4,,1.94,,1.41,
2024-07-25 04:21:43,2024-07-25,04:21:43,,18.0,,76.9,,22.2,,19.239,,131.0,,1.66,,1.14
2024-07-25 04:22:30,2024-07-25,04:22:30,22.0,,100.0,,22.1,,22.127,,321.0,,1.68,,0.84,
2024-07-25 04:22:46,2024-07-25,04:22:46,,18.0,,77.3,,22.1,,19.196,,124.5,,1.38,,1.34
2024-07-25 04:23:33,2024-07-25,04:23:33,22.0,,100.0,,22.0,,22.026,,317.4,,1.84,,0.95,
2024-07-25 04:23:50,2024-07-25,04:23:50,,18.0,,77.7,,22.1,,19.248,,134.5,,1.38,,1.16
2024-07-25 04:24:36,2024-07-25,04:24:36,22.0,,100.0,,22.0,,22.026,,326.9,,2.15,,0.87,
2024-07-25 04:24:54,2024-07-25,04:24:54,,18.1,,78.2,,22.1,,19.313,,129.8,,1.34,,1.07
2024-07-25 04:25:40,2024-07-25,04:25:40,22.1,,100.0,,22.1,,22.127,,323.9,,1.49,,0.84,
2024-07-25 04:25:57,2024-07-25,04:25:57,,18.2,,78.6,,22.1,,19.365,,131.9,,1.31,,1.13
2024-07-25 04:26:44,2024-07-25,04:26:44,22.1,,100.0,,22.1,,22.127,,322.8,,1.69,,1.18,
2024-07-25 04:27:00,2024-07-25,04:27:00,,18.2,,78.8,,22.1,,19.391,,108.3,,1.23,,0.83
2024-07-25 04:27:47,2024-07-25,04:27:47,22.0,,100.0,,22.0,,22.026,,324.1,,1.8,,1.25,
2024-07-25 04:28:04,2024-07-25,04:28:04,,18.3,,79.0,,22.1,,19.417,,79.4,,1.01,,0.38
2024-07-25 04:28:50,2024-07-25,04:28:50,22.0,,100.0,,22.0,,22.026,,322.8,,1.87,,0.73,
2024-07-25 04:29:08,2024-07-25,04:29:08,,18.1,,79.0,,22.0,,19.321,,32.6,,0.72,,0.51
2024-07-25 04:29:54,2024-07-25,04:29:54,21.9,,100.0,,21.9,,21.925,,342.8,,1.57,,0.75,
2024-07-25 04:30:11,2024-07-25,04:30:11,,18.1,,79.0,,22.0,,19.321,,69.9,,0.91,,0.79
2024-07-25 04:30:58,2024-07-25,04:30:58,21.8,,100.0,,21.8,,21.824,,338.2,,1.73,,0.98,
2024-07-25 04:31:14,2024-07-25,04:31:14,,18.2,,79.1,,22.0,,19.334,,97.5,,1.02,,0.94
2024-07-25 04:32:01,2024-07-25,04:32:01,21.7,,100.0,,21.7,,21.724,,329.0,,1.76,,0.91,
2024-07-25 04:32:18,2024-07-25,04:32:18,,18.2,,79.2,,22.0,,19.347,,97.1,,1.1,,0.92
2024-07-25 04:33:04,2024-07-25,04:33:04,21.7,,100.0,,21.7,,21.724,,320.5,,2.25,,1.15,
2024-07-25 04:33:22,2024-07-25,04:33:22,,18.1,,79.2,,21.9,,19.251,,88.9,,0.97,,0.89
2024-07-25 04:34:08,2024-07-25,04:34:08,21.6,,100.0,,21.6,,21.623,,343.1,,1.95,,0.72,
2024-07-25 04:34:25,2024-07-25,04:34:25,,18.1,,79.2,,21.9,,19.251,,86.7,,0.98,,0.83
2024-07-25 04:35:12,2024-07-25,04:35:12,21.6,,100.0,,21.6,,21.623,,323.8,,1.78,,1.06,
2024-07-25 04:35:28,2024-07-25,04:35:28,,18.1,,79.3,,21.9,,19.264,,76.5,,0.82,,0.55
2024-07-25 04:36:15,2024-07-25,04:36:15,21.5,,100.0,,21.5,,21.522,,311.2,,1.88,,0.83,
2024-07-25 04:36:32,2024-07-25,04:36:32,,18.0,,79.3,,21.8,,19.168,,81.0,,0.74,,0.62
2024-07-25 04:37:18,2024-07-25,04:37:18,21.5,,100.0,,21.5,,21.522,,324.4,,1.79,,1.32,
2024-07-25 04:37:36,2024-07-25,04:37:36,,18.0,,79.4,,21.8,,19.181,,74.3,,0.97,,0.85
2024-07-25 04:38:22,2024-07-25,04:38:22,,,,,21.4,,,,21.4,,10.0,,2.14,
2024-07-25 04:38:39,2024-07-25,04:38:39,,18.1,,79.6,,21.8,,19.207,,81.5,,0.98,,0.91
2024-07-25 04:39:26,2024-07-25,04:39:26,21.4,,100.0,,21.4,,21.422,,328.3,,2.31,,1.08,
2024-07-25 04:39:42,2024-07-25,04:39:42,,18.1,,79.9,,21.8,,19.246,,71.4,,0.96,,0.89
2024-07-25 04:40:29,2024-07-25,04:40:29,21.4,,100.0,,21.4,,21.422,,324.7,,1.98,,1.41,
2024-07-25 04:40:46,2024-07-25,04:40:46,,,,,,18.2,,,,71.5,,1.05,,0.91
2024-07-25 04:41:32,2024-07-25,04:41:32,21.4,,100.0,,21.4,,21.422,,319.1,,2.03,,0.93,
2024-07-25 04:41:50,2024-07-25,04:41:50,,18.3,,80.8,,21.8,,19.362,,41.7,,1.02,,0.55
2024-07-25 04:42:36,2024-07-25,04:42:36,21.4,,100.0,,21.4,,21.422,,315.6,,2.11,,1.05,
2024-07-25 04:42:53,2024-07-25,04:42:53,,18.3,,80.9,,21.8,,19.375,,47.8,,0.81,,0.67
2024-07-25 04:43:40,2024-07-25,04:43:40,21.4,,100.0,,21.4,,21.422,,327.9,,2.0,,1.44,
2024-07-25 04:43:56,2024-07-25,04:43:56,,18.2,,80.6,,21.7,,19.24,,358.5,,0.91,,0.7
2024-07-25 04:44:43,2024-07-25,04:44:43,21.3,,100.0,,21.3,,21.321,,320.9,,2.33,,1.37,
2024-07-25 04:45:00,2024-07-25,04:45:00,,18.1,,80.0,,21.7,,19.163,,4.7,,0.89,,0.82
2024-07-25 04:45:46,2024-07-25,04:45:46,21.2,,100.0,,21.2,,21.22,,325.4,,2.18,,1.48,
2024-07-25 04:46:04,2024-07-25,04:46:04,,17.7,,79.2,,21.5,,18.868,,348.3,,1.03,,0.98
2024-07-25 04:46:50,2024-07-25,04:46:50,21.1,,100.0,,21.1,,21.119,,321.7,,1.97,,1.6,
2024-07-25 04:47:07,2024-07-25,04:47:07,,17.5,,78.5,,21.4,,18.683,,349.7,,1.06,,0.84
2024-07-25 04:47:54,2024-07-25,04:47:54,21.0,,100.0,,21.0,,21.019,,337.3,,2.44,,1.27,
2024-07-25 04:48:10,2024-07-25,04:48:10,,17.3,,78.4,,21.2,,18.479,,355.6,,1.09,,0.9
2024-07-25 04:48:57,2024-07-25,04:48:57,20.9,,100.0,,20.9,,20.918,,324.2,,1.93,,1.29,
2024-07-25 04:49:14,2024-07-25,04:49:14,,17.1,,78.3,,21.1,,18.37,,356.2,,1.12,,0.93
2024-07-25 04:50:00,2024-07-25,04:50:00,20.8,,100.0,,20.8,,20.817,,328.0,,1.79,,1.4,
2024-07-25 04:50:18,2024-07-25,04:50:18,,17.2,,78.4,,21.1,,18.383,,5.1,,0.97,,0.87
2024-07-25 04:51:04,2024-07-25,04:51:04,20.7,,100.0,,20.7,,20.717,,323.3,,2.21,,1.34,
2024-07-25 04:51:21,2024-07-25,04:51:21,,17.2,,78.7,,21.1,,18.421,,25.1,,1.12,,0.84
2024-07-25 04:52:08,2024-07-25,04:52:08,20.7,,100.0,,20.7,,20.717,,329.8,,2.36,,1.2,
2024-07-25 04:52:24,2024-07-25,04:52:24,,17.2,,79.0,,21.0,,18.364,,45.6,,1.15,,0.73
2024-07-25 04:53:11,2024-07-25,04:53:11,20.7,,100.0,,20.7,,20.717,,335.3,,2.16,,0.83,
2024-07-25 04:53:28,2024-07-25,04:53:28,,17.2,,79.1,,21.0,,18.376,,62.2,,1.07,,0.85
2024-07-25 04:54:14,2024-07-25,04:54:14,20.7,,100.0,,20.7,,20.717,,332.6,,1.75,,1.07,
2024-07-25 04:54:32,2024-07-25,04:54:32,,17.2,,79.3,,21.0,,18.402,,65.0,,1.16,,0.98
2024-07-25 04:55:18,2024-07-25,04:55:18,20.7,,100.0,,20.7,,20.717,,328.3,,1.7,,1.17,
2024-07-25 04:55:35,2024-07-25,04:55:35,,17.3,,79.8,,21.0,,18.465,,65.6,,1.26,,1.16
2024-07-25 04:56:22,2024-07-25,04:56:22,20.7,,100.0,,20.7,,20.717,,331.8,,1.86,,1.04,
2024-07-25 04:56:38,2024-07-25,04:56:38,,17.6,,80.3,,21.1,,18.625,,76.0,,1.16,,1.06
2024-07-25 04:57:25,2024-07-25,04:57:25,20.7,,100.0,,20.7,,20.717,,36.9,,1.74,,0.33,
2024-07-25 04:57:42,2024-07-25,04:57:42,,17.7,,81.2,,21.1,,18.739,,76.7,,1.22,,1.1
2024-07-25 04:58:46,2024-07-25,04:58:46,,18.0,,82.2,,21.2,,18.963,,77.0,,1.18,,0.9
2024-07-25 04:58:58,2024-07-25,04:58:58,20.7,,100.0,,20.7,,20.717,,110.5,,0.45,,0.06,
2024-07-25 04:59:50,2024-07-25,04:59:50,,,,,,18.3,,,,21.2,,8.35,,1.08
2024-07-25 04:59:56,2024-07-25,04:59:56,,,,,20.7,,20.717,,20.7,,10.0,,0.38,
2024-07-25 05:00:52,2024-07-25,05:00:52,,18.6,,85.0,,21.2,,19.319,,82.7,,1.07,,0.96
2024-07-25 05:01:00,2024-07-25,05:01:00,20.8,,100.0,,20.8,,20.817,,124.7,,0.37,,0.23,
2024-07-25 05:01:56,2024-07-25,05:01:56,,19.0,,87.2,,21.3,,19.696,,81.8,,1.0,,0.9
2024-07-25 05:02:04,2024-07-25,05:02:04,20.8,,100.0,,20.8,,20.817,,110.1,,0.33,,0.24,
2024-07-25 05:03:00,2024-07-25,05:03:00,,19.5,,89.4,,21.3,,19.976,,78.0,,1.12,,0.88
2024-07-25 05:03:07,2024-07-25,05:03:07,20.8,,100.0,,20.8,,20.817,,121.6,,0.41,,0.31,
2024-07-25 05:04:03,2024-07-25,05:04:03,,19.9,,91.9,,21.3,,20.293,,81.3,,1.09,,0.84
2024-07-25 05:04:10,2024-07-25,05:04:10,20.8,,100.0,,20.8,,20.817,,124.1,,0.24,,0.15,
2024-07-25 05:05:06,2024-07-25,05:05:06,,20.4,,94.7,,21.3,,20.648,,79.6,,1.01,,0.82
2024-07-25 05:05:14,2024-07-25,05:05:14,20.8,,100.0,,20.8,,20.817,,58.9,,0.26,,0.22,
2024-07-25 05:06:10,2024-07-25,05:06:10,,20.9,,97.6,,21.3,,21.016,,70.5,,1.08,,0.88
2024-07-25 05:06:18,2024-07-25,05:06:18,20.9,,100.0,,20.9,,20.918,,55.4,,0.22,,0.11,
2024-07-25 05:07:14,2024-07-25,05:07:14,,21.3,,100.0,,21.3,,21.321,,66.9,,1.24,,0.91
2024-07-25 05:07:21,2024-07-25,05:07:21,20.8,,100.0,,20.8,,20.817,,58.8,,0.31,,0.17,
2024-07-25 05:08:17,2024-07-25,05:08:17,,21.3,,100.0,,21.3,,21.321,,61.9,,1.31,,1.02
2024-07-25 05:08:25,2024-07-25,05:08:25,20.8,,100.0,,20.8,,20.817,,67.4,,0.36,,0.13,
2024-07-25 05:09:20,2024-07-25,05:09:20,,21.2,,100.0,,21.2,,21.22,,76.4,,1.26,,0.76
2024-07-25 05:09:28,2024-07-25,05:09:28,20.9,,100.0,,20.9,,20.918,,97.5,,0.37,,0.1,
2024-07-25 05:10:24,2024-07-25,05:10:24,,21.2,,100.0,,21.2,,21.22,,66.3,,1.1,,0.84
2024-07-25 05:10:32,2024-07-25,05:10:32,20.9,,100.0,,20.9,,20.918,,91.3,,0.34,,0.19,
2024-07-25 05:11:28,2024-07-25,05:11:28,,21.2,,100.0,,21.2,,21.22,,65.8,,0.85,,0.72
2024-07-25 05:11:35,2024-07-25,05:11:35,20.9,,100.0,,20.9,,20.918,,91.3,,0.16,,0.08,
2024-07-25 05:12:31,2024-07-25,05:12:31,,21.1,,100.0,,21.1,,21.119,,74.1,,0.75,,0.65
2024-07-25 05:12:38,2024-07-25,05:12:38,20.9,,100.0,,20.9,,20.918,,91.3,,0.2,,0.13,
2024-07-25 05:13:34,2024-07-25,05:13:34,,21.1,,100.0,,21.1,,21.119,,69.1,,0.73,,0.49
2024-07-25 05:13:42,2024-07-25,05:13:42,20.9,,100.0,,20.9,,20.918,,91.3,,0.25,,0.12,
2024-07-25 05:14:38,2024-07-25,05:14:38,,21.1,,100.0,,21.1,,21.119,,83.4,,0.77,,0.72
2024-07-25 05:14:46,2024-07-25,05:14:46,20.9,,100.0,,20.9,,20.918,,30.2,,0.37,,0.15,
2024-07-25 05:15:42,2024-07-25,05:15:42,,21.1,,100.0,,21.1,,21.119,,80.7,,1.04,,0.61
2024-07-25 05:15:49,2024-07-25,05:15:49,21.0,,100.0,,21.0,,21.019,,102.8,,0.23,,0.15,
2024-07-25 05:16:45,2024-07-25,05:16:45,,21.0,,100.0,,21.0,,21.019,,80.2,,0.92,,0.73
2024-07-25 05:16:52,2024-07-25,05:16:52,21.0,,100.0,,21.0,,21.019,,57.9,,0.34,,0.21,
2024-07-25 05:17:48,2024-07-25,05:17:48,,21.0,,100.0,,21.0,,21.019,,82.1,,0.96,,0.83
2024-07-25 05:17:56,2024-07-25,05:17:56,21.0,,100.0,,21.0,,21.019,,57.9,,0.23,,0.16,
2024-07-25 05:18:52,2024-07-25,05:18:52,,21.0,,100.0,,21.0,,21.019,,81.0,,0.91,,0.67
2024-07-25 05:19:00,2024-07-25,05:19:00,21.0,,100.0,,21.0,,21.019,,94.7,,0.3,,0.12,
2024-07-25 05:19:56,2024-07-25,05:19:56,,21.0,,100.0,,21.0,,21.019,,83.9,,0.98,,0.6
2024-07-25 05:20:03,2024-07-25,05:20:03,21.1,,100.0,,21.1,,21.119,,113.4,,0.27,,0.16,
2024-07-25 05:20:59,2024-07-25,05:20:59,,21.0,,100.0,,21.0,,21.019,,63.6,,1.3,,0.86
2024-07-25 05:21:06,2024-07-25,05:21:06,21.1,,100.0,,21.1,,21.119,,113.4,,0.27,,0.04,
2024-07-25 05:22:02,2024-07-25,05:22:02,,20.9,,100.0,,20.9,,20.918,,56.5,,0.99,,0.56
2024-07-25 05:22:10,2024-07-25,05:22:10,21.1,,100.0,,21.1,,21.119,,113.4,,0.17,,0.08,
2024-07-25 05:23:06,2024-07-25,05:23:06,,20.9,,100.0,,20.9,,20.918,,76.5,,1.02,,0.69
2024-07-25 05:23:14,2024-07-25,05:23:14,21.1,,100.0,,21.1,,21.119,,113.4,,0.2,,0.18,
2024-07-25 05:24:10,2024-07-25,05:24:10,,20.9,,100.0,,20.9,,20.918,,85.0,,1.28,,0.71
2024-07-25 05:24:17,2024-07-25,05:24:17,21.1,,100.0,,21.1,,21.119,,113.4,,0.2,,0.1,
2024-07-25 05:25:13,2024-07-25,05:25:13,,20.9,,100.0,,20.9,,20.918,,77.9,,1.01,,0.91
2024-07-25 05:25:20,2024-07-25,05:25:20,21.1,,100.0,,21.1,,21.119,,113.4,,0.22,,0.1,
2024-07-25 05:26:16,2024-07-25,05:26:16,,20.9,,100.0,,20.9,,20.918,,73.0,,1.24,,0.6
2024-07-25 05:26:24,2024-07-25,05:26:24,21.1,,100.0,,21.1,,21.119,,113.4,,0.21,,0.16,
2024-07-25 05:27:20,2024-07-25,05:27:20,,20.9,,100.0,,20.9,,20.918,,59.7,,0.75,,0.52
2024-07-25 05:27:28,2024-07-25,05:27:28,21.1,,100.0,,21.1,,21.119,,113.4,,0.21,,0.1,
2024-07-25 05:28:24,2024-07-25,05:28:24,,20.9,,100.0,,20.9,,20.918,,21.3,,0.77,,0.21
2024-07-25 05:28:31,2024-07-25,05:28:31,21.2,,100.0,,21.2,,21.22,,101.1,,0.32,,0.15,
2024-07-25 05:29:27,2024-07-25,05:29:27,,20.9,,100.0,,20.9,,20.918,,46.6,,0.38,,0.13
2024-07-25 05:29:35,2024-07-25,05:29:35,21.2,,100.0,,21.2,,21.22,,101.1,,0.24,,0.16,
2024-07-25 05:30:30,2024-07-25,05:30:30,,20.9,,100.0,,20.9,,20.918,,53.0,,0.43,,0.17
2024-07-25 05:30:38,2024-07-25,05:30:38,21.2,,100.0,,21.2,,21.22,,101.1,,0.22,,0.16,
2024-07-25 05:31:34,2024-07-25,05:31:34,,20.8,,100.0,,20.8,,20.817,,34.7,,0.43,,0.2
2024-07-25 05:31:42,2024-07-25,05:31:42,21.2,,100.0,,21.2,,21.22,,101.1,,0.22,,0.14,
2024-07-25 05:32:38,2024-07-25,05:32:38,,20.8,,100.0,,20.8,,20.817,,34.7,,0.17,,0.11
2024-07-25 05:32:46,2024-07-25,05:32:46,21.2,,100.0,,21.2,,21.22,,101.1,,0.23,,0.1,
2024-07-25 05:33:41,2024-07-25,05:33:41,,20.8,,100.0,,20.8,,20.817,,34.7,,0.22,,0.12
2024-07-25 05:33:49,2024-07-25,05:33:49,21.2,,100.0,,21.2,,21.22,,133.7,,0.27,,0.21,
2024-07-25 05:34:44,2024-07-25,05:34:44,,20.8,,100.0,,20.8,,20.817,,70.7,,0.25,,0.22
2024-07-25 05:34:52,2024-07-25,05:34:52,21.3,,100.0,,21.3,,21.321,,139.7,,0.17,,0.14,
2024-07-25 05:35:48,2024-07-25,05:35:48,,20.7,,100.0,,20.7,,20.717,,73.4,,0.31,,0.22
2024-07-25 05:35:56,2024-07-25,05:35:56,21.3,,100.0,,21.3,,21.321,,164.4,,0.22,,0.19,
2024-07-25 05:36:52,2024-07-25,05:36:52,,20.7,,100.0,,20.7,,20.717,,66.1,,0.46,,0.29
2024-07-25 05:37:00,2024-07-25,05:37:00,21.3,,100.0,,21.3,,21.321,,164.4,,0.18,,0.12,
2024-07-25 05:37:55,2024-07-25,05:37:55,,20.7,,100.0,,20.7,,20.717,,82.1,,0.57,,0.52
2024-07-25 05:38:03,2024-07-25,05:38:03,21.3,,100.0,,21.3,,21.321,,164.4,,0.16,,0.06,
2024-07-25 05:38:58,2024-07-25,05:38:58,,20.7,,100.0,,20.7,,20.717,,80.5,,0.53,,0.41
2024-07-25 05:39:06,2024-07-25,05:39:06,21.3,,100.0,,21.3,,21.321,,164.4,,0.12,,0.1,
2024-07-25 05:40:02,2024-07-25,05:40:02,,20.7,,100.0,,20.7,,20.717,,81.2,,0.64,,0.53
2024-07-25 05:40:10,2024-07-25,05:40:10,21.3,,100.0,,21.3,,21.321,,345.5,,0.31,,0.18,
2024-07-25 05:41:06,2024-07-25,05:41:06,,20.6,,100.0,,20.6,,20.616,,307.1,,0.42,,0.24
2024-07-25 05:41:14,2024-07-25,05:41:14,21.4,,100.0,,21.4,,21.422,,356.8,,0.3,,0.24,
2024-07-25 05:42:09,2024-07-25,05:42:09,,20.6,,100.0,,20.6,,20.616,,341.8,,0.46,,0.34
2024-07-25 05:42:17,2024-07-25,05:42:17,21.3,,100.0,,21.3,,21.321,,345.8,,0.36,,0.29,
2024-07-25 05:43:12,2024-07-25,05:43:12,,20.6,,100.0,,20.6,,20.616,,339.2,,0.56,,0.43
2024-07-25 05:43:20,2024-07-25,05:43:20,21.3,,100.0,,21.3,,21.321,,343.8,,0.49,,0.4,
2024-07-25 05:44:16,2024-07-25,05:44:16,,20.6,,100.0,,20.6,,20.616,,338.8,,0.69,,0.57
2024-07-25 05:44:24,2024-07-25,05:44:24,21.2,,100.0,,21.2,,21.22,,347.8,,0.48,,0.46,
2024-07-25 05:45:20,2024-07-25,05:45:20,,20.5,,100.0,,20.5,,20.515,,355.9,,0.69,,0.58
2024-07-25 05:45:28,2024-07-25,05:45:28,21.1,,100.0,,21.1,,21.119,,338.8,,0.59,,0.43,
2024-07-25 05:46:23,2024-07-25,05:46:23,,20.5,,100.0,,20.5,,20.515,,345.2,,0.8,,0.48
2024-07-25 05:46:31,2024-07-25,05:46:31,21.0,,100.0,,21.0,,21.019,,337.4,,0.54,,0.38,
2024-07-25 05:47:26,2024-07-25,05:47:26,,20.4,,100.0,,20.4,,20.414,,356.7,,0.95,,0.69
2024-07-25 05:47:34,2024-07-25,05:47:34,21.0,,100.0,,21.0,,21.019,,344.1,,0.53,,0.4,
2024-07-25 05:48:30,2024-07-25,05:48:30,,20.3,,100.0,,20.3,,20.314,,356.1,,1.31,,1.18
2024-07-25 05:48:38,2024-07-25,05:48:38,20.9,,100.0,,20.9,,20.918,,331.0,,0.53,,0.37,
2024-07-25 05:49:34,2024-07-25,05:49:34,,20.3,,100.0,,20.3,,20.314,,3.3,,1.23,,0.92
2024-07-25 05:49:42,2024-07-25,05:49:42,20.9,,100.0,,20.9,,20.918,,339.3,,0.52,,0.26,
2024-07-25 05:50:37,2024-07-25,05:50:37,,20.2,,100.0,,20.2,,20.213,,355.1,,1.12,,0.52
2024-07-25 05:50:45,2024-07-25,05:50:45,20.9,,100.0,,20.9,,20.918,,338.5,,0.26,,0.05,
2024-07-25 05:51:40,2024-07-25,05:51:40,,20.2,,100.0,,20.2,,20.213,,314.5,,0.8,,0.17
2024-07-25 05:51:49,2024-07-25,05:51:49,20.9,,100.0,,20.9,,20.918,,338.5,,0.14,,0.05,
2024-07-25 05:52:44,2024-07-25,05:52:44,,20.2,,100.0,,20.2,,20.213,,353.1,,0.89,,0.83
2024-07-25 05:52:52,2024-07-25,05:52:52,20.9,,100.0,,20.9,,20.918,,342.2,,0.23,,0.2,
2024-07-25 05:53:48,2024-07-25,05:53:48,,20.2,,100.0,,20.2,,20.213,,0.5,,1.17,,1.07
2024-07-25 05:53:56,2024-07-25,05:53:56,20.9,,100.0,,20.9,,20.918,,345.0,,0.4,,0.29,
2024-07-25 05:54:51,2024-07-25,05:54:51,,20.1,,100.0,,20.1,,20.112,,4.6,,1.11,,0.89
2024-07-25 05:54:59,2024-07-25,05:54:59,20.9,,100.0,,20.9,,20.918,,355.4,,0.47,,0.3,
2024-07-25 05:55:54,2024-07-25,05:55:54,,20.1,,100.0,,20.1,,20.112,,7.7,,1.44,,1.3
2024-07-25 05:56:03,2024-07-25,05:56:03,20.8,,100.0,,20.8,,20.817,,351.7,,0.59,,0.49,
2024-07-25 05:56:58,2024-07-25,05:56:58,,20.1,,100.0,,20.1,,20.112,,8.4,,1.73,,1.09
2024-07-25 05:57:06,2024-07-25,05:57:06,20.7,,100.0,,20.7,,20.717,,355.3,,0.76,,0.49,
2024-07-25 05:58:02,2024-07-25,05:58:02,,20.1,,100.0,,20.1,,20.112,,18.6,,1.69,,0.89
2024-07-25 05:58:10,2024-07-25,05:58:10,20.6,,100.0,,20.6,,20.616,,349.4,,0.75,,0.31,
2024-07-25 05:59:05,2024-07-25,05:59:05,,20.0,,100.0,,20.0,,20.012,,22.1,,1.47,,1.15
2024-07-25 05:59:13,2024-07-25,05:59:13,20.6,,100.0,,20.6,,20.616,,356.9,,0.66,,0.44,
2024-07-25 06:00:08,2024-07-25,06:00:08,,20.0,,100.0,,20.0,,20.012,,19.4,,1.73,,1.16
2024-07-25 06:00:17,2024-07-25,06:00:17,20.5,,100.0,,20.5,,20.515,,350.6,,0.69,,0.47,
2024-07-25 06:01:12,2024-07-25,06:01:12,,20.0,,100.0,,20.0,,20.012,,16.0,,1.54,,1.05
2024-07-25 06:01:20,2024-07-25,06:01:20,20.6,,100.0,,20.6,,20.616,,333.2,,0.58,,0.42,
2024-07-25 06:02:16,2024-07-25,06:02:16,,20.0,,100.0,,20.0,,20.012,,25.5,,1.56,,1.48
2024-07-25 06:02:24,2024-07-25,06:02:24,20.6,,100.0,,20.6,,20.616,,342.7,,0.6,,0.43,
2024-07-25 06:03:19,2024-07-25,06:03:19,,19.9,,100.0,,19.9,,19.911,,27.6,,1.49,,1.3
2024-07-25 06:03:28,2024-07-25,06:03:28,20.6,,100.0,,20.6,,20.616,,322.0,,0.52,,0.48,
2024-07-25 06:04:22,2024-07-25,06:04:22,,19.9,,100.0,,19.9,,19.911,,28.4,,1.36,,1.15
2024-07-25 06:04:31,2024-07-25,06:04:31,20.6,,100.0,,20.6,,20.616,,346.2,,0.58,,0.32,
2024-07-25 06:05:26,2024-07-25,06:05:26,,19.9,,100.0,,19.9,,19.911,,29.0,,1.49,,1.22
2024-07-25 06:05:34,2024-07-25,06:05:34,20.6,,100.0,,20.6,,20.616,,339.4,,0.56,,0.34,
2024-07-25 06:06:30,2024-07-25,06:06:30,,19.9,,100.0,,19.9,,19.911,,37.7,,1.41,,1.11
2024-07-25 06:06:38,2024-07-25,06:06:38,20.6,,100.0,,20.6,,20.616,,341.8,,0.43,,0.22,
2024-07-25 06:07:34,2024-07-25,06:07:34,,20.0,,100.0,,20.0,,20.012,,42.0,,1.36,,1.18
2024-07-25 06:07:42,2024-07-25,06:07:42,20.6,,100.0,,20.6,,20.616,,339.9,,0.37,,0.23,
2024-07-25 06:08:36,2024-07-25,06:08:36,,20.0,,100.0,,20.0,,20.012,,38.9,,1.39,,1.12
2024-07-25 06:08:45,2024-07-25,06:08:45,20.6,,100.0,,20.6,,20.616,,334.1,,0.38,,0.18,
2024-07-25 06:09:40,2024-07-25,06:09:40,,,,,,20.0,,,,31.0,,1.39,,1.24
2024-07-25 06:09:48,2024-07-25,06:09:48,20.6,,100.0,,20.6,,20.616,,349.6,,0.38,,0.3,
2024-07-25 06:10:44,2024-07-25,06:10:44,,20.0,,100.0,,20.0,,20.012,,23.3,,1.3,,1.01
2024-07-25 06:10:52,2024-07-25,06:10:52,20.6,,100.0,,20.6,,20.616,,338.4,,0.41,,0.23,
2024-07-25 06:11:47,2024-07-25,06:11:47,,20.0,,100.0,,20.0,,20.012,,31.1,,1.74,,1.5
2024-07-25 06:11:56,2024-07-25,06:11:56,20.6,,100.0,,20.6,,20.616,,335.2,,0.4,,0.27,
2024-07-25 06:12:50,2024-07-25,06:12:50,,20.0,,100.0,,20.0,,20.012,,32.1,,1.99,,1.25
2024-07-25 06:12:59,2024-07-25,06:12:59,20.6,,100.0,,20.6,,20.616,,0.5,,0.41,,0.28,
2024-07-25 06:13:54,2024-07-25,06:13:54,,20.0,,100.0,,20.0,,20.012,,41.9,,2.04,,1.05
2024-07-25 06:14:02,2024-07-25,06:14:02,20.6,,100.0,,20.6,,20.616,,20.9,,0.4,,0.14,
2024-07-25 06:14:58,2024-07-25,06:14:58,,20.0,,100.0,,20.0,,20.012,,45.1,,2.22,,1.18
2024-07-25 06:15:06,2024-07-25,06:15:06,20.6,,100.0,,20.6,,20.616,,17.2,,0.36,,0.24,
2024-07-25 06:16:01,2024-07-25,06:16:01,,20.0,,100.0,,20.0,,20.012,,36.3,,1.79,,1.17
2024-07-25 06:16:10,2024-07-25,06:16:10,20.6,,100.0,,20.6,,20.616,,84.8,,0.37,,0.11,
2024-07-25 06:17:05,2024-07-25,06:17:05,,20.0,,100.0,,20.0,,20.012,,32.7,,1.57,,1.04
2024-07-25 06:17:13,2024-07-25,06:17:13,20.6,,100.0,,20.6,,20.616,,23.4,,0.3,,0.08,
2024-07-25 06:18:08,2024-07-25,06:18:08,,20.0,,100.0,,20.0,,20.012,,59.8,,2.1,,1.36
2024-07-25 06:18:16,2024-07-25,06:18:16,20.6,,100.0,,20.6,,20.616,,88.1,,0.49,,0.27,
2024-07-25 06:19:12,2024-07-25,06:19:12,,20.0,,100.0,,20.0,,20.012,,50.7,,2.12,,1.45
2024-07-25 06:19:20,2024-07-25,06:19:20,20.6,,100.0,,20.6,,20.616,,106.6,,0.37,,0.31,
2024-07-25 06:20:16,2024-07-25,06:20:16,,20.0,,100.0,,20.0,,20.012,,45.9,,2.23,,1.65
2024-07-25 06:20:24,2024-07-25,06:20:24,20.6,,100.0,,20.6,,20.616,,85.1,,0.33,,0.26,
2024-07-25 06:21:19,2024-07-25,06:21:19,,20.0,,100.0,,20.0,,20.012,,64.2,,2.09,,1.61
2024-07-25 06:21:27,2024-07-25,06:21:27,20.6,,100.0,,20.6,,20.616,,99.6,,0.33,,0.2,
2024-07-25 06:22:22,2024-07-25,06:22:22,,20.1,,100.0,,20.1,,20.112,,61.2,,2.17,,1.52
2024-07-25 06:22:30,2024-07-25,06:22:30,20.6,,100.0,,20.6,,20.616,,86.5,,0.3,,0.21,
2024-07-25 06:23:26,2024-07-25,06:23:26,,20.1,,100.0,,20.1,,20.112,,57.5,,2.0,,1.66
2024-07-25 06:23:34,2024-07-25,06:23:34,20.6,,100.0,,20.6,,20.616,,62.9,,0.29,,0.14,
2024-07-25 06:24:29,2024-07-25,06:24:29,,20.1,,100.0,,20.1,,20.112,,59.6,,2.42,,1.8
2024-07-25 06:24:38,2024-07-25,06:24:38,20.6,,100.0,,20.6,,20.616,,97.4,,0.3,,0.2,
2024-07-25 06:25:32,2024-07-25,06:25:32,,20.1,,100.0,,20.1,,20.112,,61.5,,2.34,,1.52
2024-07-25 06:25:41,2024-07-25,06:25:41,20.6,,100.0,,20.6,,20.616,,84.3,,0.29,,0.22,
2024-07-25 06:26:36,2024-07-25,06:26:36,,20.1,,100.0,,20.1,,20.112,,57.2,,2.43,,1.67
2024-07-25 06:26:44,2024-07-25,06:26:44,20.6,,100.0,,20.6,,20.616,,49.5,,0.41,,0.22,
2024-07-25 06:27:40,2024-07-25,06:27:40,,20.2,,100.0,,20.2,,20.213,,63.4,,2.11,,1.8
2024-07-25 06:27:48,2024-07-25,06:27:48,20.6,,100.0,,20.6,,20.616,,13.7,,0.33,,0.03,
2024-07-25 06:28:43,2024-07-25,06:28:43,,20.3,,100.0,,20.3,,20.314,,55.1,,2.43,,1.96
2024-07-25 06:28:52,2024-07-25,06:28:52,20.6,,100.0,,20.6,,20.616,,25.2,,0.29,,0.1,
2024-07-25 06:29:47,2024-07-25,06:29:47,,20.3,,100.0,,20.3,,20.314,,57.5,,2.71,,1.5
2024-07-25 06:29:55,2024-07-25,06:29:55,20.6,,100.0,,20.6,,20.616,,317.8,,0.25,,0.19,
2024-07-25 06:30:50,2024-07-25,06:30:50,,20.4,,100.0,,20.4,,20.414,,49.7,,2.64,,1.25
2024-07-25 06:30:58,2024-07-25,06:30:58,20.6,,100.0,,20.6,,20.616,,317.8,,0.25,,0.18,
2024-07-25 06:31:54,2024-07-25,06:31:54,,20.4,,100.0,,20.4,,20.414,,51.0,,2.44,,1.5
2024-07-25 06:32:02,2024-07-25,06:32:02,20.6,,100.0,,20.6,,20.616,,66.0,,0.47,,0.24,
2024-07-25 06:32:58,2024-07-25,06:32:58,,20.5,,100.0,,20.5,,20.515,,54.0,,2.29,,1.81
2024-07-25 06:33:06,2024-07-25,06:33:06,20.6,,100.0,,20.6,,20.616,,67.1,,0.23,,0.11,
2024-07-25 06:34:01,2024-07-25,06:34:01,,20.5,,100.0,,20.5,,20.515,,30.8,,1.68,,0.74
2024-07-25 06:34:09,2024-07-25,06:34:09,20.6,,100.0,,20.6,,20.616,,24.9,,0.33,,0.2,
2024-07-25 06:35:04,2024-07-25,06:35:04,,20.6,,100.0,,20.6,,20.616,,51.6,,1.91,,1.48
2024-07-25 06:35:12,2024-07-25,06:35:12,20.6,,100.0,,20.6,,20.616,,72.5,,0.32,,0.09,
2024-07-25 06:36:08,2024-07-25,06:36:08,,20.7,,100.0,,20.7,,20.717,,49.6,,1.92,,0.98
2024-07-25 06:36:16,2024-07-25,06:36:16,20.6,,100.0,,20.6,,20.616,,72.5,,0.26,,0.05,
2024-07-25 06:37:12,2024-07-25,06:37:12,,20.7,,100.0,,20.7,,20.717,,32.3,,1.81,,1.13
2024-07-25 06:37:20,2024-07-25,06:37:20,20.6,,100.0,,20.6,,20.616,,65.5,,0.32,,0.17,
2024-07-25 06:38:15,2024-07-25,06:38:15,,20.8,,100.0,,20.8,,20.817,,49.5,,1.52,,1.2
2024-07-25 06:38:23,2024-07-25,06:38:23,20.7,,100.0,,20.7,,20.717,,79.3,,0.31,,0.11,
2024-07-25 06:39:18,2024-07-25,06:39:18,,20.8,,100.0,,20.8,,20.817,,35.3,,1.24,,0.98
2024-07-25 06:39:26,2024-07-25,06:39:26,20.7,,100.0,,20.7,,20.717,,13.2,,0.41,,0.2,
2024-07-25 06:40:22,2024-07-25,06:40:22,,20.9,,100.0,,20.9,,20.918,,39.3,,2.06,,1.54
2024-07-25 06:40:30,2024-07-25,06:40:30,20.7,,100.0,,20.7,,20.717,,5.0,,0.39,,0.3,
2024-07-25 06:41:26,2024-07-25,06:41:26,,20.9,,100.0,,20.9,,20.918,,41.7,,1.8,,1.32
2024-07-25 06:41:34,2024-07-25,06:41:34,20.7,,100.0,,20.7,,20.717,,359.5,,0.42,,0.35,
2024-07-25 06:42:29,2024-07-25,06:42:29,,20.9,,100.0,,20.9,,20.918,,33.4,,2.2,,1.73
2024-07-25 06:42:37,2024-07-25,06:42:37,20.8,,100.0,,20.8,,20.817,,4.4,,0.37,,0.18,
2024-07-25 06:43:32,2024-07-25,06:43:32,,20.9,,99.6,,21.0,,20.968,,21.2,,1.8,,0.99
2024-07-25 06:43:40,2024-07-25,06:43:40,20.8,,100.0,,20.8,,20.817,,333.9,,0.5,,0.21,
2024-07-25 06:44:36,2024-07-25,06:44:36,,20.8,,98.8,,21.1,,20.968,,42.0,,1.58,,1.23
2024-07-25 06:44:44,2024-07-25,06:44:44,20.8,,100.0,,20.8,,20.817,,12.4,,0.37,,0.26,
2024-07-25 06:45:40,2024-07-25,06:45:40,,20.8,,98.2,,21.1,,20.892,,39.8,,1.78,,1.01
2024-07-25 06:45:48,2024-07-25,06:45:48,20.8,,100.0,,20.8,,20.817,,64.2,,0.51,,0.26,
2024-07-25 06:46:43,2024-07-25,06:46:43,,20.6,,97.3,,21.1,,20.778,,43.1,,1.71,,1.3
2024-07-25 06:46:51,2024-07-25,06:46:51,,,,,20.8,,,,31.5,,0.42,,0.25,
2024-07-25 06:47:46,2024-07-25,06:47:46,,20.7,,96.8,,21.2,,20.815,,50.8,,1.89,,1.46
2024-07-25 06:47:54,2024-07-25,06:47:54,20.8,,100.0,,20.8,,20.817,,63.8,,0.6,,0.35,
2024-07-25 06:48:50,2024-07-25,06:48:50,,20.5,,95.7,,21.2,,20.675,,51.8,,2.53,,1.98
2024-07-25 06:48:58,2024-07-25,06:48:58,20.8,,100.0,,20.8,,20.817,,43.4,,0.41,,0.19,
2024-07-25 06:49:54,2024-07-25,06:49:54,,20.2,,93.4,,21.3,,20.483,,46.7,,2.03,,1.02
2024-07-25 06:50:02,2024-07-25,06:50:02,20.8,,100.0,,20.8,,20.817,,37.6,,0.5,,0.24,
2024-07-25 06:50:57,2024-07-25,06:50:57,,19.8,,90.4,,21.4,,20.201,,44.3,,1.46,,0.74
2024-07-25 06:51:05,2024-07-25,06:51:05,20.8,,100.0,,20.8,,20.817,,346.3,,0.5,,0.22,
2024-07-25 06:52:00,2024-07-25,06:52:00,,19.5,,88.3,,21.5,,20.032,,68.3,,1.15,,1.01
2024-07-25 06:52:08,2024-07-25,06:52:08,20.9,,100.0,,20.9,,20.918,,81.7,,0.45,,0.1,
2024-07-25 06:53:04,2024-07-25,06:53:04,,19.2,,86.7,,21.5,,19.828,,64.8,,1.83,,1.7
2024-07-25 06:53:12,2024-07-25,06:53:12,20.9,,100.0,,20.9,,20.918,,64.9,,0.32,,0.13,
2024-07-25 06:54:08,2024-07-25,06:54:08,,18.9,,84.4,,21.6,,19.631,,59.0,,1.95,,1.49
2024-07-25 06:54:16,2024-07-25,06:54:16,20.9,,100.0,,20.9,,20.918,,345.5,,0.26,,0.15,
2024-07-25 06:55:11,2024-07-25,06:55:11,,18.4,,82.0,,21.6,,19.324,,52.5,,1.78,,1.35
2024-07-25 06:55:19,2024-07-25,06:55:19,20.9,,100.0,,20.9,,20.918,,345.5,,0.21,,0.14,
2024-07-25 06:56:14,2024-07-25,06:56:14,,18.0,,79.8,,21.7,,19.137,,47.8,,1.85,,0.6
2024-07-25 06:56:22,2024-07-25,06:56:22,20.9,,100.0,,20.9,,20.918,,61.7,,0.29,,0.18,
2024-07-25 06:57:18,2024-07-25,06:57:18,,17.8,,78.5,,21.7,,18.969,,58.6,,1.93,,1.54
2024-07-25 06:57:26,2024-07-25,06:57:26,21.0,,100.0,,21.0,,21.019,,115.1,,0.32,,0.12,
2024-07-25 06:58:22,2024-07-25,06:58:22,,17.7,,77.5,,21.8,,18.936,,60.1,,2.2,,0.92
2024-07-25 06:58:30,2024-07-25,06:58:30,21.0,,100.0,,21.0,,21.019,,41.0,,0.37,,0.12,
2024-07-25 06:59:25,2024-07-25,06:59:25,,17.5,,76.3,,21.9,,18.875,,41.8,,2.19,,1.16
2024-07-25 06:59:33,2024-07-25,06:59:33,21.0,,100.0,,21.0,,21.019,,83.2,,0.47,,0.4,
2024-07-25 07:00:28,2024-07-25,07:00:28,,17.3,,75.1,,21.9,,18.719,,56.9,,1.97,,1.55
2024-07-25 07:00:37,2024-07-25,07:00:37,21.1,,100.0,,21.1,,21.119,,18.2,,0.5,,0.23,
2024-07-25 07:01:32,2024-07-25,07:01:32,,17.1,,74.1,,22.0,,18.683,,63.0,,2.13,,1.68
2024-07-25 07:01:40,2024-07-25,07:01:40,21.1,,100.0,,21.1,,21.119,,30.8,,0.36,,0.26,
2024-07-25 07:02:36,2024-07-25,07:02:36,,17.0,,73.5,,22.0,,18.605,,65.7,,1.84,,1.44
2024-07-25 07:02:44,2024-07-25,07:02:44,21.1,,100.0,,21.1,,21.119,,42.2,,0.31,,0.14,
2024-07-25 07:03:39,2024-07-25,07:03:39,,17.0,,73.0,,22.1,,18.633,,65.7,,1.84,,1.23
2024-07-25 07:03:47,2024-07-25,07:03:47,21.2,,100.0,,21.2,,21.22,,37.7,,0.34,,0.06,
2024-07-25 07:04:42,2024-07-25,07:04:42,,17.0,,72.7,,22.2,,18.688,,56.6,,1.56,,1.05
2024-07-25 07:04:50,2024-07-25,07:04:50,21.2,,100.0,,21.2,,21.22,,31.5,,0.28,,0.2,
2024-07-25 07:05:46,2024-07-25,07:05:46,,17.0,,72.4,,22.2,,18.648,,64.6,,1.42,,0.96
2024-07-25 07:05:54,2024-07-25,07:05:54,21.2,,100.0,,21.2,,21.22,,1.7,,0.29,,0.23,
2024-07-25 07:06:50,2024-07-25,07:06:50,,17.0,,72.1,,22.3,,18.702,,57.9,,1.94,,1.16
2024-07-25 07:06:58,2024-07-25,07:06:58,21.3,,100.0,,21.3,,21.321,,36.1,,0.33,,0.14,
2024-07-25 07:07:53,2024-07-25,07:07:53,,17.0,,71.9,,22.4,,18.77,,56.7,,1.09,,0.68
2024-07-25 07:08:02,2024-07-25,07:08:02,,,,,21.4,,,,21.4,,10.0,,0.29,
2024-07-25 07:08:56,2024-07-25,07:08:56,,17.1,,71.8,,22.5,,18.85,,60.3,,1.49,,0.83
2024-07-25 07:09:05,2024-07-25,07:09:05,21.4,,100.0,,21.4,,21.422,,20.5,,0.31,,0.23,
2024-07-25 07:10:00,2024-07-25,07:10:00,,17.2,,71.6,,22.6,,18.917,,51.9,,1.67,,1.27
2024-07-25 07:10:08,2024-07-25,07:10:08,21.5,,100.0,,21.4,,21.422,,18.1,,0.43,,0.28,
2024-07-25 07:11:04,2024-07-25,07:11:04,,17.1,,71.2,,22.6,,18.864,,40.2,,1.75,,0.97
2024-07-25 07:11:12,2024-07-25,07:11:12,21.5,,100.0,,21.5,,21.522,,35.0,,0.53,,0.32,
2024-07-25 07:12:07,2024-07-25,07:12:07,,17.1,,70.9,,22.7,,18.917,,68.9,,1.88,,1.4
2024-07-25 07:12:16,2024-07-25,07:12:16,21.6,,100.0,,21.6,,21.623,,35.3,,0.48,,0.08,
2024-07-25 07:13:10,2024-07-25,07:13:10,,17.1,,70.6,,22.8,,18.971,,60.6,,1.72,,0.7
2024-07-25 07:13:19,2024-07-25,07:13:19,21.6,,100.0,,21.6,,21.623,,343.9,,0.38,,0.29,
2024-07-25 07:14:14,2024-07-25,07:14:14,,17.2,,70.3,,22.9,,19.024,,56.7,,2.38,,1.55
2024-07-25 07:14:22,2024-07-25,07:14:22,21.7,,100.0,,21.7,,21.724,,340.7,,0.26,,0.14,
2024-07-25 07:15:18,2024-07-25,07:15:18,,17.1,,69.6,,23.0,,19.022,,41.1,,2.44,,1.6
2024-07-25 07:15:26,2024-07-25,07:15:26,21.8,,100.0,,21.8,,21.824,,25.4,,0.28,,0.1,
2024-07-25 07:16:21,2024-07-25,07:16:21,,17.1,,69.2,,23.1,,19.061,,43.3,,2.06,,1.06
2024-07-25 07:16:30,2024-07-25,07:16:30,21.8,,100.0,,21.8,,21.824,,30.4,,0.38,,0.23,
2024-07-25 07:17:24,2024-07-25,07:17:24,,17.1,,68.9,,23.2,,19.114,,65.4,,2.37,,1.59
2024-07-25 07:17:33,2024-07-25,07:17:33,22.0,,100.0,,22.0,,22.026,,20.8,,0.26,,0.05,
2024-07-25 07:18:28,2024-07-25,07:18:28,,17.1,,68.3,,23.3,,19.125,,57.1,,2.56,,2.24
2024-07-25 07:18:36,2024-07-25,07:18:36,22.1,,100.0,,22.1,,22.127,,26.9,,0.27,,0.05,
2024-07-25 07:19:32,2024-07-25,07:19:32,,17.1,,67.7,,23.4,,19.135,,64.4,,2.88,,1.71
2024-07-25 07:19:40,2024-07-25,07:19:40,22.1,,100.0,,22.1,,22.127,,5.3,,0.32,,0.25,
2024-07-25 07:20:35,2024-07-25,07:20:35,,17.1,,67.3,,23.5,,19.173,,49.5,,2.01,,0.46
2024-07-25 07:20:44,2024-07-25,07:20:44,22.3,,100.0,,22.3,,22.328,,25.5,,0.38,,0.04,
2024-07-25 07:21:38,2024-07-25,07:21:38,,17.1,,67.1,,23.6,,19.237,,121.0,,1.87,,1.02
2024-07-25 07:21:47,2024-07-25,07:21:47,22.4,,100.0,,22.4,,22.429,,25.5,,0.11,,0.04,
2024-07-25 07:22:42,2024-07-25,07:22:42,,17.1,,66.8,,23.7,,19.288,,59.5,,1.87,,1.37
2024-07-25 07:22:50,2024-07-25,07:22:50,22.4,,100.0,,22.4,,22.429,,25.5,,0.16,,0.06,
2024-07-25 07:23:46,2024-07-25,07:23:46,,17.1,,66.4,,23.8,,19.325,,75.1,,2.18,,1.5
2024-07-25 07:23:54,2024-07-25,07:23:54,22.5,,100.0,,22.5,,22.529,,25.5,,0.19,,0.08,
2024-07-25 07:24:49,2024-07-25,07:24:49,,17.1,,66.1,,23.9,,19.375,,59.1,,2.16,,1.27
2024-07-25 07:24:58,2024-07-25,07:24:58,22.6,,100.0,,22.6,,22.63,,164.6,,0.37,,0.23,
2024-07-25 07:25:52,2024-07-25,07:25:52,,17.2,,66.0,,24.0,,19.453,,102.2,,1.08,,0.76
2024-07-25 07:26:01,2024-07-25,07:26:01,22.8,,100.0,,22.8,,22.832,,96.1,,0.42,,0.31,
2024-07-25 07:26:56,2024-07-25,07:26:56,,,,,,17.3,,,,24.1,,6.59,,1.55
2024-07-25 07:27:04,2024-07-25,07:27:04,22.9,,100.0,,22.9,,22.932,,328.1,,0.93,,0.22,
2024-07-25 07:28:00,2024-07-25,07:28:00,,17.4,,65.6,,24.3,,19.672,,135.6,,1.82,,0.72
2024-07-25 07:28:08,2024-07-25,07:28:08,23.1,,100.0,,23.1,,23.134,,309.9,,1.61,,0.95,
2024-07-25 07:29:03,2024-07-25,07:29:03,,17.4,,65.2,,24.4,,19.708,,87.1,,2.44,,1.59
2024-07-25 07:29:12,2024-07-25,07:29:12,22.6,,96.2,,23.3,,22.837,,309.7,,1.68,,0.63,
2024-07-25 07:30:06,2024-07-25,07:30:06,,17.3,,64.9,,24.4,,19.665,,96.5,,1.75,,0.86
2024-07-25 07:30:15,2024-07-25,07:30:15,21.5,,88.6,,23.5,,22.034,,319.1,,2.29,,1.44,
2024-07-25 07:31:10,2024-07-25,07:31:10,,17.4,,64.6,,24.5,,19.714,,85.0,,1.84,,1.28
2024-07-25 07:31:18,2024-07-25,07:31:18,20.8,,83.1,,23.8,,21.595,,335.5,,2.27,,0.85,
2024-07-25 07:32:14,2024-07-25,07:32:14,,17.3,,63.9,,24.6,,19.706,,85.1,,2.14,,1.73
2024-07-25 07:32:22,2024-07-25,07:32:22,19.7,,76.9,,24.0,,20.952,,312.4,,2.01,,1.63,
2024-07-25 07:33:17,2024-07-25,07:33:17,,17.2,,63.4,,24.7,,19.726,,87.7,,2.17,,1.71
2024-07-25 07:33:26,2024-07-25,07:33:26,19.3,,74.1,,24.2,,20.759,,310.3,,1.87,,1.23,
2024-07-25 07:34:20,2024-07-25,07:34:20,,17.2,,63.0,,24.7,,19.668,,76.9,,1.77,,0.97
2024-07-25 07:34:29,2024-07-25,07:34:29,18.9,,71.8,,24.3,,20.537,,330.9,,1.84,,1.17,
2024-07-25 07:35:24,2024-07-25,07:35:24,,17.3,,62.9,,24.9,,19.836,,88.8,,2.03,,1.48
2024-07-25 07:35:32,2024-07-25,07:35:32,18.7,,70.7,,24.4,,20.478,,323.5,,2.41,,0.72,
2024-07-25 07:36:28,2024-07-25,07:36:28,,17.2,,62.5,,24.9,,19.778,,81.6,,2.32,,1.76
2024-07-25 07:36:36,2024-07-25,07:36:36,18.7,,70.0,,24.5,,20.474,,315.2,,1.88,,1.26,
2024-07-25 07:37:31,2024-07-25,07:37:31,,17.2,,62.0,,25.0,,19.796,,64.3,,2.21,,1.58
2024-07-25 07:37:40,2024-07-25,07:37:40,18.7,,69.6,,24.6,,20.511,,319.4,,2.07,,1.46,
2024-07-25 07:38:34,2024-07-25,07:38:34,,17.2,,61.8,,25.1,,19.858,,71.6,,2.41,,1.7
2024-07-25 07:38:43,2024-07-25,07:38:43,18.6,,68.8,,24.7,,20.492,,339.1,,1.96,,0.83,
2024-07-25 07:39:38,2024-07-25,07:39:38,,17.3,,61.6,,25.2,,19.919,,63.7,,1.67,,0.99
2024-07-25 07:39:46,2024-07-25,07:39:46,18.7,,68.8,,24.8,,20.585,,322.5,,2.02,,1.46,
2024-07-25 07:40:42,2024-07-25,07:40:42,,17.3,,61.3,,25.3,,19.965,,102.8,,2.22,,1.15
2024-07-25 07:40:50,2024-07-25,07:40:50,18.7,,68.6,,24.9,,20.649,,330.4,,2.02,,0.94,
2024-07-25 07:41:45,2024-07-25,07:41:45,,17.4,,61.4,,25.4,,20.07,,50.2,,1.21,,0.8
2024-07-25 07:41:54,2024-07-25,07:41:54,19.0,,68.9,,25.1,,20.877,,332.6,,2.35,,1.17,
2024-07-25 07:42:48,2024-07-25,07:42:48,,17.5,,61.5,,25.5,,20.175,,70.2,,1.39,,1.15
2024-07-25 07:42:57,2024-07-25,07:42:57,18.9,,68.0,,25.2,,20.842,,319.8,,2.8,,1.52,
2024-07-25 07:43:52,2024-07-25,07:43:52,,17.6,,61.2,,25.6,,20.222,,67.6,,1.84,,1.38
2024-07-25 07:44:00,2024-07-25,07:44:00,18.6,,66.6,,25.3,,20.734,,322.0,,2.55,,1.62,
2024-07-25 07:44:56,2024-07-25,07:44:56,,17.5,,60.8,,25.6,,20.162,,90.4,,2.11,,1.1
2024-07-25 07:45:04,2024-07-25,07:45:04,18.7,,66.4,,25.4,,20.797,,323.7,,1.89,,1.46,
2024-07-25 07:45:59,2024-07-25,07:45:59,,17.5,,60.6,,25.7,,20.223,,79.2,,2.03,,0.69
2024-07-25 07:46:08,2024-07-25,07:46:08,18.9,,66.7,,25.5,,20.933,,307.5,,1.99,,1.03,
2024-07-25 07:47:02,2024-07-25,07:47:02,,17.6,,60.5,,25.8,,20.298,,85.9,,1.74,,1.23
2024-07-25 07:47:11,2024-07-25,07:47:11,18.8,,66.1,,25.6,,20.938,,331.0,,1.66,,0.77,
2024-07-25 07:48:06,2024-07-25,07:48:06,,17.6,,60.2,,25.9,,20.343,,73.5,,1.88,,1.28
2024-07-25 07:48:14,2024-07-25,07:48:14,18.7,,65.7,,25.6,,20.88,,335.9,,1.97,,0.98,
2024-07-25 07:49:10,2024-07-25,07:49:10,,17.6,,60.0,,26.0,,20.403,,74.5,,1.71,,1.34
2024-07-25 07:49:18,2024-07-25,07:49:18,18.9,,66.1,,25.7,,21.03,,319.5,,2.33,,1.75,
2024-07-25 07:50:13,2024-07-25,07:50:13,,17.7,,59.9,,26.1,,20.478,,99.1,,1.28,,0.32
2024-07-25 07:50:22,2024-07-25,07:50:22,19.0,,65.6,,25.9,,21.141,,320.7,,1.97,,1.27,
2024-07-25 07:51:16,2024-07-25,07:51:16,,17.9,,60.1,,26.2,,20.598,,121.0,,0.86,,0.35
2024-07-25 07:51:25,2024-07-25,07:51:25,19.0,,65.6,,26.0,,21.233,,316.3,,2.16,,1.26,
2024-07-25 07:52:20,2024-07-25,07:52:20,,17.9,,60.0,,26.3,,20.673,,93.0,,1.48,,1.31
2024-07-25 07:52:28,2024-07-25,07:52:28,19.1,,65.4,,26.1,,21.295,,313.8,,2.16,,1.21,
2024-07-25 07:53:24,2024-07-25,07:53:24,,18.0,,60.0,,26.4,,20.763,,52.5,,1.29,,0.84
2024-07-25 07:53:32,2024-07-25,07:53:32,19.0,,64.4,,26.2,,21.239,,313.4,,2.1,,1.4,
2024-07-25 07:54:27,2024-07-25,07:54:27,,18.0,,59.8,,26.5,,20.822,,54.8,,1.34,,0.6
2024-07-25 07:54:36,2024-07-25,07:54:36,19.0,,64.0,,26.3,,21.271,,321.6,,2.84,,1.5,
2024-07-25 07:55:30,2024-07-25,07:55:30,,18.1,,59.8,,26.6,,20.912,,87.4,,1.05,,0.44
2024-07-25 07:55:39,2024-07-25,07:55:39,18.9,,63.4,,26.4,,21.273,,314.5,,2.29,,1.03,
2024-07-25 07:56:34,2024-07-25,07:56:34,,18.2,,59.7,,26.8,,21.076,,60.6,,1.3,,1.16
2024-07-25 07:56:42,2024-07-25,07:56:42,18.9,,62.9,,26.5,,21.29,,79.0,,2.14,,0.1,
2024-07-25 07:57:38,2024-07-25,07:57:38,,,,,,18.2,,,,26.9,,5.91,,1.28
2024-07-25 07:57:46,2024-07-25,07:57:46,19.0,,63.7,,26.5,,21.409,,324.0,,2.02,,1.52,
2024-07-25 07:58:41,2024-07-25,07:58:41,,18.2,,58.9,,27.0,,21.132,,77.3,,1.02,,0.75
2024-07-25 07:58:50,2024-07-25,07:58:50,19.0,,63.3,,26.6,,21.44,,325.8,,2.17,,1.38,
2024-07-25 07:59:44,2024-07-25,07:59:44,,18.2,,58.3,,27.1,,21.129,,54.7,,1.48,,0.94
2024-07-25 07:59:53,2024-07-25,07:59:53,18.9,,62.2,,26.7,,21.366,,323.4,,2.3,,1.29,
2024-07-25 08:00:48,2024-07-25,08:00:48,,18.2,,57.9,,27.2,,21.156,,97.8,,1.22,,0.85
2024-07-25 08:00:56,2024-07-25,08:00:56,18.8,,61.6,,26.8,,21.366,,326.6,,2.4,,1.28,
2024-07-25 08:01:52,2024-07-25,08:01:52,,18.2,,57.5,,27.4,,21.271,,72.4,,1.23,,0.96
2024-07-25 08:02:00,2024-07-25,08:02:00,18.7,,60.7,,26.9,,21.319,,321.0,,2.62,,2.31,
2024-07-25 08:02:55,2024-07-25,08:02:55,,18.1,,56.6,,27.5,,21.218,,76.8,,1.43,,1.14
2024-07-25 08:03:04,2024-07-25,08:03:04,18.4,,59.7,,26.9,,21.166,,328.1,,2.46,,1.14,
2024-07-25 08:03:58,2024-07-25,08:03:58,,18.0,,56.0,,27.6,,21.211,,80.0,,1.37,,1.17
2024-07-25 08:04:07,2024-07-25,08:04:07,18.6,,60.1,,27.0,,21.317,,329.4,,2.38,,0.72,
2024-07-25 08:05:02,2024-07-25,08:05:02,,18.0,,55.4,,27.7,,21.203,,96.5,,1.67,,1.15
2024-07-25 08:05:10,2024-07-25,08:05:10,18.6,,59.8,,27.1,,21.361,,333.7,,2.28,,0.93,
2024-07-25 08:06:06,2024-07-25,08:06:06,,18.0,,55.1,,27.8,,21.243,,63.8,,1.54,,0.73
2024-07-25 08:06:14,2024-07-25,08:06:14,18.7,,59.7,,27.2,,21.435,,318.9,,1.93,,1.46,
2024-07-25 08:07:09,2024-07-25,08:07:09,,18.0,,54.9,,28.0,,21.387,,56.8,,1.04,,0.61
2024-07-25 08:07:18,2024-07-25,08:07:18,18.7,,59.7,,27.2,,21.435,,319.4,,2.31,,1.35,
2024-07-25 08:08:12,2024-07-25,08:08:12,,18.1,,54.8,,28.1,,21.459,,48.3,,1.93,,1.41
2024-07-25 08:08:21,2024-07-25,08:08:21,18.6,,59.3,,27.3,,21.463,,313.6,,2.26,,1.66,
2024-07-25 08:09:16,2024-07-25,08:09:16,,18.0,,54.1,,28.2,,21.432,,54.4,,1.81,,1.12
2024-07-25 08:09:24,2024-07-25,08:09:24,18.8,,59.0,,27.5,,21.595,,320.0,,2.35,,1.04,
2024-07-25 08:10:20,2024-07-25,08:10:20,,18.0,,53.6,,28.3,,21.438,,91.9,,1.62,,1.01
2024-07-25 08:10:28,2024-07-25,08:10:28,18.7,,58.9,,27.5,,21.58,,321.4,,1.94,,1.31,
2024-07-25 08:11:23,2024-07-25,08:11:23,,17.9,,53.1,,28.4,,21.443,,20.0,,1.5,,0.88
2024-07-25 08:11:32,2024-07-25,08:11:32,18.8,,58.6,,27.6,,21.622,,337.5,,2.13,,0.64,
2024-07-25 08:12:26,2024-07-25,08:12:26,,18.0,,53.2,,28.5,,21.546,,84.5,,1.42,,1.13
2024-07-25 08:12:35,2024-07-25,08:12:35,18.8,,58.8,,27.6,,21.654,,328.8,,1.65,,1.24,
2024-07-25 08:13:30,2024-07-25,08:13:30,,17.9,,52.3,,28.6,,21.484,,88.5,,1.8,,1.04
2024-07-25 08:13:38,2024-07-25,08:13:38,18.6,,58.2,,27.6,,21.559,,321.6,,2.31,,1.54,
2024-07-25 08:14:34,2024-07-25,08:14:34,,17.9,,52.2,,28.7,,21.554,,41.9,,1.27,,0.98
2024-07-25 08:14:42,2024-07-25,08:14:42,18.7,,58.1,,27.7,,21.633,,329.4,,2.25,,1.01,
2024-07-25 08:15:37,2024-07-25,08:15:37,,17.7,,51.5,,28.8,,21.523,,74.8,,1.6,,0.87
2024-07-25 08:15:46,2024-07-25,08:15:46,18.8,,58.0,,27.8,,21.706,,334.8,,2.34,,0.82,
2024-07-25 08:16:40,2024-07-25,08:16:40,,17.8,,51.3,,28.9,,21.575,,155.3,,1.45,,0.08
2024-07-25 08:16:49,2024-07-25,08:16:49,18.8,,57.6,,27.9,,21.732,,314.6,,2.37,,1.76,
2024-07-25 08:17:44,2024-07-25,08:17:44,,18.0,,51.4,,29.0,,21.679,,50.2,,1.48,,0.87
2024-07-25 08:17:52,2024-07-25,08:17:52,18.6,,56.7,,28.0,,21.677,,337.5,,3.09,,1.25,
2024-07-25 08:18:48,2024-07-25,08:18:48,,17.9,,50.9,,29.1,,21.68,,40.5,,1.38,,0.84
2024-07-25 08:18:56,2024-07-25,08:18:56,18.7,,56.6,,28.1,,21.75,,319.3,,2.02,,1.18,
2024-07-25 08:19:51,2024-07-25,08:19:51,,17.6,,49.9,,29.1,,21.508,,48.0,,2.22,,1.23
2024-07-25 08:20:00,2024-07-25,08:20:00,18.4,,55.6,,28.1,,21.588,,335.6,,2.02,,1.64,
2024-07-25 08:20:54,2024-07-25,08:20:54,,17.6,,49.8,,29.2,,21.577,,62.3,,1.7,,1.29
2024-07-25 08:21:03,2024-07-25,08:21:03,18.3,,55.3,,28.1,,21.54,,321.4,,2.35,,1.82,
2024-07-25 08:21:58,2024-07-25,08:21:58,,17.6,,49.5,,29.3,,21.61,,88.9,,1.7,,0.81
2024-07-25 08:22:06,2024-07-25,08:22:06,18.5,,56.0,,28.1,,21.653,,328.7,,1.68,,0.96,
2024-07-25 08:23:02,2024-07-25,08:23:02,,17.7,,49.4,,29.4,,21.679,,72.2,,1.8,,1.19
2024-07-25 08:23:10,2024-07-25,08:23:10,18.5,,56.0,,28.1,,21.653,,329.6,,2.03,,1.53,
2024-07-25 08:24:05,2024-07-25,08:24:05,,17.7,,49.0,,29.5,,21.694,,58.5,,1.86,,1.25
2024-07-25 08:24:14,2024-07-25,08:24:14,18.3,,55.4,,28.1,,21.556,,337.0,,1.98,,0.77,
2024-07-25 08:25:08,2024-07-25,08:25:08,,17.5,,48.5,,29.5,,21.606,,101.5,,1.76,,0.92
2024-07-25 08:25:17,2024-07-25,08:25:17,18.4,,55.4,,28.2,,21.644,,317.5,,2.27,,1.27,
2024-07-25 08:26:12,2024-07-25,08:26:12,,17.5,,48.3,,29.6,,21.656,,131.6,,1.48,,0.49
2024-07-25 08:26:20,2024-07-25,08:26:20,18.6,,55.6,,28.3,,21.765,,328.2,,2.83,,1.69,
2024-07-25 08:27:16,2024-07-25,08:27:16,,17.5,,48.1,,29.7,,21.706,,127.0,,1.28,,0.87
2024-07-25 08:27:24,2024-07-25,08:27:24,18.8,,55.6,,28.4,,21.853,,326.2,,2.12,,1.73,
2024-07-25 08:28:19,2024-07-25,08:28:19,,17.6,,48.2,,29.7,,21.724,,356.5,,1.22,,0.92
2024-07-25 08:28:28,2024-07-25,08:28:28,18.5,,54.9,,28.5,,21.827,,328.4,,2.57,,1.29,
2024-07-25 08:29:22,2024-07-25,08:29:22,,17.6,,47.9,,29.8,,21.755,,101.8,,1.56,,0.32
2024-07-25 08:29:31,2024-07-25,08:29:31,18.4,,54.2,,28.6,,21.799,,331.6,,2.04,,1.32,
2024-07-25 08:30:26,2024-07-25,08:30:26,,17.2,,47.2,,29.7,,21.545,,37.1,,2.13,,1.11
2024-07-25 08:30:34,2024-07-25,08:30:34,18.3,,53.7,,28.6,,21.717,,339.4,,2.19,,1.44,
2024-07-25 08:31:30,2024-07-25,08:31:30,,17.6,,48.1,,29.8,,21.791,,49.9,,1.04,,0.72
2024-07-25 08:31:38,2024-07-25,08:31:38,18.4,,53.9,,28.7,,21.837,,323.7,,1.97,,1.18,
2024-07-25 08:32:33,2024-07-25,08:32:33,,17.7,,48.0,,29.9,,21.858,,41.7,,2.1,,1.8
2024-07-25 08:32:42,2024-07-25,08:32:42,18.4,,53.4,,28.8,,21.842,,329.6,,2.1,,1.26,
2024-07-25 08:33:36,2024-07-25,08:33:36,,17.5,,47.3,,30.0,,21.818,,71.7,,2.97,,1.09
2024-07-25 08:33:45,2024-07-25,08:33:45,18.4,,53.2,,28.9,,21.896,,323.1,,2.21,,1.44,
2024-07-25 08:34:48,2024-07-25,08:34:48,18.5,,53.5,,28.9,,21.946,,303.9,,2.58,,0.76,
2024-07-25 08:35:08,2024-07-25,08:35:08,,17.6,,47.2,,30.1,,21.884,,56.9,,0.71,,0.13
2024-07-25 08:35:52,2024-07-25,08:35:52,18.5,,53.1,,29.0,,21.966,,319.1,,2.57,,1.3,
2024-07-25 08:36:12,2024-07-25,08:36:12,,17.3,,46.1,,30.2,,21.768,,79.6,,2.12,,1.77
2024-07-25 08:36:56,2024-07-25,08:36:56,18.0,,51.7,,29.0,,21.73,,339.3,,1.99,,0.75,
2024-07-25 08:37:15,2024-07-25,08:37:15,,17.2,,45.7,,30.2,,21.695,,75.0,,2.03,,0.58
2024-07-25 08:37:59,2024-07-25,08:37:59,18.0,,51.3,,29.1,,21.748,,311.4,,2.22,,1.43,
2024-07-25 08:38:18,2024-07-25,08:38:18,,17.2,,45.6,,30.3,,21.761,,61.7,,1.52,,0.81
2024-07-25 08:39:02,2024-07-25,08:39:02,18.0,,51.2,,29.1,,21.731,,335.3,,2.06,,1.17,
2024-07-25 08:39:22,2024-07-25,08:39:22,,17.1,,45.2,,30.3,,21.686,,49.3,,1.49,,0.89
2024-07-25 08:40:06,2024-07-25,08:40:06,17.5,,49.5,,29.2,,21.525,,329.3,,2.33,,1.35,
2024-07-25 08:40:26,2024-07-25,08:40:26,,16.5,,43.3,,30.4,,21.414,,98.4,,2.19,,1.23
2024-07-25 08:41:10,2024-07-25,08:41:10,17.5,,49.4,,29.2,,21.507,,328.7,,2.02,,1.11,
2024-07-25 08:41:29,2024-07-25,08:41:29,,16.5,,43.2,,30.4,,21.395,,29.0,,2.07,,1.12
2024-07-25 08:42:13,2024-07-25,08:42:13,17.4,,49.2,,29.2,,21.472,,325.7,,2.03,,1.74,
2024-07-25 08:42:32,2024-07-25,08:42:32,,16.3,,42.7,,30.4,,21.3,,46.3,,1.89,,1.3
2024-07-25 08:43:16,2024-07-25,08:43:16,17.0,,47.9,,29.2,,21.245,,323.0,,2.6,,2.04,
2024-07-25 08:43:36,2024-07-25,08:43:36,,16.3,,42.6,,30.5,,21.363,,38.7,,1.71,,1.42
2024-07-25 08:44:20,2024-07-25,08:44:20,,,,,17.1,,,,29.2,,4.81,,3.11,
2024-07-25 08:44:40,2024-07-25,08:44:40,,16.3,,42.4,,30.5,,21.325,,351.9,,0.99,,0.49
2024-07-25 08:45:24,2024-07-25,08:45:24,17.0,,47.6,,29.3,,21.277,,323.1,,2.78,,1.33,
2024-07-25 08:45:43,2024-07-25,08:45:43,,16.2,,42.3,,30.5,,21.306,,43.7,,2.4,,1.89
2024-07-25 08:46:27,2024-07-25,08:46:27,16.8,,46.6,,29.4,,21.184,,328.6,,2.11,,1.42,
2024-07-25 08:46:46,2024-07-25,08:46:46,,16.2,,41.9,,30.6,,21.311,,9.4,,2.15,,0.92
2024-07-25 08:47:30,2024-07-25,08:47:30,16.7,,46.4,,29.4,,21.148,,331.1,,2.19,,0.86,
2024-07-25 08:47:50,2024-07-25,08:47:50,,16.0,,41.5,,30.6,,21.233,,70.9,,1.65,,0.96
2024-07-25 08:48:34,2024-07-25,08:48:34,16.7,,46.1,,29.5,,21.179,,323.1,,2.0,,1.5,
2024-07-25 08:48:54,2024-07-25,08:48:54,,16.0,,41.1,,30.7,,21.237,,70.3,,1.68,,1.2
2024-07-25 08:49:38,2024-07-25,08:49:38,16.7,,46.0,,29.5,,21.161,,328.3,,2.48,,1.23,
2024-07-25 08:49:57,2024-07-25,08:49:57,,15.9,,40.6,,30.8,,21.221,,54.9,,2.05,,1.52
2024-07-25 08:50:41,2024-07-25,08:50:41,16.6,,45.7,,29.5,,21.106,,314.3,,2.39,,1.81,
2024-07-25 08:51:00,2024-07-25,08:51:00,,15.8,,40.5,,30.8,,21.201,,341.8,,1.36,,0.63
2024-07-25 08:51:44,2024-07-25,08:51:44,16.2,,45.0,,29.4,,20.896,,320.5,,2.56,,2.0,
2024-07-25 08:52:04,2024-07-25,08:52:04,,15.9,,40.6,,30.8,,21.221,,46.0,,1.2,,1.06
2024-07-25 08:52:48,2024-07-25,08:52:48,16.1,,44.9,,29.3,,20.794,,319.0,,2.88,,1.92,
2024-07-25 08:53:08,2024-07-25,08:53:08,,15.6,,39.8,,30.9,,21.143,,245.1,,1.31,,0.47
2024-07-25 08:53:52,2024-07-25,08:53:52,16.1,,44.8,,29.4,,20.859,,324.5,,2.05,,1.47,
2024-07-25 08:54:11,2024-07-25,08:54:11,,15.2,,39.0,,30.8,,20.902,,254.8,,1.03,,0.66
2024-07-25 08:54:55,2024-07-25,08:54:55,16.3,,45.3,,29.4,,20.95,,327.6,,2.34,,1.25,
2024-07-25 08:55:14,2024-07-25,08:55:14,,15.7,,40.3,,30.7,,21.08,,162.0,,1.1,,0.74
2024-07-25 08:55:58,2024-07-25,08:55:58,16.5,,45.4,,29.6,,21.136,,325.4,,2.2,,0.99,
2024-07-25 08:56:18,2024-07-25,08:56:18,,15.7,,40.2,,30.7,,21.06,,147.6,,1.18,,0.32
2024-07-25 08:57:02,2024-07-25,08:57:02,16.5,,45.1,,29.7,,21.165,,324.2,,1.95,,1.17,
2024-07-25 08:57:22,2024-07-25,08:57:22,,15.9,,40.6,,30.8,,21.221,,82.6,,0.93,,0.72
2024-07-25 08:58:06,2024-07-25,08:58:06,16.7,,45.2,,29.8,,21.267,,317.0,,1.97,,1.29,
2024-07-25 08:58:25,2024-07-25,08:58:25,,16.2,,41.0,,31.0,,21.463,,51.4,,1.08,,0.76
2024-07-25 08:59:09,2024-07-25,08:59:09,16.8,,45.3,,29.9,,21.369,,323.3,,2.46,,0.81,
2024-07-25 08:59:28,2024-07-25,08:59:28,,16.0,,40.5,,31.1,,21.446,,111.8,,1.15,,1.07
2024-07-25 09:00:12,2024-07-25,09:00:12,16.8,,45.0,,30.0,,21.398,,316.8,,1.81,,1.01,
2024-07-25 09:00:32,2024-07-25,09:00:32,,15.7,,39.0,,31.3,,21.306,,206.2,,1.34,,0.5
2024-07-25 09:01:16,2024-07-25,09:01:16,16.9,,45.0,,30.1,,21.482,,335.0,,1.91,,1.38,
2024-07-25 09:01:36,2024-07-25,09:01:36,,15.6,,39.1,,31.2,,21.245,,263.2,,1.08,,0.69
2024-07-25 09:02:20,2024-07-25,09:02:20,16.7,,44.2,,30.2,,21.417,,316.8,,2.05,,1.09,
2024-07-25 09:02:39,2024-07-25,09:02:39,,15.7,,39.3,,31.2,,21.286,,232.8,,1.09,,0.69
2024-07-25 09:03:23,2024-07-25,09:03:23,16.9,,44.7,,30.2,,21.51,,316.5,,1.99,,1.51,
2024-07-25 09:03:42,2024-07-25,09:03:42,,16.0,,40.3,,31.1,,21.406,,340.7,,1.57,,1.26
2024-07-25 09:04:26,2024-07-25,09:04:26,16.9,,44.8,,30.2,,21.528,,316.1,,2.73,,2.21,
2024-07-25 09:04:46,2024-07-25,09:04:46,,15.9,,39.9,,31.1,,21.326,,333.6,,1.59,,0.96
2024-07-25 09:05:30,2024-07-25,09:05:30,16.8,,44.6,,30.1,,21.408,,317.6,,2.33,,1.59,
2024-07-25 09:05:50,2024-07-25,09:05:50,,16.1,,40.8,,31.0,,21.424,,285.2,,1.54,,0.57
2024-07-25 09:06:34,2024-07-25,09:06:34,16.6,,44.0,,30.2,,21.379,,327.9,,2.02,,1.31,
2024-07-25 09:06:54,2024-07-25,09:06:54,,16.1,,40.7,,31.0,,21.404,,301.1,,1.58,,1.02
2024-07-25 09:07:38,2024-07-25,09:07:38,,,,,16.7,,,,30.2,,4.42,,1.64,
2024-07-25 09:07:57,2024-07-25,09:07:57,,,,,,16.0,,,,30.9,,4.08,,1.65
2024-07-25 09:08:40,2024-07-25,09:08:40,16.6,,44.1,,30.2,,21.398,,330.2,,1.82,,1.3,
2024-07-25 09:09:00,2024-07-25,09:09:00,,16.1,,41.4,,30.8,,21.378,,295.4,,1.54,,1.02
2024-07-25 09:09:44,2024-07-25,09:09:44,16.8,,44.3,,30.3,,21.519,,319.3,,1.85,,1.3,
2024-07-25 09:10:04,2024-07-25,09:10:04,,16.2,,41.8,,30.7,,21.374,,269.3,,2.0,,0.98
2024-07-25 09:10:48,2024-07-25,09:10:48,16.5,,43.8,,30.2,,21.342,,325.7,,2.06,,1.39,
2024-07-25 09:11:07,2024-07-25,09:11:07,,16.1,,41.5,,30.7,,21.315,,294.9,,1.33,,0.89
2024-07-25 09:11:51,2024-07-25,09:11:51,16.3,,43.3,,30.2,,21.248,,323.8,,2.2,,1.69,
2024-07-25 09:12:11,2024-07-25,09:12:11,,16.0,,41.4,,30.6,,21.214,,271.2,,1.68,,1.12
2024-07-25 09:12:54,2024-07-25,09:12:54,16.5,,43.8,,30.2,,21.342,,324.3,,1.84,,1.39,
2024-07-25 09:13:14,2024-07-25,09:13:14,,16.0,,41.4,,30.6,,21.214,,269.7,,1.94,,1.2
2024-07-25 09:13:58,2024-07-25,09:13:58,16.5,,43.5,,30.3,,21.369,,324.8,,1.7,,1.14,
2024-07-25 09:14:18,2024-07-25,09:14:18,,15.9,,41.2,,30.6,,21.175,,291.9,,1.37,,0.66
2024-07-25 09:15:02,2024-07-25,09:15:02,16.2,,43.1,,30.2,,21.21,,325.3,,2.02,,1.55,
2024-07-25 09:15:21,2024-07-25,09:15:21,,15.9,,41.0,,30.6,,21.136,,225.1,,1.45,,1.22
2024-07-25 09:16:05,2024-07-25,09:16:05,16.5,,43.6,,30.3,,21.387,,329.2,,2.08,,0.94,
2024-07-25 09:16:25,2024-07-25,09:16:25,,15.9,,40.9,,30.7,,21.198,,283.3,,1.4,,0.35
2024-07-25 09:17:08,2024-07-25,09:17:08,16.6,,43.4,,30.4,,21.433,,316.8,,1.75,,1.4,
2024-07-25 09:17:28,2024-07-25,09:17:28,,15.8,,40.7,,30.7,,21.159,,276.1,,0.9,,0.59
2024-07-25 09:18:12,2024-07-25,09:18:12,16.5,,43.1,,30.5,,21.459,,320.8,,2.08,,1.28,
2024-07-25 09:18:32,2024-07-25,09:18:32,,16.0,,40.9,,30.8,,21.28,,343.5,,1.13,,0.11
2024-07-25 09:19:16,2024-07-25,09:19:16,16.2,,42.1,,30.6,,21.349,,323.4,,2.59,,1.65,
2024-07-25 09:19:36,2024-07-25,09:19:36,,15.9,,40.4,,30.9,,21.263,,272.5,,1.0,,0.84
2024-07-25 09:20:19,2024-07-25,09:20:19,16.4,,42.4,,30.7,,21.49,,319.9,,2.34,,1.19,
2024-07-25 09:20:39,2024-07-25,09:20:39,,15.7,,40.0,,30.9,,21.183,,245.2,,0.87,,0.35
2024-07-25 09:21:22,2024-07-25,09:21:22,16.4,,42.1,,30.8,,21.514,,315.9,,1.78,,1.42,
2024-07-25 09:21:42,2024-07-25,09:21:42,,16.0,,40.5,,31.0,,21.364,,280.7,,1.24,,1.13
2024-07-25 09:22:26,2024-07-25,09:22:26,16.2,,41.4,,30.9,,21.46,,321.2,,2.06,,1.05,
2024-07-25 09:22:46,2024-07-25,09:22:46,,15.5,,39.5,,30.9,,21.083,,338.7,,1.75,,1.02
2024-07-25 09:23:30,2024-07-25,09:23:30,16.0,,40.9,,30.9,,21.362,,315.7,,2.59,,1.52,
2024-07-25 09:23:50,2024-07-25,09:23:50,,15.4,,39.0,,31.0,,21.064,,309.0,,1.22,,0.69
2024-07-25 09:24:33,2024-07-25,09:24:33,15.9,,40.5,,30.9,,21.283,,321.2,,2.04,,1.34,
2024-07-25 09:24:53,2024-07-25,09:24:53,,15.8,,39.6,,31.1,,21.266,,280.4,,1.17,,0.68
2024-07-25 09:25:36,2024-07-25,09:25:36,16.0,,40.4,,31.0,,21.344,,328.4,,1.91,,1.35,
2024-07-25 09:25:56,2024-07-25,09:25:56,,15.5,,39.1,,31.1,,21.165,,281.9,,0.97,,0.67
2024-07-25 09:26:40,2024-07-25,09:26:40,15.9,,40.5,,30.9,,21.283,,320.6,,1.87,,1.34,
2024-07-25 09:27:00,2024-07-25,09:27:00,,15.5,,38.8,,31.2,,21.184,,296.7,,1.43,,1.07
2024-07-25 09:27:44,2024-07-25,09:27:44,16.0,,40.7,,30.9,,21.322,,326.0,,2.46,,1.49,
2024-07-25 09:28:04,2024-07-25,09:28:04,,15.8,,39.4,,31.2,,21.306,,20.9,,1.56,,0.95
2024-07-25 09:28:47,2024-07-25,09:28:47,15.9,,40.4,,30.9,,21.263,,328.5,,2.33,,1.29,
2024-07-25 09:29:07,2024-07-25,09:29:07,,15.2,,37.8,,31.3,,21.06,,42.4,,2.11,,1.9
2024-07-25 09:29:50,2024-07-25,09:29:50,15.4,,39.2,,30.9,,21.023,,329.6,,2.25,,1.89,
2024-07-25 09:30:10,2024-07-25,09:30:10,,,,,,15.3,,,,31.5,,3.76,,2.16
2024-07-25 09:30:54,2024-07-25,09:30:54,15.3,,39.0,,30.9,,20.983,,0.5,,2.3,,1.03,
2024-07-25 09:31:14,2024-07-25,09:31:14,,15.2,,36.9,,31.7,,21.191,,47.7,,2.87,,2.56
2024-07-25 09:31:58,2024-07-25,09:31:58,15.5,,39.6,,30.8,,21.022,,337.8,,2.38,,1.38,
2024-07-25 09:32:18,2024-07-25,09:32:18,,15.2,,36.9,,31.8,,21.27,,40.6,,2.38,,1.59
2024-07-25 09:33:01,2024-07-25,09:33:01,15.8,,40.3,,30.8,,21.161,,326.4,,2.86,,1.98,
2024-07-25 09:33:21,2024-07-25,09:33:21,,15.2,,36.7,,31.9,,21.307,,66.6,,1.65,,1.3
2024-07-25 09:34:04,2024-07-25,09:34:04,15.5,,39.6,,30.8,,21.022,,330.8,,2.2,,1.53,
2024-07-25 09:34:24,2024-07-25,09:34:24,,15.2,,36.3,,32.0,,21.301,,2.6,,1.84,,0.64
2024-07-25 09:35:08,2024-07-25,09:35:08,15.8,,40.5,,30.8,,21.201,,314.6,,2.42,,1.65,
2024-07-25 09:35:28,2024-07-25,09:35:28,,,,,,15.3,,,,61.2,,1.45,,0.77
2024-07-25 09:36:12,2024-07-25,09:36:12,15.6,,39.8,,30.9,,21.143,,324.7,,3.16,,1.92,
2024-07-25 09:36:32,2024-07-25,09:36:32,,15.3,,36.1,,32.2,,21.417,,28.6,,1.43,,0.75
2024-07-25 09:37:15,2024-07-25,09:37:15,15.6,,39.8,,30.9,,21.143,,333.9,,2.18,,1.37,
2024-07-25 09:37:35,2024-07-25,09:37:35,,15.0,,35.5,,32.2,,21.286,,356.6,,1.41,,1.11
2024-07-25 09:38:18,2024-07-25,09:38:18,15.5,,39.4,,30.9,,21.063,,329.3,,2.33,,1.78,
2024-07-25 09:38:38,2024-07-25,09:38:38,,15.3,,36.3,,32.1,,21.381,,23.8,,1.48,,0.66
2024-07-25 09:39:22,2024-07-25,09:39:22,15.5,,39.4,,30.9,,21.063,,338.2,,2.28,,1.55,
2024-07-25 09:39:42,2024-07-25,09:39:42,,15.3,,36.2,,32.2,,21.438,,78.0,,1.66,,1.1
2024-07-25 09:40:26,2024-07-25,09:40:26,15.4,,39.2,,30.9,,21.023,,323.9,,2.41,,1.85,
2024-07-25 09:40:46,2024-07-25,09:40:46,,14.9,,34.8,,32.4,,21.289,,88.8,,1.89,,1.05
2024-07-25 09:41:29,2024-07-25,09:41:29,15.3,,39.2,,30.8,,20.942,,334.0,,2.15,,1.01,
2024-07-25 09:41:49,2024-07-25,09:41:49,,15.0,,34.9,,32.5,,21.39,,102.9,,0.9,,0.32
2024-07-25 09:42:32,2024-07-25,09:42:32,15.6,,39.6,,30.9,,21.103,,320.7,,1.7,,1.5,
2024-07-25 09:42:52,2024-07-25,09:42:52,,14.9,,34.5,,32.6,,21.379,,320.9,,0.52,,0.46
2024-07-25 09:43:36,2024-07-25,09:43:36,15.2,,38.3,,31.1,,21.002,,314.8,,2.72,,2.29,
2024-07-25 09:43:56,2024-07-25,09:43:56,,14.5,,33.7,,32.5,,21.121,,342.7,,1.49,,1.06
2024-07-25 09:44:40,2024-07-25,09:44:40,15.0,,38.1,,31.0,,20.881,,324.3,,2.22,,1.42,
2024-07-25 09:45:00,2024-07-25,09:45:00,,14.7,,34.1,,32.5,,21.211,,359.6,,1.27,,0.3
2024-07-25 09:45:44,2024-07-25,09:45:44,15.1,,38.2,,31.0,,20.901,,324.6,,2.79,,1.61,
2024-07-25 09:46:03,2024-07-25,09:46:03,,14.8,,34.4,,32.5,,21.278,,315.0,,0.37,,0.1
2024-07-25 09:46:46,2024-07-25,09:46:46,15.3,,38.5,,31.1,,21.043,,346.5,,2.04,,1.11,
2024-07-25 09:47:06,2024-07-25,09:47:06,,14.7,,34.1,,32.6,,21.289,,4.2,,2.47,,1.59
2024-07-25 09:47:50,2024-07-25,09:47:50,14.8,,37.2,,31.2,,20.855,,333.4,,2.45,,1.37,
2024-07-25 09:48:10,2024-07-25,09:48:10,,14.4,,33.3,,32.6,,21.108,,19.9,,2.66,,2.18
2024-07-25 09:48:54,2024-07-25,09:48:54,14.9,,37.2,,31.3,,20.935,,325.6,,2.56,,1.65,
2024-07-25 09:49:14,2024-07-25,09:49:14,,14.7,,34.0,,32.5,,21.189,,20.7,,2.57,,0.76
2024-07-25 09:49:58,2024-07-25,09:49:58,14.9,,36.9,,31.4,,20.952,,339.7,,2.45,,1.49,
2024-07-25 09:50:17,2024-07-25,09:50:17,,14.2,,33.3,,32.4,,20.953,,346.4,,2.52,,2.03
2024-07-25 09:51:00,2024-07-25,09:51:00,14.8,,36.4,,31.5,,20.926,,316.0,,2.5,,1.79,
2024-07-25 09:51:20,2024-07-25,09:51:20,,14.5,,34.2,,32.3,,21.077,,353.5,,2.02,,0.4
2024-07-25 09:52:04,2024-07-25,09:52:04,14.9,,36.6,,31.5,,20.968,,320.6,,2.4,,1.58,
2024-07-25 09:52:24,2024-07-25,09:52:24,,14.5,,34.0,,32.3,,21.033,,348.0,,1.79,,1.36
2024-07-25 09:53:08,2024-07-25,09:53:08,15.0,,36.8,,31.6,,21.09,,321.4,,2.48,,1.39,
2024-07-25 09:53:28,2024-07-25,09:53:28,,14.5,,34.1,,32.3,,21.055,,9.6,,1.46,,0.49
2024-07-25 09:54:11,2024-07-25,09:54:11,14.8,,36.1,,31.6,,20.941,,297.2,,2.24,,1.05,
2024-07-25 09:54:31,2024-07-25,09:54:31,,14.5,,34.1,,32.3,,21.055,,6.7,,2.14,,1.7
2024-07-25 09:55:14,2024-07-25,09:55:14,14.4,,35.5,,31.5,,20.734,,324.5,,2.91,,1.8,
2024-07-25 09:55:34,2024-07-25,09:55:34,,14.1,,33.3,,32.3,,20.875,,315.5,,1.56,,0.74
2024-07-25 09:56:18,2024-07-25,09:56:18,14.7,,36.2,,31.5,,20.883,,329.3,,2.53,,1.86,
2024-07-25 09:56:38,2024-07-25,09:56:38,,14.5,,33.9,,32.4,,21.088,,67.0,,1.98,,1.69
2024-07-25 09:57:22,2024-07-25,09:57:22,14.8,,36.3,,31.6,,20.984,,327.4,,1.99,,1.49,
2024-07-25 09:57:42,2024-07-25,09:57:42,,14.1,,32.9,,32.5,,20.939,,322.4,,1.53,,0.73
2024-07-25 09:58:26,2024-07-25,09:58:26,14.8,,36.2,,31.6,,20.963,,324.9,,2.01,,0.82,
2024-07-25 09:58:45,2024-07-25,09:58:45,,14.5,,33.5,,32.6,,21.153,,347.4,,0.58,,0.34
2024-07-25 09:59:28,2024-07-25,09:59:28,14.9,,36.4,,31.6,,21.005,,338.5,,2.22,,1.26,
2024-07-25 09:59:48,2024-07-25,09:59:48,,14.5,,33.5,,32.7,,21.231,,71.2,,1.43,,1.27
2024-07-25 10:00:32,2024-07-25,10:00:32,14.8,,36.3,,31.6,,20.984,,316.7,,2.36,,1.18,
2024-07-25 10:00:52,2024-07-25,10:00:52,,14.3,,32.6,,32.9,,21.179,,169.4,,1.31,,0.78
2024-07-25 10:01:36,2024-07-25,10:01:36,15.2,,36.7,,31.8,,21.228,,311.9,,2.11,,1.24,
2024-07-25 10:01:56,2024-07-25,10:01:56,,14.8,,33.3,,33.1,,21.496,,31.1,,1.26,,0.61
2024-07-25 10:02:39,2024-07-25,10:02:39,14.8,,35.6,,31.8,,20.992,,330.3,,2.61,,1.66,
2024-07-25 10:02:59,2024-07-25,10:02:59,,14.2,,31.9,,33.2,,21.245,,347.0,,1.29,,0.5
2024-07-25 10:03:42,2024-07-25,10:03:42,14.7,,35.5,,31.8,,20.971,,330.9,,2.02,,1.74,
2024-07-25 10:04:02,2024-07-25,10:04:02,,14.3,,32.0,,33.2,,21.269,,30.1,,1.66,,1.18
2024-07-25 10:04:46,2024-07-25,10:04:46,14.9,,35.8,,31.9,,21.114,,334.7,,2.35,,1.55,
2024-07-25 10:05:06,2024-07-25,10:05:06,,14.0,,31.4,,33.3,,21.202,,13.7,,1.96,,1.12
2024-07-25 10:05:50,2024-07-25,10:05:50,14.3,,34.3,,31.9,,20.787,,331.8,,2.55,,1.5,
2024-07-25 10:06:10,2024-07-25,10:06:10,,14.0,,31.4,,33.3,,21.202,,56.3,,1.48,,0.77
2024-07-25 10:06:53,2024-07-25,10:06:53,14.2,,34.3,,31.9,,20.787,,333.4,,2.21,,1.89,
2024-07-25 10:07:14,2024-07-25,10:07:14,,14.0,,31.1,,33.4,,21.207,,332.5,,1.11,,0.7
2024-07-25 10:07:56,2024-07-25,10:07:56,14.2,,34.4,,31.8,,20.731,,328.3,,2.2,,1.69,
2024-07-25 10:08:17,2024-07-25,10:08:17,,14.0,,31.2,,33.4,,21.231,,28.1,,0.77,,0.09
2024-07-25 10:09:00,2024-07-25,10:09:00,14.2,,34.5,,31.8,,20.753,,337.0,,2.3,,1.21,
2024-07-25 10:09:20,2024-07-25,10:09:20,,13.8,,30.7,,33.4,,21.11,,261.6,,1.43,,0.12
2024-07-25 10:10:04,2024-07-25,10:10:04,14.2,,34.6,,31.8,,20.775,,327.3,,2.61,,2.32,
2024-07-25 10:10:24,2024-07-25,10:10:24,,13.9,,30.7,,33.5,,21.186,,324.1,,1.06,,0.8
2024-07-25 10:11:08,2024-07-25,10:11:08,14.0,,34.0,,31.8,,20.643,,329.0,,2.44,,2.2,
2024-07-25 10:11:28,2024-07-25,10:11:28,,14.0,,31.0,,33.5,,21.259,,39.8,,1.02,,0.57
2024-07-25 10:12:10,2024-07-25,10:12:10,14.2,,34.5,,31.8,,20.753,,324.7,,2.68,,1.68,
2024-07-25 10:12:31,2024-07-25,10:12:31,,13.8,,30.3,,33.6,,21.163,,333.0,,1.09,,0.68
2024-07-25 10:13:14,2024-07-25,10:13:14,14.1,,34.0,,31.9,,20.721,,320.8,,2.32,,1.87,
2024-07-25 10:13:34,2024-07-25,10:13:34,,14.0,,30.8,,33.6,,21.286,,61.7,,1.05,,0.82
2024-07-25 10:14:18,2024-07-25,10:14:18,14.0,,33.6,,32.0,,20.709,,332.1,,2.3,,1.14,
2024-07-25 10:14:38,2024-07-25,10:14:38,,13.9,,30.4,,33.7,,21.264,,96.6,,1.19,,0.37
2024-07-25 10:15:22,2024-07-25,10:15:22,14.2,,34.1,,32.0,,20.821,,330.3,,2.18,,1.43,
2024-07-25 10:15:42,2024-07-25,10:15:42,,14.0,,30.2,,33.9,,21.366,,29.3,,0.8,,0.5
2024-07-25 10:16:24,2024-07-25,10:16:24,14.2,,33.9,,32.1,,20.854,,333.8,,2.21,,1.08,
2024-07-25 10:16:45,2024-07-25,10:16:45,,14.1,,30.1,,34.1,,21.492,,215.4,,0.56,,0.51
2024-07-25 10:17:28,2024-07-25,10:17:28,14.3,,34.2,,32.1,,20.921,,323.8,,2.02,,1.47,
2024-07-25 10:17:48,2024-07-25,10:17:48,,13.8,,29.5,,34.1,,21.341,,197.9,,1.87,,0.44
2024-07-25 10:18:32,2024-07-25,10:18:32,14.3,,34.0,,32.2,,20.955,,286.3,,2.13,,0.08,
2024-07-25 10:18:52,2024-07-25,10:18:52,,13.5,,29.1,,34.0,,21.165,,224.9,,2.37,,1.98
2024-07-25 10:19:35,2024-07-25,10:19:35,14.9,,35.1,,32.3,,21.277,,315.4,,1.47,,0.95,
2024-07-25 10:19:56,2024-07-25,10:19:56,,13.6,,29.7,,33.7,,21.09,,219.6,,2.52,,2.19
2024-07-25 10:20:39,2024-07-25,10:20:39,14.6,,33.9,,32.5,,21.166,,326.5,,2.14,,1.52,
2024-07-25 10:20:59,2024-07-25,10:20:59,,13.7,,30.4,,33.4,,21.036,,245.9,,2.77,,1.74
2024-07-25 10:21:42,2024-07-25,10:21:42,14.8,,34.2,,32.6,,21.312,,324.6,,2.08,,1.47,
2024-07-25 10:22:02,2024-07-25,10:22:02,,14.0,,31.3,,33.2,,21.102,,193.6,,2.09,,1.66
2024-07-25 10:22:46,2024-07-25,10:22:46,15.1,,34.8,,32.7,,21.525,,310.1,,1.8,,1.14,
2024-07-25 10:23:06,2024-07-25,10:23:06,,13.9,,31.1,,33.2,,21.054,,226.0,,2.3,,0.89
2024-07-25 10:23:50,2024-07-25,10:23:50,15.0,,34.2,,32.8,,21.468,,310.2,,2.44,,1.5,
2024-07-25 10:24:10,2024-07-25,10:24:10,,14.0,,31.1,,33.3,,21.13,,179.9,,1.86,,1.05
2024-07-25 10:24:53,2024-07-25,10:24:53,14.8,,33.4,,33.0,,21.441,,312.1,,2.0,,0.65,
2024-07-25 10:25:13,2024-07-25,10:25:13,,13.7,,30.6,,33.3,,21.009,,188.6,,2.8,,1.37
2024-07-25 10:25:56,2024-07-25,10:25:56,14.6,,32.9,,33.1,,21.403,,312.3,,2.26,,1.39,
2024-07-25 10:26:16,2024-07-25,10:26:16,,13.7,,30.6,,33.3,,21.009,,239.8,,1.92,,1.08
2024-07-25 10:27:00,2024-07-25,10:27:00,14.1,,32.3,,32.9,,21.109,,314.5,,2.41,,1.09,
2024-07-25 10:27:20,2024-07-25,10:27:20,,13.5,,30.2,,33.3,,20.912,,191.0,,1.86,,1.7
2024-07-25 10:28:04,2024-07-25,10:28:04,14.6,,33.2,,32.9,,21.317,,320.0,,2.04,,1.13,
2024-07-25 10:28:24,2024-07-25,10:28:24,,13.5,,30.4,,33.2,,20.885,,211.3,,2.16,,1.59
2024-07-25 10:29:07,2024-07-25,10:29:07,14.4,,32.6,,33.0,,21.256,,325.1,,1.76,,1.53,
2024-07-25 10:29:27,2024-07-25,10:29:27,,13.1,,30.0,,33.0,,20.636,,210.9,,2.0,,1.52
2024-07-25 10:30:10,2024-07-25,10:30:10,14.4,,32.4,,33.1,,21.286,,316.0,,1.73,,1.37,
2024-07-25 10:30:30,2024-07-25,10:30:30,,,,,,13.2,,,,32.9,,3.04,,1.91
2024-07-25 10:31:14,2024-07-25,10:31:14,14.3,,32.1,,33.2,,21.292,,313.7,,1.87,,1.28,
2024-07-25 10:31:34,2024-07-25,10:31:34,,13.3,,30.4,,33.0,,20.733,,200.4,,1.09,,0.2
2024-07-25 10:32:18,2024-07-25,10:32:18,14.6,,32.4,,33.3,,21.44,,288.5,,2.03,,0.12,
2024-07-25 10:32:38,2024-07-25,10:32:38,,13.2,,30.0,,33.1,,20.712,,157.2,,1.2,,0.96
2024-07-25 10:33:22,2024-07-25,10:33:22,,,,,13.1,,,,33.2,,2.98,,1.99,
2024-07-25 10:33:41,2024-07-25,10:33:41,,13.5,,30.5,,33.2,,20.909,,327.5,,1.3,,0.43
2024-07-25 10:34:24,2024-07-25,10:34:24,13.7,,30.9,,33.1,,20.93,,312.8,,2.27,,1.7,
2024-07-25 10:34:44,2024-07-25,10:34:44,,13.0,,29.3,,33.3,,20.69,,307.9,,1.4,,0.92
2024-07-25 10:35:28,2024-07-25,10:35:28,13.5,,30.6,,33.1,,20.858,,314.8,,2.42,,1.04,
2024-07-25 10:35:48,2024-07-25,10:35:48,,12.9,,28.9,,33.4,,20.665,,295.5,,1.29,,1.1
2024-07-25 10:36:32,2024-07-25,10:36:32,13.7,,31.0,,33.1,,20.954,,319.3,,1.91,,1.4,
2024-07-25 10:36:52,2024-07-25,10:36:52,,12.9,,28.9,,33.4,,20.665,,323.3,,1.47,,0.77
2024-07-25 10:37:35,2024-07-25,10:37:35,13.9,,31.2,,33.2,,21.078,,329.6,,2.44,,1.22,
2024-07-25 10:37:55,2024-07-25,10:37:55,,12.8,,28.8,,33.4,,20.64,,295.3,,1.33,,0.69
2024-07-25 10:38:38,2024-07-25,10:38:38,13.6,,30.6,,33.2,,20.933,,320.7,,1.84,,1.09,
2024-07-25 10:38:58,2024-07-25,10:38:58,,12.9,,28.9,,33.4,,20.665,,274.4,,2.0,,1.53
2024-07-25 10:39:42,2024-07-25,10:39:42,13.6,,30.7,,33.2,,20.958,,322.3,,2.09,,1.54,
2024-07-25 10:40:02,2024-07-25,10:40:02,,12.8,,28.7,,33.4,,20.615,,281.5,,1.54,,0.8
2024-07-25 10:40:46,2024-07-25,10:40:46,13.2,,30.1,,33.1,,20.736,,324.5,,2.37,,1.26,
2024-07-25 10:41:06,2024-07-25,10:41:06,,12.6,,28.6,,33.3,,20.515,,261.9,,2.34,,2.16
2024-07-25 10:41:49,2024-07-25,10:41:49,13.7,,30.9,,33.2,,21.006,,335.8,,2.04,,1.64,
2024-07-25 10:42:09,2024-07-25,10:42:09,,12.8,,29.2,,33.1,,20.515,,244.7,,2.6,,1.15
2024-07-25 10:42:52,2024-07-25,10:42:52,13.4,,30.2,,33.2,,20.836,,5.4,,1.7,,0.37,
2024-07-25 10:43:12,2024-07-25,10:43:12,,13.0,,29.5,,33.1,,20.589,,270.2,,1.59,,0.69
2024-07-25 10:43:56,2024-07-25,10:43:56,13.5,,30.4,,33.2,,20.885,,357.8,,0.64,,0.35,
2024-07-25 10:44:16,2024-07-25,10:44:16,,12.7,,29.0,,33.1,,20.466,,266.6,,1.51,,0.84
2024-07-25 10:45:00,2024-07-25,10:45:00,14.3,,31.9,,33.3,,21.322,,29.7,,0.6,,0.43,
2024-07-25 10:45:20,2024-07-25,10:45:20,,12.7,,28.9,,33.2,,20.515,,308.3,,1.13,,0.83
2024-07-25 10:46:03,2024-07-25,10:46:03,14.2,,31.8,,33.3,,21.298,,59.5,,0.48,,0.28,
2024-07-25 10:46:23,2024-07-25,10:46:23,,12.9,,29.0,,33.3,,20.615,,142.8,,2.02,,1.81
2024-07-25 10:47:06,2024-07-25,10:47:06,14.3,,31.7,,33.4,,21.351,,188.5,,0.89,,0.21,
2024-07-25 10:47:26,2024-07-25,10:47:26,,12.7,,28.4,,33.5,,20.613,,132.6,,3.24,,2.5
2024-07-25 10:48:10,2024-07-25,10:48:10,14.4,,32.0,,33.4,,21.422,,190.7,,0.79,,0.43,
2024-07-25 10:48:30,2024-07-25,10:48:30,,,,,,13.0,,,,144.0,,2.77,,2.2
2024-07-25 10:49:14,2024-07-25,10:49:14,14.1,,31.1,,33.5,,21.283,,282.2,,0.96,,0.66,
2024-07-25 10:49:34,2024-07-25,10:49:34,,12.5,,27.6,,33.8,,20.63,,145.3,,3.41,,1.51
2024-07-25 10:50:17,2024-07-25,10:50:17,14.6,,31.9,,33.6,,21.552,,144.2,,0.93,,0.57,
2024-07-25 10:50:37,2024-07-25,10:50:37,,12.9,,28.1,,33.9,,20.834,,149.4,,3.01,,1.97
2024-07-25 10:51:20,2024-07-25,10:51:20,14.7,,32.2,,33.6,,21.624,,66.4,,0.67,,0.44,
2024-07-25 10:51:40,2024-07-25,10:51:40,,12.4,,27.2,,33.9,,20.6,,138.6,,2.32,,1.96
2024-07-25 10:52:24,2024-07-25,10:52:24,14.7,,32.0,,33.7,,21.653,,300.2,,0.76,,0.36,
2024-07-25 10:52:44,2024-07-25,10:52:44,,12.4,,27.3,,33.9,,20.626,,150.5,,2.61,,0.81
2024-07-25 10:53:28,2024-07-25,10:53:28,14.6,,31.6,,33.8,,21.633,,355.6,,1.11,,0.39,
2024-07-25 10:53:48,2024-07-25,10:53:48,,12.5,,27.3,,34.0,,20.7,,194.5,,3.47,,2.5
2024-07-25 10:54:31,2024-07-25,10:54:31,14.2,,30.7,,33.9,,21.489,,132.8,,1.31,,0.42,
2024-07-25 10:54:51,2024-07-25,10:54:51,,12.1,,27.0,,33.7,,20.4,,142.6,,3.19,,2.47
2024-07-25 10:55:34,2024-07-25,10:55:34,15.0,,32.0,,34.0,,21.883,,143.8,,1.77,,1.36,
2024-07-25 10:55:54,2024-07-25,10:55:54,,12.6,,27.9,,33.7,,20.634,,208.6,,2.47,,0.76
2024-07-25 10:56:38,2024-07-25,10:56:38,14.0,,30.2,,34.0,,21.441,,140.9,,1.53,,0.66,
2024-07-25 10:56:58,2024-07-25,10:56:58,,12.9,,28.4,,33.7,,20.762,,226.7,,2.74,,1.97
2024-07-25 10:57:42,2024-07-25,10:57:42,14.0,,30.3,,33.9,,21.391,,313.0,,1.23,,1.04,
2024-07-25 10:58:02,2024-07-25,10:58:02,,13.2,,29.3,,33.6,,20.915,,245.7,,2.47,,0.99
2024-07-25 10:59:05,2024-07-25,10:59:05,,18.1,,40.0,,33.6,,23.379,,232.7,,5.34,,4.73
2024-07-25 10:59:16,2024-07-25,10:59:16,14.0,,30.4,,33.8,,21.34,,20.5,,1.07,,0.26,
2024-07-25 11:00:08,2024-07-25,11:00:08,,20.0,,46.2,,33.1,,24.232,,223.1,,5.29,,2.29
2024-07-25 11:00:19,2024-07-25,11:00:19,15.8,,33.9,,33.9,,22.257,,7.2,,0.58,,0.25,
2024-07-25 11:01:12,2024-07-25,11:01:12,,20.2,,47.5,,32.9,,24.316,,228.5,,5.18,,4.58
2024-07-25 11:01:22,2024-07-25,11:01:22,18.4,,39.7,,34.1,,23.72,,275.6,,1.02,,0.1,
2024-07-25 11:02:16,2024-07-25,11:02:16,,20.4,,48.8,,32.5,,24.223,,213.5,,6.23,,1.68
2024-07-25 11:02:26,2024-07-25,11:02:26,19.8,,42.8,,34.2,,24.462,,301.1,,0.66,,0.36,
2024-07-25 11:03:19,2024-07-25,11:03:19,,19.9,,48.1,,32.3,,23.92,,236.1,,5.71,,5.29
2024-07-25 11:03:30,2024-07-25,11:03:30,20.0,,43.4,,34.3,,24.67,,159.0,,0.53,,0.19,
2024-07-25 11:04:22,2024-07-25,11:04:22,,19.6,,47.9,,32.0,,23.627,,225.3,,5.71,,5.04
2024-07-25 11:04:33,2024-07-25,11:04:33,20.5,,44.5,,34.3,,24.897,,143.6,,0.87,,0.25,
2024-07-25 11:05:26,2024-07-25,11:05:26,,19.5,,48.2,,31.8,,23.513,,217.0,,5.53,,4.91
2024-07-25 11:05:36,2024-07-25,11:05:36,20.2,,43.9,,34.3,,24.773,,53.8,,0.58,,0.18,
2024-07-25 11:06:30,2024-07-25,11:06:30,,19.5,,48.6,,31.7,,23.502,,233.8,,5.32,,3.94
2024-07-25 11:06:40,2024-07-25,11:06:40,20.4,,43.9,,34.3,,24.773,,134.9,,1.06,,0.84,
2024-07-25 11:07:33,2024-07-25,11:07:33,,19.4,,47.8,,31.9,,23.523,,202.6,,4.55,,3.69
2024-07-25 11:07:44,2024-07-25,11:07:44,20.1,,43.7,,34.3,,24.732,,224.3,,1.24,,0.27,
2024-07-25 11:08:36,2024-07-25,11:08:36,,19.7,,48.2,,32.0,,23.683,,210.9,,5.38,,3.71
2024-07-25 11:08:47,2024-07-25,11:08:47,20.1,,43.6,,34.3,,24.711,,199.1,,0.96,,0.12,
2024-07-25 11:09:40,2024-07-25,11:09:40,,19.5,,48.0,,31.9,,23.561,,214.5,,4.7,,3.42
2024-07-25 11:09:50,2024-07-25,11:09:50,20.5,,44.5,,34.3,,24.897,,13.3,,0.87,,0.36,
2024-07-25 11:10:44,2024-07-25,11:10:44,,19.7,,48.8,,31.8,,23.625,,219.7,,4.67,,3.43
2024-07-25 11:10:54,2024-07-25,11:10:54,20.3,,44.1,,34.3,,24.815,,129.2,,0.75,,0.17,
2024-07-25 11:11:47,2024-07-25,11:11:47,,19.3,,47.8,,31.8,,23.438,,214.0,,5.45,,4.44
2024-07-25 11:11:58,2024-07-25,11:11:58,20.3,,44.1,,34.3,,24.815,,339.6,,0.46,,0.11,
2024-07-25 11:12:50,2024-07-25,11:12:50,,19.6,,49.4,,31.5,,23.479,,193.4,,5.59,,2.56
2024-07-25 11:13:01,2024-07-25,11:13:01,20.3,,44.2,,34.3,,24.835,,283.6,,0.7,,0.17,
2024-07-25 11:13:54,2024-07-25,11:13:54,,19.4,,49.1,,31.4,,23.338,,206.3,,5.24,,3.18
2024-07-25 11:14:04,2024-07-25,11:14:04,20.2,,43.9,,34.3,,24.773,,243.5,,0.93,,0.29,
2024-07-25 11:14:58,2024-07-25,11:14:58,,19.4,,48.4,,31.6,,23.38,,197.5,,3.67,,1.85
2024-07-25 11:15:08,2024-07-25,11:15:08,20.3,,44.2,,34.3,,24.835,,276.7,,0.93,,0.36,
2024-07-25 11:16:01,2024-07-25,11:16:01,,19.1,,47.3,,31.7,,23.259,,199.0,,4.5,,3.46
2024-07-25 11:16:12,2024-07-25,11:16:12,20.1,,43.5,,34.3,,24.69,,203.9,,1.12,,0.06,
2024-07-25 11:17:04,2024-07-25,11:17:04,,19.5,,48.4,,31.7,,23.465,,215.6,,4.66,,3.8
2024-07-25 11:17:15,2024-07-25,11:17:15,20.1,,43.3,,34.4,,24.732,,305.6,,0.93,,0.14,
2024-07-25 11:18:08,2024-07-25,11:18:08,,18.9,,47.0,,31.6,,23.118,,215.1,,6.45,,3.82
2024-07-25 11:18:18,2024-07-25,11:18:18,20.4,,44.0,,34.4,,24.877,,108.6,,0.87,,0.17,
2024-07-25 11:19:12,2024-07-25,11:19:12,,19.0,,47.6,,31.5,,23.146,,212.8,,5.03,,2.71
2024-07-25 11:19:22,2024-07-25,11:19:22,19.9,,42.4,,34.5,,24.625,,323.6,,2.13,,1.38,
2024-07-25 11:20:15,2024-07-25,11:20:15,,19.3,,48.4,,31.5,,23.295,,222.2,,5.59,,3.96
2024-07-25 11:20:26,2024-07-25,11:20:26,20.0,,42.9,,34.5,,24.731,,324.7,,2.77,,1.18,
2024-07-25 11:21:18,2024-07-25,11:21:18,,19.2,,48.6,,31.4,,23.246,,243.0,,4.38,,2.65
2024-07-25 11:21:29,2024-07-25,11:21:29,20.0,,42.8,,34.4,,24.627,,326.6,,2.22,,1.51,
2024-07-25 11:22:22,2024-07-25,11:22:22,,19.2,,48.4,,31.4,,23.209,,242.5,,5.39,,4.57
2024-07-25 11:22:32,2024-07-25,11:22:32,20.0,,43.4,,34.2,,24.587,,335.0,,1.78,,0.71,
2024-07-25 11:23:26,2024-07-25,11:23:26,,18.8,,47.1,,31.4,,22.968,,232.4,,5.77,,5.19
2024-07-25 11:23:36,2024-07-25,11:23:36,19.9,,43.3,,34.1,,24.483,,325.1,,2.6,,1.03,
2024-07-25 11:24:29,2024-07-25,11:24:29,,19.0,,48.3,,31.3,,23.105,,244.0,,5.11,,4.17
2024-07-25 11:24:40,2024-07-25,11:24:40,19.9,,43.5,,34.1,,24.524,,324.8,,1.93,,0.92,
2024-07-25 11:25:32,2024-07-25,11:25:32,,18.8,,47.7,,31.2,,22.909,,245.6,,6.21,,2.83
2024-07-25 11:25:43,2024-07-25,11:25:43,19.6,,42.9,,34.0,,24.317,,336.8,,1.96,,0.76,
2024-07-25 11:26:36,2024-07-25,11:26:36,,18.7,,47.2,,31.3,,22.901,,219.4,,4.79,,2.51
2024-07-25 11:26:46,2024-07-25,11:26:46,19.8,,43.3,,34.0,,24.4,,324.3,,2.31,,1.4,
2024-07-25 11:27:40,2024-07-25,11:27:40,,18.6,,46.4,,31.5,,22.921,,223.0,,4.46,,2.77
2024-07-25 11:27:50,2024-07-25,11:27:50,19.6,,42.5,,34.2,,24.399,,311.9,,2.74,,2.31,
2024-07-25 11:28:43,2024-07-25,11:28:43,,18.7,,46.0,,31.7,,23.013,,194.5,,5.65,,2.92
2024-07-25 11:28:54,2024-07-25,11:28:54,19.6,,42.2,,34.3,,24.418,,324.8,,2.11,,0.93,
2024-07-25 11:29:46,2024-07-25,11:29:46,,18.5,,45.7,,31.7,,22.956,,200.8,,4.82,,2.22
2024-07-25 11:29:57,2024-07-25,11:29:57,19.5,,41.7,,34.4,,24.395,,320.2,,2.88,,0.77,
2024-07-25 11:30:50,2024-07-25,11:30:50,,18.3,,45.1,,31.7,,22.841,,195.9,,4.88,,3.6
2024-07-25 11:31:00,2024-07-25,11:31:00,19.1,,40.8,,34.4,,24.202,,216.3,,1.95,,0.55,
2024-07-25 11:31:54,2024-07-25,11:31:54,,18.2,,45.1,,31.6,,22.757,,196.6,,6.98,,3.83
2024-07-25 11:32:04,2024-07-25,11:32:04,19.5,,41.6,,34.4,,24.373,,311.2,,2.26,,1.33,
2024-07-25 11:32:57,2024-07-25,11:32:57,,18.3,,45.2,,31.6,,22.777,,195.4,,5.53,,3.54
2024-07-25 11:33:08,2024-07-25,11:33:08,19.5,,41.8,,34.4,,24.416,,310.5,,2.83,,2.51,
2024-07-25 11:34:00,2024-07-25,11:34:00,,18.5,,45.8,,31.6,,22.891,,251.7,,5.78,,2.23
2024-07-25 11:34:11,2024-07-25,11:34:11,19.5,,41.4,,34.5,,24.413,,336.4,,2.89,,1.05,
2024-07-25 11:35:04,2024-07-25,11:35:04,,18.4,,45.5,,31.6,,22.834,,211.0,,5.4,,3.91
2024-07-25 11:35:14,2024-07-25,11:35:14,19.1,,40.2,,34.6,,24.235,,335.1,,2.19,,0.56,
2024-07-25 11:36:08,2024-07-25,11:36:08,,18.4,,45.4,,31.7,,22.899,,216.1,,4.99,,3.03
2024-07-25 11:36:18,2024-07-25,11:36:18,19.1,,40.5,,34.5,,24.219,,325.9,,1.87,,1.35,
2024-07-25 11:37:11,2024-07-25,11:37:11,,18.4,,45.5,,31.6,,22.834,,226.6,,5.53,,3.1
2024-07-25 11:37:22,2024-07-25,11:37:22,19.2,,40.7,,34.5,,24.262,,311.7,,2.29,,1.87,
2024-07-25 11:38:14,2024-07-25,11:38:14,,18.2,,44.9,,31.7,,22.803,,235.6,,5.25,,3.03
2024-07-25 11:38:25,2024-07-25,11:38:25,19.0,,40.3,,34.4,,24.094,,326.6,,2.64,,1.27,
2024-07-25 11:39:18,2024-07-25,11:39:18,,18.4,,45.5,,31.6,,22.834,,190.3,,6.61,,4.6
2024-07-25 11:39:28,2024-07-25,11:39:28,19.0,,40.8,,34.3,,24.12,,313.0,,2.02,,1.1,
2024-07-25 11:40:22,2024-07-25,11:40:22,,18.2,,45.3,,31.5,,22.712,,212.0,,6.71,,5.62
2024-07-25 11:40:32,2024-07-25,11:40:32,19.2,,41.2,,34.3,,24.206,,314.4,,3.11,,2.29,
2024-07-25 11:41:25,2024-07-25,11:41:25,,18.3,,46.0,,31.3,,22.676,,216.8,,6.54,,4.4
2024-07-25 11:41:36,2024-07-25,11:41:36,19.0,,40.8,,34.3,,24.12,,313.7,,2.99,,1.9,
2024-07-25 11:42:28,2024-07-25,11:42:28,,18.4,,46.6,,31.2,,22.705,,227.9,,5.51,,4.61
2024-07-25 11:42:39,2024-07-25,11:42:39,19.1,,40.9,,34.3,,24.142,,336.1,,1.87,,1.4,
2024-07-25 11:43:32,2024-07-25,11:43:32,,18.4,,46.6,,31.3,,22.789,,220.0,,5.5,,4.55
2024-07-25 11:43:42,2024-07-25,11:43:42,19.3,,41.8,,34.1,,24.169,,11.9,,2.43,,1.1,
2024-07-25 11:44:36,2024-07-25,11:44:36,,18.4,,46.0,,31.4,,22.761,,197.5,,5.21,,3.57
2024-07-25 11:44:46,2024-07-25,11:44:46,19.2,,41.6,,34.1,,24.127,,273.7,,0.81,,0.36,
2024-07-25 11:45:40,2024-07-25,11:45:40,,,,,,18.4,,,,31.5,,4.59,,5.44
2024-07-25 11:45:50,2024-07-25,11:45:50,19.4,,42.0,,34.2,,24.294,,320.9,,2.34,,0.6,
2024-07-25 11:46:42,2024-07-25,11:46:42,,18.1,,44.9,,31.6,,22.719,,194.6,,5.6,,4.92
2024-07-25 11:46:53,2024-07-25,11:46:53,19.3,,41.8,,34.2,,24.251,,315.3,,3.32,,2.14,
2024-07-25 11:47:46,2024-07-25,11:47:46,,18.6,,46.4,,31.5,,22.921,,209.7,,4.91,,4.05
2024-07-25 11:47:56,2024-07-25,11:47:56,19.2,,41.3,,34.3,,24.227,,334.0,,3.43,,0.86,
2024-07-25 11:48:50,2024-07-25,11:48:50,,18.5,,46.2,,31.5,,22.883,,218.1,,6.27,,4.59
2024-07-25 11:49:00,2024-07-25,11:49:00,19.3,,41.4,,34.3,,24.249,,315.1,,2.16,,0.82,
2024-07-25 11:49:53,2024-07-25,11:49:53,,18.6,,46.9,,31.3,,22.845,,211.8,,5.9,,5.12
2024-07-25 11:50:04,2024-07-25,11:50:04,19.5,,41.6,,34.4,,24.373,,331.7,,1.72,,0.63,
2024-07-25 11:50:56,2024-07-25,11:50:56,,18.5,,47.0,,31.2,,22.779,,219.3,,5.47,,3.58
2024-07-25 11:51:07,2024-07-25,11:51:07,19.5,,42.1,,34.2,,24.315,,328.7,,2.73,,0.59,
2024-07-25 11:52:00,2024-07-25,11:52:00,,18.3,,45.7,,31.4,,22.704,,210.9,,5.95,,5.08
2024-07-25 11:52:10,2024-07-25,11:52:10,19.4,,41.8,,34.2,,24.251,,321.1,,2.45,,1.74,
2024-07-25 11:53:04,2024-07-25,11:53:04,,18.2,,45.9,,31.3,,22.658,,205.6,,6.13,,4.91
2024-07-25 11:53:14,2024-07-25,11:53:14,19.2,,40.8,,34.4,,24.202,,330.8,,2.57,,1.03,
2024-07-25 11:54:07,2024-07-25,11:54:07,,18.1,,45.5,,31.3,,22.582,,191.2,,4.97,,4.24
2024-07-25 11:54:18,2024-07-25,11:54:18,19.0,,40.7,,34.3,,24.099,,312.7,,2.88,,2.35,
2024-07-25 11:55:10,2024-07-25,11:55:10,,18.1,,45.7,,31.2,,22.536,,215.4,,6.08,,4.07
2024-07-25 11:55:22,2024-07-25,11:55:22,19.0,,40.6,,34.5,,24.24,,321.9,,2.52,,1.53,
2024-07-25 11:56:14,2024-07-25,11:56:14,,18.3,,46.5,,31.1,,22.602,,171.0,,5.98,,1.16
2024-07-25 11:56:24,2024-07-25,11:56:24,19.0,,40.3,,34.4,,24.094,,115.9,,2.46,,0.6,
2024-07-25 11:57:18,2024-07-25,11:57:18,,17.7,,44.5,,31.2,,22.308,,216.7,,5.65,,3.49
2024-07-25 11:57:28,2024-07-25,11:57:28,19.0,,40.4,,34.4,,24.116,,327.6,,2.54,,0.31,
2024-07-25 11:58:21,2024-07-25,11:58:21,,17.7,,44.7,,31.2,,22.346,,226.9,,5.49,,4.35
2024-07-25 11:58:32,2024-07-25,11:58:32,19.1,,40.7,,34.4,,24.18,,319.1,,1.13,,0.76,
2024-07-25 11:59:24,2024-07-25,11:59:24,,17.7,,44.6,,31.2,,22.327,,251.1,,6.77,,4.53
2024-07-25 11:59:36,2024-07-25,11:59:36,18.8,,40.2,,34.3,,23.991,,351.9,,2.08,,1.67,
2024-07-25 12:00:28,2024-07-25,12:00:28,,17.6,,44.5,,31.1,,22.224,,209.8,,6.8,,3.71
2024-07-25 12:00:39,2024-07-25,12:00:39,18.9,,40.7,,34.1,,23.935,,339.0,,1.8,,1.17,
2024-07-25 12:01:32,2024-07-25,12:01:32,,17.3,,43.9,,31.1,,22.11,,228.3,,5.96,,5.21
2024-07-25 12:01:42,2024-07-25,12:01:42,18.6,,40.3,,34.0,,23.768,,4.8,,1.64,,0.75,
2024-07-25 12:02:35,2024-07-25,12:02:35,,17.5,,44.6,,31.0,,22.16,,217.6,,5.64,,4.91
2024-07-25 12:02:46,2024-07-25,12:02:46,18.2,,39.8,,33.8,,23.498,,346.4,,2.08,,1.48,
2024-07-25 12:03:38,2024-07-25,12:03:38,,17.4,,44.4,,31.0,,22.122,,220.8,,6.49,,5.22
2024-07-25 12:03:50,2024-07-25,12:03:50,18.5,,40.7,,33.7,,23.609,,330.6,,2.35,,1.43,
2024-07-25 12:04:42,2024-07-25,12:04:42,,17.2,,43.7,,31.0,,21.988,,207.3,,7.24,,4.6
2024-07-25 12:04:53,2024-07-25,12:04:53,18.4,,40.3,,33.8,,23.605,,319.5,,2.43,,1.0,
2024-07-25 12:05:46,2024-07-25,12:05:46,,17.6,,44.6,,31.1,,22.243,,212.2,,4.32,,1.23
2024-07-25 12:05:56,2024-07-25,12:05:56,18.3,,39.5,,34.0,,23.596,,325.4,,2.22,,1.26,
2024-07-25 12:06:49,2024-07-25,12:06:49,,17.0,,42.8,,31.2,,21.98,,229.9,,5.98,,2.91
2024-07-25 12:07:00,2024-07-25,12:07:00,18.1,,39.0,,34.1,,23.568,,346.7,,1.93,,1.06,
2024-07-25 12:07:52,2024-07-25,12:07:52,,17.0,,42.5,,31.3,,22.004,,221.6,,5.05,,4.02
2024-07-25 12:08:04,2024-07-25,12:08:04,18.2,,39.1,,34.1,,23.59,,333.4,,1.83,,1.53,
2024-07-25 12:08:56,2024-07-25,12:08:56,,17.1,,42.9,,31.2,,22.0,,219.2,,6.25,,3.53
2024-07-25 12:09:07,2024-07-25,12:09:07,18.0,,38.5,,34.1,,23.458,,342.3,,2.11,,1.23,
2024-07-25 12:10:00,2024-07-25,12:10:00,,17.3,,43.3,,31.3,,22.16,,215.7,,4.7,,2.75
2024-07-25 12:10:10,2024-07-25,12:10:10,18.2,,38.9,,34.2,,23.627,,318.0,,2.79,,1.9,
2024-07-25 12:11:03,2024-07-25,12:11:03,,17.2,,43.1,,31.3,,22.121,,222.6,,6.82,,3.99
2024-07-25 12:11:14,2024-07-25,12:11:14,18.2,,39.2,,34.1,,23.612,,21.2,,2.59,,0.09,
2024-07-25 12:12:07,2024-07-25,12:12:07,,17.6,,44.5,,31.1,,22.224,,229.7,,7.48,,4.72
2024-07-25 12:12:18,2024-07-25,12:12:18,18.4,,39.5,,34.2,,23.758,,323.0,,2.3,,1.9,
2024-07-25 12:13:10,2024-07-25,12:13:10,,17.6,,44.5,,31.1,,22.224,,219.0,,5.48,,4.41
2024-07-25 12:13:21,2024-07-25,12:13:21,18.5,,39.8,,34.1,,23.742,,326.0,,1.87,,1.18,
2024-07-25 12:14:14,2024-07-25,12:14:14,,17.4,,43.5,,31.3,,22.199,,197.3,,6.16,,4.7
2024-07-25 12:14:24,2024-07-25,12:14:24,18.7,,40.0,,34.2,,23.866,,326.0,,2.58,,1.15,
2024-07-25 12:15:17,2024-07-25,12:15:17,,17.6,,44.5,,31.1,,22.224,,237.4,,6.92,,4.22
2024-07-25 12:15:28,2024-07-25,12:15:28,18.5,,39.4,,34.3,,23.817,,310.1,,2.68,,0.77,
2024-07-25 12:16:20,2024-07-25,12:16:20,,17.6,,44.6,,31.1,,22.243,,231.8,,5.12,,3.76
2024-07-25 12:16:32,2024-07-25,12:16:32,18.6,,39.6,,34.3,,23.861,,320.9,,2.28,,1.53,
2024-07-25 12:17:24,2024-07-25,12:17:24,,17.9,,45.4,,31.0,,22.311,,210.0,,5.71,,2.4
2024-07-25 12:17:35,2024-07-25,12:17:35,18.7,,39.9,,34.3,,23.926,,342.3,,2.2,,1.18,
2024-07-25 12:18:28,2024-07-25,12:18:28,,17.7,,44.9,,31.1,,22.3,,245.7,,4.53,,2.9
2024-07-25 12:18:38,2024-07-25,12:18:38,18.9,,40.5,,34.2,,23.974,,317.1,,2.43,,0.99,
2024-07-25 12:19:31,2024-07-25,12:19:31,,17.6,,43.8,,31.4,,22.34,,208.6,,4.54,,2.92
2024-07-25 12:19:42,2024-07-25,12:19:42,19.0,,41.0,,34.2,,24.081,,326.4,,2.42,,1.19,
2024-07-25 12:20:35,2024-07-25,12:20:35,,17.5,,43.2,,31.5,,22.307,,230.2,,4.77,,3.24
2024-07-25 12:20:46,2024-07-25,12:20:46,18.8,,40.1,,34.3,,23.969,,322.7,,1.77,,1.01,
2024-07-25 12:21:38,2024-07-25,12:21:38,,17.6,,44.0,,31.3,,22.295,,230.5,,7.63,,5.29
2024-07-25 12:21:49,2024-07-25,12:21:49,18.7,,39.9,,34.3,,23.926,,2.8,,1.97,,0.79,
2024-07-25 12:22:42,2024-07-25,12:22:42,,17.6,,44.7,,31.1,,22.262,,233.2,,6.3,,2.73
2024-07-25 12:22:52,2024-07-25,12:22:52,18.7,,39.9,,34.3,,23.926,,315.3,,2.9,,2.54,
2024-07-25 12:23:46,2024-07-25,12:23:46,,17.6,,44.2,,31.2,,22.251,,188.0,,3.36,,2.12
2024-07-25 12:23:56,2024-07-25,12:23:56,18.7,,39.9,,34.3,,23.926,,102.0,,3.22,,0.33,
2024-07-25 12:24:49,2024-07-25,12:24:49,,17.3,,43.4,,31.3,,22.18,,233.1,,5.85,,5.22
2024-07-25 12:25:00,2024-07-25,12:25:00,18.2,,38.8,,34.3,,23.685,,96.4,,0.79,,0.08,
2024-07-25 12:25:52,2024-07-25,12:25:52,,17.4,,43.8,,31.2,,22.174,,242.4,,5.46,,3.76
2024-07-25 12:26:03,2024-07-25,12:26:03,19.0,,40.6,,34.3,,24.077,,336.2,,2.4,,1.28,
2024-07-25 12:26:56,2024-07-25,12:26:56,,17.3,,43.8,,31.1,,22.091,,247.0,,5.39,,3.35
2024-07-25 12:27:06,2024-07-25,12:27:06,18.4,,39.8,,34.0,,23.661,,16.8,,2.25,,0.86,
2024-07-25 12:28:00,2024-07-25,12:28:00,,17.5,,44.3,,31.1,,22.186,,225.7,,5.42,,4.3
2024-07-25 12:28:10,2024-07-25,12:28:10,18.5,,40.4,,33.9,,23.708,,336.4,,1.92,,1.64,
2024-07-25 12:29:03,2024-07-25,12:29:03,,17.4,,44.6,,30.9,,22.076,,209.9,,5.83,,3.84
2024-07-25 12:29:14,2024-07-25,12:29:14,18.5,,40.4,,33.8,,23.627,,317.9,,2.33,,0.5,
2024-07-25 12:30:06,2024-07-25,12:30:06,,17.3,,43.9,,31.0,,22.027,,252.6,,5.15,,3.67
2024-07-25 12:30:17,2024-07-25,12:30:17,18.5,,40.6,,33.8,,23.669,,322.8,,1.76,,0.91,
2024-07-25 12:31:10,2024-07-25,12:31:10,,17.3,,43.7,,31.1,,22.071,,245.7,,5.68,,3.31
2024-07-25 12:31:20,2024-07-25,12:31:20,18.5,,40.4,,33.9,,23.708,,319.8,,1.97,,1.21,
2024-07-25 12:32:14,2024-07-25,12:32:14,,17.2,,43.2,,31.2,,22.058,,247.6,,6.3,,2.03
2024-07-25 12:32:24,2024-07-25,12:32:24,,,,,18.4,,,,333.7,,1.99,,1.23,
2024-07-25 12:33:17,2024-07-25,12:33:17,,17.0,,43.5,,30.9,,21.867,,241.1,,6.56,,4.98
2024-07-25 12:33:28,2024-07-25,12:33:28,18.1,,39.1,,34.0,,23.509,,349.0,,1.81,,1.12,
2024-07-25 12:34:20,2024-07-25,12:34:20,,17.1,,44.0,,30.7,,21.796,,210.2,,5.15,,3.71
2024-07-25 12:34:31,2024-07-25,12:34:31,18.0,,39.4,,33.8,,23.412,,6.6,,2.27,,0.72,
2024-07-25 12:35:24,2024-07-25,12:35:24,,17.0,,43.9,,30.7,,21.777,,205.7,,6.19,,1.48
2024-07-25 12:35:34,2024-07-25,12:35:34,18.1,,39.8,,33.7,,23.417,,339.9,,2.02,,0.96,
2024-07-25 12:36:28,2024-07-25,12:36:28,,17.0,,43.9,,30.7,,21.777,,217.6,,7.23,,3.87
2024-07-25 12:36:38,2024-07-25,12:36:38,18.0,,39.1,,33.8,,23.347,,326.8,,1.87,,1.01,
2024-07-25 12:37:31,2024-07-25,12:37:31,,17.0,,43.7,,30.7,,21.739,,215.1,,5.19,,4.58
2024-07-25 12:37:42,2024-07-25,12:37:42,18.0,,38.8,,33.9,,23.363,,231.5,,1.92,,0.1,
2024-07-25 12:38:34,2024-07-25,12:38:34,,16.8,,43.4,,30.7,,21.682,,223.8,,4.8,,3.69
2024-07-25 12:38:45,2024-07-25,12:38:45,18.0,,39.0,,33.9,,23.406,,308.9,,2.26,,1.68,
2024-07-25 12:39:38,2024-07-25,12:39:38,,16.7,,42.9,,30.8,,21.669,,221.3,,5.93,,3.82
2024-07-25 12:39:48,2024-07-25,12:39:48,18.0,,39.4,,33.8,,23.412,,321.5,,2.98,,0.82,
2024-07-25 12:40:42,2024-07-25,12:40:42,,16.8,,42.6,,31.0,,21.776,,213.9,,5.63,,4.74
2024-07-25 12:40:52,2024-07-25,12:40:52,18.0,,39.2,,33.9,,23.45,,339.7,,2.55,,0.76,
2024-07-25 12:41:45,2024-07-25,12:41:45,,17.0,,43.0,,31.0,,21.854,,238.9,,5.49,,2.95
2024-07-25 12:41:56,2024-07-25,12:41:56,18.1,,39.2,,34.0,,23.531,,319.0,,2.43,,1.64,
2024-07-25 12:42:48,2024-07-25,12:42:48,,17.0,,43.0,,31.0,,21.854,,224.5,,5.04,,2.54
2024-07-25 12:42:59,2024-07-25,12:42:59,17.7,,38.0,,34.0,,23.268,,352.1,,3.19,,0.98,
2024-07-25 12:43:52,2024-07-25,12:43:52,,16.7,,42.2,,31.1,,21.781,,219.3,,6.21,,3.95
2024-07-25 12:44:02,2024-07-25,12:44:02,18.2,,39.5,,33.9,,23.515,,326.1,,3.43,,0.82,
2024-07-25 12:44:56,2024-07-25,12:44:56,,16.7,,42.1,,31.1,,21.761,,233.1,,6.78,,4.08
2024-07-25 12:45:06,2024-07-25,12:45:06,18.0,,38.8,,34.0,,23.443,,343.7,,2.29,,1.15,
2024-07-25 12:45:59,2024-07-25,12:45:59,,16.9,,43.1,,30.9,,21.79,,216.4,,6.08,,2.85
2024-07-25 12:46:10,2024-07-25,12:46:10,17.9,,38.7,,33.9,,23.341,,318.1,,2.61,,1.97,
2024-07-25 12:47:02,2024-07-25,12:47:02,,16.7,,42.2,,31.1,,21.781,,212.1,,6.54,,4.3
2024-07-25 12:47:13,2024-07-25,12:47:13,17.8,,38.3,,34.0,,23.334,,309.7,,2.18,,1.47,
2024-07-25 12:48:06,2024-07-25,12:48:06,,16.5,,41.2,,31.3,,21.748,,219.0,,6.56,,4.78
2024-07-25 12:48:16,2024-07-25,12:48:16,17.9,,38.0,,34.2,,23.428,,355.0,,2.51,,0.71,
2024-07-25 12:49:10,2024-07-25,12:49:10,,16.9,,42.7,,31.0,,21.796,,220.7,,6.16,,3.21
2024-07-25 12:49:20,2024-07-25,12:49:20,17.7,,37.6,,34.2,,23.339,,335.0,,1.53,,0.91,
2024-07-25 12:50:13,2024-07-25,12:50:13,,16.9,,42.9,,31.0,,21.834,,246.1,,5.0,,3.3
2024-07-25 12:50:24,2024-07-25,12:50:24,17.5,,37.4,,34.1,,23.214,,339.7,,1.93,,1.43,
2024-07-25 12:51:16,2024-07-25,12:51:16,,16.8,,42.8,,30.9,,21.732,,213.3,,5.65,,4.91
2024-07-25 12:51:28,2024-07-25,12:51:28,17.8,,38.3,,34.0,,23.334,,142.4,,2.3,,0.56,
2024-07-25 12:52:20,2024-07-25,12:52:20,,16.5,,41.8,,31.0,,21.62,,239.7,,5.36,,3.68
2024-07-25 12:52:31,2024-07-25,12:52:31,18.4,,39.5,,34.1,,23.677,,143.3,,1.68,,0.3,
2024-07-25 12:53:24,2024-07-25,12:53:24,,16.3,,41.3,,31.0,,21.522,,225.0,,5.71,,3.37
2024-07-25 12:53:34,2024-07-25,12:53:34,17.6,,37.6,,34.1,,23.259,,316.8,,2.86,,1.35,
2024-07-25 12:54:27,2024-07-25,12:54:27,,16.3,,40.5,,31.3,,21.609,,227.8,,5.2,,4.09
2024-07-25 12:54:38,2024-07-25,12:54:38,17.3,,36.7,,34.2,,23.137,,323.8,,2.39,,1.54,
2024-07-25 12:55:30,2024-07-25,12:55:30,,16.1,,40.2,,31.3,,21.549,,208.8,,6.78,,3.57
2024-07-25 12:55:42,2024-07-25,12:55:42,17.5,,37.1,,34.3,,23.307,,11.3,,1.72,,0.28,
2024-07-25 12:56:34,2024-07-25,12:56:34,,16.1,,40.6,,31.1,,21.466,,221.8,,5.47,,4.03
2024-07-25 12:56:45,2024-07-25,12:56:45,17.3,,36.7,,34.2,,23.137,,319.7,,2.62,,1.35,
2024-07-25 12:57:38,2024-07-25,12:57:38,,16.2,,41.3,,30.9,,21.44,,224.5,,6.36,,3.58
2024-07-25 12:57:48,2024-07-25,12:57:48,17.5,,37.1,,34.2,,23.227,,161.9,,1.87,,0.18,
2024-07-25 12:58:41,2024-07-25,12:58:41,,16.3,,41.4,,31.0,,21.542,,250.5,,5.32,,3.39
2024-07-25 12:58:52,2024-07-25,12:58:52,17.8,,37.8,,34.2,,23.384,,36.7,,0.7,,0.42,
2024-07-25 12:59:44,2024-07-25,12:59:44,,16.4,,41.4,,31.1,,21.624,,251.3,,5.05,,3.94
2024-07-25 12:59:56,2024-07-25,12:59:56,17.5,,37.1,,34.2,,23.227,,133.2,,0.82,,0.31,
2024-07-25 13:00:48,2024-07-25,13:00:48,,16.0,,40.3,,31.1,,21.406,,228.8,,6.51,,4.43
2024-07-25 13:00:59,2024-07-25,13:00:59,17.9,,38.0,,34.2,,23.428,,306.2,,1.64,,1.09,
2024-07-25 13:01:52,2024-07-25,13:01:52,,16.1,,40.7,,31.0,,21.404,,216.2,,7.02,,3.1
2024-07-25 13:02:02,2024-07-25,13:02:02,17.6,,37.6,,34.1,,23.259,,198.2,,0.8,,0.12,
2024-07-25 13:02:55,2024-07-25,13:02:55,,16.0,,40.4,,31.1,,21.426,,225.4,,5.23,,4.17
2024-07-25 13:03:06,2024-07-25,13:03:06,17.3,,36.9,,34.1,,23.102,,316.2,,0.83,,0.31,
2024-07-25 13:03:58,2024-07-25,13:03:58,,16.1,,40.7,,31.1,,21.485,,219.2,,6.06,,3.48
2024-07-25 13:04:10,2024-07-25,13:04:10,17.7,,37.7,,34.2,,23.361,,69.9,,1.0,,0.39,
2024-07-25 13:05:02,2024-07-25,13:05:02,,16.5,,41.8,,31.0,,21.62,,236.2,,6.13,,5.39
2024-07-25 13:05:13,2024-07-25,13:05:13,17.7,,37.7,,34.2,,23.361,,182.8,,1.06,,0.24,
2024-07-25 13:06:06,2024-07-25,13:06:06,,16.7,,42.5,,30.9,,21.674,,241.3,,6.26,,5.33
2024-07-25 13:06:16,2024-07-25,13:06:16,17.7,,37.7,,34.2,,23.361,,122.9,,0.57,,0.32,
2024-07-25 13:07:09,2024-07-25,13:07:09,,16.4,,42.2,,30.9,,21.616,,201.7,,6.3,,3.03
2024-07-25 13:07:20,2024-07-25,13:07:20,17.7,,37.6,,34.2,,23.339,,182.7,,1.06,,0.46,
2024-07-25 13:08:12,2024-07-25,13:08:12,,16.3,,41.6,,30.9,,21.499,,201.5,,5.75,,3.13
2024-07-25 13:08:24,2024-07-25,13:08:24,17.7,,37.6,,34.2,,23.339,,199.6,,0.91,,0.36,
2024-07-25 13:09:16,2024-07-25,13:09:16,,16.7,,42.4,,31.0,,21.737,,200.6,,6.45,,3.64
2024-07-25 13:09:27,2024-07-25,13:09:27,17.7,,37.7,,34.2,,23.361,,238.6,,1.24,,0.38,
2024-07-25 13:10:20,2024-07-25,13:10:20,,16.6,,41.8,,31.1,,21.703,,233.1,,5.39,,4.51
2024-07-25 13:10:30,2024-07-25,13:10:30,18.0,,38.3,,34.2,,23.495,,1.4,,1.15,,0.43,
2024-07-25 13:11:23,2024-07-25,13:11:23,,16.3,,41.4,,31.0,,21.542,,221.0,,6.81,,4.2
2024-07-25 13:11:34,2024-07-25,13:11:34,17.8,,37.7,,34.3,,23.441,,42.7,,0.83,,0.27,
2024-07-25 13:12:26,2024-07-25,13:12:26,,16.8,,43.0,,30.8,,21.688,,215.7,,6.47,,3.21
2024-07-25 13:12:38,2024-07-25,13:12:38,18.0,,38.2,,34.3,,23.553,,121.4,,1.03,,0.49,
2024-07-25 13:13:30,2024-07-25,13:13:30,,16.8,,43.2,,30.7,,21.643,,226.8,,5.55,,4.18
2024-07-25 13:13:41,2024-07-25,13:13:41,17.3,,36.5,,34.3,,23.171,,358.4,,1.27,,0.77,
2024-07-25 13:14:34,2024-07-25,13:14:34,,17.0,,43.9,,30.7,,21.777,,243.8,,4.99,,2.9
2024-07-25 13:14:44,2024-07-25,13:14:44,17.7,,37.7,,34.2,,23.361,,13.3,,0.83,,0.69,
2024-07-25 13:15:37,2024-07-25,13:15:37,,16.9,,43.3,,30.8,,21.746,,245.4,,5.08,,2.78
2024-07-25 13:15:48,2024-07-25,13:15:48,18.1,,38.4,,34.3,,23.597,,30.6,,0.78,,0.38,
2024-07-25 13:16:40,2024-07-25,13:16:40,,16.5,,41.9,,31.0,,21.64,,245.0,,5.54,,4.78
2024-07-25 13:16:52,2024-07-25,13:16:52,18.0,,38.2,,34.3,,23.553,,17.1,,0.58,,0.3,
2024-07-25 13:17:44,2024-07-25,13:17:44,,16.7,,42.3,,31.0,,21.718,,231.0,,6.05,,3.13
2024-07-25 13:17:55,2024-07-25,13:17:55,18.1,,38.4,,34.3,,23.597,,125.7,,0.64,,0.32,
2024-07-25 13:18:48,2024-07-25,13:18:48,,17.0,,43.0,,31.0,,21.854,,230.6,,4.84,,2.97
2024-07-25 13:18:58,2024-07-25,13:18:58,18.0,,38.2,,34.3,,23.553,,137.0,,0.66,,0.38,
2024-07-25 13:19:51,2024-07-25,13:19:51,,17.1,,43.0,,31.2,,22.019,,200.5,,4.61,,1.22
2024-07-25 13:20:02,2024-07-25,13:20:02,18.1,,38.4,,34.3,,23.597,,319.9,,1.14,,0.39,
2024-07-25 13:20:54,2024-07-25,13:20:54,,16.7,,41.4,,31.4,,21.87,,221.6,,4.16,,3.31
2024-07-25 13:21:06,2024-07-25,13:21:06,18.4,,39.1,,34.3,,23.751,,305.6,,1.21,,0.88,
2024-07-25 13:21:58,2024-07-25,13:21:58,,16.9,,41.5,,31.5,,21.972,,211.6,,6.09,,4.17
2024-07-25 13:22:09,2024-07-25,13:22:09,18.3,,38.9,,34.3,,23.707,,125.0,,0.87,,0.51,
2024-07-25 13:23:02,2024-07-25,13:23:02,,17.2,,43.1,,31.3,,22.121,,216.6,,5.22,,3.91
2024-07-25 13:23:12,2024-07-25,13:23:12,18.4,,39.2,,34.3,,23.773,,189.5,,0.92,,0.23,
2024-07-25 13:24:05,2024-07-25,13:24:05,,17.3,,44.6,,30.9,,22.076,,201.3,,6.78,,4.35
2024-07-25 13:24:16,2024-07-25,13:24:16,18.4,,39.0,,34.4,,23.81,,169.9,,1.08,,0.75,
2024-07-25 13:25:08,2024-07-25,13:25:08,,16.9,,43.4,,30.8,,21.765,,227.9,,5.69,,4.48
2024-07-25 13:25:20,2024-07-25,13:25:20,18.6,,39.5,,34.4,,23.92,,258.6,,1.14,,0.49,
2024-07-25 13:26:12,2024-07-25,13:26:12,,,,,,17.2,,,,30.8,,4.41,,6.02
2024-07-25 13:26:23,2024-07-25,13:26:23,18.2,,38.8,,34.3,,23.685,,152.5,,0.98,,0.87,
2024-07-25 13:27:16,2024-07-25,13:27:16,,17.3,,44.2,,30.9,,22.0,,202.3,,7.38,,4.98
2024-07-25 13:27:26,2024-07-25,13:27:26,18.6,,39.3,,34.4,,23.876,,149.0,,1.18,,0.71,
2024-07-25 13:28:20,2024-07-25,13:28:20,,,,,,17.3,,,,30.9,,4.43,,5.02
2024-07-25 13:28:30,2024-07-25,13:28:30,18.9,,40.0,,34.4,,24.029,,354.9,,0.91,,0.77,
2024-07-25 13:29:22,2024-07-25,13:29:22,,17.0,,43.6,,30.9,,21.886,,231.4,,6.99,,5.05
2024-07-25 13:29:34,2024-07-25,13:29:34,18.7,,39.5,,34.5,,24.001,,74.8,,0.71,,0.25,
2024-07-25 13:30:26,2024-07-25,13:30:26,,17.1,,43.9,,30.8,,21.86,,214.6,,6.62,,2.44
2024-07-25 13:30:38,2024-07-25,13:30:38,18.5,,39.0,,34.5,,23.891,,142.0,,0.81,,0.47,
2024-07-25 13:31:30,2024-07-25,13:31:30,,17.1,,43.7,,30.9,,21.905,,218.0,,6.73,,4.95
2024-07-25 13:31:41,2024-07-25,13:31:41,18.5,,39.2,,34.4,,23.854,,159.5,,0.99,,0.13,
2024-07-25 13:32:33,2024-07-25,13:32:33,,17.0,,43.6,,30.9,,21.886,,209.1,,6.04,,1.98
2024-07-25 13:32:44,2024-07-25,13:32:44,18.5,,39.2,,34.4,,23.854,,130.7,,1.13,,0.94,
2024-07-25 13:33:36,2024-07-25,13:33:36,,16.8,,42.7,,30.9,,21.713,,207.0,,6.06,,5.55
2024-07-25 13:33:48,2024-07-25,13:33:48,18.6,,39.3,,34.4,,23.876,,84.7,,0.91,,0.24,
2024-07-25 13:34:40,2024-07-25,13:34:40,,17.0,,43.6,,30.8,,21.803,,204.0,,6.03,,3.43
2024-07-25 13:34:52,2024-07-25,13:34:52,18.6,,39.4,,34.4,,23.898,,133.3,,0.9,,0.09,
2024-07-25 13:35:44,2024-07-25,13:35:44,,17.3,,44.2,,30.9,,22.0,,240.0,,5.84,,4.02
2024-07-25 13:35:55,2024-07-25,13:35:55,18.5,,39.1,,34.4,,23.832,,317.7,,1.4,,0.86,
2024-07-25 13:36:47,2024-07-25,13:36:47,,17.2,,43.7,,31.0,,21.988,,259.0,,5.39,,3.48
2024-07-25 13:36:58,2024-07-25,13:36:58,18.4,,38.8,,34.4,,23.766,,127.7,,0.7,,0.42,
2024-07-25 13:37:50,2024-07-25,13:37:50,,17.4,,44.3,,31.0,,22.103,,201.5,,5.18,,4.79
2024-07-25 13:38:02,2024-07-25,13:38:02,18.6,,39.3,,34.4,,23.876,,138.4,,1.05,,0.32,
2024-07-25 13:38:54,2024-07-25,13:38:54,,17.2,,43.6,,31.1,,22.052,,215.5,,5.71,,4.63
2024-07-25 13:39:06,2024-07-25,13:39:06,18.6,,39.3,,34.4,,23.876,,246.8,,0.68,,0.33,
2024-07-25 13:39:58,2024-07-25,13:39:58,,17.0,,42.8,,31.2,,21.98,,208.9,,5.54,,3.32
2024-07-25 13:40:09,2024-07-25,13:40:09,18.6,,39.4,,34.4,,23.898,,259.8,,0.95,,0.26,
2024-07-25 13:41:01,2024-07-25,13:41:01,,17.2,,44.0,,30.9,,21.962,,221.0,,5.93,,4.05
2024-07-25 13:41:12,2024-07-25,13:41:12,18.5,,39.0,,34.5,,23.891,,212.3,,0.89,,0.25,
2024-07-25 13:42:04,2024-07-25,13:42:04,,17.1,,44.0,,30.8,,21.879,,219.9,,6.03,,2.67
2024-07-25 13:42:16,2024-07-25,13:42:16,18.6,,39.2,,34.5,,23.935,,224.3,,0.85,,0.32,
2024-07-25 13:43:08,2024-07-25,13:43:08,,17.1,,44.1,,30.8,,21.898,,206.9,,5.66,,2.28
2024-07-25 13:43:20,2024-07-25,13:43:20,18.6,,38.9,,34.4,,23.788,,220.7,,1.0,,0.64,
2024-07-25 13:44:12,2024-07-25,13:44:12,,16.9,,42.8,,31.0,,21.815,,229.0,,4.64,,2.64
2024-07-25 13:44:23,2024-07-25,13:44:23,18.2,,38.8,,34.3,,23.685,,333.6,,1.71,,1.34,
2024-07-25 13:45:15,2024-07-25,13:45:15,,16.8,,42.5,,31.0,,21.757,,206.2,,4.54,,3.22
2024-07-25 13:45:26,2024-07-25,13:45:26,17.9,,38.2,,34.2,,23.472,,331.1,,1.66,,0.68,
2024-07-25 13:46:18,2024-07-25,13:46:18,,16.8,,42.5,,31.0,,21.757,,206.5,,5.57,,3.24
2024-07-25 13:46:30,2024-07-25,13:46:30,18.4,,39.3,,34.2,,23.714,,315.2,,1.77,,0.67,
2024-07-25 13:47:22,2024-07-25,13:47:22,,16.8,,42.4,,31.1,,21.82,,226.1,,4.61,,2.78
2024-07-25 13:47:34,2024-07-25,13:47:34,17.9,,38.2,,34.2,,23.472,,314.3,,2.19,,1.35,
2024-07-25 13:48:26,2024-07-25,13:48:26,,16.8,,42.1,,31.2,,21.844,,213.1,,5.3,,4.25
2024-07-25 13:48:37,2024-07-25,13:48:37,18.2,,39.0,,34.2,,23.649,,327.8,,2.15,,0.9,
2024-07-25 13:49:29,2024-07-25,13:49:29,,16.9,,42.5,,31.1,,21.839,,208.9,,5.92,,3.96
2024-07-25 13:49:40,2024-07-25,13:49:40,17.8,,37.9,,34.2,,23.406,,324.3,,3.17,,1.8,
2024-07-25 13:50:32,2024-07-25,13:50:32,,16.5,,41.7,,31.1,,21.683,,252.9,,5.86,,4.75
2024-07-25 13:50:44,2024-07-25,13:50:44,17.6,,37.6,,34.1,,23.259,,327.9,,2.03,,1.08,
2024-07-25 13:51:36,2024-07-25,13:51:36,,16.7,,42.7,,30.9,,21.713,,239.4,,6.58,,3.91
2024-07-25 13:51:48,2024-07-25,13:51:48,17.7,,38.2,,33.9,,23.231,,351.7,,1.95,,1.12,
2024-07-25 13:52:40,2024-07-25,13:52:40,,16.3,,41.7,,30.8,,21.436,,241.0,,5.8,,3.59
2024-07-25 13:52:51,2024-07-25,13:52:51,17.8,,38.8,,33.8,,23.282,,9.2,,2.6,,0.58,
2024-07-25 13:53:43,2024-07-25,13:53:43,,16.4,,42.5,,30.6,,21.427,,252.3,,5.38,,3.4
2024-07-25 13:53:54,2024-07-25,13:53:54,17.3,,37.9,,33.6,,22.925,,345.7,,2.12,,0.89,
2024-07-25 13:54:46,2024-07-25,13:54:46,,16.8,,43.3,,30.7,,21.663,,210.3,,4.16,,2.66
2024-07-25 13:54:58,2024-07-25,13:54:58,17.5,,38.8,,33.5,,23.04,,324.2,,1.5,,0.36,
2024-07-25 13:55:50,2024-07-25,13:55:50,,16.8,,43.4,,30.7,,21.682,,195.0,,6.21,,3.29
2024-07-25 13:56:02,2024-07-25,13:56:02,17.7,,38.8,,33.7,,23.201,,154.8,,2.99,,1.28,
2024-07-25 13:56:54,2024-07-25,13:56:54,,16.5,,42.3,,30.7,,21.471,,258.2,,5.47,,3.04
2024-07-25 13:57:05,2024-07-25,13:57:05,18.2,,40.1,,33.7,,23.481,,320.9,,1.77,,1.15,
2024-07-25 13:57:57,2024-07-25,13:57:57,,16.1,,41.2,,30.8,,21.339,,237.6,,4.41,,2.56
2024-07-25 13:58:08,2024-07-25,13:58:08,17.8,,38.7,,33.8,,23.26,,318.8,,2.82,,1.34,
2024-07-25 13:59:00,2024-07-25,13:59:00,,16.3,,41.3,,31.0,,21.522,,243.5,,5.17,,4.53
2024-07-25 13:59:12,2024-07-25,13:59:12,17.4,,37.9,,33.8,,23.085,,314.0,,2.67,,1.04,
2024-07-25 14:00:04,2024-07-25,14:00:04,,16.2,,40.7,,31.2,,21.567,,220.9,,4.19,,3.47
2024-07-25 14:00:16,2024-07-25,14:00:16,17.5,,37.8,,33.9,,23.143,,327.5,,2.43,,0.56,
2024-07-25 14:01:08,2024-07-25,14:01:08,,16.2,,40.8,,31.1,,21.505,,213.0,,6.62,,4.67
2024-07-25 14:01:19,2024-07-25,14:01:19,17.2,,37.0,,34.0,,23.045,,347.8,,3.04,,0.38,
2024-07-25 14:02:11,2024-07-25,14:02:11,,16.6,,42.2,,31.0,,21.698,,211.7,,5.5,,2.07
2024-07-25 14:02:22,2024-07-25,14:02:22,17.3,,37.2,,34.0,,23.09,,317.4,,2.22,,1.26,
2024-07-25 14:03:14,2024-07-25,14:03:14,,16.6,,42.0,,31.0,,21.659,,211.4,,5.94,,4.27
2024-07-25 14:03:26,2024-07-25,14:03:26,17.5,,37.4,,34.1,,23.214,,321.2,,2.38,,1.4,
2024-07-25 14:04:18,2024-07-25,14:04:18,,16.6,,42.6,,30.8,,21.611,,228.3,,5.78,,3.68
2024-07-25 14:04:30,2024-07-25,14:04:30,17.6,,37.8,,34.0,,23.223,,318.9,,2.57,,1.17,
2024-07-25 14:05:22,2024-07-25,14:05:22,,17.0,,44.0,,30.6,,21.712,,192.3,,4.53,,3.12
2024-07-25 14:05:33,2024-07-25,14:05:33,17.8,,38.2,,34.0,,23.312,,318.5,,2.4,,0.81,
2024-07-25 14:06:25,2024-07-25,14:06:25,,16.8,,43.1,,30.8,,21.707,,211.6,,5.54,,2.57
2024-07-25 14:06:36,2024-07-25,14:06:36,17.8,,38.3,,34.0,,23.334,,324.4,,2.77,,1.28,
2024-07-25 14:07:28,2024-07-25,14:07:28,,17.1,,43.5,,31.0,,21.95,,222.9,,7.25,,6.59
2024-07-25 14:07:40,2024-07-25,14:07:40,17.6,,37.7,,34.1,,23.281,,337.4,,2.65,,1.25,
2024-07-25 14:08:32,2024-07-25,14:08:32,,17.4,,44.5,,30.9,,22.057,,212.4,,5.14,,3.21
2024-07-25 14:08:44,2024-07-25,14:08:44,18.0,,39.0,,34.0,,23.487,,310.8,,2.46,,1.26,
2024-07-25 14:09:36,2024-07-25,14:09:36,,17.1,,43.7,,30.9,,21.905,,232.7,,6.25,,4.41
2024-07-25 14:09:47,2024-07-25,14:09:47,18.4,,40.0,,33.9,,23.622,,180.5,,1.25,,0.15,
2024-07-25 14:10:39,2024-07-25,14:10:39,,17.3,,44.8,,30.7,,21.947,,243.6,,5.71,,3.41
2024-07-25 14:10:50,2024-07-25,14:10:50,18.3,,39.8,,33.9,,23.579,,334.0,,1.85,,0.42,
2024-07-25 14:11:42,2024-07-25,14:11:42,,17.4,,45.4,,30.7,,22.059,,251.0,,8.02,,5.66
2024-07-25 14:11:54,2024-07-25,14:11:54,18.5,,40.2,,33.9,,23.665,,322.5,,2.48,,1.35,
2024-07-25 14:12:46,2024-07-25,14:12:46,,17.6,,45.9,,30.6,,22.068,,224.7,,6.68,,3.71
2024-07-25 14:12:58,2024-07-25,14:12:58,18.5,,40.7,,33.7,,23.609,,340.2,,1.86,,1.13,
2024-07-25 14:13:50,2024-07-25,14:13:50,,17.7,,46.6,,30.4,,22.029,,229.3,,7.34,,3.6
2024-07-25 14:14:01,2024-07-25,14:14:01,18.6,,41.4,,33.5,,23.592,,333.9,,2.13,,0.93,
2024-07-25 14:14:53,2024-07-25,14:14:53,,17.5,,46.2,,30.4,,21.955,,245.0,,6.78,,4.68
2024-07-25 14:15:04,2024-07-25,14:15:04,18.7,,41.5,,33.6,,23.695,,308.3,,2.11,,1.62,
2024-07-25 14:15:56,2024-07-25,14:15:56,,17.4,,45.7,,30.5,,21.947,,203.4,,4.52,,3.72
2024-07-25 14:16:08,2024-07-25,14:16:08,18.9,,41.9,,33.6,,23.779,,16.1,,2.01,,0.46,
2024-07-25 14:17:00,2024-07-25,14:17:00,,17.5,,45.5,,30.6,,21.994,,229.4,,3.98,,2.31
2024-07-25 14:17:12,2024-07-25,14:17:12,18.9,,41.7,,33.7,,23.819,,321.1,,2.07,,0.5,
2024-07-25 14:18:04,2024-07-25,14:18:04,,17.2,,44.5,,30.7,,21.89,,196.4,,6.73,,4.04
2024-07-25 14:18:15,2024-07-25,14:18:15,18.5,,40.6,,33.8,,23.669,,319.1,,1.98,,1.29,
2024-07-25 14:19:07,2024-07-25,14:19:07,,17.4,,45.0,,30.7,,21.984,,202.4,,6.22,,3.33
2024-07-25 14:19:18,2024-07-25,14:19:18,18.2,,40.0,,33.7,,23.46,,295.6,,2.58,,0.46,
2024-07-25 14:20:10,2024-07-25,14:20:10,,17.5,,45.5,,30.6,,21.994,,216.7,,5.99,,4.4
2024-07-25 14:20:22,2024-07-25,14:20:22,18.2,,39.9,,33.7,,23.438,,344.6,,2.0,,0.91,
2024-07-25 14:21:14,2024-07-25,14:21:14,,17.6,,46.8,,30.2,,21.896,,223.8,,5.55,,1.42
2024-07-25 14:21:26,2024-07-25,14:21:26,18.1,,40.0,,33.6,,23.379,,330.2,,2.13,,1.86,
2024-07-25 14:22:18,2024-07-25,14:22:18,,17.5,,46.5,,30.2,,21.842,,238.4,,4.42,,3.19
2024-07-25 14:22:29,2024-07-25,14:22:29,18.4,,41.3,,33.3,,23.408,,144.7,,1.76,,0.43,
2024-07-25 14:23:21,2024-07-25,14:23:21,,17.5,,46.1,,30.4,,21.937,,184.1,,3.89,,1.07
2024-07-25 14:23:32,2024-07-25,14:23:32,18.2,,41.1,,33.2,,23.284,,185.4,,1.22,,0.17,
2024-07-25 14:24:24,2024-07-25,14:24:24,,17.6,,46.0,,30.5,,22.003,,223.8,,3.86,,2.04
2024-07-25 14:24:36,2024-07-25,14:24:36,18.4,,41.5,,33.3,,23.449,,329.2,,2.31,,1.16,
2024-07-25 14:25:28,2024-07-25,14:25:28,,17.1,,44.7,,30.5,,21.761,,201.4,,6.14,,4.45
2024-07-25 14:25:40,2024-07-25,14:25:40,18.3,,41.2,,33.3,,23.387,,319.3,,2.31,,1.51,
2024-07-25 14:26:32,2024-07-25,14:26:32,,17.1,,44.8,,30.5,,21.779,,195.8,,7.32,,2.89
2024-07-25 14:26:43,2024-07-25,14:26:43,18.4,,41.0,,33.5,,23.509,,311.3,,3.31,,1.63,
2024-07-25 14:27:35,2024-07-25,14:27:35,,17.6,,46.1,,30.5,,22.021,,197.1,,5.88,,4.63
2024-07-25 14:27:46,2024-07-25,14:27:46,18.5,,41.3,,33.5,,23.571,,323.3,,2.48,,1.25,
2024-07-25 14:28:38,2024-07-25,14:28:38,,17.7,,47.0,,30.3,,22.017,,213.8,,5.85,,4.98
2024-07-25 14:28:50,2024-07-25,14:28:50,18.7,,41.6,,33.5,,23.634,,306.2,,1.75,,0.9,
2024-07-25 14:29:42,2024-07-25,14:29:42,,17.7,,47.5,,30.1,,21.939,,219.4,,5.75,,3.56
2024-07-25 14:29:54,2024-07-25,14:29:54,18.4,,41.3,,33.4,,23.49,,307.4,,2.81,,1.55,
2024-07-25 14:30:46,2024-07-25,14:30:46,,17.1,,45.6,,30.2,,21.676,,200.6,,6.84,,5.21
2024-07-25 14:30:57,2024-07-25,14:30:57,18.5,,41.6,,33.4,,23.552,,14.1,,1.99,,0.31,
2024-07-25 14:31:49,2024-07-25,14:31:49,,17.5,,46.6,,30.1,,21.775,,193.6,,6.88,,5.93
2024-07-25 14:32:00,2024-07-25,14:32:00,18.4,,41.1,,33.4,,23.448,,324.1,,3.25,,1.68,
2024-07-25 14:32:52,2024-07-25,14:32:52,,18.0,,48.4,,30.0,,22.015,,185.9,,4.42,,2.57
2024-07-25 14:33:04,2024-07-25,14:33:04,18.6,,41.6,,33.4,,23.552,,314.0,,2.65,,1.61,
2024-07-25 14:33:56,2024-07-25,14:33:56,,17.7,,47.5,,30.1,,21.939,,224.2,,6.98,,4.6
2024-07-25 14:34:08,2024-07-25,14:34:08,18.5,,41.6,,33.3,,23.47,,346.3,,2.38,,1.41,
2024-07-25 14:35:11,2024-07-25,14:35:11,18.5,,41.9,,33.2,,23.45,,342.5,,2.62,,0.37,
2024-07-25 14:35:28,2024-07-25,14:35:28,,17.5,,46.6,,30.2,,21.86,,217.3,,4.32,,3.78
2024-07-25 14:36:14,2024-07-25,14:36:14,18.7,,42.4,,33.2,,23.553,,143.5,,1.83,,0.88,
2024-07-25 14:36:30,2024-07-25,14:36:30,,17.9,,47.0,,30.4,,22.102,,216.6,,6.16,,4.98
2024-07-25 14:37:18,2024-07-25,14:37:18,19.2,,44.1,,33.1,,23.815,,331.8,,2.28,,1.01,
2024-07-25 14:37:34,2024-07-25,14:37:34,,17.9,,47.3,,30.4,,22.157,,189.2,,5.13,,3.76
2024-07-25 14:38:22,2024-07-25,14:38:22,19.1,,43.7,,33.1,,23.734,,306.0,,3.12,,1.47,
2024-07-25 14:38:38,2024-07-25,14:38:38,,18.2,,48.4,,30.3,,22.271,,222.3,,5.41,,4.5
2024-07-25 14:39:25,2024-07-25,14:39:25,19.0,,43.5,,33.1,,23.694,,321.4,,2.54,,1.48,
2024-07-25 14:39:41,2024-07-25,14:39:41,,18.4,,49.7,,30.1,,22.332,,231.1,,6.75,,3.26
2024-07-25 14:40:28,2024-07-25,14:40:28,19.1,,44.1,,33.0,,23.731,,299.3,,2.94,,1.91,
2024-07-25 14:40:44,2024-07-25,14:40:44,,17.6,,47.3,,30.1,,21.902,,230.6,,4.96,,1.85
2024-07-25 14:41:32,2024-07-25,14:41:32,18.7,,43.0,,33.0,,23.51,,317.1,,3.13,,1.19,
2024-07-25 14:41:48,2024-07-25,14:41:48,,17.7,,46.6,,30.4,,22.029,,208.4,,5.41,,4.78
2024-07-25 14:42:36,2024-07-25,14:42:36,18.5,,42.2,,33.1,,23.429,,313.0,,2.96,,1.87,
2024-07-25 14:42:52,2024-07-25,14:42:52,,18.3,,48.4,,30.4,,22.356,,203.2,,5.29,,3.72
2024-07-25 14:43:39,2024-07-25,14:43:39,18.8,,42.8,,33.1,,23.552,,346.2,,2.81,,1.03,
2024-07-25 14:43:55,2024-07-25,14:43:55,,18.2,,48.2,,30.4,,22.32,,245.0,,4.51,,3.07
2024-07-25 14:44:42,2024-07-25,14:44:42,19.2,,44.3,,33.0,,23.771,,309.6,,2.53,,1.73,
2024-07-25 14:44:58,2024-07-25,14:44:58,,18.3,,48.2,,30.5,,22.405,,210.3,,6.26,,4.98
2024-07-25 14:45:46,2024-07-25,14:45:46,19.3,,44.2,,33.1,,23.835,,313.6,,2.41,,1.69,
2024-07-25 14:46:02,2024-07-25,14:46:02,,18.5,,49.4,,30.3,,22.45,,214.5,,6.2,,1.97
2024-07-25 14:46:50,2024-07-25,14:46:50,19.2,,44.3,,33.0,,23.771,,307.2,,2.73,,0.56,
2024-07-25 14:47:06,2024-07-25,14:47:06,,18.2,,48.3,,30.4,,22.338,,199.8,,5.06,,4.17
2024-07-25 14:47:53,2024-07-25,14:47:53,19.2,,44.3,,33.0,,23.771,,310.6,,3.44,,1.41,
2024-07-25 14:48:09,2024-07-25,14:48:09,,18.8,,50.4,,30.3,,22.628,,227.6,,6.31,,4.63
2024-07-25 14:48:56,2024-07-25,14:48:56,19.3,,44.6,,33.0,,23.831,,2.2,,1.69,,0.72,
2024-07-25 14:49:12,2024-07-25,14:49:12,,19.0,,52.0,,30.0,,22.649,,220.0,,7.18,,4.25
2024-07-25 14:50:00,2024-07-25,14:50:00,,,,,19.8,,,,33.1,,4.58,,0.8,
2024-07-25 14:50:16,2024-07-25,14:50:16,,19.0,,52.3,,29.9,,22.614,,227.7,,4.75,,3.1
2024-07-25 14:51:04,2024-07-25,14:51:04,19.9,,46.3,,33.0,,24.167,,331.1,,2.02,,1.66,
2024-07-25 14:51:20,2024-07-25,14:51:20,,18.7,,51.4,,29.8,,22.371,,230.0,,7.38,,5.12
2024-07-25 14:52:07,2024-07-25,14:52:07,19.6,,45.6,,33.0,,24.03,,311.8,,2.21,,1.09,
2024-07-25 14:52:23,2024-07-25,14:52:23,,18.4,,50.4,,29.8,,22.197,,210.6,,6.75,,4.79
2024-07-25 14:53:10,2024-07-25,14:53:10,19.5,,45.4,,32.9,,23.906,,314.2,,2.55,,1.96,
2024-07-25 14:53:26,2024-07-25,14:53:26,,17.9,,49.3,,29.7,,21.918,,211.7,,6.67,,5.13
2024-07-25 14:54:14,2024-07-25,14:54:14,19.4,,45.0,,32.9,,23.827,,330.2,,2.53,,1.57,
2024-07-25 14:54:30,2024-07-25,14:54:30,,18.7,,51.8,,29.6,,22.267,,189.2,,5.66,,2.41
2024-07-25 14:55:18,2024-07-25,14:55:18,19.6,,46.0,,32.8,,23.94,,335.3,,3.1,,1.1,
2024-07-25 14:55:34,2024-07-25,14:55:34,,19.0,,52.9,,29.7,,22.543,,195.0,,5.05,,3.4
2024-07-25 14:56:21,2024-07-25,14:56:21,19.8,,46.8,,32.7,,24.011,,316.5,,2.53,,1.9,
2024-07-25 14:56:37,2024-07-25,14:56:37,,18.9,,51.9,,29.9,,22.545,,167.0,,3.87,,0.69
2024-07-25 14:57:24,2024-07-25,14:57:24,19.7,,46.3,,32.7,,23.914,,306.8,,2.68,,0.65,
2024-07-25 14:57:40,2024-07-25,14:57:40,,18.5,,50.3,,30.0,,22.352,,199.2,,6.35,,2.15
2024-07-25 14:58:28,2024-07-25,14:58:28,19.5,,45.9,,32.7,,23.836,,313.8,,3.09,,2.22,
2024-07-25 14:58:44,2024-07-25,14:58:44,,18.8,,50.7,,30.1,,22.508,,240.1,,4.52,,3.39
2024-07-25 14:59:32,2024-07-25,14:59:32,19.6,,45.9,,32.8,,23.92,,319.5,,2.31,,1.5,
2024-07-25 14:59:48,2024-07-25,14:59:48,,18.4,,49.7,,30.1,,22.332,,207.0,,3.75,,2.43
2024-07-25 15:00:35,2024-07-25,15:00:35,19.4,,45.4,,32.8,,23.822,,335.0,,3.23,,0.97,
2024-07-25 15:00:51,2024-07-25,15:00:51,,18.5,,50.1,,30.1,,22.403,,227.7,,4.37,,4.11
2024-07-25 15:01:38,2024-07-25,15:01:38,19.3,,45.2,,32.7,,23.699,,332.2,,2.59,,0.95,
2024-07-25 15:01:54,2024-07-25,15:01:54,,18.8,,51.6,,29.8,,22.406,,231.1,,6.29,,5.4
2024-07-25 15:02:42,2024-07-25,15:02:42,19.5,,45.9,,32.7,,23.836,,138.8,,1.7,,0.8,
2024-07-25 15:02:58,2024-07-25,15:02:58,,18.7,,51.8,,29.7,,22.354,,187.5,,5.75,,4.73
2024-07-25 15:03:46,2024-07-25,15:03:46,,,,,19.3,,,,32.7,,4.53,,2.32,
2024-07-25 15:04:02,2024-07-25,15:04:02,,17.6,,48.3,,29.7,,21.742,,215.8,,5.46,,4.8
2024-07-25 15:04:49,2024-07-25,15:04:49,19.0,,44.8,,32.6,,23.536,,323.0,,2.08,,1.68,
2024-07-25 15:05:05,2024-07-25,15:05:05,,17.8,,48.8,,29.7,,21.83,,180.4,,5.9,,2.77
2024-07-25 15:05:52,2024-07-25,15:05:52,19.0,,44.4,,32.7,,23.541,,335.5,,2.7,,1.13,
2024-07-25 15:06:09,2024-07-25,15:06:09,,18.4,,50.5,,29.8,,22.215,,234.4,,3.74,,1.78
2024-07-25 15:06:56,2024-07-25,15:06:56,19.2,,45.0,,32.7,,23.66,,327.8,,2.18,,0.99,
2024-07-25 15:07:12,2024-07-25,15:07:12,,18.5,,50.5,,29.9,,22.301,,211.9,,5.77,,3.4
2024-07-25 15:08:00,2024-07-25,15:08:00,19.2,,45.1,,32.7,,23.679,,311.5,,2.92,,1.64,
2024-07-25 15:08:16,2024-07-25,15:08:16,,18.9,,51.7,,29.9,,22.51,,201.2,,4.33,,2.08
2024-07-25 15:09:03,2024-07-25,15:09:03,19.5,,45.8,,32.7,,23.817,,322.7,,2.33,,1.54,
2024-07-25 15:09:20,2024-07-25,15:09:20,,18.7,,50.8,,30.0,,22.44,,194.8,,3.79,,2.72
2024-07-25 15:10:07,2024-07-25,15:10:07,19.3,,45.3,,32.7,,23.719,,328.5,,2.5,,0.8,
2024-07-25 15:10:23,2024-07-25,15:10:23,,19.2,,52.3,,30.1,,22.788,,245.6,,3.82,,2.71
2024-07-25 15:11:10,2024-07-25,15:11:10,19.8,,47.0,,32.6,,23.965,,337.0,,1.78,,1.21,
2024-07-25 15:11:26,2024-07-25,15:11:26,,19.3,,53.3,,29.9,,22.786,,234.2,,4.87,,2.36
2024-07-25 15:12:14,2024-07-25,15:12:14,20.0,,47.9,,32.4,,23.967,,87.2,,1.85,,0.23,
2024-07-25 15:12:30,2024-07-25,15:12:30,,18.9,,51.7,,29.9,,22.51,,205.3,,5.08,,4.71
2024-07-25 15:13:18,2024-07-25,15:13:18,20.2,,48.5,,32.5,,24.166,,273.5,,0.88,,0.53,
2024-07-25 15:13:34,2024-07-25,15:13:34,,18.9,,52.1,,29.8,,22.492,,225.3,,5.86,,4.62
2024-07-25 15:14:21,2024-07-25,15:14:21,20.4,,49.2,,32.5,,24.299,,276.6,,1.12,,0.49,
2024-07-25 15:14:37,2024-07-25,15:14:37,,19.0,,53.1,,29.6,,22.49,,198.1,,6.07,,3.35
2024-07-25 15:15:24,2024-07-25,15:15:24,20.3,,49.1,,32.4,,24.194,,309.2,,1.59,,0.4,
2024-07-25 15:15:40,2024-07-25,15:15:40,,19.4,,54.5,,29.6,,22.727,,197.9,,3.81,,2.76
2024-07-25 15:16:28,2024-07-25,15:16:28,20.3,,49.1,,32.4,,24.194,,324.3,,1.48,,0.2,
2024-07-25 15:16:44,2024-07-25,15:16:44,,19.1,,53.0,,29.7,,22.56,,232.8,,5.61,,3.84
2024-07-25 15:17:32,2024-07-25,15:17:32,20.2,,48.7,,32.4,,24.119,,36.2,,1.42,,0.33,
2024-07-25 15:17:48,2024-07-25,15:17:48,,19.0,,53.2,,29.6,,22.507,,223.2,,5.2,,3.44
2024-07-25 15:18:35,2024-07-25,15:18:35,20.3,,49.0,,32.4,,24.175,,153.5,,1.09,,0.25,
2024-07-25 15:18:51,2024-07-25,15:18:51,,18.9,,52.0,,29.8,,22.475,,225.3,,4.54,,3.78
2024-07-25 15:19:38,2024-07-25,15:19:38,20.1,,48.5,,32.4,,24.081,,115.1,,0.79,,0.64,
2024-07-25 15:19:54,2024-07-25,15:19:54,,19.1,,53.5,,29.6,,22.558,,207.9,,5.56,,2.0
2024-07-25 15:20:42,2024-07-25,15:20:42,20.0,,48.3,,32.4,,24.043,,272.7,,0.6,,0.29,
2024-07-25 15:20:58,2024-07-25,15:20:58,,19.0,,53.5,,29.5,,22.47,,197.0,,5.95,,2.14
2024-07-25 15:21:46,2024-07-25,15:21:46,20.1,,48.6,,32.4,,24.1,,328.7,,0.59,,0.36,
2024-07-25 15:22:02,2024-07-25,15:22:02,,18.2,,51.3,,29.3,,21.921,,207.8,,5.05,,4.13
2024-07-25 15:22:49,2024-07-25,15:22:49,20.1,,48.1,,32.5,,24.09,,125.2,,0.63,,0.44,
2024-07-25 15:23:05,2024-07-25,15:23:05,,18.6,,52.3,,29.4,,22.179,,225.5,,4.43,,2.28
2024-07-25 15:23:52,2024-07-25,15:23:52,19.8,,47.6,,32.4,,23.91,,38.9,,1.13,,0.52,
2024-07-25 15:24:08,2024-07-25,15:24:08,,18.6,,52.1,,29.5,,22.232,,226.5,,5.58,,4.05
2024-07-25 15:24:56,2024-07-25,15:24:56,19.7,,47.3,,32.4,,23.853,,322.0,,1.06,,0.12,
2024-07-25 15:25:12,2024-07-25,15:25:12,,19.1,,53.4,,29.6,,22.541,,233.6,,4.9,,2.68
2024-07-25 15:26:00,2024-07-25,15:26:00,20.0,,47.9,,32.5,,24.052,,166.5,,0.85,,0.49,
2024-07-25 15:26:16,2024-07-25,15:26:16,,18.8,,51.9,,29.7,,22.371,,213.9,,3.74,,1.96
2024-07-25 15:27:03,2024-07-25,15:27:03,20.1,,48.3,,32.5,,24.128,,119.4,,1.09,,0.88,
2024-07-25 15:27:19,2024-07-25,15:27:19,,19.0,,52.1,,29.9,,22.579,,232.0,,4.06,,2.95
2024-07-25 15:28:06,2024-07-25,15:28:06,20.2,,48.6,,32.5,,24.185,,30.1,,0.77,,0.22,
2024-07-25 15:28:22,2024-07-25,15:28:22,,18.9,,51.6,,29.9,,22.493,,244.0,,4.35,,2.03
2024-07-25 15:29:10,2024-07-25,15:29:10,20.0,,47.5,,32.5,,23.976,,92.4,,1.08,,0.21,
2024-07-25 15:29:26,2024-07-25,15:29:26,,18.8,,51.4,,29.9,,22.458,,208.4,,3.73,,2.32
2024-07-25 15:30:14,2024-07-25,15:30:14,20.0,,47.8,,32.5,,24.033,,107.5,,0.79,,0.27,
2024-07-25 15:30:30,2024-07-25,15:30:30,,19.3,,52.5,,30.1,,22.822,,222.5,,4.84,,3.26
2024-07-25 15:31:17,2024-07-25,15:31:17,20.3,,48.5,,32.6,,24.252,,348.5,,0.76,,0.21,
2024-07-25 15:31:33,2024-07-25,15:31:33,,19.3,,53.0,,30.0,,22.822,,220.6,,5.36,,4.09
2024-07-25 15:32:20,2024-07-25,15:32:20,20.3,,48.9,,32.5,,24.242,,65.3,,1.16,,0.41,
2024-07-25 15:32:36,2024-07-25,15:32:36,,19.2,,53.3,,29.8,,22.698,,233.6,,6.37,,2.85
2024-07-25 15:33:24,2024-07-25,15:33:24,20.0,,47.4,,32.6,,24.042,,353.1,,1.18,,1.07,
2024-07-25 15:33:40,2024-07-25,15:33:40,,19.3,,53.8,,29.7,,22.696,,236.6,,4.11,,3.32
2024-07-25 15:34:28,2024-07-25,15:34:28,20.1,,48.3,,32.5,,24.128,,134.9,,1.02,,0.42,
2024-07-25 15:34:44,2024-07-25,15:34:44,,19.3,,54.0,,29.7,,22.73,,228.2,,4.42,,3.52
2024-07-25 15:35:31,2024-07-25,15:35:31,20.2,,48.4,,32.5,,24.147,,352.6,,0.54,,0.19,
2024-07-25 15:35:47,2024-07-25,15:35:47,,19.1,,53.5,,29.6,,22.558,,224.6,,4.25,,3.02
2024-07-25 15:36:34,2024-07-25,15:36:34,19.9,,47.8,,32.5,,24.033,,116.5,,0.87,,0.58,
2024-07-25 15:36:50,2024-07-25,15:36:50,,18.5,,51.0,,29.7,,22.215,,208.9,,6.13,,3.66
2024-07-25 15:37:38,2024-07-25,15:37:38,19.8,,47.3,,32.5,,23.938,,225.9,,0.58,,0.3,
2024-07-25 15:37:54,2024-07-25,15:37:54,,18.2,,50.2,,29.7,,22.076,,205.0,,4.72,,2.88
2024-07-25 15:38:42,2024-07-25,15:38:42,19.8,,47.2,,32.5,,23.919,,295.0,,0.76,,0.03,
2024-07-25 15:38:58,2024-07-25,15:38:58,,18.5,,51.2,,29.7,,22.25,,221.3,,4.64,,4.17
2024-07-25 15:39:45,2024-07-25,15:39:45,20.0,,47.6,,32.6,,24.08,,92.7,,0.77,,0.38,
2024-07-25 15:40:01,2024-07-25,15:40:01,,18.3,,50.7,,29.6,,22.077,,212.0,,5.48,,3.47
2024-07-25 15:40:48,2024-07-25,15:40:48,19.8,,47.0,,32.6,,23.965,,354.8,,1.05,,0.64,
2024-07-25 15:41:04,2024-07-25,15:41:04,,18.6,,51.7,,29.6,,22.25,,227.3,,6.27,,4.6
2024-07-25 15:41:52,2024-07-25,15:41:52,19.2,,45.5,,32.5,,23.59,,357.4,,1.15,,0.69,
2024-07-25 15:42:08,2024-07-25,15:42:08,,18.3,,51.4,,29.4,,22.025,,218.5,,4.68,,3.54
2024-07-25 15:42:56,2024-07-25,15:42:56,19.4,,46.2,,32.5,,23.726,,349.6,,0.52,,0.14,
2024-07-25 15:43:12,2024-07-25,15:43:12,,18.2,,51.1,,29.4,,21.973,,239.6,,5.67,,3.2
2024-07-25 15:43:59,2024-07-25,15:43:59,19.2,,45.5,,32.5,,23.59,,111.0,,0.58,,0.13,
2024-07-25 15:44:16,2024-07-25,15:44:16,,18.9,,52.8,,29.5,,22.351,,225.8,,5.97,,3.34
2024-07-25 15:45:02,2024-07-25,15:45:02,19.2,,45.6,,32.5,,23.609,,35.1,,0.87,,0.14,
2024-07-25 15:45:19,2024-07-25,15:45:19,,18.9,,53.0,,29.5,,22.385,,236.1,,4.5,,2.25
2024-07-25 15:46:06,2024-07-25,15:46:06,19.9,,47.5,,32.5,,23.976,,147.9,,1.05,,0.89,
2024-07-25 15:46:22,2024-07-25,15:46:22,,19.1,,53.3,,29.6,,22.524,,217.7,,3.2,,2.2
2024-07-25 15:47:10,2024-07-25,15:47:10,19.8,,47.3,,32.5,,23.938,,298.2,,1.29,,0.46,
2024-07-25 15:47:26,2024-07-25,15:47:26,,19.3,,53.3,,29.8,,22.698,,254.2,,3.45,,2.02
2024-07-25 15:48:13,2024-07-25,15:48:13,19.7,,46.8,,32.5,,23.842,,357.0,,0.89,,0.09,
2024-07-25 15:48:29,2024-07-25,15:48:29,,18.9,,51.8,,29.9,,22.527,,209.1,,3.88,,3.07
2024-07-25 15:49:16,2024-07-25,15:49:16,19.8,,47.3,,32.5,,23.938,,135.2,,0.76,,0.41,
2024-07-25 15:49:32,2024-07-25,15:49:32,,18.5,,50.0,,30.0,,22.299,,231.5,,4.28,,3.17
2024-07-25 15:50:20,2024-07-25,15:50:20,19.7,,47.0,,32.5,,23.88,,149.6,,0.98,,0.9,
2024-07-25 15:50:36,2024-07-25,15:50:36,,18.4,,49.9,,30.0,,22.281,,235.3,,5.13,,4.48
2024-07-25 15:51:24,2024-07-25,15:51:24,19.6,,46.6,,32.5,,23.803,,145.6,,1.06,,0.48,
2024-07-25 15:51:40,2024-07-25,15:51:40,,18.0,,49.0,,30.0,,22.122,,223.6,,4.9,,3.31
2024-07-25 15:52:28,2024-07-25,15:52:28,19.6,,46.6,,32.5,,23.803,,24.0,,0.79,,0.16,
2024-07-25 15:52:43,2024-07-25,15:52:43,,18.7,,51.2,,29.9,,22.423,,224.7,,4.57,,3.74
2024-07-25 15:53:31,2024-07-25,15:53:31,19.4,,46.2,,32.5,,23.726,,35.0,,0.9,,0.24,
2024-07-25 15:53:47,2024-07-25,15:53:47,,19.0,,53.4,,29.5,,22.453,,249.1,,4.4,,2.49
2024-07-25 15:54:34,2024-07-25,15:54:34,19.6,,46.7,,32.5,,23.822,,338.0,,1.15,,0.17,
2024-07-25 15:54:50,2024-07-25,15:54:50,,19.1,,53.6,,29.5,,22.487,,245.6,,3.27,,1.94
2024-07-25 15:55:38,2024-07-25,15:55:38,19.9,,47.5,,32.5,,23.976,,135.7,,0.83,,0.72,
2024-07-25 15:55:54,2024-07-25,15:55:54,,18.8,,52.1,,29.7,,22.406,,221.2,,4.35,,2.31
2024-07-25 15:56:42,2024-07-25,15:56:42,20.0,,48.0,,32.4,,23.986,,124.0,,1.02,,0.2,
2024-07-25 15:56:57,2024-07-25,15:56:57,,18.8,,51.6,,29.8,,22.406,,236.2,,5.04,,2.33
2024-07-25 15:57:45,2024-07-25,15:57:45,19.9,,47.4,,32.5,,23.957,,256.7,,0.66,,0.13,
2024-07-25 15:58:01,2024-07-25,15:58:01,,18.6,,50.7,,29.9,,22.336,,233.1,,3.98,,2.28
2024-07-25 15:58:48,2024-07-25,15:58:48,19.9,,47.5,,32.5,,23.976,,331.4,,1.81,,1.1,
2024-07-25 15:59:04,2024-07-25,15:59:04,,18.4,,50.1,,30.0,,22.317,,206.6,,5.85,,3.96
2024-07-25 15:59:52,2024-07-25,15:59:52,19.9,,47.4,,32.5,,23.957,,308.2,,2.39,,1.14,
2024-07-25 16:00:08,2024-07-25,16:00:08,,18.7,,50.9,,30.0,,22.457,,208.6,,4.39,,1.73
2024-07-25 16:00:56,2024-07-25,16:00:56,19.5,,46.5,,32.5,,23.784,,316.3,,1.98,,1.02,
2024-07-25 16:01:11,2024-07-25,16:01:11,,18.2,,49.3,,30.0,,22.175,,254.8,,3.88,,3.06
2024-07-25 16:01:59,2024-07-25,16:01:59,19.0,,45.2,,32.4,,23.447,,331.2,,1.77,,0.72,
2024-07-25 16:02:15,2024-07-25,16:02:15,,17.8,,47.9,,30.0,,21.926,,217.8,,4.67,,3.84
2024-07-25 16:03:02,2024-07-25,16:03:02,18.9,,45.2,,32.3,,23.364,,357.1,,1.95,,0.22,
2024-07-25 16:03:18,2024-07-25,16:03:18,,18.1,,49.0,,30.0,,22.122,,200.6,,5.19,,3.12
2024-07-25 16:04:06,2024-07-25,16:04:06,18.9,,45.0,,32.3,,23.325,,320.1,,2.63,,1.42,
2024-07-25 16:04:22,2024-07-25,16:04:22,,18.4,,50.3,,29.9,,22.266,,216.4,,5.97,,4.48
2024-07-25 16:05:10,2024-07-25,16:05:10,19.0,,45.5,,32.3,,23.422,,317.3,,2.55,,1.15,
2024-07-25 16:05:26,2024-07-25,16:05:26,,18.2,,49.9,,29.8,,22.11,,221.2,,5.67,,3.68
2024-07-25 16:06:13,2024-07-25,16:06:13,18.9,,45.2,,32.3,,23.364,,333.0,,2.25,,0.87,
2024-07-25 16:06:29,2024-07-25,16:06:29,,18.0,,49.6,,29.7,,21.971,,212.8,,4.7,,2.45
2024-07-25 16:07:16,2024-07-25,16:07:16,18.9,,45.3,,32.2,,23.299,,317.7,,2.02,,1.6,
2024-07-25 16:07:32,2024-07-25,16:07:32,,18.0,,49.1,,29.8,,21.969,,211.6,,4.11,,2.92
2024-07-25 16:08:20,2024-07-25,16:08:20,19.0,,45.6,,32.3,,23.441,,315.5,,1.47,,0.43,
2024-07-25 16:08:36,2024-07-25,16:08:36,,17.3,,46.9,,29.9,,21.661,,211.3,,4.32,,3.4
2024-07-25 16:09:24,2024-07-25,16:09:24,18.5,,44.1,,32.3,,23.148,,313.9,,2.14,,1.3,
2024-07-25 16:09:40,2024-07-25,16:09:40,,17.1,,46.2,,30.0,,21.618,,223.3,,4.64,,3.26
2024-07-25 16:10:27,2024-07-25,16:10:27,18.1,,43.4,,32.2,,22.927,,316.3,,1.86,,0.31,
2024-07-25 16:10:43,2024-07-25,16:10:43,,17.1,,46.0,,30.0,,21.582,,204.1,,5.03,,3.59
2024-07-25 16:11:30,2024-07-25,16:11:30,18.0,,43.1,,32.2,,22.867,,148.2,,0.89,,0.56,
2024-07-25 16:11:46,2024-07-25,16:11:46,,17.5,,47.4,,29.9,,21.751,,227.7,,4.68,,2.5
2024-07-25 16:12:34,2024-07-25,16:12:34,18.7,,44.9,,32.2,,23.221,,321.9,,1.81,,1.33,
2024-07-25 16:12:50,2024-07-25,16:12:50,,17.8,,48.0,,30.0,,21.944,,233.7,,4.43,,3.32
2024-07-25 16:13:38,2024-07-25,16:13:38,18.5,,44.5,,32.1,,23.06,,324.5,,2.09,,1.24,
2024-07-25 16:13:54,2024-07-25,16:13:54,,18.1,,49.4,,29.9,,22.107,,222.4,,5.46,,4.88
2024-07-25 16:14:41,2024-07-25,16:14:41,18.7,,45.4,,32.0,,23.151,,338.0,,2.31,,0.36,
2024-07-25 16:14:57,2024-07-25,16:14:57,,18.4,,50.5,,29.8,,22.215,,218.9,,5.23,,3.06
2024-07-25 16:15:44,2024-07-25,16:15:44,19.0,,46.4,,32.0,,23.343,,320.1,,2.3,,1.19,
2024-07-25 16:16:00,2024-07-25,16:16:00,,18.5,,51.1,,29.7,,22.233,,215.5,,3.65,,1.94
2024-07-25 16:16:48,2024-07-25,16:16:48,19.2,,47.0,,32.0,,23.457,,320.2,,2.77,,1.92,
2024-07-25 16:17:04,2024-07-25,16:17:04,,18.3,,50.1,,29.8,,22.145,,234.3,,2.65,,1.39
2024-07-25 16:17:52,2024-07-25,16:17:52,19.0,,46.2,,32.0,,23.304,,319.2,,1.97,,1.62,
2024-07-25 16:18:08,2024-07-25,16:18:08,,18.5,,50.3,,30.0,,22.352,,241.5,,3.82,,3.06
2024-07-25 16:18:55,2024-07-25,16:18:55,19.0,,46.5,,31.9,,23.277,,347.4,,2.25,,0.75,
2024-07-25 16:19:11,2024-07-25,16:19:11,,18.4,,50.1,,30.0,,22.317,,213.7,,5.62,,4.26
2024-07-25 16:19:58,2024-07-25,16:19:58,19.3,,47.3,,31.9,,23.429,,323.2,,1.99,,1.3,
2024-07-25 16:20:14,2024-07-25,16:20:14,,18.5,,50.3,,30.0,,22.352,,228.7,,4.68,,3.55
2024-07-25 16:21:02,2024-07-25,16:21:02,19.1,,46.8,,31.9,,23.334,,322.5,,2.29,,1.25,
2024-07-25 16:21:18,2024-07-25,16:21:18,,18.4,,50.1,,29.9,,22.231,,244.2,,5.35,,3.63
2024-07-25 16:22:06,2024-07-25,16:22:06,19.0,,46.9,,31.8,,23.269,,347.6,,2.64,,1.22,
2024-07-25 16:22:22,2024-07-25,16:22:22,,18.1,,49.4,,29.9,,22.107,,238.1,,5.45,,3.18
2024-07-25 16:23:09,2024-07-25,16:23:09,18.9,,46.8,,31.7,,23.165,,328.2,,1.73,,1.18,
2024-07-25 16:23:25,2024-07-25,16:23:25,,17.7,,48.7,,29.7,,21.812,,243.3,,7.1,,6.58
2024-07-25 16:24:12,2024-07-25,16:24:12,18.8,,46.3,,31.7,,23.07,,7.3,,1.24,,0.52,
2024-07-25 16:24:28,2024-07-25,16:24:28,,18.0,,49.3,,29.7,,21.918,,232.4,,6.84,,4.06
2024-07-25 16:25:16,2024-07-25,16:25:16,18.7,,46.1,,31.7,,23.032,,328.0,,1.81,,1.17,
2024-07-25 16:25:32,2024-07-25,16:25:32,,18.0,,49.4,,29.8,,22.022,,225.1,,4.76,,3.91
2024-07-25 16:26:20,2024-07-25,16:26:20,18.7,,46.5,,31.6,,23.024,,335.5,,1.9,,1.26,
2024-07-25 16:26:36,2024-07-25,16:26:36,,18.3,,50.6,,29.7,,22.146,,232.8,,5.96,,3.17
2024-07-25 16:27:23,2024-07-25,16:27:23,19.0,,47.1,,31.6,,23.137,,330.1,,2.02,,0.83,
2024-07-25 16:27:40,2024-07-25,16:27:40,,18.6,,51.9,,29.5,,22.198,,219.3,,6.19,,2.69
2024-07-25 16:28:26,2024-07-25,16:28:26,19.1,,47.6,,31.6,,23.231,,317.4,,2.26,,1.14,
2024-07-25 16:28:43,2024-07-25,16:28:43,,18.4,,51.5,,29.5,,22.129,,231.1,,4.64,,3.19
2024-07-25 16:29:30,2024-07-25,16:29:30,19.3,,48.2,,31.6,,23.343,,312.1,,1.89,,0.5,
2024-07-25 16:29:46,2024-07-25,16:29:46,,18.0,,49.3,,29.7,,21.918,,204.9,,4.55,,3.72
2024-07-25 16:30:34,2024-07-25,16:30:34,19.1,,47.3,,31.7,,23.259,,313.2,,2.48,,1.67,
2024-07-25 16:30:50,2024-07-25,16:30:50,,18.5,,50.7,,29.8,,22.25,,235.8,,5.21,,2.43
2024-07-25 16:31:37,2024-07-25,16:31:37,19.0,,46.9,,31.8,,23.269,,317.9,,2.81,,1.01,
2024-07-25 16:31:54,2024-07-25,16:31:54,,18.8,,51.1,,30.0,,22.492,,216.6,,4.37,,2.45
2024-07-25 16:32:40,2024-07-25,16:32:40,,,,,19.4,,,,31.9,,4.76,,2.1,
2024-07-25 16:32:57,2024-07-25,16:32:57,,17.9,,48.4,,30.0,,22.015,,207.3,,5.49,,4.8
2024-07-25 16:33:44,2024-07-25,16:33:44,19.1,,46.9,,31.9,,23.353,,311.3,,2.17,,1.48,
2024-07-25 16:34:00,2024-07-25,16:34:00,,18.0,,48.8,,30.0,,22.086,,211.2,,4.67,,4.02
2024-07-25 16:34:48,2024-07-25,16:34:48,19.0,,46.3,,31.9,,23.239,,319.8,,1.87,,1.16,
2024-07-25 16:35:04,2024-07-25,16:35:04,,18.0,,49.4,,29.7,,21.936,,213.0,,4.42,,1.34
2024-07-25 16:35:51,2024-07-25,16:35:51,18.7,,46.0,,31.8,,23.098,,321.5,,2.13,,1.17,
2024-07-25 16:36:08,2024-07-25,16:36:08,,18.2,,50.0,,29.8,,22.127,,218.4,,5.58,,4.64
2024-07-25 16:36:54,2024-07-25,16:36:54,18.8,,46.2,,31.8,,23.136,,326.0,,2.53,,0.7,
2024-07-25 16:37:11,2024-07-25,16:37:11,,18.4,,50.6,,29.8,,22.232,,217.9,,5.05,,3.27
2024-07-25 16:37:58,2024-07-25,16:37:58,19.0,,46.6,,31.8,,23.212,,183.8,,1.67,,0.56,
2024-07-25 16:38:14,2024-07-25,16:38:14,,18.7,,51.0,,29.9,,22.388,,209.0,,5.86,,4.31
2024-07-25 16:39:02,2024-07-25,16:39:02,19.5,,48.3,,31.8,,23.532,,314.2,,1.45,,0.8,
2024-07-25 16:39:18,2024-07-25,16:39:18,,19.2,,53.5,,29.7,,22.645,,226.6,,6.43,,4.21
2024-07-25 16:40:05,2024-07-25,16:40:05,19.7,,49.0,,31.7,,23.576,,339.2,,2.41,,1.29,
2024-07-25 16:40:22,2024-07-25,16:40:22,,19.7,,55.8,,29.5,,22.857,,232.8,,5.08,,3.91
2024-07-25 16:41:08,2024-07-25,16:41:08,20.1,,50.8,,31.6,,23.821,,346.5,,1.67,,1.18,
2024-07-25 16:41:25,2024-07-25,16:41:25,,20.1,,57.6,,29.4,,23.067,,240.0,,4.99,,1.4
2024-07-25 16:42:12,2024-07-25,16:42:12,20.7,,52.7,,31.5,,24.076,,331.0,,2.68,,1.45,
2024-07-25 16:42:28,2024-07-25,16:42:28,,20.2,,57.6,,29.5,,23.156,,253.3,,4.62,,2.84
2024-07-25 16:43:16,2024-07-25,16:43:16,20.7,,53.1,,31.4,,24.06,,306.4,,1.77,,0.92,
2024-07-25 16:43:32,2024-07-25,16:43:32,,19.7,,55.7,,29.5,,22.84,,205.5,,4.62,,2.98
2024-07-25 16:44:19,2024-07-25,16:44:19,20.5,,52.5,,31.4,,23.954,,319.5,,2.45,,0.98,
2024-07-25 16:44:36,2024-07-25,16:44:36,,19.1,,53.6,,29.5,,22.487,,218.4,,4.66,,4.17
2024-07-25 16:45:22,2024-07-25,16:45:22,20.2,,51.4,,31.5,,23.843,,16.4,,2.2,,0.22,
2024-07-25 16:45:39,2024-07-25,16:45:39,,19.0,,53.2,,29.6,,22.507,,207.1,,4.25,,2.26
2024-07-25 16:46:26,2024-07-25,16:46:26,20.0,,50.5,,31.5,,23.68,,321.9,,1.85,,1.35,
2024-07-25 16:46:42,2024-07-25,16:46:42,,19.2,,53.4,,29.7,,22.628,,243.1,,4.53,,3.23
2024-07-25 16:47:30,2024-07-25,16:47:30,19.8,,49.9,,31.5,,23.571,,336.3,,2.48,,2.07,
2024-07-25 16:47:46,2024-07-25,16:47:46,,19.2,,53.9,,29.6,,22.626,,228.1,,5.04,,1.86
2024-07-25 16:48:33,2024-07-25,16:48:33,19.8,,50.2,,31.4,,23.539,,337.2,,1.96,,1.58,
2024-07-25 16:48:50,2024-07-25,16:48:50,,19.0,,53.2,,29.6,,22.507,,259.0,,3.8,,2.64
2024-07-25 16:49:36,2024-07-25,16:49:36,19.6,,50.0,,31.3,,23.417,,337.0,,1.92,,1.65,
2024-07-25 16:49:53,2024-07-25,16:49:53,,19.0,,53.0,,29.6,,22.473,,264.0,,4.45,,2.37
2024-07-25 16:50:40,2024-07-25,16:50:40,19.6,,50.2,,31.2,,23.367,,350.0,,2.48,,0.62,
2024-07-25 16:50:56,2024-07-25,16:50:56,,19.0,,53.1,,29.6,,22.49,,229.3,,6.09,,4.91
2024-07-25 16:51:44,2024-07-25,16:51:44,19.5,,50.0,,31.2,,23.331,,48.1,,0.55,,0.1,
2024-07-25 16:52:00,2024-07-25,16:52:00,,19.2,,54.1,,29.5,,22.572,,230.1,,4.78,,3.62
2024-07-25 16:52:47,2024-07-25,16:52:47,20.0,,51.1,,31.3,,23.616,,341.4,,2.22,,0.37,
2024-07-25 16:53:04,2024-07-25,16:53:04,,19.2,,54.3,,29.4,,22.518,,240.8,,5.27,,3.75
2024-07-25 16:53:50,2024-07-25,16:53:50,20.1,,51.5,,31.3,,23.688,,333.4,,1.98,,0.71,
2024-07-25 16:54:07,2024-07-25,16:54:07,,19.2,,54.8,,29.3,,22.514,,206.0,,3.76,,1.29
2024-07-25 16:54:54,2024-07-25,16:54:54,20.0,,51.4,,31.2,,23.583,,323.6,,2.35,,0.92,
2024-07-25 16:55:10,2024-07-25,16:55:10,,19.5,,54.9,,29.5,,22.707,,229.2,,4.35,,2.35
2024-07-25 16:55:58,2024-07-25,16:55:58,20.1,,51.8,,31.2,,23.655,,327.3,,2.29,,1.86,
2024-07-25 16:56:14,2024-07-25,16:56:14,,19.6,,55.0,,29.6,,22.811,,283.2,,4.95,,1.98
2024-07-25 16:57:01,2024-07-25,16:57:01,19.9,,51.4,,31.1,,23.497,,335.9,,2.7,,2.04,
2024-07-25 16:57:18,2024-07-25,16:57:18,,19.2,,54.0,,29.5,,22.555,,259.0,,5.35,,3.56
2024-07-25 16:58:04,2024-07-25,16:58:04,19.8,,51.9,,30.8,,23.326,,336.8,,2.25,,0.91,
2024-07-25 16:58:21,2024-07-25,16:58:21,,19.0,,53.5,,29.4,,22.383,,237.8,,4.75,,4.51
2024-07-25 16:59:24,2024-07-25,16:59:24,,18.7,,53.0,,29.3,,22.211,,222.4,,5.83,,3.13
2024-07-25 16:59:34,2024-07-25,16:59:34,19.6,,51.3,,30.8,,23.219,,343.1,,1.96,,1.26,
2024-07-25 17:00:28,2024-07-25,17:00:28,,18.6,,52.9,,29.2,,22.107,,218.7,,5.86,,4.3
2024-07-25 17:00:38,2024-07-25,17:00:38,19.4,,50.7,,30.8,,23.112,,328.9,,2.16,,1.69,
2024-07-25 17:01:32,2024-07-25,17:01:32,,19.0,,54.1,,29.2,,22.309,,241.6,,5.73,,3.75
2024-07-25 17:01:41,2024-07-25,17:01:41,19.4,,50.7,,30.8,,23.112,,344.1,,2.17,,0.64,
2024-07-25 17:02:35,2024-07-25,17:02:35,,18.9,,53.4,,29.3,,22.279,,225.6,,4.79,,4.37
2024-07-25 17:02:44,2024-07-25,17:02:44,19.7,,51.3,,30.9,,23.306,,326.9,,2.02,,1.2,
2024-07-25 17:03:38,2024-07-25,17:03:38,,19.0,,54.5,,29.2,,22.376,,233.6,,4.15,,1.86
2024-07-25 17:03:48,2024-07-25,17:03:48,19.3,,50.3,,30.9,,23.127,,337.7,,2.03,,0.77,
2024-07-25 17:04:42,2024-07-25,17:04:42,,19.2,,55.2,,29.1,,22.404,,242.2,,3.97,,3.22
2024-07-25 17:04:52,2024-07-25,17:04:52,19.6,,51.5,,30.8,,23.255,,347.2,,1.67,,0.95,
2024-07-25 17:05:46,2024-07-25,17:05:46,,19.4,,55.6,,29.2,,22.559,,251.8,,6.28,,5.29
2024-07-25 17:05:55,2024-07-25,17:05:55,20.0,,52.5,,30.8,,23.431,,338.7,,1.88,,1.29,
2024-07-25 17:06:49,2024-07-25,17:06:49,,19.1,,55.2,,29.1,,22.404,,237.6,,6.2,,3.83
2024-07-25 17:06:58,2024-07-25,17:06:58,20.0,,52.5,,30.8,,23.431,,15.4,,1.95,,0.4,
2024-07-25 17:07:52,2024-07-25,17:07:52,,19.0,,54.9,,29.0,,22.267,,230.9,,5.06,,3.03
2024-07-25 17:08:02,2024-07-25,17:08:02,19.7,,51.8,,30.8,,23.308,,336.8,,2.12,,1.24,
2024-07-25 17:08:56,2024-07-25,17:08:56,,19.3,,56.2,,28.9,,22.393,,229.9,,4.15,,2.4
2024-07-25 17:09:06,2024-07-25,17:09:06,19.7,,52.1,,30.6,,23.187,,318.7,,1.57,,1.03,
2024-07-25 17:10:00,2024-07-25,17:10:00,,18.9,,54.5,,29.0,,22.2,,219.9,,4.53,,4.05
2024-07-25 17:10:09,2024-07-25,17:10:09,19.9,,52.9,,30.6,,23.327,,351.7,,1.95,,0.76,
2024-07-25 17:11:03,2024-07-25,17:11:03,,18.9,,54.3,,29.1,,22.255,,219.7,,4.29,,1.37
2024-07-25 17:11:12,2024-07-25,17:11:12,19.4,,51.5,,30.6,,23.082,,325.4,,2.13,,1.08,
2024-07-25 17:12:06,2024-07-25,17:12:06,,18.4,,52.8,,29.0,,21.916,,212.3,,4.68,,2.38
2024-07-25 17:12:16,2024-07-25,17:12:16,19.2,,50.8,,30.6,,22.958,,320.4,,2.09,,0.57,
2024-07-25 17:13:10,2024-07-25,17:13:10,,18.5,,53.3,,29.0,,22.0,,235.3,,4.53,,3.99
2024-07-25 17:13:20,2024-07-25,17:13:20,19.3,,50.8,,30.7,,23.044,,320.6,,2.05,,1.49,
2024-07-25 17:14:14,2024-07-25,17:14:14,,18.9,,54.2,,29.1,,22.238,,239.7,,3.5,,2.37
2024-07-25 17:14:23,2024-07-25,17:14:23,19.2,,50.2,,30.8,,23.023,,330.7,,2.0,,1.26,
2024-07-25 17:15:17,2024-07-25,17:15:17,,19.0,,54.1,,29.2,,22.309,,225.0,,5.65,,5.27
2024-07-25 17:15:26,2024-07-25,17:15:26,19.3,,50.6,,30.8,,23.094,,326.5,,1.89,,0.93,
2024-07-25 17:16:20,2024-07-25,17:16:20,,19.3,,55.6,,29.1,,22.471,,217.8,,5.13,,2.46
2024-07-25 17:16:30,2024-07-25,17:16:30,19.6,,51.4,,30.8,,23.237,,331.6,,2.3,,1.17,
2024-07-25 17:17:24,2024-07-25,17:17:24,,19.4,,55.9,,29.1,,22.52,,304.5,,3.97,,1.23
2024-07-25 17:17:34,2024-07-25,17:17:34,19.7,,52.0,,30.7,,23.256,,339.6,,1.96,,0.64,
2024-07-25 17:18:28,2024-07-25,17:18:28,,19.0,,54.2,,29.2,,22.326,,219.7,,4.39,,3.84
2024-07-25 17:18:37,2024-07-25,17:18:37,20.0,,52.9,,30.7,,23.415,,332.4,,3.06,,1.06,
2024-07-25 17:19:31,2024-07-25,17:19:31,,18.8,,53.4,,29.2,,22.191,,218.2,,4.54,,3.07
2024-07-25 17:19:40,2024-07-25,17:19:40,19.9,,52.2,,30.8,,23.379,,329.6,,2.39,,0.85,
2024-07-25 17:20:34,2024-07-25,17:20:34,,19.1,,55.1,,29.1,,22.388,,232.5,,4.56,,4.21
2024-07-25 17:20:44,2024-07-25,17:20:44,19.4,,51.0,,30.7,,23.079,,351.5,,2.02,,0.39,
2024-07-25 17:21:38,2024-07-25,17:21:38,,19.5,,56.8,,29.0,,22.58,,267.6,,4.96,,1.45
2024-07-25 17:21:48,2024-07-25,17:21:48,19.8,,52.6,,30.6,,23.275,,337.7,,1.68,,0.92,
2024-07-25 17:22:42,2024-07-25,17:22:42,,19.7,,57.1,,29.1,,22.718,,216.1,,2.67,,0.9
2024-07-25 17:22:51,2024-07-25,17:22:51,20.1,,53.8,,30.6,,23.484,,310.2,,1.96,,1.51,
2024-07-25 17:23:45,2024-07-25,17:23:45,,19.4,,56.1,,29.1,,22.553,,295.7,,3.27,,1.18
2024-07-25 17:23:54,2024-07-25,17:23:54,20.0,,53.8,,30.5,,23.397,,321.1,,2.5,,1.5,
2024-07-25 17:24:48,2024-07-25,17:24:48,,19.5,,55.9,,29.2,,22.609,,240.6,,3.83,,3.58
2024-07-25 17:24:58,2024-07-25,17:24:58,20.0,,53.8,,30.5,,23.397,,342.4,,2.24,,1.34,
2024-07-25 17:25:52,2024-07-25,17:25:52,,19.6,,56.3,,29.2,,22.675,,225.6,,3.76,,1.73
2024-07-25 17:26:02,2024-07-25,17:26:02,20.1,,53.9,,30.5,,23.414,,335.2,,2.05,,1.14,
2024-07-25 17:26:56,2024-07-25,17:26:56,,19.4,,55.8,,29.2,,22.592,,225.2,,2.54,,1.72
2024-07-25 17:27:05,2024-07-25,17:27:05,20.2,,54.4,,30.5,,23.5,,323.4,,1.9,,1.22,
2024-07-25 17:27:59,2024-07-25,17:27:59,,18.8,,53.5,,29.2,,22.208,,210.5,,4.57,,4.13
2024-07-25 17:28:08,2024-07-25,17:28:08,19.9,,53.2,,30.5,,23.292,,330.4,,2.07,,1.13,
2024-07-25 17:29:02,2024-07-25,17:29:02,,18.8,,54.4,,28.9,,22.096,,188.8,,4.02,,1.47
2024-07-25 17:29:12,2024-07-25,17:29:12,19.5,,52.1,,30.5,,23.1,,314.3,,2.34,,1.75,
2024-07-25 17:30:06,2024-07-25,17:30:06,,19.0,,54.8,,29.0,,22.25,,237.3,,4.42,,3.71
2024-07-25 17:30:16,2024-07-25,17:30:16,19.3,,51.5,,30.5,,22.995,,333.4,,2.5,,1.32,
2024-07-25 17:31:10,2024-07-25,17:31:10,,19.0,,54.4,,29.1,,22.271,,266.5,,4.03,,2.81
2024-07-25 17:31:19,2024-07-25,17:31:19,19.5,,52.0,,30.5,,23.083,,327.4,,2.32,,1.96,
2024-07-25 17:32:13,2024-07-25,17:32:13,,19.0,,54.8,,29.1,,22.338,,245.0,,4.65,,3.42
2024-07-25 17:32:22,2024-07-25,17:32:22,19.3,,51.8,,30.3,,22.874,,328.8,,2.44,,1.97,
2024-07-25 17:33:16,2024-07-25,17:33:16,,19.4,,56.2,,29.0,,22.481,,229.4,,5.63,,2.58
2024-07-25 17:33:26,2024-07-25,17:33:26,19.5,,52.9,,30.2,,22.979,,347.2,,2.4,,0.51,
2024-07-25 17:34:20,2024-07-25,17:34:20,,19.5,,56.7,,29.0,,22.564,,221.7,,3.77,,3.08
2024-07-25 17:34:30,2024-07-25,17:34:30,19.8,,53.9,,30.2,,23.151,,338.6,,1.81,,1.23,
2024-07-25 17:35:24,2024-07-25,17:35:24,,19.1,,55.3,,29.0,,22.333,,215.8,,4.3,,3.91
2024-07-25 17:35:33,2024-07-25,17:35:33,20.0,,54.3,,30.3,,23.307,,330.8,,2.08,,0.96,
2024-07-25 17:36:27,2024-07-25,17:36:27,,19.2,,56.0,,28.9,,22.36,,246.0,,4.13,,2.64
2024-07-25 17:36:36,2024-07-25,17:36:36,19.8,,53.7,,30.2,,23.117,,332.5,,2.25,,1.1,
2024-07-25 17:37:30,2024-07-25,17:37:30,,19.7,,57.7,,28.9,,22.638,,258.4,,5.06,,3.0
2024-07-25 17:37:40,2024-07-25,17:37:40,20.0,,54.3,,30.2,,23.22,,341.4,,2.34,,1.08,
2024-07-25 17:38:34,2024-07-25,17:38:34,,19.9,,58.0,,29.0,,22.776,,236.6,,4.77,,2.72
2024-07-25 17:38:44,2024-07-25,17:38:44,20.3,,55.4,,30.3,,23.496,,343.8,,1.98,,1.66,
2024-07-25 17:39:38,2024-07-25,17:39:38,,20.0,,58.9,,28.9,,22.832,,244.7,,3.87,,1.89
2024-07-25 17:39:48,2024-07-25,17:39:48,20.3,,55.7,,30.2,,23.458,,345.6,,2.15,,1.49,
2024-07-25 17:40:41,2024-07-25,17:40:41,,19.5,,57.7,,28.7,,22.46,,238.1,,5.29,,3.06
2024-07-25 17:40:51,2024-07-25,17:40:51,20.1,,55.5,,30.1,,23.336,,344.5,,2.05,,1.62,
2024-07-25 17:41:44,2024-07-25,17:41:44,,19.4,,57.5,,28.6,,22.339,,232.5,,3.81,,2.61
2024-07-25 17:41:54,2024-07-25,17:41:54,20.0,,55.0,,30.0,,23.163,,341.4,,2.33,,0.68,
2024-07-25 17:42:48,2024-07-25,17:42:48,,19.1,,56.6,,28.6,,22.193,,255.3,,5.39,,2.63
2024-07-25 17:42:58,2024-07-25,17:42:58,20.0,,55.0,,30.0,,23.163,,16.3,,2.32,,0.28,
2024-07-25 17:43:52,2024-07-25,17:43:52,,19.0,,56.0,,28.7,,22.183,,221.2,,3.93,,2.85
2024-07-25 17:44:02,2024-07-25,17:44:02,19.9,,54.6,,30.0,,23.095,,337.7,,1.83,,0.68,
2024-07-25 17:44:55,2024-07-25,17:44:55,,19.1,,56.3,,28.7,,22.232,,252.1,,4.46,,2.89
2024-07-25 17:45:05,2024-07-25,17:45:05,19.7,,54.2,,30.0,,23.027,,349.4,,1.66,,0.64,
2024-07-25 17:45:58,2024-07-25,17:45:58,,19.0,,55.7,,28.8,,22.222,,244.5,,3.9,,3.49
2024-07-25 17:46:08,2024-07-25,17:46:08,19.8,,54.5,,30.0,,23.078,,338.0,,1.9,,1.25,
2024-07-25 17:47:02,2024-07-25,17:47:02,,18.9,,55.4,,28.7,,22.085,,227.7,,5.0,,2.97
2024-07-25 17:47:12,2024-07-25,17:47:12,19.8,,54.4,,30.0,,23.061,,328.4,,2.91,,0.8,
2024-07-25 17:48:06,2024-07-25,17:48:06,,19.0,,55.6,,28.8,,22.206,,226.0,,3.99,,2.57
2024-07-25 17:48:16,2024-07-25,17:48:16,19.7,,54.2,,30.0,,23.027,,321.6,,2.5,,1.22,
2024-07-25 17:49:09,2024-07-25,17:49:09,,19.0,,55.6,,28.8,,22.206,,243.6,,3.74,,2.99
2024-07-25 17:49:19,2024-07-25,17:49:19,19.7,,53.9,,30.1,,23.064,,336.6,,2.47,,1.1,
2024-07-25 17:50:12,2024-07-25,17:50:12,,19.4,,56.5,,28.9,,22.442,,272.6,,3.95,,2.87
2024-07-25 17:50:22,2024-07-25,17:50:22,19.9,,54.3,,30.1,,23.132,,318.1,,2.18,,1.28,
2024-07-25 17:51:16,2024-07-25,17:51:16,,19.4,,57.1,,28.8,,22.451,,234.4,,4.5,,2.26
2024-07-25 17:51:26,2024-07-25,17:51:26,19.9,,54.6,,30.0,,23.095,,319.3,,2.01,,1.09,
2024-07-25 17:52:20,2024-07-25,17:52:20,,19.8,,57.9,,28.9,,22.67,,264.6,,3.18,,2.41
2024-07-25 17:52:30,2024-07-25,17:52:30,20.0,,55.7,,29.9,,23.194,,322.9,,2.6,,2.13,
2024-07-25 17:53:23,2024-07-25,17:53:23,,20.0,,58.4,,29.0,,22.841,,251.6,,3.52,,2.6
2024-07-25 17:53:33,2024-07-25,17:53:33,20.3,,56.3,,30.0,,23.383,,326.2,,2.12,,1.47,
2024-07-25 17:54:26,2024-07-25,17:54:26,,19.8,,57.8,,28.9,,22.654,,239.9,,4.42,,2.63
2024-07-25 17:54:36,2024-07-25,17:54:36,20.3,,56.3,,30.0,,23.383,,330.0,,2.02,,1.57,
2024-07-25 17:55:30,2024-07-25,17:55:30,,20.0,,59.3,,28.8,,22.807,,258.3,,5.14,,1.3
2024-07-25 17:55:40,2024-07-25,17:55:40,20.4,,56.9,,29.9,,23.395,,333.6,,2.53,,1.59,
2024-07-25 17:56:34,2024-07-25,17:56:34,,20.0,,59.0,,28.8,,22.759,,249.7,,4.0,,3.38
2024-07-25 17:56:44,2024-07-25,17:56:44,20.5,,57.7,,29.8,,23.439,,340.5,,2.27,,1.72,
2024-07-25 17:57:37,2024-07-25,17:57:37,,19.4,,57.4,,28.7,,22.411,,215.8,,3.79,,1.7
2024-07-25 17:57:47,2024-07-25,17:57:47,20.5,,57.9,,29.7,,23.383,,337.4,,2.31,,0.61,
2024-07-25 17:58:40,2024-07-25,17:58:40,,19.4,,57.3,,28.7,,22.395,,246.2,,4.1,,3.19
2024-07-25 17:58:50,2024-07-25,17:58:50,20.1,,56.6,,29.7,,23.167,,347.5,,2.31,,0.77,
2024-07-25 17:59:44,2024-07-25,17:59:44,,19.6,,57.9,,28.7,,22.492,,262.7,,3.52,,2.25
2024-07-25 17:59:54,2024-07-25,17:59:54,20.1,,56.4,,29.7,,23.134,,335.6,,2.28,,0.91,
2024-07-25 18:00:48,2024-07-25,18:00:48,,19.6,,58.0,,28.7,,22.508,,267.6,,4.27,,2.41
2024-07-25 18:00:58,2024-07-25,18:00:58,20.1,,56.6,,29.7,,23.167,,337.4,,1.95,,1.38,
2024-07-25 18:01:51,2024-07-25,18:01:51,,19.5,,57.8,,28.7,,22.476,,235.5,,2.92,,2.18
2024-07-25 18:02:01,2024-07-25,18:02:01,20.3,,57.1,,29.7,,23.251,,330.0,,2.21,,1.08,
2024-07-25 18:02:54,2024-07-25,18:02:54,,19.5,,57.8,,28.7,,22.476,,239.7,,4.91,,2.03
2024-07-25 18:03:04,2024-07-25,18:03:04,20.1,,56.5,,29.7,,23.151,,329.0,,1.52,,0.6,
2024-07-25 18:03:58,2024-07-25,18:03:58,,18.9,,55.8,,28.6,,22.062,,244.5,,4.56,,3.95
2024-07-25 18:04:08,2024-07-25,18:04:08,20.1,,56.5,,29.7,,23.151,,3.5,,2.23,,0.86,
2024-07-25 18:05:02,2024-07-25,18:05:02,,19.2,,57.2,,28.5,,22.201,,223.6,,5.18,,3.54
2024-07-25 18:05:12,2024-07-25,18:05:12,19.7,,55.5,,29.6,,22.895,,349.5,,1.76,,0.42,
2024-07-25 18:06:05,2024-07-25,18:06:05,,19.7,,59.0,,28.5,,22.49,,246.8,,5.2,,2.86
2024-07-25 18:06:15,2024-07-25,18:06:15,20.0,,56.3,,29.6,,23.029,,332.8,,1.71,,1.08,
2024-07-25 18:07:08,2024-07-25,18:07:08,,19.6,,58.9,,28.4,,22.385,,244.0,,4.32,,2.81
2024-07-25 18:07:18,2024-07-25,18:07:18,20.2,,57.2,,29.6,,23.178,,331.1,,1.57,,0.49,
2024-07-25 18:08:12,2024-07-25,18:08:12,,19.6,,58.9,,28.4,,22.385,,238.7,,4.29,,2.98
2024-07-25 18:08:22,2024-07-25,18:08:22,20.0,,56.8,,29.5,,23.023,,340.2,,2.21,,1.57,
2024-07-25 18:09:16,2024-07-25,18:09:16,,19.6,,58.9,,28.4,,22.385,,229.8,,3.56,,1.04
2024-07-25 18:09:26,2024-07-25,18:09:26,20.0,,57.3,,29.4,,23.017,,334.9,,1.43,,0.86,
2024-07-25 18:10:19,2024-07-25,18:10:19,,19.0,,56.9,,28.4,,22.064,,236.2,,4.1,,3.07
2024-07-25 18:10:29,2024-07-25,18:10:29,20.0,,57.0,,29.4,,22.968,,351.9,,1.58,,0.79,
2024-07-25 18:11:22,2024-07-25,18:11:22,,19.2,,57.5,,28.4,,22.161,,243.4,,4.66,,3.1
2024-07-25 18:11:32,2024-07-25,18:11:32,19.8,,56.4,,29.4,,22.868,,342.7,,2.23,,1.47,
2024-07-25 18:12:26,2024-07-25,18:12:26,,19.3,,58.3,,28.3,,22.2,,290.9,,4.07,,1.55
2024-07-25 18:12:36,2024-07-25,18:12:36,19.8,,56.4,,29.4,,22.868,,344.7,,1.96,,1.2,
2024-07-25 18:13:30,2024-07-25,18:13:30,,19.0,,57.2,,28.3,,22.023,,247.2,,4.87,,4.53
2024-07-25 18:13:40,2024-07-25,18:13:40,19.7,,56.0,,29.4,,22.802,,359.2,,2.25,,0.81,
2024-07-25 18:14:33,2024-07-25,18:14:33,,19.6,,59.3,,28.3,,22.359,,232.3,,4.82,,2.69
2024-07-25 18:14:43,2024-07-25,18:14:43,19.8,,56.7,,29.3,,22.829,,331.6,,1.58,,0.65,
2024-07-25 18:15:36,2024-07-25,18:15:36,,19.8,,60.2,,28.3,,22.502,,249.0,,3.93,,3.33
2024-07-25 18:15:46,2024-07-25,18:15:46,20.1,,58.0,,29.3,,23.043,,328.2,,2.56,,0.7,
2024-07-25 18:16:40,2024-07-25,18:16:40,,20.1,,61.2,,28.3,,22.659,,241.7,,4.32,,3.53
2024-07-25 18:16:50,2024-07-25,18:16:50,20.5,,59.2,,29.3,,23.239,,342.8,,1.83,,1.67,
2024-07-25 18:17:44,2024-07-25,18:17:44,,20.2,,62.0,,28.2,,22.694,,246.4,,4.3,,2.71
2024-07-25 18:17:54,2024-07-25,18:17:54,20.8,,60.1,,29.3,,23.385,,341.5,,2.06,,1.38,
2024-07-25 18:18:47,2024-07-25,18:18:47,,20.0,,61.8,,28.1,,22.572,,224.8,,5.3,,4.75
2024-07-25 18:18:57,2024-07-25,18:18:57,20.9,,61.0,,29.2,,23.44,,344.7,,1.82,,1.28,
2024-07-25 18:19:50,2024-07-25,18:19:50,,20.0,,62.2,,27.9,,22.454,,244.6,,4.79,,2.14
2024-07-25 18:20:00,2024-07-25,18:20:00,20.7,,60.5,,29.1,,23.269,,351.1,,1.37,,0.56,
2024-07-25 18:20:54,2024-07-25,18:20:54,,19.5,,60.6,,27.8,,22.114,,237.2,,3.5,,2.51
2024-07-25 18:21:04,2024-07-25,18:21:04,20.3,,59.3,,29.1,,23.076,,327.5,,1.73,,1.44,
2024-07-25 18:21:58,2024-07-25,18:21:58,,19.7,,61.2,,27.9,,22.298,,251.0,,2.96,,1.88
2024-07-25 18:22:08,2024-07-25,18:22:08,20.1,,58.8,,29.0,,22.906,,326.6,,2.51,,1.11,
2024-07-25 18:23:02,2024-07-25,18:23:02,,20.0,,61.6,,28.1,,22.541,,227.8,,3.91,,3.58
2024-07-25 18:23:11,2024-07-25,18:23:11,20.4,,59.7,,29.1,,23.141,,348.9,,2.08,,1.04,
2024-07-25 18:24:04,2024-07-25,18:24:04,,20.1,,62.2,,28.1,,22.635,,244.2,,3.93,,1.97
2024-07-25 18:24:14,2024-07-25,18:24:14,20.7,,60.8,,29.1,,23.318,,314.4,,1.94,,0.9,
2024-07-25 18:25:08,2024-07-25,18:25:08,,20.2,,62.3,,28.1,,22.65,,251.6,,3.57,,1.28
2024-07-25 18:25:18,2024-07-25,18:25:18,20.9,,61.2,,29.1,,23.382,,332.5,,1.88,,1.29,
2024-07-25 18:26:12,2024-07-25,18:26:12,,19.9,,61.2,,28.0,,22.388,,255.5,,3.23,,2.23
2024-07-25 18:26:22,2024-07-25,18:26:22,20.4,,60.1,,29.1,,23.205,,351.4,,2.69,,0.77,
2024-07-25 18:27:15,2024-07-25,18:27:15,,19.7,,61.1,,27.9,,22.283,,245.7,,4.52,,3.65
2024-07-25 18:27:25,2024-07-25,18:27:25,20.5,,60.3,,29.0,,23.147,,16.6,,1.79,,0.46,
2024-07-25 18:28:18,2024-07-25,18:28:18,,19.3,,60.2,,27.8,,22.052,,226.1,,4.0,,2.95
2024-07-25 18:28:28,2024-07-25,18:28:28,20.6,,60.9,,29.0,,23.243,,111.4,,0.57,,0.32,
2024-07-25 18:29:22,2024-07-25,18:29:22,,18.5,,57.8,,27.6,,21.496,,217.1,,4.04,,2.3
2024-07-25 18:29:32,2024-07-25,18:29:32,20.5,,60.5,,29.0,,23.179,,126.5,,0.57,,0.37,
2024-07-25 18:30:26,2024-07-25,18:30:26,,18.8,,58.3,,27.7,,21.664,,234.2,,4.22,,2.0
2024-07-25 18:30:36,2024-07-25,18:30:36,19.9,,58.1,,29.0,,22.792,,66.8,,0.59,,0.13,
2024-07-25 18:31:29,2024-07-25,18:31:29,,19.0,,58.5,,27.8,,21.785,,233.1,,3.24,,2.58
2024-07-25 18:31:39,2024-07-25,18:31:39,19.9,,58.0,,29.0,,22.776,,28.9,,0.43,,0.19,
2024-07-25 18:32:32,2024-07-25,18:32:32,,19.4,,60.2,,27.9,,22.142,,209.7,,3.73,,2.67
2024-07-25 18:32:42,2024-07-25,18:32:42,19.7,,57.4,,29.0,,22.678,,336.5,,0.47,,0.2,
2024-07-25 18:33:36,2024-07-25,18:33:36,,19.8,,61.4,,27.9,,22.329,,229.8,,2.61,,1.67
2024-07-25 18:33:46,2024-07-25,18:33:46,19.8,,57.5,,29.0,,22.694,,61.5,,0.35,,0.16,
2024-07-25 18:34:40,2024-07-25,18:34:40,,19.7,,61.2,,27.9,,22.298,,204.0,,3.64,,3.15
2024-07-25 18:34:50,2024-07-25,18:34:50,20.1,,58.9,,29.0,,22.922,,178.9,,0.59,,0.2,
2024-07-25 18:35:44,2024-07-25,18:35:44,,20.0,,62.1,,27.9,,22.438,,263.8,,3.75,,2.56
2024-07-25 18:35:53,2024-07-25,18:35:53,20.2,,59.0,,29.1,,23.027,,26.9,,0.38,,0.15,
2024-07-25 18:36:47,2024-07-25,18:36:47,,19.9,,61.7,,27.9,,22.376,,229.7,,4.62,,4.13
2024-07-25 18:36:56,2024-07-25,18:36:56,20.7,,60.5,,29.1,,23.269,,119.7,,0.65,,0.51,
2024-07-25 18:37:50,2024-07-25,18:37:50,,19.7,,61.5,,27.8,,22.254,,194.6,,3.56,,2.54
2024-07-25 18:38:00,2024-07-25,18:38:00,20.9,,61.1,,29.2,,23.456,,140.6,,0.94,,0.78,
2024-07-25 18:38:54,2024-07-25,18:38:54,,19.3,,60.5,,27.7,,22.009,,225.7,,3.99,,3.33
2024-07-25 18:39:04,2024-07-25,18:39:04,20.8,,61.1,,29.1,,23.366,,194.2,,0.9,,0.31,
2024-07-25 18:39:58,2024-07-25,18:39:58,,19.3,,60.3,,27.7,,21.978,,240.0,,4.18,,3.69
2024-07-25 18:40:07,2024-07-25,18:40:07,20.8,,61.0,,29.1,,23.35,,123.9,,0.56,,0.12,
2024-07-25 18:41:00,2024-07-25,18:41:00,,19.8,,62.1,,27.7,,22.257,,208.7,,4.84,,2.22
2024-07-25 18:41:10,2024-07-25,18:41:10,20.5,,59.9,,29.1,,23.173,,133.8,,0.95,,0.36,
2024-07-25 18:42:04,2024-07-25,18:42:04,,20.0,,62.8,,27.7,,22.365,,208.1,,4.63,,2.97
2024-07-25 18:42:14,2024-07-25,18:42:14,20.6,,60.6,,29.0,,23.195,,122.9,,0.77,,0.53,
2024-07-25 18:43:08,2024-07-25,18:43:08,,19.9,,62.9,,27.6,,22.289,,208.4,,3.76,,1.97
2024-07-25 18:43:18,2024-07-25,18:43:18,20.8,,61.2,,29.0,,23.291,,120.9,,0.75,,0.32,
2024-07-25 18:44:12,2024-07-25,18:44:12,,19.6,,62.3,,27.5,,22.106,,226.8,,3.96,,3.14
2024-07-25 18:44:21,2024-07-25,18:44:21,20.9,,61.8,,29.0,,23.387,,108.6,,1.01,,0.13,
2024-07-25 18:45:15,2024-07-25,18:45:15,,19.7,,62.4,,27.5,,22.122,,244.0,,2.85,,1.54
2024-07-25 18:45:24,2024-07-25,18:45:24,20.8,,61.2,,29.0,,23.291,,306.9,,1.07,,0.24,
2024-07-25 18:46:18,2024-07-25,18:46:18,,19.7,,62.1,,27.6,,22.166,,220.7,,3.46,,2.31
2024-07-25 18:46:28,2024-07-25,18:46:28,20.6,,60.8,,29.0,,23.227,,142.5,,0.58,,0.47,
2024-07-25 18:47:22,2024-07-25,18:47:22,,19.8,,62.7,,27.6,,22.259,,230.2,,3.73,,2.4
2024-07-25 18:47:32,2024-07-25,18:47:32,20.7,,61.1,,29.0,,23.275,,50.8,,0.92,,0.17,
2024-07-25 18:48:25,2024-07-25,18:48:25,,20.0,,63.4,,27.6,,22.366,,248.9,,3.15,,1.47
2024-07-25 18:48:35,2024-07-25,18:48:35,20.7,,61.0,,29.0,,23.259,,342.9,,0.77,,0.56,
2024-07-25 18:49:29,2024-07-25,18:49:29,,20.0,,63.6,,27.6,,22.396,,242.3,,3.74,,3.02
2024-07-25 18:49:39,2024-07-25,18:49:39,20.7,,61.0,,29.0,,23.259,,5.9,,0.54,,0.24,
2024-07-25 18:50:32,2024-07-25,18:50:32,,20.0,,63.5,,27.6,,22.381,,252.8,,3.49,,2.2
2024-07-25 18:50:42,2024-07-25,18:50:42,20.8,,61.4,,29.0,,23.323,,338.7,,0.44,,0.23,
2024-07-25 18:51:36,2024-07-25,18:51:36,,20.0,,63.6,,27.6,,22.396,,255.2,,3.42,,2.27
2024-07-25 18:51:46,2024-07-25,18:51:46,20.8,,61.4,,29.0,,23.323,,353.8,,0.97,,0.88,
2024-07-25 18:52:40,2024-07-25,18:52:40,,20.2,,64.3,,27.6,,22.503,,246.5,,3.96,,3.37
2024-07-25 18:52:49,2024-07-25,18:52:49,20.9,,61.9,,28.9,,23.312,,4.4,,1.09,,0.7,
2024-07-25 18:53:43,2024-07-25,18:53:43,,20.3,,65.1,,27.5,,22.534,,243.3,,3.02,,2.02
2024-07-25 18:53:52,2024-07-25,18:53:52,21.0,,62.9,,28.8,,23.38,,4.2,,0.96,,0.24,
2024-07-25 18:54:46,2024-07-25,18:54:46,,20.2,,64.7,,27.5,,22.473,,235.6,,3.41,,2.36
2024-07-25 18:54:56,2024-07-25,18:54:56,21.5,,64.9,,28.8,,23.693,,118.2,,0.61,,0.37,
2024-07-25 18:55:50,2024-07-25,18:55:50,,20.1,,64.6,,27.4,,22.366,,228.0,,4.62,,3.22
2024-07-25 18:56:00,2024-07-25,18:56:00,21.7,,65.5,,28.8,,23.787,,110.8,,0.79,,0.49,
2024-07-25 18:56:54,2024-07-25,18:56:54,,20.0,,64.6,,27.2,,22.183,,236.6,,4.14,,2.33
2024-07-25 18:57:04,2024-07-25,18:57:04,21.4,,64.3,,28.8,,23.6,,113.2,,0.57,,0.34,
2024-07-25 18:57:57,2024-07-25,18:57:57,,19.6,,64.1,,27.0,,21.925,,229.9,,3.91,,2.87
2024-07-25 18:58:06,2024-07-25,18:58:06,21.1,,63.5,,28.8,,23.474,,44.6,,0.7,,0.5,
2024-07-25 18:59:00,2024-07-25,18:59:00,,20.0,,65.2,,27.1,,22.182,,250.0,,3.4,,3.02
2024-07-25 18:59:10,2024-07-25,18:59:10,21.0,,63.1,,28.7,,23.32,,130.5,,0.46,,0.27,
2024-07-25 19:00:04,2024-07-25,19:00:04,,20.0,,65.3,,27.1,,22.197,,226.3,,3.17,,2.07
2024-07-25 19:00:14,2024-07-25,19:00:14,21.1,,63.7,,28.7,,23.414,,81.5,,0.67,,0.26,
2024-07-25 19:01:08,2024-07-25,19:01:08,,19.9,,65.3,,27.0,,22.105,,217.4,,3.51,,2.38
2024-07-25 19:01:18,2024-07-25,19:01:18,21.0,,63.3,,28.7,,23.352,,100.1,,0.44,,0.32,
2024-07-25 19:02:11,2024-07-25,19:02:11,,19.9,,65.1,,27.0,,22.075,,238.0,,3.39,,2.64
2024-07-25 19:02:21,2024-07-25,19:02:21,21.0,,63.6,,28.6,,23.308,,56.6,,0.63,,0.19,
2024-07-25 19:03:14,2024-07-25,19:03:14,,19.8,,65.3,,26.9,,22.014,,233.2,,3.92,,3.42
2024-07-25 19:03:24,2024-07-25,19:03:24,21.0,,63.6,,28.6,,23.308,,40.0,,0.49,,0.28,
2024-07-25 19:04:18,2024-07-25,19:04:18,,20.0,,66.0,,26.9,,22.118,,228.6,,3.5,,1.96
2024-07-25 19:04:28,2024-07-25,19:04:28,20.9,,63.0,,28.6,,23.214,,13.3,,0.48,,0.14,
2024-07-25 19:05:22,2024-07-25,19:05:22,,20.2,,66.6,,27.0,,22.3,,219.9,,3.38,,2.77
2024-07-25 19:05:32,2024-07-25,19:05:32,20.8,,62.8,,28.6,,23.182,,341.6,,0.34,,0.14,
2024-07-25 19:06:25,2024-07-25,19:06:25,,20.4,,66.8,,27.1,,22.422,,234.5,,3.75,,3.3
2024-07-25 19:06:35,2024-07-25,19:06:35,20.8,,63.2,,28.5,,23.154,,341.6,,0.27,,0.01,
2024-07-25 19:07:28,2024-07-25,19:07:28,,20.5,,67.5,,27.1,,22.526,,246.1,,3.38,,1.52
2024-07-25 19:07:38,2024-07-25,19:07:38,21.0,,63.6,,28.6,,23.308,,24.7,,0.54,,0.31,
2024-07-25 19:08:32,2024-07-25,19:08:32,,20.4,,67.5,,27.0,,22.434,,247.9,,3.78,,2.92
2024-07-25 19:08:42,2024-07-25,19:08:42,21.1,,63.9,,28.6,,23.354,,101.2,,0.39,,0.22,
2024-07-25 19:09:36,2024-07-25,19:09:36,,20.5,,67.7,,27.0,,22.463,,216.2,,2.69,,1.67
2024-07-25 19:09:46,2024-07-25,19:09:46,21.2,,64.8,,28.5,,23.403,,72.7,,0.43,,0.24,
2024-07-25 19:10:39,2024-07-25,19:10:39,,20.1,,67.1,,26.8,,22.19,,222.2,,3.19,,2.17
2024-07-25 19:10:49,2024-07-25,19:10:49,21.0,,64.1,,28.5,,23.294,,11.8,,0.37,,0.18,
2024-07-25 19:11:42,2024-07-25,19:11:42,,20.0,,66.9,,26.7,,22.068,,226.5,,3.44,,2.14
2024-07-25 19:11:52,2024-07-25,19:11:52,21.0,,64.0,,28.5,,23.279,,113.4,,0.27,,0.15,
2024-07-25 19:12:46,2024-07-25,19:12:46,,20.2,,67.7,,26.7,,22.186,,233.3,,3.13,,2.22
2024-07-25 19:12:56,2024-07-25,19:12:56,21.1,,64.4,,28.5,,23.341,,100.6,,0.39,,0.33,
2024-07-25 19:13:50,2024-07-25,19:13:50,,20.4,,68.2,,26.8,,22.352,,249.5,,2.89,,1.64
2024-07-25 19:14:00,2024-07-25,19:14:00,21.1,,64.3,,28.5,,23.325,,60.5,,0.34,,0.14,
2024-07-25 19:14:53,2024-07-25,19:14:53,,20.6,,68.4,,26.9,,22.474,,245.8,,2.99,,1.45
2024-07-25 19:15:03,2024-07-25,19:15:03,21.0,,64.5,,28.4,,23.265,,20.5,,0.57,,0.29,
2024-07-25 19:15:56,2024-07-25,19:15:56,,20.7,,68.5,,27.0,,22.582,,204.7,,2.61,,1.93
2024-07-25 19:16:06,2024-07-25,19:16:06,21.0,,64.5,,28.4,,23.265,,45.0,,0.3,,0.12,
2024-07-25 19:17:00,2024-07-25,19:17:00,,20.7,,68.5,,27.0,,22.582,,234.2,,2.77,,2.43
2024-07-25 19:17:10,2024-07-25,19:17:10,21.7,,67.0,,28.4,,23.65,,128.0,,0.69,,0.49,
2024-07-25 19:18:04,2024-07-25,19:18:04,,20.6,,68.6,,26.9,,22.504,,221.8,,3.14,,2.29
2024-07-25 19:18:14,2024-07-25,19:18:14,21.8,,67.5,,28.4,,23.727,,109.2,,0.61,,0.37,
2024-07-25 19:19:07,2024-07-25,19:19:07,,20.7,,68.9,,26.9,,22.548,,226.3,,2.67,,2.29
2024-07-25 19:19:17,2024-07-25,19:19:17,22.0,,68.4,,28.4,,23.864,,304.4,,0.64,,0.14,
2024-07-25 19:20:10,2024-07-25,19:20:10,,20.7,,69.3,,26.8,,22.514,,234.9,,3.03,,2.12
2024-07-25 19:20:20,2024-07-25,19:20:20,21.9,,68.1,,28.3,,23.726,,47.7,,0.74,,0.27,
2024-07-25 19:21:14,2024-07-25,19:21:14,,20.8,,69.8,,26.8,,22.587,,241.6,,3.05,,2.12
2024-07-25 19:21:24,2024-07-25,19:21:24,21.8,,68.0,,28.3,,23.711,,24.3,,0.49,,0.23,
2024-07-25 19:22:18,2024-07-25,19:22:18,,20.9,,70.2,,26.8,,22.646,,216.8,,2.74,,1.96
2024-07-25 19:22:28,2024-07-25,19:22:28,22.0,,68.5,,28.3,,23.787,,122.8,,0.47,,0.3,
2024-07-25 19:23:21,2024-07-25,19:23:21,,20.9,,70.3,,26.8,,22.661,,240.4,,3.32,,3.03
2024-07-25 19:23:31,2024-07-25,19:23:31,22.0,,69.4,,28.2,,23.83,,101.2,,0.61,,0.05,
2024-07-25 19:24:24,2024-07-25,19:24:24,,20.9,,70.6,,26.7,,22.611,,228.0,,2.81,,1.6
2024-07-25 19:24:34,2024-07-25,19:24:34,22.1,,69.7,,28.2,,23.876,,108.1,,0.39,,0.13,
2024-07-25 19:25:28,2024-07-25,19:25:28,,20.8,,70.6,,26.6,,22.518,,205.2,,2.27,,1.93
2024-07-25 19:25:38,2024-07-25,19:25:38,22.2,,70.2,,28.2,,23.951,,88.8,,0.39,,0.13,
2024-07-25 19:26:32,2024-07-25,19:26:32,,20.7,,70.4,,26.5,,22.395,,235.3,,2.47,,1.59
2024-07-25 19:26:42,2024-07-25,19:26:42,22.1,,69.8,,28.2,,23.891,,16.0,,0.65,,0.24,
2024-07-25 19:27:35,2024-07-25,19:27:35,,20.4,,69.7,,26.4,,22.2,,228.5,,2.34,,1.25
2024-07-25 19:27:45,2024-07-25,19:27:45,22.0,,69.7,,28.1,,23.783,,26.2,,0.49,,0.22,
2024-07-25 19:28:38,2024-07-25,19:28:38,,20.3,,69.6,,26.4,,22.186,,211.8,,1.97,,1.75
2024-07-25 19:28:48,2024-07-25,19:28:48,21.7,,68.4,,28.1,,23.586,,318.8,,0.43,,0.24,
2024-07-25 19:29:42,2024-07-25,19:29:42,,20.1,,68.9,,26.3,,21.991,,212.0,,2.25,,1.91
2024-07-25 19:29:52,2024-07-25,19:29:52,21.4,,67.7,,28.0,,23.388,,359.2,,0.47,,0.32,
2024-07-25 19:30:46,2024-07-25,19:30:46,,20.0,,68.9,,26.2,,21.898,,218.1,,2.42,,1.54
2024-07-25 19:30:56,2024-07-25,19:30:56,21.2,,67.2,,27.9,,23.22,,347.3,,0.35,,0.14,
2024-07-25 19:31:49,2024-07-25,19:31:49,,20.0,,69.0,,26.2,,21.913,,215.0,,2.8,,2.54
2024-07-25 19:31:59,2024-07-25,19:31:59,21.1,,66.9,,27.9,,23.174,,58.6,,0.38,,0.22,
2024-07-25 19:32:52,2024-07-25,19:32:52,,20.1,,69.5,,26.2,,21.985,,214.2,,2.43,,1.82
2024-07-25 19:33:02,2024-07-25,19:33:02,21.0,,66.6,,27.8,,23.036,,43.5,,0.47,,0.09,
2024-07-25 19:33:56,2024-07-25,19:33:56,,20.3,,69.9,,26.3,,22.136,,229.8,,1.8,,1.5
2024-07-25 19:34:06,2024-07-25,19:34:06,20.9,,66.3,,27.8,,22.991,,1.9,,0.55,,0.25,
2024-07-25 19:35:00,2024-07-25,19:35:00,,20.4,,70.3,,26.3,,22.194,,219.0,,1.77,,1.03
2024-07-25 19:35:10,2024-07-25,19:35:10,20.9,,66.3,,27.8,,22.991,,345.0,,0.45,,0.4,
2024-07-25 19:36:03,2024-07-25,19:36:03,,20.6,,70.5,,26.4,,22.317,,246.4,,2.0,,1.85
2024-07-25 19:36:13,2024-07-25,19:36:13,21.0,,66.8,,27.7,,22.975,,5.2,,0.48,,0.16,
2024-07-25 19:37:06,2024-07-25,19:37:06,,20.7,,70.9,,26.4,,22.375,,239.3,,2.16,,0.89
2024-07-25 19:37:16,2024-07-25,19:37:16,21.0,,67.1,,27.7,,23.02,,68.0,,0.28,,0.12,
2024-07-25 19:38:10,2024-07-25,19:38:10,,20.8,,71.0,,26.5,,22.482,,213.1,,2.38,,1.92
2024-07-25 19:38:20,2024-07-25,19:38:20,21.1,,67.7,,27.7,,23.11,,16.0,,0.47,,0.19,
2024-07-25 19:39:14,2024-07-25,19:39:14,,20.7,,71.1,,26.4,,22.403,,209.2,,2.4,,1.25
2024-07-25 19:39:24,2024-07-25,19:39:24,21.4,,68.7,,27.7,,23.261,,135.4,,0.5,,0.44,
2024-07-25 19:40:17,2024-07-25,19:40:17,,20.8,,71.3,,26.4,,22.432,,219.0,,1.59,,0.94
2024-07-25 19:40:27,2024-07-25,19:40:27,21.9,,70.8,,27.7,,23.574,,87.2,,0.65,,0.43,
2024-07-25 19:41:20,2024-07-25,19:41:20,,20.8,,71.4,,26.4,,22.447,,202.2,,2.56,,1.12
2024-07-25 19:41:30,2024-07-25,19:41:30,21.9,,71.3,,27.6,,23.555,,105.7,,0.47,,0.4,
2024-07-25 19:42:24,2024-07-25,19:42:24,,20.8,,71.4,,26.4,,22.447,,223.1,,1.54,,1.25
2024-07-25 19:42:34,2024-07-25,19:42:34,22.0,,71.8,,27.6,,23.629,,95.2,,0.68,,0.5,
2024-07-25 19:43:28,2024-07-25,19:43:28,,20.7,,71.3,,26.3,,22.339,,204.4,,2.14,,1.64
2024-07-25 19:43:38,2024-07-25,19:43:38,22.0,,71.9,,27.5,,23.55,,128.8,,0.66,,0.28,
2024-07-25 19:44:31,2024-07-25,19:44:31,,20.8,,71.6,,26.3,,22.382,,158.5,,1.65,,0.68
2024-07-25 19:44:41,2024-07-25,19:44:41,22.0,,72.1,,27.5,,23.58,,181.6,,0.52,,0.14,
2024-07-25 19:45:34,2024-07-25,19:45:34,,20.8,,71.6,,26.2,,22.289,,203.4,,2.24,,0.88
2024-07-25 19:45:44,2024-07-25,19:45:44,21.9,,72.0,,27.4,,23.471,,106.2,,0.54,,0.17,
2024-07-25 19:46:38,2024-07-25,19:46:38,,20.6,,71.4,,26.2,,22.26,,190.4,,1.92,,1.53
2024-07-25 19:46:48,2024-07-25,19:46:48,21.9,,71.9,,27.4,,23.456,,105.4,,0.44,,0.2,
2024-07-25 19:47:42,2024-07-25,19:47:42,,20.5,,71.4,,26.1,,22.166,,190.5,,2.09,,1.3
2024-07-25 19:47:52,2024-07-25,19:47:52,21.8,,72.1,,27.3,,23.392,,105.5,,0.41,,0.21,
2024-07-25 19:48:45,2024-07-25,19:48:45,,20.4,,71.0,,26.1,,22.109,,213.7,,1.88,,1.79
2024-07-25 19:48:55,2024-07-25,19:48:55,21.8,,72.1,,27.3,,23.392,,107.0,,0.53,,0.07,
2024-07-25 19:49:48,2024-07-25,19:49:48,,20.3,,71.1,,26.0,,22.03,,214.4,,1.9,,1.21
2024-07-25 19:49:59,2024-07-25,19:49:59,21.8,,71.9,,27.3,,23.363,,88.7,,0.39,,0.31,
2024-07-25 19:50:52,2024-07-25,19:50:52,,20.3,,71.3,,25.9,,21.965,,222.1,,1.59,,0.91
2024-07-25 19:51:02,2024-07-25,19:51:02,21.7,,71.6,,27.3,,23.319,,68.7,,0.63,,0.15,
2024-07-25 19:51:56,2024-07-25,19:51:56,,20.2,,71.2,,25.9,,21.95,,218.5,,1.81,,1.49
2024-07-25 19:52:06,2024-07-25,19:52:06,21.5,,71.1,,27.2,,23.151,,28.5,,0.3,,0.21,
2024-07-25 19:52:59,2024-07-25,19:52:59,,20.3,,71.5,,25.9,,21.993,,235.7,,1.5,,0.91
2024-07-25 19:53:09,2024-07-25,19:53:09,21.4,,70.8,,27.2,,23.107,,75.2,,0.32,,0.14,
2024-07-25 19:54:02,2024-07-25,19:54:02,,20.5,,71.7,,26.0,,22.116,,235.6,,1.42,,1.13
2024-07-25 19:54:12,2024-07-25,19:54:12,21.2,,70.4,,27.1,,22.955,,9.1,,0.29,,0.14,
2024-07-25 19:55:06,2024-07-25,19:55:06,,20.5,,71.8,,26.0,,22.13,,214.3,,2.22,,1.58
2024-07-25 19:55:16,2024-07-25,19:55:16,21.2,,70.3,,27.1,,22.94,,304.7,,0.35,,0.25,
2024-07-25 19:56:10,2024-07-25,19:56:10,,20.6,,72.1,,26.0,,22.173,,226.4,,1.97,,1.88
2024-07-25 19:56:20,2024-07-25,19:56:20,21.4,,71.0,,27.1,,23.043,,112.6,,0.43,,0.27,
2024-07-25 19:57:13,2024-07-25,19:57:13,,20.5,,72.3,,25.9,,22.108,,207.8,,2.09,,1.52
2024-07-25 19:57:23,2024-07-25,19:57:23,21.6,,71.9,,27.1,,23.175,,325.1,,1.92,,1.68,
2024-07-25 19:58:16,2024-07-25,19:58:16,,20.5,,72.3,,25.9,,22.108,,216.2,,1.92,,1.34
2024-07-25 19:58:26,2024-07-25,19:58:26,21.7,,73.3,,26.9,,23.192,,320.7,,1.85,,1.49,
2024-07-25 19:59:20,2024-07-25,19:59:20,,20.5,,72.8,,25.8,,22.085,,211.7,,2.45,,1.36
2024-07-25 19:59:30,2024-07-25,19:59:30,21.9,,74.5,,26.8,,23.271,,331.7,,1.87,,1.39,
2024-07-25 20:00:24,2024-07-25,20:00:24,,20.6,,73.1,,25.8,,22.128,,174.6,,1.87,,1.0
2024-07-25 20:00:34,2024-07-25,20:00:34,22.0,,75.7,,26.7,,23.349,,321.8,,2.33,,1.1,
2024-07-25 20:01:27,2024-07-25,20:01:27,,20.8,,73.5,,25.9,,22.279,,202.8,,2.16,,1.39
2024-07-25 20:01:38,2024-07-25,20:01:38,22.3,,77.4,,26.6,,23.498,,319.1,,1.71,,0.94,
2024-07-25 20:02:30,2024-07-25,20:02:30,,20.9,,73.8,,25.9,,22.321,,212.0,,1.6,,1.04
2024-07-25 20:02:41,2024-07-25,20:02:41,22.6,,78.9,,26.6,,23.711,,319.9,,2.09,,1.21,
2024-07-25 20:03:34,2024-07-25,20:03:34,,20.9,,74.1,,25.9,,22.364,,222.6,,1.76,,1.6
2024-07-25 20:03:44,2024-07-25,20:03:44,22.9,,80.1,,26.6,,23.882,,318.5,,2.34,,1.31,
2024-07-25 20:04:38,2024-07-25,20:04:38,,21.0,,74.4,,25.9,,22.406,,225.0,,1.74,,0.71
2024-07-25 20:04:48,2024-07-25,20:04:48,22.9,,80.6,,26.5,,23.856,,324.6,,2.17,,1.33,
2024-07-25 20:05:41,2024-07-25,20:05:41,,21.0,,74.6,,25.8,,22.34,,191.4,,1.26,,0.99
2024-07-25 20:05:52,2024-07-25,20:05:52,23.0,,81.6,,26.4,,23.901,,328.7,,2.08,,1.35,
2024-07-25 20:06:44,2024-07-25,20:06:44,,21.0,,74.7,,25.8,,22.354,,210.0,,1.37,,0.46
2024-07-25 20:06:55,2024-07-25,20:06:55,23.2,,82.7,,26.4,,24.056,,323.3,,1.96,,1.05,
2024-07-25 20:07:48,2024-07-25,20:07:48,,21.0,,74.7,,25.8,,22.354,,219.2,,1.89,,1.67
2024-07-25 20:07:58,2024-07-25,20:07:58,23.6,,85.0,,26.3,,24.281,,317.2,,1.99,,1.14,
2024-07-25 20:08:52,2024-07-25,20:08:52,,20.9,,74.7,,25.7,,22.26,,209.9,,2.35,,1.51
2024-07-25 20:09:02,2024-07-25,20:09:02,23.5,,84.5,,26.3,,24.211,,323.5,,2.2,,1.45,
2024-07-25 20:09:55,2024-07-25,20:09:55,,20.8,,74.9,,25.6,,22.193,,217.6,,1.71,,0.94
2024-07-25 20:10:06,2024-07-25,20:10:06,23.3,,84.3,,26.2,,24.086,,320.0,,2.28,,1.49,
2024-07-25 20:10:58,2024-07-25,20:10:58,,20.9,,75.1,,25.6,,22.222,,186.0,,1.47,,1.36
2024-07-25 20:11:09,2024-07-25,20:11:09,23.3,,84.3,,26.2,,24.086,,322.2,,2.05,,1.48,
2024-07-25 20:12:02,2024-07-25,20:12:02,,20.9,,75.3,,25.5,,22.155,,197.9,,1.77,,0.37
2024-07-25 20:12:12,2024-07-25,20:12:12,23.3,,84.6,,26.1,,24.031,,328.8,,2.04,,0.83,
2024-07-25 20:13:06,2024-07-25,20:13:06,,20.8,,75.4,,25.5,,22.169,,199.4,,2.3,,1.05
2024-07-25 20:13:16,2024-07-25,20:13:16,23.3,,85.0,,26.1,,24.087,,325.3,,2.01,,1.29,
2024-07-25 20:14:09,2024-07-25,20:14:09,,20.9,,75.5,,25.5,,22.183,,166.6,,1.3,,0.88
2024-07-25 20:14:20,2024-07-25,20:14:20,23.5,,85.7,,26.1,,24.184,,318.6,,1.87,,0.91,
2024-07-25 20:15:12,2024-07-25,20:15:12,,20.9,,75.7,,25.5,,22.211,,197.3,,1.11,,0.87
2024-07-25 20:15:23,2024-07-25,20:15:23,23.5,,85.6,,26.1,,24.17,,315.4,,2.37,,1.39,
2024-07-25 20:16:16,2024-07-25,20:16:16,,21.0,,76.0,,25.5,,22.253,,167.7,,1.76,,0.33
2024-07-25 20:16:26,2024-07-25,20:16:26,23.6,,86.0,,26.1,,24.226,,321.6,,2.19,,1.43,
2024-07-25 20:17:20,2024-07-25,20:17:20,,21.0,,76.0,,25.5,,22.253,,178.1,,1.66,,1.36
2024-07-25 20:17:30,2024-07-25,20:17:30,23.6,,86.6,,26.0,,24.211,,315.2,,2.01,,1.44,
2024-07-25 20:18:23,2024-07-25,20:18:23,,20.9,,76.2,,25.4,,22.186,,147.8,,1.39,,0.67
2024-07-25 20:18:34,2024-07-25,20:18:34,23.6,,86.6,,26.0,,24.211,,333.5,,2.02,,0.91,
2024-07-25 20:19:26,2024-07-25,20:19:26,,20.9,,76.3,,25.4,,22.2,,166.6,,1.19,,0.82
2024-07-25 20:19:37,2024-07-25,20:19:37,23.7,,87.5,,25.9,,24.238,,323.8,,2.09,,1.78,
2024-07-25 20:20:30,2024-07-25,20:20:30,,20.9,,76.3,,25.4,,22.2,,196.2,,1.41,,0.37
2024-07-25 20:20:40,2024-07-25,20:20:40,23.9,,88.6,,25.9,,24.39,,319.7,,1.97,,1.18,
2024-07-25 20:21:34,2024-07-25,20:21:34,,21.0,,76.5,,25.3,,22.133,,131.4,,1.16,,0.79
2024-07-25 20:21:44,2024-07-25,20:21:44,24.0,,89.5,,25.9,,24.514,,317.5,,1.92,,1.17,
2024-07-25 20:22:37,2024-07-25,20:22:37,,21.0,,76.6,,25.4,,22.242,,172.0,,1.21,,1.0
2024-07-25 20:22:48,2024-07-25,20:22:48,24.2,,90.9,,25.8,,24.608,,327.7,,1.86,,0.79,
2024-07-25 20:23:40,2024-07-25,20:23:40,,20.9,,76.8,,25.3,,22.175,,186.4,,0.94,,0.72
2024-07-25 20:23:51,2024-07-25,20:23:51,24.3,,91.7,,25.8,,24.718,,331.5,,1.5,,0.59,
2024-07-25 20:24:44,2024-07-25,20:24:44,,21.0,,77.0,,25.3,,22.203,,183.4,,1.27,,1.23
2024-07-25 20:24:54,2024-07-25,20:24:54,24.5,,92.6,,25.8,,24.841,,316.5,,1.93,,1.41,
2024-07-25 20:25:48,2024-07-25,20:25:48,,21.0,,77.3,,25.3,,22.245,,177.7,,1.56,,0.52
2024-07-25 20:25:58,2024-07-25,20:25:58,24.6,,93.4,,25.8,,24.951,,326.1,,1.28,,0.99,
2024-07-25 20:26:51,2024-07-25,20:26:51,,21.1,,77.6,,25.3,,22.286,,178.9,,0.87,,0.65
2024-07-25 20:27:02,2024-07-25,20:27:02,24.8,,94.5,,25.8,,25.102,,313.4,,1.8,,1.1,
2024-07-25 20:27:54,2024-07-25,20:27:54,,21.1,,77.8,,25.3,,22.314,,166.7,,1.72,,1.05
2024-07-25 20:28:05,2024-07-25,20:28:05,25.0,,95.5,,25.8,,25.239,,321.0,,1.89,,1.61,
2024-07-25 20:28:58,2024-07-25,20:28:58,,21.2,,78.1,,25.3,,22.356,,176.6,,1.65,,0.93
2024-07-25 20:29:08,2024-07-25,20:29:08,25.1,,95.9,,25.8,,25.293,,326.6,,1.96,,1.34,
2024-07-25 20:30:02,2024-07-25,20:30:02,,21.2,,78.5,,25.2,,22.316,,179.5,,1.59,,0.55
2024-07-25 20:30:12,2024-07-25,20:30:12,25.2,,96.7,,25.8,,25.403,,333.0,,1.53,,0.92,
2024-07-25 20:31:05,2024-07-25,20:31:05,,21.2,,78.8,,25.2,,22.357,,198.3,,1.65,,0.17
2024-07-25 20:31:16,2024-07-25,20:31:16,25.2,,97.3,,25.7,,25.384,,329.6,,1.77,,0.96,
2024-07-25 20:32:08,2024-07-25,20:32:08,,21.3,,79.3,,25.2,,22.427,,192.3,,1.8,,1.26
2024-07-25 20:32:19,2024-07-25,20:32:19,25.3,,97.8,,25.7,,25.453,,324.4,,1.76,,0.95,
2024-07-25 20:33:12,2024-07-25,20:33:12,,21.3,,79.7,,25.1,,22.386,,168.2,,1.62,,0.58
2024-07-25 20:33:22,2024-07-25,20:33:22,25.4,,98.5,,25.7,,25.548,,315.2,,1.96,,1.43,
2024-07-25 20:34:16,2024-07-25,20:34:16,,21.4,,80.0,,25.1,,22.427,,169.3,,1.05,,0.88
2024-07-25 20:34:26,2024-07-25,20:34:26,25.6,,99.4,,25.6,,25.57,,320.6,,1.87,,1.06,
2024-07-25 20:35:30,2024-07-25,20:35:30,25.6,,100.0,,25.6,,25.652,,314.3,,2.48,,0.84,
2024-07-25 20:35:46,2024-07-25,20:35:46,,21.5,,80.4,,25.1,,22.482,,148.1,,1.89,,0.39
2024-07-25 20:36:33,2024-07-25,20:36:33,25.6,,100.0,,25.6,,25.652,,310.8,,1.6,,0.78,
2024-07-25 20:36:49,2024-07-25,20:36:49,,21.4,,80.6,,25.0,,22.414,,157.5,,1.61,,1.02
2024-07-25 20:37:36,2024-07-25,20:37:36,25.6,,100.0,,25.6,,25.652,,320.6,,1.77,,1.17,
2024-07-25 20:37:52,2024-07-25,20:37:52,,21.5,,80.9,,25.0,,22.455,,157.5,,1.93,,1.31
2024-07-25 20:38:40,2024-07-25,20:38:40,25.5,,100.0,,25.5,,25.551,,315.7,,1.65,,1.18,
2024-07-25 20:38:56,2024-07-25,20:38:56,,21.4,,81.3,,24.9,,22.414,,155.7,,1.79,,1.33
2024-07-25 20:39:44,2024-07-25,20:39:44,25.5,,100.0,,25.5,,25.551,,334.7,,1.75,,1.25,
2024-07-25 20:40:00,2024-07-25,20:40:00,,21.5,,81.6,,24.9,,22.455,,140.4,,1.61,,0.39
2024-07-25 20:40:47,2024-07-25,20:40:47,25.4,,100.0,,25.4,,25.45,,332.5,,2.06,,1.15,
2024-07-25 20:41:03,2024-07-25,20:41:03,,21.6,,81.8,,24.9,,22.482,,132.4,,1.4,,1.15
2024-07-25 20:41:50,2024-07-25,20:41:50,25.3,,100.0,,25.3,,25.349,,321.5,,1.54,,1.1,
2024-07-25 20:42:06,2024-07-25,20:42:06,,21.6,,82.0,,24.9,,22.509,,142.4,,2.37,,1.61
2024-07-25 20:42:54,2024-07-25,20:42:54,25.3,,100.0,,25.3,,25.349,,317.5,,2.22,,0.77,
2024-07-25 20:43:10,2024-07-25,20:43:10,,21.5,,82.1,,24.8,,22.427,,142.6,,2.12,,1.84
2024-07-25 20:43:58,2024-07-25,20:43:58,25.2,,100.0,,25.2,,25.249,,324.2,,2.18,,1.07,
2024-07-25 20:44:14,2024-07-25,20:44:14,,21.6,,82.3,,24.8,,22.454,,149.6,,2.0,,1.18
2024-07-25 20:45:01,2024-07-25,20:45:01,25.2,,100.0,,25.2,,25.249,,331.1,,1.52,,0.97,
2024-07-25 20:45:17,2024-07-25,20:45:17,,21.5,,82.6,,24.7,,22.398,,144.4,,2.09,,1.78
2024-07-25 20:46:04,2024-07-25,20:46:04,25.2,,100.0,,25.2,,25.249,,321.7,,1.92,,1.5,
2024-07-25 20:46:20,2024-07-25,20:46:20,,21.6,,82.8,,24.7,,22.425,,137.7,,2.05,,1.61
2024-07-25 20:47:08,2024-07-25,20:47:08,25.2,,100.0,,25.2,,25.249,,327.6,,1.7,,1.19,
2024-07-25 20:47:24,2024-07-25,20:47:24,,21.6,,83.0,,24.7,,22.453,,146.5,,1.95,,1.31
2024-07-25 20:48:12,2024-07-25,20:48:12,25.1,,100.0,,25.1,,25.148,,328.8,,2.63,,0.61,
2024-07-25 20:48:28,2024-07-25,20:48:28,,21.6,,83.2,,24.7,,22.48,,164.3,,1.37,,0.66
2024-07-25 20:49:15,2024-07-25,20:49:15,25.1,,100.0,,25.1,,25.148,,309.8,,1.91,,0.82,
2024-07-25 20:49:31,2024-07-25,20:49:31,,21.6,,83.4,,24.6,,22.41,,141.9,,0.59,,0.3
2024-07-25 20:50:19,2024-07-25,20:50:19,25.1,,100.0,,25.1,,25.148,,312.9,,2.13,,1.22,
2024-07-25 20:50:34,2024-07-25,20:50:34,,21.6,,83.5,,24.6,,22.424,,164.4,,1.1,,0.96
2024-07-25 20:51:22,2024-07-25,20:51:22,25.1,,100.0,,25.1,,25.148,,329.6,,1.8,,0.79,
2024-07-25 20:51:38,2024-07-25,20:51:38,,21.6,,83.5,,24.6,,22.424,,171.2,,1.23,,0.78
2024-07-25 20:52:26,2024-07-25,20:52:26,25.1,,100.0,,25.1,,25.148,,333.4,,1.79,,0.98,
2024-07-25 20:52:42,2024-07-25,20:52:42,,21.5,,83.6,,24.5,,22.34,,143.2,,1.28,,0.45
2024-07-25 20:53:29,2024-07-25,20:53:29,25.1,,100.0,,25.1,,25.148,,336.1,,1.89,,1.01,
2024-07-25 20:53:45,2024-07-25,20:53:45,,21.5,,83.7,,24.5,,22.354,,146.4,,1.39,,0.65
2024-07-25 20:54:32,2024-07-25,20:54:32,25.0,,100.0,,25.0,,25.047,,323.6,,1.9,,1.47,
2024-07-25 20:54:48,2024-07-25,20:54:48,,21.6,,83.9,,24.5,,22.381,,132.4,,1.17,,0.7
2024-07-25 20:55:36,2024-07-25,20:55:36,25.0,,100.0,,25.0,,25.047,,334.1,,1.51,,0.91,
2024-07-25 20:55:52,2024-07-25,20:55:52,,21.6,,84.0,,24.5,,22.394,,112.8,,1.04,,0.56
2024-07-25 20:56:40,2024-07-25,20:56:40,24.9,,100.0,,24.9,,24.947,,331.4,,2.46,,0.96,
2024-07-25 20:56:56,2024-07-25,20:56:56,,21.5,,84.2,,24.4,,22.324,,104.6,,0.94,,0.57
2024-07-25 20:57:43,2024-07-25,20:57:43,24.8,,100.0,,24.8,,24.846,,337.6,,1.9,,0.83,
2024-07-25 20:57:59,2024-07-25,20:57:59,,21.5,,84.2,,24.4,,22.324,,110.6,,1.37,,0.67
2024-07-25 20:58:46,2024-07-25,20:58:46,24.8,,100.0,,24.8,,24.846,,349.3,,1.58,,0.6,
2024-07-25 20:59:02,2024-07-25,20:59:02,,21.6,,84.3,,24.4,,22.338,,103.7,,0.85,,0.69
2024-07-25 20:59:50,2024-07-25,20:59:50,24.8,,100.0,,24.8,,24.846,,328.2,,2.06,,0.72,
2024-07-25 21:00:06,2024-07-25,21:00:06,,21.6,,84.3,,24.4,,22.338,,132.1,,0.87,,0.43
2024-07-25 21:00:54,2024-07-25,21:00:54,24.7,,100.0,,24.7,,24.745,,326.5,,1.93,,0.88,
2024-07-25 21:01:10,2024-07-25,21:01:10,,21.6,,84.3,,24.4,,22.338,,149.2,,1.25,,0.43
2024-07-25 21:01:57,2024-07-25,21:01:57,24.7,,100.0,,24.7,,24.745,,329.1,,1.85,,1.01,
2024-07-25 21:02:13,2024-07-25,21:02:13,,21.5,,84.4,,24.3,,22.254,,109.3,,0.77,,0.56
2024-07-25 21:03:00,2024-07-25,21:03:00,24.7,,100.0,,24.7,,24.745,,315.1,,1.43,,0.98,
2024-07-25 21:03:16,2024-07-25,21:03:16,,21.5,,84.5,,24.3,,22.268,,159.2,,0.6,,0.45
2024-07-25 21:04:04,2024-07-25,21:04:04,24.7,,100.0,,24.7,,24.745,,315.6,,1.96,,1.18,
2024-07-25 21:04:20,2024-07-25,21:04:20,,21.5,,84.6,,24.3,,22.281,,144.1,,0.61,,0.32
2024-07-25 21:05:08,2024-07-25,21:05:08,24.7,,100.0,,24.7,,24.745,,324.3,,2.28,,1.23,
2024-07-25 21:05:24,2024-07-25,21:05:24,,21.6,,85.0,,24.3,,22.335,,232.2,,0.42,,0.38
2024-07-25 21:06:11,2024-07-25,21:06:11,24.7,,100.0,,24.7,,24.745,,329.0,,2.07,,1.23,
2024-07-25 21:06:28,2024-07-25,21:06:28,,21.7,,85.3,,24.3,,22.376,,141.5,,0.42,,0.1
2024-07-25 21:07:14,2024-07-25,21:07:14,24.7,,100.0,,24.7,,24.745,,316.2,,2.16,,1.42,
2024-07-25 21:07:31,2024-07-25,21:07:31,,21.6,,85.5,,24.2,,22.305,,176.4,,0.64,,0.55
2024-07-25 21:08:18,2024-07-25,21:08:18,24.8,,100.0,,24.8,,24.846,,321.4,,2.2,,1.46,
2024-07-25 21:08:34,2024-07-25,21:08:34,,21.7,,85.9,,24.2,,22.359,,145.4,,0.77,,0.52
2024-07-25 21:09:22,2024-07-25,21:09:22,24.7,,100.0,,24.7,,24.745,,325.5,,1.87,,1.59,
2024-07-25 21:09:38,2024-07-25,21:09:38,,21.7,,86.1,,24.2,,22.386,,136.1,,0.62,,0.38
2024-07-25 21:10:25,2024-07-25,21:10:25,24.7,,100.0,,24.7,,24.745,,327.5,,1.71,,1.29,
2024-07-25 21:10:42,2024-07-25,21:10:42,,21.8,,86.4,,24.2,,22.426,,128.5,,0.95,,0.69
2024-07-25 21:11:29,2024-07-25,21:11:29,24.7,,100.0,,24.7,,24.745,,324.0,,2.3,,1.22,
2024-07-25 21:11:45,2024-07-25,21:11:45,,22.0,,87.3,,24.2,,22.547,,122.4,,0.93,,0.57
2024-07-25 21:12:32,2024-07-25,21:12:32,24.6,,100.0,,24.6,,24.644,,322.5,,2.09,,1.62,
2024-07-25 21:12:48,2024-07-25,21:12:48,,22.1,,88.2,,24.2,,22.667,,142.4,,0.79,,0.64
2024-07-25 21:13:36,2024-07-25,21:13:36,24.6,,100.0,,24.6,,24.644,,322.4,,2.2,,1.08,
2024-07-25 21:13:52,2024-07-25,21:13:52,,22.4,,89.9,,24.2,,22.895,,121.2,,1.16,,0.68
2024-07-25 21:14:40,2024-07-25,21:14:40,24.6,,100.0,,24.6,,24.644,,319.0,,2.11,,1.42,
2024-07-25 21:14:56,2024-07-25,21:14:56,,22.7,,91.3,,24.2,,23.082,,200.6,,0.58,,0.51
2024-07-25 21:15:43,2024-07-25,21:15:43,24.6,,100.0,,24.6,,24.644,,312.5,,2.28,,1.65,
2024-07-25 21:15:59,2024-07-25,21:15:59,,22.9,,92.5,,24.2,,23.242,,180.5,,0.82,,0.74
2024-07-25 21:16:46,2024-07-25,21:16:46,24.6,,100.0,,24.6,,24.644,,324.9,,2.36,,1.4,
2024-07-25 21:17:02,2024-07-25,21:17:02,,23.1,,94.3,,24.1,,23.383,,187.7,,0.8,,0.39
2024-07-25 21:17:50,2024-07-25,21:17:50,24.6,,100.0,,24.6,,24.644,,319.3,,2.34,,1.84,
2024-07-25 21:18:06,2024-07-25,21:18:06,,23.3,,95.3,,24.1,,23.516,,181.7,,0.45,,0.15
2024-07-25 21:18:54,2024-07-25,21:18:54,24.6,,100.0,,24.6,,24.644,,313.7,,2.09,,1.47,
2024-07-25 21:19:10,2024-07-25,21:19:10,,23.4,,96.0,,24.1,,23.609,,222.2,,0.36,,0.24
2024-07-25 21:19:57,2024-07-25,21:19:57,24.6,,100.0,,24.6,,24.644,,318.3,,1.96,,1.39,
2024-07-25 21:20:13,2024-07-25,21:20:13,,23.5,,96.7,,24.1,,23.702,,213.2,,0.63,,0.55
2024-07-25 21:21:00,2024-07-25,21:21:00,24.6,,100.0,,24.6,,24.644,,323.8,,2.05,,1.04,
2024-07-25 21:21:16,2024-07-25,21:21:16,,23.9,,98.8,,24.1,,23.981,,209.3,,0.63,,0.48
2024-07-25 21:22:04,2024-07-25,21:22:04,24.6,,100.0,,24.6,,24.644,,323.0,,1.75,,0.98,
2024-07-25 21:22:20,2024-07-25,21:22:20,,24.1,,100.0,,24.1,,24.141,,213.3,,0.63,,0.33
2024-07-25 21:23:08,2024-07-25,21:23:08,24.6,,100.0,,24.6,,24.644,,319.5,,1.58,,1.24,
2024-07-25 21:23:24,2024-07-25,21:23:24,,24.1,,100.0,,24.1,,24.141,,217.0,,0.35,,0.32
2024-07-25 21:24:11,2024-07-25,21:24:11,24.6,,100.0,,24.6,,24.644,,328.3,,1.94,,1.18,
2024-07-25 21:24:27,2024-07-25,21:24:27,,24.0,,100.0,,24.0,,24.04,,172.5,,0.35,,0.28
2024-07-25 21:25:14,2024-07-25,21:25:14,24.6,,100.0,,24.6,,24.644,,346.2,,2.03,,0.82,
2024-07-25 21:25:30,2024-07-25,21:25:30,,24.0,,100.0,,24.0,,24.04,,151.1,,0.38,,0.3
2024-07-25 21:26:18,2024-07-25,21:26:18,24.6,,100.0,,24.6,,24.644,,334.6,,2.31,,0.95,
2024-07-25 21:26:34,2024-07-25,21:26:34,,24.0,,100.0,,24.0,,24.04,,117.0,,0.39,,0.28
2024-07-25 21:27:22,2024-07-25,21:27:22,24.6,,100.0,,24.6,,24.644,,327.1,,2.33,,1.4,
2024-07-25 21:27:38,2024-07-25,21:27:38,,24.0,,100.0,,24.0,,24.04,,73.5,,0.51,,0.41
2024-07-25 21:28:25,2024-07-25,21:28:25,24.5,,100.0,,24.5,,24.544,,329.1,,1.79,,1.43,
2024-07-25 21:28:41,2024-07-25,21:28:41,,23.9,,100.0,,23.9,,23.939,,100.0,,0.56,,0.52
2024-07-25 21:29:28,2024-07-25,21:29:28,24.4,,100.0,,24.4,,24.443,,327.1,,2.11,,1.34,
2024-07-25 21:29:44,2024-07-25,21:29:44,,23.9,,100.0,,23.9,,23.939,,119.3,,0.64,,0.57
2024-07-25 21:30:32,2024-07-25,21:30:32,24.3,,100.0,,24.3,,24.342,,326.1,,2.07,,1.11,
2024-07-25 21:30:48,2024-07-25,21:30:48,,23.9,,100.0,,23.9,,23.939,,126.5,,0.58,,0.47
2024-07-25 21:31:36,2024-07-25,21:31:36,24.3,,100.0,,24.3,,24.342,,331.7,,1.9,,1.02,
2024-07-25 21:31:52,2024-07-25,21:31:52,,23.8,,100.0,,23.8,,23.839,,139.2,,0.5,,0.49
2024-07-25 21:32:39,2024-07-25,21:32:39,24.2,,100.0,,24.2,,24.242,,321.6,,1.78,,1.6,
2024-07-25 21:32:55,2024-07-25,21:32:55,,23.8,,100.0,,23.8,,23.839,,194.9,,0.51,,0.38
2024-07-25 21:33:42,2024-07-25,21:33:42,24.2,,100.0,,24.2,,24.242,,317.1,,1.87,,1.35,
2024-07-25 21:33:58,2024-07-25,21:33:58,,23.9,,100.0,,23.9,,23.939,,237.4,,0.5,,0.41
2024-07-25 21:34:46,2024-07-25,21:34:46,24.3,,100.0,,24.3,,24.342,,321.0,,1.87,,1.08,
2024-07-25 21:35:02,2024-07-25,21:35:02,,23.9,,100.0,,23.9,,23.939,,228.9,,0.57,,0.52
2024-07-25 21:35:50,2024-07-25,21:35:50,24.3,,100.0,,24.3,,24.342,,326.2,,1.77,,1.34,
2024-07-25 21:36:06,2024-07-25,21:36:06,,23.9,,100.0,,23.9,,23.939,,229.9,,0.66,,0.58
2024-07-25 21:36:53,2024-07-25,21:36:53,24.3,,100.0,,24.3,,24.342,,327.3,,2.08,,1.4,
2024-07-25 21:37:09,2024-07-25,21:37:09,,23.9,,100.0,,23.9,,23.939,,234.2,,0.61,,0.51
2024-07-25 21:37:56,2024-07-25,21:37:56,24.3,,100.0,,24.3,,24.342,,325.9,,1.97,,1.26,
2024-07-25 21:38:12,2024-07-25,21:38:12,,24.0,,100.0,,24.0,,24.04,,246.0,,0.55,,0.47
2024-07-25 21:39:00,2024-07-25,21:39:00,24.3,,100.0,,24.3,,24.342,,328.0,,2.22,,1.25,
2024-07-25 21:39:16,2024-07-25,21:39:16,,24.0,,100.0,,24.0,,24.04,,261.7,,0.65,,0.59
2024-07-25 21:40:04,2024-07-25,21:40:04,24.4,,100.0,,24.4,,24.443,,325.2,,2.02,,1.41,
2024-07-25 21:40:20,2024-07-25,21:40:20,,24.0,,100.0,,24.0,,24.04,,248.7,,0.73,,0.67
2024-07-25 21:41:07,2024-07-25,21:41:07,24.4,,100.0,,24.4,,24.443,,321.7,,2.24,,1.49,
2024-07-25 21:41:23,2024-07-25,21:41:23,,24.0,,100.0,,24.0,,24.04,,253.0,,0.65,,0.5
2024-07-25 21:42:10,2024-07-25,21:42:10,24.4,,100.0,,24.4,,24.443,,324.0,,1.84,,0.9,
2024-07-25 21:42:26,2024-07-25,21:42:26,,24.0,,100.0,,24.0,,24.04,,262.9,,0.75,,0.62
2024-07-25 21:43:14,2024-07-25,21:43:14,24.4,,100.0,,24.4,,24.443,,335.5,,1.68,,1.15,
2024-07-25 21:43:30,2024-07-25,21:43:30,,24.0,,100.0,,24.0,,24.04,,266.7,,0.7,,0.62
2024-07-25 21:44:18,2024-07-25,21:44:18,24.4,,100.0,,24.4,,24.443,,322.1,,1.64,,1.28,
2024-07-25 21:44:34,2024-07-25,21:44:34,,24.0,,100.0,,24.0,,24.04,,297.4,,0.75,,0.54
2024-07-25 21:45:21,2024-07-25,21:45:21,24.3,,100.0,,24.3,,24.342,,322.8,,1.78,,1.14,
2024-07-25 21:45:37,2024-07-25,21:45:37,,23.9,,100.0,,23.9,,23.939,,289.3,,1.09,,0.94
2024-07-25 21:46:24,2024-07-25,21:46:24,24.3,,100.0,,24.3,,24.342,,326.8,,1.89,,1.13,
2024-07-25 21:46:41,2024-07-25,21:46:41,,23.8,,100.0,,23.8,,23.839,,295.5,,1.06,,0.93
2024-07-25 21:47:28,2024-07-25,21:47:28,24.3,,100.0,,24.3,,24.342,,322.6,,1.9,,1.4,
2024-07-25 21:47:44,2024-07-25,21:47:44,,23.9,,100.0,,23.9,,23.939,,296.3,,1.36,,0.91
2024-07-25 21:48:32,2024-07-25,21:48:32,24.3,,100.0,,24.3,,24.342,,321.5,,2.0,,1.48,
2024-07-25 21:48:48,2024-07-25,21:48:48,,23.9,,100.0,,23.9,,23.939,,284.0,,1.17,,1.04
2024-07-25 21:49:35,2024-07-25,21:49:35,24.3,,100.0,,24.3,,24.342,,326.1,,2.05,,0.9,
2024-07-25 21:49:52,2024-07-25,21:49:52,,23.9,,100.0,,23.9,,23.939,,303.2,,1.03,,0.55
2024-07-25 21:50:39,2024-07-25,21:50:39,24.3,,100.0,,24.3,,24.342,,329.3,,1.88,,1.07,
2024-07-25 21:50:55,2024-07-25,21:50:55,,23.9,,100.0,,23.9,,23.939,,306.7,,1.02,,0.59
2024-07-25 21:51:42,2024-07-25,21:51:42,24.2,,100.0,,24.2,,24.242,,324.0,,1.94,,1.12,
2024-07-25 21:51:58,2024-07-25,21:51:58,,23.9,,100.0,,23.9,,23.939,,329.6,,1.04,,0.84
2024-07-25 21:52:46,2024-07-25,21:52:46,24.2,,100.0,,24.2,,24.242,,314.6,,2.17,,1.32,
2024-07-25 21:53:02,2024-07-25,21:53:02,,23.8,,100.0,,23.8,,23.839,,301.3,,1.05,,0.63
2024-07-25 21:53:50,2024-07-25,21:53:50,24.1,,100.0,,24.1,,24.141,,331.3,,1.9,,1.27,
2024-07-25 21:54:06,2024-07-25,21:54:06,,23.8,,100.0,,23.8,,23.839,,331.7,,1.15,,1.04
2024-07-25 21:54:53,2024-07-25,21:54:53,24.0,,100.0,,24.0,,24.04,,325.8,,1.92,,1.46,
2024-07-25 21:55:09,2024-07-25,21:55:09,,23.7,,100.0,,23.7,,23.738,,336.8,,1.03,,0.67
2024-07-25 21:55:56,2024-07-25,21:55:56,24.0,,100.0,,24.0,,24.04,,330.3,,2.13,,1.58,
2024-07-25 21:56:12,2024-07-25,21:56:12,,23.7,,100.0,,23.7,,23.738,,334.8,,1.21,,0.56
2024-07-25 21:57:00,2024-07-25,21:57:00,24.0,,100.0,,24.0,,24.04,,324.5,,2.02,,1.65,
2024-07-25 21:57:16,2024-07-25,21:57:16,,23.7,,100.0,,23.7,,23.738,,328.8,,1.09,,0.72
2024-07-25 21:58:04,2024-07-25,21:58:04,24.0,,100.0,,24.0,,24.04,,321.7,,1.71,,1.28,
2024-07-25 21:58:20,2024-07-25,21:58:20,,23.7,,100.0,,23.7,,23.738,,344.6,,1.39,,0.82
2024-07-25 21:59:07,2024-07-25,21:59:07,24.0,,100.0,,24.0,,24.04,,327.3,,1.97,,1.16,
2024-07-25 21:59:23,2024-07-25,21:59:23,,23.7,,100.0,,23.7,,23.738,,335.1,,1.11,,0.72
2024-07-25 22:00:10,2024-07-25,22:00:10,24.0,,100.0,,24.0,,24.04,,328.1,,1.7,,1.04,
2024-07-25 22:00:26,2024-07-25,22:00:26,,23.7,,100.0,,23.7,,23.738,,330.5,,0.81,,0.61
2024-07-25 22:01:14,2024-07-25,22:01:14,23.9,,100.0,,23.9,,23.939,,328.9,,1.79,,1.24,
2024-07-25 22:01:30,2024-07-25,22:01:30,,23.7,,100.0,,23.7,,23.738,,317.2,,1.05,,0.88
2024-07-25 22:02:18,2024-07-25,22:02:18,23.9,,100.0,,23.9,,23.939,,328.3,,1.96,,1.41,
2024-07-25 22:02:34,2024-07-25,22:02:34,,23.7,,100.0,,23.7,,23.738,,326.6,,0.95,,0.6
2024-07-25 22:03:21,2024-07-25,22:03:21,23.9,,100.0,,23.9,,23.939,,320.4,,1.84,,1.37,
2024-07-25 22:03:37,2024-07-25,22:03:37,,23.7,,100.0,,23.7,,23.738,,335.2,,0.92,,0.64
2024-07-25 22:04:24,2024-07-25,22:04:24,23.9,,100.0,,23.9,,23.939,,334.4,,1.78,,1.14,
2024-07-25 22:04:40,2024-07-25,22:04:40,,23.7,,100.0,,23.7,,23.738,,299.2,,0.92,,0.63
2024-07-25 22:05:28,2024-07-25,22:05:28,23.9,,100.0,,23.9,,23.939,,324.2,,1.91,,1.45,
2024-07-25 22:05:44,2024-07-25,22:05:44,,23.7,,100.0,,23.7,,23.738,,299.4,,1.23,,0.76
2024-07-25 22:06:32,2024-07-25,22:06:32,23.9,,100.0,,23.9,,23.939,,324.7,,1.82,,1.21,
2024-07-25 22:06:48,2024-07-25,22:06:48,,23.7,,100.0,,23.7,,23.738,,347.5,,1.09,,0.77
2024-07-25 22:07:35,2024-07-25,22:07:35,23.9,,100.0,,23.9,,23.939,,326.4,,2.01,,1.56,
2024-07-25 22:07:52,2024-07-25,22:07:52,,23.7,,100.0,,23.7,,23.738,,314.2,,0.93,,0.69
2024-07-25 22:08:38,2024-07-25,22:08:38,23.9,,100.0,,23.9,,23.939,,323.4,,2.19,,1.39,
2024-07-25 22:08:54,2024-07-25,22:08:54,,23.7,,100.0,,23.7,,23.738,,316.2,,1.15,,1.02
2024-07-25 22:09:42,2024-07-25,22:09:42,23.9,,100.0,,23.9,,23.939,,323.7,,2.18,,1.47,
2024-07-25 22:09:58,2024-07-25,22:09:58,,23.8,,100.0,,23.8,,23.839,,318.5,,1.22,,0.7
2024-07-25 22:10:46,2024-07-25,22:10:46,23.9,,100.0,,23.9,,23.939,,326.4,,2.36,,1.5,
2024-07-25 22:11:02,2024-07-25,22:11:02,,23.8,,100.0,,23.8,,23.839,,308.4,,1.28,,0.91
2024-07-25 22:11:49,2024-07-25,22:11:49,23.9,,100.0,,23.9,,23.939,,317.6,,2.05,,1.15,
2024-07-25 22:12:06,2024-07-25,22:12:06,,23.8,,100.0,,23.8,,23.839,,321.6,,1.3,,1.14
2024-07-25 22:12:52,2024-07-25,22:12:52,23.9,,100.0,,23.9,,23.939,,319.7,,2.06,,1.46,
2024-07-25 22:13:09,2024-07-25,22:13:09,,23.8,,100.0,,23.8,,23.839,,317.5,,1.41,,1.1
2024-07-25 22:13:56,2024-07-25,22:13:56,23.8,,100.0,,23.8,,23.839,,323.6,,2.23,,1.59,
2024-07-25 22:14:12,2024-07-25,22:14:12,,23.8,,100.0,,23.8,,23.839,,309.5,,1.3,,0.9
2024-07-25 22:15:00,2024-07-25,22:15:00,23.8,,100.0,,23.8,,23.839,,316.2,,2.09,,1.46,
2024-07-25 22:15:16,2024-07-25,22:15:16,,23.7,,100.0,,23.7,,23.738,,287.1,,1.13,,0.84
2024-07-25 22:16:03,2024-07-25,22:16:03,23.8,,100.0,,23.8,,23.839,,320.6,,2.26,,1.64,
2024-07-25 22:16:20,2024-07-25,22:16:20,,23.7,,100.0,,23.7,,23.738,,284.0,,1.49,,0.65
2024-07-25 22:17:06,2024-07-25,22:17:06,23.9,,100.0,,23.9,,23.939,,326.0,,2.1,,1.7,
2024-07-25 22:17:23,2024-07-25,22:17:23,,23.7,,100.0,,23.7,,23.738,,275.3,,1.45,,1.28
2024-07-25 22:18:10,2024-07-25,22:18:10,23.8,,100.0,,23.8,,23.839,,328.4,,2.05,,1.39,
2024-07-25 22:18:26,2024-07-25,22:18:26,,23.7,,100.0,,23.7,,23.738,,271.3,,1.19,,0.89
2024-07-25 22:19:14,2024-07-25,22:19:14,23.9,,100.0,,23.8,,23.839,,325.7,,2.11,,1.75,
2024-07-25 22:19:30,2024-07-25,22:19:30,,23.6,,100.0,,23.6,,23.637,,254.2,,1.24,,0.96
2024-07-25 22:20:17,2024-07-25,22:20:17,23.8,,100.0,,23.8,,23.839,,332.7,,2.07,,1.49,
2024-07-25 22:20:34,2024-07-25,22:20:34,,23.6,,100.0,,23.6,,23.637,,254.6,,1.37,,0.98
2024-07-25 22:21:20,2024-07-25,22:21:20,23.8,,100.0,,23.8,,23.839,,325.5,,2.12,,1.44,
2024-07-25 22:21:37,2024-07-25,22:21:37,,23.6,,100.0,,23.6,,23.637,,256.3,,1.42,,1.13
2024-07-25 22:22:24,2024-07-25,22:22:24,23.7,,100.0,,23.7,,23.738,,332.1,,1.93,,0.82,
2024-07-25 22:22:40,2024-07-25,22:22:40,,23.5,,100.0,,23.5,,23.537,,255.9,,1.25,,1.06
2024-07-25 22:23:28,2024-07-25,22:23:28,23.7,,100.0,,23.7,,23.738,,335.9,,1.75,,0.88,
2024-07-25 22:23:44,2024-07-25,22:23:44,,23.5,,100.0,,23.5,,23.537,,243.1,,1.54,,1.12
2024-07-25 22:24:31,2024-07-25,22:24:31,23.7,,100.0,,23.7,,23.738,,324.2,,2.08,,1.02,
2024-07-25 22:24:48,2024-07-25,22:24:48,,23.5,,100.0,,23.5,,23.537,,242.4,,1.56,,1.33
2024-07-25 22:25:34,2024-07-25,22:25:34,23.6,,100.0,,23.6,,23.637,,335.0,,1.92,,0.76,
2024-07-25 22:25:51,2024-07-25,22:25:51,,23.4,,100.0,,23.4,,23.436,,251.4,,1.62,,1.32
2024-07-25 22:26:38,2024-07-25,22:26:38,23.6,,100.0,,23.6,,23.637,,328.5,,2.11,,1.07,
2024-07-25 22:26:54,2024-07-25,22:26:54,,23.4,,100.0,,23.4,,23.436,,235.6,,1.85,,1.37
2024-07-25 22:27:42,2024-07-25,22:27:42,23.6,,100.0,,23.6,,23.637,,327.4,,1.94,,1.17,
2024-07-25 22:27:58,2024-07-25,22:27:58,,23.4,,100.0,,23.4,,23.436,,243.1,,1.91,,1.61
2024-07-25 22:28:45,2024-07-25,22:28:45,23.6,,100.0,,23.6,,23.637,,339.8,,1.79,,0.86,
2024-07-25 22:29:02,2024-07-25,22:29:02,,23.4,,100.0,,23.4,,23.436,,245.8,,2.25,,1.85
2024-07-25 22:29:48,2024-07-25,22:29:48,23.6,,100.0,,23.6,,23.637,,340.0,,1.73,,0.94,
2024-07-25 22:30:05,2024-07-25,22:30:05,,23.4,,100.0,,23.4,,23.436,,242.6,,1.84,,1.44
2024-07-25 22:30:52,2024-07-25,22:30:52,23.6,,100.0,,23.6,,23.637,,346.4,,1.72,,0.85,
2024-07-25 22:31:08,2024-07-25,22:31:08,,23.4,,100.0,,23.4,,23.436,,234.6,,2.31,,1.51
2024-07-25 22:31:56,2024-07-25,22:31:56,23.6,,100.0,,23.6,,23.637,,338.6,,1.73,,0.91,
2024-07-25 22:32:12,2024-07-25,22:32:12,,23.4,,100.0,,23.4,,23.436,,231.1,,1.98,,1.46
2024-07-25 22:32:59,2024-07-25,22:32:59,23.6,,100.0,,23.6,,23.637,,322.3,,1.82,,0.93,
2024-07-25 22:33:16,2024-07-25,22:33:16,,23.3,,100.0,,23.3,,23.335,,253.8,,1.85,,1.0
2024-07-25 22:34:02,2024-07-25,22:34:02,23.6,,100.0,,23.6,,23.637,,327.5,,2.31,,1.48,
2024-07-25 22:34:19,2024-07-25,22:34:19,,23.3,,100.0,,23.3,,23.335,,236.1,,1.66,,1.5
2024-07-25 22:35:06,2024-07-25,22:35:06,23.6,,100.0,,23.6,,23.637,,330.4,,2.17,,1.21,
2024-07-25 22:35:22,2024-07-25,22:35:22,,23.3,,100.0,,23.3,,23.335,,248.1,,1.78,,1.4
2024-07-25 22:36:10,2024-07-25,22:36:10,23.6,,100.0,,23.6,,23.637,,334.2,,2.16,,1.25,
2024-07-25 22:36:26,2024-07-25,22:36:26,,23.3,,100.0,,23.3,,23.335,,256.5,,1.6,,1.18
2024-07-25 22:37:13,2024-07-25,22:37:13,23.6,,100.0,,23.6,,23.637,,328.0,,2.02,,1.19,
2024-07-25 22:37:30,2024-07-25,22:37:30,,23.3,,100.0,,23.3,,23.335,,266.9,,1.78,,1.2
2024-07-25 22:38:16,2024-07-25,22:38:16,23.6,,100.0,,23.6,,23.637,,336.8,,2.33,,1.32,
2024-07-25 22:38:33,2024-07-25,22:38:33,,23.2,,100.0,,23.2,,23.234,,264.9,,1.17,,0.75
2024-07-25 22:39:20,2024-07-25,22:39:20,23.5,,100.0,,23.5,,23.537,,327.8,,2.25,,1.26,
2024-07-25 22:39:36,2024-07-25,22:39:36,,23.2,,100.0,,23.2,,23.234,,263.9,,1.31,,0.86
2024-07-25 22:40:24,2024-07-25,22:40:24,23.5,,100.0,,23.5,,23.537,,329.1,,1.95,,0.93,
2024-07-25 22:40:40,2024-07-25,22:40:40,,23.1,,100.0,,23.1,,23.134,,292.3,,1.39,,1.16
2024-07-25 22:41:27,2024-07-25,22:41:27,23.5,,100.0,,23.5,,23.537,,325.4,,1.68,,1.16,
2024-07-25 22:41:44,2024-07-25,22:41:44,,23.1,,100.0,,23.1,,23.134,,289.6,,1.02,,0.9
2024-07-25 22:42:30,2024-07-25,22:42:30,23.5,,100.0,,23.5,,23.537,,308.0,,1.75,,0.95,
2024-07-25 22:42:47,2024-07-25,22:42:47,,23.1,,100.0,,23.1,,23.134,,296.7,,1.09,,0.76
2024-07-25 22:43:34,2024-07-25,22:43:34,23.5,,100.0,,23.5,,23.537,,326.6,,1.99,,0.99,
2024-07-25 22:43:50,2024-07-25,22:43:50,,23.1,,100.0,,23.1,,23.134,,278.6,,1.06,,0.92
2024-07-25 22:44:38,2024-07-25,22:44:38,23.5,,100.0,,23.5,,23.537,,323.5,,1.53,,1.0,
2024-07-25 22:44:54,2024-07-25,22:44:54,,23.1,,100.0,,23.1,,23.134,,257.5,,1.15,,1.01
2024-07-25 22:45:41,2024-07-25,22:45:41,23.5,,100.0,,23.5,,23.537,,328.7,,1.72,,1.17,
2024-07-25 22:45:58,2024-07-25,22:45:58,,23.0,,100.0,,23.0,,23.033,,257.4,,1.08,,0.85
2024-07-25 22:46:44,2024-07-25,22:46:44,23.4,,100.0,,23.4,,23.436,,332.0,,1.88,,1.08,
2024-07-25 22:47:01,2024-07-25,22:47:01,,23.0,,100.0,,23.0,,23.033,,262.1,,1.21,,0.79
2024-07-25 22:47:48,2024-07-25,22:47:48,23.4,,100.0,,23.4,,23.436,,336.1,,1.63,,1.11,
2024-07-25 22:48:04,2024-07-25,22:48:04,,23.0,,100.0,,23.0,,23.033,,274.3,,1.12,,0.8
2024-07-25 22:48:52,2024-07-25,22:48:52,23.3,,100.0,,23.3,,23.335,,320.9,,1.76,,1.22,
2024-07-25 22:49:08,2024-07-25,22:49:08,,22.9,,100.0,,22.9,,22.932,,304.7,,1.35,,1.14
2024-07-25 22:49:55,2024-07-25,22:49:55,23.3,,100.0,,23.3,,23.335,,333.6,,2.22,,1.47,
2024-07-25 22:50:12,2024-07-25,22:50:12,,22.9,,100.0,,22.9,,22.932,,290.3,,1.37,,1.29
2024-07-25 22:50:58,2024-07-25,22:50:58,23.4,,100.0,,23.4,,23.436,,322.9,,2.02,,1.36,
2024-07-25 22:51:15,2024-07-25,22:51:15,,23.0,,100.0,,23.0,,23.033,,326.5,,1.39,,0.28
2024-07-25 22:52:02,2024-07-25,22:52:02,23.4,,100.0,,23.4,,23.436,,328.9,,1.67,,0.68,
2024-07-25 22:52:18,2024-07-25,22:52:18,,23.0,,100.0,,23.0,,23.033,,321.9,,0.91,,0.66
2024-07-25 22:53:06,2024-07-25,22:53:06,23.4,,100.0,,23.4,,23.436,,334.1,,2.27,,1.0,
2024-07-25 22:53:22,2024-07-25,22:53:22,,23.0,,100.0,,23.0,,23.033,,290.1,,1.54,,1.0
2024-07-25 22:54:09,2024-07-25,22:54:09,23.4,,100.0,,23.4,,23.436,,318.8,,1.97,,1.47,
2024-07-25 22:54:26,2024-07-25,22:54:26,,23.0,,100.0,,23.0,,23.033,,314.9,,1.42,,1.02
2024-07-25 22:55:12,2024-07-25,22:55:12,23.4,,100.0,,23.4,,23.436,,325.5,,1.66,,1.22,
2024-07-25 22:55:29,2024-07-25,22:55:29,,23.0,,100.0,,23.0,,23.033,,262.3,,0.98,,0.74
2024-07-25 22:56:16,2024-07-25,22:56:16,23.4,,100.0,,23.4,,23.436,,322.7,,1.98,,1.55,
2024-07-25 22:56:32,2024-07-25,22:56:32,,23.0,,100.0,,23.0,,23.033,,292.7,,1.57,,1.32
2024-07-25 22:57:20,2024-07-25,22:57:20,23.5,,100.0,,23.5,,23.537,,334.3,,1.77,,1.15,
2024-07-25 22:57:36,2024-07-25,22:57:36,,23.0,,100.0,,23.0,,23.033,,282.1,,1.75,,1.08
2024-07-25 22:58:23,2024-07-25,22:58:23,23.5,,100.0,,23.5,,23.537,,325.6,,1.79,,1.14,
2024-07-25 22:58:40,2024-07-25,22:58:40,,23.1,,100.0,,23.1,,23.134,,277.4,,1.66,,1.36
2024-07-25 22:59:43,2024-07-25,22:59:43,,23.1,,100.0,,23.1,,23.134,,274.5,,1.41,,0.75
2024-07-25 22:59:55,2024-07-25,22:59:55,23.5,,100.0,,23.5,,23.537,,329.4,,1.7,,1.12,
2024-07-25 23:00:46,2024-07-25,23:00:46,,23.1,,100.0,,23.1,,23.134,,257.1,,1.26,,0.89
2024-07-25 23:00:58,2024-07-25,23:00:58,23.5,,100.0,,23.5,,23.537,,327.5,,1.77,,1.14,
2024-07-25 23:01:50,2024-07-25,23:01:50,,23.0,,100.0,,23.0,,23.033,,254.3,,1.18,,0.91
2024-07-25 23:02:01,2024-07-25,23:02:01,23.5,,100.0,,23.5,,23.537,,326.7,,1.7,,1.25,
2024-07-25 23:02:54,2024-07-25,23:02:54,,23.0,,100.0,,23.0,,23.033,,251.2,,1.38,,1.21
2024-07-25 23:03:04,2024-07-25,23:03:04,23.4,,100.0,,23.4,,23.436,,322.4,,1.7,,0.81,
2024-07-25 23:03:57,2024-07-25,23:03:57,,23.0,,100.0,,23.0,,23.033,,251.1,,1.42,,0.9
2024-07-25 23:04:08,2024-07-25,23:04:08,23.3,,100.0,,23.3,,23.335,,340.5,,1.72,,0.8,
2024-07-25 23:05:00,2024-07-25,23:05:00,,23.0,,100.0,,23.0,,23.033,,252.3,,1.11,,0.86
2024-07-25 23:05:12,2024-07-25,23:05:12,23.3,,100.0,,23.3,,23.335,,330.0,,1.65,,1.15,
2024-07-25 23:06:04,2024-07-25,23:06:04,,22.9,,100.0,,22.9,,22.932,,246.2,,0.94,,0.77
2024-07-25 23:06:16,2024-07-25,23:06:16,23.3,,100.0,,23.3,,23.335,,336.6,,2.2,,0.93,
2024-07-25 23:07:08,2024-07-25,23:07:08,,22.9,,100.0,,22.9,,22.932,,264.0,,1.55,,1.06
2024-07-25 23:07:18,2024-07-25,23:07:18,23.2,,100.0,,23.2,,23.234,,319.9,,1.69,,1.29,
2024-07-25 23:08:11,2024-07-25,23:08:11,,22.9,,100.0,,22.9,,22.932,,239.3,,1.23,,0.98
2024-07-25 23:08:22,2024-07-25,23:08:22,23.2,,100.0,,23.2,,23.234,,335.0,,1.83,,0.84,
2024-07-25 23:09:14,2024-07-25,23:09:14,,22.9,,100.0,,22.9,,22.932,,238.7,,1.67,,1.09
2024-07-25 23:09:26,2024-07-25,23:09:26,23.2,,100.0,,23.2,,23.234,,325.6,,1.85,,1.0,
2024-07-25 23:10:18,2024-07-25,23:10:18,,22.9,,100.0,,22.9,,22.932,,246.7,,1.39,,1.17
2024-07-25 23:10:30,2024-07-25,23:10:30,23.2,,100.0,,23.2,,23.234,,334.1,,1.94,,0.99,
2024-07-25 23:11:22,2024-07-25,23:11:22,,22.9,,100.0,,22.9,,22.932,,241.3,,1.72,,1.43
2024-07-25 23:11:33,2024-07-25,23:11:33,23.2,,100.0,,23.2,,23.234,,336.0,,1.73,,0.99,
2024-07-25 23:12:25,2024-07-25,23:12:25,,22.9,,100.0,,22.9,,22.932,,242.5,,1.57,,1.24
2024-07-25 23:12:36,2024-07-25,23:12:36,23.1,,100.0,,23.1,,23.134,,331.6,,2.28,,1.35,
2024-07-25 23:13:28,2024-07-25,23:13:28,,22.9,,100.0,,22.9,,22.932,,264.5,,1.33,,1.04
2024-07-25 23:13:40,2024-07-25,23:13:40,23.1,,100.0,,23.1,,23.134,,332.1,,2.35,,1.47,
2024-07-25 23:14:32,2024-07-25,23:14:32,,22.9,,100.0,,22.9,,22.932,,280.9,,1.56,,1.09
2024-07-25 23:14:44,2024-07-25,23:14:44,23.1,,100.0,,23.1,,23.134,,329.9,,2.19,,1.44,
2024-07-25 23:15:36,2024-07-25,23:15:36,,22.9,,100.0,,22.9,,22.932,,327.3,,1.59,,0.89
2024-07-25 23:15:47,2024-07-25,23:15:47,23.1,,100.0,,23.1,,23.134,,328.2,,2.13,,1.24,
2024-07-25 23:16:39,2024-07-25,23:16:39,,22.9,,100.0,,22.9,,22.932,,300.9,,1.14,,1.04
2024-07-25 23:16:50,2024-07-25,23:16:50,23.1,,100.0,,23.1,,23.134,,321.4,,2.06,,1.49,
2024-07-25 23:17:42,2024-07-25,23:17:42,,22.9,,100.0,,22.9,,22.932,,344.4,,1.26,,0.64
2024-07-25 23:17:54,2024-07-25,23:17:54,23.2,,100.0,,23.2,,23.234,,24.9,,1.73,,0.23,
2024-07-25 23:18:46,2024-07-25,23:18:46,,22.8,,100.0,,22.8,,22.832,,318.7,,1.32,,1.12
2024-07-25 23:18:58,2024-07-25,23:18:58,23.2,,100.0,,23.2,,23.234,,1.4,,0.45,,0.23,
2024-07-25 23:19:50,2024-07-25,23:19:50,,22.8,,100.0,,22.8,,22.832,,305.1,,1.05,,0.47
2024-07-25 23:20:01,2024-07-25,23:20:01,23.2,,100.0,,23.1,,23.134,,2.8,,0.35,,0.15,
2024-07-25 23:20:53,2024-07-25,23:20:53,,22.8,,100.0,,22.8,,22.832,,315.6,,1.71,,1.61
2024-07-25 23:21:04,2024-07-25,23:21:04,23.2,,100.0,,23.1,,23.134,,320.1,,0.33,,0.29,
2024-07-25 23:21:56,2024-07-25,23:21:56,,22.9,,100.0,,22.9,,22.932,,301.2,,1.41,,0.94
2024-07-25 23:22:08,2024-07-25,23:22:08,23.2,,100.0,,23.2,,23.234,,322.8,,0.41,,0.14,
2024-07-25 23:23:00,2024-07-25,23:23:00,,22.9,,100.0,,22.9,,22.932,,308.3,,0.97,,0.5
2024-07-25 23:23:12,2024-07-25,23:23:12,23.2,,100.0,,23.2,,23.234,,6.5,,0.28,,0.17,
2024-07-25 23:24:04,2024-07-25,23:24:04,,22.9,,100.0,,22.9,,22.932,,261.9,,1.18,,0.72
2024-07-25 23:24:15,2024-07-25,23:24:15,23.3,,100.0,,23.3,,23.335,,322.6,,0.45,,0.41,
2024-07-25 23:25:07,2024-07-25,23:25:07,,22.9,,100.0,,22.9,,22.932,,271.7,,1.35,,1.02
2024-07-25 23:25:18,2024-07-25,23:25:18,23.3,,100.0,,23.3,,23.335,,339.6,,0.56,,0.33,
2024-07-25 23:26:10,2024-07-25,23:26:10,,22.9,,100.0,,22.9,,22.932,,286.9,,1.34,,0.79
2024-07-25 23:26:22,2024-07-25,23:26:22,23.3,,100.0,,23.3,,23.335,,332.7,,0.45,,0.3,
2024-07-25 23:27:14,2024-07-25,23:27:14,,22.9,,100.0,,22.9,,22.932,,281.8,,1.74,,0.42
2024-07-25 23:27:26,2024-07-25,23:27:26,23.4,,100.0,,23.4,,23.436,,340.9,,0.38,,0.27,
2024-07-25 23:28:18,2024-07-25,23:28:18,,22.9,,100.0,,22.9,,22.932,,323.6,,0.94,,0.62
2024-07-25 23:28:29,2024-07-25,23:28:29,23.4,,100.0,,23.4,,23.436,,2.0,,0.35,,0.05,
2024-07-25 23:29:21,2024-07-25,23:29:21,,22.9,,100.0,,22.9,,22.932,,286.7,,1.25,,0.86
2024-07-25 23:29:33,2024-07-25,23:29:33,23.4,,100.0,,23.4,,23.436,,2.0,,0.2,,0.13,
2024-07-25 23:30:24,2024-07-25,23:30:24,,22.9,,100.0,,22.9,,22.932,,352.8,,0.91,,0.52
2024-07-25 23:30:36,2024-07-25,23:30:36,23.4,,100.0,,23.4,,23.436,,118.7,,0.23,,0.06,
2024-07-25 23:31:28,2024-07-25,23:31:28,,22.9,,100.0,,22.9,,22.932,,307.3,,1.47,,0.32
2024-07-25 23:31:40,2024-07-25,23:31:40,23.4,,100.0,,23.4,,23.436,,118.7,,0.14,,0.1,
2024-07-25 23:32:32,2024-07-25,23:32:32,,23.0,,100.0,,23.0,,23.033,,328.1,,1.29,,0.95
2024-07-25 23:32:43,2024-07-25,23:32:43,23.4,,100.0,,23.4,,23.436,,118.7,,0.21,,0.15,
2024-07-25 23:33:35,2024-07-25,23:33:35,,23.0,,100.0,,23.0,,23.033,,308.0,,1.2,,0.71
2024-07-25 23:33:46,2024-07-25,23:33:46,23.4,,100.0,,23.4,,23.436,,118.7,,0.17,,0.04,
2024-07-25 23:34:38,2024-07-25,23:34:38,,23.0,,100.0,,23.0,,23.033,,325.4,,1.13,,0.96
2024-07-25 23:34:50,2024-07-25,23:34:50,23.5,,100.0,,23.4,,23.436,,322.8,,0.32,,0.2,
2024-07-25 23:35:42,2024-07-25,23:35:42,,23.0,,100.0,,23.0,,23.033,,300.4,,1.03,,0.39
2024-07-25 23:35:54,2024-07-25,23:35:54,23.5,,100.0,,23.5,,23.537,,313.4,,0.35,,0.19,
2024-07-25 23:36:46,2024-07-25,23:36:46,,23.0,,100.0,,23.0,,23.033,,283.2,,0.94,,0.75
2024-07-25 23:36:57,2024-07-25,23:36:57,23.5,,100.0,,23.5,,23.537,,318.5,,0.3,,0.22,
2024-07-25 23:37:49,2024-07-25,23:37:49,,23.0,,100.0,,23.0,,23.033,,310.1,,1.05,,0.72
2024-07-25 23:38:00,2024-07-25,23:38:00,23.5,,100.0,,23.5,,23.537,,339.0,,0.47,,0.36,
2024-07-25 23:38:52,2024-07-25,23:38:52,,23.0,,100.0,,23.0,,23.033,,275.1,,1.03,,0.94
2024-07-25 23:39:04,2024-07-25,23:39:04,23.5,,100.0,,23.5,,23.537,,318.1,,0.68,,0.58,
2024-07-25 23:39:56,2024-07-25,23:39:56,,23.0,,100.0,,23.0,,23.033,,302.1,,1.57,,0.96
2024-07-25 23:40:08,2024-07-25,23:40:08,23.5,,100.0,,23.5,,23.537,,358.1,,0.51,,0.23,
2024-07-25 23:41:00,2024-07-25,23:41:00,,23.0,,100.0,,23.0,,23.033,,250.9,,1.33,,0.89
2024-07-25 23:41:11,2024-07-25,23:41:11,23.6,,100.0,,23.6,,23.637,,341.2,,0.46,,0.31,
2024-07-25 23:42:03,2024-07-25,23:42:03,,23.0,,100.0,,23.0,,23.033,,251.5,,0.96,,0.59
2024-07-25 23:42:14,2024-07-25,23:42:14,23.6,,100.0,,23.6,,23.637,,345.2,,0.2,,0.06,
2024-07-25 23:43:06,2024-07-25,23:43:06,,23.0,,100.0,,23.0,,23.033,,257.7,,1.45,,0.89
2024-07-25 23:43:18,2024-07-25,23:43:18,23.6,,100.0,,23.6,,23.637,,144.8,,0.3,,0.16,
2024-07-25 23:44:10,2024-07-25,23:44:10,,23.0,,100.0,,23.0,,23.033,,252.9,,1.13,,0.5
2024-07-25 23:44:22,2024-07-25,23:44:22,23.6,,100.0,,23.6,,23.637,,147.2,,0.31,,0.07,
2024-07-25 23:45:14,2024-07-25,23:45:14,,23.0,,100.0,,23.0,,23.033,,234.5,,1.19,,0.78
2024-07-25 23:45:25,2024-07-25,23:45:25,23.6,,100.0,,23.6,,23.637,,147.2,,0.13,,0.06,
2024-07-25 23:46:17,2024-07-25,23:46:17,,22.9,,100.0,,22.9,,22.932,,233.6,,1.05,,0.64
2024-07-25 23:46:28,2024-07-25,23:46:28,,,,,23.6,,,,147.2,,0.18,,0.15,
2024-07-25 23:47:20,2024-07-25,23:47:20,,22.9,,100.0,,22.9,,22.932,,259.8,,0.99,,0.85
2024-07-25 23:47:32,2024-07-25,23:47:32,23.6,,100.0,,23.6,,23.637,,147.2,,0.25,,0.17,
2024-07-25 23:48:24,2024-07-25,23:48:24,,22.9,,100.0,,22.9,,22.932,,237.4,,0.98,,0.75
2024-07-25 23:48:36,2024-07-25,23:48:36,23.6,,100.0,,23.6,,23.637,,147.2,,0.25,,0.1,
2024-07-25 23:49:28,2024-07-25,23:49:28,,22.9,,100.0,,22.9,,22.932,,224.0,,1.11,,0.73
2024-07-25 23:49:39,2024-07-25,23:49:39,23.6,,100.0,,23.6,,23.637,,148.7,,0.23,,0.04,
2024-07-25 23:50:31,2024-07-25,23:50:31,,22.9,,100.0,,22.9,,22.932,,227.9,,0.75,,0.55
2024-07-25 23:50:43,2024-07-25,23:50:43,23.7,,100.0,,23.7,,23.738,,148.7,,0.12,,0.05,
2024-07-25 23:51:34,2024-07-25,23:51:34,,22.8,,100.0,,22.8,,22.832,,237.0,,0.85,,0.78
2024-07-25 23:51:46,2024-07-25,23:51:46,23.7,,100.0,,23.7,,23.738,,148.7,,0.15,,0.05,
2024-07-25 23:52:38,2024-07-25,23:52:38,,22.8,,100.0,,22.8,,22.832,,244.8,,1.01,,0.82
2024-07-25 23:52:50,2024-07-25,23:52:50,23.7,,100.0,,23.7,,23.738,,148.7,,0.12,,0.05,
2024-07-25 23:53:42,2024-07-25,23:53:42,,22.9,,100.0,,22.9,,22.932,,232.8,,1.22,,0.97
2024-07-25 23:53:54,2024-07-25,23:53:54,23.7,,100.0,,23.7,,23.738,,148.7,,0.22,,0.14,
2024-07-25 23:54:45,2024-07-25,23:54:45,,22.9,,100.0,,22.9,,22.932,,232.1,,1.67,,0.85
2024-07-25 23:54:57,2024-07-25,23:54:57,23.7,,100.0,,23.7,,23.738,,122.2,,0.3,,0.21,
2024-07-25 23:55:48,2024-07-25,23:55:48,,22.9,,100.0,,22.9,,22.932,,217.3,,1.43,,1.0
2024-07-25 23:56:00,2024-07-25,23:56:00,23.7,,100.0,,23.7,,23.738,,157.9,,0.37,,0.23,
2024-07-25 23:56:52,2024-07-25,23:56:52,,22.9,,100.0,,22.9,,22.932,,211.4,,2.13,,1.44
2024-07-25 23:57:04,2024-07-25,23:57:04,23.8,,100.0,,23.8,,23.839,,140.6,,0.4,,0.24,
2024-07-25 23:57:56,2024-07-25,23:57:56,,22.9,,100.0,,22.9,,22.932,,218.7,,1.64,,0.86
2024-07-25 23:58:08,2024-07-25,23:58:08,23.8,,100.0,,23.8,,23.839,,14.9,,1.1,,0.24,
2024-07-25 23:58:59,2024-07-25,23:58:59,,22.9,,100.0,,22.9,,22.932,,257.4,,1.18,,0.76
2024-07-25 23:59:11,2024-07-25,23:59:11,23.7,,100.0,,23.7,,23.738,,308.7,,2.11,,0.92,
