datetime,date,hour,dew_point_in,dew_point_out,humidity_in,humidity_out,temperature_in,temperature_out,wet_bulb_in,wet_bulb_out,wind_dir_in,wind_dir_out,wind_gust_in,wind_gust_out,wind_speed_in,wind_speed_out
2024-06-13 00:00:50,2024-06-13,00:00:50,16.9,,61.7,,24.7,,19.481,,339.6,,2.23,,1.62,
2024-06-13 00:01:00,2024-06-13,00:01:00,,16.4,,61.6,,24.3,,19.105,,274.2,,3.13,,2.23
2024-06-13 00:01:54,2024-06-13,00:01:54,17.1,,63.3,,24.6,,19.62,,338.1,,2.0,,1.22,
2024-06-13 00:02:03,2024-06-13,00:02:03,,16.7,,62.5,,24.3,,19.233,,285.9,,2.72,,1.29
2024-06-13 00:02:58,2024-06-13,00:02:58,17.4,,64.5,,24.6,,19.792,,320.7,,1.59,,0.96,
2024-06-13 00:03:06,2024-06-13,00:03:06,,16.9,,63.1,,24.3,,19.319,,242.6,,1.99,,0.94
2024-06-13 00:04:01,2024-06-13,00:04:01,17.6,,65.3,,24.6,,19.905,,330.7,,1.47,,0.73,
2024-06-13 00:04:10,2024-06-13,00:04:10,,17.0,,63.7,,24.3,,19.404,,243.4,,2.03,,1.48
2024-06-13 00:05:04,2024-06-13,00:05:04,17.9,,66.1,,24.6,,20.019,,336.8,,1.85,,0.98,
2024-06-13 00:05:14,2024-06-13,00:05:14,,17.1,,64.2,,24.3,,19.475,,258.6,,1.57,,1.16
2024-06-13 00:06:08,2024-06-13,00:06:08,18.0,,67.3,,24.5,,20.096,,328.6,,1.9,,1.43,
2024-06-13 00:06:17,2024-06-13,00:06:17,,17.2,,64.7,,24.2,,19.454,,266.9,,2.14,,0.86
2024-06-13 00:07:12,2024-06-13,00:07:12,18.1,,67.9,,24.4,,20.088,,329.5,,1.89,,1.66,
2024-06-13 00:07:20,2024-06-13,00:07:20,,17.3,,65.1,,24.3,,19.602,,282.9,,2.49,,1.17
2024-06-13 00:08:15,2024-06-13,00:08:15,18.4,,69.2,,24.4,,20.269,,328.7,,1.78,,1.53,
2024-06-13 00:08:24,2024-06-13,00:08:24,,17.3,,65.6,,24.2,,19.581,,259.3,,2.84,,1.61
2024-06-13 00:09:18,2024-06-13,00:09:18,18.5,,69.9,,24.3,,20.274,,337.8,,2.08,,1.53,
2024-06-13 00:09:28,2024-06-13,00:09:28,,17.4,,66.0,,24.2,,19.637,,278.3,,2.77,,1.84
2024-06-13 00:10:22,2024-06-13,00:10:22,18.5,,70.3,,24.3,,20.329,,348.4,,1.6,,0.95,
2024-06-13 00:10:31,2024-06-13,00:10:31,,17.5,,66.4,,24.2,,19.693,,266.2,,3.74,,2.01
2024-06-13 00:11:26,2024-06-13,00:11:26,18.7,,70.6,,24.4,,20.464,,349.7,,1.84,,0.27,
2024-06-13 00:11:34,2024-06-13,00:11:34,,17.5,,66.8,,24.1,,19.657,,266.5,,3.08,,2.24
2024-06-13 00:12:29,2024-06-13,00:12:29,18.7,,71.0,,24.3,,20.426,,344.3,,1.97,,1.16,
2024-06-13 00:12:38,2024-06-13,00:12:38,,17.6,,67.0,,24.1,,19.685,,248.7,,2.86,,0.86
2024-06-13 00:13:32,2024-06-13,00:13:32,18.7,,71.0,,24.3,,20.426,,326.4,,2.29,,1.67,
2024-06-13 00:13:42,2024-06-13,00:13:42,,17.5,,67.1,,24.0,,19.606,,276.4,,1.66,,1.04
2024-06-13 00:14:36,2024-06-13,00:14:36,18.7,,71.4,,24.2,,20.388,,336.6,,1.86,,1.05,
2024-06-13 00:14:45,2024-06-13,00:14:45,,17.5,,67.2,,24.0,,19.62,,279.8,,1.88,,1.03
2024-06-13 00:15:40,2024-06-13,00:15:40,18.8,,71.9,,24.2,,20.457,,332.3,,1.83,,1.33,
2024-06-13 00:15:48,2024-06-13,00:15:48,,17.5,,67.3,,24.0,,19.634,,309.4,,1.16,,0.67
2024-06-13 00:16:43,2024-06-13,00:16:43,18.9,,72.1,,24.2,,20.485,,335.9,,1.91,,0.68,
2024-06-13 00:16:52,2024-06-13,00:16:52,,17.6,,67.4,,24.0,,19.648,,305.7,,1.51,,0.85
2024-06-13 00:17:46,2024-06-13,00:17:46,18.8,,72.1,,24.1,,20.391,,345.1,,1.64,,1.13,
2024-06-13 00:17:56,2024-06-13,00:17:56,,17.6,,67.4,,24.0,,19.648,,323.1,,1.2,,0.8
2024-06-13 00:18:50,2024-06-13,00:18:50,18.8,,72.3,,24.1,,20.418,,341.3,,1.54,,0.98,
2024-06-13 00:18:59,2024-06-13,00:18:59,,17.5,,67.4,,23.9,,19.556,,35.9,,1.01,,0.51
2024-06-13 00:19:54,2024-06-13,00:19:54,18.8,,72.4,,24.1,,20.432,,323.3,,1.93,,1.27,
2024-06-13 00:20:02,2024-06-13,00:20:02,,17.5,,67.4,,23.9,,19.556,,45.1,,1.04,,0.92
2024-06-13 00:20:57,2024-06-13,00:20:57,18.7,,72.5,,24.0,,20.352,,338.4,,1.85,,0.91,
2024-06-13 00:21:06,2024-06-13,00:21:06,,17.4,,67.3,,23.9,,19.542,,40.8,,1.1,,0.65
2024-06-13 00:22:00,2024-06-13,00:22:00,18.9,,73.1,,24.0,,20.434,,329.4,,1.7,,1.21,
2024-06-13 00:22:10,2024-06-13,00:22:10,,17.4,,67.3,,23.9,,19.542,,12.7,,1.08,,0.68
2024-06-13 00:23:04,2024-06-13,00:23:04,18.8,,73.0,,23.9,,20.326,,317.1,,1.85,,1.38,
2024-06-13 00:23:13,2024-06-13,00:23:13,,17.3,,67.3,,23.8,,19.45,,355.3,,1.08,,0.96
2024-06-13 00:24:08,2024-06-13,00:24:08,18.8,,73.2,,23.9,,20.354,,317.8,,2.47,,1.35,
2024-06-13 00:24:16,2024-06-13,00:24:16,,17.3,,67.3,,23.8,,19.45,,346.1,,1.14,,1.03
2024-06-13 00:25:11,2024-06-13,00:25:11,18.8,,73.0,,23.9,,20.326,,323.4,,2.22,,1.31,
2024-06-13 00:25:20,2024-06-13,00:25:20,,17.3,,67.3,,23.8,,19.45,,341.4,,1.19,,1.09
2024-06-13 00:26:14,2024-06-13,00:26:14,18.7,,72.6,,23.9,,20.272,,319.2,,2.91,,1.89,
2024-06-13 00:26:24,2024-06-13,00:26:24,,17.4,,67.4,,23.8,,19.463,,336.3,,1.51,,1.37
2024-06-13 00:27:18,2024-06-13,00:27:18,18.6,,72.5,,23.9,,20.258,,317.5,,2.49,,1.47,
2024-06-13 00:27:27,2024-06-13,00:27:27,,17.3,,67.4,,23.7,,19.371,,320.4,,1.59,,1.29
2024-06-13 00:28:22,2024-06-13,00:28:22,18.4,,72.1,,23.8,,20.109,,317.9,,2.17,,1.17,
2024-06-13 00:28:30,2024-06-13,00:28:30,,17.3,,67.6,,23.7,,19.399,,309.8,,1.86,,1.22
2024-06-13 00:29:25,2024-06-13,00:29:25,18.5,,72.3,,23.8,,20.137,,316.7,,1.98,,1.78,
2024-06-13 00:29:34,2024-06-13,00:29:34,,17.4,,67.8,,23.7,,19.426,,307.1,,2.34,,1.68
2024-06-13 00:30:28,2024-06-13,00:30:28,18.6,,72.6,,23.8,,20.178,,324.7,,2.12,,1.66,
2024-06-13 00:30:38,2024-06-13,00:30:38,,17.4,,67.9,,23.7,,19.44,,320.9,,2.46,,1.95
2024-06-13 00:31:32,2024-06-13,00:31:32,18.5,,72.8,,23.8,,20.205,,321.9,,2.39,,1.78,
2024-06-13 00:31:41,2024-06-13,00:31:41,,17.3,,68.1,,23.6,,19.375,,312.7,,2.66,,1.92
2024-06-13 00:32:36,2024-06-13,00:32:36,18.7,,73.6,,23.7,,20.22,,318.8,,2.63,,1.68,
2024-06-13 00:32:44,2024-06-13,00:32:44,,17.4,,68.5,,23.6,,19.43,,304.5,,2.84,,2.62
2024-06-13 00:33:39,2024-06-13,00:33:39,18.9,,74.5,,23.7,,20.342,,323.8,,2.15,,1.44,
2024-06-13 00:33:48,2024-06-13,00:33:48,,17.5,,68.6,,23.6,,19.444,,264.0,,2.97,,1.19
2024-06-13 00:34:42,2024-06-13,00:34:42,19.1,,75.0,,23.8,,20.504,,334.5,,1.81,,1.02,
2024-06-13 00:34:52,2024-06-13,00:34:52,,17.5,,68.8,,23.6,,19.471,,299.2,,1.98,,1.65
2024-06-13 00:35:46,2024-06-13,00:35:46,19.1,,75.0,,23.8,,20.504,,334.4,,1.79,,1.27,
2024-06-13 00:35:55,2024-06-13,00:35:55,,17.7,,69.0,,23.7,,19.591,,263.4,,2.58,,2.06
2024-06-13 00:36:50,2024-06-13,00:36:50,19.2,,75.5,,23.8,,20.572,,334.9,,2.04,,1.46,
2024-06-13 00:36:58,2024-06-13,00:36:58,,17.7,,69.2,,23.7,,19.619,,274.9,,2.8,,2.01
2024-06-13 00:37:53,2024-06-13,00:37:53,19.4,,76.5,,23.8,,20.707,,325.9,,1.85,,1.46,
2024-06-13 00:38:02,2024-06-13,00:38:02,,17.8,,69.5,,23.7,,19.66,,270.6,,2.65,,1.45
2024-06-13 00:38:56,2024-06-13,00:38:56,19.5,,77.0,,23.8,,20.775,,329.2,,2.19,,1.95,
2024-06-13 00:39:06,2024-06-13,00:39:06,,17.8,,69.7,,23.7,,19.687,,264.2,,2.98,,1.87
2024-06-13 00:40:00,2024-06-13,00:40:00,19.6,,77.6,,23.8,,20.856,,326.5,,2.05,,1.45,
2024-06-13 00:40:09,2024-06-13,00:40:09,,17.9,,70.1,,23.7,,19.742,,274.5,,3.86,,2.22
2024-06-13 00:41:04,2024-06-13,00:41:04,19.7,,78.0,,23.8,,20.91,,331.0,,2.13,,1.4,
2024-06-13 00:41:12,2024-06-13,00:41:12,,18.0,,70.5,,23.7,,19.797,,268.3,,3.31,,2.62
2024-06-13 00:42:07,2024-06-13,00:42:07,19.9,,78.8,,23.8,,21.018,,336.9,,2.03,,1.57,
2024-06-13 00:42:16,2024-06-13,00:42:16,,18.0,,70.7,,23.6,,19.731,,275.9,,3.14,,2.71
2024-06-13 00:43:10,2024-06-13,00:43:10,20.0,,79.2,,23.8,,21.072,,331.6,,1.96,,1.71,
2024-06-13 00:43:20,2024-06-13,00:43:20,,18.0,,70.9,,23.6,,19.758,,255.5,,3.24,,1.32
2024-06-13 00:44:14,2024-06-13,00:44:14,20.1,,79.9,,23.8,,21.166,,332.2,,1.99,,1.33,
2024-06-13 00:44:23,2024-06-13,00:44:23,,18.0,,71.1,,23.6,,19.786,,278.2,,2.36,,0.82
2024-06-13 00:45:18,2024-06-13,00:45:18,20.2,,80.4,,23.8,,21.233,,334.6,,1.85,,1.33,
2024-06-13 00:45:26,2024-06-13,00:45:26,,18.0,,71.2,,23.6,,19.799,,282.3,,2.0,,1.24
2024-06-13 00:46:21,2024-06-13,00:46:21,20.2,,80.6,,23.8,,21.26,,323.4,,2.06,,1.29,
2024-06-13 00:46:30,2024-06-13,00:46:30,,18.1,,71.3,,23.6,,19.813,,307.8,,1.9,,0.53
2024-06-13 00:47:24,2024-06-13,00:47:24,20.0,,80.0,,23.7,,21.083,,325.2,,2.31,,1.11,
2024-06-13 00:47:34,2024-06-13,00:47:34,,18.0,,71.3,,23.5,,19.719,,320.8,,1.51,,1.06
2024-06-13 00:48:28,2024-06-13,00:48:28,20.1,,80.7,,23.7,,21.177,,321.2,,2.07,,1.05,
2024-06-13 00:48:37,2024-06-13,00:48:37,,18.0,,71.3,,23.5,,19.719,,302.5,,1.26,,0.76
2024-06-13 00:49:32,2024-06-13,00:49:32,20.2,,80.9,,23.7,,21.204,,320.0,,2.04,,1.17,
2024-06-13 00:49:40,2024-06-13,00:49:40,,18.0,,71.2,,23.5,,19.706,,305.2,,1.39,,1.16
2024-06-13 00:50:35,2024-06-13,00:50:35,20.2,,81.0,,23.7,,21.217,,329.6,,2.05,,1.24,
2024-06-13 00:50:44,2024-06-13,00:50:44,,18.0,,71.1,,23.5,,19.692,,263.4,,1.15,,0.58
2024-06-13 00:51:38,2024-06-13,00:51:38,20.0,,80.2,,23.7,,21.11,,317.1,,2.18,,1.44,
2024-06-13 00:51:48,2024-06-13,00:51:48,,18.0,,71.2,,23.5,,19.706,,267.3,,1.04,,0.53
2024-06-13 00:52:42,2024-06-13,00:52:42,20.0,,79.9,,23.7,,21.07,,321.7,,1.93,,0.99,
2024-06-13 00:52:51,2024-06-13,00:52:51,,17.9,,71.2,,23.4,,19.612,,308.6,,0.77,,0.63
2024-06-13 00:53:46,2024-06-13,00:53:46,19.8,,79.5,,23.6,,20.92,,316.2,,2.42,,1.48,
2024-06-13 00:53:54,2024-06-13,00:53:54,,17.9,,71.1,,23.4,,19.599,,348.5,,0.71,,0.45
2024-06-13 00:54:49,2024-06-13,00:54:49,19.9,,79.9,,23.6,,20.974,,324.4,,2.21,,1.07,
2024-06-13 00:54:58,2024-06-13,00:54:58,,17.9,,71.1,,23.4,,19.599,,359.5,,0.81,,0.68
2024-06-13 00:55:52,2024-06-13,00:55:52,19.8,,79.6,,23.5,,20.838,,328.4,,1.81,,1.27,
2024-06-13 00:56:02,2024-06-13,00:56:02,,17.8,,71.0,,23.4,,19.585,,9.5,,1.17,,1.04
2024-06-13 00:56:56,2024-06-13,00:56:56,19.8,,79.8,,23.5,,20.864,,335.0,,2.2,,1.44,
2024-06-13 00:57:05,2024-06-13,00:57:05,,17.8,,71.0,,23.4,,19.585,,27.5,,1.46,,1.22
2024-06-13 00:58:00,2024-06-13,00:58:00,19.8,,80.1,,23.4,,20.808,,327.7,,2.5,,1.59,
2024-06-13 00:58:08,2024-06-13,00:58:08,,17.7,,70.9,,23.3,,19.478,,35.2,,1.96,,1.6
2024-06-13 00:59:03,2024-06-13,00:59:03,20.0,,81.6,,23.3,,20.912,,316.8,,1.78,,1.54,
2024-06-13 00:59:12,2024-06-13,00:59:12,,17.7,,70.9,,23.3,,19.478,,14.1,,2.04,,1.39
2024-06-13 01:00:06,2024-06-13,01:00:06,19.9,,81.3,,23.3,,20.872,,322.7,,2.33,,1.85,
2024-06-13 01:00:16,2024-06-13,01:00:16,,17.7,,70.8,,23.2,,19.371,,323.9,,1.85,,0.58
2024-06-13 01:01:10,2024-06-13,01:01:10,19.7,,80.2,,23.3,,20.726,,324.4,,2.33,,1.63,
2024-06-13 01:01:20,2024-06-13,01:01:20,,17.6,,70.8,,23.2,,19.371,,357.8,,1.85,,1.57
2024-06-13 01:02:14,2024-06-13,01:02:14,19.8,,80.5,,23.3,,20.766,,329.5,,1.96,,1.25,
2024-06-13 01:02:22,2024-06-13,01:02:22,,17.6,,70.9,,23.2,,19.385,,13.9,,2.1,,1.39
2024-06-13 01:03:17,2024-06-13,01:03:17,19.8,,81.1,,23.2,,20.749,,317.8,,1.91,,1.05,
2024-06-13 01:03:26,2024-06-13,01:03:26,,17.5,,71.0,,23.1,,19.305,,267.5,,1.64,,0.66
2024-06-13 01:04:20,2024-06-13,01:04:20,19.8,,80.7,,23.3,,20.792,,330.4,,2.04,,0.81,
2024-06-13 01:04:30,2024-06-13,01:04:30,,17.5,,71.0,,23.1,,19.305,,327.9,,0.77,,0.15
2024-06-13 01:05:24,2024-06-13,01:05:24,19.8,,80.7,,23.3,,20.792,,327.2,,1.72,,1.01,
2024-06-13 01:05:33,2024-06-13,01:05:33,,17.5,,71.0,,23.1,,19.305,,48.1,,0.81,,0.71
2024-06-13 01:06:28,2024-06-13,01:06:28,19.9,,81.4,,23.3,,20.885,,310.9,,2.12,,0.99,
2024-06-13 01:06:37,2024-06-13,01:06:37,,17.5,,71.0,,23.1,,19.305,,149.5,,0.75,,0.5
2024-06-13 01:07:31,2024-06-13,01:07:31,19.9,,81.2,,23.3,,20.859,,327.0,,1.99,,1.44,
2024-06-13 01:07:40,2024-06-13,01:07:40,,17.5,,71.0,,23.1,,19.305,,179.4,,0.91,,0.59
2024-06-13 01:08:34,2024-06-13,01:08:34,20.0,,81.5,,23.4,,20.995,,323.5,,1.8,,1.03,
2024-06-13 01:08:44,2024-06-13,01:08:44,,17.4,,71.0,,23.0,,19.211,,137.3,,0.8,,0.35
2024-06-13 01:09:38,2024-06-13,01:09:38,19.9,,80.8,,23.4,,20.902,,332.3,,2.11,,1.26,
2024-06-13 01:09:47,2024-06-13,01:09:47,,17.4,,70.9,,23.0,,19.198,,62.4,,0.52,,0.45
2024-06-13 01:10:42,2024-06-13,01:10:42,19.7,,80.1,,23.3,,20.712,,331.3,,2.15,,1.56,
2024-06-13 01:10:51,2024-06-13,01:10:51,,17.4,,71.0,,23.0,,19.211,,48.2,,1.04,,1.01
2024-06-13 01:11:45,2024-06-13,01:11:45,19.6,,80.2,,23.2,,20.63,,328.4,,2.43,,1.21,
2024-06-13 01:11:54,2024-06-13,01:11:54,,17.4,,70.9,,23.0,,19.198,,53.9,,1.35,,1.19
2024-06-13 01:12:48,2024-06-13,01:12:48,19.8,,81.4,,23.2,,20.789,,321.9,,2.2,,1.68,
2024-06-13 01:12:58,2024-06-13,01:12:58,,17.4,,70.9,,23.0,,19.198,,70.5,,1.11,,0.71
2024-06-13 01:13:52,2024-06-13,01:13:52,20.0,,81.8,,23.3,,20.938,,319.8,,2.23,,0.98,
2024-06-13 01:14:02,2024-06-13,01:14:02,,17.4,,70.9,,23.0,,19.198,,106.3,,0.95,,0.49
2024-06-13 01:14:56,2024-06-13,01:14:56,20.0,,81.7,,23.3,,20.925,,314.9,,2.25,,1.41,
2024-06-13 01:15:04,2024-06-13,01:15:04,,17.4,,70.9,,23.0,,19.198,,226.2,,0.56,,0.45
2024-06-13 01:15:59,2024-06-13,01:15:59,19.7,,80.4,,23.3,,20.752,,323.1,,2.43,,1.6,
2024-06-13 01:16:08,2024-06-13,01:16:08,,17.4,,70.9,,23.0,,19.198,,219.3,,0.81,,0.3
2024-06-13 01:17:02,2024-06-13,01:17:02,19.6,,79.9,,23.3,,20.686,,324.1,,2.05,,0.98,
2024-06-13 01:17:39,2024-06-13,01:17:39,,17.4,,71.0,,23.0,,19.211,,295.5,,0.45,,0.4
2024-06-13 01:18:06,2024-06-13,01:18:06,19.6,,79.7,,23.3,,20.659,,321.7,,2.11,,1.36,
2024-06-13 01:18:42,2024-06-13,01:18:42,,17.4,,71.0,,23.0,,19.211,,298.2,,0.49,,0.34
2024-06-13 01:19:10,2024-06-13,01:19:10,19.6,,79.8,,23.3,,20.672,,315.3,,1.88,,1.15,
2024-06-13 01:19:46,2024-06-13,01:19:46,,17.3,,71.0,,23.0,,19.211,,229.6,,0.43,,0.36
2024-06-13 01:20:13,2024-06-13,01:20:13,19.6,,79.9,,23.3,,20.686,,341.8,,2.41,,0.71,
2024-06-13 01:20:50,2024-06-13,01:20:50,,17.3,,70.9,,22.9,,19.104,,206.2,,0.52,,0.48
2024-06-13 01:21:16,2024-06-13,01:21:16,19.8,,80.1,,23.4,,20.808,,321.9,,1.72,,1.15,
2024-06-13 01:21:53,2024-06-13,01:21:53,,17.4,,71.0,,23.0,,19.211,,242.3,,0.6,,0.54
2024-06-13 01:22:20,2024-06-13,01:22:20,19.7,,79.9,,23.4,,20.782,,309.2,,2.16,,0.87,
2024-06-13 01:22:56,2024-06-13,01:22:56,,17.4,,71.0,,23.0,,19.211,,271.6,,0.99,,0.93
2024-06-13 01:23:24,2024-06-13,01:23:24,19.3,,78.6,,23.3,,20.513,,325.5,,2.08,,1.84,
2024-06-13 01:24:00,2024-06-13,01:24:00,,17.4,,71.0,,23.0,,19.211,,284.8,,1.29,,1.09
2024-06-13 01:24:27,2024-06-13,01:24:27,19.4,,78.9,,23.3,,20.553,,325.9,,2.16,,1.5,
2024-06-13 01:25:04,2024-06-13,01:25:04,,17.4,,71.0,,23.0,,19.211,,280.2,,1.49,,1.34
2024-06-13 01:25:30,2024-06-13,01:25:30,19.5,,79.2,,23.3,,20.593,,322.2,,1.82,,0.89,
2024-06-13 01:26:07,2024-06-13,01:26:07,,17.4,,70.9,,23.0,,19.198,,235.9,,1.34,,1.11
2024-06-13 01:26:34,2024-06-13,01:26:34,19.5,,78.7,,23.4,,20.622,,355.5,,2.02,,0.35,
2024-06-13 01:27:11,2024-06-13,01:27:11,,17.4,,70.8,,23.0,,19.184,,186.9,,1.32,,0.88
2024-06-13 01:27:38,2024-06-13,01:27:38,19.7,,79.1,,23.4,,20.675,,331.9,,1.71,,1.02,
2024-06-13 01:28:14,2024-06-13,01:28:14,,17.4,,70.8,,23.0,,19.184,,137.9,,1.3,,1.17
2024-06-13 01:28:41,2024-06-13,01:28:41,19.7,,79.3,,23.5,,20.798,,317.9,,2.38,,1.01,
2024-06-13 01:29:18,2024-06-13,01:29:18,,17.4,,70.8,,23.0,,19.184,,143.1,,1.78,,1.67
2024-06-13 01:29:44,2024-06-13,01:29:44,19.7,,79.5,,23.5,,20.824,,313.5,,1.73,,0.69,
2024-06-13 01:30:21,2024-06-13,01:30:21,,17.4,,70.8,,23.0,,19.184,,165.0,,1.8,,1.57
2024-06-13 01:30:48,2024-06-13,01:30:48,20.1,,81.2,,23.5,,21.051,,318.6,,1.7,,0.91,
2024-06-13 01:31:24,2024-06-13,01:31:24,,17.5,,70.9,,23.1,,19.291,,198.7,,1.53,,1.26
2024-06-13 01:31:52,2024-06-13,01:31:52,20.1,,81.1,,23.6,,21.134,,316.9,,1.77,,1.04,
2024-06-13 01:32:28,2024-06-13,01:32:28,,17.5,,71.0,,23.1,,19.305,,220.1,,1.97,,1.23
2024-06-13 01:32:55,2024-06-13,01:32:55,20.0,,80.5,,23.5,,20.958,,322.2,,2.02,,1.55,
2024-06-13 01:33:32,2024-06-13,01:33:32,,17.6,,71.1,,23.1,,19.318,,245.7,,2.08,,1.74
2024-06-13 01:33:58,2024-06-13,01:33:58,20.0,,80.7,,23.5,,20.985,,323.6,,2.16,,1.64,
2024-06-13 01:34:35,2024-06-13,01:34:35,,17.6,,71.2,,23.1,,19.332,,229.5,,2.46,,1.85
2024-06-13 01:35:02,2024-06-13,01:35:02,19.9,,80.9,,23.4,,20.915,,323.9,,2.02,,0.65,
2024-06-13 01:35:38,2024-06-13,01:35:38,,17.6,,71.3,,23.1,,19.345,,223.6,,2.59,,2.04
2024-06-13 01:36:06,2024-06-13,01:36:06,20.1,,81.7,,23.4,,21.021,,328.1,,2.42,,1.38,
2024-06-13 01:36:42,2024-06-13,01:36:42,,17.6,,71.4,,23.1,,19.359,,230.2,,2.71,,2.19
2024-06-13 01:37:10,2024-06-13,01:37:10,20.1,,81.8,,23.4,,21.035,,326.2,,2.47,,1.1,
2024-06-13 01:37:46,2024-06-13,01:37:46,,17.6,,71.4,,23.1,,19.359,,245.5,,2.64,,1.27
2024-06-13 01:38:13,2024-06-13,01:38:13,20.0,,81.6,,23.4,,21.008,,320.9,,2.07,,1.16,
2024-06-13 01:38:49,2024-06-13,01:38:49,,17.6,,71.3,,23.1,,19.345,,211.4,,1.81,,0.94
2024-06-13 01:39:16,2024-06-13,01:39:16,20.2,,82.2,,23.4,,21.088,,328.6,,1.91,,1.29,
2024-06-13 01:39:52,2024-06-13,01:39:52,,17.6,,71.2,,23.1,,19.332,,140.5,,2.26,,0.32
2024-06-13 01:40:20,2024-06-13,01:40:20,20.2,,82.5,,23.4,,21.128,,329.0,,2.25,,1.2,
2024-06-13 01:40:56,2024-06-13,01:40:56,,17.6,,71.2,,23.1,,19.332,,148.5,,1.48,,1.17
2024-06-13 01:41:23,2024-06-13,01:41:23,20.3,,82.4,,23.5,,21.211,,322.3,,2.28,,1.2,
2024-06-13 01:42:00,2024-06-13,01:42:00,,17.6,,71.4,,23.1,,19.359,,144.5,,2.65,,1.76
2024-06-13 01:42:27,2024-06-13,01:42:27,20.5,,83.2,,23.5,,21.318,,327.5,,1.98,,1.41,
2024-06-13 01:43:03,2024-06-13,01:43:03,,17.6,,71.4,,23.1,,19.359,,138.7,,2.52,,2.07
2024-06-13 01:43:30,2024-06-13,01:43:30,20.6,,84.0,,23.5,,21.424,,319.0,,2.03,,1.71,
2024-06-13 01:44:07,2024-06-13,01:44:07,,17.7,,71.5,,23.1,,19.372,,130.6,,2.47,,0.96
2024-06-13 01:44:34,2024-06-13,01:44:34,20.6,,84.4,,23.4,,21.38,,297.9,,1.82,,0.59,
2024-06-13 01:45:10,2024-06-13,01:45:10,,17.7,,71.6,,23.1,,19.385,,179.7,,1.71,,1.19
2024-06-13 01:45:37,2024-06-13,01:45:37,20.7,,84.6,,23.4,,21.407,,313.2,,2.24,,1.19,
2024-06-13 01:46:14,2024-06-13,01:46:14,,17.7,,71.7,,23.1,,19.399,,153.1,,1.74,,0.99
2024-06-13 01:46:41,2024-06-13,01:46:41,20.5,,84.3,,23.3,,21.27,,317.6,,1.99,,1.28,
2024-06-13 01:47:18,2024-06-13,01:47:18,,17.5,,71.4,,23.0,,19.265,,177.1,,1.9,,1.6
2024-06-13 01:47:44,2024-06-13,01:47:44,20.2,,83.6,,23.2,,21.08,,325.3,,2.0,,1.38,
2024-06-13 01:48:21,2024-06-13,01:48:21,,17.4,,71.4,,22.9,,19.171,,151.7,,1.82,,0.93
2024-06-13 01:48:48,2024-06-13,01:48:48,20.2,,83.5,,23.2,,21.067,,321.0,,1.99,,1.07,
2024-06-13 01:49:24,2024-06-13,01:49:24,,17.4,,71.4,,22.9,,19.171,,207.6,,1.02,,0.73
2024-06-13 01:49:52,2024-06-13,01:49:52,20.2,,83.0,,23.3,,21.097,,318.0,,2.24,,0.82,
2024-06-13 01:50:28,2024-06-13,01:50:28,,17.4,,71.4,,22.9,,19.171,,266.1,,1.17,,0.98
2024-06-13 01:50:55,2024-06-13,01:50:55,19.6,,80.2,,23.2,,20.63,,324.7,,2.04,,1.72,
2024-06-13 01:51:32,2024-06-13,01:51:32,,17.4,,71.2,,22.9,,19.145,,285.2,,1.41,,0.66
2024-06-13 01:51:58,2024-06-13,01:51:58,19.3,,79.0,,23.2,,20.47,,324.0,,1.93,,1.55,
2024-06-13 01:52:35,2024-06-13,01:52:35,,17.4,,71.2,,22.9,,19.145,,303.5,,1.94,,1.2
2024-06-13 01:53:02,2024-06-13,01:53:02,19.3,,78.9,,23.2,,20.457,,333.7,,2.29,,1.32,
2024-06-13 01:53:38,2024-06-13,01:53:38,,17.4,,71.2,,22.9,,19.145,,348.4,,1.61,,1.26
2024-06-13 01:54:06,2024-06-13,01:54:06,19.3,,79.0,,23.2,,20.47,,344.2,,1.51,,0.9,
2024-06-13 01:54:42,2024-06-13,01:54:42,,17.5,,71.3,,23.0,,19.252,,336.0,,1.66,,1.46
2024-06-13 01:55:09,2024-06-13,01:55:09,19.4,,79.3,,23.2,,20.51,,332.3,,1.65,,1.36,
2024-06-13 01:55:46,2024-06-13,01:55:46,,17.5,,71.3,,23.0,,19.252,,7.6,,1.83,,1.45
2024-06-13 01:56:12,2024-06-13,01:56:12,19.5,,79.9,,23.2,,20.59,,334.3,,2.28,,1.06,
2024-06-13 01:56:49,2024-06-13,01:56:49,,17.5,,71.4,,23.0,,19.265,,23.6,,2.19,,1.26
2024-06-13 01:57:16,2024-06-13,01:57:16,19.8,,81.0,,23.2,,20.736,,324.1,,2.03,,1.07,
2024-06-13 01:57:52,2024-06-13,01:57:52,,17.5,,71.5,,23.0,,19.278,,48.8,,2.13,,1.3
2024-06-13 01:58:20,2024-06-13,01:58:20,19.8,,81.7,,23.1,,20.732,,345.6,,1.87,,0.82,
2024-06-13 01:58:56,2024-06-13,01:58:56,,17.6,,71.6,,23.0,,19.292,,71.0,,2.12,,1.83
2024-06-13 01:59:23,2024-06-13,01:59:23,20.0,,82.7,,23.1,,20.864,,313.2,,2.09,,1.53,
2024-06-13 02:00:00,2024-06-13,02:00:00,,17.5,,71.6,,22.9,,19.198,,61.4,,2.93,,2.6
2024-06-13 02:00:26,2024-06-13,02:00:26,20.1,,83.9,,23.0,,20.926,,316.6,,2.32,,1.33,
2024-06-13 02:01:03,2024-06-13,02:01:03,,17.5,,71.6,,22.9,,19.198,,54.6,,3.4,,2.33
2024-06-13 02:01:30,2024-06-13,02:01:30,20.0,,83.6,,23.0,,20.886,,322.3,,2.38,,1.28,
2024-06-13 02:02:06,2024-06-13,02:02:06,,17.4,,71.5,,22.8,,19.091,,56.0,,3.65,,2.7
2024-06-13 02:02:34,2024-06-13,02:02:34,19.7,,82.2,,22.9,,20.605,,353.2,,1.92,,0.8,
2024-06-13 02:03:10,2024-06-13,02:03:10,,17.2,,71.4,,22.7,,18.984,,55.4,,3.91,,3.26
2024-06-13 02:03:37,2024-06-13,02:03:37,19.5,,81.6,,22.8,,20.43,,331.4,,1.6,,0.86,
2024-06-13 02:04:14,2024-06-13,02:04:14,,17.1,,71.3,,22.6,,18.877,,66.4,,3.77,,2.85
2024-06-13 02:04:40,2024-06-13,02:04:40,19.2,,80.9,,22.7,,20.241,,331.0,,1.99,,1.35,
2024-06-13 02:05:17,2024-06-13,02:05:17,,17.1,,71.3,,22.6,,18.877,,64.1,,3.31,,2.08
2024-06-13 02:05:44,2024-06-13,02:05:44,19.1,,80.4,,22.7,,20.176,,333.3,,2.21,,1.4,
2024-06-13 02:06:20,2024-06-13,02:06:20,,17.0,,71.3,,22.5,,18.784,,56.2,,2.55,,1.59
2024-06-13 02:06:48,2024-06-13,02:06:48,19.1,,80.6,,22.6,,20.106,,356.2,,1.9,,0.74,
2024-06-13 02:07:24,2024-06-13,02:07:24,,17.0,,71.2,,22.5,,18.77,,42.9,,2.5,,1.6
2024-06-13 02:07:51,2024-06-13,02:07:51,19.0,,80.2,,22.6,,20.053,,358.4,,2.21,,0.96,
2024-06-13 02:08:28,2024-06-13,02:08:28,,17.0,,71.1,,22.5,,18.757,,34.3,,2.95,,2.66
2024-06-13 02:08:54,2024-06-13,02:08:54,18.9,,79.5,,22.6,,19.961,,339.2,,1.84,,1.26,
2024-06-13 02:09:32,2024-06-13,02:09:32,,16.9,,70.9,,22.4,,18.637,,46.2,,3.45,,2.54
2024-06-13 02:09:58,2024-06-13,02:09:58,18.7,,78.7,,22.6,,19.856,,355.0,,1.64,,0.98,
2024-06-13 02:10:34,2024-06-13,02:10:34,,16.8,,70.8,,22.4,,18.624,,46.6,,3.59,,2.0
2024-06-13 02:11:02,2024-06-13,02:11:02,18.5,,78.0,,22.5,,19.669,,337.5,,1.3,,0.73,
2024-06-13 02:11:38,2024-06-13,02:11:38,,16.8,,70.6,,22.4,,18.597,,63.0,,3.13,,2.87
2024-06-13 02:12:05,2024-06-13,02:12:05,18.4,,77.6,,22.5,,19.616,,327.2,,1.76,,1.17,
2024-06-13 02:12:42,2024-06-13,02:12:42,,16.7,,70.4,,22.4,,18.571,,62.5,,3.85,,2.84
2024-06-13 02:13:08,2024-06-13,02:13:08,18.3,,77.1,,22.5,,19.55,,324.6,,2.25,,1.17,
2024-06-13 02:13:45,2024-06-13,02:13:45,,16.6,,70.1,,22.3,,18.438,,63.7,,3.25,,2.41
2024-06-13 02:14:12,2024-06-13,02:14:12,18.1,,76.2,,22.5,,19.432,,356.0,,1.6,,0.61,
2024-06-13 02:14:49,2024-06-13,02:14:49,,16.5,,69.9,,22.3,,18.411,,58.6,,3.01,,1.79
2024-06-13 02:15:16,2024-06-13,02:15:16,17.9,,75.7,,22.4,,19.271,,324.4,,2.18,,1.11,
2024-06-13 02:15:52,2024-06-13,02:15:52,,16.4,,69.7,,22.2,,18.291,,60.9,,2.97,,1.55
2024-06-13 02:16:19,2024-06-13,02:16:19,18.0,,75.8,,22.5,,19.379,,338.7,,2.18,,0.81,
2024-06-13 02:16:56,2024-06-13,02:16:56,,16.4,,69.6,,22.2,,18.278,,69.9,,2.21,,1.78
2024-06-13 02:17:22,2024-06-13,02:17:22,18.0,,75.5,,22.5,,19.34,,325.5,,2.23,,1.33,
2024-06-13 02:18:00,2024-06-13,02:18:00,,16.3,,69.4,,22.2,,18.252,,56.2,,2.1,,1.47
2024-06-13 02:18:26,2024-06-13,02:18:26,17.9,,75.0,,22.5,,19.274,,313.9,,2.9,,1.02,
2024-06-13 02:19:02,2024-06-13,02:19:02,,16.3,,69.3,,22.2,,18.238,,29.8,,1.74,,0.61
2024-06-13 02:19:30,2024-06-13,02:19:30,17.7,,74.4,,22.5,,19.195,,318.3,,2.53,,2.04,
2024-06-13 02:20:06,2024-06-13,02:20:06,,16.3,,69.2,,22.2,,18.225,,354.1,,1.66,,0.63
2024-06-13 02:20:33,2024-06-13,02:20:33,17.5,,73.4,,22.5,,19.062,,319.6,,2.63,,1.55,
2024-06-13 02:21:10,2024-06-13,02:21:10,,16.3,,69.2,,22.2,,18.225,,345.7,,1.41,,0.84
2024-06-13 02:21:36,2024-06-13,02:21:36,17.4,,73.1,,22.5,,19.023,,319.2,,2.46,,2.0,
2024-06-13 02:22:14,2024-06-13,02:22:14,,16.2,,69.1,,22.2,,18.212,,330.0,,1.0,,0.37
2024-06-13 02:22:40,2024-06-13,02:22:40,17.4,,72.9,,22.5,,18.996,,317.1,,2.18,,1.12,
2024-06-13 02:23:17,2024-06-13,02:23:17,,16.2,,69.1,,22.2,,18.212,,300.7,,0.66,,0.32
2024-06-13 02:23:44,2024-06-13,02:23:44,17.4,,72.6,,22.6,,19.05,,314.8,,2.57,,1.18,
2024-06-13 02:24:20,2024-06-13,02:24:20,,16.2,,69.1,,22.2,,18.212,,300.5,,0.65,,0.54
2024-06-13 02:24:47,2024-06-13,02:24:47,17.4,,72.5,,22.6,,19.037,,322.9,,1.96,,1.04,
2024-06-13 02:25:24,2024-06-13,02:25:24,,16.2,,69.1,,22.2,,18.212,,280.2,,0.84,,0.75
2024-06-13 02:25:50,2024-06-13,02:25:50,17.5,,72.8,,22.6,,19.077,,320.5,,1.89,,1.22,
2024-06-13 02:26:27,2024-06-13,02:26:27,,16.2,,69.0,,22.2,,18.199,,239.6,,1.01,,0.89
2024-06-13 02:26:54,2024-06-13,02:26:54,17.5,,72.9,,22.6,,19.09,,322.0,,1.81,,1.08,
2024-06-13 02:27:31,2024-06-13,02:27:31,,16.2,,68.9,,22.2,,18.185,,245.3,,1.41,,1.27
2024-06-13 02:27:58,2024-06-13,02:27:58,17.5,,72.8,,22.6,,19.077,,333.5,,1.51,,1.09,
2024-06-13 02:28:34,2024-06-13,02:28:34,,16.2,,68.8,,22.2,,18.172,,249.7,,1.79,,1.7
2024-06-13 02:29:01,2024-06-13,02:29:01,17.5,,72.9,,22.6,,19.09,,329.1,,1.59,,1.27,
2024-06-13 02:29:38,2024-06-13,02:29:38,,16.1,,68.7,,22.2,,18.159,,261.7,,1.91,,1.78
2024-06-13 02:30:04,2024-06-13,02:30:04,17.5,,72.9,,22.6,,19.09,,331.7,,2.06,,1.76,
2024-06-13 02:30:42,2024-06-13,02:30:42,,16.1,,68.6,,22.2,,18.145,,254.0,,2.11,,1.84
2024-06-13 02:31:08,2024-06-13,02:31:08,17.4,,73.2,,22.5,,19.036,,329.7,,1.72,,1.28,
2024-06-13 02:31:45,2024-06-13,02:31:45,,16.1,,68.6,,22.2,,18.145,,261.6,,2.07,,1.88
2024-06-13 02:32:12,2024-06-13,02:32:12,17.5,,73.5,,22.5,,19.076,,330.8,,1.68,,1.46,
2024-06-13 02:32:48,2024-06-13,02:32:48,,16.1,,68.6,,22.2,,18.145,,278.4,,2.2,,1.51
2024-06-13 02:33:15,2024-06-13,02:33:15,17.5,,73.4,,22.5,,19.062,,330.1,,1.9,,1.7,
2024-06-13 02:33:52,2024-06-13,02:33:52,,16.1,,68.6,,22.2,,18.145,,280.2,,2.12,,0.99
2024-06-13 02:34:18,2024-06-13,02:34:18,17.5,,73.3,,22.5,,19.049,,329.4,,1.89,,1.24,
2024-06-13 02:34:56,2024-06-13,02:34:56,,16.1,,68.6,,22.2,,18.145,,277.7,,1.7,,1.27
2024-06-13 02:35:22,2024-06-13,02:35:22,17.5,,73.4,,22.5,,19.062,,327.6,,1.98,,1.2,
2024-06-13 02:35:59,2024-06-13,02:35:59,,16.1,,68.5,,22.2,,18.132,,270.7,,1.51,,0.66
2024-06-13 02:36:26,2024-06-13,02:36:26,17.6,,73.5,,22.6,,19.17,,317.5,,2.09,,1.72,
2024-06-13 02:37:02,2024-06-13,02:37:02,,16.1,,68.5,,22.2,,18.132,,261.4,,1.17,,0.89
2024-06-13 02:37:30,2024-06-13,02:37:30,17.6,,73.5,,22.6,,19.17,,321.1,,1.84,,1.35,
2024-06-13 02:38:06,2024-06-13,02:38:06,,16.1,,68.5,,22.2,,18.132,,255.7,,1.07,,0.59
2024-06-13 02:38:33,2024-06-13,02:38:33,17.5,,73.1,,22.6,,19.117,,315.4,,2.32,,1.12,
2024-06-13 02:39:10,2024-06-13,02:39:10,,16.1,,68.5,,22.2,,18.132,,282.2,,0.77,,0.6
2024-06-13 02:39:36,2024-06-13,02:39:36,17.6,,73.3,,22.6,,19.143,,318.3,,2.06,,1.4,
2024-06-13 02:40:13,2024-06-13,02:40:13,,16.1,,68.5,,22.2,,18.132,,261.4,,1.02,,0.89
2024-06-13 02:40:40,2024-06-13,02:40:40,17.6,,73.3,,22.6,,19.143,,317.1,,2.16,,1.29,
2024-06-13 02:41:16,2024-06-13,02:41:16,,16.1,,68.5,,22.2,,18.132,,251.9,,1.37,,1.29
2024-06-13 02:41:44,2024-06-13,02:41:44,17.6,,73.4,,22.6,,19.157,,321.1,,1.82,,1.59,
2024-06-13 02:42:20,2024-06-13,02:42:20,,16.2,,68.5,,22.3,,18.225,,250.9,,1.68,,1.56
2024-06-13 02:42:47,2024-06-13,02:42:47,17.6,,73.6,,22.6,,19.183,,327.1,,1.74,,1.17,
2024-06-13 02:43:24,2024-06-13,02:43:24,,16.1,,68.5,,22.3,,18.225,,246.8,,1.67,,1.26
2024-06-13 02:43:50,2024-06-13,02:43:50,17.7,,73.7,,22.6,,19.196,,327.3,,1.9,,0.89,
2024-06-13 02:44:27,2024-06-13,02:44:27,,16.2,,68.5,,22.3,,18.225,,273.0,,1.45,,1.09
2024-06-13 02:44:54,2024-06-13,02:44:54,17.6,,73.7,,22.5,,19.102,,326.0,,2.13,,1.24,
2024-06-13 02:45:30,2024-06-13,02:45:30,,16.2,,68.5,,22.3,,18.225,,256.9,,1.12,,0.79
2024-06-13 02:45:58,2024-06-13,02:45:58,17.6,,74.0,,22.5,,19.142,,318.8,,2.6,,1.73,
2024-06-13 02:46:34,2024-06-13,02:46:34,,16.1,,68.6,,22.3,,18.238,,268.0,,1.38,,1.22
2024-06-13 02:47:01,2024-06-13,02:47:01,17.7,,74.3,,22.5,,19.181,,313.3,,1.69,,0.94,
2024-06-13 02:47:38,2024-06-13,02:47:38,,16.2,,68.6,,22.3,,18.238,,257.1,,1.34,,1.17
2024-06-13 02:48:04,2024-06-13,02:48:04,17.7,,74.3,,22.5,,19.181,,323.1,,2.14,,1.45,
2024-06-13 02:48:41,2024-06-13,02:48:41,,16.2,,68.7,,22.3,,18.251,,240.3,,1.52,,1.28
2024-06-13 02:49:08,2024-06-13,02:49:08,17.8,,74.6,,22.5,,19.221,,319.6,,1.91,,0.97,
2024-06-13 02:49:44,2024-06-13,02:49:44,,16.3,,68.8,,22.3,,18.265,,229.4,,1.58,,1.38
2024-06-13 02:50:12,2024-06-13,02:50:12,17.9,,75.1,,22.5,,19.287,,318.5,,2.11,,1.13,
2024-06-13 02:50:48,2024-06-13,02:50:48,,16.3,,69.0,,22.3,,18.291,,217.6,,1.95,,1.78
2024-06-13 02:51:15,2024-06-13,02:51:15,18.0,,75.5,,22.6,,19.435,,320.3,,2.1,,1.63,
2024-06-13 02:51:52,2024-06-13,02:51:52,,16.4,,69.2,,22.3,,18.318,,214.1,,1.85,,1.77
2024-06-13 02:52:18,2024-06-13,02:52:18,18.1,,75.7,,22.6,,19.461,,316.3,,2.07,,1.52,
2024-06-13 02:52:55,2024-06-13,02:52:55,,16.4,,69.3,,22.3,,18.331,,210.1,,1.76,,1.4
2024-06-13 02:53:22,2024-06-13,02:53:22,18.1,,75.7,,22.6,,19.461,,327.3,,2.25,,1.37,
2024-06-13 02:53:58,2024-06-13,02:53:58,,16.4,,69.3,,22.3,,18.331,,194.3,,2.08,,1.88
2024-06-13 02:54:26,2024-06-13,02:54:26,18.2,,76.2,,22.6,,19.527,,319.1,,2.06,,0.88,
2024-06-13 02:55:02,2024-06-13,02:55:02,,16.4,,69.3,,22.3,,18.331,,191.4,,2.66,,1.78
2024-06-13 02:55:29,2024-06-13,02:55:29,18.3,,76.8,,22.6,,19.606,,335.5,,1.87,,0.84,
2024-06-13 02:56:06,2024-06-13,02:56:06,,16.4,,69.5,,22.3,,18.358,,189.8,,2.93,,2.26
2024-06-13 02:56:32,2024-06-13,02:56:32,18.3,,77.0,,22.6,,19.632,,325.8,,2.19,,0.82,
2024-06-13 02:57:09,2024-06-13,02:57:09,,16.4,,69.8,,22.2,,18.305,,192.5,,3.0,,1.98
2024-06-13 02:57:36,2024-06-13,02:57:36,18.4,,77.5,,22.6,,19.698,,315.1,,2.46,,1.98,
2024-06-13 02:58:12,2024-06-13,02:58:12,,16.5,,70.0,,22.3,,18.424,,179.1,,2.74,,1.97
2024-06-13 02:58:40,2024-06-13,02:58:40,18.6,,78.2,,22.6,,19.79,,324.8,,2.7,,1.44,
2024-06-13 02:59:16,2024-06-13,02:59:16,,16.5,,70.2,,22.2,,18.358,,182.5,,2.54,,1.58
2024-06-13 02:59:43,2024-06-13,02:59:43,18.7,,78.8,,22.6,,19.869,,337.0,,2.34,,0.99,
2024-06-13 03:00:20,2024-06-13,03:00:20,,16.5,,70.4,,22.2,,18.384,,152.3,,2.68,,1.63
2024-06-13 03:00:46,2024-06-13,03:00:46,18.8,,79.3,,22.6,,19.935,,325.2,,1.95,,1.23,
2024-06-13 03:01:23,2024-06-13,03:01:23,,16.6,,70.5,,22.2,,18.397,,154.1,,2.02,,1.43
2024-06-13 03:01:50,2024-06-13,03:01:50,18.8,,79.4,,22.5,,19.852,,327.7,,2.3,,1.08,
2024-06-13 03:02:26,2024-06-13,03:02:26,,16.6,,70.6,,22.2,,18.411,,154.5,,1.99,,1.52
2024-06-13 03:02:54,2024-06-13,03:02:54,18.8,,79.7,,22.5,,19.892,,318.6,,2.31,,1.24,
2024-06-13 03:03:30,2024-06-13,03:03:30,,16.6,,70.7,,22.2,,18.424,,142.8,,1.43,,0.68
2024-06-13 03:03:57,2024-06-13,03:03:57,18.9,,80.4,,22.4,,19.887,,324.3,,2.0,,1.05,
2024-06-13 03:04:34,2024-06-13,03:04:34,,16.6,,70.7,,22.2,,18.424,,165.4,,1.38,,0.73
2024-06-13 03:05:00,2024-06-13,03:05:00,19.0,,81.5,,22.4,,20.031,,325.5,,1.9,,1.39,
2024-06-13 03:05:37,2024-06-13,03:05:37,,16.6,,70.8,,22.2,,18.437,,155.6,,1.14,,0.59
2024-06-13 03:06:04,2024-06-13,03:06:04,19.1,,81.8,,22.4,,20.07,,322.6,,2.62,,1.4,
2024-06-13 03:06:40,2024-06-13,03:06:40,,16.7,,70.9,,22.2,,18.45,,135.8,,1.27,,1.11
2024-06-13 03:07:08,2024-06-13,03:07:08,19.2,,82.4,,22.4,,20.148,,333.8,,2.07,,1.0,
2024-06-13 03:07:44,2024-06-13,03:07:44,,16.7,,71.0,,22.2,,18.463,,112.0,,1.56,,1.15
2024-06-13 03:08:11,2024-06-13,03:08:11,19.3,,82.9,,22.4,,20.213,,325.2,,1.98,,1.2,
2024-06-13 03:08:48,2024-06-13,03:08:48,,16.7,,71.0,,22.2,,18.463,,132.2,,1.66,,1.27
2024-06-13 03:09:14,2024-06-13,03:09:14,19.4,,83.2,,22.4,,20.252,,319.4,,1.95,,1.36,
2024-06-13 03:09:51,2024-06-13,03:09:51,,16.7,,71.1,,22.2,,18.477,,135.4,,1.48,,1.08
2024-06-13 03:10:18,2024-06-13,03:10:18,19.6,,84.1,,22.4,,20.369,,320.5,,2.24,,1.39,
2024-06-13 03:10:54,2024-06-13,03:10:54,,16.7,,71.1,,22.2,,18.477,,130.1,,1.61,,1.17
2024-06-13 03:11:22,2024-06-13,03:11:22,19.5,,84.0,,22.4,,20.356,,333.5,,2.38,,1.34,
2024-06-13 03:11:58,2024-06-13,03:11:58,,16.7,,71.2,,22.2,,18.49,,105.2,,1.5,,1.12
2024-06-13 03:12:25,2024-06-13,03:12:25,19.4,,83.8,,22.3,,20.233,,334.5,,2.01,,0.93,
2024-06-13 03:13:02,2024-06-13,03:13:02,,16.7,,71.2,,22.2,,18.49,,88.8,,1.44,,1.26
2024-06-13 03:13:28,2024-06-13,03:13:28,19.3,,83.3,,22.3,,20.169,,334.7,,1.84,,0.94,
2024-06-13 03:14:05,2024-06-13,03:14:05,,16.7,,71.2,,22.2,,18.49,,66.8,,1.5,,1.07
2024-06-13 03:14:32,2024-06-13,03:14:32,19.0,,82.4,,22.2,,19.955,,342.9,,1.59,,0.76,
2024-06-13 03:15:08,2024-06-13,03:15:08,,16.6,,71.2,,22.1,,18.396,,59.6,,1.82,,1.4
2024-06-13 03:15:36,2024-06-13,03:15:36,19.1,,82.7,,22.2,,19.994,,347.9,,2.08,,1.07,
2024-06-13 03:16:12,2024-06-13,03:16:12,,16.6,,71.2,,22.1,,18.396,,65.9,,2.74,,1.55
2024-06-13 03:16:39,2024-06-13,03:16:39,19.0,,82.7,,22.1,,19.897,,329.3,,2.16,,1.57,
2024-06-13 03:17:16,2024-06-13,03:17:16,,16.6,,71.2,,22.1,,18.396,,97.1,,1.69,,1.02
2024-06-13 03:17:42,2024-06-13,03:17:42,19.4,,84.1,,22.2,,20.175,,320.4,,1.84,,1.4,
2024-06-13 03:18:19,2024-06-13,03:18:19,,16.5,,71.2,,22.0,,18.303,,110.8,,1.49,,0.4
2024-06-13 03:18:46,2024-06-13,03:18:46,19.4,,84.4,,22.2,,20.214,,317.2,,2.44,,1.74,
2024-06-13 03:19:22,2024-06-13,03:19:22,,16.5,,71.2,,22.0,,18.303,,62.4,,1.16,,1.04
2024-06-13 03:19:50,2024-06-13,03:19:50,19.2,,83.5,,22.2,,20.098,,323.9,,2.12,,1.67,
2024-06-13 03:20:26,2024-06-13,03:20:26,,16.5,,71.2,,22.0,,18.303,,45.6,,1.07,,0.88
2024-06-13 03:20:53,2024-06-13,03:20:53,19.0,,82.2,,22.2,,19.929,,319.7,,2.33,,1.71,
2024-06-13 03:21:30,2024-06-13,03:21:30,,16.5,,71.1,,22.0,,18.29,,59.9,,1.23,,0.64
2024-06-13 03:21:56,2024-06-13,03:21:56,18.9,,81.5,,22.2,,19.838,,320.5,,2.09,,1.5,
2024-06-13 03:22:33,2024-06-13,03:22:33,,16.4,,71.1,,22.0,,18.29,,66.3,,1.05,,0.69
2024-06-13 03:23:00,2024-06-13,03:23:00,18.8,,81.1,,22.2,,19.786,,320.6,,2.05,,1.25,
2024-06-13 03:23:36,2024-06-13,03:23:36,,16.4,,71.1,,21.9,,18.196,,92.3,,0.93,,0.84
2024-06-13 03:24:04,2024-06-13,03:24:04,18.8,,81.1,,22.2,,19.786,,327.3,,1.94,,1.36,
2024-06-13 03:24:40,2024-06-13,03:24:40,,16.4,,71.1,,21.9,,18.196,,97.9,,0.93,,0.87
2024-06-13 03:25:07,2024-06-13,03:25:07,18.6,,80.2,,22.2,,19.669,,328.1,,1.84,,1.15,
2024-06-13 03:25:44,2024-06-13,03:25:44,,16.4,,71.0,,21.9,,18.183,,87.5,,1.52,,1.13
2024-06-13 03:26:10,2024-06-13,03:26:10,18.7,,80.2,,22.3,,19.765,,331.8,,1.58,,1.02,
2024-06-13 03:26:47,2024-06-13,03:26:47,,16.4,,70.9,,21.9,,18.17,,75.9,,1.51,,0.85
2024-06-13 03:27:14,2024-06-13,03:27:14,18.4,,78.6,,22.3,,19.556,,343.3,,1.51,,0.93,
2024-06-13 03:27:50,2024-06-13,03:27:50,,16.3,,70.8,,21.9,,18.157,,55.4,,2.0,,1.36
2024-06-13 03:28:18,2024-06-13,03:28:18,18.0,,77.0,,22.2,,19.252,,318.6,,1.71,,1.02,
2024-06-13 03:28:54,2024-06-13,03:28:54,,16.2,,70.6,,21.8,,18.037,,69.7,,2.01,,1.14
2024-06-13 03:29:21,2024-06-13,03:29:21,17.8,,76.3,,22.2,,19.16,,341.0,,2.16,,0.4,
2024-06-13 03:29:58,2024-06-13,03:29:58,,16.1,,70.4,,21.8,,18.011,,78.9,,2.39,,1.52
2024-06-13 03:30:24,2024-06-13,03:30:24,17.7,,75.6,,22.2,,19.069,,305.9,,2.22,,1.22,
2024-06-13 03:31:01,2024-06-13,03:31:01,,16.1,,70.1,,21.8,,17.972,,85.1,,2.66,,1.34
2024-06-13 03:31:28,2024-06-13,03:31:28,17.5,,74.4,,22.3,,19.006,,326.5,,2.16,,1.48,
2024-06-13 03:32:04,2024-06-13,03:32:04,,16.0,,70.0,,21.8,,17.958,,82.1,,2.42,,0.64
2024-06-13 03:32:32,2024-06-13,03:32:32,17.4,,74.0,,22.3,,18.953,,320.6,,2.6,,1.73,
2024-06-13 03:33:08,2024-06-13,03:33:08,,16.0,,69.9,,21.8,,17.945,,40.3,,1.68,,1.12
2024-06-13 03:33:35,2024-06-13,03:33:35,17.3,,73.3,,22.3,,18.861,,328.8,,2.21,,1.26,
2024-06-13 03:34:12,2024-06-13,03:34:12,,16.0,,69.7,,21.8,,17.919,,10.2,,1.32,,0.76
2024-06-13 03:34:38,2024-06-13,03:34:38,17.0,,72.7,,22.2,,18.688,,320.4,,2.34,,1.32,
2024-06-13 03:35:16,2024-06-13,03:35:16,,,,,,16.0,,,,21.8,,6.95,,1.34
2024-06-13 03:35:42,2024-06-13,03:35:42,17.0,,72.6,,22.2,,18.675,,330.7,,2.03,,1.52,
2024-06-13 03:36:18,2024-06-13,03:36:18,,15.9,,69.4,,21.7,,17.787,,7.7,,1.79,,0.95
2024-06-13 03:36:46,2024-06-13,03:36:46,17.1,,72.9,,22.2,,18.714,,320.8,,1.63,,1.01,
2024-06-13 03:37:22,2024-06-13,03:37:22,,15.8,,69.2,,21.7,,17.761,,60.9,,1.79,,1.68
2024-06-13 03:37:49,2024-06-13,03:37:49,,,,,17.0,,,,336.7,,2.07,,1.14,
2024-06-13 03:38:26,2024-06-13,03:38:26,,15.8,,69.1,,21.7,,17.747,,44.5,,2.52,,2.12
2024-06-13 03:38:52,2024-06-13,03:38:52,17.1,,73.0,,22.2,,18.727,,328.6,,1.84,,1.11,
2024-06-13 03:39:29,2024-06-13,03:39:29,,15.7,,68.9,,21.7,,17.721,,22.7,,2.01,,1.08
2024-06-13 03:39:56,2024-06-13,03:39:56,17.0,,73.0,,22.1,,18.633,,333.9,,2.32,,1.43,
2024-06-13 03:40:32,2024-06-13,03:40:32,,15.7,,68.9,,21.7,,17.721,,13.9,,2.26,,2.05
2024-06-13 03:41:00,2024-06-13,03:41:00,17.0,,73.0,,22.1,,18.633,,355.9,,2.63,,1.01,
2024-06-13 03:41:36,2024-06-13,03:41:36,,15.7,,68.7,,21.7,,17.695,,5.4,,2.75,,2.45
2024-06-13 03:42:03,2024-06-13,03:42:03,17.0,,73.4,,22.0,,18.591,,327.3,,2.51,,1.43,
2024-06-13 03:42:40,2024-06-13,03:42:40,,15.7,,68.7,,21.7,,17.695,,357.7,,2.81,,2.2
2024-06-13 03:43:06,2024-06-13,03:43:06,17.1,,74.0,,22.0,,18.67,,314.7,,2.18,,1.13,
2024-06-13 03:43:43,2024-06-13,03:43:43,,15.7,,68.8,,21.7,,17.708,,13.8,,2.51,,0.96
2024-06-13 03:44:10,2024-06-13,03:44:10,17.1,,74.1,,22.0,,18.683,,318.7,,2.54,,1.84,
2024-06-13 03:44:47,2024-06-13,03:44:47,,15.7,,68.8,,21.7,,17.708,,343.8,,1.77,,0.56
2024-06-13 03:45:14,2024-06-13,03:45:14,17.0,,73.5,,22.0,,18.605,,319.5,,2.67,,1.54,
2024-06-13 03:45:50,2024-06-13,03:45:50,,15.7,,68.8,,21.7,,17.708,,352.5,,1.38,,1.24
2024-06-13 03:46:17,2024-06-13,03:46:17,17.0,,73.3,,22.0,,18.578,,327.7,,2.61,,1.38,
2024-06-13 03:46:54,2024-06-13,03:46:54,,15.7,,68.8,,21.7,,17.708,,355.7,,1.53,,0.76
2024-06-13 03:47:20,2024-06-13,03:47:20,16.9,,73.4,,21.9,,18.497,,324.7,,1.96,,1.26,
2024-06-13 03:47:58,2024-06-13,03:47:58,,15.6,,68.8,,21.6,,17.615,,23.8,,1.14,,0.86
2024-06-13 03:48:24,2024-06-13,03:48:24,17.0,,73.8,,22.0,,18.644,,317.5,,1.74,,1.46,
2024-06-13 03:49:00,2024-06-13,03:49:00,,15.6,,68.8,,21.6,,17.615,,61.8,,1.32,,1.09
2024-06-13 03:49:28,2024-06-13,03:49:28,17.2,,74.3,,22.0,,18.709,,323.3,,2.01,,1.51,
2024-06-13 03:50:04,2024-06-13,03:50:04,,15.6,,68.8,,21.6,,17.615,,71.5,,1.21,,0.7
2024-06-13 03:50:31,2024-06-13,03:50:31,17.1,,73.9,,22.0,,18.657,,317.2,,2.01,,1.51,
2024-06-13 03:51:08,2024-06-13,03:51:08,,15.6,,68.7,,21.6,,17.602,,31.7,,1.26,,1.0
2024-06-13 03:51:34,2024-06-13,03:51:34,17.0,,73.6,,21.9,,18.523,,323.8,,2.3,,1.29,
2024-06-13 03:52:12,2024-06-13,03:52:12,,15.6,,68.7,,21.6,,17.602,,26.3,,1.21,,0.82
2024-06-13 03:52:38,2024-06-13,03:52:38,17.0,,73.7,,21.9,,18.536,,323.3,,2.01,,0.99,
2024-06-13 03:53:14,2024-06-13,03:53:14,,15.6,,68.6,,21.6,,17.589,,61.2,,1.56,,0.98
2024-06-13 03:53:42,2024-06-13,03:53:42,17.0,,73.5,,21.9,,18.51,,346.1,,1.67,,0.72,
2024-06-13 03:54:18,2024-06-13,03:54:18,,15.6,,68.6,,21.6,,17.589,,54.8,,1.8,,1.5
2024-06-13 03:54:45,2024-06-13,03:54:45,16.9,,73.2,,21.9,,18.471,,325.1,,1.98,,1.16,
2024-06-13 03:55:22,2024-06-13,03:55:22,,15.5,,68.5,,21.6,,17.576,,39.3,,1.85,,1.27
2024-06-13 03:55:48,2024-06-13,03:55:48,16.9,,73.1,,21.9,,18.458,,319.8,,2.16,,1.55,
2024-06-13 03:56:25,2024-06-13,03:56:25,,15.5,,68.4,,21.6,,17.563,,64.0,,1.61,,1.1
2024-06-13 03:56:52,2024-06-13,03:56:52,16.8,,73.2,,21.8,,18.377,,324.2,,2.2,,1.52,
2024-06-13 03:57:29,2024-06-13,03:57:29,,15.4,,68.4,,21.5,,17.47,,33.6,,1.28,,0.45
2024-06-13 03:57:56,2024-06-13,03:57:56,17.0,,73.5,,21.9,,18.51,,314.7,,2.5,,2.09,
2024-06-13 03:58:32,2024-06-13,03:58:32,,15.5,,68.3,,21.5,,17.457,,17.7,,1.15,,0.75
2024-06-13 03:58:59,2024-06-13,03:58:59,16.9,,73.1,,21.9,,18.458,,318.4,,2.72,,2.07,
2024-06-13 03:59:36,2024-06-13,03:59:36,,15.4,,68.3,,21.6,,17.55,,351.5,,1.12,,0.17
2024-06-13 04:00:02,2024-06-13,04:00:02,16.6,,72.2,,22.0,,18.434,,317.9,,2.88,,1.68,
2024-06-13 04:00:40,2024-06-13,04:00:40,,15.4,,68.3,,21.5,,17.457,,338.9,,0.62,,0.42
2024-06-13 04:01:06,2024-06-13,04:01:06,16.5,,71.6,,21.9,,18.262,,316.7,,2.72,,1.82,
2024-06-13 04:01:42,2024-06-13,04:01:42,,15.5,,68.4,,21.6,,17.563,,331.0,,0.81,,0.68
2024-06-13 04:02:10,2024-06-13,04:02:10,16.4,,71.3,,21.9,,18.222,,318.1,,2.66,,1.64,
2024-06-13 04:02:46,2024-06-13,04:02:46,,15.4,,68.3,,21.6,,17.55,,335.9,,0.97,,0.89
2024-06-13 04:03:13,2024-06-13,04:03:13,16.5,,71.2,,22.0,,18.303,,327.4,,1.91,,1.36,
2024-06-13 04:03:50,2024-06-13,04:03:50,,15.5,,68.2,,21.6,,17.537,,4.6,,1.24,,0.96
2024-06-13 04:04:44,2024-06-13,04:04:44,16.4,,71.2,,21.9,,18.209,,325.8,,2.27,,1.71,
2024-06-13 04:04:54,2024-06-13,04:04:54,,15.4,,68.2,,21.5,,17.444,,19.5,,1.49,,0.9
2024-06-13 04:05:47,2024-06-13,04:05:47,16.6,,72.0,,21.9,,18.314,,320.8,,1.85,,1.38,
2024-06-13 04:05:57,2024-06-13,04:05:57,,15.5,,68.2,,21.5,,17.444,,359.2,,1.26,,0.56
2024-06-13 04:06:50,2024-06-13,04:06:50,16.7,,72.4,,21.9,,18.367,,332.3,,2.14,,1.2,
2024-06-13 04:07:00,2024-06-13,04:07:00,,15.3,,68.1,,21.5,,17.431,,50.9,,1.0,,0.8
2024-06-13 04:07:54,2024-06-13,04:07:54,16.9,,73.1,,21.9,,18.458,,323.3,,2.27,,1.57,
2024-06-13 04:08:04,2024-06-13,04:08:04,,15.4,,68.1,,21.6,,17.523,,65.2,,1.49,,1.13
2024-06-13 04:08:58,2024-06-13,04:08:58,16.9,,73.3,,21.9,,18.484,,332.1,,1.91,,0.99,
2024-06-13 04:09:08,2024-06-13,04:09:08,,15.3,,68.1,,21.5,,17.431,,83.4,,1.82,,1.4
2024-06-13 04:10:01,2024-06-13,04:10:01,17.0,,74.0,,21.9,,18.576,,320.5,,2.41,,1.21,
2024-06-13 04:10:11,2024-06-13,04:10:11,,15.3,,68.1,,21.5,,17.431,,112.6,,1.5,,0.78
2024-06-13 04:11:04,2024-06-13,04:11:04,17.2,,74.5,,22.0,,18.735,,327.3,,2.42,,1.48,
2024-06-13 04:11:14,2024-06-13,04:11:14,,15.4,,68.1,,21.6,,17.523,,96.4,,1.4,,0.4
2024-06-13 04:12:08,2024-06-13,04:12:08,17.0,,74.0,,21.9,,18.576,,314.7,,2.44,,1.3,
2024-06-13 04:12:18,2024-06-13,04:12:18,,15.4,,68.2,,21.5,,17.444,,51.1,,0.99,,0.74
2024-06-13 04:13:12,2024-06-13,04:13:12,16.9,,73.4,,21.9,,18.497,,321.1,,2.73,,1.61,
2024-06-13 04:13:22,2024-06-13,04:13:22,,15.4,,68.2,,21.5,,17.444,,25.4,,1.19,,0.77
2024-06-13 04:14:15,2024-06-13,04:14:15,16.7,,72.8,,21.8,,18.325,,318.2,,2.85,,2.31,
2024-06-13 04:14:25,2024-06-13,04:14:25,,15.3,,68.1,,21.5,,17.431,,25.2,,1.34,,1.15
2024-06-13 04:15:18,2024-06-13,04:15:18,16.6,,72.5,,21.8,,18.286,,319.2,,2.26,,1.27,
2024-06-13 04:15:28,2024-06-13,04:15:28,,15.3,,68.0,,21.5,,17.418,,17.7,,1.14,,0.35
2024-06-13 04:16:22,2024-06-13,04:16:22,16.5,,71.6,,21.9,,18.262,,319.4,,2.49,,1.41,
2024-06-13 04:16:32,2024-06-13,04:16:32,,15.3,,68.0,,21.5,,17.418,,2.3,,1.31,,0.6
2024-06-13 04:17:26,2024-06-13,04:17:26,16.5,,71.5,,21.9,,18.249,,324.5,,2.1,,1.6,
2024-06-13 04:17:36,2024-06-13,04:17:36,,15.3,,68.0,,21.5,,17.418,,351.6,,0.88,,0.65
2024-06-13 04:18:29,2024-06-13,04:18:29,16.5,,71.6,,21.9,,18.262,,326.6,,1.99,,1.51,
2024-06-13 04:18:39,2024-06-13,04:18:39,,15.3,,68.0,,21.5,,17.418,,10.2,,0.97,,0.72
2024-06-13 04:19:32,2024-06-13,04:19:32,16.5,,71.5,,21.9,,18.249,,328.9,,2.24,,1.37,
2024-06-13 04:19:42,2024-06-13,04:19:42,,15.3,,67.9,,21.5,,17.405,,4.0,,1.13,,0.91
2024-06-13 04:20:36,2024-06-13,04:20:36,16.6,,71.6,,22.0,,18.355,,335.0,,1.86,,0.98,
2024-06-13 04:20:46,2024-06-13,04:20:46,,15.3,,67.9,,21.5,,17.405,,31.8,,0.98,,0.59
2024-06-13 04:21:40,2024-06-13,04:21:40,16.4,,71.2,,21.9,,18.209,,328.6,,2.21,,1.02,
2024-06-13 04:21:50,2024-06-13,04:21:50,,15.3,,67.9,,21.5,,17.405,,46.8,,0.84,,0.53
2024-06-13 04:22:43,2024-06-13,04:22:43,,,,,16.3,,,,336.7,,1.7,,0.58,
2024-06-13 04:22:53,2024-06-13,04:22:53,,15.4,,67.8,,21.6,,17.484,,74.8,,1.17,,0.96
2024-06-13 04:23:46,2024-06-13,04:23:46,16.4,,70.9,,21.9,,18.17,,321.4,,2.35,,0.85,
2024-06-13 04:23:56,2024-06-13,04:23:56,,15.2,,67.7,,21.5,,17.379,,64.4,,1.76,,1.59
2024-06-13 04:24:50,2024-06-13,04:24:50,16.5,,71.5,,21.9,,18.249,,320.7,,2.44,,0.95,
2024-06-13 04:25:00,2024-06-13,04:25:00,,15.2,,67.7,,21.5,,17.379,,60.4,,1.98,,1.25
2024-06-13 04:25:54,2024-06-13,04:25:54,16.6,,72.0,,22.0,,18.408,,317.4,,1.91,,1.48,
2024-06-13 04:26:04,2024-06-13,04:26:04,,15.2,,67.7,,21.5,,17.379,,75.6,,1.69,,0.98
2024-06-13 04:26:57,2024-06-13,04:26:57,16.7,,72.3,,21.9,,18.353,,305.9,,1.85,,1.32,
2024-06-13 04:27:07,2024-06-13,04:27:07,,15.2,,67.7,,21.5,,17.379,,69.7,,1.45,,1.09
2024-06-13 04:28:00,2024-06-13,04:28:00,16.8,,72.7,,21.9,,18.406,,319.4,,2.26,,1.16,
2024-06-13 04:28:10,2024-06-13,04:28:10,,15.3,,67.7,,21.6,,17.471,,70.5,,1.52,,0.76
2024-06-13 04:29:04,2024-06-13,04:29:04,16.8,,72.9,,21.9,,18.432,,314.9,,1.84,,0.95,
2024-06-13 04:29:14,2024-06-13,04:29:14,,15.3,,67.7,,21.6,,17.471,,97.2,,1.32,,0.7
2024-06-13 04:30:08,2024-06-13,04:30:08,16.7,,72.6,,21.9,,18.393,,316.6,,2.13,,0.97,
2024-06-13 04:30:18,2024-06-13,04:30:18,,15.3,,67.6,,21.6,,17.458,,65.7,,1.39,,1.04
2024-06-13 04:31:11,2024-06-13,04:31:11,16.7,,72.5,,21.9,,18.38,,332.7,,2.25,,0.95,
2024-06-13 04:31:21,2024-06-13,04:31:21,,15.3,,67.6,,21.6,,17.458,,60.3,,1.88,,1.41
2024-06-13 04:32:14,2024-06-13,04:32:14,16.5,,71.6,,21.9,,18.262,,318.2,,2.44,,1.59,
2024-06-13 04:32:24,2024-06-13,04:32:24,,15.2,,67.5,,21.5,,17.352,,43.3,,1.51,,0.99
2024-06-13 04:33:18,2024-06-13,04:33:18,16.4,,71.1,,21.9,,18.196,,327.4,,2.16,,1.5,
2024-06-13 04:33:28,2024-06-13,04:33:28,,15.2,,67.4,,21.5,,17.339,,44.8,,1.85,,1.25
2024-06-13 04:34:22,2024-06-13,04:34:22,16.4,,71.0,,21.9,,18.183,,320.5,,2.58,,1.65,
2024-06-13 04:34:32,2024-06-13,04:34:32,,15.2,,67.3,,21.5,,17.326,,50.3,,1.73,,1.43
2024-06-13 04:35:25,2024-06-13,04:35:25,16.4,,71.2,,21.9,,18.209,,335.0,,1.87,,0.87,
2024-06-13 04:35:35,2024-06-13,04:35:35,,15.1,,67.2,,21.5,,17.313,,53.8,,1.61,,1.41
2024-06-13 04:36:28,2024-06-13,04:36:28,16.4,,71.2,,21.9,,18.209,,322.5,,1.94,,1.39,
2024-06-13 04:36:38,2024-06-13,04:36:38,,15.1,,67.2,,21.5,,17.313,,56.2,,1.88,,1.5
2024-06-13 04:37:32,2024-06-13,04:37:32,16.4,,71.2,,21.9,,18.209,,323.4,,2.3,,1.71,
2024-06-13 04:37:42,2024-06-13,04:37:42,,15.1,,67.1,,21.5,,17.3,,60.1,,1.83,,1.18
2024-06-13 04:38:36,2024-06-13,04:38:36,16.4,,71.1,,21.9,,18.196,,324.7,,2.0,,1.45,
2024-06-13 04:38:46,2024-06-13,04:38:46,,15.1,,67.0,,21.5,,17.287,,73.2,,1.87,,0.83
2024-06-13 04:39:40,2024-06-13,04:39:40,16.4,,71.6,,21.8,,18.168,,317.0,,2.24,,1.21,
2024-06-13 04:39:49,2024-06-13,04:39:49,,15.1,,67.0,,21.5,,17.287,,75.3,,1.01,,0.44
2024-06-13 04:40:42,2024-06-13,04:40:42,16.4,,71.7,,21.8,,18.181,,317.7,,2.21,,1.75,
2024-06-13 04:40:52,2024-06-13,04:40:52,,15.1,,67.0,,21.5,,17.287,,98.2,,0.72,,0.33
2024-06-13 04:41:46,2024-06-13,04:41:46,16.4,,71.7,,21.8,,18.181,,323.7,,2.49,,0.94,
2024-06-13 04:41:56,2024-06-13,04:41:56,,15.1,,67.0,,21.5,,17.287,,81.2,,0.86,,0.67
2024-06-13 04:42:50,2024-06-13,04:42:50,16.4,,71.4,,21.8,,18.142,,316.1,,2.73,,1.51,
2024-06-13 04:43:00,2024-06-13,04:43:00,,15.1,,67.0,,21.5,,17.287,,39.9,,0.76,,0.68
2024-06-13 04:43:53,2024-06-13,04:43:53,16.3,,71.0,,21.8,,18.09,,315.5,,2.17,,1.45,
2024-06-13 04:44:03,2024-06-13,04:44:03,,15.1,,66.9,,21.5,,17.274,,36.1,,0.86,,0.51
2024-06-13 04:44:56,2024-06-13,04:44:56,16.1,,70.2,,21.8,,17.985,,321.7,,2.35,,1.73,
2024-06-13 04:45:06,2024-06-13,04:45:06,,15.1,,66.9,,21.5,,17.274,,31.3,,1.01,,0.87
2024-06-13 04:46:00,2024-06-13,04:46:00,16.0,,69.5,,21.9,,17.986,,321.6,,2.25,,1.53,
2024-06-13 04:46:10,2024-06-13,04:46:10,,15.1,,66.9,,21.5,,17.274,,353.5,,1.0,,0.56
2024-06-13 04:47:04,2024-06-13,04:47:04,15.9,,68.8,,21.9,,17.894,,328.8,,2.4,,1.65,
2024-06-13 04:47:14,2024-06-13,04:47:14,,15.1,,66.9,,21.5,,17.274,,345.2,,1.13,,1.06
2024-06-13 04:48:07,2024-06-13,04:48:07,16.0,,68.9,,22.0,,18.0,,341.2,,1.99,,0.97,
2024-06-13 04:48:17,2024-06-13,04:48:17,,15.0,,66.8,,21.5,,17.261,,8.2,,1.13,,0.56
2024-06-13 04:49:11,2024-06-13,04:49:11,16.0,,68.9,,22.0,,18.0,,321.2,,2.36,,1.06,
2024-06-13 04:49:20,2024-06-13,04:49:20,,15.0,,66.7,,21.5,,17.247,,5.3,,1.22,,0.75
2024-06-13 04:50:14,2024-06-13,04:50:14,16.1,,69.2,,22.0,,18.039,,321.9,,1.76,,1.41,
2024-06-13 04:50:24,2024-06-13,04:50:24,,15.0,,66.7,,21.5,,17.247,,4.6,,0.74,,0.31
2024-06-13 04:51:18,2024-06-13,04:51:18,16.0,,69.4,,21.9,,17.973,,319.3,,2.36,,1.81,
2024-06-13 04:51:28,2024-06-13,04:51:28,,15.1,,66.6,,21.6,,17.326,,4.9,,0.94,,0.42
2024-06-13 04:52:22,2024-06-13,04:52:22,16.1,,69.6,,21.9,,17.999,,323.3,,2.95,,1.41,
2024-06-13 04:52:31,2024-06-13,04:52:31,,15.0,,66.6,,21.5,,17.234,,359.4,,0.98,,0.92
2024-06-13 04:53:25,2024-06-13,04:53:25,16.1,,69.7,,21.9,,18.012,,320.1,,2.55,,1.68,
2024-06-13 04:53:34,2024-06-13,04:53:34,,15.1,,66.6,,21.6,,17.326,,326.7,,1.01,,0.68
2024-06-13 04:54:28,2024-06-13,04:54:28,16.1,,69.6,,21.9,,17.999,,320.6,,2.19,,1.27,
2024-06-13 04:54:38,2024-06-13,04:54:38,,15.1,,66.7,,21.6,,17.34,,311.2,,1.34,,1.22
2024-06-13 04:55:32,2024-06-13,04:55:32,16.1,,70.0,,21.9,,18.052,,317.0,,1.83,,1.3,
2024-06-13 04:55:42,2024-06-13,04:55:42,,15.1,,66.7,,21.6,,17.34,,324.9,,1.29,,0.98
2024-06-13 04:56:36,2024-06-13,04:56:36,16.2,,70.3,,21.9,,18.091,,318.9,,1.57,,1.13,
2024-06-13 04:56:45,2024-06-13,04:56:45,,15.1,,66.8,,21.6,,17.353,,339.3,,1.12,,0.69
2024-06-13 04:57:39,2024-06-13,04:57:39,16.2,,70.4,,21.9,,18.104,,14.0,,1.55,,0.39,
2024-06-13 04:57:48,2024-06-13,04:57:48,,15.1,,66.8,,21.6,,17.353,,18.5,,0.98,,0.7
2024-06-13 04:58:42,2024-06-13,04:58:42,16.1,,70.0,,21.9,,18.052,,16.9,,0.53,,0.31,
2024-06-13 04:58:52,2024-06-13,04:58:52,,15.1,,66.8,,21.6,,17.353,,1.7,,1.13,,0.84
2024-06-13 04:59:46,2024-06-13,04:59:46,16.1,,69.9,,21.9,,18.039,,357.6,,0.53,,0.29,
2024-06-13 04:59:56,2024-06-13,04:59:56,,15.2,,66.9,,21.6,,17.366,,346.2,,0.96,,0.82
2024-06-13 05:00:50,2024-06-13,05:00:50,16.3,,70.6,,21.9,,18.131,,332.2,,0.53,,0.5,
2024-06-13 05:00:59,2024-06-13,05:00:59,,15.2,,66.9,,21.6,,17.366,,333.5,,1.43,,1.15
2024-06-13 05:01:53,2024-06-13,05:01:53,16.5,,71.1,,22.0,,18.29,,312.3,,0.84,,0.79,
2024-06-13 05:02:02,2024-06-13,05:02:02,,15.2,,66.9,,21.6,,17.366,,326.7,,1.88,,1.83
2024-06-13 05:02:56,2024-06-13,05:02:56,16.1,,69.8,,21.9,,18.025,,320.0,,0.79,,0.47,
2024-06-13 05:03:06,2024-06-13,05:03:06,,15.2,,66.9,,21.6,,17.366,,313.9,,2.1,,1.68
2024-06-13 05:04:00,2024-06-13,05:04:00,16.3,,70.8,,21.9,,18.157,,328.8,,0.8,,0.46,
2024-06-13 05:04:10,2024-06-13,05:04:10,,15.1,,66.8,,21.6,,17.353,,307.1,,2.02,,1.45
2024-06-13 05:05:04,2024-06-13,05:05:04,16.7,,72.1,,22.0,,18.421,,317.3,,0.45,,0.34,
2024-06-13 05:05:13,2024-06-13,05:05:13,,15.1,,66.6,,21.6,,17.326,,304.1,,2.29,,2.0
2024-06-13 05:06:07,2024-06-13,05:06:07,16.7,,71.8,,22.0,,18.382,,43.1,,0.59,,0.13,
2024-06-13 05:06:16,2024-06-13,05:06:16,,15.0,,66.4,,21.6,,17.3,,274.4,,1.63,,0.41
2024-06-13 05:07:10,2024-06-13,05:07:10,16.8,,72.4,,22.0,,18.46,,140.4,,0.42,,0.36,
2024-06-13 05:07:20,2024-06-13,05:07:20,,15.1,,66.2,,21.7,,17.366,,303.4,,1.41,,0.84
2024-06-13 05:08:14,2024-06-13,05:08:14,16.8,,72.1,,22.1,,18.515,,140.6,,0.52,,0.31,
2024-06-13 05:08:24,2024-06-13,05:08:24,,15.1,,66.1,,21.7,,17.352,,121.0,,0.65,,0.32
2024-06-13 05:09:18,2024-06-13,05:09:18,16.7,,71.6,,22.1,,18.449,,126.0,,0.41,,0.28,
2024-06-13 05:09:27,2024-06-13,05:09:27,,15.0,,66.1,,21.7,,17.352,,135.9,,0.45,,0.28
2024-06-13 05:10:21,2024-06-13,05:10:21,16.5,,70.8,,22.1,,18.344,,117.6,,0.59,,0.33,
2024-06-13 05:10:30,2024-06-13,05:10:30,,15.1,,66.2,,21.7,,17.366,,93.5,,1.15,,0.97
2024-06-13 05:11:24,2024-06-13,05:11:24,16.2,,70.0,,22.0,,18.145,,88.3,,0.42,,0.27,
2024-06-13 05:11:34,2024-06-13,05:11:34,,15.1,,66.2,,21.7,,17.366,,70.3,,1.09,,0.98
2024-06-13 05:12:28,2024-06-13,05:12:28,16.2,,69.9,,22.0,,18.132,,93.3,,0.35,,0.19,
2024-06-13 05:12:38,2024-06-13,05:12:38,,15.1,,66.3,,21.7,,17.379,,71.5,,1.18,,0.94
2024-06-13 05:13:32,2024-06-13,05:13:32,16.1,,69.5,,22.0,,18.079,,111.5,,0.3,,0.23,
2024-06-13 05:13:41,2024-06-13,05:13:41,,15.1,,66.3,,21.7,,17.379,,86.3,,1.0,,0.81
2024-06-13 05:14:35,2024-06-13,05:14:35,16.0,,68.8,,22.0,,17.986,,98.8,,0.44,,0.26,
2024-06-13 05:14:44,2024-06-13,05:14:44,,15.1,,66.2,,21.7,,17.366,,68.1,,1.11,,0.94
2024-06-13 05:15:38,2024-06-13,05:15:38,16.0,,69.0,,22.0,,18.013,,40.3,,0.37,,0.05,
2024-06-13 05:15:48,2024-06-13,05:15:48,,15.1,,66.3,,21.7,,17.379,,52.0,,1.47,,1.14
2024-06-13 05:16:42,2024-06-13,05:16:42,16.0,,68.9,,22.0,,18.0,,78.1,,0.64,,0.52,
2024-06-13 05:16:52,2024-06-13,05:16:52,,15.1,,66.3,,21.7,,17.379,,51.4,,1.77,,1.32
2024-06-13 05:17:46,2024-06-13,05:17:46,16.0,,69.1,,22.0,,18.026,,70.2,,0.58,,0.23,
2024-06-13 05:17:55,2024-06-13,05:17:55,,15.1,,66.4,,21.7,,17.392,,75.3,,1.48,,1.32
2024-06-13 05:18:49,2024-06-13,05:18:49,16.0,,69.1,,22.0,,18.026,,118.1,,0.5,,0.25,
2024-06-13 05:18:58,2024-06-13,05:18:58,,15.1,,66.3,,21.7,,17.379,,61.5,,1.89,,0.99
2024-06-13 05:19:52,2024-06-13,05:19:52,16.0,,69.1,,22.0,,18.026,,65.0,,0.49,,0.12,
2024-06-13 05:20:02,2024-06-13,05:20:02,,15.1,,66.3,,21.7,,17.379,,84.4,,2.18,,1.72
2024-06-13 05:20:56,2024-06-13,05:20:56,16.0,,68.9,,22.0,,18.0,,118.0,,0.51,,0.21,
2024-06-13 05:21:06,2024-06-13,05:21:06,,15.1,,66.2,,21.7,,17.366,,92.3,,2.09,,0.73
2024-06-13 05:22:00,2024-06-13,05:22:00,15.9,,68.3,,22.0,,17.92,,156.8,,0.41,,0.29,
2024-06-13 05:22:09,2024-06-13,05:22:09,,15.1,,66.1,,21.7,,17.352,,59.9,,1.86,,1.14
2024-06-13 05:23:03,2024-06-13,05:23:03,15.8,,67.8,,22.0,,17.854,,159.3,,0.5,,0.4,
2024-06-13 05:23:12,2024-06-13,05:23:12,,15.1,,66.1,,21.7,,17.352,,101.2,,2.08,,1.49
2024-06-13 05:24:06,2024-06-13,05:24:06,15.9,,68.2,,22.0,,17.907,,260.1,,0.5,,0.09,
2024-06-13 05:24:16,2024-06-13,05:24:16,,15.0,,65.9,,21.7,,17.326,,32.2,,1.84,,0.46
2024-06-13 05:25:10,2024-06-13,05:25:10,16.5,,70.8,,22.1,,18.344,,319.1,,0.51,,0.4,
2024-06-13 05:25:20,2024-06-13,05:25:20,,15.0,,65.8,,21.7,,17.313,,46.5,,1.77,,1.35
2024-06-13 05:26:14,2024-06-13,05:26:14,16.4,,69.7,,22.2,,18.291,,317.2,,0.77,,0.71,
2024-06-13 05:26:23,2024-06-13,05:26:23,,14.9,,65.4,,21.7,,17.26,,43.8,,1.67,,1.38
2024-06-13 05:27:17,2024-06-13,05:27:17,16.0,,67.8,,22.2,,18.039,,334.7,,0.69,,0.59,
2024-06-13 05:27:26,2024-06-13,05:27:26,,15.0,,65.1,,21.8,,17.312,,35.5,,1.53,,1.02
2024-06-13 05:28:20,2024-06-13,05:28:20,15.7,,66.2,,22.3,,17.917,,339.8,,0.82,,0.67,
2024-06-13 05:28:30,2024-06-13,05:28:30,,14.9,,64.9,,21.8,,17.285,,26.2,,1.35,,0.99
2024-06-13 05:29:24,2024-06-13,05:29:24,15.3,,65.2,,22.2,,17.692,,344.5,,0.88,,0.72,
2024-06-13 05:29:34,2024-06-13,05:29:34,,15.0,,64.7,,21.9,,17.35,,12.5,,2.44,,2.04
2024-06-13 05:30:28,2024-06-13,05:30:28,15.5,,65.5,,22.3,,17.824,,330.0,,0.95,,0.64,
2024-06-13 05:30:37,2024-06-13,05:30:37,,14.9,,64.3,,21.9,,17.297,,347.8,,2.47,,1.6
2024-06-13 05:31:31,2024-06-13,05:31:31,15.7,,66.1,,22.3,,17.904,,329.6,,0.83,,0.64,
2024-06-13 05:31:40,2024-06-13,05:31:40,,14.9,,64.0,,22.0,,17.348,,350.2,,2.49,,1.36
2024-06-13 05:32:34,2024-06-13,05:32:34,16.3,,68.3,,22.5,,18.383,,308.9,,0.74,,0.46,
2024-06-13 05:32:44,2024-06-13,05:32:44,,14.9,,64.0,,22.0,,17.348,,343.2,,2.13,,1.78
2024-06-13 05:33:38,2024-06-13,05:33:38,16.5,,68.4,,22.6,,18.49,,339.3,,0.69,,0.3,
2024-06-13 05:33:48,2024-06-13,05:33:48,,14.9,,64.1,,22.0,,17.361,,352.6,,1.8,,1.17
2024-06-13 05:34:42,2024-06-13,05:34:42,16.6,,68.8,,22.6,,18.543,,293.8,,0.56,,0.14,
2024-06-13 05:34:51,2024-06-13,05:34:51,,14.9,,64.2,,22.0,,17.375,,6.7,,1.83,,1.33
2024-06-13 05:35:45,2024-06-13,05:35:45,16.6,,68.8,,22.6,,18.543,,331.1,,0.29,,0.11,
2024-06-13 05:35:54,2024-06-13,05:35:54,,15.0,,64.4,,22.1,,17.493,,22.8,,1.43,,0.67
2024-06-13 05:36:48,2024-06-13,05:36:48,16.6,,69.0,,22.6,,18.57,,331.1,,0.19,,0.12,
2024-06-13 05:36:58,2024-06-13,05:36:58,,15.1,,64.5,,22.1,,17.506,,47.2,,1.43,,0.65
2024-06-13 05:37:52,2024-06-13,05:37:52,16.7,,69.3,,22.6,,18.61,,331.1,,0.21,,0.16,
2024-06-13 05:38:02,2024-06-13,05:38:02,,15.1,,64.6,,22.1,,17.52,,17.7,,0.98,,0.67
2024-06-13 05:38:56,2024-06-13,05:38:56,17.3,,71.7,,22.7,,19.024,,289.6,,0.35,,0.29,
2024-06-13 05:39:05,2024-06-13,05:39:05,,15.1,,64.6,,22.1,,17.52,,359.2,,1.56,,1.27
2024-06-13 05:39:59,2024-06-13,05:39:59,17.5,,72.3,,22.8,,19.198,,261.2,,0.45,,0.13,
2024-06-13 05:40:08,2024-06-13,05:40:08,,15.1,,64.8,,22.1,,17.546,,335.6,,1.47,,0.88
2024-06-13 05:41:02,2024-06-13,05:41:02,17.4,,71.8,,22.8,,19.131,,328.5,,0.52,,0.26,
2024-06-13 05:41:12,2024-06-13,05:41:12,,15.2,,64.9,,22.1,,17.56,,13.2,,1.02,,0.81
2024-06-13 05:42:06,2024-06-13,05:42:06,16.9,,69.9,,22.7,,18.784,,59.2,,0.59,,0.28,
2024-06-13 05:42:16,2024-06-13,05:42:16,,15.2,,64.9,,22.1,,17.56,,46.0,,1.66,,0.99
2024-06-13 05:43:10,2024-06-13,05:43:10,16.6,,68.9,,22.6,,18.557,,70.9,,0.35,,0.13,
2024-06-13 05:43:19,2024-06-13,05:43:19,,15.2,,64.9,,22.1,,17.56,,57.7,,1.58,,1.3
2024-06-13 05:44:13,2024-06-13,05:44:13,16.5,,68.5,,22.6,,18.503,,119.5,,0.47,,0.23,
2024-06-13 05:44:22,2024-06-13,05:44:22,,15.2,,64.9,,22.1,,17.56,,60.8,,1.52,,1.36
2024-06-13 05:45:16,2024-06-13,05:45:16,16.5,,68.6,,22.6,,18.516,,124.0,,0.33,,0.11,
2024-06-13 05:45:26,2024-06-13,05:45:26,,15.1,,64.9,,22.0,,17.468,,60.7,,1.76,,1.19
2024-06-13 05:46:20,2024-06-13,05:46:20,16.5,,68.7,,22.6,,18.53,,124.0,,0.17,,0.06,
2024-06-13 05:46:30,2024-06-13,05:46:30,,15.1,,64.9,,22.0,,17.468,,57.1,,1.73,,1.22
2024-06-13 05:47:24,2024-06-13,05:47:24,16.5,,68.5,,22.6,,18.503,,8.4,,0.32,,0.23,
2024-06-13 05:47:33,2024-06-13,05:47:33,,15.1,,65.0,,22.0,,17.482,,43.0,,1.52,,0.86
2024-06-13 05:48:27,2024-06-13,05:48:27,16.5,,68.9,,22.5,,18.464,,310.8,,0.64,,0.58,
2024-06-13 05:48:36,2024-06-13,05:48:36,,15.1,,65.0,,22.0,,17.482,,21.4,,1.64,,1.33
2024-06-13 05:49:30,2024-06-13,05:49:30,16.4,,68.6,,22.5,,18.424,,323.4,,0.75,,0.68,
2024-06-13 05:49:40,2024-06-13,05:49:40,,15.1,,64.9,,22.0,,17.468,,340.2,,1.44,,0.88
2024-06-13 05:50:34,2024-06-13,05:50:34,16.4,,69.1,,22.4,,18.398,,317.5,,0.96,,0.63,
2024-06-13 05:50:44,2024-06-13,05:50:44,,15.1,,64.9,,22.0,,17.468,,318.8,,1.4,,1.34
2024-06-13 05:51:38,2024-06-13,05:51:38,16.4,,68.9,,22.4,,18.371,,329.3,,0.77,,0.49,
2024-06-13 05:51:47,2024-06-13,05:51:47,,15.1,,64.9,,22.0,,17.468,,325.5,,1.57,,1.1
2024-06-13 05:52:41,2024-06-13,05:52:41,16.3,,68.5,,22.4,,18.318,,352.6,,0.59,,0.23,
2024-06-13 05:52:50,2024-06-13,05:52:50,,15.1,,64.9,,22.0,,17.468,,336.2,,1.11,,0.44
2024-06-13 05:53:44,2024-06-13,05:53:44,16.2,,68.2,,22.4,,18.277,,83.8,,0.31,,0.15,
2024-06-13 05:53:54,2024-06-13,05:53:54,,15.1,,64.9,,22.0,,17.468,,354.5,,0.74,,0.51
2024-06-13 05:54:48,2024-06-13,05:54:48,16.5,,69.2,,22.4,,18.411,,83.8,,0.23,,0.15,
2024-06-13 05:54:58,2024-06-13,05:54:58,,15.1,,65.0,,22.0,,17.482,,240.8,,0.4,,0.26
2024-06-13 05:55:52,2024-06-13,05:55:52,,,,,16.8,,,,22.5,,7.02,,0.24,
2024-06-13 05:56:01,2024-06-13,05:56:01,,15.1,,65.0,,22.0,,17.482,,101.2,,0.38,,0.31
2024-06-13 05:56:55,2024-06-13,05:56:55,16.6,,69.3,,22.5,,18.517,,355.1,,0.45,,0.37,
2024-06-13 05:57:04,2024-06-13,05:57:04,,15.1,,65.0,,22.0,,17.482,,8.7,,1.14,,0.99
2024-06-13 05:57:58,2024-06-13,05:57:58,16.2,,68.2,,22.4,,18.277,,22.7,,0.63,,0.33,
2024-06-13 05:58:08,2024-06-13,05:58:08,,15.1,,64.9,,22.0,,17.468,,38.2,,1.55,,1.39
2024-06-13 05:59:02,2024-06-13,05:59:02,16.1,,67.8,,22.4,,18.224,,85.6,,0.41,,0.32,
2024-06-13 05:59:12,2024-06-13,05:59:12,,15.0,,64.8,,22.0,,17.455,,55.9,,1.6,,1.28
2024-06-13 06:00:06,2024-06-13,06:00:06,16.1,,67.9,,22.4,,18.237,,128.7,,0.44,,0.24,
2024-06-13 06:00:15,2024-06-13,06:00:15,,15.0,,64.8,,22.0,,17.455,,91.1,,1.56,,1.06
2024-06-13 06:01:09,2024-06-13,06:01:09,16.1,,67.6,,22.4,,18.197,,131.4,,0.53,,0.38,
2024-06-13 06:01:18,2024-06-13,06:01:18,,15.1,,64.9,,22.0,,17.468,,94.5,,1.27,,0.86
2024-06-13 06:02:12,2024-06-13,06:02:12,16.1,,67.8,,22.4,,18.224,,133.6,,0.47,,0.37,
2024-06-13 06:02:22,2024-06-13,06:02:22,,15.1,,65.0,,22.0,,17.482,,109.6,,0.94,,0.45
2024-06-13 06:03:16,2024-06-13,06:03:16,16.0,,67.9,,22.3,,18.145,,80.4,,0.46,,0.19,
2024-06-13 06:03:26,2024-06-13,06:03:26,,15.1,,65.1,,22.0,,17.495,,70.8,,0.99,,0.85
2024-06-13 06:04:20,2024-06-13,06:04:20,16.2,,68.0,,22.4,,18.251,,91.8,,0.28,,0.14,
2024-06-13 06:04:29,2024-06-13,06:04:29,,15.2,,65.1,,22.1,,17.587,,80.9,,1.11,,0.83
2024-06-13 06:05:23,2024-06-13,06:05:23,16.2,,68.1,,22.4,,18.264,,91.8,,0.23,,0.16,
2024-06-13 06:05:32,2024-06-13,06:05:32,,15.2,,65.2,,22.1,,17.6,,86.2,,1.02,,0.69
2024-06-13 06:06:26,2024-06-13,06:06:26,16.5,,69.4,,22.4,,18.438,,154.1,,0.32,,0.23,
2024-06-13 06:06:36,2024-06-13,06:06:36,,15.1,,65.2,,22.0,,17.508,,181.6,,0.77,,0.3
2024-06-13 06:07:30,2024-06-13,06:07:30,16.7,,70.3,,22.4,,18.557,,195.0,,0.33,,0.12,
2024-06-13 06:07:40,2024-06-13,06:07:40,,15.2,,65.3,,22.0,,17.522,,110.4,,1.02,,0.2
2024-06-13 06:08:34,2024-06-13,06:08:34,17.0,,71.1,,22.5,,18.757,,276.7,,0.35,,0.15,
2024-06-13 06:08:43,2024-06-13,06:08:43,,15.3,,65.3,,22.0,,17.522,,73.7,,0.84,,0.64
2024-06-13 06:09:38,2024-06-13,06:09:38,17.2,,72.1,,22.5,,18.89,,287.8,,0.37,,0.09,
2024-06-13 06:09:46,2024-06-13,06:09:46,,15.2,,65.3,,22.0,,17.522,,49.6,,0.98,,0.65
2024-06-13 06:10:40,2024-06-13,06:10:40,17.2,,71.5,,22.6,,18.904,,27.3,,0.35,,0.2,
2024-06-13 06:10:50,2024-06-13,06:10:50,,15.2,,65.3,,22.0,,17.522,,61.2,,1.02,,0.89
2024-06-13 06:11:44,2024-06-13,06:11:44,16.9,,70.4,,22.5,,18.664,,47.8,,0.3,,0.08,
2024-06-13 06:11:54,2024-06-13,06:11:54,,15.1,,65.2,,22.0,,17.508,,64.4,,1.57,,1.37
2024-06-13 06:12:48,2024-06-13,06:12:48,16.7,,69.9,,22.5,,18.597,,133.7,,0.5,,0.38,
2024-06-13 06:12:57,2024-06-13,06:12:57,,15.1,,65.1,,22.0,,17.495,,101.3,,1.47,,0.71
2024-06-13 06:13:51,2024-06-13,06:13:51,16.5,,69.5,,22.4,,18.451,,135.4,,0.58,,0.45,
2024-06-13 06:14:00,2024-06-13,06:14:00,,15.1,,65.2,,22.0,,17.508,,114.1,,0.98,,0.82
2024-06-13 06:14:55,2024-06-13,06:14:55,16.4,,68.9,,22.4,,18.371,,137.8,,0.68,,0.36,
2024-06-13 06:15:04,2024-06-13,06:15:04,,15.2,,65.3,,22.0,,17.522,,89.8,,0.99,,0.9
2024-06-13 06:15:58,2024-06-13,06:15:58,16.2,,68.7,,22.3,,18.251,,163.8,,0.36,,0.22,
2024-06-13 06:16:08,2024-06-13,06:16:08,,15.2,,65.3,,22.0,,17.522,,74.5,,1.17,,0.73
2024-06-13 06:17:02,2024-06-13,06:17:02,16.3,,68.7,,22.4,,18.344,,170.3,,0.28,,0.12,
2024-06-13 06:17:11,2024-06-13,06:17:11,,15.2,,65.3,,22.0,,17.522,,1.2,,0.85,,0.24
2024-06-13 06:18:06,2024-06-13,06:18:06,16.5,,69.4,,22.4,,18.438,,251.8,,0.26,,0.15,
2024-06-13 06:18:14,2024-06-13,06:18:14,,15.2,,65.4,,22.0,,17.535,,258.0,,0.35,,0.16
2024-06-13 06:19:09,2024-06-13,06:19:09,16.7,,70.1,,22.4,,18.531,,186.9,,0.25,,0.18,
2024-06-13 06:19:18,2024-06-13,06:19:18,,15.2,,65.4,,22.0,,17.535,,220.8,,0.53,,0.28
2024-06-13 06:20:12,2024-06-13,06:20:12,16.6,,69.6,,22.4,,18.464,,213.4,,0.3,,0.17,
2024-06-13 06:20:22,2024-06-13,06:20:22,,15.2,,65.3,,22.0,,17.522,,147.2,,0.74,,0.54
2024-06-13 06:21:16,2024-06-13,06:21:16,16.6,,69.7,,22.4,,18.478,,213.4,,0.14,,0.06,
2024-06-13 06:21:25,2024-06-13,06:21:25,,15.1,,65.2,,22.0,,17.508,,109.0,,1.11,,0.9
2024-06-13 06:22:20,2024-06-13,06:22:20,16.5,,69.4,,22.4,,18.438,,143.0,,0.43,,0.38,
2024-06-13 06:22:28,2024-06-13,06:22:28,,15.1,,65.2,,22.0,,17.508,,107.4,,1.24,,1.01
2024-06-13 06:23:23,2024-06-13,06:23:23,16.3,,68.5,,22.4,,18.318,,145.5,,0.51,,0.42,
2024-06-13 06:23:32,2024-06-13,06:23:32,,15.1,,65.1,,22.0,,17.495,,128.1,,1.43,,0.98
2024-06-13 06:24:26,2024-06-13,06:24:26,16.4,,69.0,,22.4,,18.384,,156.3,,0.49,,0.29,
2024-06-13 06:24:36,2024-06-13,06:24:36,,15.1,,65.0,,22.0,,17.482,,114.8,,1.25,,1.13
2024-06-13 06:25:30,2024-06-13,06:25:30,16.4,,69.1,,22.4,,18.398,,159.5,,0.35,,0.07,
2024-06-13 06:25:39,2024-06-13,06:25:39,,15.1,,64.9,,22.0,,17.468,,94.7,,0.84,,0.34
2024-06-13 06:26:34,2024-06-13,06:26:34,,,,,16.4,,,,22.4,,6.91,,0.26,
2024-06-13 06:26:42,2024-06-13,06:26:42,,15.0,,64.8,,22.0,,17.455,,47.6,,0.94,,0.57
2024-06-13 06:27:37,2024-06-13,06:27:37,16.4,,68.9,,22.4,,18.371,,6.4,,0.4,,0.28,
2024-06-13 06:27:46,2024-06-13,06:27:46,,15.1,,64.6,,22.1,,17.52,,59.2,,1.32,,0.78
2024-06-13 06:28:40,2024-06-13,06:28:40,16.4,,68.8,,22.4,,18.358,,359.2,,0.33,,0.07,
2024-06-13 06:28:50,2024-06-13,06:28:50,,15.1,,64.5,,22.1,,17.506,,64.8,,0.93,,0.73
2024-06-13 06:29:44,2024-06-13,06:29:44,16.3,,68.7,,22.4,,18.344,,359.2,,0.23,,0.19,
2024-06-13 06:29:53,2024-06-13,06:29:53,,15.0,,64.4,,22.1,,17.493,,60.6,,1.03,,0.94
2024-06-13 06:30:48,2024-06-13,06:30:48,16.2,,68.1,,22.4,,18.264,,39.0,,0.34,,0.2,
2024-06-13 06:30:56,2024-06-13,06:30:56,,15.0,,64.2,,22.1,,17.466,,65.6,,1.44,,0.99
2024-06-13 06:31:51,2024-06-13,06:31:51,16.1,,67.6,,22.4,,18.197,,73.1,,0.25,,0.14,
2024-06-13 06:32:00,2024-06-13,06:32:00,,15.0,,64.0,,22.1,,17.439,,69.0,,1.66,,0.94
2024-06-13 06:32:54,2024-06-13,06:32:54,16.1,,67.6,,22.4,,18.197,,168.9,,0.27,,0.22,
2024-06-13 06:33:04,2024-06-13,06:33:04,,15.0,,63.9,,22.1,,17.426,,99.1,,0.99,,0.44
2024-06-13 06:33:58,2024-06-13,06:33:58,16.1,,67.7,,22.4,,18.211,,118.9,,0.36,,0.24,
2024-06-13 06:34:08,2024-06-13,06:34:08,,15.0,,63.9,,22.2,,17.517,,101.6,,0.42,,0.37
2024-06-13 06:35:02,2024-06-13,06:35:02,16.0,,67.3,,22.4,,18.157,,137.0,,0.37,,0.24,
2024-06-13 06:35:10,2024-06-13,06:35:10,,15.0,,64.0,,22.2,,17.53,,104.2,,1.68,,0.78
2024-06-13 06:36:05,2024-06-13,06:36:05,16.0,,67.2,,22.4,,18.144,,67.5,,0.36,,0.22,
2024-06-13 06:36:14,2024-06-13,06:36:14,,15.0,,64.0,,22.2,,17.53,,80.0,,1.19,,0.77
2024-06-13 06:37:08,2024-06-13,06:37:08,16.0,,67.2,,22.4,,18.144,,68.6,,0.29,,0.08,
2024-06-13 06:37:18,2024-06-13,06:37:18,,15.1,,63.9,,22.3,,17.608,,67.6,,1.07,,0.8
2024-06-13 06:38:12,2024-06-13,06:38:12,16.0,,67.3,,22.4,,18.157,,8.6,,0.26,,0.15,
2024-06-13 06:38:21,2024-06-13,06:38:21,,15.1,,63.8,,22.3,,17.595,,47.1,,1.26,,0.77
2024-06-13 06:39:16,2024-06-13,06:39:16,16.0,,67.4,,22.4,,18.17,,8.6,,0.16,,0.09,
2024-06-13 06:39:24,2024-06-13,06:39:24,,15.0,,63.6,,22.3,,17.568,,86.3,,1.32,,0.79
2024-06-13 06:40:19,2024-06-13,06:40:19,16.0,,67.3,,22.4,,18.157,,166.2,,0.27,,0.2,
2024-06-13 06:40:28,2024-06-13,06:40:28,,15.0,,63.6,,22.3,,17.568,,116.7,,1.11,,0.66
2024-06-13 06:41:22,2024-06-13,06:41:22,16.0,,67.1,,22.4,,18.13,,154.8,,0.29,,0.16,
2024-06-13 06:41:32,2024-06-13,06:41:32,,15.0,,63.6,,22.3,,17.568,,89.0,,1.04,,0.77
2024-06-13 06:42:26,2024-06-13,06:42:26,16.0,,66.9,,22.4,,18.103,,116.9,,0.29,,0.18,
2024-06-13 06:42:36,2024-06-13,06:42:36,,15.1,,63.6,,22.4,,17.659,,82.0,,1.12,,0.71
2024-06-13 06:43:30,2024-06-13,06:43:30,16.0,,66.9,,22.4,,18.103,,116.9,,0.24,,0.09,
2024-06-13 06:43:38,2024-06-13,06:43:38,,15.1,,63.5,,22.4,,17.645,,73.1,,1.07,,0.87
2024-06-13 06:44:33,2024-06-13,06:44:33,16.0,,67.2,,22.4,,18.144,,48.3,,0.31,,0.22,
2024-06-13 06:44:42,2024-06-13,06:44:42,,15.1,,63.4,,22.4,,17.632,,69.0,,0.95,,0.74
2024-06-13 06:45:36,2024-06-13,06:45:36,16.0,,67.3,,22.4,,18.157,,72.7,,0.29,,0.1,
2024-06-13 06:45:46,2024-06-13,06:45:46,,15.1,,63.4,,22.4,,17.632,,70.3,,0.88,,0.56
2024-06-13 06:46:40,2024-06-13,06:46:40,16.1,,67.2,,22.5,,18.236,,179.3,,0.26,,0.15,
2024-06-13 06:46:49,2024-06-13,06:46:49,,15.1,,63.3,,22.4,,17.618,,81.7,,1.23,,0.73
2024-06-13 06:47:44,2024-06-13,06:47:44,15.9,,66.5,,22.4,,18.05,,99.1,,0.43,,0.35,
2024-06-13 06:47:53,2024-06-13,06:47:53,,15.0,,63.2,,22.4,,17.604,,86.5,,1.24,,1.16
2024-06-13 06:48:47,2024-06-13,06:48:47,15.8,,66.1,,22.4,,17.996,,120.3,,0.47,,0.24,
2024-06-13 06:48:56,2024-06-13,06:48:56,,15.0,,63.1,,22.4,,17.591,,75.0,,1.37,,0.84
2024-06-13 06:49:51,2024-06-13,06:49:51,15.7,,65.7,,22.4,,17.942,,113.8,,0.47,,0.24,
2024-06-13 06:50:00,2024-06-13,06:50:00,,15.0,,63.0,,22.4,,17.577,,90.1,,1.36,,1.06
2024-06-13 06:50:54,2024-06-13,06:50:54,15.7,,65.7,,22.4,,17.942,,76.7,,0.5,,0.19,
2024-06-13 06:51:03,2024-06-13,06:51:03,,15.0,,62.9,,22.4,,17.564,,82.9,,1.54,,1.07
2024-06-13 06:51:58,2024-06-13,06:51:58,15.7,,65.7,,22.4,,17.942,,79.4,,0.41,,0.2,
2024-06-13 06:52:07,2024-06-13,06:52:07,,15.0,,62.9,,22.4,,17.564,,98.7,,1.13,,0.8
2024-06-13 06:53:01,2024-06-13,06:53:01,15.5,,65.1,,22.4,,17.861,,105.2,,0.46,,0.19,
2024-06-13 06:53:10,2024-06-13,06:53:10,,15.0,,62.7,,22.5,,17.627,,95.4,,1.59,,0.56
2024-06-13 06:54:05,2024-06-13,06:54:05,15.3,,64.3,,22.4,,17.753,,125.0,,0.43,,0.28,
2024-06-13 06:54:14,2024-06-13,06:54:14,,15.0,,62.7,,22.5,,17.627,,79.3,,1.17,,0.66
2024-06-13 06:55:08,2024-06-13,06:55:08,15.2,,63.9,,22.4,,17.699,,127.3,,0.48,,0.27,
2024-06-13 06:55:18,2024-06-13,06:55:18,,14.9,,62.3,,22.5,,17.573,,92.9,,1.79,,0.99
2024-06-13 06:56:12,2024-06-13,06:56:12,15.1,,63.6,,22.4,,17.659,,107.7,,0.51,,0.24,
2024-06-13 06:56:21,2024-06-13,06:56:21,,14.9,,62.0,,22.5,,17.532,,84.2,,1.35,,0.9
2024-06-13 06:57:15,2024-06-13,06:57:15,15.2,,63.5,,22.5,,17.736,,145.1,,0.42,,0.2,
2024-06-13 06:57:24,2024-06-13,06:57:24,,14.8,,61.8,,22.5,,17.505,,86.6,,1.5,,0.97
2024-06-13 06:58:19,2024-06-13,06:58:19,15.2,,63.4,,22.5,,17.723,,95.0,,0.43,,0.14,
2024-06-13 06:58:28,2024-06-13,06:58:28,,14.8,,61.6,,22.5,,17.477,,89.7,,1.89,,1.37
2024-06-13 06:59:22,2024-06-13,06:59:22,15.1,,63.2,,22.5,,17.695,,98.7,,0.46,,0.29,
2024-06-13 06:59:32,2024-06-13,06:59:32,,14.7,,61.4,,22.5,,17.45,,70.6,,1.96,,0.87
2024-06-13 07:00:26,2024-06-13,07:00:26,15.0,,62.9,,22.6,,17.746,,107.5,,0.53,,0.25,
2024-06-13 07:00:34,2024-06-13,07:00:34,,14.8,,61.3,,22.6,,17.527,,84.6,,1.88,,0.77
2024-06-13 07:01:29,2024-06-13,07:01:29,15.1,,62.7,,22.6,,17.718,,116.8,,0.48,,0.33,
2024-06-13 07:01:38,2024-06-13,07:01:38,,14.7,,61.1,,22.6,,17.499,,95.5,,1.64,,1.41
2024-06-13 07:02:33,2024-06-13,07:02:33,15.1,,62.6,,22.6,,17.705,,83.7,,0.47,,0.23,
2024-06-13 07:02:42,2024-06-13,07:02:42,,14.8,,61.1,,22.7,,17.589,,97.7,,1.29,,0.64
2024-06-13 07:03:36,2024-06-13,07:03:36,15.2,,62.8,,22.7,,17.823,,90.1,,0.37,,0.12,
2024-06-13 07:03:46,2024-06-13,07:03:46,,14.8,,61.0,,22.7,,17.576,,65.6,,1.23,,0.47
2024-06-13 07:04:40,2024-06-13,07:04:40,15.3,,63.0,,22.7,,17.85,,99.3,,0.27,,0.15,
2024-06-13 07:04:49,2024-06-13,07:04:49,,14.9,,60.9,,22.8,,17.652,,69.0,,1.37,,0.93
2024-06-13 07:05:43,2024-06-13,07:05:43,15.2,,62.9,,22.7,,17.836,,42.5,,0.36,,0.26,
2024-06-13 07:05:52,2024-06-13,07:05:52,,14.8,,60.7,,22.8,,17.624,,39.0,,0.94,,0.69
2024-06-13 07:06:47,2024-06-13,07:06:47,15.2,,62.9,,22.7,,17.836,,54.1,,0.39,,0.28,
2024-06-13 07:06:56,2024-06-13,07:06:56,,14.8,,60.3,,22.9,,17.659,,44.7,,1.36,,0.6
2024-06-13 07:07:50,2024-06-13,07:07:50,15.4,,63.2,,22.8,,17.968,,349.6,,0.45,,0.31,
2024-06-13 07:08:00,2024-06-13,07:08:00,,14.7,,60.0,,22.9,,17.617,,51.7,,1.44,,0.95
2024-06-13 07:08:54,2024-06-13,07:08:54,15.4,,63.1,,22.8,,17.955,,14.0,,0.43,,0.3,
2024-06-13 07:09:03,2024-06-13,07:09:03,,14.6,,59.6,,22.9,,17.562,,28.3,,1.26,,0.97
2024-06-13 07:09:57,2024-06-13,07:09:57,15.7,,64.0,,22.9,,18.169,,326.1,,0.32,,0.25,
2024-06-13 07:10:06,2024-06-13,07:10:06,,14.7,,59.4,,23.0,,17.624,,52.7,,0.99,,0.7
2024-06-13 07:11:00,2024-06-13,07:11:00,15.6,,63.6,,22.9,,18.114,,16.9,,0.37,,0.18,
2024-06-13 07:11:10,2024-06-13,07:11:10,,14.6,,59.2,,23.0,,17.596,,358.9,,0.92,,0.59
2024-06-13 07:12:04,2024-06-13,07:12:04,15.7,,63.6,,23.0,,18.205,,0.9,,0.52,,0.44,
2024-06-13 07:12:14,2024-06-13,07:12:14,,14.7,,59.1,,23.1,,17.671,,13.9,,0.93,,0.73
2024-06-13 07:13:08,2024-06-13,07:13:08,15.6,,62.9,,23.1,,18.2,,336.1,,0.46,,0.26,
2024-06-13 07:13:17,2024-06-13,07:13:17,,14.6,,59.0,,23.1,,17.657,,17.8,,1.25,,1.11
2024-06-13 07:14:12,2024-06-13,07:14:12,15.8,,63.3,,23.2,,18.346,,358.2,,0.6,,0.49,
2024-06-13 07:14:20,2024-06-13,07:14:20,,14.7,,59.0,,23.2,,17.747,,353.1,,1.1,,0.64
2024-06-13 07:15:15,2024-06-13,07:15:15,15.9,,63.0,,23.3,,18.396,,341.9,,0.75,,0.51,
2024-06-13 07:15:24,2024-06-13,07:15:24,,14.8,,59.0,,23.3,,17.836,,7.7,,1.24,,1.17
2024-06-13 07:16:18,2024-06-13,07:16:18,16.0,,63.3,,23.4,,18.528,,345.2,,0.72,,0.61,
2024-06-13 07:16:28,2024-06-13,07:16:28,,14.9,,59.1,,23.3,,17.85,,9.2,,1.65,,1.58
2024-06-13 07:17:22,2024-06-13,07:17:22,15.9,,62.2,,23.5,,18.466,,325.9,,0.89,,0.52,
2024-06-13 07:17:58,2024-06-13,07:17:58,,14.9,,58.8,,23.4,,17.897,,21.0,,1.89,,1.44
2024-06-13 07:18:26,2024-06-13,07:18:26,15.7,,61.7,,23.5,,18.396,,359.5,,1.11,,0.8,
2024-06-13 07:19:02,2024-06-13,07:19:02,,14.8,,58.6,,23.4,,17.869,,24.9,,1.55,,0.92
2024-06-13 07:19:29,2024-06-13,07:19:29,15.6,,61.2,,23.5,,18.325,,352.9,,1.02,,0.51,
2024-06-13 07:20:06,2024-06-13,07:20:06,,14.7,,58.2,,23.4,,17.812,,4.5,,2.52,,2.19
2024-06-13 07:20:32,2024-06-13,07:20:32,15.8,,62.0,,23.5,,18.438,,314.1,,0.7,,0.32,
2024-06-13 07:21:09,2024-06-13,07:21:09,,14.7,,58.0,,23.4,,17.784,,18.1,,2.35,,1.28
2024-06-13 07:21:36,2024-06-13,07:21:36,15.9,,62.1,,23.6,,18.542,,311.0,,0.41,,0.22,
2024-06-13 07:22:12,2024-06-13,07:22:12,,14.6,,57.8,,23.4,,17.756,,41.0,,2.54,,0.98
2024-06-13 07:22:40,2024-06-13,07:22:40,16.0,,62.3,,23.6,,18.57,,22.9,,0.35,,0.13,
2024-06-13 07:23:16,2024-06-13,07:23:16,,14.7,,57.9,,23.5,,17.859,,23.9,,1.72,,1.16
2024-06-13 07:23:43,2024-06-13,07:23:43,15.6,,60.8,,23.5,,18.269,,354.7,,0.93,,0.61,
2024-06-13 07:24:20,2024-06-13,07:24:20,,14.7,,57.9,,23.5,,17.859,,9.3,,2.05,,1.7
2024-06-13 07:24:46,2024-06-13,07:24:46,15.6,,61.0,,23.6,,18.388,,353.9,,0.68,,0.56,
2024-06-13 07:25:23,2024-06-13,07:25:23,,14.6,,57.5,,23.5,,17.802,,13.5,,2.31,,1.53
2024-06-13 07:25:50,2024-06-13,07:25:50,15.5,,60.5,,23.6,,18.317,,337.6,,0.99,,0.59,
2024-06-13 07:26:26,2024-06-13,07:26:26,,14.6,,57.4,,23.5,,17.788,,2.0,,2.05,,1.68
2024-06-13 07:26:54,2024-06-13,07:26:54,,,,,15.8,,,,23.7,,6.12,,1.78,
2024-06-13 07:27:30,2024-06-13,07:27:30,,14.7,,57.3,,23.6,,17.862,,21.6,,1.96,,1.11
2024-06-13 07:27:57,2024-06-13,07:27:57,15.5,,59.7,,23.8,,18.383,,327.9,,2.05,,1.35,
2024-06-13 07:28:34,2024-06-13,07:28:34,,14.6,,57.2,,23.6,,17.848,,31.5,,1.99,,1.14
2024-06-13 07:29:00,2024-06-13,07:29:00,15.5,,59.9,,23.8,,18.412,,328.8,,1.96,,1.37,
2024-06-13 07:29:38,2024-06-13,07:29:38,,14.6,,57.1,,23.6,,17.833,,53.8,,2.0,,1.64
2024-06-13 07:30:04,2024-06-13,07:30:04,15.5,,59.4,,23.9,,18.43,,333.7,,2.01,,1.08,
2024-06-13 07:30:40,2024-06-13,07:30:40,,14.7,,57.1,,23.7,,17.922,,19.0,,1.36,,0.59
2024-06-13 07:31:08,2024-06-13,07:31:08,15.4,,58.7,,24.0,,18.42,,333.1,,2.08,,1.21,
2024-06-13 07:31:44,2024-06-13,07:31:44,,14.7,,57.1,,23.7,,17.922,,44.3,,1.63,,1.37
2024-06-13 07:32:11,2024-06-13,07:32:11,15.1,,57.8,,24.0,,18.29,,328.3,,2.24,,1.49,
2024-06-13 07:32:48,2024-06-13,07:32:48,,14.6,,56.9,,23.7,,17.894,,58.3,,1.57,,0.81
2024-06-13 07:33:14,2024-06-13,07:33:14,15.1,,57.7,,24.0,,18.275,,328.5,,2.48,,1.11,
2024-06-13 07:33:51,2024-06-13,07:33:51,,14.7,,56.8,,23.8,,17.968,,50.7,,1.37,,1.3
2024-06-13 07:34:18,2024-06-13,07:34:18,15.1,,57.8,,24.0,,18.29,,333.8,,2.39,,1.18,
2024-06-13 07:34:55,2024-06-13,07:34:55,,14.7,,56.8,,23.8,,17.968,,41.5,,1.08,,0.64
2024-06-13 07:35:22,2024-06-13,07:35:22,15.2,,57.8,,24.1,,18.379,,325.3,,1.9,,1.05,
2024-06-13 07:35:58,2024-06-13,07:35:58,,14.8,,56.7,,23.9,,18.042,,15.2,,1.52,,1.21
2024-06-13 07:36:25,2024-06-13,07:36:25,15.2,,57.7,,24.1,,18.365,,327.2,,1.97,,0.89,
2024-06-13 07:37:02,2024-06-13,07:37:02,,14.7,,56.3,,23.9,,17.984,,352.6,,1.53,,0.78
2024-06-13 07:37:28,2024-06-13,07:37:28,15.0,,56.6,,24.2,,18.293,,334.8,,2.05,,1.44,
2024-06-13 07:38:06,2024-06-13,07:38:06,,14.6,,56.0,,23.9,,17.941,,353.3,,1.76,,1.21
2024-06-13 07:38:32,2024-06-13,07:38:32,15.0,,56.5,,24.2,,18.279,,330.9,,1.85,,1.41,
2024-06-13 07:39:09,2024-06-13,07:39:09,,14.5,,55.4,,24.0,,17.941,,8.9,,2.48,,2.05
2024-06-13 07:39:36,2024-06-13,07:39:36,15.1,,56.5,,24.3,,18.367,,320.9,,2.36,,1.17,
2024-06-13 07:40:12,2024-06-13,07:40:12,,14.4,,55.1,,24.0,,17.898,,7.2,,2.73,,2.09
2024-06-13 07:40:39,2024-06-13,07:40:39,15.0,,56.2,,24.3,,18.323,,321.6,,2.27,,1.8,
2024-06-13 07:41:16,2024-06-13,07:41:16,,14.5,,55.2,,24.1,,18.0,,9.4,,2.26,,1.7
2024-06-13 07:41:42,2024-06-13,07:41:42,15.0,,56.3,,24.3,,18.338,,319.3,,2.14,,1.74,
2024-06-13 07:42:20,2024-06-13,07:42:20,,14.7,,55.3,,24.2,,18.103,,4.9,,2.04,,1.73
2024-06-13 07:42:46,2024-06-13,07:42:46,15.2,,56.5,,24.4,,18.456,,328.6,,2.46,,0.82,
2024-06-13 07:43:23,2024-06-13,07:43:23,,14.7,,55.4,,24.2,,18.118,,359.8,,2.37,,1.25
2024-06-13 07:43:50,2024-06-13,07:43:50,15.3,,56.7,,24.5,,18.574,,323.3,,2.21,,1.45,
2024-06-13 07:44:26,2024-06-13,07:44:26,,14.8,,55.3,,24.3,,18.191,,22.5,,2.02,,1.06
2024-06-13 07:44:53,2024-06-13,07:44:53,15.3,,56.6,,24.5,,18.559,,323.5,,2.31,,1.19,
2024-06-13 07:45:30,2024-06-13,07:45:30,,14.8,,55.3,,24.3,,18.191,,49.1,,2.0,,1.23
2024-06-13 07:45:56,2024-06-13,07:45:56,15.5,,57.0,,24.6,,18.707,,319.1,,2.22,,1.62,
2024-06-13 07:46:34,2024-06-13,07:46:34,,14.8,,55.0,,24.4,,18.235,,15.6,,2.11,,1.23
2024-06-13 07:47:00,2024-06-13,07:47:00,15.5,,57.0,,24.6,,18.707,,325.5,,2.41,,1.55,
2024-06-13 07:47:37,2024-06-13,07:47:37,,14.8,,54.9,,24.4,,18.22,,55.3,,1.75,,0.99
2024-06-13 07:48:04,2024-06-13,07:48:04,15.3,,55.9,,24.7,,18.633,,333.4,,2.03,,1.13,
2024-06-13 07:48:40,2024-06-13,07:48:40,,14.8,,54.8,,24.5,,18.293,,71.4,,1.98,,0.75
2024-06-13 07:49:07,2024-06-13,07:49:07,15.1,,54.8,,24.8,,18.557,,333.4,,1.96,,1.83,
2024-06-13 07:49:44,2024-06-13,07:49:44,,14.7,,54.4,,24.5,,18.234,,25.2,,2.4,,1.37
2024-06-13 07:50:10,2024-06-13,07:50:10,15.1,,54.9,,24.8,,18.572,,337.2,,2.78,,1.75,
2024-06-13 07:50:48,2024-06-13,07:50:48,,14.6,,53.8,,24.6,,18.232,,12.8,,2.68,,2.14
2024-06-13 07:51:14,2024-06-13,07:51:14,15.3,,55.0,,25.0,,18.763,,325.6,,3.02,,1.25,
2024-06-13 07:51:51,2024-06-13,07:51:51,,14.6,,53.6,,24.7,,18.289,,27.2,,1.88,,1.24
2024-06-13 07:52:18,2024-06-13,07:52:18,15.4,,54.9,,25.1,,18.836,,335.5,,2.15,,1.29,
2024-06-13 07:52:54,2024-06-13,07:52:54,,14.8,,53.8,,24.8,,18.407,,56.6,,1.88,,1.16
2024-06-13 07:53:21,2024-06-13,07:53:21,15.1,,53.6,,25.2,,18.727,,339.2,,2.5,,0.91,
2024-06-13 07:53:58,2024-06-13,07:53:58,,14.9,,53.8,,24.9,,18.494,,69.2,,2.02,,0.81
2024-06-13 07:54:24,2024-06-13,07:54:24,15.4,,54.2,,25.3,,18.906,,326.9,,2.03,,1.19,
2024-06-13 07:55:02,2024-06-13,07:55:02,,14.8,,53.2,,25.0,,18.491,,57.0,,1.96,,0.82
2024-06-13 07:55:28,2024-06-13,07:55:28,15.3,,53.6,,25.4,,18.902,,334.2,,1.92,,1.05,
2024-06-13 07:56:05,2024-06-13,07:56:05,,14.8,,52.7,,25.1,,18.502,,36.7,,2.09,,1.02
2024-06-13 07:56:32,2024-06-13,07:56:32,15.3,,53.3,,25.5,,18.943,,327.8,,2.36,,1.24,
2024-06-13 07:57:08,2024-06-13,07:57:08,,14.7,,52.2,,25.2,,18.512,,25.9,,3.36,,1.22
2024-06-13 07:57:35,2024-06-13,07:57:35,15.0,,51.8,,25.6,,18.798,,342.4,,2.49,,1.94,
2024-06-13 07:58:12,2024-06-13,07:58:12,,14.5,,51.4,,25.3,,18.476,,45.7,,3.15,,2.35
2024-06-13 07:58:38,2024-06-13,07:58:38,15.0,,51.8,,25.7,,18.885,,334.5,,2.37,,1.71,
2024-06-13 07:59:16,2024-06-13,07:59:16,,14.5,,51.0,,25.4,,18.5,,24.9,,2.69,,1.65
2024-06-13 07:59:42,2024-06-13,07:59:42,15.0,,51.6,,25.7,,18.853,,326.6,,2.52,,1.83,
2024-06-13 08:00:19,2024-06-13,08:00:19,,14.6,,50.9,,25.5,,18.571,,52.1,,2.5,,2.06
2024-06-13 08:00:46,2024-06-13,08:00:46,15.0,,51.4,,25.8,,18.909,,340.2,,2.5,,2.04,
2024-06-13 08:01:22,2024-06-13,08:01:22,,14.4,,49.9,,25.6,,18.5,,45.3,,3.61,,2.82
2024-06-13 08:01:49,2024-06-13,08:01:49,15.0,,50.7,,26.0,,18.971,,331.3,,2.37,,1.55,
2024-06-13 08:02:26,2024-06-13,08:02:26,,14.4,,49.8,,25.7,,18.57,,33.7,,3.1,,1.7
2024-06-13 08:02:52,2024-06-13,08:02:52,15.0,,50.4,,26.1,,19.01,,328.2,,2.25,,1.47,
2024-06-13 08:03:30,2024-06-13,08:03:30,,14.4,,49.3,,25.8,,18.577,,50.8,,2.64,,1.56
2024-06-13 08:03:56,2024-06-13,08:03:56,14.9,,49.8,,26.2,,19.0,,330.5,,2.3,,1.63,
2024-06-13 08:04:33,2024-06-13,08:04:33,,14.4,,49.3,,25.9,,18.662,,47.5,,2.71,,1.39
2024-06-13 08:05:00,2024-06-13,08:05:00,14.9,,49.9,,26.2,,19.016,,333.1,,1.69,,0.97,
2024-06-13 08:05:36,2024-06-13,08:05:36,,14.5,,49.2,,26.0,,18.732,,58.6,,2.69,,2.43
2024-06-13 08:06:03,2024-06-13,08:06:03,14.8,,49.4,,26.2,,18.935,,325.9,,2.21,,1.8,
2024-06-13 08:06:40,2024-06-13,08:06:40,,14.4,,48.9,,26.0,,18.684,,58.0,,2.74,,1.72
2024-06-13 08:07:06,2024-06-13,08:07:06,14.9,,49.7,,26.2,,18.984,,341.9,,2.28,,1.1,
2024-06-13 08:07:44,2024-06-13,08:07:44,,14.4,,48.7,,26.1,,18.737,,14.8,,2.29,,0.71
2024-06-13 08:08:10,2024-06-13,08:08:10,15.0,,49.8,,26.3,,19.086,,327.8,,2.06,,0.9,
2024-06-13 08:08:48,2024-06-13,08:08:48,,14.4,,48.6,,26.1,,18.721,,26.2,,1.96,,0.54
2024-06-13 08:09:14,2024-06-13,08:09:14,15.1,,50.2,,26.3,,19.15,,332.6,,1.45,,0.96,
2024-06-13 08:09:51,2024-06-13,08:09:51,,14.5,,48.6,,26.2,,18.806,,38.2,,1.95,,1.08
2024-06-13 08:10:17,2024-06-13,08:10:17,15.1,,50.1,,26.4,,19.22,,319.1,,2.0,,1.21,
2024-06-13 08:10:54,2024-06-13,08:10:54,,14.5,,48.4,,26.3,,18.859,,38.3,,2.2,,1.96
2024-06-13 08:11:20,2024-06-13,08:11:20,15.0,,49.7,,26.4,,19.155,,324.0,,2.7,,1.8,
2024-06-13 08:11:58,2024-06-13,08:11:58,,14.4,,48.0,,26.3,,18.794,,52.5,,2.21,,1.21
2024-06-13 08:12:24,2024-06-13,08:12:24,14.9,,48.9,,26.5,,19.111,,336.3,,2.32,,1.48,
2024-06-13 08:13:02,2024-06-13,08:13:02,,14.3,,47.3,,26.4,,18.765,,24.6,,2.46,,1.77
2024-06-13 08:13:28,2024-06-13,08:13:28,15.0,,48.8,,26.7,,19.266,,335.6,,2.47,,1.83,
2024-06-13 08:14:05,2024-06-13,08:14:05,,14.2,,46.9,,26.5,,18.783,,33.6,,2.32,,1.0
2024-06-13 08:14:31,2024-06-13,08:14:31,14.8,,47.9,,26.8,,19.203,,329.4,,2.81,,1.51,
2024-06-13 08:15:08,2024-06-13,08:15:08,,14.2,,46.7,,26.6,,18.835,,31.4,,2.26,,1.46
2024-06-13 08:15:34,2024-06-13,08:15:34,14.9,,47.5,,26.9,,19.222,,329.2,,2.7,,1.39,
2024-06-13 08:16:12,2024-06-13,08:16:12,,14.2,,46.3,,26.7,,18.853,,48.6,,2.63,,1.23
2024-06-13 08:16:38,2024-06-13,08:16:38,14.9,,47.4,,27.0,,19.29,,330.3,,2.13,,1.37,
2024-06-13 08:17:16,2024-06-13,08:17:16,,14.3,,46.2,,26.8,,18.92,,66.5,,1.8,,1.43
2024-06-13 08:17:42,2024-06-13,08:17:42,14.7,,46.7,,27.0,,19.173,,325.4,,2.3,,1.75,
2024-06-13 08:18:19,2024-06-13,08:18:19,,14.0,,45.0,,26.8,,18.718,,31.1,,2.46,,2.05
2024-06-13 08:18:45,2024-06-13,08:18:45,14.7,,46.6,,27.1,,19.241,,318.7,,2.57,,1.94,
2024-06-13 08:19:22,2024-06-13,08:19:22,,14.0,,45.0,,26.9,,18.802,,31.6,,2.39,,1.63
2024-06-13 08:19:48,2024-06-13,08:19:48,14.5,,46.2,,27.1,,19.173,,330.1,,2.47,,2.05,
2024-06-13 08:20:26,2024-06-13,08:20:26,,14.1,,45.5,,26.9,,18.886,,7.9,,2.16,,1.39
2024-06-13 08:20:52,2024-06-13,08:20:52,14.5,,46.4,,27.0,,19.122,,337.5,,2.32,,1.02,
2024-06-13 08:21:30,2024-06-13,08:21:30,,14.2,,45.5,,27.0,,18.97,,30.6,,1.63,,0.95
2024-06-13 08:21:56,2024-06-13,08:21:56,14.7,,46.6,,27.1,,19.241,,324.6,,2.16,,1.72,
2024-06-13 08:22:33,2024-06-13,08:22:33,,14.2,,45.3,,27.1,,19.02,,31.0,,2.05,,0.98
2024-06-13 08:22:59,2024-06-13,08:22:59,14.6,,46.2,,27.2,,19.257,,340.0,,2.19,,1.67,
2024-06-13 08:23:36,2024-06-13,08:23:36,,14.1,,45.0,,27.1,,18.969,,13.8,,2.17,,1.11
2024-06-13 08:24:02,2024-06-13,08:24:02,14.6,,46.1,,27.2,,19.24,,332.7,,2.42,,1.57,
2024-06-13 08:24:40,2024-06-13,08:24:40,,14.0,,44.4,,27.2,,18.95,,29.7,,2.23,,1.9
2024-06-13 08:25:06,2024-06-13,08:25:06,14.8,,46.5,,27.3,,19.393,,336.2,,2.15,,1.12,
2024-06-13 08:25:44,2024-06-13,08:25:44,,13.9,,44.1,,27.2,,18.898,,40.1,,2.26,,0.97
2024-06-13 08:26:10,2024-06-13,08:26:10,14.3,,45.2,,27.2,,19.087,,326.4,,2.89,,1.34,
2024-06-13 08:26:47,2024-06-13,08:26:47,,14.0,,44.5,,27.2,,18.967,,8.2,,1.93,,1.5
2024-06-13 08:27:13,2024-06-13,08:27:13,14.7,,46.1,,27.3,,19.325,,320.2,,2.61,,1.71,
2024-06-13 08:27:50,2024-06-13,08:27:50,,13.9,,43.8,,27.3,,18.929,,20.6,,2.47,,2.11
2024-06-13 08:28:16,2024-06-13,08:28:16,14.6,,45.8,,27.3,,19.274,,327.9,,1.9,,1.33,
2024-06-13 08:28:54,2024-06-13,08:28:54,,14.0,,44.1,,27.3,,18.981,,12.3,,2.31,,0.8
2024-06-13 08:29:20,2024-06-13,08:29:20,14.3,,45.1,,27.3,,19.154,,324.8,,2.51,,2.0,
2024-06-13 08:29:58,2024-06-13,08:29:58,,14.0,,44.2,,27.3,,18.999,,358.2,,1.94,,1.13
2024-06-13 08:30:24,2024-06-13,08:30:24,14.6,,45.7,,27.3,,19.256,,320.7,,2.29,,1.73,
2024-06-13 08:31:01,2024-06-13,08:31:01,,13.9,,43.6,,27.3,,18.894,,351.9,,1.89,,1.54
2024-06-13 08:31:27,2024-06-13,08:31:27,14.4,,45.3,,27.3,,19.188,,322.3,,2.89,,1.94,
2024-06-13 08:32:04,2024-06-13,08:32:04,,13.7,,43.3,,27.3,,18.842,,15.0,,2.67,,1.89
2024-06-13 08:32:30,2024-06-13,08:32:30,14.2,,44.7,,27.3,,19.085,,319.1,,2.53,,1.69,
2024-06-13 08:33:08,2024-06-13,08:33:08,,14.0,,43.7,,27.4,,18.995,,27.0,,2.09,,1.71
2024-06-13 08:33:34,2024-06-13,08:33:34,14.4,,45.3,,27.3,,19.188,,322.7,,2.4,,1.5,
2024-06-13 08:34:12,2024-06-13,08:34:12,,14.1,,44.2,,27.4,,19.082,,7.4,,1.78,,1.05
2024-06-13 08:34:38,2024-06-13,08:34:38,14.8,,46.5,,27.3,,19.393,,321.3,,2.32,,1.44,
2024-06-13 08:35:15,2024-06-13,08:35:15,,14.0,,43.7,,27.4,,18.995,,4.4,,1.98,,1.73
2024-06-13 08:35:41,2024-06-13,08:35:41,14.7,,46.2,,27.3,,19.342,,320.1,,1.98,,1.53,
2024-06-13 08:36:18,2024-06-13,08:36:18,,13.9,,43.5,,27.4,,18.96,,19.1,,2.45,,1.72
2024-06-13 08:36:44,2024-06-13,08:36:44,14.4,,45.2,,27.3,,19.171,,322.1,,2.66,,1.87,
2024-06-13 08:37:22,2024-06-13,08:37:22,,14.0,,43.7,,27.4,,18.995,,12.9,,1.95,,1.51
2024-06-13 08:37:48,2024-06-13,08:37:48,14.6,,45.5,,27.4,,19.306,,318.6,,2.71,,1.65,
2024-06-13 08:38:26,2024-06-13,08:38:26,,13.8,,43.1,,27.4,,18.89,,353.2,,2.0,,1.32
2024-06-13 08:38:52,2024-06-13,08:38:52,14.3,,44.8,,27.4,,19.186,,322.0,,2.58,,1.49,
2024-06-13 08:39:29,2024-06-13,08:39:29,,13.9,,43.4,,27.4,,18.943,,20.5,,1.85,,1.4
2024-06-13 08:39:55,2024-06-13,08:39:55,14.5,,44.9,,27.5,,19.287,,323.8,,2.69,,1.59,
2024-06-13 08:40:32,2024-06-13,08:40:32,,14.0,,43.4,,27.5,,19.026,,358.6,,1.88,,1.5
2024-06-13 08:40:58,2024-06-13,08:40:58,14.5,,45.1,,27.5,,19.321,,324.5,,1.89,,1.66,
2024-06-13 08:41:36,2024-06-13,08:41:36,,13.7,,42.8,,27.5,,18.92,,344.4,,1.9,,1.3
2024-06-13 08:42:02,2024-06-13,08:42:02,14.2,,44.0,,27.6,,19.214,,352.5,,1.43,,1.15,
2024-06-13 08:42:40,2024-06-13,08:42:40,,13.6,,42.1,,27.6,,18.878,,0.1,,2.27,,1.44
2024-06-13 08:43:06,2024-06-13,08:43:06,14.2,,43.8,,27.7,,19.262,,331.9,,2.24,,1.86,
2024-06-13 08:43:43,2024-06-13,08:43:43,,13.2,,41.1,,27.6,,18.699,,12.7,,2.49,,2.31
2024-06-13 08:44:09,2024-06-13,08:44:09,14.1,,43.1,,27.8,,19.221,,329.9,,2.32,,1.98,
2024-06-13 08:44:46,2024-06-13,08:44:46,,13.4,,41.4,,27.7,,18.835,,11.6,,2.49,,1.57
2024-06-13 08:45:12,2024-06-13,08:45:12,14.0,,42.6,,27.9,,19.215,,332.3,,2.51,,1.9,
2024-06-13 08:45:50,2024-06-13,08:45:50,,13.6,,41.8,,27.8,,18.989,,22.5,,1.87,,1.41
2024-06-13 08:46:16,2024-06-13,08:46:16,14.2,,43.1,,27.9,,19.304,,320.4,,2.67,,1.8,
2024-06-13 08:46:54,2024-06-13,08:46:54,,13.7,,42.0,,27.8,,19.025,,323.7,,1.98,,1.49
2024-06-13 08:47:20,2024-06-13,08:47:20,14.3,,43.4,,27.9,,19.358,,333.3,,2.25,,1.97,
2024-06-13 08:47:57,2024-06-13,08:47:57,,13.6,,41.4,,27.9,,18.999,,317.7,,2.46,,2.38
2024-06-13 08:48:23,2024-06-13,08:48:23,14.0,,42.7,,27.9,,19.233,,323.7,,2.47,,1.77,
2024-06-13 08:49:00,2024-06-13,08:49:00,,13.6,,41.4,,27.9,,18.999,,343.1,,2.19,,1.38
2024-06-13 08:49:26,2024-06-13,08:49:26,14.4,,43.4,,28.0,,19.441,,327.1,,2.35,,1.96,
2024-06-13 08:50:04,2024-06-13,08:50:04,,13.5,,41.1,,27.9,,18.945,,311.5,,1.71,,1.12
2024-06-13 08:50:30,2024-06-13,08:50:30,14.2,,42.8,,28.1,,19.416,,320.8,,2.24,,1.78,
2024-06-13 08:51:08,2024-06-13,08:51:08,,13.6,,41.2,,28.0,,19.045,,309.5,,2.12,,1.25
2024-06-13 08:51:34,2024-06-13,08:51:34,13.9,,41.4,,28.2,,19.245,,311.0,,2.23,,0.68,
2024-06-13 08:52:11,2024-06-13,08:52:11,,13.6,,40.9,,28.1,,19.072,,323.6,,1.78,,1.23
2024-06-13 08:52:37,2024-06-13,08:52:37,14.2,,42.6,,28.2,,19.463,,312.2,,0.88,,0.7,
2024-06-13 08:53:14,2024-06-13,08:53:14,,13.4,,40.4,,28.1,,18.98,,0.3,,1.89,,1.1
2024-06-13 08:53:40,2024-06-13,08:53:40,14.1,,41.8,,28.3,,19.4,,335.5,,2.14,,1.23,
2024-06-13 08:54:18,2024-06-13,08:54:18,,13.3,,40.1,,28.2,,19.006,,348.9,,1.74,,1.06
2024-06-13 08:54:44,2024-06-13,08:54:44,14.2,,41.8,,28.4,,19.483,,327.1,,2.53,,1.7,
2024-06-13 08:55:22,2024-06-13,08:55:22,,13.5,,40.2,,28.3,,19.106,,332.4,,2.16,,0.98
2024-06-13 08:55:48,2024-06-13,08:55:48,14.0,,41.1,,28.5,,19.436,,315.5,,2.11,,1.53,
2024-06-13 08:56:25,2024-06-13,08:56:25,,13.7,,40.6,,28.4,,19.262,,294.7,,3.2,,2.66
2024-06-13 08:56:51,2024-06-13,08:56:51,14.1,,41.4,,28.5,,19.491,,322.5,,2.77,,2.29,
2024-06-13 08:57:28,2024-06-13,08:57:28,,13.0,,38.6,,28.4,,18.888,,317.6,,2.53,,0.9
2024-06-13 08:57:54,2024-06-13,08:57:54,14.0,,40.8,,28.6,,19.462,,334.3,,2.55,,1.55,
2024-06-13 08:58:32,2024-06-13,08:58:32,,13.2,,39.0,,28.4,,18.963,,349.1,,2.0,,1.45
2024-06-13 08:58:58,2024-06-13,08:58:58,13.9,,40.4,,28.7,,19.469,,324.0,,2.12,,1.83,
2024-06-13 08:59:36,2024-06-13,08:59:36,,13.3,,39.3,,28.5,,19.101,,355.6,,1.75,,0.89
2024-06-13 09:00:02,2024-06-13,09:00:02,14.1,,40.8,,28.8,,19.626,,342.4,,2.82,,1.15,
2024-06-13 09:00:39,2024-06-13,09:00:39,,13.6,,39.9,,28.6,,19.294,,324.4,,1.27,,0.53
2024-06-13 09:01:05,2024-06-13,09:01:05,14.0,,40.2,,28.8,,19.513,,331.4,,2.3,,1.47,
2024-06-13 09:01:42,2024-06-13,09:01:42,,13.5,,39.3,,28.7,,19.262,,317.5,,2.38,,1.64
2024-06-13 09:02:08,2024-06-13,09:02:08,14.4,,41.5,,28.8,,19.756,,326.7,,2.3,,0.6,
2024-06-13 09:02:46,2024-06-13,09:02:46,,13.8,,39.8,,28.8,,19.438,,277.0,,2.05,,1.31
2024-06-13 09:03:12,2024-06-13,09:03:12,,,,,14.7,,,,28.9,,4.2,,1.71,
2024-06-13 09:03:50,2024-06-13,09:03:50,,13.5,,39.1,,28.8,,19.305,,266.8,,1.65,,1.23
2024-06-13 09:04:16,2024-06-13,09:04:16,14.4,,41.1,,29.0,,19.845,,326.7,,2.3,,1.55,
2024-06-13 09:04:53,2024-06-13,09:04:53,,13.8,,39.7,,28.9,,19.5,,317.4,,2.27,,1.88
2024-06-13 09:05:19,2024-06-13,09:05:19,14.4,,40.7,,29.1,,19.852,,326.9,,2.47,,1.74,
2024-06-13 09:05:56,2024-06-13,09:05:56,,13.6,,39.1,,28.9,,19.386,,320.7,,2.45,,2.12
2024-06-13 09:06:22,2024-06-13,09:06:22,13.9,,39.4,,29.1,,19.605,,322.6,,2.25,,1.56,
2024-06-13 09:07:00,2024-06-13,09:07:00,,13.5,,39.2,,28.8,,19.324,,321.4,,2.62,,1.18
2024-06-13 09:07:26,2024-06-13,09:07:26,14.1,,39.9,,29.1,,19.701,,327.4,,2.09,,1.12,
2024-06-13 09:08:04,2024-06-13,09:08:04,,13.6,,39.5,,28.7,,19.3,,297.2,,2.07,,1.69
2024-06-13 09:08:30,2024-06-13,09:08:30,14.0,,39.8,,29.0,,19.6,,327.1,,2.22,,1.6,
2024-06-13 09:09:07,2024-06-13,09:09:07,,13.8,,39.9,,28.8,,19.457,,265.9,,2.0,,1.42
2024-06-13 09:09:33,2024-06-13,09:09:33,14.3,,40.8,,29.0,,19.789,,323.6,,2.04,,1.13,
2024-06-13 09:10:10,2024-06-13,09:10:10,,14.0,,40.5,,28.8,,19.57,,277.0,,2.37,,1.35
2024-06-13 09:10:36,2024-06-13,09:10:36,14.9,,41.9,,29.2,,20.159,,318.2,,1.64,,1.1,
2024-06-13 09:11:14,2024-06-13,09:11:14,,14.0,,40.2,,28.8,,19.513,,290.8,,2.61,,1.36
2024-06-13 09:11:40,2024-06-13,09:11:40,14.4,,40.3,,29.3,,19.94,,321.0,,1.84,,1.17,
2024-06-13 09:12:18,2024-06-13,09:12:18,,13.8,,39.6,,28.9,,19.481,,290.9,,2.74,,1.92
2024-06-13 09:12:44,2024-06-13,09:12:44,14.6,,41.1,,29.2,,20.009,,300.3,,1.93,,0.36,
2024-06-13 09:13:21,2024-06-13,09:13:21,,13.7,,39.6,,28.8,,19.4,,304.1,,2.91,,1.56
2024-06-13 09:13:47,2024-06-13,09:13:47,14.1,,39.8,,29.2,,19.763,,317.6,,2.18,,1.98,
2024-06-13 09:14:24,2024-06-13,09:14:24,,13.8,,39.9,,28.8,,19.457,,299.1,,2.11,,0.98
2024-06-13 09:14:50,2024-06-13,09:14:50,14.3,,40.6,,29.1,,19.833,,320.8,,2.2,,1.76,
2024-06-13 09:15:28,2024-06-13,09:15:28,,13.9,,39.8,,28.9,,19.519,,288.1,,2.86,,2.55
2024-06-13 09:15:54,2024-06-13,09:15:54,14.4,,40.4,,29.2,,19.877,,328.0,,2.35,,1.77,
2024-06-13 09:16:32,2024-06-13,09:16:32,,14.1,,40.4,,28.9,,19.632,,246.5,,1.96,,1.18
2024-06-13 09:16:58,2024-06-13,09:16:58,14.5,,40.5,,29.3,,19.978,,329.2,,1.99,,1.43,
2024-06-13 09:17:35,2024-06-13,09:17:35,,13.9,,39.9,,28.9,,19.538,,306.7,,2.09,,1.93
2024-06-13 09:18:01,2024-06-13,09:18:01,,,,,14.4,,,,322.9,,1.89,,1.63,
2024-06-13 09:18:38,2024-06-13,09:18:38,,13.9,,39.9,,28.9,,19.538,,311.9,,2.01,,1.31
2024-06-13 09:19:04,2024-06-13,09:19:04,14.2,,40.1,,29.2,,19.82,,323.0,,2.2,,1.76,
2024-06-13 09:19:42,2024-06-13,09:19:42,,14.0,,40.3,,28.9,,19.614,,13.8,,1.23,,0.15
2024-06-13 09:20:08,2024-06-13,09:20:08,14.3,,40.6,,29.1,,19.833,,319.4,,2.17,,1.33,
2024-06-13 09:20:46,2024-06-13,09:20:46,,14.1,,40.0,,29.1,,19.72,,161.2,,1.1,,1.02
2024-06-13 09:21:12,2024-06-13,09:21:12,14.6,,41.1,,29.2,,20.009,,324.8,,1.92,,1.15,
2024-06-13 09:21:49,2024-06-13,09:21:49,,14.4,,40.4,,29.2,,19.877,,152.7,,1.28,,0.61
2024-06-13 09:22:15,2024-06-13,09:22:15,14.8,,41.3,,29.3,,20.129,,326.7,,1.91,,0.94,
2024-06-13 09:22:52,2024-06-13,09:22:52,,14.3,,39.8,,29.4,,19.925,,242.0,,0.82,,0.21
2024-06-13 09:23:18,2024-06-13,09:23:18,15.5,,42.7,,29.5,,20.556,,162.2,,1.42,,0.47,
2024-06-13 09:23:56,2024-06-13,09:23:56,,14.4,,39.9,,29.5,,20.026,,263.1,,1.54,,1.1
2024-06-13 09:24:22,2024-06-13,09:24:22,15.7,,43.0,,29.6,,20.694,,323.2,,2.54,,1.34,
2024-06-13 09:25:00,2024-06-13,09:25:00,,14.4,,39.5,,29.6,,20.03,,239.6,,2.08,,0.93
2024-06-13 09:25:26,2024-06-13,09:25:26,15.2,,41.5,,29.7,,20.495,,321.2,,1.87,,1.28,
2024-06-13 09:26:03,2024-06-13,09:26:03,,14.2,,39.2,,29.5,,19.891,,260.2,,2.19,,1.89
2024-06-13 09:26:29,2024-06-13,09:26:29,15.2,,41.5,,29.7,,20.495,,327.8,,1.9,,1.57,
2024-06-13 09:27:06,2024-06-13,09:27:06,,14.3,,39.5,,29.5,,19.949,,258.4,,2.21,,1.6
2024-06-13 09:27:32,2024-06-13,09:27:32,15.5,,41.9,,29.8,,20.653,,330.2,,1.99,,1.39,
2024-06-13 09:28:10,2024-06-13,09:28:10,,14.1,,39.0,,29.5,,19.852,,258.7,,2.33,,2.19
2024-06-13 09:28:36,2024-06-13,09:28:36,15.0,,40.8,,29.8,,20.443,,334.8,,2.05,,1.52,
2024-06-13 09:29:14,2024-06-13,09:29:14,,14.2,,39.3,,29.5,,19.91,,233.6,,2.47,,1.24
2024-06-13 09:29:40,2024-06-13,09:29:40,15.1,,40.9,,29.8,,20.462,,329.0,,2.06,,1.41,
2024-06-13 09:30:17,2024-06-13,09:30:17,,14.2,,39.6,,29.4,,19.887,,271.5,,2.78,,1.8
2024-06-13 09:30:43,2024-06-13,09:30:43,15.0,,40.6,,29.8,,20.405,,342.1,,2.2,,1.86,
2024-06-13 09:31:20,2024-06-13,09:31:20,,14.0,,39.2,,29.4,,19.81,,276.1,,2.93,,1.54
2024-06-13 09:31:46,2024-06-13,09:31:46,14.5,,39.4,,29.8,,20.172,,334.2,,2.55,,1.98,
2024-06-13 09:32:24,2024-06-13,09:32:24,,14.3,,39.7,,29.5,,19.987,,277.4,,1.07,,0.73
2024-06-13 09:32:50,2024-06-13,09:32:50,15.0,,40.7,,29.8,,20.424,,321.3,,2.22,,0.85,
2024-06-13 09:33:28,2024-06-13,09:33:28,,14.5,,39.9,,29.6,,20.107,,237.2,,2.12,,1.05
2024-06-13 09:33:54,2024-06-13,09:33:54,15.2,,41.2,,29.8,,20.52,,173.2,,0.34,,0.24,
2024-06-13 09:34:31,2024-06-13,09:34:31,,14.4,,39.4,,29.7,,20.091,,271.3,,2.12,,1.69
2024-06-13 09:34:57,2024-06-13,09:34:57,15.4,,41.6,,29.9,,20.678,,325.4,,1.99,,1.65,
2024-06-13 09:35:34,2024-06-13,09:35:34,,14.3,,39.4,,29.6,,20.01,,281.7,,2.55,,1.54
2024-06-13 09:36:00,2024-06-13,09:36:00,15.2,,40.9,,30.0,,20.626,,315.5,,1.89,,1.45,
2024-06-13 09:36:38,2024-06-13,09:36:38,,14.2,,38.9,,29.7,,19.994,,322.9,,1.85,,1.27
2024-06-13 09:37:04,2024-06-13,09:37:04,14.8,,39.6,,30.0,,20.373,,325.0,,2.13,,1.64,
2024-06-13 09:37:42,2024-06-13,09:37:42,,14.6,,39.7,,29.8,,20.231,,215.9,,2.56,,1.83
2024-06-13 09:38:08,2024-06-13,09:38:08,15.1,,40.3,,30.1,,20.591,,337.2,,2.18,,1.06,
2024-06-13 09:38:46,2024-06-13,09:38:46,,14.3,,38.9,,29.8,,20.075,,293.3,,2.19,,1.36
2024-06-13 09:39:11,2024-06-13,09:39:11,15.2,,40.0,,30.3,,20.695,,329.5,,1.78,,1.18,
2024-06-13 09:39:48,2024-06-13,09:39:48,,14.2,,38.6,,29.8,,20.016,,279.5,,3.18,,2.83
2024-06-13 09:40:14,2024-06-13,09:40:14,15.0,,39.7,,30.3,,20.636,,329.0,,2.19,,1.77,
2024-06-13 09:40:52,2024-06-13,09:40:52,,14.2,,38.7,,29.8,,20.035,,276.2,,2.91,,2.02
2024-06-13 09:41:18,2024-06-13,09:41:18,14.8,,38.8,,30.3,,20.458,,328.1,,2.29,,1.73,
2024-06-13 09:41:56,2024-06-13,09:41:56,,14.2,,38.7,,29.8,,20.035,,258.4,,2.28,,1.78
2024-06-13 09:42:22,2024-06-13,09:42:22,15.0,,39.7,,30.3,,20.636,,338.8,,2.0,,0.86,
2024-06-13 09:42:59,2024-06-13,09:42:59,,14.3,,38.9,,29.8,,20.075,,329.8,,2.02,,0.5
2024-06-13 09:43:25,2024-06-13,09:43:25,14.7,,39.0,,30.2,,20.417,,328.9,,1.14,,0.56,
2024-06-13 09:44:03,2024-06-13,09:44:03,,14.3,,39.0,,29.8,,20.094,,246.8,,1.85,,0.28
2024-06-13 09:44:28,2024-06-13,09:44:28,15.2,,40.2,,30.2,,20.653,,4.3,,0.97,,0.46,
2024-06-13 09:45:06,2024-06-13,09:45:06,,14.2,,38.5,,29.9,,20.076,,270.3,,2.86,,1.69
2024-06-13 09:45:32,2024-06-13,09:45:32,,,,,15.2,,,,2.0,,1.2,,0.63,
2024-06-13 09:46:10,2024-06-13,09:46:10,,14.2,,38.5,,29.9,,20.076,,290.4,,2.85,,2.05
2024-06-13 09:46:36,2024-06-13,09:46:36,15.0,,39.8,,30.2,,20.575,,337.6,,1.24,,0.92,
2024-06-13 09:47:14,2024-06-13,09:47:14,,14.4,,39.0,,29.9,,20.175,,287.0,,2.22,,1.57
2024-06-13 09:47:39,2024-06-13,09:47:39,14.7,,39.5,,30.1,,20.435,,329.1,,1.15,,0.78,
2024-06-13 09:48:16,2024-06-13,09:48:16,,14.1,,38.4,,29.8,,19.976,,292.0,,2.86,,1.14
2024-06-13 09:48:42,2024-06-13,09:48:42,15.0,,39.6,,30.2,,20.536,,343.4,,1.01,,0.53,
2024-06-13 09:49:20,2024-06-13,09:49:20,,14.5,,39.2,,29.9,,20.214,,241.3,,2.89,,2.56
2024-06-13 09:49:46,2024-06-13,09:49:46,15.1,,40.2,,30.1,,20.572,,357.5,,1.05,,0.28,
2024-06-13 09:50:24,2024-06-13,09:50:24,,14.9,,40.2,,29.9,,20.409,,220.9,,2.89,,1.5
2024-06-13 09:50:50,2024-06-13,09:50:50,15.4,,41.0,,30.2,,20.809,,359.2,,0.49,,0.2,
2024-06-13 09:51:28,2024-06-13,09:51:28,,14.5,,39.2,,29.9,,20.214,,249.9,,3.03,,2.35
2024-06-13 09:51:53,2024-06-13,09:51:53,15.5,,41.0,,30.2,,20.809,,357.3,,0.56,,0.45,
2024-06-13 09:52:31,2024-06-13,09:52:31,,14.6,,39.7,,29.8,,20.231,,245.6,,1.96,,0.69
2024-06-13 09:52:56,2024-06-13,09:52:56,15.2,,40.0,,30.3,,20.695,,351.2,,1.0,,0.69,
2024-06-13 09:53:34,2024-06-13,09:53:34,,14.8,,39.8,,29.9,,20.331,,226.6,,2.86,,2.45
2024-06-13 09:54:00,2024-06-13,09:54:00,15.4,,40.6,,30.3,,20.813,,350.7,,0.73,,0.48,
2024-06-13 09:54:38,2024-06-13,09:54:38,,15.0,,40.5,,29.9,,20.467,,249.0,,3.18,,2.39
2024-06-13 09:55:04,2024-06-13,09:55:04,15.6,,41.1,,30.3,,20.91,,52.2,,0.77,,0.38,
2024-06-13 09:55:42,2024-06-13,09:55:42,,14.8,,40.1,,29.8,,20.308,,245.9,,3.67,,3.04
2024-06-13 09:56:07,2024-06-13,09:56:07,15.6,,40.8,,30.4,,20.933,,2.3,,1.23,,1.0,
2024-06-13 09:56:45,2024-06-13,09:56:45,,14.7,,40.2,,29.7,,20.246,,225.7,,3.8,,3.46
2024-06-13 09:57:10,2024-06-13,09:57:10,15.8,,41.3,,30.4,,21.03,,326.3,,1.11,,0.81,
2024-06-13 09:57:48,2024-06-13,09:57:48,,14.9,,40.6,,29.7,,20.323,,208.4,,3.43,,2.51
2024-06-13 09:58:14,2024-06-13,09:58:14,15.8,,41.3,,30.4,,21.03,,338.7,,0.85,,0.59,
2024-06-13 09:58:52,2024-06-13,09:58:52,,14.9,,40.9,,29.6,,20.299,,202.5,,3.05,,0.88
2024-06-13 09:59:18,2024-06-13,09:59:18,16.0,,41.8,,30.4,,21.127,,304.5,,0.62,,0.4,
2024-06-13 09:59:56,2024-06-13,09:59:56,,14.8,,40.3,,29.7,,20.265,,236.6,,2.15,,1.57
2024-06-13 10:00:21,2024-06-13,10:00:21,16.1,,42.3,,30.4,,21.223,,358.7,,0.94,,0.32,
2024-06-13 10:00:59,2024-06-13,10:00:59,,15.0,,40.8,,29.8,,20.443,,232.9,,2.34,,1.86
2024-06-13 10:01:24,2024-06-13,10:01:24,16.1,,42.1,,30.5,,21.267,,179.1,,0.86,,0.22,
2024-06-13 10:02:02,2024-06-13,10:02:02,,14.8,,40.0,,29.9,,20.37,,234.3,,3.13,,2.43
2024-06-13 10:02:28,2024-06-13,10:02:28,16.2,,42.2,,30.5,,21.286,,4.9,,0.96,,0.52,
2024-06-13 10:03:06,2024-06-13,10:03:06,,14.8,,40.2,,29.8,,20.328,,226.5,,2.69,,1.22
2024-06-13 10:03:32,2024-06-13,10:03:32,15.8,,41.2,,30.5,,21.093,,350.4,,0.87,,0.46,
2024-06-13 10:04:10,2024-06-13,10:04:10,,15.1,,40.7,,29.9,,20.505,,241.5,,2.28,,1.88
2024-06-13 10:05:03,2024-06-13,10:05:03,16.0,,41.5,,30.5,,21.151,,1.6,,0.57,,0.28,
2024-06-13 10:05:13,2024-06-13,10:05:13,,15.0,,40.6,,29.9,,20.486,,229.6,,2.76,,2.15
2024-06-13 10:06:06,2024-06-13,10:06:06,16.1,,41.8,,30.6,,21.291,,22.8,,0.79,,0.36,
2024-06-13 10:06:16,2024-06-13,10:06:16,,15.0,,40.1,,30.0,,20.471,,231.5,,4.59,,4.35
2024-06-13 10:07:10,2024-06-13,10:07:10,16.5,,42.9,,30.6,,21.503,,96.8,,0.54,,0.39,
2024-06-13 10:07:20,2024-06-13,10:07:20,,15.0,,40.5,,29.9,,20.467,,238.4,,4.13,,3.4
2024-06-13 10:08:14,2024-06-13,10:08:14,16.7,,43.1,,30.7,,21.624,,55.7,,0.49,,0.32,
2024-06-13 10:08:24,2024-06-13,10:08:24,,15.3,,41.4,,29.8,,20.558,,260.3,,3.64,,2.11
2024-06-13 10:09:17,2024-06-13,10:09:17,16.3,,41.9,,30.7,,21.393,,359.2,,0.77,,0.58,
2024-06-13 10:09:27,2024-06-13,10:09:27,,15.1,,40.9,,29.8,,20.462,,230.9,,3.35,,2.46
2024-06-13 10:10:20,2024-06-13,10:10:20,16.3,,42.0,,30.7,,21.412,,60.9,,0.79,,0.35,
2024-06-13 10:10:30,2024-06-13,10:10:30,,15.2,,41.3,,29.8,,20.539,,237.0,,4.03,,2.62
2024-06-13 10:11:24,2024-06-13,10:11:24,16.2,,41.7,,30.7,,21.354,,348.9,,0.93,,0.66,
2024-06-13 10:11:34,2024-06-13,10:11:34,,15.1,,41.3,,29.7,,20.457,,242.9,,4.33,,2.05
2024-06-13 10:12:28,2024-06-13,10:12:28,16.2,,41.7,,30.7,,21.354,,333.8,,1.15,,0.29,
2024-06-13 10:12:38,2024-06-13,10:12:38,,15.5,,42.1,,29.7,,20.608,,201.6,,3.2,,1.96
2024-06-13 10:13:31,2024-06-13,10:13:31,16.4,,42.0,,30.8,,21.495,,338.3,,0.89,,0.39,
2024-06-13 10:13:41,2024-06-13,10:13:41,,16.0,,43.3,,29.8,,20.916,,222.4,,4.9,,4.3
2024-06-13 10:14:34,2024-06-13,10:14:34,16.6,,42.6,,30.8,,21.611,,349.5,,0.67,,0.42,
2024-06-13 10:14:44,2024-06-13,10:14:44,,15.8,,43.1,,29.7,,20.796,,246.8,,4.9,,4.34
2024-06-13 10:15:38,2024-06-13,10:15:38,17.2,,44.0,,30.9,,21.962,,59.2,,0.61,,0.31,
2024-06-13 10:15:48,2024-06-13,10:15:48,,16.0,,44.0,,29.6,,20.88,,246.4,,4.06,,2.3
2024-06-13 10:16:42,2024-06-13,10:16:42,17.2,,44.0,,30.9,,21.962,,275.0,,0.41,,0.21,
2024-06-13 10:16:52,2024-06-13,10:16:52,,15.9,,43.6,,29.6,,20.806,,279.3,,3.58,,2.59
2024-06-13 10:17:45,2024-06-13,10:17:45,17.0,,43.6,,30.9,,21.886,,357.9,,0.51,,0.22,
2024-06-13 10:17:55,2024-06-13,10:17:55,,16.5,,44.7,,29.8,,21.175,,236.1,,3.14,,1.46
2024-06-13 10:18:48,2024-06-13,10:18:48,17.5,,44.5,,31.0,,22.141,,338.0,,0.74,,0.43,
2024-06-13 10:18:58,2024-06-13,10:18:58,,17.1,,46.3,,29.9,,21.552,,249.7,,4.18,,3.07
2024-06-13 10:19:52,2024-06-13,10:19:52,17.9,,45.3,,31.1,,22.376,,144.6,,0.59,,0.41,
2024-06-13 10:20:02,2024-06-13,10:20:02,,17.2,,46.9,,29.8,,21.576,,231.3,,5.51,,3.88
2024-06-13 10:20:56,2024-06-13,10:20:56,18.1,,45.9,,31.2,,22.573,,123.1,,0.56,,0.4,
2024-06-13 10:21:06,2024-06-13,10:21:06,,17.2,,47.2,,29.7,,21.545,,206.4,,4.61,,2.39
2024-06-13 10:21:59,2024-06-13,10:21:59,18.2,,46.0,,31.2,,22.592,,159.3,,0.95,,0.66,
2024-06-13 10:22:09,2024-06-13,10:22:09,,17.3,,48.1,,29.5,,21.536,,219.2,,4.57,,3.39
2024-06-13 10:23:02,2024-06-13,10:23:02,18.3,,46.2,,31.3,,22.714,,171.1,,0.87,,0.27,
2024-06-13 10:23:12,2024-06-13,10:23:12,,17.1,,47.2,,29.6,,21.461,,239.5,,4.6,,3.49
2024-06-13 10:24:06,2024-06-13,10:24:06,18.1,,45.4,,31.3,,22.563,,315.9,,0.59,,0.26,
2024-06-13 10:24:16,2024-06-13,10:24:16,,17.2,,47.5,,29.6,,21.514,,245.1,,5.37,,4.03
2024-06-13 10:25:10,2024-06-13,10:25:10,18.3,,45.7,,31.4,,22.704,,106.1,,0.73,,0.57,
2024-06-13 10:25:20,2024-06-13,10:25:20,,17.5,,48.5,,29.5,,21.606,,253.5,,5.31,,4.51
2024-06-13 10:26:13,2024-06-13,10:26:13,18.3,,45.7,,31.4,,22.704,,55.3,,1.05,,0.39,
2024-06-13 10:26:23,2024-06-13,10:26:23,,17.2,,47.7,,29.5,,21.465,,229.5,,4.58,,3.18
2024-06-13 10:27:16,2024-06-13,10:27:16,18.1,,45.4,,31.4,,22.647,,342.5,,0.57,,0.22,
2024-06-13 10:27:26,2024-06-13,10:27:26,,17.1,,47.6,,29.4,,21.362,,235.1,,4.79,,3.82
2024-06-13 10:28:20,2024-06-13,10:28:20,18.0,,44.6,,31.5,,22.578,,331.2,,1.84,,1.42,
2024-06-13 10:28:30,2024-06-13,10:28:30,,17.3,,48.4,,29.3,,21.418,,248.6,,4.21,,3.03
2024-06-13 10:29:24,2024-06-13,10:29:24,18.1,,45.2,,31.4,,22.609,,345.1,,1.73,,0.56,
2024-06-13 10:29:34,2024-06-13,10:29:34,,17.2,,48.3,,29.3,,21.401,,250.8,,4.48,,4.03
2024-06-13 10:30:27,2024-06-13,10:30:27,18.0,,45.2,,31.3,,22.525,,332.5,,2.04,,1.67,
2024-06-13 10:30:37,2024-06-13,10:30:37,,17.2,,48.1,,29.3,,21.365,,236.2,,4.7,,3.88
2024-06-13 10:31:30,2024-06-13,10:31:30,18.0,,45.6,,31.2,,22.517,,318.0,,1.99,,0.92,
2024-06-13 10:31:40,2024-06-13,10:31:40,,17.3,,48.6,,29.3,,21.453,,251.4,,4.5,,2.49
2024-06-13 10:32:34,2024-06-13,10:32:34,18.1,,45.8,,31.2,,22.555,,5.1,,1.89,,0.99,
2024-06-13 10:32:44,2024-06-13,10:32:44,,17.3,,48.3,,29.3,,21.401,,250.9,,4.68,,2.85
2024-06-13 10:33:38,2024-06-13,10:33:38,18.0,,45.9,,31.1,,22.489,,334.8,,2.1,,1.52,
2024-06-13 10:33:48,2024-06-13,10:33:48,,17.3,,48.6,,29.2,,21.368,,245.8,,4.27,,1.89
2024-06-13 10:34:41,2024-06-13,10:34:41,18.0,,46.1,,31.0,,22.443,,344.1,,2.18,,0.7,
2024-06-13 10:34:52,2024-06-13,10:34:52,,17.0,,47.7,,29.2,,21.21,,231.4,,4.7,,2.5
2024-06-13 10:35:45,2024-06-13,10:35:45,18.0,,46.0,,31.0,,22.424,,335.3,,1.49,,0.9,
2024-06-13 10:35:55,2024-06-13,10:35:55,,17.1,,47.9,,29.3,,21.33,,269.5,,3.04,,1.56
2024-06-13 10:36:48,2024-06-13,10:36:48,17.9,,45.4,,31.1,,22.395,,345.3,,1.85,,0.6,
2024-06-13 10:36:58,2024-06-13,10:36:58,,16.7,,46.5,,29.4,,21.166,,237.4,,4.09,,3.3
2024-06-13 10:37:52,2024-06-13,10:37:52,18.0,,45.5,,31.2,,22.498,,41.4,,1.66,,0.2,
2024-06-13 10:38:02,2024-06-13,10:38:02,,16.5,,45.7,,29.4,,21.022,,224.3,,5.24,,3.72
2024-06-13 10:38:56,2024-06-13,10:38:56,17.9,,45.0,,31.2,,22.403,,3.2,,2.13,,0.23,
2024-06-13 10:39:06,2024-06-13,10:39:06,,16.4,,45.8,,29.3,,20.956,,253.6,,4.8,,3.49
2024-06-13 10:39:59,2024-06-13,10:39:59,17.5,,43.8,,31.3,,22.257,,325.3,,2.02,,1.65,
2024-06-13 10:40:08,2024-06-13,10:40:08,,16.4,,45.7,,29.3,,20.938,,270.6,,4.55,,2.47
2024-06-13 10:41:02,2024-06-13,10:41:02,17.2,,43.5,,31.1,,22.033,,320.4,,2.13,,1.26,
2024-06-13 10:41:12,2024-06-13,10:41:12,,16.1,,44.9,,29.3,,20.794,,269.2,,4.37,,3.31
2024-06-13 10:42:06,2024-06-13,10:42:06,17.2,,43.7,,31.0,,21.988,,329.6,,2.1,,0.42,
2024-06-13 10:42:16,2024-06-13,10:42:16,,16.2,,44.9,,29.4,,20.877,,218.3,,3.87,,3.15
2024-06-13 10:43:10,2024-06-13,10:43:10,17.6,,44.7,,31.1,,22.262,,316.0,,2.02,,1.16,
2024-06-13 10:43:19,2024-06-13,10:43:19,,16.3,,45.3,,29.4,,20.95,,255.9,,3.54,,2.17
2024-06-13 10:44:13,2024-06-13,10:44:13,17.1,,43.0,,31.2,,22.019,,355.7,,1.78,,1.05,
2024-06-13 10:44:22,2024-06-13,10:44:22,,16.3,,45.3,,29.4,,20.95,,231.2,,5.07,,4.01
2024-06-13 10:45:16,2024-06-13,10:45:16,17.3,,43.5,,31.2,,22.116,,299.1,,1.37,,0.49,
2024-06-13 10:45:26,2024-06-13,10:45:26,,16.4,,45.7,,29.3,,20.938,,235.4,,4.44,,1.88
2024-06-13 10:46:20,2024-06-13,10:46:20,17.1,,43.0,,31.2,,22.019,,346.0,,2.19,,1.06,
2024-06-13 10:46:30,2024-06-13,10:46:30,,16.3,,45.2,,29.4,,20.932,,279.4,,2.83,,1.9
2024-06-13 10:47:24,2024-06-13,10:47:24,17.0,,42.5,,31.2,,21.922,,336.2,,2.15,,1.88,
2024-06-13 10:47:34,2024-06-13,10:47:34,,16.1,,44.7,,29.4,,20.841,,278.7,,3.8,,1.68
2024-06-13 10:48:27,2024-06-13,10:48:27,17.0,,43.1,,31.1,,21.956,,330.5,,1.93,,0.37,
2024-06-13 10:48:37,2024-06-13,10:48:37,,16.3,,45.4,,29.4,,20.968,,238.4,,3.27,,2.26
2024-06-13 10:49:30,2024-06-13,10:49:30,17.2,,43.4,,31.1,,22.014,,338.7,,2.0,,1.54,
2024-06-13 10:49:40,2024-06-13,10:49:40,,16.5,,45.8,,29.4,,21.04,,284.7,,2.98,,1.97
2024-06-13 10:50:34,2024-06-13,10:50:34,17.0,,43.2,,31.0,,21.892,,335.0,,2.6,,1.17,
2024-06-13 10:50:44,2024-06-13,10:50:44,,16.5,,45.8,,29.4,,21.04,,298.3,,3.04,,1.74
2024-06-13 10:51:38,2024-06-13,10:51:38,17.1,,43.4,,31.0,,21.931,,338.5,,2.12,,1.41,
2024-06-13 10:51:48,2024-06-13,10:51:48,,16.7,,46.0,,29.5,,21.161,,295.2,,3.66,,1.78
2024-06-13 10:52:41,2024-06-13,10:52:41,17.3,,44.0,,31.0,,22.046,,343.4,,1.88,,1.6,
2024-06-13 10:52:51,2024-06-13,10:52:51,,16.7,,46.2,,29.5,,21.197,,260.8,,4.06,,3.07
2024-06-13 10:53:44,2024-06-13,10:53:44,17.7,,44.8,,31.1,,22.281,,329.1,,1.97,,1.41,
2024-06-13 10:53:54,2024-06-13,10:53:54,,16.8,,46.4,,29.5,,21.233,,233.4,,4.5,,3.66
2024-06-13 10:54:48,2024-06-13,10:54:48,17.6,,44.7,,31.1,,22.262,,350.5,,1.66,,0.91,
2024-06-13 10:54:58,2024-06-13,10:54:58,,16.6,,45.8,,29.5,,21.124,,246.9,,4.42,,2.95
2024-06-13 10:55:52,2024-06-13,10:55:52,17.3,,44.1,,31.0,,22.065,,357.2,,1.75,,0.97,
2024-06-13 10:56:02,2024-06-13,10:56:02,,16.9,,47.2,,29.3,,21.206,,240.9,,3.93,,3.39
2024-06-13 10:56:55,2024-06-13,10:56:55,17.5,,44.6,,31.0,,22.16,,343.8,,1.89,,0.92,
2024-06-13 10:57:05,2024-06-13,10:57:05,,16.9,,47.4,,29.2,,21.157,,244.9,,4.03,,2.69
2024-06-13 10:57:59,2024-06-13,10:57:59,17.5,,44.9,,30.9,,22.133,,318.1,,1.96,,0.95,
2024-06-13 10:58:08,2024-06-13,10:58:08,,16.8,,46.9,,29.3,,21.153,,240.9,,5.15,,2.83
2024-06-13 10:59:02,2024-06-13,10:59:02,17.3,,44.4,,30.9,,22.038,,154.2,,1.11,,0.93,
2024-06-13 10:59:12,2024-06-13,10:59:12,,16.6,,46.4,,29.3,,21.064,,227.3,,4.58,,2.6
2024-06-13 11:00:06,2024-06-13,11:00:06,17.7,,45.3,,30.9,,22.208,,323.3,,1.99,,1.43,
2024-06-13 11:00:16,2024-06-13,11:00:16,,16.6,,46.0,,29.4,,21.076,,284.1,,3.13,,2.48
2024-06-13 11:01:10,2024-06-13,11:01:10,17.3,,44.6,,30.8,,21.993,,321.9,,2.0,,0.81,
2024-06-13 11:01:19,2024-06-13,11:01:19,,16.9,,46.8,,29.4,,21.22,,239.1,,3.72,,2.15
2024-06-13 11:02:12,2024-06-13,11:02:12,17.5,,45.2,,30.7,,22.022,,334.4,,1.91,,1.05,
2024-06-13 11:02:22,2024-06-13,11:02:22,,16.9,,46.6,,29.5,,21.268,,256.9,,4.47,,2.22
2024-06-13 11:03:16,2024-06-13,11:03:16,17.6,,45.4,,30.8,,22.143,,338.2,,2.02,,1.67,
2024-06-13 11:03:26,2024-06-13,11:03:26,,16.6,,45.8,,29.5,,21.124,,265.2,,4.24,,2.97
2024-06-13 11:04:20,2024-06-13,11:04:20,17.2,,44.2,,30.8,,21.917,,345.6,,2.13,,1.16,
2024-06-13 11:04:30,2024-06-13,11:04:30,,16.5,,45.8,,29.4,,21.04,,251.0,,4.01,,2.3
2024-06-13 11:05:23,2024-06-13,11:05:23,17.3,,44.5,,30.8,,21.974,,329.4,,2.2,,1.25,
2024-06-13 11:05:33,2024-06-13,11:05:33,,16.7,,46.3,,29.4,,21.13,,238.1,,3.37,,2.16
2024-06-13 11:06:27,2024-06-13,11:06:27,17.5,,45.1,,30.8,,22.087,,356.9,,1.93,,1.16,
2024-06-13 11:06:36,2024-06-13,11:06:36,,16.9,,47.0,,29.4,,21.255,,277.1,,3.74,,1.84
2024-06-13 11:07:30,2024-06-13,11:07:30,17.5,,45.0,,30.8,,22.068,,331.0,,1.77,,0.96,
2024-06-13 11:07:40,2024-06-13,11:07:40,,17.0,,47.6,,29.4,,21.362,,244.2,,3.64,,1.92
2024-06-13 11:08:34,2024-06-13,11:08:34,17.8,,45.5,,30.9,,22.246,,97.2,,1.74,,0.36,
2024-06-13 11:08:44,2024-06-13,11:08:44,,17.1,,47.6,,29.4,,21.362,,229.9,,3.42,,1.78
2024-06-13 11:09:38,2024-06-13,11:09:38,18.0,,45.8,,31.0,,22.386,,325.1,,1.74,,0.72,
2024-06-13 11:09:47,2024-06-13,11:09:47,,17.0,,46.9,,29.6,,21.407,,219.5,,3.81,,3.27
2024-06-13 11:10:40,2024-06-13,11:10:40,18.0,,46.2,,31.1,,22.546,,334.1,,1.71,,1.21,
2024-06-13 11:10:50,2024-06-13,11:10:50,,17.1,,47.0,,29.6,,21.425,,260.8,,3.93,,2.25
2024-06-13 11:11:44,2024-06-13,11:11:44,18.2,,46.3,,31.1,,22.564,,349.2,,1.26,,0.68,
2024-06-13 11:11:54,2024-06-13,11:11:54,,17.3,,47.5,,29.7,,21.599,,206.5,,3.29,,1.47
2024-06-13 11:12:48,2024-06-13,11:12:48,18.2,,45.8,,31.3,,22.639,,322.5,,2.36,,1.52,
2024-06-13 11:12:58,2024-06-13,11:12:58,,17.1,,46.7,,29.8,,21.54,,204.2,,3.31,,1.97
2024-06-13 11:13:52,2024-06-13,11:13:52,17.9,,44.6,,31.4,,22.494,,330.8,,1.89,,1.27,
2024-06-13 11:14:01,2024-06-13,11:14:01,,17.2,,47.0,,29.8,,21.594,,230.6,,2.54,,1.84
2024-06-13 11:14:55,2024-06-13,11:14:55,17.9,,44.6,,31.4,,22.494,,333.6,,2.19,,1.56,
2024-06-13 11:15:04,2024-06-13,11:15:04,,17.3,,47.1,,29.8,,21.612,,247.0,,2.83,,1.96
2024-06-13 11:15:58,2024-06-13,11:15:58,18.0,,45.0,,31.4,,22.571,,1.2,,1.58,,0.95,
2024-06-13 11:16:08,2024-06-13,11:16:08,,17.2,,47.2,,29.7,,21.545,,219.7,,3.57,,2.14
2024-06-13 11:17:02,2024-06-13,11:17:02,18.2,,45.2,,31.5,,22.693,,321.3,,2.14,,1.23,
2024-06-13 11:17:12,2024-06-13,11:17:12,,17.2,,47.2,,29.7,,21.545,,287.4,,3.84,,2.01
2024-06-13 11:18:06,2024-06-13,11:18:06,17.4,,43.4,,31.4,,22.263,,321.2,,2.67,,1.68,
2024-06-13 11:18:15,2024-06-13,11:18:15,,17.1,,46.6,,29.8,,21.522,,259.5,,2.82,,1.65
2024-06-13 11:19:09,2024-06-13,11:19:09,17.5,,44.1,,31.2,,22.231,,323.8,,2.37,,0.58,
2024-06-13 11:19:18,2024-06-13,11:19:18,,17.2,,46.7,,29.9,,21.625,,286.2,,3.42,,2.16
2024-06-13 11:20:12,2024-06-13,11:20:12,17.7,,44.9,,31.1,,22.3,,326.0,,2.06,,1.74,
2024-06-13 11:20:22,2024-06-13,11:20:22,,17.0,,46.0,,29.9,,21.497,,272.8,,3.46,,2.56
2024-06-13 11:21:16,2024-06-13,11:21:16,17.5,,44.5,,31.0,,22.141,,329.5,,2.12,,1.74,
2024-06-13 11:21:26,2024-06-13,11:21:26,,,,,,16.9,,,,289.9,,3.47,,1.38
2024-06-13 11:22:20,2024-06-13,11:22:20,17.4,,44.6,,30.9,,22.076,,337.4,,2.3,,1.25,
2024-06-13 11:22:29,2024-06-13,11:22:29,,17.0,,46.3,,29.8,,21.468,,283.9,,1.86,,0.65
2024-06-13 11:23:23,2024-06-13,11:23:23,17.5,,44.9,,30.9,,22.133,,327.2,,2.5,,1.57,
2024-06-13 11:23:32,2024-06-13,11:23:32,,17.1,,46.7,,29.8,,21.54,,272.5,,1.81,,1.03
2024-06-13 11:24:26,2024-06-13,11:24:26,17.8,,45.9,,30.8,,22.237,,325.1,,2.31,,1.38,
2024-06-13 11:24:36,2024-06-13,11:24:36,,17.2,,46.7,,29.9,,21.625,,266.5,,2.0,,1.31
2024-06-13 11:25:30,2024-06-13,11:25:30,17.7,,45.4,,30.9,,22.227,,325.9,,1.85,,1.41,
2024-06-13 11:25:40,2024-06-13,11:25:40,,16.7,,44.9,,30.0,,21.38,,299.0,,3.44,,1.87
2024-06-13 11:26:34,2024-06-13,11:26:34,16.5,,41.8,,31.0,,21.62,,332.3,,2.22,,2.0,
2024-06-13 11:26:43,2024-06-13,11:26:43,,15.9,,42.4,,30.1,,20.995,,330.6,,3.07,,2.61
2024-06-13 11:27:37,2024-06-13,11:27:37,16.3,,41.1,,31.1,,21.565,,323.0,,2.6,,1.58,
2024-06-13 11:27:46,2024-06-13,11:27:46,,16.0,,42.6,,30.2,,21.115,,311.5,,4.02,,1.89
2024-06-13 11:28:40,2024-06-13,11:28:40,16.9,,42.0,,31.3,,21.906,,323.4,,2.26,,1.36,
2024-06-13 11:28:50,2024-06-13,11:28:50,,16.0,,42.3,,30.3,,21.141,,284.6,,3.74,,2.43
2024-06-13 11:29:44,2024-06-13,11:29:44,17.1,,42.3,,31.4,,22.048,,330.1,,2.22,,0.9,
2024-06-13 11:29:54,2024-06-13,11:29:54,,,,,,16.0,,,,309.2,,4.25,,2.64
2024-06-13 11:30:48,2024-06-13,11:30:48,16.7,,41.3,,31.4,,21.85,,329.9,,2.41,,1.82,
2024-06-13 11:30:57,2024-06-13,11:30:57,,15.0,,39.3,,30.2,,20.477,,287.7,,4.62,,4.0
2024-06-13 11:31:51,2024-06-13,11:31:51,16.5,,40.6,,31.5,,21.792,,324.0,,2.35,,1.46,
2024-06-13 11:32:00,2024-06-13,11:32:00,,15.9,,42.3,,30.1,,20.976,,295.5,,3.38,,2.47
2024-06-13 11:32:54,2024-06-13,11:32:54,16.1,,40.2,,31.3,,21.549,,327.4,,2.49,,2.03,
2024-06-13 11:33:04,2024-06-13,11:33:04,,15.9,,42.2,,30.1,,20.957,,305.1,,3.7,,2.68
2024-06-13 11:33:58,2024-06-13,11:33:58,16.3,,41.0,,31.1,,21.545,,322.6,,2.79,,2.3,
2024-06-13 11:34:08,2024-06-13,11:34:08,,16.0,,42.4,,30.2,,21.077,,307.0,,3.62,,3.0
2024-06-13 11:35:02,2024-06-13,11:35:02,16.6,,41.5,,31.2,,21.726,,320.3,,2.5,,1.58,
2024-06-13 11:35:11,2024-06-13,11:35:11,,15.9,,41.9,,30.3,,21.064,,309.5,,3.93,,1.98
2024-06-13 11:36:05,2024-06-13,11:36:05,16.4,,40.6,,31.4,,21.71,,330.1,,2.65,,1.97,
2024-06-13 11:36:14,2024-06-13,11:36:14,,16.0,,41.8,,30.5,,21.209,,336.5,,3.5,,2.91
2024-06-13 11:37:08,2024-06-13,11:37:08,16.2,,39.9,,31.5,,21.651,,324.4,,2.74,,1.63,
2024-06-13 11:37:18,2024-06-13,11:37:18,,15.8,,41.3,,30.4,,21.03,,274.9,,3.66,,1.03
2024-06-13 11:38:12,2024-06-13,11:38:12,16.5,,41.0,,31.3,,21.709,,317.5,,2.19,,1.67,
2024-06-13 11:38:22,2024-06-13,11:38:22,,16.0,,41.9,,30.4,,21.146,,344.4,,2.39,,2.1
2024-06-13 11:39:16,2024-06-13,11:39:16,16.5,,41.0,,31.3,,21.709,,323.6,,2.22,,1.21,
2024-06-13 11:39:25,2024-06-13,11:39:25,,,,,,16.2,,,,299.9,,2.94,,2.01
2024-06-13 11:40:19,2024-06-13,11:40:19,16.7,,41.9,,31.2,,21.804,,328.1,,1.33,,1.04,
2024-06-13 11:40:28,2024-06-13,11:40:28,,16.5,,43.6,,30.3,,21.387,,279.2,,3.93,,3.46
2024-06-13 11:41:22,2024-06-13,11:41:22,,,,,17.1,,,,31.2,,4.29,,2.18,
2024-06-13 11:41:32,2024-06-13,11:41:32,,16.7,,44.0,,30.3,,21.463,,312.5,,3.75,,2.02
2024-06-13 11:42:26,2024-06-13,11:42:26,17.1,,42.9,,31.2,,22.0,,329.5,,2.38,,1.79,
2024-06-13 11:42:36,2024-06-13,11:42:36,,16.7,,44.1,,30.3,,21.481,,289.7,,3.67,,1.76
2024-06-13 11:43:30,2024-06-13,11:43:30,16.7,,42.2,,31.1,,21.781,,329.9,,2.92,,1.58,
2024-06-13 11:43:39,2024-06-13,11:43:39,,16.3,,42.7,,30.4,,21.3,,277.2,,3.47,,1.41
2024-06-13 11:44:33,2024-06-13,11:44:33,17.0,,42.8,,31.2,,21.98,,326.3,,2.21,,1.68,
2024-06-13 11:44:42,2024-06-13,11:44:42,,17.0,,44.7,,30.4,,21.677,,276.6,,3.73,,3.25
2024-06-13 11:45:36,2024-06-13,11:45:36,17.6,,44.2,,31.2,,22.251,,336.2,,2.18,,1.62,
2024-06-13 11:45:46,2024-06-13,11:45:46,,17.2,,45.4,,30.3,,21.724,,274.7,,3.24,,1.51
2024-06-13 11:46:40,2024-06-13,11:46:40,17.7,,44.5,,31.2,,22.308,,338.3,,2.04,,1.22,
2024-06-13 11:46:50,2024-06-13,11:46:50,,17.0,,44.8,,30.3,,21.612,,279.1,,3.76,,3.35
2024-06-13 11:47:44,2024-06-13,11:47:44,17.1,,42.9,,31.2,,22.0,,323.7,,2.42,,1.63,
2024-06-13 11:47:53,2024-06-13,11:47:53,,16.5,,43.6,,30.3,,21.387,,282.2,,2.9,,1.75
2024-06-13 11:48:47,2024-06-13,11:48:47,16.7,,41.9,,31.2,,21.804,,327.1,,2.11,,1.6,
2024-06-13 11:48:56,2024-06-13,11:48:56,,16.1,,42.2,,30.3,,21.122,,296.8,,2.35,,2.15
2024-06-13 11:49:50,2024-06-13,11:49:50,16.7,,41.7,,31.3,,21.847,,343.4,,2.12,,0.91,
2024-06-13 11:50:00,2024-06-13,11:50:00,,16.2,,42.6,,30.4,,21.281,,345.3,,2.26,,0.93
2024-06-13 11:50:54,2024-06-13,11:50:54,,,,,17.0,,,,31.4,,4.21,,1.52,
2024-06-13 11:51:04,2024-06-13,11:51:04,,16.3,,42.7,,30.4,,21.3,,306.5,,1.0,,0.23
2024-06-13 11:51:58,2024-06-13,11:51:58,17.1,,42.6,,31.3,,22.024,,318.6,,2.03,,1.25,
2024-06-13 11:52:07,2024-06-13,11:52:07,,16.7,,43.3,,30.6,,21.58,,274.4,,2.49,,1.76
2024-06-13 11:53:01,2024-06-13,11:53:01,17.3,,43.3,,31.3,,22.16,,333.6,,1.87,,1.78,
2024-06-13 11:53:10,2024-06-13,11:53:10,,16.7,,43.2,,30.6,,21.561,,268.3,,2.64,,2.18
2024-06-13 11:54:04,2024-06-13,11:54:04,17.6,,43.7,,31.4,,22.321,,333.2,,2.05,,1.47,
2024-06-13 11:54:14,2024-06-13,11:54:14,,16.7,,43.4,,30.6,,21.599,,281.5,,3.6,,1.56
2024-06-13 11:55:08,2024-06-13,11:55:08,17.5,,43.3,,31.5,,22.326,,338.9,,2.06,,1.38,
2024-06-13 11:55:18,2024-06-13,11:55:18,,16.8,,43.5,,30.6,,21.618,,287.0,,1.75,,0.8
2024-06-13 11:56:12,2024-06-13,11:56:12,17.3,,42.9,,31.5,,22.248,,325.7,,2.18,,1.11,
2024-06-13 11:56:21,2024-06-13,11:56:21,,16.5,,42.9,,30.6,,21.503,,207.2,,2.75,,2.06
2024-06-13 11:57:15,2024-06-13,11:57:15,17.5,,42.7,,31.8,,22.457,,324.1,,2.08,,1.31,
2024-06-13 11:57:24,2024-06-13,11:57:24,,16.4,,42.4,,30.6,,21.407,,301.9,,2.71,,1.96
2024-06-13 11:58:18,2024-06-13,11:58:18,16.8,,40.8,,31.7,,21.996,,329.1,,2.49,,1.6,
2024-06-13 11:58:28,2024-06-13,11:58:28,,16.0,,41.7,,30.5,,21.19,,272.8,,2.37,,1.88
2024-06-13 11:59:22,2024-06-13,11:59:22,16.8,,41.1,,31.6,,21.974,,321.6,,2.14,,1.41,
2024-06-13 11:59:32,2024-06-13,11:59:32,,16.2,,42.1,,30.6,,21.349,,190.2,,1.67,,1.11
2024-06-13 12:00:26,2024-06-13,12:00:26,17.0,,41.2,,31.8,,22.158,,133.6,,1.47,,0.32,
2024-06-13 12:00:35,2024-06-13,12:00:35,,16.1,,41.6,,30.7,,21.335,,211.8,,2.15,,1.99
2024-06-13 12:01:29,2024-06-13,12:01:29,17.6,,42.9,,31.8,,22.496,,329.3,,1.56,,1.12,
2024-06-13 12:01:38,2024-06-13,12:01:38,,16.3,,41.7,,30.8,,21.436,,178.1,,2.45,,1.5
2024-06-13 12:02:32,2024-06-13,12:02:32,17.9,,42.8,,32.1,,22.725,,317.9,,2.39,,1.55,
2024-06-13 12:02:42,2024-06-13,12:02:42,,16.5,,42.4,,30.8,,21.572,,152.6,,2.02,,0.96
2024-06-13 12:03:36,2024-06-13,12:03:36,17.7,,41.7,,32.4,,22.751,,334.3,,1.78,,1.36,
2024-06-13 12:03:46,2024-06-13,12:03:46,,16.0,,40.4,,31.0,,21.344,,209.9,,2.83,,1.68
2024-06-13 12:04:40,2024-06-13,12:04:40,17.3,,40.4,,32.5,,22.567,,315.9,,3.1,,1.03,
2024-06-13 12:04:49,2024-06-13,12:04:49,,16.4,,41.5,,31.0,,21.562,,204.4,,1.73,,1.08
2024-06-13 12:05:43,2024-06-13,12:05:43,17.1,,40.1,,32.4,,22.424,,317.4,,2.68,,1.19,
2024-06-13 12:05:52,2024-06-13,12:05:52,,16.6,,41.9,,31.1,,21.722,,256.5,,1.5,,0.9
2024-06-13 12:06:46,2024-06-13,12:06:46,17.4,,40.7,,32.4,,22.547,,325.1,,2.09,,1.27,
2024-06-13 12:06:56,2024-06-13,12:06:56,,16.9,,42.0,,31.2,,21.824,,280.2,,1.72,,0.83
2024-06-13 12:07:50,2024-06-13,12:07:50,16.9,,39.2,,32.6,,22.398,,331.8,,2.94,,1.87,
2024-06-13 12:08:00,2024-06-13,12:08:00,,16.6,,41.1,,31.4,,21.81,,260.2,,3.04,,2.17
2024-06-13 12:08:54,2024-06-13,12:08:54,17.0,,39.4,,32.6,,22.44,,325.1,,2.62,,2.28,
2024-06-13 12:09:03,2024-06-13,12:09:03,,16.7,,41.7,,31.3,,21.847,,311.2,,3.74,,2.38
2024-06-13 12:09:57,2024-06-13,12:09:57,17.0,,39.7,,32.4,,22.341,,322.8,,2.78,,1.99,
2024-06-13 12:10:06,2024-06-13,12:10:06,,16.6,,41.5,,31.3,,21.808,,331.3,,3.32,,1.6
2024-06-13 12:11:00,2024-06-13,12:11:00,17.1,,40.2,,32.4,,22.444,,277.5,,2.11,,0.19,
2024-06-13 12:11:10,2024-06-13,12:11:10,,16.6,,41.4,,31.3,,21.788,,238.5,,1.26,,0.67
2024-06-13 12:12:04,2024-06-13,12:12:04,17.8,,41.7,,32.4,,22.751,,306.3,,1.37,,0.83,
2024-06-13 12:12:14,2024-06-13,12:12:14,,16.8,,41.4,,31.4,,21.87,,202.9,,1.49,,0.91
2024-06-13 12:13:08,2024-06-13,12:13:08,18.0,,41.8,,32.6,,22.936,,325.6,,1.93,,1.52,
2024-06-13 12:13:18,2024-06-13,12:13:18,,16.6,,40.9,,31.5,,21.852,,242.4,,2.23,,1.48
2024-06-13 12:14:11,2024-06-13,12:14:11,17.6,,41.0,,32.6,,22.772,,318.8,,2.51,,1.48,
2024-06-13 12:14:21,2024-06-13,12:14:21,,16.8,,41.3,,31.5,,21.932,,286.4,,1.52,,0.94
2024-06-13 12:15:15,2024-06-13,12:15:15,17.7,,41.2,,32.6,,22.813,,334.1,,1.97,,1.77,
2024-06-13 12:15:24,2024-06-13,12:15:24,,16.4,,40.3,,31.5,,21.732,,249.3,,2.19,,0.56
2024-06-13 12:16:18,2024-06-13,12:16:18,17.5,,40.8,,32.6,,22.731,,323.7,,2.09,,1.08,
2024-06-13 12:16:28,2024-06-13,12:16:28,,16.9,,41.4,,31.6,,22.034,,237.8,,1.49,,1.09
2024-06-13 12:17:22,2024-06-13,12:17:22,17.7,,40.9,,32.7,,22.833,,329.4,,2.04,,1.01,
2024-06-13 12:17:31,2024-06-13,12:17:31,,17.1,,41.7,,31.7,,22.176,,286.5,,3.14,,2.34
2024-06-13 12:18:26,2024-06-13,12:18:26,17.8,,41.3,,32.7,,22.916,,309.6,,2.09,,1.05,
2024-06-13 12:18:34,2024-06-13,12:18:34,,17.2,,42.1,,31.7,,22.256,,284.4,,3.54,,2.88
2024-06-13 12:19:29,2024-06-13,12:19:29,17.7,,40.9,,32.7,,22.833,,332.9,,2.32,,1.24,
2024-06-13 12:19:38,2024-06-13,12:19:38,,17.1,,42.2,,31.5,,22.111,,279.7,,4.65,,4.34
2024-06-13 12:20:32,2024-06-13,12:20:32,18.2,,42.3,,32.7,,23.12,,333.6,,1.95,,1.6,
2024-06-13 12:20:42,2024-06-13,12:20:42,,17.5,,43.3,,31.5,,22.326,,278.2,,4.24,,2.75
2024-06-13 12:21:36,2024-06-13,12:21:36,18.0,,41.6,,32.7,,22.977,,333.2,,1.29,,0.5,
2024-06-13 12:21:45,2024-06-13,12:21:45,,17.4,,43.0,,31.5,,22.268,,263.6,,3.7,,1.74
2024-06-13 12:22:40,2024-06-13,12:22:40,17.9,,41.5,,32.7,,22.957,,332.9,,2.19,,1.8,
2024-06-13 12:22:49,2024-06-13,12:22:49,,17.3,,42.8,,31.5,,22.228,,271.8,,2.61,,1.71
2024-06-13 12:23:43,2024-06-13,12:23:43,18.0,,41.8,,32.6,,22.936,,319.5,,2.96,,1.41,
2024-06-13 12:23:52,2024-06-13,12:23:52,,17.4,,43.0,,31.5,,22.268,,260.7,,2.09,,0.89
2024-06-13 12:24:46,2024-06-13,12:24:46,18.2,,42.7,,32.5,,23.035,,321.2,,1.89,,1.58,
2024-06-13 12:24:56,2024-06-13,12:24:56,,17.3,,42.4,,31.6,,22.232,,330.0,,2.43,,2.18
2024-06-13 12:25:50,2024-06-13,12:25:50,18.0,,41.9,,32.6,,22.956,,315.1,,2.32,,1.32,
2024-06-13 12:26:00,2024-06-13,12:26:00,,17.4,,42.9,,31.6,,22.331,,228.5,,2.01,,1.36
2024-06-13 12:26:54,2024-06-13,12:26:54,18.1,,41.9,,32.8,,23.121,,330.4,,2.12,,0.9,
2024-06-13 12:27:03,2024-06-13,12:27:03,,17.6,,43.2,,31.6,,22.39,,240.3,,2.88,,2.2
2024-06-13 12:27:57,2024-06-13,12:27:57,18.3,,42.0,,33.0,,23.306,,327.5,,2.13,,1.89,
2024-06-13 12:28:06,2024-06-13,12:28:06,,17.3,,42.2,,31.7,,22.275,,275.3,,3.49,,2.8
2024-06-13 12:29:00,2024-06-13,12:29:00,18.0,,40.9,,33.1,,23.16,,327.0,,2.38,,2.03,
2024-06-13 12:29:10,2024-06-13,12:29:10,,17.2,,42.1,,31.7,,22.256,,285.9,,3.87,,1.79
2024-06-13 12:30:04,2024-06-13,12:30:04,17.6,,40.3,,32.9,,22.872,,329.9,,2.68,,2.32,
2024-06-13 12:30:14,2024-06-13,12:30:14,,17.3,,42.3,,31.7,,22.295,,346.4,,3.3,,1.82
2024-06-13 12:31:08,2024-06-13,12:31:08,17.9,,41.6,,32.7,,22.977,,316.0,,2.03,,0.96,
2024-06-13 12:31:17,2024-06-13,12:31:17,,17.5,,42.8,,31.7,,22.394,,264.6,,3.17,,2.24
2024-06-13 12:32:12,2024-06-13,12:32:12,,,,,18.2,,,,32.7,,4.23,,1.15,
2024-06-13 12:32:20,2024-06-13,12:32:20,,17.2,,42.1,,31.7,,22.256,,273.4,,4.36,,3.93
2024-06-13 12:33:14,2024-06-13,12:33:14,17.9,,41.2,,32.8,,22.977,,328.8,,2.37,,1.96,
2024-06-13 12:33:24,2024-06-13,12:33:24,,17.3,,42.1,,31.7,,22.256,,240.8,,4.11,,2.21
2024-06-13 12:34:18,2024-06-13,12:34:18,17.8,,40.7,,32.9,,22.955,,322.2,,2.43,,1.98,
2024-06-13 12:34:27,2024-06-13,12:34:27,,17.5,,42.9,,31.7,,22.414,,263.8,,3.17,,2.02
2024-06-13 12:35:22,2024-06-13,12:35:22,17.8,,40.7,,32.9,,22.955,,323.7,,2.29,,1.87,
2024-06-13 12:35:31,2024-06-13,12:35:31,,17.3,,42.1,,31.8,,22.338,,274.0,,2.94,,0.43
2024-06-13 12:36:25,2024-06-13,12:36:25,17.8,,40.9,,32.8,,22.915,,325.8,,2.26,,1.61,
2024-06-13 12:36:34,2024-06-13,12:36:34,,17.1,,41.7,,31.7,,22.176,,15.2,,1.87,,1.45
2024-06-13 12:37:28,2024-06-13,12:37:28,17.5,,40.5,,32.7,,22.751,,322.9,,2.29,,1.55,
2024-06-13 12:37:38,2024-06-13,12:37:38,,17.3,,42.0,,31.8,,22.318,,3.2,,1.75,,0.35
2024-06-13 12:38:32,2024-06-13,12:38:32,18.0,,41.7,,32.7,,22.998,,351.0,,2.34,,1.01,
2024-06-13 12:38:42,2024-06-13,12:38:42,,17.8,,43.2,,31.9,,22.638,,259.9,,3.9,,2.33
2024-06-13 12:39:36,2024-06-13,12:39:36,18.6,,42.8,,32.9,,23.386,,342.3,,1.8,,1.4,
2024-06-13 12:39:45,2024-06-13,12:39:45,,18.0,,43.3,,32.0,,22.741,,239.2,,3.04,,1.35
2024-06-13 12:40:39,2024-06-13,12:40:39,18.7,,42.7,,33.1,,23.531,,327.3,,2.01,,1.4,
2024-06-13 12:40:48,2024-06-13,12:40:48,,17.9,,43.2,,32.0,,22.721,,236.8,,5.71,,5.01
2024-06-13 12:41:42,2024-06-13,12:41:42,18.8,,42.5,,33.3,,23.656,,3.3,,1.37,,0.54,
2024-06-13 12:41:52,2024-06-13,12:41:52,,18.0,,43.2,,32.1,,22.804,,281.4,,4.21,,2.3
2024-06-13 12:42:46,2024-06-13,12:42:46,19.0,,42.7,,33.4,,23.779,,337.6,,1.53,,0.98,
2024-06-13 12:42:56,2024-06-13,12:42:56,,18.1,,44.0,,31.9,,22.795,,263.0,,6.3,,5.08
2024-06-13 12:43:50,2024-06-13,12:43:50,18.7,,41.9,,33.4,,23.614,,337.5,,2.03,,1.46,
2024-06-13 12:43:59,2024-06-13,12:43:59,,18.4,,45.4,,31.7,,22.899,,268.9,,6.13,,2.99
2024-06-13 12:44:53,2024-06-13,12:44:53,19.2,,43.3,,33.4,,23.902,,329.4,,1.57,,1.09,
2024-06-13 12:45:02,2024-06-13,12:45:02,,17.9,,43.3,,31.9,,22.658,,238.1,,5.27,,4.24
2024-06-13 12:45:56,2024-06-13,12:45:56,19.1,,42.7,,33.6,,23.945,,334.1,,2.02,,1.63,
2024-06-13 12:46:06,2024-06-13,12:46:06,,18.6,,45.5,,31.8,,23.002,,264.1,,5.41,,3.1
2024-06-13 12:47:00,2024-06-13,12:47:00,19.0,,42.3,,33.6,,23.862,,328.2,,2.26,,1.97,
2024-06-13 12:47:10,2024-06-13,12:47:10,,18.5,,45.5,,31.7,,22.918,,280.0,,5.88,,3.48
2024-06-13 12:48:04,2024-06-13,12:48:04,19.0,,42.6,,33.4,,23.759,,321.2,,2.73,,1.44,
2024-06-13 12:48:13,2024-06-13,12:48:13,,18.4,,45.4,,31.6,,22.815,,238.8,,5.35,,2.08
2024-06-13 12:49:07,2024-06-13,12:49:07,19.1,,43.3,,33.3,,23.819,,352.2,,2.01,,0.71,
2024-06-13 12:49:16,2024-06-13,12:49:16,,18.6,,46.2,,31.6,,22.967,,240.4,,3.12,,2.33
2024-06-13 12:50:10,2024-06-13,12:50:10,19.3,,43.9,,33.3,,23.941,,312.6,,1.84,,0.94,
2024-06-13 12:50:20,2024-06-13,12:50:20,,18.8,,46.4,,31.7,,23.089,,244.4,,5.22,,2.14
2024-06-13 12:51:14,2024-06-13,12:51:14,19.4,,43.6,,33.5,,24.046,,328.5,,2.03,,0.88,
2024-06-13 12:51:24,2024-06-13,12:51:24,,18.8,,46.4,,31.7,,23.089,,261.8,,5.17,,3.47
2024-06-13 12:52:18,2024-06-13,12:52:18,19.5,,43.7,,33.6,,24.15,,293.6,,1.81,,0.33,
2024-06-13 12:52:27,2024-06-13,12:52:27,,18.6,,45.7,,31.8,,23.04,,244.4,,6.3,,6.01
2024-06-13 12:53:21,2024-06-13,12:53:21,19.7,,44.2,,33.6,,24.252,,339.8,,2.26,,1.66,
2024-06-13 12:53:30,2024-06-13,12:53:30,,18.8,,46.8,,31.6,,23.081,,235.5,,5.52,,2.42
2024-06-13 12:54:24,2024-06-13,12:54:24,19.9,,44.7,,33.6,,24.353,,322.1,,1.76,,1.05,
2024-06-13 12:54:34,2024-06-13,12:54:34,,19.0,,47.5,,31.6,,23.212,,251.0,,3.11,,2.06
2024-06-13 12:55:28,2024-06-13,12:55:28,19.6,,43.9,,33.6,,24.191,,320.8,,2.07,,1.08,
2024-06-13 12:55:38,2024-06-13,12:55:38,,19.0,,47.2,,31.6,,23.156,,233.7,,7.04,,3.97
2024-06-13 12:56:32,2024-06-13,12:56:32,19.8,,43.9,,33.8,,24.357,,326.4,,1.99,,1.17,
2024-06-13 12:56:41,2024-06-13,12:56:41,,19.1,,47.6,,31.6,,23.231,,233.6,,4.57,,3.48
2024-06-13 12:57:35,2024-06-13,12:57:35,19.7,,43.7,,33.8,,24.316,,327.0,,2.08,,0.81,
2024-06-13 12:57:44,2024-06-13,12:57:44,,18.9,,47.6,,31.4,,23.061,,227.2,,6.05,,3.74
2024-06-13 12:58:38,2024-06-13,12:58:38,19.9,,44.0,,33.9,,24.461,,315.5,,2.05,,1.5,
2024-06-13 12:58:48,2024-06-13,12:58:48,,19.0,,48.2,,31.2,,23.002,,239.7,,3.51,,2.22
2024-06-13 12:59:42,2024-06-13,12:59:42,19.6,,43.3,,33.9,,24.317,,324.6,,2.31,,1.55,
2024-06-13 12:59:52,2024-06-13,12:59:52,,19.0,,48.0,,31.4,,23.135,,261.8,,4.63,,4.16
2024-06-13 13:00:46,2024-06-13,13:00:46,19.5,,43.4,,33.7,,24.172,,334.5,,2.46,,1.74,
2024-06-13 13:00:55,2024-06-13,13:00:55,,19.0,,47.7,,31.5,,23.164,,287.1,,4.86,,3.41
2024-06-13 13:01:49,2024-06-13,13:01:49,19.8,,44.3,,33.6,,24.272,,311.3,,2.05,,1.42,
2024-06-13 13:01:58,2024-06-13,13:01:58,,19.1,,47.9,,31.5,,23.202,,253.3,,4.57,,2.38
2024-06-13 13:02:52,2024-06-13,13:02:52,19.7,,44.0,,33.7,,24.294,,32.1,,1.52,,0.57,
2024-06-13 13:03:02,2024-06-13,13:03:02,,19.0,,47.1,,31.6,,23.137,,293.5,,4.39,,3.64
2024-06-13 13:03:56,2024-06-13,13:03:56,19.6,,44.0,,33.5,,24.128,,325.9,,2.54,,1.17,
2024-06-13 13:04:06,2024-06-13,13:04:06,,19.0,,47.3,,31.6,,23.175,,249.5,,5.33,,4.1
2024-06-13 13:05:00,2024-06-13,13:05:00,19.4,,43.7,,33.5,,24.067,,330.1,,2.31,,1.7,
2024-06-13 13:05:09,2024-06-13,13:05:09,,19.0,,47.2,,31.6,,23.156,,235.1,,5.93,,2.07
2024-06-13 13:06:03,2024-06-13,13:06:03,19.9,,44.8,,33.5,,24.289,,349.6,,1.9,,1.26,
2024-06-13 13:06:12,2024-06-13,13:06:12,,18.8,,46.9,,31.6,,23.099,,225.9,,4.43,,3.73
2024-06-13 13:07:06,2024-06-13,13:07:06,20.1,,45.3,,33.6,,24.474,,337.3,,1.79,,1.4,
2024-06-13 13:07:16,2024-06-13,13:07:16,,19.1,,47.3,,31.7,,23.259,,243.4,,3.85,,2.27
2024-06-13 13:08:10,2024-06-13,13:08:10,20.0,,45.1,,33.8,,24.601,,341.7,,1.54,,0.96,
2024-06-13 13:08:20,2024-06-13,13:08:20,,18.8,,46.1,,31.8,,23.117,,247.3,,4.99,,3.67
2024-06-13 13:09:14,2024-06-13,13:09:14,20.2,,45.0,,33.8,,24.581,,323.0,,0.87,,0.6,
2024-06-13 13:09:23,2024-06-13,13:09:23,,18.7,,46.2,,31.7,,23.051,,278.7,,5.45,,4.88
2024-06-13 13:10:17,2024-06-13,13:10:17,19.7,,43.8,,33.7,,24.254,,326.8,,2.53,,1.93,
2024-06-13 13:10:26,2024-06-13,13:10:26,,18.9,,47.0,,31.6,,23.118,,244.5,,5.17,,2.59
2024-06-13 13:11:20,2024-06-13,13:11:20,19.5,,43.4,,33.6,,24.089,,333.7,,2.44,,2.01,
2024-06-13 13:11:30,2024-06-13,13:11:30,,18.8,,46.6,,31.6,,23.043,,265.9,,4.34,,3.73
2024-06-13 13:12:24,2024-06-13,13:12:24,19.7,,44.4,,33.5,,24.209,,354.6,,2.4,,0.99,
2024-06-13 13:12:34,2024-06-13,13:12:34,,19.0,,47.1,,31.6,,23.137,,236.2,,4.19,,0.52
2024-06-13 13:13:28,2024-06-13,13:13:28,19.7,,44.6,,33.4,,24.166,,324.5,,2.23,,1.85,
2024-06-13 13:13:37,2024-06-13,13:13:37,,18.8,,46.3,,31.7,,23.07,,264.0,,4.22,,2.73
2024-06-13 13:14:31,2024-06-13,13:14:31,19.4,,43.8,,33.4,,24.004,,329.6,,2.23,,1.45,
2024-06-13 13:14:40,2024-06-13,13:14:40,,18.9,,46.7,,31.7,,23.146,,275.8,,3.79,,2.02
2024-06-13 13:15:34,2024-06-13,13:15:34,19.8,,44.7,,33.5,,24.269,,328.0,,1.9,,1.22,
2024-06-13 13:15:44,2024-06-13,13:15:44,,18.7,,46.0,,31.7,,23.013,,240.1,,4.91,,3.77
2024-06-13 13:16:38,2024-06-13,13:16:38,19.9,,44.5,,33.7,,24.396,,316.3,,1.95,,0.49,
2024-06-13 13:16:48,2024-06-13,13:16:48,,18.8,,46.5,,31.7,,23.108,,252.0,,3.89,,3.01
2024-06-13 13:17:42,2024-06-13,13:17:42,19.8,,44.0,,33.8,,24.378,,17.8,,1.96,,0.62,
2024-06-13 13:18:17,2024-06-13,13:18:17,,19.0,,47.1,,31.6,,23.137,,259.3,,5.24,,4.1
2024-06-13 13:18:45,2024-06-13,13:18:45,20.3,,45.3,,33.8,,24.641,,348.9,,0.93,,0.42,
2024-06-13 13:19:18,2024-06-13,13:19:18,,18.9,,47.3,,31.5,,23.09,,245.8,,5.85,,4.47
2024-06-13 13:19:48,2024-06-13,13:19:48,20.0,,44.1,,33.9,,24.481,,326.3,,1.82,,1.02,
2024-06-13 13:20:22,2024-06-13,13:20:22,,18.8,,47.1,,31.4,,22.968,,239.0,,5.51,,3.57
2024-06-13 13:20:52,2024-06-13,13:20:52,19.5,,42.8,,33.9,,24.214,,342.4,,1.56,,0.99,
2024-06-13 13:21:26,2024-06-13,13:21:26,,18.9,,47.4,,31.4,,23.024,,252.7,,5.38,,2.75
2024-06-13 13:21:56,2024-06-13,13:21:56,19.8,,43.9,,33.8,,24.357,,336.8,,2.04,,1.53,
2024-06-13 13:22:29,2024-06-13,13:22:29,,18.7,,46.9,,31.4,,22.93,,245.6,,5.96,,3.42
2024-06-13 13:22:59,2024-06-13,13:22:59,19.7,,43.7,,33.8,,24.316,,344.7,,1.75,,0.55,
2024-06-13 13:23:32,2024-06-13,13:23:32,,18.8,,47.6,,31.3,,22.976,,257.9,,5.62,,3.3
2024-06-13 13:24:02,2024-06-13,13:24:02,19.6,,43.7,,33.7,,24.233,,334.5,,1.85,,0.87,
2024-06-13 13:24:36,2024-06-13,13:24:36,,18.9,,47.8,,31.3,,23.013,,216.0,,5.39,,2.33
2024-06-13 13:25:06,2024-06-13,13:25:06,19.8,,44.3,,33.6,,24.272,,317.4,,1.35,,1.1,
2024-06-13 13:25:40,2024-06-13,13:25:40,,19.0,,48.0,,31.4,,23.135,,231.4,,2.57,,1.26
2024-06-13 13:26:10,2024-06-13,13:26:10,19.9,,44.2,,33.8,,24.419,,327.4,,2.48,,1.07,
2024-06-13 13:26:43,2024-06-13,13:26:43,,19.0,,47.2,,31.6,,23.156,,282.7,,3.34,,1.19
2024-06-13 13:27:13,2024-06-13,13:27:13,19.8,,44.2,,33.7,,24.335,,357.8,,1.92,,0.6,
2024-06-13 13:27:46,2024-06-13,13:27:46,,18.5,,45.9,,31.6,,22.91,,239.2,,4.73,,3.6
2024-06-13 13:28:16,2024-06-13,13:28:16,20.0,,44.6,,33.7,,24.416,,99.5,,0.88,,0.47,
2024-06-13 13:28:50,2024-06-13,13:28:50,,18.6,,46.7,,31.4,,22.893,,255.3,,4.74,,2.88
2024-06-13 13:29:20,2024-06-13,13:29:20,19.8,,43.8,,33.8,,24.337,,72.1,,0.52,,0.14,
2024-06-13 13:29:54,2024-06-13,13:29:54,,18.8,,47.4,,31.3,,22.939,,263.0,,3.29,,2.41
2024-06-13 13:30:24,2024-06-13,13:30:24,19.6,,43.5,,33.8,,24.275,,98.2,,0.74,,0.41,
2024-06-13 13:30:57,2024-06-13,13:30:57,,18.7,,47.4,,31.2,,22.854,,228.1,,5.17,,2.69
2024-06-13 13:31:27,2024-06-13,13:31:27,19.6,,43.3,,33.8,,24.234,,42.6,,0.72,,0.41,
2024-06-13 13:32:00,2024-06-13,13:32:00,,18.9,,48.0,,31.2,,22.965,,206.9,,4.53,,2.67
2024-06-13 13:32:30,2024-06-13,13:32:30,19.6,,43.5,,33.8,,24.275,,343.3,,0.83,,0.33,
2024-06-13 13:33:04,2024-06-13,13:33:04,,18.5,,46.6,,31.3,,22.789,,256.2,,3.33,,2.73
2024-06-13 13:33:34,2024-06-13,13:33:34,19.8,,43.9,,33.8,,24.357,,121.8,,0.51,,0.33,
2024-06-13 13:34:08,2024-06-13,13:34:08,,18.8,,47.5,,31.2,,22.872,,237.6,,4.87,,3.62
2024-06-13 13:34:38,2024-06-13,13:34:38,19.6,,43.5,,33.8,,24.275,,24.4,,0.62,,0.31,
2024-06-13 13:35:11,2024-06-13,13:35:11,,18.9,,48.2,,31.1,,22.917,,237.4,,5.04,,2.85
2024-06-13 13:35:41,2024-06-13,13:35:41,19.7,,43.7,,33.8,,24.316,,37.3,,0.5,,0.27,
2024-06-13 13:36:14,2024-06-13,13:36:14,,18.7,,48.1,,31.0,,22.813,,231.2,,6.24,,3.92
2024-06-13 13:36:44,2024-06-13,13:36:44,19.5,,43.2,,33.8,,24.213,,120.6,,0.74,,0.23,
2024-06-13 13:37:18,2024-06-13,13:37:18,,18.6,,47.8,,31.0,,22.758,,260.6,,5.06,,3.82
2024-06-13 13:37:48,2024-06-13,13:37:48,19.6,,43.3,,33.8,,24.234,,352.7,,1.07,,0.75,
2024-06-13 13:38:22,2024-06-13,13:38:22,,18.6,,48.1,,30.9,,22.728,,246.5,,5.34,,3.6
2024-06-13 13:38:52,2024-06-13,13:38:52,19.2,,42.9,,33.6,,23.986,,55.9,,1.28,,0.55,
2024-06-13 13:39:25,2024-06-13,13:39:25,,,,,,18.9,,,,255.1,,4.68,,2.77
2024-06-13 13:39:55,2024-06-13,13:39:55,19.8,,44.2,,33.7,,24.335,,100.2,,0.89,,0.51,
2024-06-13 13:40:28,2024-06-13,13:40:28,,18.9,,48.2,,31.1,,22.917,,247.2,,5.88,,3.94
2024-06-13 13:40:58,2024-06-13,13:40:58,19.5,,43.4,,33.7,,24.172,,43.1,,0.85,,0.74,
2024-06-13 13:41:32,2024-06-13,13:41:32,,18.9,,48.7,,31.0,,22.923,,234.7,,5.86,,3.99
2024-06-13 13:42:02,2024-06-13,13:42:02,20.0,,44.7,,33.7,,24.437,,53.8,,0.91,,0.28,
2024-06-13 13:42:36,2024-06-13,13:42:36,,18.8,,48.3,,31.0,,22.85,,244.4,,5.64,,2.55
2024-06-13 13:43:06,2024-06-13,13:43:06,19.8,,43.8,,33.8,,24.337,,51.4,,0.78,,0.28,
2024-06-13 13:43:39,2024-06-13,13:43:39,,19.0,,48.4,,31.2,,23.039,,211.5,,4.35,,2.93
2024-06-13 13:44:09,2024-06-13,13:44:09,19.8,,43.9,,33.8,,24.357,,44.3,,0.53,,0.36,
2024-06-13 13:44:42,2024-06-13,13:44:42,,18.7,,47.8,,31.1,,22.843,,221.8,,5.56,,2.71
2024-06-13 13:45:12,2024-06-13,13:45:12,19.8,,44.0,,33.8,,24.378,,66.8,,0.96,,0.26,
2024-06-13 13:45:46,2024-06-13,13:45:46,,18.6,,47.6,,31.1,,22.806,,235.9,,5.45,,3.54
2024-06-13 13:46:16,2024-06-13,13:46:16,19.8,,43.6,,33.9,,24.379,,29.5,,0.38,,0.22,
2024-06-13 13:46:50,2024-06-13,13:46:50,,18.6,,47.5,,31.1,,22.788,,232.7,,4.79,,3.95
2024-06-13 13:47:20,2024-06-13,13:47:20,19.6,,43.1,,33.9,,24.276,,97.5,,0.6,,0.25,
2024-06-13 13:47:53,2024-06-13,13:47:53,,18.8,,48.5,,30.9,,22.801,,216.7,,6.1,,5.12
2024-06-13 13:48:23,2024-06-13,13:48:23,20.1,,44.3,,34.0,,24.606,,161.0,,0.69,,0.34,
2024-06-13 13:48:56,2024-06-13,13:48:56,,18.8,,48.7,,30.9,,22.837,,230.8,,4.95,,4.12
2024-06-13 13:49:26,2024-06-13,13:49:26,20.3,,44.8,,34.0,,24.708,,142.7,,0.75,,0.6,
2024-06-13 13:50:00,2024-06-13,13:50:00,,18.7,,48.0,,31.0,,22.795,,212.2,,5.41,,4.82
2024-06-13 13:50:30,2024-06-13,13:50:30,20.0,,44.2,,33.9,,24.502,,121.6,,0.88,,0.65,
2024-06-13 13:51:04,2024-06-13,13:51:04,,18.7,,48.4,,30.9,,22.783,,202.3,,5.3,,3.0
2024-06-13 13:51:34,2024-06-13,13:51:34,20.6,,45.8,,33.9,,24.826,,141.3,,1.29,,0.78,
2024-06-13 13:52:07,2024-06-13,13:52:07,,18.5,,47.7,,30.9,,22.655,,244.6,,4.67,,3.62
2024-06-13 13:52:37,2024-06-13,13:52:37,20.5,,45.5,,33.9,,24.766,,137.4,,0.56,,0.23,
2024-06-13 13:53:10,2024-06-13,13:53:10,,18.6,,48.0,,30.9,,22.71,,260.9,,5.23,,3.12
2024-06-13 13:53:40,2024-06-13,13:53:40,20.0,,44.2,,33.9,,24.502,,114.0,,0.57,,0.35,
2024-06-13 13:54:14,2024-06-13,13:54:14,,18.5,,47.5,,31.0,,22.703,,244.2,,5.25,,4.78
2024-06-13 13:54:44,2024-06-13,13:54:44,19.5,,43.2,,33.8,,24.213,,73.4,,0.74,,0.12,
2024-06-13 13:55:18,2024-06-13,13:55:18,,18.4,,47.2,,31.0,,22.647,,239.2,,5.53,,2.85
2024-06-13 13:55:48,2024-06-13,13:55:48,19.4,,42.9,,33.8,,24.152,,357.3,,0.74,,0.55,
2024-06-13 13:56:21,2024-06-13,13:56:21,,18.7,,48.3,,30.9,,22.764,,251.1,,3.65,,1.52
2024-06-13 13:56:51,2024-06-13,13:56:51,19.4,,43.2,,33.7,,24.131,,334.3,,1.13,,0.76,
2024-06-13 13:57:24,2024-06-13,13:57:24,,18.5,,47.5,,31.0,,22.703,,231.8,,4.01,,1.49
2024-06-13 13:57:54,2024-06-13,13:57:54,19.5,,43.7,,33.6,,24.15,,343.9,,0.66,,0.11,
2024-06-13 13:58:28,2024-06-13,13:58:28,,18.5,,47.4,,31.0,,22.684,,234.0,,5.62,,4.06
2024-06-13 13:58:58,2024-06-13,13:58:58,19.9,,44.3,,33.7,,24.355,,113.4,,0.65,,0.38,
2024-06-13 13:59:32,2024-06-13,13:59:32,,18.6,,48.1,,30.9,,22.728,,227.8,,5.19,,4.04
2024-06-13 14:00:02,2024-06-13,14:00:02,19.9,,44.3,,33.7,,24.355,,342.6,,0.87,,0.61,
2024-06-13 14:00:35,2024-06-13,14:00:35,,18.8,,49.0,,30.7,,22.721,,209.4,,6.04,,4.79
2024-06-13 14:01:04,2024-06-13,14:01:04,,,,,,,,,28.1,,0.82,,0.31,
2024-06-13 14:01:38,2024-06-13,14:01:38,,18.9,,49.3,,30.7,,22.775,,212.1,,5.56,,2.45
2024-06-13 14:02:08,2024-06-13,14:02:08,20.0,,44.3,,33.8,,24.439,,80.4,,0.55,,0.12,
2024-06-13 14:02:42,2024-06-13,14:02:42,,18.6,,48.2,,30.8,,22.661,,239.8,,6.42,,5.49
2024-06-13 14:03:12,2024-06-13,14:03:12,20.1,,44.7,,33.8,,24.52,,76.6,,1.0,,0.42,
2024-06-13 14:03:46,2024-06-13,14:03:46,,18.7,,48.9,,30.7,,22.703,,209.9,,5.67,,4.36
2024-06-13 14:04:16,2024-06-13,14:04:16,20.1,,44.7,,33.8,,24.52,,99.8,,1.14,,0.4,
2024-06-13 14:04:49,2024-06-13,14:04:49,,18.7,,48.6,,30.8,,22.734,,234.4,,5.69,,4.39
2024-06-13 14:05:19,2024-06-13,14:05:19,19.7,,43.6,,33.8,,24.296,,75.2,,0.66,,0.4,
2024-06-13 14:05:52,2024-06-13,14:05:52,,18.3,,47.7,,30.7,,22.485,,222.5,,5.43,,4.7
2024-06-13 14:06:22,2024-06-13,14:06:22,19.9,,44.1,,33.8,,24.398,,108.6,,0.88,,0.74,
2024-06-13 14:06:56,2024-06-13,14:06:56,,18.7,,48.6,,30.7,,22.648,,241.9,,5.16,,2.08
2024-06-13 14:07:26,2024-06-13,14:07:26,19.8,,43.8,,33.8,,24.337,,118.5,,0.91,,0.5,
2024-06-13 14:08:00,2024-06-13,14:08:00,,18.1,,46.5,,30.9,,22.433,,224.5,,4.57,,2.86
2024-06-13 14:08:30,2024-06-13,14:08:30,19.0,,42.4,,33.6,,23.883,,151.5,,1.25,,0.83,
2024-06-13 14:09:04,2024-06-13,14:09:04,,18.5,,47.8,,30.9,,22.673,,220.4,,5.58,,3.55
2024-06-13 14:09:33,2024-06-13,14:09:33,19.8,,44.6,,33.5,,24.249,,341.1,,1.83,,1.18,
2024-06-13 14:10:07,2024-06-13,14:10:07,,18.4,,48.1,,30.7,,22.558,,222.8,,5.83,,3.47
2024-06-13 14:10:36,2024-06-13,14:10:36,19.8,,44.5,,33.5,,24.229,,320.1,,2.42,,1.68,
2024-06-13 14:11:10,2024-06-13,14:11:10,,18.5,,47.6,,30.9,,22.636,,244.7,,5.46,,2.53
2024-06-13 14:11:40,2024-06-13,14:11:40,19.6,,43.8,,33.6,,24.17,,318.1,,1.86,,0.53,
2024-06-13 14:12:14,2024-06-13,14:12:14,,18.6,,47.5,,31.1,,22.788,,211.4,,3.51,,1.85
2024-06-13 14:12:44,2024-06-13,14:12:44,20.2,,45.2,,33.7,,24.537,,316.3,,2.0,,1.25,
2024-06-13 14:13:18,2024-06-13,14:13:18,,18.1,,45.8,,31.2,,22.555,,248.3,,6.14,,3.7
2024-06-13 14:13:47,2024-06-13,14:13:47,19.2,,42.7,,33.7,,24.027,,339.2,,2.03,,1.72,
2024-06-13 14:14:21,2024-06-13,14:14:21,,18.1,,45.9,,31.2,,22.573,,269.5,,5.87,,2.32
2024-06-13 14:14:50,2024-06-13,14:14:50,19.5,,43.7,,33.6,,24.15,,325.2,,2.03,,1.24,
2024-06-13 14:15:24,2024-06-13,14:15:24,,18.1,,45.6,,31.3,,22.601,,218.0,,3.07,,2.27
2024-06-13 14:15:54,2024-06-13,14:15:54,19.5,,43.7,,33.6,,24.15,,306.0,,2.27,,1.23,
2024-06-13 14:16:28,2024-06-13,14:16:28,,18.1,,44.9,,31.5,,22.635,,229.1,,4.94,,3.54
2024-06-13 14:16:58,2024-06-13,14:16:58,19.2,,42.7,,33.7,,24.027,,112.0,,3.0,,0.36,
2024-06-13 14:17:32,2024-06-13,14:17:32,,18.5,,46.1,,31.5,,22.864,,215.6,,4.28,,3.44
2024-06-13 14:18:01,2024-06-13,14:18:01,19.4,,42.9,,33.8,,24.152,,167.3,,0.54,,0.09,
2024-06-13 14:18:35,2024-06-13,14:18:35,,18.4,,46.0,,31.4,,22.761,,237.3,,4.95,,3.78
2024-06-13 14:19:04,2024-06-13,14:19:04,19.7,,43.7,,33.8,,24.316,,320.4,,2.4,,1.41,
2024-06-13 14:19:38,2024-06-13,14:19:38,,18.3,,46.0,,31.3,,22.676,,228.9,,5.37,,3.61
2024-06-13 14:20:08,2024-06-13,14:20:08,19.4,,43.0,,33.8,,24.172,,314.5,,2.38,,1.6,
2024-06-13 14:20:42,2024-06-13,14:20:42,,18.0,,45.6,,31.2,,22.517,,243.9,,6.35,,5.36
2024-06-13 14:21:12,2024-06-13,14:21:12,19.2,,42.5,,33.7,,23.986,,355.3,,1.85,,0.88,
2024-06-13 14:21:46,2024-06-13,14:21:46,,18.0,,45.7,,31.2,,22.536,,204.6,,5.27,,3.83
2024-06-13 14:22:15,2024-06-13,14:22:15,19.4,,42.9,,33.7,,24.069,,325.0,,2.35,,1.35,
2024-06-13 14:22:49,2024-06-13,14:22:49,,17.6,,44.3,,31.2,,22.27,,243.7,,5.37,,3.86
2024-06-13 14:23:18,2024-06-13,14:23:18,18.9,,41.6,,33.7,,23.798,,13.8,,1.97,,0.5,
2024-06-13 14:23:52,2024-06-13,14:23:52,,17.5,,44.2,,31.1,,22.167,,242.6,,5.42,,4.22
2024-06-13 14:24:22,2024-06-13,14:24:22,18.5,,40.8,,33.7,,23.63,,324.5,,1.51,,1.07,
2024-06-13 14:24:56,2024-06-13,14:24:56,,18.0,,45.7,,31.1,,22.452,,266.5,,5.09,,2.68
2024-06-13 14:25:26,2024-06-13,14:25:26,18.7,,41.5,,33.6,,23.695,,350.8,,2.61,,1.21,
2024-06-13 14:26:00,2024-06-13,14:26:00,,17.9,,45.7,,31.0,,22.368,,226.0,,5.99,,2.34
2024-06-13 14:26:29,2024-06-13,14:26:29,18.8,,41.9,,33.5,,23.697,,330.5,,1.78,,0.64,
2024-06-13 14:27:03,2024-06-13,14:27:03,,17.9,,45.4,,31.1,,22.395,,251.1,,5.23,,4.62
2024-06-13 14:27:32,2024-06-13,14:27:32,18.5,,41.3,,33.5,,23.571,,357.5,,0.94,,0.66,
2024-06-13 14:28:06,2024-06-13,14:28:06,,18.1,,45.9,,31.1,,22.489,,222.6,,6.54,,3.66
2024-06-13 14:28:36,2024-06-13,14:28:36,,,,,18.9,,,,33.5,,4.22,,1.72,
2024-06-13 14:29:10,2024-06-13,14:29:10,,18.1,,46.0,,31.1,,22.508,,249.0,,4.71,,2.3
2024-06-13 14:29:40,2024-06-13,14:29:40,19.1,,42.5,,33.6,,23.903,,338.9,,2.31,,1.13,
2024-06-13 14:30:14,2024-06-13,14:30:14,,18.1,,45.8,,31.2,,22.555,,213.7,,5.33,,3.95
2024-06-13 14:30:43,2024-06-13,14:30:43,19.0,,42.6,,33.5,,23.842,,10.0,,2.05,,0.37,
2024-06-13 14:31:17,2024-06-13,14:31:17,,18.1,,45.9,,31.2,,22.573,,211.4,,4.99,,1.97
2024-06-13 14:31:46,2024-06-13,14:31:46,19.3,,43.2,,33.5,,23.965,,330.5,,1.96,,1.63,
2024-06-13 14:32:20,2024-06-13,14:32:20,,18.0,,45.5,,31.2,,22.498,,240.3,,4.39,,3.79
2024-06-13 14:32:50,2024-06-13,14:32:50,19.0,,42.4,,33.5,,23.8,,337.8,,2.22,,1.12,
2024-06-13 14:33:24,2024-06-13,14:33:24,,18.3,,46.3,,31.2,,22.649,,202.4,,5.19,,2.28
2024-06-13 14:33:54,2024-06-13,14:33:54,19.3,,43.2,,33.6,,24.048,,312.2,,2.1,,1.28,
2024-06-13 14:34:28,2024-06-13,14:34:28,,18.2,,45.9,,31.3,,22.658,,235.4,,4.5,,2.9
2024-06-13 14:34:57,2024-06-13,14:34:57,19.0,,42.0,,33.8,,23.964,,327.5,,2.44,,0.93,
2024-06-13 14:35:31,2024-06-13,14:35:31,,18.3,,46.4,,31.2,,22.667,,255.3,,4.64,,2.7
2024-06-13 14:36:00,2024-06-13,14:36:00,18.9,,41.6,,33.7,,23.798,,55.6,,2.13,,0.36,
2024-06-13 14:36:34,2024-06-13,14:36:34,,18.2,,45.8,,31.3,,22.639,,238.1,,3.81,,2.2
2024-06-13 14:37:04,2024-06-13,14:37:04,,,,,19.1,,,,33.8,,4.2,,0.54,
2024-06-13 14:37:38,2024-06-13,14:37:38,,,,,,17.8,,,,31.5,,4.42,,4.18
2024-06-13 14:38:08,2024-06-13,14:38:08,,,,,19.0,,,,33.8,,4.17,,1.86,
2024-06-13 14:38:42,2024-06-13,14:38:42,,18.2,,45.3,,31.5,,22.712,,247.4,,3.5,,2.34
2024-06-13 14:39:11,2024-06-13,14:39:11,19.0,,41.8,,33.8,,23.922,,341.6,,2.13,,1.72,
2024-06-13 14:39:45,2024-06-13,14:39:45,,18.2,,45.1,,31.6,,22.757,,244.1,,3.85,,2.53
2024-06-13 14:40:14,2024-06-13,14:40:14,19.1,,42.1,,33.8,,23.985,,334.4,,1.95,,0.79,
2024-06-13 14:40:48,2024-06-13,14:40:48,,17.9,,44.2,,31.6,,22.584,,225.1,,4.96,,4.39
2024-06-13 14:41:18,2024-06-13,14:41:18,19.1,,42.1,,33.8,,23.985,,312.3,,1.88,,0.67,
2024-06-13 14:41:52,2024-06-13,14:41:52,,18.0,,44.5,,31.6,,22.642,,233.6,,5.38,,4.14
2024-06-13 14:42:22,2024-06-13,14:42:22,18.8,,41.4,,33.8,,23.838,,344.2,,1.76,,0.79,
2024-06-13 14:42:56,2024-06-13,14:42:56,,18.2,,45.2,,31.5,,22.693,,238.7,,4.08,,2.82
2024-06-13 14:43:25,2024-06-13,14:43:25,18.9,,41.6,,33.7,,23.798,,319.8,,2.12,,1.2,
2024-06-13 14:43:59,2024-06-13,14:43:59,,18.4,,45.9,,31.5,,22.826,,242.5,,3.64,,1.87
2024-06-13 14:44:28,2024-06-13,14:44:28,19.1,,42.3,,33.7,,23.944,,342.4,,2.04,,0.96,
2024-06-13 14:45:02,2024-06-13,14:45:02,,18.1,,45.2,,31.4,,22.609,,215.2,,5.3,,3.35
2024-06-13 14:45:32,2024-06-13,14:45:32,19.1,,42.3,,33.7,,23.944,,324.5,,2.0,,0.59,
2024-06-13 14:46:06,2024-06-13,14:46:06,,18.0,,45.1,,31.4,,22.59,,202.9,,4.68,,3.24
2024-06-13 14:46:36,2024-06-13,14:46:36,19.1,,42.4,,33.7,,23.965,,139.1,,1.13,,0.98,
2024-06-13 14:47:10,2024-06-13,14:47:10,,,,,,17.9,,,,31.4,,4.46,,5.25
2024-06-13 14:47:39,2024-06-13,14:47:39,19.1,,42.6,,33.5,,23.842,,324.9,,1.63,,0.48,
2024-06-13 14:48:13,2024-06-13,14:48:13,,17.8,,44.4,,31.4,,22.456,,208.8,,5.68,,3.3
2024-06-13 14:48:42,2024-06-13,14:48:42,19.0,,42.4,,33.6,,23.883,,316.0,,2.65,,1.66,
2024-06-13 14:49:16,2024-06-13,14:49:16,,18.3,,46.2,,31.3,,22.714,,212.5,,3.75,,2.22
2024-06-13 14:49:46,2024-06-13,14:49:46,19.4,,43.4,,33.6,,24.089,,335.2,,2.9,,1.49,
2024-06-13 14:50:20,2024-06-13,14:50:20,,18.1,,45.4,,31.4,,22.647,,244.4,,4.17,,3.03
2024-06-13 14:50:50,2024-06-13,14:50:50,19.1,,42.6,,33.6,,23.924,,326.9,,2.36,,0.66,
2024-06-13 14:51:24,2024-06-13,14:51:24,,18.3,,45.6,,31.5,,22.769,,212.4,,4.22,,2.99
2024-06-13 14:51:53,2024-06-13,14:51:53,19.1,,42.6,,33.6,,23.924,,340.0,,1.72,,0.47,
2024-06-13 14:52:27,2024-06-13,14:52:27,,18.4,,45.5,,31.6,,22.834,,232.0,,3.56,,1.98
2024-06-13 14:52:56,2024-06-13,14:52:56,19.3,,43.0,,33.6,,24.007,,316.3,,2.42,,1.63,
2024-06-13 14:53:30,2024-06-13,14:53:30,,18.3,,45.3,,31.6,,22.796,,231.3,,4.97,,2.1
2024-06-13 14:54:00,2024-06-13,14:54:00,19.1,,42.5,,33.6,,23.903,,344.8,,1.6,,0.75,
2024-06-13 14:54:34,2024-06-13,14:54:34,,18.1,,44.9,,31.6,,22.719,,232.0,,4.63,,1.72
2024-06-13 14:55:04,2024-06-13,14:55:04,19.0,,42.2,,33.6,,23.841,,338.6,,2.34,,0.28,
2024-06-13 14:55:38,2024-06-13,14:55:38,,17.6,,43.3,,31.6,,22.409,,211.9,,4.68,,3.74
2024-06-13 14:56:07,2024-06-13,14:56:07,18.8,,41.4,,33.7,,23.756,,107.5,,0.71,,0.47,
2024-06-13 14:56:41,2024-06-13,14:56:41,,17.6,,43.4,,31.6,,22.429,,229.7,,4.77,,2.69
2024-06-13 14:57:10,2024-06-13,14:57:10,,,,,18.6,,,,33.7,,4.09,,1.72,
2024-06-13 14:57:45,2024-06-13,14:57:45,,17.5,,42.9,,31.7,,22.414,,240.0,,4.38,,3.57
2024-06-13 14:58:14,2024-06-13,14:58:14,18.6,,40.7,,33.8,,23.69,,2.5,,1.86,,0.94,
2024-06-13 14:58:48,2024-06-13,14:58:48,,17.8,,43.6,,31.7,,22.551,,232.5,,4.46,,4.06
2024-06-13 14:59:18,2024-06-13,14:59:18,18.7,,41.0,,33.8,,23.754,,354.7,,1.78,,1.22,
2024-06-13 14:59:52,2024-06-13,14:59:52,,17.5,,43.2,,31.5,,22.307,,223.0,,5.12,,3.14
2024-06-13 15:00:21,2024-06-13,15:00:21,18.6,,40.9,,33.7,,23.651,,333.8,,1.61,,0.84,
2024-06-13 15:00:55,2024-06-13,15:00:55,,17.7,,44.0,,31.4,,22.379,,259.8,,4.27,,2.76
2024-06-13 15:01:24,2024-06-13,15:01:24,18.2,,40.1,,33.7,,23.481,,335.4,,2.09,,1.51,
2024-06-13 15:01:58,2024-06-13,15:01:58,,17.4,,43.1,,31.5,,22.287,,269.1,,3.85,,2.83
2024-06-13 15:02:28,2024-06-13,15:02:28,18.3,,40.6,,33.6,,23.506,,339.4,,2.04,,1.11,
2024-06-13 15:03:02,2024-06-13,15:03:02,,17.8,,43.7,,31.7,,22.57,,211.8,,3.22,,1.34
2024-06-13 15:03:32,2024-06-13,15:03:32,18.7,,41.6,,33.5,,23.634,,335.1,,1.89,,1.52,
2024-06-13 15:04:06,2024-06-13,15:04:06,,17.3,,42.4,,31.7,,22.315,,245.8,,4.84,,3.44
2024-06-13 15:04:35,2024-06-13,15:04:35,18.5,,41.1,,33.5,,23.53,,349.1,,2.0,,1.48,
2024-06-13 15:05:10,2024-06-13,15:05:10,,17.3,,42.9,,31.5,,22.248,,247.1,,5.25,,2.61
2024-06-13 15:05:38,2024-06-13,15:05:38,18.1,,40.2,,33.5,,23.34,,44.5,,1.51,,0.26,
2024-06-13 15:06:12,2024-06-13,15:06:12,,17.6,,43.5,,31.5,,22.365,,227.6,,5.15,,3.12
2024-06-13 15:06:42,2024-06-13,15:06:42,18.5,,41.3,,33.5,,23.571,,339.7,,1.02,,0.82,
2024-06-13 15:07:16,2024-06-13,15:07:16,,17.5,,43.4,,31.5,,22.346,,259.1,,4.33,,3.01
2024-06-13 15:07:46,2024-06-13,15:07:46,18.5,,41.1,,33.5,,23.53,,340.5,,1.99,,1.7,
2024-06-13 15:08:20,2024-06-13,15:08:20,,17.8,,43.8,,31.6,,22.507,,200.4,,4.39,,0.74
2024-06-13 15:08:49,2024-06-13,15:08:49,18.8,,41.9,,33.5,,23.697,,319.2,,1.89,,0.8,
2024-06-13 15:09:23,2024-06-13,15:09:23,,17.5,,42.9,,31.7,,22.414,,219.3,,4.03,,2.51
2024-06-13 15:09:52,2024-06-13,15:09:52,18.5,,41.0,,33.6,,23.59,,339.3,,2.39,,1.1,
2024-06-13 15:10:27,2024-06-13,15:10:27,,16.9,,41.0,,31.8,,22.118,,261.9,,5.4,,3.11
2024-06-13 15:10:56,2024-06-13,15:10:56,18.1,,40.1,,33.6,,23.4,,325.4,,2.08,,1.63,
2024-06-13 15:11:30,2024-06-13,15:11:30,,17.1,,41.9,,31.7,,22.216,,282.4,,4.2,,2.44
2024-06-13 15:12:00,2024-06-13,15:12:00,17.9,,39.9,,33.4,,23.195,,337.0,,2.3,,1.54,
2024-06-13 15:12:34,2024-06-13,15:12:34,,17.5,,42.6,,31.8,,22.437,,244.9,,4.72,,3.7
2024-06-13 15:13:03,2024-06-13,15:13:03,18.1,,40.6,,33.3,,23.261,,342.0,,2.34,,1.45,
2024-06-13 15:13:38,2024-06-13,15:13:38,,17.5,,42.7,,31.8,,22.457,,273.5,,5.11,,1.89
2024-06-13 15:14:07,2024-06-13,15:14:07,18.3,,41.0,,33.4,,23.427,,326.1,,2.02,,1.77,
2024-06-13 15:14:41,2024-06-13,15:14:41,,17.9,,43.8,,31.7,,22.59,,265.9,,3.44,,2.27
2024-06-13 15:15:10,2024-06-13,15:15:10,18.7,,42.1,,33.3,,23.573,,294.9,,1.65,,0.18,
2024-06-13 15:15:44,2024-06-13,15:15:44,,18.2,,44.7,,31.7,,22.764,,266.6,,2.27,,1.5
2024-06-13 15:16:14,2024-06-13,15:16:14,19.0,,43.2,,33.3,,23.799,,311.7,,1.12,,0.49,
2024-06-13 15:16:48,2024-06-13,15:16:48,,18.0,,43.6,,31.9,,22.717,,229.3,,4.68,,3.13
2024-06-13 15:17:17,2024-06-13,15:17:17,19.0,,43.1,,33.3,,23.779,,355.8,,1.44,,0.51,
2024-06-13 15:17:51,2024-06-13,15:17:51,,18.0,,44.1,,31.8,,22.731,,231.5,,3.62,,2.96
2024-06-13 15:18:20,2024-06-13,15:18:20,19.1,,43.0,,33.4,,23.841,,316.7,,2.38,,1.31,
2024-06-13 15:18:54,2024-06-13,15:18:54,,18.0,,43.9,,31.8,,22.692,,221.0,,3.23,,0.79
2024-06-13 15:19:24,2024-06-13,15:19:24,19.0,,42.5,,33.5,,23.821,,326.9,,2.35,,1.44,
2024-06-13 15:19:58,2024-06-13,15:19:58,,18.0,,43.3,,32.0,,22.741,,205.3,,4.02,,2.65
2024-06-13 15:20:28,2024-06-13,15:20:28,19.0,,42.4,,33.6,,23.883,,321.4,,2.78,,1.91,
2024-06-13 15:21:02,2024-06-13,15:21:02,,17.6,,42.4,,32.0,,22.563,,196.8,,4.26,,1.14
2024-06-13 15:21:31,2024-06-13,15:21:31,18.9,,41.7,,33.7,,23.819,,318.6,,2.98,,1.68,
2024-06-13 15:22:06,2024-06-13,15:22:06,,17.8,,43.0,,31.9,,22.599,,246.4,,3.76,,2.21
2024-06-13 15:22:35,2024-06-13,15:22:35,18.3,,40.7,,33.6,,23.527,,322.7,,2.7,,1.28,
2024-06-13 15:23:09,2024-06-13,15:23:09,,17.3,,42.0,,31.8,,22.318,,245.7,,5.06,,3.35
2024-06-13 15:23:38,2024-06-13,15:23:38,18.2,,40.8,,33.4,,23.385,,355.7,,2.03,,0.97,
2024-06-13 15:24:12,2024-06-13,15:24:12,,17.6,,43.7,,31.5,,22.404,,224.6,,4.98,,2.95
2024-06-13 15:24:42,2024-06-13,15:24:42,18.7,,42.2,,33.3,,23.594,,329.3,,2.1,,0.23,
2024-06-13 15:25:16,2024-06-13,15:25:16,,17.3,,43.2,,31.3,,22.141,,211.1,,4.37,,4.01
2024-06-13 15:25:46,2024-06-13,15:25:46,18.3,,41.2,,33.3,,23.387,,103.5,,0.45,,0.27,
2024-06-13 15:26:20,2024-06-13,15:26:20,,17.3,,43.4,,31.2,,22.097,,189.4,,4.1,,1.22
2024-06-13 15:26:48,2024-06-13,15:26:48,18.7,,42.1,,33.3,,23.573,,319.3,,2.08,,1.46,
2024-06-13 15:27:23,2024-06-13,15:27:23,,17.1,,42.8,,31.3,,22.063,,224.9,,4.54,,3.65
2024-06-13 15:27:52,2024-06-13,15:27:52,18.5,,41.9,,33.2,,23.45,,335.5,,1.82,,1.14,
2024-06-13 15:28:26,2024-06-13,15:28:26,,17.0,,42.2,,31.4,,22.028,,220.7,,4.62,,4.29
2024-06-13 15:28:56,2024-06-13,15:28:56,18.2,,41.2,,33.2,,23.305,,325.6,,2.24,,1.14,
2024-06-13 15:29:30,2024-06-13,15:29:30,,17.2,,43.1,,31.3,,22.121,,225.9,,4.43,,1.53
2024-06-13 15:30:00,2024-06-13,15:30:00,18.0,,41.0,,33.1,,23.181,,323.6,,1.7,,1.18,
2024-06-13 15:30:34,2024-06-13,15:30:34,,17.2,,43.1,,31.3,,22.121,,234.3,,4.95,,4.15
2024-06-13 15:31:02,2024-06-13,15:31:02,18.2,,41.4,,33.1,,23.264,,342.3,,1.94,,0.8,
2024-06-13 15:31:37,2024-06-13,15:31:37,,17.3,,43.4,,31.2,,22.097,,248.4,,5.33,,4.45
2024-06-13 15:32:06,2024-06-13,15:32:06,18.3,,41.8,,33.0,,23.265,,340.3,,1.39,,0.8,
2024-06-13 15:32:40,2024-06-13,15:32:40,,17.3,,43.8,,31.1,,22.091,,232.9,,4.95,,3.74
2024-06-13 15:33:10,2024-06-13,15:33:10,18.1,,41.6,,32.9,,23.141,,351.7,,1.49,,0.43,
2024-06-13 15:33:44,2024-06-13,15:33:44,,17.4,,44.2,,31.0,,22.084,,233.1,,4.73,,3.06
2024-06-13 15:34:14,2024-06-13,15:34:14,18.3,,42.1,,32.9,,23.244,,13.3,,1.23,,0.36,
2024-06-13 15:34:48,2024-06-13,15:34:48,,17.6,,44.8,,31.0,,22.198,,254.4,,4.97,,2.31
2024-06-13 15:35:16,2024-06-13,15:35:16,18.3,,41.9,,33.0,,23.285,,323.3,,0.54,,0.15,
2024-06-13 15:35:51,2024-06-13,15:35:51,,17.3,,44.1,,31.0,,22.065,,213.2,,5.19,,2.59
2024-06-13 15:36:20,2024-06-13,15:36:20,18.5,,42.3,,33.0,,23.367,,13.7,,1.88,,0.31,
2024-06-13 15:36:54,2024-06-13,15:36:54,,17.5,,44.8,,30.9,,22.114,,228.6,,5.57,,3.59
2024-06-13 15:37:24,2024-06-13,15:37:24,18.5,,42.9,,32.8,,23.324,,308.2,,1.78,,0.31,
2024-06-13 15:37:58,2024-06-13,15:37:58,,17.9,,46.3,,30.7,,22.227,,210.6,,5.69,,4.64
2024-06-13 15:38:28,2024-06-13,15:38:28,18.7,,43.4,,32.7,,23.342,,328.0,,1.76,,0.67,
2024-06-13 15:39:02,2024-06-13,15:39:02,,18.1,,47.5,,30.6,,22.363,,225.8,,5.37,,3.0
2024-06-13 15:39:30,2024-06-13,15:39:30,18.8,,44.2,,32.6,,23.418,,330.6,,2.35,,1.35,
2024-06-13 15:40:05,2024-06-13,15:40:05,,18.3,,47.8,,30.7,,22.503,,213.6,,4.81,,2.23
2024-06-13 15:40:34,2024-06-13,15:40:34,19.1,,45.0,,32.6,,23.576,,321.4,,2.35,,1.09,
2024-06-13 15:41:08,2024-06-13,15:41:08,,18.3,,47.4,,30.8,,22.514,,221.6,,5.47,,2.82
2024-06-13 15:41:38,2024-06-13,15:41:38,19.0,,44.5,,32.7,,23.561,,344.6,,1.28,,0.56,
2024-06-13 15:42:12,2024-06-13,15:42:12,,18.2,,47.7,,30.6,,22.4,,237.2,,6.05,,3.35
2024-06-13 15:42:42,2024-06-13,15:42:42,19.1,,45.1,,32.6,,23.595,,351.5,,1.67,,0.67,
2024-06-13 15:43:16,2024-06-13,15:43:16,,18.1,,47.8,,30.4,,22.248,,242.7,,6.0,,3.67
2024-06-13 15:43:44,2024-06-13,15:43:44,19.0,,44.9,,32.5,,23.472,,12.3,,2.02,,0.5,
2024-06-13 15:44:19,2024-06-13,15:44:19,,18.2,,48.8,,30.2,,22.257,,239.5,,4.97,,3.23
2024-06-13 15:44:48,2024-06-13,15:44:48,19.0,,44.8,,32.4,,23.369,,141.0,,0.92,,0.4,
2024-06-13 15:45:22,2024-06-13,15:45:22,,,,,,17.2,,,,30.0,,4.64,,6.37
2024-06-13 15:45:52,2024-06-13,15:45:52,,,,,18.9,,,,32.4,,4.49,,2.56,
2024-06-13 15:46:26,2024-06-13,15:46:26,,17.4,,46.8,,30.0,,21.727,,215.7,,5.27,,4.22
2024-06-13 15:46:55,2024-06-13,15:46:55,18.9,,45.1,,32.3,,23.344,,8.4,,1.76,,0.25,
2024-06-13 15:47:30,2024-06-13,15:47:30,,17.9,,48.1,,30.1,,22.047,,235.6,,4.85,,3.58
2024-06-13 15:47:59,2024-06-13,15:47:59,18.6,,44.8,,32.2,,23.202,,335.3,,1.85,,1.13,
2024-06-13 15:48:33,2024-06-13,15:48:33,,18.1,,48.9,,30.1,,22.19,,216.7,,4.26,,2.24
2024-06-13 15:49:02,2024-06-13,15:49:02,18.9,,45.7,,32.1,,23.292,,330.5,,2.19,,0.11,
2024-06-13 15:49:36,2024-06-13,15:49:36,,17.9,,48.3,,30.0,,21.997,,218.7,,4.97,,1.93
2024-06-13 15:50:06,2024-06-13,15:50:06,19.2,,46.5,,32.1,,23.446,,352.4,,2.58,,0.25,
2024-06-13 15:50:40,2024-06-13,15:50:40,,17.4,,46.9,,30.0,,21.745,,235.5,,5.11,,3.8
2024-06-13 15:51:10,2024-06-13,15:51:10,18.7,,45.5,,32.0,,23.17,,342.8,,2.15,,0.64,
2024-06-13 15:51:44,2024-06-13,15:51:44,,17.7,,47.6,,30.1,,21.957,,223.2,,5.32,,4.02
2024-06-13 15:52:13,2024-06-13,15:52:13,18.8,,45.6,,32.0,,23.189,,323.3,,1.76,,0.38,
2024-06-13 15:52:46,2024-06-13,15:52:46,,,,,,,,,,191.8,,6.52,,3.11
2024-06-13 15:53:16,2024-06-13,15:53:16,18.8,,45.5,,32.1,,23.254,,328.6,,1.87,,0.94,
2024-06-13 15:53:50,2024-06-13,15:53:50,,17.6,,47.2,,30.1,,21.884,,214.0,,6.09,,4.26
2024-06-13 15:54:20,2024-06-13,15:54:20,19.0,,45.7,,32.2,,23.377,,80.6,,0.66,,0.12,
2024-06-13 15:54:54,2024-06-13,15:54:54,,17.6,,47.6,,29.9,,21.787,,214.3,,5.88,,3.13
2024-06-13 15:55:24,2024-06-13,15:55:24,18.7,,44.9,,32.2,,23.221,,328.6,,1.99,,0.99,
2024-06-13 15:55:58,2024-06-13,15:55:58,,17.6,,47.5,,30.0,,21.854,,225.0,,5.31,,2.51
2024-06-13 15:56:27,2024-06-13,15:56:27,18.7,,45.2,,32.1,,23.196,,326.9,,2.92,,0.51,
2024-06-13 15:57:01,2024-06-13,15:57:01,,17.0,,46.1,,29.9,,21.516,,221.2,,6.76,,5.01
2024-06-13 15:57:30,2024-06-13,15:57:30,18.1,,43.8,,32.0,,22.839,,6.1,,2.09,,0.46,
2024-06-13 15:58:04,2024-06-13,15:58:04,,17.4,,47.7,,29.7,,21.635,,244.5,,6.51,,5.2
2024-06-13 15:58:34,2024-06-13,15:58:34,18.1,,43.9,,32.0,,22.859,,13.9,,1.29,,0.56,
2024-06-13 15:59:08,2024-06-13,15:59:08,,17.7,,48.9,,29.6,,21.762,,238.7,,5.8,,4.09
2024-06-13 15:59:38,2024-06-13,15:59:38,18.3,,44.5,,31.9,,22.893,,330.1,,2.25,,0.94,
2024-06-13 16:00:12,2024-06-13,16:00:12,,17.8,,48.9,,29.7,,21.848,,205.0,,4.65,,3.5
2024-06-13 16:00:40,2024-06-13,16:00:40,18.6,,45.4,,31.9,,23.067,,351.9,,1.33,,0.19,
2024-06-13 16:01:15,2024-06-13,16:01:15,,17.4,,47.0,,29.9,,21.679,,222.8,,5.99,,4.36
2024-06-13 16:01:44,2024-06-13,16:01:44,18.8,,45.9,,31.9,,23.163,,326.5,,2.14,,1.23,
2024-06-13 16:02:18,2024-06-13,16:02:18,,17.7,,47.7,,30.0,,21.89,,191.3,,5.53,,1.85
2024-06-13 16:02:48,2024-06-13,16:02:48,18.5,,44.9,,32.0,,23.054,,317.0,,2.52,,2.08,
2024-06-13 16:03:22,2024-06-13,16:03:22,,17.5,,47.0,,30.1,,21.848,,230.1,,6.03,,4.31
2024-06-13 16:03:52,2024-06-13,16:03:52,19.0,,45.9,,32.1,,23.331,,98.4,,2.24,,0.52,
2024-06-13 16:04:26,2024-06-13,16:04:26,,17.4,,46.7,,30.1,,21.794,,231.3,,6.09,,5.09
2024-06-13 16:05:24,2024-06-13,16:05:24,18.8,,45.4,,32.2,,23.318,,343.2,,1.97,,0.42,
2024-06-13 16:05:29,2024-06-13,16:05:29,,17.4,,46.5,,30.1,,21.757,,208.4,,5.31,,3.95
2024-06-13 16:06:26,2024-06-13,16:06:26,18.7,,44.8,,32.2,,23.202,,320.2,,2.44,,1.85,
2024-06-13 16:06:32,2024-06-13,16:06:32,,17.7,,47.1,,30.2,,21.951,,234.1,,5.79,,2.96
2024-06-13 16:07:30,2024-06-13,16:07:30,18.7,,44.8,,32.2,,23.202,,319.6,,1.95,,1.15,
2024-06-13 16:07:36,2024-06-13,16:07:36,,17.3,,45.7,,30.3,,21.779,,249.3,,4.84,,4.64
2024-06-13 16:08:33,2024-06-13,16:08:33,18.6,,44.6,,32.2,,23.163,,330.2,,1.71,,1.27,
2024-06-13 16:08:40,2024-06-13,16:08:40,,17.2,,45.3,,30.4,,21.789,,235.4,,4.62,,3.04
2024-06-13 16:09:36,2024-06-13,16:09:36,18.0,,43.1,,32.2,,22.867,,30.7,,1.99,,0.54,
2024-06-13 16:09:43,2024-06-13,16:09:43,,16.8,,44.3,,30.3,,21.519,,220.3,,6.61,,4.37
2024-06-13 16:10:40,2024-06-13,16:10:40,17.9,,42.6,,32.2,,22.768,,320.0,,1.93,,1.34,
2024-06-13 16:10:46,2024-06-13,16:10:46,,17.2,,45.4,,30.3,,21.724,,238.8,,4.86,,2.95
2024-06-13 16:11:44,2024-06-13,16:11:44,18.0,,42.9,,32.2,,22.827,,321.9,,1.86,,1.02,
2024-06-13 16:11:50,2024-06-13,16:11:50,,17.2,,45.4,,30.4,,21.807,,217.7,,4.8,,2.14
2024-06-13 16:12:47,2024-06-13,16:12:47,18.5,,44.0,,32.3,,23.128,,209.2,,0.81,,0.29,
2024-06-13 16:12:54,2024-06-13,16:12:54,,17.2,,45.0,,30.5,,21.817,,217.9,,5.05,,2.93
2024-06-13 16:13:50,2024-06-13,16:13:50,18.5,,44.0,,32.3,,23.128,,123.5,,1.22,,0.75,
2024-06-13 16:13:57,2024-06-13,16:13:57,,16.7,,43.4,,30.6,,21.599,,223.6,,4.95,,3.02
2024-06-13 16:14:54,2024-06-13,16:14:54,18.6,,44.5,,32.3,,23.227,,112.1,,0.59,,0.1,
2024-06-13 16:15:00,2024-06-13,16:15:00,,16.8,,43.6,,30.6,,21.637,,213.4,,4.87,,2.73
2024-06-13 16:15:58,2024-06-13,16:15:58,18.5,,44.1,,32.3,,23.148,,88.8,,0.81,,0.1,
2024-06-13 16:16:04,2024-06-13,16:16:04,,16.9,,43.7,,30.5,,21.572,,222.6,,6.03,,4.84
2024-06-13 16:17:01,2024-06-13,16:17:01,18.5,,44.2,,32.3,,23.168,,112.2,,0.91,,0.69,
2024-06-13 16:17:08,2024-06-13,16:17:08,,17.0,,44.6,,30.4,,21.658,,258.0,,6.29,,3.89
2024-06-13 16:18:04,2024-06-13,16:18:04,18.0,,43.0,,32.2,,22.847,,81.6,,0.81,,0.68,
2024-06-13 16:18:11,2024-06-13,16:18:11,,17.2,,45.5,,30.3,,21.742,,238.1,,4.75,,3.09
2024-06-13 16:19:08,2024-06-13,16:19:08,17.7,,42.4,,32.1,,22.645,,9.4,,1.09,,0.38,
2024-06-13 16:19:14,2024-06-13,16:19:14,,16.9,,44.6,,30.3,,21.575,,242.7,,6.0,,4.97
2024-06-13 16:20:12,2024-06-13,16:20:12,18.3,,44.1,,32.1,,22.981,,125.9,,0.81,,0.36,
2024-06-13 16:20:18,2024-06-13,16:20:18,,17.2,,45.5,,30.3,,21.742,,215.2,,4.94,,1.48
2024-06-13 16:21:15,2024-06-13,16:21:15,18.6,,44.6,,32.2,,23.163,,69.8,,0.73,,0.24,
2024-06-13 16:21:22,2024-06-13,16:21:22,,17.0,,44.6,,30.4,,21.658,,219.1,,4.17,,2.97
2024-06-13 16:22:18,2024-06-13,16:22:18,18.6,,44.5,,32.2,,23.143,,118.9,,0.6,,0.44,
2024-06-13 16:22:25,2024-06-13,16:22:25,,17.0,,44.3,,30.5,,21.686,,223.0,,4.1,,3.24
2024-06-13 16:23:22,2024-06-13,16:23:22,18.6,,44.6,,32.2,,23.163,,47.5,,0.82,,0.47,
2024-06-13 16:23:28,2024-06-13,16:23:28,,17.1,,44.7,,30.5,,21.761,,218.4,,4.12,,3.6
2024-06-13 16:24:26,2024-06-13,16:24:26,18.4,,44.0,,32.2,,23.045,,320.8,,0.49,,0.06,
2024-06-13 16:24:32,2024-06-13,16:24:32,,17.2,,45.0,,30.5,,21.817,,234.6,,4.83,,4.37
2024-06-13 16:25:29,2024-06-13,16:25:29,18.2,,43.5,,32.2,,22.946,,81.5,,0.6,,0.34,
2024-06-13 16:25:36,2024-06-13,16:25:36,,17.2,,45.7,,30.2,,21.695,,236.5,,6.65,,4.17
2024-06-13 16:26:32,2024-06-13,16:26:32,18.2,,43.7,,32.2,,22.986,,104.2,,0.65,,0.43,
2024-06-13 16:26:39,2024-06-13,16:26:39,,17.4,,46.5,,30.1,,21.757,,200.5,,5.03,,2.3
2024-06-13 16:27:36,2024-06-13,16:27:36,17.9,,42.7,,32.2,,22.788,,61.4,,0.59,,0.2,
2024-06-13 16:27:42,2024-06-13,16:27:42,,17.1,,45.4,,30.2,,21.64,,238.0,,5.1,,4.74
2024-06-13 16:28:40,2024-06-13,16:28:40,17.9,,42.7,,32.2,,22.788,,79.2,,0.41,,0.12,
2024-06-13 16:28:46,2024-06-13,16:28:46,,17.3,,46.0,,30.2,,21.75,,215.7,,4.11,,3.24
2024-06-13 16:29:43,2024-06-13,16:29:43,18.4,,43.7,,32.3,,23.069,,324.8,,1.1,,0.65,
2024-06-13 16:29:50,2024-06-13,16:29:50,,17.2,,45.5,,30.3,,21.742,,257.0,,5.94,,4.42
2024-06-13 16:30:46,2024-06-13,16:30:46,18.4,,43.8,,32.3,,23.089,,30.6,,0.65,,0.36,
2024-06-13 16:30:53,2024-06-13,16:30:53,,17.1,,45.3,,30.3,,21.705,,223.0,,6.66,,3.02
2024-06-13 16:31:50,2024-06-13,16:31:50,18.0,,42.8,,32.3,,22.89,,343.0,,0.54,,0.23,
2024-06-13 16:31:56,2024-06-13,16:31:56,,17.1,,45.6,,30.2,,21.676,,232.2,,5.23,,2.9
2024-06-13 16:32:54,2024-06-13,16:32:54,17.9,,42.4,,32.3,,22.81,,47.0,,0.83,,0.53,
2024-06-13 16:33:00,2024-06-13,16:33:00,,17.3,,46.2,,30.2,,21.787,,238.4,,4.95,,4.03
2024-06-13 16:33:57,2024-06-13,16:33:57,18.0,,42.6,,32.3,,22.85,,117.3,,0.74,,0.49,
2024-06-13 16:34:04,2024-06-13,16:34:04,,17.1,,45.6,,30.2,,21.676,,238.1,,6.13,,5.51
2024-06-13 16:35:00,2024-06-13,16:35:00,18.0,,42.6,,32.3,,22.85,,119.5,,1.03,,0.52,
2024-06-13 16:35:07,2024-06-13,16:35:07,,16.8,,44.2,,30.3,,21.5,,227.7,,5.79,,4.47
2024-06-13 16:36:04,2024-06-13,16:36:04,,,,,17.7,,,,32.3,,4.19,,0.5,
2024-06-13 16:36:10,2024-06-13,16:36:10,,,,,,16.9,,,,30.1,,4.5,,6.22
2024-06-13 16:37:08,2024-06-13,16:37:08,17.6,,41.9,,32.2,,22.627,,143.6,,1.11,,0.37,
2024-06-13 16:37:14,2024-06-13,16:37:14,,17.0,,45.5,,30.1,,21.574,,210.7,,5.41,,3.17
2024-06-13 16:38:11,2024-06-13,16:38:11,18.0,,42.8,,32.2,,22.807,,47.7,,0.57,,0.09,
2024-06-13 16:38:18,2024-06-13,16:38:18,,17.2,,45.7,,30.2,,21.695,,198.9,,6.16,,1.98
2024-06-13 16:39:14,2024-06-13,16:39:14,18.3,,43.5,,32.3,,23.029,,180.7,,1.0,,0.17,
2024-06-13 16:39:21,2024-06-13,16:39:21,,16.5,,43.6,,30.3,,21.387,,225.7,,6.26,,5.15
2024-06-13 16:40:18,2024-06-13,16:40:18,18.5,,43.9,,32.3,,23.109,,128.9,,0.62,,0.46,
2024-06-13 16:40:24,2024-06-13,16:40:24,,16.8,,44.9,,30.1,,21.463,,222.9,,6.58,,3.43
2024-06-13 16:41:22,2024-06-13,16:41:22,18.0,,42.5,,32.3,,22.83,,58.3,,0.8,,0.43,
2024-06-13 16:41:28,2024-06-13,16:41:28,,16.8,,45.2,,30.0,,21.435,,247.6,,6.91,,4.55
2024-06-13 16:42:25,2024-06-13,16:42:25,17.5,,41.6,,32.2,,22.567,,343.7,,1.0,,0.19,
2024-06-13 16:42:32,2024-06-13,16:42:32,,16.9,,45.7,,29.9,,21.443,,222.7,,5.51,,2.67
2024-06-13 16:43:28,2024-06-13,16:43:28,17.7,,42.1,,32.2,,22.667,,15.0,,0.41,,0.28,
2024-06-13 16:43:35,2024-06-13,16:43:35,,16.8,,45.0,,30.0,,21.398,,270.9,,4.51,,2.77
2024-06-13 16:44:32,2024-06-13,16:44:32,18.3,,43.8,,32.2,,23.006,,117.5,,0.95,,0.45,
2024-06-13 16:44:38,2024-06-13,16:44:38,,17.0,,45.2,,30.2,,21.603,,208.3,,6.2,,3.95
2024-06-13 16:45:36,2024-06-13,16:45:36,18.3,,43.8,,32.2,,23.006,,76.5,,0.61,,0.26,
2024-06-13 16:45:42,2024-06-13,16:45:42,,17.0,,45.3,,30.1,,21.537,,223.6,,6.28,,5.35
2024-06-13 16:46:39,2024-06-13,16:46:39,17.7,,42.3,,32.2,,22.708,,121.0,,0.74,,0.58,
2024-06-13 16:46:46,2024-06-13,16:46:46,,16.9,,45.7,,29.9,,21.443,,228.8,,6.12,,3.82
2024-06-13 16:47:42,2024-06-13,16:47:42,17.6,,42.0,,32.1,,22.565,,72.3,,0.76,,0.2,
2024-06-13 16:47:49,2024-06-13,16:47:49,,17.1,,46.2,,29.9,,21.534,,217.1,,5.02,,3.26
2024-06-13 16:48:46,2024-06-13,16:48:46,18.2,,43.5,,32.2,,22.946,,81.2,,0.62,,0.37,
2024-06-13 16:48:52,2024-06-13,16:48:52,,17.1,,46.3,,29.9,,21.552,,223.0,,6.49,,3.24
2024-06-13 16:49:50,2024-06-13,16:49:50,18.4,,44.1,,32.2,,23.065,,87.3,,0.41,,0.02,
2024-06-13 16:49:56,2024-06-13,16:49:56,,16.8,,45.3,,29.9,,21.369,,217.7,,6.78,,5.76
2024-06-13 16:50:53,2024-06-13,16:50:53,17.9,,42.6,,32.2,,22.768,,120.0,,0.68,,0.41,
2024-06-13 16:51:00,2024-06-13,16:51:00,,16.9,,46.0,,29.8,,21.413,,216.9,,4.88,,3.49
2024-06-13 16:51:56,2024-06-13,16:51:56,18.6,,44.6,,32.2,,23.163,,303.6,,0.86,,0.16,
2024-06-13 16:52:03,2024-06-13,16:52:03,,16.8,,45.4,,29.9,,21.388,,230.6,,5.84,,4.97
2024-06-13 16:53:00,2024-06-13,16:53:00,18.1,,43.3,,32.2,,22.907,,71.2,,0.63,,0.26,
2024-06-13 16:53:06,2024-06-13,16:53:06,,17.0,,46.1,,29.9,,21.516,,223.6,,5.34,,4.34
2024-06-13 16:54:04,2024-06-13,16:54:04,18.1,,43.4,,32.2,,22.927,,129.5,,0.46,,0.29,
2024-06-13 16:54:10,2024-06-13,16:54:10,,17.0,,45.8,,29.9,,21.461,,206.3,,4.71,,4.2
2024-06-13 16:55:07,2024-06-13,16:55:07,17.9,,42.8,,32.1,,22.725,,137.5,,0.89,,0.44,
2024-06-13 16:55:14,2024-06-13,16:55:14,,17.1,,46.4,,29.9,,21.57,,235.4,,5.45,,0.85
2024-06-13 16:56:10,2024-06-13,16:56:10,17.9,,43.0,,32.0,,22.682,,105.3,,0.66,,0.13,
2024-06-13 16:56:17,2024-06-13,16:56:17,,17.0,,45.9,,30.0,,21.563,,198.1,,4.17,,3.31
2024-06-13 16:57:14,2024-06-13,16:57:14,18.1,,44.1,,31.9,,22.815,,156.2,,0.76,,0.41,
2024-06-13 16:57:20,2024-06-13,16:57:20,,17.0,,45.5,,30.0,,21.49,,184.5,,5.44,,4.01
2024-06-13 16:58:18,2024-06-13,16:58:18,17.7,,43.2,,31.8,,22.555,,145.4,,1.22,,0.71,
2024-06-13 16:58:24,2024-06-13,16:58:24,,17.0,,45.9,,30.0,,21.563,,197.7,,5.25,,3.13
2024-06-13 16:59:21,2024-06-13,16:59:21,17.5,,42.9,,31.7,,22.414,,135.1,,1.07,,0.55,
2024-06-13 16:59:28,2024-06-13,16:59:28,,16.9,,45.4,,30.0,,21.472,,206.4,,5.72,,4.78
2024-06-13 17:00:24,2024-06-13,17:00:24,17.7,,43.5,,31.6,,22.448,,139.0,,1.06,,0.47,
2024-06-13 17:00:31,2024-06-13,17:00:31,,17.0,,45.8,,30.0,,21.545,,231.0,,6.74,,4.76
2024-06-13 17:01:28,2024-06-13,17:01:28,18.0,,44.5,,31.6,,22.642,,37.1,,0.46,,0.27,
2024-06-13 17:01:34,2024-06-13,17:01:34,,17.1,,46.5,,29.8,,21.504,,222.9,,5.79,,3.64
2024-06-13 17:02:32,2024-06-13,17:02:32,17.8,,43.8,,31.6,,22.507,,105.6,,0.65,,0.18,
2024-06-13 17:02:38,2024-06-13,17:02:38,,17.2,,47.0,,29.8,,21.594,,219.7,,3.93,,2.98
2024-06-13 17:03:35,2024-06-13,17:03:35,18.0,,44.6,,31.6,,22.661,,334.5,,0.6,,0.27,
2024-06-13 17:03:42,2024-06-13,17:03:42,,16.9,,45.7,,29.9,,21.443,,212.3,,5.02,,3.54
2024-06-13 17:04:38,2024-06-13,17:04:38,17.9,,43.9,,31.7,,22.609,,114.0,,0.77,,0.48,
2024-06-13 17:04:45,2024-06-13,17:04:45,,17.1,,46.0,,30.0,,21.582,,194.2,,4.42,,2.38
2024-06-13 17:05:42,2024-06-13,17:05:42,17.8,,43.7,,31.7,,22.57,,132.9,,0.72,,0.57,
2024-06-13 17:05:48,2024-06-13,17:05:48,,16.9,,45.4,,29.9,,21.388,,215.2,,5.56,,3.48
2024-06-13 17:06:46,2024-06-13,17:06:46,17.6,,43.3,,31.6,,22.409,,140.6,,1.08,,0.59,
2024-06-13 17:06:52,2024-06-13,17:06:52,,16.9,,45.6,,29.9,,21.424,,209.1,,5.16,,4.61
2024-06-13 17:07:49,2024-06-13,17:07:49,17.5,,43.2,,31.5,,22.307,,122.2,,0.64,,0.48,
2024-06-13 17:07:56,2024-06-13,17:07:56,,17.2,,46.7,,29.9,,21.625,,194.6,,5.54,,3.65
2024-06-13 17:08:52,2024-06-13,17:08:52,17.8,,44.1,,31.5,,22.481,,153.8,,0.83,,0.57,
2024-06-13 17:08:59,2024-06-13,17:08:59,,17.2,,46.6,,29.9,,21.606,,196.6,,4.78,,3.21
2024-06-13 17:09:56,2024-06-13,17:09:56,18.0,,44.8,,31.4,,22.532,,179.9,,1.23,,0.39,
2024-06-13 17:10:02,2024-06-13,17:10:02,,17.2,,46.7,,29.9,,21.625,,207.3,,6.2,,3.63
2024-06-13 17:11:00,2024-06-13,17:11:00,17.8,,44.4,,31.4,,22.456,,115.7,,0.7,,0.43,
2024-06-13 17:11:06,2024-06-13,17:11:06,,17.1,,46.4,,29.9,,21.57,,192.3,,5.3,,3.59
2024-06-13 17:12:03,2024-06-13,17:12:03,17.8,,44.4,,31.4,,22.456,,145.8,,0.68,,0.58,
2024-06-13 17:12:10,2024-06-13,17:12:10,,17.2,,47.2,,29.7,,21.545,,206.5,,4.46,,2.52
2024-06-13 17:13:06,2024-06-13,17:13:06,18.2,,45.5,,31.4,,22.666,,153.8,,0.68,,0.41,
2024-06-13 17:13:13,2024-06-13,17:13:13,,17.3,,47.1,,29.8,,21.612,,219.0,,4.04,,2.69
2024-06-13 17:14:10,2024-06-13,17:14:10,17.9,,44.5,,31.4,,22.475,,129.1,,0.55,,0.35,
2024-06-13 17:14:16,2024-06-13,17:14:16,,17.1,,46.9,,29.7,,21.491,,198.0,,6.28,,4.91
2024-06-13 17:15:14,2024-06-13,17:15:14,17.7,,44.3,,31.3,,22.353,,127.7,,0.92,,0.48,
2024-06-13 17:15:20,2024-06-13,17:15:20,,17.2,,47.8,,29.5,,21.482,,193.7,,6.38,,2.69
2024-06-13 17:16:18,2024-06-13,17:16:18,17.9,,45.1,,31.2,,22.422,,144.7,,0.95,,0.24,
2024-06-13 17:16:24,2024-06-13,17:16:24,,17.1,,47.6,,29.4,,21.362,,194.5,,5.21,,4.15
2024-06-13 17:17:21,2024-06-13,17:17:21,17.8,,44.9,,31.2,,22.384,,142.1,,0.71,,0.5,
2024-06-13 17:17:27,2024-06-13,17:17:27,,17.2,,48.0,,29.4,,21.433,,197.3,,5.93,,4.86
2024-06-13 17:18:24,2024-06-13,17:18:24,17.6,,44.7,,31.1,,22.262,,92.7,,0.69,,0.29,
2024-06-13 17:18:30,2024-06-13,17:18:30,,17.3,,48.4,,29.3,,21.418,,199.3,,6.43,,1.73
2024-06-13 17:19:28,2024-06-13,17:19:28,17.5,,44.2,,31.1,,22.167,,161.9,,0.95,,0.77,
2024-06-13 17:19:34,2024-06-13,17:19:34,,17.3,,48.4,,29.3,,21.418,,195.5,,5.9,,2.5
2024-06-13 17:20:32,2024-06-13,17:20:32,17.5,,44.5,,31.0,,22.141,,163.3,,0.85,,0.62,
2024-06-13 17:20:38,2024-06-13,17:20:38,,17.2,,47.9,,29.4,,21.415,,207.9,,6.42,,4.2
2024-06-13 17:21:35,2024-06-13,17:21:35,17.6,,45.1,,30.9,,22.171,,153.0,,1.26,,0.29,
2024-06-13 17:21:41,2024-06-13,17:21:41,,17.3,,48.1,,29.4,,21.45,,204.5,,4.87,,2.5
2024-06-13 17:22:38,2024-06-13,17:22:38,17.7,,45.3,,30.9,,22.208,,158.5,,1.0,,0.72,
2024-06-13 17:22:44,2024-06-13,17:22:44,,17.2,,48.0,,29.5,,21.518,,181.2,,4.41,,1.97
2024-06-13 17:23:42,2024-06-13,17:23:42,17.4,,44.9,,30.8,,22.049,,176.2,,0.84,,0.28,
2024-06-13 17:23:48,2024-06-13,17:23:48,,17.1,,47.5,,29.5,,21.429,,205.3,,4.5,,1.1
2024-06-13 17:24:46,2024-06-13,17:24:46,17.9,,46.2,,30.8,,22.293,,183.3,,0.69,,0.64,
2024-06-13 17:24:52,2024-06-13,17:24:52,,17.1,,47.2,,29.5,,21.376,,215.1,,5.23,,3.61
2024-06-13 17:25:49,2024-06-13,17:25:49,17.7,,45.6,,30.8,,22.181,,150.1,,0.9,,0.83,
2024-06-13 17:25:55,2024-06-13,17:25:55,,17.1,,47.5,,29.5,,21.429,,168.7,,4.91,,3.29
2024-06-13 17:26:52,2024-06-13,17:26:52,17.5,,45.3,,30.7,,22.041,,167.4,,1.01,,0.93,
2024-06-13 17:26:58,2024-06-13,17:26:58,,17.1,,47.5,,29.5,,21.429,,152.9,,3.77,,2.75
2024-06-13 17:27:56,2024-06-13,17:27:56,17.8,,46.5,,30.6,,22.179,,166.7,,1.35,,0.77,
2024-06-13 17:28:02,2024-06-13,17:28:02,,17.0,,47.2,,29.5,,21.376,,186.9,,5.95,,3.66
2024-06-13 17:29:00,2024-06-13,17:29:00,17.6,,45.9,,30.6,,22.068,,161.6,,0.96,,0.63,
2024-06-13 17:29:06,2024-06-13,17:29:06,,17.1,,47.5,,29.5,,21.429,,181.2,,5.54,,2.98
2024-06-13 17:30:03,2024-06-13,17:30:03,17.8,,46.3,,30.6,,22.142,,163.0,,0.98,,0.67,
2024-06-13 17:30:09,2024-06-13,17:30:09,,17.1,,47.8,,29.4,,21.397,,200.5,,5.55,,4.68
2024-06-13 17:31:06,2024-06-13,17:31:06,17.6,,45.9,,30.6,,22.068,,138.0,,0.81,,0.14,
2024-06-13 17:31:12,2024-06-13,17:31:12,,17.2,,48.0,,29.4,,21.433,,198.5,,5.67,,3.11
2024-06-13 17:32:10,2024-06-13,17:32:10,18.0,,46.8,,30.7,,22.319,,111.0,,0.57,,0.1,
2024-06-13 17:32:16,2024-06-13,17:32:16,,17.2,,48.0,,29.4,,21.433,,208.0,,4.98,,2.93
2024-06-13 17:33:14,2024-06-13,17:33:14,18.0,,46.7,,30.7,,22.301,,121.5,,0.81,,0.29,
2024-06-13 17:33:20,2024-06-13,17:33:20,,16.9,,47.3,,29.3,,21.224,,199.4,,6.31,,4.12
2024-06-13 17:34:17,2024-06-13,17:34:17,17.9,,46.3,,30.7,,22.227,,129.9,,0.43,,0.26,
2024-06-13 17:34:23,2024-06-13,17:34:23,,17.2,,48.4,,29.2,,21.333,,209.5,,5.45,,2.21
2024-06-13 17:35:21,2024-06-13,17:35:21,18.6,,48.3,,30.8,,22.679,,163.4,,0.53,,0.19,
2024-06-13 17:35:26,2024-06-13,17:35:26,,17.2,,48.1,,29.3,,21.365,,197.5,,5.32,,4.01
2024-06-13 17:36:24,2024-06-13,17:36:24,18.1,,46.8,,30.8,,22.404,,172.6,,0.75,,0.63,
2024-06-13 17:36:30,2024-06-13,17:36:30,,17.2,,48.1,,29.3,,21.365,,202.7,,4.75,,3.07
2024-06-13 17:37:28,2024-06-13,17:37:28,17.8,,46.2,,30.7,,22.208,,157.4,,1.29,,0.77,
2024-06-13 17:37:34,2024-06-13,17:37:34,,17.2,,47.8,,29.5,,21.482,,196.2,,5.72,,5.2
2024-06-13 17:38:32,2024-06-13,17:38:32,17.9,,46.3,,30.7,,22.227,,160.3,,0.95,,0.81,
2024-06-13 17:38:37,2024-06-13,17:38:37,,17.2,,48.0,,29.4,,21.433,,177.1,,6.56,,4.23
2024-06-13 17:39:35,2024-06-13,17:39:35,17.9,,46.8,,30.6,,22.235,,151.2,,1.11,,0.89,
2024-06-13 17:39:40,2024-06-13,17:39:40,,17.3,,48.3,,29.4,,21.486,,151.6,,4.59,,1.76
2024-06-13 17:40:38,2024-06-13,17:40:38,17.7,,46.5,,30.5,,22.095,,154.6,,1.29,,1.07,
2024-06-13 17:40:44,2024-06-13,17:40:44,,17.1,,47.6,,29.4,,21.362,,177.7,,5.68,,3.1
2024-06-13 17:41:42,2024-06-13,17:41:42,17.8,,47.0,,30.4,,22.102,,166.9,,1.34,,1.12,
2024-06-13 17:41:48,2024-06-13,17:41:48,,17.1,,47.7,,29.4,,21.38,,172.3,,5.14,,2.42
2024-06-13 17:42:46,2024-06-13,17:42:46,17.6,,46.6,,30.3,,21.944,,147.1,,1.45,,0.87,
2024-06-13 17:42:51,2024-06-13,17:42:51,,17.1,,47.8,,29.4,,21.397,,186.2,,4.83,,2.71
2024-06-13 17:43:49,2024-06-13,17:43:49,17.7,,46.8,,30.3,,21.981,,152.7,,1.4,,0.98,
2024-06-13 17:43:54,2024-06-13,17:43:54,,17.0,,47.0,,29.5,,21.34,,178.5,,6.69,,4.48
2024-06-13 17:44:52,2024-06-13,17:44:52,17.5,,46.5,,30.2,,21.842,,167.5,,1.04,,0.89,
2024-06-13 17:44:58,2024-06-13,17:44:58,,17.0,,47.1,,29.5,,21.358,,158.4,,4.48,,3.9
2024-06-13 17:45:56,2024-06-13,17:45:56,17.6,,46.9,,30.2,,21.915,,163.8,,0.95,,0.82,
2024-06-13 17:46:02,2024-06-13,17:46:02,,17.2,,47.7,,29.5,,21.465,,188.3,,4.61,,2.26
2024-06-13 17:47:00,2024-06-13,17:47:00,17.5,,46.4,,30.3,,21.908,,152.6,,1.48,,0.69,
2024-06-13 17:47:05,2024-06-13,17:47:05,,16.9,,46.7,,29.5,,21.286,,179.5,,5.98,,4.69
2024-06-13 17:48:03,2024-06-13,17:48:03,17.6,,46.7,,30.3,,21.963,,174.7,,1.2,,0.34,
2024-06-13 17:48:08,2024-06-13,17:48:08,,17.1,,47.0,,29.6,,21.425,,195.1,,6.95,,3.62
2024-06-13 17:49:06,2024-06-13,17:49:06,17.6,,46.7,,30.3,,21.963,,149.2,,0.8,,0.62,
2024-06-13 17:49:12,2024-06-13,17:49:12,,17.1,,47.1,,29.6,,21.443,,179.3,,5.57,,1.69
2024-06-13 17:50:10,2024-06-13,17:50:10,17.5,,46.0,,30.4,,21.918,,140.3,,1.05,,0.48,
2024-06-13 17:50:16,2024-06-13,17:50:16,,16.7,,45.8,,29.6,,21.209,,190.2,,6.56,,5.53
2024-06-13 17:51:14,2024-06-13,17:51:14,17.5,,46.2,,30.4,,21.955,,146.3,,0.94,,0.41,
2024-06-13 17:51:20,2024-06-13,17:51:20,,16.5,,45.6,,29.5,,21.088,,197.4,,6.77,,3.73
2024-06-13 17:52:17,2024-06-13,17:52:17,17.6,,46.3,,30.4,,21.974,,203.3,,1.15,,0.16,
2024-06-13 17:52:22,2024-06-13,17:52:22,,16.8,,46.3,,29.5,,21.215,,210.8,,6.88,,2.18
2024-06-13 17:53:20,2024-06-13,17:53:20,17.7,,46.8,,30.4,,22.066,,134.1,,0.83,,0.71,
2024-06-13 17:53:26,2024-06-13,17:53:26,,16.7,,46.2,,29.5,,21.197,,199.4,,4.23,,3.92
2024-06-13 17:54:24,2024-06-13,17:54:24,17.4,,45.9,,30.4,,21.9,,167.2,,0.87,,0.66,
2024-06-13 17:54:30,2024-06-13,17:54:30,,16.6,,45.9,,29.5,,21.142,,191.0,,7.6,,3.15
2024-06-13 17:55:28,2024-06-13,17:55:28,17.3,,45.6,,30.4,,21.845,,158.2,,,,0.43,
2024-06-13 17:55:33,2024-06-13,17:55:33,,16.9,,46.9,,29.4,,21.238,,193.9,,5.43,,3.64
2024-06-13 17:56:31,2024-06-13,17:56:31,17.4,,45.8,,30.4,,21.882,,105.3,,0.53,,0.2,
2024-06-13 17:56:36,2024-06-13,17:56:36,,16.7,,46.7,,29.3,,21.117,,225.3,,5.29,,3.23
2024-06-13 17:57:34,2024-06-13,17:57:34,17.2,,45.4,,30.4,,21.807,,359.8,,1.12,,0.68,
2024-06-13 17:57:40,2024-06-13,17:57:40,,16.8,,46.9,,29.3,,21.153,,226.2,,4.71,,1.97
2024-06-13 17:58:38,2024-06-13,17:58:38,17.7,,46.7,,30.4,,22.047,,47.4,,0.98,,0.11,
2024-06-13 17:58:44,2024-06-13,17:58:44,,16.6,,46.7,,29.2,,21.033,,207.1,,3.83,,2.95
2024-06-13 17:59:42,2024-06-13,17:59:42,18.0,,47.3,,30.5,,22.242,,150.4,,0.79,,0.65,
2024-06-13 17:59:47,2024-06-13,17:59:47,,16.8,,46.9,,29.3,,21.153,,217.5,,6.08,,4.54
2024-06-13 18:00:45,2024-06-13,18:00:45,17.6,,46.0,,30.5,,22.003,,161.5,,0.76,,0.27,
2024-06-13 18:00:51,2024-06-13,18:00:51,,16.9,,47.3,,29.2,,21.139,,205.6,,6.86,,4.59
2024-06-13 18:01:48,2024-06-13,18:01:48,17.4,,45.8,,30.4,,21.882,,143.3,,0.72,,0.62,
2024-06-13 18:01:54,2024-06-13,18:01:54,,17.0,,47.7,,29.2,,21.21,,202.7,,5.42,,4.04
2024-06-13 18:02:52,2024-06-13,18:02:52,17.8,,46.8,,30.4,,22.066,,124.2,,0.87,,0.5,
2024-06-13 18:02:58,2024-06-13,18:02:58,,17.1,,48.3,,29.2,,21.315,,215.0,,6.31,,3.68
2024-06-13 18:03:56,2024-06-13,18:03:56,17.7,,46.7,,30.4,,22.047,,65.2,,0.47,,0.13,
2024-06-13 18:04:02,2024-06-13,18:04:02,,17.1,,48.6,,29.1,,21.282,,216.7,,6.04,,4.81
2024-06-13 18:04:59,2024-06-13,18:04:59,17.7,,46.7,,30.4,,22.047,,8.0,,0.3,,0.16,
2024-06-13 18:05:04,2024-06-13,18:05:04,,17.2,,49.3,,28.9,,21.233,,212.5,,4.69,,2.66
2024-06-13 18:06:02,2024-06-13,18:06:02,17.8,,46.8,,30.4,,22.066,,147.8,,0.48,,0.32,
2024-06-13 18:06:08,2024-06-13,18:06:08,,17.2,,49.5,,28.9,,21.267,,213.2,,2.82,,1.86
2024-06-13 18:07:06,2024-06-13,18:07:06,17.8,,46.8,,30.4,,22.066,,148.9,,0.56,,0.4,
2024-06-13 18:07:12,2024-06-13,18:07:12,,16.9,,48.4,,28.9,,21.077,,211.3,,6.17,,5.05
2024-06-13 18:08:10,2024-06-13,18:08:10,17.6,,46.3,,30.4,,21.974,,76.5,,0.51,,0.14,
2024-06-13 18:08:15,2024-06-13,18:08:15,,16.8,,48.0,,28.9,,21.007,,200.2,,6.13,,2.28
2024-06-13 18:09:13,2024-06-13,18:09:13,17.4,,46.2,,30.3,,21.871,,150.3,,0.73,,0.28,
2024-06-13 18:09:18,2024-06-13,18:09:18,,17.0,,48.6,,29.0,,21.197,,197.8,,5.85,,3.6
2024-06-13 18:10:16,2024-06-13,18:10:16,18.0,,47.7,,30.3,,22.145,,98.9,,0.85,,0.2,
2024-06-13 18:10:22,2024-06-13,18:10:22,,17.1,,49.2,,28.9,,21.216,,208.3,,6.97,,4.34
2024-06-13 18:11:20,2024-06-13,18:11:20,17.8,,47.1,,30.3,,22.036,,142.2,,1.06,,0.5,
2024-06-13 18:11:26,2024-06-13,18:11:26,,17.1,,49.4,,28.8,,21.164,,207.7,,5.81,,3.61
2024-06-13 18:12:24,2024-06-13,18:12:24,18.0,,47.9,,30.3,,22.181,,123.0,,0.78,,0.66,
2024-06-13 18:12:30,2024-06-13,18:12:30,,17.3,,50.0,,28.8,,21.267,,195.1,,5.44,,3.76
2024-06-13 18:13:27,2024-06-13,18:13:27,17.7,,47.4,,30.1,,21.921,,152.0,,0.98,,0.71,
2024-06-13 18:13:33,2024-06-13,18:13:33,,17.1,,49.4,,28.8,,21.164,,211.2,,5.18,,3.65
2024-06-13 18:14:30,2024-06-13,18:14:30,17.5,,47.3,,30.0,,21.818,,163.7,,0.99,,0.36,
2024-06-13 18:14:36,2024-06-13,18:14:36,,17.1,,49.1,,28.9,,21.198,,209.1,,4.31,,3.29
2024-06-13 18:15:34,2024-06-13,18:15:34,17.4,,47.3,,29.9,,21.733,,148.8,,0.99,,0.48,
2024-06-13 18:15:40,2024-06-13,18:15:40,,17.0,,48.3,,29.0,,21.145,,184.4,,5.88,,2.11
2024-06-13 18:16:38,2024-06-13,18:16:38,17.6,,47.6,,29.9,,21.787,,115.0,,0.73,,0.28,
2024-06-13 18:16:44,2024-06-13,18:16:44,,17.1,,48.7,,29.0,,21.214,,227.7,,7.3,,5.34
2024-06-13 18:17:41,2024-06-13,18:17:41,17.6,,47.8,,29.9,,21.823,,127.7,,0.59,,0.26,
2024-06-13 18:17:47,2024-06-13,18:17:47,,17.3,,49.6,,28.9,,21.285,,212.6,,6.96,,5.16
2024-06-13 18:18:44,2024-06-13,18:18:44,17.7,,48.0,,29.9,,21.858,,238.4,,0.86,,0.06,
2024-06-13 18:18:50,2024-06-13,18:18:50,,17.3,,49.9,,28.8,,21.25,,210.2,,7.25,,3.92
2024-06-13 18:19:48,2024-06-13,18:19:48,17.9,,48.3,,30.0,,21.997,,113.8,,0.76,,0.17,
2024-06-13 18:19:54,2024-06-13,18:19:54,,17.3,,49.6,,28.9,,21.285,,207.8,,6.6,,3.98
2024-06-13 18:20:52,2024-06-13,18:20:52,18.0,,48.6,,30.0,,22.051,,47.0,,0.59,,0.16,
2024-06-13 18:20:58,2024-06-13,18:20:58,,17.3,,50.1,,28.7,,21.198,,213.2,,7.77,,6.32
2024-06-13 18:21:55,2024-06-13,18:21:55,17.9,,48.2,,30.0,,21.979,,121.3,,0.61,,0.29,
2024-06-13 18:22:01,2024-06-13,18:22:01,,17.2,,50.1,,28.6,,21.112,,212.3,,7.35,,5.99
2024-06-13 18:22:58,2024-06-13,18:22:58,18.0,,48.8,,30.0,,22.086,,123.2,,0.7,,0.62,
2024-06-13 18:23:04,2024-06-13,18:23:04,,17.2,,50.2,,28.6,,21.129,,202.5,,6.54,,4.66
2024-06-13 18:24:02,2024-06-13,18:24:02,17.8,,48.1,,30.0,,21.961,,143.0,,0.88,,0.62,
2024-06-13 18:24:08,2024-06-13,18:24:08,,17.2,,50.1,,28.6,,21.112,,213.6,,5.98,,4.94
2024-06-13 18:25:06,2024-06-13,18:25:06,17.8,,48.0,,30.0,,21.944,,111.1,,0.5,,0.23,
2024-06-13 18:25:12,2024-06-13,18:25:12,,17.2,,49.9,,28.7,,21.164,,210.2,,5.65,,1.41
2024-06-13 18:26:09,2024-06-13,18:26:09,18.0,,48.9,,30.0,,22.104,,133.9,,0.76,,0.36,
2024-06-13 18:26:15,2024-06-13,18:26:15,,17.1,,49.5,,28.7,,21.096,,216.1,,5.21,,1.85
2024-06-13 18:27:12,2024-06-13,18:27:12,17.9,,48.7,,29.9,,21.983,,107.3,,0.71,,0.5,
2024-06-13 18:27:18,2024-06-13,18:27:18,,17.2,,49.6,,28.8,,21.199,,216.2,,6.25,,4.15
2024-06-13 18:28:16,2024-06-13,18:28:16,17.9,,48.6,,29.9,,21.965,,154.6,,0.64,,0.38,
2024-06-13 18:28:22,2024-06-13,18:28:22,,17.2,,49.6,,28.8,,21.199,,217.7,,4.65,,4.32
2024-06-13 18:29:20,2024-06-13,18:29:20,17.8,,48.4,,29.9,,21.93,,126.1,,0.69,,0.22,
2024-06-13 18:29:26,2024-06-13,18:29:26,,,,,,17.1,,,,215.5,,6.8,,2.9
2024-06-13 18:30:23,2024-06-13,18:30:23,17.7,,47.9,,29.9,,21.841,,122.3,,0.63,,0.46,
2024-06-13 18:30:29,2024-06-13,18:30:29,,17.0,,49.4,,28.7,,21.079,,201.9,,5.41,,2.36
2024-06-13 18:31:26,2024-06-13,18:31:26,17.7,,48.4,,29.8,,21.845,,148.4,,1.09,,0.79,
2024-06-13 18:31:32,2024-06-13,18:31:32,,17.1,,49.7,,28.7,,21.13,,214.6,,5.98,,4.55
2024-06-13 18:32:30,2024-06-13,18:32:30,17.8,,48.8,,29.8,,21.916,,146.0,,0.97,,0.3,
2024-06-13 18:32:36,2024-06-13,18:32:36,,17.0,,49.4,,28.7,,21.079,,197.1,,5.85,,4.27
2024-06-13 18:33:34,2024-06-13,18:33:34,17.7,,48.4,,29.8,,21.845,,179.5,,0.48,,0.08,
2024-06-13 18:33:40,2024-06-13,18:33:40,,17.1,,49.7,,28.7,,21.13,,220.3,,5.79,,2.07
2024-06-13 18:34:37,2024-06-13,18:34:37,17.6,,48.1,,29.8,,21.791,,153.8,,0.3,,0.17,
2024-06-13 18:34:43,2024-06-13,18:34:43,,17.0,,49.0,,28.8,,21.095,,211.3,,5.84,,4.39
2024-06-13 18:35:40,2024-06-13,18:35:40,18.0,,48.9,,29.9,,22.019,,154.9,,0.64,,0.14,
2024-06-13 18:35:46,2024-06-13,18:35:46,,17.0,,49.3,,28.7,,21.061,,214.9,,5.24,,2.34
2024-06-13 18:36:44,2024-06-13,18:36:44,17.9,,48.9,,29.8,,21.933,,149.5,,0.8,,0.5,
2024-06-13 18:36:50,2024-06-13,18:36:50,,17.0,,49.2,,28.7,,21.044,,220.3,,5.23,,2.84
2024-06-13 18:37:48,2024-06-13,18:37:48,17.7,,48.6,,29.8,,21.88,,121.9,,0.71,,0.51,
2024-06-13 18:37:54,2024-06-13,18:37:54,,17.0,,49.4,,28.7,,21.079,,211.2,,5.63,,4.42
2024-06-13 18:38:51,2024-06-13,18:38:51,18.1,,49.6,,29.8,,22.057,,114.7,,0.91,,0.29,
2024-06-13 18:38:57,2024-06-13,18:38:57,,17.1,,50.0,,28.6,,21.095,,196.4,,5.69,,2.82
2024-06-13 18:39:54,2024-06-13,18:39:54,18.1,,49.6,,29.8,,22.057,,144.4,,0.81,,0.64,
2024-06-13 18:40:00,2024-06-13,18:40:00,,17.2,,50.4,,28.5,,21.077,,195.9,,5.34,,3.31
2024-06-13 18:40:58,2024-06-13,18:40:58,18.0,,49.2,,29.8,,21.986,,141.1,,0.74,,0.6,
2024-06-13 18:41:04,2024-06-13,18:41:04,,17.3,,50.9,,28.5,,21.162,,184.8,,6.79,,1.2
2024-06-13 18:42:02,2024-06-13,18:42:02,18.0,,49.6,,29.7,,21.971,,110.4,,0.81,,0.42,
2024-06-13 18:42:08,2024-06-13,18:42:08,,17.4,,51.0,,28.5,,21.179,,174.3,,4.34,,0.7
2024-06-13 18:43:05,2024-06-13,18:43:05,18.1,,49.9,,29.7,,22.024,,80.2,,0.38,,0.08,
2024-06-13 18:43:11,2024-06-13,18:43:11,,17.4,,51.0,,28.5,,21.179,,218.4,,4.01,,3.03
2024-06-13 18:44:08,2024-06-13,18:44:08,18.1,,49.8,,29.7,,22.006,,60.6,,0.46,,0.28,
2024-06-13 18:44:14,2024-06-13,18:44:14,,17.5,,51.7,,28.4,,21.21,,232.9,,4.7,,1.52
2024-06-13 18:45:12,2024-06-13,18:45:12,18.0,,49.4,,29.8,,22.022,,64.3,,0.52,,0.2,
2024-06-13 18:45:18,2024-06-13,18:45:18,,17.6,,52.1,,28.4,,21.276,,149.6,,2.98,,0.45
2024-06-13 18:46:16,2024-06-13,18:46:16,18.1,,49.5,,29.8,,22.039,,80.2,,0.65,,0.12,
2024-06-13 18:46:22,2024-06-13,18:46:22,,17.7,,52.2,,28.4,,21.293,,249.1,,3.36,,2.3
2024-06-13 18:47:19,2024-06-13,18:47:19,18.3,,50.2,,29.8,,22.162,,43.0,,0.46,,0.27,
2024-06-13 18:47:25,2024-06-13,18:47:25,,17.6,,52.5,,28.3,,21.256,,218.1,,3.65,,2.6
2024-06-13 18:48:22,2024-06-13,18:48:22,18.3,,50.2,,29.8,,22.162,,28.4,,0.37,,0.26,
2024-06-13 18:48:28,2024-06-13,18:48:28,,17.7,,53.0,,28.2,,21.252,,227.2,,3.98,,2.58
2024-06-13 18:49:26,2024-06-13,18:49:26,,,,,18.2,,,,96.6,,0.47,,0.14,
2024-06-13 18:49:32,2024-06-13,18:49:32,,17.8,,53.6,,28.1,,21.263,,213.0,,3.46,,0.98
2024-06-13 18:50:30,2024-06-13,18:50:30,18.2,,50.2,,29.7,,22.076,,149.5,,0.66,,0.61,
2024-06-13 18:50:36,2024-06-13,18:50:36,,17.8,,53.7,,28.1,,21.279,,199.2,,1.75,,0.21
2024-06-13 18:51:33,2024-06-13,18:51:33,18.6,,51.8,,29.6,,22.267,,105.1,,0.55,,0.06,
2024-06-13 18:51:39,2024-06-13,18:51:39,,17.7,,53.3,,28.1,,21.214,,205.4,,2.74,,2.15
2024-06-13 18:52:36,2024-06-13,18:52:36,18.5,,51.4,,29.6,,22.198,,105.1,,0.25,,0.13,
2024-06-13 18:52:42,2024-06-13,18:52:42,,17.7,,53.4,,28.1,,21.23,,189.3,,2.38,,0.77
2024-06-13 18:53:40,2024-06-13,18:53:40,18.8,,52.2,,29.6,,22.336,,137.9,,0.53,,0.42,
2024-06-13 18:53:46,2024-06-13,18:53:46,,17.8,,53.5,,28.1,,21.247,,146.1,,2.92,,1.44
2024-06-13 18:54:44,2024-06-13,18:54:44,18.5,,51.6,,29.5,,22.146,,136.2,,0.93,,0.45,
2024-06-13 18:54:50,2024-06-13,18:54:50,,17.8,,53.5,,28.1,,21.247,,213.7,,2.33,,1.53
2024-06-13 18:55:47,2024-06-13,18:55:47,18.7,,52.5,,29.4,,22.213,,143.4,,0.51,,0.24,
2024-06-13 18:55:53,2024-06-13,18:55:53,,17.7,,53.7,,28.0,,21.192,,200.6,,3.11,,2.47
2024-06-13 18:56:51,2024-06-13,18:56:51,18.9,,53.6,,29.4,,22.4,,127.0,,0.61,,0.11,
2024-06-13 18:56:56,2024-06-13,18:56:56,,17.8,,54.1,,27.9,,21.169,,222.3,,2.95,,1.28
2024-06-13 18:57:54,2024-06-13,18:57:54,19.0,,53.4,,29.4,,22.366,,117.1,,0.4,,0.19,
2024-06-13 18:58:00,2024-06-13,18:58:00,,17.8,,54.3,,27.9,,21.202,,199.7,,2.39,,1.71
2024-06-13 18:58:58,2024-06-13,18:58:58,18.8,,52.7,,29.4,,22.247,,146.5,,0.3,,0.24,
2024-06-13 18:59:04,2024-06-13,18:59:04,,17.9,,54.4,,27.9,,21.218,,210.7,,2.5,,1.93
2024-06-13 19:00:02,2024-06-13,19:00:02,18.9,,53.4,,29.3,,22.279,,132.2,,0.52,,0.36,
2024-06-13 19:00:07,2024-06-13,19:00:07,,17.8,,54.5,,27.8,,21.146,,197.0,,2.45,,1.79
2024-06-13 19:01:05,2024-06-13,19:01:05,18.9,,53.7,,29.2,,22.242,,139.1,,0.49,,0.26,
2024-06-13 19:01:10,2024-06-13,19:01:10,,17.8,,54.6,,27.8,,21.163,,190.4,,2.46,,2.17
2024-06-13 19:02:08,2024-06-13,19:02:08,18.8,,53.4,,29.2,,22.191,,106.0,,0.39,,0.21,
2024-06-13 19:02:14,2024-06-13,19:02:14,,17.7,,54.6,,27.7,,21.075,,194.4,,2.53,,1.7
2024-06-13 19:03:12,2024-06-13,19:03:12,18.8,,53.6,,29.2,,22.225,,167.1,,0.52,,0.38,
2024-06-13 19:03:18,2024-06-13,19:03:18,,17.8,,54.8,,27.7,,21.107,,201.2,,2.64,,1.75
2024-06-13 19:04:16,2024-06-13,19:04:16,18.9,,54.2,,29.1,,22.238,,136.2,,0.53,,0.31,
2024-06-13 19:04:21,2024-06-13,19:04:21,,17.8,,54.7,,27.7,,21.091,,191.5,,3.32,,1.47
2024-06-13 19:05:20,2024-06-13,19:05:20,,,,,18.9,,,,29.1,,5.41,,0.52,
2024-06-13 19:05:24,2024-06-13,19:05:24,,17.7,,54.6,,27.7,,21.075,,191.8,,3.83,,2.92
2024-06-13 19:06:22,2024-06-13,19:06:22,18.8,,54.1,,29.0,,22.134,,149.1,,0.4,,0.21,
2024-06-13 19:06:28,2024-06-13,19:06:28,,17.7,,55.0,,27.6,,21.051,,166.0,,4.17,,0.83
2024-06-13 19:07:26,2024-06-13,19:07:26,19.0,,55.1,,29.0,,22.3,,153.0,,0.48,,0.44,
2024-06-13 19:07:32,2024-06-13,19:07:32,,17.8,,55.1,,27.6,,21.067,,196.1,,3.68,,2.17
2024-06-13 19:08:30,2024-06-13,19:08:30,18.5,,53.5,,28.9,,21.946,,159.5,,0.67,,0.08,
2024-06-13 19:08:35,2024-06-13,19:08:35,,17.7,,55.2,,27.5,,20.995,,223.1,,3.1,,2.38
2024-06-13 19:09:33,2024-06-13,19:09:33,18.6,,53.7,,28.9,,21.979,,128.4,,0.4,,0.22,
2024-06-13 19:09:38,2024-06-13,19:09:38,,17.7,,55.3,,27.5,,21.011,,192.6,,2.43,,1.53
2024-06-13 19:10:36,2024-06-13,19:10:36,18.8,,54.5,,28.9,,22.112,,104.2,,0.54,,0.35,
2024-06-13 19:10:42,2024-06-13,19:10:42,,17.8,,55.4,,27.5,,21.027,,187.4,,2.84,,2.02
2024-06-13 19:11:40,2024-06-13,19:11:40,19.0,,55.2,,28.9,,22.228,,138.7,,0.53,,0.32,
2024-06-13 19:11:46,2024-06-13,19:11:46,,17.8,,55.5,,27.5,,21.043,,217.7,,3.42,,2.27
2024-06-13 19:12:44,2024-06-13,19:12:44,,,,,19.1,,,,28.9,,5.58,,0.48,
2024-06-13 19:12:49,2024-06-13,19:12:49,,17.8,,55.7,,27.4,,20.987,,189.7,,3.77,,2.02
2024-06-13 19:13:48,2024-06-13,19:13:48,,,,,19.1,,,,28.8,,5.59,,1.53,
2024-06-13 19:13:52,2024-06-13,19:13:52,,,,,,17.9,,,,27.4,,5.6,,2.84
2024-06-13 19:14:50,2024-06-13,19:14:50,19.0,,56.0,,28.7,,22.183,,306.9,,1.71,,1.06,
2024-06-13 19:14:56,2024-06-13,19:14:56,,17.8,,55.8,,27.4,,21.003,,204.8,,2.52,,2.17
2024-06-13 19:15:54,2024-06-13,19:15:54,19.0,,56.0,,28.6,,22.095,,314.6,,1.45,,1.09,
2024-06-13 19:16:00,2024-06-13,19:16:00,,17.8,,55.9,,27.4,,21.018,,192.4,,2.47,,1.07
2024-06-13 19:16:58,2024-06-13,19:16:58,18.8,,56.1,,28.4,,21.934,,324.8,,1.82,,1.46,
2024-06-13 19:17:03,2024-06-13,19:17:03,,17.8,,55.9,,27.4,,21.018,,224.2,,2.98,,1.66
2024-06-13 19:18:01,2024-06-13,19:18:01,18.8,,56.3,,28.3,,21.878,,325.2,,1.96,,1.23,
2024-06-13 19:18:38,2024-06-13,19:18:38,,17.8,,56.0,,27.3,,20.946,,221.0,,1.88,,1.44
2024-06-13 19:19:04,2024-06-13,19:19:04,18.9,,56.8,,28.3,,21.959,,327.4,,2.2,,0.99,
2024-06-13 19:19:42,2024-06-13,19:19:42,,17.7,,55.8,,27.3,,20.914,,221.7,,2.04,,1.77
2024-06-13 19:20:08,2024-06-13,19:20:08,18.6,,56.0,,28.2,,21.741,,327.6,,1.8,,1.17,
2024-06-13 19:20:45,2024-06-13,19:20:45,,17.7,,55.9,,27.3,,20.93,,242.1,,1.61,,1.2
2024-06-13 19:21:12,2024-06-13,19:21:12,18.7,,56.5,,28.2,,21.822,,327.8,,1.75,,1.25,
2024-06-13 19:21:48,2024-06-13,19:21:48,,17.8,,55.9,,27.4,,21.018,,239.6,,1.45,,0.83
2024-06-13 19:22:15,2024-06-13,19:22:15,18.8,,56.6,,28.2,,21.838,,10.0,,1.51,,0.18,
2024-06-13 19:22:52,2024-06-13,19:22:52,,17.8,,55.8,,27.4,,21.003,,209.9,,1.57,,0.8
2024-06-13 19:23:18,2024-06-13,19:23:18,18.8,,56.6,,28.2,,21.838,,325.5,,1.78,,0.79,
2024-06-13 19:23:56,2024-06-13,19:23:56,,17.7,,55.6,,27.4,,20.971,,229.5,,2.23,,1.77
2024-06-13 19:24:22,2024-06-13,19:24:22,18.9,,57.0,,28.2,,21.903,,323.7,,1.58,,0.83,
2024-06-13 19:24:59,2024-06-13,19:24:59,,17.6,,55.6,,27.3,,20.882,,208.4,,2.35,,1.83
2024-06-13 19:25:26,2024-06-13,19:25:26,18.8,,56.9,,28.2,,21.886,,321.7,,1.63,,0.88,
2024-06-13 19:26:02,2024-06-13,19:26:02,,17.6,,55.6,,27.3,,20.882,,169.4,,2.21,,1.17
2024-06-13 19:26:29,2024-06-13,19:26:29,18.7,,56.9,,28.1,,21.798,,309.1,,1.76,,1.38,
2024-06-13 19:27:06,2024-06-13,19:27:06,,17.7,,55.7,,27.3,,20.898,,177.4,,2.36,,1.97
2024-06-13 19:27:32,2024-06-13,19:27:32,18.9,,57.5,,28.1,,21.894,,310.8,,2.01,,0.95,
2024-06-13 19:28:10,2024-06-13,19:28:10,,17.7,,55.8,,27.3,,20.914,,170.9,,2.55,,1.3
2024-06-13 19:28:36,2024-06-13,19:28:36,18.7,,57.2,,28.0,,21.757,,323.7,,2.14,,1.55,
2024-06-13 19:29:13,2024-06-13,19:29:13,,17.7,,56.0,,27.2,,20.857,,164.0,,2.41,,1.13
2024-06-13 19:29:40,2024-06-13,19:29:40,18.7,,57.4,,27.9,,21.7,,333.4,,2.43,,0.67,
2024-06-13 19:30:16,2024-06-13,19:30:16,,17.7,,56.1,,27.2,,20.873,,172.8,,2.06,,0.84
2024-06-13 19:30:43,2024-06-13,19:30:43,18.7,,57.6,,27.8,,21.643,,313.0,,2.02,,1.31,
2024-06-13 19:31:20,2024-06-13,19:31:20,,17.7,,56.2,,27.2,,20.889,,193.9,,2.75,,2.31
2024-06-13 19:31:46,2024-06-13,19:31:46,18.6,,57.4,,27.8,,21.611,,255.8,,1.64,,0.13,
2024-06-13 19:32:24,2024-06-13,19:32:24,,17.7,,56.4,,27.1,,20.832,,200.1,,3.08,,1.5
2024-06-13 19:32:50,2024-06-13,19:32:50,19.0,,58.3,,27.9,,21.843,,171.4,,0.62,,0.51,
2024-06-13 19:33:27,2024-06-13,19:33:27,,17.7,,56.5,,27.1,,20.848,,186.0,,2.12,,1.73
2024-06-13 19:33:54,2024-06-13,19:33:54,19.0,,58.7,,27.8,,21.817,,315.5,,2.07,,1.19,
2024-06-13 19:34:30,2024-06-13,19:34:30,,17.6,,56.6,,27.0,,20.775,,172.7,,2.61,,0.71
2024-06-13 19:34:57,2024-06-13,19:34:57,18.6,,57.9,,27.7,,21.601,,300.5,,2.19,,1.25,
2024-06-13 19:35:34,2024-06-13,19:35:34,,17.6,,56.6,,27.0,,20.775,,195.1,,2.38,,1.49
2024-06-13 19:36:00,2024-06-13,19:36:00,18.6,,58.0,,27.6,,21.528,,314.7,,2.44,,1.59,
2024-06-13 19:36:38,2024-06-13,19:36:38,,17.7,,56.7,,27.0,,20.79,,202.6,,2.25,,1.87
2024-06-13 19:37:04,2024-06-13,19:37:04,18.6,,58.1,,27.6,,21.544,,324.2,,1.87,,1.15,
2024-06-13 19:37:41,2024-06-13,19:37:41,,17.7,,56.8,,27.0,,20.806,,197.7,,2.55,,1.49
2024-06-13 19:38:08,2024-06-13,19:38:08,18.6,,58.0,,27.6,,21.528,,317.6,,1.68,,1.12,
2024-06-13 19:38:44,2024-06-13,19:38:44,,17.7,,56.8,,27.0,,20.806,,181.1,,1.78,,1.31
2024-06-13 19:39:11,2024-06-13,19:39:11,18.5,,58.1,,27.5,,21.454,,319.3,,1.61,,1.13,
2024-06-13 19:39:48,2024-06-13,19:39:48,,17.6,,56.9,,26.9,,20.733,,196.0,,2.13,,1.37
2024-06-13 19:40:14,2024-06-13,19:40:14,18.5,,58.2,,27.5,,21.47,,330.6,,1.89,,1.11,
2024-06-13 19:40:52,2024-06-13,19:40:52,,17.6,,56.9,,26.9,,20.733,,197.7,,2.22,,1.73
2024-06-13 19:41:18,2024-06-13,19:41:18,18.6,,58.4,,27.5,,21.501,,6.7,,1.62,,0.22,
2024-06-13 19:41:55,2024-06-13,19:41:55,,17.6,,56.9,,26.9,,20.733,,200.2,,1.45,,0.93
2024-06-13 19:42:22,2024-06-13,19:42:22,18.6,,58.4,,27.5,,21.501,,3.8,,0.18,,0.11,
2024-06-13 19:42:58,2024-06-13,19:42:58,,17.7,,57.0,,26.9,,20.749,,187.1,,1.26,,0.82
2024-06-13 19:43:25,2024-06-13,19:43:25,18.9,,59.3,,27.5,,21.642,,323.2,,2.26,,1.05,
2024-06-13 19:44:02,2024-06-13,19:44:02,,17.7,,57.0,,26.9,,20.749,,189.5,,1.56,,0.48
2024-06-13 19:44:28,2024-06-13,19:44:28,18.8,,59.0,,27.5,,21.595,,312.1,,1.5,,0.99,
2024-06-13 19:45:06,2024-06-13,19:45:06,,17.7,,57.1,,26.9,,20.764,,181.1,,2.04,,1.13
2024-06-13 19:45:32,2024-06-13,19:45:32,18.7,,59.2,,27.4,,21.537,,315.9,,2.31,,1.48,
2024-06-13 19:46:09,2024-06-13,19:46:09,,17.7,,57.3,,26.9,,20.795,,193.5,,2.23,,1.48
2024-06-13 19:46:36,2024-06-13,19:46:36,18.7,,59.2,,27.4,,21.537,,313.1,,2.23,,0.73,
2024-06-13 19:47:12,2024-06-13,19:47:12,,17.7,,57.6,,26.8,,20.753,,203.4,,2.61,,2.21
2024-06-13 19:47:39,2024-06-13,19:47:39,18.7,,59.3,,27.3,,21.463,,298.7,,1.46,,0.61,
2024-06-13 19:48:16,2024-06-13,19:48:16,,17.8,,58.0,,26.7,,20.726,,194.9,,2.7,,2.27
2024-06-13 19:48:42,2024-06-13,19:48:42,18.7,,59.3,,27.3,,21.463,,327.7,,2.02,,1.01,
2024-06-13 19:49:20,2024-06-13,19:49:20,,17.8,,58.3,,26.7,,20.772,,197.6,,2.46,,0.84
2024-06-13 19:49:46,2024-06-13,19:49:46,18.8,,59.7,,27.3,,21.525,,319.3,,1.91,,1.51,
2024-06-13 19:50:24,2024-06-13,19:50:24,,17.8,,58.4,,26.6,,20.698,,189.1,,1.61,,0.41
2024-06-13 19:50:50,2024-06-13,19:50:50,18.6,,59.5,,27.2,,21.404,,318.8,,1.69,,1.12,
2024-06-13 19:51:27,2024-06-13,19:51:27,,17.8,,58.5,,26.6,,20.713,,162.8,,1.17,,1.04
2024-06-13 19:51:53,2024-06-13,19:51:53,18.7,,60.0,,27.1,,21.392,,317.4,,1.73,,0.67,
2024-06-13 19:52:30,2024-06-13,19:52:30,,17.8,,58.4,,26.6,,20.698,,156.7,,1.9,,1.74
2024-06-13 19:52:56,2024-06-13,19:52:56,18.7,,60.2,,27.1,,21.422,,325.7,,2.24,,1.09,
2024-06-13 19:53:34,2024-06-13,19:53:34,,17.8,,58.5,,26.6,,20.713,,158.6,,1.97,,0.98
2024-06-13 19:54:00,2024-06-13,19:54:00,18.7,,60.6,,27.0,,21.394,,336.7,,2.05,,0.61,
2024-06-13 19:54:38,2024-06-13,19:54:38,,17.8,,58.6,,26.6,,20.729,,140.2,,2.46,,2.04
2024-06-13 19:55:04,2024-06-13,19:55:04,18.8,,61.0,,27.0,,21.455,,326.7,,2.18,,1.55,
2024-06-13 19:55:41,2024-06-13,19:55:41,,17.8,,58.7,,26.5,,20.654,,212.9,,2.21,,0.38
2024-06-13 19:56:07,2024-06-13,19:56:07,18.8,,61.2,,26.9,,21.395,,334.6,,2.34,,0.88,
2024-06-13 19:56:44,2024-06-13,19:56:44,,17.8,,58.7,,26.5,,20.654,,194.7,,1.34,,1.01
2024-06-13 19:57:10,2024-06-13,19:57:10,18.8,,61.4,,26.9,,21.426,,321.2,,2.41,,0.85,
2024-06-13 19:57:48,2024-06-13,19:57:48,,17.8,,58.7,,26.5,,20.654,,179.6,,1.87,,0.84
2024-06-13 19:58:14,2024-06-13,19:58:14,18.8,,61.2,,26.9,,21.395,,320.1,,2.08,,1.29,
2024-06-13 19:58:52,2024-06-13,19:58:52,,17.8,,58.8,,26.5,,20.67,,158.7,,2.12,,0.86
2024-06-13 19:59:18,2024-06-13,19:59:18,18.7,,61.1,,26.8,,21.29,,316.5,,2.22,,1.53,
2024-06-13 19:59:55,2024-06-13,19:59:55,,17.7,,58.8,,26.4,,20.58,,139.6,,1.71,,0.38
2024-06-13 20:00:21,2024-06-13,20:00:21,18.8,,61.3,,26.9,,21.41,,317.9,,2.32,,1.19,
2024-06-13 20:00:58,2024-06-13,20:00:58,,17.7,,58.8,,26.4,,20.58,,213.5,,1.68,,1.42
2024-06-13 20:01:24,2024-06-13,20:01:24,18.7,,61.1,,26.8,,21.29,,314.7,,2.49,,1.76,
2024-06-13 20:02:02,2024-06-13,20:02:02,,17.7,,58.9,,26.4,,20.596,,193.3,,1.4,,0.75
2024-06-13 20:02:28,2024-06-13,20:02:28,18.7,,61.2,,26.8,,21.305,,307.7,,2.05,,1.21,
2024-06-13 20:03:06,2024-06-13,20:03:06,,17.7,,59.0,,26.4,,20.611,,201.4,,2.3,,1.24
2024-06-13 20:03:32,2024-06-13,20:03:32,18.7,,61.2,,26.8,,21.305,,317.0,,2.0,,1.21,
2024-06-13 20:04:09,2024-06-13,20:04:09,,17.7,,59.2,,26.3,,20.552,,188.9,,2.41,,1.61
2024-06-13 20:04:35,2024-06-13,20:04:35,18.7,,61.4,,26.7,,21.245,,320.1,,1.68,,1.07,
2024-06-13 20:05:12,2024-06-13,20:05:12,,17.8,,59.4,,26.3,,20.582,,190.1,,2.06,,1.21
2024-06-13 20:05:38,2024-06-13,20:05:38,,,,,18.6,,,,26.7,,6.13,,1.95,
2024-06-13 20:06:16,2024-06-13,20:06:16,,17.7,,59.5,,26.2,,20.507,,203.3,,1.91,,1.3
2024-06-13 20:06:42,2024-06-13,20:06:42,18.7,,61.4,,26.7,,21.245,,310.6,,1.83,,1.02,
2024-06-13 20:07:20,2024-06-13,20:07:20,,17.7,,59.6,,26.2,,20.523,,175.3,,1.81,,0.51
2024-06-13 20:07:46,2024-06-13,20:07:46,18.7,,61.6,,26.7,,21.275,,310.1,,1.66,,0.93,
2024-06-13 20:08:23,2024-06-13,20:08:23,,17.7,,59.7,,26.2,,20.538,,154.3,,1.54,,1.33
2024-06-13 20:08:49,2024-06-13,20:08:49,18.6,,61.7,,26.6,,21.2,,318.7,,1.68,,1.04,
2024-06-13 20:09:26,2024-06-13,20:09:26,,17.7,,59.7,,26.2,,20.538,,172.2,,1.68,,1.0
2024-06-13 20:09:52,2024-06-13,20:09:52,18.7,,61.9,,26.6,,21.23,,324.3,,2.2,,1.14,
2024-06-13 20:10:30,2024-06-13,20:10:30,,17.8,,59.8,,26.2,,20.553,,172.7,,1.11,,0.62
2024-06-13 20:10:56,2024-06-13,20:10:56,18.8,,62.3,,26.5,,21.2,,320.7,,1.8,,1.28,
2024-06-13 20:11:34,2024-06-13,20:11:34,,17.7,,59.8,,26.2,,20.553,,159.2,,1.27,,0.73
2024-06-13 20:12:00,2024-06-13,20:12:00,18.7,,62.4,,26.5,,21.215,,319.5,,1.77,,1.12,
2024-06-13 20:12:37,2024-06-13,20:12:37,,17.7,,59.8,,26.1,,20.463,,182.1,,1.23,,0.94
2024-06-13 20:13:03,2024-06-13,20:13:03,18.7,,62.4,,26.5,,21.215,,322.4,,1.68,,1.42,
2024-06-13 20:13:40,2024-06-13,20:13:40,,17.7,,59.9,,26.1,,20.478,,166.8,,1.14,,0.7
2024-06-13 20:14:06,2024-06-13,20:14:06,18.8,,62.7,,26.5,,21.26,,313.9,,1.62,,0.73,
2024-06-13 20:14:44,2024-06-13,20:14:44,,17.7,,59.9,,26.1,,20.478,,180.6,,1.59,,1.39
2024-06-13 20:15:10,2024-06-13,20:15:10,18.7,,62.6,,26.4,,21.154,,328.0,,1.62,,0.9,
2024-06-13 20:15:48,2024-06-13,20:15:48,,17.6,,60.0,,26.0,,20.403,,168.1,,1.42,,1.12
2024-06-13 20:16:14,2024-06-13,20:16:14,18.8,,62.9,,26.4,,21.199,,322.6,,1.68,,1.28,
2024-06-13 20:16:51,2024-06-13,20:16:51,,17.6,,60.0,,26.0,,20.403,,151.2,,1.77,,1.06
2024-06-13 20:17:17,2024-06-13,20:17:17,18.8,,63.0,,26.4,,21.214,,321.7,,2.21,,0.93,
2024-06-13 20:17:54,2024-06-13,20:17:54,,17.6,,60.1,,26.0,,20.418,,159.3,,2.19,,1.15
2024-06-13 20:18:20,2024-06-13,20:18:20,18.8,,63.1,,26.4,,21.229,,321.4,,1.91,,1.31,
2024-06-13 20:18:58,2024-06-13,20:18:58,,17.7,,60.2,,26.0,,20.433,,176.6,,2.08,,1.45
2024-06-13 20:19:24,2024-06-13,20:19:24,18.7,,63.2,,26.3,,21.153,,318.7,,1.83,,1.15,
2024-06-13 20:20:02,2024-06-13,20:20:02,,17.6,,60.3,,25.9,,20.358,,146.8,,1.77,,0.36
2024-06-13 20:20:28,2024-06-13,20:20:28,18.8,,63.4,,26.3,,21.182,,311.4,,2.32,,1.16,
2024-06-13 20:21:05,2024-06-13,20:21:05,,17.6,,60.3,,25.9,,20.358,,183.1,,2.14,,0.91
2024-06-13 20:21:31,2024-06-13,20:21:31,18.8,,63.5,,26.3,,21.197,,319.2,,1.72,,0.87,
2024-06-13 20:22:08,2024-06-13,20:22:08,,17.7,,60.5,,25.9,,20.388,,205.0,,2.61,,0.86
2024-06-13 20:22:34,2024-06-13,20:22:34,18.8,,63.6,,26.3,,21.212,,312.9,,2.16,,1.57,
2024-06-13 20:23:12,2024-06-13,20:23:12,,17.7,,60.5,,25.9,,20.388,,157.4,,1.33,,0.9
2024-06-13 20:23:38,2024-06-13,20:23:38,18.8,,63.6,,26.3,,21.212,,315.9,,2.68,,1.62,
2024-06-13 20:24:16,2024-06-13,20:24:16,,17.6,,60.7,,25.8,,20.328,,171.4,,2.76,,1.5
2024-06-13 20:24:42,2024-06-13,20:24:42,18.8,,63.8,,26.2,,21.151,,300.8,,2.32,,0.88,
2024-06-13 20:25:20,2024-06-13,20:25:20,,17.6,,60.8,,25.8,,20.343,,189.2,,1.81,,1.14
2024-06-13 20:25:45,2024-06-13,20:25:45,18.8,,63.9,,26.2,,21.165,,304.4,,2.1,,1.17,
2024-06-13 20:26:22,2024-06-13,20:26:22,,17.7,,60.9,,25.8,,20.358,,201.2,,1.81,,1.14
2024-06-13 20:26:48,2024-06-13,20:26:48,18.8,,63.9,,26.2,,21.165,,308.6,,2.36,,1.34,
2024-06-13 20:27:26,2024-06-13,20:27:26,,17.6,,61.1,,25.7,,20.297,,174.4,,1.88,,1.26
2024-06-13 20:27:52,2024-06-13,20:27:52,18.8,,63.9,,26.2,,21.165,,313.5,,2.41,,0.97,
2024-06-13 20:28:30,2024-06-13,20:28:30,,17.8,,61.3,,25.8,,20.417,,190.6,,2.3,,1.94
2024-06-13 20:28:56,2024-06-13,20:28:56,18.9,,64.0,,26.2,,21.18,,316.0,,1.89,,1.39,
2024-06-13 20:29:34,2024-06-13,20:29:34,,17.7,,61.4,,25.7,,20.341,,189.2,,2.26,,1.6
2024-06-13 20:29:59,2024-06-13,20:29:59,18.9,,64.3,,26.2,,21.225,,307.8,,2.4,,1.35,
2024-06-13 20:30:37,2024-06-13,20:30:37,,17.7,,61.5,,25.7,,20.356,,188.9,,1.96,,0.84
2024-06-13 20:31:02,2024-06-13,20:31:02,18.9,,64.6,,26.1,,21.177,,313.3,,2.47,,1.88,
2024-06-13 20:31:40,2024-06-13,20:31:40,,17.8,,61.6,,25.7,,20.371,,187.2,,1.65,,1.37
2024-06-13 20:32:06,2024-06-13,20:32:06,18.9,,64.7,,26.1,,21.192,,309.7,,2.36,,1.49,
2024-06-13 20:32:44,2024-06-13,20:32:44,,17.8,,61.7,,25.7,,20.386,,167.8,,1.27,,0.65
2024-06-13 20:33:10,2024-06-13,20:33:10,19.0,,65.0,,26.1,,21.236,,321.6,,2.83,,1.71,
2024-06-13 20:33:48,2024-06-13,20:33:48,,17.8,,61.8,,25.7,,20.401,,207.0,,1.4,,0.6
2024-06-13 20:34:13,2024-06-13,20:34:13,19.1,,65.4,,26.1,,21.295,,317.9,,2.44,,1.66,
2024-06-13 20:34:51,2024-06-13,20:34:51,,17.9,,61.9,,25.7,,20.415,,166.1,,2.04,,1.55
2024-06-13 20:35:16,2024-06-13,20:35:16,19.0,,65.2,,26.0,,21.174,,318.1,,2.31,,1.29,
2024-06-13 20:35:54,2024-06-13,20:35:54,,17.8,,62.0,,25.6,,20.34,,169.2,,1.79,,1.26
2024-06-13 20:36:20,2024-06-13,20:36:20,19.0,,65.7,,26.0,,21.247,,319.2,,2.43,,1.25,
2024-06-13 20:36:58,2024-06-13,20:36:58,,17.8,,62.2,,25.6,,20.369,,169.2,,1.75,,1.22
2024-06-13 20:37:24,2024-06-13,20:37:24,19.1,,65.8,,26.0,,21.262,,317.6,,2.37,,1.26,
2024-06-13 20:38:02,2024-06-13,20:38:02,,17.8,,62.2,,25.6,,20.369,,176.0,,1.15,,0.79
2024-06-13 20:38:27,2024-06-13,20:38:27,19.1,,65.8,,26.0,,21.262,,319.1,,2.42,,1.35,
2024-06-13 20:39:05,2024-06-13,20:39:05,,17.9,,62.3,,25.6,,20.384,,168.3,,1.49,,0.61
2024-06-13 20:39:30,2024-06-13,20:39:30,19.1,,66.2,,25.9,,21.228,,316.5,,1.96,,1.51,
2024-06-13 20:40:08,2024-06-13,20:40:08,,17.9,,62.3,,25.6,,20.384,,207.6,,1.55,,0.88
2024-06-13 20:40:34,2024-06-13,20:40:34,19.2,,66.5,,26.0,,21.364,,319.4,,2.2,,1.19,
2024-06-13 20:41:12,2024-06-13,20:41:12,,17.8,,62.5,,25.5,,20.322,,201.9,,1.66,,0.9
2024-06-13 20:41:38,2024-06-13,20:41:38,19.1,,66.2,,25.9,,21.228,,317.2,,2.31,,1.81,
2024-06-13 20:42:16,2024-06-13,20:42:16,,17.8,,62.6,,25.5,,20.337,,175.8,,1.07,,0.64
2024-06-13 20:42:41,2024-06-13,20:42:41,19.1,,66.4,,25.9,,21.257,,318.4,,2.65,,1.47,
2024-06-13 20:43:19,2024-06-13,20:43:19,,17.9,,62.8,,25.5,,20.366,,168.8,,1.48,,0.41
2024-06-13 20:43:44,2024-06-13,20:43:44,19.1,,66.5,,25.9,,21.272,,320.4,,2.57,,1.78,
2024-06-13 20:44:22,2024-06-13,20:44:22,,17.9,,62.9,,25.5,,20.381,,176.5,,1.23,,1.08
2024-06-13 20:44:48,2024-06-13,20:44:48,19.2,,66.8,,25.9,,21.316,,315.6,,2.24,,1.55,
2024-06-13 20:45:26,2024-06-13,20:45:26,,18.0,,63.2,,25.5,,20.425,,199.3,,1.65,,0.96
2024-06-13 20:45:52,2024-06-13,20:45:52,19.2,,67.0,,25.8,,21.253,,309.3,,2.47,,1.32,
2024-06-13 20:46:30,2024-06-13,20:46:30,,18.0,,63.4,,25.5,,20.454,,195.9,,1.48,,0.83
2024-06-13 20:46:55,2024-06-13,20:46:55,19.2,,67.2,,25.8,,21.281,,323.3,,1.98,,1.18,
2024-06-13 20:47:33,2024-06-13,20:47:33,,18.1,,63.7,,25.5,,20.498,,185.8,,1.6,,1.07
2024-06-13 20:47:58,2024-06-13,20:47:58,19.3,,67.3,,25.8,,21.296,,316.4,,2.09,,1.03,
2024-06-13 20:48:37,2024-06-13,20:48:37,,18.0,,63.9,,25.4,,20.436,,195.6,,1.7,,0.88
2024-06-13 20:49:02,2024-06-13,20:49:02,19.3,,67.6,,25.8,,21.339,,329.2,,1.7,,0.59,
2024-06-13 20:49:40,2024-06-13,20:49:40,,18.1,,64.0,,25.4,,20.45,,211.9,,1.19,,0.83
2024-06-13 20:50:06,2024-06-13,20:50:06,19.4,,68.0,,25.8,,21.397,,322.1,,1.98,,0.93,
2024-06-13 20:50:44,2024-06-13,20:50:44,,18.1,,64.1,,25.4,,20.465,,210.4,,1.35,,0.95
2024-06-13 20:51:09,2024-06-13,20:51:09,19.4,,68.3,,25.7,,21.348,,327.9,,1.6,,0.94,
2024-06-13 20:51:48,2024-06-13,20:51:48,,18.0,,64.2,,25.3,,20.388,,216.8,,1.13,,0.9
2024-06-13 20:52:12,2024-06-13,20:52:12,19.4,,68.3,,25.7,,21.348,,317.9,,1.83,,1.28,
2024-06-13 20:52:51,2024-06-13,20:52:51,,18.1,,64.6,,25.3,,20.446,,227.8,,1.44,,1.26
2024-06-13 20:53:16,2024-06-13,20:53:16,19.4,,68.4,,25.7,,21.362,,327.9,,2.24,,1.14,
2024-06-13 20:53:54,2024-06-13,20:53:54,,18.2,,64.8,,25.3,,20.475,,249.3,,1.55,,1.15
2024-06-13 20:54:20,2024-06-13,20:54:20,19.4,,68.6,,25.6,,21.298,,343.1,,1.74,,0.75,
2024-06-13 20:54:58,2024-06-13,20:54:58,,18.2,,65.1,,25.3,,20.518,,217.3,,1.81,,1.64
2024-06-13 20:55:23,2024-06-13,20:55:23,19.4,,68.9,,25.6,,21.341,,327.2,,1.99,,1.25,
2024-06-13 20:56:02,2024-06-13,20:56:02,,18.4,,65.5,,25.4,,20.668,,196.3,,1.97,,0.66
2024-06-13 20:56:26,2024-06-13,20:56:26,19.6,,69.7,,25.6,,21.456,,323.4,,1.97,,1.38,
2024-06-13 20:57:05,2024-06-13,20:57:05,,18.4,,65.7,,25.3,,20.605,,205.0,,1.54,,1.28
2024-06-13 20:57:30,2024-06-13,20:57:30,19.7,,69.9,,25.6,,21.484,,321.5,,1.83,,1.54,
2024-06-13 20:58:08,2024-06-13,20:58:08,,18.5,,66.0,,25.3,,20.648,,210.2,,1.58,,1.22
2024-06-13 20:58:34,2024-06-13,20:58:34,19.8,,70.7,,25.5,,21.505,,320.9,,1.76,,0.97,
2024-06-13 20:59:12,2024-06-13,20:59:12,,18.5,,66.2,,25.3,,20.677,,215.2,,1.7,,1.12
2024-06-13 20:59:37,2024-06-13,20:59:37,19.9,,71.1,,25.5,,21.562,,311.3,,1.66,,1.12,
2024-06-13 21:00:16,2024-06-13,21:00:16,,18.6,,66.4,,25.3,,20.705,,216.2,,1.39,,1.24
2024-06-13 21:00:40,2024-06-13,21:00:40,20.0,,71.6,,25.5,,21.633,,324.2,,2.25,,0.95,
2024-06-13 21:01:19,2024-06-13,21:01:19,,18.5,,66.6,,25.2,,20.642,,232.5,,1.55,,1.28
2024-06-13 21:01:44,2024-06-13,21:01:44,20.0,,71.8,,25.5,,21.661,,321.8,,1.58,,0.87,
2024-06-13 21:02:22,2024-06-13,21:02:22,,18.5,,66.7,,25.2,,20.656,,238.6,,1.18,,0.62
2024-06-13 21:02:48,2024-06-13,21:02:48,20.0,,71.9,,25.4,,21.582,,321.6,,1.92,,0.89,
2024-06-13 21:03:26,2024-06-13,21:03:26,,18.6,,66.9,,25.2,,20.685,,248.2,,1.25,,0.91
2024-06-13 21:03:51,2024-06-13,21:03:51,20.1,,72.5,,25.4,,21.667,,330.4,,1.84,,1.13,
2024-06-13 21:04:30,2024-06-13,21:04:30,,18.6,,67.0,,25.2,,20.699,,231.0,,1.3,,1.1
2024-06-13 21:04:54,2024-06-13,21:04:54,20.1,,72.7,,25.4,,21.695,,330.0,,2.27,,1.03,
2024-06-13 21:05:33,2024-06-13,21:05:33,,18.5,,67.1,,25.1,,20.621,,220.4,,1.31,,0.79
2024-06-13 21:05:58,2024-06-13,21:05:58,20.1,,72.9,,25.4,,21.723,,321.2,,2.1,,1.31,
2024-06-13 21:06:36,2024-06-13,21:06:36,,18.6,,67.2,,25.1,,20.635,,216.1,,1.73,,1.17
2024-06-13 21:07:02,2024-06-13,21:07:02,20.2,,73.0,,25.4,,21.737,,323.2,,2.08,,1.17,
2024-06-13 21:07:40,2024-06-13,21:07:40,,18.6,,67.4,,25.1,,20.664,,224.3,,1.48,,1.29
2024-06-13 21:08:05,2024-06-13,21:08:05,20.3,,73.5,,25.4,,21.808,,321.7,,2.38,,1.24,
2024-06-13 21:08:44,2024-06-13,21:08:44,,18.6,,67.5,,25.1,,20.678,,232.1,,1.28,,1.0
2024-06-13 21:09:08,2024-06-13,21:09:08,20.2,,73.7,,25.3,,21.741,,324.7,,1.75,,1.39,
2024-06-13 21:09:47,2024-06-13,21:09:47,,18.6,,67.6,,25.0,,20.6,,225.7,,1.2,,1.03
2024-06-13 21:10:12,2024-06-13,21:10:12,20.3,,73.9,,25.3,,21.769,,320.8,,2.03,,1.18,
2024-06-13 21:10:50,2024-06-13,21:10:50,,18.6,,67.7,,25.0,,20.614,,233.7,,1.12,,0.96
2024-06-13 21:11:16,2024-06-13,21:11:16,20.3,,74.3,,25.2,,21.731,,327.2,,2.16,,0.86,
2024-06-13 21:11:54,2024-06-13,21:11:54,,18.6,,67.8,,25.0,,20.628,,231.9,,1.19,,0.61
2024-06-13 21:12:19,2024-06-13,21:12:19,20.3,,74.3,,25.2,,21.731,,319.0,,2.28,,1.18,
2024-06-13 21:12:58,2024-06-13,21:12:58,,18.5,,67.9,,24.9,,20.55,,215.8,,0.99,,0.51
2024-06-13 21:13:22,2024-06-13,21:13:22,20.3,,74.6,,25.2,,21.773,,321.7,,1.86,,1.46,
2024-06-13 21:14:01,2024-06-13,21:14:01,,18.6,,68.0,,24.9,,20.564,,247.0,,1.16,,0.44
2024-06-13 21:14:26,2024-06-13,21:14:26,20.3,,74.7,,25.1,,21.693,,322.3,,1.99,,1.47,
2024-06-13 21:15:04,2024-06-13,21:15:04,,18.6,,68.1,,24.9,,20.578,,245.2,,1.04,,0.7
2024-06-13 21:15:30,2024-06-13,21:15:30,20.3,,75.0,,25.1,,21.734,,322.6,,1.82,,1.38,
2024-06-13 21:16:08,2024-06-13,21:16:08,,18.6,,68.2,,24.9,,20.593,,218.7,,1.23,,0.84
2024-06-13 21:16:33,2024-06-13,21:16:33,20.4,,75.4,,25.1,,21.79,,325.7,,1.99,,1.17,
2024-06-13 21:17:12,2024-06-13,21:17:12,,18.7,,68.4,,24.9,,20.621,,229.9,,1.24,,0.97
2024-06-13 21:17:36,2024-06-13,21:17:36,20.4,,75.8,,25.0,,21.751,,320.2,,2.04,,1.08,
2024-06-13 21:18:15,2024-06-13,21:18:15,,18.6,,68.5,,24.8,,20.542,,224.1,,1.19,,0.73
2024-06-13 21:18:40,2024-06-13,21:18:40,20.6,,76.5,,25.0,,21.848,,318.7,,1.9,,1.45,
2024-06-13 21:19:18,2024-06-13,21:19:18,,,,,,18.6,,,,24.8,,6.86,,1.2
2024-06-13 21:19:44,2024-06-13,21:19:44,20.6,,76.7,,25.0,,21.876,,328.3,,1.98,,1.17,
2024-06-13 21:20:22,2024-06-13,21:20:22,,18.6,,68.7,,24.8,,20.571,,247.3,,1.09,,0.79
2024-06-13 21:20:47,2024-06-13,21:20:47,20.6,,76.6,,25.0,,21.862,,318.7,,2.24,,1.57,
2024-06-13 21:21:26,2024-06-13,21:21:26,,18.6,,68.8,,24.7,,20.492,,242.6,,0.96,,0.82
2024-06-13 21:21:50,2024-06-13,21:21:50,20.6,,76.9,,25.0,,21.903,,323.7,,2.34,,1.45,
2024-06-13 21:22:29,2024-06-13,21:22:29,,18.6,,68.9,,24.7,,20.506,,243.0,,1.15,,1.0
2024-06-13 21:22:54,2024-06-13,21:22:54,20.7,,77.0,,25.0,,21.917,,330.5,,2.0,,1.41,
2024-06-13 21:23:32,2024-06-13,21:23:32,,18.6,,68.9,,24.7,,20.506,,236.2,,1.16,,0.74
2024-06-13 21:23:58,2024-06-13,21:23:58,20.6,,77.1,,24.9,,21.836,,323.0,,2.49,,1.74,
2024-06-13 21:24:36,2024-06-13,21:24:36,,18.6,,69.1,,24.7,,20.534,,235.8,,1.3,,1.01
2024-06-13 21:25:01,2024-06-13,21:25:01,20.6,,77.2,,24.9,,21.85,,322.6,,2.36,,1.23,
2024-06-13 21:25:40,2024-06-13,21:25:40,,18.7,,69.2,,24.7,,20.548,,222.9,,1.56,,0.87
2024-06-13 21:26:05,2024-06-13,21:26:05,20.7,,77.7,,24.9,,21.919,,332.8,,2.08,,1.16,
2024-06-13 21:26:43,2024-06-13,21:26:43,,18.6,,69.4,,24.6,,20.483,,231.3,,1.6,,1.27
2024-06-13 21:27:08,2024-06-13,21:27:08,20.8,,78.0,,24.9,,21.96,,326.1,,2.15,,1.55,
2024-06-13 21:27:46,2024-06-13,21:27:46,,18.6,,69.5,,24.6,,20.497,,246.7,,1.17,,0.72
2024-06-13 21:28:12,2024-06-13,21:28:12,20.7,,78.0,,24.8,,21.865,,322.4,,2.11,,1.35,
2024-06-13 21:28:50,2024-06-13,21:28:50,,18.7,,69.6,,24.6,,20.511,,263.4,,1.36,,0.92
2024-06-13 21:29:15,2024-06-13,21:29:15,20.7,,78.2,,24.8,,21.892,,331.4,,2.12,,1.4,
2024-06-13 21:29:54,2024-06-13,21:29:54,,18.7,,69.7,,24.6,,20.525,,249.9,,1.28,,0.75
2024-06-13 21:30:18,2024-06-13,21:30:18,20.8,,78.5,,24.8,,21.933,,327.7,,2.23,,1.48,
2024-06-13 21:30:57,2024-06-13,21:30:57,,18.7,,69.7,,24.5,,20.432,,265.5,,1.2,,1.06
2024-06-13 21:31:22,2024-06-13,21:31:22,20.9,,78.8,,24.8,,21.975,,324.6,,2.14,,1.55,
2024-06-13 21:32:00,2024-06-13,21:32:00,,18.6,,69.8,,24.5,,20.446,,279.9,,0.97,,0.71
2024-06-13 21:32:26,2024-06-13,21:32:26,20.8,,78.7,,24.7,,21.865,,330.1,,1.89,,1.28,
2024-06-13 21:33:04,2024-06-13,21:33:04,,18.6,,69.8,,24.5,,20.446,,274.0,,1.09,,0.86
2024-06-13 21:33:29,2024-06-13,21:33:29,20.7,,78.6,,24.7,,21.851,,332.2,,1.97,,1.36,
2024-06-13 21:34:08,2024-06-13,21:34:08,,18.5,,69.9,,24.4,,20.367,,301.9,,0.9,,0.71
2024-06-13 21:34:32,2024-06-13,21:34:32,20.8,,78.8,,24.7,,21.879,,325.7,,1.89,,1.23,
2024-06-13 21:35:11,2024-06-13,21:35:11,,18.5,,69.9,,24.4,,20.367,,276.1,,1.12,,1.0
2024-06-13 21:35:36,2024-06-13,21:35:36,20.7,,78.5,,24.7,,21.838,,323.1,,2.23,,1.16,
2024-06-13 21:36:14,2024-06-13,21:36:14,,18.6,,70.0,,24.4,,20.381,,290.0,,1.24,,1.08
2024-06-13 21:36:40,2024-06-13,21:36:40,20.6,,78.2,,24.7,,21.797,,319.8,,2.02,,1.4,
2024-06-13 21:37:18,2024-06-13,21:37:18,,18.5,,69.9,,24.4,,20.367,,304.1,,1.16,,0.95
2024-06-13 21:37:44,2024-06-13,21:37:44,20.6,,77.9,,24.7,,21.755,,326.5,,1.91,,1.07,
2024-06-13 21:38:22,2024-06-13,21:38:22,,18.5,,69.9,,24.4,,20.367,,311.2,,1.18,,0.71
2024-06-13 21:38:46,2024-06-13,21:38:46,20.4,,77.6,,24.6,,21.619,,321.4,,2.47,,1.32,
2024-06-13 21:39:25,2024-06-13,21:39:25,,18.5,,70.0,,24.3,,20.288,,298.8,,1.24,,0.99
2024-06-13 21:39:50,2024-06-13,21:39:50,20.4,,77.6,,24.6,,21.619,,328.1,,1.91,,1.14,
2024-06-13 21:40:28,2024-06-13,21:40:28,,18.5,,70.1,,24.3,,20.301,,279.2,,1.42,,1.32
2024-06-13 21:40:54,2024-06-13,21:40:54,20.4,,77.7,,24.6,,21.633,,323.2,,2.32,,1.24,
2024-06-13 21:41:32,2024-06-13,21:41:32,,18.5,,70.1,,24.3,,20.301,,253.1,,1.4,,1.04
2024-06-13 21:41:57,2024-06-13,21:41:57,20.5,,78.0,,24.6,,21.674,,325.1,,2.22,,1.76,
2024-06-13 21:42:36,2024-06-13,21:42:36,,18.5,,70.3,,24.3,,20.329,,264.6,,1.6,,0.87
2024-06-13 21:43:01,2024-06-13,21:43:01,20.5,,78.0,,24.6,,21.674,,324.2,,2.02,,1.61,
2024-06-13 21:43:39,2024-06-13,21:43:39,,18.5,,70.4,,24.2,,20.25,,277.5,,1.43,,0.96
2024-06-13 21:44:04,2024-06-13,21:44:04,20.5,,78.6,,24.5,,21.66,,318.3,,1.9,,1.36,
2024-06-13 21:44:42,2024-06-13,21:44:42,,18.5,,70.5,,24.2,,20.264,,293.8,,1.54,,1.31
2024-06-13 21:45:08,2024-06-13,21:45:08,20.5,,78.5,,24.5,,21.647,,327.5,,1.84,,1.32,
2024-06-13 21:45:46,2024-06-13,21:45:46,,18.5,,70.7,,24.2,,20.291,,268.0,,1.34,,0.96
2024-06-13 21:46:11,2024-06-13,21:46:11,20.5,,78.9,,24.4,,21.605,,330.6,,1.94,,1.44,
2024-06-13 21:46:50,2024-06-13,21:46:50,,18.6,,70.9,,24.2,,20.319,,266.9,,1.65,,1.1
2024-06-13 21:47:14,2024-06-13,21:47:14,20.7,,79.7,,24.4,,21.714,,321.6,,1.89,,1.34,
2024-06-13 21:47:53,2024-06-13,21:47:53,,18.6,,71.2,,24.2,,20.36,,269.8,,1.68,,1.27
2024-06-13 21:48:18,2024-06-13,21:48:18,20.8,,80.3,,24.4,,21.796,,318.8,,2.08,,1.33,
2024-06-13 21:48:56,2024-06-13,21:48:56,,18.7,,71.3,,24.2,,20.374,,270.6,,1.54,,1.29
2024-06-13 21:49:22,2024-06-13,21:49:22,20.9,,80.7,,24.4,,21.85,,330.0,,2.04,,1.5,
2024-06-13 21:50:00,2024-06-13,21:50:00,,18.8,,71.8,,24.2,,20.443,,269.3,,1.85,,1.18
2024-06-13 21:50:26,2024-06-13,21:50:26,21.0,,81.2,,24.4,,21.918,,328.1,,2.13,,1.2,
2024-06-13 21:51:04,2024-06-13,21:51:04,,18.8,,71.9,,24.2,,20.457,,276.2,,2.12,,0.87
2024-06-13 21:51:28,2024-06-13,21:51:28,21.2,,82.4,,24.4,,22.081,,326.9,,2.02,,1.47,
2024-06-13 21:52:07,2024-06-13,21:52:07,,18.9,,72.1,,24.2,,20.485,,262.1,,1.77,,1.03
2024-06-13 21:52:32,2024-06-13,21:52:32,21.3,,82.8,,24.4,,22.135,,323.3,,2.03,,1.53,
2024-06-13 21:53:10,2024-06-13,21:53:10,,18.8,,72.1,,24.1,,20.391,,282.1,,1.68,,1.38
2024-06-13 21:53:36,2024-06-13,21:53:36,21.4,,83.3,,24.4,,22.203,,333.3,,2.18,,1.25,
2024-06-13 21:54:14,2024-06-13,21:54:14,,18.8,,72.1,,24.1,,20.391,,300.5,,1.59,,1.22
2024-06-13 21:54:39,2024-06-13,21:54:39,21.2,,82.5,,24.4,,22.094,,327.0,,2.21,,1.66,
2024-06-13 21:55:18,2024-06-13,21:55:18,,18.8,,72.1,,24.1,,20.391,,319.4,,1.91,,1.71
2024-06-13 21:55:43,2024-06-13,21:55:43,21.0,,81.8,,24.3,,21.903,,327.4,,2.25,,0.89,
2024-06-13 21:56:21,2024-06-13,21:56:21,,18.6,,72.1,,24.0,,20.297,,257.3,,1.68,,1.52
2024-06-13 21:56:46,2024-06-13,21:56:46,21.0,,82.8,,24.2,,21.942,,326.3,,2.0,,1.43,
2024-06-13 21:57:24,2024-06-13,21:57:24,,18.7,,72.4,,24.0,,20.338,,292.0,,1.97,,0.98
2024-06-13 21:57:50,2024-06-13,21:57:50,21.3,,83.5,,24.3,,22.133,,323.7,,2.39,,1.31,
2024-06-13 21:58:28,2024-06-13,21:58:28,,18.7,,72.5,,24.0,,20.352,,280.4,,1.98,,1.39
2024-06-13 21:58:53,2024-06-13,21:58:53,21.3,,83.3,,24.3,,22.106,,328.9,,2.04,,1.56,
2024-06-13 21:59:32,2024-06-13,21:59:32,,18.8,,72.6,,24.0,,20.365,,282.1,,1.92,,1.12
2024-06-13 21:59:57,2024-06-13,21:59:57,21.1,,83.2,,24.2,,21.996,,335.7,,2.28,,1.59,
2024-06-13 22:00:35,2024-06-13,22:00:35,,18.8,,72.9,,24.0,,20.407,,293.8,,2.25,,1.11
2024-06-13 22:01:00,2024-06-13,22:01:00,21.3,,83.8,,24.2,,22.076,,328.4,,2.31,,1.17,
2024-06-13 22:01:38,2024-06-13,22:01:38,,18.8,,72.9,,24.0,,20.407,,279.2,,1.39,,1.06
2024-06-13 22:02:04,2024-06-13,22:02:04,21.4,,84.1,,24.3,,22.214,,330.0,,2.12,,1.41,
2024-06-13 22:02:42,2024-06-13,22:02:42,,18.9,,73.0,,24.0,,20.42,,279.6,,1.88,,1.32
2024-06-13 22:03:07,2024-06-13,22:03:07,21.3,,84.1,,24.2,,22.117,,330.5,,2.14,,1.29,
2024-06-13 22:03:46,2024-06-13,22:03:46,,18.9,,73.2,,24.0,,20.448,,269.7,,1.81,,0.88
2024-06-13 22:04:11,2024-06-13,22:04:11,21.5,,84.5,,24.3,,22.268,,324.7,,2.07,,1.64,
2024-06-13 22:04:49,2024-06-13,22:04:49,,18.9,,73.2,,24.0,,20.448,,290.4,,1.62,,1.05
2024-06-13 22:05:43,2024-06-13,22:05:43,21.4,,84.4,,24.2,,22.157,,324.2,,1.94,,1.37,
2024-06-13 22:05:52,2024-06-13,22:05:52,,18.8,,73.2,,23.9,,20.354,,295.7,,1.65,,1.16
2024-06-13 22:06:45,2024-06-13,22:06:45,21.4,,84.4,,24.2,,22.157,,323.8,,2.05,,1.48,
2024-06-13 22:06:56,2024-06-13,22:06:56,,18.8,,73.2,,23.9,,20.354,,312.6,,1.43,,0.47
2024-06-13 22:07:48,2024-06-13,22:07:48,21.4,,84.7,,24.2,,22.198,,322.0,,2.11,,1.13,
2024-06-13 22:08:00,2024-06-13,22:08:00,,18.8,,73.3,,23.9,,20.367,,295.7,,1.18,,0.27
2024-06-13 22:08:52,2024-06-13,22:08:52,21.5,,85.1,,24.2,,22.251,,323.8,,1.64,,0.93,
2024-06-13 22:09:03,2024-06-13,22:09:03,,18.8,,73.3,,23.9,,20.367,,315.9,,1.0,,0.82
2024-06-13 22:09:56,2024-06-13,22:09:56,21.6,,85.4,,24.2,,22.292,,326.4,,1.76,,1.3,
2024-06-13 22:10:06,2024-06-13,22:10:06,,18.8,,73.3,,23.9,,20.367,,304.4,,1.17,,0.9
2024-06-13 22:10:59,2024-06-13,22:10:59,21.7,,86.2,,24.1,,22.302,,315.3,,2.08,,1.46,
2024-06-13 22:11:10,2024-06-13,22:11:10,,18.9,,73.4,,23.9,,20.381,,311.4,,0.88,,0.66
2024-06-13 22:12:02,2024-06-13,22:12:02,21.9,,87.0,,24.2,,22.507,,321.6,,2.32,,1.47,
2024-06-13 22:12:14,2024-06-13,22:12:14,,18.9,,73.4,,23.9,,20.381,,316.3,,0.97,,0.75
2024-06-13 22:13:06,2024-06-13,22:13:06,21.9,,86.9,,24.2,,22.493,,323.0,,2.14,,1.74,
2024-06-13 22:13:17,2024-06-13,22:13:17,,18.9,,73.5,,23.9,,20.394,,315.7,,1.13,,0.97
2024-06-13 22:14:10,2024-06-13,22:14:10,21.9,,86.9,,24.2,,22.493,,328.1,,2.34,,1.29,
2024-06-13 22:14:20,2024-06-13,22:14:20,,18.9,,73.6,,23.9,,20.408,,292.2,,1.17,,0.89
2024-06-13 22:15:13,2024-06-13,22:15:13,21.9,,87.1,,24.2,,22.52,,320.5,,2.03,,0.84,
2024-06-13 22:15:24,2024-06-13,22:15:24,,18.9,,73.7,,23.9,,20.422,,282.2,,1.36,,0.76
2024-06-13 22:16:16,2024-06-13,22:16:16,21.9,,87.2,,24.2,,22.533,,330.7,,2.0,,1.25,
2024-06-13 22:16:28,2024-06-13,22:16:28,,18.9,,73.7,,23.9,,20.422,,265.7,,1.05,,0.92
2024-06-13 22:17:20,2024-06-13,22:17:20,22.0,,87.3,,24.2,,22.547,,321.5,,2.03,,0.85,
2024-06-13 22:17:31,2024-06-13,22:17:31,,18.9,,73.7,,23.9,,20.422,,254.9,,0.97,,0.85
2024-06-13 22:18:24,2024-06-13,22:18:24,22.0,,87.7,,24.2,,22.6,,321.6,,1.55,,0.89,
2024-06-13 22:18:34,2024-06-13,22:18:34,,18.8,,73.8,,23.8,,20.341,,246.5,,0.94,,0.91
2024-06-13 22:19:27,2024-06-13,22:19:27,22.1,,88.5,,24.2,,22.708,,322.5,,1.75,,1.48,
2024-06-13 22:19:38,2024-06-13,22:19:38,,18.9,,73.9,,23.8,,20.355,,251.5,,1.08,,0.98
2024-06-13 22:20:30,2024-06-13,22:20:30,22.1,,88.9,,24.1,,22.663,,325.3,,1.71,,1.2,
2024-06-13 22:20:42,2024-06-13,22:20:42,,18.9,,74.0,,23.8,,20.368,,256.2,,1.08,,0.83
2024-06-13 22:21:34,2024-06-13,22:21:34,22.2,,89.4,,24.1,,22.73,,322.9,,2.15,,1.61,
2024-06-13 22:21:45,2024-06-13,22:21:45,,18.9,,74.1,,23.8,,20.382,,272.6,,1.13,,0.83
2024-06-13 22:22:38,2024-06-13,22:22:38,22.2,,90.0,,24.0,,22.711,,325.5,,1.92,,1.19,
2024-06-13 22:22:48,2024-06-13,22:22:48,,18.9,,74.3,,23.7,,20.315,,269.9,,1.09,,0.82
2024-06-13 22:23:41,2024-06-13,22:23:41,22.4,,91.1,,24.0,,22.858,,322.4,,2.09,,1.41,
2024-06-13 22:23:52,2024-06-13,22:23:52,,18.9,,74.3,,23.7,,20.315,,284.7,,0.95,,0.64
2024-06-13 22:24:45,2024-06-13,22:24:45,22.5,,91.5,,24.0,,22.911,,324.3,,1.9,,1.15,
2024-06-13 22:24:56,2024-06-13,22:24:56,,18.9,,74.4,,23.7,,20.328,,308.0,,0.88,,0.48
2024-06-13 22:25:48,2024-06-13,22:25:48,22.5,,91.7,,24.0,,22.938,,320.6,,1.99,,1.52,
2024-06-13 22:25:59,2024-06-13,22:25:59,,18.9,,74.5,,23.7,,20.342,,313.2,,0.73,,0.52
2024-06-13 22:26:52,2024-06-13,22:26:52,22.6,,92.0,,24.0,,22.978,,321.2,,1.74,,1.17,
2024-06-13 22:27:02,2024-06-13,22:27:02,,18.9,,74.6,,23.7,,20.355,,281.6,,0.92,,0.7
2024-06-13 22:27:56,2024-06-13,22:27:56,22.6,,91.8,,24.0,,22.951,,320.4,,1.91,,1.04,
2024-06-13 22:28:06,2024-06-13,22:28:06,,18.9,,74.6,,23.7,,20.355,,295.7,,0.85,,0.74
2024-06-13 22:28:59,2024-06-13,22:28:59,22.5,,91.4,,24.0,,22.898,,325.8,,2.02,,1.01,
2024-06-13 22:29:10,2024-06-13,22:29:10,,19.0,,74.7,,23.7,,20.369,,290.5,,0.86,,0.71
2024-06-13 22:30:02,2024-06-13,22:30:02,22.5,,91.6,,24.0,,22.924,,320.6,,1.62,,1.25,
2024-06-13 22:30:13,2024-06-13,22:30:13,,19.0,,74.8,,23.7,,20.382,,298.9,,0.85,,0.71
2024-06-13 22:31:06,2024-06-13,22:31:06,22.6,,92.0,,24.0,,22.978,,322.1,,1.86,,1.26,
2024-06-13 22:31:16,2024-06-13,22:31:16,,19.0,,74.8,,23.7,,20.382,,285.4,,0.76,,0.51
2024-06-13 22:32:10,2024-06-13,22:32:10,22.6,,92.1,,24.0,,22.991,,323.5,,1.63,,1.13,
2024-06-13 22:32:20,2024-06-13,22:32:20,,18.9,,74.9,,23.6,,20.301,,290.2,,0.75,,0.48
2024-06-13 22:33:13,2024-06-13,22:33:13,22.7,,92.8,,24.0,,23.084,,325.7,,1.57,,1.09,
2024-06-13 22:33:24,2024-06-13,22:33:24,,18.9,,74.9,,23.6,,20.301,,297.7,,0.64,,0.37
2024-06-13 22:34:16,2024-06-13,22:34:16,22.8,,93.2,,24.0,,23.137,,332.4,,1.66,,0.92,
2024-06-13 22:34:27,2024-06-13,22:34:27,,18.9,,74.9,,23.6,,20.301,,315.2,,0.98,,0.84
2024-06-13 22:35:20,2024-06-13,22:35:20,22.7,,92.9,,23.9,,22.998,,321.3,,1.81,,1.37,
2024-06-13 22:35:30,2024-06-13,22:35:30,,18.9,,75.0,,23.6,,20.315,,320.8,,1.25,,1.06
2024-06-13 22:36:24,2024-06-13,22:36:24,22.6,,92.8,,23.9,,22.985,,324.4,,1.83,,1.38,
2024-06-13 22:36:34,2024-06-13,22:36:34,,18.9,,75.0,,23.6,,20.315,,309.9,,1.37,,1.22
2024-06-13 22:37:27,2024-06-13,22:37:27,22.6,,92.7,,23.9,,22.972,,324.4,,1.66,,1.32,
2024-06-13 22:37:38,2024-06-13,22:37:38,,18.9,,75.1,,23.6,,20.328,,276.9,,1.46,,0.49
2024-06-13 22:38:30,2024-06-13,22:38:30,22.6,,92.8,,23.9,,22.985,,334.2,,2.27,,1.39,
2024-06-13 22:38:41,2024-06-13,22:38:41,,18.9,,75.1,,23.6,,20.328,,298.8,,1.32,,1.07
2024-06-13 22:39:34,2024-06-13,22:39:34,22.5,,92.8,,23.8,,22.886,,321.1,,2.04,,1.21,
2024-06-13 22:39:44,2024-06-13,22:39:44,,18.8,,75.1,,23.5,,20.234,,295.6,,1.37,,0.72
2024-06-13 22:40:38,2024-06-13,22:40:38,22.5,,92.6,,23.8,,22.859,,319.4,,2.34,,1.72,
2024-06-13 22:40:48,2024-06-13,22:40:48,,18.9,,75.2,,23.5,,20.247,,309.3,,1.16,,0.89
2024-06-13 22:41:41,2024-06-13,22:41:41,22.5,,92.6,,23.8,,22.859,,320.0,,2.17,,1.71,
2024-06-13 22:41:52,2024-06-13,22:41:52,,18.9,,75.3,,23.5,,20.261,,308.4,,1.59,,1.14
2024-06-13 22:42:44,2024-06-13,22:42:44,22.5,,92.7,,23.8,,22.873,,325.6,,2.13,,1.42,
2024-06-13 22:42:55,2024-06-13,22:42:55,,18.9,,75.4,,23.5,,20.274,,281.6,,1.47,,1.15
2024-06-13 22:43:48,2024-06-13,22:43:48,22.6,,92.6,,23.9,,22.958,,319.8,,2.21,,1.73,
2024-06-13 22:43:58,2024-06-13,22:43:58,,18.9,,75.4,,23.5,,20.274,,287.9,,1.57,,0.92
2024-06-13 22:44:52,2024-06-13,22:44:52,22.5,,92.2,,23.9,,22.905,,318.1,,2.14,,1.55,
2024-06-13 22:45:02,2024-06-13,22:45:02,,18.9,,75.4,,23.5,,20.274,,276.0,,1.25,,1.09
2024-06-13 22:45:55,2024-06-13,22:45:55,22.3,,91.7,,23.8,,22.74,,321.1,,2.08,,1.36,
2024-06-13 22:46:06,2024-06-13,22:46:06,,18.9,,75.5,,23.5,,20.288,,276.5,,1.54,,0.8
2024-06-13 22:46:58,2024-06-13,22:46:58,22.5,,92.5,,23.8,,22.846,,317.8,,1.97,,1.59,
2024-06-13 22:47:09,2024-06-13,22:47:09,,18.8,,75.5,,23.4,,20.193,,285.8,,1.58,,1.02
2024-06-13 22:48:02,2024-06-13,22:48:02,22.5,,92.6,,23.8,,22.859,,326.3,,2.12,,1.6,
2024-06-13 22:48:12,2024-06-13,22:48:12,,18.8,,75.6,,23.4,,20.206,,303.9,,1.44,,0.79
2024-06-13 22:49:06,2024-06-13,22:49:06,22.7,,93.4,,23.8,,22.965,,330.9,,2.02,,1.34,
2024-06-13 22:49:16,2024-06-13,22:49:16,,18.9,,75.7,,23.4,,20.22,,274.0,,1.58,,1.26
2024-06-13 22:50:09,2024-06-13,22:50:09,22.7,,93.5,,23.8,,22.979,,317.8,,2.14,,1.16,
2024-06-13 22:50:20,2024-06-13,22:50:20,,18.8,,75.6,,23.4,,20.206,,284.0,,1.74,,1.35
2024-06-13 22:51:12,2024-06-13,22:51:12,22.4,,92.8,,23.7,,22.787,,327.2,,2.46,,1.53,
2024-06-13 22:51:23,2024-06-13,22:51:23,,18.7,,75.6,,23.3,,20.111,,272.5,,1.64,,1.02
2024-06-13 22:52:16,2024-06-13,22:52:16,22.4,,92.5,,23.7,,22.747,,333.1,,2.03,,1.57,
2024-06-13 22:52:26,2024-06-13,22:52:26,,18.8,,75.7,,23.3,,20.125,,278.8,,1.72,,1.28
2024-06-13 22:53:20,2024-06-13,22:53:20,22.4,,92.4,,23.7,,22.734,,327.9,,1.99,,1.16,
2024-06-13 22:53:30,2024-06-13,22:53:30,,18.7,,75.6,,23.3,,20.111,,266.2,,1.77,,1.54
2024-06-13 22:54:23,2024-06-13,22:54:23,22.4,,92.6,,23.7,,22.76,,330.7,,2.23,,1.24,
2024-06-13 22:54:34,2024-06-13,22:54:34,,18.6,,75.6,,23.2,,20.017,,273.5,,1.99,,1.08
2024-06-13 22:55:27,2024-06-13,22:55:27,22.2,,92.2,,23.6,,22.608,,332.0,,2.28,,1.68,
2024-06-13 22:55:37,2024-06-13,22:55:37,,18.7,,75.8,,23.2,,20.043,,269.4,,1.92,,1.57
2024-06-13 22:56:30,2024-06-13,22:56:30,22.2,,92.0,,23.6,,22.582,,327.6,,2.23,,1.46,
2024-06-13 22:56:40,2024-06-13,22:56:40,,18.7,,75.7,,23.2,,20.03,,291.6,,1.72,,1.04
2024-06-13 22:57:34,2024-06-13,22:57:34,22.2,,92.0,,23.6,,22.582,,329.0,,2.37,,1.79,
2024-06-13 22:57:44,2024-06-13,22:57:44,,18.7,,75.8,,23.2,,20.043,,288.8,,1.72,,1.24
2024-06-13 22:58:37,2024-06-13,22:58:37,22.2,,91.8,,23.6,,22.555,,328.0,,2.14,,1.28,
2024-06-13 22:58:48,2024-06-13,22:58:48,,18.7,,75.8,,23.2,,20.043,,295.2,,1.74,,1.34
2024-06-13 22:59:41,2024-06-13,22:59:41,22.1,,91.4,,23.6,,22.503,,315.5,,2.55,,2.17,
2024-06-13 22:59:51,2024-06-13,22:59:51,,18.7,,75.7,,23.2,,20.03,,301.4,,1.49,,0.69
2024-06-13 23:00:44,2024-06-13,23:00:44,21.9,,90.2,,23.6,,22.344,,317.5,,2.34,,1.61,
2024-06-13 23:00:54,2024-06-13,23:00:54,,18.6,,75.8,,23.1,,19.948,,291.6,,1.67,,1.16
2024-06-13 23:01:48,2024-06-13,23:01:48,22.0,,90.6,,23.6,,22.397,,328.6,,1.91,,1.21,
2024-06-13 23:01:58,2024-06-13,23:01:58,,18.6,,75.7,,23.1,,19.935,,274.8,,2.06,,1.59
2024-06-13 23:02:52,2024-06-13,23:02:52,21.9,,90.4,,23.6,,22.37,,329.0,,1.93,,1.72,
2024-06-13 23:03:02,2024-06-13,23:03:02,,18.6,,75.7,,23.1,,19.935,,279.8,,1.69,,1.42
2024-06-13 23:03:55,2024-06-13,23:03:55,21.9,,90.2,,23.6,,22.344,,336.9,,1.93,,1.69,
2024-06-13 23:04:05,2024-06-13,23:04:05,,18.7,,75.9,,23.2,,20.057,,270.1,,1.78,,1.32
2024-06-13 23:04:58,2024-06-13,23:04:58,21.9,,90.2,,23.6,,22.344,,318.2,,2.04,,1.47,
2024-06-13 23:05:08,2024-06-13,23:05:08,,18.7,,75.8,,23.2,,20.043,,284.1,,1.72,,1.2
2024-06-13 23:06:02,2024-06-13,23:06:02,22.0,,90.0,,23.7,,22.416,,325.7,,2.03,,1.29,
2024-06-13 23:06:12,2024-06-13,23:06:12,,18.7,,75.8,,23.2,,20.043,,273.4,,1.9,,1.47
2024-06-13 23:07:06,2024-06-13,23:07:06,22.0,,89.9,,23.7,,22.403,,331.3,,1.92,,1.39,
2024-06-13 23:07:16,2024-06-13,23:07:16,,18.7,,75.7,,23.2,,20.03,,260.2,,1.62,,1.27
2024-06-13 23:08:09,2024-06-13,23:08:09,21.9,,89.6,,23.7,,22.363,,324.8,,1.76,,1.31,
2024-06-13 23:08:19,2024-06-13,23:08:19,,18.7,,75.7,,23.2,,20.03,,273.8,,1.5,,1.4
2024-06-13 23:09:12,2024-06-13,23:09:12,21.9,,89.7,,23.7,,22.376,,329.5,,2.01,,1.33,
2024-06-13 23:09:22,2024-06-13,23:09:22,,18.7,,75.7,,23.2,,20.03,,263.6,,1.5,,0.75
2024-06-13 23:10:16,2024-06-13,23:10:16,21.9,,90.1,,23.6,,22.331,,327.9,,2.25,,1.28,
2024-06-13 23:10:26,2024-06-13,23:10:26,,18.6,,75.6,,23.2,,20.017,,275.5,,1.24,,0.96
2024-06-13 23:11:20,2024-06-13,23:11:20,21.9,,90.1,,23.6,,22.331,,328.9,,2.04,,1.5,
2024-06-13 23:11:30,2024-06-13,23:11:30,,18.6,,75.6,,23.2,,20.017,,273.3,,1.21,,1.0
2024-06-13 23:12:23,2024-06-13,23:12:23,22.0,,90.7,,23.6,,22.41,,347.0,,2.04,,0.78,
2024-06-13 23:12:34,2024-06-13,23:12:34,,18.6,,75.6,,23.2,,20.017,,268.4,,1.26,,0.1
2024-06-13 23:13:26,2024-06-13,23:13:26,22.0,,90.6,,23.6,,22.397,,328.6,,1.99,,1.6,
2024-06-13 23:13:36,2024-06-13,23:13:36,,18.6,,75.6,,23.2,,20.017,,294.8,,0.73,,0.4
2024-06-13 23:14:30,2024-06-13,23:14:30,22.1,,91.7,,23.6,,22.542,,325.0,,2.0,,1.6,
2024-06-13 23:14:40,2024-06-13,23:14:40,,18.5,,75.6,,23.1,,19.922,,334.9,,1.27,,1.17
2024-06-13 23:15:34,2024-06-13,23:15:34,,,,,22.0,,,,23.6,,9.06,,1.94,
2024-06-13 23:15:44,2024-06-13,23:15:44,,18.5,,75.6,,23.1,,19.922,,283.7,,1.47,,0.79
2024-06-13 23:16:37,2024-06-13,23:16:37,21.9,,90.8,,23.5,,22.324,,319.2,,2.27,,1.44,
2024-06-13 23:16:47,2024-06-13,23:16:47,,18.5,,75.5,,23.1,,19.908,,258.8,,0.94,,0.7
2024-06-13 23:17:40,2024-06-13,23:17:40,22.1,,91.9,,23.5,,22.47,,320.9,,2.0,,0.17,
2024-06-13 23:17:50,2024-06-13,23:17:50,,18.5,,75.5,,23.1,,19.908,,264.6,,1.02,,0.38
2024-06-13 23:18:44,2024-06-13,23:18:44,22.1,,91.5,,23.6,,22.516,,115.8,,0.37,,0.08,
2024-06-13 23:18:54,2024-06-13,23:18:54,,18.5,,75.5,,23.1,,19.908,,300.1,,1.64,,1.54
2024-06-13 23:19:48,2024-06-13,23:19:48,23.1,,96.8,,23.7,,23.315,,339.2,,0.45,,0.22,
2024-06-13 23:19:58,2024-06-13,23:19:58,,18.5,,75.6,,23.1,,19.922,,277.5,,1.79,,1.31
2024-06-13 23:20:51,2024-06-13,23:20:51,23.1,,96.4,,23.7,,23.263,,338.6,,0.2,,0.1,
2024-06-13 23:21:01,2024-06-13,23:21:01,,18.5,,75.6,,23.1,,19.922,,287.2,,1.49,,1.01
2024-06-13 23:21:54,2024-06-13,23:21:54,23.0,,96.0,,23.7,,23.21,,33.1,,0.29,,0.15,
2024-06-13 23:22:05,2024-06-13,23:22:05,,18.6,,75.7,,23.1,,19.935,,282.8,,1.51,,0.81
2024-06-13 23:22:58,2024-06-13,23:22:58,23.4,,97.6,,23.8,,23.521,,339.8,,0.39,,0.17,
2024-06-13 23:23:08,2024-06-13,23:23:08,,18.6,,75.7,,23.1,,19.935,,282.9,,1.16,,0.87
2024-06-13 23:24:02,2024-06-13,23:24:02,23.4,,97.7,,23.8,,23.535,,339.8,,0.22,,0.15,
2024-06-13 23:24:12,2024-06-13,23:24:12,,18.6,,75.7,,23.1,,19.935,,296.2,,1.15,,0.6
2024-06-13 23:25:05,2024-06-13,23:25:05,23.3,,97.5,,23.8,,23.508,,356.6,,0.29,,0.04,
2024-06-13 23:25:16,2024-06-13,23:25:16,,18.5,,75.7,,23.0,,19.84,,273.9,,0.85,,0.7
2024-06-13 23:26:08,2024-06-13,23:26:08,23.3,,97.3,,23.8,,23.482,,356.6,,0.22,,0.15,
2024-06-13 23:26:19,2024-06-13,23:26:19,,18.5,,75.7,,23.0,,19.84,,333.9,,1.09,,0.96
2024-06-13 23:27:12,2024-06-13,23:27:12,23.2,,96.9,,23.8,,23.429,,356.6,,0.17,,0.09,
2024-06-13 23:27:22,2024-06-13,23:27:22,,18.4,,75.6,,23.0,,19.827,,340.2,,1.37,,0.89
2024-06-13 23:28:16,2024-06-13,23:28:16,23.2,,96.5,,23.8,,23.376,,356.6,,0.23,,0.16,
2024-06-13 23:28:26,2024-06-13,23:28:26,,18.4,,75.6,,23.0,,19.827,,318.6,,1.08,,0.75
2024-06-13 23:29:19,2024-06-13,23:29:19,23.4,,97.6,,23.8,,23.521,,329.4,,0.34,,0.11,
2024-06-13 23:29:30,2024-06-13,23:29:30,,18.3,,75.3,,22.9,,19.692,,328.1,,1.33,,1.21
2024-06-13 23:30:22,2024-06-13,23:30:22,23.8,,99.4,,23.9,,23.86,,310.7,,0.33,,0.2,
2024-06-13 23:30:32,2024-06-13,23:30:32,,18.2,,75.2,,22.9,,19.679,,311.4,,1.38,,0.95
2024-06-13 23:31:26,2024-06-13,23:31:26,24.0,,100.0,,24.0,,24.04,,337.4,,0.42,,0.24,
2024-06-13 23:31:36,2024-06-13,23:31:36,,18.2,,74.8,,22.9,,19.626,,307.9,,1.5,,1.33
2024-06-13 23:32:30,2024-06-13,23:32:30,23.4,,97.4,,23.9,,23.595,,16.6,,0.5,,0.32,
2024-06-13 23:32:40,2024-06-13,23:32:40,,18.0,,74.4,,22.8,,19.478,,305.7,,1.74,,1.63
2024-06-13 23:33:33,2024-06-13,23:33:33,23.2,,96.2,,23.9,,23.436,,335.3,,0.43,,0.36,
2024-06-13 23:33:44,2024-06-13,23:33:44,,17.9,,74.0,,22.8,,19.425,,309.5,,1.58,,1.02
2024-06-13 23:34:36,2024-06-13,23:34:36,22.1,,91.2,,23.7,,22.575,,335.9,,0.57,,0.39,
2024-06-13 23:34:47,2024-06-13,23:34:47,,17.7,,73.5,,22.7,,19.264,,315.4,,1.7,,1.34
2024-06-13 23:35:40,2024-06-13,23:35:40,21.5,,88.1,,23.6,,22.066,,313.9,,0.54,,0.28,
2024-06-13 23:35:50,2024-06-13,23:35:50,,17.6,,73.0,,22.7,,19.197,,324.8,,1.87,,1.46
2024-06-13 23:36:44,2024-06-13,23:36:44,21.4,,87.6,,23.6,,21.999,,315.7,,0.55,,0.28,
2024-06-13 23:36:54,2024-06-13,23:36:54,,17.5,,72.7,,22.7,,19.158,,316.1,,1.83,,1.5
2024-06-13 23:37:47,2024-06-13,23:37:47,21.4,,87.7,,23.6,,22.013,,2.7,,0.42,,0.19,
2024-06-13 23:37:58,2024-06-13,23:37:58,,17.4,,72.0,,22.7,,19.064,,328.4,,1.93,,1.39
2024-06-13 23:38:50,2024-06-13,23:38:50,20.9,,85.0,,23.6,,21.654,,302.8,,0.42,,0.35,
2024-06-13 23:39:01,2024-06-13,23:39:01,,17.1,,71.4,,22.6,,18.891,,318.6,,2.13,,1.32
2024-06-13 23:39:54,2024-06-13,23:39:54,21.1,,86.3,,23.6,,21.827,,316.4,,0.47,,0.24,
2024-06-13 23:40:04,2024-06-13,23:40:04,,17.0,,70.7,,22.6,,18.797,,322.5,,2.1,,1.33
2024-06-13 23:40:58,2024-06-13,23:40:58,21.0,,85.5,,23.6,,21.721,,341.6,,0.47,,0.39,
2024-06-13 23:41:08,2024-06-13,23:41:08,,16.9,,70.0,,22.6,,18.704,,327.2,,1.97,,0.96
2024-06-13 23:42:01,2024-06-13,23:42:01,20.8,,84.3,,23.6,,21.561,,26.7,,0.34,,0.1,
2024-06-13 23:42:12,2024-06-13,23:42:12,,16.8,,69.6,,22.6,,18.65,,345.5,,1.73,,1.59
2024-06-13 23:43:04,2024-06-13,23:43:04,20.6,,83.4,,23.6,,21.441,,78.7,,0.32,,0.23,
2024-06-13 23:43:15,2024-06-13,23:43:15,,16.6,,69.1,,22.6,,18.583,,8.7,,1.69,,0.76
2024-06-13 23:44:08,2024-06-13,23:44:08,20.6,,83.4,,23.6,,21.441,,79.7,,0.21,,0.12,
2024-06-13 23:44:18,2024-06-13,23:44:18,,16.6,,69.1,,22.6,,18.583,,5.0,,1.26,,0.87
2024-06-13 23:45:12,2024-06-13,23:45:12,20.1,,81.1,,23.6,,21.134,,39.9,,0.48,,0.16,
2024-06-13 23:45:22,2024-06-13,23:45:22,,16.6,,68.9,,22.6,,18.557,,0.2,,1.1,,0.89
2024-06-13 23:46:15,2024-06-13,23:46:15,20.0,,80.6,,23.5,,20.971,,61.3,,0.32,,0.22,
2024-06-13 23:46:26,2024-06-13,23:46:26,,16.6,,68.8,,22.6,,18.543,,11.8,,0.92,,0.45
2024-06-13 23:47:18,2024-06-13,23:47:18,20.0,,80.7,,23.5,,20.985,,358.9,,0.32,,0.15,
2024-06-13 23:47:29,2024-06-13,23:47:29,,16.6,,68.9,,22.6,,18.557,,23.0,,1.01,,0.69
2024-06-13 23:48:22,2024-06-13,23:48:22,20.1,,81.0,,23.5,,21.025,,358.9,,0.22,,0.02,
2024-06-13 23:48:32,2024-06-13,23:48:32,,16.6,,68.8,,22.6,,18.543,,5.6,,0.85,,0.66
2024-06-13 23:49:26,2024-06-13,23:49:26,19.7,,79.2,,23.5,,20.784,,144.7,,0.32,,0.26,
2024-06-13 23:49:36,2024-06-13,23:49:36,,16.6,,68.8,,22.6,,18.543,,17.8,,0.76,,0.5
2024-06-13 23:50:29,2024-06-13,23:50:29,19.7,,79.1,,23.5,,20.771,,81.6,,0.43,,0.37,
2024-06-13 23:50:40,2024-06-13,23:50:40,,16.6,,68.9,,22.6,,18.557,,85.9,,0.89,,0.82
2024-06-13 23:51:32,2024-06-13,23:51:32,19.6,,78.7,,23.5,,20.717,,154.4,,0.37,,0.29,
2024-06-13 23:51:43,2024-06-13,23:51:43,,16.6,,69.0,,22.6,,18.57,,95.9,,1.01,,0.56
2024-06-13 23:52:36,2024-06-13,23:52:36,19.9,,80.4,,23.5,,20.945,,129.3,,0.39,,0.28,
2024-06-13 23:52:46,2024-06-13,23:52:46,,16.6,,69.1,,22.6,,18.583,,78.7,,0.59,,0.37
2024-06-13 23:53:40,2024-06-13,23:53:40,19.6,,79.4,,23.4,,20.715,,122.8,,0.43,,0.25,
2024-06-13 23:53:50,2024-06-13,23:53:50,,16.7,,69.2,,22.6,,18.597,,88.7,,1.13,,1.07
2024-06-13 23:54:43,2024-06-13,23:54:43,19.3,,78.5,,23.3,,20.499,,133.2,,0.49,,0.28,
2024-06-13 23:54:54,2024-06-13,23:54:54,,16.7,,69.4,,22.6,,18.624,,90.8,,1.14,,0.53
2024-06-13 23:55:46,2024-06-13,23:55:46,19.7,,80.2,,23.3,,20.726,,185.1,,0.38,,0.29,
2024-06-13 23:55:57,2024-06-13,23:55:57,,16.7,,69.5,,22.6,,18.637,,114.6,,0.64,,0.27
2024-06-13 23:56:50,2024-06-13,23:56:50,20.0,,81.5,,23.3,,20.898,,214.8,,0.47,,0.18,
2024-06-13 23:57:00,2024-06-13,23:57:00,,16.8,,69.6,,22.6,,18.65,,66.4,,0.77,,0.61
2024-06-13 23:57:54,2024-06-13,23:57:54,20.0,,81.5,,23.4,,20.995,,331.5,,1.37,,0.44,
2024-06-13 23:58:04,2024-06-13,23:58:04,,,,,,16.7,,,,22.5,,6.97,,0.81
2024-06-13 23:58:57,2024-06-13,23:58:57,19.8,,80.5,,23.3,,20.766,,331.4,,1.87,,0.59,
2024-06-13 23:59:08,2024-06-13,23:59:08,,16.7,,69.8,,22.5,,18.584,,48.1,,1.1,,1.03
