datetime,date,hour,dew_point_in,dew_point_out,humidity_in,humidity_out,temperature_in,temperature_out,wet_bulb_in,wet_bulb_out,wind_dir_in,wind_dir_out,wind_gust_in,wind_gust_out,wind_speed_in,wind_speed_out
2024-06-05 00:00:02,2024-06-05,00:00:02,18.7,,87.4,,20.9,,19.33,,330.3,,2.16,,1.51,
2024-06-05 00:00:04,2024-06-05,00:00:04,,15.1,,72.5,,20.2,,16.783,,98.8,,1.34,,0.71
2024-06-05 00:01:06,2024-06-05,00:01:06,18.9,,89.2,,20.7,,19.36,,319.5,,1.81,,1.25,
2024-06-05 00:01:07,2024-06-05,00:01:07,,15.1,,72.6,,20.2,,16.796,,104.6,,0.69,,0.33
2024-06-05 00:02:09,2024-06-05,00:02:09,19.0,,90.5,,20.7,,19.523,,325.2,,1.86,,1.24,
2024-06-05 00:02:10,2024-06-05,00:02:10,,15.1,,72.6,,20.2,,16.796,,98.3,,0.89,,0.57
2024-06-05 00:03:12,2024-06-05,00:03:12,19.3,,92.5,,20.6,,19.675,,319.4,,1.63,,1.11,
2024-06-05 00:03:14,2024-06-05,00:03:14,,15.1,,72.7,,20.2,,16.808,,121.1,,0.83,,0.54
2024-06-05 00:04:16,2024-06-05,00:04:16,19.5,,93.6,,20.6,,19.813,,333.4,,1.41,,0.96,
2024-06-05 00:04:18,2024-06-05,00:04:18,,15.1,,72.7,,20.2,,16.808,,115.2,,0.92,,0.72
2024-06-05 00:05:20,2024-06-05,00:05:20,19.6,,94.1,,20.6,,19.876,,328.1,,1.47,,0.96,
2024-06-05 00:05:21,2024-06-05,00:05:21,,15.0,,72.8,,20.1,,16.727,,125.8,,1.09,,0.33
2024-06-05 00:06:23,2024-06-05,00:06:23,19.7,,95.0,,20.5,,19.889,,327.7,,1.48,,0.9,
2024-06-05 00:06:24,2024-06-05,00:06:24,,15.0,,72.9,,20.1,,16.739,,115.7,,1.02,,0.79
2024-06-05 00:07:26,2024-06-05,00:07:26,19.8,,96.6,,20.4,,19.989,,335.4,,1.48,,0.89,
2024-06-05 00:07:28,2024-06-05,00:07:28,,15.1,,73.0,,20.1,,16.752,,106.8,,0.85,,0.73
2024-06-05 00:08:30,2024-06-05,00:08:30,20.1,,98.2,,20.4,,20.189,,324.9,,1.49,,0.9,
2024-06-05 00:08:32,2024-06-05,00:08:32,,15.1,,73.2,,20.1,,16.777,,119.4,,1.24,,0.86
2024-06-05 00:09:34,2024-06-05,00:09:34,20.4,,100.0,,20.4,,20.414,,321.2,,1.58,,0.48,
2024-06-05 00:09:35,2024-06-05,00:09:35,,15.2,,73.5,,20.1,,16.815,,150.6,,1.42,,0.94
2024-06-05 00:10:37,2024-06-05,00:10:37,20.4,,100.0,,20.4,,20.414,,320.6,,1.79,,1.1,
2024-06-05 00:10:38,2024-06-05,00:10:38,,15.2,,73.6,,20.1,,16.827,,157.4,,1.4,,0.98
2024-06-05 00:11:40,2024-06-05,00:11:40,20.4,,100.0,,20.4,,20.414,,319.3,,1.95,,1.08,
2024-06-05 00:11:42,2024-06-05,00:11:42,,15.1,,73.7,,20.0,,16.745,,168.9,,1.79,,1.14
2024-06-05 00:12:44,2024-06-05,00:12:44,20.3,,100.0,,20.3,,20.314,,316.5,,1.95,,1.39,
2024-06-05 00:12:46,2024-06-05,00:12:46,,15.1,,73.8,,20.0,,16.758,,186.0,,1.41,,0.94
2024-06-05 00:13:48,2024-06-05,00:13:48,20.2,,100.0,,20.2,,20.213,,316.8,,2.07,,1.06,
2024-06-05 00:13:49,2024-06-05,00:13:49,,15.1,,74.2,,19.9,,16.714,,204.7,,1.23,,1.06
2024-06-05 00:14:51,2024-06-05,00:14:51,20.1,,100.0,,20.1,,20.112,,323.0,,2.24,,1.25,
2024-06-05 00:14:52,2024-06-05,00:14:52,,15.1,,74.5,,19.8,,16.656,,194.6,,1.14,,0.91
2024-06-05 00:15:54,2024-06-05,00:15:54,20.0,,100.0,,20.0,,20.012,,328.1,,1.57,,1.03,
2024-06-05 00:15:56,2024-06-05,00:15:56,,15.2,,74.9,,19.8,,16.706,,201.5,,1.08,,0.6
2024-06-05 00:16:58,2024-06-05,00:16:58,20.0,,100.0,,20.0,,20.012,,316.6,,1.74,,0.89,
2024-06-05 00:17:00,2024-06-05,00:17:00,,15.2,,75.2,,19.7,,16.649,,157.0,,0.7,,0.47
2024-06-05 00:18:02,2024-06-05,00:18:02,20.0,,100.0,,20.0,,20.012,,315.5,,1.52,,1.06,
2024-06-05 00:18:03,2024-06-05,00:18:03,,15.2,,75.5,,19.7,,16.686,,178.4,,0.99,,0.55
2024-06-05 00:19:05,2024-06-05,00:19:05,19.9,,100.0,,19.9,,19.911,,316.2,,1.99,,1.33,
2024-06-05 00:19:06,2024-06-05,00:19:06,,15.3,,75.8,,19.7,,16.723,,192.8,,0.72,,0.59
2024-06-05 00:20:08,2024-06-05,00:20:08,19.9,,100.0,,19.9,,19.911,,316.0,,1.9,,1.4,
2024-06-05 00:20:10,2024-06-05,00:20:10,,15.3,,76.0,,19.7,,16.748,,256.5,,0.63,,0.47
2024-06-05 00:21:12,2024-06-05,00:21:12,19.9,,100.0,,19.9,,19.911,,330.1,,1.73,,1.54,
2024-06-05 00:21:14,2024-06-05,00:21:14,,15.3,,76.4,,19.6,,16.702,,278.9,,1.18,,0.94
2024-06-05 00:22:16,2024-06-05,00:22:16,19.8,,100.0,,19.8,,19.81,,323.4,,2.01,,1.36,
2024-06-05 00:22:17,2024-06-05,00:22:17,,15.4,,76.8,,19.6,,16.752,,288.3,,2.04,,1.87
2024-06-05 00:23:19,2024-06-05,00:23:19,19.7,,100.0,,19.7,,19.709,,322.5,,2.23,,1.46,
2024-06-05 00:23:20,2024-06-05,00:23:20,,15.4,,77.2,,19.5,,16.706,,293.9,,2.12,,1.13
2024-06-05 00:24:22,2024-06-05,00:24:22,19.6,,100.0,,19.6,,19.609,,321.2,,2.28,,1.69,
2024-06-05 00:24:24,2024-06-05,00:24:24,,15.5,,77.7,,19.5,,16.768,,298.4,,1.6,,0.88
2024-06-05 00:25:26,2024-06-05,00:25:26,19.6,,100.0,,19.6,,19.609,,325.8,,2.16,,1.78,
2024-06-05 00:25:28,2024-06-05,00:25:28,,15.5,,77.9,,19.5,,16.792,,312.4,,1.57,,1.31
2024-06-05 00:26:30,2024-06-05,00:26:30,19.6,,100.0,,19.6,,19.609,,320.2,,1.98,,1.11,
2024-06-05 00:26:31,2024-06-05,00:26:31,,15.5,,78.4,,19.4,,16.758,,292.1,,1.79,,0.88
2024-06-05 00:27:33,2024-06-05,00:27:33,19.7,,100.0,,19.7,,19.709,,323.2,,2.3,,1.22,
2024-06-05 00:27:34,2024-06-05,00:27:34,,15.6,,78.8,,19.4,,16.807,,311.2,,1.55,,1.0
2024-06-05 00:28:36,2024-06-05,00:28:36,19.7,,100.0,,19.7,,19.709,,330.7,,1.86,,1.29,
2024-06-05 00:28:38,2024-06-05,00:28:38,,15.8,,79.1,,19.5,,16.94,,328.6,,1.36,,1.03
2024-06-05 00:29:40,2024-06-05,00:29:40,19.7,,100.0,,19.7,,19.709,,330.3,,1.65,,1.03,
2024-06-05 00:29:42,2024-06-05,00:29:42,,15.8,,79.4,,19.5,,16.977,,339.9,,1.03,,0.74
2024-06-05 00:30:44,2024-06-05,00:30:44,19.6,,100.0,,19.7,,19.709,,319.0,,2.12,,1.52,
2024-06-05 00:30:46,2024-06-05,00:30:46,,15.9,,79.7,,19.5,,17.014,,6.4,,0.99,,0.67
2024-06-05 00:31:47,2024-06-05,00:31:47,19.6,,100.0,,19.6,,19.609,,318.8,,2.32,,1.12,
2024-06-05 00:31:48,2024-06-05,00:31:48,,16.0,,80.0,,19.5,,17.051,,359.3,,0.88,,0.68
2024-06-05 00:32:50,2024-06-05,00:32:50,19.6,,100.0,,19.6,,19.609,,316.1,,2.21,,1.22,
2024-06-05 00:32:52,2024-06-05,00:32:52,,16.0,,80.1,,19.5,,17.063,,348.3,,0.92,,0.87
2024-06-05 00:33:54,2024-06-05,00:33:54,19.6,,100.0,,19.6,,19.609,,324.1,,2.2,,1.39,
2024-06-05 00:33:56,2024-06-05,00:33:56,,16.0,,80.4,,19.5,,17.1,,333.8,,1.04,,0.79
2024-06-05 00:34:58,2024-06-05,00:34:58,19.6,,100.0,,19.6,,19.609,,325.2,,2.24,,1.06,
2024-06-05 00:34:59,2024-06-05,00:34:59,,16.0,,80.6,,19.5,,17.124,,337.5,,0.9,,0.73
2024-06-05 00:36:01,2024-06-05,00:36:01,19.6,,100.0,,19.7,,19.709,,333.7,,1.97,,0.96,
2024-06-05 00:36:02,2024-06-05,00:36:02,,16.1,,80.8,,19.5,,17.149,,349.3,,1.03,,0.73
2024-06-05 00:37:04,2024-06-05,00:37:04,19.7,,100.0,,19.7,,19.709,,326.4,,1.74,,1.43,
2024-06-05 00:37:06,2024-06-05,00:37:06,,16.1,,80.8,,19.5,,17.149,,336.1,,0.77,,0.6
2024-06-05 00:38:08,2024-06-05,00:38:08,19.7,,100.0,,19.7,,19.709,,317.0,,1.55,,1.07,
2024-06-05 00:38:10,2024-06-05,00:38:10,,16.1,,80.9,,19.5,,17.161,,349.1,,0.79,,0.05
2024-06-05 00:39:12,2024-06-05,00:39:12,19.7,,100.0,,19.7,,19.709,,312.8,,1.9,,0.9,
2024-06-05 00:39:14,2024-06-05,00:39:14,,16.1,,80.9,,19.5,,17.161,,19.0,,0.52,,0.47
2024-06-05 00:40:15,2024-06-05,00:40:15,19.7,,100.0,,19.7,,19.709,,317.7,,2.04,,1.3,
2024-06-05 00:40:16,2024-06-05,00:40:16,,16.0,,80.9,,19.4,,17.065,,6.1,,0.51,,0.18
2024-06-05 00:41:18,2024-06-05,00:41:18,19.8,,100.0,,19.8,,19.81,,318.7,,1.71,,1.1,
2024-06-05 00:41:20,2024-06-05,00:41:20,,16.0,,81.0,,19.4,,17.077,,264.9,,0.35,,0.27
2024-06-05 00:42:22,2024-06-05,00:42:22,19.8,,100.0,,19.8,,19.81,,315.0,,1.78,,1.31,
2024-06-05 00:42:24,2024-06-05,00:42:24,,16.0,,80.8,,19.4,,17.053,,272.8,,0.45,,0.38
2024-06-05 00:43:26,2024-06-05,00:43:26,19.7,,100.0,,19.7,,19.709,,329.8,,1.85,,0.69,
2024-06-05 00:43:27,2024-06-05,00:43:27,,16.0,,81.0,,19.4,,17.077,,342.3,,0.85,,0.43
2024-06-05 00:44:29,2024-06-05,00:44:29,19.7,,100.0,,19.7,,19.709,,329.4,,1.47,,1.03,
2024-06-05 00:44:31,2024-06-05,00:44:31,,16.0,,81.1,,19.4,,17.09,,276.3,,0.39,,0.15
2024-06-05 00:45:32,2024-06-05,00:45:32,19.7,,100.0,,19.7,,19.709,,321.2,,2.3,,1.4,
2024-06-05 00:45:34,2024-06-05,00:45:34,,16.0,,81.0,,19.3,,16.981,,131.5,,0.79,,0.62
2024-06-05 00:46:36,2024-06-05,00:46:36,19.7,,100.0,,19.7,,19.709,,336.4,,1.73,,0.89,
2024-06-05 00:46:38,2024-06-05,00:46:38,,16.0,,80.9,,19.3,,16.969,,135.9,,0.94,,0.85
2024-06-05 00:47:40,2024-06-05,00:47:40,19.7,,100.0,,19.7,,19.709,,345.9,,1.66,,0.64,
2024-06-05 00:47:41,2024-06-05,00:47:41,,16.0,,80.9,,19.3,,16.969,,121.1,,0.83,,0.57
2024-06-05 00:48:43,2024-06-05,00:48:43,19.6,,100.0,,19.6,,19.609,,340.6,,1.72,,0.97,
2024-06-05 00:48:44,2024-06-05,00:48:44,,16.0,,80.9,,19.3,,16.969,,115.6,,0.72,,0.66
2024-06-05 00:49:46,2024-06-05,00:49:46,19.5,,100.0,,19.5,,19.508,,334.0,,1.68,,1.06,
2024-06-05 00:49:48,2024-06-05,00:49:48,,15.8,,80.9,,19.2,,16.873,,98.6,,0.69,,0.36
2024-06-05 00:50:50,2024-06-05,00:50:50,19.4,,100.0,,19.4,,19.407,,325.7,,2.0,,1.27,
2024-06-05 00:50:52,2024-06-05,00:50:52,,15.8,,80.9,,19.2,,16.873,,80.4,,0.5,,0.47
2024-06-05 00:51:54,2024-06-05,00:51:54,19.4,,100.0,,19.4,,19.407,,335.3,,1.76,,1.01,
2024-06-05 00:51:56,2024-06-05,00:51:56,,15.8,,80.8,,19.2,,16.86,,72.1,,0.62,,0.53
2024-06-05 00:52:57,2024-06-05,00:52:57,19.3,,100.0,,19.3,,19.307,,319.7,,1.69,,0.72,
2024-06-05 00:52:59,2024-06-05,00:52:59,,15.8,,80.9,,19.2,,16.873,,110.6,,0.59,,0.43
2024-06-05 00:54:00,2024-06-05,00:54:00,19.3,,100.0,,19.3,,19.307,,335.0,,1.66,,1.05,
2024-06-05 00:54:02,2024-06-05,00:54:02,,15.7,,80.9,,19.2,,16.873,,131.7,,0.68,,0.63
2024-06-05 00:55:04,2024-06-05,00:55:04,19.4,,100.0,,19.4,,19.407,,316.0,,1.73,,1.17,
2024-06-05 00:55:06,2024-06-05,00:55:06,,15.7,,80.9,,19.1,,16.776,,158.7,,0.75,,0.33
2024-06-05 00:56:08,2024-06-05,00:56:08,19.4,,100.0,,19.4,,19.407,,326.0,,1.5,,0.81,
2024-06-05 00:56:10,2024-06-05,00:56:10,,15.8,,81.0,,19.1,,16.788,,135.3,,0.66,,0.56
2024-06-05 00:57:11,2024-06-05,00:57:11,19.4,,100.0,,19.4,,19.407,,332.3,,1.74,,0.95,
2024-06-05 00:57:13,2024-06-05,00:57:13,,15.8,,81.0,,19.1,,16.788,,133.5,,0.98,,0.92
2024-06-05 00:58:14,2024-06-05,00:58:14,19.4,,100.0,,19.4,,19.407,,323.5,,1.85,,0.96,
2024-06-05 00:58:16,2024-06-05,00:58:16,,15.8,,81.1,,19.1,,16.801,,130.9,,1.09,,0.98
2024-06-05 00:59:18,2024-06-05,00:59:18,19.3,,100.0,,19.3,,19.307,,322.9,,1.56,,1.09,
2024-06-05 00:59:20,2024-06-05,00:59:20,,15.8,,81.3,,19.1,,16.825,,117.1,,1.42,,1.37
2024-06-05 01:00:22,2024-06-05,01:00:22,19.3,,100.0,,19.3,,19.307,,345.5,,1.85,,0.69,
2024-06-05 01:00:24,2024-06-05,01:00:24,,15.9,,81.6,,19.1,,16.862,,131.2,,1.68,,1.49
2024-06-05 01:01:25,2024-06-05,01:01:25,19.3,,100.0,,19.3,,19.307,,329.8,,1.58,,1.18,
2024-06-05 01:01:27,2024-06-05,01:01:27,,16.0,,82.0,,19.1,,16.91,,131.1,,1.53,,1.13
2024-06-05 01:02:28,2024-06-05,01:02:28,19.4,,100.0,,19.4,,19.407,,329.1,,2.27,,1.54,
2024-06-05 01:02:30,2024-06-05,01:02:30,,16.0,,82.2,,19.1,,16.935,,136.1,,1.58,,1.39
2024-06-05 01:03:32,2024-06-05,01:03:32,19.3,,100.0,,19.3,,19.307,,321.6,,1.82,,1.05,
2024-06-05 01:03:34,2024-06-05,01:03:34,,16.0,,82.5,,19.1,,16.971,,149.5,,1.63,,1.31
2024-06-05 01:04:36,2024-06-05,01:04:36,19.3,,100.0,,19.3,,19.307,,323.2,,1.68,,1.31,
2024-06-05 01:04:38,2024-06-05,01:04:38,,16.1,,82.8,,19.1,,17.008,,155.4,,1.6,,0.92
2024-06-05 01:05:39,2024-06-05,01:05:39,19.3,,100.0,,19.3,,19.307,,321.3,,1.68,,0.96,
2024-06-05 01:05:41,2024-06-05,01:05:41,,16.1,,83.0,,19.1,,17.032,,133.8,,1.23,,0.97
2024-06-05 01:06:42,2024-06-05,01:06:42,19.3,,100.0,,19.3,,19.307,,327.5,,1.48,,1.04,
2024-06-05 01:07:14,2024-06-05,01:07:14,,16.2,,83.4,,19.1,,17.081,,124.9,,1.06,,0.96
2024-06-05 01:07:46,2024-06-05,01:07:46,19.3,,100.0,,19.3,,19.307,,323.0,,1.51,,1.04,
2024-06-05 01:08:17,2024-06-05,01:08:17,,16.1,,83.6,,19.0,,17.008,,96.9,,0.99,,0.79
2024-06-05 01:08:50,2024-06-05,01:08:50,19.3,,100.0,,19.3,,19.307,,328.7,,1.78,,1.02,
2024-06-05 01:09:20,2024-06-05,01:09:20,,16.2,,83.8,,19.0,,17.033,,106.5,,1.22,,1.0
2024-06-05 01:09:53,2024-06-05,01:09:53,19.3,,100.0,,19.3,,19.307,,338.0,,1.93,,0.63,
2024-06-05 01:10:24,2024-06-05,01:10:24,,16.2,,84.0,,19.0,,17.057,,108.4,,1.24,,1.13
2024-06-05 01:10:56,2024-06-05,01:10:56,19.2,,100.0,,19.2,,19.206,,329.6,,1.32,,0.79,
2024-06-05 01:11:28,2024-06-05,01:11:28,,16.2,,84.1,,19.0,,17.069,,113.2,,1.36,,1.27
2024-06-05 01:12:00,2024-06-05,01:12:00,19.2,,100.0,,19.3,,19.307,,320.1,,1.4,,0.75,
2024-06-05 01:12:31,2024-06-05,01:12:31,,16.2,,84.2,,19.0,,17.081,,137.6,,1.38,,0.91
2024-06-05 01:13:04,2024-06-05,01:13:04,19.3,,100.0,,19.3,,19.307,,309.3,,1.8,,1.07,
2024-06-05 01:13:34,2024-06-05,01:13:34,,16.3,,84.4,,19.0,,17.105,,118.0,,1.32,,0.7
2024-06-05 01:14:07,2024-06-05,01:14:07,19.3,,100.0,,19.3,,19.307,,328.0,,1.42,,1.0,
2024-06-05 01:14:38,2024-06-05,01:14:38,,16.3,,84.5,,19.0,,17.118,,100.6,,1.12,,1.07
2024-06-05 01:15:10,2024-06-05,01:15:10,19.2,,100.0,,19.2,,19.206,,329.3,,1.98,,1.17,
2024-06-05 01:15:42,2024-06-05,01:15:42,,16.2,,84.6,,18.9,,17.033,,95.6,,1.46,,0.97
2024-06-05 01:16:14,2024-06-05,01:16:14,19.2,,100.0,,19.2,,19.206,,315.6,,1.74,,1.23,
2024-06-05 01:16:45,2024-06-05,01:16:45,,16.2,,84.6,,18.9,,17.033,,119.4,,1.21,,0.89
2024-06-05 01:17:18,2024-06-05,01:17:18,19.1,,100.0,,19.1,,19.105,,330.1,,1.87,,1.1,
2024-06-05 01:17:48,2024-06-05,01:17:48,,16.2,,84.7,,18.9,,17.045,,105.7,,1.23,,1.02
2024-06-05 01:18:21,2024-06-05,01:18:21,19.1,,100.0,,19.1,,19.105,,338.1,,2.41,,0.65,
2024-06-05 01:18:52,2024-06-05,01:18:52,,16.3,,84.8,,18.9,,17.057,,102.8,,1.32,,1.07
2024-06-05 01:19:24,2024-06-05,01:19:24,19.1,,100.0,,19.1,,19.105,,348.2,,1.69,,0.79,
2024-06-05 01:19:56,2024-06-05,01:19:56,,16.2,,84.9,,18.8,,16.972,,92.8,,1.3,,0.78
2024-06-05 01:20:28,2024-06-05,01:20:28,19.0,,100.0,,19.0,,19.004,,322.3,,1.43,,1.0,
2024-06-05 01:20:59,2024-06-05,01:20:59,,16.2,,85.0,,18.8,,16.984,,100.2,,1.29,,1.1
2024-06-05 01:21:32,2024-06-05,01:21:32,19.0,,100.0,,19.0,,19.004,,339.6,,1.69,,0.78,
2024-06-05 01:22:02,2024-06-05,01:22:02,,16.2,,85.1,,18.8,,16.996,,92.3,,1.26,,0.98
2024-06-05 01:22:35,2024-06-05,01:22:35,19.0,,100.0,,19.0,,19.004,,326.7,,1.25,,0.79,
2024-06-05 01:23:06,2024-06-05,01:23:06,,16.2,,85.2,,18.8,,17.008,,83.8,,1.14,,0.84
2024-06-05 01:23:39,2024-06-05,01:23:39,19.0,,100.0,,19.0,,19.004,,326.7,,1.82,,1.4,
2024-06-05 01:24:10,2024-06-05,01:24:10,,16.2,,85.3,,18.8,,17.02,,61.3,,0.88,,0.82
2024-06-05 01:24:42,2024-06-05,01:24:42,18.9,,100.0,,18.9,,18.904,,327.1,,1.99,,1.27,
2024-06-05 01:25:13,2024-06-05,01:25:13,,16.3,,85.5,,18.8,,17.044,,61.0,,1.04,,0.77
2024-06-05 01:25:46,2024-06-05,01:25:46,18.9,,100.0,,18.9,,18.904,,328.6,,1.53,,0.95,
2024-06-05 01:26:16,2024-06-05,01:26:16,,16.3,,85.6,,18.8,,17.056,,44.0,,0.87,,0.53
2024-06-05 01:26:50,2024-06-05,01:26:50,18.9,,100.0,,18.9,,18.904,,325.5,,1.75,,1.08,
2024-06-05 01:27:20,2024-06-05,01:27:20,,16.2,,85.7,,18.7,,16.971,,50.9,,0.83,,0.6
2024-06-05 01:27:52,2024-06-05,01:27:52,18.9,,100.0,,18.9,,18.904,,321.8,,1.82,,1.17,
2024-06-05 01:28:24,2024-06-05,01:28:24,,16.3,,85.9,,18.8,,17.093,,36.1,,0.67,,0.58
2024-06-05 01:28:56,2024-06-05,01:28:56,18.9,,100.0,,18.9,,18.904,,339.4,,2.05,,0.93,
2024-06-05 01:29:27,2024-06-05,01:29:27,,16.3,,86.0,,18.7,,17.007,,25.0,,0.86,,0.8
2024-06-05 01:30:00,2024-06-05,01:30:00,18.9,,100.0,,18.9,,18.904,,321.6,,1.66,,1.11,
2024-06-05 01:30:30,2024-06-05,01:30:30,,16.4,,86.2,,18.8,,17.129,,19.7,,1.11,,0.7
2024-06-05 01:31:03,2024-06-05,01:31:03,18.9,,100.0,,18.9,,18.904,,329.2,,1.51,,0.95,
2024-06-05 01:31:34,2024-06-05,01:31:34,,16.3,,86.2,,18.7,,17.031,,0.1,,0.83,,0.75
2024-06-05 01:32:07,2024-06-05,01:32:07,18.9,,100.0,,18.9,,18.904,,330.2,,1.7,,1.0,
2024-06-05 01:32:38,2024-06-05,01:32:38,,16.3,,86.3,,18.7,,17.043,,12.4,,0.77,,0.55
2024-06-05 01:33:10,2024-06-05,01:33:10,18.9,,100.0,,18.9,,18.904,,332.1,,1.65,,0.77,
2024-06-05 01:33:41,2024-06-05,01:33:41,,16.4,,86.4,,18.7,,17.056,,327.5,,0.57,,0.19
2024-06-05 01:34:14,2024-06-05,01:34:14,18.9,,100.0,,18.9,,18.904,,323.4,,1.76,,1.37,
2024-06-05 01:34:44,2024-06-05,01:34:44,,16.4,,86.4,,18.7,,17.056,,28.8,,0.59,,0.45
2024-06-05 01:35:18,2024-06-05,01:35:18,18.9,,100.0,,18.9,,18.904,,333.6,,1.84,,0.92,
2024-06-05 01:35:48,2024-06-05,01:35:48,,16.4,,86.5,,18.7,,17.068,,32.6,,0.86,,0.83
2024-06-05 01:36:20,2024-06-05,01:36:20,18.8,,100.0,,18.8,,18.803,,331.3,,1.57,,0.97,
2024-06-05 01:36:52,2024-06-05,01:36:52,,16.4,,86.6,,18.7,,17.08,,36.5,,0.93,,0.74
2024-06-05 01:37:24,2024-06-05,01:37:24,18.8,,100.0,,18.8,,18.803,,326.5,,1.97,,1.15,
2024-06-05 01:37:55,2024-06-05,01:37:55,,16.4,,86.7,,18.7,,17.092,,54.9,,1.04,,0.95
2024-06-05 01:38:28,2024-06-05,01:38:28,18.8,,100.0,,18.8,,18.803,,343.7,,1.61,,0.87,
2024-06-05 01:38:58,2024-06-05,01:38:58,,16.4,,86.8,,18.7,,17.104,,72.1,,1.19,,0.84
2024-06-05 01:39:32,2024-06-05,01:39:32,18.8,,100.0,,18.8,,18.803,,327.4,,2.17,,1.2,
2024-06-05 01:40:02,2024-06-05,01:40:02,,16.3,,86.9,,18.6,,17.018,,98.3,,1.01,,0.75
2024-06-05 01:40:35,2024-06-05,01:40:35,18.8,,100.0,,18.8,,18.803,,329.6,,1.39,,1.14,
2024-06-05 01:41:06,2024-06-05,01:41:06,,16.4,,87.0,,18.6,,17.03,,87.0,,0.91,,0.63
2024-06-05 01:41:38,2024-06-05,01:41:38,18.8,,100.0,,18.8,,18.803,,334.3,,1.5,,0.95,
2024-06-05 01:42:09,2024-06-05,01:42:09,,16.4,,87.0,,18.6,,17.03,,60.4,,0.71,,0.54
2024-06-05 01:42:42,2024-06-05,01:42:42,18.8,,100.0,,18.8,,18.803,,324.6,,1.59,,1.37,
2024-06-05 01:43:12,2024-06-05,01:43:12,,16.4,,87.1,,18.6,,17.042,,20.7,,0.88,,0.65
2024-06-05 01:43:46,2024-06-05,01:43:46,18.7,,100.0,,18.7,,18.702,,322.2,,2.43,,1.34,
2024-06-05 01:44:16,2024-06-05,01:44:16,,16.4,,87.3,,18.6,,17.066,,359.5,,0.78,,0.65
2024-06-05 01:44:48,2024-06-05,01:44:48,18.8,,100.0,,18.8,,18.803,,322.3,,2.17,,1.12,
2024-06-05 01:45:20,2024-06-05,01:45:20,,16.5,,87.5,,18.6,,17.091,,2.4,,0.89,,0.75
2024-06-05 01:45:52,2024-06-05,01:45:52,18.8,,100.0,,18.8,,18.803,,323.5,,2.06,,1.25,
2024-06-05 01:46:23,2024-06-05,01:46:23,,16.5,,87.6,,18.6,,17.103,,2.6,,1.27,,1.13
2024-06-05 01:46:56,2024-06-05,01:46:56,18.8,,100.0,,18.8,,18.803,,333.1,,2.0,,1.64,
2024-06-05 01:47:26,2024-06-05,01:47:26,,16.5,,87.7,,18.6,,17.115,,29.8,,1.29,,0.96
2024-06-05 01:48:00,2024-06-05,01:48:00,18.8,,100.0,,18.8,,18.803,,330.3,,2.01,,1.17,
2024-06-05 01:48:30,2024-06-05,01:48:30,,16.5,,87.8,,18.6,,17.127,,43.2,,1.18,,1.06
2024-06-05 01:49:03,2024-06-05,01:49:03,18.7,,100.0,,18.7,,18.702,,338.2,,1.82,,0.75,
2024-06-05 01:49:34,2024-06-05,01:49:34,,16.6,,88.0,,18.6,,17.151,,62.3,,1.26,,0.91
2024-06-05 01:50:06,2024-06-05,01:50:06,18.7,,100.0,,18.7,,18.702,,325.7,,1.85,,1.17,
2024-06-05 01:50:37,2024-06-05,01:50:37,,16.6,,88.2,,18.6,,17.175,,82.6,,1.08,,0.89
2024-06-05 01:51:10,2024-06-05,01:51:10,18.7,,100.0,,18.7,,18.702,,353.3,,1.47,,0.6,
2024-06-05 01:51:40,2024-06-05,01:51:40,,16.6,,88.4,,18.6,,17.199,,97.1,,1.16,,0.75
2024-06-05 01:52:14,2024-06-05,01:52:14,18.7,,100.0,,18.7,,18.702,,326.7,,1.73,,1.15,
2024-06-05 01:52:44,2024-06-05,01:52:44,,16.7,,88.5,,18.6,,17.211,,92.1,,0.78,,0.54
2024-06-05 01:53:17,2024-06-05,01:53:17,18.7,,100.0,,18.7,,18.702,,325.7,,2.36,,1.49,
2024-06-05 01:53:48,2024-06-05,01:53:48,,16.7,,88.6,,18.6,,17.223,,13.1,,0.83,,0.37
2024-06-05 01:54:20,2024-06-05,01:54:20,18.7,,100.0,,18.7,,18.702,,316.6,,2.12,,1.44,
2024-06-05 01:54:51,2024-06-05,01:54:51,,16.8,,89.1,,18.6,,17.283,,327.0,,1.07,,0.83
2024-06-05 01:55:24,2024-06-05,01:55:24,18.7,,100.0,,18.7,,18.702,,318.4,,2.26,,1.58,
2024-06-05 01:55:54,2024-06-05,01:55:54,,16.8,,89.1,,18.6,,17.283,,331.1,,1.6,,1.11
2024-06-05 01:56:28,2024-06-05,01:56:28,18.7,,100.0,,18.7,,18.702,,321.3,,2.57,,1.55,
2024-06-05 01:56:58,2024-06-05,01:56:58,,16.8,,89.3,,18.6,,17.308,,326.2,,1.61,,1.21
2024-06-05 01:57:31,2024-06-05,01:57:31,18.7,,100.0,,18.7,,18.702,,321.1,,1.83,,1.27,
2024-06-05 01:58:02,2024-06-05,01:58:02,,16.9,,89.8,,18.6,,17.368,,341.5,,1.44,,1.12
2024-06-05 01:58:34,2024-06-05,01:58:34,18.7,,100.0,,18.7,,18.702,,338.3,,1.66,,0.97,
2024-06-05 01:59:05,2024-06-05,01:59:05,,17.0,,90.1,,18.6,,17.404,,16.6,,1.14,,0.89
2024-06-05 01:59:38,2024-06-05,01:59:38,18.7,,100.0,,18.7,,18.702,,335.5,,1.63,,0.96,
2024-06-05 02:00:08,2024-06-05,02:00:08,,17.0,,90.3,,18.6,,17.428,,27.7,,1.21,,0.97
2024-06-05 02:00:42,2024-06-05,02:00:42,18.7,,100.0,,18.7,,18.702,,343.1,,1.73,,0.69,
2024-06-05 02:01:12,2024-06-05,02:01:12,,17.0,,90.4,,18.6,,17.44,,42.7,,1.41,,1.1
2024-06-05 02:01:45,2024-06-05,02:01:45,18.7,,100.0,,18.7,,18.702,,323.7,,1.61,,0.89,
2024-06-05 02:02:16,2024-06-05,02:02:16,,17.0,,90.6,,18.6,,17.464,,48.5,,1.38,,0.92
2024-06-05 02:02:48,2024-06-05,02:02:48,18.7,,100.0,,18.7,,18.702,,335.0,,1.71,,1.06,
2024-06-05 02:03:19,2024-06-05,02:03:19,,17.0,,90.8,,18.6,,17.489,,19.6,,1.14,,0.79
2024-06-05 02:03:52,2024-06-05,02:03:52,18.7,,100.0,,18.7,,18.702,,319.2,,1.83,,1.38,
2024-06-05 02:04:22,2024-06-05,02:04:22,,17.1,,91.1,,18.6,,17.525,,16.4,,1.32,,1.08
2024-06-05 02:04:56,2024-06-05,02:04:56,18.7,,100.0,,18.7,,18.702,,320.1,,2.06,,0.96,
2024-06-05 02:05:26,2024-06-05,02:05:26,,17.1,,91.3,,18.6,,17.549,,21.8,,1.57,,1.3
2024-06-05 02:05:59,2024-06-05,02:05:59,18.7,,100.0,,18.7,,18.702,,332.7,,2.09,,1.34,
2024-06-05 02:06:30,2024-06-05,02:06:30,,17.1,,91.4,,18.6,,17.561,,9.6,,1.23,,1.03
2024-06-05 02:07:02,2024-06-05,02:07:02,18.7,,100.0,,18.7,,18.702,,325.1,,2.18,,1.07,
2024-06-05 02:07:33,2024-06-05,02:07:33,,17.2,,91.6,,18.6,,17.585,,4.6,,0.98,,0.8
2024-06-05 02:08:06,2024-06-05,02:08:06,18.7,,100.0,,18.7,,18.702,,326.1,,2.09,,0.97,
2024-06-05 02:08:36,2024-06-05,02:08:36,,17.2,,91.9,,18.6,,17.621,,37.0,,1.14,,0.68
2024-06-05 02:09:10,2024-06-05,02:09:10,18.7,,100.0,,18.7,,18.702,,326.7,,1.91,,0.86,
2024-06-05 02:09:40,2024-06-05,02:09:40,,17.3,,92.2,,18.6,,17.658,,49.3,,1.13,,0.7
2024-06-05 02:10:13,2024-06-05,02:10:13,18.7,,100.0,,18.7,,18.702,,324.1,,2.02,,1.37,
2024-06-05 02:10:44,2024-06-05,02:10:44,,17.3,,92.4,,18.6,,17.682,,56.4,,0.98,,0.74
2024-06-05 02:11:16,2024-06-05,02:11:16,18.8,,100.0,,18.8,,18.803,,323.5,,2.25,,1.79,
2024-06-05 02:11:47,2024-06-05,02:11:47,,17.4,,92.7,,18.6,,17.718,,47.6,,1.02,,0.75
2024-06-05 02:12:20,2024-06-05,02:12:20,18.8,,100.0,,18.8,,18.803,,323.8,,1.94,,1.24,
2024-06-05 02:12:50,2024-06-05,02:12:50,,17.5,,93.1,,18.7,,17.865,,34.8,,1.15,,0.82
2024-06-05 02:13:24,2024-06-05,02:13:24,18.8,,100.0,,18.8,,18.803,,333.7,,2.03,,1.09,
2024-06-05 02:13:54,2024-06-05,02:13:54,,17.6,,93.4,,18.7,,17.902,,21.2,,1.29,,0.79
2024-06-05 02:14:27,2024-06-05,02:14:27,18.8,,100.0,,18.8,,18.803,,321.0,,2.24,,1.41,
2024-06-05 02:14:58,2024-06-05,02:14:58,,17.7,,93.8,,18.7,,17.95,,359.3,,1.23,,0.86
2024-06-05 02:15:30,2024-06-05,02:15:30,18.8,,100.0,,18.8,,18.803,,331.5,,1.82,,1.31,
2024-06-05 02:16:01,2024-06-05,02:16:01,,17.7,,93.7,,18.7,,17.938,,356.6,,1.08,,0.84
2024-06-05 02:16:34,2024-06-05,02:16:34,18.8,,100.0,,18.8,,18.803,,335.2,,1.95,,1.18,
2024-06-05 02:17:05,2024-06-05,02:17:05,,17.7,,94.0,,18.7,,17.974,,355.5,,1.34,,1.15
2024-06-05 02:17:38,2024-06-05,02:17:38,18.8,,100.0,,18.8,,18.803,,325.4,,2.21,,1.36,
2024-06-05 02:18:08,2024-06-05,02:18:08,,17.7,,94.1,,18.7,,17.987,,353.4,,1.34,,0.84
2024-06-05 02:18:41,2024-06-05,02:18:41,18.8,,100.0,,18.8,,18.803,,329.0,,1.89,,1.15,
2024-06-05 02:19:12,2024-06-05,02:19:12,,17.8,,94.3,,18.7,,18.011,,350.9,,1.3,,0.81
2024-06-05 02:19:44,2024-06-05,02:19:44,18.8,,100.0,,18.8,,18.803,,328.6,,1.94,,0.95,
2024-06-05 02:20:16,2024-06-05,02:20:16,,17.8,,94.6,,18.7,,18.047,,33.4,,1.08,,0.62
2024-06-05 02:20:48,2024-06-05,02:20:48,18.8,,100.0,,18.8,,18.803,,323.9,,2.17,,1.63,
2024-06-05 02:21:19,2024-06-05,02:21:19,,17.9,,94.9,,18.7,,18.083,,32.0,,0.89,,0.78
2024-06-05 02:21:52,2024-06-05,02:21:52,18.8,,100.0,,18.8,,18.803,,320.4,,2.25,,1.54,
2024-06-05 02:22:22,2024-06-05,02:22:22,,18.0,,95.7,,18.7,,18.18,,42.1,,0.99,,0.93
2024-06-05 02:22:55,2024-06-05,02:22:55,18.9,,100.0,,18.9,,18.904,,316.2,,2.02,,1.3,
2024-06-05 02:23:26,2024-06-05,02:23:26,,18.1,,96.1,,18.8,,18.329,,49.0,,0.94,,0.88
2024-06-05 02:23:58,2024-06-05,02:23:58,18.9,,100.0,,18.9,,18.904,,325.5,,2.4,,1.43,
2024-06-05 02:24:30,2024-06-05,02:24:30,,18.1,,96.2,,18.8,,18.341,,45.4,,0.88,,0.74
2024-06-05 02:25:02,2024-06-05,02:25:02,18.9,,100.0,,18.9,,18.904,,314.5,,2.25,,1.21,
2024-06-05 02:25:33,2024-06-05,02:25:33,,18.2,,96.4,,18.8,,18.365,,64.4,,0.84,,0.68
2024-06-05 02:26:06,2024-06-05,02:26:06,19.0,,100.0,,19.0,,19.004,,328.3,,2.11,,1.29,
2024-06-05 02:26:36,2024-06-05,02:26:36,,18.2,,96.5,,18.8,,18.377,,64.6,,0.76,,0.52
2024-06-05 02:27:09,2024-06-05,02:27:09,19.0,,100.0,,19.0,,19.004,,320.0,,2.12,,1.0,
2024-06-05 02:27:40,2024-06-05,02:27:40,,18.2,,96.7,,18.8,,18.402,,83.5,,0.55,,0.44
2024-06-05 02:28:12,2024-06-05,02:28:12,19.1,,100.0,,19.1,,19.105,,321.3,,2.41,,1.19,
2024-06-05 02:28:44,2024-06-05,02:28:44,,18.2,,96.8,,18.8,,18.414,,67.2,,0.6,,0.46
2024-06-05 02:29:16,2024-06-05,02:29:16,19.1,,100.0,,19.1,,19.105,,323.8,,1.95,,1.49,
2024-06-05 02:29:47,2024-06-05,02:29:47,,18.3,,97.0,,18.8,,18.438,,38.5,,0.6,,0.42
2024-06-05 02:30:20,2024-06-05,02:30:20,19.1,,100.0,,19.1,,19.105,,318.1,,2.23,,1.38,
2024-06-05 02:30:50,2024-06-05,02:30:50,,18.3,,97.2,,18.8,,18.462,,10.3,,0.69,,0.65
2024-06-05 02:31:23,2024-06-05,02:31:23,19.1,,100.0,,19.1,,19.105,,317.7,,2.49,,1.81,
2024-06-05 02:31:54,2024-06-05,02:31:54,,18.4,,97.6,,18.8,,18.511,,357.6,,0.7,,0.28
2024-06-05 02:32:26,2024-06-05,02:32:26,19.1,,100.0,,19.1,,19.105,,324.8,,2.16,,1.05,
2024-06-05 02:32:58,2024-06-05,02:32:58,,18.4,,97.6,,18.8,,18.511,,3.3,,0.51,,0.35
2024-06-05 02:33:30,2024-06-05,02:33:30,19.1,,100.0,,19.1,,19.105,,324.5,,1.85,,1.5,
2024-06-05 02:34:01,2024-06-05,02:34:01,,18.6,,98.1,,18.8,,18.572,,3.8,,0.75,,0.69
2024-06-05 02:34:34,2024-06-05,02:34:34,19.2,,100.0,,19.2,,19.206,,318.1,,2.25,,1.22,
2024-06-05 02:35:04,2024-06-05,02:35:04,,18.6,,98.4,,18.9,,18.709,,28.2,,0.64,,0.59
2024-06-05 02:35:37,2024-06-05,02:35:37,19.2,,100.0,,19.2,,19.206,,332.5,,2.04,,1.0,
2024-06-05 02:36:08,2024-06-05,02:36:08,,18.6,,98.5,,18.9,,18.721,,34.8,,0.7,,0.63
2024-06-05 02:36:40,2024-06-05,02:36:40,19.2,,100.0,,19.2,,19.206,,331.2,,1.98,,1.26,
2024-06-05 02:37:12,2024-06-05,02:37:12,,18.7,,98.6,,18.9,,18.733,,44.2,,0.68,,0.63
2024-06-05 02:37:44,2024-06-05,02:37:44,19.2,,100.0,,19.2,,19.206,,334.0,,1.73,,1.37,
2024-06-05 02:38:15,2024-06-05,02:38:15,,18.7,,98.9,,18.9,,18.77,,39.1,,0.77,,0.56
2024-06-05 02:38:48,2024-06-05,02:38:48,19.2,,100.0,,19.2,,19.206,,336.2,,1.53,,1.0,
2024-06-05 02:39:18,2024-06-05,02:39:18,,18.7,,99.0,,18.9,,18.782,,43.5,,0.73,,0.5
2024-06-05 02:39:51,2024-06-05,02:39:51,19.2,,100.0,,19.2,,19.206,,325.6,,1.54,,1.04,
2024-06-05 02:40:22,2024-06-05,02:40:22,,18.8,,99.2,,18.9,,18.806,,42.1,,0.75,,0.51
2024-06-05 02:40:54,2024-06-05,02:40:54,19.1,,100.0,,19.1,,19.105,,315.2,,1.82,,1.0,
2024-06-05 02:41:26,2024-06-05,02:41:26,,18.9,,99.3,,19.0,,18.919,,55.5,,0.67,,0.5
2024-06-05 02:41:58,2024-06-05,02:41:58,19.1,,100.0,,19.1,,19.105,,331.6,,1.54,,0.81,
2024-06-05 02:42:29,2024-06-05,02:42:29,,18.9,,99.4,,19.0,,18.931,,87.7,,0.85,,0.53
2024-06-05 02:43:02,2024-06-05,02:43:02,19.1,,100.0,,19.1,,19.105,,352.5,,1.51,,0.94,
2024-06-05 02:43:32,2024-06-05,02:43:32,,18.8,,99.4,,18.9,,18.831,,93.1,,0.75,,0.71
2024-06-05 02:44:05,2024-06-05,02:44:05,19.2,,100.0,,19.2,,19.206,,324.1,,1.78,,0.73,
2024-06-05 02:44:36,2024-06-05,02:44:36,,18.8,,99.6,,18.9,,18.855,,99.3,,0.86,,0.63
2024-06-05 02:45:08,2024-06-05,02:45:08,19.2,,100.0,,19.2,,19.206,,325.8,,1.59,,0.91,
2024-06-05 02:45:40,2024-06-05,02:45:40,,18.8,,99.7,,18.9,,18.867,,102.6,,0.84,,0.54
2024-06-05 02:46:12,2024-06-05,02:46:12,19.1,,100.0,,19.1,,19.105,,329.7,,2.27,,0.86,
2024-06-05 02:46:43,2024-06-05,02:46:43,,18.8,,99.7,,18.9,,18.867,,97.7,,0.68,,0.33
2024-06-05 02:47:16,2024-06-05,02:47:16,19.2,,100.0,,19.2,,19.206,,321.8,,2.01,,1.67,
2024-06-05 02:47:46,2024-06-05,02:47:46,,18.9,,99.8,,18.9,,18.879,,118.8,,0.49,,0.26
2024-06-05 02:48:19,2024-06-05,02:48:19,19.2,,100.0,,19.2,,19.206,,324.1,,1.92,,1.28,
2024-06-05 02:48:50,2024-06-05,02:48:50,,18.9,,99.9,,18.9,,18.891,,133.9,,0.25,,0.14
2024-06-05 02:49:22,2024-06-05,02:49:22,19.3,,100.0,,19.3,,19.307,,318.5,,2.04,,1.22,
2024-06-05 02:49:54,2024-06-05,02:49:54,,18.9,,100.0,,18.9,,18.904,,133.9,,0.25,,0.15
2024-06-05 02:50:26,2024-06-05,02:50:26,19.3,,100.0,,19.3,,19.307,,323.9,,2.06,,1.41,
2024-06-05 02:50:57,2024-06-05,02:50:57,,18.9,,100.0,,18.9,,18.904,,309.3,,0.28,,0.24
2024-06-05 02:51:30,2024-06-05,02:51:30,19.4,,100.0,,19.4,,19.407,,319.1,,1.88,,1.46,
2024-06-05 02:52:00,2024-06-05,02:52:00,,18.9,,100.0,,18.9,,18.904,,350.7,,0.34,,0.3
2024-06-05 02:52:33,2024-06-05,02:52:33,19.4,,100.0,,19.4,,19.407,,322.2,,1.93,,1.49,
2024-06-05 02:53:04,2024-06-05,02:53:04,,19.0,,100.0,,19.0,,19.004,,347.8,,0.6,,0.54
2024-06-05 02:53:36,2024-06-05,02:53:36,19.4,,100.0,,19.4,,19.407,,319.9,,1.85,,1.58,
2024-06-05 02:54:08,2024-06-05,02:54:08,,19.0,,100.0,,19.0,,19.004,,332.8,,0.88,,0.79
2024-06-05 02:54:40,2024-06-05,02:54:40,19.5,,100.0,,19.5,,19.508,,324.9,,1.98,,1.4,
2024-06-05 02:55:11,2024-06-05,02:55:11,,19.1,,100.0,,19.1,,19.105,,330.5,,0.9,,0.62
2024-06-05 02:55:44,2024-06-05,02:55:44,19.5,,100.0,,19.5,,19.508,,320.9,,1.98,,1.65,
2024-06-05 02:56:14,2024-06-05,02:56:14,,19.1,,100.0,,19.1,,19.105,,359.6,,0.82,,0.63
2024-06-05 02:56:47,2024-06-05,02:56:47,19.5,,100.0,,19.5,,19.508,,322.2,,2.07,,1.0,
2024-06-05 02:57:18,2024-06-05,02:57:18,,19.1,,100.0,,19.1,,19.105,,8.5,,0.87,,0.8
2024-06-05 02:57:50,2024-06-05,02:57:50,19.5,,100.0,,19.5,,19.508,,329.0,,2.06,,1.5,
2024-06-05 02:58:22,2024-06-05,02:58:22,,19.2,,100.0,,19.2,,19.206,,21.7,,1.1,,0.91
2024-06-05 02:58:54,2024-06-05,02:58:54,19.5,,100.0,,19.5,,19.508,,332.6,,2.19,,1.39,
2024-06-05 02:59:25,2024-06-05,02:59:25,,19.2,,100.0,,19.2,,19.206,,28.5,,1.01,,0.9
2024-06-05 02:59:58,2024-06-05,02:59:58,19.5,,100.0,,19.5,,19.508,,346.3,,2.23,,0.58,
2024-06-05 03:00:28,2024-06-05,03:00:28,,19.2,,100.0,,19.2,,19.206,,9.7,,1.13,,0.96
2024-06-05 03:01:01,2024-06-05,03:01:01,19.5,,100.0,,19.5,,19.508,,325.8,,1.74,,1.24,
2024-06-05 03:01:32,2024-06-05,03:01:32,,19.2,,100.0,,19.2,,19.206,,358.5,,1.36,,1.29
2024-06-05 03:02:04,2024-06-05,03:02:04,19.5,,100.0,,19.5,,19.508,,331.4,,1.77,,1.17,
2024-06-05 03:02:36,2024-06-05,03:02:36,,19.2,,100.0,,19.2,,19.206,,342.3,,1.4,,0.98
2024-06-05 03:03:08,2024-06-05,03:03:08,19.4,,100.0,,19.4,,19.407,,336.4,,1.76,,1.21,
2024-06-05 03:03:39,2024-06-05,03:03:39,,19.1,,100.0,,19.1,,19.105,,0.2,,1.34,,1.21
2024-06-05 03:04:12,2024-06-05,03:04:12,19.4,,100.0,,19.4,,19.407,,332.7,,2.18,,1.47,
2024-06-05 03:04:42,2024-06-05,03:04:42,,19.1,,100.0,,19.1,,19.105,,9.4,,1.64,,1.31
2024-06-05 03:05:15,2024-06-05,03:05:15,19.3,,100.0,,19.3,,19.307,,324.8,,2.07,,1.71,
2024-06-05 03:05:46,2024-06-05,03:05:46,,19.0,,100.0,,19.0,,19.004,,7.5,,1.68,,1.51
2024-06-05 03:06:18,2024-06-05,03:06:18,19.3,,100.0,,19.3,,19.307,,335.0,,1.97,,1.21,
2024-06-05 03:06:50,2024-06-05,03:06:50,,19.0,,100.0,,19.0,,19.004,,8.9,,1.7,,1.31
2024-06-05 03:07:22,2024-06-05,03:07:22,19.2,,100.0,,19.2,,19.206,,321.6,,1.86,,1.22,
2024-06-05 03:07:53,2024-06-05,03:07:53,,18.9,,100.0,,18.9,,18.904,,12.8,,1.27,,1.11
2024-06-05 03:08:26,2024-06-05,03:08:26,19.2,,100.0,,19.2,,19.206,,336.0,,1.71,,1.24,
2024-06-05 03:08:56,2024-06-05,03:08:56,,18.9,,100.0,,18.9,,18.904,,25.7,,1.41,,0.79
2024-06-05 03:09:29,2024-06-05,03:09:29,19.2,,100.0,,19.2,,19.206,,322.4,,1.78,,1.33,
2024-06-05 03:10:00,2024-06-05,03:10:00,,18.8,,100.0,,18.8,,18.803,,31.5,,1.66,,1.49
2024-06-05 03:10:32,2024-06-05,03:10:32,19.1,,100.0,,19.1,,19.105,,326.5,,2.1,,1.48,
2024-06-05 03:11:04,2024-06-05,03:11:04,,18.8,,100.0,,18.8,,18.803,,12.2,,1.55,,1.16
2024-06-05 03:11:36,2024-06-05,03:11:36,19.1,,100.0,,19.1,,19.105,,339.0,,1.95,,1.12,
2024-06-05 03:12:07,2024-06-05,03:12:07,,18.8,,100.0,,18.8,,18.803,,36.2,,1.65,,1.11
2024-06-05 03:12:40,2024-06-05,03:12:40,19.1,,100.0,,19.1,,19.105,,331.1,,2.17,,1.58,
2024-06-05 03:13:10,2024-06-05,03:13:10,,18.7,,100.0,,18.7,,18.702,,40.5,,1.45,,1.08
2024-06-05 03:13:43,2024-06-05,03:13:43,19.1,,100.0,,19.1,,19.105,,325.7,,2.22,,1.47,
2024-06-05 03:14:14,2024-06-05,03:14:14,,18.7,,100.0,,18.7,,18.702,,31.9,,2.05,,1.65
2024-06-05 03:14:46,2024-06-05,03:14:46,19.0,,100.0,,19.0,,19.004,,327.4,,2.29,,1.78,
2024-06-05 03:15:18,2024-06-05,03:15:18,,18.8,,100.0,,18.8,,18.803,,33.5,,2.28,,2.11
2024-06-05 03:15:50,2024-06-05,03:15:50,19.0,,100.0,,19.0,,19.004,,345.2,,1.59,,0.92,
2024-06-05 03:16:21,2024-06-05,03:16:21,,18.8,,100.0,,18.8,,18.803,,49.7,,2.27,,1.53
2024-06-05 03:16:54,2024-06-05,03:16:54,19.0,,100.0,,19.0,,19.004,,344.8,,1.81,,0.99,
2024-06-05 03:17:24,2024-06-05,03:17:24,,18.8,,100.0,,18.8,,18.803,,46.4,,2.14,,1.7
2024-06-05 03:17:57,2024-06-05,03:17:57,19.0,,100.0,,19.0,,19.004,,334.8,,2.15,,1.23,
2024-06-05 03:18:28,2024-06-05,03:18:28,,18.8,,100.0,,18.8,,18.803,,49.2,,1.66,,1.25
2024-06-05 03:19:00,2024-06-05,03:19:00,19.0,,100.0,,19.0,,19.004,,349.0,,1.68,,0.8,
2024-06-05 03:19:32,2024-06-05,03:19:32,,18.8,,100.0,,18.8,,18.803,,41.3,,1.72,,1.24
2024-06-05 03:20:04,2024-06-05,03:20:04,19.0,,100.0,,19.0,,19.004,,328.5,,1.9,,1.24,
2024-06-05 03:20:35,2024-06-05,03:20:35,,18.8,,100.0,,18.8,,18.803,,53.9,,1.71,,1.45
2024-06-05 03:21:08,2024-06-05,03:21:08,19.0,,100.0,,19.0,,19.004,,348.7,,1.99,,0.95,
2024-06-05 03:21:38,2024-06-05,03:21:38,,18.8,,100.0,,18.8,,18.803,,57.2,,2.6,,1.28
2024-06-05 03:22:11,2024-06-05,03:22:11,19.0,,100.0,,19.0,,19.004,,336.2,,1.85,,0.81,
2024-06-05 03:22:42,2024-06-05,03:22:42,,18.8,,100.0,,18.8,,18.803,,52.1,,2.19,,1.84
2024-06-05 03:23:14,2024-06-05,03:23:14,19.0,,100.0,,19.0,,19.004,,336.1,,1.95,,1.02,
2024-06-05 03:23:46,2024-06-05,03:23:46,,18.8,,100.0,,18.8,,18.803,,40.7,,2.2,,1.63
2024-06-05 03:24:18,2024-06-05,03:24:18,19.0,,100.0,,19.0,,19.004,,324.7,,2.32,,1.7,
2024-06-05 03:24:49,2024-06-05,03:24:49,,18.8,,100.0,,18.8,,18.803,,51.0,,2.05,,1.55
2024-06-05 03:25:22,2024-06-05,03:25:22,19.0,,100.0,,19.0,,19.004,,323.1,,1.72,,1.3,
2024-06-05 03:25:52,2024-06-05,03:25:52,,18.8,,100.0,,18.8,,18.803,,46.6,,1.73,,1.26
2024-06-05 03:26:25,2024-06-05,03:26:25,19.1,,100.0,,19.1,,19.105,,330.3,,2.14,,1.31,
2024-06-05 03:26:56,2024-06-05,03:26:56,,18.8,,100.0,,18.8,,18.803,,45.2,,2.26,,1.49
2024-06-05 03:27:28,2024-06-05,03:27:28,19.1,,100.0,,19.1,,19.105,,345.7,,1.85,,1.06,
2024-06-05 03:28:00,2024-06-05,03:28:00,,18.9,,100.0,,18.9,,18.904,,50.7,,2.33,,1.45
2024-06-05 03:28:32,2024-06-05,03:28:32,19.1,,100.0,,19.1,,19.105,,329.8,,1.98,,1.29,
2024-06-05 03:29:03,2024-06-05,03:29:03,,18.9,,100.0,,18.9,,18.904,,45.5,,2.24,,1.57
2024-06-05 03:29:36,2024-06-05,03:29:36,19.1,,100.0,,19.1,,19.105,,328.3,,2.26,,0.76,
2024-06-05 03:30:06,2024-06-05,03:30:06,,18.9,,100.0,,18.9,,18.904,,38.9,,1.73,,1.48
2024-06-05 03:30:39,2024-06-05,03:30:39,19.2,,100.0,,19.2,,19.206,,340.0,,2.0,,1.27,
2024-06-05 03:31:10,2024-06-05,03:31:10,,18.9,,100.0,,18.9,,18.904,,44.8,,1.95,,1.58
2024-06-05 03:31:42,2024-06-05,03:31:42,19.2,,100.0,,19.2,,19.206,,333.7,,1.86,,1.25,
2024-06-05 03:32:14,2024-06-05,03:32:14,,18.9,,100.0,,18.9,,18.904,,53.4,,1.98,,1.16
2024-06-05 03:32:46,2024-06-05,03:32:46,19.2,,100.0,,19.2,,19.206,,340.1,,2.22,,0.92,
2024-06-05 03:33:17,2024-06-05,03:33:17,,18.9,,100.0,,18.9,,18.904,,35.7,,1.93,,0.96
2024-06-05 03:33:50,2024-06-05,03:33:50,19.2,,100.0,,19.2,,19.206,,347.3,,2.28,,0.97,
2024-06-05 03:34:20,2024-06-05,03:34:20,,18.9,,100.0,,18.9,,18.904,,51.0,,1.61,,1.31
2024-06-05 03:34:53,2024-06-05,03:34:53,19.2,,100.0,,19.2,,19.206,,335.6,,1.98,,1.15,
2024-06-05 03:35:24,2024-06-05,03:35:24,,18.9,,100.0,,18.9,,18.904,,40.0,,2.06,,1.31
2024-06-05 03:35:56,2024-06-05,03:35:56,19.2,,100.0,,19.2,,19.206,,339.0,,2.07,,1.34,
2024-06-05 03:36:28,2024-06-05,03:36:28,,19.0,,100.0,,19.0,,19.004,,55.1,,2.07,,1.85
2024-06-05 03:37:00,2024-06-05,03:37:00,19.2,,100.0,,19.2,,19.206,,335.7,,2.21,,1.42,
2024-06-05 03:37:31,2024-06-05,03:37:31,,19.0,,100.0,,19.0,,19.004,,46.6,,2.42,,1.02
2024-06-05 03:38:04,2024-06-05,03:38:04,19.2,,100.0,,19.2,,19.206,,340.5,,1.78,,1.33,
2024-06-05 03:38:34,2024-06-05,03:38:34,,19.0,,100.0,,19.0,,19.004,,57.2,,2.07,,1.35
2024-06-05 03:39:07,2024-06-05,03:39:07,19.2,,100.0,,19.2,,19.206,,338.3,,2.14,,0.84,
2024-06-05 03:39:38,2024-06-05,03:39:38,,19.0,,100.0,,19.0,,19.004,,56.3,,1.67,,1.18
2024-06-05 03:40:10,2024-06-05,03:40:10,19.2,,100.0,,19.2,,19.206,,348.0,,2.3,,0.7,
2024-06-05 03:40:42,2024-06-05,03:40:42,,19.0,,100.0,,19.0,,19.004,,60.0,,2.31,,1.34
2024-06-05 03:41:14,2024-06-05,03:41:14,19.2,,100.0,,19.2,,19.206,,354.4,,1.67,,0.72,
2024-06-05 03:41:45,2024-06-05,03:41:45,,19.0,,100.0,,19.0,,19.004,,52.6,,2.08,,1.79
2024-06-05 03:42:18,2024-06-05,03:42:18,19.2,,100.0,,19.2,,19.206,,336.3,,2.02,,1.25,
2024-06-05 03:42:48,2024-06-05,03:42:48,,19.0,,100.0,,19.0,,19.004,,44.6,,2.74,,1.47
2024-06-05 03:43:21,2024-06-05,03:43:21,19.2,,100.0,,19.2,,19.206,,328.3,,2.48,,1.71,
2024-06-05 03:43:52,2024-06-05,03:43:52,,19.0,,100.0,,19.0,,19.004,,43.1,,2.06,,1.37
2024-06-05 03:44:24,2024-06-05,03:44:24,19.3,,100.0,,19.3,,19.307,,340.5,,1.89,,1.03,
2024-06-05 03:44:56,2024-06-05,03:44:56,,19.0,,100.0,,19.0,,19.004,,37.8,,1.9,,1.04
2024-06-05 03:45:28,2024-06-05,03:45:28,19.3,,100.0,,19.3,,19.307,,328.8,,2.29,,1.45,
2024-06-05 03:45:59,2024-06-05,03:45:59,,19.1,,100.0,,19.1,,19.105,,50.3,,2.02,,1.1
2024-06-05 03:46:32,2024-06-05,03:46:32,19.3,,100.0,,19.3,,19.307,,329.4,,2.35,,1.13,
2024-06-05 03:47:02,2024-06-05,03:47:02,,19.1,,100.0,,19.0,,19.004,,60.7,,2.26,,1.74
2024-06-05 03:47:35,2024-06-05,03:47:35,19.3,,100.0,,19.3,,19.307,,331.1,,1.61,,1.2,
2024-06-05 03:48:06,2024-06-05,03:48:06,,19.1,,100.0,,19.1,,19.105,,57.5,,2.03,,1.92
2024-06-05 03:48:38,2024-06-05,03:48:38,19.3,,100.0,,19.3,,19.307,,324.7,,2.0,,1.16,
2024-06-05 03:49:10,2024-06-05,03:49:10,,19.1,,100.0,,19.1,,19.105,,56.0,,2.56,,1.67
2024-06-05 03:49:42,2024-06-05,03:49:42,19.3,,100.0,,19.3,,19.307,,316.4,,1.72,,1.26,
2024-06-05 03:50:13,2024-06-05,03:50:13,,19.1,,100.0,,19.1,,19.105,,52.9,,2.21,,1.45
2024-06-05 03:50:46,2024-06-05,03:50:46,19.3,,100.0,,19.3,,19.307,,315.5,,1.82,,0.97,
2024-06-05 03:51:16,2024-06-05,03:51:16,,19.1,,100.0,,19.1,,19.105,,59.6,,2.13,,1.76
2024-06-05 03:51:49,2024-06-05,03:51:49,19.3,,100.0,,19.3,,19.307,,322.5,,1.76,,1.28,
2024-06-05 03:52:20,2024-06-05,03:52:20,,19.1,,100.0,,19.1,,19.105,,54.1,,2.12,,1.59
2024-06-05 03:52:52,2024-06-05,03:52:52,19.3,,100.0,,19.3,,19.307,,328.5,,1.8,,0.92,
2024-06-05 03:53:24,2024-06-05,03:53:24,,19.1,,100.0,,19.1,,19.105,,41.5,,1.96,,0.88
2024-06-05 03:54:24,2024-06-05,03:54:24,19.3,,100.0,,19.3,,19.307,,327.7,,1.72,,1.2,
2024-06-05 03:54:27,2024-06-05,03:54:27,,19.1,,100.0,,19.1,,19.105,,31.7,,1.73,,1.31
2024-06-05 03:55:28,2024-06-05,03:55:28,19.3,,100.0,,19.3,,19.307,,324.5,,1.87,,1.16,
2024-06-05 03:55:30,2024-06-05,03:55:30,,19.1,,100.0,,19.1,,19.105,,46.4,,2.02,,1.44
2024-06-05 03:56:31,2024-06-05,03:56:31,19.3,,100.0,,19.3,,19.307,,324.8,,2.05,,1.67,
2024-06-05 03:56:34,2024-06-05,03:56:34,,19.1,,100.0,,19.1,,19.105,,25.9,,1.98,,1.11
2024-06-05 03:57:34,2024-06-05,03:57:34,19.3,,100.0,,19.3,,19.307,,327.9,,2.3,,1.57,
2024-06-05 03:57:38,2024-06-05,03:57:38,,19.1,,100.0,,19.1,,19.105,,25.3,,2.16,,0.97
2024-06-05 03:58:38,2024-06-05,03:58:38,19.3,,100.0,,19.3,,19.307,,336.3,,2.18,,1.07,
2024-06-05 03:58:41,2024-06-05,03:58:41,,19.1,,100.0,,19.1,,19.105,,357.6,,1.69,,1.08
2024-06-05 03:59:42,2024-06-05,03:59:42,19.2,,100.0,,19.2,,19.206,,325.8,,2.37,,1.7,
2024-06-05 03:59:44,2024-06-05,03:59:44,,19.1,,100.0,,19.1,,19.105,,355.7,,1.65,,1.46
2024-06-05 04:00:45,2024-06-05,04:00:45,19.2,,100.0,,19.2,,19.206,,319.7,,2.26,,1.97,
2024-06-05 04:00:48,2024-06-05,04:00:48,,19.1,,100.0,,19.1,,19.105,,343.1,,1.43,,1.15
2024-06-05 04:01:48,2024-06-05,04:01:48,19.2,,100.0,,19.2,,19.206,,321.9,,2.54,,2.21,
2024-06-05 04:01:52,2024-06-05,04:01:52,,19.0,,100.0,,19.0,,19.004,,340.3,,1.68,,1.5
2024-06-05 04:02:52,2024-06-05,04:02:52,19.1,,100.0,,19.1,,19.105,,322.3,,2.03,,1.55,
2024-06-05 04:02:56,2024-06-05,04:02:56,,19.0,,100.0,,19.0,,19.004,,337.5,,1.97,,1.44
2024-06-05 04:03:56,2024-06-05,04:03:56,19.1,,100.0,,19.1,,19.105,,325.1,,2.33,,1.72,
2024-06-05 04:03:58,2024-06-05,04:03:58,,19.0,,100.0,,19.0,,19.004,,343.1,,1.87,,1.63
2024-06-05 04:05:00,2024-06-05,04:05:00,19.1,,100.0,,19.1,,19.105,,314.7,,2.28,,1.91,
2024-06-05 04:05:02,2024-06-05,04:05:02,,18.9,,100.0,,18.9,,18.904,,342.9,,1.79,,1.51
2024-06-05 04:06:03,2024-06-05,04:06:03,19.1,,100.0,,19.1,,19.105,,323.1,,2.83,,1.76,
2024-06-05 04:06:06,2024-06-05,04:06:06,,19.0,,100.0,,19.0,,19.004,,347.7,,2.14,,1.41
2024-06-05 04:07:06,2024-06-05,04:07:06,19.1,,100.0,,19.1,,19.105,,314.2,,2.23,,1.49,
2024-06-05 04:07:09,2024-06-05,04:07:09,,19.0,,100.0,,19.0,,19.004,,352.9,,2.11,,1.22
2024-06-05 04:08:10,2024-06-05,04:08:10,19.1,,100.0,,19.1,,19.105,,323.2,,1.92,,1.33,
2024-06-05 04:08:13,2024-06-05,04:08:13,,19.0,,100.0,,19.0,,19.004,,5.1,,1.76,,1.4
2024-06-05 04:09:14,2024-06-05,04:09:14,19.1,,100.0,,19.1,,19.105,,325.3,,2.49,,1.51,
2024-06-05 04:09:16,2024-06-05,04:09:16,,19.0,,100.0,,19.0,,19.004,,354.5,,1.78,,1.21
2024-06-05 04:10:17,2024-06-05,04:10:17,19.1,,100.0,,19.1,,19.105,,322.0,,2.52,,1.17,
2024-06-05 04:10:20,2024-06-05,04:10:20,,18.9,,100.0,,18.9,,18.904,,338.1,,1.59,,1.0
2024-06-05 04:11:20,2024-06-05,04:11:20,19.1,,100.0,,19.1,,19.105,,325.2,,2.2,,1.36,
2024-06-05 04:11:23,2024-06-05,04:11:23,,18.9,,100.0,,18.9,,18.904,,354.5,,1.3,,1.02
2024-06-05 04:12:24,2024-06-05,04:12:24,19.1,,100.0,,19.1,,19.105,,328.8,,1.79,,1.23,
2024-06-05 04:12:26,2024-06-05,04:12:26,,18.9,,100.0,,18.9,,18.904,,359.0,,1.54,,1.1
2024-06-05 04:13:28,2024-06-05,04:13:28,19.0,,100.0,,19.0,,19.004,,336.0,,2.05,,1.06,
2024-06-05 04:13:30,2024-06-05,04:13:30,,18.9,,100.0,,18.9,,18.904,,26.2,,1.72,,0.82
2024-06-05 04:14:31,2024-06-05,04:14:31,19.0,,100.0,,19.0,,19.004,,329.5,,2.07,,1.32,
2024-06-05 04:14:34,2024-06-05,04:14:34,,18.9,,100.0,,18.9,,18.904,,11.9,,1.5,,1.38
2024-06-05 04:15:34,2024-06-05,04:15:34,19.0,,100.0,,19.0,,19.004,,324.6,,2.23,,1.25,
2024-06-05 04:15:38,2024-06-05,04:15:38,,18.9,,100.0,,18.9,,18.904,,27.8,,1.78,,1.42
2024-06-05 04:16:38,2024-06-05,04:16:38,19.0,,100.0,,19.0,,19.004,,336.1,,2.36,,0.84,
2024-06-05 04:16:40,2024-06-05,04:16:40,,18.8,,100.0,,18.8,,18.803,,3.5,,2.06,,1.48
2024-06-05 04:17:42,2024-06-05,04:17:42,19.0,,100.0,,19.0,,19.004,,333.7,,2.54,,1.11,
2024-06-05 04:17:44,2024-06-05,04:17:44,,18.8,,100.0,,18.8,,18.803,,20.7,,2.19,,1.81
2024-06-05 04:18:45,2024-06-05,04:18:45,19.0,,100.0,,19.0,,19.004,,325.5,,2.04,,1.01,
2024-06-05 04:18:48,2024-06-05,04:18:48,,18.9,,100.0,,18.9,,18.904,,8.9,,2.41,,2.09
2024-06-05 04:19:48,2024-06-05,04:19:48,19.0,,100.0,,19.0,,19.004,,328.9,,2.06,,1.18,
2024-06-05 04:19:52,2024-06-05,04:19:52,,18.9,,100.0,,18.9,,18.904,,7.8,,2.19,,1.83
2024-06-05 04:20:52,2024-06-05,04:20:52,18.9,,100.0,,18.9,,18.904,,326.1,,1.87,,1.29,
2024-06-05 04:20:55,2024-06-05,04:20:55,,18.8,,100.0,,18.8,,18.803,,350.3,,2.5,,1.72
2024-06-05 04:21:56,2024-06-05,04:21:56,18.9,,100.0,,18.9,,18.904,,329.5,,2.37,,1.42,
2024-06-05 04:21:58,2024-06-05,04:21:58,,18.8,,100.0,,18.8,,18.803,,354.2,,2.28,,1.81
2024-06-05 04:22:59,2024-06-05,04:22:59,18.9,,100.0,,18.9,,18.904,,331.6,,2.14,,1.67,
2024-06-05 04:23:02,2024-06-05,04:23:02,,18.8,,100.0,,18.8,,18.803,,344.2,,2.29,,1.63
2024-06-05 04:24:02,2024-06-05,04:24:02,18.9,,100.0,,18.9,,18.904,,327.3,,2.18,,1.7,
2024-06-05 04:24:05,2024-06-05,04:24:05,,18.8,,100.0,,18.8,,18.803,,351.7,,2.33,,1.76
2024-06-05 04:25:06,2024-06-05,04:25:06,18.9,,100.0,,18.9,,18.904,,322.7,,2.09,,1.27,
2024-06-05 04:25:08,2024-06-05,04:25:08,,18.8,,100.0,,18.8,,18.803,,4.0,,3.27,,2.78
2024-06-05 04:26:10,2024-06-05,04:26:10,18.9,,100.0,,18.9,,18.904,,323.4,,2.19,,1.55,
2024-06-05 04:26:12,2024-06-05,04:26:12,,18.8,,100.0,,18.8,,18.803,,3.5,,2.94,,2.52
2024-06-05 04:27:13,2024-06-05,04:27:13,18.9,,100.0,,18.9,,18.904,,319.5,,1.74,,1.25,
2024-06-05 04:27:16,2024-06-05,04:27:16,,,,,,18.8,,,,7.2,,2.83,,2.32
2024-06-05 04:28:16,2024-06-05,04:28:16,19.0,,100.0,,19.0,,19.004,,312.5,,2.31,,1.47,
2024-06-05 04:28:20,2024-06-05,04:28:20,,18.8,,100.0,,18.8,,18.803,,4.1,,2.38,,2.12
2024-06-05 04:29:20,2024-06-05,04:29:20,19.0,,100.0,,19.0,,19.004,,328.2,,2.09,,1.33,
2024-06-05 04:29:23,2024-06-05,04:29:23,,18.8,,100.0,,18.8,,18.803,,359.7,,2.24,,1.87
2024-06-05 04:30:24,2024-06-05,04:30:24,19.0,,100.0,,19.0,,19.004,,332.6,,2.27,,1.53,
2024-06-05 04:30:26,2024-06-05,04:30:26,,18.9,,100.0,,18.9,,18.904,,0.8,,2.46,,1.94
2024-06-05 04:31:27,2024-06-05,04:31:27,19.0,,100.0,,19.0,,19.004,,338.7,,2.01,,1.06,
2024-06-05 04:31:30,2024-06-05,04:31:30,,18.9,,100.0,,18.9,,18.904,,8.8,,2.38,,2.07
2024-06-05 04:32:30,2024-06-05,04:32:30,19.0,,100.0,,19.0,,19.004,,331.3,,1.56,,1.19,
2024-06-05 04:32:34,2024-06-05,04:32:34,,18.9,,100.0,,18.9,,18.904,,4.4,,2.35,,2.05
2024-06-05 04:33:34,2024-06-05,04:33:34,19.0,,100.0,,19.0,,19.004,,339.1,,1.68,,0.84,
2024-06-05 04:33:37,2024-06-05,04:33:37,,18.9,,100.0,,18.9,,18.904,,5.6,,2.35,,2.15
2024-06-05 04:34:38,2024-06-05,04:34:38,19.0,,100.0,,19.0,,19.004,,337.9,,2.49,,0.84,
2024-06-05 04:34:40,2024-06-05,04:34:40,,18.9,,100.0,,18.9,,18.904,,6.7,,2.47,,2.15
2024-06-05 04:35:41,2024-06-05,04:35:41,19.0,,100.0,,19.0,,19.004,,323.7,,2.07,,1.54,
2024-06-05 04:35:44,2024-06-05,04:35:44,,18.9,,100.0,,18.9,,18.904,,8.7,,3.03,,2.54
2024-06-05 04:36:44,2024-06-05,04:36:44,18.9,,100.0,,18.9,,18.904,,323.4,,1.79,,1.06,
2024-06-05 04:36:48,2024-06-05,04:36:48,,18.9,,100.0,,18.9,,18.904,,6.7,,3.15,,2.83
2024-06-05 04:37:48,2024-06-05,04:37:48,18.9,,100.0,,18.9,,18.904,,326.2,,1.96,,1.23,
2024-06-05 04:37:51,2024-06-05,04:37:51,,18.9,,100.0,,18.9,,18.904,,8.5,,3.25,,2.64
2024-06-05 04:38:52,2024-06-05,04:38:52,18.9,,100.0,,18.9,,18.904,,314.7,,2.37,,1.61,
2024-06-05 04:38:54,2024-06-05,04:38:54,,18.9,,100.0,,18.9,,18.904,,11.2,,3.07,,1.94
2024-06-05 04:39:55,2024-06-05,04:39:55,18.9,,100.0,,18.9,,18.904,,325.5,,2.36,,1.29,
2024-06-05 04:39:58,2024-06-05,04:39:58,,18.9,,100.0,,18.9,,18.904,,8.6,,2.58,,1.95
2024-06-05 04:40:58,2024-06-05,04:40:58,18.9,,100.0,,18.9,,18.904,,321.7,,1.72,,0.55,
2024-06-05 04:41:02,2024-06-05,04:41:02,,18.9,,100.0,,18.9,,18.904,,10.4,,2.29,,1.21
2024-06-05 04:42:02,2024-06-05,04:42:02,18.9,,100.0,,18.9,,18.904,,326.2,,1.39,,0.8,
2024-06-05 04:42:05,2024-06-05,04:42:05,,18.9,,100.0,,18.9,,18.904,,14.0,,2.48,,1.54
2024-06-05 04:43:06,2024-06-05,04:43:06,18.9,,100.0,,18.9,,18.904,,327.5,,1.57,,1.3,
2024-06-05 04:43:08,2024-06-05,04:43:08,,18.9,,100.0,,18.9,,18.904,,17.5,,2.45,,1.7
2024-06-05 04:44:09,2024-06-05,04:44:09,18.9,,100.0,,18.9,,18.904,,326.3,,2.13,,1.48,
2024-06-05 04:44:12,2024-06-05,04:44:12,,18.9,,100.0,,18.9,,18.904,,19.0,,2.86,,1.77
2024-06-05 04:45:12,2024-06-05,04:45:12,18.9,,100.0,,18.9,,18.904,,323.0,,2.1,,1.77,
2024-06-05 04:45:16,2024-06-05,04:45:16,,18.9,,100.0,,18.9,,18.904,,11.0,,2.52,,2.27
2024-06-05 04:46:16,2024-06-05,04:46:16,18.9,,100.0,,18.9,,18.904,,323.5,,2.34,,1.87,
2024-06-05 04:46:19,2024-06-05,04:46:19,,18.9,,100.0,,18.9,,18.904,,17.5,,2.47,,2.18
2024-06-05 04:47:20,2024-06-05,04:47:20,19.0,,100.0,,19.0,,19.004,,327.5,,2.23,,1.59,
2024-06-05 04:47:22,2024-06-05,04:47:22,,18.9,,100.0,,18.9,,18.904,,2.8,,3.09,,2.5
2024-06-05 04:48:23,2024-06-05,04:48:23,19.0,,100.0,,19.0,,19.004,,329.0,,2.43,,1.9,
2024-06-05 04:48:26,2024-06-05,04:48:26,,19.0,,100.0,,19.0,,19.004,,5.0,,3.03,,2.51
2024-06-05 04:49:26,2024-06-05,04:49:26,19.0,,100.0,,19.0,,19.004,,334.4,,2.71,,1.47,
2024-06-05 04:49:30,2024-06-05,04:49:30,,18.9,,100.0,,18.9,,18.904,,8.3,,3.41,,2.21
2024-06-05 04:50:30,2024-06-05,04:50:30,19.0,,100.0,,19.0,,19.004,,330.5,,2.27,,1.65,
2024-06-05 04:50:33,2024-06-05,04:50:33,,19.0,,100.0,,19.0,,19.004,,8.5,,3.19,,2.74
2024-06-05 04:51:34,2024-06-05,04:51:34,19.0,,100.0,,19.0,,19.004,,324.0,,2.02,,1.42,
2024-06-05 04:51:36,2024-06-05,04:51:36,,18.9,,100.0,,18.9,,18.904,,9.8,,3.13,,1.8
2024-06-05 04:52:37,2024-06-05,04:52:37,19.0,,100.0,,19.0,,19.004,,331.8,,1.97,,0.86,
2024-06-05 04:52:40,2024-06-05,04:52:40,,18.9,,100.0,,18.9,,18.904,,21.6,,2.96,,2.3
2024-06-05 04:53:40,2024-06-05,04:53:40,19.0,,100.0,,19.0,,19.004,,326.2,,1.75,,1.29,
2024-06-05 04:53:44,2024-06-05,04:53:44,,18.9,,100.0,,18.9,,18.904,,10.0,,3.78,,2.32
2024-06-05 04:54:44,2024-06-05,04:54:44,19.0,,100.0,,19.0,,19.004,,327.1,,2.11,,1.44,
2024-06-05 04:54:47,2024-06-05,04:54:47,,18.8,,100.0,,18.8,,18.803,,14.4,,3.49,,2.18
2024-06-05 04:55:48,2024-06-05,04:55:48,19.0,,100.0,,19.0,,19.004,,322.8,,2.41,,1.85,
2024-06-05 04:55:50,2024-06-05,04:55:50,,18.8,,100.0,,18.8,,18.803,,5.3,,3.89,,3.59
2024-06-05 04:56:51,2024-06-05,04:56:51,19.0,,100.0,,19.0,,19.004,,328.6,,2.21,,1.33,
2024-06-05 04:56:54,2024-06-05,04:56:54,,18.8,,100.0,,18.8,,18.803,,2.2,,3.8,,3.38
2024-06-05 04:57:54,2024-06-05,04:57:54,19.1,,100.0,,19.1,,19.105,,5.5,,0.78,,0.38,
2024-06-05 04:57:58,2024-06-05,04:57:58,,18.8,,100.0,,18.8,,18.803,,13.8,,4.29,,2.55
2024-06-05 04:58:58,2024-06-05,04:58:58,19.1,,100.0,,19.1,,19.105,,340.8,,0.37,,0.2,
2024-06-05 04:59:01,2024-06-05,04:59:01,,18.8,,100.0,,18.8,,18.803,,5.2,,3.81,,2.78
2024-06-05 05:00:02,2024-06-05,05:00:02,19.1,,100.0,,19.1,,19.105,,357.4,,0.5,,0.36,
2024-06-05 05:00:04,2024-06-05,05:00:04,,18.8,,100.0,,18.8,,18.803,,12.3,,3.59,,2.54
2024-06-05 05:01:05,2024-06-05,05:01:05,19.1,,100.0,,19.1,,19.105,,329.9,,0.6,,0.4,
2024-06-05 05:01:08,2024-06-05,05:01:08,,18.8,,100.0,,18.8,,18.803,,2.5,,3.86,,3.6
2024-06-05 05:02:08,2024-06-05,05:02:08,19.1,,100.0,,19.1,,19.105,,327.8,,0.65,,0.3,
2024-06-05 05:02:12,2024-06-05,05:02:12,,18.8,,100.0,,18.8,,18.803,,6.8,,4.53,,3.32
2024-06-05 05:03:12,2024-06-05,05:03:12,19.2,,100.0,,19.2,,19.206,,326.9,,0.79,,0.42,
2024-06-05 05:03:15,2024-06-05,05:03:15,,18.9,,100.0,,18.9,,18.904,,2.8,,4.21,,2.91
2024-06-05 05:04:16,2024-06-05,05:04:16,19.2,,100.0,,19.2,,19.206,,338.9,,0.65,,0.44,
2024-06-05 05:04:18,2024-06-05,05:04:18,,19.0,,100.0,,19.0,,19.004,,7.8,,3.79,,3.45
2024-06-05 05:05:20,2024-06-05,05:05:20,19.2,,100.0,,19.2,,19.206,,339.8,,0.68,,0.52,
2024-06-05 05:05:22,2024-06-05,05:05:22,,19.0,,100.0,,19.0,,19.004,,2.8,,4.04,,2.53
2024-06-05 05:06:22,2024-06-05,05:06:22,19.2,,100.0,,19.2,,19.206,,326.3,,0.56,,0.32,
2024-06-05 05:06:26,2024-06-05,05:06:26,,19.1,,100.0,,19.1,,19.105,,7.8,,3.35,,2.42
2024-06-05 05:07:26,2024-06-05,05:07:26,19.2,,100.0,,19.2,,19.206,,343.0,,0.55,,0.33,
2024-06-05 05:07:29,2024-06-05,05:07:29,,19.1,,100.0,,19.1,,19.105,,6.2,,3.0,,1.52
2024-06-05 05:08:30,2024-06-05,05:08:30,19.3,,100.0,,19.3,,19.307,,20.0,,0.43,,0.29,
2024-06-05 05:08:32,2024-06-05,05:08:32,,19.2,,100.0,,19.2,,19.206,,24.3,,2.61,,1.13
2024-06-05 05:09:33,2024-06-05,05:09:33,19.3,,100.0,,19.3,,19.307,,340.5,,0.39,,0.21,
2024-06-05 05:09:36,2024-06-05,05:09:36,,19.1,,99.9,,19.2,,19.194,,11.1,,2.96,,1.99
2024-06-05 05:10:36,2024-06-05,05:10:36,19.4,,100.0,,19.4,,19.407,,14.7,,0.46,,0.35,
2024-06-05 05:10:40,2024-06-05,05:10:40,,19.0,,98.8,,19.2,,19.059,,40.5,,3.17,,1.27
2024-06-05 05:11:40,2024-06-05,05:11:40,19.3,,100.0,,19.3,,19.307,,17.0,,0.82,,0.36,
2024-06-05 05:11:43,2024-06-05,05:11:43,,18.9,,97.8,,19.3,,19.037,,12.8,,2.58,,1.62
2024-06-05 05:12:44,2024-06-05,05:12:44,19.3,,100.0,,19.3,,19.307,,12.3,,0.63,,0.35,
2024-06-05 05:12:46,2024-06-05,05:12:46,,18.8,,97.0,,19.3,,18.938,,22.9,,2.81,,1.54
2024-06-05 05:13:47,2024-06-05,05:13:47,19.3,,100.0,,19.3,,19.307,,34.5,,0.63,,0.49,
2024-06-05 05:13:50,2024-06-05,05:13:50,,18.8,,96.1,,19.3,,18.828,,35.4,,3.26,,1.85
2024-06-05 05:14:51,2024-06-05,05:14:51,19.3,,100.0,,19.3,,19.307,,37.1,,1.2,,0.43,
2024-06-05 05:14:54,2024-06-05,05:14:54,,18.6,,95.3,,19.4,,18.83,,39.5,,3.15,,1.48
2024-06-05 05:15:54,2024-06-05,05:15:54,19.3,,100.0,,19.3,,19.307,,31.0,,0.85,,0.61,
2024-06-05 05:15:57,2024-06-05,05:15:57,,18.5,,94.5,,19.4,,18.732,,35.4,,2.88,,1.51
2024-06-05 05:16:58,2024-06-05,05:16:58,19.3,,100.0,,19.3,,19.307,,19.0,,1.11,,0.62,
2024-06-05 05:17:00,2024-06-05,05:17:00,,18.4,,93.7,,19.5,,18.733,,12.6,,3.31,,2.28
2024-06-05 05:18:01,2024-06-05,05:18:01,19.3,,100.0,,19.3,,19.307,,10.5,,1.34,,0.43,
2024-06-05 05:18:04,2024-06-05,05:18:04,,18.3,,92.9,,19.5,,18.635,,27.4,,3.74,,2.94
2024-06-05 05:19:05,2024-06-05,05:19:05,19.4,,100.0,,19.4,,19.407,,8.9,,1.15,,0.88,
2024-06-05 05:19:08,2024-06-05,05:19:08,,18.3,,92.2,,19.6,,18.648,,23.1,,4.46,,3.22
2024-06-05 05:20:08,2024-06-05,05:20:08,19.4,,100.0,,19.4,,19.407,,28.9,,1.85,,0.8,
2024-06-05 05:20:11,2024-06-05,05:20:11,,18.1,,91.4,,19.6,,18.549,,41.6,,4.39,,3.32
2024-06-05 05:21:12,2024-06-05,05:21:12,19.5,,100.0,,19.5,,19.508,,1.0,,1.14,,0.52,
2024-06-05 05:21:14,2024-06-05,05:21:14,,18.1,,90.7,,19.7,,18.562,,31.7,,4.58,,2.65
2024-06-05 05:22:16,2024-06-05,05:22:16,19.5,,100.0,,19.5,,19.508,,330.6,,1.16,,0.23,
2024-06-05 05:22:18,2024-06-05,05:22:18,,18.0,,90.0,,19.7,,18.476,,31.3,,4.97,,1.61
2024-06-05 05:23:19,2024-06-05,05:23:19,19.6,,100.0,,19.6,,19.609,,7.5,,1.39,,1.18,
2024-06-05 05:23:22,2024-06-05,05:23:22,,18.0,,89.4,,19.8,,18.5,,46.1,,2.96,,2.07
2024-06-05 05:24:22,2024-06-05,05:24:22,19.7,,100.0,,19.7,,19.709,,7.4,,1.52,,1.16,
2024-06-05 05:24:25,2024-06-05,05:24:25,,18.0,,89.0,,19.9,,18.549,,15.0,,4.18,,2.44
2024-06-05 05:25:26,2024-06-05,05:25:26,19.8,,100.0,,19.8,,19.81,,2.4,,1.79,,1.2,
2024-06-05 05:25:28,2024-06-05,05:25:28,,18.0,,88.5,,20.0,,18.585,,9.8,,4.47,,3.49
2024-06-05 05:26:30,2024-06-05,05:26:30,19.9,,100.0,,19.9,,19.911,,9.8,,1.37,,0.81,
2024-06-05 05:26:32,2024-06-05,05:26:32,,18.0,,87.8,,20.1,,18.596,,6.4,,5.54,,2.36
2024-06-05 05:27:32,2024-06-05,05:27:32,19.9,,100.0,,19.9,,19.911,,316.8,,1.3,,0.4,
2024-06-05 05:27:36,2024-06-05,05:27:36,,17.9,,87.3,,20.1,,18.534,,17.3,,5.87,,4.46
2024-06-05 05:28:36,2024-06-05,05:28:36,20.0,,100.0,,20.0,,20.012,,349.2,,0.92,,0.54,
2024-06-05 05:28:39,2024-06-05,05:28:39,,17.8,,86.9,,20.1,,18.485,,21.1,,5.96,,2.69
2024-06-05 05:29:40,2024-06-05,05:29:40,20.0,,100.0,,20.0,,20.012,,78.1,,1.09,,0.28,
2024-06-05 05:29:42,2024-06-05,05:29:42,,17.9,,86.6,,20.2,,18.545,,13.8,,3.96,,2.76
2024-06-05 05:30:44,2024-06-05,05:30:44,20.0,,100.0,,20.0,,20.012,,73.6,,1.05,,0.59,
2024-06-05 05:30:46,2024-06-05,05:30:46,,17.9,,86.8,,20.2,,18.57,,40.1,,3.87,,1.71
2024-06-05 05:31:47,2024-06-05,05:31:47,20.0,,100.0,,20.0,,20.012,,111.3,,0.8,,0.08,
2024-06-05 05:31:50,2024-06-05,05:31:50,,17.9,,86.7,,20.2,,18.558,,40.8,,4.6,,2.18
2024-06-05 05:32:50,2024-06-05,05:32:50,20.0,,100.0,,20.0,,20.012,,69.6,,1.01,,0.24,
2024-06-05 05:32:53,2024-06-05,05:32:53,,17.9,,86.5,,20.2,,18.533,,52.0,,3.94,,1.69
2024-06-05 05:33:54,2024-06-05,05:33:54,20.0,,100.0,,20.0,,20.012,,53.2,,0.57,,0.33,
2024-06-05 05:33:56,2024-06-05,05:33:56,,17.9,,86.7,,20.2,,18.558,,43.7,,3.73,,2.52
2024-06-05 05:34:58,2024-06-05,05:34:58,20.0,,100.0,,20.0,,20.012,,41.7,,0.53,,0.31,
2024-06-05 05:35:00,2024-06-05,05:35:00,,18.0,,86.9,,20.2,,18.582,,33.5,,3.43,,1.75
2024-06-05 05:36:01,2024-06-05,05:36:01,20.0,,100.0,,20.0,,20.012,,355.1,,0.64,,0.07,
2024-06-05 05:36:04,2024-06-05,05:36:04,,17.9,,86.8,,20.2,,18.57,,56.3,,3.06,,0.85
2024-06-05 05:37:04,2024-06-05,05:37:04,20.0,,100.0,,20.0,,20.012,,342.8,,0.93,,0.5,
2024-06-05 05:37:07,2024-06-05,05:37:07,,18.0,,86.9,,20.2,,18.582,,22.8,,3.34,,2.85
2024-06-05 05:38:08,2024-06-05,05:38:08,20.1,,100.0,,20.1,,20.112,,354.3,,0.97,,0.74,
2024-06-05 05:38:10,2024-06-05,05:38:10,,17.9,,87.0,,20.1,,18.497,,22.5,,3.67,,2.88
2024-06-05 05:39:12,2024-06-05,05:39:12,20.1,,100.0,,20.1,,20.112,,20.2,,2.28,,0.61,
2024-06-05 05:39:14,2024-06-05,05:39:14,,17.9,,87.1,,20.1,,18.51,,13.8,,4.26,,3.12
2024-06-05 05:40:14,2024-06-05,05:40:14,20.1,,100.0,,20.1,,20.112,,345.1,,1.01,,0.89,
2024-06-05 05:40:18,2024-06-05,05:40:18,,17.9,,87.2,,20.1,,18.522,,15.8,,5.77,,4.68
2024-06-05 05:41:18,2024-06-05,05:41:18,20.1,,100.0,,20.1,,20.112,,7.4,,1.0,,0.81,
2024-06-05 05:41:21,2024-06-05,05:41:21,,17.9,,87.3,,20.1,,18.534,,3.3,,5.79,,3.7
2024-06-05 05:42:22,2024-06-05,05:42:22,20.1,,100.0,,20.1,,20.112,,324.3,,1.21,,0.53,
2024-06-05 05:42:24,2024-06-05,05:42:24,,18.0,,87.6,,20.1,,18.572,,8.9,,5.94,,4.6
2024-06-05 05:43:26,2024-06-05,05:43:26,20.1,,100.0,,20.1,,20.112,,40.7,,0.89,,0.43,
2024-06-05 05:43:28,2024-06-05,05:43:28,,18.0,,87.8,,20.1,,18.596,,10.2,,6.49,,4.8
2024-06-05 05:44:29,2024-06-05,05:44:29,20.1,,100.0,,20.1,,20.112,,14.1,,0.53,,0.1,
2024-06-05 05:44:32,2024-06-05,05:44:32,,18.0,,88.3,,20.0,,18.56,,15.8,,6.72,,4.29
2024-06-05 05:45:32,2024-06-05,05:45:32,20.1,,100.0,,20.1,,20.112,,102.3,,0.75,,0.4,
2024-06-05 05:45:35,2024-06-05,05:45:35,,18.0,,88.8,,20.0,,18.622,,15.4,,5.32,,3.05
2024-06-05 05:46:36,2024-06-05,05:46:36,20.1,,100.0,,20.1,,20.112,,40.5,,1.13,,0.66,
2024-06-05 05:46:38,2024-06-05,05:46:38,,18.1,,89.2,,20.0,,18.672,,23.6,,4.98,,2.56
2024-06-05 05:47:40,2024-06-05,05:47:40,20.1,,100.0,,20.1,,20.112,,25.5,,1.19,,0.29,
2024-06-05 05:47:42,2024-06-05,05:47:42,,18.1,,89.6,,19.9,,18.623,,15.0,,5.58,,3.52
2024-06-05 05:48:43,2024-06-05,05:48:43,20.0,,100.0,,20.0,,20.012,,44.1,,1.4,,0.67,
2024-06-05 05:48:46,2024-06-05,05:48:46,,18.2,,90.1,,19.9,,18.685,,10.1,,4.76,,2.29
2024-06-05 05:49:46,2024-06-05,05:49:46,20.0,,100.0,,20.0,,20.012,,76.4,,0.7,,0.37,
2024-06-05 05:49:49,2024-06-05,05:49:49,,18.3,,90.5,,19.9,,18.734,,26.5,,4.78,,3.01
2024-06-05 05:50:50,2024-06-05,05:50:50,20.0,,100.0,,20.0,,20.012,,35.4,,0.97,,0.39,
2024-06-05 05:50:52,2024-06-05,05:50:52,,18.3,,90.7,,19.9,,18.759,,25.2,,4.85,,1.6
2024-06-05 05:51:54,2024-06-05,05:51:54,20.0,,100.0,,20.0,,20.012,,26.7,,1.4,,0.23,
2024-06-05 05:51:56,2024-06-05,05:51:56,,18.4,,91.0,,19.8,,18.698,,10.2,,5.27,,3.09
2024-06-05 05:52:57,2024-06-05,05:52:57,20.0,,100.0,,20.0,,20.012,,32.9,,1.35,,0.44,
2024-06-05 05:53:00,2024-06-05,05:53:00,,18.3,,91.4,,19.8,,18.747,,25.3,,4.31,,1.84
2024-06-05 05:54:00,2024-06-05,05:54:00,20.0,,100.0,,20.0,,20.012,,8.7,,1.13,,0.21,
2024-06-05 05:54:03,2024-06-05,05:54:03,,18.3,,91.4,,19.8,,18.747,,24.6,,4.95,,3.85
2024-06-05 05:55:04,2024-06-05,05:55:04,19.9,,100.0,,19.9,,19.911,,7.0,,1.8,,1.37,
2024-06-05 05:55:06,2024-06-05,05:55:06,,18.4,,91.6,,19.8,,18.772,,26.3,,5.35,,2.0
2024-06-05 05:56:08,2024-06-05,05:56:08,19.9,,100.0,,19.9,,19.911,,355.8,,1.33,,0.66,
2024-06-05 05:56:10,2024-06-05,05:56:10,,18.4,,91.7,,19.8,,18.784,,16.2,,4.7,,3.01
2024-06-05 05:57:11,2024-06-05,05:57:11,19.9,,100.0,,19.9,,19.911,,31.2,,0.8,,0.4,
2024-06-05 05:57:14,2024-06-05,05:57:14,,18.3,,91.9,,19.7,,18.71,,19.1,,4.25,,2.3
2024-06-05 05:58:14,2024-06-05,05:58:14,19.9,,100.0,,19.9,,19.911,,15.9,,1.8,,1.14,
2024-06-05 05:58:17,2024-06-05,05:58:17,,18.3,,92.0,,19.7,,18.722,,17.3,,3.85,,2.78
2024-06-05 05:59:18,2024-06-05,05:59:18,19.9,,100.0,,19.9,,19.911,,9.2,,2.02,,0.47,
2024-06-05 05:59:20,2024-06-05,05:59:20,,18.4,,92.2,,19.7,,18.747,,32.4,,3.99,,2.26
2024-06-05 06:00:22,2024-06-05,06:00:22,19.8,,100.0,,19.8,,19.81,,22.4,,1.07,,0.87,
2024-06-05 06:00:24,2024-06-05,06:00:24,,18.4,,92.2,,19.7,,18.747,,31.8,,4.84,,2.4
2024-06-05 06:01:25,2024-06-05,06:01:25,19.9,,100.0,,19.9,,19.911,,10.2,,1.71,,0.65,
2024-06-05 06:01:28,2024-06-05,06:01:28,,18.4,,92.5,,19.7,,18.784,,31.2,,4.69,,2.9
2024-06-05 06:02:28,2024-06-05,06:02:28,19.9,,100.0,,19.9,,19.911,,42.2,,1.13,,0.6,
2024-06-05 06:02:31,2024-06-05,06:02:31,,18.4,,92.3,,19.7,,18.759,,12.8,,4.53,,3.29
2024-06-05 06:03:32,2024-06-05,06:03:32,19.8,,100.0,,19.8,,19.81,,14.9,,1.87,,0.94,
2024-06-05 06:03:34,2024-06-05,06:03:34,,18.4,,92.4,,19.7,,18.771,,15.2,,4.58,,2.97
2024-06-05 06:04:36,2024-06-05,06:04:36,19.8,,100.0,,19.8,,19.81,,49.2,,1.09,,0.62,
2024-06-05 06:04:38,2024-06-05,06:04:38,,18.4,,92.3,,19.7,,18.759,,22.8,,4.32,,3.23
2024-06-05 06:05:39,2024-06-05,06:05:39,19.8,,100.0,,19.8,,19.81,,42.3,,0.98,,0.33,
2024-06-05 06:05:42,2024-06-05,06:05:42,,18.2,,92.0,,19.6,,18.623,,19.2,,4.91,,3.42
2024-06-05 06:06:42,2024-06-05,06:06:42,19.8,,100.0,,19.8,,19.81,,25.9,,0.72,,0.38,
2024-06-05 06:06:45,2024-06-05,06:06:45,,18.2,,92.0,,19.6,,18.623,,15.5,,3.89,,2.19
2024-06-05 06:07:46,2024-06-05,06:07:46,19.8,,100.0,,19.8,,19.81,,30.7,,1.23,,0.57,
2024-06-05 06:07:48,2024-06-05,06:07:48,,18.1,,91.5,,19.6,,18.562,,21.6,,4.52,,2.99
2024-06-05 06:08:50,2024-06-05,06:08:50,19.8,,100.0,,19.8,,19.81,,9.2,,0.79,,0.62,
2024-06-05 06:08:52,2024-06-05,06:08:52,,18.1,,91.3,,19.6,,18.537,,20.0,,4.46,,3.7
2024-06-05 06:09:53,2024-06-05,06:09:53,19.8,,100.0,,19.8,,19.81,,338.8,,1.31,,0.41,
2024-06-05 06:09:56,2024-06-05,06:09:56,,18.1,,90.8,,19.6,,18.475,,22.4,,5.12,,2.3
2024-06-05 06:10:56,2024-06-05,06:10:56,19.9,,100.0,,19.9,,19.911,,355.5,,1.28,,0.89,
2024-06-05 06:10:59,2024-06-05,06:10:59,,18.0,,90.2,,19.6,,18.402,,26.0,,4.48,,2.18
2024-06-05 06:12:00,2024-06-05,06:12:00,19.9,,100.0,,19.9,,19.911,,333.1,,0.97,,0.51,
2024-06-05 06:12:02,2024-06-05,06:12:02,,18.0,,89.7,,19.7,,18.439,,18.5,,4.15,,2.58
2024-06-05 06:13:04,2024-06-05,06:13:04,19.9,,100.0,,19.9,,19.911,,355.7,,0.81,,0.38,
2024-06-05 06:13:06,2024-06-05,06:13:06,,17.9,,89.1,,19.7,,18.365,,16.8,,4.44,,3.12
2024-06-05 06:14:07,2024-06-05,06:14:07,20.0,,100.0,,20.0,,20.012,,359.6,,0.67,,0.39,
2024-06-05 06:14:10,2024-06-05,06:14:10,,17.8,,88.6,,19.7,,18.303,,9.9,,4.89,,3.91
2024-06-05 06:15:10,2024-06-05,06:15:10,20.0,,100.0,,20.0,,20.012,,344.9,,1.06,,0.51,
2024-06-05 06:15:13,2024-06-05,06:15:13,,17.6,,87.9,,19.7,,18.217,,15.6,,5.08,,4.3
2024-06-05 06:16:14,2024-06-05,06:16:14,20.0,,100.0,,20.0,,20.012,,356.5,,0.78,,0.62,
2024-06-05 06:16:16,2024-06-05,06:16:16,,17.6,,87.4,,19.8,,18.253,,3.5,,4.52,,3.56
2024-06-05 06:17:18,2024-06-05,06:17:18,20.0,,100.0,,20.0,,20.012,,334.0,,0.8,,0.52,
2024-06-05 06:17:20,2024-06-05,06:17:20,,17.5,,86.7,,19.8,,18.167,,1.2,,4.49,,3.15
2024-06-05 06:18:21,2024-06-05,06:18:21,20.0,,100.0,,20.0,,20.012,,319.6,,1.22,,0.78,
2024-06-05 06:18:24,2024-06-05,06:18:24,,17.5,,86.1,,19.9,,18.19,,0.2,,3.9,,3.01
2024-06-05 06:19:24,2024-06-05,06:19:24,20.0,,100.0,,20.0,,20.012,,349.9,,1.11,,0.91,
2024-06-05 06:19:27,2024-06-05,06:19:27,,17.4,,85.8,,19.9,,18.153,,0.1,,4.45,,2.02
2024-06-05 06:20:28,2024-06-05,06:20:28,20.1,,100.0,,20.1,,20.112,,333.9,,1.65,,0.62,
2024-06-05 06:20:30,2024-06-05,06:20:30,,17.4,,85.4,,20.0,,18.201,,354.6,,3.98,,2.87
2024-06-05 06:21:32,2024-06-05,06:21:32,20.1,,100.0,,20.1,,20.112,,348.2,,1.33,,0.89,
2024-06-05 06:21:34,2024-06-05,06:21:34,,17.4,,85.3,,20.0,,18.189,,3.0,,3.34,,2.75
2024-06-05 06:22:35,2024-06-05,06:22:35,20.1,,100.0,,20.1,,20.112,,345.9,,1.49,,1.23,
2024-06-05 06:22:38,2024-06-05,06:22:38,,17.4,,85.0,,20.0,,18.151,,1.7,,4.71,,3.56
2024-06-05 06:23:38,2024-06-05,06:23:38,20.1,,100.0,,20.1,,20.112,,355.4,,1.35,,1.21,
2024-06-05 06:23:41,2024-06-05,06:23:41,,17.3,,84.7,,20.0,,18.114,,352.0,,4.72,,3.34
2024-06-05 06:24:42,2024-06-05,06:24:42,20.2,,100.0,,20.2,,20.213,,331.1,,1.0,,0.49,
2024-06-05 06:24:44,2024-06-05,06:24:44,,17.2,,84.3,,20.0,,18.065,,7.1,,4.97,,4.14
2024-06-05 06:25:46,2024-06-05,06:25:46,20.1,,100.0,,20.1,,20.112,,355.5,,1.1,,0.81,
2024-06-05 06:25:48,2024-06-05,06:25:48,,17.2,,84.0,,20.0,,18.027,,10.0,,4.82,,3.71
2024-06-05 06:26:49,2024-06-05,06:26:49,20.2,,100.0,,20.2,,20.213,,330.4,,0.69,,0.57,
2024-06-05 06:26:52,2024-06-05,06:26:52,,17.2,,83.7,,20.1,,18.087,,12.4,,3.95,,3.31
2024-06-05 06:27:52,2024-06-05,06:27:52,20.2,,100.0,,20.2,,20.213,,332.5,,0.94,,0.51,
2024-06-05 06:27:55,2024-06-05,06:27:55,,17.2,,83.5,,20.1,,18.062,,4.9,,4.4,,3.45
2024-06-05 06:28:56,2024-06-05,06:28:56,20.2,,100.0,,20.2,,20.213,,23.1,,1.16,,0.71,
2024-06-05 06:28:58,2024-06-05,06:28:58,,17.2,,83.4,,20.1,,18.05,,11.2,,4.66,,3.69
2024-06-05 06:30:00,2024-06-05,06:30:00,20.2,,100.0,,20.2,,20.213,,18.1,,1.02,,0.69,
2024-06-05 06:30:02,2024-06-05,06:30:02,,17.1,,83.3,,20.1,,18.037,,9.9,,4.78,,3.51
2024-06-05 06:31:03,2024-06-05,06:31:03,20.2,,100.0,,20.2,,20.213,,0.7,,1.77,,0.51,
2024-06-05 06:31:06,2024-06-05,06:31:06,,17.1,,83.2,,20.1,,18.025,,14.7,,5.27,,4.33
2024-06-05 06:32:06,2024-06-05,06:32:06,20.2,,100.0,,20.2,,20.213,,34.6,,1.44,,0.92,
2024-06-05 06:32:09,2024-06-05,06:32:09,,17.2,,83.2,,20.2,,18.122,,19.6,,4.75,,2.76
2024-06-05 06:33:10,2024-06-05,06:33:10,20.2,,100.0,,20.2,,20.213,,349.8,,1.41,,0.63,
2024-06-05 06:33:12,2024-06-05,06:33:12,,17.2,,83.2,,20.2,,18.122,,17.3,,4.23,,2.94
2024-06-05 06:34:14,2024-06-05,06:34:14,20.2,,100.0,,20.2,,20.213,,356.5,,0.81,,0.44,
2024-06-05 06:34:16,2024-06-05,06:34:16,,17.2,,83.1,,20.2,,18.109,,8.7,,3.33,,2.25
2024-06-05 06:35:17,2024-06-05,06:35:17,20.2,,100.0,,20.2,,20.213,,8.2,,0.95,,0.45,
2024-06-05 06:35:20,2024-06-05,06:35:20,,17.2,,83.1,,20.2,,18.109,,24.9,,3.73,,2.76
2024-06-05 06:36:20,2024-06-05,06:36:20,20.2,,100.0,,20.2,,20.213,,50.6,,0.92,,0.52,
2024-06-05 06:36:23,2024-06-05,06:36:23,,17.2,,83.1,,20.2,,18.109,,45.1,,3.27,,1.75
2024-06-05 06:37:24,2024-06-05,06:37:24,20.2,,100.0,,20.2,,20.213,,53.1,,0.79,,0.41,
2024-06-05 06:37:26,2024-06-05,06:37:26,,17.2,,83.1,,20.2,,18.109,,23.1,,2.81,,2.01
2024-06-05 06:38:28,2024-06-05,06:38:28,20.2,,100.0,,20.2,,20.213,,22.0,,1.72,,0.57,
2024-06-05 06:38:30,2024-06-05,06:38:30,,17.2,,83.0,,20.2,,18.097,,52.4,,3.85,,1.29
2024-06-05 06:39:31,2024-06-05,06:39:31,20.2,,100.0,,20.2,,20.213,,52.8,,0.94,,0.36,
2024-06-05 06:39:34,2024-06-05,06:39:34,,17.2,,83.0,,20.2,,18.097,,52.6,,3.38,,2.55
2024-06-05 06:40:34,2024-06-05,06:40:34,20.2,,100.0,,20.2,,20.213,,29.6,,0.92,,0.4,
2024-06-05 06:40:37,2024-06-05,06:40:37,,17.1,,82.8,,20.2,,18.072,,41.1,,4.88,,3.49
2024-06-05 06:41:38,2024-06-05,06:41:38,20.2,,100.0,,20.2,,20.213,,2.7,,0.97,,0.77,
2024-06-05 06:41:40,2024-06-05,06:41:40,,17.1,,82.6,,20.2,,18.047,,37.9,,4.18,,3.48
2024-06-05 06:42:42,2024-06-05,06:42:42,20.2,,100.0,,20.2,,20.213,,353.5,,1.35,,0.88,
2024-06-05 06:42:44,2024-06-05,06:42:44,,17.1,,82.4,,20.2,,18.022,,28.3,,3.29,,2.26
2024-06-05 06:43:45,2024-06-05,06:43:45,20.2,,100.0,,20.2,,20.213,,54.9,,1.85,,0.64,
2024-06-05 06:43:48,2024-06-05,06:43:48,,17.1,,82.1,,20.3,,18.081,,22.4,,4.1,,2.99
2024-06-05 06:44:48,2024-06-05,06:44:48,20.2,,100.0,,20.2,,20.213,,2.3,,1.43,,1.08,
2024-06-05 06:44:51,2024-06-05,06:44:51,,17.0,,81.8,,20.3,,18.044,,30.0,,4.77,,3.36
2024-06-05 06:45:52,2024-06-05,06:45:52,20.3,,100.0,,20.2,,20.213,,44.7,,1.41,,0.82,
2024-06-05 06:45:54,2024-06-05,06:45:54,,17.0,,81.5,,20.3,,18.006,,23.5,,4.39,,3.02
2024-06-05 06:46:56,2024-06-05,06:46:56,,,,,20.3,,,,20.3,,10.0,,1.02,
2024-06-05 06:46:58,2024-06-05,06:46:58,,,,,,17.0,,,,20.3,,8.12,,4.26
2024-06-05 06:47:59,2024-06-05,06:47:59,20.3,,100.0,,20.3,,20.314,,20.7,,0.71,,0.48,
2024-06-05 06:48:02,2024-06-05,06:48:02,,16.9,,81.0,,20.3,,17.944,,31.4,,4.15,,2.58
2024-06-05 06:49:02,2024-06-05,06:49:02,20.3,,100.0,,20.3,,20.314,,335.6,,1.3,,0.96,
2024-06-05 06:49:05,2024-06-05,06:49:05,,17.0,,80.8,,20.4,,18.015,,43.0,,5.16,,3.22
2024-06-05 06:50:06,2024-06-05,06:50:06,20.4,,100.0,,20.4,,20.414,,48.1,,1.41,,0.32,
2024-06-05 06:50:08,2024-06-05,06:50:08,,17.0,,80.7,,20.4,,18.002,,27.7,,5.57,,2.35
2024-06-05 06:51:10,2024-06-05,06:51:10,20.4,,100.0,,20.4,,20.414,,29.8,,1.89,,1.01,
2024-06-05 06:51:12,2024-06-05,06:51:12,,17.0,,80.6,,20.4,,17.99,,39.9,,5.67,,5.27
2024-06-05 06:52:13,2024-06-05,06:52:13,20.3,,100.0,,20.3,,20.314,,329.3,,3.2,,0.41,
2024-06-05 06:52:16,2024-06-05,06:52:16,,16.9,,80.4,,20.4,,17.965,,27.9,,6.23,,3.4
2024-06-05 06:53:16,2024-06-05,06:53:16,20.4,,100.0,,20.4,,20.414,,91.6,,1.33,,0.38,
2024-06-05 06:53:19,2024-06-05,06:53:19,,16.9,,80.4,,20.4,,17.965,,42.0,,4.79,,3.72
2024-06-05 06:54:20,2024-06-05,06:54:20,20.4,,100.0,,20.4,,20.414,,16.8,,1.14,,0.28,
2024-06-05 06:54:22,2024-06-05,06:54:22,,17.0,,80.6,,20.4,,17.99,,29.1,,3.92,,1.88
2024-06-05 06:55:24,2024-06-05,06:55:24,20.4,,100.0,,20.4,,20.414,,39.4,,1.25,,0.79,
2024-06-05 06:55:26,2024-06-05,06:55:26,,17.1,,80.9,,20.5,,18.124,,40.9,,5.83,,3.71
2024-06-05 06:56:27,2024-06-05,06:56:27,20.4,,100.0,,20.4,,20.414,,35.0,,1.39,,0.41,
2024-06-05 06:56:30,2024-06-05,06:56:30,,17.0,,81.2,,20.4,,18.065,,41.5,,6.65,,3.09
2024-06-05 06:57:30,2024-06-05,06:57:30,20.4,,100.0,,20.4,,20.414,,358.5,,1.6,,0.88,
2024-06-05 06:57:33,2024-06-05,06:57:33,,17.2,,81.8,,20.4,,18.14,,37.3,,5.26,,3.34
2024-06-05 06:58:34,2024-06-05,06:58:34,20.3,,100.0,,20.3,,20.314,,17.1,,1.32,,0.96,
2024-06-05 06:58:36,2024-06-05,06:58:36,,17.2,,82.4,,20.3,,18.119,,33.6,,4.12,,2.21
2024-06-05 06:59:38,2024-06-05,06:59:38,20.3,,100.0,,20.3,,20.314,,11.1,,1.52,,0.93,
2024-06-05 06:59:40,2024-06-05,06:59:40,,17.3,,83.0,,20.3,,18.194,,16.9,,4.14,,2.79
2024-06-05 07:00:41,2024-06-05,07:00:41,20.3,,100.0,,20.3,,20.314,,75.0,,1.19,,0.45,
2024-06-05 07:00:44,2024-06-05,07:00:44,,17.3,,83.5,,20.2,,18.159,,33.8,,4.55,,3.23
2024-06-05 07:01:44,2024-06-05,07:01:44,20.3,,100.0,,20.3,,20.314,,40.0,,1.17,,0.71,
2024-06-05 07:01:48,2024-06-05,07:01:48,,17.3,,83.8,,20.2,,18.197,,55.7,,4.41,,3.18
2024-06-05 07:02:48,2024-06-05,07:02:48,20.2,,100.0,,20.2,,20.213,,25.4,,1.39,,0.88,
2024-06-05 07:02:50,2024-06-05,07:02:50,,17.3,,84.0,,20.1,,18.124,,48.8,,5.65,,3.87
2024-06-05 07:03:52,2024-06-05,07:03:52,20.2,,100.0,,20.2,,20.213,,54.7,,1.3,,0.4,
2024-06-05 07:03:54,2024-06-05,07:03:54,,17.4,,84.7,,20.1,,18.211,,43.8,,4.72,,3.73
2024-06-05 07:04:55,2024-06-05,07:04:55,20.2,,100.0,,20.2,,20.213,,28.6,,1.52,,0.59,
2024-06-05 07:04:58,2024-06-05,07:04:58,,17.3,,84.7,,20.0,,18.114,,40.5,,6.38,,4.13
2024-06-05 07:05:58,2024-06-05,07:05:58,20.1,,100.0,,20.1,,20.112,,51.0,,1.12,,0.35,
2024-06-05 07:06:01,2024-06-05,07:06:01,,17.3,,84.9,,20.0,,18.139,,53.0,,5.9,,3.73
2024-06-05 07:07:02,2024-06-05,07:07:02,20.1,,100.0,,20.1,,20.112,,14.1,,1.02,,0.3,
2024-06-05 07:07:33,2024-06-05,07:07:33,,17.2,,84.9,,19.9,,18.042,,43.1,,5.38,,3.65
2024-06-05 07:08:06,2024-06-05,07:08:06,20.1,,100.0,,20.1,,20.112,,28.9,,1.37,,0.7,
2024-06-05 07:08:36,2024-06-05,07:08:36,,17.2,,84.7,,19.9,,18.017,,47.4,,6.44,,4.62
2024-06-05 07:09:09,2024-06-05,07:09:09,20.1,,100.0,,20.1,,20.112,,38.9,,1.34,,0.67,
2024-06-05 07:09:40,2024-06-05,07:09:40,,17.2,,84.4,,19.9,,17.98,,52.7,,6.21,,4.96
2024-06-05 07:10:12,2024-06-05,07:10:12,20.1,,100.0,,20.1,,20.112,,39.2,,1.51,,0.67,
2024-06-05 07:10:44,2024-06-05,07:10:44,,17.1,,84.1,,19.9,,17.943,,44.1,,5.16,,3.5
2024-06-05 07:11:16,2024-06-05,07:11:16,20.1,,100.0,,20.1,,20.112,,60.0,,1.34,,0.69,
2024-06-05 07:11:47,2024-06-05,07:11:47,,17.0,,83.8,,19.9,,17.906,,37.5,,5.45,,2.68
2024-06-05 07:12:20,2024-06-05,07:12:20,20.1,,100.0,,20.1,,20.112,,62.0,,1.58,,0.8,
2024-06-05 07:12:50,2024-06-05,07:12:50,,17.0,,83.3,,19.9,,17.844,,33.4,,5.92,,2.98
2024-06-05 07:13:23,2024-06-05,07:13:23,20.1,,100.0,,20.1,,20.112,,60.8,,1.52,,0.71,
2024-06-05 07:13:54,2024-06-05,07:13:54,,17.0,,82.9,,20.0,,17.891,,38.6,,6.77,,2.78
2024-06-05 07:14:26,2024-06-05,07:14:26,20.1,,100.0,,20.1,,20.112,,47.5,,1.68,,1.09,
2024-06-05 07:14:58,2024-06-05,07:14:58,,17.0,,82.6,,20.0,,17.854,,34.0,,5.76,,3.03
2024-06-05 07:15:30,2024-06-05,07:15:30,20.2,,100.0,,20.2,,20.213,,46.5,,1.42,,0.61,
2024-06-05 07:16:01,2024-06-05,07:16:01,,16.9,,82.2,,20.0,,17.804,,39.8,,5.44,,3.09
2024-06-05 07:16:34,2024-06-05,07:16:34,20.2,,100.0,,20.2,,20.213,,14.9,,1.14,,0.38,
2024-06-05 07:17:05,2024-06-05,07:17:05,,16.8,,81.7,,20.0,,17.742,,49.0,,6.92,,5.45
2024-06-05 07:17:37,2024-06-05,07:17:37,20.3,,100.0,,20.3,,20.314,,53.9,,1.27,,0.65,
2024-06-05 07:18:08,2024-06-05,07:18:08,,16.7,,81.5,,20.0,,17.717,,47.2,,5.31,,3.14
2024-06-05 07:18:40,2024-06-05,07:18:40,,,,,20.3,,,,20.3,,10.0,,1.62,
2024-06-05 07:19:12,2024-06-05,07:19:12,,16.8,,81.2,,20.1,,17.776,,55.6,,5.33,,4.76
2024-06-05 07:19:44,2024-06-05,07:19:44,20.2,,99.9,,20.3,,20.301,,64.3,,1.11,,0.91,
2024-06-05 07:20:16,2024-06-05,07:20:16,,16.7,,81.0,,20.1,,17.751,,60.9,,4.05,,3.26
2024-06-05 07:20:48,2024-06-05,07:20:48,20.2,,99.9,,20.3,,20.301,,52.0,,1.08,,0.23,
2024-06-05 07:21:19,2024-06-05,07:21:19,,16.7,,81.0,,20.1,,17.751,,47.9,,5.32,,3.12
2024-06-05 07:21:51,2024-06-05,07:21:51,20.3,,100.0,,20.3,,20.314,,78.5,,0.94,,0.42,
2024-06-05 07:22:22,2024-06-05,07:22:22,,16.7,,80.7,,20.1,,17.714,,62.9,,5.75,,4.07
2024-06-05 07:22:54,2024-06-05,07:22:54,20.3,,100.0,,20.3,,20.314,,92.2,,1.09,,0.46,
2024-06-05 07:23:26,2024-06-05,07:23:26,,16.6,,80.6,,20.1,,17.701,,62.1,,5.34,,1.96
2024-06-05 07:23:58,2024-06-05,07:23:58,20.4,,100.0,,20.4,,20.414,,120.3,,0.96,,0.35,
2024-06-05 07:24:30,2024-06-05,07:24:30,,16.8,,80.6,,20.2,,17.798,,68.2,,3.74,,1.66
2024-06-05 07:25:02,2024-06-05,07:25:02,20.4,,100.0,,20.4,,20.414,,67.1,,0.73,,0.11,
2024-06-05 07:25:33,2024-06-05,07:25:33,,16.8,,80.6,,20.2,,17.798,,52.8,,3.86,,1.59
2024-06-05 07:26:05,2024-06-05,07:26:05,20.5,,100.0,,20.5,,20.515,,118.6,,0.78,,0.4,
2024-06-05 07:26:36,2024-06-05,07:26:36,,16.8,,80.6,,20.2,,17.798,,76.1,,4.33,,2.07
2024-06-05 07:27:08,2024-06-05,07:27:08,,,,,20.4,,,,20.5,,9.96,,1.62,
2024-06-05 07:27:40,2024-06-05,07:27:40,,16.7,,80.4,,20.2,,17.773,,61.7,,5.7,,3.39
2024-06-05 07:28:12,2024-06-05,07:28:12,20.4,,99.5,,20.5,,20.452,,357.6,,1.84,,0.68,
2024-06-05 07:28:44,2024-06-05,07:28:44,,16.6,,80.2,,20.1,,17.652,,63.2,,6.23,,4.87
2024-06-05 07:29:16,2024-06-05,07:29:16,20.3,,99.0,,20.5,,20.39,,325.8,,2.33,,0.53,
2024-06-05 07:29:47,2024-06-05,07:29:47,,16.6,,80.1,,20.2,,17.735,,55.5,,5.79,,3.87
2024-06-05 07:30:19,2024-06-05,07:30:19,20.2,,98.2,,20.5,,20.29,,324.9,,1.96,,0.88,
2024-06-05 07:30:50,2024-06-05,07:30:50,,16.6,,79.9,,20.2,,17.71,,65.8,,5.98,,2.29
2024-06-05 07:31:22,2024-06-05,07:31:22,20.6,,100.0,,20.6,,20.616,,322.5,,2.08,,1.42,
2024-06-05 07:31:54,2024-06-05,07:31:54,,16.6,,80.0,,20.2,,17.723,,54.5,,4.74,,2.94
2024-06-05 07:32:26,2024-06-05,07:32:26,20.4,,99.2,,20.6,,20.515,,351.2,,1.62,,1.09,
2024-06-05 07:32:58,2024-06-05,07:32:58,,16.7,,80.0,,20.3,,17.819,,48.1,,3.79,,2.82
2024-06-05 07:33:30,2024-06-05,07:33:30,20.3,,98.1,,20.6,,20.377,,42.7,,1.72,,0.39,
2024-06-05 07:34:01,2024-06-05,07:34:01,,16.6,,79.8,,20.2,,17.698,,50.9,,4.84,,3.93
2024-06-05 07:34:33,2024-06-05,07:34:33,20.3,,98.4,,20.6,,20.415,,337.2,,1.86,,1.32,
2024-06-05 07:35:04,2024-06-05,07:35:04,,16.6,,79.8,,20.2,,17.698,,45.4,,4.62,,2.99
2024-06-05 07:35:36,2024-06-05,07:35:36,20.0,,97.0,,20.5,,20.139,,6.8,,1.99,,0.62,
2024-06-05 07:36:08,2024-06-05,07:36:08,,16.5,,79.3,,20.2,,17.635,,69.3,,7.17,,5.41
2024-06-05 07:36:40,2024-06-05,07:36:40,19.7,,95.3,,20.5,,19.927,,351.2,,1.29,,0.69,
2024-06-05 07:37:12,2024-06-05,07:37:12,,16.4,,78.8,,20.2,,17.573,,51.1,,5.59,,3.49
2024-06-05 07:37:44,2024-06-05,07:37:44,19.2,,92.2,,20.5,,19.539,,15.5,,1.7,,0.93,
2024-06-05 07:38:15,2024-06-05,07:38:15,,16.3,,78.1,,20.3,,17.581,,56.6,,7.14,,5.96
2024-06-05 07:38:47,2024-06-05,07:38:47,19.1,,91.4,,20.6,,19.538,,59.8,,1.78,,0.48,
2024-06-05 07:39:18,2024-06-05,07:39:18,,16.1,,77.2,,20.3,,17.468,,47.6,,7.46,,5.66
2024-06-05 07:39:50,2024-06-05,07:39:50,18.9,,89.9,,20.6,,19.35,,24.5,,1.59,,0.72,
2024-06-05 07:40:22,2024-06-05,07:40:22,,16.1,,76.4,,20.4,,17.463,,50.7,,6.09,,4.34
2024-06-05 07:40:54,2024-06-05,07:40:54,18.5,,88.0,,20.6,,19.111,,3.2,,1.66,,0.67,
2024-06-05 07:41:26,2024-06-05,07:41:26,,16.1,,76.0,,20.5,,17.507,,46.2,,6.98,,3.61
2024-06-05 07:41:58,2024-06-05,07:41:58,18.4,,87.4,,20.6,,19.036,,63.0,,1.15,,0.7,
2024-06-05 07:42:29,2024-06-05,07:42:29,,16.0,,75.5,,20.5,,17.444,,44.5,,6.2,,3.83
2024-06-05 07:43:01,2024-06-05,07:43:01,18.1,,86.1,,20.6,,18.873,,20.4,,1.37,,0.87,
2024-06-05 07:43:32,2024-06-05,07:43:32,,15.9,,74.8,,20.5,,17.356,,36.1,,6.99,,3.97
2024-06-05 07:44:04,2024-06-05,07:44:04,18.2,,85.9,,20.7,,18.946,,14.8,,1.61,,1.3,
2024-06-05 07:44:36,2024-06-05,07:44:36,,15.9,,74.4,,20.6,,17.4,,42.7,,5.94,,4.32
2024-06-05 07:45:08,2024-06-05,07:45:08,18.0,,84.7,,20.7,,18.795,,39.3,,1.81,,0.31,
2024-06-05 07:45:40,2024-06-05,07:45:40,,15.9,,74.0,,20.7,,17.443,,44.9,,6.36,,3.71
2024-06-05 07:46:12,2024-06-05,07:46:12,18.1,,84.7,,20.8,,18.892,,17.7,,2.16,,1.21,
2024-06-05 07:46:43,2024-06-05,07:46:43,,15.6,,72.3,,20.8,,17.321,,23.7,,5.57,,3.38
2024-06-05 07:47:15,2024-06-05,07:47:15,17.8,,82.4,,20.9,,18.699,,334.3,,2.68,,2.06,
2024-06-05 07:47:46,2024-06-05,07:47:46,,15.3,,70.9,,20.8,,17.142,,19.1,,5.35,,3.39
2024-06-05 07:48:18,2024-06-05,07:48:18,17.9,,82.8,,21.0,,18.846,,353.6,,1.84,,1.33,
2024-06-05 07:48:50,2024-06-05,07:48:50,,15.3,,70.8,,20.8,,17.129,,46.4,,5.89,,4.41
2024-06-05 07:49:22,2024-06-05,07:49:22,17.9,,82.7,,21.0,,18.833,,355.3,,2.0,,1.1,
2024-06-05 07:49:54,2024-06-05,07:49:54,,15.3,,70.6,,20.9,,17.197,,40.4,,5.41,,3.52
2024-06-05 07:50:26,2024-06-05,07:50:26,17.7,,81.5,,21.0,,18.681,,41.1,,1.71,,0.88,
2024-06-05 07:50:57,2024-06-05,07:50:57,,15.3,,70.4,,20.9,,17.171,,45.0,,5.19,,4.75
2024-06-05 07:51:29,2024-06-05,07:51:29,17.8,,81.7,,21.1,,18.803,,344.2,,1.96,,1.6,
2024-06-05 07:52:00,2024-06-05,07:52:00,,15.2,,70.1,,20.9,,17.133,,28.3,,5.74,,3.02
2024-06-05 07:52:32,2024-06-05,07:52:32,17.6,,80.7,,21.1,,18.676,,3.7,,2.27,,1.58,
2024-06-05 07:53:04,2024-06-05,07:53:04,,15.3,,70.0,,21.0,,17.213,,34.1,,5.22,,3.59
2024-06-05 07:53:36,2024-06-05,07:53:36,17.6,,80.1,,21.2,,18.696,,5.3,,2.67,,1.4,
2024-06-05 07:54:08,2024-06-05,07:54:08,,15.4,,69.9,,21.1,,17.293,,42.8,,5.7,,2.41
2024-06-05 07:54:40,2024-06-05,07:54:40,17.4,,79.2,,21.2,,18.581,,354.0,,2.43,,1.16,
2024-06-05 07:55:11,2024-06-05,07:55:11,,15.3,,69.8,,21.1,,17.281,,49.9,,4.69,,2.45
2024-06-05 07:55:43,2024-06-05,07:55:43,17.6,,79.4,,21.3,,18.702,,355.8,,2.0,,0.91,
2024-06-05 07:56:14,2024-06-05,07:56:14,,15.3,,69.8,,21.1,,17.281,,22.0,,3.97,,3.02
2024-06-05 07:56:46,2024-06-05,07:56:46,17.4,,78.7,,21.3,,18.613,,329.9,,2.34,,1.64,
2024-06-05 07:57:18,2024-06-05,07:57:18,,,,,,15.4,,,,21.2,,6.98,,5.37
2024-06-05 07:57:50,2024-06-05,07:57:50,17.6,,79.5,,21.3,,18.715,,9.6,,2.27,,1.11,
2024-06-05 07:58:22,2024-06-05,07:58:22,,15.4,,69.7,,21.2,,17.361,,53.3,,6.08,,1.31
2024-06-05 07:58:54,2024-06-05,07:58:54,17.6,,79.3,,21.3,,18.689,,352.7,,2.12,,1.58,
2024-06-05 07:59:25,2024-06-05,07:59:25,,15.4,,69.8,,21.2,,17.374,,31.6,,5.09,,3.68
2024-06-05 07:59:57,2024-06-05,07:59:57,17.6,,79.5,,21.3,,18.715,,355.0,,2.73,,2.07,
2024-06-05 08:00:28,2024-06-05,08:00:28,,15.5,,70.1,,21.2,,17.412,,15.4,,6.59,,3.33
2024-06-05 08:01:00,2024-06-05,08:01:00,17.6,,79.5,,21.3,,18.715,,342.3,,2.32,,1.66,
2024-06-05 08:01:32,2024-06-05,08:01:32,,15.7,,70.4,,21.3,,17.545,,3.0,,5.23,,2.89
2024-06-05 08:02:04,2024-06-05,08:02:04,17.9,,80.7,,21.3,,18.868,,346.6,,2.76,,1.17,
2024-06-05 08:02:36,2024-06-05,08:02:36,,15.7,,70.7,,21.2,,17.49,,35.9,,5.5,,2.18
2024-06-05 08:03:08,2024-06-05,08:03:08,18.0,,81.9,,21.2,,18.925,,345.9,,2.52,,1.77,
2024-06-05 08:03:39,2024-06-05,08:03:39,,15.8,,71.2,,21.2,,17.555,,8.5,,5.7,,2.96
2024-06-05 08:04:11,2024-06-05,08:04:11,18.0,,81.9,,21.2,,18.925,,338.6,,2.44,,1.14,
2024-06-05 08:04:42,2024-06-05,08:04:42,,15.8,,71.6,,21.2,,17.606,,29.6,,5.19,,4.1
2024-06-05 08:05:14,2024-06-05,08:05:14,18.2,,83.3,,21.2,,19.103,,341.6,,2.56,,1.65,
2024-06-05 08:05:46,2024-06-05,08:05:46,,15.8,,71.9,,21.1,,17.551,,28.1,,5.39,,3.48
2024-06-05 08:06:18,2024-06-05,08:06:18,18.3,,84.2,,21.1,,19.12,,340.6,,3.02,,2.11,
2024-06-05 08:06:50,2024-06-05,08:06:50,,15.9,,72.3,,21.1,,17.603,,16.4,,5.43,,2.47
2024-06-05 08:07:22,2024-06-05,08:07:22,18.4,,84.7,,21.1,,19.184,,337.2,,2.64,,1.39,
2024-06-05 08:07:53,2024-06-05,08:07:53,,16.0,,72.6,,21.1,,17.641,,13.3,,4.2,,2.32
2024-06-05 08:08:25,2024-06-05,08:08:25,18.8,,86.4,,21.2,,19.497,,352.3,,2.28,,1.29,
2024-06-05 08:08:56,2024-06-05,08:08:56,,16.0,,72.9,,21.1,,17.68,,3.6,,4.62,,3.22
2024-06-05 08:09:28,2024-06-05,08:09:28,19.0,,87.4,,21.2,,19.624,,326.1,,1.96,,1.11,
2024-06-05 08:10:00,2024-06-05,08:10:00,,16.1,,73.1,,21.1,,17.705,,33.2,,4.17,,3.11
2024-06-05 08:10:32,2024-06-05,08:10:32,19.0,,87.6,,21.2,,19.649,,348.7,,2.7,,1.14,
2024-06-05 08:11:04,2024-06-05,08:11:04,,16.1,,73.3,,21.1,,17.731,,21.6,,5.44,,2.44
2024-06-05 08:11:36,2024-06-05,08:11:36,19.1,,88.4,,21.1,,19.652,,348.9,,2.15,,1.03,
2024-06-05 08:12:07,2024-06-05,08:12:07,,16.1,,73.5,,21.1,,17.757,,15.1,,5.35,,3.58
2024-06-05 08:12:39,2024-06-05,08:12:39,19.1,,88.1,,21.2,,19.712,,344.4,,2.41,,2.0,
2024-06-05 08:13:10,2024-06-05,08:13:10,,16.2,,73.6,,21.1,,17.77,,40.4,,5.75,,2.61
2024-06-05 08:13:42,2024-06-05,08:13:42,18.8,,86.9,,21.1,,19.462,,337.4,,3.0,,1.95,
2024-06-05 08:14:14,2024-06-05,08:14:14,,16.1,,73.5,,21.1,,17.757,,25.7,,5.88,,3.74
2024-06-05 08:14:46,2024-06-05,08:14:46,18.9,,86.9,,21.2,,19.56,,338.3,,2.81,,1.54,
2024-06-05 08:15:18,2024-06-05,08:15:18,,16.2,,73.7,,21.1,,17.782,,17.9,,5.57,,2.81
2024-06-05 08:15:50,2024-06-05,08:15:50,18.8,,86.3,,21.2,,19.484,,339.6,,2.15,,1.49,
2024-06-05 08:16:21,2024-06-05,08:16:21,,16.2,,73.6,,21.1,,17.77,,30.2,,5.82,,2.77
2024-06-05 08:16:53,2024-06-05,08:16:53,18.9,,86.3,,21.3,,19.582,,327.3,,3.22,,1.85,
2024-06-05 08:17:24,2024-06-05,08:17:24,,16.1,,73.4,,21.1,,17.744,,19.5,,6.46,,3.2
2024-06-05 08:17:56,2024-06-05,08:17:56,18.8,,85.7,,21.3,,19.505,,5.1,,2.1,,1.09,
2024-06-05 08:18:28,2024-06-05,08:18:28,,16.2,,73.1,,21.2,,17.799,,10.0,,5.3,,4.46
2024-06-05 08:19:00,2024-06-05,08:19:00,18.8,,85.5,,21.3,,19.48,,345.2,,2.69,,1.43,
2024-06-05 08:19:32,2024-06-05,08:19:32,,16.1,,72.7,,21.2,,17.748,,20.1,,5.29,,3.43
2024-06-05 08:20:04,2024-06-05,08:20:04,18.4,,84.1,,21.3,,19.302,,346.2,,2.42,,1.62,
2024-06-05 08:20:36,2024-06-05,08:20:36,,16.0,,72.6,,21.2,,17.735,,17.2,,6.39,,5.14
2024-06-05 08:21:07,2024-06-05,08:21:07,18.5,,83.7,,21.4,,19.348,,340.5,,2.94,,2.26,
2024-06-05 08:21:38,2024-06-05,08:21:38,,16.2,,72.7,,21.3,,17.842,,19.9,,5.17,,3.43
2024-06-05 08:22:10,2024-06-05,08:22:10,18.5,,83.8,,21.4,,19.36,,347.6,,2.58,,1.98,
2024-06-05 08:22:42,2024-06-05,08:22:42,,16.2,,72.8,,21.3,,17.855,,19.5,,5.09,,3.88
2024-06-05 08:23:14,2024-06-05,08:23:14,18.6,,84.4,,21.4,,19.437,,346.8,,2.19,,1.26,
2024-06-05 08:23:46,2024-06-05,08:23:46,,16.4,,73.3,,21.4,,18.013,,31.3,,5.86,,4.45
2024-06-05 08:24:18,2024-06-05,08:24:18,19.0,,86.3,,21.4,,19.679,,0.3,,2.56,,1.89,
2024-06-05 08:24:49,2024-06-05,08:24:49,,16.5,,74.0,,21.3,,18.009,,21.3,,7.38,,4.13
2024-06-05 08:25:21,2024-06-05,08:25:21,19.7,,89.9,,21.4,,20.137,,338.5,,2.04,,1.21,
2024-06-05 08:25:52,2024-06-05,08:25:52,,16.7,,74.9,,21.3,,18.125,,11.9,,6.65,,3.94
2024-06-05 08:26:24,2024-06-05,08:26:24,19.8,,91.0,,21.3,,20.179,,16.2,,3.74,,2.2,
2024-06-05 08:26:56,2024-06-05,08:26:56,,16.8,,76.0,,21.2,,18.172,,26.9,,7.99,,5.47
2024-06-05 08:27:28,2024-06-05,08:27:28,20.1,,93.7,,21.2,,20.422,,358.8,,3.04,,2.24,
2024-06-05 08:28:00,2024-06-05,08:28:00,,17.0,,77.1,,21.1,,18.217,,22.1,,6.21,,4.37
2024-06-05 08:28:32,2024-06-05,08:28:32,20.2,,95.7,,21.0,,20.476,,342.9,,2.37,,2.01,
2024-06-05 08:29:04,2024-06-05,08:29:04,,17.0,,78.2,,21.0,,18.262,,22.5,,6.12,,4.4
2024-06-05 08:29:35,2024-06-05,08:29:35,20.5,,97.4,,21.0,,20.69,,359.7,,2.18,,1.38,
2024-06-05 08:30:07,2024-06-05,08:30:07,,17.2,,79.3,,21.0,,18.402,,25.7,,7.17,,2.87
2024-06-05 08:30:38,2024-06-05,08:30:38,21.0,,100.0,,21.0,,21.019,,10.2,,2.53,,1.36,
2024-06-05 08:31:10,2024-06-05,08:31:10,,17.4,,80.4,,20.9,,18.445,,30.0,,6.73,,4.12
2024-06-05 08:31:42,2024-06-05,08:31:42,20.9,,100.0,,20.9,,20.918,,355.4,,2.22,,1.52,
2024-06-05 08:32:14,2024-06-05,08:32:14,,17.5,,81.6,,20.8,,18.501,,34.1,,7.28,,2.68
2024-06-05 08:32:46,2024-06-05,08:32:46,20.9,,100.0,,20.9,,20.918,,359.4,,2.63,,1.35,
2024-06-05 08:33:18,2024-06-05,08:33:18,,,,,,17.7,,,,20.8,,8.27,,5.64
2024-06-05 08:33:49,2024-06-05,08:33:49,20.8,,100.0,,20.8,,20.817,,356.5,,2.58,,1.05,
2024-06-05 08:34:21,2024-06-05,08:34:21,,17.9,,83.7,,20.8,,18.766,,24.3,,6.28,,3.8
2024-06-05 08:34:52,2024-06-05,08:34:52,20.8,,100.0,,20.8,,20.817,,7.6,,1.77,,1.17,
2024-06-05 08:35:24,2024-06-05,08:35:24,,18.0,,84.6,,20.7,,18.782,,25.2,,5.55,,3.94
2024-06-05 08:35:56,2024-06-05,08:35:56,20.8,,100.0,,20.8,,20.817,,346.2,,2.57,,2.18,
2024-06-05 08:36:28,2024-06-05,08:36:28,,18.1,,85.4,,20.7,,18.883,,31.4,,6.28,,4.03
2024-06-05 08:37:00,2024-06-05,08:37:00,20.7,,100.0,,20.8,,20.817,,13.1,,2.88,,0.75,
2024-06-05 08:37:32,2024-06-05,08:37:32,,18.2,,86.3,,20.6,,18.898,,27.2,,4.66,,2.25
2024-06-05 08:38:03,2024-06-05,08:38:03,20.7,,100.0,,20.7,,20.717,,347.2,,2.7,,1.1,
2024-06-05 08:38:34,2024-06-05,08:38:34,,18.4,,87.1,,20.6,,18.999,,28.8,,4.4,,3.12
2024-06-05 08:39:06,2024-06-05,08:39:06,20.7,,100.0,,20.7,,20.717,,324.1,,2.7,,1.12,
2024-06-05 08:39:38,2024-06-05,08:39:38,,18.5,,88.1,,20.6,,19.124,,18.9,,4.89,,3.3
2024-06-05 08:40:10,2024-06-05,08:40:10,20.7,,100.0,,20.7,,20.717,,332.1,,2.22,,1.81,
2024-06-05 08:40:42,2024-06-05,08:40:42,,18.6,,88.9,,20.5,,19.126,,12.2,,7.06,,3.58
2024-06-05 08:41:14,2024-06-05,08:41:14,20.7,,100.0,,20.7,,20.717,,322.1,,2.23,,1.43,
2024-06-05 08:41:45,2024-06-05,08:41:45,,18.8,,89.8,,20.5,,19.239,,11.3,,5.2,,3.73
2024-06-05 08:42:17,2024-06-05,08:42:17,20.6,,100.0,,20.6,,20.616,,331.6,,2.6,,1.52,
2024-06-05 08:42:49,2024-06-05,08:42:49,,18.8,,90.4,,20.4,,19.215,,15.5,,6.73,,3.32
2024-06-05 08:43:20,2024-06-05,08:43:20,20.5,,100.0,,20.5,,20.515,,343.3,,2.39,,1.66,
2024-06-05 08:43:52,2024-06-05,08:43:52,,18.8,,91.2,,20.3,,19.216,,17.7,,5.78,,4.8
2024-06-05 08:44:24,2024-06-05,08:44:24,20.4,,100.0,,20.4,,20.414,,343.3,,2.73,,1.97,
2024-06-05 08:44:56,2024-06-05,08:44:56,,18.9,,91.8,,20.3,,19.291,,25.8,,7.71,,6.2
2024-06-05 08:45:28,2024-06-05,08:45:28,20.4,,100.0,,20.4,,20.414,,344.2,,2.23,,1.27,
2024-06-05 08:46:00,2024-06-05,08:46:00,,19.0,,92.5,,20.2,,19.279,,17.3,,6.74,,4.64
2024-06-05 08:46:31,2024-06-05,08:46:31,20.3,,100.0,,20.3,,20.314,,340.2,,2.36,,1.73,
2024-06-05 08:47:03,2024-06-05,08:47:03,,19.0,,93.2,,20.2,,19.366,,33.9,,6.11,,2.42
2024-06-05 08:47:34,2024-06-05,08:47:34,20.3,,100.0,,20.3,,20.314,,4.7,,2.86,,0.89,
2024-06-05 08:48:06,2024-06-05,08:48:06,,19.0,,93.7,,20.1,,19.329,,29.7,,5.64,,2.92
2024-06-05 08:48:38,2024-06-05,08:48:38,20.3,,100.0,,20.3,,20.314,,25.4,,1.67,,0.94,
2024-06-05 08:49:10,2024-06-05,08:49:10,,19.1,,94.5,,20.1,,19.428,,34.8,,5.73,,3.29
2024-06-05 08:49:42,2024-06-05,08:49:42,20.3,,100.0,,20.3,,20.314,,342.4,,2.89,,1.57,
2024-06-05 08:50:14,2024-06-05,08:50:14,,19.1,,95.0,,20.0,,19.391,,46.8,,6.64,,4.89
2024-06-05 08:50:45,2024-06-05,08:50:45,20.2,,100.0,,20.2,,20.213,,348.5,,2.16,,1.35,
2024-06-05 08:51:17,2024-06-05,08:51:17,,19.2,,95.6,,20.0,,19.465,,30.1,,5.07,,3.26
2024-06-05 08:51:48,2024-06-05,08:51:48,20.2,,100.0,,20.2,,20.213,,335.5,,2.08,,1.77,
2024-06-05 08:52:20,2024-06-05,08:52:20,,19.3,,95.9,,20.0,,19.503,,25.0,,7.11,,4.61
2024-06-05 08:52:52,2024-06-05,08:52:52,20.1,,100.0,,20.1,,20.112,,17.5,,2.67,,1.26,
2024-06-05 08:53:24,2024-06-05,08:53:24,,19.3,,96.4,,19.9,,19.465,,50.7,,7.03,,3.08
2024-06-05 08:53:56,2024-06-05,08:53:56,20.2,,100.0,,20.2,,20.213,,342.2,,2.72,,1.83,
2024-06-05 08:54:28,2024-06-05,08:54:28,,19.3,,96.7,,19.9,,19.502,,27.5,,6.52,,5.28
2024-06-05 08:54:59,2024-06-05,08:54:59,20.2,,100.0,,20.2,,20.213,,349.1,,2.32,,1.19,
2024-06-05 08:55:31,2024-06-05,08:55:31,,19.4,,97.2,,19.9,,19.564,,34.0,,8.18,,3.11
2024-06-05 08:56:02,2024-06-05,08:56:02,20.1,,100.0,,20.1,,20.112,,8.6,,2.3,,1.02,
2024-06-05 08:56:34,2024-06-05,08:56:34,,19.4,,97.4,,19.9,,19.588,,43.8,,5.61,,2.88
2024-06-05 08:57:06,2024-06-05,08:57:06,20.2,,100.0,,20.2,,20.213,,348.8,,2.38,,1.78,
2024-06-05 08:57:38,2024-06-05,08:57:38,,19.5,,97.7,,19.9,,19.626,,34.1,,5.73,,4.15
2024-06-05 08:58:10,2024-06-05,08:58:10,20.1,,100.0,,20.2,,20.213,,0.1,,2.4,,1.5,
2024-06-05 08:58:42,2024-06-05,08:58:42,,19.5,,97.9,,19.9,,19.65,,9.9,,6.41,,4.03
2024-06-05 08:59:13,2024-06-05,08:59:13,20.1,,100.0,,20.1,,20.112,,16.9,,2.56,,1.12,
2024-06-05 08:59:45,2024-06-05,08:59:45,,19.5,,98.0,,19.8,,19.563,,31.9,,6.63,,4.43
2024-06-05 09:00:16,2024-06-05,09:00:16,20.2,,100.0,,20.2,,20.213,,0.6,,2.17,,1.42,
2024-06-05 09:00:48,2024-06-05,09:00:48,,19.6,,98.5,,19.8,,19.624,,52.3,,5.43,,3.96
2024-06-05 09:01:20,2024-06-05,09:01:20,20.2,,100.0,,20.2,,20.213,,351.2,,2.66,,1.5,
2024-06-05 09:01:52,2024-06-05,09:01:52,,19.5,,98.4,,19.8,,19.612,,31.7,,5.71,,4.24
2024-06-05 09:02:24,2024-06-05,09:02:24,20.2,,100.0,,20.2,,20.213,,351.6,,2.48,,2.04,
2024-06-05 09:02:56,2024-06-05,09:02:56,,19.6,,98.6,,19.8,,19.637,,20.6,,5.5,,4.86
2024-06-05 09:03:27,2024-06-05,09:03:27,20.2,,100.0,,20.2,,20.213,,349.8,,2.88,,1.42,
2024-06-05 09:03:59,2024-06-05,09:03:59,,19.6,,98.6,,19.8,,19.637,,31.9,,6.36,,4.8
2024-06-05 09:04:30,2024-06-05,09:04:30,20.2,,100.0,,20.2,,20.213,,331.5,,2.55,,1.44,
2024-06-05 09:05:02,2024-06-05,09:05:02,,19.6,,99.0,,19.8,,19.686,,24.1,,5.08,,3.94
2024-06-05 09:05:34,2024-06-05,09:05:34,20.3,,100.0,,20.3,,20.314,,336.8,,2.52,,1.56,
2024-06-05 09:06:06,2024-06-05,09:06:06,,19.8,,99.5,,19.9,,19.849,,6.2,,6.08,,4.31
2024-06-05 09:06:38,2024-06-05,09:06:38,20.3,,100.0,,20.3,,20.314,,343.6,,2.09,,1.16,
2024-06-05 09:07:10,2024-06-05,09:07:10,,19.8,,99.4,,19.9,,19.836,,20.9,,6.21,,3.49
2024-06-05 09:07:41,2024-06-05,09:07:41,20.3,,100.0,,20.3,,20.314,,343.1,,2.1,,1.79,
2024-06-05 09:08:13,2024-06-05,09:08:13,,19.8,,99.5,,19.9,,19.849,,46.1,,6.11,,2.72
2024-06-05 09:08:44,2024-06-05,09:08:44,20.2,,100.0,,20.2,,20.213,,351.7,,3.23,,1.23,
2024-06-05 09:09:16,2024-06-05,09:09:16,,19.8,,99.5,,19.9,,19.849,,34.9,,5.27,,2.42
2024-06-05 09:09:48,2024-06-05,09:09:48,20.3,,100.0,,20.3,,20.314,,349.3,,2.24,,1.11,
2024-06-05 09:10:20,2024-06-05,09:10:20,,19.9,,99.8,,19.9,,19.886,,25.0,,4.24,,1.91
2024-06-05 09:10:52,2024-06-05,09:10:52,20.3,,100.0,,20.3,,20.314,,329.6,,2.34,,1.73,
2024-06-05 09:11:24,2024-06-05,09:11:24,,19.9,,99.8,,19.9,,19.886,,34.0,,4.94,,3.47
2024-06-05 09:11:55,2024-06-05,09:11:55,20.4,,100.0,,20.4,,20.414,,3.5,,2.17,,1.07,
2024-06-05 09:12:27,2024-06-05,09:12:27,,19.8,,99.2,,19.9,,19.812,,35.1,,6.85,,4.99
2024-06-05 09:12:58,2024-06-05,09:12:58,20.4,,100.0,,20.4,,20.414,,353.0,,2.47,,1.96,
2024-06-05 09:13:30,2024-06-05,09:13:30,,19.8,,99.3,,19.9,,19.824,,22.1,,5.66,,3.61
2024-06-05 09:14:02,2024-06-05,09:14:02,20.3,,100.0,,20.3,,20.314,,1.2,,2.78,,1.9,
2024-06-05 09:14:34,2024-06-05,09:14:34,,19.8,,99.3,,19.9,,19.824,,18.3,,4.51,,3.55
2024-06-05 09:15:06,2024-06-05,09:15:06,20.4,,100.0,,20.4,,20.414,,347.4,,2.79,,1.76,
2024-06-05 09:15:38,2024-06-05,09:15:38,,19.7,,99.1,,19.9,,19.799,,31.8,,5.21,,2.24
2024-06-05 09:16:09,2024-06-05,09:16:09,20.5,,100.0,,20.5,,20.515,,329.4,,2.26,,0.68,
2024-06-05 09:16:41,2024-06-05,09:16:41,,19.8,,98.7,,20.0,,19.85,,27.1,,5.54,,4.55
2024-06-05 09:17:12,2024-06-05,09:17:12,20.5,,100.0,,20.5,,20.515,,0.3,,2.79,,1.64,
2024-06-05 09:17:44,2024-06-05,09:17:44,,19.6,,97.8,,20.0,,19.738,,11.3,,7.39,,5.44
2024-06-05 09:18:16,2024-06-05,09:18:16,20.5,,100.0,,20.5,,20.515,,346.3,,2.79,,1.36,
2024-06-05 09:18:48,2024-06-05,09:18:48,,19.5,,97.1,,20.0,,19.651,,30.9,,6.78,,3.96
2024-06-05 09:19:20,2024-06-05,09:19:20,20.6,,100.0,,20.6,,20.616,,353.8,,2.92,,1.65,
2024-06-05 09:19:52,2024-06-05,09:19:52,,19.3,,96.2,,20.0,,19.54,,17.3,,6.26,,2.93
2024-06-05 09:20:23,2024-06-05,09:20:23,20.6,,100.0,,20.6,,20.616,,342.1,,2.64,,1.12,
2024-06-05 09:20:55,2024-06-05,09:20:55,,19.3,,95.3,,20.1,,19.528,,18.7,,6.43,,3.95
2024-06-05 09:21:26,2024-06-05,09:21:26,20.7,,100.0,,20.7,,20.717,,348.0,,2.41,,1.6,
2024-06-05 09:21:58,2024-06-05,09:21:58,,19.1,,94.1,,20.1,,19.379,,16.2,,6.65,,3.85
2024-06-05 09:22:30,2024-06-05,09:22:30,20.8,,100.0,,20.8,,20.817,,353.1,,2.71,,1.08,
2024-06-05 09:23:02,2024-06-05,09:23:02,,19.2,,94.0,,20.2,,19.466,,17.7,,6.64,,3.24
2024-06-05 09:23:34,2024-06-05,09:23:34,20.8,,100.0,,20.8,,20.817,,344.0,,2.2,,1.69,
2024-06-05 09:24:06,2024-06-05,09:24:06,,19.1,,93.3,,20.3,,19.478,,17.0,,6.64,,3.44
2024-06-05 09:24:37,2024-06-05,09:24:37,20.9,,100.0,,20.9,,20.918,,342.6,,2.15,,1.72,
2024-06-05 09:25:09,2024-06-05,09:25:09,,19.2,,93.1,,20.4,,19.552,,11.5,,6.51,,3.35
2024-06-05 09:25:40,2024-06-05,09:25:40,21.0,,100.0,,21.0,,21.019,,323.8,,2.56,,1.24,
2024-06-05 09:26:12,2024-06-05,09:26:12,,19.0,,91.9,,20.4,,19.402,,9.6,,6.76,,5.39
2024-06-05 09:26:44,2024-06-05,09:26:44,21.0,,100.0,,21.0,,21.019,,340.3,,2.37,,1.84,
2024-06-05 09:27:16,2024-06-05,09:27:16,,18.9,,91.1,,20.4,,19.302,,29.9,,6.81,,3.85
2024-06-05 09:27:48,2024-06-05,09:27:48,21.1,,100.0,,21.1,,21.119,,349.4,,2.57,,1.74,
2024-06-05 09:28:20,2024-06-05,09:28:20,,18.7,,89.5,,20.5,,19.201,,21.3,,7.24,,3.91
2024-06-05 09:28:51,2024-06-05,09:28:51,,,,,21.1,,,,3.5,,2.7,,1.32,
2024-06-05 09:29:23,2024-06-05,09:29:23,,18.7,,88.7,,20.6,,19.199,,14.3,,6.57,,5.49
2024-06-05 09:29:54,2024-06-05,09:29:54,20.9,,98.2,,21.2,,20.992,,5.6,,4.09,,3.36,
2024-06-05 09:30:26,2024-06-05,09:30:26,,18.6,,87.7,,20.7,,19.172,,26.9,,6.11,,3.36
2024-06-05 09:30:58,2024-06-05,09:30:58,20.1,,93.7,,21.2,,20.422,,22.7,,3.49,,0.64,
2024-06-05 09:31:30,2024-06-05,09:31:30,,18.4,,86.3,,20.8,,19.094,,25.0,,5.83,,4.56
2024-06-05 09:32:02,2024-06-05,09:32:02,20.4,,94.2,,21.4,,20.684,,0.9,,2.77,,1.0,
2024-06-05 09:32:34,2024-06-05,09:32:34,,18.3,,85.4,,20.9,,19.078,,40.7,,7.53,,3.72
2024-06-05 09:33:06,2024-06-05,09:33:06,20.3,,92.4,,21.6,,20.654,,352.6,,2.43,,1.77,
2024-06-05 09:33:37,2024-06-05,09:33:37,,18.2,,84.3,,21.0,,19.036,,29.5,,6.6,,3.92
2024-06-05 09:34:08,2024-06-05,09:34:08,19.9,,89.7,,21.7,,20.407,,45.7,,2.85,,1.45,
2024-06-05 09:34:40,2024-06-05,09:34:40,,18.2,,83.0,,21.2,,19.065,,38.3,,6.81,,4.65
2024-06-05 09:35:12,2024-06-05,09:35:12,20.2,,90.8,,21.8,,20.647,,30.8,,2.28,,0.85,
2024-06-05 09:35:44,2024-06-05,09:35:44,,17.9,,81.6,,21.2,,18.887,,36.5,,7.97,,5.06
2024-06-05 09:36:16,2024-06-05,09:36:16,20.0,,89.7,,21.8,,20.506,,12.3,,2.27,,1.2,
2024-06-05 09:36:48,2024-06-05,09:36:48,,18.0,,81.0,,21.4,,19.003,,40.1,,7.48,,3.57
2024-06-05 09:37:19,2024-06-05,09:37:19,19.7,,87.2,,21.9,,20.283,,345.2,,2.48,,1.88,
2024-06-05 09:37:51,2024-06-05,09:37:51,,17.7,,79.3,,21.4,,18.785,,28.7,,7.68,,2.81
2024-06-05 09:38:22,2024-06-05,09:38:22,19.6,,86.8,,21.9,,20.232,,350.7,,2.88,,2.01,
2024-06-05 09:38:54,2024-06-05,09:38:54,,17.7,,78.9,,21.5,,18.83,,18.7,,7.59,,4.57
2024-06-05 09:39:26,2024-06-05,09:39:26,19.6,,86.8,,22.0,,20.329,,3.3,,2.71,,1.52,
2024-06-05 09:39:58,2024-06-05,09:39:58,,17.6,,78.0,,21.6,,18.809,,52.1,,8.4,,3.76
2024-06-05 09:40:30,2024-06-05,09:40:30,19.3,,84.1,,22.1,,20.078,,59.3,,2.32,,0.95,
2024-06-05 09:41:02,2024-06-05,09:41:02,,17.7,,77.8,,21.8,,18.975,,21.4,,9.12,,2.64
2024-06-05 09:41:33,2024-06-05,09:41:33,18.6,,81.0,,22.0,,19.58,,18.0,,2.78,,1.67,
2024-06-05 09:42:05,2024-06-05,09:42:05,,17.5,,76.8,,21.8,,18.845,,49.0,,6.75,,3.19
2024-06-05 09:42:37,2024-06-05,09:42:37,18.9,,81.8,,22.1,,19.78,,354.2,,2.93,,1.6,
2024-06-05 09:43:08,2024-06-05,09:43:08,,17.6,,76.7,,21.9,,18.927,,18.3,,6.04,,4.84
2024-06-05 09:43:40,2024-06-05,09:43:40,19.2,,83.4,,22.2,,20.085,,333.8,,2.99,,2.44,
2024-06-05 09:44:12,2024-06-05,09:44:12,,17.3,,75.5,,21.9,,18.771,,19.3,,8.79,,3.69
2024-06-05 09:44:44,2024-06-05,09:44:44,18.5,,79.7,,22.3,,19.7,,9.8,,2.88,,2.34,
2024-06-05 09:45:16,2024-06-05,09:45:16,,17.6,,75.7,,22.1,,18.987,,29.8,,6.79,,3.48
2024-06-05 09:45:48,2024-06-05,09:45:48,19.0,,81.6,,22.3,,19.947,,342.3,,2.39,,1.42,
2024-06-05 09:46:19,2024-06-05,09:46:19,,17.4,,74.8,,22.1,,18.869,,12.6,,8.4,,4.94
2024-06-05 09:46:50,2024-06-05,09:46:50,18.8,,80.0,,22.4,,19.835,,324.0,,2.7,,1.65,
2024-06-05 09:47:22,2024-06-05,09:47:22,,17.2,,73.9,,22.1,,18.751,,22.4,,9.13,,4.28
2024-06-05 09:47:54,2024-06-05,09:47:54,18.8,,79.8,,22.5,,19.905,,10.6,,2.65,,1.2,
2024-06-05 09:48:26,2024-06-05,09:48:26,,17.5,,74.2,,22.3,,18.979,,16.6,,9.1,,3.51
2024-06-05 09:48:58,2024-06-05,09:48:58,18.6,,78.8,,22.5,,19.774,,7.0,,2.53,,1.6,
2024-06-05 09:49:30,2024-06-05,09:49:30,,17.0,,71.4,,22.4,,18.703,,9.3,,7.11,,5.15
2024-06-05 09:50:02,2024-06-05,09:50:02,19.0,,80.2,,22.6,,20.053,,326.0,,2.51,,1.8,
2024-06-05 09:50:33,2024-06-05,09:50:33,,17.1,,71.7,,22.5,,18.837,,19.7,,6.53,,4.65
2024-06-05 09:51:04,2024-06-05,09:51:04,19.1,,80.2,,22.7,,20.149,,327.7,,2.87,,1.7,
2024-06-05 09:51:36,2024-06-05,09:51:36,,17.0,,71.4,,22.5,,18.797,,8.4,,8.44,,7.08
2024-06-05 09:52:08,2024-06-05,09:52:08,19.4,,81.5,,22.8,,20.416,,321.9,,3.19,,2.35,
2024-06-05 09:52:40,2024-06-05,09:52:40,,16.9,,71.0,,22.4,,18.65,,4.5,,9.42,,7.63
2024-06-05 09:53:12,2024-06-05,09:53:12,19.3,,81.3,,22.7,,20.294,,315.0,,4.03,,1.94,
2024-06-05 09:53:44,2024-06-05,09:53:44,,17.0,,71.7,,22.4,,18.743,,4.2,,7.87,,5.98
2024-06-05 09:54:44,2024-06-05,09:54:44,19.7,,83.0,,22.7,,20.517,,331.6,,2.77,,1.33,
2024-06-05 09:54:47,2024-06-05,09:54:47,,17.3,,72.4,,22.5,,18.93,,15.8,,7.51,,5.52
2024-06-05 09:55:47,2024-06-05,09:55:47,20.2,,85.3,,22.8,,20.915,,324.2,,2.86,,2.17,
2024-06-05 09:55:50,2024-06-05,09:55:50,,17.6,,73.5,,22.6,,19.17,,0.9,,6.97,,5.27
2024-06-05 09:56:50,2024-06-05,09:56:50,20.1,,84.5,,22.9,,20.907,,329.2,,3.0,,2.05,
2024-06-05 09:56:54,2024-06-05,09:56:54,,17.7,,73.4,,22.7,,19.251,,13.7,,7.03,,4.63
2024-06-05 09:57:54,2024-06-05,09:57:54,19.9,,83.2,,22.9,,20.737,,326.8,,2.83,,2.16,
2024-06-05 09:57:58,2024-06-05,09:57:58,,17.7,,73.5,,22.7,,19.264,,1.7,,6.78,,5.22
2024-06-05 09:58:58,2024-06-05,09:58:58,20.0,,83.6,,22.9,,20.789,,359.9,,3.02,,1.44,
2024-06-05 09:59:01,2024-06-05,09:59:01,,17.4,,72.7,,22.6,,19.064,,20.1,,8.47,,4.28
2024-06-05 10:00:01,2024-06-05,10:00:01,19.8,,82.6,,22.9,,20.658,,322.7,,3.43,,2.53,
2024-06-05 10:00:04,2024-06-05,10:00:04,,17.4,,72.5,,22.6,,19.037,,3.9,,9.67,,8.5
2024-06-05 10:01:04,2024-06-05,10:01:04,19.1,,80.0,,22.8,,20.219,,329.9,,3.39,,2.38,
2024-06-05 10:01:08,2024-06-05,10:01:08,,17.2,,72.2,,22.5,,18.903,,7.6,,8.19,,5.65
2024-06-05 10:02:08,2024-06-05,10:02:08,19.5,,81.3,,22.9,,20.486,,330.8,,2.83,,2.23,
2024-06-05 10:02:12,2024-06-05,10:02:12,,17.4,,72.6,,22.6,,19.05,,352.5,,8.95,,5.27
2024-06-05 10:03:12,2024-06-05,10:03:12,19.4,,80.8,,22.9,,20.421,,331.8,,3.29,,2.55,
2024-06-05 10:03:15,2024-06-05,10:03:15,,17.4,,72.0,,22.7,,19.064,,9.4,,10.4,,8.45
2024-06-05 10:04:15,2024-06-05,10:04:15,19.5,,81.4,,22.9,,20.5,,332.5,,3.22,,2.67,
2024-06-05 10:04:18,2024-06-05,10:04:18,,17.1,,71.1,,22.6,,18.851,,12.9,,11.33,,9.79
2024-06-05 10:05:18,2024-06-05,10:05:18,19.0,,79.1,,22.9,,20.196,,21.8,,3.82,,1.23,
2024-06-05 10:05:22,2024-06-05,10:05:22,,17.1,,71.4,,22.6,,18.891,,32.3,,9.43,,5.04
2024-06-05 10:06:22,2024-06-05,10:06:22,18.2,,75.4,,22.8,,19.611,,352.2,,3.51,,2.43,
2024-06-05 10:06:26,2024-06-05,10:06:26,,17.1,,70.9,,22.7,,18.917,,15.8,,6.75,,3.32
2024-06-05 10:07:26,2024-06-05,10:07:26,18.0,,74.2,,22.9,,19.546,,330.0,,3.13,,1.91,
2024-06-05 10:07:29,2024-06-05,10:07:29,,17.0,,69.7,,22.8,,18.85,,12.5,,8.18,,5.23
2024-06-05 10:08:29,2024-06-05,10:08:29,18.6,,75.7,,23.1,,19.935,,332.1,,2.27,,1.59,
2024-06-05 10:08:32,2024-06-05,10:08:32,,17.2,,69.9,,23.0,,19.063,,18.8,,6.97,,4.24
2024-06-05 10:09:32,2024-06-05,10:09:32,18.2,,73.9,,23.1,,19.694,,350.9,,2.75,,1.49,
2024-06-05 10:09:36,2024-06-05,10:09:36,,17.3,,69.8,,23.1,,19.143,,7.4,,8.4,,6.38
2024-06-05 10:10:36,2024-06-05,10:10:36,18.2,,73.6,,23.2,,19.748,,335.4,,3.02,,1.45,
2024-06-05 10:10:40,2024-06-05,10:10:40,,17.0,,68.8,,23.1,,19.007,,31.1,,7.91,,3.54
2024-06-05 10:11:40,2024-06-05,10:11:40,18.2,,73.2,,23.3,,19.789,,331.0,,2.47,,1.89,
2024-06-05 10:11:43,2024-06-05,10:11:43,,16.8,,67.8,,23.1,,18.871,,15.2,,7.75,,6.79
2024-06-05 10:12:43,2024-06-05,10:12:43,17.9,,71.5,,23.4,,19.653,,9.6,,2.68,,1.97,
2024-06-05 10:12:46,2024-06-05,10:12:46,,16.9,,67.5,,23.2,,18.923,,21.7,,8.93,,4.63
2024-06-05 10:13:46,2024-06-05,10:13:46,18.2,,72.5,,23.5,,19.882,,12.9,,2.0,,1.44,
2024-06-05 10:13:50,2024-06-05,10:13:50,,16.7,,66.6,,23.3,,18.892,,23.5,,9.87,,4.69
2024-06-05 10:14:50,2024-06-05,10:14:50,18.7,,73.9,,23.6,,20.166,,323.1,,2.11,,1.16,
2024-06-05 10:14:54,2024-06-05,10:14:54,,16.8,,66.5,,23.4,,18.97,,12.9,,9.85,,7.47
2024-06-05 10:15:54,2024-06-05,10:15:54,18.1,,70.9,,23.7,,19.852,,353.6,,2.94,,1.08,
2024-06-05 10:15:57,2024-06-05,10:15:57,,16.9,,66.5,,23.5,,19.062,,20.0,,6.87,,4.69
2024-06-05 10:16:57,2024-06-05,10:16:57,18.3,,71.5,,23.8,,20.027,,15.2,,2.69,,1.57,
2024-06-05 10:17:00,2024-06-05,10:17:00,,16.7,,65.8,,23.5,,18.966,,26.4,,7.92,,3.88
2024-06-05 10:18:00,2024-06-05,10:18:00,18.4,,71.5,,23.9,,20.121,,320.4,,2.75,,1.89,
2024-06-05 10:18:04,2024-06-05,10:18:04,,16.8,,65.6,,23.6,,19.03,,10.6,,9.15,,7.07
2024-06-05 10:19:04,2024-06-05,10:19:04,18.5,,71.3,,24.0,,20.187,,320.8,,3.05,,1.62,
2024-06-05 10:19:08,2024-06-05,10:19:08,,17.0,,66.0,,23.7,,19.177,,0.8,,8.58,,7.3
2024-06-05 10:20:08,2024-06-05,10:20:08,18.8,,72.0,,24.2,,20.471,,316.9,,2.34,,1.73,
2024-06-05 10:20:11,2024-06-05,10:20:11,,16.6,,64.6,,23.7,,18.983,,14.6,,9.26,,6.06
2024-06-05 10:21:11,2024-06-05,10:21:11,18.4,,69.9,,24.3,,20.274,,331.2,,3.0,,1.91,
2024-06-05 10:21:14,2024-06-05,10:21:14,,16.9,,65.0,,23.9,,19.222,,2.1,,7.9,,7.1
2024-06-05 10:22:14,2024-06-05,10:22:14,18.3,,69.0,,24.4,,20.241,,312.8,,3.21,,1.53,
2024-06-05 10:22:18,2024-06-05,10:22:18,,16.7,,64.0,,23.9,,19.082,,12.6,,10.01,,8.65
2024-06-05 10:23:18,2024-06-05,10:23:18,18.0,,67.6,,24.4,,20.046,,336.7,,2.56,,2.14,
2024-06-05 10:23:22,2024-06-05,10:23:22,,16.7,,63.7,,24.0,,19.131,,14.3,,7.72,,4.41
2024-06-05 10:24:22,2024-06-05,10:24:22,17.5,,65.6,,24.5,,19.856,,355.5,,3.0,,2.19,
2024-06-05 10:24:25,2024-06-05,10:24:25,,16.6,,62.9,,24.1,,19.109,,24.1,,8.13,,4.91
2024-06-05 10:25:25,2024-06-05,10:25:25,17.8,,65.9,,24.6,,19.99,,327.7,,2.57,,1.73,
2024-06-05 10:25:28,2024-06-05,10:25:28,,16.6,,63.0,,24.1,,19.123,,11.5,,8.85,,4.9
2024-06-05 10:26:28,2024-06-05,10:26:28,18.4,,67.8,,24.8,,20.443,,324.8,,2.56,,2.17,
2024-06-05 10:26:32,2024-06-05,10:26:32,,17.0,,63.5,,24.4,,19.467,,8.5,,8.61,,5.69
2024-06-05 10:27:32,2024-06-05,10:27:32,18.5,,67.7,,24.9,,20.522,,336.8,,1.86,,0.86,
2024-06-05 10:27:36,2024-06-05,10:27:36,,17.3,,64.3,,24.5,,19.672,,13.6,,7.99,,4.33
2024-06-05 10:28:36,2024-06-05,10:28:36,18.1,,66.3,,24.9,,20.323,,315.5,,1.65,,0.86,
2024-06-05 10:28:39,2024-06-05,10:28:39,,16.8,,62.6,,24.4,,19.338,,36.9,,7.65,,3.34
2024-06-05 10:29:39,2024-06-05,10:29:39,18.1,,66.3,,24.9,,20.323,,315.5,,1.36,,0.55,
2024-06-05 10:29:42,2024-06-05,10:29:42,,17.3,,64.0,,24.6,,19.72,,17.1,,7.74,,3.17
2024-06-05 10:30:42,2024-06-05,10:30:42,18.2,,66.6,,24.9,,20.366,,327.4,,2.06,,1.06,
2024-06-05 10:30:46,2024-06-05,10:30:46,,16.9,,61.7,,24.7,,19.481,,16.7,,8.54,,6.97
2024-06-05 10:31:46,2024-06-05,10:31:46,17.9,,65.2,,24.9,,20.166,,17.8,,2.11,,0.91,
2024-06-05 10:31:50,2024-06-05,10:31:50,,16.6,,61.3,,24.5,,19.243,,11.7,,7.87,,5.37
2024-06-05 10:32:50,2024-06-05,10:32:50,17.8,,64.2,,25.0,,20.114,,335.4,,1.65,,1.11,
2024-06-05 10:32:53,2024-06-05,10:32:53,,16.2,,60.3,,24.5,,19.099,,16.4,,8.58,,6.9
2024-06-05 10:33:53,2024-06-05,10:33:53,17.1,,62.1,,24.9,,19.72,,15.1,,2.63,,1.83,
2024-06-05 10:33:56,2024-06-05,10:33:56,,16.3,,60.5,,24.5,,19.127,,20.2,,7.6,,4.62
2024-06-05 10:34:56,2024-06-05,10:34:56,17.4,,63.4,,24.9,,19.908,,318.3,,1.6,,0.74,
2024-06-05 10:35:00,2024-06-05,10:35:00,,16.4,,60.0,,24.7,,19.235,,8.3,,9.81,,7.93
2024-06-05 10:36:00,2024-06-05,10:36:00,17.5,,63.3,,25.0,,19.984,,15.6,,1.99,,1.41,
2024-06-05 10:36:04,2024-06-05,10:36:04,,16.2,,59.5,,24.6,,19.072,,16.0,,8.9,,6.32
2024-06-05 10:37:04,2024-06-05,10:37:04,17.4,,62.7,,25.0,,19.898,,19.9,,1.77,,0.72,
2024-06-05 10:37:07,2024-06-05,10:37:07,,16.3,,60.0,,24.6,,19.145,,17.1,,8.47,,3.7
2024-06-05 10:38:07,2024-06-05,10:38:07,17.3,,62.6,,25.0,,19.883,,13.6,,1.82,,1.23,
2024-06-05 10:38:10,2024-06-05,10:38:10,,16.7,,60.8,,24.8,,19.441,,12.5,,6.04,,4.75
2024-06-05 10:39:10,2024-06-05,10:39:10,17.6,,63.2,,25.1,,20.061,,336.0,,1.39,,0.9,
2024-06-05 10:39:14,2024-06-05,10:39:14,,16.5,,59.7,,24.9,,19.371,,6.2,,9.14,,7.82
2024-06-05 10:40:14,2024-06-05,10:40:14,17.6,,62.9,,25.2,,20.108,,119.2,,1.73,,0.1,
2024-06-05 10:40:18,2024-06-05,10:40:18,,16.6,,60.2,,24.9,,19.444,,7.0,,9.63,,6.45
2024-06-05 10:41:18,2024-06-05,10:41:18,17.8,,63.3,,25.3,,20.257,,323.7,,2.16,,0.85,
2024-06-05 10:41:21,2024-06-05,10:41:21,,16.4,,59.3,,24.9,,19.312,,9.2,,9.54,,7.69
2024-06-05 10:42:21,2024-06-05,10:42:21,17.6,,62.4,,25.3,,20.126,,44.0,,1.52,,0.99,
2024-06-05 10:42:24,2024-06-05,10:42:24,,16.4,,59.3,,24.9,,19.312,,4.9,,9.15,,8.28
2024-06-05 10:43:24,2024-06-05,10:43:24,17.9,,63.2,,25.4,,20.334,,343.7,,1.72,,1.03,
2024-06-05 10:43:28,2024-06-05,10:43:28,,16.3,,58.8,,25.0,,19.328,,9.3,,9.92,,8.38
2024-06-05 10:44:28,2024-06-05,10:44:28,17.5,,61.8,,25.4,,20.129,,5.4,,1.46,,0.91,
2024-06-05 10:44:32,2024-06-05,10:44:32,,16.2,,58.2,,25.0,,19.24,,17.9,,9.14,,4.24
2024-06-05 10:45:32,2024-06-05,10:45:32,17.4,,61.0,,25.5,,20.102,,339.0,,1.89,,1.56,
2024-06-05 10:45:35,2024-06-05,10:45:35,,16.4,,59.0,,25.0,,19.358,,14.6,,7.38,,6.28
2024-06-05 10:46:35,2024-06-05,10:46:35,17.5,,61.4,,25.5,,20.161,,333.5,,1.54,,1.07,
2024-06-05 10:46:38,2024-06-05,10:46:38,,16.4,,59.0,,25.0,,19.358,,6.2,,8.39,,7.48
2024-06-05 10:47:38,2024-06-05,10:47:38,17.2,,60.3,,25.5,,19.998,,338.8,,2.59,,1.34,
2024-06-05 10:47:42,2024-06-05,10:47:42,,16.3,,58.5,,25.0,,19.284,,1.6,,9.01,,6.02
2024-06-05 10:48:42,2024-06-05,10:48:42,17.2,,60.2,,25.6,,20.073,,12.1,,2.28,,1.11,
2024-06-05 10:48:46,2024-06-05,10:48:46,,16.4,,58.7,,25.1,,19.403,,39.2,,9.15,,4.38
2024-06-05 10:49:46,2024-06-05,10:49:46,17.5,,61.0,,25.6,,20.192,,336.8,,1.73,,1.02,
2024-06-05 10:49:49,2024-06-05,10:49:49,,16.4,,58.5,,25.1,,19.373,,15.0,,9.14,,7.25
2024-06-05 10:50:49,2024-06-05,10:50:49,17.6,,60.9,,25.7,,20.267,,22.8,,2.18,,0.78,
2024-06-05 10:50:52,2024-06-05,10:50:52,,16.6,,59.2,,25.1,,19.477,,16.2,,8.52,,3.49
2024-06-05 10:51:52,2024-06-05,10:51:52,17.5,,60.8,,25.7,,20.253,,348.0,,2.67,,1.65,
2024-06-05 10:51:56,2024-06-05,10:51:56,,16.9,,60.1,,25.2,,19.699,,3.1,,7.98,,3.02
2024-06-05 10:52:56,2024-06-05,10:52:56,17.7,,61.3,,25.7,,20.327,,5.1,,3.49,,0.74,
2024-06-05 10:53:00,2024-06-05,10:53:00,,16.8,,59.6,,25.2,,19.625,,3.6,,8.3,,5.43
2024-06-05 10:54:00,2024-06-05,10:54:00,18.1,,62.6,,25.8,,20.609,,333.3,,1.96,,1.21,
2024-06-05 10:54:03,2024-06-05,10:54:03,,16.7,,59.4,,25.2,,19.596,,6.9,,10.51,,8.71
2024-06-05 10:55:03,2024-06-05,10:55:03,17.7,,61.2,,25.7,,20.312,,350.4,,2.44,,0.77,
2024-06-05 10:55:06,2024-06-05,10:55:06,,16.3,,58.5,,25.0,,19.284,,5.6,,11.2,,8.2
2024-06-05 10:56:06,2024-06-05,10:56:06,17.5,,60.7,,25.7,,20.238,,347.6,,1.59,,0.89,
2024-06-05 10:56:10,2024-06-05,10:56:10,,16.6,,59.1,,25.1,,19.462,,7.7,,10.65,,7.08
2024-06-05 10:57:10,2024-06-05,10:57:10,17.6,,61.1,,25.7,,20.297,,341.5,,1.62,,0.78,
2024-06-05 10:57:14,2024-06-05,10:57:14,,16.1,,58.0,,25.0,,19.21,,4.3,,10.96,,10.05
2024-06-05 10:58:14,2024-06-05,10:58:14,17.4,,60.2,,25.7,,20.163,,327.1,,1.82,,0.94,
2024-06-05 10:58:17,2024-06-05,10:58:17,,16.2,,58.1,,25.0,,19.225,,9.5,,11.4,,7.33
2024-06-05 10:59:17,2024-06-05,10:59:17,17.8,,61.3,,25.8,,20.417,,341.3,,1.49,,0.7,
2024-06-05 10:59:20,2024-06-05,10:59:20,,16.5,,58.8,,25.1,,19.418,,7.4,,10.1,,8.23
2024-06-05 11:00:20,2024-06-05,11:00:20,17.6,,60.5,,25.8,,20.298,,359.4,,1.56,,0.73,
2024-06-05 11:00:24,2024-06-05,11:00:24,,16.4,,58.5,,25.1,,19.373,,16.8,,9.31,,6.2
2024-06-05 11:01:24,2024-06-05,11:01:24,17.8,,61.0,,25.9,,20.463,,358.1,,1.65,,0.91,
2024-06-05 11:01:28,2024-06-05,11:01:28,,16.6,,58.5,,25.3,,19.552,,23.8,,11.52,,8.04
2024-06-05 11:02:28,2024-06-05,11:02:28,17.4,,59.9,,25.8,,20.208,,22.9,,4.12,,1.1,
2024-06-05 11:02:31,2024-06-05,11:02:31,,16.6,,58.6,,25.3,,19.567,,20.7,,7.2,,3.89
2024-06-05 11:03:32,2024-06-05,11:03:32,17.7,,60.5,,25.9,,20.388,,359.4,,1.88,,1.07,
2024-06-05 11:03:34,2024-06-05,11:03:34,,16.8,,59.0,,25.4,,19.716,,14.0,,7.37,,5.87
2024-06-05 11:04:35,2024-06-05,11:04:35,17.7,,60.2,,26.0,,20.433,,25.7,,2.14,,1.33,
2024-06-05 11:04:38,2024-06-05,11:04:38,,16.6,,58.3,,25.4,,19.612,,21.0,,9.4,,5.97
2024-06-05 11:05:38,2024-06-05,11:05:38,17.1,,58.5,,25.9,,20.088,,2.8,,2.48,,1.59,
2024-06-05 11:05:42,2024-06-05,11:05:42,,16.7,,58.3,,25.5,,19.701,,17.1,,7.55,,4.28
2024-06-05 11:06:42,2024-06-05,11:06:42,17.5,,59.6,,26.0,,20.343,,22.6,,1.28,,1.02,
2024-06-05 11:06:45,2024-06-05,11:06:45,,16.5,,57.5,,25.5,,19.581,,17.5,,8.65,,5.23
2024-06-05 11:07:46,2024-06-05,11:07:46,17.8,,60.1,,26.1,,20.508,,337.8,,2.87,,1.97,
2024-06-05 11:07:48,2024-06-05,11:07:48,,,,,,16.3,,,,25.6,,5.65,,10.85
2024-06-05 11:08:49,2024-06-05,11:08:49,17.5,,58.7,,26.2,,20.386,,326.6,,2.47,,1.67,
2024-06-05 11:08:52,2024-06-05,11:08:52,,16.6,,57.6,,25.6,,19.685,,359.1,,8.4,,5.98
2024-06-05 11:09:52,2024-06-05,11:09:52,17.5,,58.4,,26.3,,20.43,,336.5,,3.35,,1.85,
2024-06-05 11:09:56,2024-06-05,11:09:56,,16.5,,57.1,,25.6,,19.61,,19.6,,9.35,,7.35
2024-06-05 11:10:56,2024-06-05,11:10:56,17.6,,58.6,,26.4,,20.55,,331.5,,2.89,,2.22,
2024-06-05 11:10:59,2024-06-05,11:10:59,,16.5,,57.2,,25.6,,19.625,,8.3,,9.3,,7.55
2024-06-05 11:12:00,2024-06-05,11:12:00,17.3,,57.5,,26.4,,20.382,,328.2,,2.86,,2.64,
2024-06-05 11:12:03,2024-06-05,11:12:03,,16.3,,56.7,,25.6,,19.549,,8.8,,9.76,,7.93
2024-06-05 11:13:03,2024-06-05,11:13:03,17.4,,57.7,,26.4,,20.412,,323.8,,3.13,,2.68,
2024-06-05 11:13:06,2024-06-05,11:13:06,,16.6,,57.6,,25.6,,19.685,,7.3,,9.4,,7.2
2024-06-05 11:14:06,2024-06-05,11:14:06,17.2,,57.3,,26.3,,20.262,,1.2,,3.48,,1.7,
2024-06-05 11:14:10,2024-06-05,11:14:10,,16.9,,58.4,,25.6,,19.805,,18.8,,7.9,,3.89
2024-06-05 11:15:10,2024-06-05,11:15:10,17.2,,57.3,,26.3,,20.262,,1.7,,2.91,,1.21,
2024-06-05 11:15:14,2024-06-05,11:15:14,,16.7,,57.6,,25.7,,19.774,,41.6,,7.88,,3.55
2024-06-05 11:16:14,2024-06-05,11:16:14,17.5,,58.3,,26.4,,20.504,,45.7,,2.31,,1.37,
2024-06-05 11:16:16,2024-06-05,11:16:16,,17.0,,58.0,,25.9,,20.012,,33.1,,4.75,,2.64
2024-06-05 11:17:17,2024-06-05,11:17:17,17.6,,58.3,,26.5,,20.593,,1.2,,2.51,,0.73,
2024-06-05 11:17:20,2024-06-05,11:17:20,,17.0,,57.5,,26.1,,20.115,,16.3,,8.14,,5.5
2024-06-05 11:18:20,2024-06-05,11:18:20,17.8,,58.1,,26.7,,20.741,,348.1,,2.4,,1.76,
2024-06-05 11:18:24,2024-06-05,11:18:24,,16.7,,56.3,,26.1,,19.931,,21.2,,8.33,,5.4
2024-06-05 11:19:24,2024-06-05,11:19:24,17.4,,57.0,,26.6,,20.482,,350.3,,3.45,,2.28,
2024-06-05 11:19:28,2024-06-05,11:19:28,,16.6,,56.1,,26.0,,19.812,,28.6,,10.32,,5.1
2024-06-05 11:20:28,2024-06-05,11:20:28,17.6,,57.9,,26.6,,20.621,,326.8,,2.67,,2.16,
2024-06-05 11:20:30,2024-06-05,11:20:30,,16.7,,56.6,,26.0,,19.889,,20.9,,9.38,,6.38
2024-06-05 11:21:31,2024-06-05,11:21:31,17.8,,58.4,,26.6,,20.698,,344.6,,3.17,,1.47,
2024-06-05 11:21:34,2024-06-05,11:21:34,,17.0,,58.0,,25.9,,20.012,,9.9,,8.95,,5.09
2024-06-05 11:22:34,2024-06-05,11:22:34,18.0,,58.8,,26.7,,20.849,,352.4,,2.77,,1.08,
2024-06-05 11:22:38,2024-06-05,11:22:38,,16.9,,57.1,,26.0,,19.965,,13.2,,8.66,,7.74
2024-06-05 11:23:38,2024-06-05,11:23:38,17.9,,58.8,,26.7,,20.849,,33.9,,2.17,,1.15,
2024-06-05 11:23:42,2024-06-05,11:23:42,,17.3,,58.2,,26.2,,20.31,,23.6,,8.19,,4.52
2024-06-05 11:24:42,2024-06-05,11:24:42,18.1,,58.8,,26.9,,21.027,,355.2,,2.41,,1.73,
2024-06-05 11:24:45,2024-06-05,11:24:45,,17.0,,56.8,,26.3,,20.185,,28.8,,7.91,,5.11
2024-06-05 11:25:45,2024-06-05,11:25:45,17.8,,57.6,,26.9,,20.842,,322.4,,2.63,,1.34,
2024-06-05 11:25:48,2024-06-05,11:25:48,,16.7,,56.0,,26.2,,19.974,,19.8,,6.79,,4.64
2024-06-05 11:26:48,2024-06-05,11:26:48,17.8,,57.1,,27.0,,20.853,,337.0,,2.89,,1.88,
2024-06-05 11:26:52,2024-06-05,11:26:52,,17.0,,56.7,,26.3,,20.17,,8.8,,7.75,,4.57
2024-06-05 11:27:52,2024-06-05,11:27:52,17.7,,57.3,,26.9,,20.795,,345.6,,2.9,,1.82,
2024-06-05 11:27:56,2024-06-05,11:27:56,,16.9,,56.1,,26.3,,20.077,,20.4,,9.19,,6.96
2024-06-05 11:28:56,2024-06-05,11:28:56,17.7,,57.1,,27.0,,20.853,,323.0,,2.94,,1.56,
2024-06-05 11:28:58,2024-06-05,11:28:58,,16.7,,55.9,,26.3,,20.047,,15.4,,9.95,,5.39
2024-06-05 11:29:59,2024-06-05,11:29:59,17.6,,56.4,,27.0,,20.743,,11.6,,2.36,,1.21,
2024-06-05 11:30:02,2024-06-05,11:30:02,,17.0,,56.5,,26.3,,20.139,,18.2,,7.61,,4.85
2024-06-05 11:31:02,2024-06-05,11:31:02,17.9,,57.6,,27.0,,20.931,,111.3,,2.31,,0.43,
2024-06-05 11:31:06,2024-06-05,11:31:06,,17.3,,57.2,,26.4,,20.335,,46.7,,7.92,,3.47
2024-06-05 11:32:06,2024-06-05,11:32:06,17.4,,55.7,,27.0,,20.634,,42.3,,1.88,,1.09,
2024-06-05 11:32:10,2024-06-05,11:32:10,,17.3,,56.7,,26.6,,20.436,,36.2,,6.53,,4.84
2024-06-05 11:33:10,2024-06-05,11:33:10,17.5,,56.3,,27.0,,20.728,,44.5,,3.16,,0.92,
2024-06-05 11:33:13,2024-06-05,11:33:13,,17.0,,55.6,,26.6,,20.265,,37.6,,7.13,,4.36
2024-06-05 11:34:13,2024-06-05,11:34:13,17.7,,56.4,,27.1,,20.832,,344.4,,2.24,,1.69,
2024-06-05 11:34:16,2024-06-05,11:34:16,,17.0,,55.1,,26.7,,20.275,,27.0,,6.2,,4.54
2024-06-05 11:35:16,2024-06-05,11:35:16,17.9,,57.3,,27.1,,20.973,,336.2,,2.33,,0.51,
2024-06-05 11:35:20,2024-06-05,11:35:20,,17.0,,55.1,,26.8,,20.363,,54.7,,6.66,,5.54
2024-06-05 11:36:20,2024-06-05,11:36:20,17.6,,55.8,,27.2,,20.826,,60.5,,2.15,,0.61,
2024-06-05 11:36:24,2024-06-05,11:36:24,,17.0,,54.8,,26.8,,20.316,,49.7,,9.1,,2.78
2024-06-05 11:37:24,2024-06-05,11:37:24,17.7,,56.0,,27.2,,20.857,,15.8,,1.98,,1.23,
2024-06-05 11:37:27,2024-06-05,11:37:27,,16.8,,54.1,,26.9,,20.293,,51.6,,6.82,,5.75
2024-06-05 11:38:27,2024-06-05,11:38:27,17.6,,55.8,,27.2,,20.826,,353.8,,2.94,,1.68,
2024-06-05 11:38:30,2024-06-05,11:38:30,,16.7,,53.6,,26.9,,20.213,,39.5,,8.96,,3.73
2024-06-05 11:39:30,2024-06-05,11:39:30,17.2,,54.4,,27.2,,20.604,,20.1,,2.76,,0.91,
2024-06-05 11:39:34,2024-06-05,11:39:34,,16.8,,54.2,,26.8,,20.221,,22.0,,6.71,,1.73
2024-06-05 11:40:34,2024-06-05,11:40:34,17.7,,55.9,,27.3,,20.93,,328.1,,2.58,,1.48,
2024-06-05 11:40:38,2024-06-05,11:40:38,,16.7,,53.9,,26.8,,20.174,,9.1,,9.35,,5.64
2024-06-05 11:41:38,2024-06-05,11:41:38,17.9,,56.1,,27.4,,21.05,,348.0,,2.79,,1.29,
2024-06-05 11:41:41,2024-06-05,11:41:41,,16.8,,54.2,,26.8,,20.221,,32.2,,7.47,,4.1
2024-06-05 11:42:41,2024-06-05,11:42:41,18.0,,56.2,,27.5,,21.154,,348.8,,2.12,,1.3,
2024-06-05 11:42:44,2024-06-05,11:42:44,,17.0,,54.5,,26.9,,20.356,,27.0,,6.72,,4.29
2024-06-05 11:43:44,2024-06-05,11:43:44,17.3,,53.6,,27.6,,20.826,,9.9,,3.16,,1.32,
2024-06-05 11:43:48,2024-06-05,11:43:48,,16.8,,54.1,,26.9,,20.293,,9.3,,7.09,,5.17
2024-06-05 11:44:48,2024-06-05,11:44:48,17.6,,54.9,,27.5,,20.947,,1.4,,2.0,,1.56,
2024-06-05 11:44:52,2024-06-05,11:44:52,,16.6,,53.2,,26.9,,20.15,,28.3,,8.57,,5.33
2024-06-05 11:45:52,2024-06-05,11:45:52,17.4,,54.2,,27.5,,20.835,,14.5,,3.05,,0.92,
2024-06-05 11:45:55,2024-06-05,11:45:55,,16.7,,53.5,,26.9,,20.198,,41.7,,8.45,,4.2
2024-06-05 11:46:55,2024-06-05,11:46:55,17.2,,53.6,,27.5,,20.738,,353.5,,3.36,,2.39,
2024-06-05 11:46:58,2024-06-05,11:46:58,,16.7,,53.6,,26.9,,20.213,,22.3,,8.11,,3.85
2024-06-05 11:47:58,2024-06-05,11:47:58,17.7,,55.2,,27.5,,20.995,,325.0,,2.55,,1.73,
2024-06-05 11:48:02,2024-06-05,11:48:02,,16.7,,53.3,,27.0,,20.253,,13.5,,6.94,,6.16
2024-06-05 11:49:02,2024-06-05,11:49:02,17.5,,54.2,,27.6,,20.923,,344.5,,2.58,,1.48,
2024-06-05 11:49:06,2024-06-05,11:49:06,,16.5,,52.7,,27.0,,20.157,,20.7,,6.72,,4.85
2024-06-05 11:50:06,2024-06-05,11:50:06,17.7,,54.4,,27.7,,21.043,,46.3,,2.12,,0.57,
2024-06-05 11:50:09,2024-06-05,11:50:09,,16.8,,53.5,,27.1,,20.372,,22.0,,6.65,,2.44
2024-06-05 11:51:09,2024-06-05,11:51:09,17.6,,53.8,,27.8,,21.033,,340.4,,2.8,,1.44,
2024-06-05 11:51:12,2024-06-05,11:51:12,,17.0,,53.5,,27.2,,20.46,,26.3,,6.3,,2.17
2024-06-05 11:52:12,2024-06-05,11:52:12,18.1,,55.3,,27.9,,21.364,,314.7,,2.73,,2.1,
2024-06-05 11:52:16,2024-06-05,11:52:16,,16.8,,53.1,,27.2,,20.396,,10.7,,8.95,,4.4
2024-06-05 11:53:16,2024-06-05,11:53:16,18.0,,54.2,,28.1,,21.361,,331.8,,3.09,,2.45,
2024-06-05 11:53:20,2024-06-05,11:53:20,,16.7,,52.8,,27.2,,20.347,,20.5,,7.65,,5.42
2024-06-05 11:54:20,2024-06-05,11:54:20,17.4,,52.4,,28.1,,21.066,,36.0,,2.67,,1.39,
2024-06-05 11:54:23,2024-06-05,11:54:23,,16.7,,52.6,,27.2,,20.315,,37.2,,6.72,,3.55
2024-06-05 11:55:23,2024-06-05,11:55:23,17.6,,53.4,,28.0,,21.143,,12.0,,2.45,,0.84,
2024-06-05 11:55:26,2024-06-05,11:55:26,,17.0,,53.2,,27.3,,20.499,,15.5,,6.32,,4.59
2024-06-05 11:56:26,2024-06-05,11:56:26,17.5,,53.0,,28.0,,21.077,,352.1,,2.23,,1.15,
2024-06-05 11:56:30,2024-06-05,11:56:30,,17.2,,53.6,,27.5,,20.738,,19.0,,5.77,,3.43
2024-06-05 11:57:30,2024-06-05,11:57:30,17.4,,53.1,,27.9,,21.006,,337.1,,2.93,,1.35,
2024-06-05 11:57:34,2024-06-05,11:57:34,,16.8,,52.0,,27.5,,20.478,,30.1,,6.36,,3.91
2024-06-05 11:58:34,2024-06-05,11:58:34,17.1,,52.0,,27.9,,20.826,,359.1,,3.03,,2.15,
2024-06-05 11:58:37,2024-06-05,11:58:37,,16.9,,52.5,,27.5,,20.56,,21.4,,6.83,,3.44
2024-06-05 11:59:37,2024-06-05,11:59:37,17.2,,52.6,,27.8,,20.837,,22.5,,2.68,,1.43,
2024-06-05 11:59:40,2024-06-05,11:59:40,,17.0,,52.8,,27.5,,20.609,,38.6,,5.35,,2.64
2024-06-05 12:00:40,2024-06-05,12:00:40,17.2,,52.8,,27.7,,20.783,,324.4,,2.53,,1.58,
2024-06-05 12:00:44,2024-06-05,12:00:44,,16.6,,51.9,,27.4,,20.375,,25.6,,8.66,,2.56
2024-06-05 12:01:44,2024-06-05,12:01:44,17.7,,54.4,,27.7,,21.043,,344.4,,2.21,,1.48,
2024-06-05 12:01:48,2024-06-05,12:01:48,,16.7,,52.2,,27.4,,20.424,,35.4,,6.74,,4.81
2024-06-05 12:02:48,2024-06-05,12:02:48,17.3,,53.5,,27.6,,20.809,,353.8,,2.53,,1.56,
2024-06-05 12:02:51,2024-06-05,12:02:51,,16.8,,52.7,,27.3,,20.418,,31.8,,7.51,,4.35
2024-06-05 12:03:51,2024-06-05,12:03:51,17.6,,55.0,,27.5,,20.963,,339.1,,2.51,,1.8,
2024-06-05 12:03:54,2024-06-05,12:03:54,,16.9,,53.1,,27.3,,20.483,,16.9,,7.75,,4.7
2024-06-05 12:04:54,2024-06-05,12:04:54,17.4,,54.5,,27.4,,20.795,,358.9,,2.1,,1.21,
2024-06-05 12:04:58,2024-06-05,12:04:58,,16.9,,53.7,,27.1,,20.404,,30.0,,8.31,,4.54
2024-06-05 12:05:58,2024-06-05,12:05:58,17.8,,55.5,,27.5,,21.043,,46.9,,2.02,,0.94,
2024-06-05 12:06:02,2024-06-05,12:06:02,,17.1,,54.6,,27.1,,20.548,,29.0,,8.98,,3.77
2024-06-05 12:07:02,2024-06-05,12:07:02,18.0,,56.2,,27.5,,21.154,,332.7,,2.78,,2.46,
2024-06-05 12:07:05,2024-06-05,12:07:05,,17.0,,54.0,,27.2,,20.54,,32.0,,8.77,,6.51
2024-06-05 12:08:05,2024-06-05,12:08:05,17.6,,54.7,,27.6,,21.003,,342.4,,2.27,,1.2,
2024-06-05 12:08:08,2024-06-05,12:08:08,,17.0,,54.0,,27.2,,20.54,,27.0,,6.06,,3.6
2024-06-05 12:09:08,2024-06-05,12:09:08,17.9,,55.3,,27.6,,21.099,,342.3,,2.32,,1.54,
2024-06-05 12:09:12,2024-06-05,12:09:12,,17.0,,53.9,,27.2,,20.524,,13.2,,7.08,,6.1
2024-06-05 12:10:12,2024-06-05,12:10:12,18.1,,55.9,,27.7,,21.283,,342.9,,2.47,,1.34,
2024-06-05 12:10:16,2024-06-05,12:10:16,,17.4,,54.9,,27.3,,20.771,,27.9,,5.41,,3.6
2024-06-05 12:11:16,2024-06-05,12:11:16,17.8,,54.8,,27.8,,21.195,,55.7,,2.6,,0.89,
2024-06-05 12:11:19,2024-06-05,12:11:19,,17.5,,54.7,,27.4,,20.827,,45.8,,5.85,,3.09
2024-06-05 12:12:19,2024-06-05,12:12:19,17.7,,54.5,,27.7,,21.059,,353.8,,2.92,,1.5,
2024-06-05 12:12:22,2024-06-05,12:12:22,,17.0,,53.1,,27.4,,20.57,,47.5,,6.56,,5.4
2024-06-05 12:13:22,2024-06-05,12:13:22,17.8,,54.6,,27.8,,21.163,,29.4,,1.87,,0.89,
2024-06-05 12:13:26,2024-06-05,12:13:26,,17.5,,54.5,,27.5,,20.883,,29.2,,5.63,,2.74
2024-06-05 12:14:26,2024-06-05,12:14:26,18.1,,55.7,,27.9,,21.428,,0.2,,1.8,,0.99,
2024-06-05 12:14:30,2024-06-05,12:14:30,,17.1,,53.0,,27.6,,20.728,,30.5,,6.26,,4.19
2024-06-05 12:15:30,2024-06-05,12:15:30,17.9,,54.6,,27.9,,21.251,,28.7,,1.85,,1.5,
2024-06-05 12:15:33,2024-06-05,12:15:33,,16.9,,52.5,,27.5,,20.56,,48.7,,7.86,,6.01
2024-06-05 12:16:33,2024-06-05,12:16:33,17.9,,54.4,,27.9,,21.218,,344.5,,2.2,,1.21,
2024-06-05 12:16:36,2024-06-05,12:16:36,,17.1,,53.1,,27.5,,20.657,,40.4,,5.89,,2.79
2024-06-05 12:17:36,2024-06-05,12:17:36,18.0,,54.9,,28.0,,21.387,,21.3,,2.02,,1.72,
2024-06-05 12:17:40,2024-06-05,12:17:40,,17.3,,53.7,,27.6,,20.842,,14.2,,7.69,,4.84
2024-06-05 12:18:40,2024-06-05,12:18:40,17.7,,53.6,,28.0,,21.175,,356.1,,2.73,,1.2,
2024-06-05 12:18:44,2024-06-05,12:18:44,,17.0,,52.8,,27.5,,20.609,,15.2,,8.9,,4.69
2024-06-05 12:19:44,2024-06-05,12:19:44,18.1,,54.8,,28.1,,21.459,,326.1,,2.31,,1.29,
2024-06-05 12:19:47,2024-06-05,12:19:47,,17.0,,53.6,,27.3,,20.563,,35.9,,9.92,,4.78
2024-06-05 12:20:47,2024-06-05,12:20:47,18.0,,54.1,,28.1,,21.345,,326.9,,2.72,,2.06,
2024-06-05 12:20:50,2024-06-05,12:20:50,,17.2,,54.2,,27.3,,20.659,,21.9,,8.15,,5.18
2024-06-05 12:21:50,2024-06-05,12:21:50,17.7,,53.6,,28.0,,21.175,,11.0,,2.62,,0.59,
2024-06-05 12:21:54,2024-06-05,12:21:54,,17.2,,54.0,,27.4,,20.715,,7.9,,6.1,,3.45
2024-06-05 12:22:54,2024-06-05,12:22:54,17.7,,53.3,,28.1,,21.214,,350.5,,2.63,,1.68,
2024-06-05 12:22:58,2024-06-05,12:22:58,,17.0,,53.3,,27.4,,20.602,,28.3,,7.9,,3.56
2024-06-05 12:23:58,2024-06-05,12:23:58,17.6,,53.2,,28.0,,21.11,,334.1,,2.62,,1.75,
2024-06-05 12:24:01,2024-06-05,12:24:01,,17.0,,53.2,,27.4,,20.586,,23.2,,6.84,,5.7
2024-06-05 12:25:01,2024-06-05,12:25:01,18.1,,55.2,,28.0,,21.436,,52.2,,1.89,,0.85,
2024-06-05 12:25:04,2024-06-05,12:25:04,,17.2,,53.9,,27.4,,20.699,,45.2,,8.44,,3.0
2024-06-05 12:26:04,2024-06-05,12:26:04,17.5,,53.0,,28.0,,21.077,,335.8,,2.99,,2.3,
2024-06-05 12:26:08,2024-06-05,12:26:08,,16.8,,52.3,,27.4,,20.44,,37.6,,9.86,,5.25
2024-06-05 12:27:08,2024-06-05,12:27:08,17.9,,53.9,,28.1,,21.312,,356.9,,1.88,,1.17,
2024-06-05 12:27:12,2024-06-05,12:27:12,,17.2,,53.5,,27.5,,20.722,,27.6,,5.77,,3.46
2024-06-05 12:28:12,2024-06-05,12:28:12,17.5,,52.5,,28.2,,21.169,,337.9,,3.12,,1.49,
2024-06-05 12:28:15,2024-06-05,12:28:15,,17.2,,52.9,,27.7,,20.799,,16.2,,6.17,,3.7
2024-06-05 12:29:15,2024-06-05,12:29:15,18.0,,53.8,,28.3,,21.471,,18.6,,2.24,,0.62,
2024-06-05 12:29:18,2024-06-05,12:29:18,,17.3,,52.8,,27.8,,20.87,,35.1,,7.06,,3.0
2024-06-05 12:30:18,2024-06-05,12:30:18,17.4,,51.5,,28.4,,21.176,,352.2,,2.74,,1.66,
2024-06-05 12:30:22,2024-06-05,12:30:22,,16.7,,50.9,,27.8,,20.557,,28.9,,8.88,,6.69
2024-06-05 12:31:22,2024-06-05,12:31:22,17.8,,52.6,,28.4,,21.36,,11.6,,2.6,,1.52,
2024-06-05 12:31:26,2024-06-05,12:31:26,,17.1,,52.2,,27.8,,20.772,,40.0,,7.84,,2.8
2024-06-05 12:32:26,2024-06-05,12:32:26,17.7,,52.0,,28.5,,21.347,,347.2,,3.13,,1.8,
2024-06-05 12:32:29,2024-06-05,12:32:29,,17.1,,52.1,,27.9,,20.842,,32.3,,7.6,,2.41
2024-06-05 12:33:29,2024-06-05,12:33:29,17.3,,50.7,,28.5,,21.128,,359.1,,3.03,,1.26,
2024-06-05 12:33:32,2024-06-05,12:33:32,,16.7,,50.2,,28.0,,20.613,,8.1,,6.78,,4.41
2024-06-05 12:34:32,2024-06-05,12:34:32,17.4,,51.2,,28.5,,21.212,,352.8,,2.04,,1.13,
2024-06-05 12:34:36,2024-06-05,12:34:36,,16.8,,50.7,,28.0,,20.697,,19.5,,6.47,,5.53
2024-06-05 12:35:36,2024-06-05,12:35:36,17.7,,52.1,,28.5,,21.363,,67.9,,2.13,,0.69,
2024-06-05 12:35:40,2024-06-05,12:35:40,,17.0,,51.6,,27.9,,20.76,,13.3,,8.51,,3.11
2024-06-05 12:36:40,2024-06-05,12:36:40,,,,,17.7,,,,28.5,,5.21,,2.06,
2024-06-05 12:36:43,2024-06-05,12:36:43,,16.8,,50.7,,28.0,,20.697,,17.9,,7.81,,6.29
2024-06-05 12:37:43,2024-06-05,12:37:43,17.7,,52.1,,28.5,,21.363,,351.5,,3.32,,1.3,
2024-06-05 12:37:46,2024-06-05,12:37:46,,16.8,,50.7,,28.0,,20.697,,33.4,,5.82,,2.58
2024-06-05 12:38:46,2024-06-05,12:38:46,17.6,,51.3,,28.6,,21.316,,2.4,,2.13,,1.11,
2024-06-05 12:38:50,2024-06-05,12:38:50,,17.0,,51.1,,28.0,,20.763,,40.6,,5.81,,2.65
2024-06-05 12:39:50,2024-06-05,12:39:50,17.5,,51.3,,28.5,,21.229,,337.9,,2.71,,1.99,
2024-06-05 12:39:54,2024-06-05,12:39:54,,16.6,,50.2,,27.9,,20.527,,21.0,,7.91,,5.69
2024-06-05 12:40:54,2024-06-05,12:40:54,17.3,,51.0,,28.4,,21.092,,359.0,,2.71,,1.31,
2024-06-05 12:40:57,2024-06-05,12:40:57,,16.7,,51.1,,27.7,,20.504,,19.6,,6.99,,4.39
2024-06-05 12:41:57,2024-06-05,12:41:57,17.6,,52.5,,28.3,,21.256,,331.8,,2.66,,1.75,
2024-06-05 12:42:00,2024-06-05,12:42:00,,16.8,,51.7,,27.6,,20.516,,8.9,,7.7,,6.51
2024-06-05 12:43:00,2024-06-05,12:43:00,17.6,,52.5,,28.3,,21.256,,20.3,,2.37,,1.13,
2024-06-05 12:43:04,2024-06-05,12:43:04,,17.0,,52.3,,27.6,,20.614,,14.0,,8.21,,5.13
2024-06-05 12:44:04,2024-06-05,12:44:04,17.7,,52.5,,28.4,,21.343,,312.0,,2.66,,1.75,
2024-06-05 12:44:08,2024-06-05,12:44:08,,16.4,,50.8,,27.6,,20.368,,9.2,,9.15,,7.8
2024-06-05 12:45:08,2024-06-05,12:45:08,17.4,,51.5,,28.4,,21.176,,321.5,,3.11,,2.1,
2024-06-05 12:45:11,2024-06-05,12:45:11,,16.4,,51.0,,27.5,,20.315,,13.6,,9.28,,6.36
2024-06-05 12:46:11,2024-06-05,12:46:11,17.4,,51.5,,28.4,,21.176,,358.6,,2.12,,1.35,
2024-06-05 12:46:14,2024-06-05,12:46:14,,16.8,,52.1,,27.6,,20.582,,11.8,,7.71,,6.06
2024-06-05 12:47:14,2024-06-05,12:47:14,17.6,,51.8,,28.5,,21.313,,319.6,,3.12,,1.93,
2024-06-05 12:47:18,2024-06-05,12:47:18,,16.3,,50.6,,27.5,,20.249,,12.8,,10.01,,6.79
2024-06-05 12:48:18,2024-06-05,12:48:18,17.5,,51.4,,28.5,,21.246,,352.9,,2.93,,2.2,
2024-06-05 12:48:22,2024-06-05,12:48:22,,16.6,,51.6,,27.5,,20.413,,17.8,,8.41,,4.09
2024-06-05 12:49:22,2024-06-05,12:49:22,17.3,,51.1,,28.4,,21.109,,353.9,,3.03,,0.89,
2024-06-05 12:49:25,2024-06-05,12:49:25,,16.3,,50.3,,27.6,,20.285,,12.6,,9.04,,7.26
2024-06-05 12:50:25,2024-06-05,12:50:25,17.2,,50.8,,28.4,,21.059,,353.2,,2.48,,1.55,
2024-06-05 12:50:28,2024-06-05,12:50:28,,16.3,,50.7,,27.5,,20.265,,29.6,,9.36,,5.6
2024-06-05 12:51:28,2024-06-05,12:51:28,17.2,,50.7,,28.4,,21.042,,331.4,,2.62,,1.39,
2024-06-05 12:51:32,2024-06-05,12:51:32,,16.3,,50.5,,27.5,,20.232,,28.2,,7.66,,4.33
2024-06-05 12:52:32,2024-06-05,12:52:32,17.0,,50.1,,28.3,,20.854,,331.4,,2.82,,2.0,
2024-06-05 12:52:36,2024-06-05,12:52:36,,16.2,,50.4,,27.5,,20.216,,21.3,,7.25,,3.15
2024-06-05 12:53:36,2024-06-05,12:53:36,16.7,,49.7,,28.2,,20.701,,4.7,,2.54,,1.85,
2024-06-05 12:53:39,2024-06-05,12:53:39,,16.3,,50.7,,27.5,,20.265,,16.4,,6.81,,2.96
2024-06-05 12:54:39,2024-06-05,12:54:39,17.2,,51.3,,28.2,,20.97,,321.7,,2.61,,2.27,
2024-06-05 12:54:42,2024-06-05,12:54:42,,16.0,,49.7,,27.5,,20.1,,39.9,,8.71,,5.04
2024-06-05 12:55:42,2024-06-05,12:55:42,17.2,,51.5,,28.1,,20.916,,18.8,,2.98,,0.94,
2024-06-05 12:55:46,2024-06-05,12:55:46,,16.2,,51.0,,27.3,,20.142,,25.5,,9.39,,7.01
2024-06-05 12:56:46,2024-06-05,12:56:46,16.9,,50.7,,28.1,,20.783,,24.2,,1.96,,1.46,
2024-06-05 12:56:50,2024-06-05,12:56:50,,16.6,,51.8,,27.4,,20.359,,42.2,,7.98,,3.02
2024-06-05 12:57:50,2024-06-05,12:57:50,17.1,,51.4,,28.1,,20.9,,3.5,,2.32,,1.31,
2024-06-05 12:57:53,2024-06-05,12:57:53,,16.6,,51.7,,27.4,,20.343,,1.9,,6.86,,3.45
2024-06-05 12:58:53,2024-06-05,12:58:53,17.1,,51.2,,28.0,,20.78,,342.3,,2.57,,1.66,
2024-06-05 12:58:56,2024-06-05,12:58:56,,16.3,,50.7,,27.6,,20.352,,23.3,,6.59,,5.16
2024-06-05 12:59:56,2024-06-05,12:59:56,16.7,,49.9,,28.1,,20.649,,0.8,,3.37,,2.7,
2024-06-05 13:00:00,2024-06-05,13:00:00,,16.1,,49.8,,27.5,,20.116,,19.7,,8.52,,5.52
2024-06-05 13:01:00,2024-06-05,13:01:00,,,,,17.0,,,,28.1,,5.12,,2.54,
2024-06-05 13:01:04,2024-06-05,13:01:04,,16.3,,50.7,,27.5,,20.265,,21.6,,9.37,,4.52
2024-06-05 13:02:04,2024-06-05,13:02:04,17.0,,51.0,,28.1,,20.833,,11.4,,2.59,,1.61,
2024-06-05 13:02:07,2024-06-05,13:02:07,,16.2,,50.5,,27.6,,20.318,,37.4,,8.82,,6.32
2024-06-05 13:03:07,2024-06-05,13:03:07,16.7,,49.9,,28.1,,20.649,,345.4,,3.56,,1.77,
2024-06-05 13:03:10,2024-06-05,13:03:10,,16.2,,50.1,,27.6,,20.252,,23.9,,6.75,,5.74
2024-06-05 13:04:10,2024-06-05,13:04:10,17.0,,51.1,,28.0,,20.763,,328.1,,2.46,,1.4,
2024-06-05 13:04:14,2024-06-05,13:04:14,,16.2,,50.1,,27.5,,20.166,,23.9,,8.76,,3.02
2024-06-05 13:05:14,2024-06-05,13:05:14,16.7,,50.4,,28.0,,20.646,,357.9,,2.57,,1.65,
2024-06-05 13:05:18,2024-06-05,13:05:18,,16.4,,50.7,,27.6,,20.352,,28.1,,7.42,,4.67
2024-06-05 13:06:18,2024-06-05,13:06:18,16.9,,50.9,,28.0,,20.73,,1.5,,2.84,,1.51,
2024-06-05 13:06:21,2024-06-05,13:06:21,,16.2,,50.1,,27.6,,20.252,,42.5,,6.91,,2.97
2024-06-05 13:07:21,2024-06-05,13:07:21,17.0,,51.4,,28.0,,20.813,,349.0,,2.21,,0.86,
2024-06-05 13:07:54,2024-06-05,13:07:54,,16.2,,49.9,,27.6,,20.219,,40.4,,6.64,,3.02
2024-06-05 13:08:24,2024-06-05,13:08:24,16.8,,50.4,,28.1,,20.733,,348.3,,2.72,,1.59,
2024-06-05 13:08:56,2024-06-05,13:08:56,,16.5,,50.5,,27.7,,20.405,,29.8,,6.28,,4.9
2024-06-05 13:09:28,2024-06-05,13:09:28,17.3,,51.7,,28.2,,21.036,,347.4,,2.1,,0.96,
2024-06-05 13:10:00,2024-06-05,13:10:00,,16.0,,49.1,,27.7,,20.171,,4.6,,9.87,,8.18
2024-06-05 13:10:32,2024-06-05,13:10:32,17.0,,50.7,,28.2,,20.869,,341.2,,3.21,,2.61,
2024-06-05 13:11:03,2024-06-05,13:11:03,,15.8,,48.5,,27.6,,19.985,,28.1,,7.88,,4.06
2024-06-05 13:11:35,2024-06-05,13:11:35,16.4,,48.7,,28.2,,20.531,,338.1,,3.29,,1.18,
2024-06-05 13:12:07,2024-06-05,13:12:07,,15.8,,48.6,,27.6,,20.002,,11.8,,7.81,,6.18
2024-06-05 13:12:38,2024-06-05,13:12:38,16.8,,50.0,,28.2,,20.751,,331.1,,2.54,,1.39,
2024-06-05 13:13:10,2024-06-05,13:13:10,,16.0,,49.3,,27.6,,20.119,,22.8,,8.75,,3.87
2024-06-05 13:13:42,2024-06-05,13:13:42,16.3,,48.6,,28.2,,20.514,,353.4,,3.0,,1.95,
2024-06-05 13:14:14,2024-06-05,13:14:14,,15.8,,48.6,,27.6,,20.002,,27.9,,8.98,,6.17
2024-06-05 13:14:46,2024-06-05,13:14:46,16.6,,49.8,,28.1,,20.632,,27.0,,2.51,,0.67,
2024-06-05 13:15:18,2024-06-05,13:15:18,,16.2,,49.9,,27.7,,20.305,,25.2,,6.35,,3.66
2024-06-05 13:15:49,2024-06-05,13:15:49,16.5,,49.4,,28.1,,20.564,,9.6,,2.82,,1.42,
2024-06-05 13:16:21,2024-06-05,13:16:21,,15.9,,48.6,,27.7,,20.087,,44.6,,8.25,,4.19
2024-06-05 13:16:52,2024-06-05,13:16:52,16.4,,49.2,,28.1,,20.53,,33.9,,2.9,,1.05,
2024-06-05 13:17:24,2024-06-05,13:17:24,,16.0,,48.8,,27.7,,20.121,,23.9,,6.55,,3.07
2024-06-05 13:17:56,2024-06-05,13:17:56,16.6,,49.3,,28.2,,20.633,,24.4,,1.27,,0.48,
2024-06-05 13:18:28,2024-06-05,13:18:28,,16.4,,49.6,,27.8,,20.341,,4.4,,5.92,,2.1
2024-06-05 13:19:00,2024-06-05,13:19:00,16.8,,49.7,,28.3,,20.787,,4.4,,1.9,,1.34,
2024-06-05 13:19:32,2024-06-05,13:19:32,,16.4,,49.3,,28.0,,20.462,,30.4,,6.0,,2.4
2024-06-05 13:20:03,2024-06-05,13:20:03,16.8,,49.3,,28.4,,20.804,,39.7,,2.51,,1.27,
2024-06-05 13:20:35,2024-06-05,13:20:35,,16.0,,47.8,,28.2,,20.377,,47.5,,5.57,,2.27
2024-06-05 13:21:06,2024-06-05,13:21:06,16.4,,48.2,,28.5,,20.701,,17.6,,3.08,,1.85,
2024-06-05 13:21:38,2024-06-05,13:21:38,,,,,,15.9,,,,28.2,,4.71,,6.65
2024-06-05 13:22:10,2024-06-05,13:22:10,16.3,,48.0,,28.4,,20.582,,354.3,,2.9,,1.84,
2024-06-05 13:22:42,2024-06-05,13:22:42,,15.9,,47.3,,28.2,,20.291,,28.9,,7.41,,3.95
2024-06-05 13:23:14,2024-06-05,13:23:14,16.3,,47.8,,28.4,,20.547,,3.5,,3.4,,1.49,
2024-06-05 13:23:46,2024-06-05,13:23:46,,15.9,,47.6,,28.1,,20.258,,17.6,,8.2,,6.16
2024-06-05 13:24:17,2024-06-05,13:24:17,17.0,,49.5,,28.5,,20.924,,335.2,,2.21,,0.94,
2024-06-05 13:24:49,2024-06-05,13:24:49,,16.3,,48.9,,28.1,,20.48,,41.3,,7.0,,2.94
2024-06-05 13:25:20,2024-06-05,13:25:20,16.7,,48.8,,28.5,,20.804,,38.8,,2.87,,0.86,
2024-06-05 13:25:52,2024-06-05,13:25:52,,16.4,,48.8,,28.2,,20.548,,40.1,,8.06,,1.34
2024-06-05 13:26:24,2024-06-05,13:26:24,16.5,,48.3,,28.6,,20.804,,30.8,,3.01,,1.19,
2024-06-05 13:26:56,2024-06-05,13:26:56,,16.2,,47.6,,28.4,,20.513,,9.4,,7.98,,5.04
2024-06-05 13:27:28,2024-06-05,13:27:28,16.6,,48.3,,28.6,,20.804,,72.0,,2.52,,0.63,
2024-06-05 13:28:00,2024-06-05,13:28:00,,16.1,,47.6,,28.3,,20.428,,14.9,,9.21,,6.23
2024-06-05 13:28:31,2024-06-05,13:28:31,17.1,,49.3,,28.8,,21.147,,310.9,,1.99,,1.56,
2024-06-05 13:29:03,2024-06-05,13:29:03,,15.8,,47.0,,28.2,,20.239,,14.1,,10.43,,8.31
2024-06-05 13:29:34,2024-06-05,13:29:34,17.0,,48.8,,28.9,,21.146,,0.4,,2.49,,1.51,
2024-06-05 13:30:06,2024-06-05,13:30:06,,16.0,,47.7,,28.1,,20.275,,48.7,,7.48,,6.19
2024-06-05 13:30:38,2024-06-05,13:30:38,16.4,,47.0,,28.9,,20.832,,44.0,,2.28,,1.1,
2024-06-05 13:31:10,2024-06-05,13:31:10,,16.1,,48.0,,28.2,,20.411,,22.9,,7.79,,2.94
2024-06-05 13:31:42,2024-06-05,13:31:42,16.2,,46.7,,28.8,,20.695,,83.9,,2.2,,0.4,
2024-06-05 13:32:14,2024-06-05,13:32:14,,16.0,,47.7,,28.2,,20.36,,51.9,,7.34,,1.72
2024-06-05 13:32:45,2024-06-05,13:32:45,16.2,,46.6,,28.8,,20.677,,105.3,,1.58,,0.88,
2024-06-05 13:33:17,2024-06-05,13:33:17,,15.8,,46.6,,28.3,,20.255,,45.0,,6.64,,3.47
2024-06-05 13:33:48,2024-06-05,13:33:48,16.1,,46.5,,28.7,,20.575,,52.0,,2.75,,0.6,
2024-06-05 13:34:20,2024-06-05,13:34:20,,15.7,,46.6,,28.2,,20.17,,42.1,,5.8,,3.62
2024-06-05 13:34:52,2024-06-05,13:34:52,16.1,,46.5,,28.7,,20.575,,22.9,,2.46,,1.93,
2024-06-05 13:35:24,2024-06-05,13:35:24,,15.9,,46.9,,28.3,,20.307,,7.5,,6.85,,3.15
2024-06-05 13:35:56,2024-06-05,13:35:56,16.3,,47.3,,28.6,,20.63,,60.7,,2.45,,0.58,
2024-06-05 13:36:28,2024-06-05,13:36:28,,16.0,,47.3,,28.3,,20.376,,31.0,,5.55,,3.66
2024-06-05 13:36:59,2024-06-05,13:36:59,16.4,,47.5,,28.7,,20.75,,4.5,,2.28,,1.18,
2024-06-05 13:37:31,2024-06-05,13:37:31,,15.9,,46.8,,28.3,,20.289,,45.8,,6.75,,4.38
2024-06-05 13:38:02,2024-06-05,13:38:02,16.4,,47.5,,28.7,,20.75,,94.6,,1.31,,0.7,
2024-06-05 13:38:35,2024-06-05,13:38:35,,15.8,,46.6,,28.3,,20.255,,44.9,,8.29,,5.72
2024-06-05 13:39:06,2024-06-05,13:39:06,16.3,,46.9,,28.8,,20.73,,10.7,,1.81,,0.6,
2024-06-05 13:39:38,2024-06-05,13:39:38,,15.9,,46.9,,28.3,,20.307,,32.1,,6.72,,4.84
2024-06-05 13:40:10,2024-06-05,13:40:10,16.0,,46.0,,28.7,,20.487,,14.6,,2.85,,1.33,
2024-06-05 13:40:42,2024-06-05,13:40:42,,15.6,,46.4,,28.2,,20.135,,48.4,,8.64,,4.6
2024-06-05 13:41:13,2024-06-05,13:41:13,16.1,,46.5,,28.7,,20.575,,42.0,,2.77,,0.65,
2024-06-05 13:41:46,2024-06-05,13:41:46,,15.6,,47.0,,28.0,,20.07,,26.0,,10.29,,5.97
2024-06-05 13:42:16,2024-06-05,13:42:16,16.2,,46.9,,28.7,,20.645,,59.4,,2.41,,0.49,
2024-06-05 13:42:49,2024-06-05,13:42:49,,15.9,,48.1,,27.9,,20.173,,47.5,,9.6,,4.86
2024-06-05 13:43:20,2024-06-05,13:43:20,16.1,,46.9,,28.6,,20.561,,20.2,,2.85,,1.87,
2024-06-05 13:43:52,2024-06-05,13:43:52,,15.9,,47.6,,28.1,,20.258,,19.4,,7.33,,4.74
2024-06-05 13:44:24,2024-06-05,13:44:24,16.2,,47.0,,28.6,,20.578,,10.5,,3.09,,1.99,
2024-06-05 13:44:56,2024-06-05,13:44:56,,15.9,,47.4,,28.1,,20.223,,33.7,,6.65,,2.64
2024-06-05 13:45:27,2024-06-05,13:45:27,16.1,,47.0,,28.5,,20.493,,17.8,,2.24,,0.98,
2024-06-05 13:46:00,2024-06-05,13:46:00,,15.3,,46.1,,28.0,,19.915,,21.9,,7.77,,5.37
2024-06-05 13:46:30,2024-06-05,13:46:30,16.0,,47.0,,28.4,,20.409,,8.7,,1.64,,1.22,
2024-06-05 13:47:03,2024-06-05,13:47:03,,15.6,,47.0,,28.0,,20.07,,6.5,,7.83,,4.53
2024-06-05 13:47:34,2024-06-05,13:47:34,16.0,,47.0,,28.4,,20.409,,12.6,,2.86,,1.43,
2024-06-05 13:48:06,2024-06-05,13:48:06,,15.7,,47.2,,28.0,,20.104,,40.7,,7.31,,5.74
2024-06-05 13:48:38,2024-06-05,13:48:38,16.1,,47.5,,28.4,,20.495,,71.6,,1.86,,1.24,
2024-06-05 13:49:10,2024-06-05,13:49:10,,15.6,,46.5,,28.2,,20.153,,30.1,,6.58,,4.07
2024-06-05 13:49:41,2024-06-05,13:49:41,16.3,,47.7,,28.5,,20.615,,23.1,,1.86,,1.05,
2024-06-05 13:50:14,2024-06-05,13:50:14,,15.5,,46.3,,28.1,,20.034,,36.9,,7.38,,3.6
2024-06-05 13:50:44,2024-06-05,13:50:44,16.2,,47.0,,28.6,,20.578,,16.5,,2.25,,0.79,
2024-06-05 13:51:17,2024-06-05,13:51:17,,15.6,,46.7,,28.1,,20.103,,23.8,,6.12,,2.48
2024-06-05 13:51:48,2024-06-05,13:51:48,16.0,,46.4,,28.6,,20.473,,70.6,,2.01,,1.03,
2024-06-05 13:52:20,2024-06-05,13:52:20,,15.5,,46.0,,28.2,,20.066,,18.6,,6.33,,4.16
2024-06-05 13:52:52,2024-06-05,13:52:52,15.7,,45.7,,28.6,,20.35,,10.0,,2.25,,1.47,
2024-06-05 13:53:24,2024-06-05,13:53:24,,15.6,,46.4,,28.2,,20.135,,47.7,,7.55,,3.88
2024-06-05 13:53:55,2024-06-05,13:53:55,16.1,,46.8,,28.6,,20.543,,21.8,,1.87,,0.42,
2024-06-05 13:54:28,2024-06-05,13:54:28,,15.6,,46.4,,28.2,,20.135,,21.1,,5.55,,4.16
2024-06-05 13:54:58,2024-06-05,13:54:58,16.0,,46.6,,28.6,,20.508,,16.8,,3.09,,1.49,
2024-06-05 13:55:31,2024-06-05,13:55:31,,15.7,,46.4,,28.3,,20.22,,16.5,,5.93,,3.47
2024-06-05 13:56:02,2024-06-05,13:56:02,16.0,,46.4,,28.7,,20.557,,6.6,,2.09,,1.69,
2024-06-05 13:56:34,2024-06-05,13:56:34,,15.7,,46.2,,28.4,,20.269,,39.9,,8.15,,2.82
2024-06-05 13:57:06,2024-06-05,13:57:06,16.0,,46.2,,28.7,,20.522,,18.1,,2.77,,0.92,
2024-06-05 13:57:38,2024-06-05,13:57:38,,15.5,,45.5,,28.4,,20.146,,30.0,,6.67,,3.53
2024-06-05 13:58:09,2024-06-05,13:58:09,15.8,,45.5,,28.7,,20.398,,0.4,,2.31,,1.42,
2024-06-05 13:58:42,2024-06-05,13:58:42,,15.6,,45.7,,28.4,,20.181,,12.2,,6.8,,4.39
2024-06-05 13:59:12,2024-06-05,13:59:12,16.0,,46.3,,28.7,,20.54,,81.9,,1.35,,1.05,
2024-06-05 13:59:45,2024-06-05,13:59:45,,15.9,,46.7,,28.4,,20.356,,24.1,,6.52,,4.04
2024-06-05 14:00:16,2024-06-05,14:00:16,16.0,,46.0,,28.8,,20.571,,9.6,,1.88,,0.99,
2024-06-05 14:00:48,2024-06-05,14:00:48,,15.5,,45.3,,28.5,,20.195,,41.2,,6.25,,4.01
2024-06-05 14:01:20,2024-06-05,14:01:20,16.0,,45.7,,28.9,,20.602,,9.7,,2.46,,0.49,
2024-06-05 14:01:52,2024-06-05,14:01:52,,15.4,,45.0,,28.5,,20.142,,17.4,,5.86,,3.51
2024-06-05 14:02:23,2024-06-05,14:02:23,16.0,,45.7,,28.9,,20.602,,61.0,,1.57,,0.81,
2024-06-05 14:02:56,2024-06-05,14:02:56,,15.9,,46.2,,28.6,,20.438,,64.3,,3.52,,2.26
2024-06-05 14:03:27,2024-06-05,14:03:27,16.1,,46.1,,28.9,,20.673,,27.4,,1.47,,1.02,
2024-06-05 14:03:59,2024-06-05,14:03:59,,15.5,,44.7,,28.7,,20.256,,40.0,,5.38,,4.03
2024-06-05 14:04:30,2024-06-05,14:04:30,,,,,15.9,,,,29.0,,4.5,,1.83,
2024-06-05 14:05:02,2024-06-05,14:05:02,,15.4,,44.5,,28.7,,20.22,,20.9,,6.95,,3.53
2024-06-05 14:05:34,2024-06-05,14:05:34,16.0,,45.3,,29.0,,20.614,,61.6,,1.94,,0.56,
2024-06-05 14:06:06,2024-06-05,14:06:06,,15.4,,44.4,,28.7,,20.202,,20.1,,7.71,,5.88
2024-06-05 14:06:37,2024-06-05,14:06:37,16.3,,46.2,,29.1,,20.859,,297.6,,1.68,,0.06,
2024-06-05 14:07:10,2024-06-05,14:07:10,,15.5,,44.9,,28.6,,20.208,,15.3,,6.95,,3.88
2024-06-05 14:07:41,2024-06-05,14:07:41,16.1,,45.6,,29.1,,20.752,,297.6,,1.16,,0.35,
2024-06-05 14:08:13,2024-06-05,14:08:13,,15.5,,44.9,,28.6,,20.208,,3.8,,6.64,,4.0
2024-06-05 14:08:44,2024-06-05,14:08:44,16.3,,45.7,,29.2,,20.854,,322.2,,1.98,,1.49,
2024-06-05 14:09:16,2024-06-05,14:09:16,,15.6,,45.2,,28.6,,20.261,,7.5,,6.91,,3.85
2024-06-05 14:09:48,2024-06-05,14:09:48,16.5,,45.9,,29.3,,20.974,,15.1,,2.95,,0.84,
2024-06-05 14:10:20,2024-06-05,14:10:20,,15.8,,45.4,,28.8,,20.464,,23.2,,6.4,,2.39
2024-06-05 14:10:52,2024-06-05,14:10:52,16.1,,44.8,,29.4,,20.859,,6.6,,2.05,,0.72,
2024-06-05 14:11:24,2024-06-05,14:11:24,,15.1,,43.5,,28.8,,20.123,,49.3,,6.45,,5.43
2024-06-05 14:11:54,2024-06-05,14:11:54,15.9,,44.2,,29.4,,20.75,,331.5,,2.85,,1.52,
2024-06-05 14:12:27,2024-06-05,14:12:27,,15.1,,43.6,,28.7,,20.058,,358.7,,5.83,,4.69
2024-06-05 14:12:58,2024-06-05,14:12:58,16.1,,44.9,,29.4,,20.877,,318.4,,2.22,,1.62,
2024-06-05 14:13:30,2024-06-05,14:13:30,,15.3,,44.4,,28.6,,20.118,,5.4,,4.82,,2.79
2024-06-05 14:14:02,2024-06-05,14:14:02,16.1,,44.7,,29.4,,20.841,,338.8,,2.48,,0.94,
2024-06-05 14:14:34,2024-06-05,14:14:34,,15.5,,44.7,,28.7,,20.256,,11.4,,5.46,,3.13
2024-06-05 14:15:05,2024-06-05,14:15:05,16.3,,45.1,,29.5,,20.997,,67.8,,1.85,,0.46,
2024-06-05 14:15:38,2024-06-05,14:15:38,,15.4,,44.2,,28.8,,20.249,,33.6,,6.83,,4.07
2024-06-05 14:16:09,2024-06-05,14:16:09,15.7,,43.3,,29.5,,20.667,,43.6,,1.91,,0.68,
2024-06-05 14:16:41,2024-06-05,14:16:41,,15.4,,43.9,,28.9,,20.278,,35.8,,4.62,,3.68
2024-06-05 14:17:12,2024-06-05,14:17:12,15.7,,43.3,,29.5,,20.667,,337.5,,2.27,,0.95,
2024-06-05 14:17:44,2024-06-05,14:17:44,,15.1,,43.1,,28.9,,20.133,,30.3,,6.08,,3.88
2024-06-05 14:18:16,2024-06-05,14:18:16,15.8,,43.6,,29.5,,20.723,,16.2,,0.93,,0.34,
2024-06-05 14:18:48,2024-06-05,14:18:48,,15.1,,43.3,,28.9,,20.169,,9.7,,6.53,,3.5
2024-06-05 14:19:19,2024-06-05,14:19:19,16.7,,46.1,,29.5,,21.179,,308.7,,3.31,,2.27,
2024-06-05 14:19:52,2024-06-05,14:19:52,,15.0,,43.3,,28.7,,20.003,,27.8,,7.53,,3.75
2024-06-05 14:20:23,2024-06-05,14:20:23,15.6,,43.3,,29.4,,20.584,,349.5,,2.78,,1.83,
2024-06-05 14:20:55,2024-06-05,14:20:55,,15.0,,43.5,,28.6,,19.957,,10.0,,6.36,,4.9
2024-06-05 14:21:26,2024-06-05,14:21:26,15.8,,44.0,,29.3,,20.63,,327.2,,2.92,,2.45,
2024-06-05 14:21:58,2024-06-05,14:21:58,,15.3,,44.4,,28.6,,20.118,,1.6,,7.2,,5.93
2024-06-05 14:22:30,2024-06-05,14:22:30,16.1,,44.9,,29.3,,20.794,,326.8,,2.72,,1.72,
2024-06-05 14:23:02,2024-06-05,14:23:02,,15.1,,43.8,,28.7,,20.094,,359.4,,7.24,,5.78
2024-06-05 14:23:34,2024-06-05,14:23:34,15.9,,44.2,,29.3,,20.666,,321.6,,2.7,,1.96,
2024-06-05 14:24:06,2024-06-05,14:24:06,,15.2,,44.2,,28.6,,20.083,,13.2,,7.65,,5.02
2024-06-05 14:24:37,2024-06-05,14:24:37,15.5,,43.1,,29.4,,20.547,,351.7,,2.76,,1.2,
2024-06-05 14:25:09,2024-06-05,14:25:09,,15.1,,43.8,,28.6,,20.011,,43.7,,6.08,,3.84
2024-06-05 14:25:40,2024-06-05,14:25:40,16.0,,44.5,,29.3,,20.721,,333.0,,2.59,,1.68,
2024-06-05 14:26:12,2024-06-05,14:26:12,,15.3,,44.2,,28.7,,20.166,,28.5,,4.5,,1.96
2024-06-05 14:26:44,2024-06-05,14:26:44,15.8,,43.9,,29.3,,20.611,,1.8,,2.51,,2.16,
2024-06-05 14:27:16,2024-06-05,14:27:16,,15.0,,42.9,,28.8,,20.014,,18.9,,5.6,,3.43
2024-06-05 14:27:48,2024-06-05,14:27:48,15.9,,44.2,,29.3,,20.666,,322.1,,2.63,,0.56,
2024-06-05 14:28:20,2024-06-05,14:28:20,,15.0,,43.4,,28.7,,20.022,,28.3,,6.63,,3.64
2024-06-05 14:28:50,2024-06-05,14:28:50,16.2,,45.2,,29.3,,20.848,,337.8,,1.71,,1.26,
2024-06-05 14:29:23,2024-06-05,14:29:23,,15.0,,43.5,,28.7,,20.04,,44.4,,6.61,,5.0
2024-06-05 14:29:54,2024-06-05,14:29:54,15.7,,43.7,,29.3,,20.575,,15.6,,2.3,,1.03,
2024-06-05 14:30:26,2024-06-05,14:30:26,,15.0,,43.2,,28.7,,19.985,,52.4,,6.38,,4.42
2024-06-05 14:30:58,2024-06-05,14:30:58,15.4,,43.2,,29.2,,20.4,,350.9,,1.72,,1.12,
2024-06-05 14:31:30,2024-06-05,14:31:30,,15.0,,43.1,,28.7,,19.967,,45.8,,6.74,,3.82
2024-06-05 14:32:01,2024-06-05,14:32:01,15.7,,44.0,,29.2,,20.546,,358.3,,2.27,,0.95,
2024-06-05 14:32:34,2024-06-05,14:32:34,,15.2,,43.9,,28.7,,20.112,,41.9,,3.4,,2.08
2024-06-05 14:33:05,2024-06-05,14:33:05,15.6,,43.8,,29.2,,20.51,,358.5,,2.12,,0.88,
2024-06-05 14:33:37,2024-06-05,14:33:37,,15.0,,43.1,,28.8,,20.05,,52.9,,4.7,,3.29
2024-06-05 14:34:08,2024-06-05,14:34:08,15.5,,43.4,,29.2,,20.437,,354.7,,1.96,,1.42,
2024-06-05 14:34:40,2024-06-05,14:34:40,,14.8,,42.5,,28.8,,19.94,,33.3,,6.06,,3.6
2024-06-05 14:35:12,2024-06-05,14:35:12,15.4,,43.4,,29.1,,20.354,,344.5,,2.2,,1.08,
2024-06-05 14:35:44,2024-06-05,14:35:44,,15.0,,43.1,,28.8,,20.05,,50.5,,5.26,,2.96
2024-06-05 14:36:16,2024-06-05,14:36:16,15.3,,43.5,,29.0,,20.289,,25.1,,2.72,,1.23,
2024-06-05 14:36:48,2024-06-05,14:36:48,,14.8,,42.5,,28.8,,19.94,,37.1,,6.33,,4.03
2024-06-05 14:37:19,2024-06-05,14:37:19,15.2,,43.1,,29.0,,20.216,,5.3,,2.39,,0.86,
2024-06-05 14:37:51,2024-06-05,14:37:51,,14.9,,43.0,,28.7,,19.949,,20.2,,5.36,,4.97
2024-06-05 14:38:22,2024-06-05,14:38:22,15.4,,43.7,,29.0,,20.325,,43.4,,2.27,,0.54,
2024-06-05 14:38:54,2024-06-05,14:38:54,,14.7,,42.5,,28.7,,19.858,,4.6,,7.76,,4.68
2024-06-05 14:39:26,2024-06-05,14:39:26,15.8,,44.6,,29.1,,20.572,,322.1,,2.11,,1.37,
2024-06-05 14:39:58,2024-06-05,14:39:58,,14.6,,42.6,,28.6,,19.793,,22.2,,7.26,,4.12
2024-06-05 14:40:30,2024-06-05,14:40:30,15.6,,44.1,,29.1,,20.481,,321.8,,2.72,,1.68,
2024-06-05 14:41:02,2024-06-05,14:41:02,,15.0,,43.6,,28.6,,19.975,,50.8,,8.11,,1.92
2024-06-05 14:41:32,2024-06-05,14:41:32,15.1,,42.5,,29.2,,20.271,,20.7,,2.77,,1.63,
2024-06-05 14:42:05,2024-06-05,14:42:05,,14.9,,42.7,,28.8,,19.977,,17.9,,4.93,,3.6
2024-06-05 14:42:36,2024-06-05,14:42:36,15.5,,43.6,,29.2,,20.473,,321.8,,2.67,,2.09,
2024-06-05 14:43:08,2024-06-05,14:43:08,,,,,,14.4,,,,28.7,,4.16,,7.94
2024-06-05 14:43:40,2024-06-05,14:43:40,15.2,,42.5,,29.3,,20.353,,348.0,,3.27,,2.02,
2024-06-05 14:44:12,2024-06-05,14:44:12,,14.8,,42.4,,28.8,,19.922,,24.7,,6.59,,4.0
2024-06-05 14:44:44,2024-06-05,14:44:44,15.1,,42.3,,29.3,,20.316,,14.1,,2.3,,1.18,
2024-06-05 14:45:16,2024-06-05,14:45:16,,14.6,,41.9,,28.8,,19.83,,22.5,,6.6,,4.31
2024-06-05 14:45:47,2024-06-05,14:45:47,15.3,,42.6,,29.3,,20.372,,349.1,,2.74,,1.49,
2024-06-05 14:46:20,2024-06-05,14:46:20,,14.5,,41.4,,28.9,,19.82,,11.1,,5.61,,4.62
2024-06-05 14:46:50,2024-06-05,14:46:50,15.6,,43.3,,29.4,,20.584,,332.6,,2.02,,1.38,
2024-06-05 14:47:22,2024-06-05,14:47:22,,14.5,,41.7,,28.9,,19.875,,28.8,,5.62,,4.31
2024-06-05 14:47:54,2024-06-05,14:47:54,15.3,,42.4,,29.5,,20.5,,326.5,,2.55,,2.17,
2024-06-05 14:48:26,2024-06-05,14:48:26,,14.6,,41.8,,28.9,,19.894,,22.2,,6.73,,4.42
2024-06-05 14:48:58,2024-06-05,14:48:58,15.3,,42.2,,29.5,,20.462,,314.2,,2.48,,1.1,
2024-06-05 14:49:30,2024-06-05,14:49:30,,14.7,,42.1,,28.8,,19.867,,26.7,,6.37,,3.16
2024-06-05 14:50:01,2024-06-05,14:50:01,15.3,,42.4,,29.4,,20.417,,23.9,,1.54,,0.88,
2024-06-05 14:50:33,2024-06-05,14:50:33,,14.9,,42.5,,28.9,,20.023,,6.9,,6.49,,6.25
2024-06-05 14:51:04,2024-06-05,14:51:04,15.8,,43.4,,29.5,,20.686,,334.1,,2.26,,1.08,
2024-06-05 14:51:37,2024-06-05,14:51:37,,14.9,,42.5,,28.9,,20.023,,23.3,,6.98,,3.93
2024-06-05 14:52:08,2024-06-05,14:52:08,16.0,,43.7,,29.7,,20.907,,341.0,,2.05,,1.61,
2024-06-05 14:52:40,2024-06-05,14:52:40,,14.8,,41.9,,29.0,,19.995,,14.4,,4.44,,2.78
2024-06-05 14:53:12,2024-06-05,14:53:12,15.2,,41.5,,29.8,,20.577,,10.7,,1.79,,1.38,
2024-06-05 14:53:44,2024-06-05,14:53:44,,14.8,,41.5,,29.2,,20.084,,28.2,,4.37,,1.96
2024-06-05 14:54:15,2024-06-05,14:54:15,15.0,,40.6,,29.8,,20.405,,348.4,,2.16,,1.49,
2024-06-05 14:54:48,2024-06-05,14:54:48,,14.1,,39.5,,29.3,,19.787,,16.3,,5.58,,4.15
2024-06-05 14:55:18,2024-06-05,14:55:18,15.0,,40.8,,29.8,,20.443,,337.9,,2.86,,1.79,
2024-06-05 14:55:51,2024-06-05,14:55:51,,14.3,,40.4,,29.2,,19.877,,8.3,,6.23,,5.36
2024-06-05 14:56:22,2024-06-05,14:56:22,14.9,,40.2,,29.9,,20.409,,341.8,,2.39,,2.17,
2024-06-05 14:56:54,2024-06-05,14:56:54,,14.5,,40.7,,29.2,,19.934,,21.1,,5.86,,2.37
2024-06-05 14:57:26,2024-06-05,14:57:26,15.0,,40.6,,29.8,,20.405,,355.6,,2.16,,1.17,
2024-06-05 14:57:58,2024-06-05,14:57:58,,14.5,,40.8,,29.2,,19.953,,17.4,,6.41,,3.37
2024-06-05 14:58:29,2024-06-05,14:58:29,15.1,,41.1,,29.8,,20.5,,321.4,,2.9,,1.0,
2024-06-05 14:59:02,2024-06-05,14:59:02,,14.6,,40.8,,29.3,,20.034,,35.4,,4.69,,1.48
2024-06-05 14:59:32,2024-06-05,14:59:32,14.9,,40.4,,29.8,,20.366,,18.9,,1.02,,0.7,
2024-06-05 15:00:04,2024-06-05,15:00:04,,14.3,,40.1,,29.3,,19.901,,6.1,,5.32,,3.26
2024-06-05 15:00:36,2024-06-05,15:00:36,,,,,15.3,,,,29.8,,4.14,,2.17,
2024-06-05 15:01:08,2024-06-05,15:01:08,,14.5,,40.5,,29.3,,19.978,,15.4,,6.24,,5.34
2024-06-05 15:01:40,2024-06-05,15:01:40,15.2,,41.6,,29.7,,20.514,,328.3,,2.44,,1.31,
2024-06-05 15:02:12,2024-06-05,15:02:12,,14.7,,41.0,,29.3,,20.072,,23.5,,6.98,,1.52
2024-06-05 15:02:43,2024-06-05,15:02:43,15.3,,41.5,,29.8,,20.577,,343.3,,2.02,,0.74,
2024-06-05 15:03:16,2024-06-05,15:03:16,,14.6,,40.5,,29.4,,20.059,,24.9,,6.35,,4.55
2024-06-05 15:03:46,2024-06-05,15:03:46,14.8,,40.0,,29.8,,20.289,,356.1,,2.21,,1.49,
2024-06-05 15:04:19,2024-06-05,15:04:19,,14.2,,39.7,,29.3,,19.825,,49.5,,4.69,,3.23
2024-06-05 15:04:50,2024-06-05,15:04:50,14.7,,40.4,,29.6,,20.203,,39.4,,2.17,,0.84,
2024-06-05 15:05:22,2024-06-05,15:05:22,,14.4,,40.2,,29.3,,19.92,,14.3,,4.23,,2.21
2024-06-05 15:05:54,2024-06-05,15:05:54,14.9,,41.0,,29.5,,20.236,,338.3,,2.01,,1.51,
2024-06-05 15:06:26,2024-06-05,15:06:26,,14.2,,39.8,,29.3,,19.844,,5.8,,5.27,,4.3
2024-06-05 15:06:57,2024-06-05,15:06:57,14.7,,40.6,,29.5,,20.16,,329.0,,3.04,,2.15,
2024-06-05 15:07:30,2024-06-05,15:07:30,,14.3,,40.4,,29.1,,19.796,,12.7,,5.92,,3.66
2024-06-05 15:08:00,2024-06-05,15:08:00,14.7,,40.9,,29.4,,20.135,,318.1,,2.77,,2.13,
2024-06-05 15:08:33,2024-06-05,15:08:33,,14.2,,40.6,,29.0,,19.752,,6.1,,7.51,,5.06
2024-06-05 15:09:04,2024-06-05,15:09:04,15.0,,41.6,,29.4,,20.267,,322.1,,2.83,,0.97,
2024-06-05 15:09:36,2024-06-05,15:09:36,,14.2,,40.5,,29.0,,19.733,,21.6,,6.64,,5.32
2024-06-05 15:10:08,2024-06-05,15:10:08,14.9,,41.3,,29.4,,20.211,,313.8,,1.34,,1.2,
2024-06-05 15:10:40,2024-06-05,15:10:40,,14.1,,40.6,,28.9,,19.67,,9.7,,7.34,,5.45
2024-06-05 15:11:11,2024-06-05,15:11:11,14.9,,41.2,,29.4,,20.192,,321.9,,3.02,,2.32,
2024-06-05 15:11:44,2024-06-05,15:11:44,,14.1,,40.5,,28.9,,19.651,,6.2,,7.55,,5.34
2024-06-05 15:12:14,2024-06-05,15:12:14,14.9,,41.2,,29.4,,20.192,,324.7,,2.95,,2.44,
2024-06-05 15:12:47,2024-06-05,15:12:47,,14.0,,40.3,,28.8,,19.532,,10.2,,7.41,,5.67
2024-06-05 15:13:18,2024-06-05,15:13:18,14.8,,41.4,,29.3,,20.148,,342.7,,2.56,,0.96,
2024-06-05 15:13:50,2024-06-05,15:13:50,,14.3,,41.1,,28.9,,19.764,,18.8,,4.98,,3.74
2024-06-05 15:14:22,2024-06-05,15:14:22,14.9,,41.2,,29.4,,20.192,,358.0,,1.68,,0.89,
2024-06-05 15:14:54,2024-06-05,15:14:54,,13.9,,39.9,,28.9,,19.538,,12.4,,6.99,,5.24
2024-06-05 15:15:25,2024-06-05,15:15:25,15.1,,41.9,,29.4,,20.324,,345.1,,2.88,,0.88,
2024-06-05 15:15:58,2024-06-05,15:15:58,,14.1,,40.6,,28.9,,19.67,,18.7,,5.9,,3.62
2024-06-05 15:16:28,2024-06-05,15:16:28,14.8,,40.7,,29.5,,20.179,,332.3,,2.29,,1.7,
2024-06-05 15:17:01,2024-06-05,15:17:01,,14.0,,40.0,,28.9,,19.557,,19.3,,6.42,,4.28
2024-06-05 15:17:32,2024-06-05,15:17:32,14.8,,41.0,,29.4,,20.154,,327.5,,3.3,,2.1,
2024-06-05 15:18:04,2024-06-05,15:18:04,,14.1,,40.4,,28.9,,19.632,,14.5,,7.01,,3.34
2024-06-05 15:18:36,2024-06-05,15:18:36,14.8,,40.7,,29.5,,20.179,,6.9,,2.32,,0.49,
2024-06-05 15:19:08,2024-06-05,15:19:08,,14.2,,40.8,,28.9,,19.708,,26.8,,5.61,,2.42
2024-06-05 15:19:39,2024-06-05,15:19:39,14.4,,40.0,,29.4,,19.964,,32.5,,1.85,,1.22,
2024-06-05 15:20:12,2024-06-05,15:20:12,,14.2,,40.5,,29.0,,19.733,,14.7,,6.36,,3.04
2024-06-05 15:20:42,2024-06-05,15:20:42,14.9,,41.2,,29.4,,20.192,,321.9,,1.81,,1.18,
2024-06-05 15:21:16,2024-06-05,15:21:16,,,,,,13.9,,,,28.9,,3.98,,6.86
2024-06-05 15:21:46,2024-06-05,15:21:46,14.7,,40.9,,29.4,,20.135,,325.2,,3.03,,2.13,
2024-06-05 15:22:18,2024-06-05,15:22:18,,14.1,,40.6,,28.8,,19.588,,359.6,,6.44,,4.79
2024-06-05 15:22:50,2024-06-05,15:22:50,14.7,,40.8,,29.4,,20.116,,331.3,,2.78,,1.89,
2024-06-05 15:23:22,2024-06-05,15:23:22,,14.0,,40.6,,28.9,,19.67,,4.5,,7.52,,5.06
2024-06-05 15:23:53,2024-06-05,15:23:53,15.0,,41.6,,29.4,,20.267,,335.3,,2.48,,1.43,
2024-06-05 15:24:26,2024-06-05,15:24:26,,14.0,,40.3,,28.9,,19.614,,24.6,,5.72,,3.45
2024-06-05 15:24:56,2024-06-05,15:24:56,14.8,,40.7,,29.5,,20.179,,346.8,,2.79,,1.62,
2024-06-05 15:25:29,2024-06-05,15:25:29,,14.0,,39.9,,29.0,,19.619,,30.8,,5.56,,2.34
2024-06-05 15:26:00,2024-06-05,15:26:00,14.4,,39.9,,29.5,,20.026,,342.7,,2.25,,1.2,
2024-06-05 15:26:32,2024-06-05,15:26:32,,14.2,,40.2,,29.1,,19.758,,16.4,,4.55,,2.44
2024-06-05 15:27:04,2024-06-05,15:27:04,14.9,,40.8,,29.6,,20.28,,327.2,,2.84,,2.01,
2024-06-05 15:27:36,2024-06-05,15:27:36,,14.0,,39.2,,29.3,,19.729,,11.2,,5.95,,4.5
2024-06-05 15:28:07,2024-06-05,15:28:07,14.4,,39.6,,29.6,,20.049,,2.2,,2.52,,1.57,
2024-06-05 15:28:40,2024-06-05,15:28:40,,14.0,,39.1,,29.3,,19.71,,3.3,,5.51,,2.97
2024-06-05 15:29:10,2024-06-05,15:29:10,14.6,,40.3,,29.5,,20.102,,334.0,,2.6,,1.68,
2024-06-05 15:29:43,2024-06-05,15:29:43,,14.0,,39.1,,29.3,,19.71,,346.8,,5.77,,4.78
2024-06-05 15:30:14,2024-06-05,15:30:14,14.9,,40.8,,29.6,,20.28,,326.3,,2.3,,0.92,
2024-06-05 15:30:46,2024-06-05,15:30:46,,14.0,,39.3,,29.3,,19.748,,9.4,,6.79,,5.62
2024-06-05 15:31:18,2024-06-05,15:31:18,14.6,,40.0,,29.6,,20.126,,328.5,,2.96,,1.87,
2024-06-05 15:31:50,2024-06-05,15:31:50,,13.8,,39.1,,29.1,,19.548,,10.2,,6.48,,5.08
2024-06-05 15:32:21,2024-06-05,15:32:21,14.4,,39.7,,29.6,,20.068,,326.7,,3.2,,2.41,
2024-06-05 15:32:54,2024-06-05,15:32:54,,13.7,,39.2,,29.0,,19.486,,3.9,,7.57,,5.42
2024-06-05 15:33:24,2024-06-05,15:33:24,14.5,,40.0,,29.5,,20.045,,326.2,,2.87,,1.9,
2024-06-05 15:33:57,2024-06-05,15:33:57,,14.0,,39.9,,29.0,,19.619,,358.7,,5.78,,4.13
2024-06-05 15:34:28,2024-06-05,15:34:28,14.6,,40.2,,29.5,,20.083,,326.7,,3.22,,2.35,
2024-06-05 15:35:00,2024-06-05,15:35:00,,13.8,,38.9,,29.2,,19.59,,0.9,,7.22,,5.33
2024-06-05 15:35:32,2024-06-05,15:35:32,14.3,,39.5,,29.6,,20.03,,329.0,,2.88,,2.21,
2024-06-05 15:36:04,2024-06-05,15:36:04,,13.7,,38.8,,29.2,,19.571,,357.1,,7.67,,6.71
2024-06-05 15:36:35,2024-06-05,15:36:35,14.5,,39.5,,29.7,,20.111,,323.7,,2.92,,2.16,
2024-06-05 15:37:08,2024-06-05,15:37:08,,13.6,,38.7,,29.1,,19.471,,6.2,,7.84,,5.27
2024-06-05 15:37:38,2024-06-05,15:37:38,14.2,,38.8,,29.7,,19.974,,331.9,,3.3,,2.26,
2024-06-05 15:38:11,2024-06-05,15:38:11,,14.0,,39.3,,29.2,,19.667,,10.0,,6.11,,2.32
2024-06-05 15:38:42,2024-06-05,15:38:42,14.2,,39.0,,29.7,,20.013,,357.6,,2.51,,1.79,
2024-06-05 15:39:14,2024-06-05,15:39:14,,13.8,,38.7,,29.3,,19.632,,18.8,,6.77,,3.93
2024-06-05 15:39:46,2024-06-05,15:39:46,14.5,,39.5,,29.8,,20.192,,356.5,,2.97,,1.22,
2024-06-05 15:40:18,2024-06-05,15:40:18,,13.6,,38.3,,29.3,,19.554,,22.6,,6.03,,4.07
2024-06-05 15:40:49,2024-06-05,15:40:49,14.2,,38.9,,29.7,,19.994,,49.4,,1.64,,0.4,
2024-06-05 15:41:22,2024-06-05,15:41:22,,14.2,,39.6,,29.4,,19.887,,35.9,,5.32,,2.47
2024-06-05 15:41:52,2024-06-05,15:41:52,14.7,,39.8,,29.8,,20.25,,343.8,,2.6,,1.42,
2024-06-05 15:42:25,2024-06-05,15:42:25,,14.0,,38.7,,29.5,,19.793,,25.7,,4.82,,2.17
2024-06-05 15:42:56,2024-06-05,15:42:56,14.9,,40.1,,29.9,,20.39,,332.6,,3.04,,1.57,
2024-06-05 15:43:28,2024-06-05,15:43:28,,14.0,,38.9,,29.5,,19.832,,8.1,,5.18,,3.42
2024-06-05 15:44:00,2024-06-05,15:44:00,14.7,,39.7,,29.9,,20.312,,327.7,,2.37,,1.91,
2024-06-05 15:44:32,2024-06-05,15:44:32,,13.7,,37.9,,29.6,,19.717,,13.6,,6.06,,4.37
2024-06-05 15:45:03,2024-06-05,15:45:03,14.9,,39.9,,30.0,,20.432,,350.9,,3.19,,1.23,
2024-06-05 15:45:36,2024-06-05,15:45:36,,13.9,,38.4,,29.5,,19.735,,11.1,,6.05,,4.17
2024-06-05 15:46:06,2024-06-05,15:46:06,14.6,,39.4,,29.9,,20.253,,349.9,,2.32,,1.78,
2024-06-05 15:46:39,2024-06-05,15:46:39,,13.8,,38.3,,29.5,,19.715,,34.1,,5.68,,3.78
2024-06-05 15:47:10,2024-06-05,15:47:10,14.6,,39.4,,29.9,,20.253,,339.8,,2.62,,1.26,
2024-06-05 15:47:42,2024-06-05,15:47:42,,14.0,,38.9,,29.4,,19.752,,4.1,,5.95,,1.47
2024-06-05 15:48:14,2024-06-05,15:48:14,14.8,,40.0,,29.8,,20.289,,336.3,,3.0,,0.96,
2024-06-05 15:48:46,2024-06-05,15:48:46,,14.0,,39.1,,29.4,,19.79,,15.2,,4.61,,2.23
2024-06-05 15:49:17,2024-06-05,15:49:17,14.7,,39.6,,29.9,,20.292,,335.7,,2.13,,1.22,
2024-06-05 15:49:50,2024-06-05,15:49:50,,14.0,,38.9,,29.5,,19.832,,54.6,,6.13,,2.8
2024-06-05 15:50:20,2024-06-05,15:50:20,14.6,,39.1,,30.0,,20.275,,329.2,,2.2,,1.02,
2024-06-05 15:50:53,2024-06-05,15:50:53,,14.0,,38.5,,29.6,,19.835,,18.9,,3.94,,3.46
2024-06-05 15:51:24,2024-06-05,15:51:24,14.4,,38.7,,30.0,,20.197,,3.0,,1.58,,0.41,
2024-06-05 15:51:56,2024-06-05,15:51:56,,14.0,,38.2,,29.7,,19.856,,37.7,,3.6,,2.39
2024-06-05 15:52:28,2024-06-05,15:52:28,14.0,,37.9,,29.9,,19.957,,345.8,,2.44,,1.84,
2024-06-05 15:53:00,2024-06-05,15:53:00,,14.0,,38.0,,29.8,,19.897,,23.3,,3.9,,2.11
2024-06-05 15:53:31,2024-06-05,15:53:31,14.3,,38.6,,29.9,,20.096,,349.1,,2.15,,1.34,
2024-06-05 15:54:04,2024-06-05,15:54:04,,13.8,,37.5,,29.8,,19.798,,21.5,,3.97,,2.07
2024-06-05 15:55:03,2024-06-05,15:55:03,14.4,,38.9,,29.9,,20.155,,354.6,,2.16,,1.08,
2024-06-05 15:55:07,2024-06-05,15:55:07,,13.8,,37.4,,29.9,,19.858,,0.9,,3.59,,2.96
2024-06-05 15:56:06,2024-06-05,15:56:06,14.6,,39.2,,30.0,,20.295,,339.5,,2.45,,1.14,
2024-06-05 15:56:10,2024-06-05,15:56:10,,13.8,,37.5,,29.9,,19.878,,28.3,,5.28,,2.66
2024-06-05 15:57:10,2024-06-05,15:57:10,14.5,,38.7,,30.1,,20.277,,320.6,,2.63,,2.02,
2024-06-05 15:57:14,2024-06-05,15:57:14,,13.9,,37.8,,29.8,,19.857,,16.1,,4.55,,2.7
2024-06-05 15:58:14,2024-06-05,15:58:14,14.6,,38.9,,30.1,,20.317,,326.0,,2.44,,1.75,
2024-06-05 15:58:18,2024-06-05,15:58:18,,14.0,,37.8,,29.9,,19.937,,351.4,,4.75,,2.66
2024-06-05 15:59:17,2024-06-05,15:59:17,14.6,,38.5,,30.3,,20.399,,326.7,,2.98,,2.25,
2024-06-05 15:59:21,2024-06-05,15:59:21,,13.8,,37.4,,29.9,,19.858,,358.9,,4.7,,2.51
2024-06-05 16:00:20,2024-06-05,16:00:20,14.6,,38.4,,30.3,,20.379,,327.6,,2.5,,0.98,
2024-06-05 16:00:24,2024-06-05,16:00:24,,13.9,,37.1,,30.1,,19.957,,0.7,,4.74,,3.39
2024-06-05 16:01:24,2024-06-05,16:01:24,14.6,,38.3,,30.4,,20.439,,61.6,,1.11,,0.46,
2024-06-05 16:01:28,2024-06-05,16:01:28,,14.1,,37.5,,30.2,,20.118,,42.0,,5.15,,2.09
2024-06-05 16:02:28,2024-06-05,16:02:28,14.6,,38.1,,30.5,,20.479,,330.8,,2.04,,1.76,
2024-06-05 16:02:32,2024-06-05,16:02:32,,14.0,,36.8,,30.4,,20.135,,8.8,,4.98,,1.86
2024-06-05 16:03:31,2024-06-05,16:03:31,14.5,,37.7,,30.6,,20.478,,339.3,,2.85,,1.26,
2024-06-05 16:03:35,2024-06-05,16:03:35,,13.9,,36.6,,30.4,,20.094,,6.5,,5.67,,4.48
2024-06-05 16:04:34,2024-06-05,16:04:34,14.2,,37.2,,30.5,,20.296,,348.0,,2.88,,1.76,
2024-06-05 16:04:38,2024-06-05,16:04:38,,13.9,,37.0,,30.2,,20.016,,19.4,,6.89,,5.75
2024-06-05 16:05:38,2024-06-05,16:05:38,14.3,,37.3,,30.5,,20.317,,6.9,,2.61,,1.24,
2024-06-05 16:05:42,2024-06-05,16:05:42,,14.2,,37.7,,30.2,,20.158,,32.9,,5.57,,3.68
2024-06-05 16:06:42,2024-06-05,16:06:42,15.0,,38.7,,30.6,,20.68,,327.6,,2.72,,1.06,
2024-06-05 16:06:46,2024-06-05,16:06:46,,13.8,,36.7,,30.2,,19.955,,337.5,,5.33,,1.94
2024-06-05 16:07:45,2024-06-05,16:07:45,14.4,,37.5,,30.6,,20.437,,336.0,,2.76,,1.58,
2024-06-05 16:07:49,2024-06-05,16:07:49,,13.9,,36.9,,30.2,,19.996,,6.3,,4.33,,3.81
2024-06-05 16:08:48,2024-06-05,16:08:48,14.3,,37.1,,30.6,,20.356,,320.4,,2.54,,2.07,
2024-06-05 16:08:52,2024-06-05,16:08:52,,14.0,,36.9,,30.3,,20.076,,322.9,,5.75,,3.33
2024-06-05 16:09:52,2024-06-05,16:09:52,14.1,,36.8,,30.6,,20.294,,320.7,,2.34,,1.67,
2024-06-05 16:09:56,2024-06-05,16:09:56,,13.9,,36.8,,30.3,,20.055,,343.6,,4.34,,2.13
2024-06-05 16:10:56,2024-06-05,16:10:56,14.2,,36.9,,30.6,,20.315,,303.0,,2.41,,0.94,
2024-06-05 16:11:00,2024-06-05,16:11:00,,14.0,,37.1,,30.2,,20.037,,311.8,,4.47,,3.35
2024-06-05 16:11:59,2024-06-05,16:11:59,14.4,,37.3,,30.6,,20.397,,348.7,,0.84,,0.52,
2024-06-05 16:12:03,2024-06-05,16:12:03,,13.9,,37.0,,30.2,,20.016,,296.2,,4.24,,2.54
2024-06-05 16:13:02,2024-06-05,16:13:02,14.8,,38.2,,30.6,,20.58,,6.7,,0.71,,0.27,
2024-06-05 16:13:06,2024-06-05,16:13:06,,13.9,,36.7,,30.3,,20.035,,19.4,,4.12,,2.96
2024-06-05 16:14:06,2024-06-05,16:14:06,15.0,,38.5,,30.7,,20.721,,195.6,,1.35,,0.15,
2024-06-05 16:14:10,2024-06-05,16:14:10,,,,,,14.1,,,,12.8,,3.86,,1.54
2024-06-05 16:15:10,2024-06-05,16:15:10,15.1,,38.6,,30.8,,20.821,,325.6,,1.3,,0.4,
2024-06-05 16:15:14,2024-06-05,16:15:14,,14.0,,36.8,,30.4,,20.135,,337.4,,2.92,,1.09
2024-06-05 16:16:13,2024-06-05,16:16:13,14.6,,37.5,,30.8,,20.597,,318.8,,1.54,,1.01,
2024-06-05 16:16:17,2024-06-05,16:16:17,,13.9,,36.5,,30.4,,20.073,,333.0,,3.78,,3.43
2024-06-05 16:17:16,2024-06-05,16:17:16,,,,,14.9,,,,30.8,,3.82,,2.46,
2024-06-05 16:17:20,2024-06-05,16:17:20,,14.6,,38.1,,30.5,,20.479,,274.4,,4.24,,2.3
2024-06-05 16:18:20,2024-06-05,16:18:20,15.2,,38.8,,30.9,,20.942,,345.0,,1.49,,0.79,
2024-06-05 16:18:24,2024-06-05,16:18:24,,14.3,,37.0,,30.6,,20.335,,251.3,,3.5,,2.99
2024-06-05 16:19:24,2024-06-05,16:19:24,15.5,,39.4,,30.9,,21.063,,213.2,,0.84,,0.18,
2024-06-05 16:19:28,2024-06-05,16:19:28,,14.2,,36.7,,30.7,,20.353,,256.5,,4.32,,2.59
2024-06-05 16:20:27,2024-06-05,16:20:27,15.5,,39.2,,31.0,,21.104,,195.2,,1.1,,0.17,
2024-06-05 16:20:31,2024-06-05,16:20:31,,15.3,,39.3,,30.7,,20.881,,236.0,,4.49,,3.48
2024-06-05 16:21:30,2024-06-05,16:21:30,15.9,,40.3,,31.0,,21.324,,355.1,,1.02,,0.6,
2024-06-05 16:21:34,2024-06-05,16:21:34,,16.0,,41.5,,30.5,,21.151,,260.3,,3.59,,2.52
2024-06-05 16:22:34,2024-06-05,16:22:34,15.9,,40.5,,30.9,,21.283,,348.4,,1.62,,1.11,
2024-06-05 16:22:38,2024-06-05,16:22:38,,16.0,,41.9,,30.4,,21.146,,258.0,,4.06,,1.04
2024-06-05 16:23:38,2024-06-05,16:23:38,16.3,,41.5,,30.9,,21.48,,342.1,,1.2,,0.46,
2024-06-05 16:23:42,2024-06-05,16:23:42,,16.1,,42.1,,30.5,,21.267,,234.4,,3.06,,1.91
2024-06-05 16:24:41,2024-06-05,16:24:41,16.6,,42.2,,30.9,,21.616,,347.6,,1.01,,0.24,
2024-06-05 16:24:45,2024-06-05,16:24:45,,16.1,,41.9,,30.5,,21.229,,198.2,,3.13,,1.18
2024-06-05 16:25:44,2024-06-05,16:25:44,17.0,,43.3,,31.0,,21.911,,332.2,,1.05,,0.2,
2024-06-05 16:25:48,2024-06-05,16:25:48,,15.9,,41.1,,30.6,,21.155,,182.4,,4.32,,3.3
2024-06-05 16:26:48,2024-06-05,16:26:48,16.8,,42.7,,31.0,,21.796,,1.6,,0.46,,0.35,
2024-06-05 16:26:52,2024-06-05,16:26:52,,16.0,,41.4,,30.6,,21.214,,193.5,,5.56,,3.75
2024-06-05 16:27:52,2024-06-05,16:27:52,16.9,,42.8,,31.0,,21.815,,255.6,,0.65,,0.2,
2024-06-05 16:27:56,2024-06-05,16:27:56,,16.0,,42.2,,30.3,,21.122,,207.2,,6.37,,2.04
2024-06-05 16:28:55,2024-06-05,16:28:55,17.2,,43.4,,31.1,,22.014,,359.8,,0.91,,0.39,
2024-06-05 16:28:59,2024-06-05,16:28:59,,16.1,,42.4,,30.3,,21.16,,211.0,,5.44,,2.3
2024-06-05 16:29:58,2024-06-05,16:29:58,17.1,,43.1,,31.2,,22.039,,161.8,,0.77,,0.43,
2024-06-05 16:30:02,2024-06-05,16:30:02,,16.0,,42.0,,30.4,,21.166,,212.1,,3.51,,1.65
2024-06-05 16:31:02,2024-06-05,16:31:02,17.2,,43.3,,31.2,,22.077,,329.9,,0.83,,0.35,
2024-06-05 16:31:06,2024-06-05,16:31:06,,15.9,,41.4,,30.5,,21.132,,187.7,,4.41,,1.59
2024-06-05 16:32:06,2024-06-05,16:32:06,17.0,,42.5,,31.3,,22.004,,241.1,,0.61,,0.34,
2024-06-05 16:32:10,2024-06-05,16:32:10,,15.7,,41.0,,30.4,,20.972,,189.4,,4.69,,3.34
2024-06-05 16:33:09,2024-06-05,16:33:09,16.8,,41.8,,31.3,,21.867,,134.1,,0.64,,0.44,
2024-06-05 16:33:13,2024-06-05,16:33:13,,15.8,,41.5,,30.3,,20.987,,207.7,,5.5,,3.85
2024-06-05 16:34:12,2024-06-05,16:34:12,17.0,,42.5,,31.3,,22.004,,151.2,,0.62,,0.14,
2024-06-05 16:34:16,2024-06-05,16:34:16,,16.2,,42.8,,30.2,,21.153,,210.0,,4.99,,3.27
2024-06-05 16:35:16,2024-06-05,16:35:16,17.2,,42.7,,31.4,,22.126,,286.8,,0.78,,0.21,
2024-06-05 16:35:20,2024-06-05,16:35:20,,16.2,,42.9,,30.2,,21.172,,213.5,,5.45,,3.9
2024-06-05 16:36:20,2024-06-05,16:36:20,17.1,,42.5,,31.4,,22.087,,252.6,,0.74,,0.27,
2024-06-05 16:36:24,2024-06-05,16:36:24,,16.4,,43.1,,30.3,,21.293,,223.5,,5.59,,3.87
2024-06-05 16:37:23,2024-06-05,16:37:23,17.4,,43.1,,31.4,,22.204,,133.3,,1.19,,0.45,
2024-06-05 16:37:27,2024-06-05,16:37:27,,18.2,,49.3,,30.0,,22.175,,226.6,,8.89,,5.29
2024-06-05 16:38:26,2024-06-05,16:38:26,18.4,,46.5,,31.3,,22.771,,123.4,,1.6,,0.72,
2024-06-05 16:38:30,2024-06-05,16:38:30,,18.7,,52.6,,29.4,,22.23,,235.8,,6.02,,3.56
2024-06-05 16:39:30,2024-06-05,16:39:30,18.9,,47.8,,31.3,,23.013,,113.7,,0.91,,0.76,
2024-06-05 16:39:34,2024-06-05,16:39:34,,18.3,,52.1,,29.2,,21.971,,240.8,,6.39,,5.57
2024-06-05 16:40:34,2024-06-05,16:40:34,,,,,19.1,,,,31.2,,4.87,,0.95,
2024-06-05 16:40:38,2024-06-05,16:40:38,,18.4,,53.1,,28.9,,21.879,,234.2,,6.04,,5.08
2024-06-05 16:41:37,2024-06-05,16:41:37,19.1,,48.9,,31.1,,23.045,,145.4,,0.88,,0.52,
2024-06-05 16:41:41,2024-06-05,16:41:41,,18.3,,53.7,,28.6,,21.717,,216.8,,7.72,,4.85
2024-06-05 16:42:40,2024-06-05,16:42:40,19.2,,49.2,,31.1,,23.1,,121.9,,0.6,,0.16,
2024-06-05 16:42:44,2024-06-05,16:42:44,,18.3,,54.2,,28.5,,21.712,,211.3,,6.25,,4.76
2024-06-05 16:43:44,2024-06-05,16:43:44,19.0,,49.0,,31.0,,22.978,,163.1,,0.81,,0.25,
2024-06-05 16:43:48,2024-06-05,16:43:48,,18.2,,54.3,,28.3,,21.553,,201.3,,6.69,,4.45
2024-06-05 16:44:48,2024-06-05,16:44:48,19.4,,50.0,,31.0,,23.159,,204.7,,0.6,,0.32,
2024-06-05 16:44:52,2024-06-05,16:44:52,,18.2,,54.7,,28.2,,21.53,,206.5,,4.39,,3.35
2024-06-05 16:45:51,2024-06-05,16:45:51,19.3,,50.4,,30.8,,23.059,,197.5,,1.09,,0.07,
2024-06-05 16:45:55,2024-06-05,16:45:55,,18.2,,55.0,,28.1,,21.491,,235.5,,6.02,,4.47
2024-06-05 16:46:54,2024-06-05,16:46:54,19.1,,50.2,,30.7,,22.937,,96.5,,0.65,,0.31,
2024-06-05 16:46:58,2024-06-05,16:46:58,,18.2,,55.1,,28.1,,21.507,,232.7,,5.35,,3.17
2024-06-05 16:47:58,2024-06-05,16:47:58,19.1,,50.1,,30.7,,22.919,,87.0,,0.84,,0.56,
2024-06-05 16:48:02,2024-06-05,16:48:02,,18.4,,56.1,,28.0,,21.581,,248.5,,6.86,,4.75
2024-06-05 16:49:02,2024-06-05,16:49:02,19.0,,49.9,,30.6,,22.797,,28.4,,0.83,,0.5,
2024-06-05 16:49:06,2024-06-05,16:49:06,,18.5,,56.9,,27.8,,21.532,,247.6,,5.83,,3.66
2024-06-05 16:50:05,2024-06-05,16:50:05,19.0,,50.0,,30.6,,22.815,,344.3,,0.76,,0.5,
2024-06-05 16:50:09,2024-06-05,16:50:09,,18.5,,57.0,,27.9,,21.636,,243.1,,6.03,,4.22
2024-06-05 16:51:08,2024-06-05,16:51:08,19.1,,50.6,,30.5,,22.836,,117.8,,0.81,,0.67,
2024-06-05 16:51:12,2024-06-05,16:51:12,,18.2,,56.3,,27.8,,21.436,,243.4,,7.33,,4.8
2024-06-05 16:52:12,2024-06-05,16:52:12,19.2,,51.4,,30.4,,22.891,,160.2,,0.99,,0.58,
2024-06-05 16:52:16,2024-06-05,16:52:16,,18.4,,57.1,,27.7,,21.475,,221.8,,6.4,,3.26
2024-06-05 16:53:16,2024-06-05,16:53:16,19.2,,51.7,,30.2,,22.77,,146.6,,0.91,,0.44,
2024-06-05 16:53:20,2024-06-05,16:53:20,,18.5,,57.3,,27.7,,21.506,,248.6,,5.9,,4.34
2024-06-05 16:54:19,2024-06-05,16:54:19,19.2,,52.4,,30.1,,22.805,,167.6,,0.96,,0.65,
2024-06-05 16:54:23,2024-06-05,16:54:23,,18.3,,56.5,,27.8,,21.468,,236.6,,6.15,,3.94
2024-06-05 16:55:22,2024-06-05,16:55:22,19.2,,52.6,,30.0,,22.753,,161.9,,0.9,,0.53,
2024-06-05 16:55:26,2024-06-05,16:55:26,,18.4,,57.6,,27.5,,21.376,,212.4,,7.08,,3.03
2024-06-05 16:56:26,2024-06-05,16:56:26,,,,,19.3,,,,29.8,,5.35,,1.57,
2024-06-05 16:56:30,2024-06-05,16:56:30,,18.4,,57.7,,27.5,,21.392,,228.0,,6.44,,5.37
2024-06-05 16:57:30,2024-06-05,16:57:30,19.3,,53.8,,29.7,,22.696,,192.8,,2.01,,1.45,
2024-06-05 16:57:34,2024-06-05,16:57:34,,18.6,,58.7,,27.4,,21.459,,201.2,,6.18,,4.85
2024-06-05 16:58:33,2024-06-05,16:58:33,19.4,,55.5,,29.3,,22.631,,199.0,,2.06,,0.86,
2024-06-05 16:58:37,2024-06-05,16:58:37,,18.6,,59.6,,27.2,,21.42,,215.6,,5.38,,3.27
2024-06-05 16:59:36,2024-06-05,16:59:36,19.3,,55.9,,29.0,,22.432,,181.7,,1.68,,0.9,
2024-06-05 16:59:40,2024-06-05,16:59:40,,18.5,,59.4,,27.1,,21.299,,240.9,,6.45,,5.11
2024-06-05 17:00:40,2024-06-05,17:00:40,19.2,,56.4,,28.8,,22.337,,140.1,,1.04,,0.49,
2024-06-05 17:00:44,2024-06-05,17:00:44,,18.3,,59.3,,26.9,,21.104,,235.4,,7.29,,6.0
2024-06-05 17:01:44,2024-06-05,17:01:44,19.3,,56.6,,28.8,,22.37,,158.5,,1.17,,0.63,
2024-06-05 17:01:48,2024-06-05,17:01:48,,18.3,,60.4,,26.6,,21.003,,227.9,,6.5,,3.76
2024-06-05 17:02:47,2024-06-05,17:02:47,19.2,,56.9,,28.6,,22.241,,197.1,,1.43,,0.93,
2024-06-05 17:02:51,2024-06-05,17:02:51,,18.2,,60.3,,26.6,,20.988,,240.5,,5.82,,3.71
2024-06-05 17:03:50,2024-06-05,17:03:50,18.9,,56.3,,28.4,,21.967,,155.9,,1.16,,0.59,
2024-06-05 17:03:54,2024-06-05,17:03:54,,17.9,,59.8,,26.3,,20.643,,228.6,,7.22,,5.01
2024-06-05 17:04:54,2024-06-05,17:04:54,18.7,,56.5,,28.2,,21.822,,195.9,,2.37,,1.42,
2024-06-05 17:04:58,2024-06-05,17:04:58,,17.9,,60.2,,26.2,,20.613,,228.5,,7.32,,6.37
2024-06-05 17:05:58,2024-06-05,17:05:58,18.6,,56.6,,28.0,,21.661,,138.3,,2.05,,0.63,
2024-06-05 17:06:02,2024-06-05,17:06:02,,17.9,,61.0,,26.0,,20.553,,238.3,,6.58,,2.95
2024-06-05 17:07:01,2024-06-05,17:07:01,18.6,,57.5,,27.8,,21.627,,178.0,,1.24,,0.39,
2024-06-05 17:07:05,2024-06-05,17:07:05,,17.8,,60.5,,26.0,,20.478,,249.7,,5.08,,4.07
2024-06-05 17:08:04,2024-06-05,17:08:04,18.8,,57.6,,27.9,,21.732,,151.6,,0.49,,0.2,
2024-06-05 17:08:08,2024-06-05,17:08:08,,17.8,,60.6,,26.1,,20.583,,240.2,,5.62,,4.41
2024-06-05 17:09:08,2024-06-05,17:09:08,18.7,,57.3,,27.9,,21.684,,94.4,,0.97,,0.14,
2024-06-05 17:09:12,2024-06-05,17:09:12,,17.7,,59.6,,26.2,,20.523,,255.8,,5.75,,4.11
2024-06-05 17:10:12,2024-06-05,17:10:12,18.7,,57.3,,27.9,,21.684,,145.2,,1.17,,0.45,
2024-06-05 17:10:16,2024-06-05,17:10:16,,17.5,,58.6,,26.3,,20.46,,248.1,,5.11,,2.75
2024-06-05 17:11:15,2024-06-05,17:11:15,18.5,,56.7,,27.9,,21.588,,180.8,,1.47,,0.98,
2024-06-05 17:11:19,2024-06-05,17:11:19,,17.3,,57.9,,26.3,,20.354,,254.7,,5.81,,2.79
2024-06-05 17:12:19,2024-06-05,17:12:19,18.5,,57.1,,27.8,,21.563,,172.6,,1.95,,0.48,
2024-06-05 17:12:22,2024-06-05,17:12:22,,17.4,,57.7,,26.4,,20.412,,246.7,,6.34,,3.55
2024-06-05 17:13:22,2024-06-05,17:13:22,18.6,,57.5,,27.8,,21.627,,202.3,,1.49,,0.36,
2024-06-05 17:13:26,2024-06-05,17:13:26,,17.5,,57.7,,26.5,,20.501,,250.0,,4.84,,3.97
2024-06-05 17:14:26,2024-06-05,17:14:26,18.5,,57.2,,27.8,,21.579,,223.0,,2.05,,0.25,
2024-06-05 17:14:30,2024-06-05,17:14:30,,17.4,,57.1,,26.6,,20.498,,232.3,,4.97,,2.94
2024-06-05 17:15:30,2024-06-05,17:15:30,18.3,,56.4,,27.8,,21.452,,86.4,,0.67,,0.25,
2024-06-05 17:15:33,2024-06-05,17:15:33,,17.2,,56.6,,26.6,,20.42,,240.7,,5.32,,4.63
2024-06-05 17:16:32,2024-06-05,17:16:32,18.3,,56.2,,27.9,,21.508,,153.9,,1.01,,0.73,
2024-06-05 17:16:36,2024-06-05,17:16:36,,17.0,,56.1,,26.5,,20.254,,242.9,,5.88,,4.6
2024-06-05 17:17:36,2024-06-05,17:17:36,18.4,,56.4,,27.8,,21.452,,155.5,,1.29,,0.21,
2024-06-05 17:17:40,2024-06-05,17:17:40,,17.0,,56.5,,26.4,,20.228,,240.4,,5.85,,4.8
2024-06-05 17:18:40,2024-06-05,17:18:40,18.0,,55.3,,27.8,,21.275,,165.8,,1.04,,0.81,
2024-06-05 17:18:44,2024-06-05,17:18:44,,,,,,16.9,,,,222.5,,6.14,,5.65
2024-06-05 17:19:44,2024-06-05,17:19:44,17.8,,54.6,,27.8,,21.163,,127.5,,1.28,,0.76,
2024-06-05 17:19:47,2024-06-05,17:19:47,,17.0,,56.4,,26.3,,20.124,,236.7,,7.02,,4.52
2024-06-05 17:20:47,2024-06-05,17:20:47,17.9,,54.8,,27.8,,21.195,,179.0,,1.75,,0.74,
2024-06-05 17:20:50,2024-06-05,17:20:50,,17.1,,56.7,,26.4,,20.258,,231.1,,5.39,,3.2
2024-06-05 17:21:50,2024-06-05,17:21:50,17.9,,54.8,,27.8,,21.195,,155.5,,1.22,,0.52,
2024-06-05 17:21:54,2024-06-05,17:21:54,,17.1,,56.5,,26.5,,20.316,,250.8,,4.31,,1.82
2024-06-05 17:22:54,2024-06-05,17:22:54,18.0,,55.5,,27.8,,21.308,,216.2,,1.58,,0.49,
2024-06-05 17:22:58,2024-06-05,17:22:58,,17.0,,55.6,,26.6,,20.265,,244.7,,5.5,,3.82
2024-06-05 17:23:57,2024-06-05,17:23:57,18.0,,55.1,,27.9,,21.331,,190.4,,1.08,,0.39,
2024-06-05 17:24:01,2024-06-05,17:24:01,,16.9,,55.3,,26.6,,20.218,,239.7,,4.64,,4.26
2024-06-05 17:25:01,2024-06-05,17:25:01,17.9,,54.9,,27.8,,21.211,,150.2,,1.3,,0.47,
2024-06-05 17:25:05,2024-06-05,17:25:05,,16.9,,55.2,,26.5,,20.114,,231.3,,6.26,,2.56
2024-06-05 17:26:04,2024-06-05,17:26:04,17.8,,54.7,,27.8,,21.179,,193.6,,1.88,,0.87,
2024-06-05 17:26:08,2024-06-05,17:26:08,,16.9,,55.1,,26.6,,20.187,,228.1,,5.81,,4.88
2024-06-05 17:27:08,2024-06-05,17:27:08,17.9,,54.8,,27.8,,21.195,,157.2,,1.09,,0.27,
2024-06-05 17:27:12,2024-06-05,17:27:12,,16.8,,55.3,,26.5,,20.13,,220.0,,5.34,,2.84
2024-06-05 17:28:12,2024-06-05,17:28:12,17.9,,54.8,,27.8,,21.195,,182.4,,1.01,,0.42,
2024-06-05 17:28:15,2024-06-05,17:28:15,,16.8,,54.8,,26.6,,20.14,,252.4,,5.88,,5.1
2024-06-05 17:29:15,2024-06-05,17:29:15,17.7,,54.3,,27.8,,21.114,,82.3,,0.48,,0.18,
2024-06-05 17:29:18,2024-06-05,17:29:18,,16.9,,55.2,,26.6,,20.202,,268.4,,5.27,,2.42
2024-06-05 17:30:18,2024-06-05,17:30:18,18.0,,55.0,,27.9,,21.315,,190.3,,0.96,,0.65,
2024-06-05 17:30:22,2024-06-05,17:30:22,,16.8,,54.7,,26.7,,20.212,,248.2,,5.04,,3.02
2024-06-05 17:31:22,2024-06-05,17:31:22,18.0,,54.8,,27.9,,21.283,,223.4,,1.39,,0.18,
2024-06-05 17:31:26,2024-06-05,17:31:26,,16.6,,53.9,,26.7,,20.086,,243.9,,5.51,,4.76
2024-06-05 17:32:26,2024-06-05,17:32:26,17.7,,53.8,,27.9,,21.121,,161.2,,1.11,,0.76,
2024-06-05 17:32:29,2024-06-05,17:32:29,,16.6,,53.9,,26.7,,20.086,,248.1,,6.23,,4.38
2024-06-05 17:33:29,2024-06-05,17:33:29,17.7,,53.9,,27.9,,21.137,,37.7,,0.86,,0.3,
2024-06-05 17:33:32,2024-06-05,17:33:32,,16.8,,54.2,,26.8,,20.221,,272.0,,4.3,,2.66
2024-06-05 17:34:32,2024-06-05,17:34:32,17.8,,53.9,,28.0,,21.224,,170.8,,0.73,,0.39,
2024-06-05 17:34:36,2024-06-05,17:34:36,,16.7,,53.5,,26.9,,20.198,,265.0,,4.18,,2.91
2024-06-05 17:35:36,2024-06-05,17:35:36,17.9,,54.1,,28.0,,21.257,,72.7,,0.53,,0.18,
2024-06-05 17:35:40,2024-06-05,17:35:40,,16.7,,53.3,,27.0,,20.253,,267.2,,5.52,,1.62
2024-06-05 17:36:40,2024-06-05,17:36:40,18.1,,55.2,,28.0,,21.436,,320.2,,0.66,,0.53,
2024-06-05 17:36:43,2024-06-05,17:36:43,,16.4,,52.7,,26.9,,20.07,,277.8,,6.37,,3.43
2024-06-05 17:37:43,2024-06-05,17:37:43,18.0,,54.1,,28.1,,21.345,,184.0,,1.5,,0.88,
2024-06-05 17:37:47,2024-06-05,17:37:47,,16.6,,53.5,,26.8,,20.11,,248.4,,4.79,,2.81
2024-06-05 17:38:46,2024-06-05,17:38:46,17.9,,54.2,,28.0,,21.273,,186.5,,0.64,,0.5,
2024-06-05 17:38:50,2024-06-05,17:38:50,,16.6,,53.7,,26.8,,20.142,,253.7,,4.89,,3.08
2024-06-05 17:39:50,2024-06-05,17:39:50,17.9,,53.8,,28.1,,21.296,,158.4,,1.51,,0.58,
2024-06-05 17:39:54,2024-06-05,17:39:54,,16.6,,53.5,,26.8,,20.11,,236.8,,5.98,,5.2
2024-06-05 17:40:54,2024-06-05,17:40:54,17.4,,52.8,,28.0,,21.044,,189.2,,1.26,,1.11,
2024-06-05 17:40:58,2024-06-05,17:40:58,,16.6,,53.5,,26.8,,20.11,,240.6,,5.62,,4.13
2024-06-05 17:41:57,2024-06-05,17:41:57,17.5,,53.0,,28.0,,21.077,,174.3,,0.89,,0.46,
2024-06-05 17:42:01,2024-06-05,17:42:01,,16.6,,53.7,,26.7,,20.054,,255.0,,5.93,,2.67
2024-06-05 17:43:00,2024-06-05,17:43:00,17.5,,53.0,,28.0,,21.077,,172.6,,0.71,,0.21,
2024-06-05 17:43:04,2024-06-05,17:43:04,,16.6,,54.0,,26.7,,20.102,,254.3,,4.65,,2.63
2024-06-05 17:44:04,2024-06-05,17:44:04,17.7,,53.7,,28.0,,21.192,,146.2,,1.28,,0.34,
2024-06-05 17:44:08,2024-06-05,17:44:08,,16.8,,54.3,,26.8,,20.237,,243.5,,4.15,,2.77
2024-06-05 17:45:08,2024-06-05,17:45:08,17.9,,54.1,,28.0,,21.257,,182.2,,0.6,,0.43,
2024-06-05 17:45:11,2024-06-05,17:45:11,,16.6,,53.5,,26.8,,20.11,,244.5,,5.43,,3.76
2024-06-05 17:46:11,2024-06-05,17:46:11,17.7,,53.7,,28.0,,21.192,,169.3,,0.89,,0.11,
2024-06-05 17:46:15,2024-06-05,17:46:15,,16.5,,53.6,,26.7,,20.039,,252.2,,4.76,,1.74
2024-06-05 17:47:14,2024-06-05,17:47:14,18.0,,54.1,,28.1,,21.345,,355.4,,0.42,,0.24,
2024-06-05 17:47:18,2024-06-05,17:47:18,,16.7,,53.9,,26.8,,20.174,,261.0,,2.7,,0.86
2024-06-05 17:48:18,2024-06-05,17:48:18,17.6,,53.1,,28.1,,21.181,,305.3,,0.56,,0.25,
2024-06-05 17:48:22,2024-06-05,17:48:22,,16.5,,53.0,,26.9,,20.118,,267.3,,4.85,,4.4
2024-06-05 17:49:22,2024-06-05,17:49:22,17.9,,53.8,,28.1,,21.296,,93.6,,0.73,,0.08,
2024-06-05 17:49:26,2024-06-05,17:49:26,,16.3,,52.7,,26.8,,19.983,,252.0,,5.62,,3.57
2024-06-05 17:50:25,2024-06-05,17:50:25,17.6,,53.0,,28.1,,21.164,,101.6,,0.6,,0.37,
2024-06-05 17:50:29,2024-06-05,17:50:29,,16.3,,52.7,,26.8,,19.983,,261.7,,5.05,,2.55
2024-06-05 17:51:28,2024-06-05,17:51:28,17.8,,53.5,,28.1,,21.247,,161.5,,0.45,,0.3,
2024-06-05 17:51:32,2024-06-05,17:51:32,,16.4,,53.0,,26.8,,20.031,,254.4,,3.78,,2.63
2024-06-05 17:52:32,2024-06-05,17:52:32,17.8,,53.7,,28.1,,21.279,,144.7,,0.35,,0.2,
2024-06-05 17:52:36,2024-06-05,17:52:36,,16.3,,52.8,,26.8,,19.999,,269.0,,4.31,,2.88
2024-06-05 17:53:36,2024-06-05,17:53:36,17.5,,52.8,,28.1,,21.131,,124.2,,0.5,,0.05,
2024-06-05 17:53:40,2024-06-05,17:53:40,,16.4,,52.9,,26.8,,20.015,,236.1,,4.6,,2.59
2024-06-05 17:54:39,2024-06-05,17:54:39,17.5,,52.8,,28.1,,21.131,,24.8,,0.54,,0.03,
2024-06-05 17:54:43,2024-06-05,17:54:43,,16.3,,52.8,,26.8,,19.999,,278.5,,4.53,,2.85
2024-06-05 17:55:42,2024-06-05,17:55:42,17.7,,53.1,,28.1,,21.181,,313.7,,0.69,,0.17,
2024-06-05 17:55:46,2024-06-05,17:55:46,,16.3,,52.7,,26.8,,19.983,,262.1,,4.26,,3.3
2024-06-05 17:56:46,2024-06-05,17:56:46,17.6,,53.0,,28.1,,21.164,,4.0,,0.49,,0.39,
2024-06-05 17:56:50,2024-06-05,17:56:50,,16.2,,52.5,,26.8,,19.951,,266.8,,4.6,,3.34
2024-06-05 17:57:50,2024-06-05,17:57:50,17.6,,52.9,,28.1,,21.148,,8.2,,0.47,,0.13,
2024-06-05 17:57:54,2024-06-05,17:57:54,,16.4,,52.8,,26.9,,20.086,,280.7,,3.61,,2.1
2024-06-05 17:58:53,2024-06-05,17:58:53,17.8,,53.4,,28.2,,21.318,,16.3,,0.51,,0.23,
2024-06-05 17:58:57,2024-06-05,17:58:57,,16.1,,52.0,,26.8,,19.871,,276.3,,4.9,,3.14
2024-06-05 17:59:56,2024-06-05,17:59:56,17.6,,52.7,,28.2,,21.202,,347.4,,0.39,,0.35,
2024-06-05 18:00:00,2024-06-05,18:00:00,,16.1,,52.2,,26.8,,19.903,,272.6,,4.69,,2.49
2024-06-05 18:01:00,2024-06-05,18:01:00,17.3,,52.0,,28.1,,20.999,,98.8,,0.41,,0.12,
2024-06-05 18:01:04,2024-06-05,18:01:04,,16.2,,52.4,,26.8,,19.935,,269.9,,3.92,,3.06
2024-06-05 18:02:04,2024-06-05,18:02:04,17.1,,51.4,,28.1,,20.9,,333.9,,0.98,,0.85,
2024-06-05 18:02:08,2024-06-05,18:02:08,,16.2,,52.1,,26.9,,19.974,,275.5,,5.38,,3.56
2024-06-05 18:03:07,2024-06-05,18:03:07,17.1,,51.4,,28.1,,20.9,,337.7,,1.06,,0.43,
2024-06-05 18:03:11,2024-06-05,18:03:11,,16.2,,52.2,,26.9,,19.99,,273.1,,4.66,,2.86
2024-06-05 18:04:10,2024-06-05,18:04:10,17.4,,52.4,,28.1,,21.066,,335.1,,0.71,,0.24,
2024-06-05 18:04:14,2024-06-05,18:04:14,,16.3,,52.3,,26.9,,20.006,,277.7,,3.12,,2.22
2024-06-05 18:05:14,2024-06-05,18:05:14,17.3,,52.0,,28.1,,20.999,,350.5,,0.44,,0.16,
2024-06-05 18:05:18,2024-06-05,18:05:18,,16.2,,52.2,,26.9,,19.99,,251.6,,3.69,,1.77
2024-06-05 18:06:18,2024-06-05,18:06:18,17.4,,52.5,,28.1,,21.082,,350.5,,0.24,,0.05,
2024-06-05 18:06:22,2024-06-05,18:06:22,,16.1,,51.7,,26.9,,19.909,,284.1,,4.11,,3.19
2024-06-05 18:07:21,2024-06-05,18:07:21,17.2,,51.7,,28.1,,20.95,,325.2,,0.81,,0.55,
2024-06-05 18:07:26,2024-06-05,18:07:26,,,,,,16.0,,,,26.8,,5.18,,4.24
2024-06-05 18:08:24,2024-06-05,18:08:24,17.1,,51.6,,28.0,,20.846,,327.6,,0.96,,0.34,
2024-06-05 18:08:28,2024-06-05,18:08:28,,16.0,,51.5,,26.8,,19.79,,271.2,,4.25,,2.75
2024-06-05 18:09:28,2024-06-05,18:09:28,17.2,,52.1,,28.0,,20.929,,344.4,,0.78,,0.32,
2024-06-05 18:09:32,2024-06-05,18:09:32,,15.9,,51.3,,26.8,,19.758,,300.1,,4.05,,2.04
2024-06-05 18:10:32,2024-06-05,18:10:32,17.2,,52.4,,27.9,,20.892,,315.1,,0.45,,0.38,
2024-06-05 18:10:36,2024-06-05,18:10:36,,16.0,,51.5,,26.8,,19.79,,249.6,,3.44,,1.7
2024-06-05 18:11:35,2024-06-05,18:11:35,17.4,,52.8,,28.0,,21.044,,356.3,,0.46,,0.27,
2024-06-05 18:11:39,2024-06-05,18:11:39,,15.9,,51.1,,26.8,,19.726,,289.5,,2.62,,2.19
2024-06-05 18:12:38,2024-06-05,18:12:38,17.2,,52.3,,27.9,,20.875,,247.0,,0.36,,0.11,
2024-06-05 18:12:42,2024-06-05,18:12:42,,16.0,,51.1,,26.9,,19.812,,279.4,,2.7,,2.35
2024-06-05 18:13:42,2024-06-05,18:13:42,16.7,,50.7,,27.9,,20.61,,331.8,,1.1,,0.85,
2024-06-05 18:13:46,2024-06-05,18:13:46,,16.0,,51.1,,26.9,,19.812,,294.5,,3.47,,2.81
2024-06-05 18:14:46,2024-06-05,18:14:46,16.6,,50.8,,27.7,,20.454,,327.5,,1.27,,0.85,
2024-06-05 18:14:50,2024-06-05,18:14:50,,16.0,,51.1,,26.9,,19.812,,264.2,,3.74,,1.79
2024-06-05 18:15:49,2024-06-05,18:15:49,16.6,,50.8,,27.7,,20.454,,338.5,,1.4,,0.81,
2024-06-05 18:15:53,2024-06-05,18:15:53,,15.5,,49.8,,26.9,,19.601,,336.0,,3.97,,3.45
2024-06-05 18:16:52,2024-06-05,18:16:52,15.8,,48.5,,27.6,,19.985,,316.3,,1.53,,1.14,
2024-06-05 18:16:56,2024-06-05,18:16:56,,14.0,,45.6,,26.7,,18.735,,315.2,,7.77,,4.14
2024-06-05 18:17:56,2024-06-05,18:17:56,15.2,,47.0,,27.5,,19.647,,308.5,,1.04,,0.78,
2024-06-05 18:18:00,2024-06-05,18:18:00,,14.2,,46.3,,26.7,,18.853,,339.5,,5.18,,4.1
2024-06-05 18:19:00,2024-06-05,18:19:00,15.0,,46.6,,27.4,,19.494,,326.2,,1.65,,0.92,
2024-06-05 18:19:04,2024-06-05,18:19:04,,13.5,,44.6,,26.6,,18.483,,319.0,,5.73,,3.92
2024-06-05 18:20:03,2024-06-05,18:20:03,14.4,,45.3,,27.3,,19.188,,326.7,,2.29,,1.17,
2024-06-05 18:20:07,2024-06-05,18:20:07,,13.5,,44.9,,26.5,,18.45,,344.3,,6.79,,5.96
2024-06-05 18:21:06,2024-06-05,18:21:06,14.2,,45.1,,27.2,,19.07,,321.9,,1.72,,1.12,
2024-06-05 18:21:10,2024-06-05,18:21:10,,13.7,,45.3,,26.5,,18.517,,323.7,,5.95,,2.73
2024-06-05 18:22:10,2024-06-05,18:22:10,14.3,,45.6,,27.1,,19.071,,317.4,,1.46,,0.72,
2024-06-05 18:22:14,2024-06-05,18:22:14,,13.6,,45.1,,26.5,,18.483,,324.1,,5.19,,4.17
2024-06-05 18:23:14,2024-06-05,18:23:14,14.5,,46.0,,27.1,,19.139,,316.2,,1.55,,0.91,
2024-06-05 18:23:18,2024-06-05,18:23:18,,13.6,,45.0,,26.5,,18.466,,332.2,,6.59,,5.44
2024-06-05 18:24:17,2024-06-05,18:24:17,14.4,,45.7,,27.1,,19.088,,317.6,,2.54,,1.05,
2024-06-05 18:24:21,2024-06-05,18:24:21,,13.8,,45.5,,26.5,,18.55,,337.1,,7.23,,3.92
2024-06-05 18:25:20,2024-06-05,18:25:20,14.5,,46.2,,27.0,,19.089,,309.5,,1.39,,0.9,
2024-06-05 18:25:24,2024-06-05,18:25:24,,13.8,,45.6,,26.5,,18.567,,333.6,,5.29,,3.23
2024-06-05 18:26:24,2024-06-05,18:26:24,14.6,,46.3,,27.1,,19.19,,342.6,,0.96,,0.77,
2024-06-05 18:26:28,2024-06-05,18:26:28,,14.0,,46.0,,26.5,,18.634,,340.4,,4.89,,3.84
2024-06-05 18:27:28,2024-06-05,18:27:28,14.7,,46.8,,27.0,,19.19,,321.6,,1.6,,0.6,
2024-06-05 18:27:32,2024-06-05,18:27:32,,14.2,,46.8,,26.5,,18.767,,336.4,,6.85,,5.86
2024-06-05 18:28:31,2024-06-05,18:28:31,14.9,,47.3,,27.0,,19.273,,326.6,,2.85,,1.3,
2024-06-05 18:28:35,2024-06-05,18:28:35,,14.4,,47.3,,26.5,,18.849,,337.0,,8.18,,5.77
2024-06-05 18:29:34,2024-06-05,18:29:34,15.0,,47.8,,27.0,,19.357,,316.7,,2.21,,1.53,
2024-06-05 18:29:38,2024-06-05,18:29:38,,,,,,14.4,,,,311.1,,6.57,,3.96
2024-06-05 18:30:38,2024-06-05,18:30:38,14.9,,47.5,,27.0,,19.307,,322.5,,2.31,,1.5,
2024-06-05 18:30:42,2024-06-05,18:30:42,,14.3,,47.1,,26.5,,18.816,,326.8,,7.33,,5.18
2024-06-05 18:31:42,2024-06-05,18:31:42,15.0,,47.7,,27.0,,19.34,,322.2,,1.51,,0.92,
2024-06-05 18:31:46,2024-06-05,18:31:46,,14.3,,47.1,,26.5,,18.816,,305.1,,5.36,,3.58
2024-06-05 18:32:45,2024-06-05,18:32:45,14.8,,47.1,,27.0,,19.24,,330.9,,1.73,,0.9,
2024-06-05 18:32:49,2024-06-05,18:32:49,,14.4,,47.5,,26.5,,18.882,,310.7,,5.79,,2.88
2024-06-05 18:33:48,2024-06-05,18:33:48,14.9,,47.5,,27.0,,19.307,,345.7,,1.68,,1.29,
2024-06-05 18:33:52,2024-06-05,18:33:52,,14.4,,47.3,,26.5,,18.849,,294.7,,5.71,,3.55
2024-06-05 18:34:52,2024-06-05,18:34:52,14.8,,47.3,,27.0,,19.273,,317.6,,1.83,,1.45,
2024-06-05 18:34:56,2024-06-05,18:34:56,,14.4,,47.5,,26.5,,18.882,,333.3,,4.83,,3.55
2024-06-05 18:35:56,2024-06-05,18:35:56,15.0,,48.1,,27.0,,19.407,,355.2,,1.95,,1.33,
2024-06-05 18:36:00,2024-06-05,18:36:00,,14.5,,47.5,,26.6,,18.967,,344.7,,6.57,,2.29
2024-06-05 18:36:59,2024-06-05,18:36:59,14.9,,47.5,,27.0,,19.307,,4.2,,3.25,,1.85,
2024-06-05 18:37:03,2024-06-05,18:37:03,,14.5,,47.1,,26.7,,18.986,,359.6,,5.52,,3.07
2024-06-05 18:38:02,2024-06-05,18:38:02,15.1,,48.2,,27.0,,19.423,,354.4,,2.27,,1.49,
2024-06-05 18:38:06,2024-06-05,18:38:06,,14.4,,46.9,,26.7,,18.953,,352.9,,7.07,,3.68
2024-06-05 18:39:06,2024-06-05,18:39:06,15.2,,48.4,,27.1,,19.542,,310.5,,1.67,,1.2,
2024-06-05 18:39:10,2024-06-05,18:39:10,,14.2,,46.4,,26.7,,18.869,,333.3,,5.66,,4.68
2024-06-05 18:40:10,2024-06-05,18:40:10,15.2,,48.2,,27.1,,19.508,,344.7,,2.13,,1.03,
2024-06-05 18:40:14,2024-06-05,18:40:14,,14.4,,46.5,,26.8,,18.97,,347.9,,6.33,,5.78
2024-06-05 18:41:13,2024-06-05,18:41:13,15.0,,47.6,,27.1,,19.408,,314.6,,3.01,,1.44,
2024-06-05 18:41:17,2024-06-05,18:41:17,,14.2,,46.1,,26.7,,18.819,,343.7,,6.85,,6.2
2024-06-05 18:42:16,2024-06-05,18:42:16,14.9,,47.3,,27.1,,19.358,,345.1,,1.66,,1.05,
2024-06-05 18:42:20,2024-06-05,18:42:20,,14.3,,46.7,,26.7,,18.919,,340.7,,6.49,,3.98
2024-06-05 18:43:20,2024-06-05,18:43:20,14.9,,47.5,,27.0,,19.307,,359.9,,1.73,,0.87,
2024-06-05 18:43:24,2024-06-05,18:43:24,,14.2,,46.4,,26.7,,18.869,,341.1,,6.25,,5.49
2024-06-05 18:44:24,2024-06-05,18:44:24,14.8,,47.1,,27.0,,19.24,,346.5,,2.39,,1.23,
2024-06-05 18:44:28,2024-06-05,18:44:28,,14.3,,47.0,,26.6,,18.884,,347.5,,6.31,,3.07
2024-06-05 18:45:27,2024-06-05,18:45:27,15.0,,48.1,,27.0,,19.407,,325.4,,1.93,,0.64,
2024-06-05 18:45:31,2024-06-05,18:45:31,,14.4,,46.9,,26.7,,18.953,,341.1,,4.97,,2.31
2024-06-05 18:46:30,2024-06-05,18:46:30,14.8,,47.5,,26.9,,19.222,,357.5,,1.8,,1.1,
2024-06-05 18:46:34,2024-06-05,18:46:34,,14.5,,47.1,,26.7,,18.986,,342.9,,3.56,,2.01
2024-06-05 18:47:34,2024-06-05,18:47:34,15.0,,48.0,,27.0,,19.39,,349.4,,1.5,,0.89,
2024-06-05 18:47:38,2024-06-05,18:47:38,,14.2,,46.6,,26.6,,18.818,,343.0,,5.1,,4.46
2024-06-05 18:48:38,2024-06-05,18:48:38,14.8,,47.6,,26.9,,19.239,,358.4,,1.83,,1.22,
2024-06-05 18:48:42,2024-06-05,18:48:42,,14.3,,46.9,,26.6,,18.868,,341.8,,4.59,,2.49
2024-06-05 18:49:41,2024-06-05,18:49:41,14.9,,47.9,,26.9,,19.288,,342.8,,1.83,,0.8,
2024-06-05 18:49:45,2024-06-05,18:49:45,,14.2,,46.7,,26.6,,18.835,,335.6,,4.45,,3.93
2024-06-05 18:50:44,2024-06-05,18:50:44,15.0,,48.1,,26.9,,19.321,,347.6,,1.51,,0.99,
2024-06-05 18:50:48,2024-06-05,18:50:48,,14.3,,47.0,,26.6,,18.884,,8.0,,4.97,,2.67
2024-06-05 18:51:48,2024-06-05,18:51:48,14.8,,47.5,,26.9,,19.222,,359.8,,2.13,,1.76,
2024-06-05 18:51:52,2024-06-05,18:51:52,,14.2,,46.5,,26.6,,18.801,,351.8,,4.12,,2.83
2024-06-05 18:52:52,2024-06-05,18:52:52,14.9,,47.9,,26.9,,19.288,,349.3,,1.8,,1.51,
2024-06-05 18:52:56,2024-06-05,18:52:56,,14.0,,46.1,,26.6,,18.735,,6.1,,6.75,,5.16
2024-06-05 18:53:55,2024-06-05,18:53:55,14.8,,47.8,,26.8,,19.187,,352.3,,1.96,,1.18,
2024-06-05 18:53:59,2024-06-05,18:53:59,,14.2,,46.7,,26.6,,18.835,,4.7,,5.17,,3.48
2024-06-05 18:54:58,2024-06-05,18:54:58,14.6,,47.2,,26.8,,19.087,,358.4,,2.43,,0.77,
2024-06-05 18:55:02,2024-06-05,18:55:02,,14.1,,46.6,,26.5,,18.734,,358.0,,6.61,,4.36
2024-06-05 18:56:02,2024-06-05,18:56:02,14.8,,48.1,,26.7,,19.151,,344.5,,1.31,,0.79,
2024-06-05 18:56:06,2024-06-05,18:56:06,,14.3,,47.1,,26.5,,18.816,,349.4,,5.68,,3.39
2024-06-05 18:57:06,2024-06-05,18:57:06,15.1,,48.9,,26.8,,19.368,,301.7,,1.33,,0.54,
2024-06-05 18:57:10,2024-06-05,18:57:10,,14.2,,47.0,,26.5,,18.8,,5.5,,5.21,,4.43
2024-06-05 18:58:09,2024-06-05,18:58:09,15.2,,49.2,,26.8,,19.417,,313.5,,0.8,,0.6,
2024-06-05 18:58:13,2024-06-05,18:58:13,,14.2,,47.0,,26.5,,18.8,,5.1,,5.17,,4.21
2024-06-05 18:59:12,2024-06-05,18:59:12,15.2,,49.1,,26.8,,19.401,,318.1,,1.49,,1.13,
2024-06-05 18:59:16,2024-06-05,18:59:16,,14.3,,47.3,,26.4,,18.765,,359.7,,6.27,,3.66
2024-06-05 19:00:16,2024-06-05,19:00:16,15.0,,48.9,,26.7,,19.282,,343.6,,1.25,,0.72,
2024-06-05 19:00:20,2024-06-05,19:00:20,,14.3,,47.4,,26.4,,18.781,,358.5,,5.79,,3.23
2024-06-05 19:01:20,2024-06-05,19:01:20,14.9,,48.4,,26.7,,19.2,,3.3,,1.43,,1.11,
2024-06-05 19:01:24,2024-06-05,19:01:24,,14.4,,47.6,,26.4,,18.814,,12.3,,4.46,,2.7
2024-06-05 19:02:23,2024-06-05,19:02:23,15.1,,49.1,,26.7,,19.315,,327.4,,1.2,,0.74,
2024-06-05 19:02:27,2024-06-05,19:02:27,,14.4,,47.6,,26.4,,18.814,,2.1,,5.02,,3.46
2024-06-05 19:03:26,2024-06-05,19:03:26,15.0,,49.2,,26.6,,19.246,,338.6,,1.45,,1.05,
2024-06-05 19:03:30,2024-06-05,19:03:30,,14.4,,47.8,,26.4,,18.847,,8.6,,6.12,,4.74
2024-06-05 19:04:30,2024-06-05,19:04:30,15.3,,50.0,,26.6,,19.376,,326.1,,1.19,,0.56,
2024-06-05 19:04:34,2024-06-05,19:04:34,,14.5,,48.0,,26.4,,18.879,,351.1,,6.66,,4.62
2024-06-05 19:05:34,2024-06-05,19:05:34,15.2,,49.8,,26.6,,19.343,,346.4,,1.23,,0.96,
2024-06-05 19:05:38,2024-06-05,19:05:38,,14.6,,48.4,,26.4,,18.945,,2.1,,5.47,,2.19
2024-06-05 19:06:37,2024-06-05,19:06:37,15.5,,50.6,,26.6,,19.473,,308.4,,1.3,,0.87,
2024-06-05 19:06:41,2024-06-05,19:06:41,,14.5,,48.3,,26.3,,18.843,,1.2,,5.1,,3.86
2024-06-05 19:07:40,2024-06-05,19:07:40,15.4,,50.3,,26.6,,19.424,,339.8,,0.97,,0.57,
2024-06-05 19:08:12,2024-06-05,19:08:12,,14.6,,48.5,,26.3,,18.876,,6.7,,4.18,,3.71
2024-06-05 19:08:44,2024-06-05,19:08:44,15.3,,50.1,,26.6,,19.392,,316.1,,0.9,,0.51,
2024-06-05 19:09:16,2024-06-05,19:09:16,,14.7,,48.8,,26.3,,18.924,,19.5,,4.62,,2.24
2024-06-05 19:09:48,2024-06-05,19:09:48,15.4,,50.2,,26.6,,19.408,,359.3,,1.13,,0.79,
2024-06-05 19:10:20,2024-06-05,19:10:20,,14.7,,49.0,,26.3,,18.957,,13.7,,5.01,,4.31
2024-06-05 19:10:51,2024-06-05,19:10:51,15.6,,50.9,,26.6,,19.521,,316.6,,1.85,,0.66,
2024-06-05 19:11:23,2024-06-05,19:11:23,,14.8,,49.2,,26.3,,18.989,,18.8,,5.25,,3.58
2024-06-05 19:11:54,2024-06-05,19:11:54,,,,,15.7,,,,26.6,,5.13,,1.7,
2024-06-05 19:12:26,2024-06-05,19:12:26,,,,,,14.8,,,,26.3,,4.93,,4.08
2024-06-05 19:12:58,2024-06-05,19:12:58,15.7,,51.1,,26.6,,19.553,,330.5,,2.82,,1.64,
2024-06-05 19:13:30,2024-06-05,19:13:30,,14.8,,49.2,,26.3,,18.989,,353.2,,4.25,,3.15
2024-06-05 19:14:02,2024-06-05,19:14:02,15.5,,50.8,,26.5,,19.419,,336.0,,2.51,,1.62,
2024-06-05 19:14:34,2024-06-05,19:14:34,,14.9,,49.4,,26.3,,19.021,,2.4,,3.8,,3.36
2024-06-05 19:15:05,2024-06-05,19:15:05,15.5,,51.0,,26.5,,19.451,,326.9,,2.1,,1.43,
2024-06-05 19:15:37,2024-06-05,19:15:37,,14.9,,49.5,,26.3,,19.037,,349.1,,4.89,,2.62
2024-06-05 19:16:08,2024-06-05,19:16:08,15.6,,51.1,,26.5,,19.467,,323.0,,2.38,,1.55,
2024-06-05 19:16:40,2024-06-05,19:16:40,,15.0,,49.7,,26.3,,19.07,,346.2,,4.34,,2.08
2024-06-05 19:17:12,2024-06-05,19:17:12,15.6,,51.1,,26.5,,19.467,,328.3,,2.59,,1.8,
2024-06-05 19:17:44,2024-06-05,19:17:44,,15.0,,49.7,,26.3,,19.07,,7.8,,2.97,,1.85
2024-06-05 19:18:16,2024-06-05,19:18:16,15.7,,51.5,,26.5,,19.531,,340.1,,2.05,,1.49,
2024-06-05 19:18:48,2024-06-05,19:18:48,,14.8,,49.2,,26.3,,18.989,,344.4,,4.19,,2.45
2024-06-05 19:19:19,2024-06-05,19:19:19,15.6,,51.3,,26.5,,19.499,,326.4,,2.35,,1.36,
2024-06-05 19:19:51,2024-06-05,19:19:51,,15.0,,49.9,,26.3,,19.102,,19.6,,2.5,,0.74
2024-06-05 19:20:22,2024-06-05,19:20:22,15.7,,51.4,,26.5,,19.515,,322.1,,2.4,,1.47,
2024-06-05 19:20:54,2024-06-05,19:20:54,,15.0,,50.0,,26.3,,19.118,,4.2,,3.91,,2.81
2024-06-05 19:21:26,2024-06-05,19:21:26,15.7,,51.8,,26.4,,19.492,,320.9,,1.85,,1.48,
2024-06-05 19:21:58,2024-06-05,19:21:58,,14.9,,49.7,,26.2,,18.984,,1.9,,4.98,,3.4
2024-06-05 19:22:30,2024-06-05,19:22:30,15.7,,51.7,,26.4,,19.476,,330.2,,2.4,,1.28,
2024-06-05 19:23:02,2024-06-05,19:23:02,,15.0,,50.2,,26.2,,19.064,,4.2,,3.73,,2.65
2024-06-05 19:23:34,2024-06-05,19:23:34,,,,,15.6,,,,26.4,,5.16,,2.58,
2024-06-05 19:24:05,2024-06-05,19:24:05,,15.0,,50.2,,26.2,,19.064,,335.4,,4.62,,3.66
2024-06-05 19:24:36,2024-06-05,19:24:36,15.7,,52.0,,26.3,,19.437,,318.7,,2.33,,1.46,
2024-06-05 19:25:08,2024-06-05,19:25:08,,15.0,,50.4,,26.2,,19.096,,9.3,,4.14,,3.16
2024-06-05 19:25:40,2024-06-05,19:25:40,15.7,,52.1,,26.3,,19.453,,348.1,,2.25,,0.88,
2024-06-05 19:26:12,2024-06-05,19:26:12,,15.1,,50.7,,26.2,,19.144,,354.9,,3.46,,3.04
2024-06-05 19:26:44,2024-06-05,19:26:44,15.8,,52.3,,26.3,,19.484,,324.3,,1.97,,1.38,
2024-06-05 19:27:16,2024-06-05,19:27:16,,15.1,,50.8,,26.1,,19.073,,5.9,,3.24,,2.98
2024-06-05 19:27:47,2024-06-05,19:27:47,15.9,,52.8,,26.3,,19.563,,320.6,,1.89,,1.45,
2024-06-05 19:28:19,2024-06-05,19:28:19,,15.2,,51.2,,26.1,,19.137,,7.6,,5.02,,3.62
2024-06-05 19:28:50,2024-06-05,19:28:50,15.8,,52.8,,26.2,,19.476,,337.2,,2.92,,2.24,
2024-06-05 19:29:22,2024-06-05,19:29:22,,15.3,,51.6,,26.1,,19.2,,7.5,,4.56,,3.71
2024-06-05 19:29:54,2024-06-05,19:29:54,16.0,,53.3,,26.2,,19.554,,321.2,,2.59,,1.66,
2024-06-05 19:30:26,2024-06-05,19:30:26,,15.4,,51.9,,26.1,,19.247,,3.1,,4.61,,3.43
2024-06-05 19:30:58,2024-06-05,19:30:58,16.1,,53.8,,26.2,,19.632,,324.4,,2.41,,1.71,
2024-06-05 19:31:30,2024-06-05,19:31:30,,15.5,,52.0,,26.1,,19.263,,24.3,,4.02,,1.85
2024-06-05 19:32:01,2024-06-05,19:32:01,16.1,,54.0,,26.2,,19.664,,323.4,,2.27,,1.87,
2024-06-05 19:32:33,2024-06-05,19:32:33,,15.5,,52.2,,26.1,,19.295,,1.4,,3.51,,2.57
2024-06-05 19:33:04,2024-06-05,19:33:04,16.2,,54.2,,26.2,,19.695,,320.0,,1.97,,1.01,
2024-06-05 19:33:36,2024-06-05,19:33:36,,15.5,,52.5,,26.0,,19.255,,351.8,,3.91,,1.67
2024-06-05 19:34:08,2024-06-05,19:34:08,16.2,,54.3,,26.2,,19.71,,327.5,,2.21,,1.69,
2024-06-05 19:34:40,2024-06-05,19:34:40,,15.5,,52.6,,26.0,,19.27,,31.0,,3.42,,1.74
2024-06-05 19:35:12,2024-06-05,19:35:12,16.1,,54.3,,26.1,,19.623,,315.9,,2.53,,1.43,
2024-06-05 19:35:44,2024-06-05,19:35:44,,15.5,,52.6,,26.0,,19.27,,359.2,,4.06,,2.47
2024-06-05 19:36:15,2024-06-05,19:36:15,16.3,,54.8,,26.1,,19.7,,324.4,,2.46,,1.07,
2024-06-05 19:36:47,2024-06-05,19:36:47,,15.6,,52.8,,26.0,,19.302,,350.6,,3.38,,1.2
2024-06-05 19:37:18,2024-06-05,19:37:18,16.3,,54.9,,26.1,,19.716,,318.5,,2.13,,1.51,
2024-06-05 19:37:50,2024-06-05,19:37:50,,15.7,,53.1,,26.0,,19.348,,14.1,,2.88,,2.27
2024-06-05 19:38:22,2024-06-05,19:38:22,16.4,,55.1,,26.1,,19.747,,314.2,,2.53,,0.72,
2024-06-05 19:38:54,2024-06-05,19:38:54,,15.8,,53.3,,26.0,,19.38,,16.8,,3.73,,2.64
2024-06-05 19:39:26,2024-06-05,19:39:26,16.4,,55.4,,26.1,,19.793,,321.7,,2.21,,1.57,
2024-06-05 19:39:58,2024-06-05,19:39:58,,15.8,,53.4,,26.0,,19.395,,10.1,,2.88,,2.07
2024-06-05 19:40:29,2024-06-05,19:40:29,16.5,,55.7,,26.1,,19.839,,319.3,,2.34,,1.29,
2024-06-05 19:41:01,2024-06-05,19:41:01,,15.9,,53.6,,26.0,,19.426,,17.7,,2.47,,2.09
2024-06-05 19:41:32,2024-06-05,19:41:32,16.6,,55.9,,26.1,,19.87,,323.6,,1.73,,1.09,
2024-06-05 19:42:04,2024-06-05,19:42:04,,15.9,,53.8,,26.0,,19.457,,6.4,,2.48,,0.76
2024-06-05 19:42:36,2024-06-05,19:42:36,16.8,,56.6,,26.1,,19.977,,336.5,,1.99,,1.34,
2024-06-05 19:43:08,2024-06-05,19:43:08,,15.9,,53.8,,26.0,,19.457,,44.7,,0.98,,0.52
2024-06-05 19:43:40,2024-06-05,19:43:40,16.7,,56.4,,26.1,,19.947,,324.1,,2.21,,1.59,
2024-06-05 19:44:12,2024-06-05,19:44:12,,16.0,,54.0,,26.0,,19.488,,49.3,,1.65,,1.02
2024-06-05 19:44:43,2024-06-05,19:44:43,16.8,,56.7,,26.1,,19.993,,334.7,,2.21,,0.81,
2024-06-05 19:45:15,2024-06-05,19:45:15,,16.0,,54.0,,26.0,,19.488,,77.4,,1.66,,0.85
2024-06-05 19:45:46,2024-06-05,19:45:46,16.8,,56.7,,26.1,,19.993,,334.1,,1.83,,1.16,
2024-06-05 19:46:18,2024-06-05,19:46:18,,16.0,,54.1,,26.0,,19.504,,36.9,,1.25,,0.73
2024-06-05 19:46:50,2024-06-05,19:46:50,16.8,,56.5,,26.1,,19.962,,334.4,,2.82,,0.99,
2024-06-05 19:47:22,2024-06-05,19:47:22,,16.0,,54.2,,26.0,,19.519,,30.8,,1.1,,0.78
2024-06-05 19:47:54,2024-06-05,19:47:54,16.7,,56.5,,26.0,,19.873,,322.9,,2.06,,1.5,
2024-06-05 19:48:26,2024-06-05,19:48:26,,16.0,,54.2,,26.0,,19.519,,28.4,,1.46,,0.91
2024-06-05 19:48:57,2024-06-05,19:48:57,16.8,,56.9,,26.0,,19.934,,321.0,,2.02,,1.04,
2024-06-05 19:49:29,2024-06-05,19:49:29,,16.0,,54.3,,25.9,,19.447,,24.0,,1.43,,0.85
2024-06-05 19:50:00,2024-06-05,19:50:00,16.9,,57.1,,26.0,,19.965,,319.0,,1.94,,0.78,
2024-06-05 19:50:33,2024-06-05,19:50:33,,16.0,,54.4,,25.9,,19.463,,14.0,,1.29,,0.88
2024-06-05 19:51:04,2024-06-05,19:51:04,16.8,,56.8,,26.0,,19.919,,325.5,,1.64,,1.14,
2024-06-05 19:51:36,2024-06-05,19:51:36,,16.0,,54.4,,25.9,,19.463,,26.7,,1.29,,0.81
2024-06-05 19:52:08,2024-06-05,19:52:08,16.8,,56.9,,26.0,,19.934,,317.2,,2.52,,1.58,
2024-06-05 19:52:40,2024-06-05,19:52:40,,16.0,,54.5,,25.9,,19.478,,359.2,,0.63,,0.52
2024-06-05 19:53:11,2024-06-05,19:53:11,16.8,,57.0,,26.0,,19.95,,320.4,,2.26,,1.5,
2024-06-05 19:53:44,2024-06-05,19:53:44,,16.1,,54.7,,26.0,,19.597,,332.5,,0.69,,0.43
2024-06-05 19:54:14,2024-06-05,19:54:14,16.8,,57.0,,26.0,,19.95,,325.0,,2.42,,1.45,
2024-06-05 19:54:46,2024-06-05,19:54:46,,16.1,,54.8,,25.9,,19.524,,337.8,,0.8,,0.67
2024-06-05 19:55:18,2024-06-05,19:55:18,16.9,,57.2,,26.0,,19.98,,330.7,,2.01,,1.11,
2024-06-05 19:55:50,2024-06-05,19:55:50,,16.2,,55.1,,25.9,,19.57,,316.5,,1.17,,0.87
2024-06-05 19:56:22,2024-06-05,19:56:22,17.0,,57.6,,26.0,,20.041,,316.8,,2.09,,1.47,
2024-06-05 19:56:54,2024-06-05,19:56:54,,16.2,,55.3,,25.9,,19.601,,303.1,,1.35,,1.05
2024-06-05 19:57:25,2024-06-05,19:57:25,17.0,,57.8,,26.0,,20.071,,316.7,,1.93,,1.61,
2024-06-05 19:57:58,2024-06-05,19:57:58,,16.2,,55.3,,25.9,,19.601,,301.4,,1.13,,0.98
2024-06-05 19:58:28,2024-06-05,19:58:28,17.1,,58.0,,26.0,,20.102,,322.2,,1.91,,1.22,
2024-06-05 19:59:02,2024-06-05,19:59:02,,,,,,16.3,,,,25.9,,5.55,,1.28
2024-06-05 19:59:32,2024-06-05,19:59:32,17.1,,58.0,,26.0,,20.102,,325.0,,1.86,,1.51,
2024-06-05 20:00:04,2024-06-05,20:00:04,,16.3,,55.4,,25.9,,19.616,,267.9,,1.37,,1.19
2024-06-05 20:00:36,2024-06-05,20:00:36,17.0,,57.8,,26.0,,20.071,,326.5,,1.92,,1.28,
2024-06-05 20:01:08,2024-06-05,20:01:08,,16.3,,55.7,,25.9,,19.662,,312.8,,1.25,,0.57
2024-06-05 20:01:39,2024-06-05,20:01:39,17.0,,57.8,,26.0,,20.071,,319.6,,2.11,,1.42,
2024-06-05 20:02:12,2024-06-05,20:02:12,,16.3,,55.4,,25.9,,19.616,,309.3,,2.78,,1.93
2024-06-05 20:02:42,2024-06-05,20:02:42,16.8,,57.0,,26.0,,19.95,,318.2,,2.24,,1.52,
2024-06-05 20:03:15,2024-06-05,20:03:15,,16.3,,55.4,,25.9,,19.616,,316.8,,3.09,,2.01
2024-06-05 20:03:46,2024-06-05,20:03:46,16.8,,56.9,,26.0,,19.934,,317.3,,2.64,,1.75,
2024-06-05 20:04:18,2024-06-05,20:04:18,,16.2,,55.5,,25.8,,19.544,,327.4,,3.43,,2.22
2024-06-05 20:04:50,2024-06-05,20:04:50,16.7,,56.9,,25.9,,19.846,,315.8,,2.3,,1.83,
2024-06-05 20:05:22,2024-06-05,20:05:22,,16.1,,55.4,,25.8,,19.528,,317.4,,5.3,,3.92
2024-06-05 20:05:53,2024-06-05,20:05:53,16.5,,56.4,,25.9,,19.769,,323.3,,3.43,,2.72,
2024-06-05 20:06:26,2024-06-05,20:06:26,,16.0,,55.3,,25.7,,19.425,,319.1,,5.61,,1.98
2024-06-05 20:06:56,2024-06-05,20:06:56,16.5,,56.6,,25.8,,19.711,,318.5,,3.01,,1.79,
2024-06-05 20:07:29,2024-06-05,20:07:29,,16.1,,55.6,,25.7,,19.471,,329.2,,5.12,,3.15
2024-06-05 20:08:00,2024-06-05,20:08:00,16.7,,57.1,,25.8,,19.787,,321.5,,2.94,,2.23,
2024-06-05 20:08:32,2024-06-05,20:08:32,,16.0,,55.6,,25.6,,19.382,,336.0,,5.3,,4.53
2024-06-05 20:09:04,2024-06-05,20:09:04,16.7,,57.1,,25.8,,19.787,,314.3,,2.82,,2.48,
2024-06-05 20:09:36,2024-06-05,20:09:36,,16.0,,55.5,,25.6,,19.367,,336.4,,4.7,,3.55
2024-06-05 20:10:07,2024-06-05,20:10:07,16.5,,57.0,,25.7,,19.683,,321.0,,3.01,,1.65,
2024-06-05 20:10:40,2024-06-05,20:10:40,,15.9,,55.4,,25.5,,19.264,,343.4,,4.59,,3.93
2024-06-05 20:11:10,2024-06-05,20:11:10,16.6,,57.2,,25.7,,19.714,,335.6,,2.85,,1.99,
2024-06-05 20:11:43,2024-06-05,20:11:43,,16.0,,55.7,,25.5,,19.309,,336.0,,4.14,,1.96
2024-06-05 20:12:14,2024-06-05,20:12:14,16.5,,57.3,,25.7,,19.729,,322.1,,2.43,,1.48,
2024-06-05 20:12:46,2024-06-05,20:12:46,,16.0,,55.6,,25.5,,19.294,,345.4,,4.74,,3.57
2024-06-05 20:13:18,2024-06-05,20:13:18,16.5,,57.2,,25.6,,19.625,,319.3,,2.64,,1.72,
2024-06-05 20:13:50,2024-06-05,20:13:50,,15.9,,55.4,,25.5,,19.264,,357.3,,5.39,,4.24
2024-06-05 20:14:21,2024-06-05,20:14:21,16.5,,57.1,,25.6,,19.61,,332.6,,2.59,,2.1,
2024-06-05 20:14:54,2024-06-05,20:14:54,,15.9,,55.6,,25.4,,19.206,,342.1,,4.14,,2.96
2024-06-05 20:15:24,2024-06-05,20:15:24,16.5,,57.4,,25.6,,19.655,,324.5,,2.45,,1.43,
2024-06-05 20:15:57,2024-06-05,20:15:57,,15.9,,55.8,,25.4,,19.236,,347.8,,3.29,,2.45
2024-06-05 20:16:28,2024-06-05,20:16:28,16.6,,57.5,,25.6,,19.67,,327.8,,2.57,,2.1,
2024-06-05 20:17:00,2024-06-05,20:17:00,,16.0,,56.1,,25.4,,19.282,,348.4,,3.83,,1.68
2024-06-05 20:17:32,2024-06-05,20:17:32,16.6,,57.9,,25.5,,19.641,,329.6,,2.41,,1.87,
2024-06-05 20:18:04,2024-06-05,20:18:04,,16.0,,56.2,,25.4,,19.297,,344.7,,3.3,,2.49
2024-06-05 20:18:35,2024-06-05,20:18:35,16.5,,57.7,,25.5,,19.611,,325.7,,2.12,,1.6,
2024-06-05 20:19:08,2024-06-05,20:19:08,,16.0,,56.2,,25.4,,19.297,,334.4,,4.24,,3.48
2024-06-05 20:19:38,2024-06-05,20:19:38,16.7,,58.2,,25.5,,19.686,,330.6,,2.45,,1.55,
2024-06-05 20:20:11,2024-06-05,20:20:11,,16.0,,56.3,,25.3,,19.223,,344.5,,4.49,,3.8
2024-06-05 20:20:42,2024-06-05,20:20:42,16.7,,58.1,,25.5,,19.671,,320.3,,2.7,,1.89,
2024-06-05 20:21:14,2024-06-05,20:21:14,,16.0,,56.3,,25.3,,19.223,,342.4,,4.9,,3.32
2024-06-05 20:21:46,2024-06-05,20:21:46,16.6,,58.0,,25.5,,19.656,,326.2,,2.37,,1.72,
2024-06-05 20:22:18,2024-06-05,20:22:18,,15.9,,55.9,,25.3,,19.163,,336.1,,5.89,,4.69
2024-06-05 20:22:49,2024-06-05,20:22:49,16.5,,58.0,,25.4,,19.567,,327.1,,2.3,,1.81,
2024-06-05 20:23:22,2024-06-05,20:23:22,,15.9,,56.1,,25.3,,19.193,,339.8,,5.85,,3.49
2024-06-05 20:23:52,2024-06-05,20:23:52,16.5,,57.9,,25.4,,19.552,,326.0,,2.49,,1.7,
2024-06-05 20:24:25,2024-06-05,20:24:25,,15.8,,55.9,,25.2,,19.075,,348.9,,5.05,,3.06
2024-06-05 20:24:56,2024-06-05,20:24:56,16.5,,57.8,,25.4,,19.537,,325.6,,2.43,,1.78,
2024-06-05 20:25:28,2024-06-05,20:25:28,,15.8,,55.9,,25.2,,19.075,,344.2,,4.53,,2.72
2024-06-05 20:26:00,2024-06-05,20:26:00,16.4,,57.6,,25.4,,19.507,,326.1,,2.53,,1.73,
2024-06-05 20:26:32,2024-06-05,20:26:32,,15.7,,55.8,,25.2,,19.06,,355.7,,5.36,,2.11
2024-06-05 20:27:03,2024-06-05,20:27:03,16.2,,57.3,,25.3,,19.373,,336.8,,2.73,,2.04,
2024-06-05 20:27:36,2024-06-05,20:27:36,,15.8,,55.9,,25.2,,19.075,,2.5,,5.05,,3.77
2024-06-05 20:28:06,2024-06-05,20:28:06,16.3,,57.7,,25.3,,19.433,,327.7,,2.85,,1.96,
2024-06-05 20:28:39,2024-06-05,20:28:39,,15.8,,56.0,,25.2,,19.09,,4.2,,4.78,,4.28
2024-06-05 20:29:10,2024-06-05,20:29:10,16.4,,57.8,,25.3,,19.448,,335.1,,2.59,,1.93,
2024-06-05 20:29:42,2024-06-05,20:29:42,,15.9,,56.2,,25.2,,19.12,,4.2,,4.05,,2.96
2024-06-05 20:30:14,2024-06-05,20:30:14,16.5,,58.1,,25.3,,19.492,,327.4,,2.22,,1.94,
2024-06-05 20:30:46,2024-06-05,20:30:46,,15.9,,56.5,,25.1,,19.076,,25.1,,4.72,,3.03
2024-06-05 20:31:17,2024-06-05,20:31:17,16.5,,58.7,,25.2,,19.492,,332.7,,2.85,,1.49,
2024-06-05 20:31:50,2024-06-05,20:31:50,,15.9,,56.8,,25.1,,19.121,,7.6,,6.56,,4.37
2024-06-05 20:32:20,2024-06-05,20:32:20,16.6,,59.0,,25.2,,19.537,,324.6,,2.03,,1.19,
2024-06-05 20:32:53,2024-06-05,20:32:53,,15.9,,57.1,,25.0,,19.077,,38.2,,5.0,,3.27
2024-06-05 20:33:24,2024-06-05,20:33:24,16.7,,59.7,,25.2,,19.64,,325.7,,2.49,,1.47,
2024-06-05 20:33:56,2024-06-05,20:33:56,,16.0,,57.2,,25.0,,19.092,,24.5,,6.28,,2.47
2024-06-05 20:34:28,2024-06-05,20:34:28,16.7,,59.7,,25.1,,19.55,,356.1,,2.37,,1.1,
2024-06-05 20:35:00,2024-06-05,20:35:00,,16.0,,57.5,,25.0,,19.136,,16.0,,3.12,,2.19
2024-06-05 20:35:31,2024-06-05,20:35:31,16.6,,59.6,,25.0,,19.446,,337.2,,2.31,,1.21,
2024-06-05 20:36:04,2024-06-05,20:36:04,,16.0,,57.7,,24.9,,19.077,,13.6,,4.81,,3.53
2024-06-05 20:36:34,2024-06-05,20:36:34,16.7,,60.1,,25.0,,19.519,,333.3,,2.27,,1.78,
2024-06-05 20:37:07,2024-06-05,20:37:07,,16.0,,58.0,,24.9,,19.121,,23.7,,4.4,,2.16
2024-06-05 20:37:38,2024-06-05,20:37:38,16.8,,60.5,,25.0,,19.578,,322.1,,2.1,,1.31,
2024-06-05 20:38:10,2024-06-05,20:38:10,,16.0,,58.3,,24.8,,19.076,,15.2,,4.07,,3.11
2024-06-05 20:38:42,2024-06-05,20:38:42,16.8,,60.9,,24.9,,19.546,,315.3,,2.97,,2.18,
2024-06-05 20:39:14,2024-06-05,20:39:14,,16.1,,58.5,,24.8,,19.105,,22.6,,4.59,,3.37
2024-06-05 20:39:45,2024-06-05,20:39:45,16.9,,61.2,,24.9,,19.59,,330.6,,2.57,,1.16,
2024-06-05 20:40:18,2024-06-05,20:40:18,,16.1,,58.6,,24.8,,19.12,,24.4,,3.89,,2.31
2024-06-05 20:40:48,2024-06-05,20:40:48,16.8,,61.2,,24.8,,19.499,,336.9,,2.47,,0.97,
2024-06-05 20:41:21,2024-06-05,20:41:21,,16.1,,58.8,,24.7,,19.06,,356.3,,3.11,,1.56
2024-06-05 20:41:52,2024-06-05,20:41:52,16.9,,61.5,,24.8,,19.543,,359.5,,2.11,,0.84,
2024-06-05 20:42:24,2024-06-05,20:42:24,,16.1,,58.9,,24.7,,19.075,,60.9,,3.95,,1.55
2024-06-05 20:42:56,2024-06-05,20:42:56,16.9,,61.9,,24.7,,19.51,,338.2,,2.44,,1.63,
2024-06-05 20:43:28,2024-06-05,20:43:28,,16.1,,59.1,,24.7,,19.104,,19.7,,3.07,,1.53
2024-06-05 20:43:59,2024-06-05,20:43:59,16.8,,61.6,,24.7,,19.467,,357.4,,2.27,,0.65,
2024-06-05 20:44:32,2024-06-05,20:44:32,,16.2,,59.2,,24.7,,19.118,,64.4,,3.64,,1.83
2024-06-05 20:45:02,2024-06-05,20:45:02,16.8,,61.5,,24.7,,19.452,,4.0,,2.37,,0.91,
2024-06-05 20:45:35,2024-06-05,20:45:35,,16.1,,59.3,,24.6,,19.043,,5.0,,3.72,,2.23
2024-06-05 20:46:06,2024-06-05,20:46:06,16.9,,62.0,,24.7,,19.524,,337.1,,1.94,,1.18,
2024-06-05 20:46:38,2024-06-05,20:46:38,,16.1,,59.4,,24.6,,19.058,,43.8,,3.56,,1.42
2024-06-05 20:47:10,2024-06-05,20:47:10,16.9,,62.1,,24.6,,19.448,,7.1,,1.64,,1.08,
2024-06-05 20:47:42,2024-06-05,20:47:42,,,,,,16.1,,,,47.4,,2.95,,1.94
2024-06-05 20:48:13,2024-06-05,20:48:13,17.0,,62.4,,24.6,,19.491,,344.4,,2.04,,0.91,
2024-06-05 20:48:46,2024-06-05,20:48:46,,16.1,,59.7,,24.5,,19.012,,50.5,,3.79,,2.78
2024-06-05 20:49:16,2024-06-05,20:49:16,17.0,,62.8,,24.6,,19.549,,358.0,,2.02,,0.66,
2024-06-05 20:49:49,2024-06-05,20:49:49,,16.1,,59.8,,24.5,,19.026,,29.8,,3.96,,1.87
2024-06-05 20:50:20,2024-06-05,20:50:20,17.0,,63.0,,24.5,,19.486,,350.4,,2.06,,0.82,
2024-06-05 20:50:52,2024-06-05,20:50:52,,16.2,,60.0,,24.5,,19.055,,51.2,,2.93,,1.78
2024-06-05 20:51:24,2024-06-05,20:51:24,16.9,,62.7,,24.5,,19.444,,341.5,,1.71,,0.81,
2024-06-05 20:51:56,2024-06-05,20:51:56,,16.1,,60.1,,24.4,,18.98,,48.1,,2.65,,1.1
2024-06-05 20:52:27,2024-06-05,20:52:27,17.0,,63.3,,24.5,,19.529,,335.6,,1.86,,1.29,
2024-06-05 20:53:00,2024-06-05,20:53:00,,16.2,,60.2,,24.4,,18.994,,33.4,,2.64,,1.51
2024-06-05 20:53:30,2024-06-05,20:53:30,16.9,,63.0,,24.4,,19.396,,342.1,,2.29,,1.33,
2024-06-05 20:54:03,2024-06-05,20:54:03,,16.2,,60.4,,24.4,,19.023,,40.0,,2.76,,2.2
2024-06-05 20:54:34,2024-06-05,20:54:34,17.0,,63.5,,24.4,,19.467,,343.4,,2.27,,0.98,
2024-06-05 20:55:06,2024-06-05,20:55:06,,16.1,,60.5,,24.3,,18.947,,29.2,,3.55,,3.03
2024-06-05 20:55:38,2024-06-05,20:55:38,17.1,,64.0,,24.4,,19.538,,339.5,,2.28,,0.88,
2024-06-05 20:56:10,2024-06-05,20:56:10,,16.2,,60.6,,24.3,,18.962,,43.1,,2.63,,1.49
2024-06-05 20:56:41,2024-06-05,20:56:41,17.0,,63.8,,24.3,,19.418,,351.6,,2.03,,0.95,
2024-06-05 20:57:14,2024-06-05,20:57:14,,16.2,,60.7,,24.3,,18.976,,67.7,,3.62,,2.89
2024-06-05 20:57:44,2024-06-05,20:57:44,17.0,,63.9,,24.3,,19.432,,339.0,,2.22,,1.06,
2024-06-05 20:58:17,2024-06-05,20:58:17,,16.1,,60.8,,24.2,,18.9,,39.0,,3.11,,2.62
2024-06-05 20:58:48,2024-06-05,20:58:48,17.1,,64.3,,24.3,,19.489,,331.0,,2.08,,1.24,
2024-06-05 20:59:20,2024-06-05,20:59:20,,16.1,,60.9,,24.2,,18.915,,43.6,,3.57,,2.96
2024-06-05 20:59:52,2024-06-05,20:59:52,17.1,,64.7,,24.2,,19.454,,328.2,,2.04,,1.36,
2024-06-05 21:00:24,2024-06-05,21:00:24,,16.2,,61.0,,24.2,,18.929,,39.8,,2.58,,0.82
2024-06-05 21:00:55,2024-06-05,21:00:55,17.0,,64.5,,24.2,,19.426,,329.2,,2.36,,1.59,
2024-06-05 21:01:28,2024-06-05,21:01:28,,16.2,,61.2,,24.2,,18.957,,18.4,,2.58,,1.01
2024-06-05 21:01:58,2024-06-05,21:01:58,17.2,,65.0,,24.2,,19.496,,336.6,,2.03,,0.99,
2024-06-05 21:02:31,2024-06-05,21:02:31,,16.2,,61.3,,24.2,,18.972,,11.3,,2.02,,1.65
2024-06-05 21:03:02,2024-06-05,21:03:02,17.1,,65.2,,24.1,,19.433,,334.5,,1.93,,1.2,
2024-06-05 21:03:34,2024-06-05,21:03:34,,16.2,,61.5,,24.1,,18.91,,15.4,,2.62,,2.24
2024-06-05 21:04:06,2024-06-05,21:04:06,17.2,,65.4,,24.1,,19.461,,320.4,,2.53,,1.24,
2024-06-05 21:04:38,2024-06-05,21:04:38,,16.3,,61.7,,24.1,,18.938,,7.0,,3.18,,1.68
2024-06-05 21:05:09,2024-06-05,21:05:09,17.2,,65.4,,24.1,,19.461,,349.4,,2.32,,1.07,
2024-06-05 21:05:42,2024-06-05,21:05:42,,16.2,,61.9,,24.0,,18.876,,4.9,,3.07,,1.94
2024-06-05 21:06:12,2024-06-05,21:06:12,17.2,,65.8,,24.0,,19.425,,324.4,,2.07,,1.36,
2024-06-05 21:06:45,2024-06-05,21:06:45,,16.3,,62.2,,24.0,,18.919,,4.5,,2.73,,2.49
2024-06-05 21:07:16,2024-06-05,21:07:16,17.3,,66.2,,24.0,,19.481,,318.5,,2.38,,1.1,
2024-06-05 21:07:48,2024-06-05,21:07:48,,16.2,,62.4,,23.9,,18.856,,19.9,,2.68,,1.05
2024-06-05 21:08:20,2024-06-05,21:08:20,17.3,,66.7,,23.9,,19.459,,319.9,,2.0,,0.95,
2024-06-05 21:08:52,2024-06-05,21:08:52,,16.3,,62.6,,23.9,,18.885,,17.8,,2.5,,1.81
2024-06-05 21:09:24,2024-06-05,21:09:24,17.4,,67.0,,23.9,,19.5,,331.3,,2.16,,1.53,
2024-06-05 21:09:56,2024-06-05,21:09:56,,16.3,,62.8,,23.8,,18.822,,15.0,,2.32,,1.8
2024-06-05 21:10:26,2024-06-05,21:10:26,17.4,,67.2,,23.9,,19.528,,326.4,,1.66,,1.14,
2024-06-05 21:10:59,2024-06-05,21:10:59,,16.3,,63.0,,23.8,,18.85,,28.2,,2.16,,0.82
2024-06-05 21:11:30,2024-06-05,21:11:30,17.4,,67.5,,23.8,,19.477,,326.0,,1.79,,1.34,
2024-06-05 21:12:02,2024-06-05,21:12:02,,16.3,,63.0,,23.8,,18.85,,20.6,,2.01,,1.37
2024-06-05 21:12:34,2024-06-05,21:12:34,17.4,,67.6,,23.8,,19.491,,329.7,,2.09,,1.25,
2024-06-05 21:13:06,2024-06-05,21:13:06,,16.2,,63.1,,23.7,,18.773,,21.4,,1.69,,0.9
2024-06-05 21:13:37,2024-06-05,21:13:37,17.5,,68.0,,23.8,,19.546,,336.4,,1.91,,0.86,
2024-06-05 21:14:10,2024-06-05,21:14:10,,16.3,,63.2,,23.7,,18.787,,57.7,,1.8,,1.03
2024-06-05 21:14:40,2024-06-05,21:14:40,17.4,,68.0,,23.7,,19.454,,326.3,,2.49,,2.15,
2024-06-05 21:15:13,2024-06-05,21:15:13,,16.3,,63.3,,23.7,,18.801,,34.4,,2.26,,1.0
2024-06-05 21:15:44,2024-06-05,21:15:44,17.6,,68.7,,23.7,,19.55,,324.6,,1.99,,1.34,
2024-06-05 21:16:16,2024-06-05,21:16:16,,16.3,,63.4,,23.7,,18.815,,37.8,,2.13,,1.07
2024-06-05 21:16:48,2024-06-05,21:16:48,17.6,,68.8,,23.7,,19.564,,330.3,,1.97,,1.49,
2024-06-05 21:17:20,2024-06-05,21:17:20,,16.2,,63.4,,23.6,,18.724,,18.5,,1.99,,1.43
2024-06-05 21:17:51,2024-06-05,21:17:51,17.5,,68.9,,23.6,,19.485,,330.4,,2.2,,1.1,
2024-06-05 21:18:24,2024-06-05,21:18:24,,16.3,,63.6,,23.6,,18.752,,43.3,,2.03,,1.51
2024-06-05 21:18:55,2024-06-05,21:18:55,17.7,,69.5,,23.6,,19.567,,334.1,,1.98,,0.67,
2024-06-05 21:19:27,2024-06-05,21:19:27,,16.3,,63.7,,23.6,,18.766,,38.3,,2.01,,1.56
2024-06-05 21:19:58,2024-06-05,21:19:58,17.5,,69.3,,23.5,,19.447,,332.1,,2.1,,1.56,
2024-06-05 21:20:30,2024-06-05,21:20:30,,16.2,,63.8,,23.5,,18.689,,20.0,,2.21,,1.56
2024-06-05 21:21:02,2024-06-05,21:21:02,17.5,,69.0,,23.5,,19.406,,335.1,,2.77,,1.32,
2024-06-05 21:21:34,2024-06-05,21:21:34,,16.2,,63.9,,23.5,,18.703,,12.8,,2.6,,1.25
2024-06-05 21:22:06,2024-06-05,21:22:06,17.5,,69.6,,23.4,,19.395,,331.9,,2.16,,1.41,
2024-06-05 21:22:38,2024-06-05,21:22:38,,16.3,,64.0,,23.5,,18.717,,25.4,,1.95,,1.11
2024-06-05 21:23:08,2024-06-05,21:23:08,17.5,,69.5,,23.4,,19.381,,334.7,,1.97,,1.09,
2024-06-05 21:23:41,2024-06-05,21:23:41,,16.2,,64.1,,23.4,,18.639,,34.3,,2.73,,1.13
2024-06-05 21:24:12,2024-06-05,21:24:12,17.5,,69.6,,23.4,,19.395,,328.2,,2.12,,1.18,
2024-06-05 21:24:44,2024-06-05,21:24:44,,16.2,,64.2,,23.4,,18.653,,45.1,,3.11,,1.34
2024-06-05 21:25:16,2024-06-05,21:25:16,17.4,,69.3,,23.4,,19.354,,344.2,,2.04,,1.2,
2024-06-05 21:25:48,2024-06-05,21:25:48,,16.2,,64.3,,23.4,,18.667,,30.9,,2.93,,1.44
2024-06-05 21:26:19,2024-06-05,21:26:19,17.5,,69.4,,23.4,,19.367,,336.3,,2.29,,1.48,
2024-06-05 21:26:52,2024-06-05,21:26:52,,16.2,,64.4,,23.3,,18.589,,42.6,,2.18,,1.46
2024-06-05 21:27:22,2024-06-05,21:27:22,17.5,,69.6,,23.4,,19.395,,351.3,,2.25,,0.95,
2024-06-05 21:27:55,2024-06-05,21:27:55,,16.2,,64.5,,23.3,,18.603,,24.0,,2.38,,1.45
2024-06-05 21:28:26,2024-06-05,21:28:26,17.4,,69.7,,23.3,,19.315,,332.2,,2.38,,1.99,
2024-06-05 21:28:58,2024-06-05,21:28:58,,16.2,,64.6,,23.3,,18.617,,23.3,,2.12,,1.12
2024-06-05 21:29:30,2024-06-05,21:29:30,17.6,,70.2,,23.3,,19.383,,329.0,,2.24,,1.72,
2024-06-05 21:30:02,2024-06-05,21:30:02,,16.2,,64.7,,23.3,,18.631,,4.4,,1.66,,1.34
2024-06-05 21:30:33,2024-06-05,21:30:33,17.6,,70.6,,23.3,,19.437,,330.5,,2.07,,1.47,
2024-06-05 21:31:06,2024-06-05,21:31:06,,16.2,,64.7,,23.2,,18.539,,8.0,,2.64,,1.11
2024-06-05 21:31:37,2024-06-05,21:31:37,17.5,,70.3,,23.2,,19.303,,335.1,,2.45,,2.07,
2024-06-05 21:32:09,2024-06-05,21:32:09,,16.2,,64.8,,23.2,,18.553,,14.3,,1.9,,1.39
2024-06-05 21:32:40,2024-06-05,21:32:40,17.5,,70.6,,23.2,,19.344,,327.4,,2.16,,1.75,
2024-06-05 21:33:12,2024-06-05,21:33:12,,16.2,,64.9,,23.2,,18.567,,19.4,,3.46,,2.28
2024-06-05 21:33:44,2024-06-05,21:33:44,17.6,,70.7,,23.2,,19.358,,327.8,,2.45,,1.21,
2024-06-05 21:34:16,2024-06-05,21:34:16,,16.2,,65.1,,23.1,,18.503,,12.1,,2.91,,1.65
2024-06-05 21:34:48,2024-06-05,21:34:48,17.6,,70.9,,23.2,,19.385,,331.3,,2.85,,1.35,
2024-06-05 21:35:20,2024-06-05,21:35:20,,16.2,,65.2,,23.1,,18.516,,43.4,,2.7,,1.25
2024-06-05 21:35:51,2024-06-05,21:35:51,17.5,,70.7,,23.1,,19.264,,326.4,,2.22,,1.67,
2024-06-05 21:36:23,2024-06-05,21:36:23,,16.2,,65.3,,23.1,,18.53,,29.4,,2.75,,1.32
2024-06-05 21:36:54,2024-06-05,21:36:54,17.7,,71.4,,23.2,,19.452,,317.0,,1.89,,1.3,
2024-06-05 21:37:26,2024-06-05,21:37:26,,16.2,,65.4,,23.1,,18.544,,29.4,,2.34,,1.04
2024-06-05 21:37:58,2024-06-05,21:37:58,17.7,,71.3,,23.2,,19.439,,326.7,,2.28,,1.17,
2024-06-05 21:38:30,2024-06-05,21:38:30,,16.1,,65.5,,23.0,,18.466,,5.9,,3.09,,0.64
2024-06-05 21:39:02,2024-06-05,21:39:02,17.6,,71.3,,23.1,,19.345,,330.2,,2.22,,1.71,
2024-06-05 21:39:34,2024-06-05,21:39:34,,16.1,,65.5,,23.0,,18.466,,31.7,,2.97,,0.88
2024-06-05 21:40:04,2024-06-05,21:40:04,17.7,,71.6,,23.1,,19.385,,330.6,,2.01,,1.6,
2024-06-05 21:40:37,2024-06-05,21:40:37,,16.2,,65.6,,23.0,,18.479,,17.2,,2.26,,1.18
2024-06-05 21:41:08,2024-06-05,21:41:08,17.6,,71.4,,23.1,,19.359,,325.5,,1.96,,1.48,
2024-06-05 21:41:40,2024-06-05,21:41:40,,16.2,,65.7,,23.0,,18.493,,42.1,,1.99,,1.7
2024-06-05 21:42:12,2024-06-05,21:42:12,17.7,,71.7,,23.1,,19.399,,330.1,,2.04,,1.58,
2024-06-05 21:42:44,2024-06-05,21:42:44,,16.2,,65.7,,23.0,,18.493,,1.4,,2.51,,1.97
2024-06-05 21:43:16,2024-06-05,21:43:16,17.7,,71.9,,23.1,,19.426,,316.5,,2.46,,1.63,
2024-06-05 21:43:48,2024-06-05,21:43:48,,16.1,,65.8,,22.9,,18.415,,9.2,,2.11,,1.5
2024-06-05 21:44:19,2024-06-05,21:44:19,17.8,,72.2,,23.1,,19.466,,330.2,,2.22,,1.13,
2024-06-05 21:44:51,2024-06-05,21:44:51,,16.2,,65.9,,22.9,,18.428,,17.8,,1.85,,0.88
2024-06-05 21:45:22,2024-06-05,21:45:22,17.8,,72.3,,23.1,,19.48,,317.9,,2.28,,1.35,
2024-06-05 21:45:54,2024-06-05,21:45:54,,16.2,,65.9,,22.9,,18.428,,31.1,,1.41,,1.1
2024-06-05 21:46:26,2024-06-05,21:46:26,17.9,,72.5,,23.1,,19.507,,325.7,,1.93,,1.61,
2024-06-05 21:46:58,2024-06-05,21:46:58,,16.2,,66.0,,22.9,,18.442,,48.4,,1.51,,1.22
2024-06-05 21:47:30,2024-06-05,21:47:30,17.8,,72.5,,23.0,,19.413,,326.2,,2.26,,1.01,
2024-06-05 21:48:02,2024-06-05,21:48:02,,16.2,,66.0,,22.9,,18.442,,34.0,,1.48,,1.11
2024-06-05 21:48:33,2024-06-05,21:48:33,17.8,,72.5,,23.0,,19.413,,329.0,,2.15,,1.39,
2024-06-05 21:49:05,2024-06-05,21:49:05,,16.2,,66.1,,22.9,,18.456,,29.0,,1.6,,0.56
2024-06-05 21:49:36,2024-06-05,21:49:36,17.9,,72.8,,23.0,,19.453,,339.1,,2.14,,0.9,
2024-06-05 21:50:08,2024-06-05,21:50:08,,16.2,,66.1,,22.9,,18.456,,43.8,,1.13,,0.86
2024-06-05 21:50:40,2024-06-05,21:50:40,18.0,,73.3,,23.0,,19.52,,325.9,,1.73,,0.93,
2024-06-05 21:51:12,2024-06-05,21:51:12,,16.1,,66.2,,22.9,,18.469,,62.6,,1.26,,0.86
2024-06-05 21:51:44,2024-06-05,21:51:44,18.0,,73.4,,23.0,,19.533,,327.0,,1.83,,1.42,
2024-06-05 21:52:16,2024-06-05,21:52:16,,16.1,,66.2,,22.8,,18.377,,65.5,,1.23,,0.81
2024-06-05 21:52:47,2024-06-05,21:52:47,18.0,,73.9,,22.9,,19.506,,325.5,,1.8,,1.25,
2024-06-05 21:53:19,2024-06-05,21:53:19,,16.1,,66.2,,22.8,,18.377,,58.1,,1.25,,0.95
2024-06-05 21:53:50,2024-06-05,21:53:50,18.0,,74.2,,22.9,,19.546,,320.5,,2.23,,1.26,
2024-06-05 21:54:22,2024-06-05,21:54:22,,16.2,,66.3,,22.8,,18.391,,72.8,,1.2,,0.73
2024-06-05 21:55:22,2024-06-05,21:55:22,18.2,,75.0,,22.9,,19.652,,320.3,,1.84,,1.28,
2024-06-05 21:55:26,2024-06-05,21:55:26,,16.2,,66.3,,22.8,,18.391,,78.5,,0.8,,0.58
2024-06-05 21:56:26,2024-06-05,21:56:26,18.1,,75.2,,22.8,,19.584,,325.3,,1.99,,1.16,
2024-06-05 21:56:30,2024-06-05,21:56:30,,16.2,,66.3,,22.8,,18.391,,77.0,,0.68,,0.36
2024-06-05 21:57:29,2024-06-05,21:57:29,18.1,,75.0,,22.8,,19.558,,322.8,,2.08,,1.68,
2024-06-05 21:57:33,2024-06-05,21:57:33,,16.1,,66.3,,22.7,,18.299,,47.8,,0.75,,0.61
2024-06-05 21:58:32,2024-06-05,21:58:32,18.1,,75.4,,22.7,,19.516,,321.2,,2.23,,1.86,
2024-06-05 21:58:36,2024-06-05,21:58:36,,16.1,,66.3,,22.7,,18.299,,11.7,,0.75,,0.31
2024-06-05 21:59:36,2024-06-05,21:59:36,18.1,,75.5,,22.7,,19.529,,320.7,,2.08,,1.53,
2024-06-05 21:59:40,2024-06-05,21:59:40,,16.1,,66.4,,22.7,,18.312,,355.4,,0.82,,0.61
2024-06-05 22:00:40,2024-06-05,22:00:40,18.1,,75.6,,22.7,,19.543,,325.9,,2.07,,1.65,
2024-06-05 22:00:44,2024-06-05,22:00:44,,16.1,,66.5,,22.7,,18.326,,350.6,,0.82,,0.39
2024-06-05 22:01:43,2024-06-05,22:01:43,18.2,,75.7,,22.7,,19.556,,329.8,,2.15,,1.47,
2024-06-05 22:01:47,2024-06-05,22:01:47,,16.1,,66.6,,22.7,,18.339,,358.3,,1.42,,1.34
2024-06-05 22:02:46,2024-06-05,22:02:46,18.1,,75.6,,22.7,,19.543,,324.5,,2.07,,1.74,
2024-06-05 22:02:50,2024-06-05,22:02:50,,16.2,,66.7,,22.7,,18.353,,359.8,,1.47,,1.23
2024-06-05 22:03:50,2024-06-05,22:03:50,18.2,,75.8,,22.7,,19.569,,331.0,,2.42,,1.26,
2024-06-05 22:03:54,2024-06-05,22:03:54,,16.1,,66.8,,22.6,,18.274,,357.2,,1.51,,1.24
2024-06-05 22:04:54,2024-06-05,22:04:54,18.2,,75.8,,22.7,,19.569,,327.9,,2.01,,1.27,
2024-06-05 22:04:58,2024-06-05,22:04:58,,16.1,,67.0,,22.6,,18.301,,3.4,,2.0,,1.88
2024-06-05 22:05:57,2024-06-05,22:05:57,18.2,,76.2,,22.6,,19.527,,321.0,,1.81,,1.43,
2024-06-05 22:06:01,2024-06-05,22:06:01,,16.2,,67.1,,22.6,,18.315,,15.2,,2.31,,1.5
2024-06-05 22:07:00,2024-06-05,22:07:00,18.3,,76.9,,22.6,,19.619,,321.7,,1.8,,1.24,
2024-06-05 22:07:04,2024-06-05,22:07:04,,16.2,,67.3,,22.6,,18.342,,11.0,,1.7,,1.2
2024-06-05 22:08:04,2024-06-05,22:08:04,18.5,,77.9,,22.6,,19.751,,330.8,,2.16,,1.32,
2024-06-05 22:08:08,2024-06-05,22:08:08,,16.1,,67.4,,22.5,,18.263,,27.0,,2.22,,1.22
2024-06-05 22:09:08,2024-06-05,22:09:08,18.5,,78.4,,22.5,,19.721,,342.2,,1.67,,0.7,
2024-06-05 22:09:12,2024-06-05,22:09:12,,16.2,,67.5,,22.5,,18.276,,40.5,,2.34,,1.41
2024-06-05 22:10:11,2024-06-05,22:10:11,18.6,,78.5,,22.5,,19.734,,341.1,,1.94,,1.05,
2024-06-05 22:10:16,2024-06-05,22:10:16,,16.2,,67.6,,22.5,,18.29,,34.0,,2.47,,1.22
2024-06-05 22:11:14,2024-06-05,22:11:14,18.4,,77.9,,22.5,,19.656,,340.1,,1.89,,1.53,
2024-06-05 22:11:18,2024-06-05,22:11:18,,16.2,,67.7,,22.5,,18.303,,40.8,,2.99,,2.14
2024-06-05 22:12:18,2024-06-05,22:12:18,18.3,,77.9,,22.4,,19.56,,344.0,,2.25,,1.03,
2024-06-05 22:12:22,2024-06-05,22:12:22,,16.2,,67.8,,22.5,,18.316,,26.9,,2.77,,1.76
2024-06-05 22:13:22,2024-06-05,22:13:22,18.2,,77.2,,22.4,,19.468,,335.1,,2.33,,1.4,
2024-06-05 22:13:26,2024-06-05,22:13:26,,16.1,,67.9,,22.4,,18.237,,38.8,,2.44,,1.08
2024-06-05 22:14:25,2024-06-05,22:14:25,18.2,,77.4,,22.4,,19.495,,330.8,,2.29,,1.88,
2024-06-05 22:14:30,2024-06-05,22:14:30,,16.1,,67.9,,22.4,,18.237,,32.9,,2.92,,1.41
2024-06-05 22:15:29,2024-06-05,22:15:29,18.2,,77.4,,22.4,,19.495,,332.0,,2.05,,1.28,
2024-06-05 22:15:33,2024-06-05,22:15:33,,16.2,,68.0,,22.4,,18.251,,10.1,,3.05,,1.45
2024-06-05 22:16:32,2024-06-05,22:16:32,18.3,,77.6,,22.4,,19.521,,338.9,,2.31,,1.35,
2024-06-05 22:16:36,2024-06-05,22:16:36,,16.1,,68.1,,22.3,,18.172,,33.6,,2.45,,1.38
2024-06-05 22:17:36,2024-06-05,22:17:36,18.1,,77.4,,22.3,,19.399,,330.9,,2.46,,1.57,
2024-06-05 22:17:40,2024-06-05,22:17:40,,16.1,,68.2,,22.3,,18.185,,30.0,,2.92,,0.97
2024-06-05 22:18:39,2024-06-05,22:18:39,18.1,,77.5,,22.3,,19.412,,332.2,,2.62,,1.59,
2024-06-05 22:18:44,2024-06-05,22:18:44,,16.1,,68.2,,22.3,,18.185,,6.2,,2.55,,1.48
2024-06-05 22:19:43,2024-06-05,22:19:43,18.2,,77.6,,22.3,,19.425,,338.0,,2.29,,1.66,
2024-06-05 22:19:47,2024-06-05,22:19:47,,16.1,,68.3,,22.3,,18.198,,10.0,,2.58,,2.01
2024-06-05 22:20:46,2024-06-05,22:20:46,18.2,,77.7,,22.3,,19.439,,330.5,,2.08,,1.28,
2024-06-05 22:20:50,2024-06-05,22:20:50,,16.1,,68.4,,22.2,,18.119,,14.9,,3.57,,2.1
2024-06-05 22:21:50,2024-06-05,22:21:50,18.0,,77.2,,22.3,,19.373,,337.3,,2.49,,1.43,
2024-06-05 22:21:54,2024-06-05,22:21:54,,16.1,,68.4,,22.2,,18.119,,9.0,,3.2,,2.59
2024-06-05 22:22:54,2024-06-05,22:22:54,18.0,,77.0,,22.2,,19.252,,332.8,,2.24,,1.7,
2024-06-05 22:22:58,2024-06-05,22:22:58,,16.1,,68.5,,22.2,,18.132,,29.4,,3.18,,1.69
2024-06-05 22:23:56,2024-06-05,22:23:56,18.1,,77.2,,22.3,,19.373,,337.7,,2.32,,1.04,
2024-06-05 22:24:01,2024-06-05,22:24:01,,16.1,,68.5,,22.2,,18.132,,13.4,,3.09,,2.31
2024-06-05 22:25:00,2024-06-05,22:25:00,18.1,,77.3,,22.3,,19.386,,332.6,,1.99,,1.37,
2024-06-05 22:25:04,2024-06-05,22:25:04,,16.0,,68.6,,22.1,,18.053,,10.1,,3.5,,2.65
2024-06-05 22:26:04,2024-06-05,22:26:04,18.0,,76.9,,22.3,,19.334,,327.2,,2.03,,1.32,
2024-06-05 22:26:08,2024-06-05,22:26:08,,16.0,,68.6,,22.1,,18.053,,34.1,,3.12,,1.63
2024-06-05 22:27:08,2024-06-05,22:27:08,18.0,,76.8,,22.3,,19.321,,321.6,,2.15,,1.42,
2024-06-05 22:27:12,2024-06-05,22:27:12,,16.0,,68.6,,22.1,,18.053,,4.0,,3.03,,2.27
2024-06-05 22:28:11,2024-06-05,22:28:11,18.0,,77.0,,22.3,,19.347,,349.5,,2.05,,1.17,
2024-06-05 22:28:15,2024-06-05,22:28:15,,16.0,,68.6,,22.1,,18.053,,19.1,,3.48,,1.67
2024-06-05 22:29:14,2024-06-05,22:29:14,17.9,,76.5,,22.2,,19.186,,336.5,,2.59,,1.47,
2024-06-05 22:29:18,2024-06-05,22:29:18,,16.0,,68.7,,22.1,,18.066,,8.4,,3.17,,2.2
2024-06-05 22:30:18,2024-06-05,22:30:18,18.0,,77.0,,22.2,,19.252,,329.7,,2.04,,1.63,
2024-06-05 22:30:22,2024-06-05,22:30:22,,16.0,,68.7,,22.1,,18.066,,30.4,,3.37,,2.08
2024-06-05 22:31:22,2024-06-05,22:31:22,17.9,,76.5,,22.2,,19.186,,325.1,,2.37,,1.57,
2024-06-05 22:31:26,2024-06-05,22:31:26,,16.0,,68.7,,22.1,,18.066,,8.5,,3.15,,2.43
2024-06-05 22:32:25,2024-06-05,22:32:25,18.0,,77.0,,22.2,,19.252,,340.2,,2.03,,1.25,
2024-06-05 22:32:29,2024-06-05,22:32:29,,16.0,,68.7,,22.1,,18.066,,22.5,,3.65,,1.92
2024-06-05 22:33:28,2024-06-05,22:33:28,17.9,,76.7,,22.2,,19.212,,340.6,,2.34,,0.98,
2024-06-05 22:33:32,2024-06-05,22:33:32,,16.0,,68.8,,22.0,,17.986,,17.9,,2.96,,2.41
2024-06-05 22:34:32,2024-06-05,22:34:32,17.9,,76.7,,22.2,,19.212,,334.4,,2.54,,1.1,
2024-06-05 22:34:36,2024-06-05,22:34:36,,16.0,,68.8,,22.0,,17.986,,15.5,,2.3,,1.3
2024-06-05 22:35:36,2024-06-05,22:35:36,18.0,,77.1,,22.2,,19.265,,314.6,,2.27,,1.37,
2024-06-05 22:35:40,2024-06-05,22:35:40,,16.0,,68.8,,22.0,,17.986,,8.0,,2.98,,2.14
2024-06-05 22:36:39,2024-06-05,22:36:39,18.0,,77.0,,22.2,,19.252,,326.5,,1.89,,1.2,
2024-06-05 22:36:43,2024-06-05,22:36:43,,16.0,,68.9,,22.0,,18.0,,12.8,,2.91,,1.39
2024-06-05 22:37:42,2024-06-05,22:37:42,18.0,,77.5,,22.2,,19.317,,328.9,,2.4,,1.45,
2024-06-05 22:37:46,2024-06-05,22:37:46,,16.0,,68.9,,22.0,,18.0,,10.8,,2.4,,1.73
2024-06-05 22:38:46,2024-06-05,22:38:46,18.0,,77.1,,22.2,,19.265,,330.8,,1.93,,1.35,
2024-06-05 22:38:50,2024-06-05,22:38:50,,16.0,,68.9,,22.0,,18.0,,16.6,,2.04,,1.63
2024-06-05 22:39:50,2024-06-05,22:39:50,18.0,,77.6,,22.1,,19.235,,328.8,,2.28,,1.43,
2024-06-05 22:39:54,2024-06-05,22:39:54,,,,,,16.0,,,,22.0,,6.9,,2.16
2024-06-05 22:40:53,2024-06-05,22:40:53,18.1,,78.1,,22.1,,19.3,,336.7,,2.02,,1.2,
2024-06-05 22:40:57,2024-06-05,22:40:57,,16.0,,69.0,,22.0,,18.013,,7.9,,2.36,,1.61
2024-06-05 22:41:56,2024-06-05,22:41:56,18.0,,78.0,,22.1,,19.287,,325.8,,2.1,,1.53,
2024-06-05 22:42:00,2024-06-05,22:42:00,,16.0,,69.0,,22.0,,18.013,,12.3,,3.26,,2.8
2024-06-05 22:43:00,2024-06-05,22:43:00,18.0,,77.7,,22.1,,19.248,,337.8,,2.25,,1.29,
2024-06-05 22:43:04,2024-06-05,22:43:04,,16.0,,69.1,,21.9,,17.933,,23.5,,2.1,,1.05
2024-06-05 22:44:04,2024-06-05,22:44:04,18.1,,78.2,,22.1,,19.313,,333.4,,1.89,,1.39,
2024-06-05 22:44:08,2024-06-05,22:44:08,,16.0,,69.1,,21.9,,17.933,,19.9,,1.5,,1.0
2024-06-05 22:45:07,2024-06-05,22:45:07,18.1,,78.1,,22.1,,19.3,,343.7,,2.39,,0.86,
2024-06-05 22:45:11,2024-06-05,22:45:11,,16.0,,69.1,,21.9,,17.933,,7.5,,2.14,,1.26
2024-06-05 22:46:10,2024-06-05,22:46:10,18.0,,78.5,,22.0,,19.256,,334.4,,2.27,,1.08,
2024-06-05 22:46:14,2024-06-05,22:46:14,,16.0,,69.1,,21.9,,17.933,,39.7,,1.42,,1.01
2024-06-05 22:47:14,2024-06-05,22:47:14,18.2,,79.1,,22.0,,19.334,,331.3,,2.41,,1.69,
2024-06-05 22:47:18,2024-06-05,22:47:18,,16.0,,69.1,,21.9,,17.933,,20.3,,1.72,,1.23
2024-06-05 22:48:18,2024-06-05,22:48:18,18.1,,79.0,,22.0,,19.321,,345.8,,2.67,,1.03,
2024-06-05 22:48:22,2024-06-05,22:48:22,,16.0,,69.2,,21.9,,17.946,,31.0,,2.21,,1.26
2024-06-05 22:49:21,2024-06-05,22:49:21,18.0,,78.9,,21.9,,19.213,,333.0,,2.71,,1.84,
2024-06-05 22:49:25,2024-06-05,22:49:25,,16.0,,69.2,,21.9,,17.946,,32.2,,2.39,,1.56
2024-06-05 22:50:24,2024-06-05,22:50:24,18.1,,79.2,,21.9,,19.251,,331.9,,2.44,,1.85,
2024-06-05 22:50:28,2024-06-05,22:50:28,,16.0,,69.2,,21.9,,17.946,,29.8,,2.88,,2.23
2024-06-05 22:51:28,2024-06-05,22:51:28,18.1,,79.0,,21.9,,19.225,,348.3,,2.19,,1.51,
2024-06-05 22:51:32,2024-06-05,22:51:32,,15.9,,69.3,,21.8,,17.867,,37.6,,3.01,,1.68
2024-06-05 22:52:32,2024-06-05,22:52:32,18.0,,78.9,,21.9,,19.213,,348.6,,2.12,,1.0,
2024-06-05 22:52:36,2024-06-05,22:52:36,,15.9,,69.3,,21.8,,17.867,,15.4,,3.03,,1.29
2024-06-05 22:53:35,2024-06-05,22:53:35,18.0,,78.7,,21.9,,19.187,,357.6,,1.85,,1.3,
2024-06-05 22:53:39,2024-06-05,22:53:39,,15.9,,69.4,,21.8,,17.88,,17.6,,3.13,,2.4
2024-06-05 22:54:38,2024-06-05,22:54:38,18.0,,78.5,,22.0,,19.256,,332.8,,2.04,,1.22,
2024-06-05 22:54:42,2024-06-05,22:54:42,,16.0,,69.4,,21.8,,17.88,,22.2,,4.06,,2.29
2024-06-05 22:55:42,2024-06-05,22:55:42,18.0,,78.5,,21.9,,19.161,,321.6,,2.56,,1.27,
2024-06-05 22:55:46,2024-06-05,22:55:46,,16.0,,69.4,,21.8,,17.88,,26.3,,3.76,,2.38
2024-06-05 22:56:46,2024-06-05,22:56:46,18.0,,78.3,,21.9,,19.135,,347.3,,2.34,,1.04,
2024-06-05 22:56:50,2024-06-05,22:56:50,,16.0,,69.4,,21.8,,17.88,,26.0,,4.02,,2.39
2024-06-05 22:57:49,2024-06-05,22:57:49,17.9,,78.1,,22.0,,19.204,,345.0,,2.2,,0.91,
2024-06-05 22:57:53,2024-06-05,22:57:53,,16.0,,69.4,,21.8,,17.88,,11.4,,3.66,,3.12
2024-06-05 22:58:52,2024-06-05,22:58:52,18.0,,77.9,,22.0,,19.178,,327.6,,2.07,,0.71,
2024-06-05 22:58:56,2024-06-05,22:58:56,,16.0,,69.4,,21.8,,17.88,,17.1,,4.25,,2.38
2024-06-05 22:59:56,2024-06-05,22:59:56,18.0,,77.7,,22.0,,19.152,,318.4,,2.11,,1.4,
2024-06-05 23:00:00,2024-06-05,23:00:00,,16.0,,69.4,,21.8,,17.88,,11.4,,3.43,,2.84
2024-06-05 23:01:00,2024-06-05,23:01:00,18.0,,78.2,,22.0,,19.217,,317.8,,2.07,,1.48,
2024-06-05 23:01:04,2024-06-05,23:01:04,,15.9,,69.4,,21.8,,17.88,,9.4,,3.77,,2.9
2024-06-05 23:02:03,2024-06-05,23:02:03,17.9,,77.5,,22.0,,19.126,,325.9,,2.81,,1.85,
2024-06-05 23:02:07,2024-06-05,23:02:07,,15.9,,69.3,,21.8,,17.867,,17.5,,4.33,,2.25
2024-06-05 23:03:06,2024-06-05,23:03:06,17.8,,77.1,,22.0,,19.074,,330.5,,2.23,,1.33,
2024-06-05 23:03:10,2024-06-05,23:03:10,,15.9,,69.2,,21.8,,17.853,,19.0,,4.02,,1.09
2024-06-05 23:04:10,2024-06-05,23:04:10,17.8,,77.1,,22.0,,19.074,,318.8,,2.03,,1.19,
2024-06-05 23:04:14,2024-06-05,23:04:14,,15.9,,69.2,,21.8,,17.853,,14.8,,3.29,,2.1
2024-06-05 23:05:14,2024-06-05,23:05:14,17.8,,77.2,,22.0,,19.087,,319.5,,2.37,,1.88,
2024-06-05 23:05:18,2024-06-05,23:05:18,,15.9,,69.2,,21.8,,17.853,,15.2,,2.99,,2.08
2024-06-05 23:06:17,2024-06-05,23:06:17,17.9,,77.2,,22.1,,19.183,,341.6,,2.03,,1.12,
2024-06-05 23:06:21,2024-06-05,23:06:21,,15.9,,69.1,,21.8,,17.84,,1.4,,3.52,,2.52
2024-06-05 23:07:20,2024-06-05,23:07:20,17.8,,77.2,,22.0,,19.087,,330.2,,1.95,,1.01,
2024-06-05 23:07:24,2024-06-05,23:07:24,,15.8,,69.1,,21.7,,17.747,,16.8,,3.58,,1.47
2024-06-05 23:08:24,2024-06-05,23:08:24,18.0,,77.5,,22.1,,19.222,,320.9,,1.86,,1.15,
2024-06-05 23:08:28,2024-06-05,23:08:28,,15.9,,69.1,,21.8,,17.84,,29.2,,2.94,,2.2
2024-06-05 23:09:28,2024-06-05,23:09:28,17.7,,76.5,,22.0,,18.996,,333.2,,2.05,,1.68,
2024-06-05 23:09:32,2024-06-05,23:09:32,,15.9,,69.1,,21.8,,17.84,,24.9,,2.78,,1.49
2024-06-05 23:10:31,2024-06-05,23:10:31,17.7,,76.7,,22.0,,19.022,,343.0,,1.77,,1.02,
2024-06-05 23:10:35,2024-06-05,23:10:35,,15.9,,69.1,,21.8,,17.84,,12.9,,2.92,,1.08
2024-06-05 23:11:34,2024-06-05,23:11:34,17.6,,76.4,,22.0,,18.983,,331.4,,2.15,,1.44,
2024-06-05 23:11:38,2024-06-05,23:11:38,,15.8,,69.0,,21.7,,17.734,,14.8,,3.11,,2.08
2024-06-05 23:12:38,2024-06-05,23:12:38,17.6,,76.5,,22.0,,18.996,,338.5,,2.0,,1.09,
2024-06-05 23:12:42,2024-06-05,23:12:42,,15.9,,69.0,,21.8,,17.827,,39.8,,3.36,,2.3
2024-06-05 23:13:42,2024-06-05,23:13:42,17.6,,76.0,,22.0,,18.931,,331.7,,2.45,,1.09,
2024-06-05 23:13:46,2024-06-05,23:13:46,,15.8,,69.0,,21.7,,17.734,,28.2,,3.05,,1.99
2024-06-05 23:14:45,2024-06-05,23:14:45,17.6,,76.3,,22.0,,18.97,,345.7,,1.9,,1.32,
2024-06-05 23:14:49,2024-06-05,23:14:49,,15.7,,68.9,,21.7,,17.721,,32.8,,2.28,,1.44
2024-06-05 23:15:48,2024-06-05,23:15:48,17.6,,76.2,,22.0,,18.957,,332.8,,1.94,,1.02,
2024-06-05 23:15:52,2024-06-05,23:15:52,,15.7,,68.9,,21.7,,17.721,,14.6,,1.99,,1.47
2024-06-05 23:16:52,2024-06-05,23:16:52,17.6,,76.4,,22.0,,18.983,,0.7,,1.37,,0.62,
2024-06-05 23:16:56,2024-06-05,23:16:56,,15.7,,68.9,,21.7,,17.721,,24.4,,2.24,,1.8
2024-06-05 23:17:56,2024-06-05,23:17:56,17.5,,75.7,,22.0,,18.892,,349.5,,0.88,,0.55,
2024-06-05 23:18:00,2024-06-05,23:18:00,,15.7,,68.9,,21.7,,17.721,,32.0,,2.87,,2.34
2024-06-05 23:18:59,2024-06-05,23:18:59,17.3,,75.3,,21.9,,18.745,,19.9,,0.8,,0.45,
2024-06-05 23:19:03,2024-06-05,23:19:03,,15.7,,68.8,,21.7,,17.708,,31.7,,2.57,,1.61
2024-06-05 23:20:02,2024-06-05,23:20:02,17.2,,75.0,,21.9,,18.706,,357.4,,0.9,,0.73,
2024-06-05 23:20:06,2024-06-05,23:20:06,,15.7,,68.8,,21.7,,17.708,,24.7,,2.06,,1.65
2024-06-05 23:21:06,2024-06-05,23:21:06,17.1,,74.6,,21.9,,18.654,,0.7,,1.23,,0.58,
2024-06-05 23:21:10,2024-06-05,23:21:10,,15.7,,68.7,,21.7,,17.695,,18.0,,2.7,,1.61
2024-06-05 23:22:10,2024-06-05,23:22:10,17.2,,74.8,,21.9,,18.68,,359.8,,0.83,,0.49,
2024-06-05 23:22:14,2024-06-05,23:22:14,,15.8,,68.7,,21.8,,17.788,,15.4,,2.93,,2.32
2024-06-05 23:23:13,2024-06-05,23:23:13,17.3,,74.9,,22.0,,18.788,,4.1,,0.96,,0.57,
2024-06-05 23:23:17,2024-06-05,23:23:17,,15.8,,68.6,,21.8,,17.775,,11.1,,3.05,,1.66
2024-06-05 23:24:16,2024-06-05,23:24:16,17.2,,74.4,,22.0,,18.722,,43.0,,0.82,,0.45,
2024-06-05 23:24:20,2024-06-05,23:24:20,,15.7,,68.6,,21.7,,17.682,,35.6,,3.2,,2.19
2024-06-05 23:25:20,2024-06-05,23:25:20,17.2,,74.4,,22.0,,18.722,,9.9,,0.74,,0.54,
2024-06-05 23:25:24,2024-06-05,23:25:24,,15.8,,68.6,,21.8,,17.775,,27.8,,2.61,,1.32
2024-06-05 23:26:24,2024-06-05,23:26:24,17.2,,74.3,,22.0,,18.709,,12.9,,0.71,,0.52,
2024-06-05 23:26:28,2024-06-05,23:26:28,,15.7,,68.5,,21.8,,17.761,,25.7,,2.7,,1.41
2024-06-05 23:27:27,2024-06-05,23:27:27,17.1,,73.9,,22.0,,18.657,,24.3,,1.18,,0.61,
2024-06-05 23:27:31,2024-06-05,23:27:31,,15.7,,68.5,,21.8,,17.761,,11.2,,3.1,,1.57
2024-06-05 23:28:30,2024-06-05,23:28:30,17.1,,73.9,,22.0,,18.657,,16.5,,0.73,,0.46,
2024-06-05 23:28:34,2024-06-05,23:28:34,,15.7,,68.4,,21.8,,17.748,,23.9,,2.25,,1.28
2024-06-05 23:29:34,2024-06-05,23:29:34,17.0,,73.7,,22.0,,18.631,,20.7,,0.95,,0.53,
2024-06-05 23:29:38,2024-06-05,23:29:38,,15.7,,68.4,,21.8,,17.748,,32.7,,2.34,,1.58
2024-06-05 23:30:38,2024-06-05,23:30:38,17.0,,73.5,,22.0,,18.605,,24.7,,0.98,,0.54,
2024-06-05 23:30:42,2024-06-05,23:30:42,,15.7,,68.4,,21.8,,17.748,,20.2,,2.73,,1.06
2024-06-05 23:31:41,2024-06-05,23:31:41,17.0,,73.6,,22.0,,18.618,,350.3,,0.94,,0.44,
2024-06-05 23:31:45,2024-06-05,23:31:45,,15.7,,68.4,,21.8,,17.748,,33.7,,3.33,,2.01
2024-06-05 23:32:44,2024-06-05,23:32:44,17.0,,73.4,,22.0,,18.591,,44.9,,0.69,,0.51,
2024-06-05 23:32:48,2024-06-05,23:32:48,,15.7,,68.4,,21.8,,17.748,,40.3,,2.78,,0.98
2024-06-05 23:33:48,2024-06-05,23:33:48,17.0,,73.3,,22.0,,18.578,,16.6,,0.61,,0.42,
2024-06-05 23:33:52,2024-06-05,23:33:52,,15.7,,68.3,,21.8,,17.735,,50.7,,3.15,,1.63
2024-06-05 23:34:52,2024-06-05,23:34:52,17.0,,73.2,,22.0,,18.565,,43.2,,0.79,,0.62,
2024-06-05 23:34:56,2024-06-05,23:34:56,,15.7,,68.3,,21.8,,17.735,,35.5,,2.72,,1.52
2024-06-05 23:35:56,2024-06-05,23:35:56,16.9,,73.0,,22.0,,18.539,,42.0,,0.76,,0.66,
2024-06-05 23:35:59,2024-06-05,23:35:59,,15.7,,68.3,,21.8,,17.735,,38.0,,2.57,,1.7
2024-06-05 23:36:58,2024-06-05,23:36:58,16.9,,73.0,,22.0,,18.539,,88.0,,0.73,,0.13,
2024-06-05 23:37:02,2024-06-05,23:37:02,,15.7,,68.3,,21.8,,17.735,,49.5,,2.01,,1.22
2024-06-05 23:38:02,2024-06-05,23:38:02,16.9,,72.9,,22.0,,18.526,,108.6,,0.73,,0.04,
2024-06-05 23:38:06,2024-06-05,23:38:06,,15.7,,68.3,,21.8,,17.735,,52.0,,1.87,,0.9
2024-06-05 23:39:06,2024-06-05,23:39:06,16.9,,72.9,,22.0,,18.526,,39.8,,0.86,,0.44,
2024-06-05 23:39:10,2024-06-05,23:39:10,,15.7,,68.3,,21.8,,17.735,,9.9,,2.15,,1.27
2024-06-05 23:40:09,2024-06-05,23:40:09,17.0,,73.1,,22.0,,18.552,,0.3,,0.82,,0.48,
2024-06-05 23:40:13,2024-06-05,23:40:13,,15.7,,68.2,,21.8,,17.722,,40.8,,2.08,,1.5
2024-06-05 23:41:12,2024-06-05,23:41:12,17.0,,73.3,,22.0,,18.578,,6.7,,0.84,,0.65,
2024-06-05 23:41:16,2024-06-05,23:41:16,,15.7,,68.2,,21.8,,17.722,,32.2,,2.29,,1.01
2024-06-05 23:42:16,2024-06-05,23:42:16,17.0,,73.2,,22.0,,18.565,,21.7,,0.77,,0.2,
2024-06-05 23:42:20,2024-06-05,23:42:20,,15.7,,68.2,,21.8,,17.722,,25.5,,2.11,,1.49
2024-06-05 23:43:20,2024-06-05,23:43:20,17.0,,73.4,,22.0,,18.591,,3.2,,0.62,,0.25,
2024-06-05 23:43:24,2024-06-05,23:43:24,,15.6,,68.1,,21.8,,17.709,,21.5,,2.71,,1.58
2024-06-05 23:44:23,2024-06-05,23:44:23,16.9,,72.8,,22.0,,18.513,,9.3,,1.21,,0.91,
2024-06-05 23:44:27,2024-06-05,23:44:27,,15.6,,68.1,,21.8,,17.709,,29.4,,1.94,,1.56
2024-06-05 23:45:27,2024-06-05,23:45:27,16.9,,72.9,,22.0,,18.526,,357.6,,0.68,,0.23,
2024-06-05 23:45:30,2024-06-05,23:45:30,,15.6,,68.0,,21.8,,17.695,,3.7,,2.04,,1.51
2024-06-05 23:46:30,2024-06-05,23:46:30,17.0,,73.2,,22.0,,18.565,,17.8,,0.57,,0.41,
2024-06-05 23:46:34,2024-06-05,23:46:34,,15.6,,68.0,,21.8,,17.695,,42.6,,2.05,,1.69
2024-06-05 23:47:34,2024-06-05,23:47:34,,,,,16.9,,,,6.7,,0.69,,0.25,
2024-06-05 23:47:38,2024-06-05,23:47:38,,15.6,,67.9,,21.8,,17.682,,33.4,,1.64,,1.33
2024-06-05 23:48:37,2024-06-05,23:48:37,16.9,,72.7,,22.1,,18.594,,7.6,,0.54,,0.17,
2024-06-05 23:48:41,2024-06-05,23:48:41,,15.6,,67.9,,21.8,,17.682,,43.3,,2.2,,1.37
2024-06-05 23:49:40,2024-06-05,23:49:40,17.0,,73.2,,22.1,,18.659,,350.5,,0.52,,0.33,
2024-06-05 23:49:44,2024-06-05,23:49:44,,15.6,,67.9,,21.8,,17.682,,13.2,,1.67,,1.3
2024-06-05 23:50:44,2024-06-05,23:50:44,17.1,,73.5,,22.1,,18.699,,30.7,,0.3,,0.21,
2024-06-05 23:50:48,2024-06-05,23:50:48,,15.6,,67.8,,21.8,,17.669,,45.9,,2.24,,1.51
2024-06-05 23:51:48,2024-06-05,23:51:48,,,,,17.0,,,,25.3,,0.57,,0.46,
2024-06-05 23:51:52,2024-06-05,23:51:52,,15.6,,67.8,,21.8,,17.669,,40.0,,2.44,,1.27
2024-06-05 23:52:51,2024-06-05,23:52:51,17.0,,72.8,,22.1,,18.607,,27.1,,0.64,,0.38,
2024-06-05 23:52:55,2024-06-05,23:52:55,,15.6,,67.8,,21.8,,17.669,,39.9,,1.73,,0.86
2024-06-05 23:53:54,2024-06-05,23:53:54,,,,,,,,,,,0.49,,0.2,
2024-06-05 23:53:58,2024-06-05,23:53:58,,,,,,,,,,45.0,,1.14,,
