datetime,date,hour,dew_point_in,dew_point_out,humidity_in,humidity_out,temperature_in,temperature_out,wet_bulb_in,wet_bulb_out,wind_dir_in,wind_dir_out,wind_gust_in,wind_gust_out,wind_speed_in,wind_speed_out
2024-05-30 00:00:45,2024-05-30,00:00:45,,17.2,,100.0,,17.2,,17.192,,107.8,,1.33,,1.0
2024-05-30 00:00:46,2024-05-30,00:00:46,18.0,,100.0,,18.0,,17.997,,333.8,,1.9,,1.15,
2024-05-30 00:01:48,2024-05-30,00:01:48,,17.2,,100.0,,17.2,,17.192,,114.6,,1.48,,1.01
2024-05-30 00:01:50,2024-05-30,00:01:50,17.9,,100.0,,17.9,,17.897,,325.7,,1.59,,0.75,
2024-05-30 00:02:52,2024-05-30,00:02:52,,17.2,,100.0,,17.2,,17.192,,112.9,,1.26,,0.81
2024-05-30 00:02:54,2024-05-30,00:02:54,17.9,,100.0,,17.9,,17.897,,320.1,,1.7,,1.53,
2024-05-30 00:03:56,2024-05-30,00:03:56,,17.2,,100.0,,17.2,,17.192,,111.4,,1.21,,0.89
2024-05-30 00:03:57,2024-05-30,00:03:57,17.9,,100.0,,17.9,,17.897,,11.8,,1.73,,0.32,
2024-05-30 00:04:59,2024-05-30,00:04:59,,17.2,,100.0,,17.2,,17.192,,117.3,,1.11,,1.04
2024-05-30 00:05:00,2024-05-30,00:05:00,17.9,,100.0,,17.9,,17.897,,39.5,,0.41,,0.08,
2024-05-30 00:06:02,2024-05-30,00:06:02,,17.2,,100.0,,17.2,,17.192,,105.9,,1.24,,0.62
2024-05-30 00:06:04,2024-05-30,00:06:04,17.9,,100.0,,17.9,,17.897,,98.3,,0.31,,0.2,
2024-05-30 00:07:06,2024-05-30,00:07:06,,17.2,,100.0,,17.2,,17.192,,108.3,,1.39,,1.19
2024-05-30 00:07:08,2024-05-30,00:07:08,18.0,,100.0,,18.0,,17.997,,124.1,,0.27,,0.17,
2024-05-30 00:08:10,2024-05-30,00:08:10,,17.2,,100.0,,17.2,,17.192,,103.5,,1.66,,1.03
2024-05-30 00:08:11,2024-05-30,00:08:11,18.0,,100.0,,18.0,,17.997,,92.5,,0.23,,0.12,
2024-05-30 00:09:13,2024-05-30,00:09:13,,17.3,,100.0,,17.3,,17.292,,113.8,,1.62,,0.87
2024-05-30 00:09:14,2024-05-30,00:09:14,18.0,,100.0,,18.0,,17.997,,92.5,,0.21,,0.17,
2024-05-30 00:10:16,2024-05-30,00:10:16,,17.3,,100.0,,17.3,,17.292,,139.4,,1.41,,0.64
2024-05-30 00:10:18,2024-05-30,00:10:18,18.1,,100.0,,18.1,,18.098,,92.5,,0.19,,0.13,
2024-05-30 00:11:20,2024-05-30,00:11:20,,17.3,,100.0,,17.3,,17.292,,103.1,,1.09,,0.92
2024-05-30 00:11:22,2024-05-30,00:11:22,18.1,,100.0,,18.1,,18.098,,159.0,,0.26,,0.16,
2024-05-30 00:12:24,2024-05-30,00:12:24,,17.3,,100.0,,17.3,,17.292,,95.4,,0.95,,0.78
2024-05-30 00:12:25,2024-05-30,00:12:25,18.1,,100.0,,18.1,,18.098,,149.0,,0.27,,0.17,
2024-05-30 00:13:27,2024-05-30,00:13:27,,17.3,,100.0,,17.3,,17.292,,116.9,,1.13,,0.89
2024-05-30 00:13:28,2024-05-30,00:13:28,18.2,,100.0,,18.2,,18.199,,168.3,,0.32,,0.12,
2024-05-30 00:14:30,2024-05-30,00:14:30,,17.3,,100.0,,17.3,,17.292,,114.6,,1.54,,0.62
2024-05-30 00:14:32,2024-05-30,00:14:32,18.2,,100.0,,18.2,,18.199,,168.3,,0.26,,0.14,
2024-05-30 00:15:34,2024-05-30,00:15:34,,17.3,,100.0,,17.3,,17.292,,99.5,,1.27,,1.0
2024-05-30 00:15:36,2024-05-30,00:15:36,18.2,,100.0,,18.2,,18.199,,168.3,,0.23,,0.11,
2024-05-30 00:16:38,2024-05-30,00:16:38,,17.3,,100.0,,17.3,,17.292,,99.2,,1.41,,0.58
2024-05-30 00:16:39,2024-05-30,00:16:39,18.2,,100.0,,18.2,,18.199,,329.5,,1.96,,0.86,
2024-05-30 00:17:41,2024-05-30,00:17:41,,17.3,,100.0,,17.3,,17.292,,100.9,,1.45,,0.68
2024-05-30 00:17:42,2024-05-30,00:17:42,18.2,,100.0,,18.2,,18.199,,319.9,,1.81,,0.83,
2024-05-30 00:18:44,2024-05-30,00:18:44,,17.3,,100.0,,17.3,,17.292,,108.4,,1.55,,0.75
2024-05-30 00:18:46,2024-05-30,00:18:46,18.1,,100.0,,18.1,,18.098,,326.9,,1.44,,1.03,
2024-05-30 00:19:48,2024-05-30,00:19:48,,17.3,,100.0,,17.3,,17.292,,109.8,,1.08,,0.9
2024-05-30 00:19:50,2024-05-30,00:19:50,18.0,,100.0,,18.0,,17.997,,326.2,,1.5,,0.91,
2024-05-30 00:20:52,2024-05-30,00:20:52,,17.2,,100.0,,17.2,,17.192,,90.0,,1.08,,0.67
2024-05-30 00:20:53,2024-05-30,00:20:53,18.0,,100.0,,18.0,,17.997,,12.1,,2.02,,0.22,
2024-05-30 00:21:55,2024-05-30,00:21:55,,17.2,,100.0,,17.2,,17.192,,85.0,,0.79,,0.59
2024-05-30 00:21:56,2024-05-30,00:21:56,18.0,,100.0,,18.0,,17.997,,124.2,,0.29,,0.2,
2024-05-30 00:22:58,2024-05-30,00:22:58,,17.2,,100.0,,17.2,,17.192,,72.0,,0.78,,0.43
2024-05-30 00:23:00,2024-05-30,00:23:00,18.1,,100.0,,18.1,,18.098,,84.6,,0.31,,0.09,
2024-05-30 00:24:02,2024-05-30,00:24:02,,17.2,,100.0,,17.2,,17.192,,72.8,,0.8,,0.58
2024-05-30 00:24:04,2024-05-30,00:24:04,,,,,18.1,,,,96.7,,0.32,,0.23,
2024-05-30 00:25:06,2024-05-30,00:25:06,,17.2,,100.0,,17.2,,17.192,,80.9,,0.77,,0.61
2024-05-30 00:25:07,2024-05-30,00:25:07,18.1,,100.0,,18.1,,18.098,,70.9,,0.38,,0.18,
2024-05-30 00:26:09,2024-05-30,00:26:09,,17.2,,100.0,,17.2,,17.192,,73.7,,0.66,,0.36
2024-05-30 00:26:10,2024-05-30,00:26:10,,,,,18.1,,,,18.1,,10.0,,1.5,
2024-05-30 00:27:12,2024-05-30,00:27:12,,17.2,,100.0,,17.2,,17.192,,86.5,,0.57,,0.18
2024-05-30 00:27:14,2024-05-30,00:27:14,18.1,,100.0,,18.1,,18.098,,9.0,,1.9,,0.37,
2024-05-30 00:28:16,2024-05-30,00:28:16,,17.2,,100.0,,17.2,,17.192,,89.5,,0.79,,0.6
2024-05-30 00:28:18,2024-05-30,00:28:18,18.0,,100.0,,18.0,,17.997,,325.7,,1.79,,1.31,
2024-05-30 00:29:20,2024-05-30,00:29:20,,17.2,,100.0,,17.2,,17.192,,70.2,,0.88,,0.21
2024-05-30 00:29:21,2024-05-30,00:29:21,18.0,,100.0,,18.0,,17.997,,329.3,,2.65,,1.17,
2024-05-30 00:30:23,2024-05-30,00:30:23,,17.2,,100.0,,17.2,,17.192,,97.2,,0.69,,0.62
2024-05-30 00:30:24,2024-05-30,00:30:24,17.9,,100.0,,17.9,,17.897,,331.9,,2.0,,1.05,
2024-05-30 00:31:26,2024-05-30,00:31:26,,17.1,,100.0,,17.1,,17.091,,86.9,,0.72,,0.47
2024-05-30 00:31:28,2024-05-30,00:31:28,17.9,,100.0,,17.9,,17.897,,114.3,,0.92,,0.19,
2024-05-30 00:32:30,2024-05-30,00:32:30,,17.1,,100.0,,17.1,,17.091,,114.6,,1.22,,1.05
2024-05-30 00:32:32,2024-05-30,00:32:32,17.9,,100.0,,17.9,,17.897,,93.7,,0.34,,0.23,
2024-05-30 00:33:34,2024-05-30,00:33:34,,17.1,,100.0,,17.1,,17.091,,96.9,,1.12,,0.48
2024-05-30 00:33:35,2024-05-30,00:33:35,17.9,,100.0,,17.9,,17.897,,93.9,,0.42,,0.35,
2024-05-30 00:34:37,2024-05-30,00:34:37,,17.1,,100.0,,17.1,,17.091,,103.1,,0.85,,0.74
2024-05-30 00:34:38,2024-05-30,00:34:38,17.9,,100.0,,17.9,,17.897,,82.2,,0.45,,0.34,
2024-05-30 00:35:40,2024-05-30,00:35:40,,17.1,,100.0,,17.1,,17.091,,90.9,,1.29,,0.6
2024-05-30 00:35:42,2024-05-30,00:35:42,17.9,,100.0,,17.9,,17.897,,93.5,,0.39,,0.14,
2024-05-30 00:36:44,2024-05-30,00:36:44,,17.1,,100.0,,17.1,,17.091,,83.4,,0.82,,0.37
2024-05-30 00:36:46,2024-05-30,00:36:46,17.9,,100.0,,17.9,,17.897,,91.5,,0.33,,0.15,
2024-05-30 00:37:48,2024-05-30,00:37:48,,,,,,17.1,,,,17.1,,10.0,,0.7
2024-05-30 00:37:49,2024-05-30,00:37:49,18.0,,100.0,,18.0,,17.997,,321.2,,2.09,,0.71,
2024-05-30 00:38:51,2024-05-30,00:38:51,,17.1,,100.0,,17.1,,17.091,,124.8,,0.95,,0.74
2024-05-30 00:38:52,2024-05-30,00:38:52,18.0,,100.0,,18.0,,17.997,,325.9,,1.39,,1.22,
2024-05-30 00:39:54,2024-05-30,00:39:54,,17.1,,100.0,,17.1,,17.091,,103.4,,1.67,,1.07
2024-05-30 00:39:56,2024-05-30,00:39:56,18.0,,100.0,,18.0,,17.997,,326.3,,1.62,,1.01,
2024-05-30 00:40:58,2024-05-30,00:40:58,,17.1,,100.0,,17.1,,17.091,,100.1,,1.63,,1.22
2024-05-30 00:41:00,2024-05-30,00:41:00,17.9,,100.0,,17.9,,17.897,,323.5,,1.5,,0.62,
2024-05-30 00:42:02,2024-05-30,00:42:02,,17.2,,100.0,,17.2,,17.192,,103.7,,1.42,,0.89
2024-05-30 00:42:03,2024-05-30,00:42:03,17.9,,100.0,,17.9,,17.897,,330.8,,1.0,,0.14,
2024-05-30 00:43:05,2024-05-30,00:43:05,,17.2,,100.0,,17.2,,17.192,,95.9,,0.76,,0.47
2024-05-30 00:43:06,2024-05-30,00:43:06,17.9,,100.0,,17.9,,17.897,,79.9,,0.35,,0.27,
2024-05-30 00:44:08,2024-05-30,00:44:08,,17.1,,100.0,,17.1,,17.091,,89.2,,0.98,,0.75
2024-05-30 00:44:10,2024-05-30,00:44:10,17.9,,100.0,,17.9,,17.897,,78.0,,0.27,,0.14,
2024-05-30 00:45:12,2024-05-30,00:45:12,,17.2,,100.0,,17.2,,17.192,,129.6,,1.0,,0.93
2024-05-30 00:45:14,2024-05-30,00:45:14,17.9,,100.0,,17.9,,17.897,,59.3,,0.25,,0.14,
2024-05-30 00:46:16,2024-05-30,00:46:16,,17.2,,100.0,,17.2,,17.192,,117.4,,1.14,,0.84
2024-05-30 00:46:17,2024-05-30,00:46:17,18.0,,100.0,,18.0,,17.997,,59.3,,0.21,,0.1,
2024-05-30 00:47:19,2024-05-30,00:47:19,,17.2,,100.0,,17.2,,17.192,,120.5,,1.36,,0.81
2024-05-30 00:47:20,2024-05-30,00:47:20,18.0,,100.0,,18.0,,17.997,,161.6,,0.34,,0.24,
2024-05-30 00:48:22,2024-05-30,00:48:22,,17.2,,100.0,,17.2,,17.192,,116.9,,1.57,,0.98
2024-05-30 00:48:24,2024-05-30,00:48:24,18.0,,100.0,,18.0,,17.997,,188.8,,0.35,,0.18,
2024-05-30 00:49:26,2024-05-30,00:49:26,,17.2,,100.0,,17.2,,17.192,,115.2,,1.38,,0.65
2024-05-30 00:49:28,2024-05-30,00:49:28,18.1,,100.0,,18.1,,18.098,,177.4,,0.33,,0.15,
2024-05-30 00:50:30,2024-05-30,00:50:30,,17.3,,100.0,,17.3,,17.292,,118.3,,1.46,,0.81
2024-05-30 00:50:31,2024-05-30,00:50:31,18.2,,100.0,,18.2,,18.199,,201.9,,0.28,,0.19,
2024-05-30 00:51:34,2024-05-30,00:51:34,,,,,18.3,17.3,,,18.3,17.3,10.0,10.0,1.84,1.57
2024-05-30 00:52:36,2024-05-30,00:52:36,,17.3,,100.0,,17.3,,17.292,,113.4,,1.62,,1.34
2024-05-30 00:52:38,2024-05-30,00:52:38,18.2,,100.0,,18.2,,18.199,,336.4,,1.77,,0.92,
2024-05-30 00:53:40,2024-05-30,00:53:40,,17.3,,100.0,,17.3,,17.292,,115.1,,1.49,,1.09
2024-05-30 00:53:42,2024-05-30,00:53:42,18.1,,100.0,,18.1,,18.098,,323.1,,1.62,,1.06,
2024-05-30 00:54:44,2024-05-30,00:54:44,,17.3,,100.0,,17.3,,17.292,,125.2,,1.42,,0.85
2024-05-30 00:54:45,2024-05-30,00:54:45,18.1,,100.0,,18.1,,18.098,,321.5,,1.81,,1.14,
2024-05-30 00:55:47,2024-05-30,00:55:47,,17.4,,100.0,,17.4,,17.393,,125.2,,1.48,,1.26
2024-05-30 00:55:48,2024-05-30,00:55:48,18.1,,100.0,,18.1,,18.098,,319.3,,1.84,,1.15,
2024-05-30 00:56:50,2024-05-30,00:56:50,,17.4,,100.0,,17.4,,17.393,,121.7,,1.32,,0.95
2024-05-30 00:56:52,2024-05-30,00:56:52,18.1,,100.0,,18.1,,18.098,,330.6,,1.83,,0.62,
2024-05-30 00:57:54,2024-05-30,00:57:54,,17.4,,100.0,,17.4,,17.393,,120.1,,1.24,,0.98
2024-05-30 00:57:56,2024-05-30,00:57:56,18.2,,100.0,,18.2,,18.199,,6.3,,0.55,,0.09,
2024-05-30 00:58:59,2024-05-30,00:58:59,18.2,,100.0,,18.2,,18.199,,6.3,,0.16,,0.14,
2024-05-30 00:59:25,2024-05-30,00:59:25,,17.5,,100.0,,17.5,,17.494,,128.2,,1.67,,0.91
2024-05-30 01:00:02,2024-05-30,01:00:02,18.2,,100.0,,18.2,,18.199,,197.4,,0.25,,0.08,
2024-05-30 01:00:28,2024-05-30,01:00:28,,17.5,,100.0,,17.5,,17.494,,123.3,,1.4,,0.95
2024-05-30 01:01:06,2024-05-30,01:01:06,18.3,,100.0,,18.3,,18.299,,326.0,,2.11,,1.19,
2024-05-30 01:01:32,2024-05-30,01:01:32,,17.5,,100.0,,17.5,,17.494,,128.0,,1.17,,1.05
2024-05-30 01:02:10,2024-05-30,01:02:10,18.4,,100.0,,18.4,,18.4,,325.4,,1.83,,0.92,
2024-05-30 01:02:36,2024-05-30,01:02:36,,17.5,,100.0,,17.5,,17.494,,118.7,,1.27,,1.01
2024-05-30 01:03:13,2024-05-30,01:03:13,18.3,,100.0,,18.3,,18.299,,320.7,,1.88,,1.37,
2024-05-30 01:03:39,2024-05-30,01:03:39,,17.5,,100.0,,17.5,,17.494,,119.1,,1.3,,1.14
2024-05-30 01:04:16,2024-05-30,01:04:16,18.3,,100.0,,18.3,,18.299,,324.0,,1.76,,1.1,
2024-05-30 01:04:42,2024-05-30,01:04:42,,17.5,,100.0,,17.5,,17.494,,115.8,,1.24,,1.09
2024-05-30 01:05:20,2024-05-30,01:05:20,18.3,,100.0,,18.3,,18.299,,316.1,,2.01,,1.34,
2024-05-30 01:05:46,2024-05-30,01:05:46,,17.6,,100.0,,17.6,,17.594,,115.4,,1.46,,1.29
2024-05-30 01:06:24,2024-05-30,01:06:24,18.3,,100.0,,18.3,,18.299,,314.6,,1.6,,1.18,
2024-05-30 01:06:50,2024-05-30,01:06:50,,17.6,,100.0,,17.6,,17.594,,116.0,,1.32,,1.12
2024-05-30 01:07:27,2024-05-30,01:07:27,18.3,,100.0,,18.3,,18.299,,331.2,,1.64,,0.81,
2024-05-30 01:07:53,2024-05-30,01:07:53,,17.6,,100.0,,17.6,,17.594,,111.8,,1.13,,0.91
2024-05-30 01:08:30,2024-05-30,01:08:30,18.3,,100.0,,18.3,,18.299,,324.7,,1.58,,1.16,
2024-05-30 01:08:56,2024-05-30,01:08:56,,17.6,,100.0,,17.6,,17.594,,68.0,,0.79,,0.31
2024-05-30 01:09:34,2024-05-30,01:09:34,18.2,,100.0,,18.2,,18.199,,337.2,,1.81,,1.12,
2024-05-30 01:10:00,2024-05-30,01:10:00,,17.5,,100.0,,17.5,,17.494,,53.4,,0.77,,0.46
2024-05-30 01:10:38,2024-05-30,01:10:38,18.1,,100.0,,18.1,,18.098,,327.3,,1.94,,1.51,
2024-05-30 01:11:04,2024-05-30,01:11:04,,17.5,,100.0,,17.5,,17.494,,66.2,,0.77,,0.69
2024-05-30 01:11:41,2024-05-30,01:11:41,17.9,,100.0,,17.9,,17.897,,22.5,,2.13,,0.53,
2024-05-30 01:12:07,2024-05-30,01:12:07,,17.5,,100.0,,17.5,,17.494,,61.2,,1.26,,1.06
2024-05-30 01:12:44,2024-05-30,01:12:44,17.9,,100.0,,17.9,,17.897,,73.9,,0.55,,0.12,
2024-05-30 01:13:10,2024-05-30,01:13:10,,17.4,,100.0,,17.4,,17.393,,72.6,,0.97,,0.84
2024-05-30 01:13:48,2024-05-30,01:13:48,17.9,,100.0,,17.9,,17.897,,73.9,,0.21,,0.12,
2024-05-30 01:14:14,2024-05-30,01:14:14,,17.4,,100.0,,17.3,,17.292,,63.4,,0.92,,0.87
2024-05-30 01:14:52,2024-05-30,01:14:52,17.9,,100.0,,17.9,,17.897,,96.8,,0.26,,0.2,
2024-05-30 01:15:18,2024-05-30,01:15:18,,17.3,,100.0,,17.3,,17.292,,80.5,,1.06,,0.85
2024-05-30 01:15:55,2024-05-30,01:15:55,17.9,,100.0,,17.9,,17.897,,100.9,,0.45,,0.31,
2024-05-30 01:16:21,2024-05-30,01:16:21,,17.3,,100.0,,17.3,,17.292,,69.4,,1.13,,0.63
2024-05-30 01:16:58,2024-05-30,01:16:58,17.9,,100.0,,17.9,,17.897,,12.2,,0.32,,0.17,
2024-05-30 01:17:24,2024-05-30,01:17:24,,17.3,,100.0,,17.3,,17.292,,30.8,,1.0,,0.9
2024-05-30 01:18:02,2024-05-30,01:18:02,17.9,,100.0,,17.9,,17.897,,356.0,,0.74,,0.62,
2024-05-30 01:18:28,2024-05-30,01:18:28,,17.2,,100.0,,17.2,,17.192,,25.4,,1.53,,0.91
2024-05-30 01:19:06,2024-05-30,01:19:06,17.8,,100.0,,17.8,,17.796,,345.2,,1.36,,0.56,
2024-05-30 01:19:32,2024-05-30,01:19:32,,17.1,,100.0,,17.1,,17.091,,19.2,,1.46,,1.01
2024-05-30 01:20:09,2024-05-30,01:20:09,17.7,,100.0,,17.7,,17.695,,359.3,,0.9,,0.55,
2024-05-30 01:20:36,2024-05-30,01:20:36,,17.0,,100.0,,17.0,,16.99,,31.8,,1.35,,0.89
2024-05-30 01:21:12,2024-05-30,01:21:12,17.6,,100.0,,17.6,,17.594,,10.0,,0.85,,0.54,
2024-05-30 01:21:39,2024-05-30,01:21:39,,17.0,,100.0,,17.0,,16.99,,20.9,,1.6,,1.4
2024-05-30 01:22:16,2024-05-30,01:22:16,17.5,,100.0,,17.5,,17.494,,354.3,,0.8,,0.48,
2024-05-30 01:22:42,2024-05-30,01:22:42,,16.9,,100.0,,16.9,,16.889,,34.4,,1.73,,1.15
2024-05-30 01:23:20,2024-05-30,01:23:20,17.5,,100.0,,17.5,,17.494,,359.6,,0.87,,0.49,
2024-05-30 01:23:46,2024-05-30,01:23:46,,16.8,,100.0,,16.8,,16.789,,48.4,,1.94,,1.62
2024-05-30 01:24:23,2024-05-30,01:24:23,17.5,,100.0,,17.5,,17.494,,353.1,,0.49,,0.16,
2024-05-30 01:24:50,2024-05-30,01:24:50,,16.7,,100.0,,16.7,,16.688,,53.7,,1.88,,1.63
2024-05-30 01:25:26,2024-05-30,01:25:26,17.5,,100.0,,17.5,,17.494,,60.2,,0.43,,0.28,
2024-05-30 01:25:53,2024-05-30,01:25:53,,16.7,,100.0,,16.7,,16.688,,56.3,,2.07,,1.45
2024-05-30 01:26:30,2024-05-30,01:26:30,17.4,,100.0,,17.4,,17.393,,346.1,,1.72,,0.72,
2024-05-30 01:26:56,2024-05-30,01:26:56,,16.7,,100.0,,16.7,,16.688,,60.6,,1.98,,1.39
2024-05-30 01:27:34,2024-05-30,01:27:34,17.3,,100.0,,17.3,,17.292,,0.0,,1.63,,0.66,
2024-05-30 01:28:00,2024-05-30,01:28:00,,16.6,,100.0,,16.6,,16.587,,53.8,,2.31,,1.27
2024-05-30 01:28:37,2024-05-30,01:28:37,17.2,,100.0,,17.2,,17.192,,14.0,,1.44,,0.52,
2024-05-30 01:29:04,2024-05-30,01:29:04,,16.6,,100.0,,16.6,,16.587,,41.4,,1.8,,1.22
2024-05-30 01:29:40,2024-05-30,01:29:40,17.2,,100.0,,17.2,,17.192,,55.6,,0.44,,0.13,
2024-05-30 01:30:07,2024-05-30,01:30:07,,16.6,,100.0,,16.6,,16.587,,60.1,,2.41,,1.96
2024-05-30 01:30:44,2024-05-30,01:30:44,17.3,,100.0,,17.3,,17.292,,55.6,,0.21,,0.17,
2024-05-30 01:31:10,2024-05-30,01:31:10,,16.5,,100.0,,16.5,,16.487,,50.2,,2.05,,1.6
2024-05-30 01:31:48,2024-05-30,01:31:48,17.3,,100.0,,17.3,,17.292,,55.6,,0.19,,0.06,
2024-05-30 01:32:14,2024-05-30,01:32:14,,16.5,,100.0,,16.5,,16.487,,40.3,,2.1,,1.42
2024-05-30 01:32:51,2024-05-30,01:32:51,17.3,,100.0,,17.3,,17.292,,55.6,,0.19,,0.05,
2024-05-30 01:33:18,2024-05-30,01:33:18,,16.5,,100.0,,16.5,,16.487,,91.4,,2.12,,0.54
2024-05-30 01:33:54,2024-05-30,01:33:54,17.3,,100.0,,17.3,,17.292,,27.5,,0.35,,0.17,
2024-05-30 01:34:21,2024-05-30,01:34:21,,16.5,,100.0,,16.5,,16.487,,56.1,,2.04,,1.56
2024-05-30 01:34:58,2024-05-30,01:34:58,17.3,,100.0,,17.3,,17.292,,330.3,,0.4,,0.19,
2024-05-30 01:35:24,2024-05-30,01:35:24,,16.5,,100.0,,16.5,,16.487,,44.9,,2.08,,1.34
2024-05-30 01:36:02,2024-05-30,01:36:02,17.3,,100.0,,17.3,,17.292,,358.8,,0.33,,0.3,
2024-05-30 01:36:28,2024-05-30,01:36:28,,16.5,,100.0,,16.5,,16.487,,62.4,,1.94,,1.13
2024-05-30 01:37:05,2024-05-30,01:37:05,17.3,,100.0,,17.3,,17.292,,359.7,,0.52,,0.33,
2024-05-30 01:37:32,2024-05-30,01:37:32,,16.5,,100.0,,16.5,,16.487,,63.8,,2.54,,1.58
2024-05-30 01:38:08,2024-05-30,01:38:08,17.3,,100.0,,17.3,,17.292,,48.9,,0.46,,0.05,
2024-05-30 01:38:35,2024-05-30,01:38:35,,16.4,,100.0,,16.4,,16.386,,56.4,,2.15,,1.72
2024-05-30 01:39:12,2024-05-30,01:39:12,17.3,,100.0,,17.3,,17.292,,26.7,,0.27,,0.19,
2024-05-30 01:39:38,2024-05-30,01:39:38,,16.4,,100.0,,16.4,,16.386,,51.5,,1.51,,0.78
2024-05-30 01:40:16,2024-05-30,01:40:16,17.3,,100.0,,17.3,,17.292,,51.0,,0.29,,0.09,
2024-05-30 01:40:42,2024-05-30,01:40:42,,16.4,,100.0,,16.4,,16.386,,62.0,,2.2,,1.32
2024-05-30 01:41:19,2024-05-30,01:41:19,17.3,,100.0,,17.3,,17.292,,336.2,,0.29,,0.08,
2024-05-30 01:41:46,2024-05-30,01:41:46,,16.4,,100.0,,16.4,,16.386,,62.2,,1.7,,1.55
2024-05-30 01:42:22,2024-05-30,01:42:22,17.3,,100.0,,17.3,,17.292,,21.1,,0.3,,0.2,
2024-05-30 01:42:49,2024-05-30,01:42:49,,16.4,,100.0,,16.4,,16.386,,66.2,,2.55,,1.12
2024-05-30 01:43:26,2024-05-30,01:43:26,,,,,17.2,,,,18.9,,1.41,,0.5,
2024-05-30 01:43:52,2024-05-30,01:43:52,,16.4,,100.0,,16.4,,16.386,,53.1,,1.67,,1.29
2024-05-30 01:44:30,2024-05-30,01:44:30,17.1,,100.0,,17.1,,17.091,,342.2,,1.75,,1.04,
2024-05-30 01:44:56,2024-05-30,01:44:56,,16.4,,100.0,,16.4,,16.386,,29.4,,1.88,,1.2
2024-05-30 01:45:33,2024-05-30,01:45:33,17.1,,100.0,,17.1,,17.091,,327.2,,1.7,,0.9,
2024-05-30 01:46:00,2024-05-30,01:46:00,,16.4,,100.0,,16.4,,16.386,,31.2,,1.68,,1.07
2024-05-30 01:46:36,2024-05-30,01:46:36,17.1,,100.0,,17.1,,17.091,,355.2,,0.7,,0.23,
2024-05-30 01:47:03,2024-05-30,01:47:03,,16.4,,100.0,,16.4,,16.386,,45.6,,1.42,,0.94
2024-05-30 01:47:40,2024-05-30,01:47:40,17.1,,100.0,,17.1,,17.091,,44.5,,0.32,,0.06,
2024-05-30 01:48:06,2024-05-30,01:48:06,,16.3,,100.0,,16.3,,16.285,,57.1,,1.27,,1.03
2024-05-30 01:48:44,2024-05-30,01:48:44,17.1,,100.0,,17.1,,17.091,,61.9,,0.38,,0.06,
2024-05-30 01:49:10,2024-05-30,01:49:10,,16.3,,100.0,,16.3,,16.285,,51.8,,1.28,,0.99
2024-05-30 01:49:47,2024-05-30,01:49:47,17.1,,100.0,,17.1,,17.091,,61.9,,0.25,,0.18,
2024-05-30 01:50:14,2024-05-30,01:50:14,,16.3,,100.0,,16.3,,16.285,,61.3,,1.52,,0.81
2024-05-30 01:50:50,2024-05-30,01:50:50,17.1,,100.0,,17.1,,17.091,,15.2,,0.34,,0.21,
2024-05-30 01:51:17,2024-05-30,01:51:17,,16.3,,100.0,,16.3,,16.285,,53.6,,1.14,,0.65
2024-05-30 01:51:54,2024-05-30,01:51:54,17.1,,100.0,,17.1,,17.091,,9.9,,0.28,,0.16,
2024-05-30 01:52:20,2024-05-30,01:52:20,,16.3,,100.0,,16.3,,16.285,,54.7,,1.01,,0.73
2024-05-30 01:52:58,2024-05-30,01:52:58,17.1,,100.0,,17.1,,17.091,,6.9,,0.31,,0.14,
2024-05-30 01:53:24,2024-05-30,01:53:24,,16.3,,100.0,,16.3,,16.285,,46.7,,1.47,,1.0
2024-05-30 01:54:01,2024-05-30,01:54:01,17.1,,100.0,,17.1,,17.091,,6.9,,0.24,,0.12,
2024-05-30 01:54:28,2024-05-30,01:54:28,,16.3,,100.0,,16.3,,16.285,,61.0,,1.11,,1.04
2024-05-30 01:55:04,2024-05-30,01:55:04,17.2,,100.0,,17.2,,17.192,,92.3,,0.25,,0.1,
2024-05-30 01:55:31,2024-05-30,01:55:31,,16.3,,100.0,,16.3,,16.285,,60.0,,1.31,,0.99
2024-05-30 01:56:08,2024-05-30,01:56:08,17.2,,100.0,,17.2,,17.192,,92.3,,0.23,,0.08,
2024-05-30 01:56:34,2024-05-30,01:56:34,,16.3,,100.0,,16.3,,16.285,,52.5,,1.62,,0.74
2024-05-30 01:57:12,2024-05-30,01:57:12,17.2,,100.0,,17.2,,17.192,,92.3,,0.26,,0.15,
2024-05-30 01:57:38,2024-05-30,01:57:38,,16.2,,100.0,,16.2,,16.184,,48.2,,1.59,,1.13
2024-05-30 01:58:15,2024-05-30,01:58:15,17.2,,100.0,,17.1,,17.091,,92.3,,0.31,,0.15,
2024-05-30 01:58:42,2024-05-30,01:58:42,,16.3,,100.0,,16.3,,16.285,,59.9,,2.06,,1.31
2024-05-30 01:59:18,2024-05-30,01:59:18,17.1,,100.0,,17.1,,17.091,,29.4,,0.31,,0.1,
2024-05-30 01:59:45,2024-05-30,01:59:45,,16.2,,100.0,,16.2,,16.184,,61.1,,1.67,,1.04
2024-05-30 02:00:22,2024-05-30,02:00:22,17.0,,100.0,,17.0,,16.99,,318.5,,1.99,,0.93,
2024-05-30 02:00:48,2024-05-30,02:00:48,,16.2,,100.0,,16.2,,16.184,,77.8,,1.6,,0.69
2024-05-30 02:01:26,2024-05-30,02:01:26,16.9,,100.0,,16.9,,16.889,,331.1,,1.62,,0.74,
2024-05-30 02:01:52,2024-05-30,02:01:52,,16.2,,100.0,,16.2,,16.184,,60.9,,1.09,,0.75
2024-05-30 02:02:29,2024-05-30,02:02:29,16.9,,100.0,,16.9,,16.889,,324.7,,1.91,,1.16,
2024-05-30 02:02:56,2024-05-30,02:02:56,,16.2,,100.0,,16.2,,16.184,,79.5,,1.11,,0.67
2024-05-30 02:03:32,2024-05-30,02:03:32,16.8,,100.0,,16.8,,16.789,,94.7,,0.77,,0.35,
2024-05-30 02:03:59,2024-05-30,02:03:59,,16.2,,100.0,,16.2,,16.184,,86.4,,0.93,,0.58
2024-05-30 02:04:36,2024-05-30,02:04:36,16.9,,100.0,,16.9,,16.889,,78.6,,0.35,,0.14,
2024-05-30 02:05:02,2024-05-30,02:05:02,,16.1,,100.0,,16.1,,16.084,,63.5,,0.89,,0.68
2024-05-30 02:05:40,2024-05-30,02:05:40,16.9,,100.0,,16.9,,16.889,,61.3,,0.33,,0.2,
2024-05-30 02:06:06,2024-05-30,02:06:06,,16.1,,100.0,,16.1,,16.084,,58.9,,1.14,,0.52
2024-05-30 02:06:43,2024-05-30,02:06:43,16.9,,100.0,,16.9,,16.889,,80.1,,0.36,,0.14,
2024-05-30 02:07:10,2024-05-30,02:07:10,,16.1,,100.0,,16.1,,16.084,,60.3,,0.72,,0.6
2024-05-30 02:07:46,2024-05-30,02:07:46,17.0,,100.0,,17.0,,16.99,,115.3,,0.36,,0.17,
2024-05-30 02:08:13,2024-05-30,02:08:13,,16.1,,100.0,,16.1,,16.084,,66.5,,0.91,,0.61
2024-05-30 02:08:50,2024-05-30,02:08:50,17.0,,100.0,,17.0,,16.99,,67.8,,0.39,,0.26,
2024-05-30 02:09:17,2024-05-30,02:09:17,,16.1,,100.0,,16.1,,16.084,,56.7,,0.82,,0.54
2024-05-30 02:09:54,2024-05-30,02:09:54,17.0,,100.0,,17.0,,16.99,,97.2,,0.46,,0.37,
2024-05-30 02:10:20,2024-05-30,02:10:20,,16.1,,100.0,,16.1,,16.084,,56.0,,0.9,,0.66
2024-05-30 02:10:57,2024-05-30,02:10:57,17.1,,100.0,,17.1,,17.091,,60.8,,0.35,,0.19,
2024-05-30 02:11:24,2024-05-30,02:11:24,,16.1,,100.0,,16.1,,16.084,,45.4,,1.11,,0.65
2024-05-30 02:12:00,2024-05-30,02:12:00,17.1,,100.0,,17.1,,17.091,,47.6,,0.35,,0.21,
2024-05-30 02:12:28,2024-05-30,02:12:28,,16.1,,100.0,,16.1,,16.084,,72.5,,1.2,,0.7
2024-05-30 02:13:04,2024-05-30,02:13:04,17.1,,100.0,,17.1,,17.091,,66.8,,0.33,,0.26,
2024-05-30 02:13:31,2024-05-30,02:13:31,,16.1,,100.0,,16.1,,16.084,,67.8,,0.98,,0.83
2024-05-30 02:14:08,2024-05-30,02:14:08,17.1,,100.0,,17.1,,17.091,,87.9,,0.37,,0.3,
2024-05-30 02:14:34,2024-05-30,02:14:34,,16.1,,100.0,,16.1,,16.084,,69.9,,1.12,,0.76
2024-05-30 02:15:11,2024-05-30,02:15:11,17.1,,100.0,,17.1,,17.091,,94.9,,0.37,,0.19,
2024-05-30 02:15:38,2024-05-30,02:15:38,,16.1,,100.0,,16.1,,16.084,,66.1,,0.89,,0.71
2024-05-30 02:16:14,2024-05-30,02:16:14,17.1,,100.0,,17.1,,17.091,,98.0,,0.32,,0.2,
2024-05-30 02:16:42,2024-05-30,02:16:42,,16.1,,100.0,,16.1,,16.084,,57.6,,0.94,,0.56
2024-05-30 02:17:18,2024-05-30,02:17:18,,,,,17.1,,,,17.1,,10.0,,1.61,
2024-05-30 02:17:45,2024-05-30,02:17:45,,16.1,,100.0,,16.1,,16.084,,67.7,,1.12,,0.57
2024-05-30 02:18:22,2024-05-30,02:18:22,17.0,,100.0,,17.0,,16.99,,316.7,,1.77,,1.39,
2024-05-30 02:18:48,2024-05-30,02:18:48,,16.1,,100.0,,16.1,,16.084,,87.3,,1.26,,0.76
2024-05-30 02:19:25,2024-05-30,02:19:25,16.9,,100.0,,16.9,,16.889,,326.9,,1.93,,0.96,
2024-05-30 02:19:52,2024-05-30,02:19:52,,16.1,,100.0,,16.1,,16.084,,73.6,,1.19,,0.82
2024-05-30 02:20:28,2024-05-30,02:20:28,16.8,,100.0,,16.8,,16.789,,98.7,,1.92,,0.24,
2024-05-30 02:20:56,2024-05-30,02:20:56,,16.0,,100.0,,16.0,,15.983,,83.7,,1.6,,1.03
2024-05-30 02:21:32,2024-05-30,02:21:32,16.9,,100.0,,16.9,,16.889,,123.9,,0.52,,0.38,
2024-05-30 02:21:59,2024-05-30,02:21:59,,16.1,,100.0,,16.1,,16.084,,72.6,,1.72,,0.61
2024-05-30 02:22:36,2024-05-30,02:22:36,17.0,,100.0,,17.0,,16.99,,180.5,,0.37,,0.25,
2024-05-30 02:23:02,2024-05-30,02:23:02,,16.0,,100.0,,16.0,,15.983,,88.6,,0.96,,0.67
2024-05-30 02:23:39,2024-05-30,02:23:39,17.0,,100.0,,17.0,,16.99,,122.1,,0.4,,0.31,
2024-05-30 02:24:06,2024-05-30,02:24:06,,16.0,,100.0,,16.0,,15.983,,78.3,,1.16,,0.8
2024-05-30 02:24:42,2024-05-30,02:24:42,17.0,,100.0,,17.0,,16.99,,147.4,,0.38,,0.03,
2024-05-30 02:25:10,2024-05-30,02:25:10,,16.0,,100.0,,16.0,,15.983,,78.9,,1.12,,0.53
2024-05-30 02:25:46,2024-05-30,02:25:46,17.0,,100.0,,17.0,,16.99,,147.4,,0.17,,0.03,
2024-05-30 02:26:13,2024-05-30,02:26:13,,16.0,,100.0,,16.0,,15.983,,77.5,,1.01,,0.7
2024-05-30 02:26:50,2024-05-30,02:26:50,17.0,,100.0,,17.0,,16.99,,131.2,,0.27,,0.11,
2024-05-30 02:27:16,2024-05-30,02:27:16,,16.0,,100.0,,16.0,,15.983,,81.6,,1.34,,0.79
2024-05-30 02:27:53,2024-05-30,02:27:53,17.0,,100.0,,17.0,,16.99,,131.2,,0.27,,0.11,
2024-05-30 02:28:20,2024-05-30,02:28:20,,16.0,,100.0,,16.0,,15.983,,80.4,,1.02,,0.74
2024-05-30 02:28:56,2024-05-30,02:28:56,17.0,,100.0,,17.0,,16.99,,131.2,,0.22,,0.11,
2024-05-30 02:29:24,2024-05-30,02:29:24,,16.0,,100.0,,16.0,,15.983,,74.1,,1.09,,0.96
2024-05-30 02:30:00,2024-05-30,02:30:00,17.0,,100.0,,17.0,,16.99,,131.2,,0.21,,0.08,
2024-05-30 02:30:27,2024-05-30,02:30:27,,16.0,,100.0,,16.0,,15.983,,72.4,,1.61,,0.79
2024-05-30 02:31:04,2024-05-30,02:31:04,17.0,,100.0,,17.0,,16.99,,37.9,,0.28,,0.11,
2024-05-30 02:31:30,2024-05-30,02:31:30,,16.0,,100.0,,16.0,,15.983,,65.2,,1.18,,0.93
2024-05-30 02:32:07,2024-05-30,02:32:07,17.0,,100.0,,17.0,,16.99,,37.9,,0.3,,0.14,
2024-05-30 02:32:34,2024-05-30,02:32:34,,16.0,,100.0,,16.0,,15.983,,83.1,,1.3,,0.93
2024-05-30 02:33:10,2024-05-30,02:33:10,17.0,,100.0,,17.0,,16.99,,86.6,,0.35,,0.21,
2024-05-30 02:33:38,2024-05-30,02:33:38,,16.0,,100.0,,16.0,,15.983,,77.1,,1.24,,0.78
2024-05-30 02:34:14,2024-05-30,02:34:14,17.1,,100.0,,17.1,,17.091,,325.1,,1.59,,1.02,
2024-05-30 02:34:41,2024-05-30,02:34:41,,16.0,,100.0,,16.0,,15.983,,71.7,,1.69,,1.33
2024-05-30 02:35:18,2024-05-30,02:35:18,16.9,,100.0,,16.9,,16.889,,329.8,,1.5,,0.98,
2024-05-30 02:35:44,2024-05-30,02:35:44,,16.0,,100.0,,16.0,,15.983,,84.1,,1.41,,1.08
2024-05-30 02:36:21,2024-05-30,02:36:21,16.8,,100.0,,16.8,,16.789,,315.2,,2.42,,0.93,
2024-05-30 02:36:48,2024-05-30,02:36:48,,16.0,,100.0,,16.0,,15.983,,94.2,,1.11,,0.67
2024-05-30 02:37:24,2024-05-30,02:37:24,16.8,,100.0,,16.8,,16.789,,113.7,,0.97,,0.29,
2024-05-30 02:37:52,2024-05-30,02:37:52,,16.0,,100.0,,16.0,,15.983,,80.5,,1.56,,1.25
2024-05-30 02:38:28,2024-05-30,02:38:28,16.9,,100.0,,16.9,,16.889,,92.4,,0.35,,0.17,
2024-05-30 02:38:55,2024-05-30,02:38:55,,16.0,,100.0,,16.0,,15.983,,75.0,,1.14,,0.95
2024-05-30 02:39:32,2024-05-30,02:39:32,16.9,,100.0,,16.9,,16.889,,98.5,,0.38,,0.12,
2024-05-30 02:39:58,2024-05-30,02:39:58,,16.0,,100.0,,16.0,,15.983,,68.5,,1.25,,0.49
2024-05-30 02:40:35,2024-05-30,02:40:35,17.0,,100.0,,17.0,,16.99,,66.5,,0.26,,0.2,
2024-05-30 02:41:02,2024-05-30,02:41:02,,16.0,,100.0,,16.0,,15.983,,87.9,,0.86,,0.65
2024-05-30 02:41:38,2024-05-30,02:41:38,17.0,,100.0,,17.0,,16.99,,136.3,,0.29,,0.12,
2024-05-30 02:42:06,2024-05-30,02:42:06,,16.0,,100.0,,16.0,,15.983,,91.4,,0.83,,0.33
2024-05-30 02:42:42,2024-05-30,02:42:42,17.0,,100.0,,17.0,,16.99,,146.0,,0.3,,0.11,
2024-05-30 02:43:09,2024-05-30,02:43:09,,16.0,,100.0,,16.0,,15.983,,98.3,,1.03,,0.81
2024-05-30 02:43:46,2024-05-30,02:43:46,17.0,,100.0,,17.0,,16.99,,156.9,,0.35,,0.26,
2024-05-30 02:44:12,2024-05-30,02:44:12,,16.0,,100.0,,16.0,,15.983,,84.0,,1.34,,0.79
2024-05-30 02:44:49,2024-05-30,02:44:49,17.0,,100.0,,17.0,,16.99,,144.7,,0.33,,0.28,
2024-05-30 02:45:16,2024-05-30,02:45:16,,16.0,,100.0,,16.0,,15.983,,71.8,,1.03,,0.78
2024-05-30 02:45:52,2024-05-30,02:45:52,17.0,,100.0,,17.0,,16.99,,145.2,,0.35,,0.26,
2024-05-30 02:46:20,2024-05-30,02:46:20,,16.0,,100.0,,16.0,,15.983,,85.3,,1.45,,0.83
2024-05-30 02:46:56,2024-05-30,02:46:56,16.9,,100.0,,16.9,,16.889,,126.8,,0.36,,0.31,
2024-05-30 02:47:23,2024-05-30,02:47:23,,16.0,,100.0,,16.0,,15.983,,84.3,,1.3,,0.78
2024-05-30 02:48:00,2024-05-30,02:48:00,16.9,,100.0,,16.9,,16.889,,85.1,,0.31,,0.22,
2024-05-30 02:48:26,2024-05-30,02:48:26,,16.0,,100.0,,16.0,,15.983,,97.3,,1.5,,1.14
2024-05-30 02:49:03,2024-05-30,02:49:03,16.9,,100.0,,16.9,,16.889,,75.8,,0.25,,0.16,
2024-05-30 02:49:30,2024-05-30,02:49:30,,16.0,,100.0,,16.0,,15.983,,79.4,,1.34,,0.93
2024-05-30 02:50:07,2024-05-30,02:50:07,16.9,,100.0,,16.9,,16.889,,139.7,,0.24,,0.13,
2024-05-30 02:50:34,2024-05-30,02:50:34,,16.0,,100.0,,16.0,,15.983,,85.2,,1.62,,1.33
2024-05-30 02:51:10,2024-05-30,02:51:10,17.0,,100.0,,17.0,,16.99,,320.4,,2.42,,1.29,
2024-05-30 02:51:37,2024-05-30,02:51:37,,16.0,,100.0,,16.0,,15.983,,70.8,,1.66,,0.6
2024-05-30 02:52:14,2024-05-30,02:52:14,17.0,,100.0,,17.0,,16.99,,319.5,,1.81,,1.46,
2024-05-30 02:52:40,2024-05-30,02:52:40,,16.0,,100.0,,16.0,,15.983,,93.3,,1.77,,1.45
2024-05-30 02:53:17,2024-05-30,02:53:17,16.9,,100.0,,16.9,,16.889,,321.3,,1.8,,1.12,
2024-05-30 02:53:44,2024-05-30,02:53:44,,16.0,,100.0,,16.0,,15.983,,79.4,,1.4,,0.96
2024-05-30 02:54:20,2024-05-30,02:54:20,16.9,,100.0,,16.9,,16.889,,86.2,,1.56,,0.26,
2024-05-30 02:54:48,2024-05-30,02:54:48,,16.0,,100.0,,16.0,,15.983,,80.9,,1.28,,0.93
2024-05-30 02:55:24,2024-05-30,02:55:24,16.9,,100.0,,16.9,,16.889,,147.4,,0.37,,0.22,
2024-05-30 02:55:51,2024-05-30,02:55:51,,16.0,,100.0,,16.0,,15.983,,75.7,,1.35,,0.76
2024-05-30 02:56:28,2024-05-30,02:56:28,16.9,,100.0,,16.9,,16.889,,114.0,,0.27,,0.18,
2024-05-30 02:56:54,2024-05-30,02:56:54,,16.0,,100.0,,16.0,,15.983,,80.3,,1.41,,0.79
2024-05-30 02:57:32,2024-05-30,02:57:32,16.9,,100.0,,16.9,,16.889,,157.4,,0.3,,0.19,
2024-05-30 02:57:58,2024-05-30,02:57:58,,16.0,,100.0,,16.0,,15.983,,83.8,,1.44,,0.86
2024-05-30 02:58:34,2024-05-30,02:58:34,16.9,,100.0,,16.9,,16.889,,123.9,,0.25,,0.12,
2024-05-30 02:59:02,2024-05-30,02:59:02,,16.0,,100.0,,16.0,,15.983,,91.6,,1.49,,0.8
2024-05-30 02:59:38,2024-05-30,02:59:38,16.9,,100.0,,16.9,,16.889,,118.5,,0.31,,0.17,
2024-05-30 03:00:05,2024-05-30,03:00:05,,16.0,,100.0,,16.0,,15.983,,71.0,,1.48,,0.67
2024-05-30 03:00:42,2024-05-30,03:00:42,16.9,,100.0,,16.9,,16.889,,161.1,,0.34,,0.21,
2024-05-30 03:01:08,2024-05-30,03:01:08,,16.0,,100.0,,15.9,,15.882,,106.3,,0.91,,0.71
2024-05-30 03:01:45,2024-05-30,03:01:45,16.9,,100.0,,16.9,,16.889,,158.7,,0.32,,0.25,
2024-05-30 03:02:12,2024-05-30,03:02:12,,15.9,,100.0,,15.9,,15.882,,83.7,,1.45,,0.55
2024-05-30 03:02:49,2024-05-30,03:02:49,17.0,,100.0,,17.0,,16.99,,154.4,,0.26,,0.13,
2024-05-30 03:03:16,2024-05-30,03:03:16,,16.0,,100.0,,16.0,,15.983,,82.3,,1.7,,1.0
2024-05-30 03:03:52,2024-05-30,03:03:52,17.0,,100.0,,17.0,,16.99,,98.3,,0.38,,0.27,
2024-05-30 03:04:19,2024-05-30,03:04:19,,16.0,,100.0,,16.0,,15.983,,63.3,,1.11,,0.7
2024-05-30 03:04:56,2024-05-30,03:04:56,17.0,,100.0,,17.0,,16.99,,96.7,,0.32,,0.07,
2024-05-30 03:05:22,2024-05-30,03:05:22,,16.0,,100.0,,16.0,,15.983,,33.0,,0.94,,0.24
2024-05-30 03:06:00,2024-05-30,03:06:00,17.0,,100.0,,17.0,,16.99,,96.7,,0.25,,0.13,
2024-05-30 03:06:26,2024-05-30,03:06:26,,16.0,,100.0,,16.0,,15.983,,28.9,,0.82,,0.67
2024-05-30 03:07:02,2024-05-30,03:07:02,17.0,,100.0,,17.0,,16.99,,29.6,,0.38,,0.29,
2024-05-30 03:07:30,2024-05-30,03:07:30,,16.0,,100.0,,16.0,,15.983,,28.4,,1.03,,0.81
2024-05-30 03:08:06,2024-05-30,03:08:06,17.0,,100.0,,17.0,,16.99,,339.0,,1.54,,1.01,
2024-05-30 03:08:34,2024-05-30,03:08:34,,16.0,,100.0,,16.0,,15.983,,28.9,,1.0,,0.71
2024-05-30 03:09:10,2024-05-30,03:09:10,16.8,,100.0,,16.8,,16.789,,330.9,,1.71,,0.94,
2024-05-30 03:09:37,2024-05-30,03:09:37,,16.0,,100.0,,16.0,,15.983,,20.6,,1.04,,0.82
2024-05-30 03:10:14,2024-05-30,03:10:14,16.7,,100.0,,16.7,,16.688,,323.8,,1.83,,1.02,
2024-05-30 03:10:40,2024-05-30,03:10:40,,15.9,,100.0,,15.9,,15.882,,32.3,,1.27,,1.2
2024-05-30 03:11:17,2024-05-30,03:11:17,16.7,,100.0,,16.7,,16.688,,348.1,,2.12,,0.59,
2024-05-30 03:11:44,2024-05-30,03:11:44,,15.9,,100.0,,15.9,,15.882,,10.8,,1.39,,1.21
2024-05-30 03:12:20,2024-05-30,03:12:20,16.6,,100.0,,16.6,,16.587,,343.2,,0.72,,0.49,
2024-05-30 03:12:48,2024-05-30,03:12:48,,15.8,,100.0,,15.8,,15.782,,10.2,,1.35,,0.78
2024-05-30 03:13:24,2024-05-30,03:13:24,16.6,,100.0,,16.6,,16.587,,342.5,,0.6,,0.52,
2024-05-30 03:13:51,2024-05-30,03:13:51,,15.8,,100.0,,15.8,,15.782,,22.0,,1.26,,1.15
2024-05-30 03:14:27,2024-05-30,03:14:27,16.5,,100.0,,16.5,,16.487,,345.2,,0.67,,0.54,
2024-05-30 03:14:54,2024-05-30,03:14:54,,15.7,,100.0,,15.7,,15.681,,30.6,,1.57,,1.1
2024-05-30 03:15:31,2024-05-30,03:15:31,16.5,,100.0,,16.5,,16.487,,336.4,,0.73,,0.34,
2024-05-30 03:15:58,2024-05-30,03:15:58,,15.7,,100.0,,15.7,,15.681,,29.6,,1.25,,0.56
2024-05-30 03:16:34,2024-05-30,03:16:34,16.5,,100.0,,16.5,,16.487,,338.6,,0.49,,0.38,
2024-05-30 03:17:02,2024-05-30,03:17:02,,15.6,,100.0,,15.6,,15.58,,15.4,,1.2,,0.85
2024-05-30 03:17:38,2024-05-30,03:17:38,16.4,,100.0,,16.4,,16.386,,354.1,,0.5,,0.34,
2024-05-30 03:18:05,2024-05-30,03:18:05,,15.6,,100.0,,15.6,,15.58,,11.9,,1.25,,0.68
2024-05-30 03:18:42,2024-05-30,03:18:42,16.4,,100.0,,16.4,,16.386,,1.2,,0.77,,0.69,
2024-05-30 03:19:08,2024-05-30,03:19:08,,15.5,,100.0,,15.5,,15.479,,29.3,,1.41,,1.09
2024-05-30 03:19:45,2024-05-30,03:19:45,16.3,,100.0,,16.3,,16.285,,337.7,,0.68,,0.34,
2024-05-30 03:20:12,2024-05-30,03:20:12,,15.5,,100.0,,15.5,,15.479,,50.8,,1.85,,1.02
2024-05-30 03:20:48,2024-05-30,03:20:48,16.3,,100.0,,16.3,,16.285,,343.2,,0.54,,0.32,
2024-05-30 03:21:16,2024-05-30,03:21:16,,15.5,,100.0,,15.5,,15.479,,39.6,,1.79,,1.4
2024-05-30 03:21:52,2024-05-30,03:21:52,16.3,,100.0,,16.3,,16.285,,12.8,,0.64,,0.42,
2024-05-30 03:22:19,2024-05-30,03:22:19,,15.4,,100.0,,15.4,,15.379,,44.5,,1.95,,1.24
2024-05-30 03:22:56,2024-05-30,03:22:56,16.3,,100.0,,16.3,,16.285,,32.5,,0.49,,0.42,
2024-05-30 03:23:22,2024-05-30,03:23:22,,15.4,,100.0,,15.4,,15.379,,41.1,,1.6,,1.4
2024-05-30 03:23:59,2024-05-30,03:23:59,16.3,,100.0,,16.3,,16.285,,37.1,,0.46,,0.19,
2024-05-30 03:24:26,2024-05-30,03:24:26,,15.4,,100.0,,15.4,,15.379,,29.2,,1.85,,0.91
2024-05-30 03:25:02,2024-05-30,03:25:02,16.3,,100.0,,16.3,,16.285,,346.3,,1.34,,0.7,
2024-05-30 03:25:30,2024-05-30,03:25:30,,15.4,,100.0,,15.4,,15.379,,43.1,,2.03,,1.32
2024-05-30 03:26:06,2024-05-30,03:26:06,16.2,,100.0,,16.2,,16.184,,336.6,,1.41,,0.71,
2024-05-30 03:26:33,2024-05-30,03:26:33,,15.4,,100.0,,15.4,,15.379,,58.2,,1.95,,1.6
2024-05-30 03:27:10,2024-05-30,03:27:10,16.2,,100.0,,16.2,,16.184,,325.6,,1.77,,1.28,
2024-05-30 03:27:36,2024-05-30,03:27:36,,15.4,,100.0,,15.4,,15.379,,34.7,,1.79,,1.2
2024-05-30 03:28:13,2024-05-30,03:28:13,16.2,,100.0,,16.2,,16.184,,24.1,,1.34,,0.42,
2024-05-30 03:28:40,2024-05-30,03:28:40,,15.4,,100.0,,15.4,,15.379,,48.5,,1.84,,1.06
2024-05-30 03:29:16,2024-05-30,03:29:16,16.2,,100.0,,16.2,,16.184,,24.9,,0.47,,0.38,
2024-05-30 03:29:44,2024-05-30,03:29:44,,15.4,,100.0,,15.4,,15.379,,40.3,,1.98,,1.64
2024-05-30 03:30:20,2024-05-30,03:30:20,16.2,,100.0,,16.2,,16.184,,12.6,,0.49,,0.44,
2024-05-30 03:30:48,2024-05-30,03:30:48,,15.3,,100.0,,15.3,,15.278,,42.0,,1.79,,1.54
2024-05-30 03:31:24,2024-05-30,03:31:24,16.2,,100.0,,16.2,,16.184,,52.6,,0.47,,0.36,
2024-05-30 03:31:50,2024-05-30,03:31:50,,15.4,,100.0,,15.4,,15.379,,31.4,,1.53,,1.14
2024-05-30 03:32:27,2024-05-30,03:32:27,16.2,,100.0,,16.2,,16.184,,39.8,,0.44,,0.33,
2024-05-30 03:32:54,2024-05-30,03:32:54,,15.3,,100.0,,15.3,,15.278,,49.9,,1.93,,1.43
2024-05-30 03:33:30,2024-05-30,03:33:30,16.2,,100.0,,16.2,,16.184,,33.0,,0.45,,0.32,
2024-05-30 03:33:58,2024-05-30,03:33:58,,15.4,,100.0,,15.4,,15.379,,53.3,,2.2,,1.29
2024-05-30 03:34:34,2024-05-30,03:34:34,16.1,,100.0,,16.1,,16.084,,96.4,,0.32,,0.19,
2024-05-30 03:35:01,2024-05-30,03:35:01,,15.4,,100.0,,15.4,,15.379,,34.7,,2.08,,1.0
2024-05-30 03:35:38,2024-05-30,03:35:38,16.2,,100.0,,16.2,,16.184,,29.8,,0.34,,0.07,
2024-05-30 03:36:05,2024-05-30,03:36:05,,15.4,,100.0,,15.4,,15.379,,53.4,,1.64,,0.68
2024-05-30 03:36:41,2024-05-30,03:36:41,16.2,,100.0,,16.2,,16.184,,86.3,,0.45,,0.32,
2024-05-30 03:37:08,2024-05-30,03:37:08,,15.4,,100.0,,15.4,,15.379,,59.4,,1.93,,1.32
2024-05-30 03:37:44,2024-05-30,03:37:44,16.2,,100.0,,16.2,,16.184,,348.9,,0.4,,0.16,
2024-05-30 03:38:12,2024-05-30,03:38:12,,15.4,,100.0,,15.4,,15.379,,52.6,,1.81,,0.83
2024-05-30 03:38:48,2024-05-30,03:38:48,16.2,,100.0,,16.2,,16.184,,348.9,,0.2,,0.07,
2024-05-30 03:39:16,2024-05-30,03:39:16,,15.4,,100.0,,15.3,,15.278,,42.3,,1.78,,0.49
2024-05-30 03:39:52,2024-05-30,03:39:52,16.2,,100.0,,16.2,,16.184,,35.4,,0.24,,0.18,
2024-05-30 03:40:19,2024-05-30,03:40:19,,15.3,,100.0,,15.3,,15.278,,59.3,,1.72,,1.39
2024-05-30 03:40:55,2024-05-30,03:40:55,16.2,,100.0,,16.2,,16.184,,10.5,,0.37,,0.23,
2024-05-30 03:41:22,2024-05-30,03:41:22,,15.3,,100.0,,15.3,,15.278,,57.5,,1.92,,1.51
2024-05-30 03:41:58,2024-05-30,03:41:58,16.2,,100.0,,16.2,,16.184,,343.6,,1.62,,0.66,
2024-05-30 03:42:26,2024-05-30,03:42:26,,15.3,,100.0,,15.3,,15.278,,60.8,,1.76,,1.49
2024-05-30 03:43:02,2024-05-30,03:43:02,16.1,,100.0,,16.1,,16.084,,329.5,,2.08,,1.25,
2024-05-30 03:43:30,2024-05-30,03:43:30,,15.3,,100.0,,15.3,,15.278,,63.4,,1.98,,1.45
2024-05-30 03:44:06,2024-05-30,03:44:06,16.0,,100.0,,16.1,,16.084,,327.8,,1.87,,1.2,
2024-05-30 03:44:33,2024-05-30,03:44:33,,15.3,,100.0,,15.3,,15.278,,66.3,,2.18,,1.29
2024-05-30 03:45:09,2024-05-30,03:45:09,16.0,,100.0,,16.0,,15.983,,47.5,,1.39,,0.06,
2024-05-30 03:45:36,2024-05-30,03:45:36,,15.3,,100.0,,15.3,,15.278,,55.9,,1.98,,1.53
2024-05-30 03:46:40,2024-05-30,03:46:40,16.0,15.3,100.0,100.0,16.0,15.3,15.983,15.278,47.5,56.0,0.26,1.72,0.12,1.4
2024-05-30 03:47:43,2024-05-30,03:47:43,16.1,15.3,100.0,100.0,16.1,15.3,16.084,15.278,26.3,47.6,0.34,1.61,0.17,0.69
2024-05-30 03:48:46,2024-05-30,03:48:46,16.1,,100.0,,16.1,,16.084,,95.5,,0.25,,0.12,
2024-05-30 03:48:47,2024-05-30,03:48:47,,15.3,,100.0,,15.3,,15.278,,59.9,,1.69,,1.24
2024-05-30 03:49:50,2024-05-30,03:49:50,16.1,15.3,100.0,100.0,16.1,15.3,16.084,15.278,44.1,53.5,0.33,1.53,0.11,0.65
2024-05-30 03:50:54,2024-05-30,03:50:54,16.1,15.4,100.0,100.0,16.1,15.4,16.084,15.379,36.4,58.9,0.48,1.55,0.29,0.55
2024-05-30 03:51:57,2024-05-30,03:51:57,16.2,,100.0,,16.2,,16.184,,17.4,,0.46,,0.37,
2024-05-30 03:51:58,2024-05-30,03:51:58,,15.4,,100.0,,15.4,,15.379,,54.4,,1.34,,1.12
2024-05-30 03:53:00,2024-05-30,03:53:00,16.2,,100.0,,16.2,,16.184,,15.7,,0.44,,0.23,
2024-05-30 03:53:01,2024-05-30,03:53:01,,15.4,,100.0,,15.4,,15.379,,53.0,,1.26,,0.53
2024-05-30 03:54:04,2024-05-30,03:54:04,16.2,15.4,100.0,100.0,16.2,15.4,16.184,15.379,1.0,59.0,0.37,1.37,0.23,1.21
2024-05-30 03:55:08,2024-05-30,03:55:08,16.2,15.4,100.0,100.0,16.2,15.4,16.184,15.379,5.0,65.3,0.19,1.37,0.13,1.17
2024-05-30 03:56:11,2024-05-30,03:56:11,16.2,,100.0,,16.2,,16.184,,80.2,,0.35,,0.12,
2024-05-30 03:56:12,2024-05-30,03:56:12,,15.4,,100.0,,15.4,,15.379,,66.4,,1.62,,1.35
2024-05-30 03:57:14,2024-05-30,03:57:14,16.2,,100.0,,16.2,,16.184,,80.2,,0.22,,0.06,
2024-05-30 03:57:15,2024-05-30,03:57:15,,15.4,,100.0,,15.4,,15.379,,70.4,,1.2,,0.85
2024-05-30 03:58:18,2024-05-30,03:58:18,16.2,15.4,100.0,100.0,16.2,15.4,16.184,15.379,58.2,53.6,0.26,0.95,0.19,0.36
2024-05-30 03:59:22,2024-05-30,03:59:22,16.2,15.4,100.0,100.0,16.2,15.4,16.184,15.379,318.8,53.7,2.04,1.27,1.42,0.82
2024-05-30 04:00:25,2024-05-30,04:00:25,16.2,,100.0,,16.2,,16.184,,315.7,,1.93,,1.17,
2024-05-30 04:00:26,2024-05-30,04:00:26,,15.4,,100.0,,15.4,,15.379,,57.0,,1.37,,0.71
2024-05-30 04:01:28,2024-05-30,04:01:28,16.1,,100.0,,16.2,,16.184,,328.4,,1.72,,0.84,
2024-05-30 04:01:29,2024-05-30,04:01:29,,15.4,,100.0,,15.4,,15.379,,41.1,,1.18,,1.0
2024-05-30 04:02:32,2024-05-30,04:02:32,16.2,15.4,100.0,100.0,16.2,15.4,16.184,15.379,23.2,44.2,0.74,1.44,0.3,1.01
2024-05-30 04:03:36,2024-05-30,04:03:36,16.1,15.4,100.0,100.0,16.1,15.4,16.084,15.379,349.3,52.2,0.44,1.32,0.36,1.19
2024-05-30 04:04:39,2024-05-30,04:04:39,16.2,,100.0,,16.1,,16.084,,344.3,,0.47,,0.3,
2024-05-30 04:04:40,2024-05-30,04:04:40,,15.5,,100.0,,15.5,,15.479,,28.4,,1.23,,1.03
2024-05-30 04:05:42,2024-05-30,04:05:42,16.2,,100.0,,16.2,,16.184,,346.8,,0.44,,0.39,
2024-05-30 04:05:43,2024-05-30,04:05:43,,15.5,,100.0,,15.4,,15.379,,37.5,,1.35,,1.14
2024-05-30 04:06:46,2024-05-30,04:06:46,16.1,15.4,100.0,100.0,16.1,15.4,16.084,15.379,344.1,39.5,0.75,1.51,0.48,0.77
2024-05-30 04:07:50,2024-05-30,04:07:50,16.1,15.4,100.0,100.0,16.1,15.4,16.084,15.379,351.7,21.7,0.88,1.36,0.72,1.13
2024-05-30 04:08:53,2024-05-30,04:08:53,16.0,,100.0,,16.0,,15.983,,19.4,,0.68,,0.39,
2024-05-30 04:08:54,2024-05-30,04:08:54,,15.4,,100.0,,15.3,,15.278,,44.5,,1.42,,1.14
2024-05-30 04:09:56,2024-05-30,04:09:56,16.0,,100.0,,16.0,,15.983,,13.5,,0.45,,0.15,
2024-05-30 04:09:57,2024-05-30,04:09:57,,15.3,,100.0,,15.3,,15.278,,54.5,,1.3,,1.18
2024-05-30 04:11:00,2024-05-30,04:11:00,16.0,15.3,100.0,100.0,16.0,15.3,15.983,15.278,62.1,61.7,0.27,1.54,0.19,1.05
2024-05-30 04:12:04,2024-05-30,04:12:04,16.0,15.3,100.0,100.0,16.0,15.3,15.983,15.278,74.3,62.0,0.31,1.55,0.2,1.41
2024-05-30 04:13:07,2024-05-30,04:13:07,16.1,,100.0,,16.1,,16.084,,84.2,,0.23,,0.06,
2024-05-30 04:13:08,2024-05-30,04:13:08,,15.3,,100.0,,15.3,,15.278,,53.1,,2.19,,1.12
2024-05-30 04:14:11,2024-05-30,04:14:11,16.1,15.3,100.0,100.0,16.1,15.4,16.084,15.379,63.0,58.5,0.35,1.47,0.16,1.1
2024-05-30 04:15:14,2024-05-30,04:15:14,16.1,15.4,100.0,100.0,16.1,15.4,16.084,15.379,62.7,69.5,0.39,1.68,0.07,0.43
2024-05-30 04:16:18,2024-05-30,04:16:18,16.1,15.3,100.0,100.0,16.1,15.3,16.084,15.278,324.8,66.3,1.65,1.86,1.04,1.6
2024-05-30 04:17:22,2024-05-30,04:17:22,16.0,15.3,100.0,100.0,16.0,15.3,15.983,15.278,322.1,65.1,1.67,1.69,1.12,1.52
2024-05-30 04:18:25,2024-05-30,04:18:25,15.9,15.3,100.0,100.0,15.9,15.3,15.882,15.278,320.5,54.4,1.61,2.09,1.14,1.55
2024-05-30 04:19:28,2024-05-30,04:19:28,15.9,15.3,100.0,100.0,15.9,15.3,15.882,15.278,51.6,55.5,1.93,1.88,0.11,1.1
2024-05-30 04:20:32,2024-05-30,04:20:32,16.0,15.3,100.0,100.0,16.0,15.3,15.983,15.278,14.8,59.4,0.37,1.81,0.14,0.89
2024-05-30 04:21:36,2024-05-30,04:21:36,16.0,15.3,100.0,100.0,16.0,15.3,15.983,15.278,330.5,43.1,0.3,1.66,0.12,0.71
2024-05-30 04:22:39,2024-05-30,04:22:39,16.0,15.3,100.0,100.0,16.0,15.3,15.983,15.278,45.0,40.8,0.38,1.66,0.22,0.76
2024-05-30 04:23:42,2024-05-30,04:23:42,16.0,15.3,100.0,100.0,16.0,15.3,15.983,15.278,356.0,50.2,0.3,1.26,0.2,0.99
2024-05-30 04:24:46,2024-05-30,04:24:46,16.0,15.3,100.0,100.0,16.0,15.3,15.983,15.278,356.0,60.0,0.21,1.86,0.09,1.31
2024-05-30 04:25:50,2024-05-30,04:25:50,16.0,15.3,100.0,100.0,16.0,15.3,15.983,15.278,356.0,65.1,0.21,1.97,0.15,0.98
2024-05-30 04:26:53,2024-05-30,04:26:53,16.0,15.3,100.0,100.0,16.0,15.3,15.983,15.278,356.0,51.5,0.23,1.54,0.15,0.85
2024-05-30 04:27:56,2024-05-30,04:27:56,16.0,15.3,100.0,100.0,16.0,15.3,15.983,15.278,1.9,67.3,0.3,1.6,0.24,1.36
2024-05-30 04:29:00,2024-05-30,04:29:00,16.0,15.3,100.0,100.0,16.0,15.3,15.983,15.278,34.6,52.2,0.49,1.79,0.38,1.52
2024-05-30 04:30:04,2024-05-30,04:30:04,16.0,15.3,100.0,100.0,16.0,15.3,15.983,15.278,23.9,49.4,0.5,1.74,0.39,1.03
2024-05-30 04:31:07,2024-05-30,04:31:07,16.0,15.3,100.0,100.0,16.0,15.3,15.983,15.278,27.3,38.6,0.45,1.88,0.28,1.09
2024-05-30 04:32:10,2024-05-30,04:32:10,16.0,15.4,100.0,100.0,16.0,15.4,15.983,15.379,10.0,48.6,0.43,1.8,0.36,1.42
2024-05-30 04:33:14,2024-05-30,04:33:14,16.0,15.4,100.0,100.0,16.0,15.4,15.983,15.379,306.9,49.8,2.01,1.45,0.96,0.88
2024-05-30 04:34:18,2024-05-30,04:34:18,16.0,15.3,100.0,100.0,16.0,15.3,15.983,15.278,336.4,54.1,2.29,1.53,0.73,0.93
2024-05-30 04:35:21,2024-05-30,04:35:21,16.0,15.4,100.0,100.0,16.0,15.4,15.983,15.379,323.6,59.4,1.96,1.58,1.43,1.2
2024-05-30 04:36:24,2024-05-30,04:36:24,16.0,15.3,100.0,100.0,16.0,15.3,15.983,15.278,17.0,58.6,2.1,1.46,0.32,1.28
2024-05-30 04:37:28,2024-05-30,04:37:28,16.0,15.3,100.0,100.0,16.0,15.3,15.983,15.278,17.8,51.2,0.37,1.52,0.14,1.11
2024-05-30 04:38:32,2024-05-30,04:38:32,16.0,15.4,100.0,100.0,16.0,15.3,15.983,15.278,2.7,54.0,0.39,1.69,0.27,1.51
2024-05-30 04:39:35,2024-05-30,04:39:35,16.0,15.3,100.0,100.0,16.0,15.3,15.983,15.278,56.8,61.3,0.36,1.31,0.28,1.09
2024-05-30 04:40:38,2024-05-30,04:40:38,,15.3,,100.0,,15.3,,15.278,,54.8,,1.19,,0.99
2024-05-30 04:40:39,2024-05-30,04:40:39,16.0,,100.0,,16.0,,15.983,,14.8,,0.41,,0.2,
2024-05-30 04:41:42,2024-05-30,04:41:42,16.0,15.3,100.0,100.0,16.0,15.3,15.983,15.278,356.7,43.8,0.27,1.36,0.22,0.69
2024-05-30 04:42:46,2024-05-30,04:42:46,16.0,15.3,100.0,100.0,16.0,15.3,15.983,15.278,342.5,51.2,0.34,1.3,0.16,0.95
2024-05-30 04:43:49,2024-05-30,04:43:49,,15.3,,100.0,,15.3,,15.278,,40.9,,1.34,,1.09
2024-05-30 04:43:50,2024-05-30,04:43:50,16.0,,100.0,,16.0,,15.983,,43.0,,0.33,,0.15,
2024-05-30 04:44:52,2024-05-30,04:44:52,,15.3,,100.0,,15.3,,15.278,,45.5,,1.73,,1.28
2024-05-30 04:44:53,2024-05-30,04:44:53,16.0,,100.0,,16.0,,15.983,,34.8,,0.5,,0.36,
2024-05-30 04:45:56,2024-05-30,04:45:56,15.9,15.3,100.0,100.0,15.9,15.3,15.882,15.278,34.8,43.3,0.56,1.66,0.21,1.1
2024-05-30 04:47:00,2024-05-30,04:47:00,15.9,15.2,100.0,100.0,15.9,15.2,15.882,15.177,33.6,36.2,0.45,1.69,0.35,0.99
2024-05-30 04:48:03,2024-05-30,04:48:03,,15.2,,100.0,,15.2,,15.177,,54.6,,1.74,,1.11
2024-05-30 04:48:04,2024-05-30,04:48:04,15.9,,100.0,,15.9,,15.882,,45.8,,0.56,,0.32,
2024-05-30 04:49:06,2024-05-30,04:49:06,,15.2,,100.0,,15.2,,15.177,,37.4,,1.87,,0.87
2024-05-30 04:49:07,2024-05-30,04:49:07,15.9,,100.0,,15.9,,15.882,,19.4,,0.4,,0.22,
2024-05-30 04:50:10,2024-05-30,04:50:10,15.8,15.2,100.0,100.0,15.8,15.2,15.782,15.177,324.5,66.5,1.72,1.92,1.27,1.57
2024-05-30 04:51:14,2024-05-30,04:51:14,15.8,15.2,100.0,100.0,15.8,15.2,15.782,15.177,327.8,59.4,1.63,2.15,1.05,1.5
2024-05-30 04:52:17,2024-05-30,04:52:17,,15.2,,100.0,,15.2,,15.177,,64.0,,1.8,,1.4
2024-05-30 04:52:18,2024-05-30,04:52:18,15.8,,100.0,,15.8,,15.782,,330.1,,1.73,,1.06,
2024-05-30 04:53:20,2024-05-30,04:53:20,,15.2,,100.0,,15.2,,15.177,,63.8,,1.8,,0.86
2024-05-30 04:53:21,2024-05-30,04:53:21,15.7,,100.0,,15.7,,15.681,,9.6,,2.07,,0.22,
2024-05-30 04:54:24,2024-05-30,04:54:24,15.7,15.2,100.0,100.0,15.7,15.2,15.681,15.177,5.7,34.7,0.33,1.46,0.21,0.82
2024-05-30 04:55:28,2024-05-30,04:55:28,15.7,15.2,100.0,100.0,15.7,15.2,15.681,15.177,359.4,48.3,0.39,1.84,0.25,1.43
2024-05-30 04:56:31,2024-05-30,04:56:31,,15.2,,100.0,,15.2,,15.177,,41.8,,2.01,,1.14
2024-05-30 04:56:32,2024-05-30,04:56:32,15.7,,100.0,,15.7,,15.681,,34.2,,0.43,,0.31,
2024-05-30 04:57:34,2024-05-30,04:57:34,,15.2,,100.0,,15.2,,15.177,,44.2,,1.49,,0.99
2024-05-30 04:57:35,2024-05-30,04:57:35,15.7,,100.0,,15.7,,15.681,,47.0,,0.42,,0.18,
2024-05-30 04:58:38,2024-05-30,04:58:38,15.8,15.2,100.0,100.0,15.8,15.2,15.782,15.177,106.7,47.6,0.41,1.63,0.09,0.93
2024-05-30 04:59:42,2024-05-30,04:59:42,15.8,15.1,100.0,100.0,15.8,15.2,15.782,15.177,20.0,49.3,0.45,1.57,0.08,1.35
2024-05-30 05:00:45,2024-05-30,05:00:45,,15.1,,100.0,,15.1,,15.076,,65.3,,1.61,,0.86
2024-05-30 05:00:46,2024-05-30,05:00:46,15.8,,100.0,,15.8,,15.782,,40.3,,0.42,,0.3,
2024-05-30 05:01:48,2024-05-30,05:01:48,,,,,,15.1,,,,15.1,,10.0,,1.23
2024-05-30 05:01:49,2024-05-30,05:01:49,15.8,,100.0,,15.8,,15.782,,62.0,,0.4,,0.14,
2024-05-30 05:02:52,2024-05-30,05:02:52,15.9,15.2,100.0,100.0,15.9,15.1,15.882,15.076,60.6,53.9,0.34,1.25,0.23,1.06
2024-05-30 05:03:56,2024-05-30,05:03:56,15.9,15.2,100.0,100.0,15.9,15.2,15.882,15.177,58.3,62.9,0.34,1.38,0.07,0.97
2024-05-30 05:04:59,2024-05-30,05:04:59,,15.1,,100.0,,15.1,,15.076,,61.6,,1.41,,1.12
2024-05-30 05:05:00,2024-05-30,05:05:00,15.9,,100.0,,15.9,,15.882,,90.7,,0.35,,0.15,
2024-05-30 05:06:02,2024-05-30,05:06:02,,15.2,,100.0,,15.2,,15.177,,53.6,,1.44,,0.94
2024-05-30 05:06:03,2024-05-30,05:06:03,15.9,,100.0,,15.9,,15.882,,81.1,,0.29,,0.11,
2024-05-30 05:07:06,2024-05-30,05:07:06,15.9,15.1,100.0,100.0,15.9,15.1,15.882,15.076,81.1,46.0,0.23,1.42,0.17,0.99
2024-05-30 05:08:10,2024-05-30,05:08:10,15.9,15.1,100.0,100.0,15.9,15.1,15.882,15.076,2.9,53.9,0.35,1.77,0.32,1.33
2024-05-30 05:09:13,2024-05-30,05:09:13,,15.1,,100.0,,15.1,,15.076,,35.4,,1.48,,0.88
2024-05-30 05:09:14,2024-05-30,05:09:14,15.9,,100.0,,15.9,,15.882,,15.3,,0.41,,0.28,
2024-05-30 05:10:16,2024-05-30,05:10:16,,15.1,,100.0,,15.1,,15.076,,54.8,,1.41,,1.2
2024-05-30 05:10:17,2024-05-30,05:10:17,15.8,,100.0,,15.8,,15.782,,54.2,,0.46,,0.36,
2024-05-30 05:11:20,2024-05-30,05:11:20,15.8,15.1,100.0,100.0,15.8,15.1,15.782,15.076,343.1,46.3,0.56,1.39,0.36,1.1
2024-05-30 05:12:24,2024-05-30,05:12:24,15.8,15.0,100.0,100.0,15.8,15.0,15.782,14.976,352.2,27.9,0.5,1.63,0.47,1.11
2024-05-30 05:13:27,2024-05-30,05:13:27,,15.0,,100.0,,15.0,,14.976,,38.4,,1.63,,1.22
2024-05-30 05:13:28,2024-05-30,05:13:28,15.8,,100.0,,15.8,,15.782,,335.3,,0.44,,0.28,
2024-05-30 05:14:30,2024-05-30,05:14:30,,15.0,,100.0,,15.0,,14.976,,39.6,,1.54,,1.37
2024-05-30 05:14:31,2024-05-30,05:14:31,15.8,,100.0,,15.8,,15.782,,341.8,,0.46,,0.41,
2024-05-30 05:15:34,2024-05-30,05:15:34,15.8,15.0,100.0,100.0,15.8,15.0,15.782,14.976,339.5,27.6,0.48,1.46,0.33,1.4
2024-05-30 05:16:38,2024-05-30,05:16:38,15.7,15.0,100.0,100.0,15.7,15.0,15.681,14.976,353.0,48.3,0.51,1.5,0.4,1.3
2024-05-30 05:17:41,2024-05-30,05:17:41,,15.0,,100.0,,15.0,,14.976,,45.5,,1.51,,1.16
2024-05-30 05:17:42,2024-05-30,05:17:42,15.7,,100.0,,15.7,,15.681,,333.3,,0.46,,0.28,
2024-05-30 05:18:44,2024-05-30,05:18:44,,14.9,,100.0,,14.9,,14.875,,45.4,,1.48,,1.22
2024-05-30 05:18:45,2024-05-30,05:18:45,15.7,,100.0,,15.7,,15.681,,352.3,,0.5,,0.41,
2024-05-30 05:19:48,2024-05-30,05:19:48,15.7,14.9,100.0,100.0,15.7,14.9,15.681,14.875,348.0,33.8,0.44,1.58,0.38,1.39
2024-05-30 05:20:52,2024-05-30,05:20:52,15.6,14.9,100.0,100.0,15.6,14.9,15.58,14.875,335.0,56.4,0.52,1.47,0.28,1.26
2024-05-30 05:21:55,2024-05-30,05:21:55,,14.9,,100.0,,14.9,,14.875,,41.9,,1.6,,1.3
2024-05-30 05:21:56,2024-05-30,05:21:56,15.6,,100.0,,15.6,,15.58,,345.0,,0.48,,0.26,
2024-05-30 05:22:58,2024-05-30,05:22:58,,14.9,,100.0,,14.9,,14.875,,37.5,,1.49,,1.18
2024-05-30 05:22:59,2024-05-30,05:22:59,15.6,,100.0,,15.6,,15.58,,356.8,,0.61,,0.41,
2024-05-30 05:24:02,2024-05-30,05:24:02,15.6,14.9,100.0,100.0,15.6,14.9,15.58,14.875,353.3,45.2,0.48,1.62,0.39,1.39
2024-05-30 05:25:06,2024-05-30,05:25:06,15.5,14.9,100.0,100.0,15.5,14.9,15.479,14.875,344.4,43.5,0.44,1.41,0.27,1.12
2024-05-30 05:26:09,2024-05-30,05:26:09,,14.8,,100.0,,14.8,,14.774,,52.3,,1.52,,1.4
2024-05-30 05:26:10,2024-05-30,05:26:10,15.5,,100.0,,15.5,,15.479,,6.9,,0.46,,0.21,
2024-05-30 05:27:12,2024-05-30,05:27:12,,14.8,,100.0,,14.8,,14.774,,44.7,,1.48,,1.07
2024-05-30 05:27:13,2024-05-30,05:27:13,15.5,,100.0,,15.5,,15.479,,350.0,,0.37,,0.2,
2024-05-30 05:28:16,2024-05-30,05:28:16,15.5,14.8,100.0,100.0,15.5,14.8,15.479,14.774,34.8,57.7,0.29,1.2,0.16,0.87
2024-05-30 05:29:20,2024-05-30,05:29:20,15.5,14.8,100.0,100.0,15.5,14.8,15.479,14.774,13.0,55.9,0.33,1.36,0.26,0.79
2024-05-30 05:30:23,2024-05-30,05:30:23,,14.8,,100.0,,14.8,,14.774,,38.3,,1.26,,1.09
2024-05-30 05:30:24,2024-05-30,05:30:24,15.5,,100.0,,15.5,,15.479,,350.4,,0.53,,0.47,
2024-05-30 05:31:26,2024-05-30,05:31:26,,14.8,,100.0,,14.7,,14.674,,41.4,,1.45,,1.28
2024-05-30 05:31:27,2024-05-30,05:31:27,15.4,,100.0,,15.4,,15.379,,343.9,,0.59,,0.49,
2024-05-30 05:32:30,2024-05-30,05:32:30,15.4,14.7,100.0,100.0,15.4,14.7,15.379,14.674,337.7,30.9,0.63,1.53,0.36,1.39
2024-05-30 05:33:34,2024-05-30,05:33:34,15.3,14.6,100.0,100.0,15.3,14.7,15.278,14.674,346.7,32.9,0.5,1.46,0.36,1.26
2024-05-30 05:34:37,2024-05-30,05:34:37,,14.6,,100.0,,14.6,,14.573,,29.0,,1.58,,1.11
2024-05-30 05:34:38,2024-05-30,05:34:38,15.3,,100.0,,15.3,,15.278,,347.6,,0.5,,0.44,
2024-05-30 05:35:40,2024-05-30,05:35:40,,14.6,,100.0,,14.6,,14.573,,31.4,,1.44,,1.34
2024-05-30 05:35:41,2024-05-30,05:35:41,15.3,,100.0,,15.3,,15.278,,348.0,,0.69,,0.45,
2024-05-30 05:36:44,2024-05-30,05:36:44,15.2,14.5,100.0,100.0,15.2,14.5,15.177,14.472,342.2,38.5,0.66,1.61,0.36,1.37
2024-05-30 05:37:48,2024-05-30,05:37:48,15.2,14.5,100.0,100.0,15.2,14.5,15.177,14.472,340.8,37.2,0.58,1.65,0.31,1.51
2024-05-30 05:38:51,2024-05-30,05:38:51,,14.5,,100.0,,14.5,,14.472,,30.1,,1.72,,1.4
2024-05-30 05:38:52,2024-05-30,05:38:52,15.2,,100.0,,15.2,,15.177,,339.8,,0.52,,0.42,
2024-05-30 05:39:54,2024-05-30,05:39:54,,14.4,,100.0,,14.4,,14.371,,42.3,,1.65,,1.31
2024-05-30 05:39:55,2024-05-30,05:39:55,15.2,,100.0,,15.2,,15.177,,0.8,,0.81,,0.41,
2024-05-30 05:40:58,2024-05-30,05:40:58,15.2,14.4,100.0,100.0,15.2,14.4,15.177,14.371,2.3,39.6,0.48,1.68,0.38,1.3
2024-05-30 05:42:02,2024-05-30,05:42:02,15.2,14.4,100.0,100.0,15.2,14.4,15.177,14.371,1.8,42.8,0.46,1.81,0.21,1.61
2024-05-30 05:43:05,2024-05-30,05:43:05,,14.3,,100.0,,14.3,,14.271,,45.5,,1.78,,1.36
2024-05-30 05:43:06,2024-05-30,05:43:06,15.2,,100.0,,15.2,,15.177,,48.5,,0.41,,0.33,
2024-05-30 05:44:08,2024-05-30,05:44:08,,14.3,,100.0,,14.3,,14.271,,32.9,,1.38,,0.93
2024-05-30 05:44:09,2024-05-30,05:44:09,15.1,,100.0,,15.1,,15.076,,33.1,,0.34,,0.29,
2024-05-30 05:45:12,2024-05-30,05:45:12,15.1,14.3,100.0,100.0,15.1,14.3,15.076,14.271,15.5,50.9,0.39,1.51,0.26,1.2
2024-05-30 05:46:16,2024-05-30,05:46:16,15.1,14.3,100.0,100.0,15.1,14.3,15.076,14.271,19.7,43.6,0.39,1.3,0.31,1.03
2024-05-30 05:47:19,2024-05-30,05:47:19,,14.3,,100.0,,14.3,,14.271,,41.3,,1.46,,0.9
2024-05-30 05:47:20,2024-05-30,05:47:20,15.0,,100.0,,15.0,,14.976,,24.4,,0.41,,0.32,
2024-05-30 05:48:22,2024-05-30,05:48:22,,14.3,,100.0,,14.3,,14.271,,37.5,,1.83,,1.23
2024-05-30 05:48:23,2024-05-30,05:48:23,15.0,,100.0,,15.0,,14.976,,22.8,,0.44,,0.25,
2024-05-30 05:49:26,2024-05-30,05:49:26,14.9,14.2,100.0,100.0,14.9,14.2,14.875,14.17,354.7,41.2,0.45,1.77,0.27,1.56
2024-05-30 05:50:30,2024-05-30,05:50:30,14.9,14.2,100.0,100.0,14.9,14.2,14.875,14.17,37.2,40.7,0.38,1.91,0.29,0.97
2024-05-30 05:51:33,2024-05-30,05:51:33,,14.2,,100.0,,14.2,,14.17,,50.1,,1.37,,0.85
2024-05-30 05:51:34,2024-05-30,05:51:34,14.9,,100.0,,14.9,,14.875,,20.4,,0.37,,0.29,
2024-05-30 05:52:36,2024-05-30,05:52:36,,14.2,,100.0,,14.2,,14.17,,38.7,,1.37,,1.18
2024-05-30 05:52:37,2024-05-30,05:52:37,14.9,,100.0,,14.9,,14.875,,354.7,,0.45,,0.28,
2024-05-30 05:53:40,2024-05-30,05:53:40,14.8,14.2,100.0,100.0,14.8,14.2,14.774,14.17,347.4,35.9,0.53,1.63,0.44,1.25
2024-05-30 05:54:44,2024-05-30,05:54:44,14.7,14.1,100.0,100.0,14.7,14.1,14.674,14.069,336.3,18.5,0.59,1.48,0.5,1.12
2024-05-30 05:55:47,2024-05-30,05:55:47,,14.1,,100.0,,14.1,,14.069,,11.5,,1.59,,1.14
2024-05-30 05:55:48,2024-05-30,05:55:48,14.7,,100.0,,14.7,,14.674,,336.3,,0.59,,0.37,
2024-05-30 05:56:50,2024-05-30,05:56:50,,14.1,,100.0,,14.1,,14.069,,31.1,,1.85,,1.36
2024-05-30 05:56:51,2024-05-30,05:56:51,14.7,,100.0,,14.7,,14.674,,340.5,,0.51,,0.45,
2024-05-30 05:57:54,2024-05-30,05:57:54,14.7,14.1,100.0,100.0,14.7,14.1,14.674,14.069,346.5,23.3,0.63,1.56,0.5,1.41
2024-05-30 05:58:58,2024-05-30,05:58:58,14.7,14.1,100.0,100.0,14.7,14.1,14.674,14.069,343.7,25.5,0.75,1.53,0.57,1.17
2024-05-30 06:00:01,2024-05-30,06:00:01,,14.0,,100.0,,14.0,,13.969,,24.4,,1.56,,1.19
2024-05-30 06:00:02,2024-05-30,06:00:02,14.6,,100.0,,14.6,,14.573,,350.4,,0.82,,0.43,
2024-05-30 06:01:04,2024-05-30,06:01:04,,14.1,,100.0,,14.1,,14.069,,37.0,,1.49,,1.2
2024-05-30 06:01:05,2024-05-30,06:01:05,14.6,,100.0,,14.6,,14.573,,358.5,,0.8,,0.56,
2024-05-30 06:02:08,2024-05-30,06:02:08,14.6,14.0,100.0,100.0,14.6,14.1,14.573,14.069,335.5,40.6,0.64,1.51,0.2,1.19
2024-05-30 06:03:12,2024-05-30,06:03:12,14.6,14.1,100.0,100.0,14.6,14.1,14.573,14.069,340.2,55.3,0.37,1.3,0.08,0.71
2024-05-30 06:04:15,2024-05-30,06:04:15,,14.1,,100.0,,14.1,,14.069,,44.4,,1.21,,0.54
2024-05-30 06:04:16,2024-05-30,06:04:16,14.6,,100.0,,14.6,,14.573,,5.3,,0.31,,0.16,
2024-05-30 06:05:18,2024-05-30,06:05:18,,14.1,,100.0,,14.1,,14.069,,50.2,,1.37,,0.77
2024-05-30 06:05:19,2024-05-30,06:05:19,14.7,,100.0,,14.7,,14.674,,24.7,,0.38,,0.3,
2024-05-30 06:06:22,2024-05-30,06:06:22,14.6,14.1,100.0,100.0,14.6,14.1,14.573,14.069,23.9,47.6,0.43,1.45,0.18,0.95
2024-05-30 06:07:26,2024-05-30,06:07:26,14.7,14.1,100.0,100.0,14.7,14.1,14.674,14.069,346.8,39.8,0.42,1.24,0.37,1.1
2024-05-30 06:08:29,2024-05-30,06:08:29,,14.1,,100.0,,14.1,,14.069,,38.8,,1.35,,1.17
2024-05-30 06:08:30,2024-05-30,06:08:30,14.6,,100.0,,14.7,,14.674,,347.2,,0.6,,0.4,
2024-05-30 06:09:32,2024-05-30,06:09:32,,14.1,,100.0,,14.1,,14.069,,26.2,,1.64,,1.16
2024-05-30 06:09:33,2024-05-30,06:09:33,14.6,,100.0,,14.6,,14.573,,331.9,,0.64,,0.38,
2024-05-30 06:10:36,2024-05-30,06:10:36,14.6,14.1,100.0,100.0,14.6,14.1,14.573,14.069,340.6,15.7,0.49,1.47,0.36,1.2
2024-05-30 06:11:40,2024-05-30,06:11:40,14.6,14.1,100.0,100.0,14.6,14.1,14.573,14.069,344.0,20.8,0.58,1.49,0.47,1.17
2024-05-30 06:12:43,2024-05-30,06:12:43,,14.1,,100.0,,14.1,,14.069,,39.8,,1.65,,1.02
2024-05-30 06:12:44,2024-05-30,06:12:44,14.6,,100.0,,14.6,,14.573,,341.3,,0.6,,0.44,
2024-05-30 06:13:46,2024-05-30,06:13:46,,14.1,,100.0,,14.1,,14.069,,47.3,,1.87,,1.44
2024-05-30 06:13:47,2024-05-30,06:13:47,14.6,,100.0,,14.6,,14.573,,320.9,,0.54,,0.39,
2024-05-30 06:14:50,2024-05-30,06:14:50,14.6,14.1,100.0,100.0,14.6,14.1,14.573,14.069,343.9,49.5,0.36,2.16,0.26,1.38
2024-05-30 06:15:54,2024-05-30,06:15:54,14.6,14.1,100.0,100.0,14.6,14.1,14.573,14.069,31.9,52.2,0.34,1.71,0.21,1.33
2024-05-30 06:16:57,2024-05-30,06:16:57,,14.1,,100.0,,14.1,,14.069,,43.8,,1.74,,0.84
2024-05-30 06:16:58,2024-05-30,06:16:58,14.7,,100.0,,14.6,,14.573,,27.5,,0.53,,0.24,
2024-05-30 06:18:00,2024-05-30,06:18:00,,14.2,,100.0,,14.2,,14.17,,55.2,,1.73,,1.33
2024-05-30 06:18:01,2024-05-30,06:18:01,14.6,,100.0,,14.6,,14.573,,13.3,,0.46,,0.24,
2024-05-30 06:19:04,2024-05-30,06:19:04,14.6,14.2,100.0,100.0,14.6,14.2,14.573,14.17,31.6,47.5,0.48,1.88,0.38,1.27
2024-05-30 06:20:08,2024-05-30,06:20:08,14.6,14.2,100.0,100.0,14.6,14.2,14.573,14.17,356.4,36.0,0.46,1.86,0.29,1.68
2024-05-30 06:21:11,2024-05-30,06:21:11,,14.2,,100.0,,14.2,,14.17,,53.6,,1.96,,1.41
2024-05-30 06:21:12,2024-05-30,06:21:12,14.6,,100.0,,14.6,,14.573,,41.3,,0.39,,0.32,
2024-05-30 06:22:14,2024-05-30,06:22:14,,14.2,,100.0,,14.2,,14.17,,37.6,,2.08,,1.22
2024-05-30 06:22:15,2024-05-30,06:22:15,14.6,,100.0,,14.6,,14.573,,37.3,,0.39,,0.28,
2024-05-30 06:23:18,2024-05-30,06:23:18,14.7,14.2,100.0,100.0,14.7,14.2,14.674,14.17,97.9,37.3,0.35,1.93,0.16,1.7
2024-05-30 06:24:22,2024-05-30,06:24:22,14.7,14.3,100.0,100.0,14.7,14.3,14.674,14.271,57.0,47.4,0.35,1.83,0.19,1.4
2024-05-30 06:25:25,2024-05-30,06:25:25,,14.3,,100.0,,14.3,,14.271,,40.4,,1.59,,0.98
2024-05-30 06:25:26,2024-05-30,06:25:26,14.7,,100.0,,14.7,,14.674,,93.1,,0.26,,0.03,
2024-05-30 06:26:28,2024-05-30,06:26:28,,14.4,,100.0,,14.4,,14.371,,54.6,,1.75,,0.9
2024-05-30 06:26:29,2024-05-30,06:26:29,14.7,,100.0,,14.7,,14.674,,76.5,,0.41,,0.14,
2024-05-30 06:27:32,2024-05-30,06:27:32,,14.4,,100.0,,14.4,,14.371,,55.1,,1.97,,1.55
2024-05-30 06:27:33,2024-05-30,06:27:33,14.7,,100.0,,14.7,,14.674,,35.6,,0.3,,0.08,
2024-05-30 06:28:36,2024-05-30,06:28:36,14.7,14.5,100.0,100.0,14.7,14.5,14.674,14.472,57.9,52.6,0.32,2.33,0.22,0.99
2024-05-30 06:29:39,2024-05-30,06:29:39,,14.5,,100.0,,14.5,,14.472,,50.3,,2.1,,1.75
2024-05-30 06:29:40,2024-05-30,06:29:40,14.7,,100.0,,14.7,,14.674,,82.5,,0.38,,0.15,
2024-05-30 06:30:43,2024-05-30,06:30:43,,14.6,,100.0,,14.6,,14.573,,43.4,,2.02,,1.55
2024-05-30 06:30:44,2024-05-30,06:30:44,14.7,,100.0,,14.7,,14.674,,49.7,,0.49,,0.14,
2024-05-30 06:31:46,2024-05-30,06:31:46,14.8,14.7,100.0,100.0,14.8,14.7,14.774,14.674,49.7,50.3,0.27,2.29,0.09,1.67
2024-05-30 06:32:50,2024-05-30,06:32:50,14.8,14.7,100.0,100.0,14.8,14.7,14.774,14.674,55.9,35.3,0.43,2.0,0.15,1.13
2024-05-30 06:33:54,2024-05-30,06:33:54,14.8,14.8,100.0,100.0,14.8,14.8,14.774,14.774,43.9,58.7,0.44,1.63,0.32,1.39
2024-05-30 06:34:56,2024-05-30,06:34:56,,14.8,,100.0,,14.8,,14.774,,58.6,,1.92,,1.31
2024-05-30 06:34:57,2024-05-30,06:34:57,14.9,,100.0,,14.9,,14.875,,78.7,,0.49,,0.36,
2024-05-30 06:36:00,2024-05-30,06:36:00,14.9,14.9,100.0,100.0,14.9,14.9,14.875,14.875,0.3,49.1,0.45,2.18,0.21,1.67
2024-05-30 06:37:04,2024-05-30,06:37:04,15.0,15.0,100.0,100.0,15.0,15.0,14.976,14.976,88.1,51.7,0.54,2.24,0.28,1.31
2024-05-30 06:38:07,2024-05-30,06:38:07,,15.0,,100.0,,15.0,,14.976,,36.0,,2.45,,1.11
2024-05-30 06:38:08,2024-05-30,06:38:08,15.0,,100.0,,15.0,,14.976,,40.2,,0.45,,0.23,
2024-05-30 06:39:11,2024-05-30,06:39:11,15.0,15.1,100.0,100.0,15.0,15.1,14.976,15.076,44.5,40.5,0.51,1.98,0.24,1.36
2024-05-30 06:40:14,2024-05-30,06:40:14,,15.1,,100.0,,15.1,,15.076,,43.8,,2.03,,1.04
2024-05-30 06:40:15,2024-05-30,06:40:15,15.1,,100.0,,15.1,,15.076,,33.6,,0.42,,0.26,
2024-05-30 06:41:18,2024-05-30,06:41:18,15.1,15.2,100.0,100.0,15.1,15.2,15.076,15.177,12.7,35.8,0.44,1.89,0.2,1.36
2024-05-30 06:42:21,2024-05-30,06:42:21,,15.3,,100.0,,15.3,,15.278,,51.6,,1.65,,1.36
2024-05-30 06:42:22,2024-05-30,06:42:22,15.1,,100.0,,15.1,,15.076,,51.5,,0.39,,0.16,
2024-05-30 06:43:25,2024-05-30,06:43:25,15.1,15.3,100.0,100.0,15.2,15.3,15.177,15.278,56.4,57.7,0.31,2.48,0.21,0.71
2024-05-30 06:44:28,2024-05-30,06:44:28,,15.4,,100.0,,15.4,,15.379,,44.2,,2.25,,1.0
2024-05-30 06:44:29,2024-05-30,06:44:29,15.2,,100.0,,15.2,,15.177,,53.5,,0.28,,0.17,
2024-05-30 06:45:32,2024-05-30,06:45:32,15.2,15.5,100.0,100.0,15.2,15.5,15.177,15.479,15.7,55.0,0.32,2.12,0.11,1.23
2024-05-30 06:46:36,2024-05-30,06:46:36,15.3,15.5,100.0,100.0,15.3,15.5,15.278,15.479,85.2,45.3,0.43,1.93,0.11,1.15
2024-05-30 06:47:39,2024-05-30,06:47:39,,15.6,,100.0,,15.6,,15.58,,38.6,,2.26,,1.51
2024-05-30 06:47:40,2024-05-30,06:47:40,15.3,,100.0,,15.3,,15.278,,44.8,,0.43,,0.3,
2024-05-30 06:48:42,2024-05-30,06:48:42,,15.6,,100.0,,15.6,,15.58,,45.0,,1.98,,1.52
2024-05-30 06:48:43,2024-05-30,06:48:43,15.4,,100.0,,15.4,,15.379,,48.6,,0.56,,0.18,
2024-05-30 06:49:46,2024-05-30,06:49:46,15.5,15.7,100.0,100.0,15.5,15.7,15.479,15.681,23.8,56.4,0.67,2.04,0.43,1.45
2024-05-30 06:50:49,2024-05-30,06:50:49,,15.7,,100.0,,15.7,,15.681,,66.4,,1.73,,1.29
2024-05-30 06:50:50,2024-05-30,06:50:50,15.6,,100.0,,15.6,,15.58,,10.9,,0.58,,0.3,
2024-05-30 06:51:53,2024-05-30,06:51:53,,15.8,,100.0,,15.8,,15.782,,49.1,,1.84,,1.4
2024-05-30 06:51:54,2024-05-30,06:51:54,15.6,,100.0,,15.6,,15.58,,18.6,,0.51,,0.39,
2024-05-30 06:52:56,2024-05-30,06:52:56,,15.8,,100.0,,15.8,,15.782,,47.4,,1.97,,1.63
2024-05-30 06:52:57,2024-05-30,06:52:57,15.7,,100.0,,15.7,,15.681,,341.5,,0.39,,0.27,
2024-05-30 06:54:00,2024-05-30,06:54:00,15.7,15.9,100.0,100.0,15.7,15.9,15.681,15.882,20.8,52.7,0.33,1.96,0.24,1.53
2024-05-30 06:55:04,2024-05-30,06:55:04,15.8,15.9,100.0,100.0,15.8,15.9,15.782,15.882,17.5,54.9,0.37,1.6,0.26,1.02
2024-05-30 06:56:07,2024-05-30,06:56:07,,16.0,,100.0,,16.0,,15.983,,48.4,,1.36,,0.84
2024-05-30 06:56:08,2024-05-30,06:56:08,15.8,,100.0,,15.8,,15.782,,107.3,,0.38,,0.15,
2024-05-30 06:57:10,2024-05-30,06:57:10,,16.1,,100.0,,16.1,,16.084,,60.9,,1.45,,0.98
2024-05-30 06:57:11,2024-05-30,06:57:11,15.9,,100.0,,15.9,,15.882,,188.9,,0.46,,0.16,
2024-05-30 06:58:14,2024-05-30,06:58:14,16.0,16.1,100.0,100.0,16.0,16.1,15.983,16.084,8.7,56.4,0.3,1.44,0.21,0.6
2024-05-30 06:59:18,2024-05-30,06:59:18,16.1,,100.0,,16.1,,16.084,,25.9,,0.42,,0.25,
2024-05-30 06:59:44,2024-05-30,06:59:44,,16.2,,100.0,,16.2,,16.184,,62.1,,1.36,,0.61
2024-05-30 07:00:22,2024-05-30,07:00:22,16.3,,100.0,,16.3,,16.285,,25.1,,0.59,,0.1,
2024-05-30 07:00:48,2024-05-30,07:00:48,,16.3,,100.0,,16.3,,16.285,,54.9,,1.67,,1.37
2024-05-30 07:01:25,2024-05-30,07:01:25,16.4,,100.0,,16.4,,16.386,,21.2,,0.34,,0.2,
2024-05-30 07:01:52,2024-05-30,07:01:52,,16.3,,100.0,,16.3,,16.285,,50.6,,1.74,,1.11
2024-05-30 07:02:28,2024-05-30,07:02:28,16.5,,100.0,,16.5,,16.487,,2.9,,0.42,,0.15,
2024-05-30 07:02:55,2024-05-30,07:02:55,,16.4,,100.0,,16.4,,16.386,,47.7,,1.75,,1.02
2024-05-30 07:03:32,2024-05-30,07:03:32,16.6,,100.0,,16.6,,16.587,,42.8,,0.33,,0.18,
2024-05-30 07:03:58,2024-05-30,07:03:58,,16.4,,100.0,,16.4,,16.386,,45.5,,1.75,,1.51
2024-05-30 07:04:36,2024-05-30,07:04:36,16.7,,100.0,,16.7,,16.688,,32.6,,0.66,,0.23,
2024-05-30 07:05:02,2024-05-30,07:05:02,,16.4,,100.0,,16.4,,16.386,,41.8,,1.67,,1.01
2024-05-30 07:05:39,2024-05-30,07:05:39,16.8,,100.0,,16.8,,16.789,,7.0,,0.58,,0.29,
2024-05-30 07:06:06,2024-05-30,07:06:06,,16.5,,100.0,,16.5,,16.487,,38.9,,1.67,,0.99
2024-05-30 07:06:42,2024-05-30,07:06:42,16.9,,100.0,,16.9,,16.889,,24.3,,0.67,,0.29,
2024-05-30 07:07:09,2024-05-30,07:07:09,,16.5,,100.0,,16.5,,16.487,,34.7,,1.63,,1.22
2024-05-30 07:07:46,2024-05-30,07:07:46,17.0,,100.0,,16.9,,16.889,,34.0,,0.74,,0.28,
2024-05-30 07:08:12,2024-05-30,07:08:12,,16.6,,100.0,,16.6,,16.587,,18.7,,1.92,,1.58
2024-05-30 07:08:50,2024-05-30,07:08:50,17.0,,100.0,,17.0,,16.99,,40.9,,0.83,,0.39,
2024-05-30 07:09:16,2024-05-30,07:09:16,,16.6,,100.0,,16.6,,16.587,,36.6,,1.97,,1.25
2024-05-30 07:09:53,2024-05-30,07:09:53,17.0,,100.0,,17.0,,16.99,,4.5,,0.57,,0.43,
2024-05-30 07:10:20,2024-05-30,07:10:20,,16.7,,100.0,,16.7,,16.688,,42.4,,1.7,,1.41
2024-05-30 07:10:56,2024-05-30,07:10:56,17.1,,100.0,,17.1,,17.091,,33.5,,0.43,,0.29,
2024-05-30 07:11:24,2024-05-30,07:11:24,,16.7,,100.0,,16.7,,16.688,,50.1,,1.49,,1.09
2024-05-30 07:12:00,2024-05-30,07:12:00,17.1,,100.0,,17.1,,17.091,,9.2,,0.47,,0.13,
2024-05-30 07:12:27,2024-05-30,07:12:27,,16.8,,100.0,,16.8,,16.789,,34.8,,1.5,,0.74
2024-05-30 07:13:04,2024-05-30,07:13:04,17.1,,100.0,,17.1,,17.091,,21.7,,0.36,,0.14,
2024-05-30 07:13:30,2024-05-30,07:13:30,,16.9,,100.0,,16.9,,16.889,,58.0,,1.74,,1.27
2024-05-30 07:14:07,2024-05-30,07:14:07,17.2,,100.0,,17.2,,17.192,,52.6,,0.45,,0.24,
2024-05-30 07:14:34,2024-05-30,07:14:34,,16.9,,100.0,,16.9,,16.889,,35.1,,2.01,,0.94
2024-05-30 07:15:10,2024-05-30,07:15:10,17.2,,100.0,,17.2,,17.192,,44.9,,0.52,,0.31,
2024-05-30 07:15:38,2024-05-30,07:15:38,,17.0,,100.0,,17.0,,16.99,,46.8,,1.92,,1.29
2024-05-30 07:16:14,2024-05-30,07:16:14,17.2,,100.0,,17.2,,17.192,,352.4,,0.74,,0.26,
2024-05-30 07:16:41,2024-05-30,07:16:41,,17.1,,100.0,,17.1,,17.091,,44.0,,2.09,,1.39
2024-05-30 07:17:18,2024-05-30,07:17:18,17.3,,100.0,,17.3,,17.292,,346.4,,0.45,,0.35,
2024-05-30 07:17:44,2024-05-30,07:17:44,,17.1,,100.0,,17.1,,17.091,,37.7,,1.99,,1.42
2024-05-30 07:18:21,2024-05-30,07:18:21,17.3,,100.0,,17.3,,17.292,,7.2,,0.48,,0.26,
2024-05-30 07:18:48,2024-05-30,07:18:48,,17.1,,100.0,,17.1,,17.091,,41.7,,2.17,,1.08
2024-05-30 07:19:24,2024-05-30,07:19:24,17.5,,100.0,,17.5,,17.494,,43.1,,0.69,,0.56,
2024-05-30 07:19:52,2024-05-30,07:19:52,,17.2,,100.0,,17.2,,17.192,,35.9,,1.98,,1.66
2024-05-30 07:20:28,2024-05-30,07:20:28,17.5,,100.0,,17.5,,17.494,,26.9,,0.66,,0.36,
2024-05-30 07:20:55,2024-05-30,07:20:55,,17.2,,100.0,,17.2,,17.192,,57.9,,1.96,,1.64
2024-05-30 07:21:32,2024-05-30,07:21:32,17.6,,100.0,,17.6,,17.594,,359.6,,0.42,,0.28,
2024-05-30 07:21:58,2024-05-30,07:21:58,,17.3,,100.0,,17.3,,17.292,,45.0,,1.81,,1.07
2024-05-30 07:22:35,2024-05-30,07:22:35,17.7,,100.0,,17.7,,17.695,,56.3,,0.58,,0.24,
2024-05-30 07:23:02,2024-05-30,07:23:02,,17.4,,100.0,,17.4,,17.393,,50.1,,1.27,,0.87
2024-05-30 07:23:38,2024-05-30,07:23:38,17.7,,100.0,,17.7,,17.695,,62.3,,0.48,,0.29,
2024-05-30 07:24:06,2024-05-30,07:24:06,,17.5,,100.0,,17.5,,17.494,,24.0,,1.48,,0.86
2024-05-30 07:24:42,2024-05-30,07:24:42,17.7,,100.0,,17.7,,17.695,,15.3,,0.66,,0.47,
2024-05-30 07:25:09,2024-05-30,07:25:09,,17.7,,100.0,,17.7,,17.695,,60.6,,1.7,,1.22
2024-05-30 07:25:46,2024-05-30,07:25:46,17.8,,100.0,,17.8,,17.796,,32.6,,0.42,,0.25,
2024-05-30 07:26:12,2024-05-30,07:26:12,,17.7,,100.0,,17.7,,17.695,,44.0,,1.57,,0.78
2024-05-30 07:26:49,2024-05-30,07:26:49,17.8,,100.0,,17.8,,17.796,,342.8,,0.48,,0.22,
2024-05-30 07:27:16,2024-05-30,07:27:16,,17.8,,100.0,,17.8,,17.796,,63.5,,1.14,,0.76
2024-05-30 07:27:52,2024-05-30,07:27:52,17.9,,100.0,,17.9,,17.897,,322.7,,2.28,,1.94,
2024-05-30 07:28:20,2024-05-30,07:28:20,,17.9,,100.0,,17.9,,17.897,,60.6,,1.35,,0.97
2024-05-30 07:28:56,2024-05-30,07:28:56,18.1,,100.0,,18.1,,18.098,,343.5,,1.82,,0.74,
2024-05-30 07:29:23,2024-05-30,07:29:23,,18.0,,100.0,,18.0,,17.997,,56.2,,1.3,,0.64
2024-05-30 07:30:00,2024-05-30,07:30:00,18.2,,100.0,,18.2,,18.199,,334.1,,2.0,,0.85,
2024-05-30 07:30:27,2024-05-30,07:30:27,,18.1,,100.0,,18.1,,18.098,,17.9,,1.2,,0.97
2024-05-30 07:31:03,2024-05-30,07:31:03,18.4,,100.0,,18.4,,18.4,,334.3,,2.12,,1.29,
2024-05-30 07:31:30,2024-05-30,07:31:30,,18.1,,100.0,,18.1,,18.098,,18.5,,1.77,,1.69
2024-05-30 07:32:06,2024-05-30,07:32:06,18.5,,100.0,,18.5,,18.501,,323.7,,2.3,,1.37,
2024-05-30 07:32:34,2024-05-30,07:32:34,,18.0,,100.0,,18.0,,17.997,,20.4,,2.06,,1.79
2024-05-30 07:33:10,2024-05-30,07:33:10,18.6,,100.0,,18.6,,18.602,,342.1,,2.27,,1.2,
2024-05-30 07:33:38,2024-05-30,07:33:38,,18.0,,100.0,,18.0,,17.997,,22.1,,2.19,,1.61
2024-05-30 07:34:14,2024-05-30,07:34:14,18.7,,100.0,,18.7,,18.702,,334.7,,2.45,,1.49,
2024-05-30 07:34:41,2024-05-30,07:34:41,,18.0,,100.0,,18.0,,17.997,,15.1,,1.95,,1.25
2024-05-30 07:35:17,2024-05-30,07:35:17,18.7,,100.0,,18.7,,18.702,,327.1,,2.47,,1.44,
2024-05-30 07:35:44,2024-05-30,07:35:44,,18.1,,100.0,,18.1,,18.098,,8.8,,1.7,,1.28
2024-05-30 07:36:20,2024-05-30,07:36:20,18.8,,100.0,,18.8,,18.803,,329.7,,2.31,,1.57,
2024-05-30 07:36:48,2024-05-30,07:36:48,,18.1,,100.0,,18.1,,18.098,,13.7,,1.85,,1.5
2024-05-30 07:37:24,2024-05-30,07:37:24,18.9,,100.0,,18.9,,18.904,,335.9,,1.95,,1.0,
2024-05-30 07:37:52,2024-05-30,07:37:52,,18.1,,100.0,,18.1,,18.098,,35.1,,2.2,,1.84
2024-05-30 07:38:28,2024-05-30,07:38:28,18.9,,100.0,,18.9,,18.904,,334.8,,2.32,,1.72,
2024-05-30 07:38:55,2024-05-30,07:38:55,,18.1,,100.0,,18.1,,18.098,,28.6,,1.96,,1.15
2024-05-30 07:39:31,2024-05-30,07:39:31,18.9,,100.0,,18.9,,18.904,,29.6,,2.46,,0.5,
2024-05-30 07:39:58,2024-05-30,07:39:58,,18.3,,100.0,,18.3,,18.299,,0.4,,1.44,,1.21
2024-05-30 07:40:34,2024-05-30,07:40:34,19.0,,100.0,,19.0,,19.004,,320.7,,2.34,,1.86,
2024-05-30 07:41:02,2024-05-30,07:41:02,,18.2,,100.0,,18.2,,18.199,,27.0,,2.54,,1.45
2024-05-30 07:41:38,2024-05-30,07:41:38,19.1,,100.0,,19.1,,19.105,,320.9,,2.47,,1.87,
2024-05-30 07:42:06,2024-05-30,07:42:06,,18.2,,100.0,,18.2,,18.199,,19.4,,2.23,,0.97
2024-05-30 07:42:42,2024-05-30,07:42:42,19.2,,100.0,,19.2,,19.206,,338.8,,2.27,,1.46,
2024-05-30 07:43:09,2024-05-30,07:43:09,,18.3,,100.0,,18.3,,18.299,,6.0,,1.77,,1.46
2024-05-30 07:43:45,2024-05-30,07:43:45,19.2,,100.0,,19.2,,19.206,,338.0,,2.33,,1.56,
2024-05-30 07:44:12,2024-05-30,07:44:12,,18.2,,100.0,,18.2,,18.199,,22.6,,2.37,,1.72
2024-05-30 07:44:48,2024-05-30,07:44:48,19.2,,100.0,,19.2,,19.206,,319.4,,1.98,,0.79,
2024-05-30 07:45:16,2024-05-30,07:45:16,,18.2,,100.0,,18.2,,18.199,,29.5,,1.85,,1.33
2024-05-30 07:45:52,2024-05-30,07:45:52,19.3,,100.0,,19.3,,19.307,,320.6,,2.23,,1.55,
2024-05-30 07:46:20,2024-05-30,07:46:20,,18.2,,100.0,,18.2,,18.199,,16.5,,2.58,,2.14
2024-05-30 07:46:56,2024-05-30,07:46:56,19.3,,100.0,,19.3,,19.307,,323.7,,2.85,,1.77,
2024-05-30 07:47:23,2024-05-30,07:47:23,,18.3,,100.0,,18.3,,18.299,,17.2,,1.85,,1.21
2024-05-30 07:47:59,2024-05-30,07:47:59,19.4,,100.0,,19.4,,19.407,,333.3,,2.47,,1.46,
2024-05-30 07:48:26,2024-05-30,07:48:26,,18.4,,100.0,,18.4,,18.4,,45.1,,1.45,,0.96
2024-05-30 07:49:02,2024-05-30,07:49:02,19.5,,100.0,,19.5,,19.508,,330.1,,2.43,,0.96,
2024-05-30 07:49:30,2024-05-30,07:49:30,,18.5,,100.0,,18.5,,18.501,,3.1,,2.33,,2.23
2024-05-30 07:50:06,2024-05-30,07:50:06,19.5,,100.0,,19.5,,19.508,,333.2,,2.07,,0.94,
2024-05-30 07:50:34,2024-05-30,07:50:34,,18.4,,100.0,,18.4,,18.4,,10.4,,2.7,,1.44
2024-05-30 07:51:10,2024-05-30,07:51:10,19.5,,100.0,,19.5,,19.508,,341.3,,2.31,,1.24,
2024-05-30 07:51:37,2024-05-30,07:51:37,,18.4,,100.0,,18.4,,18.4,,54.5,,2.48,,0.68
2024-05-30 07:52:13,2024-05-30,07:52:13,19.5,,100.0,,19.5,,19.508,,324.9,,2.19,,1.46,
2024-05-30 07:52:40,2024-05-30,07:52:40,,18.5,,100.0,,18.5,,18.501,,35.2,,1.74,,1.12
2024-05-30 07:53:16,2024-05-30,07:53:16,19.7,,100.0,,19.7,,19.709,,327.4,,2.2,,1.7,
2024-05-30 07:53:44,2024-05-30,07:53:44,,18.6,,100.0,,18.6,,18.602,,22.5,,2.1,,1.35
2024-05-30 07:54:20,2024-05-30,07:54:20,19.7,,100.0,,19.7,,19.709,,319.8,,2.4,,1.71,
2024-05-30 07:54:48,2024-05-30,07:54:48,,18.7,,100.0,,18.7,,18.702,,41.3,,2.06,,1.73
2024-05-30 07:55:24,2024-05-30,07:55:24,19.7,,100.0,,19.7,,19.709,,334.0,,2.25,,1.71,
2024-05-30 07:55:51,2024-05-30,07:55:51,,18.7,,100.0,,18.7,,18.702,,355.0,,2.13,,1.14
2024-05-30 07:56:27,2024-05-30,07:56:27,19.7,,100.0,,19.7,,19.709,,329.8,,2.66,,1.52,
2024-05-30 07:56:54,2024-05-30,07:56:54,,18.8,,100.0,,18.8,,18.803,,10.2,,2.29,,1.7
2024-05-30 07:57:30,2024-05-30,07:57:30,19.8,,100.0,,19.8,,19.81,,329.9,,2.38,,1.6,
2024-05-30 07:57:58,2024-05-30,07:57:58,,18.8,,100.0,,18.8,,18.803,,5.9,,2.1,,1.31
2024-05-30 07:58:34,2024-05-30,07:58:34,19.9,,100.0,,19.9,,19.911,,342.7,,2.54,,1.12,
2024-05-30 07:59:02,2024-05-30,07:59:02,,18.9,,100.0,,18.9,,18.904,,38.0,,1.98,,0.95
2024-05-30 07:59:38,2024-05-30,07:59:38,19.8,,100.0,,19.8,,19.81,,336.3,,2.44,,1.92,
2024-05-30 08:00:05,2024-05-30,08:00:05,,19.0,,100.0,,19.0,,19.004,,0.7,,1.77,,1.52
2024-05-30 08:00:41,2024-05-30,08:00:41,19.9,,100.0,,19.9,,19.911,,338.7,,2.74,,1.9,
2024-05-30 08:01:08,2024-05-30,08:01:08,,19.1,,100.0,,19.1,,19.105,,17.6,,1.92,,0.76
2024-05-30 08:01:44,2024-05-30,08:01:44,19.9,,100.0,,19.9,,19.911,,327.4,,2.05,,1.69,
2024-05-30 08:02:12,2024-05-30,08:02:12,,19.0,,100.0,,19.0,,19.004,,13.6,,2.11,,1.83
2024-05-30 08:02:48,2024-05-30,08:02:48,20.0,,100.0,,20.0,,20.012,,323.2,,2.09,,1.28,
2024-05-30 08:03:16,2024-05-30,08:03:16,,19.1,,100.0,,19.1,,19.105,,16.2,,2.4,,1.42
2024-05-30 08:03:52,2024-05-30,08:03:52,20.1,,100.0,,20.1,,20.112,,321.7,,2.4,,1.21,
2024-05-30 08:04:19,2024-05-30,08:04:19,,19.1,,100.0,,19.1,,19.105,,2.1,,2.65,,2.07
2024-05-30 08:04:55,2024-05-30,08:04:55,20.2,,100.0,,20.2,,20.213,,310.1,,2.33,,1.25,
2024-05-30 08:05:22,2024-05-30,08:05:22,,19.1,,100.0,,19.1,,19.105,,15.9,,2.55,,1.24
2024-05-30 08:05:58,2024-05-30,08:05:58,,,,,20.3,,,,20.3,,10.0,,2.23,
2024-05-30 08:06:26,2024-05-30,08:06:26,,19.0,,100.0,,19.0,,19.004,,7.9,,3.49,,3.01
2024-05-30 08:07:02,2024-05-30,08:07:02,20.3,,100.0,,20.3,,20.314,,7.0,,2.18,,0.99,
2024-05-30 08:07:30,2024-05-30,08:07:30,,19.0,,100.0,,19.0,,19.004,,44.4,,2.81,,2.24
2024-05-30 08:08:06,2024-05-30,08:08:06,18.9,,93.0,,20.1,,19.242,,332.9,,2.69,,1.71,
2024-05-30 08:08:33,2024-05-30,08:08:33,,19.0,,100.0,,19.0,,19.004,,2.7,,2.45,,1.33
2024-05-30 08:09:09,2024-05-30,08:09:09,18.2,,89.6,,20.0,,18.722,,339.8,,2.46,,1.66,
2024-05-30 08:09:36,2024-05-30,08:09:36,,18.9,,100.0,,18.9,,18.904,,30.6,,2.7,,1.15
2024-05-30 08:10:12,2024-05-30,08:10:12,17.9,,86.7,,20.2,,18.558,,336.1,,2.41,,1.78,
2024-05-30 08:10:40,2024-05-30,08:10:40,,19.0,,100.0,,19.0,,19.004,,4.1,,2.86,,1.8
2024-05-30 08:11:16,2024-05-30,08:11:16,17.6,,83.8,,20.4,,18.391,,344.1,,2.26,,0.99,
2024-05-30 08:11:44,2024-05-30,08:11:44,,18.4,,96.4,,19.0,,18.565,,32.0,,2.86,,2.54
2024-05-30 08:12:20,2024-05-30,08:12:20,16.4,,77.3,,20.5,,17.671,,321.6,,2.49,,1.81,
2024-05-30 08:12:47,2024-05-30,08:12:47,,17.7,,92.3,,19.0,,18.066,,34.4,,3.02,,1.96
2024-05-30 08:13:23,2024-05-30,08:13:23,15.6,,73.5,,20.5,,17.191,,340.1,,2.31,,1.41,
2024-05-30 08:13:50,2024-05-30,08:13:50,,17.5,,90.4,,19.1,,17.933,,24.7,,2.65,,1.03
2024-05-30 08:14:26,2024-05-30,08:14:26,15.6,,73.3,,20.6,,17.26,,319.2,,2.49,,1.22,
2024-05-30 08:14:54,2024-05-30,08:14:54,,17.0,,87.2,,19.2,,17.641,,6.3,,2.59,,2.3
2024-05-30 08:15:30,2024-05-30,08:15:30,15.7,,72.6,,20.8,,17.359,,315.1,,3.38,,2.29,
2024-05-30 08:15:58,2024-05-30,08:15:58,,16.5,,83.7,,19.3,,17.311,,25.0,,2.45,,1.59
2024-05-30 08:16:34,2024-05-30,08:16:34,15.6,,71.9,,20.9,,17.364,,326.3,,1.97,,1.12,
2024-05-30 08:17:01,2024-05-30,08:17:01,,16.3,,81.8,,19.5,,17.272,,67.2,,2.47,,1.51
2024-05-30 08:17:37,2024-05-30,08:17:37,14.4,,66.9,,20.8,,16.628,,349.7,,1.98,,1.19,
2024-05-30 08:18:04,2024-05-30,08:18:04,,16.1,,79.7,,19.7,,17.206,,31.1,,1.84,,1.23
2024-05-30 08:18:41,2024-05-30,08:18:41,14.6,,67.6,,20.8,,16.719,,327.2,,2.52,,2.14,
2024-05-30 08:19:08,2024-05-30,08:19:08,,15.8,,77.6,,19.8,,17.041,,24.0,,2.21,,1.76
2024-05-30 08:19:44,2024-05-30,08:19:44,14.8,,68.0,,20.9,,16.863,,336.3,,2.31,,1.73,
2024-05-30 08:20:12,2024-05-30,08:20:12,,15.3,,75.5,,19.8,,16.781,,30.9,,2.53,,1.64
2024-05-30 08:20:48,2024-05-30,08:20:48,14.7,,67.2,,21.0,,16.852,,332.3,,2.43,,1.64,
2024-05-30 08:21:16,2024-05-30,08:21:16,,15.1,,74.3,,19.9,,16.726,,31.1,,2.51,,1.52
2024-05-30 08:21:52,2024-05-30,08:21:52,14.2,,65.2,,21.0,,16.592,,343.8,,2.12,,1.45,
2024-05-30 08:22:18,2024-05-30,08:22:18,,15.0,,72.7,,20.0,,16.62,,1.0,,1.88,,1.45
2024-05-30 08:22:55,2024-05-30,08:22:55,14.7,,66.7,,21.1,,16.879,,329.5,,2.32,,1.04,
2024-05-30 08:23:22,2024-05-30,08:23:22,,,,,,14.6,,,,16.9,,2.01,,0.93
2024-05-30 08:23:58,2024-05-30,08:23:58,14.2,,64.9,,21.1,,16.644,,328.1,,2.28,,1.73,
2024-05-30 08:24:26,2024-05-30,08:24:26,,14.5,,70.3,,20.1,,16.413,,3.3,,2.63,,1.63
2024-05-30 08:25:02,2024-05-30,08:25:02,14.4,,65.0,,21.2,,16.749,,331.7,,2.55,,1.63,
2024-05-30 08:25:29,2024-05-30,08:25:29,,14.4,,69.2,,20.2,,16.367,,4.7,,2.0,,1.47
2024-05-30 08:26:06,2024-05-30,08:26:06,14.1,,64.1,,21.2,,16.631,,332.0,,2.48,,1.66,
2024-05-30 08:26:33,2024-05-30,08:26:33,,14.4,,68.8,,20.3,,16.409,,8.8,,1.97,,1.45
2024-05-30 08:27:09,2024-05-30,08:27:09,13.8,,63.1,,21.1,,16.409,,329.5,,2.54,,1.97,
2024-05-30 08:27:36,2024-05-30,08:27:36,,14.2,,67.9,,20.4,,16.387,,359.5,,1.82,,1.42
2024-05-30 08:28:12,2024-05-30,08:28:12,14.1,,64.1,,21.2,,16.631,,325.6,,2.33,,1.26,
2024-05-30 08:28:40,2024-05-30,08:28:40,,14.1,,67.3,,20.4,,16.311,,9.3,,1.86,,0.95
2024-05-30 08:29:16,2024-05-30,08:29:16,14.0,,63.3,,21.2,,16.526,,317.6,,1.95,,1.63,
2024-05-30 08:29:44,2024-05-30,08:29:44,,14.1,,66.9,,20.5,,16.352,,224.1,,0.84,,0.75
2024-05-30 08:30:20,2024-05-30,08:30:20,14.2,,64.5,,21.2,,16.683,,321.0,,1.95,,1.5,
2024-05-30 08:30:47,2024-05-30,08:30:47,,14.3,,67.2,,20.6,,16.482,,124.4,,0.9,,0.39
2024-05-30 08:31:23,2024-05-30,08:31:23,14.2,,63.5,,21.4,,16.734,,357.4,,1.97,,1.18,
2024-05-30 08:31:50,2024-05-30,08:31:50,,14.4,,66.7,,20.8,,16.602,,7.7,,1.82,,1.39
2024-05-30 08:32:26,2024-05-30,08:32:26,13.9,,62.6,,21.3,,16.525,,336.8,,2.55,,1.65,
2024-05-30 08:32:54,2024-05-30,08:32:54,,14.5,,66.7,,20.9,,16.695,,51.6,,1.16,,0.48
2024-05-30 08:33:30,2024-05-30,08:33:30,13.8,,62.3,,21.3,,16.485,,328.6,,2.31,,1.53,
2024-05-30 08:33:58,2024-05-30,08:33:58,,14.6,,66.9,,21.0,,16.813,,95.4,,0.73,,0.48
2024-05-30 08:34:34,2024-05-30,08:34:34,13.8,,62.4,,21.3,,16.498,,334.1,,1.65,,1.17,
2024-05-30 08:35:01,2024-05-30,08:35:01,,14.8,,67.0,,21.2,,17.01,,88.1,,0.68,,0.5
2024-05-30 08:35:37,2024-05-30,08:35:37,13.8,,61.9,,21.4,,16.522,,330.3,,1.94,,1.5,
2024-05-30 08:36:04,2024-05-30,08:36:04,,14.8,,66.4,,21.3,,17.024,,51.5,,1.39,,1.11
2024-05-30 08:36:40,2024-05-30,08:36:40,14.0,,62.7,,21.4,,16.629,,315.4,,1.9,,1.13,
2024-05-30 08:37:08,2024-05-30,08:37:08,,14.6,,65.2,,21.4,,16.958,,24.5,,1.58,,1.33
2024-05-30 08:37:44,2024-05-30,08:37:44,13.9,,61.4,,21.6,,16.637,,326.3,,2.34,,1.93,
2024-05-30 08:38:12,2024-05-30,08:38:12,,14.3,,64.1,,21.4,,16.814,,39.0,,2.03,,1.09
2024-05-30 08:38:48,2024-05-30,08:38:48,13.5,,59.9,,21.6,,16.436,,326.2,,2.51,,1.34,
2024-05-30 08:39:15,2024-05-30,08:39:15,,13.7,,61.0,,21.5,,16.493,,126.0,,1.27,,0.5
2024-05-30 08:39:52,2024-05-30,08:39:52,13.5,,60.1,,21.6,,16.463,,315.0,,2.1,,1.75,
2024-05-30 08:40:18,2024-05-30,08:40:18,,13.9,,61.0,,21.7,,16.673,,52.2,,1.2,,0.82
2024-05-30 08:40:55,2024-05-30,08:40:55,13.6,,60.1,,21.7,,16.552,,329.1,,2.33,,1.93,
2024-05-30 08:41:22,2024-05-30,08:41:22,,13.2,,58.9,,21.6,,16.301,,8.2,,2.13,,1.18
2024-05-30 08:41:58,2024-05-30,08:41:58,13.6,,59.7,,21.8,,16.588,,331.9,,2.32,,1.34,
2024-05-30 08:42:26,2024-05-30,08:42:26,,13.2,,59.0,,21.6,,16.314,,19.3,,1.41,,0.75
2024-05-30 08:43:02,2024-05-30,08:43:02,13.4,,59.1,,21.8,,16.507,,327.6,,1.87,,1.62,
2024-05-30 08:43:29,2024-05-30,08:43:29,,13.2,,58.7,,21.7,,16.363,,39.1,,1.61,,0.73
2024-05-30 08:44:06,2024-05-30,08:44:06,13.6,,59.2,,21.9,,16.61,,318.6,,1.81,,0.97,
2024-05-30 08:44:32,2024-05-30,08:44:32,,13.4,,58.9,,21.8,,16.48,,17.4,,1.11,,0.14
2024-05-30 08:45:09,2024-05-30,08:45:09,13.5,,58.6,,22.0,,16.618,,335.9,,1.76,,0.95,
2024-05-30 08:45:36,2024-05-30,08:45:36,,13.6,,59.2,,22.0,,16.7,,62.8,,1.65,,1.01
2024-05-30 08:46:12,2024-05-30,08:46:12,13.4,,58.1,,21.9,,16.46,,324.1,,2.02,,1.29,
2024-05-30 08:46:40,2024-05-30,08:46:40,,13.7,,58.9,,22.1,,16.748,,29.7,,1.1,,0.26
2024-05-30 08:47:16,2024-05-30,08:47:16,13.3,,57.9,,22.0,,16.522,,323.1,,2.22,,1.5,
2024-05-30 08:47:43,2024-05-30,08:47:43,,13.7,,58.5,,22.2,,16.783,,25.7,,1.22,,0.86
2024-05-30 08:48:20,2024-05-30,08:48:20,13.4,,57.8,,22.1,,16.598,,326.6,,2.16,,1.21,
2024-05-30 08:48:46,2024-05-30,08:48:46,,13.5,,57.7,,22.3,,16.762,,38.8,,1.49,,0.56
2024-05-30 08:49:23,2024-05-30,08:49:23,13.1,,56.8,,22.1,,16.46,,341.2,,1.94,,1.45,
2024-05-30 08:49:50,2024-05-30,08:49:50,,13.5,,57.3,,22.4,,16.796,,2.9,,1.38,,1.06
2024-05-30 08:50:26,2024-05-30,08:50:26,13.4,,57.8,,22.1,,16.598,,310.6,,1.83,,1.18,
2024-05-30 08:50:54,2024-05-30,08:50:54,,13.2,,56.1,,22.4,,16.629,,17.7,,2.97,,1.64
2024-05-30 08:51:30,2024-05-30,08:51:30,13.4,,57.5,,22.2,,16.645,,328.9,,2.78,,1.91,
2024-05-30 08:51:58,2024-05-30,08:51:58,,13.1,,55.9,,22.3,,16.512,,55.4,,2.52,,0.88
2024-05-30 08:52:34,2024-05-30,08:52:34,13.4,,57.0,,22.3,,16.665,,326.8,,2.17,,1.31,
2024-05-30 08:53:01,2024-05-30,08:53:01,,13.2,,56.2,,22.4,,16.643,,10.6,,2.17,,1.69
2024-05-30 08:53:37,2024-05-30,08:53:37,13.3,,56.9,,22.3,,16.651,,325.7,,2.26,,1.91,
2024-05-30 08:54:04,2024-05-30,08:54:04,,13.0,,55.5,,22.4,,16.545,,25.3,,1.83,,0.73
2024-05-30 08:54:40,2024-05-30,08:54:40,13.2,,56.4,,22.3,,16.582,,329.5,,2.82,,1.53,
2024-05-30 08:55:08,2024-05-30,08:55:08,,13.3,,56.3,,22.5,,16.745,,68.2,,0.92,,0.06
2024-05-30 08:55:44,2024-05-30,08:55:44,13.6,,57.4,,22.4,,16.809,,328.3,,1.72,,0.65,
2024-05-30 08:56:12,2024-05-30,08:56:12,,13.4,,56.2,,22.6,,16.82,,332.9,,0.87,,0.65
2024-05-30 08:56:48,2024-05-30,08:56:48,13.4,,56.5,,22.5,,16.773,,343.9,,2.16,,1.11,
2024-05-30 08:57:15,2024-05-30,08:57:15,,13.6,,56.1,,22.8,,16.982,,18.5,,1.73,,1.36
2024-05-30 08:57:51,2024-05-30,08:57:51,13.0,,55.4,,22.4,,16.531,,327.3,,1.95,,1.29,
2024-05-30 08:58:18,2024-05-30,08:58:18,,13.1,,54.5,,22.8,,16.756,,337.9,,1.23,,0.4
2024-05-30 08:58:54,2024-05-30,08:58:54,13.2,,55.7,,22.5,,16.661,,322.6,,2.08,,1.66,
2024-05-30 08:59:22,2024-05-30,08:59:22,,12.7,,53.1,,22.7,,16.469,,4.6,,2.86,,2.09
2024-05-30 08:59:58,2024-05-30,08:59:58,12.9,,54.1,,22.6,,16.524,,338.7,,2.34,,1.13,
2024-05-30 09:00:26,2024-05-30,09:00:26,,12.7,,53.1,,22.7,,16.469,,16.2,,2.33,,1.43
2024-05-30 09:01:02,2024-05-30,09:01:02,13.0,,54.6,,22.6,,16.594,,24.3,,2.28,,0.32,
2024-05-30 09:01:29,2024-05-30,09:01:29,,12.8,,53.7,,22.7,,16.554,,103.6,,2.24,,1.19
2024-05-30 09:02:05,2024-05-30,09:02:05,12.8,,53.8,,22.6,,16.481,,344.9,,1.98,,0.79,
2024-05-30 09:02:32,2024-05-30,09:02:32,,12.8,,53.0,,22.9,,16.629,,75.1,,1.86,,0.91
2024-05-30 09:03:08,2024-05-30,09:03:08,13.0,,54.5,,22.6,,16.58,,335.7,,1.92,,1.02,
2024-05-30 09:03:36,2024-05-30,09:03:36,,13.0,,52.9,,23.1,,16.789,,347.9,,0.93,,0.28
2024-05-30 09:04:12,2024-05-30,09:04:12,12.7,,53.4,,22.7,,16.512,,316.1,,1.71,,0.77,
2024-05-30 09:04:40,2024-05-30,09:04:40,,12.7,,51.7,,23.2,,16.702,,244.9,,1.27,,0.78
2024-05-30 09:05:16,2024-05-30,09:05:16,13.7,,56.0,,22.9,,17.057,,316.8,,2.01,,0.98,
2024-05-30 09:05:43,2024-05-30,09:05:43,,12.4,,51.1,,23.1,,16.528,,310.8,,1.25,,0.58
2024-05-30 09:06:19,2024-05-30,09:06:19,12.4,,51.9,,22.9,,16.471,,336.4,,2.65,,1.97,
2024-05-30 09:06:46,2024-05-30,09:06:46,,12.4,,50.7,,23.2,,16.555,,13.7,,1.86,,0.86
2024-05-30 09:07:22,2024-05-30,09:07:22,12.0,,50.7,,22.8,,16.21,,327.7,,2.5,,1.34,
2024-05-30 09:07:50,2024-05-30,09:07:50,,12.1,,49.8,,23.2,,16.423,,308.1,,1.35,,1.2
2024-05-30 09:08:26,2024-05-30,09:08:26,12.2,,51.3,,22.8,,16.297,,317.6,,2.34,,1.83,
2024-05-30 09:08:54,2024-05-30,09:08:54,,12.1,,49.8,,23.2,,16.423,,306.5,,1.93,,1.35
2024-05-30 09:09:30,2024-05-30,09:09:30,12.5,,51.9,,22.9,,16.471,,319.7,,2.35,,1.63,
2024-05-30 09:09:57,2024-05-30,09:09:57,,11.9,,49.7,,23.0,,16.236,,319.7,,2.22,,1.72
2024-05-30 09:10:33,2024-05-30,09:10:33,12.3,,51.6,,22.8,,16.34,,328.0,,2.12,,1.36,
2024-05-30 09:11:00,2024-05-30,09:11:00,,,,,,12.0,,,,22.9,,5.04,,2.07
2024-05-30 09:11:36,2024-05-30,09:11:36,12.7,,52.8,,22.8,,16.513,,331.3,,1.95,,1.53,
2024-05-30 09:12:04,2024-05-30,09:12:04,,12.0,,50.2,,22.9,,16.224,,268.0,,2.11,,1.73
2024-05-30 09:12:40,2024-05-30,09:12:40,12.6,,52.4,,22.9,,16.543,,328.4,,2.04,,1.57,
2024-05-30 09:13:08,2024-05-30,09:13:08,,12.0,,50.6,,22.8,,16.196,,251.3,,1.87,,0.72
2024-05-30 09:13:44,2024-05-30,09:13:44,12.5,,52.0,,22.9,,16.485,,325.2,,2.04,,1.77,
2024-05-30 09:14:11,2024-05-30,09:14:11,,12.2,,51.1,,22.9,,16.355,,204.8,,2.2,,1.11
2024-05-30 09:14:47,2024-05-30,09:14:47,13.0,,53.6,,23.0,,16.803,,329.1,,1.73,,1.39,
2024-05-30 09:15:14,2024-05-30,09:15:14,,12.2,,51.0,,22.9,,16.34,,162.8,,1.57,,0.43
2024-05-30 09:15:50,2024-05-30,09:15:50,13.4,,54.3,,23.2,,17.078,,317.3,,2.13,,1.51,
2024-05-30 09:16:18,2024-05-30,09:16:18,,12.2,,50.8,,23.0,,16.397,,94.7,,1.59,,0.66
2024-05-30 09:16:54,2024-05-30,09:16:54,13.0,,51.8,,23.5,,16.976,,303.2,,3.1,,1.45,
2024-05-30 09:17:22,2024-05-30,09:17:22,,12.3,,50.5,,23.2,,16.526,,263.6,,1.63,,1.36
2024-05-30 09:17:58,2024-05-30,09:17:58,12.7,,50.8,,23.5,,16.829,,326.5,,2.15,,1.22,
2024-05-30 09:18:25,2024-05-30,09:18:25,,11.9,,49.0,,23.2,,16.304,,266.8,,2.09,,1.41
2024-05-30 09:19:01,2024-05-30,09:19:01,12.3,,49.9,,23.4,,16.609,,334.1,,1.81,,1.39,
2024-05-30 09:19:28,2024-05-30,09:19:28,,11.7,,48.8,,23.1,,16.189,,230.3,,2.5,,1.28
2024-05-30 09:20:04,2024-05-30,09:20:04,12.7,,50.9,,23.4,,16.757,,330.6,,1.97,,1.23,
2024-05-30 09:20:32,2024-05-30,09:20:32,,11.7,,48.9,,23.0,,16.119,,208.2,,1.76,,1.37
2024-05-30 09:21:08,2024-05-30,09:21:08,12.6,,50.3,,23.5,,16.755,,325.6,,1.98,,1.22,
2024-05-30 09:21:36,2024-05-30,09:21:36,,11.3,,47.7,,23.0,,15.941,,239.9,,2.12,,1.55
2024-05-30 09:22:12,2024-05-30,09:22:12,12.3,,49.1,,23.6,,16.662,,333.9,,2.11,,1.32,
2024-05-30 09:22:39,2024-05-30,09:22:39,,11.4,,48.2,,23.0,,16.015,,224.2,,2.52,,0.71
2024-05-30 09:23:15,2024-05-30,09:23:15,12.3,,49.0,,23.7,,16.732,,318.8,,2.07,,0.96,
2024-05-30 09:23:42,2024-05-30,09:23:42,,11.5,,48.4,,23.0,,16.045,,173.8,,1.95,,1.17
2024-05-30 09:24:18,2024-05-30,09:24:18,12.4,,49.0,,23.8,,16.818,,321.2,,1.79,,0.46,
2024-05-30 09:24:46,2024-05-30,09:24:46,,11.7,,48.5,,23.1,,16.145,,234.2,,1.95,,1.2
2024-05-30 09:25:22,2024-05-30,09:25:22,12.7,,49.4,,23.9,,16.964,,312.0,,2.47,,0.61,
2024-05-30 09:25:50,2024-05-30,09:25:50,,12.0,,49.5,,23.2,,16.378,,169.9,,1.09,,0.22
2024-05-30 09:26:26,2024-05-30,09:26:26,12.9,,49.7,,24.0,,17.095,,310.2,,2.0,,0.91,
2024-05-30 09:26:53,2024-05-30,09:26:53,,12.0,,49.1,,23.3,,16.405,,205.4,,2.24,,2.12
2024-05-30 09:27:29,2024-05-30,09:27:29,13.0,,50.3,,24.0,,17.185,,334.7,,1.92,,0.69,
2024-05-30 09:27:56,2024-05-30,09:27:56,,11.6,,48.1,,23.2,,16.17,,173.5,,2.05,,0.58
2024-05-30 09:28:32,2024-05-30,09:28:32,13.0,,50.2,,24.0,,17.17,,322.4,,1.74,,1.25,
2024-05-30 09:29:00,2024-05-30,09:29:00,,11.8,,48.8,,23.2,,16.275,,230.1,,1.66,,0.51
2024-05-30 09:29:36,2024-05-30,09:29:36,12.7,,48.6,,24.1,,17.013,,315.7,,1.98,,1.39,
2024-05-30 09:30:04,2024-05-30,09:30:04,,11.2,,46.7,,23.3,,16.045,,238.8,,2.17,,1.85
2024-05-30 09:30:40,2024-05-30,09:30:40,12.4,,48.1,,24.1,,16.937,,309.1,,1.73,,0.77,
2024-05-30 09:31:07,2024-05-30,09:31:07,,11.4,,47.1,,23.3,,16.105,,243.2,,1.6,,1.16
2024-05-30 09:31:43,2024-05-30,09:31:43,12.1,,47.3,,24.0,,16.729,,317.2,,2.07,,1.4,
2024-05-30 09:32:10,2024-05-30,09:32:10,,11.3,,46.8,,23.3,,16.06,,204.0,,2.52,,2.31
2024-05-30 09:32:46,2024-05-30,09:32:46,12.3,,47.9,,24.0,,16.821,,338.1,,1.81,,1.08,
2024-05-30 09:33:14,2024-05-30,09:33:14,,11.2,,46.5,,23.3,,16.015,,196.7,,2.55,,0.71
2024-05-30 09:33:50,2024-05-30,09:33:50,12.5,,47.7,,24.3,,17.045,,313.0,,2.1,,1.2,
2024-05-30 09:34:18,2024-05-30,09:34:18,,11.1,,45.9,,23.4,,16.008,,256.6,,1.9,,1.66
2024-05-30 09:34:54,2024-05-30,09:34:54,12.0,,46.1,,24.3,,16.797,,332.9,,1.83,,1.51,
2024-05-30 09:35:21,2024-05-30,09:35:21,,11.1,,46.0,,23.4,,16.023,,274.7,,2.3,,0.96
2024-05-30 09:35:57,2024-05-30,09:35:57,12.1,,46.7,,24.3,,16.89,,324.2,,1.86,,1.38,
2024-05-30 09:36:24,2024-05-30,09:36:24,,11.3,,46.6,,23.4,,16.114,,296.0,,1.54,,0.85
2024-05-30 09:37:00,2024-05-30,09:37:00,12.4,,47.5,,24.3,,17.015,,324.8,,1.9,,1.14,
2024-05-30 09:37:28,2024-05-30,09:37:28,,11.3,,46.3,,23.5,,16.153,,176.7,,1.37,,1.26
2024-05-30 09:38:04,2024-05-30,09:38:04,12.3,,47.2,,24.3,,16.968,,328.8,,1.79,,1.48,
2024-05-30 09:38:32,2024-05-30,09:38:32,,11.3,,46.1,,23.6,,16.207,,175.0,,1.53,,1.03
2024-05-30 09:39:08,2024-05-30,09:39:08,12.0,,46.0,,24.4,,16.865,,314.3,,2.17,,1.62,
2024-05-30 09:39:35,2024-05-30,09:39:35,,11.1,,45.2,,23.7,,16.152,,191.8,,2.07,,1.92
2024-05-30 09:40:11,2024-05-30,09:40:11,12.4,,46.8,,24.5,,17.075,,326.5,,2.38,,0.93,
2024-05-30 09:40:38,2024-05-30,09:40:38,,10.9,,44.5,,23.7,,16.043,,157.8,,2.03,,0.45
2024-05-30 09:41:14,2024-05-30,09:41:14,11.9,,45.1,,24.6,,16.891,,320.8,,2.58,,2.06,
2024-05-30 09:41:42,2024-05-30,09:41:42,,10.9,,44.3,,23.8,,16.096,,284.9,,2.74,,2.27
2024-05-30 09:42:18,2024-05-30,09:42:18,11.5,,44.3,,24.5,,16.68,,344.9,,2.02,,1.23,
2024-05-30 09:42:46,2024-05-30,09:42:46,,11.0,,44.7,,23.7,,16.075,,288.2,,2.09,,1.36
2024-05-30 09:43:22,2024-05-30,09:43:22,11.3,,44.1,,24.3,,16.481,,319.3,,2.16,,1.92,
2024-05-30 09:43:49,2024-05-30,09:43:49,,11.0,,45.0,,23.7,,16.121,,268.6,,1.87,,1.61
2024-05-30 09:44:25,2024-05-30,09:44:25,11.7,,45.3,,24.2,,16.587,,324.4,,1.91,,1.47,
2024-05-30 09:44:52,2024-05-30,09:44:52,,11.0,,44.8,,23.7,,16.09,,259.2,,1.86,,0.67
2024-05-30 09:45:28,2024-05-30,09:45:28,11.5,,44.9,,24.2,,16.524,,329.9,,2.04,,1.45,
2024-05-30 09:45:56,2024-05-30,09:45:56,,,,,,11.0,,,,104.2,,1.27,,0.18
2024-05-30 09:46:59,2024-05-30,09:46:59,11.4,,44.4,,24.3,,16.529,,331.5,,2.06,,1.02,
2024-05-30 09:47:00,2024-05-30,09:47:00,,11.4,,45.5,,23.9,,16.367,,90.3,,1.04,,0.72
2024-05-30 09:48:02,2024-05-30,09:48:02,11.4,,44.6,,24.2,,16.477,,325.6,,2.46,,2.06,
2024-05-30 09:48:03,2024-05-30,09:48:03,,11.1,,44.5,,24.0,,16.294,,332.8,,0.83,,0.61
2024-05-30 09:49:06,2024-05-30,09:49:06,12.0,11.0,46.1,43.8,24.3,24.1,16.797,16.267,318.6,220.1,2.24,1.26,1.69,0.92
2024-05-30 09:50:10,2024-05-30,09:50:10,11.8,11.1,44.9,43.9,24.5,24.2,16.775,16.366,326.7,290.8,2.4,1.73,2.06,1.2
2024-05-30 09:51:13,2024-05-30,09:51:13,11.7,,44.5,,24.6,,16.795,,324.8,,2.04,,1.47,
2024-05-30 09:51:14,2024-05-30,09:51:14,,11.1,,43.9,,24.2,,16.366,,283.7,,1.61,,0.67
2024-05-30 09:52:16,2024-05-30,09:52:16,12.1,,45.5,,24.7,,17.038,,323.0,,1.84,,1.0,
2024-05-30 09:52:17,2024-05-30,09:52:17,,11.0,,43.4,,24.2,,16.286,,253.6,,1.82,,1.03
2024-05-30 09:53:20,2024-05-30,09:53:20,12.5,11.1,46.2,43.6,24.9,24.3,17.318,16.401,317.6,322.0,1.85,1.46,1.07,1.06
2024-05-30 09:54:24,2024-05-30,09:54:24,11.9,10.8,44.4,42.7,24.9,24.3,17.03,16.257,311.2,304.3,1.79,2.46,1.47,1.93
2024-05-30 09:55:27,2024-05-30,09:55:27,11.2,,42.5,,24.8,,16.638,,328.6,,2.01,,1.82,
2024-05-30 09:55:28,2024-05-30,09:55:28,,10.7,,42.6,,24.2,,16.158,,244.7,,2.25,,1.05
2024-05-30 09:56:30,2024-05-30,09:56:30,11.7,,43.8,,24.7,,16.766,,338.0,,1.41,,0.99,
2024-05-30 09:56:31,2024-05-30,09:56:31,,11.1,,43.5,,24.3,,16.385,,328.0,,1.29,,0.69
2024-05-30 09:57:34,2024-05-30,09:57:34,11.1,11.0,42.4,43.0,24.8,24.4,16.621,16.388,340.2,46.9,2.59,2.76,1.61,1.7
2024-05-30 09:58:38,2024-05-30,09:58:38,11.2,11.0,42.5,42.4,24.8,24.5,16.638,16.374,342.6,59.1,2.27,2.66,1.24,1.39
2024-05-30 09:59:41,2024-05-30,09:59:41,11.1,,42.4,,24.8,,16.621,,339.9,,2.15,,1.33,
2024-05-30 09:59:42,2024-05-30,09:59:42,,10.7,,41.5,,24.6,,16.309,,2.6,,2.35,,1.62
2024-05-30 10:00:44,2024-05-30,10:00:44,11.3,,43.2,,24.7,,16.669,,328.8,,2.13,,1.27,
2024-05-30 10:00:45,2024-05-30,10:00:45,,10.8,,41.6,,24.7,,16.408,,1.8,,2.16,,1.43
2024-05-30 10:01:48,2024-05-30,10:01:48,11.3,10.8,42.8,41.7,24.8,24.7,16.687,16.424,331.7,27.0,2.91,2.02,1.76,0.77
2024-05-30 10:02:52,2024-05-30,10:02:52,11.2,10.9,43.0,41.5,24.6,24.8,16.554,16.473,308.7,131.9,2.8,1.31,0.75,0.33
2024-05-30 10:03:55,2024-05-30,10:03:55,11.2,,42.5,,24.8,,16.638,,334.6,,2.13,,1.76,
2024-05-30 10:03:56,2024-05-30,10:03:56,,10.8,,41.0,,24.9,,16.472,,37.2,,2.28,,1.83
2024-05-30 10:04:58,2024-05-30,10:04:58,10.9,,41.8,,24.7,,16.44,,329.6,,2.76,,0.96,
2024-05-30 10:04:59,2024-05-30,10:04:59,,10.6,,40.3,,25.0,,16.437,,111.0,,2.35,,1.61
2024-05-30 10:06:02,2024-05-30,10:06:02,10.8,10.5,41.7,39.7,24.7,25.2,16.424,16.498,301.3,112.3,1.34,2.26,0.71,1.46
2024-05-30 10:07:06,2024-05-30,10:07:06,11.7,10.4,43.9,39.4,24.8,25.2,16.865,16.446,329.1,108.1,1.79,2.29,1.15,1.73
2024-05-30 10:08:09,2024-05-30,10:08:09,11.8,,43.5,,25.1,,17.05,,338.2,,3.01,,1.15,
2024-05-30 10:08:10,2024-05-30,10:08:10,,10.6,,40.0,,25.2,,16.549,,69.0,,2.45,,2.15
2024-05-30 10:09:12,2024-05-30,10:09:12,11.6,,42.3,,25.3,,17.017,,317.6,,2.32,,1.56,
2024-05-30 10:09:13,2024-05-30,10:09:13,,11.0,,40.4,,25.4,,16.779,,128.4,,2.19,,1.15
2024-05-30 10:10:16,2024-05-30,10:10:16,11.5,10.7,41.4,39.5,25.6,25.5,17.113,16.707,319.4,12.9,2.18,1.79,0.91,0.65
2024-05-30 10:11:20,2024-05-30,10:11:20,10.8,10.5,39.3,38.8,25.7,25.6,16.834,16.666,327.6,12.0,2.7,2.27,1.79,1.5
2024-05-30 10:12:23,2024-05-30,10:12:23,10.9,,39.5,,25.6,,16.788,,330.4,,2.62,,1.97,
2024-05-30 10:12:24,2024-05-30,10:12:24,,10.5,,38.8,,25.6,,16.666,,312.7,,2.94,,1.88
2024-05-30 10:13:26,2024-05-30,10:13:26,10.8,,39.6,,25.5,,16.724,,333.6,,2.51,,1.36,
2024-05-30 10:13:27,2024-05-30,10:13:27,,10.1,,37.9,,25.5,,16.429,,218.7,,1.98,,0.79
2024-05-30 10:14:30,2024-05-30,10:14:30,11.4,10.4,41.1,38.7,25.5,25.5,16.98,16.568,333.9,299.4,1.76,1.87,0.99,0.39
2024-05-30 10:15:34,2024-05-30,10:15:34,11.9,10.2,42.1,38.3,25.7,25.5,17.313,16.499,315.2,278.7,1.6,2.77,0.92,1.47
2024-05-30 10:16:37,2024-05-30,10:16:37,11.7,,41.7,,25.7,,17.246,,324.9,,2.16,,1.48,
2024-05-30 10:16:38,2024-05-30,10:16:38,,10.4,,39.2,,25.3,,16.493,,281.1,,2.96,,1.87
2024-05-30 10:17:40,2024-05-30,10:17:40,11.1,,40.0,,25.7,,16.955,,337.0,,2.05,,1.34,
2024-05-30 10:17:41,2024-05-30,10:17:41,,10.6,,39.6,,25.3,,16.562,,304.5,,2.18,,1.44
2024-05-30 10:18:44,2024-05-30,10:18:44,11.1,10.3,40.2,39.2,25.7,25.2,16.99,16.412,324.9,282.6,2.16,2.48,0.88,1.87
2024-05-30 10:19:48,2024-05-30,10:19:48,11.0,10.5,39.8,39.6,25.7,25.1,16.921,16.399,309.1,274.6,1.88,2.79,1.21,1.41
2024-05-30 10:20:51,2024-05-30,10:20:51,11.2,,40.5,,25.6,,16.96,,337.2,,1.44,,1.02,
2024-05-30 10:20:52,2024-05-30,10:20:52,,10.6,,40.2,,25.1,,16.501,,231.1,,1.59,,0.59
2024-05-30 10:21:54,2024-05-30,10:21:54,11.7,,41.6,,25.7,,17.229,,327.4,,1.67,,0.9,
2024-05-30 10:21:55,2024-05-30,10:21:55,,10.3,,39.3,,25.1,,16.348,,268.4,,1.83,,1.09
2024-05-30 10:22:58,2024-05-30,10:22:58,11.5,10.2,40.8,39.1,25.8,25.1,17.174,16.314,330.4,259.8,1.75,0.87,1.28,0.75
2024-05-30 10:24:02,2024-05-30,10:24:02,11.5,,40.8,,25.8,10.2,17.174,,306.6,292.4,1.97,1.66,1.0,1.1
2024-05-30 10:25:05,2024-05-30,10:25:05,10.5,,38.7,,25.6,,16.649,,333.4,,2.01,,1.35,
2024-05-30 10:25:06,2024-05-30,10:25:06,,10.1,,38.8,,25.1,,16.263,,235.8,,1.48,,0.81
2024-05-30 10:26:08,2024-05-30,10:26:08,10.9,,39.7,,25.6,,16.822,,327.5,,1.85,,1.12,
2024-05-30 10:26:09,2024-05-30,10:26:09,,10.4,,39.4,,25.2,,16.446,,230.8,,0.71,,0.24
2024-05-30 10:27:12,2024-05-30,10:27:12,11.3,10.0,40.6,38.2,25.7,25.3,17.058,16.32,334.7,310.9,2.6,2.29,0.83,2.06
2024-05-30 10:28:16,2024-05-30,10:28:16,11.0,10.0,39.7,38.5,25.7,25.2,16.903,16.292,354.6,348.1,1.49,2.73,1.27,1.39
2024-05-30 10:29:19,2024-05-30,10:29:19,10.3,,38.3,,25.6,,16.579,,349.9,,1.86,,0.75,
2024-05-30 10:29:20,2024-05-30,10:29:20,,10.0,,38.4,,25.2,,16.275,,266.0,,2.13,,1.82
2024-05-30 10:30:22,2024-05-30,10:30:22,11.2,,40.4,,25.7,,17.024,,352.8,,1.18,,0.49,
2024-05-30 10:30:23,2024-05-30,10:30:23,,10.0,,38.4,,25.2,,16.275,,204.1,,2.06,,1.17
2024-05-30 10:31:26,2024-05-30,10:31:26,11.3,10.2,40.5,38.7,25.7,25.3,17.041,16.407,318.9,309.7,0.53,0.94,0.32,0.45
2024-05-30 10:32:30,2024-05-30,10:32:30,10.8,9.9,38.9,37.8,25.8,25.3,16.845,16.251,2.4,253.7,1.57,2.22,1.33,1.29
2024-05-30 10:33:33,2024-05-30,10:33:33,10.9,,39.3,,25.8,,16.915,,332.1,,1.08,,0.61,
2024-05-30 10:33:34,2024-05-30,10:33:34,,10.3,,38.6,,25.4,,16.47,,253.2,,1.82,,1.33
2024-05-30 10:34:36,2024-05-30,10:34:36,10.7,,38.4,,25.9,,16.838,,333.0,,1.13,,0.63,
2024-05-30 10:34:37,2024-05-30,10:34:37,,9.7,,37.1,,25.4,,16.208,,275.2,,2.93,,2.06
2024-05-30 10:35:40,2024-05-30,10:35:40,10.4,9.8,37.8,37.4,25.9,25.4,16.732,16.261,343.8,349.5,1.45,2.45,1.13,1.29
2024-05-30 10:36:44,2024-05-30,10:36:44,10.4,9.5,37.9,36.7,25.9,25.4,16.749,16.137,330.4,302.7,1.23,2.08,0.94,1.56
2024-05-30 10:37:48,2024-05-30,10:37:48,10.1,9.7,37.4,37.1,25.8,25.4,16.58,16.208,349.6,348.2,1.12,1.21,0.92,0.76
2024-05-30 10:38:51,2024-05-30,10:38:51,10.8,9.6,38.9,36.8,25.8,25.4,16.845,16.155,331.2,353.0,1.27,2.97,0.97,1.76
2024-05-30 10:39:54,2024-05-30,10:39:54,10.4,9.8,38.1,37.3,25.8,25.4,16.705,16.243,323.9,269.1,0.98,1.75,0.6,0.23
2024-05-30 10:40:58,2024-05-30,10:40:58,10.5,10.0,38.3,37.5,25.8,25.5,16.74,16.358,337.0,63.2,1.28,1.57,0.47,1.31
2024-05-30 10:42:02,2024-05-30,10:42:02,11.0,9.9,39.2,36.8,25.9,25.7,16.978,16.394,90.5,89.8,0.82,1.74,0.41,0.41
2024-05-30 10:43:05,2024-05-30,10:43:05,11.0,9.6,39.1,36.3,26.0,25.7,17.042,16.304,235.7,254.5,1.18,3.08,0.4,2.65
2024-05-30 10:44:08,2024-05-30,10:44:08,10.9,9.7,38.3,36.6,26.2,25.6,17.061,16.278,312.6,33.0,1.04,2.68,0.25,1.0
2024-05-30 10:45:12,2024-05-30,10:45:12,10.2,9.6,36.6,36.3,26.2,25.7,16.755,16.304,340.2,320.9,1.23,2.59,0.69,1.87
2024-05-30 10:46:16,2024-05-30,10:46:16,10.4,9.8,37.2,36.6,26.2,25.7,16.864,16.358,330.6,296.0,1.14,2.03,1.03,1.33
2024-05-30 10:47:19,2024-05-30,10:47:19,10.2,9.8,36.4,36.5,26.3,25.8,16.798,16.419,14.4,67.8,1.39,1.48,0.94,1.19
2024-05-30 10:48:22,2024-05-30,10:48:22,9.5,9.5,34.8,35.5,26.3,25.9,16.503,16.317,63.5,98.3,1.06,2.0,0.65,1.62
2024-05-30 10:49:26,2024-05-30,10:49:26,9.7,9.2,35.1,34.8,26.3,26.0,16.559,16.267,23.0,43.4,0.95,2.7,0.53,2.19
2024-05-30 10:50:30,2024-05-30,10:50:30,9.8,9.4,35.7,34.9,26.2,26.1,16.591,16.364,83.5,80.1,1.29,2.3,0.22,1.69
2024-05-30 10:51:33,2024-05-30,10:51:33,10.1,9.6,36.2,35.2,26.3,26.2,16.762,16.498,58.2,81.7,0.33,1.92,0.11,0.83
2024-05-30 10:52:36,2024-05-30,10:52:36,10.5,10.0,37.1,35.9,26.3,26.3,16.926,16.707,328.8,302.3,0.84,1.26,0.29,0.92
2024-05-30 10:53:40,2024-05-30,10:53:40,10.7,9.6,37.3,34.9,26.4,26.3,17.042,16.521,306.8,239.0,0.92,3.28,0.6,2.39
2024-05-30 10:54:44,2024-05-30,10:54:44,11.0,9.9,38.1,35.6,26.4,26.3,17.186,16.651,288.4,220.9,0.68,1.96,0.38,0.84
2024-05-30 10:55:47,2024-05-30,10:55:47,10.5,9.7,36.7,35.4,26.5,26.2,17.012,16.535,292.7,289.3,1.32,1.53,1.05,0.77
2024-05-30 10:56:50,2024-05-30,10:56:50,10.7,9.7,36.9,35.4,26.6,26.2,17.128,16.535,355.0,248.9,0.93,3.39,0.48,1.67
2024-05-30 10:57:54,2024-05-30,10:57:54,10.8,9.9,37.1,35.9,26.6,26.2,17.165,16.627,325.8,266.4,1.33,3.22,0.9,2.1
2024-05-30 10:58:58,2024-05-30,10:58:58,11.0,9.6,37.6,35.2,26.7,26.2,17.336,16.498,348.3,246.1,1.25,3.4,0.46,3.15
2024-05-30 11:00:01,2024-05-30,11:00:01,11.1,9.6,37.8,36.0,26.8,26.0,17.453,16.488,157.5,233.8,0.58,3.62,0.23,3.33
2024-05-30 11:01:04,2024-05-30,11:01:04,11.0,9.9,37.2,36.2,26.9,26.0,17.423,16.524,41.0,79.5,0.68,3.46,0.46,0.41
2024-05-30 11:02:08,2024-05-30,11:02:08,10.6,9.5,36.0,35.2,26.9,26.1,17.2,16.42,345.4,220.5,0.85,2.0,0.39,1.32
2024-05-30 11:03:12,2024-05-30,11:03:12,10.2,9.4,35.1,35.2,26.9,26.1,17.03,16.42,5.7,202.0,0.69,2.24,0.41,0.59
2024-05-30 11:04:15,2024-05-30,11:04:15,,9.8,,35.9,,26.1,,16.548,,314.5,,1.97,,0.82
2024-05-30 11:04:16,2024-05-30,11:04:16,10.6,,35.9,,27.0,,17.26,,53.3,,0.77,,0.18,
2024-05-30 11:05:18,2024-05-30,11:05:18,11.0,,36.7,,27.0,,17.41,,2.8,,0.37,,0.2,
2024-05-30 11:05:19,2024-05-30,11:05:19,,9.6,,35.4,,26.1,,16.457,,239.6,,4.52,,3.8
2024-05-30 11:06:22,2024-05-30,11:06:22,10.7,9.2,35.8,35.1,27.1,25.8,17.32,16.165,20.0,248.7,0.9,4.87,0.57,2.84
2024-05-30 11:07:26,2024-05-30,11:07:26,10.7,9.7,35.6,36.4,27.2,25.7,17.362,16.322,335.7,261.7,1.41,3.23,0.84,1.82
2024-05-30 11:08:30,2024-05-30,11:08:30,11.0,9.8,35.9,36.4,27.4,25.8,17.577,16.401,176.3,248.9,1.15,3.37,0.15,1.49
2024-05-30 11:09:32,2024-05-30,11:09:32,,9.2,,35.1,,25.8,,16.165,,207.4,,2.62,,1.95
2024-05-30 11:09:33,2024-05-30,11:09:33,,,,,11.5,,,,27.5,,3.72,,1.8,
2024-05-30 11:10:36,2024-05-30,11:10:36,11.3,9.7,36.0,36.2,27.7,25.8,17.833,16.365,328.9,200.3,1.6,2.89,1.0,1.21
2024-05-30 11:11:40,2024-05-30,11:11:40,11.2,9.4,35.7,35.4,27.8,25.9,17.854,16.299,304.7,202.5,1.62,3.91,0.45,2.4
2024-05-30 11:12:43,2024-05-30,11:12:43,11.0,,35.1,,27.9,,17.817,,335.4,,2.08,,1.04,
2024-05-30 11:12:44,2024-05-30,11:12:44,,9.4,,35.2,,25.9,,16.262,,259.6,,3.81,,2.28
2024-05-30 11:13:46,2024-05-30,11:13:46,10.4,9.6,33.6,35.5,27.9,26.0,17.521,16.396,326.9,185.4,2.26,2.0,0.91,1.26
2024-05-30 11:14:50,2024-05-30,11:14:50,10.6,9.3,34.1,34.8,27.9,26.1,17.62,16.346,316.8,158.4,1.37,2.11,0.91,0.65
2024-05-30 11:15:54,2024-05-30,11:15:54,10.4,9.3,33.5,34.8,27.9,26.1,17.501,16.346,303.3,188.1,2.2,2.45,0.44,1.31
2024-05-30 11:16:57,2024-05-30,11:16:57,11.2,,35.2,,28.0,,17.915,,315.1,,2.18,,1.1,
2024-05-30 11:16:58,2024-05-30,11:16:58,,9.3,,34.5,,26.2,,16.368,,214.0,,2.99,,0.55
2024-05-30 11:18:01,2024-05-30,11:18:01,11.0,9.4,34.7,34.6,28.1,26.3,17.895,16.465,313.4,187.4,2.24,2.46,1.44,1.42
2024-05-30 11:19:04,2024-05-30,11:19:04,11.1,9.6,34.8,34.8,28.1,26.4,17.915,16.581,187.0,152.9,1.31,1.79,0.27,0.57
2024-05-30 11:20:08,2024-05-30,11:20:08,10.7,9.3,33.8,33.7,28.1,26.6,17.717,16.529,313.5,194.2,3.18,1.97,1.85,1.21
2024-05-30 11:21:12,2024-05-30,11:21:12,10.4,9.2,33.2,33.4,28.1,26.6,17.596,16.472,335.6,133.4,2.29,1.27,1.3,0.32
2024-05-30 11:22:14,2024-05-30,11:22:14,,9.4,,33.6,,26.8,,16.666,,62.3,,0.7,,0.34
2024-05-30 11:22:15,2024-05-30,11:22:15,9.5,,31.7,,27.9,,17.138,,356.2,,2.2,,1.0,
2024-05-30 11:23:18,2024-05-30,11:23:18,9.8,9.2,32.9,33.0,27.5,26.9,17.072,16.627,328.0,60.7,2.34,1.36,1.75,0.98
2024-05-30 11:24:22,2024-05-30,11:24:22,10.1,9.1,33.8,32.5,27.5,27.0,17.249,16.607,306.3,41.0,2.57,2.93,1.08,1.1
2024-05-30 11:25:26,2024-05-30,11:25:26,11.3,9.1,36.2,32.2,27.6,27.1,17.792,16.624,288.9,343.5,1.85,2.31,0.86,0.74
2024-05-30 11:26:29,2024-05-30,11:26:29,10.5,9.1,34.6,32.6,27.5,27.0,17.406,16.626,323.1,5.4,2.08,4.23,1.61,3.36
2024-05-30 11:27:32,2024-05-30,11:27:32,9.5,9.3,32.4,33.2,27.5,26.9,16.972,16.666,328.7,330.1,2.85,2.94,1.69,0.77
2024-05-30 11:28:36,2024-05-30,11:28:36,9.9,9.3,33.4,33.2,27.4,26.8,17.093,16.589,347.8,319.3,2.52,2.87,2.03,1.82
2024-05-30 11:29:40,2024-05-30,11:29:40,9.6,9.3,32.8,33.1,27.4,26.9,16.975,16.647,0.2,10.3,3.18,2.66,1.65,2.27
2024-05-30 11:30:43,2024-05-30,11:30:43,10.3,9.2,34.2,33.0,27.5,26.9,17.328,16.627,303.1,334.0,2.03,3.09,0.35,2.33
2024-05-30 11:31:46,2024-05-30,11:31:46,9.7,9.1,33.0,32.8,27.4,26.8,17.014,16.511,315.1,339.7,2.21,2.82,1.55,1.32
2024-05-30 11:32:50,2024-05-30,11:32:50,10.2,9.1,34.1,32.8,27.4,26.8,17.23,16.511,327.0,323.7,2.46,2.31,1.8,1.96
2024-05-30 11:33:54,2024-05-30,11:33:54,9.7,9.0,32.9,32.6,27.4,26.8,16.994,16.472,319.5,323.6,2.92,2.65,2.65,1.21
2024-05-30 11:34:57,2024-05-30,11:34:57,10.0,9.0,33.4,32.6,27.5,26.8,17.171,16.472,327.5,332.9,2.3,1.91,1.15,1.74
2024-05-30 11:36:00,2024-05-30,11:36:00,10.3,9.3,33.9,33.3,27.6,26.8,17.347,16.608,341.0,306.5,2.01,2.48,1.22,2.19
2024-05-30 11:37:04,2024-05-30,11:37:04,9.9,9.3,32.7,33.5,27.8,26.9,17.264,16.724,319.8,313.9,2.49,2.74,2.03,2.41
2024-05-30 11:38:08,2024-05-30,11:38:08,9.3,9.2,31.5,32.8,27.8,26.9,17.02,16.588,322.9,310.6,2.77,2.85,1.93,2.01
2024-05-30 11:39:11,2024-05-30,11:39:11,,8.9,,32.2,,26.9,,16.47,,327.1,,3.58,,1.08
2024-05-30 11:39:12,2024-05-30,11:39:12,9.3,,31.5,,27.8,,17.02,,331.2,,2.85,,2.05,
2024-05-30 11:40:14,2024-05-30,11:40:14,,9.2,,33.0,,26.8,,16.55,,306.7,,4.0,,3.22
2024-05-30 11:40:15,2024-05-30,11:40:15,9.8,,32.6,,27.7,,17.166,,311.4,,2.34,,0.91,
2024-05-30 11:41:18,2024-05-30,11:41:18,,9.1,,32.8,10.3,26.8,,16.511,27.6,301.5,3.4,3.58,2.19,2.68
2024-05-30 11:42:22,2024-05-30,11:42:22,9.8,9.1,32.7,33.1,27.7,26.7,17.186,16.492,326.0,311.4,2.47,4.28,2.18,3.13
2024-05-30 11:43:25,2024-05-30,11:43:25,,9.1,,33.1,,26.7,,16.492,,287.9,,3.81,,2.07
2024-05-30 11:43:26,2024-05-30,11:43:26,9.8,,32.6,,27.7,,17.166,,332.7,,2.51,,1.98,
2024-05-30 11:44:28,2024-05-30,11:44:28,,9.3,,33.6,,26.7,,16.588,,269.0,,3.18,,1.53
2024-05-30 11:44:29,2024-05-30,11:44:29,10.6,,34.2,,27.8,,17.562,,323.8,,2.19,,1.19,
2024-05-30 11:45:32,2024-05-30,11:45:32,10.3,9.5,33.2,33.9,27.9,26.7,17.441,16.646,327.2,273.5,2.28,3.06,1.88,1.86
2024-05-30 11:46:36,2024-05-30,11:46:36,9.9,9.1,32.6,33.3,27.8,26.6,17.243,16.453,336.0,254.4,2.26,3.4,1.76,1.44
2024-05-30 11:47:39,2024-05-30,11:47:39,,9.4,,33.9,,26.6,,16.568,,236.8,,2.85,,2.1
2024-05-30 11:47:40,2024-05-30,11:47:40,10.4,,33.5,,27.9,,17.501,,333.4,,1.97,,0.89,
2024-05-30 11:48:42,2024-05-30,11:48:42,,9.1,,33.0,,26.7,,16.472,,314.6,,3.26,,2.96
2024-05-30 11:48:43,2024-05-30,11:48:43,9.9,,32.4,,27.9,,17.28,,326.6,,2.55,,2.11,
2024-05-30 11:49:46,2024-05-30,11:49:46,9.5,9.1,31.6,32.8,27.9,26.8,17.117,16.511,339.9,293.9,2.71,2.94,1.81,2.37
2024-05-30 11:50:50,2024-05-30,11:50:50,10.1,9.2,32.9,33.2,27.9,26.7,17.381,16.511,278.7,264.6,2.04,2.73,0.31,1.45
2024-05-30 11:51:53,2024-05-30,11:51:53,,8.6,,32.0,,26.7,,16.277,,343.3,,3.02,,1.71
2024-05-30 11:51:54,2024-05-30,11:51:54,10.0,,32.4,,28.0,,17.357,,334.1,,2.15,,1.67,
2024-05-30 11:52:56,2024-05-30,11:52:56,,8.8,,32.1,,26.8,,16.374,,278.6,,2.86,,2.29
2024-05-30 11:52:57,2024-05-30,11:52:57,9.2,,30.9,,28.0,,17.049,,329.5,,2.7,,2.03,
2024-05-30 11:54:00,2024-05-30,11:54:00,9.2,8.9,30.9,32.6,28.0,26.7,17.049,16.395,325.9,262.5,2.58,3.29,2.08,2.4
2024-05-30 11:55:04,2024-05-30,11:55:04,9.6,8.9,31.9,32.6,27.9,26.7,17.178,16.395,337.7,261.8,2.36,3.06,1.93,1.92
2024-05-30 11:56:07,2024-05-30,11:56:07,,9.4,,33.8,,26.6,,16.549,,281.9,,2.39,,0.85
2024-05-30 11:56:08,2024-05-30,11:56:08,9.7,,32.1,,27.9,,17.219,,322.0,,1.83,,1.56,
2024-05-30 11:57:10,2024-05-30,11:57:10,,15.1,,48.9,,26.8,,19.368,,256.7,,3.9,,2.87
2024-05-30 11:57:11,2024-05-30,11:57:11,13.4,,40.5,,28.1,,18.999,,333.3,,2.71,,1.49,
2024-05-30 11:58:14,2024-05-30,11:58:14,15.2,15.8,45.4,51.3,28.1,26.7,19.877,19.672,346.1,212.7,2.53,3.81,0.96,1.85
2024-05-30 11:59:18,2024-05-30,11:59:18,15.6,15.7,46.5,51.1,28.2,26.7,20.153,19.64,338.0,259.2,1.92,3.74,1.32,2.63
2024-05-30 12:00:21,2024-05-30,12:00:21,,15.8,,52.0,,26.4,,19.523,,287.3,,4.45,,1.93
2024-05-30 12:00:22,2024-05-30,12:00:22,16.0,,47.4,,28.2,,20.308,,341.4,,2.66,,1.5,
2024-05-30 12:01:24,2024-05-30,12:01:24,,15.7,,52.2,,26.3,,19.468,,259.3,,3.61,,1.59
2024-05-30 12:01:25,2024-05-30,12:01:25,16.0,,47.9,,28.1,,20.309,,347.0,,2.21,,0.13,
2024-05-30 12:02:28,2024-05-30,12:02:28,16.6,,49.2,,28.3,16.1,20.702,,347.5,26.4,2.42,5.31,1.23,4.17
2024-05-30 12:03:32,2024-05-30,12:03:32,16.9,16.0,49.8,52.4,28.4,26.5,20.889,19.674,350.4,234.3,2.33,6.31,1.0,4.25
2024-05-30 12:04:35,2024-05-30,12:04:35,,15.5,,51.5,,26.4,,19.444,,220.7,,6.17,,4.44
2024-05-30 12:04:36,2024-05-30,12:04:36,16.5,,48.7,,28.4,,20.702,,315.3,,1.86,,0.89,
2024-05-30 12:05:38,2024-05-30,12:05:38,,15.6,,52.5,,26.1,,19.342,,225.9,,5.6,,3.67
2024-05-30 12:05:39,2024-05-30,12:05:39,16.5,,48.3,,28.5,,20.719,,359.7,,2.36,,0.96,
2024-05-30 12:06:42,2024-05-30,12:06:42,16.4,15.2,47.8,51.5,28.6,26.0,20.717,19.098,329.7,233.2,1.72,5.39,0.62,3.19
2024-05-30 12:07:46,2024-05-30,12:07:46,16.3,15.4,47.5,52.2,28.6,26.0,20.665,19.208,322.4,248.1,1.96,4.53,1.61,3.59
2024-05-30 12:08:49,2024-05-30,12:08:49,,15.5,,52.8,,25.9,,19.214,,271.5,,6.56,,2.81
2024-05-30 12:08:50,2024-05-30,12:08:50,16.1,,47.1,,28.5,,20.511,,347.6,,2.2,,1.77,
2024-05-30 12:09:52,2024-05-30,12:09:52,,15.2,,51.5,,26.0,,19.098,,230.9,,5.68,,4.16
2024-05-30 12:09:53,2024-05-30,12:09:53,16.2,,47.8,,28.4,,20.547,,344.7,,1.79,,0.92,
2024-05-30 12:10:56,2024-05-30,12:10:56,16.0,14.8,46.6,49.8,28.5,26.1,20.423,18.914,345.0,270.1,1.64,4.01,1.33,2.3
2024-05-30 12:12:00,2024-05-30,12:12:00,16.0,14.7,46.9,49.4,28.5,26.1,20.476,18.85,164.7,230.5,0.88,5.29,0.47,4.4
2024-05-30 12:13:03,2024-05-30,12:13:03,,14.1,,48.4,,25.9,,18.518,,256.8,,5.58,,1.44
2024-05-30 12:13:04,2024-05-30,12:13:04,15.8,,46.2,,28.5,,20.353,,350.4,,2.16,,1.36,
2024-05-30 12:14:06,2024-05-30,12:14:06,,14.3,,49.2,,25.8,,18.561,,328.5,,4.06,,2.11
2024-05-30 12:14:07,2024-05-30,12:14:07,15.0,,44.3,,28.3,,19.85,,328.0,,2.93,,1.79,
2024-05-30 12:15:10,2024-05-30,12:15:10,15.5,14.6,46.5,50.2,28.0,25.8,19.984,18.72,343.0,195.1,2.22,2.81,0.71,0.99
2024-05-30 12:16:14,2024-05-30,12:16:14,15.8,,47.1,,28.1,15.1,20.172,,320.9,26.0,1.92,5.12,0.84,5.81
2024-05-30 12:17:17,2024-05-30,12:17:17,,15.4,,51.2,,26.3,,19.31,,240.0,,4.87,,3.59
2024-05-30 12:17:18,2024-05-30,12:17:18,16.0,,47.2,,28.4,,20.443,,339.2,,2.25,,1.49,
2024-05-30 12:18:20,2024-05-30,12:18:20,,15.4,,51.8,,26.1,,19.232,,246.1,,5.43,,3.45
2024-05-30 12:18:21,2024-05-30,12:18:21,16.5,,48.1,,28.6,,20.769,,343.3,,2.37,,1.64,
2024-05-30 12:19:24,2024-05-30,12:19:24,16.2,15.5,47.8,52.7,28.4,25.9,20.547,19.199,335.0,263.8,2.61,4.55,2.09,1.98
2024-05-30 12:20:28,2024-05-30,12:20:28,,15.4,,52.4,16.5,25.9,,19.152,28.3,209.2,4.88,4.32,2.13,2.62
2024-05-30 12:21:31,2024-05-30,12:21:31,,15.2,,51.6,,26.0,,19.113,,237.8,,4.77,,2.6
2024-05-30 12:21:32,2024-05-30,12:21:32,16.4,,48.2,,28.4,,20.616,,294.1,,2.05,,0.26,
2024-05-30 12:22:34,2024-05-30,12:22:34,,,,,,15.0,,,,26.2,,5.05,,4.57
2024-05-30 12:22:35,2024-05-30,12:22:35,16.0,,47.2,,28.4,,20.443,,304.7,,1.84,,0.69,
2024-05-30 12:23:38,2024-05-30,12:23:38,16.3,15.4,47.5,51.1,28.6,26.3,20.665,19.294,322.7,224.6,2.66,3.92,1.45,2.47
2024-05-30 12:24:42,2024-05-30,12:24:42,16.3,15.5,46.9,51.6,28.8,26.3,20.73,19.373,352.3,210.1,1.89,5.95,0.76,3.71
2024-05-30 12:25:45,2024-05-30,12:25:45,,15.1,,50.5,,26.2,,19.112,,213.9,,6.13,,4.74
2024-05-30 12:25:46,2024-05-30,12:25:46,16.3,,46.3,,29.0,,20.793,,5.0,,1.83,,0.62,
2024-05-30 12:26:48,2024-05-30,12:26:48,,15.1,,50.9,,26.1,,19.089,,246.7,,5.69,,3.92
2024-05-30 12:26:49,2024-05-30,12:26:49,16.4,,46.5,,29.0,,20.828,,329.3,,1.99,,1.08,
2024-05-30 12:27:52,2024-05-30,12:27:52,16.3,15.3,46.1,52.2,29.1,25.9,20.841,19.121,314.2,228.5,2.3,6.07,1.87,2.02
2024-05-30 12:28:56,2024-05-30,12:28:56,16.2,15.3,45.8,52.1,29.1,25.9,20.788,19.105,76.1,226.3,1.86,6.14,0.34,3.87
2024-05-30 12:29:59,2024-05-30,12:29:59,,15.3,,52.2,,25.9,,19.121,,218.3,,5.13,,3.36
2024-05-30 12:30:00,2024-05-30,12:30:00,16.6,,46.7,,29.1,,20.948,,139.3,,2.24,,0.23,
2024-05-30 12:31:02,2024-05-30,12:31:02,,15.0,,51.0,,26.0,,19.019,,208.9,,5.1,,3.25
2024-05-30 12:31:03,2024-05-30,12:31:03,16.5,,46.6,,29.1,,20.93,,324.2,,1.92,,1.24,
2024-05-30 12:32:06,2024-05-30,12:32:06,16.3,15.1,46.1,51.3,29.1,26.0,20.841,19.066,106.6,241.0,1.95,4.25,0.37,2.62
2024-05-30 12:33:10,2024-05-30,12:33:10,,15.1,,51.2,15.9,26.0,,19.05,29.0,254.1,4.5,5.24,1.72,3.31
2024-05-30 12:34:13,2024-05-30,12:34:13,,15.4,,52.2,,26.0,,19.208,,209.2,,5.4,,2.89
2024-05-30 12:34:14,2024-05-30,12:34:14,16.1,,46.4,,28.8,,20.642,,67.0,,1.86,,0.25,
2024-05-30 12:35:16,2024-05-30,12:35:16,,15.2,,51.1,,26.1,,19.121,,264.6,,3.9,,3.03
2024-05-30 12:35:17,2024-05-30,12:35:17,16.5,,47.0,,28.9,,20.832,,338.7,,2.06,,1.5,
2024-05-30 12:36:20,2024-05-30,12:36:20,16.2,15.3,46.9,51.6,28.7,26.1,20.645,19.2,321.7,259.3,1.81,3.54,1.05,2.42
2024-05-30 12:37:24,2024-05-30,12:37:24,16.0,15.0,46.9,50.6,28.5,26.0,20.476,18.955,324.7,254.5,2.03,4.07,1.02,3.48
2024-05-30 12:38:27,2024-05-30,12:38:27,,15.1,,51.4,,25.9,,18.995,,266.7,,5.23,,4.26
2024-05-30 12:38:28,2024-05-30,12:38:28,16.0,,47.2,,28.3,,20.359,,325.9,,2.11,,1.37,
2024-05-30 12:39:30,2024-05-30,12:39:30,,15.3,,51.8,,26.0,,19.145,,237.7,,4.92,,1.8
2024-05-30 12:39:31,2024-05-30,12:39:31,16.5,,48.6,,28.4,,20.685,,342.5,,1.98,,1.74,
2024-05-30 12:40:34,2024-05-30,12:40:34,16.1,15.4,47.4,52.2,28.4,26.0,20.478,19.208,322.5,244.7,2.13,4.04,1.2,2.93
2024-05-30 12:41:38,2024-05-30,12:41:38,16.7,15.6,49.1,52.2,28.4,26.2,20.77,19.381,316.0,233.7,1.62,4.78,1.2,3.57
2024-05-30 12:42:41,2024-05-30,12:42:41,,15.3,,51.0,,26.3,,19.278,,216.0,,5.24,,4.1
2024-05-30 12:42:42,2024-05-30,12:42:42,16.5,,48.0,,28.6,,20.752,,95.4,,2.16,,0.53,
2024-05-30 12:43:44,2024-05-30,12:43:44,,15.1,,50.4,,26.3,,19.182,,252.0,,4.77,,4.05
2024-05-30 12:43:45,2024-05-30,12:43:45,16.4,,47.3,,28.7,,20.715,,332.0,,2.08,,1.56,
2024-05-30 12:44:48,2024-05-30,12:44:48,16.2,15.0,46.9,50.8,28.7,26.1,20.645,19.073,340.0,226.1,1.85,5.72,0.98,3.89
2024-05-30 12:45:52,2024-05-30,12:45:52,16.1,15.5,46.8,52.6,28.6,25.9,20.543,19.183,341.9,268.7,1.75,6.1,1.31,3.6
2024-05-30 12:46:55,2024-05-30,12:46:55,,15.2,,51.9,,25.9,,19.074,,279.1,,5.49,,3.47
2024-05-30 12:46:56,2024-05-30,12:46:56,16.1,,46.9,,28.6,,20.561,,335.6,,2.11,,1.63,
2024-05-30 12:47:58,2024-05-30,12:47:58,,15.5,,52.9,,25.9,,19.23,,265.3,,4.53,,2.81
2024-05-30 12:47:59,2024-05-30,12:47:59,16.3,,48.1,,28.4,,20.599,,333.4,,1.85,,1.29,
2024-05-30 12:49:02,2024-05-30,12:49:02,16.3,15.4,48.2,52.0,28.3,26.0,20.531,19.176,345.5,245.3,1.94,5.59,1.26,4.65
2024-05-30 12:50:06,2024-05-30,12:50:06,16.3,15.5,48.4,53.2,28.3,25.8,20.565,19.189,325.7,218.6,1.95,5.94,1.2,3.69
2024-05-30 12:51:09,2024-05-30,12:51:09,,15.4,,53.0,,25.7,,19.071,,244.5,,5.39,,3.62
2024-05-30 12:51:10,2024-05-30,12:51:10,16.5,,48.7,,28.3,,20.616,,349.4,,2.62,,1.12,
2024-05-30 12:52:12,2024-05-30,12:52:12,,15.3,,53.2,,25.6,,19.015,,249.2,,5.69,,4.01
2024-05-30 12:52:13,2024-05-30,12:52:13,16.5,,48.8,,28.3,,20.634,,3.0,,2.22,,1.01,
2024-05-30 12:53:16,2024-05-30,12:53:16,16.5,15.6,48.7,54.3,28.3,25.5,20.616,19.096,2.1,253.9,0.94,5.09,0.58,3.07
2024-05-30 12:54:20,2024-05-30,12:54:20,,,,,16.3,15.8,,,28.3,25.5,4.81,5.49,2.1,6.44
2024-05-30 12:55:23,2024-05-30,12:55:23,,15.8,,55.4,,25.4,,19.176,,234.3,,7.53,,4.59
2024-05-30 12:55:24,2024-05-30,12:55:24,16.7,,49.5,,28.3,,20.753,,349.0,,2.22,,0.61,
2024-05-30 12:56:26,2024-05-30,12:56:26,,16.0,,55.5,,25.5,,19.279,,248.2,,4.68,,2.39
2024-05-30 12:56:27,2024-05-30,12:56:27,16.7,,49.2,,28.4,,20.787,,335.4,,1.46,,0.76,
2024-05-30 12:57:30,2024-05-30,12:57:30,16.9,15.7,49.4,54.0,28.5,25.7,20.907,19.226,335.6,232.6,1.87,6.46,1.26,4.75
2024-05-30 12:58:34,2024-05-30,12:58:34,16.9,15.7,49.1,54.4,28.6,25.6,20.941,19.199,314.3,233.0,2.09,6.03,1.57,2.09
2024-05-30 12:59:38,2024-05-30,12:59:38,16.9,,48.9,,28.7,,20.993,,311.7,,2.51,,1.24,
2024-05-30 13:00:04,2024-05-30,13:00:04,,15.6,,54.0,,25.6,,19.138,,214.2,,4.17,,2.25
2024-05-30 13:00:41,2024-05-30,13:00:41,16.7,,48.0,,28.8,,20.922,,323.5,,2.71,,0.87,
2024-05-30 13:01:08,2024-05-30,13:01:08,,15.6,,54.0,,25.6,,19.138,,213.0,,5.6,,4.43
2024-05-30 13:01:44,2024-05-30,13:01:44,16.7,,47.9,,28.8,,20.905,,300.6,,1.8,,0.73,
2024-05-30 13:02:11,2024-05-30,13:02:11,,15.8,,54.4,,25.7,,19.287,,219.8,,3.88,,2.89
2024-05-30 13:02:48,2024-05-30,13:02:48,16.8,,48.4,,28.8,,20.992,,21.7,,3.05,,0.18,
2024-05-30 13:03:14,2024-05-30,13:03:14,,15.6,,53.2,,25.9,,19.277,,213.9,,5.37,,4.16
2024-05-30 13:03:52,2024-05-30,13:03:52,16.7,,47.8,,28.9,,20.972,,190.2,,1.1,,0.56,
2024-05-30 13:04:18,2024-05-30,13:04:18,,15.9,,54.7,,25.7,,19.333,,245.8,,6.73,,5.16
2024-05-30 13:04:55,2024-05-30,13:04:55,17.0,,48.6,,28.9,,21.112,,359.3,,2.71,,0.66,
2024-05-30 13:05:22,2024-05-30,13:05:22,,15.9,,55.0,,25.6,,19.291,,226.4,,7.34,,6.43
2024-05-30 13:05:58,2024-05-30,13:05:58,17.0,,48.5,,28.9,,21.094,,345.7,,3.0,,0.52,
2024-05-30 13:06:25,2024-05-30,13:06:25,,16.2,,57.0,,25.4,,19.417,,210.9,,6.26,,1.88
2024-05-30 13:07:02,2024-05-30,13:07:02,17.2,,49.3,,28.9,,21.233,,317.0,,1.76,,1.02,
2024-05-30 13:07:28,2024-05-30,13:07:28,,16.2,,56.9,,25.4,,19.402,,233.1,,6.31,,3.63
2024-05-30 13:08:06,2024-05-30,13:08:06,17.0,,48.9,,28.8,,21.078,,331.8,,2.22,,1.19,
2024-05-30 13:08:32,2024-05-30,13:08:32,,16.1,,57.2,,25.2,,19.269,,237.5,,7.1,,4.45
2024-05-30 13:09:09,2024-05-30,13:09:09,17.3,,50.1,,28.7,,21.198,,346.5,,1.42,,0.58,
2024-05-30 13:09:36,2024-05-30,13:09:36,,16.0,,57.0,,25.1,,19.151,,243.1,,6.24,,4.34
2024-05-30 13:10:12,2024-05-30,13:10:12,17.2,,50.3,,28.6,,21.146,,19.4,,2.37,,0.25,
2024-05-30 13:10:39,2024-05-30,13:10:39,,16.1,,57.7,,25.1,,19.255,,217.4,,5.77,,2.62
2024-05-30 13:11:16,2024-05-30,13:11:16,17.4,,50.5,,28.7,,21.267,,323.7,,2.52,,1.27,
2024-05-30 13:11:42,2024-05-30,13:11:42,,16.2,,57.3,,25.3,,19.373,,203.4,,6.83,,3.29
2024-05-30 13:12:20,2024-05-30,13:12:20,17.4,,50.3,,28.8,,21.319,,315.9,,2.65,,1.28,
2024-05-30 13:12:46,2024-05-30,13:12:46,,16.3,,57.4,,25.3,,19.388,,205.8,,6.47,,5.38
2024-05-30 13:13:23,2024-05-30,13:13:23,17.1,,49.5,,28.8,,21.182,,169.7,,2.21,,0.53,
2024-05-30 13:13:50,2024-05-30,13:13:50,,16.5,,58.7,,25.2,,19.492,,202.1,,6.89,,3.71
2024-05-30 13:14:26,2024-05-30,13:14:26,17.2,,50.3,,28.6,,21.146,,288.9,,1.49,,0.4,
2024-05-30 13:14:53,2024-05-30,13:14:53,,16.3,,57.9,,25.2,,19.374,,249.6,,7.15,,6.47
2024-05-30 13:15:30,2024-05-30,13:15:30,17.3,,50.5,,28.6,,21.18,,340.1,,1.93,,1.61,
2024-05-30 13:15:56,2024-05-30,13:15:56,,16.4,,59.0,,25.0,,19.358,,239.2,,7.18,,5.5
2024-05-30 13:16:34,2024-05-30,13:16:34,17.6,,51.6,,28.5,,21.28,,6.2,,1.65,,0.7,
2024-05-30 13:17:00,2024-05-30,13:17:00,,16.3,,59.2,,24.8,,19.208,,246.3,,7.0,,4.68
2024-05-30 13:17:37,2024-05-30,13:17:37,17.4,,51.4,,28.4,,21.159,,355.2,,1.74,,0.91,
2024-05-30 13:18:04,2024-05-30,13:18:04,,16.5,,60.0,,24.8,,19.325,,239.6,,7.86,,5.39
2024-05-30 13:18:40,2024-05-30,13:18:40,17.6,,52.1,,28.3,,21.19,,345.2,,1.8,,1.24,
2024-05-30 13:19:07,2024-05-30,13:19:07,,16.6,,60.6,,24.7,,19.322,,239.6,,5.97,,4.56
2024-05-30 13:19:44,2024-05-30,13:19:44,17.6,,52.6,,28.2,,21.186,,2.6,,1.45,,0.17,
2024-05-30 13:20:10,2024-05-30,13:20:10,,16.6,,60.8,,24.7,,19.351,,235.8,,5.33,,2.84
2024-05-30 13:20:48,2024-05-30,13:20:48,17.8,,52.9,,28.3,,21.322,,310.9,,2.56,,1.4,
2024-05-30 13:21:14,2024-05-30,13:21:14,,16.5,,59.1,,25.1,,19.462,,251.1,,6.04,,3.54
2024-05-30 13:21:51,2024-05-30,13:21:51,17.5,,51.8,,28.4,,21.226,,112.4,,1.03,,0.21,
2024-05-30 13:22:18,2024-05-30,13:22:18,,16.5,,58.5,,25.2,,19.463,,241.1,,5.83,,3.13
2024-05-30 13:22:54,2024-05-30,13:22:54,17.4,,51.5,,28.4,,21.176,,335.3,,2.06,,1.76,
2024-05-30 13:23:21,2024-05-30,13:23:21,,16.2,,58.0,,25.1,,19.299,,202.8,,6.75,,3.68
2024-05-30 13:23:58,2024-05-30,13:23:58,17.3,,51.3,,28.3,,21.056,,163.7,,2.51,,0.49,
2024-05-30 13:24:24,2024-05-30,13:24:24,,16.5,,59.8,,25.0,,19.475,,246.2,,5.15,,2.68
2024-05-30 13:25:02,2024-05-30,13:25:02,17.6,,52.5,,28.3,,21.256,,351.0,,1.68,,1.14,
2024-05-30 13:25:28,2024-05-30,13:25:28,,16.4,,58.7,,25.1,,19.403,,222.3,,6.34,,5.39
2024-05-30 13:26:05,2024-05-30,13:26:05,17.4,,52.1,,28.2,,21.103,,347.2,,1.44,,0.58,
2024-05-30 13:26:32,2024-05-30,13:26:32,,16.4,,58.7,,25.1,,19.403,,250.4,,6.74,,5.61
2024-05-30 13:27:08,2024-05-30,13:27:08,17.6,,52.3,,28.3,,21.223,,125.2,,1.56,,0.44,
2024-05-30 13:27:35,2024-05-30,13:27:35,,16.6,,59.6,,25.0,,19.446,,243.6,,5.88,,2.86
2024-05-30 13:28:12,2024-05-30,13:28:12,17.6,,52.4,,28.3,,21.239,,73.7,,0.6,,0.38,
2024-05-30 13:28:38,2024-05-30,13:28:38,,16.4,,59.0,,25.0,,19.358,,242.3,,5.06,,4.38
2024-05-30 13:29:16,2024-05-30,13:29:16,17.7,,52.4,,28.4,,21.326,,108.8,,0.92,,0.5,
2024-05-30 13:29:42,2024-05-30,13:29:42,,16.5,,59.8,,24.9,,19.385,,253.0,,6.25,,4.76
2024-05-30 13:30:19,2024-05-30,13:30:19,18.0,,52.9,,28.5,,21.497,,109.7,,0.7,,0.2,
2024-05-30 13:30:46,2024-05-30,13:30:46,,16.5,,59.9,,24.8,,19.31,,226.2,,5.53,,3.19
2024-05-30 13:31:22,2024-05-30,13:31:22,17.7,,52.2,,28.4,,21.293,,284.7,,1.66,,1.01,
2024-05-30 13:31:50,2024-05-30,13:31:50,,16.2,,59.1,,24.8,,19.193,,232.0,,6.51,,5.2
2024-05-30 13:32:26,2024-05-30,13:32:26,17.7,,52.6,,28.3,,21.273,,172.1,,1.0,,0.61,
2024-05-30 13:32:53,2024-05-30,13:32:53,,16.3,,59.5,,24.7,,19.162,,241.9,,6.19,,5.56
2024-05-30 13:33:30,2024-05-30,13:33:30,17.5,,51.9,,28.3,,21.156,,357.8,,1.06,,0.48,
2024-05-30 13:33:56,2024-05-30,13:33:56,,16.2,,59.5,,24.6,,19.072,,230.3,,5.99,,4.53
2024-05-30 13:34:33,2024-05-30,13:34:33,17.5,,51.9,,28.4,,21.243,,33.0,,0.73,,0.23,
2024-05-30 13:35:00,2024-05-30,13:35:00,,16.2,,60.1,,24.5,,19.07,,220.9,,6.21,,3.25
2024-05-30 13:35:36,2024-05-30,13:35:36,17.6,,52.1,,28.4,,21.276,,170.1,,1.67,,0.14,
2024-05-30 13:36:04,2024-05-30,13:36:04,,16.3,,59.9,,24.6,,19.131,,204.6,,5.76,,3.76
2024-05-30 13:36:40,2024-05-30,13:36:40,17.6,,52.4,,28.3,,21.239,,315.0,,1.27,,0.38,
2024-05-30 13:37:07,2024-05-30,13:37:07,,16.4,,59.5,,24.8,,19.252,,244.0,,5.93,,4.92
2024-05-30 13:37:44,2024-05-30,13:37:44,17.7,,52.7,,28.3,,21.289,,136.3,,1.02,,0.87,
2024-05-30 13:38:10,2024-05-30,13:38:10,,16.7,,60.8,,24.8,,19.441,,242.2,,6.95,,3.75
2024-05-30 13:38:47,2024-05-30,13:38:47,17.6,,52.0,,28.4,,21.26,,82.4,,1.21,,0.32,
2024-05-30 13:39:14,2024-05-30,13:39:14,,16.5,,60.5,,24.7,,19.308,,212.7,,6.45,,5.33
2024-05-30 13:39:50,2024-05-30,13:39:50,18.0,,53.5,,28.4,,21.509,,86.3,,1.33,,0.27,
2024-05-30 13:40:18,2024-05-30,13:40:18,,16.6,,61.3,,24.5,,19.243,,231.5,,8.08,,5.78
2024-05-30 13:40:54,2024-05-30,13:40:54,17.9,,52.9,,28.4,,21.409,,104.8,,0.69,,0.55,
2024-05-30 13:41:21,2024-05-30,13:41:21,,16.9,,63.0,,24.4,,19.396,,207.6,,5.77,,5.08
2024-05-30 13:41:58,2024-05-30,13:41:58,17.8,,52.9,,28.3,,21.322,,178.0,,1.37,,0.42,
2024-05-30 13:42:24,2024-05-30,13:42:24,,16.9,,62.6,,24.5,,19.429,,219.6,,7.21,,3.77
2024-05-30 13:43:01,2024-05-30,13:43:01,18.0,,53.8,,28.3,,21.471,,163.4,,0.93,,0.36,
2024-05-30 13:43:28,2024-05-30,13:43:28,,16.7,,61.8,,24.5,,19.315,,202.6,,6.65,,2.13
2024-05-30 13:44:04,2024-05-30,13:44:04,18.0,,53.6,,28.3,,21.438,,114.5,,0.93,,0.7,
2024-05-30 13:44:32,2024-05-30,13:44:32,,17.0,,62.1,,24.7,,19.539,,192.9,,3.87,,3.27
2024-05-30 13:45:08,2024-05-30,13:45:08,18.0,,53.9,,28.3,,21.487,,161.7,,1.28,,1.06,
2024-05-30 13:45:35,2024-05-30,13:45:35,,16.8,,61.0,,24.8,,19.47,,218.7,,6.45,,4.83
2024-05-30 13:46:12,2024-05-30,13:46:12,18.2,,54.4,,28.3,,21.569,,294.4,,1.04,,0.35,
2024-05-30 13:46:38,2024-05-30,13:46:38,,16.9,,62.2,,24.6,,19.463,,247.5,,5.19,,3.3
2024-05-30 13:47:15,2024-05-30,13:47:15,18.2,,54.5,,28.3,,21.586,,167.2,,0.7,,0.24,
2024-05-30 13:47:42,2024-05-30,13:47:42,,16.9,,62.0,,24.7,,19.524,,190.6,,6.65,,5.28
2024-05-30 13:48:18,2024-05-30,13:48:18,18.1,,54.1,,28.3,,21.52,,166.5,,0.99,,0.87,
2024-05-30 13:48:46,2024-05-30,13:48:46,,16.8,,61.7,,24.6,,19.391,,222.6,,7.29,,4.8
2024-05-30 13:49:22,2024-05-30,13:49:22,18.2,,54.4,,28.3,,21.569,,305.7,,1.1,,0.7,
2024-05-30 13:49:49,2024-05-30,13:49:49,,16.8,,62.3,,24.5,,19.386,,221.7,,6.59,,3.72
2024-05-30 13:50:26,2024-05-30,13:50:26,18.2,,54.0,,28.4,,21.591,,185.8,,0.96,,0.13,
2024-05-30 13:50:53,2024-05-30,13:50:53,,16.7,,61.5,,24.6,,19.362,,212.2,,6.96,,6.18
2024-05-30 13:51:29,2024-05-30,13:51:29,18.3,,54.4,,28.4,,21.657,,336.2,,1.33,,0.5,
2024-05-30 13:51:56,2024-05-30,13:51:56,,16.7,,62.6,,24.3,,19.248,,210.1,,6.8,,3.57
2024-05-30 13:52:32,2024-05-30,13:52:32,18.3,,54.3,,28.4,,21.641,,21.3,,0.92,,0.11,
2024-05-30 13:53:00,2024-05-30,13:53:00,,16.9,,63.5,,24.3,,19.376,,244.1,,6.13,,3.22
2024-05-30 13:53:36,2024-05-30,13:53:36,18.1,,53.8,,28.4,,21.558,,204.7,,1.08,,0.34,
2024-05-30 13:54:04,2024-05-30,13:54:04,,17.0,,63.2,,24.4,,19.424,,175.8,,4.9,,2.56
2024-05-30 13:54:40,2024-05-30,13:54:40,18.0,,53.6,,28.4,,21.525,,272.7,,1.44,,0.84,
2024-05-30 13:55:07,2024-05-30,13:55:07,,16.7,,61.7,,24.5,,19.3,,199.0,,5.91,,4.92
2024-05-30 13:55:43,2024-05-30,13:55:43,18.0,,53.8,,28.3,,21.471,,288.1,,0.78,,0.54,
2024-05-30 13:56:10,2024-05-30,13:56:10,,17.1,,63.0,,24.6,,19.577,,204.4,,5.75,,2.04
2024-05-30 13:56:46,2024-05-30,13:56:46,18.0,,53.8,,28.3,,21.471,,138.7,,0.79,,0.45,
2024-05-30 13:57:14,2024-05-30,13:57:14,,16.8,,61.9,,24.6,,19.419,,241.0,,5.71,,3.37
2024-05-30 13:57:50,2024-05-30,13:57:50,18.2,,54.2,,28.4,,21.624,,173.7,,0.9,,0.27,
2024-05-30 13:58:18,2024-05-30,13:58:18,,16.9,,62.3,,24.6,,19.477,,214.8,,6.42,,3.77
2024-05-30 13:58:54,2024-05-30,13:58:54,18.2,,54.0,,28.4,,21.591,,140.4,,0.76,,0.28,
2024-05-30 13:59:21,2024-05-30,13:59:21,,16.6,,61.6,,24.6,,19.376,,214.0,,6.03,,4.2
2024-05-30 13:59:57,2024-05-30,13:59:57,18.1,,53.8,,28.4,,21.558,,168.0,,0.87,,0.66,
2024-05-30 14:00:24,2024-05-30,14:00:24,,16.5,,61.5,,24.4,,19.181,,211.8,,6.45,,5.25
2024-05-30 14:01:00,2024-05-30,14:01:00,18.0,,53.3,,28.5,,21.563,,126.1,,0.71,,0.47,
2024-05-30 14:01:28,2024-05-30,14:01:28,,16.6,,61.9,,24.4,,19.238,,217.5,,4.78,,3.53
2024-05-30 14:02:04,2024-05-30,14:02:04,18.0,,52.9,,28.5,,21.497,,97.7,,0.51,,0.22,
2024-05-30 14:02:32,2024-05-30,14:02:32,,16.8,,62.3,,24.5,,19.386,,204.6,,5.48,,4.79
2024-05-30 14:03:08,2024-05-30,14:03:08,17.9,,52.8,,28.5,,21.48,,270.0,,1.26,,0.66,
2024-05-30 14:03:35,2024-05-30,14:03:35,,16.6,,60.8,,24.7,,19.351,,192.0,,5.15,,3.8
2024-05-30 14:04:11,2024-05-30,14:04:11,17.9,,53.0,,28.4,,21.426,,156.2,,1.35,,0.13,
2024-05-30 14:04:38,2024-05-30,14:04:38,,16.3,,60.0,,24.6,,19.145,,202.3,,6.81,,5.11
2024-05-30 14:05:14,2024-05-30,14:05:14,18.0,,53.3,,28.4,,21.476,,287.6,,0.86,,0.31,
2024-05-30 14:05:42,2024-05-30,14:05:42,,16.5,,61.2,,24.5,,19.228,,235.9,,5.74,,4.04
2024-05-30 14:06:18,2024-05-30,14:06:18,17.9,,53.1,,28.4,,21.443,,137.5,,1.04,,0.7,
2024-05-30 14:06:46,2024-05-30,14:06:46,,16.3,,60.7,,24.4,,19.066,,206.0,,4.52,,2.79
2024-05-30 14:07:22,2024-05-30,14:07:22,17.5,,51.8,,28.4,,21.226,,170.5,,1.27,,0.95,
2024-05-30 14:07:49,2024-05-30,14:07:49,,16.3,,61.1,,24.3,,19.033,,171.1,,4.85,,1.5
2024-05-30 14:08:25,2024-05-30,14:08:25,17.8,,53.3,,28.2,,21.301,,286.8,,1.3,,0.58,
2024-05-30 14:08:52,2024-05-30,14:08:52,,16.5,,61.6,,24.4,,19.195,,227.1,,6.42,,4.91
2024-05-30 14:09:28,2024-05-30,14:09:28,17.7,,53.0,,28.2,,21.252,,346.2,,1.64,,0.64,
2024-05-30 14:09:56,2024-05-30,14:09:56,,16.4,,60.7,,24.5,,19.156,,229.3,,6.61,,4.89
2024-05-30 14:10:32,2024-05-30,14:10:32,17.5,,52.4,,28.2,,21.152,,0.0,,1.46,,0.96,
2024-05-30 14:11:00,2024-05-30,14:11:00,,16.3,,60.6,,24.5,,19.142,,269.3,,4.63,,3.12
2024-05-30 14:11:36,2024-05-30,14:11:36,17.6,,53.1,,28.1,,21.181,,332.4,,2.04,,1.21,
2024-05-30 14:12:03,2024-05-30,14:12:03,,16.5,,61.0,,24.5,,19.2,,239.7,,5.86,,4.01
2024-05-30 14:12:39,2024-05-30,14:12:39,17.6,,53.1,,28.1,,21.181,,327.0,,1.57,,1.04,
2024-05-30 14:13:06,2024-05-30,14:13:06,,16.2,,60.8,,24.3,,18.99,,193.1,,6.09,,4.67
2024-05-30 14:13:42,2024-05-30,14:13:42,17.5,,53.1,,28.0,,21.094,,284.4,,1.61,,0.48,
2024-05-30 14:14:10,2024-05-30,14:14:10,,16.5,,62.0,,24.3,,19.162,,213.2,,5.52,,3.99
2024-05-30 14:14:46,2024-05-30,14:14:46,17.6,,53.2,,28.0,,21.11,,30.2,,1.7,,0.17,
2024-05-30 14:15:14,2024-05-30,14:15:14,,16.6,,61.9,,24.4,,19.238,,210.0,,3.93,,2.33
2024-05-30 14:15:50,2024-05-30,14:15:50,17.6,,53.2,,28.0,,21.11,,343.4,,2.0,,0.71,
2024-05-30 14:16:17,2024-05-30,14:16:17,,16.8,,61.7,,24.6,,19.391,,209.9,,5.16,,1.27
2024-05-30 14:16:53,2024-05-30,14:16:53,17.9,,54.1,,28.0,,21.257,,345.5,,1.89,,0.78,
2024-05-30 14:17:20,2024-05-30,14:17:20,,16.3,,60.0,,24.6,,19.145,,203.9,,7.15,,2.78
2024-05-30 14:17:56,2024-05-30,14:17:56,17.1,,51.6,,28.0,,20.846,,172.2,,1.83,,0.72,
2024-05-30 14:18:24,2024-05-30,14:18:24,,16.3,,59.6,,24.7,,19.177,,223.8,,5.28,,2.87
2024-05-30 14:19:00,2024-05-30,14:19:00,17.7,,53.8,,27.9,,21.121,,319.1,,2.1,,1.68,
2024-05-30 14:19:28,2024-05-30,14:19:28,,16.1,,58.9,,24.7,,19.075,,205.9,,5.31,,2.75
2024-05-30 14:20:04,2024-05-30,14:20:04,17.6,,53.7,,27.9,,21.104,,307.4,,2.83,,1.81,
2024-05-30 14:20:31,2024-05-30,14:20:31,,16.2,,59.6,,24.6,,19.087,,210.3,,6.59,,5.66
2024-05-30 14:21:07,2024-05-30,14:21:07,17.6,,53.7,,27.9,,21.104,,317.7,,2.85,,1.06,
2024-05-30 14:21:34,2024-05-30,14:21:34,,16.2,,59.9,,24.5,,19.041,,202.2,,5.47,,3.84
2024-05-30 14:22:10,2024-05-30,14:22:10,17.5,,53.2,,27.9,,21.023,,333.7,,2.69,,0.95,
2024-05-30 14:22:38,2024-05-30,14:22:38,,16.2,,60.3,,24.4,,19.009,,212.2,,5.0,,3.54
2024-05-30 14:23:14,2024-05-30,14:23:14,17.4,,52.8,,28.0,,21.044,,317.7,,2.43,,1.65,
2024-05-30 14:23:42,2024-05-30,14:23:42,,16.4,,61.2,,24.4,,19.138,,232.7,,3.93,,2.73
2024-05-30 14:24:18,2024-05-30,14:24:18,17.2,,52.7,,27.8,,20.854,,339.0,,1.89,,1.24,
2024-05-30 14:24:45,2024-05-30,14:24:45,,16.6,,61.8,,24.4,,19.224,,207.6,,5.06,,4.32
2024-05-30 14:25:21,2024-05-30,14:25:21,17.3,,53.7,,27.6,,20.842,,328.1,,1.67,,1.19,
2024-05-30 14:25:48,2024-05-30,14:25:48,,16.8,,62.1,,24.6,,19.448,,214.8,,5.59,,4.32
2024-05-30 14:26:24,2024-05-30,14:26:24,17.8,,54.8,,27.7,,21.107,,346.6,,1.28,,0.3,
2024-05-30 14:26:52,2024-05-30,14:26:52,,16.6,,61.3,,24.5,,19.243,,215.1,,6.71,,3.43
2024-05-30 14:27:28,2024-05-30,14:27:28,17.8,,54.6,,27.8,,21.163,,308.5,,2.0,,0.54,
2024-05-30 14:27:56,2024-05-30,14:27:56,,16.6,,61.9,,24.4,,19.238,,195.2,,6.74,,3.17
2024-05-30 14:28:32,2024-05-30,14:28:32,17.5,,53.5,,27.8,,20.984,,184.6,,1.42,,1.18,
2024-05-30 14:28:59,2024-05-30,14:28:59,,16.6,,61.6,,24.5,,19.286,,224.2,,5.34,,3.3
2024-05-30 14:29:35,2024-05-30,14:29:35,18.0,,56.5,,27.5,,21.202,,328.0,,2.5,,0.87,
2024-05-30 14:30:02,2024-05-30,14:30:02,,16.8,,62.3,,24.5,,19.386,,240.5,,5.03,,4.58
2024-05-30 14:30:38,2024-05-30,14:30:38,18.0,,56.0,,27.5,,21.123,,315.7,,2.06,,0.63,
2024-05-30 14:31:06,2024-05-30,14:31:06,,17.0,,62.4,,24.6,,19.491,,223.3,,4.74,,3.97
2024-05-30 14:31:42,2024-05-30,14:31:42,18.2,,57.1,,27.5,,21.297,,318.2,,2.67,,1.86,
2024-05-30 14:32:10,2024-05-30,14:32:10,,16.9,,61.9,,24.7,,19.51,,236.8,,5.36,,4.49
2024-05-30 14:32:46,2024-05-30,14:32:46,18.0,,55.8,,27.6,,21.179,,322.1,,1.98,,0.84,
2024-05-30 14:33:13,2024-05-30,14:33:13,,16.8,,61.8,,24.6,,19.405,,248.3,,4.9,,3.45
2024-05-30 14:33:49,2024-05-30,14:33:49,17.9,,55.4,,27.6,,21.115,,357.3,,1.39,,0.57,
2024-05-30 14:34:16,2024-05-30,14:34:16,,17.1,,63.0,,24.6,,19.577,,226.9,,4.91,,2.52
2024-05-30 14:34:52,2024-05-30,14:34:52,18.0,,56.1,,27.5,,21.139,,327.5,,1.73,,1.17,
2024-05-30 14:35:20,2024-05-30,14:35:20,,16.9,,62.5,,24.5,,19.415,,219.1,,5.91,,2.39
2024-05-30 14:35:56,2024-05-30,14:35:56,17.7,,55.1,,27.5,,20.979,,316.6,,2.27,,1.44,
2024-05-30 14:36:24,2024-05-30,14:36:24,,17.0,,62.9,,24.6,,19.563,,211.9,,5.27,,4.05
2024-05-30 14:37:00,2024-05-30,14:37:00,18.0,,56.2,,27.5,,21.154,,310.0,,1.84,,1.19,
2024-05-30 14:37:27,2024-05-30,14:37:27,,16.7,,61.5,,24.6,,19.362,,205.2,,5.66,,3.05
2024-05-30 14:38:03,2024-05-30,14:38:03,18.0,,55.8,,27.6,,21.179,,259.5,,2.51,,0.42,
2024-05-30 14:38:30,2024-05-30,14:38:30,,16.9,,62.4,,24.5,,19.401,,241.2,,5.7,,3.39
2024-05-30 14:39:06,2024-05-30,14:39:06,18.0,,56.0,,27.5,,21.123,,113.3,,1.37,,0.4,
2024-05-30 14:39:34,2024-05-30,14:39:34,,16.7,,62.4,,24.4,,19.31,,239.7,,5.36,,2.87
2024-05-30 14:40:10,2024-05-30,14:40:10,18.0,,56.0,,27.5,,21.123,,297.8,,1.88,,1.01,
2024-05-30 14:40:38,2024-05-30,14:40:38,,17.0,,62.9,,24.5,,19.472,,302.6,,4.97,,1.58
2024-05-30 14:41:14,2024-05-30,14:41:14,18.0,,56.0,,27.6,,21.211,,315.5,,2.14,,1.16,
2024-05-30 14:41:41,2024-05-30,14:41:41,,17.0,,62.1,,24.7,,19.539,,203.4,,4.51,,2.31
2024-05-30 14:42:17,2024-05-30,14:42:17,17.9,,55.4,,27.6,,21.115,,320.1,,2.75,,2.38,
2024-05-30 14:42:44,2024-05-30,14:42:44,,16.7,,61.4,,24.6,,19.347,,213.6,,7.32,,2.46
2024-05-30 14:43:21,2024-05-30,14:43:21,18.0,,56.1,,27.6,,21.227,,318.5,,2.32,,1.79,
2024-05-30 14:43:48,2024-05-30,14:43:48,,16.9,,62.3,,24.6,,19.477,,226.1,,6.98,,5.84
2024-05-30 14:44:24,2024-05-30,14:44:24,18.1,,56.4,,27.6,,21.275,,308.1,,2.55,,2.1,
2024-05-30 14:44:52,2024-05-30,14:44:52,,16.8,,62.3,,24.5,,19.386,,187.7,,5.64,,2.25
2024-05-30 14:45:28,2024-05-30,14:45:28,18.1,,56.3,,27.6,,21.259,,334.6,,1.79,,1.35,
2024-05-30 14:45:55,2024-05-30,14:45:55,,16.9,,63.2,,24.3,,19.333,,242.1,,6.1,,5.05
2024-05-30 14:46:32,2024-05-30,14:46:32,17.9,,55.9,,27.5,,21.107,,349.3,,1.89,,1.35,
2024-05-30 14:46:58,2024-05-30,14:46:58,,16.9,,64.2,,24.1,,19.292,,231.1,,5.19,,2.37
2024-05-30 14:47:34,2024-05-30,14:47:34,18.0,,57.7,,27.1,,21.035,,351.3,,1.97,,0.93,
2024-05-30 14:48:02,2024-05-30,14:48:02,,17.1,,64.7,,24.2,,19.454,,246.0,,5.32,,4.67
2024-05-30 14:48:38,2024-05-30,14:48:38,18.0,,57.5,,27.1,,21.004,,182.6,,1.83,,1.04,
2024-05-30 14:49:06,2024-05-30,14:49:06,,17.0,,64.6,,24.1,,19.349,,218.3,,5.98,,4.83
2024-05-30 14:49:42,2024-05-30,14:49:42,,,,,18.0,,,,27.0,,5.77,,1.34,
2024-05-30 14:50:09,2024-05-30,14:50:09,,16.8,,64.0,,24.0,,19.173,,215.8,,6.15,,4.2
2024-05-30 14:50:45,2024-05-30,14:50:45,18.2,,58.4,,27.1,,21.144,,1.2,,2.64,,0.64,
2024-05-30 14:51:12,2024-05-30,14:51:12,,16.7,,64.2,,23.9,,19.11,,246.3,,7.1,,5.23
2024-05-30 14:51:48,2024-05-30,14:51:48,18.1,,58.0,,27.2,,21.171,,5.2,,1.44,,0.37,
2024-05-30 14:52:16,2024-05-30,14:52:16,,16.9,,64.5,,24.0,,19.243,,249.4,,6.1,,3.88
2024-05-30 14:52:52,2024-05-30,14:52:52,17.7,,56.4,,27.1,,20.832,,349.8,,2.14,,0.92,
2024-05-30 14:53:20,2024-05-30,14:53:20,,16.8,,64.6,,23.9,,19.166,,241.1,,6.59,,4.42
2024-05-30 14:53:56,2024-05-30,14:53:56,17.9,,57.5,,27.0,,20.915,,7.4,,1.87,,1.07,
2024-05-30 14:54:23,2024-05-30,14:54:23,,17.0,,65.2,,23.9,,19.25,,237.4,,6.57,,3.15
2024-05-30 14:54:59,2024-05-30,14:54:59,18.1,,58.7,,26.9,,21.012,,323.9,,1.6,,0.73,
2024-05-30 14:55:26,2024-05-30,14:55:26,,17.0,,65.3,,24.0,,19.355,,235.3,,7.46,,3.76
2024-05-30 14:56:03,2024-05-30,14:56:03,18.2,,59.2,,26.9,,21.089,,331.4,,1.95,,0.54,
2024-05-30 14:56:30,2024-05-30,14:56:30,,16.9,,64.3,,24.1,,19.306,,226.0,,5.47,,4.61
2024-05-30 14:57:06,2024-05-30,14:57:06,18.3,,58.7,,27.1,,21.191,,314.2,,2.19,,1.56,
2024-05-30 14:57:34,2024-05-30,14:57:34,,16.9,,63.9,,24.2,,19.341,,256.6,,5.18,,4.06
2024-05-30 14:58:10,2024-05-30,14:58:10,18.0,,57.5,,27.2,,21.093,,1.9,,2.57,,0.11,
2024-05-30 14:58:37,2024-05-30,14:58:37,,16.9,,63.8,,24.2,,19.327,,205.1,,5.88,,3.47
2024-05-30 14:59:13,2024-05-30,14:59:13,18.0,,57.8,,27.1,,21.051,,80.1,,1.81,,0.23,
2024-05-30 14:59:40,2024-05-30,14:59:40,,16.7,,63.3,,24.1,,19.165,,232.2,,5.79,,3.85
2024-05-30 15:00:17,2024-05-30,15:00:17,18.0,,57.3,,27.1,,20.973,,327.5,,1.07,,0.23,
2024-05-30 15:00:44,2024-05-30,15:00:44,,17.0,,65.0,,24.0,,19.313,,239.2,,5.61,,4.17
2024-05-30 15:01:20,2024-05-30,15:01:20,18.0,,57.4,,27.1,,20.989,,5.2,,1.69,,0.77,
2024-05-30 15:01:48,2024-05-30,15:01:48,,16.9,,65.0,,23.9,,19.222,,222.7,,5.65,,4.35
2024-05-30 15:02:24,2024-05-30,15:02:24,18.0,,58.2,,27.0,,21.024,,317.9,,1.48,,0.36,
2024-05-30 15:02:51,2024-05-30,15:02:51,,17.0,,65.4,,23.9,,19.277,,259.0,,5.87,,4.71
2024-05-30 15:03:27,2024-05-30,15:03:27,17.8,,57.4,,26.9,,20.811,,347.4,,2.43,,1.51,
2024-05-30 15:03:54,2024-05-30,15:03:54,,16.9,,65.5,,23.7,,19.108,,255.8,,7.38,,4.97
2024-05-30 15:04:31,2024-05-30,15:04:31,17.8,,59.1,,26.6,,20.805,,328.1,,2.38,,1.89,
2024-05-30 15:04:58,2024-05-30,15:04:58,,17.0,,66.1,,23.8,,19.283,,241.8,,6.65,,4.41
2024-05-30 15:05:34,2024-05-30,15:05:34,18.0,,60.3,,26.3,,20.718,,131.4,,1.95,,0.36,
2024-05-30 15:06:02,2024-05-30,15:06:02,,17.0,,66.0,,23.7,,19.177,,247.0,,5.59,,3.96
2024-05-30 15:06:38,2024-05-30,15:06:38,18.3,,60.8,,26.5,,20.974,,333.2,,1.99,,1.53,
2024-05-30 15:07:05,2024-05-30,15:07:05,,16.9,,65.8,,23.7,,19.15,,246.4,,5.2,,3.1
2024-05-30 15:07:42,2024-05-30,15:07:42,17.6,,58.5,,26.4,,20.535,,353.2,,2.44,,1.25,
2024-05-30 15:08:08,2024-05-30,15:08:08,,17.0,,66.3,,23.6,,19.127,,229.5,,5.48,,3.58
2024-05-30 15:08:45,2024-05-30,15:08:45,17.9,,60.0,,26.3,,20.673,,305.3,,1.32,,0.5,
2024-05-30 15:09:12,2024-05-30,15:09:12,,17.2,,66.7,,23.8,,19.366,,210.0,,5.12,,4.01
2024-05-30 15:09:48,2024-05-30,15:09:48,18.2,,61.0,,26.4,,20.914,,324.9,,1.83,,1.01,
2024-05-30 15:10:16,2024-05-30,15:10:16,,17.0,,65.6,,23.9,,19.305,,220.1,,6.19,,5.67
2024-05-30 15:10:52,2024-05-30,15:10:52,18.3,,60.4,,26.6,,21.003,,352.0,,3.14,,0.68,
2024-05-30 15:11:19,2024-05-30,15:11:19,,16.9,,65.4,,23.8,,19.186,,244.9,,6.5,,4.62
2024-05-30 15:11:56,2024-05-30,15:11:56,18.1,,59.4,,26.7,,20.941,,356.2,,1.97,,0.28,
2024-05-30 15:12:22,2024-05-30,15:12:22,,17.0,,65.6,,23.9,,19.305,,222.0,,5.31,,4.37
2024-05-30 15:12:59,2024-05-30,15:12:59,18.2,,59.4,,26.8,,21.03,,300.6,,1.94,,0.67,
2024-05-30 15:13:26,2024-05-30,15:13:26,,16.9,,65.0,,23.9,,19.222,,222.9,,4.75,,1.87
2024-05-30 15:14:02,2024-05-30,15:14:02,18.1,,58.9,,26.8,,20.953,,333.1,,3.03,,0.72,
2024-05-30 15:14:30,2024-05-30,15:14:30,,17.0,,65.0,,24.0,,19.313,,213.5,,5.18,,4.51
2024-05-30 15:15:06,2024-05-30,15:15:06,18.0,,58.5,,26.8,,20.892,,133.4,,1.72,,0.52,
2024-05-30 15:15:33,2024-05-30,15:15:33,,16.9,,64.3,,24.1,,19.306,,213.2,,5.44,,4.27
2024-05-30 15:16:10,2024-05-30,15:16:10,,,,,17.8,,,,26.8,,5.78,,1.02,
2024-05-30 15:16:36,2024-05-30,15:16:36,,,,,,17.0,,,,24.1,,6.46,,5.07
2024-05-30 15:17:13,2024-05-30,15:17:13,18.0,,58.8,,26.8,,20.938,,310.8,,3.18,,2.74,
2024-05-30 15:17:40,2024-05-30,15:17:40,,16.8,,63.5,,24.2,,19.285,,240.8,,5.25,,2.93
2024-05-30 15:18:16,2024-05-30,15:18:16,17.6,,56.8,,26.9,,20.717,,284.9,,2.33,,0.14,
2024-05-30 15:18:44,2024-05-30,15:18:44,,16.6,,63.0,,24.1,,19.123,,211.6,,5.95,,4.1
2024-05-30 15:19:20,2024-05-30,15:19:20,17.9,,58.1,,26.8,,20.83,,304.3,,2.58,,0.57,
2024-05-30 15:19:47,2024-05-30,15:19:47,,16.8,,63.8,,24.1,,19.236,,231.1,,6.06,,3.9
2024-05-30 15:20:24,2024-05-30,15:20:24,18.0,,58.4,,26.9,,20.966,,312.3,,2.27,,1.66,
2024-05-30 15:20:50,2024-05-30,15:20:50,,16.8,,63.7,,24.1,,19.222,,252.7,,5.55,,3.86
2024-05-30 15:21:27,2024-05-30,15:21:27,17.8,,57.8,,26.8,,20.784,,302.5,,1.66,,0.79,
2024-05-30 15:21:54,2024-05-30,15:21:54,,16.8,,63.8,,24.1,,19.236,,220.7,,4.25,,3.48
2024-05-30 15:22:30,2024-05-30,15:22:30,18.0,,58.5,,26.8,,20.892,,5.3,,2.0,,0.32,
2024-05-30 15:22:58,2024-05-30,15:22:58,,16.5,,63.4,,23.9,,18.997,,239.5,,6.05,,4.96
2024-05-30 15:23:34,2024-05-30,15:23:34,17.6,,57.6,,26.7,,20.664,,23.2,,1.75,,0.53,
2024-05-30 15:24:01,2024-05-30,15:24:01,,16.7,,64.4,,23.8,,19.046,,219.1,,5.37,,3.42
2024-05-30 15:24:38,2024-05-30,15:24:38,17.6,,57.4,,26.7,,20.633,,334.6,,2.15,,0.88,
2024-05-30 15:25:04,2024-05-30,15:25:04,,16.7,,65.0,,23.7,,19.038,,258.8,,4.3,,3.01
2024-05-30 15:25:41,2024-05-30,15:25:41,17.7,,58.1,,26.6,,20.652,,60.4,,2.07,,0.08,
2024-05-30 15:26:08,2024-05-30,15:26:08,,17.0,,65.6,,23.8,,19.214,,229.0,,3.44,,2.25
2024-05-30 15:26:44,2024-05-30,15:26:44,,,,,17.7,,,,26.5,,5.85,,1.43,
2024-05-30 15:27:12,2024-05-30,15:27:12,,16.6,,64.0,,23.8,,18.99,,194.7,,6.27,,4.88
2024-05-30 15:27:48,2024-05-30,15:27:48,18.0,,59.3,,26.6,,20.836,,310.9,,2.95,,2.27,
2024-05-30 15:28:15,2024-05-30,15:28:15,,16.6,,64.6,,23.7,,18.983,,183.5,,4.95,,3.52
2024-05-30 15:28:52,2024-05-30,15:28:52,18.1,,59.9,,26.6,,20.927,,300.1,,2.82,,0.2,
2024-05-30 15:29:18,2024-05-30,15:29:18,,16.9,,65.7,,23.7,,19.136,,234.1,,4.19,,3.76
2024-05-30 15:29:55,2024-05-30,15:29:55,17.8,,59.0,,26.5,,20.7,,1.6,,2.23,,0.96,
2024-05-30 15:30:22,2024-05-30,15:30:22,,16.9,,65.2,,23.8,,19.158,,234.5,,5.12,,3.24
2024-05-30 15:30:58,2024-05-30,15:30:58,17.6,,58.4,,26.4,,20.519,,349.7,,1.98,,1.26,
2024-05-30 15:31:26,2024-05-30,15:31:26,,16.6,,64.0,,23.8,,18.99,,259.6,,5.12,,3.54
2024-05-30 15:32:02,2024-05-30,15:32:02,17.6,,58.4,,26.4,,20.519,,334.7,,2.29,,1.49,
2024-05-30 15:32:30,2024-05-30,15:32:30,,16.5,,63.9,,23.8,,18.976,,215.9,,5.58,,5.04
2024-05-30 15:33:06,2024-05-30,15:33:06,17.5,,58.5,,26.3,,20.445,,20.5,,1.77,,0.32,
2024-05-30 15:33:33,2024-05-30,15:33:33,,16.4,,63.9,,23.7,,18.885,,239.1,,4.76,,3.36
2024-05-30 15:34:09,2024-05-30,15:34:09,17.3,,57.8,,26.3,,20.338,,316.6,,1.75,,1.0,
2024-05-30 15:34:36,2024-05-30,15:34:36,,16.7,,64.9,,23.7,,19.025,,208.1,,4.33,,2.29
2024-05-30 15:35:12,2024-05-30,15:35:12,,,,,17.5,,,,327.0,,2.19,,0.99,
2024-05-30 15:35:40,2024-05-30,15:35:40,,16.7,,64.6,,23.8,,19.074,,236.7,,5.29,,4.75
2024-05-30 15:36:16,2024-05-30,15:36:16,17.4,,58.0,,26.3,,20.369,,184.2,,2.19,,0.8,
2024-05-30 15:36:44,2024-05-30,15:36:44,,16.7,,64.4,,23.8,,19.046,,249.9,,5.4,,3.9
2024-05-30 15:37:20,2024-05-30,15:37:20,,,,,17.5,,,,26.2,,5.87,,1.39,
2024-05-30 15:37:47,2024-05-30,15:37:47,,16.9,,64.6,,24.0,,19.257,,230.2,,4.28,,2.66
2024-05-30 15:38:23,2024-05-30,15:38:23,17.7,,58.9,,26.4,,20.596,,324.7,,2.63,,1.34,
2024-05-30 15:38:50,2024-05-30,15:38:50,,16.8,,63.6,,24.1,,19.208,,239.1,,4.36,,2.68
2024-05-30 15:39:26,2024-05-30,15:39:26,17.4,,57.6,,26.5,,20.486,,332.1,,2.27,,0.85,
2024-05-30 15:39:54,2024-05-30,15:39:54,,16.6,,62.8,,24.1,,19.094,,233.5,,5.52,,3.73
2024-05-30 15:40:30,2024-05-30,15:40:30,17.8,,58.8,,26.5,,20.67,,309.6,,1.35,,1.1,
2024-05-30 15:40:58,2024-05-30,15:40:58,,16.8,,63.5,,24.2,,19.285,,245.7,,6.36,,3.75
2024-05-30 15:41:34,2024-05-30,15:41:34,17.7,,58.0,,26.6,,20.636,,18.4,,1.96,,0.84,
2024-05-30 15:42:01,2024-05-30,15:42:01,,16.3,,62.7,,23.9,,18.899,,254.4,,5.66,,4.71
2024-05-30 15:42:37,2024-05-30,15:42:37,17.1,,56.8,,26.4,,20.274,,345.1,,2.24,,1.72,
2024-05-30 15:43:04,2024-05-30,15:43:04,,16.4,,63.8,,23.7,,18.871,,266.3,,5.78,,3.08
2024-05-30 15:43:40,2024-05-30,15:43:40,17.4,,58.3,,26.2,,20.326,,342.6,,2.24,,0.99,
2024-05-30 15:44:08,2024-05-30,15:44:08,,16.5,,63.6,,23.8,,18.934,,251.8,,4.01,,2.73
2024-05-30 15:44:44,2024-05-30,15:44:44,17.2,,58.0,,26.1,,20.191,,345.4,,2.12,,0.72,
2024-05-30 15:45:12,2024-05-30,15:45:12,,16.4,,63.6,,23.7,,18.843,,266.3,,4.29,,3.85
2024-05-30 15:45:48,2024-05-30,15:45:48,17.3,,58.7,,26.0,,20.207,,331.4,,2.15,,1.23,
2024-05-30 15:46:15,2024-05-30,15:46:15,,16.5,,64.3,,23.7,,18.941,,239.9,,3.45,,2.22
2024-05-30 15:47:18,2024-05-30,15:47:18,17.4,16.7,59.2,64.0,26.0,23.9,20.283,19.082,189.7,225.7,1.23,4.36,0.82,3.62
2024-05-30 15:48:22,2024-05-30,15:48:22,17.6,16.6,59.8,63.1,26.0,24.1,20.373,19.137,306.3,242.7,1.62,4.01,0.51,2.92
2024-05-30 15:49:25,2024-05-30,15:49:25,17.7,,59.5,,26.2,,20.507,,299.8,,1.97,,0.99,
2024-05-30 15:49:26,2024-05-30,15:49:26,,16.6,,62.5,,24.2,,19.143,,217.1,,4.32,,3.49
2024-05-30 15:50:28,2024-05-30,15:50:28,17.3,,57.6,,26.4,,20.397,,350.9,,2.5,,0.52,
2024-05-30 15:50:30,2024-05-30,15:50:30,,16.2,,61.1,,24.2,,18.943,,232.3,,5.41,,3.55
2024-05-30 15:51:32,2024-05-30,15:51:32,17.2,,57.2,,26.4,,20.335,,299.5,,1.76,,0.14,
2024-05-30 15:51:33,2024-05-30,15:51:33,,16.4,,62.3,,24.1,,19.024,,200.4,,3.12,,2.2
2024-05-30 15:52:36,2024-05-30,15:52:36,17.5,16.6,58.0,62.8,26.4,24.1,20.458,19.094,320.3,240.8,2.71,5.73,1.06,2.57
2024-05-30 15:53:39,2024-05-30,15:53:39,17.3,,57.5,,26.4,,20.382,,305.2,,1.99,,1.03,
2024-05-30 15:53:40,2024-05-30,15:53:40,,16.5,,62.7,,24.1,,19.08,,246.3,,5.24,,3.99
2024-05-30 15:54:42,2024-05-30,15:54:42,17.4,,57.9,,26.4,,20.443,,318.2,,2.31,,1.73,
2024-05-30 15:54:44,2024-05-30,15:54:44,,16.6,,63.3,,24.0,,19.074,,210.2,,4.04,,2.54
2024-05-30 15:55:46,2024-05-30,15:55:46,17.4,,57.6,,26.5,,20.486,,319.7,,1.91,,0.71,
2024-05-30 15:55:47,2024-05-30,15:55:47,,16.3,,61.8,,24.1,,18.953,,239.1,,3.63,,2.32
2024-05-30 15:56:50,2024-05-30,15:56:50,17.0,16.4,56.1,62.3,26.5,24.1,20.254,19.024,341.6,206.5,2.11,4.52,0.95,2.95
2024-05-30 15:57:54,2024-05-30,15:57:54,17.0,16.5,56.5,62.2,26.4,24.1,20.228,19.009,166.5,207.5,0.99,4.9,0.64,0.98
2024-05-30 15:58:56,2024-05-30,15:58:56,17.2,,57.6,,26.3,,20.308,,323.0,,2.51,,1.12,
2024-05-30 15:58:58,2024-05-30,15:58:58,,16.5,,62.5,,24.1,,19.052,,227.0,,4.81,,2.91
2024-05-30 16:00:00,2024-05-30,16:00:00,17.3,,58.0,,26.3,,20.369,,323.4,,1.69,,0.98,
2024-05-30 16:00:01,2024-05-30,16:00:01,,16.4,,62.4,,24.1,,19.038,,205.7,,4.7,,4.04
2024-05-30 16:01:04,2024-05-30,16:01:04,17.4,16.6,58.3,63.1,26.3,24.1,20.415,19.137,324.2,272.8,2.43,4.29,2.1,2.05
2024-05-30 16:02:08,2024-05-30,16:02:08,17.4,16.4,57.8,62.2,26.4,24.1,20.428,19.009,359.6,260.0,1.98,5.14,0.96,3.94
2024-05-30 16:03:10,2024-05-30,16:03:10,17.4,,57.9,,26.4,,20.443,,351.2,,2.02,,0.67,
2024-05-30 16:03:12,2024-05-30,16:03:12,,16.5,,62.7,,24.1,,19.08,,260.4,,3.66,,2.21
2024-05-30 16:04:14,2024-05-30,16:04:14,17.6,,58.4,,26.4,,20.519,,328.2,,1.41,,1.16,
2024-05-30 16:04:15,2024-05-30,16:04:15,,16.6,,62.5,,24.2,,19.143,,248.8,,4.97,,3.78
2024-05-30 16:05:18,2024-05-30,16:05:18,17.2,16.3,57.1,62.3,26.4,24.0,20.32,18.933,350.4,245.2,1.53,4.75,0.64,3.68
2024-05-30 16:06:21,2024-05-30,16:06:21,17.1,,57.3,,26.3,,20.262,,357.8,,2.08,,0.56,
2024-05-30 16:06:22,2024-05-30,16:06:22,,16.4,,63.0,,23.9,,18.941,,241.2,,6.12,,4.51
2024-05-30 16:07:25,2024-05-30,16:07:25,17.5,,58.8,,26.2,,20.401,,329.9,,2.99,,1.1,
2024-05-30 16:07:26,2024-05-30,16:07:26,,16.7,,64.0,,23.9,,19.082,,208.3,,5.31,,4.51
2024-05-30 16:08:28,2024-05-30,16:08:28,17.4,,58.6,,26.2,,20.371,,346.5,,2.31,,1.54,
2024-05-30 16:08:29,2024-05-30,16:08:29,,16.5,,63.3,,23.9,,18.983,,250.9,,4.93,,3.72
2024-05-30 16:09:32,2024-05-30,16:09:32,17.1,16.4,57.9,63.5,26.1,23.8,20.176,18.92,342.4,223.4,1.97,4.53,0.93,3.7
2024-05-30 16:10:36,2024-05-30,16:10:36,17.5,16.5,59.5,63.9,26.0,23.8,20.328,18.976,348.7,213.5,1.67,5.16,0.72,2.84
2024-05-30 16:11:39,2024-05-30,16:11:39,17.3,,58.4,,26.1,,20.251,,330.2,,2.21,,1.72,
2024-05-30 16:11:40,2024-05-30,16:11:40,,16.5,,63.5,,23.9,,19.011,,256.2,,3.49,,2.15
2024-05-30 16:12:42,2024-05-30,16:12:42,17.3,,58.9,,26.0,,20.238,,307.3,,1.86,,0.22,
2024-05-30 16:12:43,2024-05-30,16:12:43,,16.5,,63.4,,23.9,,18.997,,247.5,,5.82,,5.16
2024-05-30 16:13:46,2024-05-30,16:13:46,17.7,16.6,59.9,63.8,26.1,23.9,20.478,19.053,243.5,228.4,0.75,6.15,0.41,4.03
2024-05-30 16:14:50,2024-05-30,16:14:50,17.9,16.1,60.4,61.7,26.2,23.9,20.643,18.757,59.7,236.5,1.51,6.1,0.33,4.32
2024-05-30 16:15:53,2024-05-30,16:15:53,17.8,,59.6,,26.3,,20.612,,71.3,,0.45,,0.21,
2024-05-30 16:15:54,2024-05-30,16:15:54,,16.0,,61.9,,23.7,,18.605,,241.8,,5.18,,3.81
2024-05-30 16:16:56,2024-05-30,16:16:56,16.9,,56.7,,26.2,,20.081,,12.1,,1.05,,0.38,
2024-05-30 16:16:57,2024-05-30,16:16:57,,16.2,,63.2,,23.6,,18.696,,284.5,,3.52,,1.43
2024-05-30 16:18:00,2024-05-30,16:18:00,17.3,16.4,58.0,63.5,26.2,23.8,20.28,18.92,289.1,229.1,0.78,2.32,0.57,1.72
2024-05-30 16:19:04,2024-05-30,16:19:04,17.1,16.3,57.5,62.5,26.2,23.9,20.204,18.871,187.6,262.2,0.88,5.82,0.64,4.18
2024-05-30 16:20:07,2024-05-30,16:20:07,17.3,,57.7,,26.3,,20.323,,59.5,,0.77,,0.38,
2024-05-30 16:20:08,2024-05-30,16:20:08,,16.3,,62.5,,23.9,,18.871,,267.8,,3.77,,2.18
2024-05-30 16:21:10,2024-05-30,16:21:10,17.2,,57.6,,26.3,,20.308,,72.6,,0.73,,0.27,
2024-05-30 16:21:11,2024-05-30,16:21:11,,16.4,,62.8,,23.9,,18.913,,205.7,,3.65,,2.5
2024-05-30 16:22:14,2024-05-30,16:22:14,17.4,16.2,57.8,62.1,26.4,23.9,20.428,18.814,245.0,214.6,1.05,6.71,0.15,4.66
2024-05-30 16:23:18,2024-05-30,16:23:18,17.4,16.3,57.9,63.3,26.4,23.7,20.443,18.801,28.5,311.2,0.92,6.05,0.63,0.62
2024-05-30 16:24:21,2024-05-30,16:24:21,17.2,,57.7,,26.2,,20.234,,353.3,,1.03,,0.72,
2024-05-30 16:24:22,2024-05-30,16:24:22,,16.3,,63.2,,23.7,,18.787,,245.9,,5.51,,3.37
2024-05-30 16:25:24,2024-05-30,16:25:24,17.1,,57.4,,26.2,,20.188,,104.4,,1.39,,0.4,
2024-05-30 16:25:25,2024-05-30,16:25:25,,16.3,,63.9,,23.6,,18.794,,237.0,,4.42,,1.91
2024-05-30 16:26:28,2024-05-30,16:26:28,17.0,16.4,57.2,63.7,26.2,23.7,20.158,18.857,61.9,265.0,0.68,3.13,0.24,2.15
2024-05-30 16:27:32,2024-05-30,16:27:32,17.2,16.4,57.7,63.3,26.2,23.8,20.234,18.892,130.7,248.4,0.65,4.44,0.15,3.5
2024-05-30 16:28:35,2024-05-30,16:28:35,17.4,,58.2,,26.3,,20.4,,200.5,,1.11,,0.55,
2024-05-30 16:28:36,2024-05-30,16:28:36,,16.3,,63.1,,23.8,,18.864,,220.0,,4.67,,4.05
2024-05-30 16:29:38,2024-05-30,16:29:38,17.7,,59.1,,26.3,,20.536,,354.4,,1.01,,0.41,
2024-05-30 16:29:39,2024-05-30,16:29:39,,16.5,,63.0,,24.0,,19.032,,226.0,,3.84,,2.12
2024-05-30 16:30:42,2024-05-30,16:30:42,17.5,16.5,58.4,62.5,26.3,24.1,20.43,19.052,177.7,215.8,1.41,3.68,0.28,2.07
2024-05-30 16:31:46,2024-05-30,16:31:46,17.6,16.2,59.0,61.2,26.3,24.2,20.521,18.957,331.7,247.9,1.09,3.93,0.58,3.68
2024-05-30 16:32:49,2024-05-30,16:32:49,17.7,,58.8,,26.4,,20.58,,177.1,,0.94,,0.41,
2024-05-30 16:32:50,2024-05-30,16:32:50,,16.4,,62.3,,24.1,,19.024,,244.4,,6.76,,5.92
2024-05-30 16:33:52,2024-05-30,16:33:52,17.1,,57.2,,26.3,,20.247,,75.7,,1.05,,0.36,
2024-05-30 16:33:53,2024-05-30,16:33:53,,16.5,,62.9,,24.0,,19.018,,216.5,,5.44,,1.78
2024-05-30 16:34:56,2024-05-30,16:34:56,17.4,16.5,57.7,62.6,26.4,24.1,20.412,19.066,25.8,277.0,0.58,4.4,0.33,2.37
2024-05-30 16:36:00,2024-05-30,16:36:00,17.3,16.4,57.4,61.8,26.4,24.2,20.366,19.043,56.6,236.8,0.47,4.95,0.11,2.45
2024-05-30 16:37:03,2024-05-30,16:37:03,17.2,,57.1,,26.4,,20.32,,134.0,,0.64,,0.38,
2024-05-30 16:37:04,2024-05-30,16:37:04,,16.1,,60.9,,24.2,,18.915,,220.0,,5.53,,3.7
2024-05-30 16:38:07,2024-05-30,16:38:07,17.4,16.2,57.5,61.3,26.5,24.1,20.47,18.881,49.3,246.8,0.86,4.93,0.28,3.24
2024-05-30 16:39:10,2024-05-30,16:39:10,17.0,16.1,56.3,61.4,26.4,24.0,20.197,18.805,343.7,223.0,1.06,5.21,0.51,4.76
2024-05-30 16:40:14,2024-05-30,16:40:14,17.0,16.4,56.5,62.1,26.3,24.1,20.139,18.995,103.4,256.6,1.01,4.33,0.24,1.68
2024-05-30 16:41:18,2024-05-30,16:41:18,17.2,16.2,57.2,61.4,26.4,24.1,20.335,18.896,176.0,235.7,0.49,4.51,0.16,4.05
2024-05-30 16:42:21,2024-05-30,16:42:21,17.0,16.0,56.2,61.6,26.4,23.9,20.181,18.743,37.7,223.9,0.65,5.37,0.37,3.45
2024-05-30 16:43:24,2024-05-30,16:43:24,16.9,16.2,55.9,62.7,26.4,23.8,20.135,18.808,319.4,230.4,0.87,3.88,0.38,2.59
2024-05-30 16:44:28,2024-05-30,16:44:28,17.2,16.2,57.0,62.5,26.4,23.8,20.305,18.78,113.5,220.5,0.57,4.24,0.43,1.92
2024-05-30 16:45:32,2024-05-30,16:45:32,17.2,16.2,57.1,62.7,26.4,23.8,20.32,18.808,229.7,214.6,0.63,4.58,0.33,3.24
2024-05-30 16:46:35,2024-05-30,16:46:35,17.3,16.2,57.6,62.6,26.4,23.8,20.397,18.794,313.6,200.8,1.08,4.13,0.84,2.34
2024-05-30 16:47:38,2024-05-30,16:47:38,17.4,16.1,57.8,62.2,26.4,23.8,20.428,18.738,106.0,206.1,1.01,4.81,0.35,3.2
2024-05-30 16:48:42,2024-05-30,16:48:42,17.4,16.1,57.6,61.9,26.5,23.9,20.486,18.786,124.5,224.4,0.95,3.61,0.07,2.57
2024-05-30 16:49:46,2024-05-30,16:49:46,17.3,16.2,57.0,61.9,26.5,24.0,20.393,18.876,127.2,265.6,1.12,3.1,0.38,1.04
2024-05-30 16:50:49,2024-05-30,16:50:49,17.1,16.0,56.6,60.5,26.5,24.1,20.332,18.767,342.9,252.4,0.62,4.92,0.42,3.86
2024-05-30 16:51:52,2024-05-30,16:51:52,16.8,15.9,55.6,60.9,26.4,23.9,20.088,18.644,12.8,227.2,0.69,5.74,0.19,3.94
2024-05-30 16:52:56,2024-05-30,16:52:56,16.8,16.0,55.5,61.3,26.4,23.9,20.073,18.701,139.6,248.6,0.64,5.02,0.27,1.38
2024-05-30 16:54:00,2024-05-30,16:54:00,16.8,15.9,55.5,60.8,26.4,23.9,20.073,18.63,48.9,233.3,0.31,3.57,0.2,2.98
2024-05-30 16:55:03,2024-05-30,16:55:03,16.9,15.7,55.5,60.6,26.5,23.8,20.161,18.511,320.2,271.1,0.56,3.83,0.43,2.15
2024-05-30 16:56:06,2024-05-30,16:56:06,16.5,15.8,54.8,60.6,26.4,23.9,19.964,18.601,199.7,212.5,0.99,3.04,0.47,2.03
2024-05-30 16:57:10,2024-05-30,16:57:10,16.8,15.7,55.6,60.1,26.4,23.9,20.088,18.53,117.1,237.7,0.57,4.28,0.24,2.36
2024-05-30 16:58:14,2024-05-30,16:58:14,16.6,15.6,54.9,59.7,26.4,23.9,19.98,18.473,337.2,243.8,0.37,5.07,0.29,4.69
2024-05-30 16:59:17,2024-05-30,16:59:17,16.4,15.7,54.3,60.7,26.4,23.7,19.886,18.435,9.0,276.3,0.75,5.16,0.36,2.18
2024-05-30 17:00:20,2024-05-30,17:00:20,16.6,15.7,55.0,60.5,26.4,23.8,19.995,18.497,14.9,275.2,0.72,4.41,0.58,2.68
2024-05-30 17:01:24,2024-05-30,17:01:24,16.8,15.7,55.9,60.7,26.3,23.8,20.047,18.526,159.3,250.1,1.05,4.74,0.4,2.12
2024-05-30 17:02:28,2024-05-30,17:02:28,16.8,15.7,56.2,60.1,26.3,23.9,20.093,18.53,133.8,204.3,0.86,4.71,0.56,2.9
2024-05-30 17:03:31,2024-05-30,17:03:31,16.3,15.4,54.8,59.5,26.1,23.8,19.7,18.355,162.2,212.4,1.75,6.25,0.3,3.85
2024-05-30 17:04:34,2024-05-30,17:04:34,16.7,15.5,56.4,60.5,26.1,23.6,19.947,18.317,189.4,240.7,0.55,5.26,0.24,2.9
2024-05-30 17:05:38,2024-05-30,17:05:38,16.8,15.7,56.4,60.9,26.1,23.7,19.947,18.464,321.3,233.3,0.64,3.98,0.47,1.84
2024-05-30 17:06:42,2024-05-30,17:06:42,16.7,15.4,56.2,60.0,26.1,23.6,19.916,18.246,358.6,248.3,0.93,6.14,0.73,3.1
2024-05-30 17:07:45,2024-05-30,17:07:45,16.2,15.5,54.7,60.6,26.1,23.5,19.685,18.241,358.0,239.7,0.88,4.01,0.3,3.69
2024-05-30 17:08:48,2024-05-30,17:08:48,16.2,15.3,54.7,60.6,26.1,23.4,19.685,18.151,15.5,244.1,0.77,4.4,0.43,1.82
2024-05-30 17:09:52,2024-05-30,17:09:52,16.4,15.5,55.3,60.7,26.1,23.5,19.777,18.255,190.8,230.6,0.96,3.88,0.84,1.93
2024-05-30 17:10:56,2024-05-30,17:10:56,16.3,15.3,55.4,59.6,26.0,23.6,19.705,18.19,331.5,271.0,0.96,5.27,0.75,2.38
2024-05-30 17:11:59,2024-05-30,17:11:59,16.1,15.2,54.8,58.9,25.9,23.7,19.524,18.18,332.8,279.6,1.13,3.73,0.65,2.64
2024-05-30 17:13:02,2024-05-30,17:13:02,16.5,15.3,56.7,59.5,25.8,23.7,19.727,18.265,296.3,267.6,0.55,3.44,0.16,2.86
2024-05-30 17:14:06,2024-05-30,17:14:06,16.4,15.2,55.9,59.5,25.9,23.6,19.693,18.176,348.8,273.5,0.51,4.5,0.29,2.25
2024-05-30 17:15:10,2024-05-30,17:15:10,16.4,15.2,55.9,59.2,25.9,23.7,19.693,18.223,20.9,242.2,0.43,4.73,0.17,4.34
2024-05-30 17:16:13,2024-05-30,17:16:13,16.2,15.3,55.2,59.6,25.9,23.6,19.586,18.19,31.7,239.7,0.79,5.08,0.41,3.59
2024-05-30 17:17:16,2024-05-30,17:17:16,16.0,15.2,54.5,59.5,25.9,23.6,19.478,18.176,171.8,270.6,1.02,6.21,0.46,2.76
2024-05-30 17:18:20,2024-05-30,17:18:20,16.3,15.3,55.9,59.6,25.8,23.7,19.605,18.279,148.5,242.3,1.2,3.05,0.19,1.64
2024-05-30 17:19:24,2024-05-30,17:19:24,16.5,15.4,56.3,60.2,25.8,23.6,19.666,18.275,348.1,260.9,0.64,2.96,0.42,1.92
2024-05-30 17:20:27,2024-05-30,17:20:27,16.3,15.3,55.7,59.5,25.9,23.7,19.662,18.265,212.2,244.3,1.49,4.83,0.78,2.88
2024-05-30 17:21:30,2024-05-30,17:21:30,16.2,15.3,55.4,59.3,25.8,23.7,19.528,18.237,349.4,247.6,0.82,5.11,0.63,2.34
2024-05-30 17:22:34,2024-05-30,17:22:34,,15.3,,59.6,16.3,23.7,,18.279,25.8,254.5,5.59,4.48,0.58,3.02
2024-05-30 17:23:38,2024-05-30,17:23:38,16.1,15.3,55.2,59.3,25.8,23.7,19.498,18.237,343.8,246.0,0.71,4.77,0.58,4.03
2024-05-30 17:24:41,2024-05-30,17:24:41,16.1,15.3,54.9,59.8,25.9,23.6,19.54,18.218,23.6,248.8,0.7,4.6,0.37,2.76
2024-05-30 17:25:44,2024-05-30,17:25:44,16.0,15.3,54.8,59.6,25.8,23.6,19.436,18.19,35.2,270.0,0.78,4.61,0.53,2.85
2024-05-30 17:26:48,2024-05-30,17:26:48,16.4,15.3,56.2,60.3,25.8,23.5,19.65,18.199,163.8,256.5,0.73,4.26,0.18,3.74
2024-05-30 17:27:52,2024-05-30,17:27:52,16.0,15.3,55.2,60.1,25.7,23.5,19.41,18.171,352.2,236.8,1.4,5.44,0.37,3.8
2024-05-30 17:28:55,2024-05-30,17:28:55,16.2,15.3,55.8,60.1,25.7,23.5,19.501,18.171,140.8,216.9,0.67,4.58,0.42,3.2
2024-05-30 17:29:58,2024-05-30,17:29:58,16.0,15.4,55.2,60.5,25.7,23.5,19.41,18.227,140.0,239.4,0.93,4.57,0.39,1.8
2024-05-30 17:31:02,2024-05-30,17:31:02,16.0,15.3,55.2,60.1,25.7,23.5,19.41,18.171,107.3,249.2,0.41,3.54,0.35,2.64
2024-05-30 17:32:06,2024-05-30,17:32:06,16.0,15.1,55.4,59.0,25.6,23.6,19.352,18.105,126.2,210.2,1.15,3.91,0.37,2.02
2024-05-30 17:33:09,2024-05-30,17:33:09,16.2,15.2,56.6,59.4,25.5,23.6,19.445,18.161,188.4,173.2,1.25,2.63,0.15,2.28
2024-05-30 17:34:12,2024-05-30,17:34:12,15.9,15.2,56.0,59.2,25.3,23.6,19.178,18.133,144.7,215.4,1.42,4.36,0.81,3.36
2024-05-30 17:35:16,2024-05-30,17:35:16,15.7,15.1,55.6,58.9,25.2,23.6,19.029,18.09,116.5,238.6,1.18,4.44,0.45,2.12
2024-05-30 17:36:20,2024-05-30,17:36:20,16.0,15.0,56.6,58.4,25.2,23.7,19.18,18.109,343.7,242.5,0.69,3.32,0.34,1.88
2024-05-30 17:37:23,2024-05-30,17:37:23,15.9,15.1,56.2,58.6,25.3,23.7,19.208,18.137,13.8,271.3,0.47,2.9,0.2,1.58
2024-05-30 17:38:26,2024-05-30,17:38:26,,15.2,,58.3,,23.9,,18.273,,250.1,,2.54,,1.9
2024-05-30 17:38:27,2024-05-30,17:38:27,16.2,,56.6,,25.3,,19.268,,191.5,,0.41,,0.23,
2024-05-30 17:39:30,2024-05-30,17:39:30,16.3,14.9,57.3,57.1,25.4,23.9,19.462,18.1,165.1,220.5,0.54,4.21,0.26,2.54
2024-05-30 17:40:34,2024-05-30,17:40:34,16.1,14.9,56.7,57.6,25.4,23.8,19.372,18.083,174.6,219.6,0.74,4.14,0.26,3.64
2024-05-30 17:41:37,2024-05-30,17:41:37,,14.9,,57.7,,23.7,,18.008,,206.7,,4.52,,3.28
2024-05-30 17:41:38,2024-05-30,17:41:38,16.0,,55.8,,25.4,,19.236,,140.7,,0.39,,0.2,
2024-05-30 17:42:40,2024-05-30,17:42:40,,15.0,,58.7,,23.6,,18.062,,260.2,,3.57,,1.83
2024-05-30 17:42:41,2024-05-30,17:42:41,15.9,,55.8,,25.4,,19.236,,342.0,,0.57,,0.52,
2024-05-30 17:43:44,2024-05-30,17:43:44,16.0,15.0,56.3,58.5,25.4,23.6,19.312,18.033,346.6,240.1,0.91,3.34,0.77,3.11
2024-05-30 17:44:48,2024-05-30,17:44:48,15.9,15.0,55.7,58.7,25.4,23.6,19.221,18.062,81.3,230.6,0.92,3.68,0.58,1.97
2024-05-30 17:45:51,2024-05-30,17:45:51,,15.0,,58.7,,23.6,,18.062,,240.7,,3.1,,1.79
2024-05-30 17:45:52,2024-05-30,17:45:52,15.9,,55.8,,25.4,,19.236,,351.5,,0.5,,0.35,
2024-05-30 17:46:54,2024-05-30,17:46:54,,15.1,,59.1,,23.6,,18.119,,237.7,,4.07,,1.89
2024-05-30 17:46:55,2024-05-30,17:46:55,16.1,,56.5,,25.4,,19.342,,202.1,,0.34,,0.24,
2024-05-30 17:47:58,2024-05-30,17:47:58,16.5,15.0,57.5,58.1,25.5,23.7,19.581,18.066,275.1,251.8,0.62,4.44,0.18,3.16
2024-05-30 17:49:02,2024-05-30,17:49:02,16.1,14.9,56.3,58.0,25.5,23.6,19.4,17.962,172.3,231.4,0.68,4.49,0.17,3.28
2024-05-30 17:50:05,2024-05-30,17:50:05,,14.9,,58.0,,23.6,,17.962,,227.2,,3.69,,2.06
2024-05-30 17:50:06,2024-05-30,17:50:06,16.0,,55.6,,25.5,,19.294,,199.3,,0.75,,0.39,
2024-05-30 17:51:08,2024-05-30,17:51:08,,14.8,,58.0,,23.5,,17.873,,235.4,,3.57,,2.47
2024-05-30 17:51:09,2024-05-30,17:51:09,16.0,,55.9,,25.5,,19.34,,35.4,,0.34,,0.16,
2024-05-30 17:52:12,2024-05-30,17:52:12,15.8,14.7,55.0,57.9,25.5,23.5,19.203,17.859,76.2,244.5,0.39,2.03,0.09,1.85
2024-05-30 17:53:16,2024-05-30,17:53:16,15.7,14.9,54.8,58.0,25.5,23.6,19.173,17.962,134.2,248.9,0.54,3.02,0.25,0.41
2024-05-30 17:54:19,2024-05-30,17:54:19,,14.7,,57.4,,23.6,,17.876,,228.1,,3.45,,1.66
2024-05-30 17:54:20,2024-05-30,17:54:20,15.7,,54.8,,25.5,,19.173,,273.1,,0.78,,0.1,
2024-05-30 17:55:22,2024-05-30,17:55:22,,14.5,,56.7,,23.6,,17.776,,252.0,,4.3,,3.69
2024-05-30 17:55:23,2024-05-30,17:55:23,15.9,,55.2,,25.5,,19.233,,322.6,,0.31,,0.18,
2024-05-30 17:56:26,2024-05-30,17:56:26,16.0,14.2,55.4,56.1,25.6,23.5,19.352,17.601,109.2,258.1,0.51,4.42,0.34,2.11
2024-05-30 17:57:30,2024-05-30,17:57:30,15.3,14.4,53.8,56.3,25.4,23.6,18.932,17.719,150.4,244.2,0.87,2.26,0.52,0.23
2024-05-30 17:58:33,2024-05-30,17:58:33,,14.1,,55.0,,23.7,,17.619,,203.4,,2.37,,1.44
2024-05-30 17:58:34,2024-05-30,17:58:34,14.9,,52.4,,25.3,,18.63,,149.9,,0.75,,0.45,
2024-05-30 17:59:36,2024-05-30,17:59:36,,14.0,,54.4,,23.7,,17.532,,208.9,,2.68,,1.9
2024-05-30 17:59:38,2024-05-30,17:59:38,15.1,,53.7,,25.2,,18.742,,168.8,,0.51,,0.28,
2024-05-30 18:00:40,2024-05-30,18:00:40,,13.8,,53.6,,23.8,,17.502,,215.5,,4.15,,1.96
2024-05-30 18:00:41,2024-05-30,18:00:41,15.0,,53.6,,25.1,,18.639,,195.1,,0.87,,0.61,
2024-05-30 18:01:44,2024-05-30,18:01:44,15.1,13.8,53.9,53.1,25.1,23.9,18.685,17.516,326.3,245.0,0.51,2.91,0.22,1.68
2024-05-30 18:02:47,2024-05-30,18:02:47,,13.8,,53.2,,23.9,,17.531,,260.5,,2.87,,1.05
2024-05-30 18:02:48,2024-05-30,18:02:48,15.0,,53.0,,25.2,,18.635,,15.7,,0.68,,0.29,
2024-05-30 18:03:50,2024-05-30,18:03:50,,13.8,,52.9,,24.0,,17.574,,247.8,,3.81,,1.97
2024-05-30 18:03:52,2024-05-30,18:03:52,14.8,,52.6,,25.2,,18.574,,143.3,,0.32,,0.09,
2024-05-30 18:04:54,2024-05-30,18:04:54,,13.6,,52.3,,24.0,,17.485,,243.2,,2.55,,2.21
2024-05-30 18:04:55,2024-05-30,18:04:55,14.6,,52.0,,25.2,,18.482,,191.2,,0.65,,0.48,
2024-05-30 18:05:58,2024-05-30,18:05:58,14.2,13.7,50.9,52.1,25.1,24.1,18.226,17.542,147.3,195.7,1.04,3.9,0.72,2.46
2024-05-30 18:07:01,2024-05-30,18:07:01,,13.7,,52.4,,24.1,,17.586,,243.0,,3.15,,2.17
2024-05-30 18:07:02,2024-05-30,18:07:02,14.3,,51.4,,25.0,,18.216,,318.5,,0.93,,0.32,
2024-05-30 18:08:05,2024-05-30,18:08:05,,13.8,,52.7,,24.1,,17.631,,199.0,,2.17,,1.41
2024-05-30 18:08:06,2024-05-30,18:08:06,14.7,,52.6,,25.1,,18.487,,321.9,,0.81,,0.13,
2024-05-30 18:09:08,2024-05-30,18:09:08,,14.1,,53.6,,24.1,,17.765,,201.5,,1.63,,1.07
2024-05-30 18:09:09,2024-05-30,18:09:09,14.7,,52.6,,25.1,,18.487,,158.8,,0.63,,0.55,
2024-05-30 18:10:12,2024-05-30,18:10:12,14.4,14.0,51.8,53.1,25.0,24.1,18.277,17.691,93.6,199.0,0.69,2.6,0.17,1.74
2024-05-30 18:11:15,2024-05-30,18:11:15,,13.8,,52.8,,24.0,,17.559,,205.6,,3.47,,0.65
2024-05-30 18:11:16,2024-05-30,18:11:16,14.3,,51.7,,25.0,,18.262,,163.1,,1.15,,0.66,
2024-05-30 18:12:19,2024-05-30,18:12:19,,13.7,,52.4,,24.1,,17.586,,236.1,,2.26,,1.42
2024-05-30 18:12:20,2024-05-30,18:12:20,14.3,,51.7,,24.9,,18.175,,143.3,,0.72,,0.33,
2024-05-30 18:13:22,2024-05-30,18:13:22,,13.3,,51.2,,24.1,,17.407,,236.8,,4.33,,3.54
2024-05-30 18:13:23,2024-05-30,18:13:23,14.2,,51.6,,24.9,,18.16,,143.6,,0.59,,0.23,
2024-05-30 18:14:26,2024-05-30,18:14:26,14.2,13.1,51.5,50.5,24.9,24.0,18.145,17.215,62.6,240.8,0.39,4.09,0.12,2.57
2024-05-30 18:15:30,2024-05-30,18:15:30,14.1,13.0,51.3,50.3,25.0,23.9,18.201,17.099,48.9,268.8,0.29,3.17,0.24,1.73
2024-05-30 18:16:33,2024-05-30,18:16:33,,13.6,,52.5,,23.9,,17.427,,264.9,,3.06,,2.12
2024-05-30 18:16:34,2024-05-30,18:16:34,14.5,,52.3,,25.0,,18.354,,328.1,,0.88,,0.74,
2024-05-30 18:17:36,2024-05-30,18:17:36,,,,,,13.7,,,,23.9,,5.28,,2.15
2024-05-30 18:17:37,2024-05-30,18:17:37,14.5,,52.1,,25.0,,18.323,,321.2,,0.7,,0.11,
2024-05-30 18:18:40,2024-05-30,18:18:40,14.4,13.7,51.9,52.7,25.0,24.0,18.293,17.544,135.6,252.5,0.29,2.58,0.17,2.2
2024-05-30 18:19:43,2024-05-30,18:19:43,,14.1,,53.7,,24.1,,17.779,,258.7,,2.25,,0.73
2024-05-30 18:19:44,2024-05-30,18:19:44,14.7,,52.4,,25.1,,18.456,,325.1,,0.35,,0.17,
2024-05-30 18:20:47,2024-05-30,18:20:47,,14.2,,53.8,,24.2,,17.882,,225.7,,3.52,,2.08
2024-05-30 18:20:48,2024-05-30,18:20:48,14.6,,52.3,,25.1,,18.441,,164.2,,0.72,,0.1,
2024-05-30 18:21:50,2024-05-30,18:21:50,,14.4,,54.3,,24.2,,17.956,,205.3,,3.92,,1.89
2024-05-30 18:21:51,2024-05-30,18:21:51,15.2,,54.3,,25.1,,18.745,,149.5,,0.71,,0.54,
2024-05-30 18:22:54,2024-05-30,18:22:54,14.9,14.1,53.1,53.7,25.1,24.1,18.563,17.779,155.5,199.9,0.66,4.26,0.32,1.75
2024-05-30 18:23:58,2024-05-30,18:23:58,14.8,14.1,53.0,54.1,25.0,24.0,18.461,17.751,125.1,199.4,0.8,3.75,0.49,2.84
2024-05-30 18:25:00,2024-05-30,18:25:00,,14.0,,54.2,,23.9,,17.678,,211.9,,3.59,,3.03
2024-05-30 18:25:02,2024-05-30,18:25:02,14.8,,53.0,,25.0,,18.461,,168.0,,0.47,,0.29,
2024-05-30 18:26:04,2024-05-30,18:26:04,,14.1,,54.4,,23.9,,17.707,,220.8,,4.14,,3.06
2024-05-30 18:26:05,2024-05-30,18:26:05,14.6,,52.4,,25.0,,18.369,,200.4,,0.47,,0.3,
2024-05-30 18:27:08,2024-05-30,18:27:08,14.6,14.0,52.1,54.2,25.1,23.9,18.41,17.678,122.1,241.9,0.42,4.03,0.19,2.53
2024-05-30 18:28:12,2024-05-30,18:28:12,14.6,14.1,52.2,54.6,25.1,23.8,18.426,17.649,159.2,235.2,0.67,3.56,0.5,1.71
2024-05-30 18:29:15,2024-05-30,18:29:15,,14.0,,54.3,,23.8,,17.605,,197.3,,3.22,,1.62
2024-05-30 18:29:16,2024-05-30,18:29:16,14.6,,52.1,,25.1,,18.41,,185.9,,0.72,,0.25,
2024-05-30 18:30:18,2024-05-30,18:30:18,,14.0,,53.7,,23.9,,17.604,,223.1,,2.68,,2.18
2024-05-30 18:30:19,2024-05-30,18:30:19,14.6,,52.3,,25.1,,18.441,,120.8,,0.72,,0.29,
2024-05-30 18:31:22,2024-05-30,18:31:22,14.9,14.0,53.0,53.5,25.1,24.0,18.548,17.662,141.1,211.8,0.79,3.0,0.55,2.2
2024-05-30 18:32:26,2024-05-30,18:32:26,14.8,13.8,52.9,53.3,25.1,23.9,18.533,17.546,113.1,185.2,0.82,3.39,0.42,0.56
2024-05-30 18:33:29,2024-05-30,18:33:29,,13.9,,53.2,,24.0,,17.618,,190.6,,2.59,,1.86
2024-05-30 18:33:30,2024-05-30,18:33:30,14.8,,52.7,,25.1,,18.502,,152.4,,0.4,,0.17,
2024-05-30 18:34:32,2024-05-30,18:34:32,,13.6,,52.6,,23.9,,17.442,,208.6,,3.15,,2.53
2024-05-30 18:34:33,2024-05-30,18:34:33,14.7,,52.5,,25.1,,18.472,,150.6,,0.58,,0.5,
2024-05-30 18:35:36,2024-05-30,18:35:36,14.7,13.6,52.6,52.7,25.1,23.9,18.487,17.457,124.0,213.9,0.54,3.56,0.28,2.94
2024-05-30 18:36:40,2024-05-30,18:36:40,14.5,13.9,52.0,53.9,25.1,23.8,18.395,17.546,141.6,212.8,0.65,4.28,0.53,3.53
2024-05-30 18:37:43,2024-05-30,18:37:43,,14.0,,54.5,,23.7,,17.546,,202.1,,3.94,,2.93
2024-05-30 18:37:44,2024-05-30,18:37:44,14.8,,52.8,,25.1,,18.517,,180.7,,0.78,,0.6,
2024-05-30 18:38:46,2024-05-30,18:38:46,,13.8,,54.3,,23.6,,17.429,,211.0,,4.15,,2.77
2024-05-30 18:38:47,2024-05-30,18:38:47,14.6,,52.6,,25.0,,18.4,,126.5,,0.66,,0.43,
2024-05-30 18:39:50,2024-05-30,18:39:50,15.0,13.9,53.3,54.4,25.1,23.6,18.594,17.444,127.3,240.0,0.64,2.93,0.42,2.0
2024-05-30 18:40:54,2024-05-30,18:40:54,14.9,13.8,53.1,53.8,25.1,23.7,18.563,17.444,3.1,189.6,0.33,1.9,0.2,0.45
2024-05-30 18:41:57,2024-05-30,18:41:57,,13.6,,53.0,,23.8,,17.414,,279.5,,1.32,,0.64
2024-05-30 18:41:58,2024-05-30,18:41:58,14.8,,52.5,,25.2,,18.559,,2.4,,0.56,,0.45,
2024-05-30 18:43:00,2024-05-30,18:43:00,,13.6,,52.6,,23.9,,17.442,,229.9,,0.84,,0.73
2024-05-30 18:43:01,2024-05-30,18:43:01,14.5,,51.7,,25.2,,18.436,,44.7,,0.46,,0.13,
2024-05-30 18:44:04,2024-05-30,18:44:04,14.6,13.2,52.0,51.1,25.2,24.0,18.482,17.306,236.2,201.5,0.4,1.94,0.21,1.6
2024-05-30 18:45:08,2024-05-30,18:45:08,14.8,12.9,52.5,50.2,25.2,23.9,18.559,17.084,164.7,219.3,0.47,3.03,0.32,2.69
2024-05-30 18:46:11,2024-05-30,18:46:11,,13.0,,50.8,,23.8,,17.088,,227.9,,3.55,,1.78
2024-05-30 18:46:12,2024-05-30,18:46:12,14.3,,51.0,,25.2,,18.327,,173.7,,0.59,,0.35,
2024-05-30 18:47:14,2024-05-30,18:47:14,,13.0,,51.2,,23.7,,17.061,,247.7,,2.61,,1.56
2024-05-30 18:47:15,2024-05-30,18:47:15,14.2,,51.0,,25.1,,18.241,,169.1,,0.65,,0.4,
2024-05-30 18:48:18,2024-05-30,18:48:18,14.4,13.1,51.8,51.2,25.0,23.8,18.277,17.148,164.7,246.8,0.7,2.14,0.34,1.81
2024-05-30 18:49:22,2024-05-30,18:49:22,14.0,13.2,50.6,51.7,24.9,23.8,18.007,17.222,141.7,199.9,0.84,2.8,0.51,2.28
2024-05-30 18:50:25,2024-05-30,18:50:25,,13.2,,51.9,,23.7,,17.165,,207.4,,2.39,,1.36
2024-05-30 18:50:26,2024-05-30,18:50:26,14.4,,52.1,,24.9,,18.237,,133.2,,0.69,,0.46,
2024-05-30 18:51:28,2024-05-30,18:51:28,,13.4,,52.4,,23.7,,17.239,,249.2,,2.2,,1.8
2024-05-30 18:51:29,2024-05-30,18:51:29,14.1,,51.5,,24.8,,18.058,,123.0,,0.55,,0.16,
2024-05-30 18:52:32,2024-05-30,18:52:32,14.1,13.5,51.2,52.9,24.9,23.7,18.099,17.312,174.5,194.5,0.36,2.27,0.23,1.92
2024-05-30 18:53:36,2024-05-30,18:53:36,14.5,13.5,52.7,52.9,24.8,23.7,18.241,17.312,127.9,191.7,0.66,2.98,0.27,2.11
2024-05-30 18:54:39,2024-05-30,18:54:39,,13.4,,52.9,,23.6,,17.225,,206.9,,2.72,,1.83
2024-05-30 18:54:40,2024-05-30,18:54:40,14.8,,53.4,,24.9,,18.434,,159.5,,0.45,,0.24,
2024-05-30 18:55:42,2024-05-30,18:55:42,,13.5,,53.3,,23.6,,17.283,,196.7,,3.11,,1.58
2024-05-30 18:55:43,2024-05-30,18:55:43,14.3,,52.2,,24.8,,18.165,,189.8,,0.49,,0.18,
2024-05-30 18:56:46,2024-05-30,18:56:46,14.4,13.5,52.5,53.3,24.8,23.6,18.21,17.283,156.1,224.0,0.41,2.5,0.2,0.95
2024-05-30 18:57:50,2024-05-30,18:57:50,14.4,13.5,52.4,53.3,24.8,23.6,18.195,17.283,134.8,209.3,0.49,1.81,0.31,1.41
2024-05-30 18:58:53,2024-05-30,18:58:53,,13.6,,53.2,,23.7,,17.356,,187.9,,2.91,,1.6
2024-05-30 18:58:54,2024-05-30,18:58:54,14.7,,53.5,,24.8,,18.362,,137.5,,0.56,,0.34,
2024-05-30 18:59:57,2024-05-30,18:59:57,14.8,,53.8,,24.8,,18.407,,162.7,,0.41,,0.29,
2024-05-30 19:00:25,2024-05-30,19:00:25,,13.8,,53.7,,23.7,,17.429,,275.5,,0.74,,0.2
2024-05-30 19:01:00,2024-05-30,19:01:00,14.6,,53.1,,24.8,,18.301,,119.3,,0.45,,0.23,
2024-05-30 19:01:27,2024-05-30,19:01:27,,13.6,,52.8,,23.8,,17.385,,216.4,,2.79,,1.49
2024-05-30 19:02:04,2024-05-30,19:02:04,14.5,,53.1,,24.7,,18.214,,205.3,,0.9,,0.44,
2024-05-30 19:02:30,2024-05-30,19:02:30,,13.2,,51.7,,23.8,,17.222,,203.2,,2.18,,1.4
2024-05-30 19:03:08,2024-05-30,19:03:08,14.4,,52.8,,24.7,,18.169,,147.9,,0.6,,0.28,
2024-05-30 19:03:34,2024-05-30,19:03:34,,13.2,,51.7,,23.8,,17.222,,241.4,,1.82,,1.18
2024-05-30 19:04:11,2024-05-30,19:04:11,14.1,,52.0,,24.6,,17.961,,119.8,,0.56,,0.16,
2024-05-30 19:04:38,2024-05-30,19:04:38,,13.1,,51.4,,23.7,,17.091,,246.9,,1.74,,1.09
2024-05-30 19:05:14,2024-05-30,19:05:14,14.2,,52.5,,24.6,,18.036,,140.5,,0.43,,0.14,
2024-05-30 19:05:41,2024-05-30,19:05:41,,13.1,,51.4,,23.7,,17.091,,231.1,,3.15,,0.97
2024-05-30 19:06:18,2024-05-30,19:06:18,14.1,,52.1,,24.6,,17.976,,63.9,,0.43,,0.17,
2024-05-30 19:06:44,2024-05-30,19:06:44,,13.1,,51.4,,23.7,,17.091,,260.2,,2.39,,1.62
2024-05-30 19:07:22,2024-05-30,19:07:22,14.2,,52.1,,24.7,,18.063,,57.8,,0.26,,0.15,
2024-05-30 19:07:48,2024-05-30,19:07:48,,13.0,,51.2,,23.7,,17.061,,236.5,,2.4,,1.0
2024-05-30 19:08:25,2024-05-30,19:08:25,13.9,,51.2,,24.7,,17.926,,357.9,,0.62,,0.46,
2024-05-30 19:08:52,2024-05-30,19:08:52,,13.1,,51.5,,23.7,,17.106,,224.6,,1.15,,0.85
2024-05-30 19:09:28,2024-05-30,19:09:28,14.0,,51.4,,24.7,,17.956,,339.5,,0.44,,0.03,
2024-05-30 19:09:55,2024-05-30,19:09:55,,13.0,,51.0,,23.7,,17.031,,253.6,,1.57,,0.86
2024-05-30 19:10:32,2024-05-30,19:10:32,14.2,,52.0,,24.7,,18.048,,179.4,,0.3,,0.04,
2024-05-30 19:10:58,2024-05-30,19:10:58,,13.0,,51.1,,23.7,,17.046,,227.8,,1.7,,1.48
2024-05-30 19:11:36,2024-05-30,19:11:36,14.0,,51.6,,24.7,,17.987,,102.2,,0.34,,0.26,
2024-05-30 19:12:02,2024-05-30,19:12:02,,13.0,,51.3,,23.7,,17.076,,190.1,,1.32,,0.94
2024-05-30 19:12:39,2024-05-30,19:12:39,14.7,,53.7,,24.7,,18.304,,314.6,,2.38,,1.64,
2024-05-30 19:13:06,2024-05-30,19:13:06,,13.1,,51.6,,23.7,,17.12,,242.8,,2.61,,1.23
2024-05-30 19:13:42,2024-05-30,19:13:42,14.1,,52.4,,24.5,,17.934,,321.9,,2.03,,1.47,
2024-05-30 19:14:09,2024-05-30,19:14:09,,13.1,,51.4,,23.7,,17.091,,197.3,,2.54,,2.26
2024-05-30 19:14:46,2024-05-30,19:14:46,14.0,,52.4,,24.4,,17.847,,332.4,,1.85,,1.17,
2024-05-30 19:15:12,2024-05-30,19:15:12,,13.3,,52.2,,23.7,,17.209,,197.4,,2.39,,1.67
2024-05-30 19:15:50,2024-05-30,19:15:50,14.0,,52.8,,24.3,,17.82,,320.3,,2.12,,1.03,
2024-05-30 19:16:16,2024-05-30,19:16:16,,13.1,,52.0,,23.6,,17.093,,226.0,,2.24,,1.3
2024-05-30 19:16:53,2024-05-30,19:16:53,14.1,,53.0,,24.3,,17.85,,331.0,,1.94,,1.25,
2024-05-30 19:17:20,2024-05-30,19:17:20,,12.7,,50.4,,23.6,,16.856,,213.3,,2.23,,1.62
2024-05-30 19:17:56,2024-05-30,19:17:56,14.0,,52.4,,24.3,,17.76,,324.5,,1.95,,1.34,
2024-05-30 19:18:23,2024-05-30,19:18:23,,12.7,,50.3,,23.6,,16.841,,231.4,,2.39,,1.61
2024-05-30 19:19:00,2024-05-30,19:19:00,13.8,,52.2,,24.2,,17.644,,326.0,,2.3,,1.2,
2024-05-30 19:19:26,2024-05-30,19:19:26,,12.7,,50.3,,23.6,,16.841,,202.8,,1.7,,1.28
2024-05-30 19:20:04,2024-05-30,19:20:04,13.6,,51.7,,24.1,,17.482,,325.0,,1.9,,1.34,
2024-05-30 19:20:30,2024-05-30,19:20:30,,12.7,,50.3,,23.6,,16.841,,192.4,,2.41,,2.16
2024-05-30 19:21:07,2024-05-30,19:21:07,13.7,,52.2,,24.1,,17.557,,321.2,,1.91,,1.07,
2024-05-30 19:21:34,2024-05-30,19:21:34,,12.8,,50.6,,23.6,,16.886,,232.6,,2.55,,1.76
2024-05-30 19:22:10,2024-05-30,19:22:10,13.7,,52.3,,24.1,,17.572,,321.3,,1.88,,1.07,
2024-05-30 19:22:38,2024-05-30,19:22:38,,12.7,,50.8,,23.5,,16.829,,221.8,,2.5,,2.05
2024-05-30 19:23:14,2024-05-30,19:23:14,13.8,,52.7,,24.1,,17.631,,317.4,,2.05,,1.01,
2024-05-30 19:23:41,2024-05-30,19:23:41,,12.8,,51.1,,23.5,,16.873,,218.6,,2.05,,1.11
2024-05-30 19:24:18,2024-05-30,19:24:18,13.8,,52.6,,24.1,,17.616,,319.2,,1.85,,0.82,
2024-05-30 19:24:44,2024-05-30,19:24:44,,12.7,,50.8,,23.5,,16.829,,231.0,,2.49,,1.61
2024-05-30 19:25:21,2024-05-30,19:25:21,13.7,,52.3,,24.1,,17.572,,320.9,,1.91,,1.18,
2024-05-30 19:25:48,2024-05-30,19:25:48,,12.7,,50.7,,23.5,,16.814,,227.8,,2.13,,1.18
2024-05-30 19:26:24,2024-05-30,19:26:24,13.6,,52.2,,24.0,,17.47,,314.6,,1.97,,1.07,
2024-05-30 19:26:52,2024-05-30,19:26:52,,12.7,,50.8,,23.5,,16.829,,217.9,,2.25,,2.05
2024-05-30 19:27:28,2024-05-30,19:27:28,13.6,,52.3,,24.0,,17.485,,334.2,,1.73,,0.94,
2024-05-30 19:27:55,2024-05-30,19:27:55,,12.7,,51.1,,23.4,,16.787,,239.5,,1.9,,0.82
2024-05-30 19:28:32,2024-05-30,19:28:32,13.5,,52.3,,23.9,,17.398,,332.6,,1.82,,1.27,
2024-05-30 19:28:58,2024-05-30,19:28:58,,12.6,,50.8,,23.5,,16.829,,225.6,,2.47,,2.14
2024-05-30 19:29:35,2024-05-30,19:29:35,13.7,,52.8,,23.9,,17.472,,332.8,,1.76,,0.96,
2024-05-30 19:30:02,2024-05-30,19:30:02,,12.6,,50.8,,23.4,,16.743,,232.9,,2.87,,1.38
2024-05-30 19:30:38,2024-05-30,19:30:38,13.6,,52.6,,23.9,,17.442,,348.7,,1.43,,0.57,
2024-05-30 19:31:06,2024-05-30,19:31:06,,12.6,,50.8,,23.4,,16.743,,237.2,,2.51,,1.37
2024-05-30 19:31:42,2024-05-30,19:31:42,13.5,,52.4,,23.8,,17.326,,328.7,,2.01,,1.06,
2024-05-30 19:32:09,2024-05-30,19:32:09,,12.5,,50.6,,23.3,,16.627,,231.6,,2.73,,1.87
2024-05-30 19:32:46,2024-05-30,19:32:46,13.5,,52.5,,23.8,,17.34,,338.7,,1.82,,0.72,
2024-05-30 19:33:12,2024-05-30,19:33:12,,12.5,,50.6,,23.3,,16.627,,229.0,,2.22,,1.8
2024-05-30 19:33:49,2024-05-30,19:33:49,13.5,,52.7,,23.8,,17.37,,328.2,,1.46,,1.0,
2024-05-30 19:34:16,2024-05-30,19:34:16,,12.5,,50.7,,23.3,,16.642,,224.5,,2.5,,2.31
2024-05-30 19:34:52,2024-05-30,19:34:52,13.4,,52.6,,23.7,,17.268,,323.5,,1.44,,0.78,
2024-05-30 19:35:20,2024-05-30,19:35:20,,12.6,,51.1,,23.3,,16.7,,205.2,,3.19,,2.31
2024-05-30 19:35:56,2024-05-30,19:35:56,13.4,,52.4,,23.7,,17.239,,311.7,,1.62,,1.34,
2024-05-30 19:36:23,2024-05-30,19:36:23,,12.7,,51.5,,23.3,,16.759,,223.2,,2.82,,2.36
2024-05-30 19:37:00,2024-05-30,19:37:00,13.5,,53.0,,23.7,,17.327,,315.3,,2.2,,1.07,
2024-05-30 19:37:26,2024-05-30,19:37:26,,12.7,,51.8,,23.2,,16.716,,222.5,,2.35,,1.47
2024-05-30 19:38:03,2024-05-30,19:38:03,13.6,,53.2,,23.7,,17.356,,316.6,,1.43,,0.91,
2024-05-30 19:38:30,2024-05-30,19:38:30,,12.8,,52.0,,23.2,,16.745,,167.1,,2.71,,1.37
2024-05-30 19:39:06,2024-05-30,19:39:06,13.5,,53.2,,23.7,,17.356,,331.3,,1.63,,0.63,
2024-05-30 19:39:34,2024-05-30,19:39:34,,12.8,,51.9,,23.2,,16.731,,218.8,,2.26,,1.5
2024-05-30 19:40:10,2024-05-30,19:40:10,13.6,,53.6,,23.6,,17.327,,327.7,,2.02,,1.08,
2024-05-30 19:40:38,2024-05-30,19:40:38,,12.7,,52.1,,23.1,,16.673,,231.5,,1.8,,1.53
2024-05-30 19:41:14,2024-05-30,19:41:14,13.6,,53.6,,23.6,,17.327,,327.3,,1.76,,1.18,
2024-05-30 19:41:40,2024-05-30,19:41:40,,12.8,,52.3,,23.1,,16.702,,239.4,,2.0,,1.13
2024-05-30 19:42:17,2024-05-30,19:42:17,13.5,,53.4,,23.5,,17.211,,332.8,,1.84,,0.96,
2024-05-30 19:42:44,2024-05-30,19:42:44,,12.9,,52.7,,23.1,,16.76,,214.1,,3.28,,2.72
2024-05-30 19:43:20,2024-05-30,19:43:20,13.6,,53.7,,23.5,,17.254,,316.2,,2.17,,1.29,
2024-05-30 19:43:48,2024-05-30,19:43:48,,13.3,,54.1,,23.1,,16.962,,216.7,,3.09,,2.36
2024-05-30 19:44:24,2024-05-30,19:44:24,13.9,,55.0,,23.4,,17.355,,325.8,,1.68,,1.0,
2024-05-30 19:44:51,2024-05-30,19:44:51,,13.6,,55.6,,23.0,,17.088,,208.8,,2.94,,2.18
2024-05-30 19:45:28,2024-05-30,19:45:28,14.2,,56.0,,23.5,,17.587,,331.2,,1.75,,0.8,
2024-05-30 19:45:54,2024-05-30,19:45:54,,13.8,,56.2,,23.0,,17.173,,244.0,,2.73,,1.57
2024-05-30 19:46:31,2024-05-30,19:46:31,14.4,,56.9,,23.5,,17.716,,329.9,,2.13,,1.5,
2024-05-30 19:46:58,2024-05-30,19:46:58,,14.0,,56.8,,23.0,,17.258,,217.3,,2.34,,2.05
2024-05-30 19:47:34,2024-05-30,19:47:34,14.5,,57.4,,23.4,,17.699,,316.8,,1.79,,1.24,
2024-05-30 19:48:02,2024-05-30,19:48:02,,14.0,,57.4,,22.9,,17.254,,232.0,,2.89,,2.26
2024-05-30 19:48:38,2024-05-30,19:48:38,14.6,,58.0,,23.3,,17.695,,335.0,,1.48,,0.76,
2024-05-30 19:49:05,2024-05-30,19:49:05,,14.0,,57.9,,22.8,,17.235,,231.0,,3.3,,2.54
2024-05-30 19:49:42,2024-05-30,19:49:42,14.8,,58.8,,23.3,,17.808,,303.3,,1.86,,1.04,
2024-05-30 19:50:09,2024-05-30,19:50:09,,0.0,,58.3,,22.8,,17.291,,238.7,,2.69,,2.16
2024-05-30 19:50:45,2024-05-30,19:50:45,14.8,,59.3,,23.2,,17.789,,358.5,,1.59,,0.53,
2024-05-30 19:51:12,2024-05-30,19:51:12,,14.2,,58.6,,22.7,,17.243,,233.1,,2.97,,1.39
2024-05-30 19:51:48,2024-05-30,19:51:48,14.9,,59.7,,23.2,,17.845,,326.2,,1.8,,0.87,
2024-05-30 19:52:16,2024-05-30,19:52:16,,14.1,,58.7,,22.6,,17.168,,216.5,,2.06,,1.48
2024-05-30 19:52:52,2024-05-30,19:52:52,15.0,,60.1,,23.1,,17.811,,327.1,,1.99,,1.2,
2024-05-30 19:53:20,2024-05-30,19:53:20,,14.1,,58.8,,22.6,,17.182,,238.3,,2.24,,2.03
2024-05-30 19:53:56,2024-05-30,19:53:56,15.0,,60.5,,23.1,,17.867,,328.9,,1.71,,0.8,
2024-05-30 19:54:23,2024-05-30,19:54:23,,14.1,,59.0,,22.5,,17.12,,234.7,,2.54,,1.64
2024-05-30 19:54:59,2024-05-30,19:54:59,14.9,,60.2,,23.0,,17.735,,324.9,,1.7,,1.16,
2024-05-30 19:55:26,2024-05-30,19:55:26,,14.1,,59.3,,22.5,,17.161,,217.1,,2.88,,1.74
2024-05-30 19:56:02,2024-05-30,19:56:02,15.0,,60.6,,23.0,,17.791,,319.3,,1.85,,1.27,
2024-05-30 19:56:30,2024-05-30,19:56:30,,14.1,,59.4,,22.5,,17.175,,219.5,,1.97,,0.94
2024-05-30 19:57:06,2024-05-30,19:57:06,15.1,,61.3,,23.0,,17.888,,325.0,,1.82,,0.92,
2024-05-30 19:57:34,2024-05-30,19:57:34,,14.1,,59.5,,22.4,,17.099,,202.7,,2.22,,1.35
2024-05-30 19:58:10,2024-05-30,19:58:10,15.1,,61.5,,22.9,,17.825,,327.1,,1.93,,0.36,
2024-05-30 19:58:37,2024-05-30,19:58:37,,14.1,,59.7,,22.4,,17.127,,209.4,,1.85,,1.26
2024-05-30 19:59:13,2024-05-30,19:59:13,15.1,,61.6,,22.9,,17.839,,324.6,,1.54,,1.07,
2024-05-30 19:59:40,2024-05-30,19:59:40,,14.1,,59.8,,22.3,,17.051,,242.1,,2.48,,2.12
2024-05-30 20:00:16,2024-05-30,20:00:16,15.1,,61.5,,22.9,,17.825,,346.7,,1.59,,0.56,
2024-05-30 20:00:44,2024-05-30,20:00:44,,14.1,,60.0,,22.3,,17.078,,224.3,,2.01,,1.34
2024-05-30 20:01:20,2024-05-30,20:01:20,15.0,,61.6,,22.8,,17.749,,317.1,,1.85,,1.47,
2024-05-30 20:01:48,2024-05-30,20:01:48,,14.2,,60.1,,22.3,,17.092,,220.0,,1.87,,1.46
2024-05-30 20:02:24,2024-05-30,20:02:24,15.1,,62.1,,22.8,,17.817,,330.2,,1.89,,0.98,
2024-05-30 20:02:51,2024-05-30,20:02:51,,14.1,,60.3,,22.2,,17.029,,238.6,,2.22,,1.97
2024-05-30 20:03:27,2024-05-30,20:03:27,15.0,,62.1,,22.7,,17.727,,333.6,,1.7,,1.01,
2024-05-30 20:03:54,2024-05-30,20:03:54,,14.1,,60.4,,22.2,,17.043,,233.3,,2.2,,1.36
2024-05-30 20:04:30,2024-05-30,20:04:30,15.0,,62.4,,22.6,,17.677,,331.1,,1.81,,1.35,
2024-05-30 20:04:58,2024-05-30,20:04:58,,14.2,,60.5,,22.2,,17.056,,237.4,,1.62,,1.18
2024-05-30 20:05:34,2024-05-30,20:05:34,15.1,,62.9,,22.6,,17.746,,334.0,,2.16,,0.79,
2024-05-30 20:06:02,2024-05-30,20:06:02,,14.1,,60.6,,22.1,,16.98,,226.6,,1.43,,0.68
2024-05-30 20:06:38,2024-05-30,20:06:38,15.2,,63.1,,22.6,,17.773,,341.2,,1.87,,0.85,
2024-05-30 20:07:05,2024-05-30,20:07:05,,14.1,,60.6,,22.1,,16.98,,235.4,,1.29,,1.06
2024-05-30 20:07:41,2024-05-30,20:07:41,15.2,,63.3,,22.6,,17.8,,327.0,,1.87,,1.01,
2024-05-30 20:08:08,2024-05-30,20:08:08,,14.1,,60.7,,22.1,,16.994,,225.7,,1.82,,1.07
2024-05-30 20:08:44,2024-05-30,20:08:44,15.2,,63.0,,22.6,,17.759,,334.2,,1.5,,0.74,
2024-05-30 20:09:12,2024-05-30,20:09:12,,14.0,,60.8,,22.0,,16.917,,227.1,,2.2,,1.41
2024-05-30 20:09:48,2024-05-30,20:09:48,15.1,,63.3,,22.5,,17.709,,328.8,,2.09,,0.9,
2024-05-30 20:10:16,2024-05-30,20:10:16,,14.1,,60.9,,22.0,,16.931,,204.0,,1.84,,1.11
2024-05-30 20:10:52,2024-05-30,20:10:52,15.2,,63.5,,22.5,,17.736,,334.3,,1.81,,0.81,
2024-05-30 20:11:19,2024-05-30,20:11:19,,14.0,,60.9,,21.9,,16.84,,231.4,,2.01,,1.62
2024-05-30 20:11:55,2024-05-30,20:11:55,15.2,,63.6,,22.5,,17.75,,330.0,,1.71,,0.61,
2024-05-30 20:12:22,2024-05-30,20:12:22,,14.0,,61.0,,21.9,,16.854,,220.2,,2.01,,1.51
2024-05-30 20:12:58,2024-05-30,20:12:58,15.1,,63.6,,22.4,,17.659,,327.0,,1.67,,1.29,
2024-05-30 20:13:26,2024-05-30,20:13:26,,14.0,,61.1,,21.8,,16.777,,238.8,,1.95,,1.46
2024-05-30 20:14:02,2024-05-30,20:14:02,15.2,,63.8,,22.4,,17.686,,332.7,,1.86,,0.91,
2024-05-30 20:14:30,2024-05-30,20:14:30,,14.0,,61.1,,21.8,,16.777,,216.2,,2.05,,1.46
2024-05-30 20:15:06,2024-05-30,20:15:06,15.2,,63.9,,22.4,,17.699,,323.3,,1.93,,1.18,
2024-05-30 20:15:33,2024-05-30,20:15:33,,14.0,,61.1,,21.8,,16.777,,207.8,,1.47,,1.09
2024-05-30 20:16:09,2024-05-30,20:16:09,15.3,,64.1,,22.4,,17.726,,334.3,,1.82,,0.92,
2024-05-30 20:16:36,2024-05-30,20:16:36,,14.0,,61.1,,21.8,,16.777,,222.0,,1.58,,0.94
2024-05-30 20:17:12,2024-05-30,20:17:12,15.2,,64.4,,22.3,,17.676,,318.2,,1.73,,1.12,
2024-05-30 20:17:40,2024-05-30,20:17:40,,13.9,,61.0,,21.7,,16.673,,211.9,,1.97,,1.28
2024-05-30 20:18:16,2024-05-30,20:18:16,15.2,,64.1,,22.3,,17.635,,318.1,,2.01,,0.91,
2024-05-30 20:18:44,2024-05-30,20:18:44,,13.8,,61.0,,21.7,,16.673,,235.1,,1.47,,1.28
2024-05-30 20:19:20,2024-05-30,20:19:20,15.1,,63.7,,22.3,,17.581,,319.0,,1.82,,1.12,
2024-05-30 20:19:47,2024-05-30,20:19:47,,13.7,,60.9,,21.6,,16.57,,209.7,,1.59,,0.96
2024-05-30 20:20:23,2024-05-30,20:20:23,15.0,,63.9,,22.2,,17.517,,321.0,,1.83,,0.94,
2024-05-30 20:20:50,2024-05-30,20:20:50,,13.7,,60.7,,21.6,,16.543,,215.4,,1.83,,1.26
2024-05-30 20:21:26,2024-05-30,20:21:26,15.0,,63.8,,22.2,,17.503,,311.6,,1.79,,0.95,
2024-05-30 20:21:54,2024-05-30,20:21:54,,13.6,,60.5,,21.6,,16.516,,217.0,,1.79,,1.02
2024-05-30 20:22:30,2024-05-30,20:22:30,14.9,,63.4,,22.2,,17.45,,322.4,,1.69,,1.03,
2024-05-30 20:22:58,2024-05-30,20:22:58,,13.5,,60.3,,21.5,,16.399,,240.2,,1.77,,1.26
2024-05-30 20:23:34,2024-05-30,20:23:34,14.8,,63.1,,22.1,,17.318,,326.2,,1.69,,1.19,
2024-05-30 20:24:01,2024-05-30,20:24:01,,13.4,,60.1,,21.5,,16.373,,236.9,,1.84,,1.66
2024-05-30 20:24:37,2024-05-30,20:24:37,14.7,,63.0,,22.1,,17.305,,332.9,,1.61,,0.92,
2024-05-30 20:25:04,2024-05-30,20:25:04,,13.3,,59.9,,21.4,,16.256,,240.2,,1.69,,1.59
2024-05-30 20:25:40,2024-05-30,20:25:40,14.7,,62.9,,22.1,,17.291,,330.0,,1.66,,0.77,
2024-05-30 20:26:08,2024-05-30,20:26:08,,13.2,,59.8,,21.4,,16.243,,226.7,,1.56,,0.86
2024-05-30 20:26:44,2024-05-30,20:26:44,14.6,,62.9,,22.0,,17.2,,315.2,,1.7,,1.04,
2024-05-30 20:27:12,2024-05-30,20:27:12,,13.2,,59.7,,21.4,,16.229,,230.3,,2.02,,1.47
2024-05-30 20:27:48,2024-05-30,20:27:48,14.5,,62.7,,22.1,,17.264,,310.8,,1.68,,1.02,
2024-05-30 20:28:16,2024-05-30,20:28:16,,13.2,,59.8,,21.4,,16.243,,230.7,,1.81,,1.49
2024-05-30 20:28:51,2024-05-30,20:28:51,14.4,,62.3,,22.0,,17.12,,320.3,,2.1,,1.43,
2024-05-30 20:29:18,2024-05-30,20:29:18,,13.3,,60.0,,21.4,,16.269,,223.3,,1.78,,1.47
2024-05-30 20:29:54,2024-05-30,20:29:54,14.5,,62.5,,22.0,,17.146,,333.0,,2.33,,0.9,
2024-05-30 20:30:22,2024-05-30,20:30:22,,13.4,,60.3,,21.4,,16.309,,222.9,,1.69,,1.08
2024-05-30 20:30:58,2024-05-30,20:30:58,14.6,,62.8,,22.0,,17.187,,310.9,,1.81,,1.44,
2024-05-30 20:31:26,2024-05-30,20:31:26,,13.5,,60.6,,21.4,,16.349,,211.6,,1.92,,1.63
2024-05-30 20:32:02,2024-05-30,20:32:02,14.5,,62.9,,21.9,,17.109,,314.7,,2.16,,1.41,
2024-05-30 20:32:29,2024-05-30,20:32:29,,13.6,,61.0,,21.4,,16.403,,199.9,,1.85,,1.33
2024-05-30 20:33:05,2024-05-30,20:33:05,14.7,,63.4,,22.0,,17.267,,320.2,,2.04,,1.17,
2024-05-30 20:33:32,2024-05-30,20:33:32,,13.6,,61.4,,21.3,,16.366,,222.1,,1.58,,1.06
2024-05-30 20:34:08,2024-05-30,20:34:08,14.7,,63.7,,21.9,,17.217,,334.1,,1.65,,0.79,
2024-05-30 20:34:36,2024-05-30,20:34:36,,13.7,,61.9,,21.3,,16.432,,212.5,,1.73,,1.2
2024-05-30 20:35:12,2024-05-30,20:35:12,14.9,,64.4,,21.9,,17.31,,320.7,,1.66,,0.94,
2024-05-30 20:35:40,2024-05-30,20:35:40,,13.8,,62.3,,21.3,,16.485,,208.7,,1.64,,0.92
2024-05-30 20:36:16,2024-05-30,20:36:16,15.0,,65.1,,21.9,,17.403,,321.1,,1.71,,0.94,
2024-05-30 20:36:44,2024-05-30,20:36:44,,,,,,13.9,,,,21.3,,6.26,,1.73
2024-05-30 20:37:19,2024-05-30,20:37:19,15.1,,65.4,,21.9,,17.443,,314.9,,1.92,,0.99,
2024-05-30 20:37:47,2024-05-30,20:37:47,,14.0,,62.9,,21.3,,16.564,,212.1,,1.68,,1.19
2024-05-30 20:38:22,2024-05-30,20:38:22,15.3,,66.1,,21.9,,17.536,,312.1,,1.72,,1.14,
2024-05-30 20:38:50,2024-05-30,20:38:50,,14.0,,63.2,,21.3,,16.604,,206.9,,1.87,,1.58
2024-05-30 20:39:26,2024-05-30,20:39:26,15.3,,66.6,,21.8,,17.511,,318.3,,1.66,,1.05,
2024-05-30 20:39:54,2024-05-30,20:39:54,,13.9,,63.2,,21.2,,16.513,,202.3,,1.67,,1.29
2024-05-30 20:40:30,2024-05-30,20:40:30,15.3,,66.6,,21.8,,17.511,,310.8,,1.84,,1.51,
2024-05-30 20:40:58,2024-05-30,20:40:58,,13.9,,63.1,,21.2,,16.5,,204.4,,1.58,,0.68
2024-05-30 20:41:33,2024-05-30,20:41:33,15.3,,66.8,,21.8,,17.537,,304.2,,2.21,,1.33,
2024-05-30 20:42:01,2024-05-30,20:42:01,,13.8,,63.0,,21.1,,16.396,,172.8,,1.39,,0.45
2024-05-30 20:42:36,2024-05-30,20:42:36,15.2,,66.5,,21.7,,17.405,,310.2,,1.79,,0.99,
2024-05-30 20:43:04,2024-05-30,20:43:04,,13.7,,62.8,,21.1,,16.369,,192.5,,1.32,,0.84
2024-05-30 20:43:40,2024-05-30,20:43:40,15.0,,65.9,,21.7,,17.326,,309.0,,2.28,,1.13,
2024-05-30 20:44:08,2024-05-30,20:44:08,,13.6,,62.8,,21.0,,16.278,,209.3,,1.33,,0.84
2024-05-30 20:44:44,2024-05-30,20:44:44,14.9,,65.8,,21.6,,17.221,,317.5,,2.02,,1.08,
2024-05-30 20:45:12,2024-05-30,20:45:12,,13.6,,62.8,,21.0,,16.278,,199.7,,1.57,,0.77
2024-05-30 20:45:47,2024-05-30,20:45:47,14.9,,65.7,,21.6,,17.208,,313.4,,2.04,,1.14,
2024-05-30 20:46:15,2024-05-30,20:46:15,,13.6,,62.7,,21.0,,16.265,,184.6,,1.42,,1.17
2024-05-30 20:46:50,2024-05-30,20:46:50,15.0,,65.9,,21.6,,17.234,,314.5,,1.6,,0.89,
2024-05-30 20:47:18,2024-05-30,20:47:18,,13.5,,62.7,,20.9,,16.174,,179.9,,1.26,,0.81
2024-05-30 20:47:54,2024-05-30,20:47:54,14.8,,65.7,,21.5,,17.116,,318.7,,2.07,,1.1,
2024-05-30 20:48:22,2024-05-30,20:48:22,,13.5,,62.7,,20.9,,16.174,,176.4,,1.43,,0.92
2024-05-30 20:48:58,2024-05-30,20:48:58,14.8,,65.8,,21.5,,17.129,,325.7,,1.9,,0.55,
2024-05-30 20:49:26,2024-05-30,20:49:26,,13.5,,62.7,,20.9,,16.174,,198.6,,1.43,,0.88
2024-05-30 20:50:01,2024-05-30,20:50:01,14.9,,66.2,,21.5,,17.182,,304.0,,2.22,,0.98,
2024-05-30 20:50:29,2024-05-30,20:50:29,,13.5,,62.8,,20.9,,16.188,,194.8,,1.91,,1.68
2024-05-30 20:51:04,2024-05-30,20:51:04,14.9,,66.3,,21.5,,17.195,,318.2,,1.89,,1.41,
2024-05-30 20:51:32,2024-05-30,20:51:32,,13.6,,62.9,,20.9,,16.201,,190.2,,1.7,,1.03
2024-05-30 20:52:08,2024-05-30,20:52:08,14.9,,66.4,,21.4,,17.116,,308.6,,1.92,,1.59,
2024-05-30 20:52:36,2024-05-30,20:52:36,,13.5,,63.0,,20.8,,16.123,,183.7,,1.53,,1.29
2024-05-30 20:53:12,2024-05-30,20:53:12,14.9,,66.6,,21.4,,17.142,,311.5,,2.22,,1.38,
2024-05-30 20:53:40,2024-05-30,20:53:40,,13.5,,63.0,,20.8,,16.123,,194.6,,1.04,,0.66
2024-05-30 20:54:15,2024-05-30,20:54:15,15.0,,66.9,,21.4,,17.181,,311.9,,2.18,,1.4,
2024-05-30 20:54:43,2024-05-30,20:54:43,,13.5,,63.1,,20.8,,16.136,,182.5,,1.23,,0.9
2024-05-30 20:55:18,2024-05-30,20:55:18,15.1,,67.6,,21.4,,17.273,,317.4,,2.3,,1.36,
2024-05-30 20:55:46,2024-05-30,20:55:46,,13.5,,63.2,,20.8,,16.149,,183.9,,1.51,,0.57
2024-05-30 20:56:22,2024-05-30,20:56:22,15.0,,67.5,,21.3,,17.168,,315.9,,1.96,,1.24,
2024-05-30 20:56:50,2024-05-30,20:56:50,,13.6,,63.3,,20.8,,16.162,,206.4,,1.02,,0.91
2024-05-30 20:57:26,2024-05-30,20:57:26,15.1,,67.8,,21.3,,17.207,,326.2,,2.08,,0.85,
2024-05-30 20:57:54,2024-05-30,20:57:54,,13.6,,63.4,,20.8,,16.175,,195.9,,1.05,,0.67
2024-05-30 20:58:29,2024-05-30,20:58:29,15.2,,68.2,,21.3,,17.259,,316.6,,2.42,,1.17,
2024-05-30 20:58:57,2024-05-30,20:58:57,,13.5,,63.6,,20.7,,16.11,,178.3,,1.44,,1.08
2024-05-30 20:59:32,2024-05-30,20:59:32,15.1,,68.4,,21.2,,17.192,,323.7,,1.8,,1.36,
2024-05-30 21:00:00,2024-05-30,21:00:00,,13.6,,63.9,,20.7,,16.149,,200.2,,1.61,,0.7
2024-05-30 21:00:36,2024-05-30,21:00:36,15.3,,69.2,,21.2,,17.296,,322.2,,2.08,,1.21,
2024-05-30 21:01:04,2024-05-30,21:01:04,,13.8,,64.4,,20.8,,16.305,,184.6,,1.84,,1.14
2024-05-30 21:01:40,2024-05-30,21:01:40,15.4,,69.6,,21.2,,17.348,,323.5,,1.94,,0.88,
2024-05-30 21:02:08,2024-05-30,21:02:08,,14.0,,64.9,,20.8,,16.37,,197.6,,1.86,,1.05
2024-05-30 21:02:43,2024-05-30,21:02:43,15.6,,70.6,,21.2,,17.477,,317.6,,1.95,,1.57,
2024-05-30 21:03:11,2024-05-30,21:03:11,,14.0,,65.0,,20.8,,16.383,,196.5,,1.16,,0.6
2024-05-30 21:03:47,2024-05-30,21:03:47,15.8,,71.3,,21.2,,17.568,,311.8,,2.17,,1.43,
2024-05-30 21:04:14,2024-05-30,21:04:14,,14.2,,65.7,,20.9,,16.565,,197.2,,1.97,,1.36
2024-05-30 21:04:50,2024-05-30,21:04:50,16.0,,72.3,,21.2,,17.696,,308.8,,1.84,,1.3,
2024-05-30 21:05:18,2024-05-30,21:05:18,,14.4,,66.4,,20.9,,16.656,,191.8,,2.26,,1.42
2024-05-30 21:05:54,2024-05-30,21:05:54,16.2,,73.4,,21.2,,17.838,,312.6,,2.16,,1.74,
2024-05-30 21:06:22,2024-05-30,21:06:22,,14.6,,66.9,,21.0,,16.813,,197.9,,1.81,,1.53
2024-05-30 21:06:57,2024-05-30,21:06:57,16.8,,75.9,,21.2,,18.159,,304.9,,2.36,,1.49,
2024-05-30 21:07:25,2024-05-30,21:07:25,,14.8,,67.4,,21.1,,16.97,,203.6,,2.15,,1.45
2024-05-30 21:08:01,2024-05-30,21:08:01,17.3,,78.6,,21.2,,18.504,,314.0,,2.26,,1.44,
2024-05-30 21:08:28,2024-05-30,21:08:28,,14.9,,67.8,,21.1,,17.022,,217.4,,2.47,,1.16
2024-05-30 21:09:04,2024-05-30,21:09:04,17.7,,80.5,,21.2,,18.747,,303.8,,2.32,,1.13,
2024-05-30 21:09:32,2024-05-30,21:09:32,,15.0,,68.1,,21.1,,17.061,,204.5,,1.51,,0.55
2024-05-30 21:10:08,2024-05-30,21:10:08,18.0,,82.1,,21.2,,18.95,,326.5,,1.67,,0.79,
2024-05-30 21:10:36,2024-05-30,21:10:36,,15.0,,68.6,,21.0,,17.033,,215.1,,1.79,,1.04
2024-05-30 21:11:12,2024-05-30,21:11:12,18.3,,83.6,,21.2,,19.141,,331.5,,2.03,,0.75,
2024-05-30 21:11:40,2024-05-30,21:11:40,,15.0,,68.9,,21.0,,17.071,,208.9,,1.2,,0.89
2024-05-30 21:12:15,2024-05-30,21:12:15,18.6,,85.2,,21.2,,19.344,,326.1,,1.95,,1.2,
2024-05-30 21:12:43,2024-05-30,21:12:43,,15.2,,69.5,,21.0,,17.149,,221.0,,1.76,,1.38
2024-05-30 21:13:18,2024-05-30,21:13:18,19.1,,87.9,,21.2,,19.687,,321.6,,1.88,,1.05,
2024-05-30 21:13:46,2024-05-30,21:13:46,,15.4,,70.0,,21.1,,17.306,,208.5,,2.13,,1.63
2024-05-30 21:14:22,2024-05-30,21:14:22,19.4,,90.0,,21.2,,19.953,,318.6,,1.61,,1.27,
2024-05-30 21:14:50,2024-05-30,21:14:50,,15.6,,70.6,,21.2,,17.477,,213.8,,2.29,,1.64
2024-05-30 21:15:25,2024-05-30,21:15:25,19.8,,92.0,,21.2,,20.207,,310.4,,1.32,,0.58,
2024-05-30 21:15:54,2024-05-30,21:15:54,,15.7,,71.3,,21.1,,17.474,,203.8,,2.19,,1.78
2024-05-30 21:16:29,2024-05-30,21:16:29,20.2,,94.2,,21.2,,20.485,,308.1,,1.8,,1.14,
2024-05-30 21:16:57,2024-05-30,21:16:57,,15.9,,72.0,,21.1,,17.564,,210.2,,1.64,,1.3
2024-05-30 21:17:32,2024-05-30,21:17:32,20.4,,95.5,,21.2,,20.65,,322.0,,1.56,,0.48,
2024-05-30 21:18:00,2024-05-30,21:18:00,,16.1,,73.0,,21.1,,17.693,,215.1,,2.32,,1.24
2024-05-30 21:18:36,2024-05-30,21:18:36,20.8,,97.8,,21.2,,20.941,,328.3,,1.88,,0.92,
2024-05-30 21:19:04,2024-05-30,21:19:04,,16.2,,74.1,,21.0,,17.739,,214.6,,1.82,,1.18
2024-05-30 21:19:39,2024-05-30,21:19:39,21.2,,100.0,,21.2,,21.22,,316.3,,1.41,,0.81,
2024-05-30 21:20:08,2024-05-30,21:20:08,,16.5,,75.5,,20.9,,17.823,,207.2,,2.4,,1.7
2024-05-30 21:20:42,2024-05-30,21:20:42,21.1,,100.0,,21.1,,21.119,,322.1,,2.55,,1.17,
2024-05-30 21:21:11,2024-05-30,21:21:11,,16.6,,76.6,,20.9,,17.963,,214.2,,1.95,,1.33
2024-05-30 21:21:46,2024-05-30,21:21:46,21.1,,100.0,,21.1,,21.119,,323.6,,1.93,,1.1,
2024-05-30 21:22:14,2024-05-30,21:22:14,,16.8,,78.0,,20.8,,18.046,,207.9,,2.21,,1.1
2024-05-30 21:22:50,2024-05-30,21:22:50,21.1,,100.0,,21.1,,21.119,,327.4,,1.92,,1.17,
2024-05-30 21:23:18,2024-05-30,21:23:18,,17.1,,79.3,,20.7,,18.114,,171.7,,1.86,,0.76
2024-05-30 21:23:54,2024-05-30,21:23:54,21.1,,100.0,,21.1,,21.119,,315.4,,2.23,,1.7,
2024-05-30 21:24:22,2024-05-30,21:24:22,,17.2,,80.6,,20.7,,18.278,,193.6,,2.57,,2.25
2024-05-30 21:24:56,2024-05-30,21:24:56,21.1,,100.0,,21.1,,21.119,,321.2,,2.27,,1.69,
2024-05-30 21:25:25,2024-05-30,21:25:25,,17.5,,82.1,,20.7,,18.467,,194.1,,2.4,,1.89
2024-05-30 21:26:00,2024-05-30,21:26:00,21.0,,100.0,,21.0,,21.019,,327.9,,2.34,,1.14,
2024-05-30 21:26:28,2024-05-30,21:26:28,,17.7,,83.5,,20.6,,18.547,,191.9,,2.47,,1.82
2024-05-30 21:27:04,2024-05-30,21:27:04,21.0,,100.0,,21.0,,21.019,,319.8,,2.65,,1.49,
2024-05-30 21:27:32,2024-05-30,21:27:32,,17.9,,84.7,,20.6,,18.698,,176.4,,2.22,,0.86
2024-05-30 21:28:08,2024-05-30,21:28:08,21.0,,100.0,,21.0,,21.019,,331.8,,2.14,,1.18,
2024-05-30 21:28:36,2024-05-30,21:28:36,,18.0,,85.5,,20.5,,18.7,,195.6,,2.14,,1.84
2024-05-30 21:29:11,2024-05-30,21:29:11,20.9,,100.0,,20.9,,20.918,,328.9,,2.21,,1.33,
2024-05-30 21:29:39,2024-05-30,21:29:39,,18.1,,86.5,,20.5,,18.826,,187.8,,2.54,,1.42
2024-05-30 21:30:14,2024-05-30,21:30:14,20.9,,100.0,,20.9,,20.918,,324.9,,1.66,,1.14,
2024-05-30 21:30:42,2024-05-30,21:30:42,,18.2,,87.2,,20.4,,18.815,,194.7,,2.06,,1.51
2024-05-30 21:31:18,2024-05-30,21:31:18,20.9,,100.0,,20.9,,20.918,,328.4,,1.76,,1.01,
2024-05-30 21:31:46,2024-05-30,21:31:46,,18.2,,87.9,,20.3,,18.805,,195.1,,1.92,,1.37
2024-05-30 21:32:22,2024-05-30,21:32:22,20.8,,100.0,,20.8,,20.817,,324.0,,1.77,,1.21,
2024-05-30 21:32:50,2024-05-30,21:32:50,,18.3,,88.7,,20.3,,18.905,,199.6,,2.11,,1.53
2024-05-30 21:33:25,2024-05-30,21:33:25,20.8,,100.0,,20.8,,20.817,,320.3,,1.74,,1.28,
2024-05-30 21:33:53,2024-05-30,21:33:53,,18.4,,89.1,,20.3,,18.954,,216.3,,1.45,,0.96
2024-05-30 21:34:28,2024-05-30,21:34:28,20.8,,100.0,,20.8,,20.817,,328.1,,1.77,,1.17,
2024-05-30 21:34:56,2024-05-30,21:34:56,,18.5,,90.0,,20.2,,18.968,,205.5,,2.32,,1.8
2024-05-30 21:35:32,2024-05-30,21:35:32,20.8,,100.0,,20.8,,20.817,,322.2,,1.65,,1.18,
2024-05-30 21:36:00,2024-05-30,21:36:00,,18.5,,90.3,,20.2,,19.005,,225.1,,2.04,,1.24
2024-05-30 21:36:36,2024-05-30,21:36:36,20.8,,100.0,,20.8,,20.817,,324.4,,1.73,,1.0,
2024-05-30 21:37:04,2024-05-30,21:37:04,,18.6,,90.8,,20.2,,19.068,,218.8,,1.36,,1.02
2024-05-30 21:37:39,2024-05-30,21:37:39,20.8,,100.0,,20.8,,20.817,,331.7,,1.68,,0.9,
2024-05-30 21:38:07,2024-05-30,21:38:07,,18.6,,91.3,,20.1,,19.031,,210.5,,1.33,,1.05
2024-05-30 21:38:42,2024-05-30,21:38:42,20.7,,100.0,,20.7,,20.717,,327.7,,1.8,,0.98,
2024-05-30 21:39:10,2024-05-30,21:39:10,,18.8,,92.1,,20.1,,19.13,,210.2,,1.7,,1.02
2024-05-30 21:39:46,2024-05-30,21:39:46,20.7,,100.0,,20.7,,20.717,,331.5,,1.24,,0.72,
2024-05-30 21:40:14,2024-05-30,21:40:14,,18.9,,92.6,,20.1,,19.192,,214.0,,2.03,,1.38
2024-05-30 21:40:50,2024-05-30,21:40:50,20.7,,100.0,,20.7,,20.717,,320.4,,1.87,,1.11,
2024-05-30 21:41:18,2024-05-30,21:41:18,,19.0,,93.1,,20.1,,19.255,,214.9,,1.61,,1.07
2024-05-30 21:41:53,2024-05-30,21:41:53,20.6,,100.0,,20.6,,20.616,,335.0,,1.83,,0.97,
2024-05-30 21:42:21,2024-05-30,21:42:21,,19.0,,93.6,,20.1,,19.317,,225.5,,1.88,,1.16
2024-05-30 21:42:56,2024-05-30,21:42:56,20.6,,100.0,,20.6,,20.616,,318.6,,1.78,,1.35,
2024-05-30 21:43:24,2024-05-30,21:43:24,,19.0,,94.0,,20.0,,19.267,,225.7,,1.55,,0.71
2024-05-30 21:44:00,2024-05-30,21:44:00,20.6,,100.0,,20.6,,20.616,,322.2,,1.89,,1.52,
2024-05-30 21:44:28,2024-05-30,21:44:28,,19.0,,94.5,,20.0,,19.329,,216.7,,1.5,,1.37
2024-05-30 21:45:04,2024-05-30,21:45:04,20.6,,100.0,,20.6,,20.616,,333.1,,1.83,,0.89,
2024-05-30 21:45:32,2024-05-30,21:45:32,,19.1,,94.9,,20.0,,19.378,,232.0,,1.52,,1.05
2024-05-30 21:46:07,2024-05-30,21:46:07,20.5,,100.0,,20.5,,20.515,,318.4,,1.72,,1.31,
2024-05-30 21:46:35,2024-05-30,21:46:35,,19.2,,95.4,,20.0,,19.441,,234.0,,1.44,,1.33
2024-05-30 21:47:38,2024-05-30,21:47:38,20.5,19.2,100.0,95.8,20.5,19.9,20.515,19.39,328.7,237.1,1.98,1.62,0.76,1.37
2024-05-30 21:48:41,2024-05-30,21:48:41,20.5,,100.0,,20.5,,20.515,,316.9,,2.2,,1.34,
2024-05-30 21:48:42,2024-05-30,21:48:42,,19.2,,96.2,,19.9,,19.44,,222.5,,1.6,,1.3
2024-05-30 21:49:44,2024-05-30,21:49:44,20.4,,100.0,,20.4,,20.414,,327.4,,1.73,,0.92,
2024-05-30 21:49:46,2024-05-30,21:49:46,,19.3,,96.6,,19.9,,19.489,,228.7,,1.54,,1.18
2024-05-30 21:50:48,2024-05-30,21:50:48,20.4,,100.0,,20.4,,20.414,,332.2,,1.69,,0.87,
2024-05-30 21:50:49,2024-05-30,21:50:49,,19.4,,97.0,,19.9,,19.539,,238.0,,1.45,,0.87
2024-05-30 21:51:52,2024-05-30,21:51:52,20.4,19.3,100.0,97.2,20.4,19.8,20.414,19.464,326.0,238.3,2.0,1.1,0.93,0.81
2024-05-30 21:52:55,2024-05-30,21:52:55,20.3,,100.0,,20.3,,20.314,,319.4,,1.64,,1.15,
2024-05-30 21:52:56,2024-05-30,21:52:56,,19.4,,97.6,,19.8,,19.513,,235.3,,1.31,,1.13
2024-05-30 21:53:58,2024-05-30,21:53:58,20.3,,100.0,,20.3,,20.314,,327.8,,2.07,,1.22,
2024-05-30 21:54:00,2024-05-30,21:54:00,,19.4,,98.0,,19.8,,19.563,,241.7,,1.78,,1.13
2024-05-30 21:55:02,2024-05-30,21:55:02,20.2,,100.0,,20.2,,20.213,,316.3,,1.72,,1.1,
2024-05-30 21:55:03,2024-05-30,21:55:03,,19.4,,98.4,,19.7,,19.512,,234.9,,1.3,,0.95
2024-05-30 21:56:06,2024-05-30,21:56:06,20.2,19.5,100.0,98.7,20.2,19.7,20.213,19.549,328.6,217.4,1.49,1.6,0.91,1.32
2024-05-30 21:57:09,2024-05-30,21:57:09,20.2,,100.0,,20.2,,20.213,,328.0,,1.69,,1.49,
2024-05-30 21:57:10,2024-05-30,21:57:10,,19.5,,99.1,,19.7,,19.598,,218.5,,1.96,,1.14
2024-05-30 21:58:13,2024-05-30,21:58:13,20.2,,100.0,,20.2,,20.213,,312.9,,1.52,,0.92,
2024-05-30 21:58:14,2024-05-30,21:58:14,,19.6,,99.5,,19.7,,19.648,,212.0,,1.7,,1.32
2024-05-30 21:59:16,2024-05-30,21:59:16,20.2,,100.0,,20.2,,20.213,,325.9,,1.73,,0.9,
2024-05-30 21:59:17,2024-05-30,21:59:17,,19.6,,99.9,,19.6,,19.596,,192.2,,1.58,,1.15
2024-05-30 22:00:20,2024-05-30,22:00:20,20.1,19.6,100.0,100.0,20.1,19.6,20.112,19.609,337.4,114.1,2.1,1.08,1.2,0.51
2024-05-30 22:01:24,2024-05-30,22:01:24,20.0,19.6,100.0,100.0,20.0,19.6,20.012,19.609,4.6,98.8,1.91,1.04,0.52,0.53
2024-05-30 22:02:27,2024-05-30,22:02:27,19.9,,100.0,,19.9,,19.911,,326.1,,1.46,,1.08,
2024-05-30 22:02:28,2024-05-30,22:02:28,,19.5,,100.0,,19.5,,19.508,,84.2,,1.1,,0.98
2024-05-30 22:03:30,2024-05-30,22:03:30,19.8,,100.0,,19.8,,19.81,,317.9,,2.54,,1.23,
2024-05-30 22:03:31,2024-05-30,22:03:31,,19.5,,100.0,,19.5,,19.508,,71.1,,1.19,,0.45
2024-05-30 22:04:34,2024-05-30,22:04:34,19.7,19.4,100.0,99.9,19.7,19.4,19.709,19.395,319.1,33.7,1.57,0.76,1.15,0.36
2024-05-30 22:05:38,2024-05-30,22:05:38,19.7,19.4,100.0,100.0,19.7,19.4,19.709,19.407,330.2,86.0,1.86,0.46,0.94,0.21
2024-05-30 22:06:41,2024-05-30,22:06:41,19.6,,100.0,,19.6,,19.609,,323.0,,1.94,,1.4,
2024-05-30 22:06:42,2024-05-30,22:06:42,,19.3,,100.0,,19.3,,19.307,,42.3,,0.54,,0.41
2024-05-30 22:07:44,2024-05-30,22:07:44,19.6,,100.0,,19.6,,19.609,,332.4,,1.61,,1.03,
2024-05-30 22:07:45,2024-05-30,22:07:45,,19.3,,100.0,,19.3,,19.307,,36.6,,0.68,,0.29
2024-05-30 22:08:48,2024-05-30,22:08:48,19.6,19.3,100.0,100.0,19.6,19.3,19.609,19.307,321.0,38.7,1.86,0.36,1.49,0.1
2024-05-30 22:09:52,2024-05-30,22:09:52,19.6,19.2,100.0,100.0,19.6,19.2,19.609,19.206,322.7,29.6,1.9,0.64,1.36,0.44
2024-05-30 22:10:55,2024-05-30,22:10:55,19.6,,100.0,,19.6,,19.609,,323.2,,1.95,,0.99,
2024-05-30 22:10:56,2024-05-30,22:10:56,,19.2,,100.0,,19.2,,19.206,,30.2,,0.66,,0.39
2024-05-30 22:11:58,2024-05-30,22:11:58,19.6,,100.0,,19.6,,19.609,,324.0,,1.81,,1.12,
2024-05-30 22:11:59,2024-05-30,22:11:59,,19.2,,100.0,,19.2,,19.206,,344.6,,0.56,,0.44
2024-05-30 22:13:02,2024-05-30,22:13:02,19.5,19.2,100.0,100.0,19.5,19.2,19.508,19.206,325.5,39.8,1.91,0.58,1.22,0.3
2024-05-30 22:14:06,2024-05-30,22:14:06,19.5,19.1,100.0,100.0,19.5,19.1,19.508,19.105,326.4,53.9,1.75,0.58,1.06,0.41
2024-05-30 22:15:09,2024-05-30,22:15:09,19.5,,100.0,,19.5,,19.508,,325.8,,1.69,,1.16,
2024-05-30 22:15:10,2024-05-30,22:15:10,,19.1,,100.0,,19.1,,19.105,,36.7,,0.48,,0.31
2024-05-30 22:16:12,2024-05-30,22:16:12,19.4,,100.0,,19.4,,19.407,,314.9,,1.89,,1.32,
2024-05-30 22:16:13,2024-05-30,22:16:13,,19.1,,100.0,,19.1,,19.105,,56.2,,0.39,,0.23
2024-05-30 22:17:16,2024-05-30,22:17:16,19.4,19.1,100.0,100.0,19.4,19.1,19.407,19.105,320.8,51.3,2.35,0.27,1.32,0.14
2024-05-30 22:18:20,2024-05-30,22:18:20,19.5,19.0,100.0,100.0,19.5,19.0,19.508,19.004,321.7,239.3,2.02,0.46,1.1,0.22
2024-05-30 22:19:24,2024-05-30,22:19:24,19.5,19.0,100.0,100.0,19.5,19.0,19.508,19.004,315.4,295.3,2.17,0.43,1.04,0.33
2024-05-30 22:20:27,2024-05-30,22:20:27,19.5,19.0,100.0,100.0,19.5,19.0,19.508,19.004,327.7,205.7,1.68,0.63,0.92,0.57
2024-05-30 22:21:30,2024-05-30,22:21:30,19.5,19.0,100.0,100.0,19.5,19.0,19.508,19.004,321.3,202.9,1.88,0.87,1.26,0.76
2024-05-30 22:22:34,2024-05-30,22:22:34,19.5,19.0,100.0,100.0,19.5,19.0,19.508,19.004,316.2,219.9,1.78,0.86,1.32,0.58
2024-05-30 22:23:38,2024-05-30,22:23:38,19.5,19.0,100.0,100.0,19.5,19.0,19.508,19.004,328.7,227.3,1.86,0.62,0.85,0.52
2024-05-30 22:24:41,2024-05-30,22:24:41,19.4,19.0,100.0,100.0,19.4,19.0,19.407,19.004,317.1,236.2,2.01,0.9,1.2,0.67
2024-05-30 22:25:44,2024-05-30,22:25:44,19.5,19.2,100.0,100.0,19.5,19.2,19.508,19.206,315.9,257.1,1.58,1.03,0.94,0.55
2024-05-30 22:26:48,2024-05-30,22:26:48,19.5,19.2,100.0,100.0,19.5,19.2,19.508,19.206,328.5,176.2,1.74,0.57,0.98,0.4
2024-05-30 22:27:52,2024-05-30,22:27:52,19.5,19.2,100.0,100.0,19.5,19.2,19.508,19.206,328.7,218.6,1.74,0.81,0.9,0.39
2024-05-30 22:28:55,2024-05-30,22:28:55,19.5,19.2,100.0,100.0,19.5,19.2,19.508,19.206,335.2,213.3,1.5,0.32,0.99,0.11
2024-05-30 22:29:58,2024-05-30,22:29:58,19.5,19.2,100.0,100.0,19.5,19.2,19.508,19.206,344.6,221.6,1.58,0.37,0.76,0.15
2024-05-30 22:31:02,2024-05-30,22:31:02,19.4,19.2,100.0,100.0,19.4,19.2,19.407,19.206,322.5,222.0,1.82,0.42,1.05,0.22
2024-05-30 22:32:06,2024-05-30,22:32:06,19.3,19.1,100.0,100.0,19.3,19.1,19.307,19.105,319.6,72.0,1.74,0.58,0.94,0.39
2024-05-30 22:33:09,2024-05-30,22:33:09,19.1,19.1,100.0,100.0,19.1,19.1,19.105,19.105,323.2,76.9,1.83,0.62,1.12,0.48
2024-05-30 22:34:12,2024-05-30,22:34:12,19.1,19.0,100.0,100.0,19.1,19.0,19.105,19.004,313.8,117.1,1.76,0.52,1.15,0.07
2024-05-30 22:35:16,2024-05-30,22:35:16,19.1,19.0,100.0,100.0,19.1,19.0,19.105,19.004,322.7,295.8,2.13,0.29,1.0,0.22
2024-05-30 22:36:20,2024-05-30,22:36:20,19.2,19.0,100.0,100.0,19.2,19.0,19.206,19.004,319.6,220.5,1.88,0.41,1.08,0.31
2024-05-30 22:37:23,2024-05-30,22:37:23,19.3,19.0,100.0,100.0,19.3,19.0,19.307,19.004,328.7,245.5,1.9,0.54,1.24,0.42
2024-05-30 22:38:26,2024-05-30,22:38:26,19.4,19.0,100.0,100.0,19.4,19.0,19.407,19.004,316.9,267.9,1.69,0.46,1.24,0.39
2024-05-30 22:39:30,2024-05-30,22:39:30,19.4,19.0,100.0,100.0,19.4,19.1,19.407,19.105,322.5,284.8,1.95,0.52,1.33,0.33
2024-05-30 22:40:34,2024-05-30,22:40:34,19.4,19.1,100.0,100.0,19.4,19.1,19.407,19.105,321.6,164.4,2.06,0.32,1.45,0.26
2024-05-30 22:41:37,2024-05-30,22:41:37,19.3,,100.0,,19.3,,19.307,,316.3,,1.91,,0.88,
2024-05-30 22:41:38,2024-05-30,22:41:38,,19.1,,100.0,,19.1,,19.105,,289.2,,0.44,,0.07
2024-05-30 22:42:40,2024-05-30,22:42:40,19.1,19.0,100.0,100.0,19.1,19.0,19.105,19.004,318.4,109.1,1.92,0.62,1.21,0.45
2024-05-30 22:43:44,2024-05-30,22:43:44,18.9,19.0,100.0,100.0,18.9,19.0,18.904,19.004,321.4,141.5,2.09,0.57,1.41,0.16
2024-05-30 22:44:48,2024-05-30,22:44:48,18.9,19.0,100.0,100.0,18.9,19.0,18.904,19.004,315.7,141.5,1.79,0.18,1.09,0.08
2024-05-30 22:45:51,2024-05-30,22:45:51,18.9,,100.0,,18.9,,18.904,,319.9,,2.3,,1.41,
2024-05-30 22:45:52,2024-05-30,22:45:52,,18.9,,100.0,,18.9,,18.904,,141.5,,0.18,,0.08
2024-05-30 22:46:54,2024-05-30,22:46:54,18.9,18.9,100.0,100.0,18.9,18.9,18.904,18.904,325.6,228.3,2.09,0.25,1.12,0.1
2024-05-30 22:47:58,2024-05-30,22:47:58,18.9,18.9,100.0,100.0,18.9,18.9,18.904,18.904,325.3,121.0,1.84,0.43,1.49,0.26
2024-05-30 22:49:02,2024-05-30,22:49:02,18.9,18.8,100.0,100.0,18.9,18.9,18.904,18.904,320.4,101.2,2.0,0.39,1.13,0.34
2024-05-30 22:50:05,2024-05-30,22:50:05,18.8,,100.0,,18.8,,18.803,,325.6,,1.77,,1.18,
2024-05-30 22:50:06,2024-05-30,22:50:06,,18.8,,100.0,,18.8,,18.803,,79.7,,0.79,,0.74
2024-05-30 22:51:08,2024-05-30,22:51:08,18.7,,100.0,,18.7,,18.702,,321.2,,2.06,,1.13,
2024-05-30 22:51:09,2024-05-30,22:51:09,,18.7,,100.0,,18.7,,18.702,,82.9,,1.08,,0.85
2024-05-30 22:52:12,2024-05-30,22:52:12,18.6,18.6,100.0,100.0,18.6,18.6,18.602,18.602,334.3,83.0,2.4,0.94,0.78,0.79
2024-05-30 22:53:16,2024-05-30,22:53:16,18.6,18.6,100.0,100.0,18.6,18.6,18.602,18.602,348.6,88.1,1.86,0.81,0.73,0.71
2024-05-30 22:54:19,2024-05-30,22:54:19,18.6,,100.0,,18.6,,18.602,,324.7,,1.71,,1.19,
2024-05-30 22:54:20,2024-05-30,22:54:20,,18.6,,100.0,,18.5,,18.501,,109.6,,0.76,,0.45
2024-05-30 22:55:22,2024-05-30,22:55:22,18.6,,100.0,,18.6,,18.602,,305.5,,1.86,,0.84,
2024-05-30 22:55:23,2024-05-30,22:55:23,,18.5,,100.0,,18.5,,18.501,,104.0,,0.43,,0.24
2024-05-30 22:56:26,2024-05-30,22:56:26,18.6,18.5,100.0,100.0,18.6,18.5,18.602,18.501,315.7,122.9,1.66,0.26,1.17,0.09
2024-05-30 22:57:30,2024-05-30,22:57:30,18.6,18.5,100.0,100.0,18.6,18.5,18.602,18.501,326.0,122.9,1.84,0.17,1.14,0.07
2024-05-30 22:58:34,2024-05-30,22:58:34,18.7,18.5,100.0,100.0,18.7,18.5,18.702,18.501,327.2,122.9,1.85,0.12,0.84,0.08
2024-05-30 22:59:37,2024-05-30,22:59:37,18.7,18.5,100.0,100.0,18.7,18.5,18.702,18.501,326.6,122.9,1.22,0.18,0.78,0.16
2024-05-30 23:00:40,2024-05-30,23:00:40,18.8,18.5,100.0,100.0,18.8,18.5,18.803,18.501,319.4,269.3,1.84,0.37,1.02,0.34
2024-05-30 23:01:44,2024-05-30,23:01:44,18.9,18.4,100.0,100.0,18.9,18.4,18.904,18.4,314.3,280.4,1.66,0.39,0.74,0.35
2024-05-30 23:02:48,2024-05-30,23:02:48,18.9,18.5,100.0,100.0,18.9,18.5,18.904,18.501,325.1,270.5,1.57,0.46,1.29,0.34
2024-05-30 23:03:51,2024-05-30,23:03:51,18.9,18.5,100.0,100.0,18.9,18.5,18.904,18.501,331.2,290.2,1.69,0.46,0.97,0.39
2024-05-30 23:04:54,2024-05-30,23:04:54,18.9,18.5,100.0,100.0,18.9,18.5,18.904,18.501,319.1,306.4,2.01,0.48,1.33,0.4
2024-05-30 23:05:58,2024-05-30,23:05:58,18.8,18.6,100.0,100.0,18.8,18.6,18.803,18.602,320.6,306.2,1.87,0.69,1.53,0.61
2024-05-30 23:07:02,2024-05-30,23:07:02,,18.6,,100.0,18.8,18.6,,18.602,18.8,335.2,10.0,0.6,2.21,0.33
2024-05-30 23:08:05,2024-05-30,23:08:05,18.8,18.6,100.0,100.0,18.8,18.6,18.803,18.602,318.5,295.7,2.05,0.52,1.64,0.36
2024-05-30 23:09:08,2024-05-30,23:09:08,18.8,18.6,100.0,100.0,18.8,18.6,18.803,18.602,322.4,301.0,2.37,0.78,1.44,0.54
2024-05-30 23:10:12,2024-05-30,23:10:12,18.7,18.6,100.0,100.0,18.7,18.6,18.702,18.602,323.8,325.3,2.13,0.56,1.52,0.3
2024-05-30 23:11:16,2024-05-30,23:11:16,18.7,18.5,100.0,100.0,18.7,18.5,18.702,18.501,335.1,291.2,2.15,0.47,0.86,0.34
2024-05-30 23:12:19,2024-05-30,23:12:19,18.7,18.5,100.0,100.0,18.7,18.5,18.702,18.501,313.7,280.6,1.9,0.33,1.22,0.24
2024-05-30 23:13:22,2024-05-30,23:13:22,18.7,18.5,100.0,100.0,18.7,18.5,18.702,18.501,323.2,275.2,2.06,0.34,1.07,0.3
2024-05-30 23:14:26,2024-05-30,23:14:26,18.7,18.5,100.0,100.0,18.7,18.5,18.702,18.501,321.1,309.0,2.01,0.63,1.29,0.45
2024-05-30 23:15:30,2024-05-30,23:15:30,18.7,18.5,100.0,100.0,18.7,18.5,18.702,18.501,317.1,293.5,2.01,0.52,1.55,0.46
2024-05-30 23:16:33,2024-05-30,23:16:33,18.7,18.5,100.0,100.0,18.7,18.5,18.702,18.501,326.6,293.9,1.95,0.83,1.18,0.72
2024-05-30 23:17:36,2024-05-30,23:17:36,18.8,18.5,100.0,100.0,18.8,18.5,18.803,18.501,348.4,292.5,1.66,0.83,0.28,0.71
2024-05-30 23:18:40,2024-05-30,23:18:40,18.8,18.4,100.0,100.0,18.8,18.4,18.803,18.4,329.1,308.0,0.39,0.81,0.24,0.58
2024-05-30 23:19:44,2024-05-30,23:19:44,18.8,18.4,100.0,100.0,18.8,18.4,18.803,18.4,335.8,291.3,0.25,0.92,0.09,0.64
2024-05-30 23:20:47,2024-05-30,23:20:47,18.8,18.4,100.0,100.0,18.8,18.4,18.803,18.4,335.8,272.8,0.19,0.59,0.08,0.38
2024-05-30 23:21:50,2024-05-30,23:21:50,18.8,18.5,100.0,100.0,18.8,18.5,18.803,18.501,7.3,299.4,0.35,0.59,0.09,0.52
2024-05-30 23:22:54,2024-05-30,23:22:54,18.9,18.5,100.0,100.0,18.9,18.5,18.904,18.501,7.3,293.6,0.23,0.81,0.08,0.64
2024-05-30 23:23:58,2024-05-30,23:23:58,18.9,18.5,100.0,100.0,18.9,18.5,18.904,18.501,7.3,288.4,0.21,0.88,0.12,0.65
2024-05-30 23:25:01,2024-05-30,23:25:01,18.9,18.6,100.0,100.0,18.9,18.6,18.904,18.602,7.3,278.1,0.17,1.13,0.07,0.99
2024-05-30 23:26:04,2024-05-30,23:26:04,19.0,18.6,100.0,100.0,19.0,18.6,19.004,18.602,7.3,271.5,0.19,1.25,0.09,0.91
2024-05-30 23:27:08,2024-05-30,23:27:08,19.0,18.6,100.0,100.0,19.0,18.6,19.004,18.602,7.3,303.2,0.12,0.98,0.08,0.63
2024-05-30 23:28:12,2024-05-30,23:28:12,19.0,18.7,100.0,100.0,19.0,18.7,19.004,18.702,7.3,266.8,0.2,0.89,0.16,0.62
2024-05-30 23:29:15,2024-05-30,23:29:15,19.1,18.7,100.0,100.0,19.1,18.7,19.105,18.702,7.3,293.5,0.23,0.91,0.1,0.59
2024-05-30 23:30:18,2024-05-30,23:30:18,19.1,18.7,100.0,100.0,19.1,18.7,19.105,18.702,30.4,265.2,0.28,0.86,0.2,0.57
2024-05-30 23:31:22,2024-05-30,23:31:22,19.2,18.7,100.0,100.0,19.2,18.7,19.206,18.702,80.8,281.0,0.32,0.68,0.19,0.59
2024-05-30 23:32:26,2024-05-30,23:32:26,19.3,18.8,100.0,100.0,19.3,18.8,19.307,18.803,112.4,274.8,0.35,0.78,0.09,0.64
2024-05-30 23:33:29,2024-05-30,23:33:29,19.3,18.8,100.0,100.0,19.3,18.8,19.307,18.803,112.4,266.6,0.23,0.81,0.14,0.64
2024-05-30 23:34:32,2024-05-30,23:34:32,19.4,18.9,100.0,100.0,19.4,18.9,19.407,18.904,112.4,259.8,0.24,0.92,0.09,0.61
2024-05-30 23:35:36,2024-05-30,23:35:36,19.4,18.9,100.0,100.0,19.4,18.9,19.407,18.904,112.4,268.3,0.21,0.88,0.1,0.75
2024-05-30 23:36:40,2024-05-30,23:36:40,19.5,19.0,100.0,100.0,19.5,19.0,19.508,19.004,112.4,250.2,0.26,0.94,0.05,0.81
2024-05-30 23:37:43,2024-05-30,23:37:43,,19.0,,100.0,,19.0,,19.004,,261.1,,1.37,,1.0
2024-05-30 23:37:44,2024-05-30,23:37:44,19.5,,100.0,,19.5,,19.508,,112.4,,0.29,,0.18,
2024-05-30 23:38:46,2024-05-30,23:38:46,,18.9,,100.0,,18.9,,18.904,,270.1,,1.21,,0.46
2024-05-30 23:38:47,2024-05-30,23:38:47,19.6,,100.0,,19.6,,19.609,,95.2,,0.35,,0.07,
2024-05-30 23:39:50,2024-05-30,23:39:50,19.6,18.9,100.0,100.0,19.6,18.9,19.609,18.904,95.2,244.6,0.25,1.27,0.08,0.68
2024-05-30 23:40:54,2024-05-30,23:40:54,19.7,18.9,100.0,100.0,19.7,18.9,19.709,18.904,95.2,233.4,0.25,1.33,0.14,0.7
2024-05-30 23:41:57,2024-05-30,23:41:57,,18.9,,100.0,,18.9,,18.904,,256.8,,0.89,,0.78
2024-05-30 23:41:58,2024-05-30,23:41:58,19.7,,100.0,,19.7,,19.709,,40.0,,0.34,,0.12,
2024-05-30 23:43:00,2024-05-30,23:43:00,,18.9,,100.0,,18.9,,18.904,,243.9,,1.14,,1.07
2024-05-30 23:43:01,2024-05-30,23:43:01,19.8,,100.0,,19.8,,19.81,,40.0,,0.26,,0.18,
2024-05-30 23:44:04,2024-05-30,23:44:04,19.8,18.9,100.0,100.0,19.8,18.9,19.81,18.904,8.2,246.6,0.23,1.16,0.2,0.74
2024-05-30 23:45:08,2024-05-30,23:45:08,19.9,18.9,100.0,100.0,19.9,18.9,19.911,18.904,15.9,263.7,0.26,1.3,0.19,0.68
2024-05-30 23:46:11,2024-05-30,23:46:11,,18.9,,100.0,,18.9,,18.904,,258.7,,1.39,,1.08
2024-05-30 23:46:12,2024-05-30,23:46:12,19.9,,100.0,,19.9,,19.911,,24.1,,0.31,,0.28,
2024-05-30 23:47:14,2024-05-30,23:47:14,,19.0,,100.0,,19.0,,19.004,,257.3,,1.32,,1.09
2024-05-30 23:47:15,2024-05-30,23:47:15,20.0,,100.0,,20.0,,20.012,,24.1,,0.33,,0.2,
2024-05-30 23:48:18,2024-05-30,23:48:18,20.0,19.0,100.0,100.0,20.0,19.0,20.012,19.004,24.1,236.0,0.26,1.07,0.09,0.8
2024-05-30 23:49:22,2024-05-30,23:49:22,20.0,19.0,100.0,100.0,20.0,19.0,20.012,19.004,24.1,241.5,0.19,0.87,0.13,0.74
2024-05-30 23:50:25,2024-05-30,23:50:25,,19.0,,100.0,,19.0,,19.004,,268.1,,0.93,,0.38
2024-05-30 23:50:26,2024-05-30,23:50:26,20.1,,100.0,,20.1,,20.112,,24.1,,0.21,,0.08,
2024-05-30 23:51:28,2024-05-30,23:51:28,,19.0,,100.0,,19.0,,19.004,,241.2,,1.3,,0.67
2024-05-30 23:51:29,2024-05-30,23:51:29,20.1,,100.0,,20.1,,20.112,,46.9,,0.32,,0.15,
2024-05-30 23:52:32,2024-05-30,23:52:32,20.1,19.0,100.0,100.0,20.1,19.0,20.112,19.004,46.9,244.6,0.19,0.96,0.04,0.57
2024-05-30 23:53:36,2024-05-30,23:53:36,20.1,19.1,100.0,100.0,20.1,19.1,20.112,19.105,46.9,251.9,0.24,1.03,0.11,0.75
2024-05-30 23:54:39,2024-05-30,23:54:39,,19.1,,100.0,,19.1,,19.105,,264.8,,0.94,,0.51
2024-05-30 23:54:40,2024-05-30,23:54:40,20.2,,100.0,,20.2,,20.213,,52.5,,0.47,,0.28,
2024-05-30 23:55:42,2024-05-30,23:55:42,,19.1,,100.0,,19.1,,19.105,,257.0,,0.99,,0.54
2024-05-30 23:55:43,2024-05-30,23:55:43,20.2,,100.0,,20.2,,20.213,,13.0,,0.34,,0.2,
2024-05-30 23:56:46,2024-05-30,23:56:46,20.2,19.1,100.0,100.0,20.2,19.1,20.213,19.105,27.0,258.3,0.35,0.84,0.15,0.46
2024-05-30 23:57:50,2024-05-30,23:57:50,20.3,,100.0,,20.3,19.1,20.314,,345.4,19.1,0.96,10.0,0.38,0.83
2024-05-30 23:58:53,2024-05-30,23:58:53,,19.1,,100.0,,19.1,,19.105,,254.3,,0.94,,0.72
2024-05-30 23:58:54,2024-05-30,23:58:54,20.2,,100.0,,20.2,,20.213,,324.8,,1.95,,1.12,
2024-05-30 23:59:56,2024-05-30,23:59:56,,19.1,,100.0,,19.1,,19.105,,270.4,,1.0,,0.9
2024-05-30 23:59:57,2024-05-30,23:59:57,20.1,,100.0,,20.2,,20.213,,333.2,,1.61,,1.09,
