datetime,date,hour,id_meteo_station,Velocità del vento,dew_point,humidity,temperature,wet_bulb,wind_dir,wind_gust
2025-06-24 00:00:23,2025-06-24,00:00:23,out,0.54,23.2,100.0,23.2,23.234,98.5,0.83
2025-06-24 00:00:32,2025-06-24,00:00:32,in,1.0,1310.8,0.0,23.5,7.582,331.4,0.82
2025-06-24 00:01:26,2025-06-24,00:01:26,out,0.57,23.2,100.0,23.2,23.234,89.4,0.85
2025-06-24 00:01:36,2025-06-24,00:01:36,in,1.0,1310.8,0.0,23.5,7.582,331.4,0.82
2025-06-24 00:02:30,2025-06-24,00:02:30,out,0.68,,,23.2,,23.2,10.0
2025-06-24 00:02:40,2025-06-24,00:02:40,in,0.82,,,1310.8,,23.5,0.0
2025-06-24 00:03:34,2025-06-24,00:03:34,out,0.52,23.1,100.0,23.1,23.134,84.5,0.67
2025-06-24 00:03:43,2025-06-24,00:03:43,in,1.0,1310.8,0.0,23.5,7.582,331.4,0.82
2025-06-24 00:04:37,2025-06-24,00:04:37,out,0.35,23.1,100.0,23.1,23.134,94.5,0.6
2025-06-24 00:04:46,2025-06-24,00:04:46,in,1.0,1310.8,0.0,23.5,7.582,331.4,0.82
2025-06-24 00:05:40,2025-06-24,00:05:40,out,0.65,23.1,100.0,23.1,23.134,103.6,0.66
2025-06-24 00:05:50,2025-06-24,00:05:50,in,1.0,1310.8,0.0,23.6,7.623,331.4,0.82
2025-06-24 00:06:44,2025-06-24,00:06:44,out,0.3,23.1,100.0,23.1,23.134,93.8,0.73
2025-06-24 00:06:54,2025-06-24,00:06:54,in,1.0,1310.8,0.0,23.5,7.582,331.4,0.82
2025-06-24 00:07:48,2025-06-24,00:07:48,out,0.43,23.1,100.0,23.1,23.134,97.1,0.5
2025-06-24 00:08:24,2025-06-24,00:08:24,in,1.0,1310.8,0.0,23.5,7.582,331.4,0.82
2025-06-24 00:08:51,2025-06-24,00:08:51,out,0.49,23.1,100.0,23.1,23.134,114.1,0.58
2025-06-24 00:09:31,2025-06-24,00:09:31,in,1.0,1310.8,0.0,23.5,7.582,331.4,0.82
2025-06-24 00:09:54,2025-06-24,00:09:54,out,0.47,23.1,100.0,23.1,23.134,127.0,0.78
2025-06-24 00:10:34,2025-06-24,00:10:34,in,1.0,1310.8,0.0,23.5,7.582,331.4,0.82
2025-06-24 00:10:58,2025-06-24,00:10:58,out,0.56,23.1,100.0,23.1,23.134,149.3,0.68
2025-06-24 00:11:38,2025-06-24,00:11:38,in,1.0,1310.8,0.0,23.5,7.582,331.4,0.82
2025-06-24 00:12:02,2025-06-24,00:12:02,out,0.27,23.1,100.0,23.2,23.234,156.4,0.88
2025-06-24 00:12:42,2025-06-24,00:12:42,in,1.0,1310.8,0.0,23.5,7.582,331.4,0.82
2025-06-24 00:13:05,2025-06-24,00:13:05,out,0.39,23.1,100.0,23.1,23.134,188.8,0.61
2025-06-24 00:13:45,2025-06-24,00:13:45,in,1.0,1310.8,0.0,23.5,7.582,331.4,0.82
2025-06-24 00:14:08,2025-06-24,00:14:08,out,0.67,23.1,100.0,23.1,23.134,218.3,0.94
2025-06-24 00:14:48,2025-06-24,00:14:48,in,1.0,1310.8,0.0,23.5,7.582,331.4,0.82
2025-06-24 00:15:12,2025-06-24,00:15:12,out,1.0,23.1,100.0,23.1,23.134,201.9,1.24
2025-06-24 00:15:52,2025-06-24,00:15:52,in,1.0,1310.8,0.0,23.4,7.54,331.4,0.82
2025-06-24 00:16:16,2025-06-24,00:16:16,out,0.61,23.1,100.0,23.1,23.134,202.1,1.25
2025-06-24 00:16:56,2025-06-24,00:16:56,in,1.0,1310.8,0.0,23.4,7.54,331.4,0.82
2025-06-24 00:17:19,2025-06-24,00:17:19,out,0.7,23.1,100.0,23.1,23.134,204.9,0.93
2025-06-24 00:17:59,2025-06-24,00:17:59,in,1.0,1310.8,0.0,23.4,7.54,331.4,0.82
2025-06-24 00:18:22,2025-06-24,00:18:22,out,0.75,23.0,100.0,23.0,23.033,226.3,0.95
2025-06-24 00:19:02,2025-06-24,00:19:02,in,1.0,1310.8,0.0,23.4,7.54,331.4,0.82
2025-06-24 00:19:26,2025-06-24,00:19:26,out,0.53,23.0,100.0,23.0,23.033,222.8,0.84
2025-06-24 00:20:06,2025-06-24,00:20:06,in,1.0,1310.8,0.0,23.3,7.499,331.4,0.82
2025-06-24 00:20:30,2025-06-24,00:20:30,out,0.18,23.0,100.0,23.0,23.033,222.3,0.53
2025-06-24 00:21:10,2025-06-24,00:21:10,in,1.0,1310.8,0.0,23.3,7.499,331.4,0.82
2025-06-24 00:21:33,2025-06-24,00:21:33,out,0.26,23.0,100.0,23.0,23.033,286.9,0.41
2025-06-24 00:22:13,2025-06-24,00:22:13,in,1.0,1310.8,0.0,23.3,7.499,331.4,0.82
2025-06-24 00:22:36,2025-06-24,00:22:36,out,0.29,22.9,100.0,22.9,22.932,309.9,0.42
2025-06-24 00:23:16,2025-06-24,00:23:16,in,1.0,1310.8,0.0,23.3,7.499,331.4,0.82
2025-06-24 00:23:40,2025-06-24,00:23:40,out,0.29,22.9,100.0,22.9,22.932,306.9,0.44
2025-06-24 00:24:20,2025-06-24,00:24:20,in,1.0,1310.8,0.0,23.3,7.499,331.4,0.82
2025-06-24 00:24:44,2025-06-24,00:24:44,out,0.16,22.9,100.0,22.9,22.932,328.3,0.34
2025-06-24 00:25:24,2025-06-24,00:25:24,in,1.0,1310.8,0.0,23.3,7.499,331.4,0.82
2025-06-24 00:25:47,2025-06-24,00:25:47,out,0.22,22.9,100.0,22.9,22.932,287.0,0.28
2025-06-24 00:26:27,2025-06-24,00:26:27,in,1.0,1310.8,0.0,23.3,7.499,331.4,0.82
2025-06-24 00:26:50,2025-06-24,00:26:50,out,0.45,22.9,100.0,22.9,22.932,312.0,0.64
2025-06-24 00:27:30,2025-06-24,00:27:30,in,1.0,1310.8,0.0,23.3,7.499,331.4,0.82
2025-06-24 00:27:54,2025-06-24,00:27:54,out,0.67,22.9,100.0,22.9,22.932,318.3,0.71
2025-06-24 00:28:34,2025-06-24,00:28:34,in,1.0,1310.8,0.0,23.3,7.499,331.4,0.82
2025-06-24 00:28:58,2025-06-24,00:28:58,out,0.67,22.9,100.0,22.9,22.932,314.0,0.77
2025-06-24 00:29:38,2025-06-24,00:29:38,in,1.0,1310.8,0.0,23.3,7.499,331.4,0.82
2025-06-24 00:30:01,2025-06-24,00:30:01,out,0.61,22.9,100.0,22.9,22.932,312.3,0.86
2025-06-24 00:30:42,2025-06-24,00:30:42,in,1.0,1310.8,0.0,23.3,7.499,331.4,0.82
2025-06-24 00:31:04,2025-06-24,00:31:04,out,0.69,22.9,100.0,22.9,22.932,326.8,0.78
2025-06-24 00:31:44,2025-06-24,00:31:44,in,1.0,1310.8,0.0,23.3,7.499,331.4,0.82
2025-06-24 00:32:08,2025-06-24,00:32:08,out,0.89,22.9,100.0,22.9,22.932,347.7,0.99
2025-06-24 00:32:48,2025-06-24,00:32:48,in,1.0,1310.8,0.0,23.3,7.499,331.4,0.82
2025-06-24 00:33:12,2025-06-24,00:33:12,out,0.42,22.9,100.0,22.9,22.932,9.6,0.85
2025-06-24 00:33:52,2025-06-24,00:33:52,in,1.0,1310.8,0.0,23.3,7.499,331.4,0.82
2025-06-24 00:34:15,2025-06-24,00:34:15,out,0.8,22.9,100.0,22.9,22.932,48.8,1.08
2025-06-24 00:34:56,2025-06-24,00:34:56,in,1.0,1310.8,0.0,23.3,7.499,331.4,0.82
2025-06-24 00:35:18,2025-06-24,00:35:18,out,0.39,22.9,100.0,22.9,22.932,51.8,1.03
2025-06-24 00:35:59,2025-06-24,00:35:59,in,1.0,1310.8,0.0,23.3,7.499,331.4,0.82
2025-06-24 00:36:22,2025-06-24,00:36:22,out,0.78,22.9,100.0,22.9,22.932,32.5,0.9
2025-06-24 00:37:02,2025-06-24,00:37:02,in,1.0,1310.8,0.0,23.2,7.457,331.4,0.82
2025-06-24 00:37:26,2025-06-24,00:37:26,out,0.55,22.8,100.0,22.8,22.832,60.3,1.18
2025-06-24 00:38:06,2025-06-24,00:38:06,in,1.0,1310.8,0.0,23.2,7.457,331.4,0.82
2025-06-24 00:38:29,2025-06-24,00:38:29,out,0.6,22.8,100.0,22.8,22.832,48.2,0.97
2025-06-24 00:39:10,2025-06-24,00:39:10,in,1.0,1310.8,0.0,23.1,7.416,331.4,0.82
2025-06-24 00:39:32,2025-06-24,00:39:32,out,0.85,22.8,100.0,22.8,22.832,47.8,0.99
2025-06-24 00:40:13,2025-06-24,00:40:13,in,1.0,1310.8,0.0,23.0,7.374,331.4,0.82
2025-06-24 00:40:36,2025-06-24,00:40:36,out,0.85,22.7,100.0,22.7,22.731,41.4,1.02
2025-06-24 00:41:16,2025-06-24,00:41:16,in,1.0,1310.8,0.0,22.9,7.333,331.4,0.82
2025-06-24 00:41:40,2025-06-24,00:41:40,out,0.85,22.7,100.0,22.7,22.731,40.6,0.97
2025-06-24 00:42:20,2025-06-24,00:42:20,in,1.0,1310.8,0.0,22.9,7.333,331.4,0.82
2025-06-24 00:42:43,2025-06-24,00:42:43,out,1.09,22.6,100.0,22.6,22.63,37.3,1.19
2025-06-24 00:43:24,2025-06-24,00:43:24,in,1.0,1310.8,0.0,22.8,7.292,331.4,0.82
2025-06-24 00:43:46,2025-06-24,00:43:46,out,1.04,22.6,100.0,22.6,22.63,55.7,1.31
2025-06-24 00:44:27,2025-06-24,00:44:27,in,1.0,1310.8,0.0,22.8,7.292,331.4,0.82
2025-06-24 00:44:50,2025-06-24,00:44:50,out,0.74,22.5,100.0,22.5,22.529,39.8,1.24
2025-06-24 00:45:30,2025-06-24,00:45:30,in,1.0,1310.8,0.0,22.8,7.292,331.4,0.82
2025-06-24 00:45:54,2025-06-24,00:45:54,out,1.06,22.5,100.0,22.5,22.529,34.4,1.14
2025-06-24 00:46:34,2025-06-24,00:46:34,in,1.0,1310.8,0.0,22.8,7.292,331.4,0.82
2025-06-24 00:46:57,2025-06-24,00:46:57,out,0.5,22.4,100.0,22.4,22.429,30.3,1.37
2025-06-24 00:47:38,2025-06-24,00:47:38,in,1.0,1310.8,0.0,22.7,7.25,331.4,0.82
2025-06-24 00:48:00,2025-06-24,00:48:00,out,0.88,22.4,100.0,22.4,22.429,47.8,1.54
2025-06-24 00:48:41,2025-06-24,00:48:41,in,1.0,1310.8,0.0,22.7,7.25,331.4,0.82
2025-06-24 00:49:04,2025-06-24,00:49:04,out,1.21,22.4,100.0,22.4,22.429,38.9,1.43
2025-06-24 00:49:44,2025-06-24,00:49:44,in,1.0,1310.8,0.0,22.6,7.209,331.4,0.82
2025-06-24 00:50:08,2025-06-24,00:50:08,out,1.46,22.3,100.0,22.3,22.328,46.3,1.73
2025-06-24 00:50:48,2025-06-24,00:50:48,in,1.0,1310.8,0.0,22.6,7.209,331.4,0.82
2025-06-24 00:51:11,2025-06-24,00:51:11,out,0.85,22.3,100.0,22.3,22.328,53.3,1.57
2025-06-24 00:51:52,2025-06-24,00:51:52,in,1.0,1310.8,0.0,22.5,7.167,331.4,0.82
2025-06-24 00:52:14,2025-06-24,00:52:14,out,0.74,22.3,100.0,22.3,22.328,40.7,1.29
2025-06-24 00:52:55,2025-06-24,00:52:55,in,1.0,1310.8,0.0,22.5,7.167,331.4,0.82
2025-06-24 00:53:18,2025-06-24,00:53:18,out,0.68,22.2,100.0,22.2,22.227,26.3,1.48
2025-06-24 00:53:58,2025-06-24,00:53:58,in,1.0,1310.8,0.0,22.5,7.167,331.4,0.82
2025-06-24 00:54:22,2025-06-24,00:54:22,out,0.94,22.2,100.0,22.2,22.227,24.3,1.2
2025-06-24 00:55:02,2025-06-24,00:55:02,in,1.0,1310.8,0.0,22.4,7.125,331.4,0.82
2025-06-24 00:55:25,2025-06-24,00:55:25,out,0.72,22.2,100.0,22.2,22.227,45.4,1.3
2025-06-24 00:56:06,2025-06-24,00:56:06,in,1.0,1310.8,0.0,22.4,7.125,331.4,0.82
2025-06-24 00:56:28,2025-06-24,00:56:28,out,0.7,22.1,100.0,22.1,22.127,41.2,1.01
2025-06-24 00:57:09,2025-06-24,00:57:09,in,1.0,1310.8,0.0,22.4,7.125,331.4,0.82
2025-06-24 00:57:32,2025-06-24,00:57:32,out,0.84,22.1,100.0,22.1,22.127,38.0,1.11
2025-06-24 00:58:13,2025-06-24,00:58:13,in,1.0,1310.8,0.0,22.4,7.125,331.4,0.82
2025-06-24 00:58:36,2025-06-24,00:58:36,out,0.86,22.1,100.0,22.1,22.127,24.7,1.14
2025-06-24 00:59:16,2025-06-24,00:59:16,in,1.0,1310.8,0.0,22.4,7.125,331.4,0.82
2025-06-24 00:59:39,2025-06-24,00:59:39,out,0.7,22.1,100.0,22.1,22.127,26.0,1.12
2025-06-24 01:00:20,2025-06-24,01:00:20,in,1.0,1310.8,0.0,22.3,7.084,331.4,0.82
2025-06-24 01:00:42,2025-06-24,01:00:42,out,0.82,22.0,100.0,22.0,22.026,34.2,1.07
2025-06-24 01:01:23,2025-06-24,01:01:23,in,1.0,1310.8,0.0,22.3,7.084,331.4,0.82
2025-06-24 01:01:46,2025-06-24,01:01:46,out,0.87,22.0,100.0,22.0,22.026,31.9,1.21
2025-06-24 01:02:26,2025-06-24,01:02:26,in,1.0,1310.8,0.0,22.3,7.084,331.4,0.82
2025-06-24 01:02:50,2025-06-24,01:02:50,out,0.66,22.0,100.0,22.0,22.026,28.0,1.19
2025-06-24 01:03:30,2025-06-24,01:03:30,in,1.0,1310.8,0.0,22.3,7.084,331.4,0.82
2025-06-24 01:03:53,2025-06-24,01:03:53,out,1.19,22.0,100.0,22.0,22.026,32.9,1.43
2025-06-24 01:04:34,2025-06-24,01:04:34,in,1.0,1310.8,0.0,22.2,7.042,331.4,0.82
2025-06-24 01:04:56,2025-06-24,01:04:56,out,1.09,22.0,100.0,22.0,22.026,27.5,1.43
2025-06-24 01:05:37,2025-06-24,01:05:37,in,1.0,1310.8,0.0,22.2,7.042,331.4,0.82
2025-06-24 01:06:00,2025-06-24,01:06:00,out,0.88,21.9,100.0,21.9,21.925,12.0,1.45
2025-06-24 01:06:40,2025-06-24,01:06:40,in,1.0,1310.8,0.0,22.2,7.042,331.4,0.82
2025-06-24 01:07:04,2025-06-24,01:07:04,out,0.93,21.9,100.0,21.9,21.925,32.1,1.25
2025-06-24 01:07:44,2025-06-24,01:07:44,in,1.0,1310.8,0.0,22.1,7.001,331.4,0.82
2025-06-24 01:08:07,2025-06-24,01:08:07,out,0.85,21.9,100.0,21.9,21.925,31.6,1.38
2025-06-24 01:08:48,2025-06-24,01:08:48,in,1.0,1310.8,0.0,22.1,7.001,331.4,0.82
2025-06-24 01:09:10,2025-06-24,01:09:10,out,1.09,21.9,100.0,21.9,21.925,30.4,1.25
2025-06-24 01:09:51,2025-06-24,01:09:51,in,1.0,1310.8,0.0,22.1,7.001,331.4,0.82
2025-06-24 01:10:14,2025-06-24,01:10:14,out,1.0,21.9,100.0,21.9,21.925,44.6,1.38
2025-06-24 01:10:54,2025-06-24,01:10:54,in,1.0,1310.8,0.0,22.1,7.001,331.4,0.82
2025-06-24 01:11:18,2025-06-24,01:11:18,out,1.08,21.8,100.0,21.8,21.824,49.9,1.63
2025-06-24 01:11:58,2025-06-24,01:11:58,in,1.0,1310.8,0.0,22.1,7.001,331.4,0.82
2025-06-24 01:12:22,2025-06-24,01:12:22,out,0.78,21.8,100.0,21.8,21.824,59.4,1.4
2025-06-24 01:13:02,2025-06-24,01:13:02,in,1.0,1310.8,0.0,22.0,6.959,331.4,0.82
2025-06-24 01:13:25,2025-06-24,01:13:25,out,1.41,21.8,100.0,21.8,21.824,52.7,1.71
2025-06-24 01:14:05,2025-06-24,01:14:05,in,1.0,1310.8,0.0,22.0,6.959,331.4,0.82
2025-06-24 01:14:28,2025-06-24,01:14:28,out,0.89,21.7,100.0,21.7,21.724,59.7,1.71
2025-06-24 01:15:08,2025-06-24,01:15:08,in,1.0,1310.8,0.0,22.0,6.959,331.4,0.82
2025-06-24 01:15:32,2025-06-24,01:15:32,out,1.33,21.7,100.0,21.7,21.724,54.9,1.73
2025-06-24 01:16:12,2025-06-24,01:16:12,in,1.0,1310.8,0.0,22.0,6.959,331.4,0.82
2025-06-24 01:16:36,2025-06-24,01:16:36,out,1.04,21.7,100.0,21.7,21.724,45.2,1.69
2025-06-24 01:17:16,2025-06-24,01:17:16,in,1.0,1310.8,0.0,22.0,6.959,331.4,0.82
2025-06-24 01:17:39,2025-06-24,01:17:39,out,0.84,21.7,100.0,21.7,21.724,67.7,1.41
2025-06-24 01:18:19,2025-06-24,01:18:19,in,1.0,1310.8,0.0,21.9,6.918,331.4,0.82
2025-06-24 01:18:42,2025-06-24,01:18:42,out,1.33,21.6,100.0,21.6,21.623,57.3,1.93
2025-06-24 01:19:22,2025-06-24,01:19:22,in,1.0,1310.8,0.0,21.9,6.918,331.4,0.82
2025-06-24 01:20:14,2025-06-24,01:20:14,out,1.1,21.6,100.0,21.6,21.623,73.4,1.35
2025-06-24 01:20:26,2025-06-24,01:20:26,in,1.0,1310.8,0.0,21.9,6.918,331.4,0.82
2025-06-24 01:21:16,2025-06-24,01:21:16,out,1.56,21.6,100.0,21.6,21.623,64.5,1.81
2025-06-24 01:21:30,2025-06-24,01:21:30,in,1.0,1310.8,0.0,21.9,6.918,331.4,0.82
2025-06-24 01:22:20,2025-06-24,01:22:20,out,1.88,21.5,100.0,21.6,21.623,66.6,1.99
2025-06-24 01:22:33,2025-06-24,01:22:33,in,1.0,1310.8,0.0,21.9,6.918,331.4,0.82
2025-06-24 01:23:23,2025-06-24,01:23:23,out,0.96,21.5,100.0,21.5,21.522,60.0,1.94
2025-06-24 01:23:36,2025-06-24,01:23:36,in,1.0,1310.8,0.0,21.8,6.876,331.4,0.82
2025-06-24 01:24:26,2025-06-24,01:24:26,out,1.0,21.5,100.0,21.5,21.522,57.6,1.85
2025-06-24 01:24:40,2025-06-24,01:24:40,in,1.0,1310.8,0.0,21.7,6.835,331.4,0.82
2025-06-24 01:25:30,2025-06-24,01:25:30,out,1.13,21.5,100.0,21.5,21.522,50.9,2.07
2025-06-24 01:25:44,2025-06-24,01:25:44,in,1.0,1310.8,0.0,21.7,6.835,331.4,0.82
2025-06-24 01:26:34,2025-06-24,01:26:34,out,1.21,21.5,100.0,21.5,21.522,67.3,1.75
2025-06-24 01:26:47,2025-06-24,01:26:47,in,1.0,1310.8,0.0,21.7,6.835,331.4,0.82
2025-06-24 01:27:37,2025-06-24,01:27:37,out,1.32,21.4,100.0,21.4,21.422,65.0,2.06
2025-06-24 01:27:50,2025-06-24,01:27:50,in,1.0,1310.8,0.0,21.7,6.835,331.4,0.82
2025-06-24 01:28:40,2025-06-24,01:28:40,out,1.23,21.4,100.0,21.4,21.422,65.9,2.14
2025-06-24 01:28:54,2025-06-24,01:28:54,in,1.0,1310.8,0.0,21.7,6.835,331.4,0.82
2025-06-24 01:29:44,2025-06-24,01:29:44,out,1.65,21.4,100.0,21.4,21.422,56.8,2.03
2025-06-24 01:29:58,2025-06-24,01:29:58,in,1.0,1310.8,0.0,21.7,6.835,331.4,0.82
2025-06-24 01:30:48,2025-06-24,01:30:48,out,1.46,21.4,100.0,21.4,21.422,65.6,1.81
2025-06-24 01:31:02,2025-06-24,01:31:02,in,1.0,1310.8,0.0,21.7,6.835,331.4,0.82
2025-06-24 01:31:52,2025-06-24,01:31:52,out,1.61,21.4,100.0,21.4,21.422,61.8,1.94
2025-06-24 01:32:05,2025-06-24,01:32:05,in,1.0,1310.8,0.0,21.7,6.835,331.4,0.82
2025-06-24 01:32:55,2025-06-24,01:32:55,out,1.23,21.5,100.0,21.5,21.522,60.8,2.25
2025-06-24 01:33:08,2025-06-24,01:33:08,in,1.0,1310.8,0.0,21.7,6.835,331.4,0.82
2025-06-24 01:33:58,2025-06-24,01:33:58,out,1.34,21.5,100.0,21.5,21.522,64.5,2.05
2025-06-24 01:34:12,2025-06-24,01:34:12,in,1.0,1310.8,0.0,21.7,6.835,331.4,0.82
2025-06-24 01:35:02,2025-06-24,01:35:02,out,1.06,21.5,100.0,21.5,21.522,71.1,2.11
2025-06-24 01:35:16,2025-06-24,01:35:16,in,1.0,1310.8,0.0,21.7,6.835,331.4,0.82
2025-06-24 01:36:06,2025-06-24,01:36:06,out,1.2,21.5,100.0,21.5,21.522,50.4,2.09
2025-06-24 01:36:19,2025-06-24,01:36:19,in,1.0,1310.8,0.0,21.7,6.835,331.4,0.82
2025-06-24 01:37:09,2025-06-24,01:37:09,out,1.77,21.5,100.0,21.5,21.522,51.1,1.95
2025-06-24 01:37:22,2025-06-24,01:37:22,in,1.0,1310.8,0.0,21.7,6.835,331.4,0.82
2025-06-24 01:38:12,2025-06-24,01:38:12,out,1.5,21.5,100.0,21.5,21.522,58.9,2.01
2025-06-24 01:38:26,2025-06-24,01:38:26,in,1.0,1310.8,0.0,21.7,6.835,331.4,0.82
2025-06-24 01:39:16,2025-06-24,01:39:16,out,1.62,21.5,100.0,21.5,21.522,58.6,1.88
2025-06-24 01:39:30,2025-06-24,01:39:30,in,1.0,1310.8,0.0,21.6,6.793,331.4,0.82
2025-06-24 01:40:20,2025-06-24,01:40:20,out,1.25,21.5,100.0,21.5,21.522,61.0,1.67
2025-06-24 01:40:33,2025-06-24,01:40:33,in,1.0,1310.8,0.0,21.7,6.835,331.4,0.82
2025-06-24 01:41:23,2025-06-24,01:41:23,out,1.42,21.5,100.0,21.5,21.522,60.5,1.61
2025-06-24 01:41:36,2025-06-24,01:41:36,in,1.0,1310.8,0.0,21.6,6.793,331.4,0.82
2025-06-24 01:42:26,2025-06-24,01:42:26,out,1.19,21.5,100.0,21.5,21.522,55.2,1.85
2025-06-24 01:42:40,2025-06-24,01:42:40,in,1.0,1310.8,0.0,21.6,6.793,331.4,0.82
2025-06-24 01:43:30,2025-06-24,01:43:30,out,1.29,21.5,100.0,21.5,21.522,65.5,1.92
2025-06-24 01:43:44,2025-06-24,01:43:44,in,1.0,1310.8,0.0,21.6,6.793,331.4,0.82
2025-06-24 01:44:34,2025-06-24,01:44:34,out,1.53,21.4,100.0,21.4,21.422,63.1,1.81
2025-06-24 01:44:47,2025-06-24,01:44:47,in,1.0,1310.8,0.0,21.6,6.793,331.4,0.82
2025-06-24 01:45:37,2025-06-24,01:45:37,out,1.38,21.5,100.0,21.5,21.522,57.1,1.96
2025-06-24 01:45:50,2025-06-24,01:45:50,in,1.0,1310.8,0.0,21.6,6.793,331.4,0.82
2025-06-24 01:46:40,2025-06-24,01:46:40,out,1.34,21.5,100.0,21.5,21.522,59.1,1.94
2025-06-24 01:46:54,2025-06-24,01:46:54,in,1.0,1310.8,0.0,21.6,6.793,331.4,0.82
2025-06-24 01:47:44,2025-06-24,01:47:44,out,1.47,21.4,100.0,21.4,21.422,61.6,1.78
2025-06-24 01:47:58,2025-06-24,01:47:58,in,1.0,1310.8,0.0,21.6,6.793,331.4,0.82
2025-06-24 01:48:48,2025-06-24,01:48:48,out,1.44,21.4,100.0,21.4,21.422,61.2,1.86
2025-06-24 01:49:01,2025-06-24,01:49:01,in,1.0,1310.8,0.0,21.6,6.793,331.4,0.82
2025-06-24 01:49:50,2025-06-24,01:49:50,out,1.1,,100.0,21.4,21.422,57.3,2.23
2025-06-24 01:50:04,2025-06-24,01:50:04,in,1.0,1310.8,0.0,21.5,6.752,331.4,0.82
2025-06-24 01:50:54,2025-06-24,01:50:54,out,1.66,21.4,100.0,21.4,21.422,60.4,1.98
2025-06-24 01:51:08,2025-06-24,01:51:08,in,1.0,1310.8,0.0,21.6,6.793,331.4,0.82
2025-06-24 01:51:58,2025-06-24,01:51:58,out,1.78,21.4,100.0,21.4,21.422,62.8,2.06
2025-06-24 01:52:12,2025-06-24,01:52:12,in,1.0,1310.8,0.0,21.5,6.752,331.4,0.82
2025-06-24 01:53:02,2025-06-24,01:53:02,out,1.46,21.4,100.0,21.4,21.422,63.9,2.31
2025-06-24 01:53:15,2025-06-24,01:53:15,in,1.0,1310.8,0.0,21.5,6.752,331.4,0.82
2025-06-24 01:54:05,2025-06-24,01:54:05,out,1.31,21.3,100.0,21.4,21.422,60.9,2.1
2025-06-24 01:54:18,2025-06-24,01:54:18,in,1.0,1310.8,0.0,21.5,6.752,331.4,0.82
2025-06-24 01:55:08,2025-06-24,01:55:08,out,1.82,21.4,100.0,21.4,21.422,66.0,2.1
2025-06-24 01:55:22,2025-06-24,01:55:22,in,1.0,1310.8,0.0,21.5,6.752,331.4,0.82
2025-06-24 01:56:12,2025-06-24,01:56:12,out,0.96,21.3,100.0,21.3,21.321,56.6,2.04
2025-06-24 01:56:26,2025-06-24,01:56:26,in,1.0,1310.8,0.0,21.4,6.71,331.4,0.82
2025-06-24 01:57:16,2025-06-24,01:57:16,out,1.2,21.3,100.0,21.3,21.321,64.7,1.86
2025-06-24 01:57:29,2025-06-24,01:57:29,in,1.0,1310.8,0.0,21.4,6.71,331.4,0.82
2025-06-24 01:58:19,2025-06-24,01:58:19,out,1.43,21.3,100.0,21.3,21.321,66.0,1.79
2025-06-24 01:58:33,2025-06-24,01:58:33,in,1.0,1310.8,0.0,21.4,6.71,331.4,0.82
2025-06-24 01:59:22,2025-06-24,01:59:22,out,1.37,21.3,100.0,21.3,21.321,54.7,1.83
2025-06-24 01:59:36,2025-06-24,01:59:36,in,1.0,1310.8,0.0,21.4,6.71,331.4,0.82
2025-06-24 02:00:26,2025-06-24,02:00:26,out,1.61,21.3,100.0,21.3,21.321,51.1,1.96
2025-06-24 02:00:40,2025-06-24,02:00:40,in,1.0,1310.8,0.0,21.4,6.71,331.4,0.82
2025-06-24 02:01:30,2025-06-24,02:01:30,out,1.32,21.3,100.0,21.3,21.321,44.8,1.81
2025-06-24 02:01:43,2025-06-24,02:01:43,in,1.0,1310.8,0.0,21.4,6.71,331.4,0.82
2025-06-24 02:02:33,2025-06-24,02:02:33,out,1.28,21.3,100.0,21.3,21.321,59.2,2.22
2025-06-24 02:02:46,2025-06-24,02:02:46,in,1.0,1310.8,0.0,21.4,6.71,331.4,0.82
2025-06-24 02:03:36,2025-06-24,02:03:36,out,1.16,21.2,100.0,21.2,21.22,45.9,1.94
2025-06-24 02:03:50,2025-06-24,02:03:50,in,1.0,1310.8,0.0,21.4,6.71,331.4,0.82
2025-06-24 02:04:40,2025-06-24,02:04:40,out,1.35,21.3,100.0,21.3,21.321,49.8,2.02
2025-06-24 02:04:54,2025-06-24,02:04:54,in,1.0,1310.8,0.0,21.4,6.71,331.4,0.82
2025-06-24 02:05:44,2025-06-24,02:05:44,out,1.13,21.2,100.0,21.2,21.22,43.8,1.86
2025-06-24 02:05:57,2025-06-24,02:05:57,in,1.0,1310.8,0.0,21.4,6.71,331.4,0.82
2025-06-24 02:06:47,2025-06-24,02:06:47,out,1.09,21.2,100.0,21.2,21.22,50.3,1.87
2025-06-24 02:07:00,2025-06-24,02:07:00,in,1.0,1310.8,0.0,21.3,6.669,331.4,0.82
2025-06-24 02:07:50,2025-06-24,02:07:50,out,1.15,21.2,100.0,21.2,21.22,55.6,1.65
2025-06-24 02:08:04,2025-06-24,02:08:04,in,1.0,1310.8,0.0,21.3,6.669,331.4,0.82
2025-06-24 02:08:54,2025-06-24,02:08:54,out,0.74,21.2,100.0,21.2,21.22,33.7,1.61
2025-06-24 02:09:08,2025-06-24,02:09:08,in,1.0,1310.8,0.0,21.3,6.669,331.4,0.82
2025-06-24 02:09:58,2025-06-24,02:09:58,out,1.13,21.1,100.0,21.1,21.119,38.0,1.52
2025-06-24 02:10:11,2025-06-24,02:10:11,in,1.0,1310.8,0.0,21.3,6.669,331.4,0.82
2025-06-24 02:11:01,2025-06-24,02:11:01,out,0.88,21.1,100.0,21.1,21.119,49.8,1.36
2025-06-24 02:11:14,2025-06-24,02:11:14,in,1.0,1310.8,0.0,21.3,6.669,331.4,0.82
2025-06-24 02:12:04,2025-06-24,02:12:04,out,1.27,21.1,100.0,21.1,21.119,40.2,1.62
2025-06-24 02:12:18,2025-06-24,02:12:18,in,1.0,1310.8,0.0,21.3,6.669,331.4,0.82
2025-06-24 02:13:08,2025-06-24,02:13:08,out,0.96,21.1,100.0,21.1,21.119,39.3,1.64
2025-06-24 02:13:22,2025-06-24,02:13:22,in,1.0,1310.8,0.0,21.2,6.627,331.4,0.82
2025-06-24 02:14:12,2025-06-24,02:14:12,out,1.22,21.1,100.0,21.1,21.119,41.3,1.7
2025-06-24 02:14:25,2025-06-24,02:14:25,in,1.0,1310.8,0.0,21.2,6.627,331.4,0.82
2025-06-24 02:15:15,2025-06-24,02:15:15,out,1.22,21.0,100.0,21.0,21.019,55.9,1.81
2025-06-24 02:15:28,2025-06-24,02:15:28,in,1.0,1310.8,0.0,21.2,6.627,331.4,0.82
2025-06-24 02:16:18,2025-06-24,02:16:18,out,1.14,21.0,100.0,21.0,21.019,48.2,1.45
2025-06-24 02:16:32,2025-06-24,02:16:32,in,1.0,1310.8,0.0,21.2,6.627,331.4,0.82
2025-06-24 02:17:22,2025-06-24,02:17:22,out,1.12,21.0,100.0,21.0,21.019,49.8,1.71
2025-06-24 02:17:36,2025-06-24,02:17:36,in,1.0,1310.8,0.0,21.2,6.627,331.4,0.82
2025-06-24 02:18:26,2025-06-24,02:18:26,out,1.06,21.0,100.0,21.0,21.019,37.6,1.57
2025-06-24 02:18:39,2025-06-24,02:18:39,in,1.0,1310.8,0.0,21.1,6.586,331.4,0.82
2025-06-24 02:19:29,2025-06-24,02:19:29,out,1.12,20.9,100.0,20.9,20.918,44.6,1.52
2025-06-24 02:19:42,2025-06-24,02:19:42,in,1.0,1310.8,0.0,21.1,6.586,331.4,0.82
2025-06-24 02:20:32,2025-06-24,02:20:32,out,1.14,20.9,100.0,20.9,20.918,44.6,1.47
2025-06-24 02:20:46,2025-06-24,02:20:46,in,1.0,1310.8,0.0,21.2,6.627,331.4,0.82
2025-06-24 02:21:36,2025-06-24,02:21:36,out,1.02,20.9,100.0,20.9,20.918,52.3,1.57
2025-06-24 02:21:50,2025-06-24,02:21:50,in,1.0,1310.8,0.0,21.1,6.586,331.4,0.82
2025-06-24 02:22:40,2025-06-24,02:22:40,out,1.59,20.9,100.0,20.9,20.918,37.4,2.08
2025-06-24 02:22:53,2025-06-24,02:22:53,in,1.0,1310.8,0.0,21.1,6.586,331.4,0.82
2025-06-24 02:23:43,2025-06-24,02:23:43,out,1.21,20.9,100.0,20.9,20.918,51.1,1.64
2025-06-24 02:23:56,2025-06-24,02:23:56,in,1.0,1310.8,0.0,21.1,6.586,331.4,0.82
2025-06-24 02:24:46,2025-06-24,02:24:46,out,1.35,20.8,100.0,20.8,20.817,59.1,1.68
2025-06-24 02:25:00,2025-06-24,02:25:00,in,1.0,1310.8,0.0,21.1,6.586,331.4,0.82
2025-06-24 02:25:50,2025-06-24,02:25:50,out,1.29,20.8,100.0,20.8,20.817,64.8,1.74
2025-06-24 02:26:04,2025-06-24,02:26:04,in,1.0,1310.8,0.0,21.0,6.544,331.4,0.82
2025-06-24 02:26:54,2025-06-24,02:26:54,out,1.3,20.8,100.0,20.8,20.817,56.9,1.82
2025-06-24 02:27:07,2025-06-24,02:27:07,in,1.0,1310.8,0.0,21.0,6.544,331.4,0.82
2025-06-24 02:27:57,2025-06-24,02:27:57,out,1.43,20.8,100.0,20.8,20.817,63.9,1.8
2025-06-24 02:28:10,2025-06-24,02:28:10,in,1.0,1310.8,0.0,21.0,6.544,331.4,0.82
2025-06-24 02:29:00,2025-06-24,02:29:00,out,1.14,20.7,100.0,20.7,20.717,64.3,1.74
2025-06-24 02:29:14,2025-06-24,02:29:14,in,1.0,1310.8,0.0,21.0,6.544,331.4,0.82
2025-06-24 02:30:04,2025-06-24,02:30:04,out,1.23,20.7,100.0,20.7,20.717,62.3,1.63
2025-06-24 02:30:18,2025-06-24,02:30:18,in,1.0,1310.8,0.0,21.0,6.544,331.4,0.82
2025-06-24 02:31:08,2025-06-24,02:31:08,out,1.31,20.7,100.0,20.7,20.717,69.5,1.57
2025-06-24 02:31:22,2025-06-24,02:31:22,in,1.0,1310.8,0.0,21.0,6.544,331.4,0.82
2025-06-24 02:32:11,2025-06-24,02:32:11,out,1.03,20.7,100.0,20.7,20.717,57.2,1.71
2025-06-24 02:32:24,2025-06-24,02:32:24,in,1.0,1310.8,0.0,20.9,6.503,331.4,0.82
2025-06-24 02:33:15,2025-06-24,02:33:15,out,0.82,20.6,100.0,20.6,20.616,49.5,1.63
2025-06-24 02:33:28,2025-06-24,02:33:28,in,1.0,1310.8,0.0,20.9,6.503,331.4,0.82
2025-06-24 02:34:18,2025-06-24,02:34:18,out,1.0,20.6,100.0,20.6,20.616,64.7,1.84
2025-06-24 02:34:32,2025-06-24,02:34:32,in,1.0,1310.8,0.0,20.9,6.503,331.4,0.82
2025-06-24 02:35:22,2025-06-24,02:35:22,out,1.03,20.6,100.0,20.6,20.616,59.2,1.53
2025-06-24 02:35:35,2025-06-24,02:35:35,in,1.0,1310.8,0.0,20.9,6.503,331.4,0.82
2025-06-24 02:36:26,2025-06-24,02:36:26,out,1.15,20.6,100.0,20.6,20.616,58.1,1.49
2025-06-24 02:36:39,2025-06-24,02:36:39,in,1.0,1310.8,0.0,20.8,6.461,331.4,0.82
2025-06-24 02:37:29,2025-06-24,02:37:29,out,0.95,20.5,100.0,20.5,20.515,61.9,1.58
2025-06-24 02:37:42,2025-06-24,02:37:42,in,1.0,1310.8,0.0,20.8,6.461,331.4,0.82
2025-06-24 02:38:32,2025-06-24,02:38:32,out,1.28,20.5,100.0,20.5,20.515,57.3,1.75
2025-06-24 02:38:46,2025-06-24,02:38:46,in,1.0,1310.8,0.0,20.8,6.461,331.4,0.82
2025-06-24 02:39:36,2025-06-24,02:39:36,out,1.17,20.5,100.0,20.5,20.515,35.1,1.44
2025-06-24 02:39:50,2025-06-24,02:39:50,in,1.0,1310.8,0.0,20.8,6.461,331.4,0.82
2025-06-24 02:40:40,2025-06-24,02:40:40,out,0.84,20.5,100.0,20.5,20.515,39.1,1.7
2025-06-24 02:40:53,2025-06-24,02:40:53,in,1.0,1310.8,0.0,20.8,6.461,331.4,0.82
2025-06-24 02:41:43,2025-06-24,02:41:43,out,0.79,20.4,100.0,20.4,20.414,40.1,1.36
2025-06-24 02:41:56,2025-06-24,02:41:56,in,1.0,1310.8,0.0,20.7,6.42,331.4,0.82
2025-06-24 02:42:46,2025-06-24,02:42:46,out,0.92,20.4,100.0,20.4,20.414,12.6,1.25
2025-06-24 02:43:00,2025-06-24,02:43:00,in,1.0,1310.8,0.0,20.7,6.42,331.4,0.82
2025-06-24 02:43:50,2025-06-24,02:43:50,out,1.13,20.4,100.0,20.4,20.414,35.8,1.47
2025-06-24 02:44:04,2025-06-24,02:44:04,in,1.0,1310.8,0.0,20.7,6.42,331.4,0.82
2025-06-24 02:44:54,2025-06-24,02:44:54,out,1.03,20.4,100.0,20.4,20.414,35.9,1.34
2025-06-24 02:45:07,2025-06-24,02:45:07,in,1.0,1310.8,0.0,20.7,6.42,331.4,0.82
2025-06-24 02:45:57,2025-06-24,02:45:57,out,1.26,20.4,100.0,20.4,20.414,42.4,1.42
2025-06-24 02:46:10,2025-06-24,02:46:10,in,1.0,1310.8,0.0,20.6,6.378,331.4,0.82
2025-06-24 02:47:00,2025-06-24,02:47:00,out,0.87,20.4,100.0,20.4,20.414,58.3,1.27
2025-06-24 02:47:14,2025-06-24,02:47:14,in,1.0,1310.8,0.0,20.6,6.378,331.4,0.82
2025-06-24 02:48:04,2025-06-24,02:48:04,out,1.42,20.4,100.0,20.4,20.414,65.3,1.57
2025-06-24 02:48:18,2025-06-24,02:48:18,in,1.0,1310.8,0.0,20.7,6.42,331.4,0.82
2025-06-24 02:49:08,2025-06-24,02:49:08,out,1.04,20.4,100.0,20.3,20.314,48.4,1.51
2025-06-24 02:49:21,2025-06-24,02:49:21,in,1.0,1310.8,0.0,20.7,6.42,331.4,0.82
2025-06-24 02:50:11,2025-06-24,02:50:11,out,1.5,20.3,100.0,20.3,20.314,48.7,1.74
2025-06-24 02:50:24,2025-06-24,02:50:24,in,1.0,1310.8,0.0,20.7,6.42,331.4,0.82
2025-06-24 02:51:14,2025-06-24,02:51:14,out,1.49,20.3,100.0,20.3,20.314,49.5,2.24
2025-06-24 02:51:28,2025-06-24,02:51:28,in,1.0,1310.8,0.0,20.7,6.42,331.4,0.82
2025-06-24 02:52:18,2025-06-24,02:52:18,out,1.75,20.3,100.0,20.3,20.314,60.2,2.21
2025-06-24 02:52:32,2025-06-24,02:52:32,in,1.0,1310.8,0.0,20.7,6.42,331.4,0.82
2025-06-24 02:53:22,2025-06-24,02:53:22,out,2.19,20.3,100.0,20.3,20.314,60.0,2.29
2025-06-24 02:53:35,2025-06-24,02:53:35,in,1.0,1310.8,0.0,20.6,6.378,331.4,0.82
2025-06-24 02:54:25,2025-06-24,02:54:25,out,1.39,20.3,100.0,20.3,20.314,60.2,2.37
2025-06-24 02:54:38,2025-06-24,02:54:38,in,1.0,1310.8,0.0,20.6,6.378,331.4,0.82
2025-06-24 02:55:28,2025-06-24,02:55:28,out,1.32,20.3,100.0,20.3,20.314,51.1,2.03
2025-06-24 02:55:42,2025-06-24,02:55:42,in,1.0,1310.8,0.0,20.6,6.378,331.4,0.82
2025-06-24 02:56:32,2025-06-24,02:56:32,out,1.56,20.3,100.0,20.3,20.314,64.4,1.86
2025-06-24 02:56:46,2025-06-24,02:56:46,in,1.0,1310.8,0.0,20.6,6.378,331.4,0.82
2025-06-24 02:57:36,2025-06-24,02:57:36,out,2.01,20.3,100.0,20.3,20.314,61.6,2.26
2025-06-24 02:57:49,2025-06-24,02:57:49,in,1.0,1310.8,0.0,20.6,6.378,331.4,0.82
2025-06-24 02:58:39,2025-06-24,02:58:39,out,1.87,20.3,100.0,20.3,20.314,51.3,2.43
2025-06-24 02:58:53,2025-06-24,02:58:53,in,1.0,1310.8,0.0,20.6,6.378,331.4,0.82
2025-06-24 02:59:42,2025-06-24,02:59:42,out,1.77,20.2,100.0,20.2,20.213,55.3,2.04
2025-06-24 02:59:56,2025-06-24,02:59:56,in,1.0,1310.8,0.0,20.5,6.337,331.4,0.82
2025-06-24 03:00:46,2025-06-24,03:00:46,out,1.65,20.2,100.0,20.2,20.213,64.9,1.92
2025-06-24 03:01:00,2025-06-24,03:01:00,in,1.0,1310.8,0.0,20.5,6.337,331.4,0.82
2025-06-24 03:01:50,2025-06-24,03:01:50,out,1.72,20.2,100.0,20.2,20.213,70.8,2.19
2025-06-24 03:02:04,2025-06-24,03:02:04,in,1.0,1310.8,0.0,20.5,6.337,331.4,0.82
2025-06-24 03:02:53,2025-06-24,03:02:53,out,1.73,20.1,100.0,20.1,20.112,65.2,2.05
2025-06-24 03:03:07,2025-06-24,03:03:07,in,1.0,1310.8,0.0,20.4,6.295,331.4,0.82
2025-06-24 03:03:56,2025-06-24,03:03:56,out,1.78,20.1,100.0,20.1,20.112,52.4,2.17
2025-06-24 03:04:10,2025-06-24,03:04:10,in,1.0,1310.8,0.0,20.4,6.295,331.4,0.82
2025-06-24 03:05:00,2025-06-24,03:05:00,out,1.18,20.1,100.0,20.1,20.112,44.4,2.17
2025-06-24 03:05:14,2025-06-24,03:05:14,in,1.0,1310.8,0.0,20.4,6.295,331.4,0.82
2025-06-24 03:06:04,2025-06-24,03:06:04,out,1.79,20.0,100.0,20.0,20.012,54.7,1.99
2025-06-24 03:06:18,2025-06-24,03:06:18,in,1.0,1310.8,0.0,20.4,6.295,331.4,0.82
2025-06-24 03:07:07,2025-06-24,03:07:07,out,1.76,20.0,100.0,20.0,20.012,57.5,2.34
2025-06-24 03:07:21,2025-06-24,03:07:21,in,1.0,1310.8,0.0,20.3,6.253,331.4,0.82
2025-06-24 03:08:10,2025-06-24,03:08:10,out,1.43,20.0,100.0,20.0,20.012,54.3,2.45
2025-06-24 03:08:24,2025-06-24,03:08:24,in,1.0,1310.8,0.0,20.3,6.253,331.4,0.82
2025-06-24 03:09:14,2025-06-24,03:09:14,out,1.7,20.0,100.0,20.0,20.012,58.3,1.93
2025-06-24 03:09:28,2025-06-24,03:09:28,in,1.0,1310.8,0.0,20.3,6.253,331.4,0.82
2025-06-24 03:10:18,2025-06-24,03:10:18,out,1.39,19.9,100.0,19.9,19.911,52.0,2.13
2025-06-24 03:10:32,2025-06-24,03:10:32,in,1.0,1310.8,0.0,20.3,6.253,331.4,0.82
2025-06-24 03:11:21,2025-06-24,03:11:21,out,1.02,19.9,100.0,19.9,19.911,43.7,1.6
2025-06-24 03:11:35,2025-06-24,03:11:35,in,1.0,1310.8,0.0,20.3,6.253,331.4,0.82
2025-06-24 03:12:24,2025-06-24,03:12:24,out,1.16,19.8,100.0,19.8,19.81,43.1,1.86
2025-06-24 03:12:38,2025-06-24,03:12:38,in,1.0,1310.8,0.0,20.3,6.253,331.4,0.82
2025-06-24 03:13:28,2025-06-24,03:13:28,out,1.31,19.8,100.0,19.8,19.81,40.7,1.71
2025-06-24 03:13:42,2025-06-24,03:13:42,in,1.0,1310.8,0.0,20.2,6.212,331.4,0.82
2025-06-24 03:14:32,2025-06-24,03:14:32,out,1.04,19.8,100.0,19.8,19.81,51.4,1.65
2025-06-24 03:14:46,2025-06-24,03:14:46,in,1.0,1310.8,0.0,20.2,6.212,331.4,0.82
2025-06-24 03:15:35,2025-06-24,03:15:35,out,1.16,19.8,100.0,19.8,19.81,35.7,1.68
2025-06-24 03:15:49,2025-06-24,03:15:49,in,1.0,1310.8,0.0,20.2,6.212,331.4,0.82
2025-06-24 03:16:38,2025-06-24,03:16:38,out,0.59,19.7,100.0,19.7,19.709,19.7,1.56
2025-06-24 03:16:52,2025-06-24,03:16:52,in,1.0,1310.8,0.0,20.1,6.17,331.4,0.82
2025-06-24 03:17:42,2025-06-24,03:17:42,out,1.09,19.7,100.0,19.7,19.709,37.9,1.58
2025-06-24 03:17:56,2025-06-24,03:17:56,in,1.0,1310.8,0.0,20.1,6.17,331.4,0.82
2025-06-24 03:18:46,2025-06-24,03:18:46,out,1.51,19.7,100.0,19.7,19.709,35.3,1.91
2025-06-24 03:19:00,2025-06-24,03:19:00,in,1.0,1310.8,0.0,20.1,6.17,331.4,0.82
2025-06-24 03:19:49,2025-06-24,03:19:49,out,1.2,19.7,100.0,19.7,19.709,45.2,1.71
2025-06-24 03:20:03,2025-06-24,03:20:03,in,1.0,1310.8,0.0,20.1,6.17,331.4,0.82
2025-06-24 03:20:52,2025-06-24,03:20:52,out,1.25,19.6,100.0,19.6,19.609,57.4,1.65
2025-06-24 03:21:06,2025-06-24,03:21:06,in,1.0,1310.8,0.0,20.0,6.129,331.4,0.82
2025-06-24 03:21:56,2025-06-24,03:21:56,out,1.48,19.6,100.0,19.6,19.609,65.0,1.77
2025-06-24 03:22:10,2025-06-24,03:22:10,in,1.0,1310.8,0.0,20.0,6.129,331.4,0.82
2025-06-24 03:23:00,2025-06-24,03:23:00,out,1.48,19.6,100.0,19.6,19.609,66.6,1.85
2025-06-24 03:23:14,2025-06-24,03:23:14,in,1.0,1310.8,0.0,20.0,6.129,331.4,0.82
2025-06-24 03:24:03,2025-06-24,03:24:03,out,1.18,19.6,100.0,19.6,19.609,74.6,1.51
2025-06-24 03:24:17,2025-06-24,03:24:17,in,1.0,1310.8,0.0,20.1,6.17,331.4,0.82
2025-06-24 03:25:06,2025-06-24,03:25:06,out,1.17,19.6,100.0,19.6,19.609,61.6,1.51
2025-06-24 03:25:20,2025-06-24,03:25:20,in,1.0,1310.8,0.0,20.1,6.17,331.4,0.82
2025-06-24 03:26:10,2025-06-24,03:26:10,out,0.96,19.6,100.0,19.6,19.609,62.1,1.39
2025-06-24 03:26:24,2025-06-24,03:26:24,in,1.0,1310.8,0.0,20.0,6.129,331.4,0.82
2025-06-24 03:27:14,2025-06-24,03:27:14,out,1.24,19.5,100.0,19.5,19.508,67.8,1.96
2025-06-24 03:27:28,2025-06-24,03:27:28,in,1.0,1310.8,0.0,20.0,6.129,331.4,0.82
2025-06-24 03:28:17,2025-06-24,03:28:17,out,1.42,19.5,100.0,19.5,19.508,67.9,2.04
2025-06-24 03:28:31,2025-06-24,03:28:31,in,1.0,1310.8,0.0,20.0,6.129,331.4,0.82
2025-06-24 03:29:20,2025-06-24,03:29:20,out,1.92,19.5,100.0,19.5,19.508,67.0,2.13
2025-06-24 03:29:34,2025-06-24,03:29:34,in,1.0,1310.8,0.0,19.9,6.087,331.4,0.82
2025-06-24 03:30:24,2025-06-24,03:30:24,out,1.46,19.4,100.0,19.4,19.407,50.1,2.21
2025-06-24 03:30:38,2025-06-24,03:30:38,in,1.0,1310.8,0.0,19.9,6.087,331.4,0.82
2025-06-24 03:31:28,2025-06-24,03:31:28,out,1.07,19.4,100.0,19.4,19.407,59.3,1.59
2025-06-24 03:31:42,2025-06-24,03:31:42,in,1.0,1310.8,0.0,19.9,6.087,331.4,0.82
2025-06-24 03:32:32,2025-06-24,03:32:32,out,1.07,19.4,100.0,19.4,19.407,52.1,1.77
2025-06-24 03:32:45,2025-06-24,03:32:45,in,1.0,1310.8,0.0,19.9,6.087,331.4,0.82
2025-06-24 03:33:35,2025-06-24,03:33:35,out,1.04,19.4,100.0,19.4,19.407,80.3,1.71
2025-06-24 03:33:48,2025-06-24,03:33:48,in,1.0,1310.8,0.0,19.9,6.087,331.4,0.82
2025-06-24 03:34:38,2025-06-24,03:34:38,out,1.56,19.3,100.0,19.3,19.307,62.9,2.16
2025-06-24 03:34:52,2025-06-24,03:34:52,in,1.0,1310.8,0.0,19.8,6.046,331.4,0.82
2025-06-24 03:35:42,2025-06-24,03:35:42,out,1.81,19.3,100.0,19.3,19.307,66.5,2.27
2025-06-24 03:35:56,2025-06-24,03:35:56,in,1.0,1310.8,0.0,19.8,6.046,331.4,0.82
2025-06-24 03:36:46,2025-06-24,03:36:46,out,1.31,19.2,100.0,19.2,19.206,50.0,2.19
2025-06-24 03:36:59,2025-06-24,03:36:59,in,1.0,1310.8,0.0,19.7,6.004,331.4,0.82
2025-06-24 03:37:49,2025-06-24,03:37:49,out,1.28,19.2,100.0,19.2,19.206,55.8,2.03
2025-06-24 03:38:02,2025-06-24,03:38:02,in,1.0,1310.8,0.0,19.7,6.004,331.4,0.82
2025-06-24 03:38:52,2025-06-24,03:38:52,out,1.87,19.2,100.0,19.2,19.206,63.6,2.17
2025-06-24 03:39:06,2025-06-24,03:39:06,in,1.0,1310.8,0.0,19.7,6.004,331.4,0.82
2025-06-24 03:39:56,2025-06-24,03:39:56,out,1.34,19.1,100.0,19.1,19.105,59.8,2.55
2025-06-24 03:40:10,2025-06-24,03:40:10,in,1.0,1310.8,0.0,19.7,6.004,331.4,0.82
2025-06-24 03:41:00,2025-06-24,03:41:00,out,1.11,19.1,100.0,19.1,19.105,52.8,1.58
2025-06-24 03:41:13,2025-06-24,03:41:13,in,1.0,1310.8,0.0,19.7,6.004,331.4,0.82
2025-06-24 03:42:03,2025-06-24,03:42:03,out,1.64,19.1,100.0,19.1,19.105,54.7,2.19
2025-06-24 03:42:16,2025-06-24,03:42:16,in,1.0,1310.8,0.0,19.7,6.004,331.4,0.82
2025-06-24 03:43:06,2025-06-24,03:43:06,out,1.97,19.0,100.0,19.0,19.004,50.6,2.53
2025-06-24 03:43:20,2025-06-24,03:43:20,in,1.0,1310.8,0.0,19.6,5.963,331.4,0.82
2025-06-24 03:44:10,2025-06-24,03:44:10,out,1.74,19.0,100.0,19.0,19.004,59.5,2.52
2025-06-24 03:44:24,2025-06-24,03:44:24,in,1.0,1310.8,0.0,19.6,5.963,331.4,0.82
2025-06-24 03:45:14,2025-06-24,03:45:14,out,2.17,19.0,100.0,19.0,19.004,56.3,2.7
2025-06-24 03:45:27,2025-06-24,03:45:27,in,1.0,1310.8,0.0,19.6,5.963,331.4,0.82
2025-06-24 03:46:17,2025-06-24,03:46:17,out,2.48,18.9,100.0,18.9,18.904,68.4,2.72
2025-06-24 03:46:30,2025-06-24,03:46:30,in,1.0,1310.8,0.0,19.6,5.963,331.4,0.82
2025-06-24 03:47:20,2025-06-24,03:47:20,out,1.81,18.9,100.0,18.9,18.904,52.4,2.55
2025-06-24 03:47:34,2025-06-24,03:47:34,in,1.0,1310.8,0.0,19.5,5.921,331.4,0.82
2025-06-24 03:48:24,2025-06-24,03:48:24,out,1.77,18.9,100.0,18.9,18.904,53.4,2.35
2025-06-24 03:48:38,2025-06-24,03:48:38,in,1.0,1310.8,0.0,19.5,5.921,331.4,0.82
2025-06-24 03:49:28,2025-06-24,03:49:28,out,2.45,,,18.9,,18.9,10.0
2025-06-24 03:49:41,2025-06-24,03:49:41,in,1.0,1310.8,0.0,19.5,5.921,331.4,0.82
2025-06-24 03:50:31,2025-06-24,03:50:31,out,1.94,18.8,100.0,18.8,18.803,64.0,2.46
2025-06-24 03:50:44,2025-06-24,03:50:44,in,1.0,1310.8,0.0,19.5,5.921,331.4,0.82
2025-06-24 03:51:34,2025-06-24,03:51:34,out,1.33,18.8,100.0,18.8,18.803,57.0,2.64
2025-06-24 03:51:48,2025-06-24,03:51:48,in,1.0,1310.8,0.0,19.5,5.921,331.4,0.82
2025-06-24 03:52:38,2025-06-24,03:52:38,out,1.28,18.7,100.0,18.7,18.702,59.6,2.44
2025-06-24 03:52:52,2025-06-24,03:52:52,in,1.0,1310.8,0.0,19.4,5.879,331.4,0.82
2025-06-24 03:53:42,2025-06-24,03:53:42,out,0.93,18.7,100.0,18.7,18.702,61.5,1.88
2025-06-24 03:53:55,2025-06-24,03:53:55,in,1.0,1310.8,0.0,19.4,5.879,331.4,0.82
2025-06-24 03:54:45,2025-06-24,03:54:45,out,1.09,18.7,100.0,18.7,18.702,47.5,2.11
2025-06-24 03:54:58,2025-06-24,03:54:58,in,1.0,1310.8,0.0,19.4,5.879,331.4,0.82
2025-06-24 03:55:48,2025-06-24,03:55:48,out,1.19,18.7,100.0,18.7,18.702,33.0,1.77
2025-06-24 03:56:02,2025-06-24,03:56:02,in,1.0,1310.8,0.0,19.4,5.879,331.4,0.82
2025-06-24 03:56:52,2025-06-24,03:56:52,out,1.1,18.6,100.0,18.6,18.602,37.6,1.5
2025-06-24 03:57:06,2025-06-24,03:57:06,in,1.0,1310.8,0.0,19.4,5.879,331.4,0.82
2025-06-24 03:57:56,2025-06-24,03:57:56,out,1.67,18.6,100.0,18.6,18.602,62.4,1.84
2025-06-24 03:58:09,2025-06-24,03:58:09,in,1.0,1310.8,0.0,19.3,5.838,331.4,0.82
2025-06-24 03:58:59,2025-06-24,03:58:59,out,1.11,18.6,100.0,18.6,18.602,72.1,1.86
2025-06-24 03:59:12,2025-06-24,03:59:12,in,1.0,1310.8,0.0,19.3,5.838,331.4,0.82
2025-06-24 04:00:02,2025-06-24,04:00:02,out,1.53,18.6,100.0,18.6,18.602,53.3,2.05
2025-06-24 04:00:16,2025-06-24,04:00:16,in,1.0,1310.8,0.0,19.3,5.838,331.4,0.82
2025-06-24 04:01:06,2025-06-24,04:01:06,out,1.64,18.5,100.0,18.5,18.501,33.1,2.03
2025-06-24 04:01:20,2025-06-24,04:01:20,in,1.0,1310.8,0.0,19.3,5.838,331.4,0.82
2025-06-24 04:02:10,2025-06-24,04:02:10,out,1.64,18.5,100.0,18.5,18.501,36.7,1.79
2025-06-24 04:02:23,2025-06-24,04:02:23,in,1.0,1310.8,0.0,19.2,5.796,331.4,0.82
2025-06-24 04:03:13,2025-06-24,04:03:13,out,1.07,18.5,100.0,18.5,18.501,42.3,1.98
2025-06-24 04:03:26,2025-06-24,04:03:26,in,1.0,1310.8,0.0,19.2,5.796,331.4,0.82
2025-06-24 04:04:16,2025-06-24,04:04:16,out,1.66,18.5,100.0,18.5,18.501,61.2,2.16
2025-06-24 04:04:30,2025-06-24,04:04:30,in,1.0,1310.8,0.0,19.2,5.796,331.4,0.82
2025-06-24 04:05:20,2025-06-24,04:05:20,out,1.09,18.4,100.0,18.4,18.4,61.2,2.44
2025-06-24 04:05:34,2025-06-24,04:05:34,in,1.0,1310.8,0.0,19.2,5.796,331.4,0.82
2025-06-24 04:06:24,2025-06-24,04:06:24,out,2.27,18.4,100.0,18.4,18.4,48.3,2.63
2025-06-24 04:06:37,2025-06-24,04:06:37,in,1.0,1310.8,0.0,19.2,5.796,331.4,0.82
2025-06-24 04:07:27,2025-06-24,04:07:27,out,1.48,18.4,100.0,18.4,18.4,42.9,2.42
2025-06-24 04:07:40,2025-06-24,04:07:40,in,1.0,1310.8,0.0,19.2,5.796,331.4,0.82
2025-06-24 04:08:30,2025-06-24,04:08:30,out,1.31,18.4,100.0,18.4,18.4,51.4,2.16
2025-06-24 04:08:44,2025-06-24,04:08:44,in,1.0,1310.8,0.0,19.2,5.796,331.4,0.82
2025-06-24 04:09:34,2025-06-24,04:09:34,out,2.06,18.4,100.0,18.4,18.4,58.8,2.6
2025-06-24 04:09:48,2025-06-24,04:09:48,in,1.0,1310.8,0.0,19.2,5.796,331.4,0.82
2025-06-24 04:10:38,2025-06-24,04:10:38,out,1.49,18.4,100.0,18.4,18.4,60.1,2.16
2025-06-24 04:10:51,2025-06-24,04:10:51,in,1.0,1310.8,0.0,19.2,5.796,331.4,0.82
2025-06-24 04:11:41,2025-06-24,04:11:41,out,1.62,18.4,100.0,18.4,18.4,63.9,2.47
2025-06-24 04:11:54,2025-06-24,04:11:54,in,1.0,1310.8,0.0,19.2,5.796,331.4,0.82
2025-06-24 04:12:44,2025-06-24,04:12:44,out,1.65,18.4,100.0,18.4,18.4,56.5,2.17
2025-06-24 04:12:58,2025-06-24,04:12:58,in,1.0,1310.8,0.0,19.2,5.796,331.4,0.82
2025-06-24 04:13:48,2025-06-24,04:13:48,out,1.2,18.3,100.0,18.3,18.299,53.6,1.81
2025-06-24 04:14:02,2025-06-24,04:14:02,in,1.0,1310.8,0.0,19.3,5.838,331.4,0.82
2025-06-24 04:14:52,2025-06-24,04:14:52,out,1.06,18.3,100.0,18.3,18.299,72.1,1.8
2025-06-24 04:15:05,2025-06-24,04:15:05,in,1.0,1310.8,0.0,19.2,5.796,331.4,0.82
2025-06-24 04:15:55,2025-06-24,04:15:55,out,1.15,18.3,100.0,18.3,18.299,60.2,1.84
2025-06-24 04:16:08,2025-06-24,04:16:08,in,1.0,1310.8,0.0,19.2,5.796,331.4,0.82
2025-06-24 04:16:58,2025-06-24,04:16:58,out,1.82,18.3,100.0,18.3,18.299,63.9,1.92
2025-06-24 04:17:12,2025-06-24,04:17:12,in,1.0,1310.8,0.0,19.2,5.796,331.4,0.82
2025-06-24 04:18:02,2025-06-24,04:18:02,out,1.44,18.3,100.0,18.3,18.299,61.8,2.14
2025-06-24 04:18:16,2025-06-24,04:18:16,in,1.0,1310.8,0.0,19.2,5.796,331.4,0.82
2025-06-24 04:19:06,2025-06-24,04:19:06,out,1.2,18.3,100.0,18.3,18.299,52.6,1.96
2025-06-24 04:19:19,2025-06-24,04:19:19,in,1.0,1310.8,0.0,19.1,5.755,331.4,0.82
2025-06-24 04:20:09,2025-06-24,04:20:09,out,1.23,18.3,100.0,18.3,18.299,53.1,1.85
2025-06-24 04:20:22,2025-06-24,04:20:22,in,1.0,1310.8,0.0,19.1,5.755,331.4,0.82
2025-06-24 04:21:12,2025-06-24,04:21:12,out,1.49,18.2,100.0,18.2,18.199,58.8,1.71
2025-06-24 04:21:26,2025-06-24,04:21:26,in,1.0,1310.8,0.0,19.1,5.755,331.4,0.82
2025-06-24 04:22:16,2025-06-24,04:22:16,out,1.53,18.2,100.0,18.2,18.199,61.7,1.8
2025-06-24 04:22:30,2025-06-24,04:22:30,in,1.0,1310.8,0.0,19.1,5.755,331.4,0.82
2025-06-24 04:23:20,2025-06-24,04:23:20,out,0.74,18.2,100.0,18.2,18.199,41.2,1.9
2025-06-24 04:23:33,2025-06-24,04:23:33,in,1.0,1310.8,0.0,19.1,5.755,331.4,0.82
2025-06-24 04:24:23,2025-06-24,04:24:23,out,0.74,18.2,100.0,18.2,18.199,17.6,1.23
2025-06-24 04:24:36,2025-06-24,04:24:36,in,1.0,1310.8,0.0,19.1,5.755,331.4,0.82
2025-06-24 04:25:26,2025-06-24,04:25:26,out,1.49,18.2,100.0,18.2,18.199,40.3,1.59
2025-06-24 04:25:40,2025-06-24,04:25:40,in,1.0,1310.8,0.0,19.1,5.755,331.4,0.82
2025-06-24 04:26:30,2025-06-24,04:26:30,out,1.49,18.2,100.0,18.2,18.199,57.0,1.87
2025-06-24 04:26:44,2025-06-24,04:26:44,in,1.0,1310.8,0.0,19.1,5.755,331.4,0.82
2025-06-24 04:27:34,2025-06-24,04:27:34,out,1.62,18.2,100.0,18.2,18.199,66.3,2.07
2025-06-24 04:27:48,2025-06-24,04:27:48,in,1.0,1310.8,0.0,19.1,5.755,331.4,0.82
2025-06-24 04:28:37,2025-06-24,04:28:37,out,1.72,18.2,100.0,18.2,18.199,65.9,1.92
2025-06-24 04:28:50,2025-06-24,04:28:50,in,1.0,1310.8,0.0,19.1,5.755,331.4,0.82
2025-06-24 04:29:40,2025-06-24,04:29:40,out,1.71,18.2,100.0,18.2,18.199,66.6,2.18
2025-06-24 04:29:54,2025-06-24,04:29:54,in,1.0,1310.8,0.0,19.0,5.713,331.4,0.82
2025-06-24 04:30:44,2025-06-24,04:30:44,out,2.05,18.2,100.0,18.2,18.199,59.9,2.32
2025-06-24 04:30:58,2025-06-24,04:30:58,in,1.0,1310.8,0.0,19.0,5.713,331.4,0.82
2025-06-24 04:31:48,2025-06-24,04:31:48,out,1.31,18.2,100.0,18.2,18.199,64.1,2.46
2025-06-24 04:32:01,2025-06-24,04:32:01,in,1.0,1310.8,0.0,19.0,5.713,331.4,0.82
2025-06-24 04:32:51,2025-06-24,04:32:51,out,1.93,18.2,100.0,18.2,18.199,66.5,2.24
2025-06-24 04:33:05,2025-06-24,04:33:05,in,1.0,1310.8,0.0,19.0,5.713,331.4,0.82
2025-06-24 04:33:54,2025-06-24,04:33:54,out,1.31,18.2,100.0,18.2,18.199,52.2,2.28
2025-06-24 04:34:08,2025-06-24,04:34:08,in,1.0,1310.8,0.0,19.0,5.713,331.4,0.82
2025-06-24 04:34:58,2025-06-24,04:34:58,out,1.72,18.2,100.0,18.2,18.199,66.8,2.25
2025-06-24 04:35:12,2025-06-24,04:35:12,in,1.0,1310.8,0.0,19.0,5.713,331.4,0.82
2025-06-24 04:36:02,2025-06-24,04:36:02,out,1.3,18.1,100.0,18.1,18.098,57.3,2.21
2025-06-24 04:36:15,2025-06-24,04:36:15,in,1.0,1310.8,0.0,19.0,5.713,331.4,0.82
2025-06-24 04:37:05,2025-06-24,04:37:05,out,1.73,18.1,100.0,18.1,18.098,61.7,2.19
2025-06-24 04:37:19,2025-06-24,04:37:19,in,1.0,1310.8,0.0,19.0,5.713,331.4,0.82
2025-06-24 04:38:08,2025-06-24,04:38:08,out,1.76,18.1,100.0,18.1,18.098,50.0,2.28
2025-06-24 04:38:22,2025-06-24,04:38:22,in,0.82,,,1310.8,,19.0,0.0
2025-06-24 04:39:12,2025-06-24,04:39:12,out,1.33,18.1,100.0,18.1,18.098,53.3,2.56
2025-06-24 04:39:26,2025-06-24,04:39:26,in,1.0,1310.8,0.0,18.9,5.672,331.4,0.82
2025-06-24 04:40:16,2025-06-24,04:40:16,out,0.86,18.1,100.0,18.1,18.098,46.0,2.47
2025-06-24 04:40:30,2025-06-24,04:40:30,in,1.0,1310.8,0.0,19.0,5.713,331.4,0.82
2025-06-24 04:41:19,2025-06-24,04:41:19,out,1.36,18.1,100.0,18.1,18.098,43.7,2.03
2025-06-24 04:41:33,2025-06-24,04:41:33,in,1.0,1310.8,0.0,18.9,5.672,331.4,0.82
2025-06-24 04:42:22,2025-06-24,04:42:22,out,1.5,18.1,100.0,18.1,18.098,58.5,2.23
2025-06-24 04:42:36,2025-06-24,04:42:36,in,1.0,1310.8,0.0,18.9,5.672,331.4,0.82
2025-06-24 04:43:26,2025-06-24,04:43:26,out,1.46,18.1,100.0,18.1,18.098,39.9,2.04
2025-06-24 04:43:40,2025-06-24,04:43:40,in,1.0,1310.8,0.0,18.9,5.672,331.4,0.82
2025-06-24 04:44:30,2025-06-24,04:44:30,out,1.73,18.1,100.0,18.1,18.098,48.9,2.0
2025-06-24 04:44:43,2025-06-24,04:44:43,in,1.0,1310.8,0.0,18.9,5.672,331.4,0.82
2025-06-24 04:45:33,2025-06-24,04:45:33,out,1.36,18.1,100.0,18.1,18.098,52.9,1.69
2025-06-24 04:45:46,2025-06-24,04:45:46,in,1.0,1310.8,0.0,18.9,5.672,331.4,0.82
2025-06-24 04:46:36,2025-06-24,04:46:36,out,1.4,18.1,100.0,18.1,18.098,51.4,1.86
2025-06-24 04:46:50,2025-06-24,04:46:50,in,1.0,1310.8,0.0,18.9,5.672,331.4,0.82
2025-06-24 04:47:40,2025-06-24,04:47:40,out,1.39,18.1,100.0,18.1,18.098,37.6,1.89
2025-06-24 04:47:54,2025-06-24,04:47:54,in,1.0,1310.8,0.0,18.9,5.672,331.4,0.82
2025-06-24 04:48:44,2025-06-24,04:48:44,out,1.08,18.1,100.0,18.1,18.098,40.0,1.68
2025-06-24 04:48:57,2025-06-24,04:48:57,in,1.0,1310.8,0.0,18.9,5.672,331.4,0.82
2025-06-24 04:49:47,2025-06-24,04:49:47,out,1.27,18.1,100.0,18.1,18.098,45.1,1.74
2025-06-24 04:50:02,2025-06-24,04:50:02,in,0.82,,,1310.8,,18.9,0.0
2025-06-24 04:50:50,2025-06-24,04:50:50,out,1.15,18.1,100.0,18.1,18.098,54.8,1.64
2025-06-24 04:51:04,2025-06-24,04:51:04,in,1.0,1310.8,0.0,18.9,5.672,331.4,0.82
2025-06-24 04:51:54,2025-06-24,04:51:54,out,0.85,18.1,100.0,18.1,18.098,51.2,1.77
2025-06-24 04:52:08,2025-06-24,04:52:08,in,1.0,1310.8,0.0,18.9,5.672,331.4,0.82
2025-06-24 04:52:58,2025-06-24,04:52:58,out,0.97,18.1,100.0,18.1,18.098,58.8,1.47
2025-06-24 04:53:12,2025-06-24,04:53:12,in,1.0,1310.8,0.0,19.0,5.713,331.4,0.82
2025-06-24 04:54:02,2025-06-24,04:54:02,out,1.06,18.1,100.0,18.1,18.098,50.8,1.46
2025-06-24 04:54:15,2025-06-24,04:54:15,in,1.0,1310.8,0.0,18.9,5.672,331.4,0.82
2025-06-24 04:55:05,2025-06-24,04:55:05,out,1.34,18.1,100.0,18.1,18.098,36.8,1.44
2025-06-24 04:55:18,2025-06-24,04:55:18,in,1.0,1310.8,0.0,18.9,5.672,331.4,0.82
2025-06-24 04:56:08,2025-06-24,04:56:08,out,1.28,18.1,100.0,18.1,18.098,36.4,1.75
2025-06-24 04:56:22,2025-06-24,04:56:22,in,1.0,1310.8,0.0,18.9,5.672,331.4,0.82
2025-06-24 04:57:12,2025-06-24,04:57:12,out,1.07,18.1,100.0,18.1,18.098,29.0,1.76
2025-06-24 04:57:26,2025-06-24,04:57:26,in,1.0,1310.8,0.0,18.9,5.672,331.4,0.82
2025-06-24 04:58:16,2025-06-24,04:58:16,out,1.54,18.1,100.0,18.1,18.098,33.7,1.82
2025-06-24 04:58:29,2025-06-24,04:58:29,in,1.0,1310.8,0.0,18.9,5.672,331.4,0.82
2025-06-24 04:59:19,2025-06-24,04:59:19,out,1.2,18.1,100.0,18.1,18.098,39.4,1.95
2025-06-24 04:59:32,2025-06-24,04:59:32,in,1.0,1310.8,0.0,18.8,5.63,331.4,0.82
2025-06-24 05:00:22,2025-06-24,05:00:22,out,1.63,18.1,100.0,18.1,18.098,42.4,2.01
2025-06-24 05:00:36,2025-06-24,05:00:36,in,1.0,1310.8,0.0,18.8,5.63,331.4,0.82
2025-06-24 05:01:26,2025-06-24,05:01:26,out,1.06,18.1,100.0,18.1,18.098,46.4,2.14
2025-06-24 05:01:40,2025-06-24,05:01:40,in,1.0,1310.8,0.0,18.8,5.63,331.4,0.82
2025-06-24 05:02:30,2025-06-24,05:02:30,out,1.13,18.1,100.0,18.1,18.098,45.7,2.05
2025-06-24 05:02:43,2025-06-24,05:02:43,in,1.0,1310.8,0.0,18.8,5.63,331.4,0.82
2025-06-24 05:03:33,2025-06-24,05:03:33,out,0.87,18.1,100.0,18.1,18.098,14.4,2.01
2025-06-24 05:03:46,2025-06-24,05:03:46,in,1.0,1310.8,0.0,18.8,5.63,331.4,0.82
2025-06-24 05:04:36,2025-06-24,05:04:36,out,1.71,18.1,100.0,18.1,18.098,37.3,1.89
2025-06-24 05:04:50,2025-06-24,05:04:50,in,1.0,1310.8,0.0,18.8,5.63,331.4,0.82
2025-06-24 05:05:40,2025-06-24,05:05:40,out,1.43,18.1,100.0,18.1,18.098,33.7,1.64
2025-06-24 05:05:54,2025-06-24,05:05:54,in,1.0,1310.8,0.0,18.9,5.672,331.4,0.82
2025-06-24 05:06:44,2025-06-24,05:06:44,out,1.22,18.1,100.0,18.1,18.098,30.3,1.67
2025-06-24 05:06:57,2025-06-24,05:06:57,in,1.0,1310.8,0.0,18.8,5.63,331.4,0.82
2025-06-24 05:07:47,2025-06-24,05:07:47,out,1.35,18.1,100.0,18.1,18.098,16.7,2.07
2025-06-24 05:08:00,2025-06-24,05:08:00,in,1.0,1310.8,0.0,18.9,5.672,331.4,0.82
2025-06-24 05:08:50,2025-06-24,05:08:50,out,1.47,18.1,100.0,18.1,18.098,25.5,1.85
2025-06-24 05:09:04,2025-06-24,05:09:04,in,1.0,1310.8,0.0,18.8,5.63,331.4,0.82
2025-06-24 05:09:54,2025-06-24,05:09:54,out,1.5,18.1,100.0,18.1,18.098,6.4,1.82
2025-06-24 05:10:08,2025-06-24,05:10:08,in,1.0,1310.8,0.0,18.9,5.672,331.4,0.82
2025-06-24 05:10:58,2025-06-24,05:10:58,out,1.36,18.1,100.0,18.1,18.098,30.3,1.94
2025-06-24 05:11:11,2025-06-24,05:11:11,in,1.0,1310.8,0.0,18.9,5.672,331.4,0.82
2025-06-24 05:12:01,2025-06-24,05:12:01,out,0.96,18.1,100.0,18.1,18.098,20.4,1.65
2025-06-24 05:12:14,2025-06-24,05:12:14,in,1.0,1310.8,0.0,18.9,5.672,331.4,0.82
2025-06-24 05:13:04,2025-06-24,05:13:04,out,0.82,18.1,100.0,18.1,18.098,27.6,1.41
2025-06-24 05:13:18,2025-06-24,05:13:18,in,1.0,1310.8,0.0,18.9,5.672,331.4,0.82
2025-06-24 05:14:08,2025-06-24,05:14:08,out,0.99,18.1,100.0,18.1,18.098,6.4,1.33
2025-06-24 05:14:22,2025-06-24,05:14:22,in,1.0,1310.8,0.0,18.9,5.672,331.4,0.82
2025-06-24 05:15:12,2025-06-24,05:15:12,out,1.21,,,18.1,,18.1,10.0
2025-06-24 05:15:25,2025-06-24,05:15:25,in,1.0,1310.8,0.0,18.9,5.672,331.4,0.82
2025-06-24 05:16:15,2025-06-24,05:16:15,out,1.14,18.1,100.0,18.1,18.098,30.1,1.31
2025-06-24 05:16:28,2025-06-24,05:16:28,in,1.0,1310.8,0.0,18.9,5.672,331.4,0.82
2025-06-24 05:17:18,2025-06-24,05:17:18,out,1.06,18.1,100.0,18.1,18.098,37.8,1.23
2025-06-24 05:17:32,2025-06-24,05:17:32,in,1.0,1310.8,0.0,18.9,5.672,331.4,0.82
2025-06-24 05:18:22,2025-06-24,05:18:22,out,0.8,18.1,100.0,18.1,18.098,37.1,1.08
2025-06-24 05:18:36,2025-06-24,05:18:36,in,1.0,1310.8,0.0,18.9,5.672,331.4,0.82
2025-06-24 05:19:26,2025-06-24,05:19:26,out,1.0,18.1,100.0,18.1,18.098,34.8,1.19
2025-06-24 05:19:39,2025-06-24,05:19:39,in,1.0,1310.8,0.0,18.9,5.672,331.4,0.82
2025-06-24 05:20:29,2025-06-24,05:20:29,out,1.2,18.1,100.0,18.1,18.098,46.3,1.39
2025-06-24 05:20:42,2025-06-24,05:20:42,in,1.0,1310.8,0.0,18.9,5.672,331.4,0.82
2025-06-24 05:21:32,2025-06-24,05:21:32,out,1.05,18.1,100.0,18.1,18.098,65.5,1.56
2025-06-24 05:21:46,2025-06-24,05:21:46,in,1.0,1310.8,0.0,18.9,5.672,331.4,0.82
2025-06-24 05:22:36,2025-06-24,05:22:36,out,0.96,18.1,100.0,18.1,18.098,56.9,1.55
2025-06-24 05:22:50,2025-06-24,05:22:50,in,1.0,1310.8,0.0,18.9,5.672,331.4,0.82
2025-06-24 05:23:40,2025-06-24,05:23:40,out,1.12,18.1,100.0,18.1,18.098,45.1,1.85
2025-06-24 05:23:53,2025-06-24,05:23:53,in,1.0,1310.8,0.0,18.9,5.672,331.4,0.82
2025-06-24 05:24:43,2025-06-24,05:24:43,out,1.24,18.1,100.0,18.1,18.098,43.1,1.66
2025-06-24 05:24:56,2025-06-24,05:24:56,in,1.0,1310.8,0.0,18.9,5.672,331.4,0.82
2025-06-24 05:25:46,2025-06-24,05:25:46,out,1.22,18.1,100.0,18.1,18.098,49.6,1.46
2025-06-24 05:26:00,2025-06-24,05:26:00,in,1.0,1310.8,0.0,19.0,5.713,331.4,0.82
2025-06-24 05:26:50,2025-06-24,05:26:50,out,1.24,18.1,100.0,18.1,18.098,47.0,1.72
2025-06-24 05:27:04,2025-06-24,05:27:04,in,1.0,1310.8,0.0,19.0,5.713,331.4,0.82
2025-06-24 05:27:54,2025-06-24,05:27:54,out,1.0,18.1,100.0,18.1,18.098,47.3,1.42
2025-06-24 05:28:07,2025-06-24,05:28:07,in,1.0,1310.8,0.0,19.0,5.713,331.4,0.82
2025-06-24 05:28:57,2025-06-24,05:28:57,out,1.16,18.1,100.0,18.1,18.098,20.7,1.7
2025-06-24 05:29:10,2025-06-24,05:29:10,in,1.0,1310.8,0.0,19.0,5.713,331.4,0.82
2025-06-24 05:30:00,2025-06-24,05:30:00,out,0.84,18.1,100.0,18.1,18.098,356.5,1.57
2025-06-24 05:30:14,2025-06-24,05:30:14,in,1.0,1310.8,0.0,19.0,5.713,331.4,0.82
2025-06-24 05:31:04,2025-06-24,05:31:04,out,0.8,18.1,100.0,18.1,18.098,8.8,1.01
2025-06-24 05:31:18,2025-06-24,05:31:18,in,1.0,1310.8,0.0,19.0,5.713,331.4,0.82
2025-06-24 05:32:08,2025-06-24,05:32:08,out,0.92,18.1,100.0,18.1,18.098,7.2,1.19
2025-06-24 05:32:21,2025-06-24,05:32:21,in,1.0,1310.8,0.0,18.9,5.672,331.4,0.82
2025-06-24 05:33:11,2025-06-24,05:33:11,out,0.79,18.2,100.0,18.2,18.199,18.2,1.12
2025-06-24 05:33:24,2025-06-24,05:33:24,in,1.0,1310.8,0.0,18.9,5.672,331.4,0.82
2025-06-24 05:34:14,2025-06-24,05:34:14,out,1.12,18.2,100.0,18.2,18.199,23.8,1.57
2025-06-24 05:34:28,2025-06-24,05:34:28,in,1.0,1310.8,0.0,18.9,5.672,331.4,0.82
2025-06-24 05:35:18,2025-06-24,05:35:18,out,0.84,18.2,100.0,18.2,18.199,2.8,1.14
2025-06-24 05:35:32,2025-06-24,05:35:32,in,1.0,1310.8,0.0,18.9,5.672,331.4,0.82
2025-06-24 05:36:22,2025-06-24,05:36:22,out,0.36,18.2,100.0,18.2,18.199,17.5,0.77
2025-06-24 05:36:35,2025-06-24,05:36:35,in,1.0,1310.8,0.0,18.9,5.672,331.4,0.82
2025-06-24 05:37:25,2025-06-24,05:37:25,out,0.56,18.2,100.0,18.2,18.199,349.3,0.71
2025-06-24 05:37:38,2025-06-24,05:37:38,in,1.0,1310.8,0.0,18.9,5.672,331.4,0.82
2025-06-24 05:38:28,2025-06-24,05:38:28,out,0.65,18.2,100.0,18.2,18.199,349.0,0.82
2025-06-24 05:38:42,2025-06-24,05:38:42,in,1.0,1310.8,0.0,18.9,5.672,331.4,0.82
2025-06-24 05:39:32,2025-06-24,05:39:32,out,0.69,18.2,100.0,18.2,18.199,3.8,1.05
2025-06-24 05:39:46,2025-06-24,05:39:46,in,1.0,1310.8,0.0,18.9,5.672,331.4,0.82
2025-06-24 05:40:36,2025-06-24,05:40:36,out,0.93,18.2,100.0,18.2,18.199,349.1,1.12
2025-06-24 05:40:49,2025-06-24,05:40:49,in,1.0,1310.8,0.0,18.9,5.672,331.4,0.82
2025-06-24 05:41:39,2025-06-24,05:41:39,out,0.75,18.2,100.0,18.2,18.199,349.9,1.02
2025-06-24 05:41:52,2025-06-24,05:41:52,in,1.0,1310.8,0.0,18.9,5.672,331.4,0.82
2025-06-24 05:42:42,2025-06-24,05:42:42,out,0.83,18.2,100.0,18.2,18.199,359.8,1.31
2025-06-24 05:42:56,2025-06-24,05:42:56,in,1.0,1310.8,0.0,18.8,5.63,331.4,0.82
2025-06-24 05:43:46,2025-06-24,05:43:46,out,0.31,18.2,100.0,18.2,18.199,7.2,0.97
2025-06-24 05:44:00,2025-06-24,05:44:00,in,1.0,1310.8,0.0,18.8,5.63,331.4,0.82
2025-06-24 05:44:50,2025-06-24,05:44:50,out,0.67,18.2,100.0,18.2,18.199,16.0,1.15
2025-06-24 05:45:03,2025-06-24,05:45:03,in,1.0,1310.8,0.0,18.9,5.672,331.4,0.82
2025-06-24 05:45:53,2025-06-24,05:45:53,out,1.22,18.2,100.0,18.2,18.199,7.0,1.33
2025-06-24 05:46:06,2025-06-24,05:46:06,in,1.0,1310.8,0.0,18.8,5.63,331.4,0.82
2025-06-24 05:46:56,2025-06-24,05:46:56,out,0.82,18.2,100.0,18.2,18.199,33.3,1.38
2025-06-24 05:47:10,2025-06-24,05:47:10,in,1.0,1310.8,0.0,18.8,5.63,331.4,0.82
2025-06-24 05:48:00,2025-06-24,05:48:00,out,0.47,18.2,100.0,18.2,18.199,7.2,0.87
2025-06-24 05:48:14,2025-06-24,05:48:14,in,1.0,1310.8,0.0,18.8,5.63,331.4,0.82
2025-06-24 05:49:04,2025-06-24,05:49:04,out,0.83,18.2,100.0,18.2,18.199,17.0,1.17
2025-06-24 05:49:17,2025-06-24,05:49:17,in,1.0,1310.8,0.0,18.8,5.63,331.4,0.82
2025-06-24 05:50:07,2025-06-24,05:50:07,out,0.59,18.2,100.0,18.2,18.199,358.1,1.26
2025-06-24 05:50:20,2025-06-24,05:50:20,in,1.0,1310.8,0.0,18.8,5.63,331.4,0.82
2025-06-24 05:51:10,2025-06-24,05:51:10,out,0.69,18.2,100.0,18.2,18.199,28.8,0.99
2025-06-24 05:51:24,2025-06-24,05:51:24,in,1.0,1310.8,0.0,18.8,5.63,331.4,0.82
2025-06-24 05:52:14,2025-06-24,05:52:14,out,0.87,18.3,100.0,18.3,18.299,2.9,1.05
2025-06-24 05:52:28,2025-06-24,05:52:28,in,1.0,1310.8,0.0,18.8,5.63,331.4,0.82
2025-06-24 05:53:18,2025-06-24,05:53:18,out,0.87,18.2,100.0,18.2,18.199,6.4,1.25
2025-06-24 05:53:31,2025-06-24,05:53:31,in,1.0,1310.8,0.0,18.8,5.63,331.4,0.82
2025-06-24 05:54:21,2025-06-24,05:54:21,out,0.82,18.2,100.0,18.2,18.199,34.6,1.37
2025-06-24 05:54:34,2025-06-24,05:54:34,in,1.0,1310.8,0.0,18.8,5.63,331.4,0.82
2025-06-24 05:55:24,2025-06-24,05:55:24,out,1.07,18.3,100.0,18.2,18.199,14.4,1.3
2025-06-24 05:55:38,2025-06-24,05:55:38,in,1.0,1310.8,0.0,18.8,5.63,331.4,0.82
2025-06-24 05:56:28,2025-06-24,05:56:28,out,1.08,18.2,100.0,18.2,18.199,19.6,1.38
2025-06-24 05:56:42,2025-06-24,05:56:42,in,1.0,1310.8,0.0,18.8,5.63,331.4,0.82
2025-06-24 05:57:32,2025-06-24,05:57:32,out,0.82,18.2,100.0,18.2,18.199,7.4,1.56
2025-06-24 05:57:45,2025-06-24,05:57:45,in,1.0,1310.8,0.0,18.8,5.63,331.4,0.82
2025-06-24 05:58:35,2025-06-24,05:58:35,out,1.01,18.3,100.0,18.2,18.199,1.7,1.28
2025-06-24 05:58:48,2025-06-24,05:58:48,in,1.0,1310.8,0.0,18.8,5.63,331.4,0.82
2025-06-24 05:59:38,2025-06-24,05:59:38,out,0.98,18.3,100.0,18.3,18.299,2.9,1.29
2025-06-24 05:59:52,2025-06-24,05:59:52,in,1.0,1310.8,0.0,18.8,5.63,331.4,0.82
2025-06-24 06:00:42,2025-06-24,06:00:42,out,0.95,18.3,100.0,18.3,18.299,4.1,1.28
2025-06-24 06:00:56,2025-06-24,06:00:56,in,1.0,1310.8,0.0,18.8,5.63,331.4,0.82
2025-06-24 06:01:46,2025-06-24,06:01:46,out,0.98,18.3,100.0,18.3,18.299,38.4,1.15
2025-06-24 06:01:59,2025-06-24,06:01:59,in,1.0,1310.8,0.0,18.8,5.63,331.4,0.82
2025-06-24 06:02:49,2025-06-24,06:02:49,out,0.73,18.3,100.0,18.3,18.299,355.8,1.27
2025-06-24 06:03:02,2025-06-24,06:03:02,in,1.0,1310.8,0.0,18.8,5.63,331.4,0.82
2025-06-24 06:03:52,2025-06-24,06:03:52,out,0.77,18.3,100.0,18.3,18.299,14.0,1.36
2025-06-24 06:04:06,2025-06-24,06:04:06,in,1.0,1310.8,0.0,18.8,5.63,331.4,0.82
2025-06-24 06:04:56,2025-06-24,06:04:56,out,0.77,18.3,100.0,18.3,18.299,14.1,1.3
2025-06-24 06:05:10,2025-06-24,06:05:10,in,1.0,1310.8,0.0,18.8,5.63,331.4,0.82
2025-06-24 06:06:00,2025-06-24,06:06:00,out,0.66,18.3,100.0,18.3,18.299,17.1,1.29
2025-06-24 06:06:13,2025-06-24,06:06:13,in,1.0,1310.8,0.0,18.8,5.63,331.4,0.82
2025-06-24 06:07:03,2025-06-24,06:07:03,out,1.11,18.3,100.0,18.3,18.299,8.3,1.33
2025-06-24 06:07:16,2025-06-24,06:07:16,in,1.0,1310.8,0.0,18.8,5.63,331.4,0.82
2025-06-24 06:08:06,2025-06-24,06:08:06,out,0.98,18.3,100.0,18.3,18.299,32.2,1.33
2025-06-24 06:08:48,2025-06-24,06:08:48,in,1.0,1310.8,0.0,18.8,5.63,331.4,0.82
2025-06-24 06:09:10,2025-06-24,06:09:10,out,0.95,18.3,100.0,18.3,18.299,14.7,1.69
2025-06-24 06:09:50,2025-06-24,06:09:50,in,1.0,1310.8,0.0,18.8,5.63,331.4,0.82
2025-06-24 06:10:14,2025-06-24,06:10:14,out,1.24,18.4,100.0,18.4,18.4,10.8,1.63
2025-06-24 06:10:54,2025-06-24,06:10:54,in,1.0,1310.8,0.0,18.8,5.63,331.4,0.82
2025-06-24 06:11:17,2025-06-24,06:11:17,out,1.09,18.4,100.0,18.4,18.4,4.4,1.59
2025-06-24 06:11:57,2025-06-24,06:11:57,in,1.0,1310.8,0.0,18.8,5.63,331.4,0.82
2025-06-24 06:12:20,2025-06-24,06:12:20,out,0.8,18.4,100.0,18.4,18.4,33.6,1.18
2025-06-24 06:13:00,2025-06-24,06:13:00,in,1.0,1310.8,0.0,18.7,5.588,331.4,0.82
2025-06-24 06:13:24,2025-06-24,06:13:24,out,0.99,18.4,100.0,18.4,18.4,16.3,1.33
2025-06-24 06:14:04,2025-06-24,06:14:04,in,1.0,1310.8,0.0,18.8,5.63,331.4,0.82
2025-06-24 06:14:28,2025-06-24,06:14:28,out,1.2,18.4,100.0,18.4,18.4,14.3,1.56
2025-06-24 06:15:08,2025-06-24,06:15:08,in,1.0,1310.8,0.0,18.8,5.63,331.4,0.82
2025-06-24 06:15:31,2025-06-24,06:15:31,out,0.97,18.5,100.0,18.5,18.501,4.4,1.82
2025-06-24 06:16:11,2025-06-24,06:16:11,in,1.0,1310.8,0.0,18.7,5.588,331.4,0.82
2025-06-24 06:16:34,2025-06-24,06:16:34,out,1.32,18.5,100.0,18.5,18.501,21.2,1.8
2025-06-24 06:17:14,2025-06-24,06:17:14,in,1.0,1310.8,0.0,18.8,5.63,331.4,0.82
2025-06-24 06:17:38,2025-06-24,06:17:38,out,1.17,18.5,100.0,18.5,18.501,19.9,2.05
2025-06-24 06:18:18,2025-06-24,06:18:18,in,1.0,1310.8,0.0,18.8,5.63,331.4,0.82
2025-06-24 06:18:42,2025-06-24,06:18:42,out,0.9,18.5,100.0,18.5,18.501,36.4,1.82
2025-06-24 06:19:22,2025-06-24,06:19:22,in,1.0,1310.8,0.0,18.8,5.63,331.4,0.82
2025-06-24 06:19:45,2025-06-24,06:19:45,out,1.05,18.5,100.0,18.5,18.501,28.4,1.81
2025-06-24 06:20:25,2025-06-24,06:20:25,in,1.0,1310.8,0.0,18.8,5.63,331.4,0.82
2025-06-24 06:20:48,2025-06-24,06:20:48,out,1.45,18.6,100.0,18.6,18.602,20.5,1.77
2025-06-24 06:21:28,2025-06-24,06:21:28,in,1.0,1310.8,0.0,18.8,5.63,331.4,0.82
2025-06-24 06:21:52,2025-06-24,06:21:52,out,1.07,18.6,100.0,18.6,18.602,11.1,1.56
2025-06-24 06:22:32,2025-06-24,06:22:32,in,1.0,1310.8,0.0,18.8,5.63,331.4,0.82
2025-06-24 06:22:56,2025-06-24,06:22:56,out,0.89,18.6,100.0,18.6,18.602,51.6,1.82
2025-06-24 06:23:36,2025-06-24,06:23:36,in,1.0,1310.8,0.0,18.8,5.63,331.4,0.82
2025-06-24 06:23:59,2025-06-24,06:23:59,out,1.38,18.6,100.0,18.6,18.602,33.7,1.67
2025-06-24 06:24:39,2025-06-24,06:24:39,in,1.0,1310.8,0.0,18.8,5.63,331.4,0.82
2025-06-24 06:25:02,2025-06-24,06:25:02,out,1.25,18.6,100.0,18.6,18.602,8.0,1.5
2025-06-24 06:25:42,2025-06-24,06:25:42,in,1.0,1310.8,0.0,18.8,5.63,331.4,0.82
2025-06-24 06:26:06,2025-06-24,06:26:06,out,1.14,18.7,100.0,18.7,18.702,44.0,1.73
2025-06-24 06:26:46,2025-06-24,06:26:46,in,1.0,1310.8,0.0,18.9,5.672,331.4,0.82
2025-06-24 06:27:10,2025-06-24,06:27:10,out,1.27,18.7,100.0,18.7,18.702,39.5,1.94
2025-06-24 06:27:50,2025-06-24,06:27:50,in,1.0,1310.8,0.0,18.9,5.672,331.4,0.82
2025-06-24 06:28:13,2025-06-24,06:28:13,out,0.94,18.7,100.0,18.7,18.702,12.3,2.1
2025-06-24 06:28:54,2025-06-24,06:28:54,in,1.0,1310.8,0.0,18.9,5.672,331.4,0.82
2025-06-24 06:29:16,2025-06-24,06:29:16,out,0.97,18.7,100.0,18.7,18.702,23.4,1.92
2025-06-24 06:29:57,2025-06-24,06:29:57,in,1.0,1310.8,0.0,18.9,5.672,331.4,0.82
2025-06-24 06:30:20,2025-06-24,06:30:20,out,1.57,18.7,100.0,18.7,18.702,37.5,2.37
2025-06-24 06:31:00,2025-06-24,06:31:00,in,1.0,1310.8,0.0,18.9,5.672,331.4,0.82
2025-06-24 06:31:24,2025-06-24,06:31:24,out,0.8,18.7,100.0,18.7,18.702,38.8,2.0
2025-06-24 06:32:04,2025-06-24,06:32:04,in,1.0,1310.8,0.0,18.9,5.672,331.4,0.82
2025-06-24 06:32:27,2025-06-24,06:32:27,out,1.12,18.8,100.0,18.8,18.803,11.4,1.41
2025-06-24 06:33:08,2025-06-24,06:33:08,in,1.0,1310.8,0.0,19.0,5.713,331.4,0.82
2025-06-24 06:33:31,2025-06-24,06:33:31,out,1.08,18.8,100.0,18.8,18.803,356.3,1.41
2025-06-24 06:34:11,2025-06-24,06:34:11,in,1.0,1310.8,0.0,19.0,5.713,331.4,0.82
2025-06-24 06:34:34,2025-06-24,06:34:34,out,1.4,18.8,100.0,18.8,18.803,4.6,1.57
2025-06-24 06:35:14,2025-06-24,06:35:14,in,1.0,1310.8,0.0,19.1,5.755,331.4,0.82
2025-06-24 06:35:38,2025-06-24,06:35:38,out,1.37,18.9,100.0,18.9,18.904,2.7,1.84
2025-06-24 06:36:18,2025-06-24,06:36:18,in,1.0,1310.8,0.0,19.1,5.755,331.4,0.82
2025-06-24 06:36:42,2025-06-24,06:36:42,out,1.43,18.9,100.0,18.9,18.904,358.8,1.88
2025-06-24 06:37:22,2025-06-24,06:37:22,in,1.0,1310.8,0.0,19.1,5.755,331.4,0.82
2025-06-24 06:37:44,2025-06-24,06:37:44,out,1.22,18.9,100.0,18.9,18.904,16.9,1.89
2025-06-24 06:38:25,2025-06-24,06:38:25,in,1.0,1310.8,0.0,19.1,5.755,331.4,0.82
2025-06-24 06:38:48,2025-06-24,06:38:48,out,1.13,18.9,100.0,18.9,18.904,19.2,1.57
2025-06-24 06:39:28,2025-06-24,06:39:28,in,1.0,1310.8,0.0,19.2,5.796,331.4,0.82
2025-06-24 06:39:52,2025-06-24,06:39:52,out,1.1,18.9,100.0,18.9,18.904,27.7,1.84
2025-06-24 06:40:32,2025-06-24,06:40:32,in,1.0,1310.8,0.0,19.2,5.796,331.4,0.82
2025-06-24 06:40:56,2025-06-24,06:40:56,out,0.58,19.0,100.0,19.0,19.004,8.2,1.29
2025-06-24 06:41:36,2025-06-24,06:41:36,in,1.0,1310.8,0.0,19.2,5.796,331.4,0.82
2025-06-24 06:41:59,2025-06-24,06:41:59,out,0.69,19.0,100.0,19.0,19.004,17.6,1.46
2025-06-24 06:42:39,2025-06-24,06:42:39,in,1.0,1310.8,0.0,19.3,5.838,331.4,0.82
2025-06-24 06:43:02,2025-06-24,06:43:02,out,0.73,19.0,100.0,19.0,19.004,14.2,1.87
2025-06-24 06:43:42,2025-06-24,06:43:42,in,1.0,1310.8,0.0,19.2,5.796,331.4,0.82
2025-06-24 06:44:06,2025-06-24,06:44:06,out,0.98,19.1,100.0,19.1,19.105,3.1,1.27
2025-06-24 06:44:46,2025-06-24,06:44:46,in,1.0,1310.8,0.0,19.3,5.838,331.4,0.82
2025-06-24 06:45:10,2025-06-24,06:45:10,out,0.84,19.1,100.0,19.1,19.105,7.3,1.82
2025-06-24 06:45:50,2025-06-24,06:45:50,in,1.0,1310.8,0.0,19.3,5.838,331.4,0.82
2025-06-24 06:46:13,2025-06-24,06:46:13,out,0.83,19.2,100.0,19.2,19.206,25.9,1.24
2025-06-24 06:46:53,2025-06-24,06:46:53,in,1.0,1310.8,0.0,19.4,5.879,331.4,0.82
2025-06-24 06:47:16,2025-06-24,06:47:16,out,0.59,19.2,100.0,19.2,19.206,41.9,1.44
2025-06-24 06:47:56,2025-06-24,06:47:56,in,1.0,1310.8,0.0,19.4,5.879,331.4,0.82
2025-06-24 06:48:20,2025-06-24,06:48:20,out,1.38,19.2,100.0,19.2,19.206,20.6,1.46
2025-06-24 06:49:00,2025-06-24,06:49:00,in,1.0,1310.8,0.0,19.4,5.879,331.4,0.82
2025-06-24 06:49:24,2025-06-24,06:49:24,out,0.86,19.2,100.0,19.2,19.206,9.8,1.64
2025-06-24 06:50:04,2025-06-24,06:50:04,in,1.0,1310.8,0.0,19.5,5.921,331.4,0.82
2025-06-24 06:50:27,2025-06-24,06:50:27,out,0.96,19.3,100.0,19.3,19.307,18.5,1.44
2025-06-24 06:51:07,2025-06-24,06:51:07,in,1.0,1310.8,0.0,19.6,5.963,331.4,0.82
2025-06-24 06:51:30,2025-06-24,06:51:30,out,0.78,19.3,100.0,19.3,19.307,10.2,1.36
2025-06-24 06:52:10,2025-06-24,06:52:10,in,1.0,1310.8,0.0,19.6,5.963,331.4,0.82
2025-06-24 06:52:34,2025-06-24,06:52:34,out,0.84,19.4,100.0,19.4,19.407,30.1,1.32
2025-06-24 06:53:14,2025-06-24,06:53:14,in,1.0,1310.8,0.0,19.6,5.963,331.4,0.82
2025-06-24 06:53:38,2025-06-24,06:53:38,out,0.64,19.4,100.0,19.4,19.407,51.2,1.11
2025-06-24 06:54:18,2025-06-24,06:54:18,in,1.0,1310.8,0.0,19.7,6.004,331.4,0.82
2025-06-24 06:54:41,2025-06-24,06:54:41,out,0.92,19.5,100.0,19.5,19.508,22.8,1.23
2025-06-24 06:55:21,2025-06-24,06:55:21,in,1.0,1310.8,0.0,19.7,6.004,331.4,0.82
2025-06-24 06:55:44,2025-06-24,06:55:44,out,1.77,,,19.5,,19.5,10.0
2025-06-24 06:56:24,2025-06-24,06:56:24,in,0.8,1310.8,0.0,19.8,6.046,334.4,1.08
2025-06-24 06:56:48,2025-06-24,06:56:48,out,0.9,19.5,100.0,19.5,19.508,2.3,1.61
2025-06-24 06:57:28,2025-06-24,06:57:28,in,1.15,1310.8,0.0,19.8,6.046,318.6,1.43
2025-06-24 06:57:52,2025-06-24,06:57:52,out,0.76,19.6,100.0,19.6,19.609,22.3,1.46
2025-06-24 06:58:32,2025-06-24,06:58:32,in,0.87,1310.8,0.0,19.9,6.087,326.9,1.96
2025-06-24 06:58:55,2025-06-24,06:58:55,out,1.04,19.6,100.0,19.6,19.609,15.5,1.66
2025-06-24 06:59:35,2025-06-24,06:59:35,in,1.14,1310.8,0.0,19.9,6.087,328.9,1.72
2025-06-24 06:59:58,2025-06-24,06:59:58,out,0.97,19.6,100.0,19.6,19.609,6.1,1.5
2025-06-24 07:00:38,2025-06-24,07:00:38,in,0.81,1310.8,0.0,20.0,6.129,328.4,1.26
2025-06-24 07:01:02,2025-06-24,07:01:02,out,1.16,19.7,100.0,19.7,19.709,22.9,1.75
2025-06-24 07:01:42,2025-06-24,07:01:42,in,0.95,1310.8,0.0,20.1,6.17,318.8,1.55
2025-06-24 07:02:06,2025-06-24,07:02:06,out,0.97,19.7,100.0,19.7,19.709,12.9,2.04
2025-06-24 07:02:46,2025-06-24,07:02:46,in,1.27,1310.8,0.0,20.1,6.17,319.4,1.82
2025-06-24 07:03:09,2025-06-24,07:03:09,out,1.2,19.7,100.0,19.7,19.709,5.3,2.01
2025-06-24 07:03:49,2025-06-24,07:03:49,in,1.06,1310.8,0.0,20.2,6.212,316.0,1.42
2025-06-24 07:04:12,2025-06-24,07:04:12,out,1.07,19.7,100.0,19.7,19.709,9.8,1.68
2025-06-24 07:04:52,2025-06-24,07:04:52,in,1.08,1310.8,0.0,20.2,6.212,326.3,2.04
2025-06-24 07:05:16,2025-06-24,07:05:16,out,1.39,19.8,100.0,19.8,19.81,20.3,1.59
2025-06-24 07:05:56,2025-06-24,07:05:56,in,1.4,1310.8,0.0,20.3,6.253,318.4,1.91
2025-06-24 07:06:20,2025-06-24,07:06:20,out,0.83,19.8,100.0,19.8,19.81,18.8,1.5
2025-06-24 07:07:00,2025-06-24,07:07:00,in,1.28,1310.8,0.0,20.3,6.253,327.5,1.73
2025-06-24 07:07:23,2025-06-24,07:07:23,out,0.62,19.9,100.0,19.9,19.911,6.6,1.61
2025-06-24 07:08:03,2025-06-24,07:08:03,in,1.43,1310.8,0.0,20.4,6.295,315.8,1.79
2025-06-24 07:08:26,2025-06-24,07:08:26,out,0.81,19.9,100.0,19.9,19.911,34.9,1.95
2025-06-24 07:09:07,2025-06-24,07:09:07,in,1.0,1310.8,0.0,20.5,6.337,333.5,1.78
2025-06-24 07:09:30,2025-06-24,07:09:30,out,1.31,20.0,100.0,20.0,20.012,33.5,1.43
2025-06-24 07:10:10,2025-06-24,07:10:10,in,0.91,1310.8,0.0,20.5,6.337,316.1,1.63
2025-06-24 07:10:34,2025-06-24,07:10:34,out,0.6,20.1,100.0,20.1,20.112,37.9,1.52
2025-06-24 07:11:14,2025-06-24,07:11:14,in,1.7,1310.8,0.0,20.6,6.378,331.4,2.15
2025-06-24 07:11:37,2025-06-24,07:11:37,out,0.73,20.1,100.0,20.1,20.112,5.6,0.92
2025-06-24 07:12:18,2025-06-24,07:12:18,in,1.47,1310.8,0.0,20.6,6.378,335.7,2.12
2025-06-24 07:12:40,2025-06-24,07:12:40,out,0.82,20.2,100.0,20.2,20.213,22.6,1.06
2025-06-24 07:13:21,2025-06-24,07:13:21,in,1.24,1310.8,0.0,20.7,6.42,343.6,2.26
2025-06-24 07:13:44,2025-06-24,07:13:44,out,0.58,20.3,100.0,20.3,20.314,40.8,1.02
2025-06-24 07:14:24,2025-06-24,07:14:24,in,0.86,1310.8,0.0,20.7,6.42,341.1,2.1
2025-06-24 07:14:48,2025-06-24,07:14:48,out,1.07,20.4,100.0,20.4,20.414,23.4,1.36
2025-06-24 07:15:28,2025-06-24,07:15:28,in,0.83,1310.8,0.0,20.8,6.461,324.9,1.72
2025-06-24 07:15:51,2025-06-24,07:15:51,out,0.6,20.4,100.0,20.4,20.414,39.3,1.19
2025-06-24 07:16:32,2025-06-24,07:16:32,in,1.32,1310.8,0.0,20.8,6.461,325.5,1.93
2025-06-24 07:16:54,2025-06-24,07:16:54,out,0.62,20.5,100.0,20.5,20.515,13.7,1.49
2025-06-24 07:17:35,2025-06-24,07:17:35,in,1.29,1310.8,0.0,20.9,6.503,329.4,2.04
2025-06-24 07:17:58,2025-06-24,07:17:58,out,0.87,20.5,100.0,20.5,20.515,1.4,1.14
2025-06-24 07:18:38,2025-06-24,07:18:38,in,0.9,1310.8,0.0,20.9,6.503,327.2,1.48
2025-06-24 07:19:02,2025-06-24,07:19:02,out,0.77,20.6,100.0,20.6,20.616,0.8,1.03
2025-06-24 07:19:42,2025-06-24,07:19:42,in,1.28,1310.8,0.0,21.0,6.544,338.2,1.56
2025-06-24 07:20:34,2025-06-24,07:20:34,out,1.08,20.6,100.0,20.6,20.616,7.3,1.41
2025-06-24 07:20:46,2025-06-24,07:20:46,in,1.08,1310.8,0.0,21.1,6.586,335.3,2.08
2025-06-24 07:21:36,2025-06-24,07:21:36,out,0.87,20.7,100.0,20.7,20.717,38.0,1.43
2025-06-24 07:21:49,2025-06-24,07:21:49,in,0.94,1310.8,0.0,21.2,6.627,323.9,1.73
2025-06-24 07:22:40,2025-06-24,07:22:40,out,0.53,20.7,100.0,20.8,20.817,30.1,1.17
2025-06-24 07:22:52,2025-06-24,07:22:52,in,0.94,1310.8,0.0,21.3,6.669,328.3,1.7
2025-06-24 07:23:44,2025-06-24,07:23:44,out,0.97,20.9,100.0,20.9,20.918,20.0,1.24
2025-06-24 07:23:56,2025-06-24,07:23:56,in,1.45,1310.8,0.0,21.3,6.669,325.7,1.79
2025-06-24 07:24:47,2025-06-24,07:24:47,out,0.6,20.9,100.0,20.9,20.918,16.8,1.29
2025-06-24 07:25:00,2025-06-24,07:25:00,in,1.52,1310.8,0.0,21.4,6.71,317.0,1.88
2025-06-24 07:25:50,2025-06-24,07:25:50,out,1.0,20.9,100.0,20.9,20.918,6.0,1.29
2025-06-24 07:26:03,2025-06-24,07:26:03,in,1.46,1310.8,0.0,21.5,6.752,322.4,1.8
2025-06-24 07:26:54,2025-06-24,07:26:54,out,0.65,21.0,100.0,21.0,21.019,8.4,1.12
2025-06-24 07:27:06,2025-06-24,07:27:06,in,1.08,1310.8,0.0,21.6,6.793,333.5,2.26
2025-06-24 07:27:58,2025-06-24,07:27:58,out,0.84,21.0,100.0,21.1,21.119,33.1,1.06
2025-06-24 07:28:10,2025-06-24,07:28:10,in,1.14,1310.8,0.0,21.7,6.835,324.0,1.83
2025-06-24 07:29:01,2025-06-24,07:29:01,out,0.75,21.1,100.0,21.1,21.119,16.8,0.97
2025-06-24 07:29:14,2025-06-24,07:29:14,in,0.86,1310.8,0.0,21.8,6.876,341.1,1.9
2025-06-24 07:30:04,2025-06-24,07:30:04,out,0.88,21.2,100.0,21.2,21.22,24.2,1.46
2025-06-24 07:30:17,2025-06-24,07:30:17,in,1.46,1310.8,0.0,21.9,6.918,325.9,1.87
2025-06-24 07:31:08,2025-06-24,07:31:08,out,0.53,21.2,100.0,21.2,21.22,25.7,0.95
2025-06-24 07:31:20,2025-06-24,07:31:20,in,1.48,1310.8,0.0,22.0,6.959,330.6,1.77
2025-06-24 07:32:12,2025-06-24,07:32:12,out,0.74,21.4,100.0,21.4,21.422,56.9,0.99
2025-06-24 07:32:24,2025-06-24,07:32:24,in,1.26,1310.8,0.0,22.1,7.001,330.6,2.34
2025-06-24 07:33:15,2025-06-24,07:33:15,out,0.9,21.4,100.0,21.4,21.422,30.3,1.23
2025-06-24 07:33:28,2025-06-24,07:33:28,in,1.04,1310.8,0.0,22.1,7.001,321.9,1.89
2025-06-24 07:34:18,2025-06-24,07:34:18,out,1.0,21.5,100.0,21.5,21.522,40.7,1.46
2025-06-24 07:34:31,2025-06-24,07:34:31,in,0.87,1310.8,0.0,22.2,7.042,338.7,1.96
2025-06-24 07:35:22,2025-06-24,07:35:22,out,0.96,21.6,100.0,21.6,21.623,59.3,1.18
2025-06-24 07:35:34,2025-06-24,07:35:34,in,1.54,1310.8,0.0,22.3,7.084,326.3,1.89
2025-06-24 07:36:26,2025-06-24,07:36:26,out,1.25,21.7,100.0,21.7,21.724,55.8,1.47
2025-06-24 07:36:38,2025-06-24,07:36:38,in,1.46,1310.8,0.0,22.4,7.125,318.8,1.91
2025-06-24 07:37:29,2025-06-24,07:37:29,out,0.48,21.7,100.0,21.7,21.724,7.8,1.22
2025-06-24 07:37:42,2025-06-24,07:37:42,in,1.25,1310.8,0.0,22.4,7.125,323.3,2.14
2025-06-24 07:38:32,2025-06-24,07:38:32,out,0.58,21.8,100.0,21.8,21.824,350.3,0.95
2025-06-24 07:38:45,2025-06-24,07:38:45,in,1.02,1310.8,0.0,22.5,7.167,326.2,1.58
2025-06-24 07:39:36,2025-06-24,07:39:36,out,0.4,21.9,100.0,21.9,21.925,359.6,0.76
2025-06-24 07:39:48,2025-06-24,07:39:48,in,0.99,1310.8,0.0,22.6,7.209,325.5,1.82
2025-06-24 07:40:40,2025-06-24,07:40:40,out,0.29,22.0,100.0,22.0,22.026,35.6,0.88
2025-06-24 07:40:52,2025-06-24,07:40:52,in,1.45,1310.8,0.0,22.6,7.209,331.0,2.04
2025-06-24 07:41:43,2025-06-24,07:41:43,out,0.39,22.1,100.0,22.1,22.127,100.8,0.66
2025-06-24 07:41:56,2025-06-24,07:41:56,in,1.44,1310.8,0.0,22.6,7.209,321.3,1.78
2025-06-24 07:42:46,2025-06-24,07:42:46,out,0.29,22.2,100.0,22.2,22.227,42.0,0.69
2025-06-24 07:42:59,2025-06-24,07:42:59,in,1.06,1310.8,0.0,22.8,7.292,326.9,1.5
2025-06-24 07:43:50,2025-06-24,07:43:50,out,0.68,22.4,100.0,22.4,22.429,358.3,0.74
2025-06-24 07:44:02,2025-06-24,07:44:02,in,1.31,1310.8,0.0,22.8,7.292,321.0,2.05
2025-06-24 07:44:54,2025-06-24,07:44:54,out,0.27,22.4,100.0,22.4,22.429,2.1,0.61
2025-06-24 07:45:06,2025-06-24,07:45:06,in,1.27,1310.8,0.0,22.9,7.333,326.5,1.66
2025-06-24 07:45:57,2025-06-24,07:45:57,out,0.45,22.4,100.0,22.4,22.429,343.9,1.01
2025-06-24 07:46:10,2025-06-24,07:46:10,in,1.36,1310.8,0.0,22.9,7.333,321.9,2.09
2025-06-24 07:47:00,2025-06-24,07:47:00,out,0.79,22.4,100.0,22.4,22.429,14.0,0.89
2025-06-24 07:47:13,2025-06-24,07:47:13,in,1.33,1310.8,0.0,23.0,7.374,327.6,1.71
2025-06-24 07:48:04,2025-06-24,07:48:04,out,0.68,22.5,100.0,22.5,22.529,350.3,0.83
2025-06-24 07:48:16,2025-06-24,07:48:16,in,1.1,1310.8,0.0,23.1,7.416,326.4,1.43
2025-06-24 07:49:08,2025-06-24,07:49:08,out,0.66,22.5,100.0,22.5,22.529,356.9,1.21
2025-06-24 07:49:20,2025-06-24,07:49:20,in,1.41,1310.8,0.0,23.2,7.457,331.1,2.12
2025-06-24 07:50:11,2025-06-24,07:50:11,out,1.08,22.5,100.0,22.5,22.529,357.2,1.31
2025-06-24 07:50:24,2025-06-24,07:50:24,in,1.75,1310.8,0.0,23.2,7.457,311.5,2.05
2025-06-24 07:51:14,2025-06-24,07:51:14,out,0.87,22.5,100.0,22.5,22.529,346.4,1.37
2025-06-24 07:51:27,2025-06-24,07:51:27,in,1.32,1310.8,0.0,23.3,7.499,327.0,1.85
2025-06-24 07:52:18,2025-06-24,07:52:18,out,0.7,22.6,100.0,22.6,22.63,337.1,1.19
2025-06-24 07:52:30,2025-06-24,07:52:30,in,1.23,1310.8,0.0,23.3,7.499,322.9,1.88
2025-06-24 07:53:22,2025-06-24,07:53:22,out,0.92,22.6,100.0,22.6,22.63,335.5,1.02
2025-06-24 07:53:34,2025-06-24,07:53:34,in,0.9,1310.8,0.0,23.4,7.54,325.7,1.97
2025-06-24 07:54:25,2025-06-24,07:54:25,out,0.79,22.6,100.0,22.6,22.63,347.3,1.38
2025-06-24 07:54:38,2025-06-24,07:54:38,in,1.21,1310.8,0.0,23.5,7.582,327.5,2.32
2025-06-24 07:55:29,2025-06-24,07:55:29,out,0.58,22.7,100.0,22.7,22.731,338.1,1.09
2025-06-24 07:55:41,2025-06-24,07:55:41,in,1.49,1310.8,0.0,23.5,7.582,323.2,2.22
2025-06-24 07:56:32,2025-06-24,07:56:32,out,0.85,22.8,99.9,22.8,22.819,358.5,1.17
2025-06-24 07:56:44,2025-06-24,07:56:44,in,1.49,1310.8,0.0,23.6,7.623,322.9,2.18
2025-06-24 07:57:36,2025-06-24,07:57:36,out,0.5,22.6,98.7,22.8,22.662,43.2,1.36
2025-06-24 07:57:48,2025-06-24,07:57:48,in,1.28,1310.8,0.0,23.7,7.665,321.0,1.65
2025-06-24 07:58:40,2025-06-24,07:58:40,out,0.65,22.7,98.7,22.9,22.763,359.5,0.87
2025-06-24 07:58:52,2025-06-24,07:58:52,in,1.07,1310.8,0.0,23.7,7.665,326.0,2.08
2025-06-24 07:59:42,2025-06-24,07:59:42,out,0.88,22.5,97.3,23.0,22.681,12.4,1.22
2025-06-24 07:59:56,2025-06-24,07:59:56,in,1.17,1310.8,0.0,23.8,7.706,320.9,1.74
2025-06-24 08:00:46,2025-06-24,08:00:46,out,0.61,22.5,96.6,23.1,22.689,352.0,0.81
2025-06-24 08:00:59,2025-06-24,08:00:59,in,1.5,1310.8,0.0,23.9,7.748,331.2,1.92
2025-06-24 08:01:50,2025-06-24,08:01:50,out,0.64,22.2,94.8,23.1,22.454,8.6,0.97
2025-06-24 08:02:02,2025-06-24,08:02:02,in,1.36,1310.8,0.0,23.9,7.748,321.3,1.93
2025-06-24 08:02:54,2025-06-24,08:02:54,out,0.71,22.2,94.6,23.2,22.527,351.9,0.89
2025-06-24 08:03:06,2025-06-24,08:03:06,in,1.3,1310.8,0.0,24.0,7.789,326.8,1.8
2025-06-24 08:03:57,2025-06-24,08:03:57,out,0.76,22.0,93.3,23.2,22.357,3.8,1.1
2025-06-24 08:04:09,2025-06-24,08:04:09,in,1.17,1310.8,0.0,24.1,7.831,322.4,1.71
2025-06-24 08:05:00,2025-06-24,08:05:00,out,0.87,22.0,92.2,23.3,22.311,357.0,1.16
2025-06-24 08:05:13,2025-06-24,08:05:13,in,0.88,1310.8,0.0,24.2,7.872,336.6,1.63
2025-06-24 08:06:04,2025-06-24,08:06:04,out,0.83,21.6,90.3,23.3,22.061,11.3,1.22
2025-06-24 08:06:16,2025-06-24,08:06:16,in,1.27,1310.8,0.0,24.2,7.872,322.0,2.01
2025-06-24 08:07:08,2025-06-24,08:07:08,out,1.02,21.4,88.8,23.3,21.864,10.7,1.33
2025-06-24 08:07:20,2025-06-24,08:07:20,in,1.26,1310.8,0.0,24.3,7.914,335.3,2.04
2025-06-24 08:08:11,2025-06-24,08:08:11,out,1.03,21.2,87.7,23.4,21.817,15.9,1.72
2025-06-24 08:08:23,2025-06-24,08:08:23,in,1.35,1310.8,0.0,24.4,7.955,331.2,1.97
2025-06-24 08:09:14,2025-06-24,08:09:14,out,1.25,21.1,86.5,23.5,21.756,6.5,1.34
2025-06-24 08:09:27,2025-06-24,08:09:27,in,1.51,1310.8,0.0,24.5,7.997,331.1,1.9
2025-06-24 08:10:18,2025-06-24,08:10:18,out,0.84,21.0,85.8,23.6,21.76,8.3,1.4
2025-06-24 08:10:30,2025-06-24,08:10:30,in,1.63,1310.8,0.0,24.5,7.997,331.4,2.39
2025-06-24 08:11:22,2025-06-24,08:11:22,out,1.37,20.9,84.5,23.7,21.685,12.3,1.69
2025-06-24 08:11:34,2025-06-24,08:11:34,in,1.7,1310.8,0.0,24.7,8.08,324.1,2.15
2025-06-24 08:12:25,2025-06-24,08:12:25,out,0.9,20.5,82.5,23.7,21.418,351.1,1.79
2025-06-24 08:12:38,2025-06-24,08:12:38,in,1.58,1310.8,0.0,24.7,8.08,326.3,2.09
2025-06-24 08:13:28,2025-06-24,08:13:28,out,1.35,20.4,81.3,23.8,21.354,6.2,1.61
2025-06-24 08:13:41,2025-06-24,08:13:41,in,1.38,1310.8,0.0,24.8,8.121,318.1,2.11
2025-06-24 08:14:32,2025-06-24,08:14:32,out,0.98,20.1,79.9,23.8,21.166,26.9,1.6
2025-06-24 08:14:44,2025-06-24,08:14:44,in,1.49,1310.8,0.0,24.8,8.121,320.6,1.99
2025-06-24 08:15:36,2025-06-24,08:15:36,out,1.08,20.1,79.6,23.9,21.221,347.1,1.52
2025-06-24 08:15:48,2025-06-24,08:15:48,in,1.37,1310.8,0.0,24.9,8.163,325.9,2.01
2025-06-24 08:16:39,2025-06-24,08:16:39,out,1.46,20.0,78.6,24.0,21.182,337.8,1.59
2025-06-24 08:16:52,2025-06-24,08:16:52,in,1.4,1310.8,0.0,25.0,8.204,321.2,1.8
2025-06-24 08:17:42,2025-06-24,08:17:42,out,1.13,19.8,76.8,24.1,21.033,327.9,1.6
2025-06-24 08:17:56,2025-06-24,08:17:56,in,2.37,,,1310.8,,25.0,0.0
2025-06-24 08:18:46,2025-06-24,08:18:46,out,1.1,19.7,76.3,24.1,20.965,10.2,1.39
2025-06-24 08:18:59,2025-06-24,08:18:59,in,1.4,1310.8,0.0,25.0,8.204,326.2,1.97
2025-06-24 08:19:50,2025-06-24,08:19:50,out,1.17,19.7,75.9,24.2,21.006,5.1,1.55
2025-06-24 08:20:02,2025-06-24,08:20:02,in,1.78,1310.8,0.0,25.1,8.246,320.2,2.1
2025-06-24 08:20:53,2025-06-24,08:20:53,out,0.82,19.4,74.6,24.2,20.828,353.4,1.58
2025-06-24 08:21:06,2025-06-24,08:21:06,in,1.38,1310.8,0.0,25.2,8.287,322.5,1.86
2025-06-24 08:21:56,2025-06-24,08:21:56,out,1.17,19.4,74.1,24.3,20.854,343.3,1.54
2025-06-24 08:22:10,2025-06-24,08:22:10,in,1.27,1310.8,0.0,25.3,8.328,324.3,1.86
2025-06-24 08:23:00,2025-06-24,08:23:00,out,0.93,19.4,73.7,24.4,20.893,41.7,1.37
2025-06-24 08:23:12,2025-06-24,08:23:12,in,1.57,1310.8,0.0,25.3,8.328,314.7,2.04
2025-06-24 08:24:04,2025-06-24,08:24:04,out,0.94,19.4,73.4,24.5,20.946,15.7,1.2
2025-06-24 08:24:16,2025-06-24,08:24:16,in,1.76,1310.8,0.0,25.3,8.328,323.9,2.54
2025-06-24 08:25:07,2025-06-24,08:25:07,out,0.8,19.5,73.3,24.6,21.026,10.1,1.01
2025-06-24 08:25:20,2025-06-24,08:25:20,in,1.44,1310.8,0.0,25.3,8.328,322.5,2.39
2025-06-24 08:26:10,2025-06-24,08:26:10,out,0.92,19.3,72.1,24.7,20.954,0.8,1.36
2025-06-24 08:26:23,2025-06-24,08:26:23,in,1.45,1310.8,0.0,25.4,8.37,324.4,1.93
2025-06-24 08:27:14,2025-06-24,08:27:14,out,0.95,19.2,71.3,24.8,20.936,332.2,1.51
2025-06-24 08:27:27,2025-06-24,08:27:27,in,2.11,1310.8,0.0,25.5,8.411,325.1,2.42
2025-06-24 08:28:18,2025-06-24,08:28:18,out,0.9,19.1,70.6,24.8,20.838,5.4,1.31
2025-06-24 08:28:30,2025-06-24,08:28:30,in,1.3,1310.8,0.0,25.6,8.453,324.9,2.27
2025-06-24 08:29:21,2025-06-24,08:29:21,out,0.74,19.2,70.7,24.9,20.945,309.4,0.94
2025-06-24 08:29:34,2025-06-24,08:29:34,in,1.38,1310.8,0.0,25.7,8.494,335.3,1.83
2025-06-24 08:30:25,2025-06-24,08:30:25,out,0.93,19.0,69.6,25.0,20.883,317.7,1.3
2025-06-24 08:30:37,2025-06-24,08:30:37,in,1.42,1310.8,0.0,25.7,8.494,310.7,1.99
2025-06-24 08:31:28,2025-06-24,08:31:28,out,0.52,17.0,61.5,25.0,19.723,6.2,1.59
2025-06-24 08:31:41,2025-06-24,08:31:41,in,1.88,1310.8,0.0,25.6,8.453,316.8,2.34
2025-06-24 08:32:32,2025-06-24,08:32:32,out,0.61,17.2,61.6,25.1,19.828,356.3,0.77
2025-06-24 08:32:44,2025-06-24,08:32:44,in,1.01,1310.8,0.0,25.6,8.453,323.5,2.28
2025-06-24 08:33:35,2025-06-24,08:33:35,out,0.52,17.5,62.0,25.3,20.068,212.8,0.62
2025-06-24 08:33:48,2025-06-24,08:33:48,in,1.17,1310.8,0.0,25.7,8.494,317.6,1.81
2025-06-24 08:34:38,2025-06-24,08:34:38,out,0.31,17.6,62.1,25.4,20.173,277.2,1.0
2025-06-24 08:34:51,2025-06-24,08:34:51,in,0.95,1310.8,0.0,25.8,8.536,324.4,1.62
2025-06-24 08:35:42,2025-06-24,08:35:42,out,0.14,17.8,62.3,25.5,20.293,282.8,0.82
2025-06-24 08:35:54,2025-06-24,08:35:54,in,1.08,1310.8,0.0,25.9,8.577,319.1,1.75
2025-06-24 08:36:46,2025-06-24,08:36:46,out,0.09,18.0,62.5,25.7,20.504,153.2,0.52
2025-06-24 08:36:58,2025-06-24,08:36:58,in,1.44,1310.8,0.0,26.1,8.66,332.8,1.73
2025-06-24 08:37:49,2025-06-24,08:37:49,out,0.45,17.9,62.1,25.7,20.445,27.1,1.0
2025-06-24 08:38:02,2025-06-24,08:38:02,in,1.06,1310.8,0.0,26.1,8.66,324.3,1.97
2025-06-24 08:38:52,2025-06-24,08:38:52,out,0.71,17.9,61.7,25.8,20.476,3.8,0.86
2025-06-24 08:39:05,2025-06-24,08:39:05,in,1.16,1310.8,0.0,26.2,8.702,319.7,1.87
2025-06-24 08:39:56,2025-06-24,08:39:56,out,0.15,17.9,61.5,25.9,20.537,69.9,0.68
2025-06-24 08:40:09,2025-06-24,08:40:09,in,0.95,1310.8,0.0,26.2,8.702,317.6,1.84
2025-06-24 08:41:00,2025-06-24,08:41:00,out,0.78,18.0,61.2,26.0,20.583,332.3,0.87
2025-06-24 08:41:12,2025-06-24,08:41:12,in,0.92,1310.8,0.0,26.3,8.743,316.2,1.57
2025-06-24 08:42:04,2025-06-24,08:42:04,out,0.58,17.9,60.7,26.1,20.598,262.6,0.85
2025-06-24 08:42:16,2025-06-24,08:42:16,in,1.1,1310.8,0.0,26.3,8.743,322.6,1.91
2025-06-24 08:43:07,2025-06-24,08:43:07,out,0.68,18.0,60.9,26.2,20.718,311.5,1.0
2025-06-24 08:43:20,2025-06-24,08:43:20,in,1.03,1310.8,0.0,26.4,8.784,318.1,1.6
2025-06-24 08:44:10,2025-06-24,08:44:10,out,0.36,17.9,60.0,26.3,20.673,336.6,1.2
2025-06-24 08:44:23,2025-06-24,08:44:23,in,1.45,1310.8,0.0,26.5,8.826,327.3,1.76
2025-06-24 08:45:14,2025-06-24,08:45:14,out,0.82,18.0,59.9,26.4,20.747,47.6,1.02
2025-06-24 08:45:26,2025-06-24,08:45:26,in,1.56,1310.8,0.0,26.5,8.826,317.1,2.18
2025-06-24 08:46:17,2025-06-24,08:46:17,out,0.59,18.0,59.4,26.5,20.761,43.6,0.95
2025-06-24 08:46:30,2025-06-24,08:46:30,in,1.34,1310.8,0.0,26.6,8.867,326.2,1.69
2025-06-24 08:47:21,2025-06-24,08:47:21,out,0.75,17.7,58.3,26.6,20.683,357.9,0.87
2025-06-24 08:47:34,2025-06-24,08:47:34,in,1.34,1310.8,0.0,26.6,8.867,316.5,1.99
2025-06-24 08:48:24,2025-06-24,08:48:24,out,0.26,17.8,58.5,26.6,20.713,319.7,0.73
2025-06-24 08:48:37,2025-06-24,08:48:37,in,1.17,1310.8,0.0,26.7,8.909,329.5,1.76
2025-06-24 08:49:28,2025-06-24,08:49:28,out,0.67,17.6,57.6,26.7,20.664,2.1,0.86
2025-06-24 08:49:40,2025-06-24,08:49:40,in,1.05,1310.8,0.0,26.7,8.909,325.9,1.87
2025-06-24 08:50:32,2025-06-24,08:50:32,out,1.03,17.6,57.2,26.8,20.691,27.3,1.14
2025-06-24 08:50:44,2025-06-24,08:50:44,in,1.12,1310.8,0.0,26.8,8.95,338.4,2.08
2025-06-24 08:51:35,2025-06-24,08:51:35,out,1.08,17.4,56.5,26.8,20.582,336.1,1.21
2025-06-24 08:51:48,2025-06-24,08:51:48,in,1.39,1310.8,0.0,26.8,8.95,333.4,1.84
2025-06-24 08:52:38,2025-06-24,08:52:38,out,0.52,17.5,56.5,26.9,20.671,316.4,0.84
2025-06-24 08:52:51,2025-06-24,08:52:51,in,1.51,1310.8,0.0,26.8,8.95,320.9,1.94
2025-06-24 08:53:42,2025-06-24,08:53:42,out,0.54,17.6,56.5,27.0,20.759,274.5,0.68
2025-06-24 08:53:54,2025-06-24,08:53:54,in,0.99,1310.8,0.0,26.9,8.992,324.8,1.87
2025-06-24 08:54:46,2025-06-24,08:54:46,out,0.64,17.7,56.4,27.1,20.832,274.1,0.77
2025-06-24 08:54:58,2025-06-24,08:54:58,in,0.94,1310.8,0.0,26.9,8.992,312.4,1.77
2025-06-24 08:55:49,2025-06-24,08:55:49,out,0.71,17.7,56.1,27.2,20.873,263.8,0.95
2025-06-24 08:56:02,2025-06-24,08:56:02,in,1.15,1310.8,0.0,26.9,8.992,322.2,1.6
2025-06-24 08:56:52,2025-06-24,08:56:52,out,0.24,17.7,55.7,27.3,20.898,322.7,1.07
2025-06-24 08:57:05,2025-06-24,08:57:05,in,1.14,1310.8,0.0,27.0,9.033,323.5,1.79
2025-06-24 08:57:56,2025-06-24,08:57:56,out,0.96,17.5,55.2,27.3,20.819,310.2,1.12
2025-06-24 08:58:08,2025-06-24,08:58:08,in,1.41,1310.8,0.0,27.1,9.075,317.7,2.09
2025-06-24 08:59:00,2025-06-24,08:59:00,out,0.62,17.6,55.3,27.4,20.923,296.6,1.12
2025-06-24 08:59:12,2025-06-24,08:59:12,in,1.2,1310.8,0.0,27.2,9.116,323.2,1.67
2025-06-24 09:00:03,2025-06-24,09:00:03,out,0.6,17.6,54.7,27.5,20.915,296.5,1.44
2025-06-24 09:00:16,2025-06-24,09:00:16,in,1.51,1310.8,0.0,27.3,9.157,318.3,1.77
2025-06-24 09:01:06,2025-06-24,09:01:06,out,0.65,17.7,54.7,27.6,21.003,247.4,0.95
2025-06-24 09:01:19,2025-06-24,09:01:19,in,1.22,1310.8,0.0,27.3,9.157,331.6,2.22
2025-06-24 09:02:10,2025-06-24,09:02:10,out,1.02,17.7,54.5,27.7,21.059,281.3,1.17
2025-06-24 09:02:22,2025-06-24,09:02:22,in,1.22,1310.8,0.0,27.4,9.199,321.8,1.74
2025-06-24 09:03:14,2025-06-24,09:03:14,out,0.41,17.8,54.3,27.8,21.114,227.6,0.8
2025-06-24 09:03:26,2025-06-24,09:03:26,in,1.37,1310.8,0.0,27.5,9.24,317.0,2.0
2025-06-24 09:04:17,2025-06-24,09:04:17,out,0.7,17.8,54.3,27.9,21.202,265.9,1.07
2025-06-24 09:04:30,2025-06-24,09:04:30,in,0.73,1310.8,0.0,27.6,9.282,331.7,1.8
2025-06-24 09:05:20,2025-06-24,09:05:20,out,0.52,17.5,53.3,27.9,21.039,231.1,1.13
2025-06-24 09:05:33,2025-06-24,09:05:33,in,1.75,1310.8,0.0,27.7,9.323,313.5,2.17
2025-06-24 09:06:24,2025-06-24,09:06:24,out,0.16,17.6,53.2,28.0,21.11,134.7,0.67
2025-06-24 09:06:36,2025-06-24,09:06:36,in,0.8,1310.8,0.0,27.8,9.365,307.3,2.62
2025-06-24 09:07:28,2025-06-24,09:07:28,out,0.4,17.2,51.7,28.1,20.95,156.2,1.42
2025-06-24 09:07:40,2025-06-24,09:07:40,in,0.85,1310.8,0.0,27.9,9.406,316.4,2.04
2025-06-24 09:08:31,2025-06-24,09:08:31,out,1.09,17.1,51.5,28.1,20.916,157.0,1.78
2025-06-24 09:08:44,2025-06-24,09:08:44,in,1.19,1310.8,0.0,28.0,9.448,339.1,2.42
2025-06-24 09:09:34,2025-06-24,09:09:34,out,1.28,16.9,50.3,28.2,20.802,122.8,1.55
2025-06-24 09:09:47,2025-06-24,09:09:47,in,1.11,1310.8,0.0,28.2,9.53,322.0,1.7
2025-06-24 09:10:38,2025-06-24,09:10:38,out,0.8,16.1,47.9,28.2,20.394,142.5,1.7
2025-06-24 09:10:50,2025-06-24,09:10:50,in,1.51,1310.8,0.0,28.4,9.613,325.5,1.92
2025-06-24 09:11:42,2025-06-24,09:11:42,out,0.85,16.5,48.8,28.3,20.634,157.2,1.26
2025-06-24 09:11:54,2025-06-24,09:11:54,in,0.82,1310.8,0.0,28.3,9.572,321.5,2.05
2025-06-24 09:12:45,2025-06-24,09:12:45,out,0.22,16.8,49.3,28.4,20.804,118.2,1.05
2025-06-24 09:12:58,2025-06-24,09:12:58,in,1.46,1310.8,0.0,28.4,9.613,318.8,2.12
2025-06-24 09:13:48,2025-06-24,09:13:48,out,1.54,16.8,48.8,28.6,20.89,122.1,1.69
2025-06-24 09:14:01,2025-06-24,09:14:01,in,1.32,1310.8,0.0,28.5,9.655,323.5,1.73
2025-06-24 09:14:52,2025-06-24,09:14:52,out,0.53,16.5,47.9,28.6,20.735,205.0,1.76
2025-06-24 09:15:04,2025-06-24,09:15:04,in,1.61,1310.8,0.0,28.5,9.655,318.6,1.87
2025-06-24 09:15:56,2025-06-24,09:15:56,out,0.14,17.0,48.8,28.8,21.061,188.2,0.74
2025-06-24 09:16:08,2025-06-24,09:16:08,in,1.42,1310.8,0.0,28.5,9.655,312.1,2.33
2025-06-24 09:16:59,2025-06-24,09:16:59,out,0.68,17.0,48.7,28.9,21.129,104.4,1.01
2025-06-24 09:17:12,2025-06-24,09:17:12,in,1.24,1310.8,0.0,28.6,9.696,328.7,1.86
2025-06-24 09:18:02,2025-06-24,09:18:02,out,1.0,16.5,46.9,29.0,20.899,85.8,1.21
2025-06-24 09:18:15,2025-06-24,09:18:15,in,1.52,1310.8,0.0,28.5,9.655,327.9,1.85
2025-06-24 09:19:06,2025-06-24,09:19:06,out,0.77,16.4,46.3,29.1,20.877,72.9,1.23
2025-06-24 09:19:19,2025-06-24,09:19:19,in,1.06,1310.8,0.0,28.6,9.696,316.7,2.0
2025-06-24 09:20:10,2025-06-24,09:20:10,out,0.43,16.0,44.8,29.2,20.692,116.3,1.44
2025-06-24 09:20:22,2025-06-24,09:20:22,in,1.26,1310.8,0.0,28.7,9.738,317.0,2.43
2025-06-24 09:21:13,2025-06-24,09:21:13,out,0.85,15.9,44.3,29.3,20.685,52.2,1.18
2025-06-24 09:21:26,2025-06-24,09:21:26,in,1.33,1310.8,0.0,28.8,9.779,320.2,2.32
2025-06-24 09:22:16,2025-06-24,09:22:16,out,1.13,15.7,43.6,29.4,20.639,36.0,1.43
2025-06-24 09:22:30,2025-06-24,09:22:30,in,1.17,1310.8,0.0,28.8,9.779,320.9,1.85
2025-06-24 09:23:20,2025-06-24,09:23:20,out,0.83,15.4,42.6,29.4,20.454,9.8,1.3
2025-06-24 09:23:33,2025-06-24,09:23:33,in,1.17,1310.8,0.0,28.8,9.779,321.5,2.19
2025-06-24 09:24:24,2025-06-24,09:24:24,out,1.06,15.4,42.4,29.5,20.5,58.6,1.13
2025-06-24 09:24:36,2025-06-24,09:24:36,in,1.34,1310.8,0.0,28.8,9.779,319.4,2.6
2025-06-24 09:25:27,2025-06-24,09:25:27,out,0.81,15.2,41.6,29.6,20.432,47.5,1.81
2025-06-24 09:25:40,2025-06-24,09:25:40,in,1.08,1310.8,0.0,28.8,9.779,341.0,1.86
2025-06-24 09:26:30,2025-06-24,09:26:30,out,1.48,14.9,40.9,29.6,20.299,67.8,1.86
2025-06-24 09:26:44,2025-06-24,09:26:44,in,0.97,1310.8,0.0,28.8,9.779,341.2,2.48
2025-06-24 09:27:34,2025-06-24,09:27:34,out,0.99,14.9,40.9,29.6,20.299,71.5,1.67
2025-06-24 09:27:47,2025-06-24,09:27:47,in,1.29,1310.8,0.0,28.7,9.738,330.1,2.25
2025-06-24 09:28:38,2025-06-24,09:28:38,out,0.58,15.0,41.1,29.6,20.337,41.1,0.97
2025-06-24 09:28:50,2025-06-24,09:28:50,in,1.18,1310.8,0.0,28.7,9.738,317.6,1.9
2025-06-24 09:29:42,2025-06-24,09:29:42,out,0.69,,,15.2,,29.7,4.14
2025-06-24 09:29:54,2025-06-24,09:29:54,in,2.3,,,1310.8,,28.7,0.0
2025-06-24 09:30:45,2025-06-24,09:30:45,out,1.34,15.0,40.8,29.8,20.443,76.9,2.36
2025-06-24 09:30:58,2025-06-24,09:30:58,in,1.55,1310.8,0.0,29.0,9.862,327.8,1.94
2025-06-24 09:31:48,2025-06-24,09:31:48,out,1.23,14.8,40.1,29.8,20.308,63.5,2.02
2025-06-24 09:32:01,2025-06-24,09:32:01,in,1.04,1310.8,0.0,29.0,9.862,316.3,1.74
2025-06-24 09:32:52,2025-06-24,09:32:52,out,0.93,14.9,40.4,29.8,20.366,86.8,1.82
2025-06-24 09:33:04,2025-06-24,09:33:04,in,1.38,1310.8,0.0,29.1,9.903,328.8,1.97
2025-06-24 09:33:56,2025-06-24,09:33:56,out,1.07,15.0,40.8,29.8,20.443,58.3,1.58
2025-06-24 09:34:08,2025-06-24,09:34:08,in,1.61,1310.8,0.0,29.2,9.945,318.1,2.65
2025-06-24 09:34:59,2025-06-24,09:34:59,out,1.49,15.2,41.2,29.8,20.52,120.4,1.87
2025-06-24 09:35:12,2025-06-24,09:35:12,in,1.39,1310.8,0.0,29.3,9.986,324.4,2.3
2025-06-24 09:36:02,2025-06-24,09:36:02,out,0.77,15.4,41.6,29.9,20.678,82.2,1.51
2025-06-24 09:36:15,2025-06-24,09:36:15,in,1.39,1310.8,0.0,29.4,10.027,323.3,2.29
2025-06-24 09:37:06,2025-06-24,09:37:06,out,1.18,15.5,41.5,30.0,20.741,60.9,1.71
2025-06-24 09:37:18,2025-06-24,09:37:18,in,0.86,1310.8,0.0,29.5,10.069,340.5,1.67
2025-06-24 09:38:10,2025-06-24,09:38:10,out,1.08,15.1,40.6,30.0,20.568,69.6,2.08
2025-06-24 09:38:22,2025-06-24,09:38:22,in,1.66,1310.8,0.0,29.4,10.027,327.1,2.06
2025-06-24 09:39:13,2025-06-24,09:39:13,out,0.94,15.1,40.6,30.0,20.568,82.0,1.25
2025-06-24 09:39:26,2025-06-24,09:39:26,in,1.0,1310.8,0.0,29.3,9.986,325.7,1.98
2025-06-24 09:40:16,2025-06-24,09:40:16,out,0.59,15.3,40.8,30.1,20.688,63.2,1.35
2025-06-24 09:40:29,2025-06-24,09:40:29,in,0.29,1310.8,0.0,29.3,9.986,45.9,1.76
2025-06-24 09:41:20,2025-06-24,09:41:20,out,0.79,15.2,40.6,30.1,20.649,91.7,1.2
2025-06-24 09:41:32,2025-06-24,09:41:32,in,0.17,1310.8,0.0,29.4,10.027,23.5,0.59
2025-06-24 09:42:24,2025-06-24,09:42:24,out,0.13,15.1,40.1,30.2,20.634,158.5,1.3
2025-06-24 09:42:36,2025-06-24,09:42:36,in,0.13,1310.8,0.0,29.4,10.027,99.9,0.31
2025-06-24 09:43:27,2025-06-24,09:43:27,out,0.8,15.6,41.0,30.3,20.89,155.1,1.8
2025-06-24 09:43:40,2025-06-24,09:43:40,in,0.34,1310.8,0.0,29.5,10.069,113.5,0.49
2025-06-24 09:44:30,2025-06-24,09:44:30,out,1.01,14.9,39.3,30.2,20.477,186.3,1.91
2025-06-24 09:44:43,2025-06-24,09:44:43,in,0.34,1310.8,0.0,29.5,10.069,118.0,0.62
2025-06-24 09:45:34,2025-06-24,09:45:34,out,0.86,15.4,40.8,30.3,20.852,318.6,2.28
2025-06-24 09:45:46,2025-06-24,09:45:46,in,0.12,1310.8,0.0,29.5,10.069,148.4,0.47
2025-06-24 09:46:38,2025-06-24,09:46:38,out,0.36,15.4,40.6,30.3,20.813,332.4,1.03
2025-06-24 09:46:50,2025-06-24,09:46:50,in,0.27,1310.8,0.0,29.5,10.069,155.7,0.55
2025-06-24 09:47:41,2025-06-24,09:47:41,out,2.12,15.0,39.2,30.4,20.619,326.9,2.74
2025-06-24 09:47:54,2025-06-24,09:47:54,in,0.42,1310.8,0.0,29.5,10.069,336.3,0.84
2025-06-24 09:48:44,2025-06-24,09:48:44,out,1.57,14.7,39.0,30.3,20.498,339.4,3.11
2025-06-24 09:48:57,2025-06-24,09:48:57,in,1.28,1310.8,0.0,29.6,10.11,344.7,1.49
2025-06-24 09:49:48,2025-06-24,09:49:48,out,1.53,14.9,39.6,30.1,20.455,286.3,2.19
2025-06-24 09:50:00,2025-06-24,09:50:00,in,0.46,1310.8,0.0,29.5,10.069,358.1,1.17
2025-06-24 09:50:52,2025-06-24,09:50:52,out,1.83,14.6,39.4,30.0,20.334,309.9,2.89
2025-06-24 09:51:04,2025-06-24,09:51:04,in,0.89,1310.8,0.0,29.6,10.11,325.3,1.02
2025-06-24 09:51:55,2025-06-24,09:51:55,out,1.18,14.8,39.7,30.0,20.393,355.3,1.81
2025-06-24 09:52:08,2025-06-24,09:52:08,in,0.98,1310.8,0.0,29.5,10.069,327.7,1.17
2025-06-24 09:52:58,2025-06-24,09:52:58,out,0.66,14.8,39.7,30.0,20.393,25.3,1.44
2025-06-24 09:53:11,2025-06-24,09:53:11,in,0.18,1310.8,0.0,29.5,10.069,42.7,0.82
2025-06-24 09:54:02,2025-06-24,09:54:02,out,0.52,15.0,40.3,30.0,20.51,331.0,0.99
2025-06-24 09:54:14,2025-06-24,09:54:14,in,0.54,1310.8,0.0,29.6,10.11,358.4,0.77
2025-06-24 09:55:06,2025-06-24,09:55:06,out,2.59,14.5,39.0,30.0,20.256,336.7,3.19
2025-06-24 09:55:18,2025-06-24,09:55:18,in,0.99,1310.8,0.0,29.6,10.11,355.7,1.12
2025-06-24 09:56:09,2025-06-24,09:56:09,out,1.91,14.6,39.7,29.8,20.231,324.6,3.52
2025-06-24 09:56:22,2025-06-24,09:56:22,in,0.76,1310.8,0.0,29.6,10.11,330.0,1.68
2025-06-24 09:57:12,2025-06-24,09:57:12,out,1.82,14.7,40.0,29.7,20.208,303.6,2.27
2025-06-24 09:57:25,2025-06-24,09:57:25,in,0.83,1310.8,0.0,29.6,10.11,325.5,1.49
2025-06-24 09:58:16,2025-06-24,09:58:16,out,1.49,14.6,39.9,29.7,20.188,251.1,1.96
2025-06-24 09:58:28,2025-06-24,09:58:28,in,0.06,1310.8,0.0,29.6,10.11,326.7,0.84
2025-06-24 09:59:20,2025-06-24,09:59:20,out,0.86,14.7,40.1,29.7,20.227,300.8,1.56
2025-06-24 09:59:32,2025-06-24,09:59:32,in,0.63,1310.8,0.0,29.7,10.152,334.3,0.81
2025-06-24 10:00:23,2025-06-24,10:00:23,out,0.68,14.7,39.9,29.8,20.269,309.8,1.97
2025-06-24 10:00:36,2025-06-24,10:00:36,in,0.66,1310.8,0.0,29.6,10.11,325.9,1.22
2025-06-24 10:01:26,2025-06-24,10:01:26,out,1.26,14.8,40.0,29.8,20.289,304.7,2.39
2025-06-24 10:01:39,2025-06-24,10:01:39,in,0.81,1310.8,0.0,29.6,10.11,327.1,1.22
2025-06-24 10:02:30,2025-06-24,10:02:30,out,0.95,15.0,40.6,29.8,20.405,286.2,1.9
2025-06-24 10:02:43,2025-06-24,10:02:43,in,0.35,1310.8,0.0,29.6,10.11,305.3,1.14
2025-06-24 10:03:34,2025-06-24,10:03:34,out,1.46,14.7,39.8,29.8,20.25,340.4,2.43
2025-06-24 10:03:46,2025-06-24,10:03:46,in,1.06,1310.8,0.0,29.6,10.11,319.4,1.55
2025-06-24 10:04:37,2025-06-24,10:04:37,out,0.66,14.7,39.8,29.8,20.25,353.0,1.86
2025-06-24 10:04:50,2025-06-24,10:04:50,in,0.75,1310.8,0.0,29.7,10.152,326.4,1.32
2025-06-24 10:05:41,2025-06-24,10:05:41,out,1.27,14.8,40.0,29.8,20.289,323.3,1.9
2025-06-24 10:05:54,2025-06-24,10:05:54,in,0.69,1310.8,0.0,29.7,10.152,322.5,1.68
2025-06-24 10:06:44,2025-06-24,10:06:44,out,1.07,14.9,40.3,29.8,20.347,284.9,1.69
2025-06-24 10:06:57,2025-06-24,10:06:57,in,0.9,1310.8,0.0,29.7,10.152,326.0,1.31
2025-06-24 10:07:48,2025-06-24,10:07:48,out,0.95,14.9,40.1,29.9,20.39,355.2,1.19
2025-06-24 10:08:00,2025-06-24,10:08:00,in,1.22,1310.8,0.0,29.7,10.152,314.8,1.38
2025-06-24 10:08:51,2025-06-24,10:08:51,out,0.3,15.0,40.3,29.9,20.428,60.8,1.11
2025-06-24 10:09:04,2025-06-24,10:09:04,in,0.63,1310.8,0.0,29.7,10.152,330.5,1.23
2025-06-24 10:09:55,2025-06-24,10:09:55,out,0.06,15.1,40.6,30.0,20.568,106.4,0.47
2025-06-24 10:10:08,2025-06-24,10:10:08,in,0.85,1310.8,0.0,29.7,10.152,347.5,1.0
2025-06-24 10:10:58,2025-06-24,10:10:58,out,1.93,14.7,39.2,30.1,20.376,358.2,2.17
2025-06-24 10:11:10,2025-06-24,10:11:10,in,0.69,1310.8,0.0,29.7,10.152,321.9,1.17
2025-06-24 10:12:02,2025-06-24,10:12:02,out,1.25,14.7,39.3,30.1,20.396,21.1,2.5
2025-06-24 10:12:14,2025-06-24,10:12:14,in,0.78,1310.8,0.0,29.8,10.193,355.0,1.02
2025-06-24 10:13:06,2025-06-24,10:13:06,out,0.61,14.8,39.4,30.1,20.415,9.2,1.52
2025-06-24 10:13:18,2025-06-24,10:13:18,in,0.39,1310.8,0.0,29.8,10.193,342.4,0.97
2025-06-24 10:14:09,2025-06-24,10:14:09,out,0.55,14.7,39.0,30.2,20.417,38.5,1.65
2025-06-24 10:14:21,2025-06-24,10:14:21,in,0.24,1310.8,0.0,29.9,10.235,357.0,1.07
2025-06-24 10:15:12,2025-06-24,10:15:12,out,1.74,14.3,37.8,30.3,20.258,14.2,2.05
2025-06-24 10:15:24,2025-06-24,10:15:24,in,0.63,1310.8,0.0,29.9,10.235,5.3,0.86
2025-06-24 10:16:16,2025-06-24,10:16:16,out,1.74,14.5,38.3,30.3,20.359,335.7,2.12
2025-06-24 10:16:28,2025-06-24,10:16:28,in,0.93,1310.8,0.0,29.9,10.235,344.4,1.3
2025-06-24 10:17:20,2025-06-24,10:17:20,out,1.79,14.1,37.6,30.2,20.138,354.0,1.88
2025-06-24 10:17:32,2025-06-24,10:17:32,in,1.25,1310.8,0.0,30.0,10.276,353.3,1.65
2025-06-24 10:18:23,2025-06-24,10:18:23,out,0.37,14.2,38.1,30.1,20.158,16.6,1.91
2025-06-24 10:18:35,2025-06-24,10:18:35,in,0.54,1310.8,0.0,30.0,10.276,7.0,1.3
2025-06-24 10:19:26,2025-06-24,10:19:26,out,0.43,14.5,38.3,30.2,20.278,326.7,0.99
2025-06-24 10:19:39,2025-06-24,10:19:39,in,0.52,1310.8,0.0,30.0,10.276,349.0,0.61
2025-06-24 10:20:30,2025-06-24,10:20:30,out,1.35,14.4,38.1,30.3,20.318,330.7,2.4
2025-06-24 10:20:42,2025-06-24,10:20:42,in,0.75,1310.8,0.0,30.0,10.276,329.6,1.21
2025-06-24 10:21:34,2025-06-24,10:21:34,out,2.0,14.1,37.3,30.3,20.157,330.6,2.51
2025-06-24 10:21:46,2025-06-24,10:21:46,in,1.02,1310.8,0.0,30.1,10.317,324.2,1.69
2025-06-24 10:22:37,2025-06-24,10:22:37,out,1.06,14.0,37.1,30.2,20.037,327.5,1.69
2025-06-24 10:22:50,2025-06-24,10:22:50,in,1.0,1310.8,0.0,30.1,10.317,318.6,1.51
2025-06-24 10:23:40,2025-06-24,10:23:40,out,0.8,13.9,37.0,30.2,20.016,358.2,1.83
2025-06-24 10:23:53,2025-06-24,10:23:53,in,0.69,1310.8,0.0,30.0,10.276,322.8,1.51
2025-06-24 10:24:44,2025-06-24,10:24:44,out,1.21,14.2,37.8,30.2,20.178,93.0,1.55
2025-06-24 10:24:56,2025-06-24,10:24:56,in,0.26,1310.8,0.0,30.1,10.317,2.6,0.74
2025-06-24 10:25:48,2025-06-24,10:25:48,out,1.29,14.4,37.8,30.4,20.338,230.0,1.43
2025-06-24 10:26:00,2025-06-24,10:26:00,in,0.64,1310.8,0.0,30.2,10.359,315.0,2.24
2025-06-24 10:26:51,2025-06-24,10:26:51,out,1.57,14.0,36.7,30.5,20.194,266.9,2.07
2025-06-24 10:27:04,2025-06-24,10:27:04,in,0.44,1310.8,0.0,30.4,10.442,294.2,1.69
2025-06-24 10:27:54,2025-06-24,10:27:54,out,0.78,14.0,36.7,30.5,20.194,259.0,1.76
2025-06-24 10:28:07,2025-06-24,10:28:07,in,0.19,1310.8,0.0,30.5,10.483,179.2,0.5
2025-06-24 10:28:58,2025-06-24,10:28:58,out,0.41,14.2,36.9,30.6,20.315,252.3,0.86
2025-06-24 10:29:10,2025-06-24,10:29:10,in,1.11,1310.8,0.0,30.7,10.566,313.9,1.74
2025-06-24 10:30:02,2025-06-24,10:30:02,out,2.31,14.3,37.0,30.7,20.415,343.9,2.87
2025-06-24 10:30:14,2025-06-24,10:30:14,in,1.25,1310.8,0.0,30.7,10.566,326.9,2.28
2025-06-24 10:31:05,2025-06-24,10:31:05,out,1.51,14.0,36.4,30.6,20.212,347.6,2.5
2025-06-24 10:31:18,2025-06-24,10:31:18,in,1.19,1310.8,0.0,30.8,10.607,324.6,2.02
2025-06-24 10:32:08,2025-06-24,10:32:08,out,0.54,14.4,37.4,30.6,20.417,86.6,1.67
2025-06-24 10:32:21,2025-06-24,10:32:21,in,0.5,1310.8,0.0,30.7,10.566,346.8,1.93
2025-06-24 10:33:12,2025-06-24,10:33:12,out,0.84,14.4,37.1,30.7,20.435,22.6,1.82
2025-06-24 10:33:24,2025-06-24,10:33:24,in,0.47,1310.8,0.0,30.6,10.524,21.2,1.73
2025-06-24 10:34:16,2025-06-24,10:34:16,out,0.99,13.9,36.0,30.7,20.208,55.7,1.9
2025-06-24 10:34:28,2025-06-24,10:34:28,in,1.36,1310.8,0.0,30.7,10.566,315.2,1.86
2025-06-24 10:35:19,2025-06-24,10:35:19,out,1.6,14.1,36.3,30.8,20.349,9.2,1.75
2025-06-24 10:35:32,2025-06-24,10:35:32,in,1.31,1310.8,0.0,30.8,10.607,338.5,2.33
2025-06-24 10:36:22,2025-06-24,10:36:22,out,1.73,14.1,36.2,30.8,20.329,15.0,1.96
2025-06-24 10:36:35,2025-06-24,10:36:35,in,1.57,1310.8,0.0,30.9,10.649,341.6,1.91
2025-06-24 10:37:26,2025-06-24,10:37:26,out,0.11,14.2,36.4,30.9,20.45,24.2,1.42
2025-06-24 10:37:38,2025-06-24,10:37:38,in,1.01,1310.8,0.0,30.8,10.607,325.7,1.83
2025-06-24 10:38:30,2025-06-24,10:38:30,out,1.56,14.5,36.7,31.0,20.592,329.3,1.84
2025-06-24 10:38:42,2025-06-24,10:38:42,in,0.6,1310.8,0.0,30.9,10.649,312.1,1.73
2025-06-24 10:39:33,2025-06-24,10:39:33,out,1.19,14.7,37.3,31.0,20.716,310.2,2.27
2025-06-24 10:39:46,2025-06-24,10:39:46,in,1.36,1310.8,0.0,30.9,10.649,319.9,1.95
2025-06-24 10:40:36,2025-06-24,10:40:36,out,1.11,14.5,37.0,30.9,20.574,317.0,1.91
2025-06-24 10:40:49,2025-06-24,10:40:49,in,1.53,1310.8,0.0,31.0,10.69,315.8,2.0
2025-06-24 10:41:40,2025-06-24,10:41:40,out,1.41,14.4,36.6,31.0,20.571,291.9,1.97
2025-06-24 10:41:52,2025-06-24,10:41:52,in,1.36,1310.8,0.0,31.0,10.69,319.6,1.69
2025-06-24 10:42:44,2025-06-24,10:42:44,out,0.59,14.5,36.8,31.0,20.612,241.6,1.17
2025-06-24 10:42:56,2025-06-24,10:42:56,in,1.57,1310.8,0.0,31.0,10.69,327.4,1.85
2025-06-24 10:43:47,2025-06-24,10:43:47,out,0.93,14.9,37.3,31.1,20.796,268.9,1.16
2025-06-24 10:44:00,2025-06-24,10:44:00,in,1.36,1310.8,0.0,31.1,10.732,319.3,1.74
2025-06-24 10:44:50,2025-06-24,10:44:50,out,0.76,14.5,36.4,31.2,20.688,25.9,1.12
2025-06-24 10:45:03,2025-06-24,10:45:03,in,1.19,1310.8,0.0,31.2,10.773,314.6,2.09
2025-06-24 10:45:54,2025-06-24,10:45:54,out,0.83,14.6,36.3,31.3,20.746,51.3,1.71
2025-06-24 10:46:06,2025-06-24,10:46:06,in,1.16,1310.8,0.0,31.2,10.773,321.2,1.81
2025-06-24 10:46:58,2025-06-24,10:46:58,out,1.2,14.3,35.7,31.3,20.619,37.2,2.72
2025-06-24 10:47:10,2025-06-24,10:47:10,in,1.47,1310.8,0.0,31.2,10.773,336.8,2.13
2025-06-24 10:48:01,2025-06-24,10:48:01,out,1.36,14.3,35.7,31.3,20.619,14.0,2.11
2025-06-24 10:48:14,2025-06-24,10:48:14,in,1.59,1310.8,0.0,31.1,10.732,332.8,2.36
2025-06-24 10:49:04,2025-06-24,10:49:04,out,1.69,13.5,33.8,31.3,20.209,23.4,2.48
2025-06-24 10:49:17,2025-06-24,10:49:17,in,1.19,1310.8,0.0,31.1,10.732,1.9,2.06
2025-06-24 10:50:08,2025-06-24,10:50:08,out,0.4,13.2,33.4,31.2,20.044,3.9,1.93
2025-06-24 10:50:20,2025-06-24,10:50:20,in,1.14,1310.8,0.0,31.1,10.732,326.9,1.83
2025-06-24 10:51:12,2025-06-24,10:51:12,out,1.24,12.9,32.7,31.2,19.889,27.0,1.72
2025-06-24 10:51:24,2025-06-24,10:51:24,in,1.47,1310.8,0.0,31.1,10.732,325.0,2.65
2025-06-24 10:52:15,2025-06-24,10:52:15,out,1.61,13.2,33.5,31.2,20.065,42.5,2.15
2025-06-24 10:52:28,2025-06-24,10:52:28,in,1.07,1310.8,0.0,31.2,10.773,328.2,2.02
2025-06-24 10:53:19,2025-06-24,10:53:19,out,1.22,13.5,33.8,31.3,20.209,25.9,1.79
2025-06-24 10:53:31,2025-06-24,10:53:31,in,1.02,1310.8,0.0,31.3,10.814,336.4,2.31
2025-06-24 10:54:22,2025-06-24,10:54:22,out,0.45,13.6,33.8,31.4,20.287,147.8,1.79
2025-06-24 10:54:34,2025-06-24,10:54:34,in,1.19,1310.8,0.0,31.3,10.814,327.7,1.92
2025-06-24 10:55:26,2025-06-24,10:55:26,out,0.38,13.4,33.2,31.5,20.232,81.4,1.63
2025-06-24 10:55:38,2025-06-24,10:55:38,in,1.34,1310.8,0.0,31.3,10.814,316.9,1.97
2025-06-24 10:56:30,2025-06-24,10:56:30,out,0.37,13.4,33.2,31.5,20.232,359.5,0.45
2025-06-24 10:56:42,2025-06-24,10:56:42,in,1.08,1310.8,0.0,31.3,10.814,327.3,1.58
2025-06-24 10:57:33,2025-06-24,10:57:33,out,1.14,13.7,33.5,31.7,20.454,346.6,1.45
2025-06-24 10:57:46,2025-06-24,10:57:46,in,1.93,,,1310.8,,31.4,0.0
2025-06-24 10:58:36,2025-06-24,10:58:36,out,1.12,14.0,33.9,31.8,20.62,101.7,1.45
2025-06-24 10:58:48,2025-06-24,10:58:48,in,0.78,1310.8,0.0,31.6,10.939,350.3,2.47
2025-06-24 10:59:40,2025-06-24,10:59:40,out,1.24,13.5,32.9,31.8,20.397,56.2,2.21
2025-06-24 10:59:52,2025-06-24,10:59:52,in,0.98,1310.8,0.0,31.7,10.98,315.1,1.33
2025-06-24 11:00:44,2025-06-24,11:00:44,out,2.3,13.0,31.7,31.9,20.202,344.7,2.66
2025-06-24 11:00:56,2025-06-24,11:00:56,in,0.48,1310.8,0.0,31.8,11.021,27.6,1.6
2025-06-24 11:01:47,2025-06-24,11:01:47,out,2.08,13.0,32.0,31.8,20.194,5.1,2.66
2025-06-24 11:01:59,2025-06-24,11:01:59,in,1.26,1310.8,0.0,31.8,11.021,332.4,2.5
2025-06-24 11:02:50,2025-06-24,11:02:50,out,1.37,12.7,31.2,31.8,20.01,16.2,2.38
2025-06-24 11:03:02,2025-06-24,11:03:02,in,1.09,1310.8,0.0,31.8,11.021,357.0,2.34
2025-06-24 11:03:54,2025-06-24,11:03:54,out,1.68,11.5,28.9,31.8,19.468,357.4,2.31
2025-06-24 11:04:06,2025-06-24,11:04:06,in,1.52,1310.8,0.0,31.8,11.021,322.0,2.34
2025-06-24 11:04:58,2025-06-24,11:04:58,out,1.12,11.1,28.5,31.6,19.223,359.3,1.93
2025-06-24 11:05:10,2025-06-24,11:05:10,in,1.58,1310.8,0.0,31.9,11.063,320.1,2.02
2025-06-24 11:06:01,2025-06-24,11:06:01,out,0.51,11.3,28.9,31.6,19.319,79.4,1.7
2025-06-24 11:06:13,2025-06-24,11:06:13,in,1.52,1310.8,0.0,31.8,11.021,317.8,2.77
2025-06-24 11:07:04,2025-06-24,11:07:04,out,0.78,11.0,28.3,31.6,19.175,359.7,1.17
2025-06-24 11:07:16,2025-06-24,11:07:16,in,0.86,1310.8,0.0,31.8,11.021,325.3,1.97
2025-06-24 11:08:08,2025-06-24,11:08:08,out,0.33,11.5,29.1,31.7,19.441,303.2,0.76
2025-06-24 11:08:20,2025-06-24,11:08:20,in,1.76,1310.8,0.0,31.9,11.063,318.5,2.19
2025-06-24 11:09:12,2025-06-24,11:09:12,out,1.17,12.9,31.4,31.9,20.133,32.3,1.67
2025-06-24 11:09:24,2025-06-24,11:09:24,in,1.48,1310.8,0.0,32.0,11.104,328.8,1.87
2025-06-24 11:10:15,2025-06-24,11:10:15,out,1.58,13.2,31.8,32.0,20.301,20.5,2.09
2025-06-24 11:10:27,2025-06-24,11:10:27,in,1.7,1310.8,0.0,31.9,11.063,329.6,2.2
2025-06-24 11:11:18,2025-06-24,11:11:18,out,1.01,12.9,31.2,32.0,20.163,46.7,2.04
2025-06-24 11:11:30,2025-06-24,11:11:30,in,0.61,1310.8,0.0,31.8,11.021,42.8,1.91
2025-06-24 11:12:22,2025-06-24,11:12:22,out,0.6,13.0,31.5,32.0,20.232,71.9,1.99
2025-06-24 11:12:34,2025-06-24,11:12:34,in,0.5,1310.8,0.0,31.8,11.021,6.2,1.68
2025-06-24 11:13:26,2025-06-24,11:13:26,out,1.13,13.1,31.6,32.1,20.332,13.1,1.46
2025-06-24 11:13:38,2025-06-24,11:13:38,in,1.28,1310.8,0.0,31.9,11.063,321.8,1.62
2025-06-24 11:14:29,2025-06-24,11:14:29,out,1.77,13.4,32.3,32.1,20.493,31.5,2.24
2025-06-24 11:14:41,2025-06-24,11:14:41,in,1.32,1310.8,0.0,32.0,11.104,322.8,2.17
2025-06-24 11:15:32,2025-06-24,11:15:32,out,1.8,12.9,31.2,32.0,20.163,48.7,2.41
2025-06-24 11:15:44,2025-06-24,11:15:44,in,1.62,1310.8,0.0,32.1,11.146,334.1,2.87
2025-06-24 11:16:36,2025-06-24,11:16:36,out,1.34,13.1,31.8,32.0,20.301,52.6,1.75
2025-06-24 11:16:48,2025-06-24,11:16:48,in,2.0,1310.8,0.0,31.9,11.063,327.2,2.6
2025-06-24 11:17:40,2025-06-24,11:17:40,out,0.24,13.4,32.4,32.0,20.439,218.2,1.4
2025-06-24 11:17:52,2025-06-24,11:17:52,in,1.12,1310.8,0.0,31.7,10.98,325.1,2.08
2025-06-24 11:18:43,2025-06-24,11:18:43,out,1.21,13.6,32.5,32.1,20.538,254.4,1.34
2025-06-24 11:18:55,2025-06-24,11:18:55,in,1.56,1310.8,0.0,31.7,10.98,320.0,1.87
2025-06-24 11:19:46,2025-06-24,11:19:46,out,1.22,13.2,31.6,32.2,20.408,206.4,1.98
2025-06-24 11:19:58,2025-06-24,11:19:58,in,0.75,1310.8,0.0,31.9,11.063,311.4,1.78
2025-06-24 11:20:50,2025-06-24,11:20:50,out,1.34,13.5,32.4,32.1,20.516,137.9,1.7
2025-06-24 11:21:02,2025-06-24,11:21:02,in,1.62,1310.8,0.0,32.1,11.146,317.4,2.36
2025-06-24 11:21:54,2025-06-24,11:21:54,out,0.26,13.8,32.9,32.1,20.629,219.8,1.12
2025-06-24 11:22:06,2025-06-24,11:22:06,in,0.46,1310.8,0.0,32.5,11.311,341.7,1.7
2025-06-24 11:22:57,2025-06-24,11:22:57,out,1.09,13.3,31.9,32.2,20.478,239.8,1.25
2025-06-24 11:23:09,2025-06-24,11:23:09,in,0.48,1310.8,0.0,32.6,11.353,302.4,1.33
2025-06-24 11:24:00,2025-06-24,11:24:00,out,2.08,13.1,31.4,32.2,20.362,249.7,2.17
2025-06-24 11:24:12,2025-06-24,11:24:12,in,0.78,1310.8,0.0,32.5,11.311,336.5,1.62
2025-06-24 11:25:04,2025-06-24,11:25:04,out,0.96,13.2,31.7,32.2,20.431,246.0,2.18
2025-06-24 11:25:16,2025-06-24,11:25:16,in,0.59,1310.8,0.0,32.5,11.311,328.8,1.56
2025-06-24 11:26:08,2025-06-24,11:26:08,out,0.5,13.4,32.1,32.2,20.524,313.9,0.9
2025-06-24 11:26:20,2025-06-24,11:26:20,in,2.13,1310.8,0.0,32.5,11.311,315.7,2.58
2025-06-24 11:27:11,2025-06-24,11:27:11,out,1.52,13.3,31.7,32.3,20.508,0.9,1.73
2025-06-24 11:27:23,2025-06-24,11:27:23,in,1.07,1310.8,0.0,32.7,11.394,322.4,2.41
2025-06-24 11:28:14,2025-06-24,11:28:14,out,1.08,13.6,32.3,32.3,20.647,64.6,2.36
2025-06-24 11:28:26,2025-06-24,11:28:26,in,0.85,1310.8,0.0,32.7,11.394,9.9,1.31
2025-06-24 11:29:18,2025-06-24,11:29:18,out,0.49,13.5,31.9,32.4,20.631,84.5,1.62
2025-06-24 11:29:30,2025-06-24,11:29:30,in,1.16,1310.8,0.0,32.6,11.353,309.9,1.77
2025-06-24 11:30:22,2025-06-24,11:30:22,out,1.65,13.3,31.2,32.5,20.544,105.2,1.92
2025-06-24 11:30:34,2025-06-24,11:30:34,in,0.92,1310.8,0.0,32.7,11.394,314.3,1.87
2025-06-24 11:31:25,2025-06-24,11:31:25,out,1.95,13.7,31.9,32.6,20.785,99.4,2.29
2025-06-24 11:31:37,2025-06-24,11:31:37,in,0.61,1310.8,0.0,32.8,11.435,321.3,1.66
2025-06-24 11:32:28,2025-06-24,11:32:28,out,1.93,12.7,29.8,32.6,20.286,104.0,2.29
2025-06-24 11:32:40,2025-06-24,11:32:40,in,0.66,1310.8,0.0,32.8,11.435,351.6,1.59
2025-06-24 11:33:32,2025-06-24,11:33:32,out,1.72,12.3,29.3,32.5,20.09,111.8,2.32
2025-06-24 11:33:44,2025-06-24,11:33:44,in,0.37,1310.8,0.0,32.8,11.435,136.6,1.19
2025-06-24 11:34:36,2025-06-24,11:34:36,out,2.01,,,13.0,,32.4,3.08
2025-06-24 11:34:48,2025-06-24,11:34:48,in,1.64,,,1310.8,,32.8,0.0
2025-06-24 11:35:39,2025-06-24,11:35:39,out,0.92,13.1,31.0,32.4,20.421,158.9,2.18
2025-06-24 11:35:51,2025-06-24,11:35:51,in,0.21,1310.8,0.0,33.0,11.518,160.5,1.61
2025-06-24 11:36:42,2025-06-24,11:36:42,out,0.27,13.3,31.5,32.4,20.538,190.0,2.27
2025-06-24 11:36:54,2025-06-24,11:36:54,in,1.06,1310.8,0.0,33.2,11.601,325.7,1.47
2025-06-24 11:37:46,2025-06-24,11:37:46,out,0.3,13.9,32.4,32.5,20.824,263.7,1.13
2025-06-24 11:37:58,2025-06-24,11:37:58,in,1.0,1310.8,0.0,33.3,11.642,309.2,2.12
2025-06-24 11:38:50,2025-06-24,11:38:50,out,0.96,14.0,32.6,32.6,20.947,211.9,1.37
2025-06-24 11:39:02,2025-06-24,11:39:02,in,1.65,1310.8,0.0,33.2,11.601,311.1,2.39
2025-06-24 11:39:53,2025-06-24,11:39:53,out,0.23,14.0,32.1,32.8,20.985,160.7,0.98
2025-06-24 11:40:05,2025-06-24,11:40:05,in,1.09,1310.8,0.0,33.1,11.56,329.7,2.44
2025-06-24 11:40:56,2025-06-24,11:40:56,out,1.41,13.7,31.5,32.8,20.844,186.5,1.61
2025-06-24 11:41:08,2025-06-24,11:41:08,in,1.29,1310.8,0.0,33.1,11.56,318.7,1.99
2025-06-24 11:42:00,2025-06-24,11:42:00,out,1.21,13.5,31.2,32.8,20.773,200.3,2.63
2025-06-24 11:42:12,2025-06-24,11:42:12,in,0.66,1310.8,0.0,33.3,11.642,305.9,1.6
2025-06-24 11:43:04,2025-06-24,11:43:04,out,1.84,13.9,31.8,32.8,20.915,265.8,2.7
2025-06-24 11:43:16,2025-06-24,11:43:16,in,1.41,1310.8,0.0,33.5,11.725,317.5,2.11
2025-06-24 11:44:07,2025-06-24,11:44:07,out,1.11,14.0,32.1,32.8,20.985,157.4,2.08
2025-06-24 11:44:19,2025-06-24,11:44:19,in,0.62,1310.8,0.0,33.7,11.808,304.1,1.78
2025-06-24 11:45:10,2025-06-24,11:45:10,out,0.79,13.9,31.9,32.8,20.938,151.1,2.23
2025-06-24 11:45:22,2025-06-24,11:45:22,in,0.94,1310.8,0.0,33.6,11.767,316.1,1.64
2025-06-24 11:46:14,2025-06-24,11:46:14,out,1.01,13.5,31.1,32.8,20.749,152.2,2.15
2025-06-24 11:46:26,2025-06-24,11:46:26,in,0.99,1310.8,0.0,33.6,11.767,321.8,2.41
2025-06-24 11:47:18,2025-06-24,11:47:18,out,0.43,14.0,32.1,32.8,20.985,250.0,1.47
2025-06-24 11:47:30,2025-06-24,11:47:30,in,1.19,1310.8,0.0,33.8,11.849,312.2,2.48
2025-06-24 11:48:21,2025-06-24,11:48:21,out,0.59,14.0,32.0,32.9,21.038,162.0,1.59
2025-06-24 11:48:33,2025-06-24,11:48:33,in,0.79,1310.8,0.0,34.0,11.932,311.7,3.1
2025-06-24 11:49:24,2025-06-24,11:49:24,out,0.69,14.1,32.0,33.0,21.115,116.4,2.19
2025-06-24 11:49:36,2025-06-24,11:49:36,in,1.21,1310.8,0.0,34.1,11.974,303.3,1.89
2025-06-24 11:50:28,2025-06-24,11:50:28,out,1.13,14.1,32.0,33.0,21.115,153.7,2.84
2025-06-24 11:50:40,2025-06-24,11:50:40,in,1.6,1310.8,0.0,34.2,12.015,309.6,2.2
2025-06-24 11:51:32,2025-06-24,11:51:32,out,1.48,13.9,31.5,33.0,20.997,203.0,2.3
2025-06-24 11:51:44,2025-06-24,11:51:44,in,1.29,1310.8,0.0,34.2,12.015,320.8,2.17
2025-06-24 11:52:36,2025-06-24,11:52:36,out,0.73,13.8,31.2,33.1,21.002,199.4,1.62
2025-06-24 11:52:47,2025-06-24,11:52:47,in,1.64,1310.8,0.0,34.4,12.098,317.6,2.05
2025-06-24 11:53:39,2025-06-24,11:53:39,out,0.15,14.0,31.4,33.1,21.05,286.7,1.06
2025-06-24 11:53:50,2025-06-24,11:53:50,in,1.35,1310.8,0.0,34.3,12.056,309.9,2.38
2025-06-24 11:54:42,2025-06-24,11:54:42,out,0.55,14.0,31.3,33.2,21.102,228.1,1.58
2025-06-24 11:54:54,2025-06-24,11:54:54,in,1.74,1310.8,0.0,34.0,11.932,311.3,2.65
2025-06-24 11:55:46,2025-06-24,11:55:46,out,1.08,14.1,31.6,33.3,21.25,250.6,1.41
2025-06-24 11:55:58,2025-06-24,11:55:58,in,1.42,,,1310.8,,33.9,0.0
2025-06-24 11:56:50,2025-06-24,11:56:50,out,1.23,13.1,29.5,33.4,20.815,304.3,1.61
2025-06-24 11:57:01,2025-06-24,11:57:01,in,1.01,1310.8,0.0,34.0,11.932,318.9,1.84
2025-06-24 11:57:53,2025-06-24,11:57:53,out,1.74,12.8,28.8,33.4,20.64,316.2,2.41
2025-06-24 11:58:04,2025-06-24,11:58:04,in,1.78,1310.8,0.0,33.9,11.891,322.5,1.95
2025-06-24 11:58:56,2025-06-24,11:58:56,out,1.58,12.4,28.0,33.3,20.363,338.7,2.58
2025-06-24 11:59:08,2025-06-24,11:59:08,in,1.72,1310.8,0.0,33.7,11.808,317.3,2.31
2025-06-24 12:00:00,2025-06-24,12:00:00,out,1.98,12.7,28.8,33.2,20.49,358.4,2.21
2025-06-24 12:00:12,2025-06-24,12:00:12,in,1.66,1310.8,0.0,33.7,11.808,333.2,2.24
2025-06-24 12:01:04,2025-06-24,12:01:04,out,1.47,12.9,29.4,33.1,20.565,344.5,2.16
2025-06-24 12:01:15,2025-06-24,12:01:15,in,1.3,1310.8,0.0,33.6,11.767,336.9,2.02
2025-06-24 12:02:07,2025-06-24,12:02:07,out,1.31,12.7,29.2,33.0,20.44,331.8,3.56
2025-06-24 12:02:19,2025-06-24,12:02:19,in,1.18,1310.8,0.0,33.4,11.684,315.2,2.54
2025-06-24 12:03:10,2025-06-24,12:03:10,out,2.31,12.7,29.5,32.8,20.364,333.7,3.64
2025-06-24 12:03:22,2025-06-24,12:03:22,in,1.43,1310.8,0.0,33.5,11.725,321.5,2.31
2025-06-24 12:04:14,2025-06-24,12:04:14,out,1.64,12.0,28.5,32.7,20.043,319.2,2.44
2025-06-24 12:04:26,2025-06-24,12:04:26,in,1.33,1310.8,0.0,33.5,11.725,320.6,1.86
2025-06-24 12:05:18,2025-06-24,12:05:18,out,0.91,12.0,28.5,32.7,20.043,132.9,1.64
2025-06-24 12:05:29,2025-06-24,12:05:29,in,0.69,1310.8,0.0,33.5,11.725,321.1,1.94
2025-06-24 12:06:21,2025-06-24,12:06:21,out,0.88,12.1,28.5,32.8,20.117,140.7,1.28
2025-06-24 12:06:32,2025-06-24,12:06:32,in,0.14,1310.8,0.0,33.5,11.725,282.1,1.34
2025-06-24 12:07:24,2025-06-24,12:07:24,out,1.22,12.3,28.7,32.9,20.241,352.6,1.56
2025-06-24 12:07:36,2025-06-24,12:07:36,in,1.19,1310.8,0.0,33.6,11.767,319.4,1.95
2025-06-24 12:08:28,2025-06-24,12:08:28,out,2.06,12.1,28.1,33.0,20.166,314.7,3.31
2025-06-24 12:09:08,2025-06-24,12:09:08,in,1.51,1310.8,0.0,33.7,11.808,321.0,2.34
2025-06-24 12:09:32,2025-06-24,12:09:32,out,2.7,12.2,28.5,32.9,20.192,334.1,3.6
2025-06-24 12:10:08,2025-06-24,12:10:08,in,1.14,1310.8,0.0,33.8,11.849,337.6,2.04
2025-06-24 12:10:35,2025-06-24,12:10:35,out,1.47,12.4,28.9,32.9,20.291,319.2,2.54
2025-06-24 12:11:12,2025-06-24,12:11:12,in,1.72,1310.8,0.0,33.9,11.891,323.6,2.17
2025-06-24 12:11:38,2025-06-24,12:11:38,out,0.96,12.0,27.9,33.0,20.115,304.1,2.29
2025-06-24 12:12:16,2025-06-24,12:12:16,in,1.38,1310.8,0.0,33.8,11.849,311.9,2.02
2025-06-24 12:12:42,2025-06-24,12:12:42,out,0.55,11.6,27.1,33.0,19.911,356.6,2.3
2025-06-24 12:13:18,2025-06-24,12:13:18,in,1.07,1310.8,0.0,33.6,11.767,308.4,1.85
2025-06-24 12:13:46,2025-06-24,12:13:46,out,0.11,11.9,27.6,33.0,20.039,118.6,0.99
2025-06-24 12:14:22,2025-06-24,12:14:22,in,1.21,1310.8,0.0,33.7,11.808,312.7,2.48
2025-06-24 12:14:49,2025-06-24,12:14:49,out,1.27,11.9,27.5,33.1,20.088,302.7,1.85
2025-06-24 12:15:26,2025-06-24,12:15:26,in,1.29,1310.8,0.0,33.8,11.849,317.7,2.0
2025-06-24 12:15:52,2025-06-24,12:15:52,out,0.45,12.6,28.6,33.2,20.44,206.0,1.99
2025-06-24 12:16:30,2025-06-24,12:16:30,in,1.17,1310.8,0.0,33.9,11.891,319.5,1.86
2025-06-24 12:16:56,2025-06-24,12:16:56,out,2.12,12.5,28.3,33.3,20.439,239.7,2.65
2025-06-24 12:17:32,2025-06-24,12:17:32,in,0.27,1310.8,0.0,34.0,11.932,326.1,1.79
2025-06-24 12:18:00,2025-06-24,12:18:00,out,1.2,12.5,28.3,33.3,20.439,193.8,2.49
2025-06-24 12:18:36,2025-06-24,12:18:36,in,0.99,1310.8,0.0,34.1,11.974,328.5,1.52
2025-06-24 12:19:03,2025-06-24,12:19:03,out,2.34,12.8,28.8,33.3,20.565,244.2,3.08
2025-06-24 12:19:40,2025-06-24,12:19:40,in,1.5,1310.8,0.0,34.2,12.015,332.2,1.79
2025-06-24 12:20:06,2025-06-24,12:20:06,out,0.71,12.5,28.3,33.3,20.439,231.9,3.2
2025-06-24 12:20:44,2025-06-24,12:20:44,in,0.9,1310.8,0.0,34.0,11.932,321.2,2.13
2025-06-24 12:21:10,2025-06-24,12:21:10,out,0.38,12.4,28.2,33.3,20.414,162.8,0.75
2025-06-24 12:21:47,2025-06-24,12:21:47,in,0.81,1310.8,0.0,34.0,11.932,324.3,1.6
2025-06-24 12:22:14,2025-06-24,12:22:14,out,1.19,11.8,27.0,33.3,20.106,125.7,2.01
2025-06-24 12:22:50,2025-06-24,12:22:50,in,1.31,1310.8,0.0,33.9,11.891,332.7,2.16
2025-06-24 12:23:17,2025-06-24,12:23:17,out,1.52,11.6,26.7,33.3,20.028,92.9,2.56
2025-06-24 12:23:54,2025-06-24,12:23:54,in,1.32,1310.8,0.0,33.7,11.808,335.8,2.5
2025-06-24 12:24:20,2025-06-24,12:24:20,out,0.18,11.8,27.2,33.2,20.084,2.3,1.42
2025-06-24 12:24:58,2025-06-24,12:24:58,in,0.71,1310.8,0.0,33.6,11.767,307.3,1.7
2025-06-24 12:25:24,2025-06-24,12:25:24,out,0.88,11.9,27.2,33.3,20.158,321.4,1.16
2025-06-24 12:26:01,2025-06-24,12:26:01,in,1.16,1310.8,0.0,33.8,11.849,323.4,2.2
2025-06-24 12:26:28,2025-06-24,12:26:28,out,0.86,12.3,27.9,33.4,20.412,298.1,1.15
2025-06-24 12:27:04,2025-06-24,12:27:04,in,1.34,1310.8,0.0,33.8,11.849,324.6,2.42
2025-06-24 12:27:31,2025-06-24,12:27:31,out,1.45,12.4,27.9,33.5,20.486,255.3,2.43
2025-06-24 12:28:08,2025-06-24,12:28:08,in,0.84,1310.8,0.0,33.8,11.849,333.5,2.14
2025-06-24 12:28:34,2025-06-24,12:28:34,out,1.49,14.4,31.5,33.5,21.379,224.3,2.98
2025-06-24 12:29:12,2025-06-24,12:29:12,in,0.34,1310.8,0.0,33.9,11.891,329.2,0.97
2025-06-24 12:29:38,2025-06-24,12:29:38,out,2.53,14.8,32.4,33.6,21.671,333.6,3.36
2025-06-24 12:30:15,2025-06-24,12:30:15,in,1.89,1310.8,0.0,34.2,12.015,328.0,2.3
2025-06-24 12:30:42,2025-06-24,12:30:42,out,2.05,13.1,29.1,33.6,20.865,292.7,3.95
2025-06-24 12:31:18,2025-06-24,12:31:18,in,1.74,1310.8,0.0,34.2,12.015,324.6,2.49
2025-06-24 12:31:45,2025-06-24,12:31:45,out,2.13,12.5,28.2,33.5,20.563,242.8,3.37
2025-06-24 12:32:22,2025-06-24,12:32:22,in,1.48,1310.8,0.0,34.1,11.974,338.8,2.06
2025-06-24 12:32:48,2025-06-24,12:32:48,out,2.72,14.3,31.8,33.4,21.375,242.5,2.95
2025-06-24 12:33:26,2025-06-24,12:33:26,in,0.79,1310.8,0.0,34.1,11.974,352.9,2.24
2025-06-24 12:33:52,2025-06-24,12:33:52,out,0.44,15.2,33.5,33.5,21.853,176.3,2.59
2025-06-24 12:34:29,2025-06-24,12:34:29,in,2.08,1310.8,0.0,34.3,12.056,319.2,2.36
2025-06-24 12:34:56,2025-06-24,12:34:56,out,2.72,14.2,31.4,33.5,21.355,259.7,3.51
2025-06-24 12:35:32,2025-06-24,12:35:32,in,1.81,1310.8,0.0,34.3,12.056,335.2,2.58
2025-06-24 12:35:59,2025-06-24,12:35:59,out,2.87,15.5,34.1,33.5,21.992,250.2,3.62
2025-06-24 12:36:36,2025-06-24,12:36:36,in,1.2,,,1310.8,,341.2,2.02
2025-06-24 12:37:02,2025-06-24,12:37:02,out,1.89,16.1,35.5,33.4,22.232,258.7,3.98
2025-06-24 12:37:40,2025-06-24,12:37:40,in,1.49,1310.8,0.0,34.4,12.098,336.5,2.19
2025-06-24 12:38:06,2025-06-24,12:38:06,out,2.26,15.2,33.8,33.3,21.766,276.0,2.85
2025-06-24 12:38:43,2025-06-24,12:38:43,in,2.1,1310.8,0.0,34.4,12.098,329.4,2.59
2025-06-24 12:39:10,2025-06-24,12:39:10,out,1.77,14.2,31.9,33.2,21.245,284.1,3.53
2025-06-24 12:39:47,2025-06-24,12:39:47,in,1.27,1310.8,0.0,34.3,12.056,331.3,2.24
2025-06-24 12:40:13,2025-06-24,12:40:13,out,3.09,15.4,34.5,33.2,21.849,248.2,4.34
2025-06-24 12:40:50,2025-06-24,12:40:50,in,1.22,1310.8,0.0,34.3,12.056,342.6,1.72
2025-06-24 12:41:16,2025-06-24,12:41:16,out,2.16,15.5,34.7,33.2,21.894,264.8,3.08
2025-06-24 12:41:54,2025-06-24,12:41:54,in,1.86,1310.8,0.0,34.4,12.098,337.3,2.06
2025-06-24 12:42:20,2025-06-24,12:42:20,out,1.95,16.1,36.2,33.1,22.152,240.1,6.21
2025-06-24 12:42:58,2025-06-24,12:42:58,in,1.8,1310.8,0.0,34.3,12.056,329.9,2.13
2025-06-24 12:43:24,2025-06-24,12:43:24,out,2.54,15.9,35.8,33.0,21.984,268.0,4.57
2025-06-24 12:44:01,2025-06-24,12:44:01,in,1.35,1310.8,0.0,34.2,12.015,341.0,2.01
2025-06-24 12:44:27,2025-06-24,12:44:27,out,1.95,16.2,36.6,33.0,22.16,265.9,3.89
2025-06-24 12:45:04,2025-06-24,12:45:04,in,1.57,1310.8,0.0,34.2,12.015,328.7,2.08
2025-06-24 12:45:30,2025-06-24,12:45:30,out,3.2,15.1,34.4,32.9,21.591,227.0,4.9
2025-06-24 12:46:08,2025-06-24,12:46:08,in,0.33,1310.8,0.0,34.1,11.974,23.8,2.2
2025-06-24 12:46:34,2025-06-24,12:46:34,out,2.89,15.4,35.4,32.7,21.658,241.1,3.86
2025-06-24 12:47:12,2025-06-24,12:47:12,in,1.16,1310.8,0.0,34.2,12.015,348.2,1.78
2025-06-24 12:47:38,2025-06-24,12:47:38,out,1.7,15.6,36.0,32.6,21.712,218.7,5.39
2025-06-24 12:48:15,2025-06-24,12:48:15,in,0.59,1310.8,0.0,34.2,12.015,342.1,1.93
2025-06-24 12:48:42,2025-06-24,12:48:42,out,2.68,15.6,36.1,32.6,21.733,246.5,4.46
2025-06-24 12:49:18,2025-06-24,12:49:18,in,0.5,1310.8,0.0,34.3,12.056,294.8,1.47
2025-06-24 12:49:44,2025-06-24,12:49:44,out,2.1,15.1,35.0,32.6,21.491,203.4,3.47
2025-06-24 12:50:22,2025-06-24,12:50:22,in,0.18,1310.8,0.0,34.4,12.098,13.1,1.82
2025-06-24 12:50:48,2025-06-24,12:50:48,out,1.72,15.6,36.1,32.7,21.813,212.0,2.59
2025-06-24 12:51:26,2025-06-24,12:51:26,in,0.79,1310.8,0.0,34.5,12.139,338.6,1.6
2025-06-24 12:51:52,2025-06-24,12:51:52,out,3.58,15.4,35.4,32.6,21.579,240.4,5.44
2025-06-24 12:52:29,2025-06-24,12:52:29,in,0.46,1310.8,0.0,34.6,12.18,311.6,2.12
2025-06-24 12:52:56,2025-06-24,12:52:56,out,2.88,15.9,36.8,32.6,21.886,223.3,3.78
2025-06-24 12:53:32,2025-06-24,12:53:32,in,0.53,1310.8,0.0,34.7,12.222,333.0,1.7
2025-06-24 12:53:59,2025-06-24,12:53:59,out,5.45,15.7,36.3,32.6,21.777,239.6,6.41
2025-06-24 12:54:36,2025-06-24,12:54:36,in,0.76,1310.8,0.0,34.8,12.263,349.1,1.38
2025-06-24 12:55:02,2025-06-24,12:55:02,out,3.54,15.4,35.9,32.5,21.61,237.9,5.39
2025-06-24 12:55:40,2025-06-24,12:55:40,in,0.52,1310.8,0.0,34.7,12.222,51.4,1.31
2025-06-24 12:56:06,2025-06-24,12:56:06,out,4.69,15.4,36.1,32.4,21.575,244.7,6.08
2025-06-24 12:56:43,2025-06-24,12:56:43,in,0.56,1310.8,0.0,34.7,12.222,114.3,0.71
2025-06-24 12:57:10,2025-06-24,12:57:10,out,5.05,15.5,36.5,32.3,21.583,241.1,6.29
2025-06-24 12:57:46,2025-06-24,12:57:46,in,0.7,1310.8,0.0,34.8,12.263,154.2,0.8
2025-06-24 12:58:13,2025-06-24,12:58:13,out,3.8,15.8,37.2,32.3,21.733,237.0,5.81
2025-06-24 12:58:50,2025-06-24,12:58:50,in,0.28,1310.8,0.0,34.8,12.263,137.4,0.77
2025-06-24 12:59:16,2025-06-24,12:59:16,out,3.93,15.4,36.3,32.3,21.539,221.5,5.11
2025-06-24 12:59:54,2025-06-24,12:59:54,in,0.39,1310.8,0.0,34.8,12.263,10.0,0.98
2025-06-24 13:00:20,2025-06-24,13:00:20,out,5.04,15.3,36.3,32.2,21.46,243.2,5.49
2025-06-24 13:00:57,2025-06-24,13:00:57,in,0.36,1310.8,0.0,34.8,12.263,34.5,1.21
2025-06-24 13:01:24,2025-06-24,13:01:24,out,2.79,15.8,37.1,32.3,21.712,259.5,4.76
2025-06-24 13:02:00,2025-06-24,13:02:00,in,0.48,1310.8,0.0,34.8,12.263,114.5,0.96
2025-06-24 13:02:27,2025-06-24,13:02:27,out,4.0,15.5,36.2,32.4,21.597,251.2,5.07
2025-06-24 13:03:04,2025-06-24,13:03:04,in,0.56,1310.8,0.0,34.8,12.263,345.0,0.81
2025-06-24 13:03:30,2025-06-24,13:03:30,out,3.3,15.6,36.7,32.3,21.626,269.7,6.1
2025-06-24 13:04:08,2025-06-24,13:04:08,in,0.31,1310.8,0.0,34.7,12.222,348.0,1.02
2025-06-24 13:04:34,2025-06-24,13:04:34,out,2.53,15.5,36.3,32.4,21.619,239.5,5.17
2025-06-24 13:05:11,2025-06-24,13:05:11,in,0.23,1310.8,0.0,34.8,12.263,75.2,0.7
2025-06-24 13:05:38,2025-06-24,13:05:38,out,2.75,15.5,36.2,32.4,21.597,269.3,3.76
2025-06-24 13:06:14,2025-06-24,13:06:14,in,0.2,1310.8,0.0,34.8,12.263,46.8,0.87
2025-06-24 13:06:41,2025-06-24,13:06:41,out,3.76,15.5,36.2,32.4,21.597,228.5,6.94
2025-06-24 13:07:18,2025-06-24,13:07:18,in,0.29,1310.8,0.0,34.8,12.263,96.5,0.94
2025-06-24 13:07:44,2025-06-24,13:07:44,out,2.92,15.7,36.9,32.3,21.669,234.4,5.07
2025-06-24 13:08:22,2025-06-24,13:08:22,in,0.21,1310.8,0.0,34.8,12.263,30.3,0.82
2025-06-24 13:08:48,2025-06-24,13:08:48,out,1.78,15.8,36.8,32.4,21.727,251.3,5.9
2025-06-24 13:09:25,2025-06-24,13:09:25,in,0.16,1310.8,0.0,34.8,12.263,107.3,0.88
2025-06-24 13:09:52,2025-06-24,13:09:52,out,5.74,15.0,35.0,32.4,21.334,245.4,6.2
2025-06-24 13:10:28,2025-06-24,13:10:28,in,0.65,1310.8,0.0,34.8,12.263,118.0,0.81
2025-06-24 13:10:55,2025-06-24,13:10:55,out,2.82,15.3,36.0,32.3,21.474,260.7,7.09
2025-06-24 13:11:32,2025-06-24,13:11:32,in,0.97,1310.8,0.0,34.7,12.222,331.7,1.09
2025-06-24 13:11:58,2025-06-24,13:11:58,out,3.19,15.0,35.2,32.3,21.299,267.3,4.29
2025-06-24 13:12:36,2025-06-24,13:12:36,in,0.26,1310.8,0.0,34.5,12.139,12.5,1.37
2025-06-24 13:13:02,2025-06-24,13:13:02,out,3.63,15.4,36.3,32.3,21.539,239.3,5.36
2025-06-24 13:13:39,2025-06-24,13:13:39,in,0.5,1310.8,0.0,34.6,12.18,32.6,0.83
2025-06-24 13:14:06,2025-06-24,13:14:06,out,3.35,15.5,36.6,32.2,21.525,276.8,6.75
2025-06-24 13:14:42,2025-06-24,13:14:42,in,0.72,1310.8,0.0,34.6,12.18,343.1,1.3
2025-06-24 13:15:09,2025-06-24,13:15:09,out,5.61,15.3,36.2,32.2,21.438,243.4,6.16
2025-06-24 13:15:46,2025-06-24,13:15:46,in,0.79,1310.8,0.0,34.7,12.222,127.3,1.05
2025-06-24 13:16:12,2025-06-24,13:16:12,out,3.66,15.2,36.5,32.1,21.424,219.9,6.07
2025-06-24 13:16:50,2025-06-24,13:16:50,in,0.26,1310.8,0.0,34.7,12.222,61.9,0.97
2025-06-24 13:17:16,2025-06-24,13:17:16,out,3.56,15.0,35.7,32.1,21.251,242.7,5.92
2025-06-24 13:17:53,2025-06-24,13:17:53,in,0.52,1310.8,0.0,34.7,12.222,20.6,0.76
2025-06-24 13:18:20,2025-06-24,13:18:20,out,2.67,15.1,35.9,32.1,21.294,270.8,5.8
2025-06-24 13:18:57,2025-06-24,13:18:57,in,0.38,1310.8,0.0,34.7,12.222,98.9,0.8
2025-06-24 13:19:23,2025-06-24,13:19:23,out,3.14,15.1,35.6,32.1,21.229,242.4,5.12
2025-06-24 13:20:00,2025-06-24,13:20:00,in,0.79,1310.8,0.0,34.8,12.263,342.5,0.93
2025-06-24 13:20:54,2025-06-24,13:20:54,out,2.44,15.2,35.7,32.3,21.409,263.5,3.24
2025-06-24 13:21:04,2025-06-24,13:21:04,in,0.83,1310.8,0.0,34.7,12.222,337.1,1.22
2025-06-24 13:21:56,2025-06-24,13:21:56,out,5.0,14.7,34.7,32.3,21.189,244.2,5.81
2025-06-24 13:22:08,2025-06-24,13:22:08,in,0.41,1310.8,0.0,34.6,12.18,10.3,1.49
2025-06-24 13:23:00,2025-06-24,13:23:00,out,2.93,15.1,36.0,32.1,21.316,242.5,4.99
2025-06-24 13:23:10,2025-06-24,13:23:10,in,0.29,1310.8,0.0,34.6,12.18,91.4,0.67
2025-06-24 13:24:03,2025-06-24,13:24:03,out,1.97,15.1,36.0,32.1,21.316,242.2,5.33
2025-06-24 13:24:14,2025-06-24,13:24:14,in,0.39,1310.8,0.0,34.6,12.18,42.3,0.93
2025-06-24 13:25:06,2025-06-24,13:25:06,out,4.36,14.8,35.1,32.1,21.12,236.9,5.83
2025-06-24 13:25:18,2025-06-24,13:25:18,in,0.17,1310.8,0.0,34.7,12.222,87.4,0.37
2025-06-24 13:26:10,2025-06-24,13:26:10,out,4.31,15.0,35.8,32.1,21.272,246.5,5.4
2025-06-24 13:26:21,2025-06-24,13:26:21,in,0.85,1310.8,0.0,34.7,12.222,357.1,1.02
2025-06-24 13:27:14,2025-06-24,13:27:14,out,3.69,15.7,37.2,32.1,21.573,276.4,6.6
2025-06-24 13:27:25,2025-06-24,13:27:25,in,0.64,1310.8,0.0,34.7,12.222,356.7,0.79
2025-06-24 13:28:17,2025-06-24,13:28:17,out,2.68,15.5,36.6,32.2,21.525,264.5,4.82
2025-06-24 13:28:28,2025-06-24,13:28:28,in,0.39,1310.8,0.0,34.7,12.222,25.4,0.79
2025-06-24 13:29:20,2025-06-24,13:29:20,out,2.77,15.2,36.0,32.2,21.395,277.2,4.65
2025-06-24 13:29:32,2025-06-24,13:29:32,in,1.1,1310.8,0.0,34.7,12.222,340.2,1.31
2025-06-24 13:30:24,2025-06-24,13:30:24,out,3.87,15.0,35.5,32.2,21.286,253.5,5.51
2025-06-24 13:30:36,2025-06-24,13:30:36,in,1.43,1310.8,0.0,34.5,12.139,332.8,1.6
2025-06-24 13:31:28,2025-06-24,13:31:28,out,3.28,14.9,35.2,32.2,21.22,252.5,4.88
2025-06-24 13:31:38,2025-06-24,13:31:38,in,1.14,1310.8,0.0,34.4,12.098,347.7,1.43
2025-06-24 13:32:31,2025-06-24,13:32:31,out,5.47,15.5,36.9,32.1,21.509,248.0,6.24
2025-06-24 13:32:42,2025-06-24,13:32:42,in,0.49,1310.8,0.0,34.4,12.098,19.5,1.48
2025-06-24 13:33:34,2025-06-24,13:33:34,out,3.82,15.7,37.4,32.1,21.616,226.7,6.05
2025-06-24 13:33:46,2025-06-24,13:33:46,in,0.37,1310.8,0.0,34.5,12.139,141.0,1.08
2025-06-24 13:34:38,2025-06-24,13:34:38,out,3.05,16.0,37.8,32.2,21.781,236.8,5.79
2025-06-24 13:34:50,2025-06-24,13:34:50,in,0.46,1310.8,0.0,34.6,12.18,38.8,0.65
2025-06-24 13:35:42,2025-06-24,13:35:42,out,3.21,16.3,38.6,32.2,21.949,243.5,4.44
2025-06-24 13:35:52,2025-06-24,13:35:52,in,0.2,1310.8,0.0,34.6,12.18,51.6,0.79
2025-06-24 13:36:45,2025-06-24,13:36:45,out,3.02,16.5,38.8,32.3,22.072,266.0,5.07
2025-06-24 13:36:56,2025-06-24,13:36:56,in,0.83,1310.8,0.0,34.7,12.222,358.0,1.21
2025-06-24 13:37:48,2025-06-24,13:37:48,out,3.58,16.0,37.7,32.3,21.84,233.0,4.56
2025-06-24 13:38:00,2025-06-24,13:38:00,in,1.11,1310.8,0.0,34.6,12.18,340.7,1.69
2025-06-24 13:38:52,2025-06-24,13:38:52,out,1.62,16.1,37.7,32.4,21.92,241.4,3.08
2025-06-24 13:39:04,2025-06-24,13:39:04,in,1.48,1310.8,0.0,34.5,12.139,340.1,2.08
2025-06-24 13:39:56,2025-06-24,13:39:56,out,3.16,15.9,36.8,32.4,21.727,261.3,5.74
2025-06-24 13:40:07,2025-06-24,13:40:07,in,1.89,1310.8,0.0,34.4,12.098,334.0,2.4
2025-06-24 13:41:00,2025-06-24,13:41:00,out,2.91,15.7,36.7,32.4,21.705,243.7,4.18
2025-06-24 13:41:10,2025-06-24,13:41:10,in,0.9,1310.8,0.0,34.3,12.056,357.6,2.33
2025-06-24 13:42:03,2025-06-24,13:42:03,out,3.17,16.1,37.7,32.3,21.84,231.5,5.49
2025-06-24 13:42:14,2025-06-24,13:42:14,in,1.35,1310.8,0.0,34.2,12.015,337.2,2.39
2025-06-24 13:43:06,2025-06-24,13:43:06,out,1.7,16.2,38.1,32.3,21.925,248.0,4.12
2025-06-24 13:43:18,2025-06-24,13:43:18,in,1.63,1310.8,0.0,34.3,12.056,331.8,2.0
2025-06-24 13:44:10,2025-06-24,13:44:10,out,3.46,15.7,36.8,32.3,21.647,268.0,5.66
2025-06-24 13:44:21,2025-06-24,13:44:21,in,1.83,1310.8,0.0,34.2,12.015,327.8,2.21
2025-06-24 13:45:14,2025-06-24,13:45:14,out,2.86,15.8,36.9,32.3,21.669,227.4,5.03
2025-06-24 13:45:24,2025-06-24,13:45:24,in,1.63,1310.8,0.0,34.1,11.974,343.9,2.12
2025-06-24 13:46:17,2025-06-24,13:46:17,out,3.14,15.5,36.5,32.3,21.583,260.4,4.2
2025-06-24 13:46:28,2025-06-24,13:46:28,in,0.4,1310.8,0.0,34.2,12.015,6.5,2.19
2025-06-24 13:47:20,2025-06-24,13:47:20,out,3.02,15.3,36.0,32.3,21.474,223.9,4.75
2025-06-24 13:47:32,2025-06-24,13:47:32,in,0.56,1310.8,0.0,34.3,12.056,314.1,1.59
2025-06-24 13:48:24,2025-06-24,13:48:24,out,6.25,14.7,34.8,32.2,21.132,245.6,6.75
2025-06-24 13:48:35,2025-06-24,13:48:35,in,0.42,1310.8,0.0,34.3,12.056,339.6,1.28
2025-06-24 13:49:28,2025-06-24,13:49:28,out,4.6,15.7,37.3,32.1,21.595,237.9,5.8
2025-06-24 13:49:38,2025-06-24,13:49:38,in,0.43,1310.8,0.0,34.4,12.098,311.3,1.28
2025-06-24 13:50:31,2025-06-24,13:50:31,out,6.24,16.0,38.2,32.1,21.785,228.2,7.09
2025-06-24 13:50:42,2025-06-24,13:50:42,in,0.08,1310.8,0.0,34.4,12.098,277.0,1.03
2025-06-24 13:51:34,2025-06-24,13:51:34,out,3.83,16.3,39.0,32.0,21.871,233.2,6.61
2025-06-24 13:51:46,2025-06-24,13:51:46,in,1.11,1310.8,0.0,34.6,12.18,322.4,2.19
2025-06-24 13:52:38,2025-06-24,13:52:38,out,4.7,15.1,36.4,31.9,21.243,243.0,6.08
2025-06-24 13:52:49,2025-06-24,13:52:49,in,0.54,1310.8,0.0,34.7,12.222,355.7,1.46
2025-06-24 13:53:42,2025-06-24,13:53:42,out,4.03,14.6,35.2,31.9,20.984,236.1,5.26
2025-06-24 13:53:52,2025-06-24,13:53:52,in,0.37,1310.8,0.0,34.6,12.18,343.9,1.71
2025-06-24 13:54:45,2025-06-24,13:54:45,out,5.31,15.4,37.0,31.9,21.371,246.3,7.06
2025-06-24 13:54:56,2025-06-24,13:54:56,in,0.43,1310.8,0.0,34.6,12.18,13.0,1.52
2025-06-24 13:55:48,2025-06-24,13:55:48,out,2.76,16.0,38.6,31.9,21.708,252.0,5.18
2025-06-24 13:56:00,2025-06-24,13:56:00,in,0.45,1310.8,0.0,34.6,12.18,330.7,1.62
2025-06-24 13:56:52,2025-06-24,13:56:52,out,2.02,16.1,38.6,32.0,21.788,275.4,5.36
2025-06-24 13:57:03,2025-06-24,13:57:03,in,0.77,1310.8,0.0,34.6,12.18,336.5,2.01
2025-06-24 13:57:56,2025-06-24,13:57:56,out,2.46,,38.1,32.1,21.764,258.3,4.55
2025-06-24 13:58:06,2025-06-24,13:58:06,in,0.56,1310.8,0.0,34.6,12.18,327.1,1.4
2025-06-24 13:58:59,2025-06-24,13:58:59,out,3.57,14.9,35.1,32.2,21.198,258.0,5.11
2025-06-24 13:59:10,2025-06-24,13:59:10,in,1.22,1310.8,0.0,34.6,12.18,316.0,2.35
2025-06-24 14:00:02,2025-06-24,14:00:02,out,3.31,15.5,36.6,32.2,21.525,248.6,6.09
2025-06-24 14:00:14,2025-06-24,14:00:14,in,1.05,1310.8,0.0,34.4,12.098,348.0,2.18
2025-06-24 14:01:06,2025-06-24,14:01:06,out,1.77,16.0,37.5,32.3,21.797,216.1,3.73
2025-06-24 14:01:17,2025-06-24,14:01:17,in,0.19,1310.8,0.0,34.5,12.139,315.4,1.95
2025-06-24 14:02:10,2025-06-24,14:02:10,out,4.82,15.6,36.6,32.3,21.604,235.0,5.66
2025-06-24 14:02:20,2025-06-24,14:02:20,in,0.91,1310.8,0.0,34.6,12.18,320.7,1.44
2025-06-24 14:03:13,2025-06-24,14:03:13,out,2.71,15.4,36.6,32.1,21.445,269.5,5.36
2025-06-24 14:03:24,2025-06-24,14:03:24,in,1.18,1310.8,0.0,34.6,12.18,319.2,1.62
2025-06-24 14:04:16,2025-06-24,14:04:16,out,3.92,16.3,38.5,32.2,21.928,256.6,6.12
2025-06-24 14:04:28,2025-06-24,14:04:28,in,0.72,1310.8,0.0,34.6,12.18,11.3,1.99
2025-06-24 14:05:20,2025-06-24,14:05:20,out,4.38,16.5,39.2,32.1,21.994,232.2,6.75
2025-06-24 14:05:31,2025-06-24,14:05:31,in,0.53,1310.8,0.0,34.6,12.18,357.2,1.57
2025-06-24 14:06:24,2025-06-24,14:06:24,out,4.27,16.0,38.4,31.9,21.666,229.0,7.35
2025-06-24 14:06:34,2025-06-24,14:06:34,in,0.57,1310.8,0.0,34.6,12.18,355.0,1.16
2025-06-24 14:07:27,2025-06-24,14:07:27,out,4.56,15.8,38.4,31.7,21.505,241.1,7.17
2025-06-24 14:07:38,2025-06-24,14:07:38,in,0.11,1310.8,0.0,34.5,12.139,317.4,1.9
2025-06-24 14:08:30,2025-06-24,14:08:30,out,4.71,15.9,38.7,31.7,21.567,230.1,6.22
2025-06-24 14:08:42,2025-06-24,14:08:42,in,0.14,1310.8,0.0,34.5,12.139,59.1,0.98
2025-06-24 14:09:34,2025-06-24,14:09:34,out,4.01,15.8,38.6,31.6,21.466,234.3,5.21
2025-06-24 14:09:45,2025-06-24,14:09:45,in,1.05,1310.8,0.0,34.5,12.139,327.2,1.65
2025-06-24 14:10:38,2025-06-24,14:10:38,out,3.2,,39.6,31.7,21.752,253.0,7.16
2025-06-24 14:10:48,2025-06-24,14:10:48,in,1.1,1310.8,0.0,34.4,12.098,345.5,2.17
2025-06-24 14:11:41,2025-06-24,14:11:41,out,3.14,16.4,39.9,31.7,21.813,246.6,5.58
2025-06-24 14:11:52,2025-06-24,14:11:52,in,0.8,1310.8,0.0,34.3,12.056,344.0,2.09
2025-06-24 14:12:44,2025-06-24,14:12:44,out,2.8,17.0,41.6,31.7,22.156,253.3,4.39
2025-06-24 14:12:56,2025-06-24,14:12:56,in,1.68,1310.8,0.0,34.2,12.015,343.2,2.2
2025-06-24 14:13:48,2025-06-24,14:13:48,out,3.36,17.4,42.6,31.7,22.354,257.4,5.48
2025-06-24 14:13:59,2025-06-24,14:13:59,in,1.61,1310.8,0.0,34.1,11.974,331.6,1.98
2025-06-24 14:14:52,2025-06-24,14:14:52,out,4.71,17.9,43.5,31.8,22.614,248.1,5.98
2025-06-24 14:15:02,2025-06-24,14:15:02,in,1.1,1310.8,0.0,34.0,11.932,341.8,1.89
2025-06-24 14:15:55,2025-06-24,14:15:55,out,5.21,18.0,44.0,31.8,22.712,243.3,5.59
2025-06-24 14:16:06,2025-06-24,14:16:06,in,0.92,1310.8,0.0,34.0,11.932,347.6,1.33
2025-06-24 14:16:58,2025-06-24,14:16:58,out,3.19,18.1,44.8,31.6,22.7,243.2,5.93
2025-06-24 14:17:10,2025-06-24,14:17:10,in,1.28,1310.8,0.0,34.0,11.932,344.9,1.7
2025-06-24 14:18:02,2025-06-24,14:18:02,out,3.3,17.8,43.7,31.6,22.487,285.7,5.74
2025-06-24 14:18:13,2025-06-24,14:18:13,in,1.51,1310.8,0.0,34.0,11.932,342.1,1.92
2025-06-24 14:19:06,2025-06-24,14:19:06,out,2.88,17.7,43.3,31.7,22.492,256.0,4.94
2025-06-24 14:19:17,2025-06-24,14:19:17,in,0.96,1310.8,0.0,33.9,11.891,335.2,2.39
2025-06-24 14:20:09,2025-06-24,14:20:09,out,2.42,17.9,43.6,31.8,22.634,253.5,6.29
2025-06-24 14:20:20,2025-06-24,14:20:20,in,1.54,1310.8,0.0,33.8,11.849,326.8,1.99
2025-06-24 14:21:13,2025-06-24,14:21:13,out,3.82,17.9,43.4,31.8,22.595,228.1,5.5
2025-06-24 14:21:24,2025-06-24,14:21:24,in,1.23,1310.8,0.0,33.7,11.808,337.2,2.11
2025-06-24 14:22:16,2025-06-24,14:22:16,out,2.47,17.8,43.3,31.8,22.575,253.2,5.05
2025-06-24 14:22:28,2025-06-24,14:22:28,in,1.08,1310.8,0.0,33.7,11.808,338.3,1.76
2025-06-24 14:23:20,2025-06-24,14:23:20,out,4.06,17.0,41.4,31.7,22.116,250.9,6.48
2025-06-24 14:23:31,2025-06-24,14:23:31,in,0.43,1310.8,0.0,33.7,11.808,342.6,1.6
2025-06-24 14:24:24,2025-06-24,14:24:24,out,2.36,16.6,40.6,31.6,21.874,238.9,5.43
2025-06-24 14:24:34,2025-06-24,14:24:34,in,1.81,1310.8,0.0,33.7,11.808,336.6,2.56
2025-06-24 14:25:26,2025-06-24,14:25:26,out,3.88,17.7,43.7,31.5,22.404,257.4,5.83
2025-06-24 14:25:38,2025-06-24,14:25:38,in,1.88,1310.8,0.0,33.5,11.725,334.3,2.31
2025-06-24 14:26:30,2025-06-24,14:26:30,out,4.53,17.3,42.8,31.5,22.228,242.8,6.52
2025-06-24 14:26:42,2025-06-24,14:26:42,in,0.19,1310.8,0.0,33.4,11.684,335.9,1.73
2025-06-24 14:27:34,2025-06-24,14:27:34,out,5.23,16.5,41.0,31.3,21.709,238.6,6.82
2025-06-24 14:27:45,2025-06-24,14:27:45,in,0.65,1310.8,0.0,33.4,11.684,359.0,1.3
2025-06-24 14:28:38,2025-06-24,14:28:38,out,4.98,16.1,40.4,31.2,21.507,232.2,7.39
2025-06-24 14:28:48,2025-06-24,14:28:48,in,0.64,1310.8,0.0,33.5,11.725,324.0,1.73
2025-06-24 14:29:41,2025-06-24,14:29:41,out,3.2,16.3,41.2,31.1,21.584,249.8,5.5
2025-06-24 14:29:52,2025-06-24,14:29:52,in,0.78,1310.8,0.0,33.5,11.725,331.1,1.41
2025-06-24 14:30:44,2025-06-24,14:30:44,out,3.93,16.6,41.5,31.2,21.726,259.3,6.26
2025-06-24 14:30:56,2025-06-24,14:30:56,in,0.12,,1310.8,0.0,281.275,97.9,3.35
2025-06-24 14:31:48,2025-06-24,14:31:48,out,2.24,16.2,40.6,31.2,21.547,232.0,6.8
2025-06-24 14:31:59,2025-06-24,14:31:59,in,0.98,1310.8,0.0,33.5,11.725,343.5,1.72
2025-06-24 14:32:52,2025-06-24,14:32:52,out,2.09,16.8,41.5,31.4,21.89,259.7,3.9
2025-06-24 14:33:02,2025-06-24,14:33:02,in,0.24,1310.8,0.0,33.5,11.725,309.6,1.59
2025-06-24 14:33:55,2025-06-24,14:33:55,out,2.49,16.4,40.5,31.5,21.772,233.6,5.51
2025-06-24 14:34:06,2025-06-24,14:34:06,in,0.89,1310.8,0.0,33.5,11.725,348.5,1.75
2025-06-24 14:34:58,2025-06-24,14:34:58,out,1.81,16.8,41.3,31.5,21.932,231.5,6.32
2025-06-24 14:35:10,2025-06-24,14:35:10,in,0.1,1310.8,0.0,33.6,11.767,331.2,1.99
2025-06-24 14:36:02,2025-06-24,14:36:02,out,2.28,15.9,39.0,31.5,21.467,260.1,6.08
2025-06-24 14:36:13,2025-06-24,14:36:13,in,0.63,1310.8,0.0,33.7,11.808,353.6,1.46
2025-06-24 14:37:06,2025-06-24,14:37:06,out,3.58,16.4,40.5,31.5,21.772,244.0,5.91
2025-06-24 14:37:16,2025-06-24,14:37:16,in,1.51,1310.8,0.0,33.7,11.808,322.4,1.68
2025-06-24 14:38:09,2025-06-24,14:38:09,out,6.05,16.5,40.6,31.5,21.792,249.1,7.24
2025-06-24 14:38:20,2025-06-24,14:38:20,in,0.98,1310.8,0.0,33.7,11.808,0.3,1.72
2025-06-24 14:39:12,2025-06-24,14:39:12,out,3.68,17.0,42.1,31.4,22.008,250.5,7.52
2025-06-24 14:39:24,2025-06-24,14:39:24,in,0.16,1310.8,0.0,33.7,11.808,309.8,2.12
2025-06-24 14:40:16,2025-06-24,14:40:16,out,4.35,16.9,42.0,31.3,21.906,245.1,5.49
2025-06-24 14:40:27,2025-06-24,14:40:27,in,1.46,1310.8,0.0,33.7,11.808,330.7,2.16
2025-06-24 14:41:20,2025-06-24,14:41:20,out,3.21,16.9,41.6,31.5,21.992,271.6,5.16
2025-06-24 14:41:30,2025-06-24,14:41:30,in,0.38,1310.8,0.0,33.6,11.767,14.6,1.89
2025-06-24 14:42:23,2025-06-24,14:42:23,out,3.75,16.0,39.2,31.5,21.508,239.8,8.0
2025-06-24 14:42:34,2025-06-24,14:42:34,in,0.4,1310.8,0.0,33.7,11.808,289.1,1.71
2025-06-24 14:43:26,2025-06-24,14:43:26,out,4.2,15.6,38.7,31.3,21.245,241.9,7.53
2025-06-24 14:43:38,2025-06-24,14:43:38,in,0.85,1310.8,0.0,33.7,11.808,350.7,1.6
2025-06-24 14:44:30,2025-06-24,14:44:30,out,4.05,16.7,41.6,31.3,21.828,254.4,7.39
2025-06-24 14:44:41,2025-06-24,14:44:41,in,0.57,1310.8,0.0,33.6,11.767,37.0,1.79
2025-06-24 14:45:34,2025-06-24,14:45:34,out,4.64,16.4,40.9,31.3,21.689,253.5,5.44
2025-06-24 14:45:44,2025-06-24,14:45:44,in,0.72,1310.8,0.0,33.6,11.767,326.6,1.85
2025-06-24 14:46:37,2025-06-24,14:46:37,out,3.8,16.9,41.9,31.4,21.969,272.1,5.48
2025-06-24 14:46:48,2025-06-24,14:46:48,in,1.66,1310.8,0.0,33.5,11.725,335.0,2.13
2025-06-24 14:47:40,2025-06-24,14:47:40,out,4.44,16.8,41.6,31.4,21.91,248.5,5.58
2025-06-24 14:47:52,2025-06-24,14:47:52,in,0.59,1310.8,0.0,33.4,11.684,332.8,2.45
2025-06-24 14:48:44,2025-06-24,14:48:44,out,3.36,17.1,42.5,31.4,22.087,247.0,5.1
2025-06-24 14:48:55,2025-06-24,14:48:55,in,0.09,1310.8,0.0,33.4,11.684,316.9,0.9
2025-06-24 14:49:48,2025-06-24,14:49:48,out,2.81,17.8,44.2,31.5,22.501,236.7,5.19
2025-06-24 14:49:58,2025-06-24,14:49:58,in,0.78,1310.8,0.0,33.5,11.725,347.8,1.5
2025-06-24 14:50:51,2025-06-24,14:50:51,out,2.57,17.5,43.4,31.5,22.346,251.7,5.28
2025-06-24 14:51:02,2025-06-24,14:51:02,in,1.45,1310.8,0.0,33.5,11.725,345.8,1.92
2025-06-24 14:51:54,2025-06-24,14:51:54,out,2.89,17.4,43.0,31.5,22.268,278.9,5.71
2025-06-24 14:52:06,2025-06-24,14:52:06,in,0.47,1310.8,0.0,33.5,11.725,46.0,2.02
2025-06-24 14:52:58,2025-06-24,14:52:58,out,5.35,16.8,41.1,31.6,21.974,243.2,6.46
2025-06-24 14:53:09,2025-06-24,14:53:09,in,0.36,1310.8,0.0,33.5,11.725,358.6,1.02
2025-06-24 14:54:02,2025-06-24,14:54:02,out,6.8,16.7,40.8,31.6,21.914,243.0,8.14
2025-06-24 14:54:12,2025-06-24,14:54:12,in,0.56,1310.8,0.0,33.6,11.767,327.1,1.61
2025-06-24 14:55:05,2025-06-24,14:55:05,out,2.41,16.8,41.4,31.5,21.952,227.7,7.43
2025-06-24 14:55:16,2025-06-24,14:55:16,in,1.03,1310.8,0.0,33.6,11.767,344.9,1.33
2025-06-24 14:56:08,2025-06-24,14:56:08,out,3.83,15.9,39.2,31.4,21.428,264.4,7.55
2025-06-24 14:56:20,2025-06-24,14:56:20,in,2.11,1310.8,0.0,33.4,11.684,336.2,2.68
2025-06-24 14:57:12,2025-06-24,14:57:12,out,4.85,16.4,41.0,31.4,21.79,243.1,7.46
2025-06-24 14:57:23,2025-06-24,14:57:23,in,0.99,1310.8,0.0,33.3,11.642,351.0,2.5
2025-06-24 14:58:16,2025-06-24,14:58:16,out,4.6,15.4,38.0,31.4,21.181,258.0,6.67
2025-06-24 14:58:26,2025-06-24,14:58:26,in,1.37,1310.8,0.0,33.2,11.601,342.5,2.29
2025-06-24 14:59:19,2025-06-24,14:59:19,out,3.36,16.3,40.6,31.3,21.629,242.4,7.11
2025-06-24 14:59:30,2025-06-24,14:59:30,in,0.99,1310.8,0.0,33.1,11.56,359.7,1.82
2025-06-24 15:00:22,2025-06-24,15:00:22,out,3.17,16.3,40.3,31.4,21.65,256.2,6.42
2025-06-24 15:00:34,2025-06-24,15:00:34,in,1.18,1310.8,0.0,33.2,11.601,337.4,2.05
2025-06-24 15:01:26,2025-06-24,15:01:26,out,4.08,16.4,40.7,31.4,21.73,245.2,6.46
2025-06-24 15:01:37,2025-06-24,15:01:37,in,0.68,1310.8,0.0,33.2,11.601,322.1,1.51
2025-06-24 15:02:30,2025-06-24,15:02:30,out,3.51,16.5,40.8,31.4,21.75,249.9,5.21
2025-06-24 15:02:40,2025-06-24,15:02:40,in,1.09,1310.8,0.0,33.3,11.642,345.9,2.02
2025-06-24 15:03:33,2025-06-24,15:03:33,out,4.42,16.0,39.2,31.5,21.508,281.6,5.81
2025-06-24 15:03:44,2025-06-24,15:03:44,in,1.04,1310.8,0.0,33.3,11.642,323.7,2.15
2025-06-24 15:04:36,2025-06-24,15:04:36,out,6.13,,,15.7,,31.4,3.87
2025-06-24 15:04:48,2025-06-24,15:04:48,in,2.58,,,1310.8,,33.1,0.0
2025-06-24 15:05:40,2025-06-24,15:05:40,out,3.45,15.6,38.5,31.4,21.284,264.5,7.41
2025-06-24 15:05:51,2025-06-24,15:05:51,in,2.08,1310.8,0.0,32.9,11.477,337.0,2.29
2025-06-24 15:06:44,2025-06-24,15:06:44,out,5.16,15.7,38.7,31.4,21.325,258.4,5.86
2025-06-24 15:06:54,2025-06-24,15:06:54,in,0.93,1310.8,0.0,32.9,11.477,346.3,2.24
2025-06-24 15:07:47,2025-06-24,15:07:47,out,3.37,16.1,39.9,31.4,21.57,260.0,6.09
2025-06-24 15:07:58,2025-06-24,15:07:58,in,1.92,1310.8,0.0,32.9,11.477,335.9,2.27
2025-06-24 15:08:50,2025-06-24,15:08:50,out,3.21,16.0,39.6,31.4,21.509,268.8,6.46
2025-06-24 15:09:02,2025-06-24,15:09:02,in,1.4,1310.8,0.0,32.9,11.477,344.9,2.31
2025-06-24 15:09:54,2025-06-24,15:09:54,out,3.34,14.5,35.9,31.4,20.74,265.0,5.81
2025-06-24 15:10:05,2025-06-24,15:10:05,in,1.83,1310.8,0.0,33.0,11.518,331.8,2.63
2025-06-24 15:10:58,2025-06-24,15:10:58,out,5.83,14.3,35.3,31.5,20.691,256.3,7.19
2025-06-24 15:11:08,2025-06-24,15:11:08,in,2.11,1310.8,0.0,33.0,11.518,330.9,2.43
2025-06-24 15:12:02,2025-06-24,15:12:02,out,3.72,15.8,38.7,31.5,21.406,234.6,6.58
2025-06-24 15:12:12,2025-06-24,15:12:12,in,1.27,1310.8,0.0,32.9,11.477,341.3,2.19
2025-06-24 15:13:05,2025-06-24,15:13:05,out,4.11,15.8,38.9,31.5,21.447,261.8,6.17
2025-06-24 15:13:16,2025-06-24,15:13:16,in,1.92,1310.8,0.0,33.0,11.518,339.8,2.51
2025-06-24 15:14:08,2025-06-24,15:14:08,out,4.72,16.0,39.6,31.4,21.509,269.5,5.8
2025-06-24 15:14:19,2025-06-24,15:14:19,in,1.36,1310.8,0.0,32.8,11.435,323.5,2.56
2025-06-24 15:15:12,2025-06-24,15:15:12,out,2.43,15.7,39.0,31.3,21.306,277.1,7.18
2025-06-24 15:15:22,2025-06-24,15:15:22,in,1.78,1310.8,0.0,32.8,11.435,337.7,2.47
2025-06-24 15:16:16,2025-06-24,15:16:16,out,3.85,14.8,36.9,31.3,20.872,271.6,7.5
2025-06-24 15:16:26,2025-06-24,15:16:26,in,1.57,1310.8,0.0,32.7,11.394,333.2,2.1
2025-06-24 15:17:19,2025-06-24,15:17:19,out,3.51,13.8,34.8,31.2,20.348,265.5,7.9
2025-06-24 15:17:30,2025-06-24,15:17:30,in,0.94,1310.8,0.0,32.6,11.353,338.1,2.4
2025-06-24 15:18:22,2025-06-24,15:18:22,out,4.63,14.6,36.6,31.2,20.73,261.1,7.63
2025-06-24 15:18:33,2025-06-24,15:18:33,in,1.11,1310.8,0.0,32.6,11.353,347.2,2.18
2025-06-24 15:19:26,2025-06-24,15:19:26,out,4.0,15.1,37.7,31.3,21.039,261.9,7.12
2025-06-24 15:19:37,2025-06-24,15:19:37,in,1.12,1310.8,0.0,32.7,11.394,346.3,1.66
2025-06-24 15:20:30,2025-06-24,15:20:30,out,3.29,14.9,37.2,31.3,20.935,251.8,6.94
2025-06-24 15:20:40,2025-06-24,15:20:40,in,1.19,1310.8,0.0,32.7,11.394,342.7,2.01
2025-06-24 15:21:33,2025-06-24,15:21:33,out,3.86,15.5,38.7,31.3,21.245,250.8,6.2
2025-06-24 15:21:44,2025-06-24,15:21:44,in,0.4,1310.8,0.0,32.7,11.394,353.5,1.96
2025-06-24 15:22:36,2025-06-24,15:22:36,out,5.16,15.6,38.7,31.3,21.245,233.9,7.82
2025-06-24 15:22:48,2025-06-24,15:22:48,in,0.48,1310.8,0.0,32.8,11.435,354.1,2.01
2025-06-24 15:23:40,2025-06-24,15:23:40,out,5.46,14.5,36.3,31.2,20.667,248.1,7.0
2025-06-24 15:23:51,2025-06-24,15:23:51,in,0.18,1310.8,0.0,32.9,11.477,61.1,1.06
2025-06-24 15:24:44,2025-06-24,15:24:44,out,3.04,15.0,37.4,31.2,20.897,228.1,6.19
2025-06-24 15:24:54,2025-06-24,15:24:54,in,0.75,1310.8,0.0,32.9,11.477,5.2,1.25
2025-06-24 15:25:47,2025-06-24,15:25:47,out,5.87,15.3,38.2,31.3,21.142,241.2,7.32
2025-06-24 15:25:58,2025-06-24,15:25:58,in,0.33,1310.8,0.0,32.9,11.477,137.7,1.02
2025-06-24 15:26:50,2025-06-24,15:26:50,out,4.13,15.8,39.2,31.3,21.347,252.4,7.0
2025-06-24 15:27:02,2025-06-24,15:27:02,in,0.2,1310.8,0.0,33.0,11.518,74.0,1.59
2025-06-24 15:27:54,2025-06-24,15:27:54,out,5.69,15.3,38.2,31.3,21.142,242.9,6.94
2025-06-24 15:28:05,2025-06-24,15:28:05,in,0.41,1310.8,0.0,33.1,11.56,42.1,1.51
2025-06-24 15:28:58,2025-06-24,15:28:58,out,5.12,15.2,38.0,31.2,21.021,241.0,6.69
2025-06-24 15:29:08,2025-06-24,15:29:08,in,0.84,1310.8,0.0,33.1,11.56,331.7,1.72
2025-06-24 15:30:01,2025-06-24,15:30:01,out,3.39,14.5,36.4,31.2,20.688,255.5,5.64
2025-06-24 15:30:12,2025-06-24,15:30:12,in,0.49,1310.8,0.0,33.0,11.518,344.9,1.3
2025-06-24 15:31:04,2025-06-24,15:31:04,out,3.36,15.2,38.1,31.2,21.041,256.2,6.67
2025-06-24 15:31:16,2025-06-24,15:31:16,in,0.95,1310.8,0.0,33.0,11.518,349.9,1.43
2025-06-24 15:32:08,2025-06-24,15:32:08,out,6.08,15.0,37.2,31.4,21.015,242.9,6.99
2025-06-24 15:32:19,2025-06-24,15:32:19,in,0.82,1310.8,0.0,33.1,11.56,356.5,1.38
2025-06-24 15:33:12,2025-06-24,15:33:12,out,4.32,15.1,37.7,31.3,21.039,235.2,7.11
2025-06-24 15:33:22,2025-06-24,15:33:22,in,0.4,1310.8,0.0,33.1,11.56,355.5,1.57
2025-06-24 15:34:15,2025-06-24,15:34:15,out,4.07,14.8,36.8,31.3,20.851,242.9,7.63
2025-06-24 15:34:26,2025-06-24,15:34:26,in,0.43,1310.8,0.0,33.1,11.56,44.7,1.33
2025-06-24 15:35:18,2025-06-24,15:35:18,out,3.49,14.6,36.4,31.3,20.767,243.5,7.31
2025-06-24 15:35:30,2025-06-24,15:35:30,in,0.11,1310.8,0.0,33.1,11.56,12.1,1.15
2025-06-24 15:36:22,2025-06-24,15:36:22,out,3.01,15.5,38.5,31.3,21.204,245.8,6.42
2025-06-24 15:36:33,2025-06-24,15:36:33,in,0.2,1310.8,0.0,33.1,11.56,60.8,0.62
2025-06-24 15:37:26,2025-06-24,15:37:26,out,5.16,15.8,38.9,31.5,21.447,251.7,6.72
2025-06-24 15:37:36,2025-06-24,15:37:36,in,0.55,1310.8,0.0,33.1,11.56,349.6,0.91
2025-06-24 15:38:29,2025-06-24,15:38:29,out,2.9,16.0,38.9,31.6,21.528,257.4,5.56
2025-06-24 15:38:40,2025-06-24,15:38:40,in,0.42,1310.8,0.0,33.2,11.601,47.6,1.25
2025-06-24 15:39:32,2025-06-24,15:39:32,out,6.18,15.3,37.4,31.6,21.216,252.5,7.86
2025-06-24 15:39:44,2025-06-24,15:39:44,in,0.2,1310.8,0.0,33.2,11.601,60.4,0.65
2025-06-24 15:40:36,2025-06-24,15:40:36,out,4.85,15.1,37.4,31.4,21.056,256.1,6.06
2025-06-24 15:40:47,2025-06-24,15:40:47,in,0.48,1310.8,0.0,33.3,11.642,27.4,0.67
2025-06-24 15:41:40,2025-06-24,15:41:40,out,5.51,15.0,37.0,31.4,20.973,242.1,7.78
2025-06-24 15:41:50,2025-06-24,15:41:50,in,0.28,1310.8,0.0,33.3,11.642,84.1,0.6
2025-06-24 15:42:43,2025-06-24,15:42:43,out,6.57,14.7,36.5,31.3,20.788,242.0,7.1
2025-06-24 15:42:54,2025-06-24,15:42:54,in,0.42,1310.8,0.0,33.3,11.642,114.0,0.87
2025-06-24 15:43:46,2025-06-24,15:43:46,out,5.66,15.3,38.1,31.2,21.041,233.9,7.13
2025-06-24 15:43:58,2025-06-24,15:43:58,in,0.36,1310.8,0.0,33.3,11.642,62.9,0.8
2025-06-24 15:44:50,2025-06-24,15:44:50,out,3.53,15.0,37.3,31.3,20.956,247.2,6.2
2025-06-24 15:45:01,2025-06-24,15:45:01,in,0.58,1310.8,0.0,33.3,11.642,134.1,0.78
2025-06-24 15:45:54,2025-06-24,15:45:54,out,6.15,14.3,35.7,31.3,20.619,232.9,7.56
2025-06-24 15:46:04,2025-06-24,15:46:04,in,0.3,1310.8,0.0,33.3,11.642,36.2,1.0
2025-06-24 15:46:57,2025-06-24,15:46:57,out,2.77,14.9,36.8,31.4,20.931,236.1,6.07
2025-06-24 15:47:08,2025-06-24,15:47:08,in,0.35,1310.8,0.0,33.2,11.601,331.2,0.91
2025-06-24 15:48:00,2025-06-24,15:48:00,out,3.81,15.0,37.0,31.4,20.973,242.9,7.13
2025-06-24 15:48:12,2025-06-24,15:48:12,in,0.97,1310.8,0.0,33.2,11.601,343.6,1.13
2025-06-24 15:49:04,2025-06-24,15:49:04,out,3.49,15.6,38.4,31.5,21.344,271.1,4.72
2025-06-24 15:49:15,2025-06-24,15:49:15,in,0.67,1310.8,0.0,33.2,11.601,337.7,0.93
2025-06-24 15:50:08,2025-06-24,15:50:08,out,5.82,16.0,39.2,31.6,21.589,274.0,7.58
2025-06-24 15:50:18,2025-06-24,15:50:18,in,1.1,1310.8,0.0,33.1,11.56,338.5,1.48
2025-06-24 15:51:11,2025-06-24,15:51:11,out,4.95,15.9,39.1,31.5,21.488,275.8,6.46
2025-06-24 15:51:22,2025-06-24,15:51:22,in,1.12,1310.8,0.0,33.0,11.518,346.5,1.26
2025-06-24 15:52:15,2025-06-24,15:52:15,out,3.44,15.9,39.2,31.4,21.428,241.3,7.42
2025-06-24 15:52:26,2025-06-24,15:52:26,in,0.85,1310.8,0.0,33.0,11.518,344.7,1.3
2025-06-24 15:53:18,2025-06-24,15:53:18,out,3.59,15.8,39.0,31.4,21.387,252.5,5.98
2025-06-24 15:53:29,2025-06-24,15:53:29,in,1.1,1310.8,0.0,32.9,11.477,330.9,1.61
2025-06-24 15:54:22,2025-06-24,15:54:22,out,3.03,14.3,35.6,31.4,20.676,267.6,6.3
2025-06-24 15:54:32,2025-06-24,15:54:32,in,0.97,1310.8,0.0,32.9,11.477,346.5,1.56
2025-06-24 15:55:26,2025-06-24,15:55:26,out,7.62,12.6,31.9,31.3,19.787,271.5,8.8
2025-06-24 15:55:36,2025-06-24,15:55:36,in,1.07,1310.8,0.0,32.8,11.435,341.0,1.93
2025-06-24 15:56:29,2025-06-24,15:56:29,out,4.35,14.0,35.1,31.2,20.412,285.3,6.39
2025-06-24 15:56:40,2025-06-24,15:56:40,in,0.69,1310.8,0.0,32.6,11.353,338.5,1.78
2025-06-24 15:57:32,2025-06-24,15:57:32,out,4.21,14.1,35.5,31.2,20.497,268.1,7.03
2025-06-24 15:57:43,2025-06-24,15:57:43,in,1.27,1310.8,0.0,32.5,11.311,338.7,1.97
2025-06-24 15:58:36,2025-06-24,15:58:36,out,5.18,14.1,35.8,31.0,20.403,272.6,6.75
2025-06-24 15:58:46,2025-06-24,15:58:46,in,0.33,1310.8,0.0,32.5,11.311,11.9,1.84
2025-06-24 15:59:40,2025-06-24,15:59:40,out,4.33,13.7,34.5,31.1,20.205,269.9,7.07
2025-06-24 15:59:50,2025-06-24,15:59:50,in,0.67,1310.8,0.0,32.5,11.311,318.3,1.5
2025-06-24 16:00:43,2025-06-24,16:00:43,out,5.16,13.3,33.9,31.1,20.075,250.1,7.65
2025-06-24 16:00:54,2025-06-24,16:00:54,in,0.53,1310.8,0.0,32.5,11.311,101.3,1.41
2025-06-24 16:01:46,2025-06-24,16:01:46,out,2.98,14.0,35.2,31.2,20.433,273.2,5.11
2025-06-24 16:01:57,2025-06-24,16:01:57,in,0.27,1310.8,0.0,32.5,11.311,71.0,0.66
2025-06-24 16:02:50,2025-06-24,16:02:50,out,5.43,14.1,35.5,31.2,20.497,266.0,8.39
2025-06-24 16:03:00,2025-06-24,16:03:00,in,0.77,1310.8,0.0,32.6,11.353,0.1,1.03
2025-06-24 16:03:54,2025-06-24,16:03:54,out,6.2,13.5,34.4,31.0,20.105,269.0,7.99
2025-06-24 16:04:04,2025-06-24,16:04:04,in,1.29,1310.8,0.0,32.5,11.311,347.8,1.59
2025-06-24 16:04:57,2025-06-24,16:04:57,out,5.32,13.8,35.2,30.9,20.197,274.6,7.72
2025-06-24 16:05:08,2025-06-24,16:05:08,in,1.32,1310.8,0.0,32.4,11.27,343.1,1.98
2025-06-24 16:06:00,2025-06-24,16:06:00,out,2.94,14.9,38.0,30.8,20.7,247.7,8.13
2025-06-24 16:06:11,2025-06-24,16:06:11,in,0.87,1310.8,0.0,32.2,11.187,358.7,1.43
2025-06-24 16:07:04,2025-06-24,16:07:04,out,4.59,14.7,37.4,30.9,20.657,261.8,6.75
2025-06-24 16:07:14,2025-06-24,16:07:14,in,0.37,1310.8,0.0,32.3,11.228,35.0,0.82
2025-06-24 16:08:08,2025-06-24,16:08:08,out,3.59,14.0,35.9,30.9,20.345,268.7,7.02
2025-06-24 16:08:18,2025-06-24,16:08:18,in,0.38,1310.8,0.0,32.3,11.228,13.8,1.2
2025-06-24 16:09:11,2025-06-24,16:09:11,out,5.52,13.9,35.3,31.0,20.297,267.4,7.19
2025-06-24 16:09:22,2025-06-24,16:09:22,in,1.15,1310.8,0.0,32.3,11.228,341.9,1.3
2025-06-24 16:10:14,2025-06-24,16:10:14,out,5.74,13.3,34.3,30.9,20.005,251.6,8.65
2025-06-24 16:10:25,2025-06-24,16:10:25,in,0.41,1310.8,0.0,32.2,11.187,28.9,1.71
2025-06-24 16:11:18,2025-06-24,16:11:18,out,4.17,13.4,34.7,30.8,20.012,264.7,6.76
2025-06-24 16:11:28,2025-06-24,16:11:28,in,1.31,1310.8,0.0,32.2,11.187,347.8,1.47
2025-06-24 16:12:22,2025-06-24,16:12:22,out,5.35,13.5,34.8,30.8,20.034,268.9,7.11
2025-06-24 16:12:32,2025-06-24,16:12:32,in,1.24,1310.8,0.0,32.1,11.146,344.3,1.52
2025-06-24 16:13:25,2025-06-24,16:13:25,out,2.81,14.0,36.1,30.8,20.308,278.7,5.91
2025-06-24 16:13:36,2025-06-24,16:13:36,in,1.16,1310.8,0.0,32.1,11.146,337.7,1.36
2025-06-24 16:14:28,2025-06-24,16:14:28,out,5.08,13.8,35.7,30.7,20.145,251.6,6.87
2025-06-24 16:14:39,2025-06-24,16:14:39,in,0.14,1310.8,0.0,32.1,11.146,344.2,1.16
2025-06-24 16:15:32,2025-06-24,16:15:32,out,6.05,13.8,35.7,30.7,20.145,267.9,6.96
2025-06-24 16:15:42,2025-06-24,16:15:42,in,0.37,1310.8,0.0,32.1,11.146,146.8,0.7
2025-06-24 16:16:36,2025-06-24,16:16:36,out,2.99,14.2,36.9,30.8,20.474,247.8,6.12
2025-06-24 16:16:46,2025-06-24,16:16:46,in,1.69,1310.8,0.0,32.2,11.187,349.2,1.95
2025-06-24 16:17:39,2025-06-24,16:17:39,out,3.53,14.4,36.9,30.8,20.474,272.8,5.91
2025-06-24 16:17:50,2025-06-24,16:17:50,in,1.33,1310.8,0.0,32.2,11.187,350.2,2.13
2025-06-24 16:18:42,2025-06-24,16:18:42,out,2.93,14.6,37.4,30.9,20.657,230.6,6.74
2025-06-24 16:18:53,2025-06-24,16:18:53,in,0.27,1310.8,0.0,32.1,11.146,79.4,1.99
2025-06-24 16:19:46,2025-06-24,16:19:46,out,4.77,14.2,36.4,30.9,20.45,249.8,6.19
2025-06-24 16:19:57,2025-06-24,16:19:57,in,1.73,1310.8,0.0,32.1,11.146,338.2,2.1
2025-06-24 16:20:50,2025-06-24,16:20:50,out,2.59,14.0,35.8,30.9,20.324,247.6,5.86
2025-06-24 16:21:00,2025-06-24,16:21:00,in,0.63,1310.8,0.0,32.1,11.146,320.7,1.9
2025-06-24 16:21:53,2025-06-24,16:21:53,out,4.03,13.5,34.9,30.8,20.055,234.3,6.3
2025-06-24 16:22:04,2025-06-24,16:22:04,in,0.28,1310.8,0.0,32.2,11.187,1.9,1.64
2025-06-24 16:22:56,2025-06-24,16:22:56,out,4.15,13.8,35.4,30.8,20.161,235.4,5.22
2025-06-24 16:23:08,2025-06-24,16:23:08,in,0.15,1310.8,0.0,32.2,11.187,139.0,1.06
2025-06-24 16:24:00,2025-06-24,16:24:00,out,4.82,14.2,36.5,30.8,20.391,224.8,7.27
2025-06-24 16:24:11,2025-06-24,16:24:11,in,0.01,1310.8,0.0,32.2,11.187,326.3,1.17
2025-06-24 16:25:04,2025-06-24,16:25:04,out,3.3,14.0,36.4,30.6,20.212,225.8,5.69
2025-06-24 16:25:14,2025-06-24,16:25:14,in,0.21,1310.8,0.0,32.2,11.187,348.1,2.02
2025-06-24 16:26:07,2025-06-24,16:26:07,out,3.82,14.6,37.8,30.6,20.499,213.9,5.4
2025-06-24 16:26:18,2025-06-24,16:26:18,in,0.61,1310.8,0.0,32.2,11.187,141.6,1.65
2025-06-24 16:27:10,2025-06-24,16:27:10,out,2.43,14.8,38.3,30.6,20.6,256.7,6.2
2025-06-24 16:27:22,2025-06-24,16:27:22,in,0.41,1310.8,0.0,32.2,11.187,319.5,0.92
2025-06-24 16:28:14,2025-06-24,16:28:14,out,3.68,14.1,36.7,30.6,20.273,265.7,5.65
2025-06-24 16:28:25,2025-06-24,16:28:25,in,1.2,1310.8,0.0,32.2,11.187,324.8,2.01
2025-06-24 16:29:18,2025-06-24,16:29:18,out,2.93,14.2,37.0,30.6,20.335,271.4,6.43
2025-06-24 16:29:28,2025-06-24,16:29:28,in,1.16,1310.8,0.0,32.0,11.104,348.8,1.77
2025-06-24 16:30:21,2025-06-24,16:30:21,out,3.23,14.1,36.6,30.7,20.332,245.2,5.5
2025-06-24 16:30:32,2025-06-24,16:30:32,in,1.27,1310.8,0.0,32.0,11.104,336.7,1.97
2025-06-24 16:31:25,2025-06-24,16:31:25,out,4.37,14.0,36.1,30.7,20.229,249.4,6.08
2025-06-24 16:31:36,2025-06-24,16:31:36,in,1.02,1310.8,0.0,31.9,11.063,314.2,2.31
2025-06-24 16:32:28,2025-06-24,16:32:28,out,4.02,14.3,36.9,30.7,20.394,254.2,4.89
2025-06-24 16:32:39,2025-06-24,16:32:39,in,1.49,1310.8,0.0,31.9,11.063,334.4,2.02
2025-06-24 16:33:32,2025-06-24,16:33:32,out,2.88,14.3,37.2,30.7,20.456,250.6,5.06
2025-06-24 16:33:42,2025-06-24,16:33:42,in,1.61,1310.8,0.0,31.8,11.021,344.5,2.22
2025-06-24 16:34:36,2025-06-24,16:34:36,out,2.83,14.4,37.2,30.7,20.456,238.8,4.85
2025-06-24 16:34:46,2025-06-24,16:34:46,in,1.22,1310.8,0.0,31.8,11.021,335.8,1.8
2025-06-24 16:35:39,2025-06-24,16:35:39,out,2.56,15.0,38.1,30.8,20.72,240.8,4.8
2025-06-24 16:35:50,2025-06-24,16:35:50,in,0.41,1310.8,0.0,31.8,11.021,313.1,1.59
2025-06-24 16:36:42,2025-06-24,16:36:42,out,2.76,14.9,38.1,30.8,20.72,220.2,4.31
2025-06-24 16:36:53,2025-06-24,16:36:53,in,1.18,1310.8,0.0,31.9,11.063,325.1,1.69
2025-06-24 16:37:46,2025-06-24,16:37:46,out,3.22,15.2,38.7,30.9,20.922,232.9,4.57
2025-06-24 16:37:56,2025-06-24,16:37:56,in,0.47,1310.8,0.0,32.0,11.104,139.9,1.16
2025-06-24 16:38:50,2025-06-24,16:38:50,out,3.85,14.9,37.9,30.9,20.759,261.7,5.84
2025-06-24 16:39:00,2025-06-24,16:39:00,in,1.57,1310.8,0.0,32.0,11.104,334.8,1.82
2025-06-24 16:39:53,2025-06-24,16:39:53,out,2.91,14.8,37.6,30.9,20.698,221.3,4.6
2025-06-24 16:40:04,2025-06-24,16:40:04,in,0.69,1310.8,0.0,32.0,11.104,345.5,2.23
2025-06-24 16:40:56,2025-06-24,16:40:56,out,4.64,15.4,39.3,30.9,21.043,242.6,5.05
2025-06-24 16:41:07,2025-06-24,16:41:07,in,0.78,1310.8,0.0,32.0,11.104,306.1,1.46
2025-06-24 16:42:00,2025-06-24,16:42:00,out,2.87,15.6,39.6,30.9,21.103,217.6,5.5
2025-06-24 16:42:10,2025-06-24,16:42:10,in,1.42,1310.8,0.0,32.0,11.104,310.3,1.64
2025-06-24 16:43:04,2025-06-24,16:43:04,out,2.27,15.7,40.1,30.8,21.122,249.8,3.58
2025-06-24 16:43:14,2025-06-24,16:43:14,in,0.9,1310.8,0.0,32.1,11.146,345.8,2.51
2025-06-24 16:44:07,2025-06-24,16:44:07,out,2.09,16.0,40.7,30.9,21.322,216.2,4.14
2025-06-24 16:44:18,2025-06-24,16:44:18,in,0.54,1310.8,0.0,32.0,11.104,326.5,2.01
2025-06-24 16:45:10,2025-06-24,16:45:10,out,3.64,15.6,39.6,30.9,21.103,210.6,6.1
2025-06-24 16:45:21,2025-06-24,16:45:21,in,0.37,1310.8,0.0,32.0,11.104,10.6,0.85
2025-06-24 16:46:14,2025-06-24,16:46:14,out,3.9,15.5,39.7,30.8,21.042,236.2,4.62
2025-06-24 16:46:24,2025-06-24,16:46:24,in,0.32,1310.8,0.0,32.0,11.104,322.8,1.3
2025-06-24 16:47:18,2025-06-24,16:47:18,out,3.77,16.0,41.1,30.7,21.237,206.8,5.26
2025-06-24 16:47:28,2025-06-24,16:47:28,in,0.27,1310.8,0.0,32.0,11.104,328.5,1.94
2025-06-24 16:48:21,2025-06-24,16:48:21,out,3.6,16.0,41.4,30.6,21.214,232.5,5.79
2025-06-24 16:48:32,2025-06-24,16:48:32,in,0.21,1310.8,0.0,32.0,11.104,29.5,1.78
2025-06-24 16:49:24,2025-06-24,16:49:24,out,5.7,,,15.6,,30.5,4.07
2025-06-24 16:49:35,2025-06-24,16:49:35,in,0.06,1310.8,0.0,32.0,11.104,94.0,0.9
2025-06-24 16:50:28,2025-06-24,16:50:28,out,5.5,15.4,40.1,30.5,20.878,234.8,6.69
2025-06-24 16:50:38,2025-06-24,16:50:38,in,0.28,1310.8,0.0,32.0,11.104,9.9,1.97
2025-06-24 16:51:32,2025-06-24,16:51:32,out,1.96,15.6,40.8,30.4,20.933,249.3,5.7
2025-06-24 16:51:42,2025-06-24,16:51:42,in,1.8,,,1310.8,,32.0,0.0
2025-06-24 16:52:35,2025-06-24,16:52:35,out,4.17,15.9,41.5,30.4,21.069,231.7,5.18
2025-06-24 16:52:46,2025-06-24,16:52:46,in,0.76,1310.8,0.0,32.0,11.104,319.9,1.49
2025-06-24 16:53:38,2025-06-24,16:53:38,out,2.77,15.9,41.8,30.3,21.045,256.2,5.41
2025-06-24 16:53:49,2025-06-24,16:53:49,in,0.5,1310.8,0.0,31.9,11.063,351.5,1.46
2025-06-24 16:54:42,2025-06-24,16:54:42,out,3.49,16.1,42.7,30.4,21.3,281.6,4.9
2025-06-24 16:54:52,2025-06-24,16:54:52,in,1.47,1310.8,0.0,31.9,11.063,338.6,2.06
2025-06-24 16:55:46,2025-06-24,16:55:46,out,1.88,16.3,42.7,30.4,21.3,241.0,5.37
2025-06-24 16:55:56,2025-06-24,16:55:56,in,0.99,1310.8,0.0,31.8,11.021,312.8,1.95
2025-06-24 16:56:49,2025-06-24,16:56:49,out,2.48,16.3,42.4,30.5,21.325,217.1,4.89
2025-06-24 16:57:00,2025-06-24,16:57:00,in,0.71,1310.8,0.0,31.8,11.021,343.9,1.75
2025-06-24 16:57:52,2025-06-24,16:57:52,out,3.07,16.1,41.9,30.5,21.229,243.0,4.68
2025-06-24 16:58:03,2025-06-24,16:58:03,in,1.08,1310.8,0.0,31.8,11.021,349.0,2.08
2025-06-24 16:58:56,2025-06-24,16:58:56,out,2.64,16.2,42.2,30.5,21.286,232.0,3.93
2025-06-24 16:59:06,2025-06-24,16:59:06,in,0.42,1310.8,0.0,31.8,11.021,146.4,1.32
2025-06-24 17:00:00,2025-06-24,17:00:00,out,2.56,16.1,42.0,30.5,21.248,234.9,3.62
2025-06-24 17:00:10,2025-06-24,17:00:10,in,0.8,1310.8,0.0,31.8,11.021,131.6,0.98
2025-06-24 17:01:03,2025-06-24,17:01:03,out,3.77,15.6,40.6,30.5,20.976,230.8,6.29
2025-06-24 17:01:14,2025-06-24,17:01:14,in,0.71,1310.8,0.0,31.8,11.021,327.7,1.66
2025-06-24 17:02:06,2025-06-24,17:02:06,out,4.89,15.3,40.0,30.4,20.777,225.4,5.31
2025-06-24 17:02:17,2025-06-24,17:02:17,in,0.75,1310.8,0.0,31.7,10.98,337.6,1.45
2025-06-24 17:03:10,2025-06-24,17:03:10,out,1.81,16.0,42.3,30.2,21.058,206.5,5.01
2025-06-24 17:03:20,2025-06-24,17:03:20,in,1.88,1310.8,0.0,31.7,10.98,308.4,2.34
2025-06-24 17:04:14,2025-06-24,17:04:14,out,2.09,16.4,43.4,30.2,21.267,218.6,4.84
2025-06-24 17:04:24,2025-06-24,17:04:24,in,0.99,1310.8,0.0,31.7,10.98,317.5,2.41
2025-06-24 17:05:17,2025-06-24,17:05:17,out,3.4,15.9,42.1,30.2,21.02,226.5,5.14
2025-06-24 17:05:28,2025-06-24,17:05:28,in,0.34,1310.8,0.0,31.7,10.98,284.5,2.53
2025-06-24 17:06:20,2025-06-24,17:06:20,out,2.94,16.0,42.7,30.1,21.052,246.8,4.33
2025-06-24 17:06:31,2025-06-24,17:06:31,in,0.24,1310.8,0.0,31.7,10.98,336.8,1.75
2025-06-24 17:07:24,2025-06-24,17:07:24,out,4.2,15.7,41.7,30.1,20.861,232.7,5.52
2025-06-24 17:07:34,2025-06-24,17:07:34,in,0.99,1310.8,0.0,31.7,10.98,338.3,1.39
2025-06-24 17:08:28,2025-06-24,17:08:28,out,4.35,15.9,42.3,30.1,20.976,219.1,5.22
2025-06-24 17:08:38,2025-06-24,17:08:38,in,0.17,1310.8,0.0,31.6,10.939,45.2,1.52
2025-06-24 17:09:31,2025-06-24,17:09:31,out,3.38,15.9,42.6,30.0,20.95,234.8,4.84
2025-06-24 17:09:42,2025-06-24,17:09:42,in,1.01,1310.8,0.0,31.6,10.939,296.6,2.43
2025-06-24 17:10:34,2025-06-24,17:10:34,out,4.11,16.2,43.2,30.1,21.146,229.8,4.87
2025-06-24 17:10:45,2025-06-24,17:10:45,in,0.27,1310.8,0.0,31.6,10.939,162.6,1.94
2025-06-24 17:11:38,2025-06-24,17:11:38,out,2.85,16.1,43.2,30.0,21.063,243.4,5.22
2025-06-24 17:11:48,2025-06-24,17:11:48,in,0.35,1310.8,0.0,31.7,10.98,358.5,1.04
2025-06-24 17:12:42,2025-06-24,17:12:42,out,4.23,16.7,44.9,30.0,21.38,252.7,4.66
2025-06-24 17:12:52,2025-06-24,17:12:52,in,1.0,1310.8,0.0,31.6,10.939,4.8,1.73
2025-06-24 17:13:45,2025-06-24,17:13:45,out,1.89,16.9,45.4,30.0,21.472,250.6,5.08
2025-06-24 17:13:56,2025-06-24,17:13:56,in,1.44,1310.8,0.0,31.5,10.897,329.2,2.04
2025-06-24 17:14:48,2025-06-24,17:14:48,out,1.42,17.2,46.1,30.1,21.684,205.5,3.68
2025-06-24 17:14:59,2025-06-24,17:14:59,in,0.38,1310.8,0.0,31.3,10.814,304.0,1.72
2025-06-24 17:15:52,2025-06-24,17:15:52,out,3.69,17.3,46.4,30.1,21.739,231.9,4.21
2025-06-24 17:16:02,2025-06-24,17:16:02,in,0.88,1310.8,0.0,31.4,10.856,327.0,1.83
2025-06-24 17:16:56,2025-06-24,17:16:56,out,3.91,16.8,44.8,30.1,21.445,228.1,5.27
2025-06-24 17:17:06,2025-06-24,17:17:06,in,1.38,1310.8,0.0,31.4,10.856,340.6,1.97
2025-06-24 17:18:00,2025-06-24,17:18:00,out,3.3,16.5,44.2,30.1,21.333,247.3,3.65
2025-06-24 17:18:10,2025-06-24,17:18:10,in,1.19,1310.8,0.0,31.3,10.814,335.0,1.57
2025-06-24 17:19:02,2025-06-24,17:19:02,out,2.55,17.1,45.7,30.1,21.611,236.0,3.24
2025-06-24 17:19:13,2025-06-24,17:19:13,in,0.63,1310.8,0.0,31.2,10.773,322.5,1.49
2025-06-24 17:20:06,2025-06-24,17:20:06,out,2.6,17.9,47.7,30.2,22.06,235.4,5.59
2025-06-24 17:20:16,2025-06-24,17:20:16,in,0.3,1310.8,0.0,31.3,10.814,3.5,1.69
2025-06-24 17:21:10,2025-06-24,17:21:10,out,2.56,17.8,47.8,30.1,21.993,243.2,4.09
2025-06-24 17:21:20,2025-06-24,17:21:20,in,0.42,1310.8,0.0,31.2,10.773,303.2,1.73
2025-06-24 17:22:14,2025-06-24,17:22:14,out,2.46,17.4,46.9,30.0,21.745,204.3,3.62
2025-06-24 17:22:24,2025-06-24,17:22:24,in,1.01,1310.8,0.0,31.3,10.814,314.1,1.24
2025-06-24 17:23:17,2025-06-24,17:23:17,out,0.31,17.6,47.4,30.0,21.836,331.1,3.94
2025-06-24 17:23:27,2025-06-24,17:23:27,in,0.8,1310.8,0.0,31.3,10.814,314.7,1.99
2025-06-24 17:24:20,2025-06-24,17:24:20,out,3.46,17.3,46.5,30.0,21.673,248.5,4.17
2025-06-24 17:24:30,2025-06-24,17:24:30,in,1.49,1310.8,0.0,31.3,10.814,331.9,1.84
2025-06-24 17:25:24,2025-06-24,17:25:24,out,3.27,17.1,46.4,29.9,21.57,250.5,5.15
2025-06-24 17:25:34,2025-06-24,17:25:34,in,1.56,1310.8,0.0,31.0,10.69,343.2,1.84
2025-06-24 17:26:28,2025-06-24,17:26:28,out,3.53,17.5,47.7,29.8,21.72,247.7,3.91
2025-06-24 17:26:38,2025-06-24,17:26:38,in,1.14,1310.8,0.0,30.8,10.607,332.2,1.9
2025-06-24 17:27:31,2025-06-24,17:27:31,out,4.18,17.5,47.7,29.8,21.72,245.9,5.29
2025-06-24 17:27:41,2025-06-24,17:27:41,in,0.39,1310.8,0.0,30.8,10.607,352.1,1.54
2025-06-24 17:28:34,2025-06-24,17:28:34,out,3.57,17.1,46.7,29.8,21.54,229.1,5.06
2025-06-24 17:28:44,2025-06-24,17:28:44,in,0.43,1310.8,0.0,30.9,10.649,359.5,1.42
2025-06-24 17:29:38,2025-06-24,17:29:38,out,2.1,17.0,46.4,29.7,21.401,222.7,3.75
2025-06-24 17:29:48,2025-06-24,17:29:48,in,0.68,1310.8,0.0,30.8,10.607,332.9,1.33
2025-06-24 17:30:42,2025-06-24,17:30:42,out,1.39,17.2,47.2,29.7,21.545,234.1,3.49
2025-06-24 17:30:52,2025-06-24,17:30:52,in,1.06,1310.8,0.0,30.9,10.649,321.7,1.59
2025-06-24 17:31:45,2025-06-24,17:31:45,out,3.6,17.0,46.1,29.8,21.431,244.1,3.92
2025-06-24 17:31:55,2025-06-24,17:31:55,in,1.39,1310.8,0.0,30.9,10.649,351.3,1.84
2025-06-24 17:32:48,2025-06-24,17:32:48,out,3.49,16.8,45.7,29.8,21.359,242.7,4.08
2025-06-24 17:32:58,2025-06-24,17:32:58,in,0.33,1310.8,0.0,30.8,10.607,43.4,1.43
2025-06-24 17:33:52,2025-06-24,17:33:52,out,2.37,17.0,46.1,29.8,21.431,223.6,3.23
2025-06-24 17:34:02,2025-06-24,17:34:02,in,0.73,1310.8,0.0,30.8,10.607,288.7,1.7
2025-06-24 17:34:56,2025-06-24,17:34:56,out,2.05,17.4,47.6,29.8,21.702,214.4,4.09
2025-06-24 17:35:06,2025-06-24,17:35:06,in,1.15,1310.8,0.0,30.9,10.649,330.7,1.94
2025-06-24 17:35:59,2025-06-24,17:35:59,out,3.4,17.2,47.0,29.8,21.594,244.9,4.22
2025-06-24 17:36:09,2025-06-24,17:36:09,in,1.3,1310.8,0.0,30.9,10.649,335.2,1.71
2025-06-24 17:37:02,2025-06-24,17:37:02,out,2.71,17.4,47.3,29.8,21.648,256.1,3.54
2025-06-24 17:37:12,2025-06-24,17:37:12,in,1.59,1310.8,0.0,30.8,10.607,330.7,1.83
2025-06-24 17:38:06,2025-06-24,17:38:06,out,1.4,17.4,47.4,29.8,21.666,283.3,2.98
2025-06-24 17:38:16,2025-06-24,17:38:16,in,1.65,1310.8,0.0,30.6,10.524,332.1,2.0
2025-06-24 17:39:10,2025-06-24,17:39:10,out,3.15,17.7,48.0,29.9,21.858,239.9,4.54
2025-06-24 17:39:20,2025-06-24,17:39:20,in,0.77,1310.8,0.0,30.5,10.483,327.7,2.35
2025-06-24 17:40:13,2025-06-24,17:40:13,out,2.38,17.8,48.7,29.8,21.898,193.5,3.78
2025-06-24 17:40:23,2025-06-24,17:40:23,in,0.44,1310.8,0.0,30.6,10.524,330.1,1.2
2025-06-24 17:41:16,2025-06-24,17:41:16,out,1.9,17.7,48.5,29.7,21.777,198.4,4.51
2025-06-24 17:41:26,2025-06-24,17:41:26,in,0.64,1310.8,0.0,30.6,10.524,317.4,2.25
2025-06-24 17:42:20,2025-06-24,17:42:20,out,3.15,16.2,44.4,29.6,20.953,219.8,4.11
2025-06-24 17:42:30,2025-06-24,17:42:30,in,1.21,1310.8,0.0,30.7,10.566,322.8,1.81
2025-06-24 17:43:24,2025-06-24,17:43:24,out,3.08,16.0,44.2,29.5,20.833,235.8,3.6
2025-06-24 17:43:34,2025-06-24,17:43:34,in,0.4,1310.8,0.0,30.7,10.566,354.1,2.38
2025-06-24 17:44:27,2025-06-24,17:44:27,out,3.53,15.4,42.6,29.5,20.537,267.7,4.39
2025-06-24 17:44:37,2025-06-24,17:44:37,in,1.01,1310.8,0.0,30.6,10.524,334.9,1.56
2025-06-24 17:45:30,2025-06-24,17:45:30,out,3.01,15.4,42.6,29.5,20.537,243.7,4.55
2025-06-24 17:45:40,2025-06-24,17:45:40,in,1.19,1310.8,0.0,30.6,10.524,340.8,1.77
2025-06-24 17:46:34,2025-06-24,17:46:34,out,3.3,16.0,44.2,29.6,20.916,213.0,4.55
2025-06-24 17:46:44,2025-06-24,17:46:44,in,1.27,1310.8,0.0,30.5,10.483,324.5,1.78
2025-06-24 17:47:38,2025-06-24,17:47:38,out,3.55,15.9,43.4,29.6,20.769,251.6,5.15
2025-06-24 17:47:48,2025-06-24,17:47:48,in,0.99,1310.8,0.0,30.5,10.483,334.9,1.76
2025-06-24 17:48:41,2025-06-24,17:48:41,out,2.56,15.3,42.1,29.5,20.443,236.8,4.52
2025-06-24 17:48:52,2025-06-24,17:48:52,in,1.36,1310.8,0.0,30.4,10.442,329.3,1.76
2025-06-24 17:49:44,2025-06-24,17:49:44,out,1.36,16.0,43.6,29.6,20.806,231.7,3.08
2025-06-24 17:49:54,2025-06-24,17:49:54,in,0.95,1310.8,0.0,30.4,10.442,341.5,1.81
2025-06-24 17:50:48,2025-06-24,17:50:48,out,2.77,16.1,44.6,29.5,20.906,245.0,4.98
2025-06-24 17:50:58,2025-06-24,17:50:58,in,0.88,1310.8,0.0,30.4,10.442,314.0,1.67
2025-06-24 17:51:52,2025-06-24,17:51:52,out,3.15,17.0,46.7,29.6,21.371,244.8,3.81
2025-06-24 17:52:02,2025-06-24,17:52:02,in,1.21,1310.8,0.0,30.4,10.442,342.9,1.9
2025-06-24 17:52:55,2025-06-24,17:52:55,out,2.26,17.0,46.9,29.6,21.407,222.7,3.97
2025-06-24 17:53:06,2025-06-24,17:53:06,in,1.09,1310.8,0.0,30.4,10.442,334.3,1.35
2025-06-24 17:53:58,2025-06-24,17:53:58,out,2.26,17.4,47.6,29.7,21.617,198.1,2.83
2025-06-24 17:54:09,2025-06-24,17:54:09,in,0.64,1310.8,0.0,30.4,10.442,321.0,1.68
2025-06-24 17:55:02,2025-06-24,17:55:02,out,3.22,17.2,47.2,29.7,21.545,217.5,4.01
2025-06-24 17:55:12,2025-06-24,17:55:12,in,1.04,1310.8,0.0,30.5,10.483,316.9,1.57
2025-06-24 17:56:06,2025-06-24,17:56:06,out,1.41,17.0,46.7,29.7,21.455,235.6,3.38
2025-06-24 17:56:16,2025-06-24,17:56:16,in,0.45,1310.8,0.0,30.5,10.483,342.3,2.72
2025-06-24 17:57:09,2025-06-24,17:57:09,out,2.57,16.6,45.2,29.7,21.183,210.3,3.47
2025-06-24 17:57:20,2025-06-24,17:57:20,in,1.01,1310.8,0.0,30.4,10.442,323.8,2.04
2025-06-24 17:58:12,2025-06-24,17:58:12,out,3.37,16.3,44.4,29.7,21.037,239.3,3.8
2025-06-24 17:58:23,2025-06-24,17:58:23,in,1.24,1310.8,0.0,30.5,10.483,324.2,1.9
2025-06-24 17:59:16,2025-06-24,17:59:16,out,3.02,16.1,43.9,29.7,20.944,219.5,5.17
2025-06-24 17:59:26,2025-06-24,17:59:26,in,0.22,1310.8,0.0,30.5,10.483,338.5,1.66
2025-06-24 18:00:20,2025-06-24,18:00:20,out,3.41,15.8,43.2,29.6,20.731,232.6,4.65
2025-06-24 18:00:30,2025-06-24,18:00:30,in,0.12,1310.8,0.0,30.5,10.483,349.1,1.89
2025-06-24 18:01:23,2025-06-24,18:01:23,out,1.94,16.1,44.1,29.6,20.898,264.0,3.88
2025-06-24 18:01:34,2025-06-24,18:01:34,in,0.68,1310.8,0.0,30.4,10.442,335.9,1.48
2025-06-24 18:02:26,2025-06-24,18:02:26,out,1.86,16.1,44.3,29.6,20.935,256.1,3.26
2025-06-24 18:02:37,2025-06-24,18:02:37,in,1.11,1310.8,0.0,30.3,10.4,340.3,2.03
2025-06-24 18:03:30,2025-06-24,18:03:30,out,3.24,16.5,45.0,29.7,21.147,234.7,4.09
2025-06-24 18:03:40,2025-06-24,18:03:40,in,0.62,1310.8,0.0,30.3,10.4,329.4,1.74
2025-06-24 18:04:34,2025-06-24,18:04:34,out,2.94,16.3,44.4,29.7,21.037,238.2,3.53
2025-06-24 18:04:44,2025-06-24,18:04:44,in,1.31,1310.8,0.0,30.4,10.442,323.7,1.77
2025-06-24 18:05:37,2025-06-24,18:05:37,out,1.25,16.0,44.0,29.6,20.88,251.6,3.48
2025-06-24 18:05:48,2025-06-24,18:05:48,in,0.29,1310.8,0.0,30.4,10.442,150.8,1.37
2025-06-24 18:06:40,2025-06-24,18:06:40,out,3.82,,,16.1,,29.7,4.39
2025-06-24 18:06:51,2025-06-24,18:06:51,in,0.45,1310.8,0.0,30.4,10.442,337.8,1.72
2025-06-24 18:07:44,2025-06-24,18:07:44,out,2.86,15.7,42.9,29.6,20.676,230.0,4.74
2025-06-24 18:07:54,2025-06-24,18:07:54,in,0.67,1310.8,0.0,30.4,10.442,317.9,1.62
2025-06-24 18:08:48,2025-06-24,18:08:48,out,2.23,15.8,43.2,29.6,20.731,234.1,3.64
2025-06-24 18:09:26,2025-06-24,18:09:26,in,0.49,1310.8,0.0,30.3,10.4,312.6,2.07
2025-06-24 18:09:51,2025-06-24,18:09:51,out,1.54,16.2,44.8,29.5,20.943,219.0,5.3
2025-06-24 18:10:28,2025-06-24,18:10:28,in,1.99,1310.8,0.0,30.3,10.4,310.2,2.59
2025-06-24 18:10:54,2025-06-24,18:10:54,out,2.06,16.5,45.3,29.6,21.118,249.9,2.51
2025-06-24 18:11:32,2025-06-24,18:11:32,in,1.2,1310.8,0.0,30.3,10.4,352.1,2.15
2025-06-24 18:11:58,2025-06-24,18:11:58,out,2.8,15.8,43.3,29.6,20.75,252.0,4.57
2025-06-24 18:12:36,2025-06-24,18:12:36,in,0.86,1310.8,0.0,30.3,10.4,338.3,1.73
2025-06-24 18:13:02,2025-06-24,18:13:02,out,1.89,15.8,43.4,29.5,20.686,237.5,4.2
2025-06-24 18:13:39,2025-06-24,18:13:39,in,0.72,1310.8,0.0,30.2,10.359,338.3,1.65
2025-06-24 18:14:05,2025-06-24,18:14:05,out,1.8,16.3,44.7,29.6,21.008,217.5,2.36
2025-06-24 18:14:42,2025-06-24,18:14:42,in,2.0,1310.8,0.0,30.2,10.359,314.4,2.38
2025-06-24 18:15:08,2025-06-24,18:15:08,out,3.99,,,16.4,,29.7,4.47
2025-06-24 18:15:46,2025-06-24,18:15:46,in,0.53,1310.8,0.0,30.2,10.359,104.7,1.4
2025-06-24 18:16:12,2025-06-24,18:16:12,out,2.04,16.4,44.8,29.7,21.11,229.7,2.75
2025-06-24 18:16:50,2025-06-24,18:16:50,in,0.38,1310.8,0.0,30.3,10.4,2.4,0.75
2025-06-24 18:17:16,2025-06-24,18:17:16,out,2.76,16.1,44.0,29.7,20.963,235.7,3.51
2025-06-24 18:17:53,2025-06-24,18:17:53,in,0.24,1310.8,0.0,30.3,10.4,88.5,0.37
2025-06-24 18:18:19,2025-06-24,18:18:19,out,2.26,16.0,44.0,29.6,20.88,237.6,4.2
2025-06-24 18:18:56,2025-06-24,18:18:56,in,0.1,1310.8,0.0,30.2,10.359,22.7,0.53
2025-06-24 18:19:22,2025-06-24,18:19:22,out,2.43,16.0,44.2,29.5,20.833,241.7,3.28
2025-06-24 18:20:00,2025-06-24,18:20:00,in,0.17,1310.8,0.0,30.2,10.359,57.3,0.39
2025-06-24 18:20:26,2025-06-24,18:20:26,out,1.68,16.6,45.5,29.6,21.154,219.9,2.86
2025-06-24 18:21:04,2025-06-24,18:21:04,in,0.27,1310.8,0.0,30.2,10.359,117.8,0.39
2025-06-24 18:21:30,2025-06-24,18:21:30,out,2.24,16.8,46.0,29.6,21.245,222.0,3.81
2025-06-24 18:22:08,2025-06-24,18:22:08,in,0.17,1310.8,0.0,30.2,10.359,56.8,0.52
2025-06-24 18:22:33,2025-06-24,18:22:33,out,1.32,17.0,46.6,29.6,21.353,196.2,1.81
2025-06-24 18:23:11,2025-06-24,18:23:11,in,0.22,1310.8,0.0,30.2,10.359,335.1,0.44
2025-06-24 18:23:36,2025-06-24,18:23:36,out,2.99,17.1,46.9,29.6,21.407,220.9,3.62
2025-06-24 18:24:14,2025-06-24,18:24:14,in,0.09,1310.8,0.0,30.3,10.4,339.3,0.56
2025-06-24 18:24:40,2025-06-24,18:24:40,out,1.66,17.0,46.8,29.5,21.304,204.8,4.44
2025-06-24 18:25:18,2025-06-24,18:25:18,in,0.5,1310.8,0.0,30.2,10.359,118.6,0.77
2025-06-24 18:25:44,2025-06-24,18:25:44,out,3.23,16.5,45.7,29.4,21.022,215.8,4.06
2025-06-24 18:26:22,2025-06-24,18:26:22,in,0.46,1310.8,0.0,30.2,10.359,122.8,0.77
2025-06-24 18:26:47,2025-06-24,18:26:47,out,2.9,16.2,45.1,29.3,20.83,211.2,4.53
2025-06-24 18:27:25,2025-06-24,18:27:25,in,0.71,1310.8,0.0,30.1,10.317,128.7,0.86
2025-06-24 18:27:50,2025-06-24,18:27:50,out,3.46,16.0,45.1,29.2,20.746,223.4,4.01
2025-06-24 18:28:28,2025-06-24,18:28:28,in,0.41,1310.8,0.0,30.1,10.317,115.3,0.74
2025-06-24 18:28:54,2025-06-24,18:28:54,out,3.78,15.8,44.4,29.2,20.619,218.9,4.4
2025-06-24 18:29:32,2025-06-24,18:29:32,in,0.36,1310.8,0.0,30.0,10.276,129.4,0.62
2025-06-24 18:29:58,2025-06-24,18:29:58,out,1.74,15.8,44.3,29.2,20.601,223.3,4.39
2025-06-24 18:30:36,2025-06-24,18:30:36,in,0.26,1310.8,0.0,29.9,10.235,129.8,0.54
2025-06-24 18:31:01,2025-06-24,18:31:01,out,2.35,16.0,44.7,29.2,20.674,219.0,2.95
2025-06-24 18:31:39,2025-06-24,18:31:39,in,0.2,1310.8,0.0,29.9,10.235,95.0,0.69
2025-06-24 18:32:04,2025-06-24,18:32:04,out,2.98,16.1,45.0,29.3,20.812,239.6,3.36
2025-06-24 18:32:42,2025-06-24,18:32:42,in,0.08,1310.8,0.0,29.9,10.235,79.5,0.31
2025-06-24 18:33:08,2025-06-24,18:33:08,out,2.46,16.3,45.6,29.3,20.92,202.7,3.36
2025-06-24 18:33:46,2025-06-24,18:33:46,in,0.12,1310.8,0.0,29.9,10.235,86.7,0.37
2025-06-24 18:34:12,2025-06-24,18:34:12,out,0.77,16.5,46.2,29.3,21.028,195.2,3.58
2025-06-24 18:34:50,2025-06-24,18:34:50,in,0.3,1310.8,0.0,30.0,10.276,119.1,0.61
2025-06-24 18:35:15,2025-06-24,18:35:15,out,1.11,16.3,45.6,29.3,20.92,207.5,2.25
2025-06-24 18:35:53,2025-06-24,18:35:53,in,0.45,1310.8,0.0,30.0,10.276,318.7,0.5
2025-06-24 18:36:18,2025-06-24,18:36:18,out,3.55,15.6,43.6,29.3,20.556,231.6,4.48
2025-06-24 18:36:56,2025-06-24,18:36:56,in,0.23,1310.8,0.0,30.0,10.276,130.5,0.5
2025-06-24 18:37:22,2025-06-24,18:37:22,out,1.79,15.8,43.9,29.3,20.611,211.5,3.89
2025-06-24 18:38:00,2025-06-24,18:38:00,in,0.59,1310.8,0.0,30.1,10.317,123.6,0.79
2025-06-24 18:38:26,2025-06-24,18:38:26,out,1.92,15.9,44.2,29.3,20.666,210.3,3.25
2025-06-24 18:39:04,2025-06-24,18:39:04,in,0.07,1310.8,0.0,30.1,10.317,102.4,0.82
2025-06-24 18:39:29,2025-06-24,18:39:29,out,1.83,16.1,45.0,29.3,20.812,211.8,4.04
2025-06-24 18:40:07,2025-06-24,18:40:07,in,0.26,1310.8,0.0,30.1,10.317,113.8,0.39
2025-06-24 18:40:32,2025-06-24,18:40:32,out,1.87,16.2,45.2,29.3,20.848,214.3,3.28
2025-06-24 18:41:10,2025-06-24,18:41:10,in,0.21,1310.8,0.0,30.2,10.359,282.4,0.53
2025-06-24 18:41:36,2025-06-24,18:41:36,out,0.78,16.3,45.5,29.3,20.902,163.4,2.14
2025-06-24 18:42:14,2025-06-24,18:42:14,in,0.28,1310.8,0.0,30.3,10.4,120.0,0.52
2025-06-24 18:42:40,2025-06-24,18:42:40,out,1.52,16.0,44.7,29.3,20.757,203.7,3.81
2025-06-24 18:43:18,2025-06-24,18:43:18,in,0.55,1310.8,0.0,30.3,10.4,286.4,0.71
2025-06-24 18:43:43,2025-06-24,18:43:43,out,2.46,16.0,44.5,29.3,20.721,207.2,3.57
2025-06-24 18:44:21,2025-06-24,18:44:21,in,0.08,1310.8,0.0,30.4,10.442,355.5,0.79
2025-06-24 18:44:46,2025-06-24,18:44:46,out,2.54,16.0,44.7,29.3,20.757,221.0,2.67
2025-06-24 18:45:24,2025-06-24,18:45:24,in,0.13,1310.8,0.0,30.5,10.483,77.3,0.38
2025-06-24 18:45:50,2025-06-24,18:45:50,out,4.44,15.4,43.4,29.3,20.52,225.6,4.86
2025-06-24 18:46:28,2025-06-24,18:46:28,in,0.11,1310.8,0.0,30.5,10.483,74.0,0.51
2025-06-24 18:46:54,2025-06-24,18:46:54,out,2.79,15.9,44.5,29.2,20.637,233.7,4.22
2025-06-24 18:47:32,2025-06-24,18:47:32,in,0.32,1310.8,0.0,30.5,10.483,47.6,0.54
2025-06-24 18:47:57,2025-06-24,18:47:57,out,1.58,15.9,44.7,29.1,20.59,209.2,4.59
2025-06-24 18:48:35,2025-06-24,18:48:35,in,0.22,1310.8,0.0,30.5,10.483,141.9,0.58
2025-06-24 18:49:00,2025-06-24,18:49:00,out,1.94,15.8,44.6,29.1,20.572,200.7,2.77
2025-06-24 18:49:39,2025-06-24,18:49:39,in,0.41,1310.8,0.0,30.5,10.483,121.5,0.54
2025-06-24 18:50:04,2025-06-24,18:50:04,out,3.71,15.8,44.3,29.2,20.601,206.3,4.35
2025-06-24 18:50:42,2025-06-24,18:50:42,in,0.26,1310.8,0.0,30.5,10.483,146.3,0.57
2025-06-24 18:51:08,2025-06-24,18:51:08,out,2.65,15.8,44.4,29.2,20.619,205.4,4.18
2025-06-24 18:51:46,2025-06-24,18:51:46,in,0.25,1310.8,0.0,30.4,10.442,137.0,0.55
2025-06-24 18:52:11,2025-06-24,18:52:11,out,2.21,15.8,44.6,29.1,20.572,234.6,3.54
2025-06-24 18:52:50,2025-06-24,18:52:50,in,0.15,1310.8,0.0,30.5,10.483,336.5,0.54
2025-06-24 18:53:14,2025-06-24,18:53:14,out,0.99,15.9,44.7,29.1,20.59,221.4,2.71
2025-06-24 18:53:53,2025-06-24,18:53:53,in,0.24,1310.8,0.0,30.5,10.483,19.7,0.43
2025-06-24 18:54:18,2025-06-24,18:54:18,out,1.29,15.9,44.5,29.2,20.637,206.7,2.25
2025-06-24 18:54:56,2025-06-24,18:54:56,in,0.41,,,1310.8,,30.5,0.0
2025-06-24 18:55:22,2025-06-24,18:55:22,out,3.3,,,15.7,,29.2,4.39
2025-06-24 18:56:00,2025-06-24,18:56:00,in,0.41,1310.8,0.0,30.5,10.483,170.5,0.53
2025-06-24 18:56:26,2025-06-24,18:56:26,out,2.05,,,16.0,,29.2,4.47
2025-06-24 18:57:04,2025-06-24,18:57:04,in,1.02,1310.8,0.0,30.4,10.442,333.1,1.73
2025-06-24 18:57:29,2025-06-24,18:57:29,out,2.12,15.5,43.7,29.2,20.492,210.0,3.75
2025-06-24 18:58:07,2025-06-24,18:58:07,in,0.89,1310.8,0.0,30.3,10.4,322.1,1.65
2025-06-24 18:58:32,2025-06-24,18:58:32,out,2.46,15.2,42.8,29.2,20.326,219.5,2.88
2025-06-24 18:59:10,2025-06-24,18:59:10,in,0.14,1310.8,0.0,30.1,10.317,297.9,1.39
2025-06-24 18:59:36,2025-06-24,18:59:36,out,2.12,15.5,43.7,29.1,20.408,206.1,3.41
2025-06-24 19:00:14,2025-06-24,19:00:14,in,0.69,1310.8,0.0,30.0,10.276,327.6,1.49
2025-06-24 19:00:40,2025-06-24,19:00:40,out,1.52,15.7,44.2,29.1,20.5,213.0,3.02
2025-06-24 19:01:18,2025-06-24,19:01:18,in,1.04,1310.8,0.0,29.9,10.235,335.3,1.86
2025-06-24 19:01:43,2025-06-24,19:01:43,out,2.9,15.3,43.5,29.0,20.289,213.1,4.22
2025-06-24 19:02:21,2025-06-24,19:02:21,in,0.76,1310.8,0.0,29.8,10.193,329.1,1.42
2025-06-24 19:02:46,2025-06-24,19:02:46,out,1.75,15.6,44.2,29.0,20.416,210.4,3.6
2025-06-24 19:03:24,2025-06-24,19:03:24,in,0.58,1310.8,0.0,29.8,10.193,341.3,1.74
2025-06-24 19:03:50,2025-06-24,19:03:50,out,1.48,15.7,44.5,29.0,20.47,229.1,2.38
2025-06-24 19:04:28,2025-06-24,19:04:28,in,0.25,1310.8,0.0,29.7,10.152,349.4,1.73
2025-06-24 19:04:54,2025-06-24,19:04:54,out,1.78,15.6,44.4,29.0,20.452,213.2,2.44
2025-06-24 19:05:32,2025-06-24,19:05:32,in,0.4,1310.8,0.0,29.7,10.152,331.4,1.88
2025-06-24 19:05:57,2025-06-24,19:05:57,out,2.3,15.6,44.2,29.0,20.416,226.1,2.98
2025-06-24 19:06:35,2025-06-24,19:06:35,in,0.36,1310.8,0.0,29.7,10.152,239.0,1.12
2025-06-24 19:07:00,2025-06-24,19:07:00,out,2.26,,,15.9,,29.1,4.49
2025-06-24 19:07:38,2025-06-24,19:07:38,in,1.34,1310.8,0.0,29.7,10.152,319.2,1.86
2025-06-24 19:08:04,2025-06-24,19:08:04,out,1.95,15.9,44.8,29.1,20.608,219.1,3.17
2025-06-24 19:08:42,2025-06-24,19:08:42,in,0.57,1310.8,0.0,29.6,10.11,346.7,1.98
2025-06-24 19:09:08,2025-06-24,19:09:08,out,2.66,15.6,44.2,29.0,20.416,199.1,3.13
2025-06-24 19:09:46,2025-06-24,19:09:46,in,1.39,1310.8,0.0,29.5,10.069,319.7,2.03
2025-06-24 19:10:11,2025-06-24,19:10:11,out,1.94,15.7,44.8,28.9,20.441,213.2,2.88
2025-06-24 19:10:49,2025-06-24,19:10:49,in,1.38,1310.8,0.0,29.4,10.027,319.2,1.76
2025-06-24 19:11:14,2025-06-24,19:11:14,out,1.15,15.9,45.3,28.9,20.53,209.5,2.11
2025-06-24 19:11:52,2025-06-24,19:11:52,in,0.66,1310.8,0.0,29.3,9.986,325.3,1.96
2025-06-24 19:12:18,2025-06-24,19:12:18,out,2.1,15.9,45.3,28.9,20.53,215.4,3.37
2025-06-24 19:12:56,2025-06-24,19:12:56,in,1.32,1310.8,0.0,29.3,9.986,325.6,1.6
2025-06-24 19:13:22,2025-06-24,19:13:22,out,2.0,16.0,45.7,28.9,20.602,205.1,3.89
2025-06-24 19:14:00,2025-06-24,19:14:00,in,1.23,1310.8,0.0,29.2,9.945,312.7,1.95
2025-06-24 19:14:25,2025-06-24,19:14:25,out,2.14,16.0,45.7,28.9,20.602,198.7,2.83
2025-06-24 19:15:03,2025-06-24,19:15:03,in,0.88,1310.8,0.0,29.2,9.945,318.7,2.2
2025-06-24 19:15:28,2025-06-24,19:15:28,out,1.03,16.0,45.9,28.8,20.553,212.6,2.96
2025-06-24 19:16:06,2025-06-24,19:16:06,in,0.83,1310.8,0.0,29.2,9.945,317.4,1.64
2025-06-24 19:16:32,2025-06-24,19:16:32,out,1.92,16.0,45.9,28.8,20.553,201.1,2.64
2025-06-24 19:17:10,2025-06-24,19:17:10,in,1.48,1310.8,0.0,29.1,9.903,316.1,2.16
2025-06-24 19:17:36,2025-06-24,19:17:36,out,3.31,15.9,45.5,28.8,20.482,209.0,3.75
2025-06-24 19:18:14,2025-06-24,19:18:14,in,0.93,1310.8,0.0,29.1,9.903,324.8,1.8
2025-06-24 19:18:39,2025-06-24,19:18:39,out,0.67,16.0,46.2,28.7,20.522,202.7,3.12
2025-06-24 19:19:17,2025-06-24,19:19:17,in,0.95,1310.8,0.0,29.0,9.862,318.9,1.79
2025-06-24 19:19:42,2025-06-24,19:19:42,out,1.17,16.1,46.5,28.7,20.575,209.5,2.37
2025-06-24 19:20:20,2025-06-24,19:20:20,in,1.18,1310.8,0.0,28.9,9.82,326.9,2.11
2025-06-24 19:21:14,2025-06-24,19:21:14,out,1.27,16.1,46.8,28.6,20.543,204.7,2.76
2025-06-24 19:21:24,2025-06-24,19:21:24,in,0.84,1310.8,0.0,28.9,9.82,319.1,2.11
2025-06-24 19:22:15,2025-06-24,19:22:15,out,2.61,16.1,46.9,28.6,20.561,197.3,3.56
2025-06-24 19:22:28,2025-06-24,19:22:28,in,0.82,1310.8,0.0,28.9,9.82,318.5,2.28
2025-06-24 19:23:18,2025-06-24,19:23:18,out,2.34,15.9,46.3,28.5,20.371,191.4,3.02
2025-06-24 19:23:31,2025-06-24,19:23:31,in,0.55,1310.8,0.0,28.8,9.779,328.1,1.74
2025-06-24 19:24:22,2025-06-24,19:24:22,out,2.18,15.9,46.4,28.5,20.388,211.8,3.17
2025-06-24 19:24:34,2025-06-24,19:24:34,in,0.92,1310.8,0.0,28.8,9.779,311.9,1.45
2025-06-24 19:25:26,2025-06-24,19:25:26,out,1.74,15.7,46.1,28.4,20.252,197.2,3.86
2025-06-24 19:25:38,2025-06-24,19:25:38,in,1.0,1310.8,0.0,28.7,9.738,318.5,1.49
2025-06-24 19:26:29,2025-06-24,19:26:29,out,2.54,15.6,45.9,28.4,20.217,211.0,2.76
2025-06-24 19:26:42,2025-06-24,19:26:42,in,1.22,1310.8,0.0,28.7,9.738,328.0,1.75
2025-06-24 19:27:32,2025-06-24,19:27:32,out,0.59,15.8,46.4,28.4,20.304,211.9,2.16
2025-06-24 19:27:45,2025-06-24,19:27:45,in,1.21,1310.8,0.0,28.6,9.696,321.1,1.52
2025-06-24 19:28:36,2025-06-24,19:28:36,out,0.78,15.7,46.2,28.4,20.269,205.7,2.09
2025-06-24 19:28:48,2025-06-24,19:28:48,in,1.36,1310.8,0.0,28.6,9.696,313.7,2.12
2025-06-24 19:29:40,2025-06-24,19:29:40,out,0.94,15.6,45.9,28.4,20.217,207.8,2.14
2025-06-24 19:29:52,2025-06-24,19:29:52,in,1.31,1310.8,0.0,28.6,9.696,321.4,1.8
2025-06-24 19:30:43,2025-06-24,19:30:43,out,0.95,15.6,45.9,28.4,20.217,201.2,2.64
2025-06-24 19:30:56,2025-06-24,19:30:56,in,1.16,1310.8,0.0,28.5,9.655,316.2,1.92
2025-06-24 19:31:46,2025-06-24,19:31:46,out,1.38,15.6,45.8,28.4,20.199,194.6,2.06
2025-06-24 19:31:59,2025-06-24,19:31:59,in,1.25,1310.8,0.0,28.5,9.655,316.5,2.05
2025-06-24 19:32:50,2025-06-24,19:32:50,out,1.23,15.5,45.6,28.4,20.164,204.4,2.45
2025-06-24 19:33:02,2025-06-24,19:33:02,in,0.93,1310.8,0.0,28.5,9.655,319.8,1.79
2025-06-24 19:33:54,2025-06-24,19:33:54,out,0.76,15.7,46.2,28.4,20.269,184.8,3.49
2025-06-24 19:34:06,2025-06-24,19:34:06,in,1.03,1310.8,0.0,28.5,9.655,313.4,1.94
2025-06-24 19:34:57,2025-06-24,19:34:57,out,1.2,15.9,46.6,28.4,20.339,184.9,3.42
2025-06-24 19:35:10,2025-06-24,19:35:10,in,0.73,1310.8,0.0,28.5,9.655,307.5,1.7
2025-06-24 19:36:00,2025-06-24,19:36:00,out,1.43,15.9,47.0,28.3,20.324,200.6,2.67
2025-06-24 19:36:13,2025-06-24,19:36:13,in,1.46,1310.8,0.0,28.4,9.613,314.4,2.02
2025-06-24 19:37:04,2025-06-24,19:37:04,out,0.79,15.9,46.9,28.3,20.307,180.2,2.85
2025-06-24 19:37:16,2025-06-24,19:37:16,in,1.71,1310.8,0.0,28.4,9.613,319.3,2.18
2025-06-24 19:38:08,2025-06-24,19:38:08,out,2.19,,,15.9,,28.3,4.69
2025-06-24 19:38:20,2025-06-24,19:38:20,in,0.61,1310.8,0.0,28.4,9.613,314.4,2.22
2025-06-24 19:39:11,2025-06-24,19:39:11,out,2.03,15.7,46.5,28.3,20.237,211.0,3.34
2025-06-24 19:39:24,2025-06-24,19:39:24,in,0.98,1310.8,0.0,28.4,9.613,308.7,1.74
2025-06-24 19:40:14,2025-06-24,19:40:14,out,2.29,15.7,46.7,28.2,20.187,202.0,2.63
2025-06-24 19:40:28,2025-06-24,19:40:28,in,1.2,1310.8,0.0,28.3,9.572,315.2,1.77
2025-06-24 19:41:18,2025-06-24,19:41:18,out,3.4,15.6,46.6,28.1,20.086,215.4,3.97
2025-06-24 19:41:31,2025-06-24,19:41:31,in,0.83,1310.8,0.0,28.3,9.572,324.0,1.73
2025-06-24 19:42:22,2025-06-24,19:42:22,out,2.51,15.9,47.4,28.1,20.223,215.1,3.68
2025-06-24 19:42:34,2025-06-24,19:42:34,in,0.73,1310.8,0.0,28.2,9.53,318.6,1.7
2025-06-24 19:43:25,2025-06-24,19:43:25,out,2.05,15.8,47.4,28.0,20.139,197.7,2.98
2025-06-24 19:43:38,2025-06-24,19:43:38,in,0.78,1310.8,0.0,28.2,9.53,329.4,1.1
2025-06-24 19:44:28,2025-06-24,19:44:28,out,2.0,15.8,47.5,28.0,20.156,212.4,2.68
2025-06-24 19:44:42,2025-06-24,19:44:42,in,0.68,1310.8,0.0,28.2,9.53,313.6,1.77
2025-06-24 19:45:32,2025-06-24,19:45:32,out,0.68,15.8,47.8,27.9,20.122,247.8,2.69
2025-06-24 19:45:45,2025-06-24,19:45:45,in,0.79,1310.8,0.0,28.2,9.53,323.2,1.59
2025-06-24 19:46:36,2025-06-24,19:46:36,out,1.66,15.9,47.9,28.0,20.224,219.1,2.53
2025-06-24 19:46:48,2025-06-24,19:46:48,in,0.64,1310.8,0.0,28.1,9.489,324.5,1.59
2025-06-24 19:47:39,2025-06-24,19:47:39,out,1.08,15.9,48.0,27.9,20.156,196.1,2.73
2025-06-24 19:47:52,2025-06-24,19:47:52,in,0.79,1310.8,0.0,28.1,9.489,322.7,2.0
2025-06-24 19:48:42,2025-06-24,19:48:42,out,1.91,15.9,48.0,27.9,20.156,206.6,2.55
2025-06-24 19:48:56,2025-06-24,19:48:56,in,0.98,1310.8,0.0,28.1,9.489,323.9,2.08
2025-06-24 19:49:46,2025-06-24,19:49:46,out,0.81,15.9,48.0,27.9,20.156,217.8,2.15
2025-06-24 19:49:59,2025-06-24,19:49:59,in,1.34,1310.8,0.0,28.1,9.489,310.0,1.93
2025-06-24 19:50:50,2025-06-24,19:50:50,out,0.69,15.9,48.0,27.9,20.156,204.8,2.35
2025-06-24 19:51:02,2025-06-24,19:51:02,in,1.21,1310.8,0.0,28.1,9.489,321.7,1.84
2025-06-24 19:51:53,2025-06-24,19:51:53,out,0.65,15.9,48.1,27.9,20.173,181.8,2.68
2025-06-24 19:52:06,2025-06-24,19:52:06,in,1.27,1310.8,0.0,28.0,9.448,312.1,1.96
2025-06-24 19:52:56,2025-06-24,19:52:56,out,0.96,16.0,48.2,27.9,20.19,178.6,1.9
2025-06-24 19:53:10,2025-06-24,19:53:10,in,0.71,1310.8,0.0,28.0,9.448,316.9,2.03
2025-06-24 19:54:00,2025-06-24,19:54:00,out,1.69,15.8,47.9,27.9,20.139,197.8,2.16
2025-06-24 19:54:13,2025-06-24,19:54:13,in,1.26,1310.8,0.0,28.0,9.448,318.8,2.27
2025-06-24 19:55:04,2025-06-24,19:55:04,out,1.15,15.8,48.0,27.8,20.071,194.4,2.27
2025-06-24 19:55:16,2025-06-24,19:55:16,in,0.7,1310.8,0.0,27.9,9.406,327.2,1.87
2025-06-24 19:56:07,2025-06-24,19:56:07,out,3.1,15.6,47.6,27.8,20.003,211.0,3.2
2025-06-24 19:56:20,2025-06-24,19:56:20,in,0.87,1310.8,0.0,27.9,9.406,330.9,1.65
2025-06-24 19:57:10,2025-06-24,19:57:10,out,1.79,15.7,48.0,27.7,19.986,207.2,3.08
2025-06-24 19:57:24,2025-06-24,19:57:24,in,1.8,,,1310.8,,27.9,0.0
2025-06-24 19:58:14,2025-06-24,19:58:14,out,0.78,15.8,48.3,27.7,20.037,201.2,2.35
2025-06-24 19:58:27,2025-06-24,19:58:27,in,1.26,1310.8,0.0,27.8,9.365,319.8,1.9
2025-06-24 19:59:18,2025-06-24,19:59:18,out,1.0,15.8,48.4,27.7,20.053,201.7,2.0
2025-06-24 19:59:30,2025-06-24,19:59:30,in,1.12,1310.8,0.0,27.8,9.365,324.3,1.48
2025-06-24 20:00:21,2025-06-24,20:00:21,out,0.2,15.9,48.6,27.7,20.087,170.7,2.21
2025-06-24 20:00:34,2025-06-24,20:00:34,in,0.83,1310.8,0.0,27.8,9.365,323.9,2.0
2025-06-24 20:01:25,2025-06-24,20:01:25,out,0.18,15.9,48.5,27.7,20.07,117.9,1.01
2025-06-24 20:01:38,2025-06-24,20:01:38,in,0.39,1310.8,0.0,27.7,9.323,330.0,1.98
2025-06-24 20:02:28,2025-06-24,20:02:28,out,1.47,15.6,47.9,27.6,19.884,224.0,1.8
2025-06-24 20:02:41,2025-06-24,20:02:41,in,0.61,1310.8,0.0,27.7,9.323,335.6,1.68
2025-06-24 20:03:32,2025-06-24,20:03:32,out,1.19,15.7,48.3,27.6,19.951,205.3,1.56
2025-06-24 20:03:44,2025-06-24,20:03:44,in,0.3,1310.8,0.0,27.7,9.323,336.8,1.32
2025-06-24 20:04:36,2025-06-24,20:04:36,out,1.12,16.0,49.1,27.6,20.086,208.7,2.52
2025-06-24 20:04:48,2025-06-24,20:04:48,in,0.98,1310.8,0.0,27.6,9.282,319.1,1.24
2025-06-24 20:05:39,2025-06-24,20:05:39,out,0.27,16.1,49.5,27.6,20.152,189.6,1.83
2025-06-24 20:05:52,2025-06-24,20:05:52,in,0.67,,,1310.8,,323.1,1.27
2025-06-24 20:06:42,2025-06-24,20:06:42,out,0.26,16.1,49.5,27.6,20.152,167.2,1.07
2025-06-24 20:06:55,2025-06-24,20:06:55,in,0.75,1310.8,0.0,27.6,9.282,319.7,1.91
2025-06-24 20:07:46,2025-06-24,20:07:46,out,0.31,16.1,49.5,27.6,20.152,226.1,1.07
2025-06-24 20:07:58,2025-06-24,20:07:58,in,0.57,1310.8,0.0,27.6,9.282,297.2,1.65
2025-06-24 20:08:50,2025-06-24,20:08:50,out,0.8,16.1,49.5,27.6,20.152,193.2,1.54
2025-06-24 20:09:02,2025-06-24,20:09:02,in,1.22,1310.8,0.0,27.5,9.24,314.1,1.55
2025-06-24 20:09:53,2025-06-24,20:09:53,out,0.72,16.0,49.7,27.5,20.1,209.4,1.8
2025-06-24 20:10:06,2025-06-24,20:10:06,in,0.51,1310.8,0.0,27.5,9.24,332.8,1.28
2025-06-24 20:10:56,2025-06-24,20:10:56,out,0.6,16.1,49.8,27.5,20.116,125.8,1.47
2025-06-24 20:11:09,2025-06-24,20:11:09,in,0.65,1310.8,0.0,27.5,9.24,335.3,1.52
2025-06-24 20:12:00,2025-06-24,20:12:00,out,0.88,16.0,49.9,27.4,20.047,184.8,1.76
2025-06-24 20:12:12,2025-06-24,20:12:12,in,0.94,1310.8,0.0,27.4,9.199,320.1,1.34
2025-06-24 20:13:04,2025-06-24,20:13:04,out,1.21,16.0,50.0,27.4,20.064,194.9,1.48
2025-06-24 20:13:16,2025-06-24,20:13:16,in,0.82,1310.8,0.0,27.3,9.157,322.4,1.49
2025-06-24 20:14:07,2025-06-24,20:14:07,out,0.5,16.1,50.2,27.4,20.097,177.4,1.7
2025-06-24 20:14:20,2025-06-24,20:14:20,in,0.7,1310.8,0.0,27.3,9.157,318.2,1.44
2025-06-24 20:15:10,2025-06-24,20:15:10,out,0.46,16.0,50.3,27.3,20.027,148.6,0.58
2025-06-24 20:15:23,2025-06-24,20:15:23,in,0.96,1310.8,0.0,27.3,9.157,328.4,1.5
2025-06-24 20:16:14,2025-06-24,20:16:14,out,0.84,16.0,50.2,27.3,20.011,171.8,1.37
2025-06-24 20:16:26,2025-06-24,20:16:26,in,0.69,1310.8,0.0,27.2,9.116,325.8,1.29
2025-06-24 20:17:18,2025-06-24,20:17:18,out,0.96,16.0,50.2,27.3,20.011,149.8,1.15
2025-06-24 20:17:30,2025-06-24,20:17:30,in,0.92,1310.8,0.0,27.2,9.116,307.6,1.63
2025-06-24 20:18:21,2025-06-24,20:18:21,out,0.81,16.0,50.5,27.2,19.974,143.6,1.5
2025-06-24 20:18:34,2025-06-24,20:18:34,in,0.75,1310.8,0.0,27.1,9.075,327.1,1.79
2025-06-24 20:19:24,2025-06-24,20:19:24,out,0.76,16.0,50.4,27.2,19.957,155.6,1.24
2025-06-24 20:19:37,2025-06-24,20:19:37,in,0.49,1310.8,0.0,27.1,9.075,347.2,1.63
2025-06-24 20:20:28,2025-06-24,20:20:28,out,1.03,16.0,50.5,27.1,19.887,138.1,1.41
2025-06-24 20:20:40,2025-06-24,20:20:40,in,0.92,1310.8,0.0,27.0,9.033,327.8,1.97
2025-06-24 20:21:32,2025-06-24,20:21:32,out,0.89,16.0,50.8,27.1,19.936,139.4,1.59
2025-06-24 20:21:44,2025-06-24,20:21:44,in,0.83,1310.8,0.0,26.9,8.992,319.7,1.39
2025-06-24 20:22:35,2025-06-24,20:22:35,out,0.72,16.0,51.2,27.0,19.915,149.2,1.47
2025-06-24 20:22:48,2025-06-24,20:22:48,in,1.1,1310.8,0.0,26.9,8.992,319.5,1.85
2025-06-24 20:23:38,2025-06-24,20:23:38,out,0.76,16.1,51.4,27.0,19.947,152.8,1.01
2025-06-24 20:23:51,2025-06-24,20:23:51,in,1.05,1310.8,0.0,26.8,8.95,319.2,1.56
2025-06-24 20:24:42,2025-06-24,20:24:42,out,0.24,16.1,51.6,27.0,19.98,220.6,1.28
2025-06-24 20:24:54,2025-06-24,20:24:54,in,0.98,1310.8,0.0,26.8,8.95,318.5,1.5
2025-06-24 20:25:46,2025-06-24,20:25:46,out,0.67,16.1,51.7,26.9,19.909,163.6,0.92
2025-06-24 20:25:58,2025-06-24,20:25:58,in,0.75,1310.8,0.0,26.7,8.909,318.8,1.89
2025-06-24 20:26:49,2025-06-24,20:26:49,out,0.3,16.1,51.8,26.9,19.925,160.3,0.71
2025-06-24 20:27:02,2025-06-24,20:27:02,in,1.18,1310.8,0.0,26.7,8.909,322.4,1.85
2025-06-24 20:27:52,2025-06-24,20:27:52,out,0.48,16.1,51.9,26.9,19.941,194.6,0.92
2025-06-24 20:28:05,2025-06-24,20:28:05,in,0.81,1310.8,0.0,26.7,8.909,330.2,1.64
2025-06-24 20:28:56,2025-06-24,20:28:56,out,0.46,16.0,51.8,26.8,19.839,173.0,0.94
2025-06-24 20:29:08,2025-06-24,20:29:08,in,0.87,1310.8,0.0,26.6,8.867,319.5,1.81
2025-06-24 20:30:00,2025-06-24,20:30:00,out,0.35,16.0,51.7,26.8,19.823,171.8,0.77
2025-06-24 20:30:12,2025-06-24,20:30:12,in,0.94,1310.8,0.0,26.6,8.867,323.3,1.69
2025-06-24 20:31:03,2025-06-24,20:31:03,out,0.46,16.0,51.9,26.7,19.768,165.2,1.31
2025-06-24 20:31:16,2025-06-24,20:31:16,in,1.03,1310.8,0.0,26.6,8.867,315.9,1.53
2025-06-24 20:32:06,2025-06-24,20:32:06,out,0.33,16.0,52.1,26.6,19.713,187.1,1.06
2025-06-24 20:32:19,2025-06-24,20:32:19,in,0.69,1310.8,0.0,26.6,8.867,318.4,1.58
2025-06-24 20:33:10,2025-06-24,20:33:10,out,0.67,16.0,52.3,26.6,19.745,181.5,1.64
2025-06-24 20:33:22,2025-06-24,20:33:22,in,0.82,1310.8,0.0,26.6,8.867,306.9,1.75
2025-06-24 20:34:14,2025-06-24,20:34:14,out,0.03,16.0,52.6,26.5,19.706,168.4,1.79
2025-06-24 20:34:26,2025-06-24,20:34:26,in,0.72,1310.8,0.0,26.5,8.826,319.8,1.58
2025-06-24 20:35:17,2025-06-24,20:35:17,out,0.82,16.0,52.7,26.5,19.721,171.8,1.72
2025-06-24 20:35:30,2025-06-24,20:35:30,in,0.89,1310.8,0.0,26.5,8.826,324.2,1.59
2025-06-24 20:36:20,2025-06-24,20:36:20,out,0.45,16.0,52.9,26.4,19.666,172.5,1.29
2025-06-24 20:36:33,2025-06-24,20:36:33,in,0.65,1310.8,0.0,26.5,8.826,326.9,1.13
2025-06-24 20:37:24,2025-06-24,20:37:24,out,0.62,16.0,53.0,26.4,19.682,184.1,1.25
2025-06-24 20:37:36,2025-06-24,20:37:36,in,0.67,1310.8,0.0,26.5,8.826,323.0,1.4
2025-06-24 20:38:28,2025-06-24,20:38:28,out,0.53,16.0,53.2,26.3,19.626,174.2,1.22
2025-06-24 20:38:40,2025-06-24,20:38:40,in,0.85,1310.8,0.0,26.4,8.784,310.1,1.34
2025-06-24 20:39:31,2025-06-24,20:39:31,out,0.6,16.0,53.3,26.3,19.642,191.3,1.27
2025-06-24 20:39:44,2025-06-24,20:39:44,in,0.76,1310.8,0.0,26.4,8.784,315.1,1.68
2025-06-24 20:40:34,2025-06-24,20:40:34,out,0.35,16.0,53.5,26.2,19.586,151.1,1.19
2025-06-24 20:40:48,2025-06-24,20:40:48,in,1.03,1310.8,0.0,26.4,8.784,326.8,1.41
2025-06-24 20:41:38,2025-06-24,20:41:38,out,0.76,16.0,53.5,26.2,19.586,178.5,1.2
2025-06-24 20:41:51,2025-06-24,20:41:51,in,0.9,1310.8,0.0,26.4,8.784,328.1,1.62
2025-06-24 20:42:42,2025-06-24,20:42:42,out,0.44,16.0,53.7,26.2,19.617,177.3,2.18
2025-06-24 20:42:54,2025-06-24,20:42:54,in,0.94,1310.8,0.0,26.3,8.743,329.2,1.21
2025-06-24 20:43:45,2025-06-24,20:43:45,out,0.88,16.1,53.8,26.2,19.632,169.1,1.85
2025-06-24 20:43:58,2025-06-24,20:43:58,in,0.82,1310.8,0.0,26.3,8.743,323.7,1.42
2025-06-24 20:44:48,2025-06-24,20:44:48,out,0.78,16.0,54.0,26.1,19.576,168.4,1.25
2025-06-24 20:45:02,2025-06-24,20:45:02,in,0.78,1310.8,0.0,26.2,8.702,336.3,1.19
2025-06-24 20:45:52,2025-06-24,20:45:52,out,0.93,16.1,54.1,26.1,19.592,174.2,1.29
2025-06-24 20:46:05,2025-06-24,20:46:05,in,1.07,1310.8,0.0,26.2,8.702,319.3,1.7
2025-06-24 20:46:56,2025-06-24,20:46:56,out,0.65,16.1,54.2,26.1,19.607,144.8,1.26
2025-06-24 20:47:08,2025-06-24,20:47:08,in,0.86,1310.8,0.0,26.2,8.702,315.9,1.21
2025-06-24 20:47:59,2025-06-24,20:47:59,out,0.98,16.0,54.3,26.0,19.535,175.6,1.52
2025-06-24 20:48:12,2025-06-24,20:48:12,in,0.78,1310.8,0.0,26.2,8.702,330.3,1.24
2025-06-24 20:49:02,2025-06-24,20:49:02,out,0.51,16.1,54.5,26.0,19.566,152.9,0.97
2025-06-24 20:49:16,2025-06-24,20:49:16,in,0.86,1310.8,0.0,26.1,8.66,316.5,1.44
2025-06-24 20:50:06,2025-06-24,20:50:06,out,0.51,16.0,54.6,25.9,19.493,161.0,1.23
2025-06-24 20:50:19,2025-06-24,20:50:19,in,0.51,1310.8,0.0,26.1,8.66,336.7,1.3
2025-06-24 20:51:10,2025-06-24,20:51:10,out,0.74,16.1,54.8,25.9,19.524,151.0,1.59
2025-06-24 20:51:22,2025-06-24,20:51:22,in,0.69,1310.8,0.0,26.1,8.66,321.1,1.09
2025-06-24 20:52:13,2025-06-24,20:52:13,out,0.86,16.1,55.0,25.9,19.555,178.7,1.44
2025-06-24 20:52:26,2025-06-24,20:52:26,in,0.91,1310.8,0.0,26.1,8.66,331.4,1.41
2025-06-24 20:53:16,2025-06-24,20:53:16,out,0.44,16.2,55.1,25.9,19.57,198.6,1.58
2025-06-24 20:53:30,2025-06-24,20:53:30,in,0.49,1310.8,0.0,26.0,8.619,319.1,2.06
2025-06-24 20:54:20,2025-06-24,20:54:20,out,0.31,16.1,55.1,25.8,19.482,205.1,1.16
2025-06-24 20:54:33,2025-06-24,20:54:33,in,1.19,1310.8,0.0,26.0,8.619,320.2,1.55
2025-06-24 20:55:24,2025-06-24,20:55:24,out,0.51,16.1,55.2,25.8,19.498,150.7,0.98
2025-06-24 20:55:36,2025-06-24,20:55:36,in,0.83,1310.8,0.0,26.0,8.619,326.5,1.6
2025-06-24 20:56:28,2025-06-24,20:56:28,out,0.67,16.2,55.4,25.8,19.528,189.6,1.32
2025-06-24 20:56:40,2025-06-24,20:56:40,in,0.49,1310.8,0.0,25.9,8.577,336.6,1.59
2025-06-24 20:57:30,2025-06-24,20:57:30,out,0.72,16.2,55.5,25.8,19.544,162.4,0.96
2025-06-24 20:57:44,2025-06-24,20:57:44,in,0.52,1310.8,0.0,25.9,8.577,329.0,1.29
2025-06-24 20:58:34,2025-06-24,20:58:34,out,0.6,16.1,55.5,25.7,19.455,136.2,0.85
2025-06-24 20:58:47,2025-06-24,20:58:47,in,0.79,1310.8,0.0,25.9,8.577,317.6,1.6
2025-06-24 20:59:38,2025-06-24,20:59:38,out,0.78,16.2,55.8,25.7,19.501,124.6,1.14
2025-06-24 20:59:50,2025-06-24,20:59:50,in,0.71,1310.8,0.0,25.8,8.536,325.1,1.65
2025-06-24 21:00:41,2025-06-24,21:00:41,out,0.9,16.2,56.2,25.6,19.474,129.7,1.38
2025-06-24 21:00:54,2025-06-24,21:00:54,in,0.72,1310.8,0.0,25.7,8.494,325.6,1.44
2025-06-24 21:01:45,2025-06-24,21:01:45,out,1.14,16.3,56.5,25.6,19.519,131.6,1.65
2025-06-24 21:01:58,2025-06-24,21:01:58,in,0.65,1310.8,0.0,25.7,8.494,327.1,1.26
2025-06-24 21:02:48,2025-06-24,21:02:48,out,1.18,16.3,56.7,25.6,19.549,140.4,1.38
2025-06-24 21:03:01,2025-06-24,21:03:01,in,0.6,1310.8,0.0,25.6,8.453,324.1,1.82
2025-06-24 21:03:52,2025-06-24,21:03:52,out,0.7,16.3,57.0,25.5,19.506,148.8,1.44
2025-06-24 21:04:04,2025-06-24,21:04:04,in,1.3,1310.8,0.0,25.5,8.411,318.1,1.71
2025-06-24 21:04:56,2025-06-24,21:04:56,out,0.86,16.4,57.2,25.5,19.536,144.9,1.22
2025-06-24 21:05:08,2025-06-24,21:05:08,in,0.75,1310.8,0.0,25.5,8.411,309.8,1.65
2025-06-24 21:05:59,2025-06-24,21:05:59,out,0.81,16.3,57.3,25.4,19.462,115.9,1.35
2025-06-24 21:06:12,2025-06-24,21:06:12,in,0.92,1310.8,0.0,25.5,8.411,312.5,1.52
2025-06-24 21:07:02,2025-06-24,21:07:02,out,1.4,16.4,57.4,25.4,19.477,134.1,1.69
2025-06-24 21:07:15,2025-06-24,21:07:15,in,1.28,1310.8,0.0,25.4,8.37,315.6,1.86
2025-06-24 21:08:06,2025-06-24,21:08:06,out,0.57,16.4,57.4,25.4,19.477,202.6,1.54
2025-06-24 21:08:18,2025-06-24,21:08:18,in,0.78,1310.8,0.0,25.5,8.411,310.6,2.13
2025-06-24 21:09:10,2025-06-24,21:09:10,out,0.78,16.3,57.7,25.3,19.433,165.5,1.87
2025-06-24 21:09:22,2025-06-24,21:09:22,in,1.47,1310.8,0.0,25.5,8.411,314.0,2.08
2025-06-24 21:10:13,2025-06-24,21:10:13,out,0.59,16.4,57.8,25.3,19.448,162.2,1.33
2025-06-24 21:10:26,2025-06-24,21:10:26,in,1.45,1310.8,0.0,25.5,8.411,315.1,2.47
2025-06-24 21:11:16,2025-06-24,21:11:16,out,0.47,16.4,57.9,25.3,19.463,167.0,1.3
2025-06-24 21:11:29,2025-06-24,21:11:29,in,1.04,1310.8,0.0,25.5,8.411,307.2,2.0
2025-06-24 21:12:20,2025-06-24,21:12:20,out,0.58,16.3,58.0,25.2,19.388,195.1,1.05
2025-06-24 21:12:32,2025-06-24,21:12:32,in,1.12,1310.8,0.0,25.5,8.411,318.7,1.62
2025-06-24 21:13:24,2025-06-24,21:13:24,out,0.53,16.4,58.2,25.2,19.418,190.2,1.37
2025-06-24 21:13:36,2025-06-24,21:13:36,in,0.97,1310.8,0.0,25.4,8.37,313.3,1.4
2025-06-24 21:14:27,2025-06-24,21:14:27,out,0.32,16.4,58.3,25.2,19.433,184.1,1.3
2025-06-24 21:14:40,2025-06-24,21:14:40,in,0.94,1310.8,0.0,25.4,8.37,320.2,1.52
2025-06-24 21:15:30,2025-06-24,21:15:30,out,0.87,16.3,58.3,25.1,19.344,202.7,1.28
2025-06-24 21:15:43,2025-06-24,21:15:43,in,0.75,1310.8,0.0,25.4,8.37,320.3,1.33
2025-06-24 21:16:34,2025-06-24,21:16:34,out,0.91,16.4,58.6,25.1,19.388,208.7,2.14
2025-06-24 21:16:46,2025-06-24,21:16:46,in,0.46,1310.8,0.0,25.4,8.37,350.1,1.42
2025-06-24 21:17:38,2025-06-24,21:17:38,out,0.54,16.5,58.9,25.1,19.432,208.2,1.95
2025-06-24 21:17:50,2025-06-24,21:17:50,in,1.0,1310.8,0.0,25.4,8.37,324.5,1.64
2025-06-24 21:18:41,2025-06-24,21:18:41,out,0.72,16.4,59.0,25.0,19.358,224.7,1.39
2025-06-24 21:18:54,2025-06-24,21:18:54,in,1.01,1310.8,0.0,25.4,8.37,324.6,1.37
2025-06-24 21:19:44,2025-06-24,21:19:44,out,0.29,16.4,58.9,25.0,19.343,268.3,1.07
2025-06-24 21:19:57,2025-06-24,21:19:57,in,1.26,1310.8,0.0,25.4,8.37,330.7,1.4
2025-06-24 21:20:48,2025-06-24,21:20:48,out,0.4,16.3,58.8,25.0,19.328,312.5,0.58
2025-06-24 21:21:00,2025-06-24,21:21:00,in,1.0,1310.8,0.0,25.4,8.37,324.2,1.63
2025-06-24 21:21:52,2025-06-24,21:21:52,out,0.17,16.3,58.8,25.0,19.328,295.8,0.62
2025-06-24 21:22:04,2025-06-24,21:22:04,in,1.23,1310.8,0.0,25.4,8.37,323.0,1.58
2025-06-24 21:22:55,2025-06-24,21:22:55,out,0.39,16.3,58.8,25.0,19.328,158.8,0.48
2025-06-24 21:23:08,2025-06-24,21:23:08,in,0.85,1310.8,0.0,25.4,8.37,336.6,1.48
2025-06-24 21:23:58,2025-06-24,21:23:58,out,0.64,16.3,58.8,25.0,19.328,126.9,0.69
2025-06-24 21:24:11,2025-06-24,21:24:11,in,1.0,1310.8,0.0,25.3,8.328,328.9,1.66
2025-06-24 21:25:02,2025-06-24,21:25:02,out,0.95,,,16.4,,136.2,1.08
2025-06-24 21:25:14,2025-06-24,21:25:14,in,0.39,1310.8,0.0,25.3,8.328,338.8,1.53
2025-06-24 21:26:06,2025-06-24,21:26:06,out,0.9,16.5,59.6,24.9,19.356,142.6,1.17
2025-06-24 21:26:18,2025-06-24,21:26:18,in,0.69,1310.8,0.0,25.2,8.287,319.4,1.63
2025-06-24 21:27:09,2025-06-24,21:27:09,out,1.11,16.5,59.8,24.9,19.385,141.6,1.22
2025-06-24 21:27:22,2025-06-24,21:27:22,in,0.94,1310.8,0.0,25.1,8.246,316.8,1.9
2025-06-24 21:28:12,2025-06-24,21:28:12,out,0.51,16.5,59.7,24.9,19.371,158.3,1.25
2025-06-24 21:28:25,2025-06-24,21:28:25,in,0.73,1310.8,0.0,25.1,8.246,323.7,1.77
2025-06-24 21:29:16,2025-06-24,21:29:16,out,0.45,16.5,59.7,24.9,19.371,131.4,0.85
2025-06-24 21:29:28,2025-06-24,21:29:28,in,0.77,1310.8,0.0,25.1,8.246,332.1,1.53
2025-06-24 21:30:20,2025-06-24,21:30:20,out,0.16,16.5,59.7,24.9,19.371,73.5,0.69
2025-06-24 21:30:32,2025-06-24,21:30:32,in,0.75,1310.8,0.0,25.0,8.204,320.6,1.63
2025-06-24 21:31:23,2025-06-24,21:31:23,out,0.1,16.4,59.7,24.9,19.371,165.4,0.55
2025-06-24 21:31:36,2025-06-24,21:31:36,in,0.78,1310.8,0.0,25.0,8.204,313.3,1.41
2025-06-24 21:32:27,2025-06-24,21:32:27,out,0.67,16.4,59.8,24.8,19.296,220.8,0.74
2025-06-24 21:32:40,2025-06-24,21:32:40,in,1.08,1310.8,0.0,25.0,8.204,322.9,1.48
2025-06-24 21:33:30,2025-06-24,21:33:30,out,0.65,16.5,59.9,24.8,19.31,249.3,0.94
2025-06-24 21:33:43,2025-06-24,21:33:43,in,0.7,1310.8,0.0,25.0,8.204,320.5,1.55
2025-06-24 21:34:34,2025-06-24,21:34:34,out,0.78,16.5,59.9,24.8,19.31,226.0,0.82
2025-06-24 21:34:46,2025-06-24,21:34:46,in,0.97,1310.8,0.0,25.0,8.204,322.9,1.66
2025-06-24 21:35:38,2025-06-24,21:35:38,out,0.76,16.5,60.0,24.7,19.235,228.4,0.81
2025-06-24 21:35:50,2025-06-24,21:35:50,in,0.68,1310.8,0.0,24.9,8.163,322.8,1.22
2025-06-24 21:36:41,2025-06-24,21:36:41,out,0.8,16.4,60.0,24.7,19.235,235.2,0.86
2025-06-24 21:36:53,2025-06-24,21:36:53,in,0.99,1310.8,0.0,24.9,8.163,317.2,1.35
2025-06-24 21:37:44,2025-06-24,21:37:44,out,0.56,16.4,60.1,24.7,19.249,248.0,0.74
2025-06-24 21:37:56,2025-06-24,21:37:56,in,0.9,1310.8,0.0,24.9,8.163,333.3,1.48
2025-06-24 21:38:48,2025-06-24,21:38:48,out,0.62,16.4,60.1,24.7,19.249,263.6,0.78
2025-06-24 21:39:00,2025-06-24,21:39:00,in,0.7,1310.8,0.0,24.9,8.163,323.1,1.26
2025-06-24 21:39:52,2025-06-24,21:39:52,out,0.62,16.3,60.1,24.6,19.16,309.5,0.67
2025-06-24 21:40:04,2025-06-24,21:40:04,in,0.78,1310.8,0.0,24.9,8.163,327.8,1.51
2025-06-24 21:40:55,2025-06-24,21:40:55,out,0.73,16.4,60.3,24.6,19.189,311.8,0.79
2025-06-24 21:41:08,2025-06-24,21:41:08,in,0.92,1310.8,0.0,24.9,8.163,326.8,1.46
2025-06-24 21:41:58,2025-06-24,21:41:58,out,0.58,16.4,60.4,24.6,19.203,327.5,0.77
2025-06-24 21:42:11,2025-06-24,21:42:11,in,0.85,1310.8,0.0,24.9,8.163,313.2,1.63
2025-06-24 21:43:02,2025-06-24,21:43:02,out,0.25,16.4,60.4,24.6,19.203,246.4,0.63
2025-06-24 21:43:14,2025-06-24,21:43:14,in,0.77,1310.8,0.0,24.9,8.163,316.9,1.6
2025-06-24 21:44:06,2025-06-24,21:44:06,out,0.39,16.4,60.4,24.6,19.203,243.7,0.54
2025-06-24 21:44:18,2025-06-24,21:44:18,in,0.6,1310.8,0.0,24.9,8.163,325.7,1.43
2025-06-24 21:45:09,2025-06-24,21:45:09,out,0.23,16.4,60.5,24.6,19.217,290.9,0.37
2025-06-24 21:45:22,2025-06-24,21:45:22,in,1.05,1310.8,0.0,24.9,8.163,330.2,1.44
2025-06-24 21:46:12,2025-06-24,21:46:12,out,0.33,,,16.3,,24.5,6.04
2025-06-24 21:46:25,2025-06-24,21:46:25,in,0.86,1310.8,0.0,24.8,8.121,320.8,1.38
2025-06-24 21:47:16,2025-06-24,21:47:16,out,0.13,16.3,60.4,24.5,19.113,327.9,0.32
2025-06-24 21:47:28,2025-06-24,21:47:28,in,0.89,1310.8,0.0,24.8,8.121,326.2,1.51
2025-06-24 21:48:20,2025-06-24,21:48:20,out,0.53,16.3,60.4,24.5,19.113,311.4,0.56
2025-06-24 21:48:32,2025-06-24,21:48:32,in,1.04,1310.8,0.0,24.7,8.08,313.5,1.44
2025-06-24 21:49:23,2025-06-24,21:49:23,out,0.63,16.4,60.7,24.5,19.156,323.7,0.75
2025-06-24 21:49:36,2025-06-24,21:49:36,in,1.13,1310.8,0.0,24.7,8.08,315.4,1.9
2025-06-24 21:50:26,2025-06-24,21:50:26,out,0.79,16.5,61.0,24.5,19.2,314.7,0.87
2025-06-24 21:50:39,2025-06-24,21:50:39,in,0.89,1310.8,0.0,24.7,8.08,328.0,1.41
2025-06-24 21:51:30,2025-06-24,21:51:30,out,0.85,16.5,61.0,24.5,19.2,309.8,0.9
2025-06-24 21:51:42,2025-06-24,21:51:42,in,0.79,1310.8,0.0,24.7,8.08,321.6,1.35
2025-06-24 21:52:34,2025-06-24,21:52:34,out,0.38,16.5,61.1,24.5,19.214,299.3,0.85
2025-06-24 21:52:46,2025-06-24,21:52:46,in,0.95,1310.8,0.0,24.7,8.08,316.3,1.5
2025-06-24 21:53:37,2025-06-24,21:53:37,out,0.38,16.4,61.1,24.4,19.124,242.7,0.52
2025-06-24 21:53:50,2025-06-24,21:53:50,in,1.02,1310.8,0.0,24.7,8.08,332.7,1.61
2025-06-24 21:54:40,2025-06-24,21:54:40,out,0.88,16.4,61.1,24.4,19.124,243.5,0.95
2025-06-24 21:54:53,2025-06-24,21:54:53,in,0.35,1310.8,0.0,24.7,8.08,317.6,1.48
2025-06-24 21:55:44,2025-06-24,21:55:44,out,0.97,16.5,61.3,24.4,19.152,246.8,1.09
2025-06-24 21:55:56,2025-06-24,21:55:56,in,0.45,1310.8,0.0,24.7,8.08,333.2,1.37
2025-06-24 21:56:48,2025-06-24,21:56:48,out,0.88,16.5,61.4,24.4,19.167,248.9,0.94
2025-06-24 21:57:00,2025-06-24,21:57:00,in,0.66,1310.8,0.0,24.7,8.08,323.0,1.09
2025-06-24 21:57:51,2025-06-24,21:57:51,out,0.7,16.5,61.5,24.4,19.181,244.6,1.02
2025-06-24 21:58:04,2025-06-24,21:58:04,in,0.99,1310.8,0.0,24.6,8.038,324.7,1.24
2025-06-24 21:58:54,2025-06-24,21:58:54,out,0.73,16.5,61.7,24.3,19.119,243.9,0.99
2025-06-24 21:59:07,2025-06-24,21:59:07,in,0.75,1310.8,0.0,24.6,8.038,324.5,1.11
2025-06-24 21:59:58,2025-06-24,21:59:58,out,0.61,16.6,61.8,24.4,19.224,251.7,0.91
2025-06-24 22:00:10,2025-06-24,22:00:10,in,0.8,1310.8,0.0,24.6,8.038,331.8,1.34
2025-06-24 22:01:02,2025-06-24,22:01:02,out,0.63,16.6,61.9,24.4,19.238,252.2,0.74
2025-06-24 22:01:14,2025-06-24,22:01:14,in,0.59,1310.8,0.0,24.6,8.038,345.0,1.49
2025-06-24 22:02:05,2025-06-24,22:02:05,out,0.58,16.6,61.9,24.4,19.238,241.3,0.76
2025-06-24 22:02:18,2025-06-24,22:02:18,in,0.76,1310.8,0.0,24.6,8.038,332.6,1.08
2025-06-24 22:03:21,2025-06-24,22:03:21,in,1.01,1310.8,0.0,24.6,8.038,326.2,1.6
2025-06-24 22:04:24,2025-06-24,22:04:24,in,0.93,1310.8,0.0,24.6,8.038,328.9,1.67
2025-06-24 22:05:28,2025-06-24,22:05:28,in,0.87,1310.8,0.0,24.6,8.038,335.6,1.44
2025-06-24 22:06:32,2025-06-24,22:06:32,in,0.66,1310.8,0.0,24.6,8.038,331.2,1.39
2025-06-24 22:07:35,2025-06-24,22:07:35,in,0.69,1310.8,0.0,24.5,7.997,338.9,1.17
2025-06-24 22:08:38,2025-06-24,22:08:38,in,0.45,1310.8,0.0,24.5,7.997,317.6,1.25
2025-06-24 22:09:28,2025-06-24,22:09:28,out,1.18,17.1,64.0,24.4,19.538,219.0,1.59
2025-06-24 22:09:42,2025-06-24,22:09:42,in,0.46,1310.8,0.0,24.5,7.997,351.9,1.4
2025-06-24 22:10:32,2025-06-24,22:10:32,out,1.16,17.1,64.1,24.4,19.552,227.4,1.27
2025-06-24 22:10:46,2025-06-24,22:10:46,in,0.69,1310.8,0.0,24.5,7.997,325.3,1.36
2025-06-24 22:11:36,2025-06-24,22:11:36,out,0.93,17.2,64.2,24.4,19.566,231.4,1.51
2025-06-24 22:11:49,2025-06-24,22:11:49,in,0.98,1310.8,0.0,24.5,7.997,331.8,1.33
2025-06-24 22:12:40,2025-06-24,22:12:40,out,0.72,17.1,64.4,24.3,19.503,247.2,1.25
2025-06-24 22:12:52,2025-06-24,22:12:52,in,0.9,1310.8,0.0,24.5,7.997,337.0,1.49
2025-06-24 22:13:43,2025-06-24,22:13:43,out,0.84,17.1,64.4,24.3,19.503,273.1,1.13
2025-06-24 22:13:56,2025-06-24,22:13:56,in,0.83,1310.8,0.0,24.5,7.997,336.8,1.22
2025-06-24 22:14:46,2025-06-24,22:14:46,out,0.61,17.1,64.4,24.3,19.503,308.3,0.81
2025-06-24 22:15:00,2025-06-24,22:15:00,in,0.8,1310.8,0.0,24.4,7.955,339.5,1.36
2025-06-24 22:15:50,2025-06-24,22:15:50,out,0.3,17.1,64.4,24.3,19.503,314.3,0.77
2025-06-24 22:16:03,2025-06-24,22:16:03,in,0.49,1310.8,0.0,24.4,7.955,339.3,1.32
2025-06-24 22:16:54,2025-06-24,22:16:54,out,0.03,17.1,64.4,24.3,19.503,345.9,0.52
2025-06-24 22:17:06,2025-06-24,22:17:06,in,0.75,1310.8,0.0,24.4,7.955,330.3,1.57
2025-06-24 22:17:57,2025-06-24,22:17:57,out,0.53,17.1,64.3,24.3,19.489,64.4,0.56
2025-06-24 22:18:10,2025-06-24,22:18:10,in,0.73,1310.8,0.0,24.3,7.914,326.0,1.56
2025-06-24 22:19:00,2025-06-24,22:19:00,out,0.51,17.0,64.2,24.2,19.384,61.9,0.61
2025-06-24 22:19:14,2025-06-24,22:19:14,in,1.05,1310.8,0.0,24.2,7.872,329.2,1.91
2025-06-24 22:20:04,2025-06-24,22:20:04,out,0.59,17.0,64.2,24.2,19.384,36.9,0.65
2025-06-24 22:20:17,2025-06-24,22:20:17,in,1.1,1310.8,0.0,24.1,7.831,323.1,1.84
2025-06-24 22:21:08,2025-06-24,22:21:08,out,0.78,17.0,64.3,24.2,19.398,14.1,0.85
2025-06-24 22:21:21,2025-06-24,22:21:21,in,1.11,1310.8,0.0,24.0,7.789,318.5,1.48
2025-06-24 22:22:11,2025-06-24,22:22:11,out,0.63,17.0,64.5,24.2,19.426,350.6,0.75
2025-06-24 22:22:24,2025-06-24,22:22:24,in,0.69,1310.8,0.0,24.0,7.789,331.9,1.36
2025-06-24 22:23:14,2025-06-24,22:23:14,out,0.47,17.1,64.6,24.2,19.44,354.3,0.67
2025-06-24 22:23:28,2025-06-24,22:23:28,in,0.8,1310.8,0.0,23.9,7.748,327.2,1.73
2025-06-24 22:24:18,2025-06-24,22:24:18,out,0.31,17.0,64.6,24.1,19.349,14.0,0.43
2025-06-24 22:24:32,2025-06-24,22:24:32,in,0.93,1310.8,0.0,23.8,7.706,325.1,1.56
2025-06-24 22:25:22,2025-06-24,22:25:22,out,0.24,17.0,64.7,24.1,19.363,11.5,0.42
2025-06-24 22:25:35,2025-06-24,22:25:35,in,0.55,1310.8,0.0,23.8,7.706,312.5,1.55
2025-06-24 22:26:25,2025-06-24,22:26:25,out,0.49,17.0,64.6,24.1,19.349,251.1,0.73
2025-06-24 22:26:38,2025-06-24,22:26:38,in,1.17,1310.8,0.0,23.8,7.706,315.1,1.53
2025-06-24 22:27:28,2025-06-24,22:27:28,out,0.68,17.0,64.7,24.1,19.363,218.0,0.8
2025-06-24 22:27:42,2025-06-24,22:27:42,in,1.09,1310.8,0.0,23.8,7.706,327.1,2.03
2025-06-24 22:28:32,2025-06-24,22:28:32,out,0.26,17.0,64.8,24.0,19.285,239.9,0.71
2025-06-24 22:28:46,2025-06-24,22:28:46,in,0.91,1310.8,0.0,23.8,7.706,326.8,1.36
2025-06-24 22:29:36,2025-06-24,22:29:36,out,0.27,17.0,64.8,24.0,19.285,310.9,0.47
2025-06-24 22:29:49,2025-06-24,22:29:49,in,0.99,1310.8,0.0,23.8,7.706,328.6,1.32
2025-06-24 22:30:39,2025-06-24,22:30:39,out,0.6,17.0,64.9,24.0,19.299,325.5,0.64
2025-06-24 22:30:52,2025-06-24,22:30:52,in,1.16,1310.8,0.0,23.8,7.706,326.9,1.73
2025-06-24 22:31:42,2025-06-24,22:31:42,out,0.63,17.0,65.2,24.0,19.341,334.0,0.8
2025-06-24 22:31:56,2025-06-24,22:31:56,in,0.65,1310.8,0.0,23.8,7.706,328.9,1.61
2025-06-24 22:32:46,2025-06-24,22:32:46,out,0.51,17.0,65.3,24.0,19.355,29.9,0.76
2025-06-24 22:33:00,2025-06-24,22:33:00,in,0.99,1310.8,0.0,23.7,7.665,328.5,2.27
2025-06-24 22:33:50,2025-06-24,22:33:50,out,0.55,17.0,65.3,23.9,19.263,53.8,0.76
2025-06-24 22:34:03,2025-06-24,22:34:03,in,0.87,1310.8,0.0,23.7,7.665,318.1,1.27
2025-06-24 22:34:53,2025-06-24,22:34:53,out,0.83,17.0,65.3,23.9,19.263,41.2,0.89
2025-06-24 22:35:06,2025-06-24,22:35:06,in,1.03,1310.8,0.0,23.6,7.623,319.5,1.95
2025-06-24 22:35:56,2025-06-24,22:35:56,out,0.72,17.0,65.4,23.9,19.277,7.2,0.76
2025-06-24 22:36:10,2025-06-24,22:36:10,in,1.49,1310.8,0.0,23.6,7.623,322.7,2.16
2025-06-24 22:37:00,2025-06-24,22:37:00,out,0.89,16.9,65.4,23.8,19.186,11.1,0.92
2025-06-24 22:37:14,2025-06-24,22:37:14,in,0.95,1310.8,0.0,23.5,7.582,329.9,1.64
2025-06-24 22:38:04,2025-06-24,22:38:04,out,0.83,17.0,65.6,23.8,19.214,7.7,0.96
2025-06-24 22:38:17,2025-06-24,22:38:17,in,0.91,1310.8,0.0,23.5,7.582,327.1,1.29
2025-06-24 22:39:07,2025-06-24,22:39:07,out,0.51,17.0,65.9,23.8,19.255,336.4,1.16
2025-06-24 22:39:20,2025-06-24,22:39:20,in,0.55,1310.8,0.0,23.5,7.582,346.7,1.34
2025-06-24 22:40:10,2025-06-24,22:40:10,out,0.4,17.0,66.0,23.7,19.177,338.0,0.77
2025-06-24 22:40:24,2025-06-24,22:40:24,in,0.7,1310.8,0.0,23.5,7.582,332.4,1.64
2025-06-24 22:41:14,2025-06-24,22:41:14,out,1.04,17.0,66.2,23.7,19.205,359.2,1.13
2025-06-24 22:41:28,2025-06-24,22:41:28,in,1.07,1310.8,0.0,23.5,7.582,328.5,1.66
2025-06-24 22:42:18,2025-06-24,22:42:18,out,0.98,17.0,66.4,23.7,19.233,5.5,1.19
2025-06-24 22:42:31,2025-06-24,22:42:31,in,1.07,1310.8,0.0,23.5,7.582,323.7,1.91
2025-06-24 22:43:21,2025-06-24,22:43:21,out,1.01,17.1,66.6,23.7,19.26,9.0,1.19
2025-06-24 22:43:34,2025-06-24,22:43:34,in,1.04,1310.8,0.0,23.5,7.582,329.0,1.5
2025-06-24 22:44:24,2025-06-24,22:44:24,out,1.01,17.2,66.9,23.7,19.302,7.6,1.17
2025-06-24 22:44:38,2025-06-24,22:44:38,in,0.52,1310.8,0.0,23.5,7.582,359.3,1.83
2025-06-24 22:45:28,2025-06-24,22:45:28,out,0.29,17.1,67.1,23.6,19.237,5.0,1.14
2025-06-24 22:45:42,2025-06-24,22:45:42,in,1.03,1310.8,0.0,23.5,7.582,319.9,1.51
2025-06-24 22:46:32,2025-06-24,22:46:32,out,0.97,17.1,67.1,23.6,19.237,19.0,1.04
2025-06-24 22:46:45,2025-06-24,22:46:45,in,0.69,1310.8,0.0,23.5,7.582,337.1,1.58
2025-06-24 22:47:35,2025-06-24,22:47:35,out,0.79,17.1,67.2,23.6,19.251,46.6,0.98
2025-06-24 22:47:48,2025-06-24,22:47:48,in,1.29,1310.8,0.0,23.4,7.54,321.6,1.63
2025-06-24 22:48:38,2025-06-24,22:48:38,out,0.43,17.2,67.3,23.6,19.265,23.5,0.6
2025-06-24 22:48:52,2025-06-24,22:48:52,in,1.77,1310.8,0.0,23.4,7.54,318.0,2.26
2025-06-24 22:49:42,2025-06-24,22:49:42,out,0.55,17.1,67.3,23.5,19.173,87.7,0.76
2025-06-24 22:49:56,2025-06-24,22:49:56,in,0.9,1310.8,0.0,23.4,7.54,333.3,1.86
2025-06-24 22:50:46,2025-06-24,22:50:46,out,0.41,17.1,67.3,23.5,19.173,71.9,0.72
2025-06-24 22:50:59,2025-06-24,22:50:59,in,1.33,1310.8,0.0,23.4,7.54,325.3,1.72
2025-06-24 22:51:49,2025-06-24,22:51:49,out,0.59,17.1,67.3,23.5,19.173,14.6,0.74
2025-06-24 22:52:02,2025-06-24,22:52:02,in,0.9,1310.8,0.0,23.3,7.499,316.8,1.81
2025-06-24 22:52:52,2025-06-24,22:52:52,out,1.1,17.0,67.4,23.4,19.094,6.7,1.21
2025-06-24 22:53:06,2025-06-24,22:53:06,in,0.93,1310.8,0.0,23.3,7.499,331.4,2.16
2025-06-24 22:53:56,2025-06-24,22:53:56,out,0.74,17.0,67.6,23.4,19.121,26.8,1.04
2025-06-24 22:54:10,2025-06-24,22:54:10,in,1.26,1310.8,0.0,23.3,7.499,319.9,1.73
2025-06-24 22:55:00,2025-06-24,22:55:00,out,0.13,17.0,67.6,23.4,19.121,319.2,0.79
2025-06-24 22:55:14,2025-06-24,22:55:14,in,1.75,,,1310.8,,23.4,0.0
2025-06-24 22:56:03,2025-06-24,22:56:03,out,0.35,17.0,67.6,23.4,19.121,11.6,0.69
2025-06-24 22:56:16,2025-06-24,22:56:16,in,1.33,1310.8,0.0,23.4,7.54,318.8,2.49
2025-06-24 22:57:06,2025-06-24,22:57:06,out,0.78,17.0,67.6,23.4,19.121,41.9,0.89
2025-06-24 22:57:20,2025-06-24,22:57:20,in,1.48,1310.8,0.0,23.4,7.54,316.4,2.05
2025-06-24 22:58:10,2025-06-24,22:58:10,out,0.71,17.0,67.6,23.3,19.029,46.0,0.89
2025-06-24 22:58:24,2025-06-24,22:58:24,in,1.49,1310.8,0.0,23.4,7.54,317.1,2.32
2025-06-24 22:59:14,2025-06-24,22:59:14,out,0.71,17.0,67.6,23.3,19.029,51.1,0.79
2025-06-24 22:59:27,2025-06-24,22:59:27,in,1.05,1310.8,0.0,23.3,7.499,326.9,2.17
2025-06-24 23:00:17,2025-06-24,23:00:17,out,0.78,17.0,67.6,23.3,19.029,42.7,1.2
2025-06-24 23:00:31,2025-06-24,23:00:31,in,1.12,1310.8,0.0,23.3,7.499,322.7,2.03
2025-06-24 23:01:20,2025-06-24,23:01:20,out,0.82,17.0,67.7,23.3,19.043,20.5,1.18
2025-06-24 23:01:34,2025-06-24,23:01:34,in,0.83,1310.8,0.0,23.3,7.499,334.5,1.97
2025-06-24 23:02:24,2025-06-24,23:02:24,out,0.88,17.0,67.7,23.3,19.043,57.3,1.12
2025-06-24 23:02:38,2025-06-24,23:02:38,in,1.11,1310.8,0.0,23.3,7.499,313.9,1.49
2025-06-24 23:03:28,2025-06-24,23:03:28,out,1.07,16.9,67.8,23.2,18.964,55.9,1.17
2025-06-24 23:03:42,2025-06-24,23:03:42,in,0.92,1310.8,0.0,23.3,7.499,330.0,1.73
2025-06-24 23:04:31,2025-06-24,23:04:31,out,1.01,16.9,67.8,23.2,18.964,56.5,1.2
2025-06-24 23:04:45,2025-06-24,23:04:45,in,0.75,1310.8,0.0,23.2,7.457,324.3,1.4
2025-06-24 23:05:34,2025-06-24,23:05:34,out,1.14,17.0,67.9,23.2,18.977,62.5,1.2
2025-06-24 23:05:48,2025-06-24,23:05:48,in,0.76,1310.8,0.0,23.2,7.457,315.4,1.5
2025-06-24 23:06:38,2025-06-24,23:06:38,out,1.03,17.0,67.9,23.2,18.977,63.6,1.16
2025-06-24 23:06:52,2025-06-24,23:06:52,in,1.08,1310.8,0.0,23.2,7.457,309.0,1.78
2025-06-24 23:07:42,2025-06-24,23:07:42,out,1.07,17.0,67.9,23.2,18.977,59.9,1.23
2025-06-24 23:07:56,2025-06-24,23:07:56,in,0.46,1310.8,0.0,23.2,7.457,337.4,1.67
2025-06-24 23:08:45,2025-06-24,23:08:45,out,1.08,17.0,67.9,23.2,18.977,63.3,1.23
2025-06-24 23:08:59,2025-06-24,23:08:59,in,1.01,1310.8,0.0,23.1,7.416,332.1,1.29
2025-06-24 23:09:48,2025-06-24,23:09:48,out,1.15,16.8,67.8,23.1,18.871,61.8,1.32
2025-06-24 23:10:02,2025-06-24,23:10:02,in,0.78,1310.8,0.0,23.1,7.416,327.9,1.6
2025-06-24 23:10:52,2025-06-24,23:10:52,out,1.04,16.8,67.7,23.1,18.858,62.0,1.22
2025-06-24 23:11:06,2025-06-24,23:11:06,in,1.36,1310.8,0.0,23.1,7.416,314.4,2.06
2025-06-24 23:11:56,2025-06-24,23:11:56,out,0.96,16.8,67.8,23.1,18.871,53.9,1.24
2025-06-24 23:12:10,2025-06-24,23:12:10,in,1.34,1310.8,0.0,23.0,7.374,318.8,1.73
2025-06-24 23:12:59,2025-06-24,23:12:59,out,0.91,16.8,67.8,23.1,18.871,62.3,1.09
2025-06-24 23:13:13,2025-06-24,23:13:13,in,0.93,1310.8,0.0,23.0,7.374,327.1,2.29
2025-06-24 23:14:02,2025-06-24,23:14:02,out,0.87,16.8,67.7,23.1,18.858,75.5,1.07
2025-06-24 23:14:16,2025-06-24,23:14:16,in,1.27,1310.8,0.0,23.0,7.374,322.0,1.64
2025-06-24 23:15:06,2025-06-24,23:15:06,out,0.76,16.8,67.6,23.1,18.844,70.8,1.09
2025-06-24 23:15:20,2025-06-24,23:15:20,in,0.87,1310.8,0.0,23.0,7.374,330.9,1.84
2025-06-24 23:16:10,2025-06-24,23:16:10,out,0.79,16.8,67.5,23.1,18.831,67.4,1.09
2025-06-24 23:16:24,2025-06-24,23:16:24,in,1.28,1310.8,0.0,23.0,7.374,311.6,1.88
2025-06-24 23:17:13,2025-06-24,23:17:13,out,0.3,16.6,67.5,23.0,18.738,62.8,0.69
2025-06-24 23:17:27,2025-06-24,23:17:27,in,1.09,1310.8,0.0,23.0,7.374,319.8,1.59
2025-06-24 23:18:16,2025-06-24,23:18:16,out,0.43,16.6,67.4,23.0,18.725,29.7,0.74
2025-06-24 23:18:30,2025-06-24,23:18:30,in,1.1,1310.8,0.0,23.1,7.416,320.1,1.59
2025-06-24 23:19:20,2025-06-24,23:19:20,out,0.35,16.6,67.4,23.0,18.725,354.4,0.48
2025-06-24 23:19:34,2025-06-24,23:19:34,in,1.0,1310.8,0.0,23.1,7.416,322.8,1.48
2025-06-24 23:20:24,2025-06-24,23:20:24,out,0.3,16.6,67.4,23.0,18.725,68.5,0.49
2025-06-24 23:20:38,2025-06-24,23:20:38,in,0.97,1310.8,0.0,23.1,7.416,322.7,1.4
2025-06-24 23:21:27,2025-06-24,23:21:27,out,0.46,16.6,67.4,23.0,18.725,43.9,0.63
2025-06-24 23:21:41,2025-06-24,23:21:41,in,0.94,1310.8,0.0,23.1,7.416,329.1,1.93
2025-06-24 23:22:30,2025-06-24,23:22:30,out,0.62,16.6,67.3,23.0,18.711,66.8,0.68
2025-06-24 23:22:44,2025-06-24,23:22:44,in,1.18,1310.8,0.0,23.1,7.416,329.5,2.05
2025-06-24 23:23:34,2025-06-24,23:23:34,out,0.9,16.5,67.2,22.9,18.605,67.2,0.98
2025-06-24 23:23:48,2025-06-24,23:23:48,in,1.01,1310.8,0.0,23.1,7.416,322.0,1.5
2025-06-24 23:24:38,2025-06-24,23:24:38,out,0.72,16.4,67.1,22.9,18.592,59.3,0.89
2025-06-24 23:24:52,2025-06-24,23:24:52,in,1.32,1310.8,0.0,23.1,7.416,320.1,2.32
2025-06-24 23:25:41,2025-06-24,23:25:41,out,0.52,16.4,67.0,22.9,18.578,42.5,0.92
2025-06-24 23:25:55,2025-06-24,23:25:55,in,1.28,1310.8,0.0,23.1,7.416,323.8,2.15
2025-06-24 23:26:44,2025-06-24,23:26:44,out,0.63,16.4,67.0,22.9,18.578,47.5,0.74
2025-06-24 23:26:58,2025-06-24,23:26:58,in,1.17,1310.8,0.0,23.2,7.457,323.0,2.54
2025-06-24 23:27:48,2025-06-24,23:27:48,out,0.68,16.4,67.0,22.9,18.578,43.2,0.77
2025-06-24 23:28:02,2025-06-24,23:28:02,in,1.32,1310.8,0.0,23.2,7.457,317.4,2.3
2025-06-24 23:28:52,2025-06-24,23:28:52,out,0.64,16.4,67.0,22.9,18.578,48.2,0.86
2025-06-24 23:29:06,2025-06-24,23:29:06,in,1.72,1310.8,0.0,23.2,7.457,321.3,2.33
2025-06-24 23:29:55,2025-06-24,23:29:55,out,0.6,16.4,67.0,22.9,18.578,41.3,0.76
2025-06-24 23:30:09,2025-06-24,23:30:09,in,1.72,1310.8,0.0,23.2,7.457,316.6,2.29
2025-06-24 23:30:58,2025-06-24,23:30:58,out,0.48,16.4,67.0,22.9,18.578,48.7,0.66
2025-06-24 23:31:12,2025-06-24,23:31:12,in,1.59,1310.8,0.0,23.2,7.457,322.1,2.47
2025-06-24 23:32:02,2025-06-24,23:32:02,out,0.55,16.4,67.0,22.9,18.578,65.8,0.61
2025-06-24 23:32:16,2025-06-24,23:32:16,in,1.31,1310.8,0.0,23.2,7.457,312.3,2.12
2025-06-24 23:33:06,2025-06-24,23:33:06,out,0.66,16.4,67.0,22.9,18.578,70.5,0.72
2025-06-24 23:33:20,2025-06-24,23:33:20,in,1.15,1310.8,0.0,23.1,7.416,318.2,1.93
2025-06-24 23:34:09,2025-06-24,23:34:09,out,0.72,16.4,66.9,22.9,18.564,66.3,0.84
2025-06-24 23:34:23,2025-06-24,23:34:23,in,0.86,1310.8,0.0,23.1,7.416,320.4,1.93
2025-06-24 23:35:12,2025-06-24,23:35:12,out,0.59,16.4,66.9,22.9,18.564,62.2,0.76
2025-06-24 23:35:26,2025-06-24,23:35:26,in,1.33,1310.8,0.0,23.1,7.416,319.8,1.85
2025-06-24 23:36:16,2025-06-24,23:36:16,out,0.72,16.4,67.0,22.9,18.578,56.2,0.8
2025-06-24 23:36:30,2025-06-24,23:36:30,in,1.36,1310.8,0.0,23.1,7.416,311.9,2.35
2025-06-24 23:37:20,2025-06-24,23:37:20,out,0.58,16.4,67.0,22.9,18.578,32.0,0.89
2025-06-24 23:37:34,2025-06-24,23:37:34,in,1.01,1310.8,0.0,23.1,7.416,317.8,2.1
2025-06-24 23:38:23,2025-06-24,23:38:23,out,0.56,16.4,66.9,22.9,18.564,346.9,0.74
2025-06-24 23:38:37,2025-06-24,23:38:37,in,0.78,1310.8,0.0,23.1,7.416,318.1,1.88
2025-06-24 23:39:26,2025-06-24,23:39:26,out,0.64,16.4,67.0,22.9,18.578,330.4,1.06
2025-06-24 23:39:40,2025-06-24,23:39:40,in,1.41,1310.8,0.0,23.1,7.416,316.8,1.94
2025-06-24 23:40:30,2025-06-24,23:40:30,out,0.44,16.4,66.9,22.9,18.564,8.5,0.64
2025-06-24 23:40:44,2025-06-24,23:40:44,in,1.2,1310.8,0.0,23.1,7.416,322.3,1.7
2025-06-24 23:41:34,2025-06-24,23:41:34,out,0.7,16.4,66.8,22.9,18.551,33.8,0.75
2025-06-24 23:41:48,2025-06-24,23:41:48,in,0.84,1310.8,0.0,23.1,7.416,329.7,1.57
2025-06-24 23:42:37,2025-06-24,23:42:37,out,0.3,16.4,66.9,22.9,18.564,353.7,0.7
2025-06-24 23:42:51,2025-06-24,23:42:51,in,0.88,1310.8,0.0,23.1,7.416,324.5,1.48
2025-06-24 23:43:40,2025-06-24,23:43:40,out,0.17,16.4,66.9,22.9,18.564,5.3,0.42
2025-06-24 23:43:54,2025-06-24,23:43:54,in,1.5,1310.8,0.0,23.0,7.374,317.2,1.96
2025-06-24 23:44:44,2025-06-24,23:44:44,out,0.27,16.4,66.9,22.9,18.564,59.3,0.35
2025-06-24 23:44:58,2025-06-24,23:44:58,in,1.42,1310.8,0.0,23.0,7.374,321.2,1.99
2025-06-24 23:45:48,2025-06-24,23:45:48,out,0.46,16.4,66.8,22.9,18.551,62.2,0.55
2025-06-24 23:46:02,2025-06-24,23:46:02,in,1.17,1310.8,0.0,23.0,7.374,326.3,1.98
2025-06-24 23:46:51,2025-06-24,23:46:51,out,0.54,16.4,66.8,22.9,18.551,49.2,0.62
2025-06-24 23:47:05,2025-06-24,23:47:05,in,1.31,1310.8,0.0,22.9,7.333,322.2,1.95
2025-06-24 23:47:54,2025-06-24,23:47:54,out,0.55,16.3,66.7,22.9,18.537,36.8,0.59
2025-06-24 23:48:08,2025-06-24,23:48:08,in,0.97,1310.8,0.0,22.9,7.333,324.6,1.64
2025-06-24 23:48:58,2025-06-24,23:48:58,out,0.56,16.4,66.8,22.9,18.551,37.8,0.64
2025-06-24 23:49:12,2025-06-24,23:49:12,in,1.22,1310.8,0.0,22.9,7.333,322.8,2.0
2025-06-24 23:50:02,2025-06-24,23:50:02,out,0.35,16.3,66.7,22.9,18.537,204.8,0.62
2025-06-24 23:50:16,2025-06-24,23:50:16,in,1.14,1310.8,0.0,22.9,7.333,324.8,1.7
2025-06-24 23:51:05,2025-06-24,23:51:05,out,0.34,16.3,66.7,22.8,18.445,157.9,0.61
2025-06-24 23:51:20,2025-06-24,23:51:20,in,0.92,1310.8,0.0,23.0,7.374,324.0,2.31
2025-06-24 23:52:09,2025-06-24,23:52:09,out,0.08,16.3,66.8,22.8,18.459,173.9,0.29
2025-06-24 23:52:22,2025-06-24,23:52:22,in,1.28,1310.8,0.0,23.0,7.374,325.8,1.8
2025-06-24 23:53:12,2025-06-24,23:53:12,out,0.21,16.3,66.8,22.8,18.459,268.6,0.25
2025-06-24 23:53:26,2025-06-24,23:53:26,in,0.87,1310.8,0.0,23.0,7.374,324.7,1.8
2025-06-24 23:54:16,2025-06-24,23:54:16,out,0.27,16.3,66.7,22.8,18.445,323.3,0.33
2025-06-24 23:54:29,2025-06-24,23:54:29,in,0.15,,,,,,1.67
2025-06-24 23:55:20,2025-06-24,23:55:20,out,0.31,16.3,66.7,22.8,18.445,300.0,0.35
2025-06-24 23:56:24,2025-06-24,23:56:24,out,0.38,,,16.3,,22.8,6.68
2025-06-24 23:57:26,2025-06-24,23:57:26,out,0.32,16.3,66.8,22.8,18.459,301.8,0.4
2025-06-24 23:58:30,2025-06-24,23:58:30,out,0.38,16.3,66.9,22.8,18.472,307.8,0.45
2025-06-24 23:59:34,2025-06-24,23:59:34,out,0.47,16.2,66.9,22.7,18.38,294.3,0.49
