datetime,date,hour,id_meteo_station,Velocità del vento,dew_point,humidity,temperature,wet_bulb,wind_dir,wind_gust
2025-09-21 00:00:00,2025-09-21,00:00:00,out,0.98,19.9,100.0,19.9,19.911,76.7,1.45
2025-09-21 00:00:06,2025-09-21,00:00:06,in,1.46,1310.8,0.0,20.0,6.129,323.6,1.94
2025-09-21 00:01:04,2025-09-21,00:01:04,out,0.44,19.9,100.0,19.9,19.911,93.6,1.42
2025-09-21 00:01:09,2025-09-21,00:01:09,in,1.26,1310.8,0.0,20.0,6.129,320.0,2.16
2025-09-21 00:02:08,2025-09-21,00:02:08,out,0.6,19.9,100.0,19.9,19.911,76.3,1.24
2025-09-21 00:02:12,2025-09-21,00:02:12,in,1.36,1310.8,0.0,20.0,6.129,312.9,2.29
2025-09-21 00:03:11,2025-09-21,00:03:11,out,1.11,19.9,100.0,19.9,19.911,65.6,1.25
2025-09-21 00:03:16,2025-09-21,00:03:16,in,1.04,1310.8,0.0,20.0,6.129,322.6,1.81
2025-09-21 00:04:15,2025-09-21,00:04:15,out,0.88,19.9,100.0,19.9,19.911,70.9,1.2
2025-09-21 00:04:20,2025-09-21,00:04:20,in,1.27,1310.8,0.0,19.9,6.087,317.1,2.06
2025-09-21 00:05:18,2025-09-21,00:05:18,out,0.84,19.9,100.0,19.9,19.911,77.0,1.09
2025-09-21 00:05:23,2025-09-21,00:05:23,in,0.16,1310.8,0.0,20.0,6.129,36.3,1.85
2025-09-21 00:06:22,2025-09-21,00:06:22,out,0.61,19.9,100.0,19.9,19.911,67.6,1.04
2025-09-21 00:06:26,2025-09-21,00:06:26,in,0.13,1310.8,0.0,20.0,6.129,111.3,0.39
2025-09-21 00:07:25,2025-09-21,00:07:25,out,0.61,19.8,100.0,19.8,19.81,77.9,0.86
2025-09-21 00:07:30,2025-09-21,00:07:30,in,0.22,1310.8,0.0,20.0,6.129,115.0,0.35
2025-09-21 00:08:29,2025-09-21,00:08:29,out,0.67,19.8,100.0,19.8,19.81,79.5,1.01
2025-09-21 00:08:34,2025-09-21,00:08:34,in,1.17,1310.8,0.0,20.1,6.17,323.5,1.67
2025-09-21 00:09:32,2025-09-21,00:09:32,out,0.62,19.8,100.0,19.8,19.81,58.9,0.94
2025-09-21 00:09:37,2025-09-21,00:09:37,in,0.98,1310.8,0.0,20.1,6.17,326.1,1.99
2025-09-21 00:10:36,2025-09-21,00:10:36,out,0.93,19.8,100.0,19.8,19.81,79.1,1.23
2025-09-21 00:10:40,2025-09-21,00:10:40,in,1.27,1310.8,0.0,20.1,6.17,314.9,1.92
2025-09-21 00:11:40,2025-09-21,00:11:40,out,0.65,19.8,100.0,19.8,19.81,73.7,1.15
2025-09-21 00:11:44,2025-09-21,00:11:44,in,1.1,1310.8,0.0,20.0,6.129,325.9,1.97
2025-09-21 00:12:43,2025-09-21,00:12:43,out,0.83,19.8,100.0,19.8,19.81,68.3,1.12
2025-09-21 00:12:48,2025-09-21,00:12:48,in,0.81,1310.8,0.0,20.0,6.129,329.9,1.9
2025-09-21 00:13:46,2025-09-21,00:13:46,out,0.88,19.8,100.0,19.8,19.81,62.7,1.15
2025-09-21 00:13:51,2025-09-21,00:13:51,in,0.26,1310.8,0.0,20.0,6.129,27.2,1.52
2025-09-21 00:14:50,2025-09-21,00:14:50,out,0.95,19.8,100.0,19.8,19.81,73.8,1.29
2025-09-21 00:14:54,2025-09-21,00:14:54,in,0.09,1310.8,0.0,20.0,6.129,90.2,0.28
2025-09-21 00:15:54,2025-09-21,00:15:54,out,1.21,19.8,100.0,19.8,19.81,56.8,1.66
2025-09-21 00:15:58,2025-09-21,00:15:58,in,0.19,1310.8,0.0,20.0,6.129,90.7,1.53
2025-09-21 00:16:57,2025-09-21,00:16:57,out,0.59,19.8,100.0,19.8,19.81,90.3,1.12
2025-09-21 00:17:02,2025-09-21,00:17:02,in,0.74,1310.8,0.0,20.1,6.17,332.3,1.83
2025-09-21 00:18:00,2025-09-21,00:18:00,out,1.04,19.8,100.0,19.8,19.81,70.3,1.21
2025-09-21 00:18:05,2025-09-21,00:18:05,in,0.79,1310.8,0.0,20.1,6.17,320.3,1.58
2025-09-21 00:19:04,2025-09-21,00:19:04,out,0.92,19.8,100.0,19.8,19.81,92.6,1.12
2025-09-21 00:19:08,2025-09-21,00:19:08,in,0.78,1310.8,0.0,20.0,6.129,319.3,1.9
2025-09-21 00:20:08,2025-09-21,00:20:08,out,0.46,19.8,100.0,19.8,19.81,88.0,1.24
2025-09-21 00:20:12,2025-09-21,00:20:12,in,1.75,1310.8,0.0,20.0,6.129,323.2,2.19
2025-09-21 00:21:11,2025-09-21,00:21:11,out,0.84,19.7,100.0,19.7,19.709,91.2,0.94
2025-09-21 00:21:16,2025-09-21,00:21:16,in,1.27,1310.8,0.0,20.0,6.129,320.9,2.32
2025-09-21 00:22:14,2025-09-21,00:22:14,out,0.7,19.7,100.0,19.7,19.709,80.0,1.01
2025-09-21 00:22:19,2025-09-21,00:22:19,in,0.05,1310.8,0.0,20.0,6.129,351.8,1.14
2025-09-21 00:23:18,2025-09-21,00:23:18,out,0.53,19.7,100.0,19.7,19.709,74.1,1.21
2025-09-21 00:23:22,2025-09-21,00:23:22,in,0.18,1310.8,0.0,20.0,6.129,117.7,0.33
2025-09-21 00:24:22,2025-09-21,00:24:22,out,0.44,19.7,100.0,19.7,19.709,43.9,1.49
2025-09-21 00:24:26,2025-09-21,00:24:26,in,0.1,1310.8,0.0,20.1,6.17,101.4,0.32
2025-09-21 00:25:25,2025-09-21,00:25:25,out,1.03,19.7,100.0,19.7,19.709,87.9,1.18
2025-09-21 00:25:30,2025-09-21,00:25:30,in,0.23,1310.8,0.0,20.1,6.17,134.1,0.29
2025-09-21 00:26:28,2025-09-21,00:26:28,out,1.17,,,19.7,,19.7,10.0
2025-09-21 00:26:34,2025-09-21,00:26:34,in,1.39,,,1310.8,,20.1,0.0
2025-09-21 00:27:32,2025-09-21,00:27:32,out,0.65,19.7,100.0,19.7,19.709,80.6,1.2
2025-09-21 00:27:36,2025-09-21,00:27:36,in,1.53,1310.8,0.0,20.2,6.212,326.0,1.95
2025-09-21 00:28:36,2025-09-21,00:28:36,out,1.06,19.7,100.0,19.7,19.709,85.4,1.42
2025-09-21 00:28:40,2025-09-21,00:28:40,in,0.93,1310.8,0.0,20.1,6.17,324.7,2.34
2025-09-21 00:29:39,2025-09-21,00:29:39,out,1.06,19.7,100.0,19.7,19.709,97.3,1.32
2025-09-21 00:29:44,2025-09-21,00:29:44,in,0.98,1310.8,0.0,20.1,6.17,324.4,1.7
2025-09-21 00:30:42,2025-09-21,00:30:42,out,0.7,19.7,100.0,19.7,19.709,79.1,1.23
2025-09-21 00:30:47,2025-09-21,00:30:47,in,1.32,1310.8,0.0,20.1,6.17,329.8,1.85
2025-09-21 00:31:46,2025-09-21,00:31:46,out,0.61,19.7,100.0,19.7,19.709,111.0,1.18
2025-09-21 00:31:50,2025-09-21,00:31:50,in,1.32,1310.8,0.0,20.0,6.129,328.1,2.23
2025-09-21 00:32:50,2025-09-21,00:32:50,out,0.79,19.7,100.0,19.7,19.709,92.2,0.98
2025-09-21 00:32:54,2025-09-21,00:32:54,in,1.07,1310.8,0.0,20.0,6.129,329.7,1.93
2025-09-21 00:33:53,2025-09-21,00:33:53,out,0.43,19.7,100.0,19.7,19.709,70.8,1.22
2025-09-21 00:33:58,2025-09-21,00:33:58,in,0.93,1310.8,0.0,20.0,6.129,324.6,2.27
2025-09-21 00:34:56,2025-09-21,00:34:56,out,0.77,19.7,100.0,19.7,19.709,88.4,0.94
2025-09-21 00:35:01,2025-09-21,00:35:01,in,0.24,1310.8,0.0,20.0,6.129,115.2,1.95
2025-09-21 00:36:00,2025-09-21,00:36:00,out,0.79,19.7,100.0,19.7,19.709,76.7,1.03
2025-09-21 00:36:04,2025-09-21,00:36:04,in,0.18,1310.8,0.0,20.1,6.17,90.9,0.37
2025-09-21 00:37:04,2025-09-21,00:37:04,out,0.68,19.7,100.0,19.7,19.709,74.3,1.26
2025-09-21 00:37:08,2025-09-21,00:37:08,in,1.19,1310.8,0.0,20.1,6.17,326.7,2.13
2025-09-21 00:38:07,2025-09-21,00:38:07,out,0.46,19.7,100.0,19.7,19.709,84.2,1.03
2025-09-21 00:38:12,2025-09-21,00:38:12,in,1.19,1310.8,0.0,20.1,6.17,326.1,1.68
2025-09-21 00:39:10,2025-09-21,00:39:10,out,0.64,19.7,100.0,19.7,19.709,90.9,0.98
2025-09-21 00:39:15,2025-09-21,00:39:15,in,1.1,1310.8,0.0,20.1,6.17,320.3,1.88
2025-09-21 00:40:14,2025-09-21,00:40:14,out,0.83,19.7,100.0,19.7,19.709,80.4,1.09
2025-09-21 00:40:18,2025-09-21,00:40:18,in,1.13,1310.8,0.0,20.0,6.129,338.4,2.05
2025-09-21 00:41:18,2025-09-21,00:41:18,out,1.14,19.7,100.0,19.7,19.709,85.1,1.35
2025-09-21 00:41:22,2025-09-21,00:41:22,in,1.13,1310.8,0.0,20.0,6.129,329.1,2.05
2025-09-21 00:42:22,2025-09-21,00:42:22,out,0.55,19.7,100.0,19.7,19.709,74.9,1.25
2025-09-21 00:42:26,2025-09-21,00:42:26,in,1.25,1310.8,0.0,20.0,6.129,330.2,1.9
2025-09-21 00:43:24,2025-09-21,00:43:24,out,0.47,19.7,100.0,19.7,19.709,64.7,0.71
2025-09-21 00:43:29,2025-09-21,00:43:29,in,0.96,1310.8,0.0,20.0,6.129,315.8,1.44
2025-09-21 00:44:28,2025-09-21,00:44:28,out,0.8,19.6,100.0,19.6,19.609,69.4,1.02
2025-09-21 00:44:32,2025-09-21,00:44:32,in,1.32,1310.8,0.0,20.0,6.129,317.6,1.86
2025-09-21 00:45:32,2025-09-21,00:45:32,out,0.75,19.6,100.0,19.6,19.609,39.1,0.88
2025-09-21 00:45:36,2025-09-21,00:45:36,in,1.05,1310.8,0.0,20.0,6.129,312.5,1.59
2025-09-21 00:46:36,2025-09-21,00:46:36,out,0.61,19.6,100.0,19.6,19.609,30.6,1.11
2025-09-21 00:46:40,2025-09-21,00:46:40,in,0.94,1310.8,0.0,20.0,6.129,325.4,1.9
2025-09-21 00:47:38,2025-09-21,00:47:38,out,0.43,19.6,100.0,19.6,19.609,31.5,0.69
2025-09-21 00:47:43,2025-09-21,00:47:43,in,0.84,1310.8,0.0,20.0,6.129,329.9,2.08
2025-09-21 00:48:42,2025-09-21,00:48:42,out,0.89,19.6,100.0,19.6,19.609,29.9,1.03
2025-09-21 00:48:46,2025-09-21,00:48:46,in,0.45,1310.8,0.0,19.9,6.087,331.9,1.71
2025-09-21 00:49:46,2025-09-21,00:49:46,out,0.83,19.6,100.0,19.6,19.609,53.1,1.11
2025-09-21 00:49:50,2025-09-21,00:49:50,in,0.51,,,1310.8,,19.9,0.0
2025-09-21 00:50:49,2025-09-21,00:50:49,out,0.41,19.6,100.0,19.6,19.609,53.2,1.06
2025-09-21 00:50:54,2025-09-21,00:50:54,in,0.29,1310.8,0.0,19.9,6.087,354.9,0.38
2025-09-21 00:51:52,2025-09-21,00:51:52,out,0.9,19.5,100.0,19.5,19.508,49.6,1.12
2025-09-21 00:51:57,2025-09-21,00:51:57,in,0.09,1310.8,0.0,20.0,6.129,3.4,0.3
2025-09-21 00:52:56,2025-09-21,00:52:56,out,0.65,19.5,100.0,19.5,19.508,78.8,1.38
2025-09-21 00:53:00,2025-09-21,00:53:00,in,0.12,1310.8,0.0,20.0,6.129,48.6,0.32
2025-09-21 00:54:00,2025-09-21,00:54:00,out,1.03,19.5,100.0,19.5,19.508,55.3,1.21
2025-09-21 00:54:04,2025-09-21,00:54:04,in,0.3,1310.8,0.0,20.0,6.129,338.3,0.35
2025-09-21 00:55:04,2025-09-21,00:55:04,out,0.75,19.5,100.0,19.5,19.508,55.1,1.17
2025-09-21 00:55:08,2025-09-21,00:55:08,in,0.23,1310.8,0.0,20.0,6.129,356.3,0.39
2025-09-21 00:56:07,2025-09-21,00:56:07,out,0.85,19.5,100.0,19.5,19.508,50.5,1.29
2025-09-21 00:56:11,2025-09-21,00:56:11,in,0.26,1310.8,0.0,20.0,6.129,343.5,0.34
2025-09-21 00:57:10,2025-09-21,00:57:10,out,1.19,19.5,100.0,19.5,19.508,72.9,1.36
2025-09-21 00:57:14,2025-09-21,00:57:14,in,0.09,1310.8,0.0,20.0,6.129,340.3,0.27
2025-09-21 00:58:14,2025-09-21,00:58:14,out,0.86,19.5,100.0,19.5,19.508,54.2,1.28
2025-09-21 00:58:18,2025-09-21,00:58:18,in,0.34,1310.8,0.0,20.0,6.129,359.5,0.41
2025-09-21 00:59:18,2025-09-21,00:59:18,out,1.38,19.4,100.0,19.4,19.407,53.1,1.58
2025-09-21 00:59:22,2025-09-21,00:59:22,in,0.22,1310.8,0.0,20.0,6.129,347.6,0.47
2025-09-21 01:00:21,2025-09-21,01:00:21,out,0.91,19.4,100.0,19.4,19.407,72.8,1.53
2025-09-21 01:00:25,2025-09-21,01:00:25,in,0.09,1310.8,0.0,20.0,6.129,1.5,0.27
2025-09-21 01:01:24,2025-09-21,01:01:24,out,0.52,19.4,100.0,19.4,19.407,40.2,0.73
2025-09-21 01:01:28,2025-09-21,01:01:28,in,0.14,1310.8,0.0,20.0,6.129,62.9,0.25
2025-09-21 01:02:28,2025-09-21,01:02:28,out,1.03,19.4,100.0,19.4,19.407,48.7,1.21
2025-09-21 01:02:32,2025-09-21,01:02:32,in,0.78,1310.8,0.0,20.0,6.129,338.7,1.81
2025-09-21 01:03:32,2025-09-21,01:03:32,out,0.79,19.4,100.0,19.4,19.407,55.0,1.35
2025-09-21 01:03:36,2025-09-21,01:03:36,in,0.97,1310.8,0.0,19.9,6.087,328.8,1.75
2025-09-21 01:04:35,2025-09-21,01:04:35,out,0.77,19.4,100.0,19.4,19.407,45.5,1.23
2025-09-21 01:04:39,2025-09-21,01:04:39,in,1.01,1310.8,0.0,19.8,6.046,311.3,1.86
2025-09-21 01:05:38,2025-09-21,01:05:38,out,0.39,19.4,100.0,19.4,19.407,41.4,1.2
2025-09-21 01:05:42,2025-09-21,01:05:42,in,0.33,1310.8,0.0,19.8,6.046,1.4,1.68
2025-09-21 01:06:42,2025-09-21,01:06:42,out,0.26,19.4,100.0,19.4,19.407,42.6,0.7
2025-09-21 01:06:46,2025-09-21,01:06:46,in,0.14,1310.8,0.0,19.8,6.046,17.4,0.55
2025-09-21 01:07:46,2025-09-21,01:07:46,out,0.97,19.3,100.0,19.3,19.307,62.7,1.13
2025-09-21 01:07:50,2025-09-21,01:07:50,in,0.29,1310.8,0.0,19.8,6.046,348.2,0.39
2025-09-21 01:08:49,2025-09-21,01:08:49,out,0.48,19.3,100.0,19.3,19.307,85.3,0.99
2025-09-21 01:08:53,2025-09-21,01:08:53,in,0.13,1310.8,0.0,19.8,6.046,321.5,0.49
2025-09-21 01:09:52,2025-09-21,01:09:52,out,0.9,19.3,100.0,19.3,19.307,37.2,1.06
2025-09-21 01:10:26,2025-09-21,01:10:26,in,0.3,1310.8,0.0,19.8,6.046,344.0,0.35
2025-09-21 01:10:54,2025-09-21,01:10:54,in,0.13,1310.8,0.0,19.9,6.046,353.0,0.33
2025-09-21 01:10:56,2025-09-21,01:10:56,out,0.4,19.3,100.0,19.3,19.307,72.7,1.04
2025-09-21 01:11:57,2025-09-21,01:11:57,in,0.26,1310.8,0.0,19.9,6.087,354.5,0.32
2025-09-21 01:12:00,2025-09-21,01:12:00,out,0.58,19.3,100.0,19.3,19.307,47.3,0.76
2025-09-21 01:13:00,2025-09-21,01:13:00,in,0.03,1310.8,0.0,19.9,6.087,334.8,0.23
2025-09-21 01:13:03,2025-09-21,01:13:03,out,0.7,19.3,100.0,19.3,19.307,64.4,0.94
2025-09-21 01:14:04,2025-09-21,01:14:04,in,0.1,1310.8,0.0,19.9,6.087,334.8,0.11
2025-09-21 01:14:06,2025-09-21,01:14:06,out,0.53,19.3,100.0,19.3,19.307,55.8,1.12
2025-09-21 01:15:08,2025-09-21,01:15:08,in,0.2,1310.8,0.0,19.9,6.087,14.5,0.32
2025-09-21 01:15:10,2025-09-21,01:15:10,out,0.59,19.2,100.0,19.2,19.206,49.9,0.82
2025-09-21 01:16:11,2025-09-21,01:16:11,in,0.05,1310.8,0.0,19.9,6.087,13.0,0.2
2025-09-21 01:16:14,2025-09-21,01:16:14,out,0.66,19.2,100.0,19.2,19.206,62.6,0.95
2025-09-21 01:17:14,2025-09-21,01:17:14,in,0.16,1310.8,0.0,19.9,6.087,13.0,0.23
2025-09-21 01:17:17,2025-09-21,01:17:17,out,0.83,19.2,100.0,19.2,19.206,57.1,1.07
2025-09-21 01:18:18,2025-09-21,01:18:18,in,0.13,1310.8,0.0,19.9,6.087,330.3,0.29
2025-09-21 01:18:20,2025-09-21,01:18:20,out,0.57,19.2,100.0,19.2,19.206,50.8,1.1
2025-09-21 01:19:22,2025-09-21,01:19:22,in,1.44,1310.8,0.0,19.8,6.046,324.3,2.09
2025-09-21 01:19:24,2025-09-21,01:19:24,out,0.81,19.2,100.0,19.2,19.206,46.5,1.08
2025-09-21 01:20:25,2025-09-21,01:20:25,in,1.35,1310.8,0.0,19.7,6.004,332.6,2.36
2025-09-21 01:20:28,2025-09-21,01:20:28,out,0.72,19.2,100.0,19.2,19.206,66.0,1.22
2025-09-21 01:21:28,2025-09-21,01:21:28,in,1.33,1310.8,0.0,19.6,5.963,321.8,2.22
2025-09-21 01:21:32,2025-09-21,01:21:32,out,0.64,19.1,100.0,19.1,19.105,49.4,1.03
2025-09-21 01:22:32,2025-09-21,01:22:32,in,0.18,1310.8,0.0,19.6,5.963,80.8,1.83
2025-09-21 01:22:35,2025-09-21,01:22:35,out,0.55,19.1,100.0,19.1,19.105,42.3,0.98
2025-09-21 01:23:36,2025-09-21,01:23:36,in,0.09,1310.8,0.0,19.6,5.963,80.8,0.19
2025-09-21 01:23:38,2025-09-21,01:23:38,out,0.78,19.1,100.0,19.1,19.105,69.9,1.01
2025-09-21 01:24:39,2025-09-21,01:24:39,in,0.2,1310.8,0.0,19.6,5.963,351.7,0.26
2025-09-21 01:24:42,2025-09-21,01:24:42,out,0.41,19.1,100.0,19.1,19.105,26.7,0.87
2025-09-21 01:25:42,2025-09-21,01:25:42,in,0.24,1310.8,0.0,19.7,6.004,338.5,0.32
2025-09-21 01:25:46,2025-09-21,01:25:46,out,0.88,19.1,100.0,19.1,19.105,66.5,1.0
2025-09-21 01:26:46,2025-09-21,01:26:46,in,0.33,1310.8,0.0,19.7,6.004,322.2,0.43
2025-09-21 01:26:49,2025-09-21,01:26:49,out,1.12,19.1,100.0,19.1,19.105,52.3,1.3
2025-09-21 01:27:50,2025-09-21,01:27:50,in,0.09,1310.8,0.0,19.7,6.004,342.7,0.42
2025-09-21 01:27:52,2025-09-21,01:27:52,out,1.04,19.1,100.0,19.1,19.105,49.4,1.38
2025-09-21 01:28:53,2025-09-21,01:28:53,in,0.09,1310.8,0.0,19.7,6.004,342.7,0.23
2025-09-21 01:28:56,2025-09-21,01:28:56,out,1.36,19.1,100.0,19.1,19.105,53.6,1.65
2025-09-21 01:29:56,2025-09-21,01:29:56,in,0.08,,,1310.8,,342.7,0.15
2025-09-21 01:30:00,2025-09-21,01:30:00,out,0.59,19.0,100.0,19.0,19.004,53.9,1.22
2025-09-21 01:31:00,2025-09-21,01:31:00,in,0.15,1310.8,0.0,19.7,6.004,342.7,0.21
2025-09-21 01:31:03,2025-09-21,01:31:03,out,0.47,19.0,100.0,19.0,19.004,40.1,1.09
2025-09-21 01:32:04,2025-09-21,01:32:04,in,0.43,1310.8,0.0,19.7,6.004,331.1,0.52
2025-09-21 01:32:06,2025-09-21,01:32:06,out,0.52,19.0,100.0,19.0,19.004,22.4,0.95
2025-09-21 01:33:07,2025-09-21,01:33:07,in,0.45,1310.8,0.0,19.7,6.004,328.2,0.5
2025-09-21 01:33:10,2025-09-21,01:33:10,out,0.95,19.0,100.0,19.0,19.004,2.2,1.15
2025-09-21 01:34:10,2025-09-21,01:34:10,in,0.24,1310.8,0.0,19.7,6.004,346.1,0.74
2025-09-21 01:34:14,2025-09-21,01:34:14,out,0.33,19.0,100.0,19.0,19.004,52.0,0.99
2025-09-21 01:35:14,2025-09-21,01:35:14,in,0.24,1310.8,0.0,19.7,6.004,7.6,0.45
2025-09-21 01:35:17,2025-09-21,01:35:17,out,0.76,18.9,100.0,18.9,18.904,36.3,1.12
2025-09-21 01:36:18,2025-09-21,01:36:18,in,1.14,1310.8,0.0,19.6,5.963,329.8,1.99
2025-09-21 01:36:20,2025-09-21,01:36:20,out,1.66,18.9,100.0,18.9,18.904,62.9,1.79
2025-09-21 01:37:21,2025-09-21,01:37:21,in,1.59,1310.8,0.0,19.4,5.879,322.3,2.44
2025-09-21 01:37:24,2025-09-21,01:37:24,out,1.27,19.0,100.0,19.0,19.004,49.5,1.75
2025-09-21 01:38:24,2025-09-21,01:38:24,in,1.11,1310.8,0.0,19.3,5.838,320.5,1.86
2025-09-21 01:38:28,2025-09-21,01:38:28,out,0.67,19.0,100.0,19.0,19.004,18.6,1.6
2025-09-21 01:39:28,2025-09-21,01:39:28,in,0.4,1310.8,0.0,19.3,5.838,343.1,1.5
2025-09-21 01:39:31,2025-09-21,01:39:31,out,1.19,18.9,100.0,18.9,18.904,44.3,1.58
2025-09-21 01:40:32,2025-09-21,01:40:32,in,0.11,1310.8,0.0,19.3,5.838,332.1,0.46
2025-09-21 01:40:34,2025-09-21,01:40:34,out,0.98,18.9,100.0,18.9,18.904,56.0,1.77
2025-09-21 01:41:36,2025-09-21,01:41:36,in,0.02,1310.8,0.0,19.3,5.838,332.1,0.16
2025-09-21 01:41:38,2025-09-21,01:41:38,out,1.35,18.9,100.0,18.9,18.904,63.4,1.57
2025-09-21 01:42:38,2025-09-21,01:42:38,in,0.2,1310.8,0.0,19.4,5.879,153.5,0.33
2025-09-21 01:42:42,2025-09-21,01:42:42,out,1.49,18.9,100.0,18.9,18.904,79.0,1.66
2025-09-21 01:43:42,2025-09-21,01:43:42,in,0.22,1310.8,0.0,19.4,5.879,73.2,0.32
2025-09-21 01:43:45,2025-09-21,01:43:45,out,1.06,18.9,100.0,18.9,18.904,64.6,1.28
2025-09-21 01:44:46,2025-09-21,01:44:46,in,0.17,1310.8,0.0,19.4,5.879,55.8,0.39
2025-09-21 01:44:48,2025-09-21,01:44:48,out,1.13,18.9,100.0,18.9,18.904,64.4,1.39
2025-09-21 01:45:50,2025-09-21,01:45:50,in,0.23,1310.8,0.0,19.4,5.879,137.2,0.42
2025-09-21 01:45:52,2025-09-21,01:45:52,out,1.18,18.9,100.0,18.9,18.904,57.4,1.46
2025-09-21 01:46:53,2025-09-21,01:46:53,in,0.11,1310.8,0.0,19.4,5.879,91.6,0.32
2025-09-21 01:46:56,2025-09-21,01:46:56,out,0.55,18.8,100.0,18.9,18.904,55.7,1.48
2025-09-21 01:47:56,2025-09-21,01:47:56,in,0.36,1310.8,0.0,19.4,5.879,7.4,0.51
2025-09-21 01:47:59,2025-09-21,01:47:59,out,1.0,18.8,100.0,18.8,18.803,56.5,1.26
2025-09-21 01:49:00,2025-09-21,01:49:00,in,0.19,1310.8,0.0,19.4,5.879,149.5,0.43
2025-09-21 01:49:02,2025-09-21,01:49:02,out,1.22,18.8,100.0,18.8,18.803,82.3,1.43
2025-09-21 01:50:04,2025-09-21,01:50:04,in,0.11,1310.8,0.0,19.4,5.879,109.7,0.26
2025-09-21 01:50:06,2025-09-21,01:50:06,out,0.59,18.8,100.0,18.8,18.803,50.5,1.51
2025-09-21 01:51:06,2025-09-21,01:51:06,in,0.33,1310.8,0.0,19.4,5.879,341.6,0.45
2025-09-21 01:51:10,2025-09-21,01:51:10,out,0.94,18.8,100.0,18.8,18.803,58.2,1.08
2025-09-21 01:52:10,2025-09-21,01:52:10,in,0.07,1310.8,0.0,19.4,5.879,2.3,0.53
2025-09-21 01:52:13,2025-09-21,01:52:13,out,0.85,18.8,100.0,18.8,18.803,33.4,1.1
2025-09-21 01:53:14,2025-09-21,01:53:14,in,0.95,1310.8,0.0,19.4,5.879,325.6,2.21
2025-09-21 01:53:16,2025-09-21,01:53:16,out,0.58,18.7,100.0,18.7,18.702,58.0,0.92
2025-09-21 01:54:17,2025-09-21,01:54:17,in,1.16,1310.8,0.0,19.4,5.879,332.5,1.43
2025-09-21 01:54:20,2025-09-21,01:54:20,out,0.6,18.7,100.0,18.7,18.702,6.1,0.98
2025-09-21 01:55:21,2025-09-21,01:55:21,in,1.13,1310.8,0.0,19.3,5.838,333.2,1.95
2025-09-21 01:55:24,2025-09-21,01:55:24,out,0.92,18.7,100.0,18.7,18.702,44.1,1.29
2025-09-21 01:56:24,2025-09-21,01:56:24,in,0.48,1310.8,0.0,19.2,5.796,336.4,1.58
2025-09-21 01:56:27,2025-09-21,01:56:27,out,0.93,18.7,100.0,18.7,18.702,39.0,1.3
2025-09-21 01:57:28,2025-09-21,01:57:28,in,0.12,1310.8,0.0,19.2,5.796,294.3,0.59
2025-09-21 01:57:30,2025-09-21,01:57:30,out,1.03,18.7,100.0,18.7,18.702,59.7,1.52
2025-09-21 01:58:32,2025-09-21,01:58:32,in,0.1,1310.8,0.0,19.2,5.796,354.4,0.26
2025-09-21 01:58:34,2025-09-21,01:58:34,out,1.11,18.6,100.0,18.6,18.602,52.5,1.58
2025-09-21 01:59:35,2025-09-21,01:59:35,in,0.2,1310.8,0.0,19.2,5.796,356.5,0.28
2025-09-21 01:59:38,2025-09-21,01:59:38,out,1.36,,,18.6,,18.6,10.0
2025-09-21 02:00:38,2025-09-21,02:00:38,in,0.15,1310.8,0.0,19.2,5.796,349.9,0.23
2025-09-21 02:00:41,2025-09-21,02:00:41,out,0.95,18.6,100.0,18.6,18.602,62.2,1.3
2025-09-21 02:01:42,2025-09-21,02:01:42,in,0.27,1310.8,0.0,19.3,5.838,333.7,0.34
2025-09-21 02:01:44,2025-09-21,02:01:44,out,0.74,18.6,100.0,18.6,18.602,53.1,1.06
2025-09-21 02:02:46,2025-09-21,02:02:46,in,0.22,1310.8,0.0,19.3,5.838,325.8,0.37
2025-09-21 02:02:48,2025-09-21,02:02:48,out,0.72,18.6,100.0,18.6,18.602,46.2,1.46
2025-09-21 02:03:49,2025-09-21,02:03:49,in,0.47,1310.8,0.0,19.3,5.838,344.6,0.54
2025-09-21 02:03:52,2025-09-21,02:03:52,out,0.57,18.6,100.0,18.6,18.602,355.7,1.04
2025-09-21 02:04:52,2025-09-21,02:04:52,in,0.62,1310.8,0.0,19.3,5.838,335.7,0.73
2025-09-21 02:04:55,2025-09-21,02:04:55,out,0.57,18.6,100.0,18.6,18.602,23.0,1.23
2025-09-21 02:05:56,2025-09-21,02:05:56,in,0.15,1310.8,0.0,19.2,5.796,345.0,0.61
2025-09-21 02:05:58,2025-09-21,02:05:58,out,1.28,18.6,100.0,18.6,18.602,46.0,1.43
2025-09-21 02:07:00,2025-09-21,02:07:00,in,0.12,1310.8,0.0,19.2,5.796,345.0,0.21
2025-09-21 02:07:02,2025-09-21,02:07:02,out,1.34,18.5,100.0,18.5,18.501,63.0,1.81
2025-09-21 02:08:03,2025-09-21,02:08:03,in,0.18,1310.8,0.0,19.2,5.796,107.3,0.37
2025-09-21 02:08:06,2025-09-21,02:08:06,out,0.5,18.5,100.0,18.5,18.501,39.8,1.7
2025-09-21 02:09:06,2025-09-21,02:09:06,in,0.26,1310.8,0.0,19.2,5.796,343.7,0.31
2025-09-21 02:09:09,2025-09-21,02:09:09,out,0.52,18.5,100.0,18.5,18.501,49.7,1.37
2025-09-21 02:10:10,2025-09-21,02:10:10,in,1.32,1310.8,0.0,19.2,5.796,323.9,2.01
2025-09-21 02:10:12,2025-09-21,02:10:12,out,0.98,18.5,100.0,18.5,18.501,54.6,1.14
2025-09-21 02:11:14,2025-09-21,02:11:14,in,0.75,1310.8,0.0,19.1,5.755,325.7,1.81
2025-09-21 02:11:16,2025-09-21,02:11:16,out,0.84,18.5,100.0,18.5,18.501,46.7,1.19
2025-09-21 02:12:17,2025-09-21,02:12:17,in,1.03,1310.8,0.0,19.1,5.755,329.1,1.71
2025-09-21 02:12:20,2025-09-21,02:12:20,out,0.83,18.5,100.0,18.5,18.501,56.5,1.3
2025-09-21 02:13:20,2025-09-21,02:13:20,in,0.49,1310.8,0.0,19.0,5.713,333.8,1.2
2025-09-21 02:13:23,2025-09-21,02:13:23,out,1.27,18.5,100.0,18.5,18.501,35.0,1.63
2025-09-21 02:14:24,2025-09-21,02:14:24,in,0.25,1310.8,0.0,19.0,5.713,346.5,0.68
2025-09-21 02:14:26,2025-09-21,02:14:26,out,1.08,18.5,100.0,18.5,18.501,22.9,1.24
2025-09-21 02:15:28,2025-09-21,02:15:28,in,0.28,1310.8,0.0,19.0,5.713,324.5,0.51
2025-09-21 02:15:30,2025-09-21,02:15:30,out,1.26,18.5,100.0,18.5,18.501,37.7,1.66
2025-09-21 02:16:31,2025-09-21,02:16:31,in,0.43,1310.8,0.0,19.1,5.755,345.1,0.5
2025-09-21 02:16:34,2025-09-21,02:16:34,out,1.0,18.5,100.0,18.5,18.501,11.2,1.39
2025-09-21 02:17:34,2025-09-21,02:17:34,in,0.32,1310.8,0.0,19.1,5.755,323.1,0.57
2025-09-21 02:17:37,2025-09-21,02:17:37,out,0.62,18.4,100.0,18.4,18.4,16.0,1.4
2025-09-21 02:18:38,2025-09-21,02:18:38,in,0.27,1310.8,0.0,19.1,5.755,309.6,0.42
2025-09-21 02:18:40,2025-09-21,02:18:40,out,0.89,18.4,100.0,18.4,18.4,37.1,1.16
2025-09-21 02:19:42,2025-09-21,02:19:42,in,0.19,1310.8,0.0,19.1,5.755,301.0,0.32
2025-09-21 02:19:44,2025-09-21,02:19:44,out,1.07,18.4,100.0,18.4,18.4,30.5,1.4
2025-09-21 02:20:45,2025-09-21,02:20:45,in,0.19,1310.8,0.0,19.1,5.755,357.3,0.25
2025-09-21 02:20:48,2025-09-21,02:20:48,out,0.73,18.4,100.0,18.4,18.4,57.2,1.23
2025-09-21 02:21:48,2025-09-21,02:21:48,in,0.43,1310.8,0.0,19.2,5.796,349.7,0.47
2025-09-21 02:21:51,2025-09-21,02:21:51,out,0.92,18.4,100.0,18.4,18.4,30.8,1.26
2025-09-21 02:22:52,2025-09-21,02:22:52,in,0.09,1310.8,0.0,19.1,5.755,359.6,0.53
2025-09-21 02:22:54,2025-09-21,02:22:54,out,0.88,18.4,100.0,18.4,18.4,57.7,1.47
2025-09-21 02:23:56,2025-09-21,02:23:56,in,0.07,1310.8,0.0,19.2,5.796,359.6,0.16
2025-09-21 02:23:58,2025-09-21,02:23:58,out,1.28,18.4,100.0,18.4,18.4,70.0,1.57
2025-09-21 02:24:59,2025-09-21,02:24:59,in,0.18,1310.8,0.0,19.2,5.796,42.1,0.26
2025-09-21 02:25:02,2025-09-21,02:25:02,out,1.38,18.4,100.0,18.4,18.4,52.8,1.54
2025-09-21 02:26:02,2025-09-21,02:26:02,in,0.14,1310.8,0.0,19.2,5.796,349.9,0.24
2025-09-21 02:26:05,2025-09-21,02:26:05,out,1.28,18.4,100.0,18.4,18.4,64.8,1.37
2025-09-21 02:27:06,2025-09-21,02:27:06,in,1.57,,,1310.8,,19.2,0.0
2025-09-21 02:27:08,2025-09-21,02:27:08,out,0.85,18.4,100.0,18.4,18.4,54.6,1.52
2025-09-21 02:28:10,2025-09-21,02:28:10,in,0.96,1310.8,0.0,19.0,5.713,324.3,2.09
2025-09-21 02:28:12,2025-09-21,02:28:12,out,1.08,18.4,100.0,18.4,18.4,61.6,1.37
2025-09-21 02:29:13,2025-09-21,02:29:13,in,0.86,1310.8,0.0,18.9,5.672,333.4,1.86
2025-09-21 02:29:16,2025-09-21,02:29:16,out,1.27,18.3,100.0,18.3,18.299,60.4,1.51
2025-09-21 02:30:16,2025-09-21,02:30:16,in,0.09,1310.8,0.0,18.9,5.672,20.9,1.31
2025-09-21 02:30:19,2025-09-21,02:30:19,out,1.08,18.4,100.0,18.4,18.4,68.5,1.77
2025-09-21 02:31:20,2025-09-21,02:31:20,in,0.07,1310.8,0.0,18.9,5.672,20.9,0.16
2025-09-21 02:31:22,2025-09-21,02:31:22,out,1.37,18.4,100.0,18.4,18.4,61.2,2.27
2025-09-21 02:32:24,2025-09-21,02:32:24,in,0.06,1310.8,0.0,19.0,5.713,3.7,0.3
2025-09-21 02:32:26,2025-09-21,02:32:26,out,1.24,18.4,100.0,18.4,18.4,60.7,1.67
2025-09-21 02:33:27,2025-09-21,02:33:27,in,0.31,1310.8,0.0,19.0,5.713,351.6,0.43
2025-09-21 02:33:30,2025-09-21,02:33:30,out,1.17,18.3,100.0,18.3,18.299,52.1,1.41
2025-09-21 02:34:30,2025-09-21,02:34:30,in,0.25,1310.8,0.0,18.9,5.672,27.4,0.37
2025-09-21 02:34:33,2025-09-21,02:34:33,out,0.96,18.3,100.0,18.3,18.299,54.0,1.31
2025-09-21 02:35:34,2025-09-21,02:35:34,in,0.17,1310.8,0.0,18.9,5.672,340.9,0.3
2025-09-21 02:35:36,2025-09-21,02:35:36,out,0.83,18.3,100.0,18.3,18.299,59.1,1.2
2025-09-21 02:36:38,2025-09-21,02:36:38,in,0.12,1310.8,0.0,18.9,5.672,340.9,0.24
2025-09-21 02:36:40,2025-09-21,02:36:40,out,0.82,18.3,100.0,18.3,18.299,51.2,1.52
2025-09-21 02:37:41,2025-09-21,02:37:41,in,0.07,1310.8,0.0,19.0,5.713,340.9,0.15
2025-09-21 02:37:44,2025-09-21,02:37:44,out,1.45,18.3,100.0,18.3,18.299,33.6,1.84
2025-09-21 02:38:44,2025-09-21,02:38:44,in,0.12,1310.8,0.0,19.0,5.713,340.9,0.16
2025-09-21 02:38:47,2025-09-21,02:38:47,out,1.07,18.3,100.0,18.3,18.299,47.2,1.25
2025-09-21 02:39:48,2025-09-21,02:39:48,in,0.19,1310.8,0.0,19.0,5.713,337.7,0.25
2025-09-21 02:39:50,2025-09-21,02:39:50,out,1.25,18.3,100.0,18.3,18.299,56.7,1.8
2025-09-21 02:40:52,2025-09-21,02:40:52,in,0.28,1310.8,0.0,19.0,5.713,356.9,0.35
2025-09-21 02:40:54,2025-09-21,02:40:54,out,1.26,18.3,100.0,18.3,18.299,40.6,1.47
2025-09-21 02:41:55,2025-09-21,02:41:55,in,0.31,1310.8,0.0,19.0,5.713,338.4,0.43
2025-09-21 02:41:58,2025-09-21,02:41:58,out,1.07,18.3,100.0,18.3,18.299,54.2,1.51
2025-09-21 02:42:58,2025-09-21,02:42:58,in,0.18,1310.8,0.0,19.0,5.713,322.4,0.51
2025-09-21 02:43:01,2025-09-21,02:43:01,out,1.06,18.3,100.0,18.3,18.299,51.9,1.68
2025-09-21 02:44:02,2025-09-21,02:44:02,in,1.13,1310.8,0.0,19.1,5.755,318.8,1.91
2025-09-21 02:44:04,2025-09-21,02:44:04,out,0.6,18.3,100.0,18.3,18.299,31.0,1.33
2025-09-21 02:45:06,2025-09-21,02:45:06,in,1.06,,,1310.8,,319.1,1.95
2025-09-21 02:45:08,2025-09-21,02:45:08,out,0.71,18.3,100.0,18.3,18.299,44.2,1.08
2025-09-21 02:46:09,2025-09-21,02:46:09,in,1.11,1310.8,0.0,18.9,5.672,321.9,2.13
2025-09-21 02:46:12,2025-09-21,02:46:12,out,0.67,18.3,100.0,18.3,18.299,50.7,1.53
2025-09-21 02:47:12,2025-09-21,02:47:12,in,0.41,1310.8,0.0,18.9,5.672,347.2,1.41
2025-09-21 02:47:15,2025-09-21,02:47:15,out,1.15,18.3,100.0,18.3,18.299,44.0,1.32
2025-09-21 02:48:16,2025-09-21,02:48:16,in,0.46,1310.8,0.0,18.8,5.63,342.1,0.52
2025-09-21 02:48:18,2025-09-21,02:48:18,out,1.13,18.3,100.0,18.3,18.299,35.9,1.25
2025-09-21 02:49:20,2025-09-21,02:49:20,in,0.49,1310.8,0.0,18.9,5.672,326.3,0.53
2025-09-21 02:49:22,2025-09-21,02:49:22,out,0.97,18.3,100.0,18.3,18.299,33.4,1.37
2025-09-21 02:50:23,2025-09-21,02:50:23,in,0.38,1310.8,0.0,18.9,5.672,338.0,0.56
2025-09-21 02:50:26,2025-09-21,02:50:26,out,0.9,18.3,100.0,18.3,18.299,14.0,1.44
2025-09-21 02:51:26,2025-09-21,02:51:26,in,0.28,1310.8,0.0,18.9,5.672,330.8,0.56
2025-09-21 02:51:29,2025-09-21,02:51:29,out,0.83,18.3,100.0,18.3,18.299,17.1,1.19
2025-09-21 02:52:30,2025-09-21,02:52:30,in,0.31,1310.8,0.0,18.9,5.672,0.3,0.48
2025-09-21 02:52:32,2025-09-21,02:52:32,out,1.03,18.3,100.0,18.2,18.199,21.4,1.58
2025-09-21 02:53:34,2025-09-21,02:53:34,in,0.33,1310.8,0.0,18.9,5.672,347.1,0.46
2025-09-21 02:53:36,2025-09-21,02:53:36,out,1.39,18.2,100.0,18.2,18.199,46.2,1.67
2025-09-21 02:54:37,2025-09-21,02:54:37,in,0.26,1310.8,0.0,18.9,5.672,351.3,0.56
2025-09-21 02:54:40,2025-09-21,02:54:40,out,1.28,18.2,100.0,18.2,18.199,46.8,1.56
2025-09-21 02:55:40,2025-09-21,02:55:40,in,0.31,1310.8,0.0,18.9,5.672,342.4,0.38
2025-09-21 02:55:43,2025-09-21,02:55:43,out,1.25,18.2,100.0,18.3,18.299,38.6,1.76
2025-09-21 02:56:44,2025-09-21,02:56:44,in,0.32,1310.8,0.0,18.9,5.672,326.1,0.41
2025-09-21 02:56:46,2025-09-21,02:56:46,out,1.24,18.2,100.0,18.2,18.199,34.2,1.51
2025-09-21 02:57:48,2025-09-21,02:57:48,in,0.38,1310.8,0.0,18.9,5.672,325.7,0.54
2025-09-21 02:57:50,2025-09-21,02:57:50,out,0.91,18.2,100.0,18.2,18.199,29.9,1.52
2025-09-21 02:58:51,2025-09-21,02:58:51,in,0.34,1310.8,0.0,19.0,5.713,326.4,0.44
2025-09-21 02:58:54,2025-09-21,02:58:54,out,0.71,18.2,100.0,18.2,18.199,33.0,1.52
2025-09-21 02:59:55,2025-09-21,02:59:55,in,0.27,1310.8,0.0,19.0,5.713,355.4,0.38
2025-09-21 02:59:57,2025-09-21,02:59:57,out,0.86,18.2,100.0,18.2,18.199,46.0,1.3
2025-09-21 03:00:58,2025-09-21,03:00:58,in,1.49,1310.8,0.0,19.0,5.713,324.8,2.11
2025-09-21 03:01:00,2025-09-21,03:01:00,out,0.75,18.2,100.0,18.2,18.199,45.5,1.48
2025-09-21 03:02:02,2025-09-21,03:02:02,in,1.26,1310.8,0.0,18.9,5.672,326.6,2.13
2025-09-21 03:02:04,2025-09-21,03:02:04,out,0.98,18.2,100.0,18.2,18.199,39.3,1.37
2025-09-21 03:03:06,2025-09-21,03:03:06,in,1.61,1310.8,0.0,18.8,5.63,319.2,2.5
2025-09-21 03:03:08,2025-09-21,03:03:08,out,1.11,18.2,100.0,18.2,18.199,33.5,1.29
2025-09-21 03:04:09,2025-09-21,03:04:09,in,0.32,1310.8,0.0,18.8,5.63,357.9,1.86
2025-09-21 03:04:11,2025-09-21,03:04:11,out,0.62,18.2,100.0,18.2,18.199,67.2,1.36
2025-09-21 03:05:12,2025-09-21,03:05:12,in,0.16,1310.8,0.0,18.8,5.63,333.5,0.39
2025-09-21 03:05:14,2025-09-21,03:05:14,out,1.13,18.2,100.0,18.2,18.199,56.9,1.39
2025-09-21 03:06:16,2025-09-21,03:06:16,in,0.23,1310.8,0.0,18.8,5.63,352.3,0.33
2025-09-21 03:06:18,2025-09-21,03:06:18,out,0.95,18.2,100.0,18.2,18.199,61.3,1.33
2025-09-21 03:07:20,2025-09-21,03:07:20,in,0.19,1310.8,0.0,18.8,5.63,2.3,0.35
2025-09-21 03:07:22,2025-09-21,03:07:22,out,0.95,18.2,100.0,18.2,18.199,48.1,1.43
2025-09-21 03:08:23,2025-09-21,03:08:23,in,0.15,1310.8,0.0,18.8,5.63,35.3,0.51
2025-09-21 03:08:25,2025-09-21,03:08:25,out,0.78,18.1,100.0,18.1,18.098,33.1,1.28
2025-09-21 03:09:26,2025-09-21,03:09:26,in,0.34,1310.8,0.0,18.8,5.63,21.0,0.39
2025-09-21 03:09:28,2025-09-21,03:09:28,out,0.81,18.1,100.0,18.1,18.098,48.6,1.24
2025-09-21 03:10:30,2025-09-21,03:10:30,in,0.13,1310.8,0.0,18.9,5.672,356.1,0.43
2025-09-21 03:10:32,2025-09-21,03:10:32,out,1.81,,,18.1,,18.1,10.0
2025-09-21 03:11:34,2025-09-21,03:11:34,in,0.21,1310.8,0.0,18.9,5.672,333.5,0.31
2025-09-21 03:11:36,2025-09-21,03:11:36,out,0.95,18.2,100.0,18.2,18.199,35.7,1.85
2025-09-21 03:12:37,2025-09-21,03:12:37,in,0.27,1310.8,0.0,18.9,5.672,15.9,0.35
2025-09-21 03:12:39,2025-09-21,03:12:39,out,0.54,18.1,100.0,18.1,18.098,55.7,0.94
2025-09-21 03:13:40,2025-09-21,03:13:40,in,0.12,1310.8,0.0,18.9,5.672,14.3,0.33
2025-09-21 03:13:42,2025-09-21,03:13:42,out,0.84,18.1,100.0,18.1,18.098,42.7,1.26
2025-09-21 03:14:44,2025-09-21,03:14:44,in,0.09,1310.8,0.0,18.9,5.672,14.9,0.35
2025-09-21 03:14:46,2025-09-21,03:14:46,out,1.27,18.1,100.0,18.1,18.098,53.9,1.4
2025-09-21 03:15:48,2025-09-21,03:15:48,in,0.32,1310.8,0.0,18.9,5.672,348.6,0.36
2025-09-21 03:15:50,2025-09-21,03:15:50,out,0.81,18.1,100.0,18.1,18.098,48.8,1.52
2025-09-21 03:16:51,2025-09-21,03:16:51,in,0.21,1310.8,0.0,18.9,5.672,348.5,0.4
2025-09-21 03:16:53,2025-09-21,03:16:53,out,1.17,18.1,100.0,18.1,18.098,46.1,1.43
2025-09-21 03:17:54,2025-09-21,03:17:54,in,1.7,1310.8,0.0,18.9,5.672,320.5,2.4
2025-09-21 03:17:56,2025-09-21,03:17:56,out,0.66,18.1,100.0,18.1,18.098,46.1,1.46
2025-09-21 03:18:58,2025-09-21,03:18:58,in,1.48,1310.8,0.0,18.8,5.63,316.7,2.04
2025-09-21 03:19:00,2025-09-21,03:19:00,out,0.84,18.1,100.0,18.1,18.098,25.4,1.3
2025-09-21 03:20:02,2025-09-21,03:20:02,in,1.31,1310.8,0.0,18.7,5.588,323.5,2.05
2025-09-21 03:20:04,2025-09-21,03:20:04,out,0.93,18.1,100.0,18.1,18.098,68.9,1.35
2025-09-21 03:21:05,2025-09-21,03:21:05,in,0.2,1310.8,0.0,18.7,5.588,7.6,1.71
2025-09-21 03:21:07,2025-09-21,03:21:07,out,0.75,18.1,100.0,18.1,18.098,47.8,1.55
2025-09-21 03:22:08,2025-09-21,03:22:08,in,0.03,1310.8,0.0,18.7,5.588,7.6,0.21
2025-09-21 03:22:10,2025-09-21,03:22:10,out,0.68,18.1,100.0,18.1,18.098,66.7,1.48
2025-09-21 03:23:12,2025-09-21,03:23:12,in,0.11,1310.8,0.0,18.7,5.588,7.6,0.16
2025-09-21 03:23:14,2025-09-21,03:23:14,out,1.35,18.1,100.0,18.1,18.098,52.8,1.64
2025-09-21 03:24:16,2025-09-21,03:24:16,in,0.09,1310.8,0.0,18.8,5.63,7.6,0.21
2025-09-21 03:24:18,2025-09-21,03:24:18,out,0.97,18.1,100.0,18.1,18.098,52.4,1.8
2025-09-21 03:25:19,2025-09-21,03:25:19,in,0.09,1310.8,0.0,18.8,5.63,7.6,0.19
2025-09-21 03:25:21,2025-09-21,03:25:21,out,0.73,18.1,100.0,18.1,18.098,49.8,1.25
2025-09-21 03:26:22,2025-09-21,03:26:22,in,0.21,1310.8,0.0,18.8,5.63,347.6,0.25
2025-09-21 03:26:24,2025-09-21,03:26:24,out,1.18,18.1,100.0,18.1,18.098,54.0,1.51
2025-09-21 03:27:26,2025-09-21,03:27:26,in,0.25,1310.8,0.0,18.8,5.63,333.1,0.34
2025-09-21 03:27:28,2025-09-21,03:27:28,out,0.79,18.1,100.0,18.1,18.098,356.9,1.15
2025-09-21 03:28:30,2025-09-21,03:28:30,in,0.18,1310.8,0.0,18.9,5.672,324.6,0.28
2025-09-21 03:28:32,2025-09-21,03:28:32,out,1.02,18.1,100.0,18.1,18.098,12.3,1.3
2025-09-21 03:29:33,2025-09-21,03:29:33,in,0.18,1310.8,0.0,18.9,5.672,314.7,0.25
2025-09-21 03:29:35,2025-09-21,03:29:35,out,1.01,18.1,100.0,18.1,18.098,35.1,1.33
2025-09-21 03:30:36,2025-09-21,03:30:36,in,0.22,1310.8,0.0,18.9,5.672,339.8,0.32
2025-09-21 03:30:38,2025-09-21,03:30:38,out,0.77,18.1,100.0,18.1,18.098,34.3,1.46
2025-09-21 03:31:40,2025-09-21,03:31:40,in,0.21,1310.8,0.0,18.9,5.672,348.5,0.38
2025-09-21 03:31:42,2025-09-21,03:31:42,out,1.21,18.1,100.0,18.1,18.098,44.2,1.43
2025-09-21 03:32:44,2025-09-21,03:32:44,in,0.12,1310.8,0.0,18.9,5.672,351.4,0.29
2025-09-21 03:32:46,2025-09-21,03:32:46,out,0.78,18.1,100.0,18.1,18.098,44.5,1.31
2025-09-21 03:33:47,2025-09-21,03:33:47,in,0.14,1310.8,0.0,18.9,5.672,351.4,0.18
2025-09-21 03:33:49,2025-09-21,03:33:49,out,0.66,18.1,100.0,18.1,18.098,49.3,1.3
2025-09-21 03:34:50,2025-09-21,03:34:50,in,1.58,1310.8,0.0,18.9,5.672,325.8,2.1
2025-09-21 03:34:52,2025-09-21,03:34:52,out,1.29,18.1,100.0,18.1,18.098,56.3,1.72
2025-09-21 03:35:54,2025-09-21,03:35:54,in,1.28,1310.8,0.0,18.8,5.63,329.4,2.02
2025-09-21 03:35:56,2025-09-21,03:35:56,out,1.43,18.1,100.0,18.1,18.098,52.0,1.74
2025-09-21 03:36:58,2025-09-21,03:36:58,in,1.39,1310.8,0.0,18.7,5.588,336.8,2.3
2025-09-21 03:37:00,2025-09-21,03:37:00,out,0.8,18.1,100.0,18.1,18.098,33.7,1.43
2025-09-21 03:38:01,2025-09-21,03:38:01,in,0.51,1310.8,0.0,18.6,5.547,350.0,1.85
2025-09-21 03:38:03,2025-09-21,03:38:03,out,0.96,18.1,100.0,18.1,18.098,19.5,1.57
2025-09-21 03:39:04,2025-09-21,03:39:04,in,0.2,1310.8,0.0,18.6,5.547,349.3,0.46
2025-09-21 03:39:06,2025-09-21,03:39:06,out,1.06,18.0,100.0,18.0,17.997,37.9,1.46
2025-09-21 03:40:08,2025-09-21,03:40:08,in,0.35,1310.8,0.0,18.6,5.547,1.5,0.48
2025-09-21 03:40:10,2025-09-21,03:40:10,out,1.17,18.0,100.0,18.0,17.997,45.7,1.43
2025-09-21 03:41:12,2025-09-21,03:41:12,in,0.22,1310.8,0.0,18.7,5.588,356.0,0.44
2025-09-21 03:41:14,2025-09-21,03:41:14,out,1.09,18.0,100.0,18.0,17.997,54.0,1.45
2025-09-21 03:42:16,2025-09-21,03:42:16,in,0.1,1310.8,0.0,18.7,5.588,3.8,0.27
2025-09-21 03:42:17,2025-09-21,03:42:17,out,1.19,18.0,100.0,18.0,17.997,54.0,1.43
2025-09-21 03:43:18,2025-09-21,03:43:18,in,0.28,1310.8,0.0,18.7,5.588,345.6,0.36
2025-09-21 03:43:20,2025-09-21,03:43:20,out,1.03,18.0,100.0,18.0,17.997,38.1,1.46
2025-09-21 03:44:22,2025-09-21,03:44:22,in,0.24,1310.8,0.0,18.7,5.588,352.0,0.42
2025-09-21 03:44:24,2025-09-21,03:44:24,out,1.19,18.0,100.0,18.0,17.997,47.5,1.91
2025-09-21 03:45:26,2025-09-21,03:45:26,in,0.16,1310.8,0.0,18.7,5.588,9.8,0.42
2025-09-21 03:45:28,2025-09-21,03:45:28,out,1.13,18.0,100.0,18.0,17.997,52.7,1.6
2025-09-21 03:46:29,2025-09-21,03:46:29,in,0.08,1310.8,0.0,18.7,5.588,9.8,0.2
2025-09-21 03:46:31,2025-09-21,03:46:31,out,1.32,18.0,100.0,18.0,17.997,62.0,1.86
2025-09-21 03:47:32,2025-09-21,03:47:32,in,0.16,1310.8,0.0,18.7,5.588,340.7,0.29
2025-09-21 03:47:34,2025-09-21,03:47:34,out,0.78,18.0,100.0,18.0,17.997,40.6,1.69
2025-09-21 03:48:36,2025-09-21,03:48:36,in,0.15,1310.8,0.0,18.8,5.63,357.5,0.31
2025-09-21 03:48:38,2025-09-21,03:48:38,out,1.23,18.0,100.0,18.0,17.997,58.6,1.92
2025-09-21 03:49:40,2025-09-21,03:49:40,in,0.18,1310.8,0.0,18.8,5.63,3.7,0.3
2025-09-21 03:49:42,2025-09-21,03:49:42,out,1.03,18.1,100.0,18.1,18.098,51.9,1.89
2025-09-21 03:50:43,2025-09-21,03:50:43,in,0.31,1310.8,0.0,18.8,5.63,19.1,0.47
2025-09-21 03:50:45,2025-09-21,03:50:45,out,1.15,18.1,100.0,18.1,18.098,55.1,1.64
2025-09-21 03:51:46,2025-09-21,03:51:46,in,0.94,1310.8,0.0,18.8,5.63,335.3,1.07
2025-09-21 03:51:48,2025-09-21,03:51:48,out,1.04,18.1,100.0,18.1,18.098,35.2,1.5
2025-09-21 03:52:50,2025-09-21,03:52:50,in,1.29,1310.8,0.0,18.7,5.588,318.0,1.84
2025-09-21 03:52:52,2025-09-21,03:52:52,out,1.07,18.1,100.0,18.1,18.098,55.0,1.59
2025-09-21 03:53:54,2025-09-21,03:53:54,in,1.15,1310.8,0.0,18.6,5.547,311.5,1.62
2025-09-21 03:53:56,2025-09-21,03:53:56,out,0.74,18.0,100.0,18.0,17.997,53.8,1.45
2025-09-21 03:54:58,2025-09-21,03:54:58,in,0.3,1310.8,0.0,18.6,5.547,31.4,1.68
2025-09-21 03:54:59,2025-09-21,03:54:59,out,1.11,18.0,100.0,18.0,17.997,52.1,1.47
2025-09-21 03:56:01,2025-09-21,03:56:01,in,0.07,1310.8,0.0,18.6,5.547,184.6,0.31
2025-09-21 03:56:02,2025-09-21,03:56:02,out,1.27,18.1,100.0,18.1,18.098,61.8,1.42
2025-09-21 03:57:04,2025-09-21,03:57:04,in,0.15,1310.8,0.0,18.7,5.588,184.6,0.21
2025-09-21 03:57:06,2025-09-21,03:57:06,out,0.95,18.1,100.0,18.1,18.098,54.4,1.2
2025-09-21 03:58:08,2025-09-21,03:58:08,in,0.2,1310.8,0.0,18.7,5.588,350.3,0.31
2025-09-21 03:58:10,2025-09-21,03:58:10,out,0.73,18.0,100.0,18.0,17.997,54.9,1.33
2025-09-21 03:59:12,2025-09-21,03:59:12,in,0.26,1310.8,0.0,18.7,5.588,7.3,0.39
2025-09-21 03:59:13,2025-09-21,03:59:13,out,0.51,18.1,100.0,18.1,18.098,39.7,1.12
2025-09-21 04:00:15,2025-09-21,04:00:15,in,0.17,1310.8,0.0,18.7,5.588,357.1,0.26
2025-09-21 04:00:16,2025-09-21,04:00:16,out,1.01,18.0,100.0,18.0,17.997,42.6,1.23
2025-09-21 04:01:18,2025-09-21,04:01:18,in,0.22,1310.8,0.0,18.7,5.588,352.9,0.34
2025-09-21 04:01:20,2025-09-21,04:01:20,out,1.37,18.0,100.0,18.0,17.997,57.8,1.68
2025-09-21 04:02:22,2025-09-21,04:02:22,in,0.12,1310.8,0.0,18.7,5.588,352.5,0.21
2025-09-21 04:02:24,2025-09-21,04:02:24,out,1.55,18.0,100.0,18.0,17.997,49.5,1.82
2025-09-21 04:03:26,2025-09-21,04:03:26,in,0.14,1310.8,0.0,18.7,5.588,352.5,0.23
2025-09-21 04:03:27,2025-09-21,04:03:27,out,0.93,18.0,100.0,18.0,17.997,52.2,1.95
2025-09-21 04:04:29,2025-09-21,04:04:29,in,0.11,1310.8,0.0,18.7,5.588,63.9,0.34
2025-09-21 04:04:31,2025-09-21,04:04:31,out,1.48,18.0,100.0,18.0,17.997,68.4,1.98
2025-09-21 04:05:32,2025-09-21,04:05:32,in,0.21,1310.8,0.0,18.8,5.63,349.0,0.34
2025-09-21 04:05:34,2025-09-21,04:05:34,out,1.83,18.0,100.0,18.0,17.997,65.2,2.15
2025-09-21 04:06:36,2025-09-21,04:06:36,in,0.14,1310.8,0.0,18.8,5.63,323.6,0.2
2025-09-21 04:06:38,2025-09-21,04:06:38,out,1.43,18.0,100.0,18.0,17.997,56.1,1.83
2025-09-21 04:07:40,2025-09-21,04:07:40,in,0.28,1310.8,0.0,18.8,5.63,52.8,0.4
2025-09-21 04:07:41,2025-09-21,04:07:41,out,0.63,18.0,100.0,18.0,17.997,65.8,1.54
2025-09-21 04:08:43,2025-09-21,04:08:43,in,1.02,1310.8,0.0,18.8,5.63,331.6,1.85
2025-09-21 04:08:45,2025-09-21,04:08:45,out,1.02,18.0,100.0,18.0,17.997,54.4,1.54
2025-09-21 04:09:46,2025-09-21,04:09:46,in,1.4,1310.8,0.0,18.7,5.588,322.3,2.17
2025-09-21 04:09:48,2025-09-21,04:09:48,out,1.35,18.0,100.0,18.0,17.997,63.6,1.6
2025-09-21 04:10:50,2025-09-21,04:10:50,in,0.94,1310.8,0.0,18.6,5.547,314.2,1.57
2025-09-21 04:10:52,2025-09-21,04:10:52,out,0.94,18.0,100.0,18.0,17.997,66.5,1.5
2025-09-21 04:11:54,2025-09-21,04:11:54,in,0.38,1310.8,0.0,18.6,5.547,351.5,2.34
2025-09-21 04:11:56,2025-09-21,04:11:56,out,1.34,18.0,100.0,18.0,17.997,61.4,1.82
2025-09-21 04:12:57,2025-09-21,04:12:57,in,0.12,1310.8,0.0,18.6,5.547,28.5,0.53
2025-09-21 04:12:59,2025-09-21,04:12:59,out,0.97,18.0,100.0,18.0,17.997,58.3,1.67
2025-09-21 04:14:00,2025-09-21,04:14:00,in,0.11,1310.8,0.0,18.6,5.547,28.5,0.3
2025-09-21 04:14:02,2025-09-21,04:14:02,out,1.05,18.0,100.0,18.0,17.997,47.0,1.36
2025-09-21 04:15:04,2025-09-21,04:15:04,in,0.15,1310.8,0.0,18.7,5.588,316.0,0.31
2025-09-21 04:15:06,2025-09-21,04:15:06,out,0.84,18.0,100.0,18.0,17.997,43.4,1.65
2025-09-21 04:16:08,2025-09-21,04:16:08,in,0.12,1310.8,0.0,18.7,5.588,316.0,0.2
2025-09-21 04:16:10,2025-09-21,04:16:10,out,0.43,18.0,100.0,18.0,17.997,53.1,0.77
2025-09-21 04:17:11,2025-09-21,04:17:11,in,0.25,1310.8,0.0,18.7,5.588,345.1,0.31
2025-09-21 04:17:13,2025-09-21,04:17:13,out,0.96,18.0,100.0,18.0,17.997,29.6,1.11
2025-09-21 04:18:14,2025-09-21,04:18:14,in,0.34,1310.8,0.0,18.7,5.588,344.4,0.39
2025-09-21 04:18:16,2025-09-21,04:18:16,out,0.94,18.0,100.0,18.0,17.997,49.1,1.32
2025-09-21 04:19:18,2025-09-21,04:19:18,in,0.27,1310.8,0.0,18.7,5.588,356.3,0.39
2025-09-21 04:19:20,2025-09-21,04:19:20,out,0.83,18.0,100.0,18.0,17.997,25.3,1.68
2025-09-21 04:20:22,2025-09-21,04:20:22,in,0.3,1310.8,0.0,18.7,5.588,346.4,0.36
2025-09-21 04:20:23,2025-09-21,04:20:23,out,1.12,18.0,100.0,18.0,17.997,56.3,1.31
2025-09-21 04:21:26,2025-09-21,04:21:26,in,0.26,1310.8,0.0,18.7,5.588,340.3,0.42
2025-09-21 04:21:27,2025-09-21,04:21:27,out,1.14,18.0,100.0,18.0,17.997,47.6,1.82
2025-09-21 04:22:29,2025-09-21,04:22:29,in,0.37,1310.8,0.0,18.7,5.588,5.4,0.46
2025-09-21 04:22:30,2025-09-21,04:22:30,out,1.42,18.0,100.0,18.0,17.997,40.0,1.89
2025-09-21 04:23:32,2025-09-21,04:23:32,in,0.15,1310.8,0.0,18.7,5.588,11.9,0.3
2025-09-21 04:23:34,2025-09-21,04:23:34,out,1.41,18.0,100.0,18.0,17.997,56.8,2.12
2025-09-21 04:24:36,2025-09-21,04:24:36,in,0.29,1310.8,0.0,18.7,5.588,83.6,0.35
2025-09-21 04:24:38,2025-09-21,04:24:38,out,0.62,18.0,100.0,18.0,17.997,64.6,1.81
2025-09-21 04:25:40,2025-09-21,04:25:40,in,1.0,,,1310.8,,18.7,0.0
2025-09-21 04:25:41,2025-09-21,04:25:41,out,0.79,18.0,100.0,18.0,17.997,46.2,1.9
2025-09-21 04:26:43,2025-09-21,04:26:43,in,1.2,1310.8,0.0,18.7,5.588,321.3,2.05
2025-09-21 04:26:44,2025-09-21,04:26:44,out,1.53,18.0,100.0,18.0,17.997,50.6,2.0
2025-09-21 04:27:46,2025-09-21,04:27:46,in,1.2,1310.8,0.0,18.7,5.588,319.0,2.31
2025-09-21 04:27:48,2025-09-21,04:27:48,out,1.12,18.0,100.0,18.0,17.997,53.9,2.16
2025-09-21 04:28:50,2025-09-21,04:28:50,in,0.56,1310.8,0.0,18.6,5.547,349.3,1.66
2025-09-21 04:28:52,2025-09-21,04:28:52,out,1.27,18.0,100.0,18.0,17.997,53.5,1.62
2025-09-21 04:29:54,2025-09-21,04:29:54,in,0.19,1310.8,0.0,18.6,5.547,338.1,0.52
2025-09-21 04:29:56,2025-09-21,04:29:56,out,1.5,,,18.0,,18.0,10.0
2025-09-21 04:30:57,2025-09-21,04:30:57,in,0.19,1310.8,0.0,18.6,5.547,346.9,0.35
2025-09-21 04:31:27,2025-09-21,04:31:27,out,1.0,18.0,100.0,18.0,17.997,59.9,1.22
2025-09-21 04:32:00,2025-09-21,04:32:00,in,0.16,1310.8,0.0,18.6,5.547,28.4,0.39
2025-09-21 04:32:34,2025-09-21,04:32:34,out,1.0,18.0,100.0,18.0,17.997,51.2,1.27
2025-09-21 04:33:04,2025-09-21,04:33:04,in,0.03,1310.8,0.0,18.6,5.547,7.2,0.36
2025-09-21 04:33:38,2025-09-21,04:33:38,out,0.85,18.0,100.0,18.0,17.997,48.1,1.4
2025-09-21 04:34:08,2025-09-21,04:34:08,in,0.08,1310.8,0.0,18.6,5.547,47.6,0.31
2025-09-21 04:34:41,2025-09-21,04:34:41,out,0.81,17.9,100.0,17.9,17.897,51.9,1.63
2025-09-21 04:35:11,2025-09-21,04:35:11,in,0.17,1310.8,0.0,18.7,5.588,19.6,0.31
2025-09-21 04:35:44,2025-09-21,04:35:44,out,0.82,17.9,100.0,17.9,17.897,44.0,1.33
2025-09-21 04:36:14,2025-09-21,04:36:14,in,0.21,1310.8,0.0,18.6,5.547,15.8,0.31
2025-09-21 04:36:48,2025-09-21,04:36:48,out,0.67,17.9,100.0,17.9,17.897,53.9,1.27
2025-09-21 04:37:18,2025-09-21,04:37:18,in,0.08,1310.8,0.0,18.6,5.547,34.6,0.38
2025-09-21 04:37:52,2025-09-21,04:37:52,out,1.08,17.9,100.0,17.9,17.897,53.5,1.44
2025-09-21 04:38:22,2025-09-21,04:38:22,in,0.1,1310.8,0.0,18.6,5.547,34.6,0.22
2025-09-21 04:38:55,2025-09-21,04:38:55,out,0.71,17.9,100.0,17.9,17.897,61.7,1.75
2025-09-21 04:39:25,2025-09-21,04:39:25,in,0.17,1310.8,0.0,18.7,5.588,334.5,0.25
2025-09-21 04:39:58,2025-09-21,04:39:58,out,1.39,17.9,100.0,17.9,17.897,63.6,1.56
2025-09-21 04:40:28,2025-09-21,04:40:28,in,0.14,1310.8,0.0,18.7,5.588,334.5,0.21
2025-09-21 04:41:02,2025-09-21,04:41:02,out,1.36,17.9,100.0,17.9,17.897,61.7,1.79
2025-09-21 04:41:32,2025-09-21,04:41:32,in,0.12,1310.8,0.0,18.7,5.588,334.5,0.19
2025-09-21 04:42:06,2025-09-21,04:42:06,out,1.71,17.9,100.0,17.9,17.897,63.9,1.82
2025-09-21 04:42:36,2025-09-21,04:42:36,in,0.22,1310.8,0.0,18.7,5.588,29.8,0.44
2025-09-21 04:43:09,2025-09-21,04:43:09,out,1.77,17.9,100.0,17.9,17.897,69.2,2.06
2025-09-21 04:43:39,2025-09-21,04:43:39,in,1.24,1310.8,0.0,18.6,5.547,330.2,1.75
2025-09-21 04:44:12,2025-09-21,04:44:12,out,1.27,17.9,100.0,17.9,17.897,55.1,1.66
2025-09-21 04:44:42,2025-09-21,04:44:42,in,1.05,1310.8,0.0,18.5,5.505,316.0,1.67
2025-09-21 04:45:16,2025-09-21,04:45:16,out,0.98,17.9,100.0,17.9,17.897,56.9,1.74
2025-09-21 04:45:46,2025-09-21,04:45:46,in,0.41,1310.8,0.0,18.4,5.464,337.7,1.61
2025-09-21 04:46:20,2025-09-21,04:46:20,out,1.33,17.9,100.0,17.9,17.897,48.8,1.9
2025-09-21 04:46:50,2025-09-21,04:46:50,in,0.19,1310.8,0.0,18.5,5.505,21.6,0.47
2025-09-21 04:47:23,2025-09-21,04:47:23,out,0.58,17.9,100.0,17.9,17.897,50.0,1.57
2025-09-21 04:47:53,2025-09-21,04:47:53,in,0.12,1310.8,0.0,18.5,5.505,58.1,0.29
2025-09-21 04:48:26,2025-09-21,04:48:26,out,0.72,17.9,100.0,17.9,17.897,58.0,1.31
2025-09-21 04:48:56,2025-09-21,04:48:56,in,0.19,1310.8,0.0,18.5,5.505,338.8,0.31
2025-09-21 04:49:30,2025-09-21,04:49:30,out,1.05,17.9,100.0,17.9,17.897,61.1,1.3
2025-09-21 04:50:00,2025-09-21,04:50:00,in,0.14,1310.8,0.0,18.5,5.505,357.8,0.36
2025-09-21 04:50:34,2025-09-21,04:50:34,out,1.11,17.9,100.0,17.9,17.897,64.4,1.49
2025-09-21 04:51:04,2025-09-21,04:51:04,in,0.04,1310.8,0.0,18.5,5.505,357.8,0.15
2025-09-21 04:51:37,2025-09-21,04:51:37,out,0.73,17.8,100.0,17.8,17.796,62.3,1.11
2025-09-21 04:52:07,2025-09-21,04:52:07,in,0.15,1310.8,0.0,18.5,5.505,23.8,0.27
2025-09-21 04:52:40,2025-09-21,04:52:40,out,1.4,17.8,100.0,17.8,17.796,70.9,1.95
2025-09-21 04:53:10,2025-09-21,04:53:10,in,0.15,1310.8,0.0,18.5,5.505,46.1,0.29
2025-09-21 04:53:44,2025-09-21,04:53:44,out,1.24,17.9,100.0,17.9,17.897,66.0,1.34
2025-09-21 04:54:14,2025-09-21,04:54:14,in,0.17,1310.8,0.0,18.5,5.505,1.2,0.34
2025-09-21 04:54:48,2025-09-21,04:54:48,out,0.84,17.9,100.0,17.9,17.897,56.8,1.61
2025-09-21 04:55:18,2025-09-21,04:55:18,in,0.17,1310.8,0.0,18.5,5.505,21.6,0.33
2025-09-21 04:55:51,2025-09-21,04:55:51,out,0.87,17.9,100.0,17.9,17.897,40.2,1.81
2025-09-21 04:56:21,2025-09-21,04:56:21,in,0.12,1310.8,0.0,18.5,5.505,14.3,0.31
2025-09-21 04:56:54,2025-09-21,04:56:54,out,0.63,17.8,100.0,17.8,17.796,60.4,1.36
2025-09-21 04:57:24,2025-09-21,04:57:24,in,0.19,1310.8,0.0,18.5,5.505,31.1,0.33
2025-09-21 04:57:58,2025-09-21,04:57:58,out,0.97,17.8,100.0,17.8,17.796,62.1,1.87
2025-09-21 04:58:28,2025-09-21,04:58:28,in,0.11,1310.8,0.0,18.5,5.505,31.1,0.24
2025-09-21 04:59:02,2025-09-21,04:59:02,out,0.92,17.8,100.0,17.8,17.796,47.9,1.47
2025-09-21 04:59:32,2025-09-21,04:59:32,in,0.07,1310.8,0.0,18.5,5.505,31.1,0.13
2025-09-21 05:00:05,2025-09-21,05:00:05,out,0.91,17.8,100.0,17.8,17.796,64.4,1.64
2025-09-21 05:00:35,2025-09-21,05:00:35,in,0.85,1310.8,0.0,18.5,5.505,323.2,1.89
2025-09-21 05:01:09,2025-09-21,05:01:09,out,1.37,17.8,100.0,17.8,17.796,62.5,1.97
2025-09-21 05:01:38,2025-09-21,05:01:38,in,0.96,1310.8,0.0,18.4,5.464,337.9,1.67
2025-09-21 05:02:12,2025-09-21,05:02:12,out,1.07,17.8,100.0,17.8,17.796,57.0,1.99
2025-09-21 05:02:42,2025-09-21,05:02:42,in,0.82,1310.8,0.0,18.4,5.464,339.1,1.74
2025-09-21 05:03:16,2025-09-21,05:03:16,out,1.21,17.8,100.0,17.8,17.796,47.5,1.56
2025-09-21 05:03:46,2025-09-21,05:03:46,in,0.15,1310.8,0.0,18.4,5.464,0.0,0.56
2025-09-21 05:04:19,2025-09-21,05:04:19,out,1.04,17.8,100.0,17.8,17.796,58.4,1.7
2025-09-21 05:04:49,2025-09-21,05:04:49,in,0.11,1310.8,0.0,18.4,5.464,29.2,0.38
2025-09-21 05:05:22,2025-09-21,05:05:22,out,0.95,17.8,100.0,17.8,17.796,52.3,1.72
2025-09-21 05:05:52,2025-09-21,05:05:52,in,0.17,1310.8,0.0,18.4,5.464,75.4,0.38
2025-09-21 05:06:26,2025-09-21,05:06:26,out,0.74,17.8,100.0,17.8,17.796,38.5,1.49
2025-09-21 05:06:56,2025-09-21,05:06:56,in,0.12,1310.8,0.0,18.4,5.464,348.5,0.31
2025-09-21 05:07:30,2025-09-21,05:07:30,out,1.6,17.8,100.0,17.8,17.796,60.7,1.9
2025-09-21 05:08:00,2025-09-21,05:08:00,in,0.31,,,1310.8,,18.4,0.0
2025-09-21 05:08:33,2025-09-21,05:08:33,out,1.13,17.8,100.0,17.8,17.796,45.6,1.73
2025-09-21 05:09:03,2025-09-21,05:09:03,in,0.2,1310.8,0.0,18.4,5.464,355.7,0.3
2025-09-21 05:09:36,2025-09-21,05:09:36,out,1.28,17.8,100.0,17.8,17.796,45.3,1.6
2025-09-21 05:10:06,2025-09-21,05:10:06,in,0.19,1310.8,0.0,18.4,5.464,6.5,0.27
2025-09-21 05:10:40,2025-09-21,05:10:40,out,1.26,17.8,100.0,17.8,17.796,50.7,1.88
2025-09-21 05:11:10,2025-09-21,05:11:10,in,0.09,1310.8,0.0,18.4,5.464,6.5,0.24
2025-09-21 05:11:44,2025-09-21,05:11:44,out,1.09,17.8,100.0,17.8,17.796,54.9,1.82
2025-09-21 05:12:14,2025-09-21,05:12:14,in,0.15,1310.8,0.0,18.4,5.464,318.6,0.28
2025-09-21 05:12:47,2025-09-21,05:12:47,out,0.96,17.8,100.0,17.8,17.796,64.1,1.45
2025-09-21 05:13:17,2025-09-21,05:13:17,in,0.19,1310.8,0.0,18.4,5.464,1.8,0.34
2025-09-21 05:13:50,2025-09-21,05:13:50,out,1.24,17.8,100.0,17.8,17.796,54.9,1.68
2025-09-21 05:14:20,2025-09-21,05:14:20,in,0.04,1310.8,0.0,18.4,5.464,1.8,0.21
2025-09-21 05:14:54,2025-09-21,05:14:54,out,1.15,17.8,100.0,17.8,17.796,51.4,1.85
2025-09-21 05:15:24,2025-09-21,05:15:24,in,0.19,1310.8,0.0,18.4,5.464,6.5,0.31
2025-09-21 05:15:58,2025-09-21,05:15:58,out,1.2,17.8,100.0,17.8,17.796,45.4,1.32
2025-09-21 05:16:28,2025-09-21,05:16:28,in,0.17,1310.8,0.0,18.4,5.464,31.8,0.29
2025-09-21 05:17:01,2025-09-21,05:17:01,out,0.63,17.7,100.0,17.7,17.695,52.5,1.32
2025-09-21 05:17:31,2025-09-21,05:17:31,in,1.25,1310.8,0.0,18.4,5.464,329.9,1.77
2025-09-21 05:18:04,2025-09-21,05:18:04,out,1.28,17.7,100.0,17.7,17.695,34.3,1.63
2025-09-21 05:18:34,2025-09-21,05:18:34,in,1.12,1310.8,0.0,18.4,5.464,322.7,1.72
2025-09-21 05:19:08,2025-09-21,05:19:08,out,1.18,17.7,100.0,17.7,17.695,62.5,1.52
2025-09-21 05:19:38,2025-09-21,05:19:38,in,1.01,1310.8,0.0,18.3,5.422,331.8,2.08
2025-09-21 05:20:12,2025-09-21,05:20:12,out,0.98,17.7,100.0,17.7,17.695,54.9,1.58
2025-09-21 05:20:42,2025-09-21,05:20:42,in,0.13,1310.8,0.0,18.3,5.422,332.2,0.72
2025-09-21 05:21:15,2025-09-21,05:21:15,out,0.87,17.7,100.0,17.7,17.695,43.3,1.32
2025-09-21 05:21:45,2025-09-21,05:21:45,in,0.16,1310.8,0.0,18.4,5.464,11.1,0.23
2025-09-21 05:22:18,2025-09-21,05:22:18,out,1.4,17.7,100.0,17.7,17.695,40.7,1.73
2025-09-21 05:22:48,2025-09-21,05:22:48,in,0.17,1310.8,0.0,18.3,5.422,337.2,0.27
2025-09-21 05:23:22,2025-09-21,05:23:22,out,0.98,17.7,100.0,17.7,17.695,48.1,1.58
2025-09-21 05:23:52,2025-09-21,05:23:52,in,0.13,1310.8,0.0,18.4,5.464,337.2,0.15
2025-09-21 05:24:26,2025-09-21,05:24:26,out,0.94,17.7,100.0,17.7,17.695,52.7,1.5
2025-09-21 05:24:56,2025-09-21,05:24:56,in,0.27,1310.8,0.0,18.4,5.464,3.8,0.43
2025-09-21 05:25:29,2025-09-21,05:25:29,out,1.07,17.7,100.0,17.7,17.695,52.1,1.26
2025-09-21 05:25:59,2025-09-21,05:25:59,in,0.2,1310.8,0.0,18.4,5.464,336.7,0.33
2025-09-21 05:26:32,2025-09-21,05:26:32,out,0.89,17.7,100.0,17.7,17.695,37.3,1.4
2025-09-21 05:27:02,2025-09-21,05:27:02,in,0.18,1310.8,0.0,18.4,5.464,10.0,0.36
2025-09-21 05:27:36,2025-09-21,05:27:36,out,1.32,17.6,100.0,17.6,17.594,61.8,1.52
2025-09-21 05:28:06,2025-09-21,05:28:06,in,0.3,1310.8,0.0,18.4,5.464,34.9,0.35
2025-09-21 05:28:40,2025-09-21,05:28:40,out,0.96,17.6,100.0,17.6,17.594,55.8,1.53
2025-09-21 05:29:10,2025-09-21,05:29:10,in,0.27,1310.8,0.0,18.4,5.464,11.1,0.4
2025-09-21 05:29:43,2025-09-21,05:29:43,out,1.19,17.6,100.0,17.6,17.594,55.0,1.54
2025-09-21 05:30:13,2025-09-21,05:30:13,in,0.14,1310.8,0.0,18.4,5.464,19.3,0.26
2025-09-21 05:30:47,2025-09-21,05:30:47,out,0.97,17.6,100.0,17.6,17.594,54.3,1.59
2025-09-21 05:31:16,2025-09-21,05:31:16,in,0.28,1310.8,0.0,18.4,5.464,32.4,0.36
2025-09-21 05:31:50,2025-09-21,05:31:50,out,0.92,17.6,100.0,17.6,17.594,45.5,1.77
2025-09-21 05:32:20,2025-09-21,05:32:20,in,0.23,1310.8,0.0,18.4,5.464,12.3,0.34
2025-09-21 05:32:54,2025-09-21,05:32:54,out,1.03,17.6,100.0,17.6,17.594,66.7,1.38
2025-09-21 05:33:24,2025-09-21,05:33:24,in,0.17,1310.8,0.0,18.4,5.464,336.9,0.33
2025-09-21 05:33:58,2025-09-21,05:33:58,out,1.13,17.6,100.0,17.6,17.594,61.9,1.61
2025-09-21 05:34:27,2025-09-21,05:34:27,in,1.24,1310.8,0.0,18.4,5.464,316.8,2.19
2025-09-21 05:35:01,2025-09-21,05:35:01,out,1.25,17.6,100.0,17.6,17.594,54.1,1.63
2025-09-21 05:35:30,2025-09-21,05:35:30,in,0.98,1310.8,0.0,18.3,5.422,322.5,1.68
2025-09-21 05:36:04,2025-09-21,05:36:04,out,1.15,17.6,100.0,17.6,17.594,62.3,1.61
2025-09-21 05:36:34,2025-09-21,05:36:34,in,1.16,1310.8,0.0,18.2,5.38,326.2,1.88
2025-09-21 05:37:08,2025-09-21,05:37:08,out,1.34,17.6,100.0,17.6,17.594,51.9,1.67
2025-09-21 05:37:38,2025-09-21,05:37:38,in,0.15,1310.8,0.0,18.2,5.38,41.8,0.8
2025-09-21 05:38:12,2025-09-21,05:38:12,out,0.96,17.5,100.0,17.5,17.494,59.5,1.46
2025-09-21 05:38:41,2025-09-21,05:38:41,in,0.1,1310.8,0.0,18.2,5.38,41.8,0.27
2025-09-21 05:39:15,2025-09-21,05:39:15,out,1.16,17.5,100.0,17.5,17.494,69.9,1.38
2025-09-21 05:39:44,2025-09-21,05:39:44,in,0.11,1310.8,0.0,18.2,5.38,41.8,0.19
2025-09-21 05:40:18,2025-09-21,05:40:18,out,0.66,17.5,100.0,17.5,17.494,60.0,1.08
2025-09-21 05:40:48,2025-09-21,05:40:48,in,0.03,1310.8,0.0,18.2,5.38,41.8,0.18
2025-09-21 05:41:22,2025-09-21,05:41:22,out,1.34,17.5,100.0,17.5,17.494,58.2,1.59
2025-09-21 05:41:52,2025-09-21,05:41:52,in,0.11,1310.8,0.0,18.2,5.38,41.8,0.19
2025-09-21 05:42:26,2025-09-21,05:42:26,out,1.07,17.5,100.0,17.5,17.494,55.9,1.38
2025-09-21 05:42:55,2025-09-21,05:42:55,in,0.13,1310.8,0.0,18.3,5.422,41.8,0.23
2025-09-21 05:43:29,2025-09-21,05:43:29,out,0.8,17.5,100.0,17.5,17.494,70.7,1.46
2025-09-21 05:43:58,2025-09-21,05:43:58,in,0.12,1310.8,0.0,18.3,5.422,41.8,0.18
2025-09-21 05:44:32,2025-09-21,05:44:32,out,1.13,17.5,100.0,17.5,17.494,53.0,1.3
2025-09-21 05:45:02,2025-09-21,05:45:02,in,0.08,1310.8,0.0,18.3,5.422,41.8,0.18
2025-09-21 05:45:36,2025-09-21,05:45:36,out,0.99,17.5,100.0,17.5,17.494,66.3,1.21
2025-09-21 05:46:06,2025-09-21,05:46:06,in,0.12,1310.8,0.0,18.3,5.422,41.8,0.23
2025-09-21 05:46:40,2025-09-21,05:46:40,out,0.84,17.5,100.0,17.5,17.494,66.7,1.19
2025-09-21 05:47:09,2025-09-21,05:47:09,in,0.08,1310.8,0.0,18.3,5.422,41.8,0.24
2025-09-21 05:47:43,2025-09-21,05:47:43,out,0.81,17.4,100.0,17.4,17.393,59.8,1.06
2025-09-21 05:48:12,2025-09-21,05:48:12,in,0.1,1310.8,0.0,18.3,5.422,41.8,0.23
2025-09-21 05:48:46,2025-09-21,05:48:46,out,0.56,17.4,100.0,17.4,17.393,43.0,0.87
2025-09-21 05:49:16,2025-09-21,05:49:16,in,0.15,1310.8,0.0,18.3,5.422,41.8,0.18
2025-09-21 05:49:50,2025-09-21,05:49:50,out,0.7,17.4,100.0,17.4,17.393,66.3,0.83
2025-09-21 05:50:20,2025-09-21,05:50:20,in,0.03,1310.8,0.0,18.3,5.422,41.8,0.22
2025-09-21 05:50:54,2025-09-21,05:50:54,out,0.46,17.4,100.0,17.4,17.393,40.7,0.82
2025-09-21 05:51:23,2025-09-21,05:51:23,in,1.11,1310.8,0.0,18.2,5.38,321.2,2.12
2025-09-21 05:51:57,2025-09-21,05:51:57,out,0.91,17.4,100.0,17.4,17.393,75.9,1.04
2025-09-21 05:52:26,2025-09-21,05:52:26,in,0.77,1310.8,0.0,18.1,5.339,341.3,1.98
2025-09-21 05:53:00,2025-09-21,05:53:00,out,1.0,17.4,100.0,17.4,17.393,60.7,1.13
2025-09-21 05:53:30,2025-09-21,05:53:30,in,0.78,1310.8,0.0,18.0,5.297,336.6,1.69
2025-09-21 05:54:04,2025-09-21,05:54:04,out,0.94,17.4,100.0,17.4,17.393,66.1,1.16
2025-09-21 05:54:34,2025-09-21,05:54:34,in,0.16,1310.8,0.0,18.0,5.297,6.6,1.52
2025-09-21 05:55:08,2025-09-21,05:55:08,out,0.47,17.4,100.0,17.4,17.393,48.6,1.24
2025-09-21 05:55:37,2025-09-21,05:55:37,in,0.15,1310.8,0.0,18.0,5.297,9.0,0.29
2025-09-21 05:56:11,2025-09-21,05:56:11,out,0.75,17.4,100.0,17.4,17.393,54.9,1.39
2025-09-21 05:56:40,2025-09-21,05:56:40,in,0.22,1310.8,0.0,18.1,5.339,4.1,0.37
2025-09-21 05:57:14,2025-09-21,05:57:14,out,1.26,17.4,100.0,17.4,17.393,59.8,1.47
2025-09-21 05:57:44,2025-09-21,05:57:44,in,0.35,1310.8,0.0,18.1,5.339,4.0,0.43
2025-09-21 05:58:18,2025-09-21,05:58:18,out,1.18,17.4,100.0,17.4,17.393,57.1,1.42
2025-09-21 05:58:48,2025-09-21,05:58:48,in,0.37,1310.8,0.0,18.1,5.339,351.5,0.46
2025-09-21 05:59:22,2025-09-21,05:59:22,out,1.05,17.4,100.0,17.4,17.393,54.2,1.45
2025-09-21 05:59:51,2025-09-21,05:59:51,in,0.22,1310.8,0.0,18.1,5.339,11.8,0.38
2025-09-21 06:00:25,2025-09-21,06:00:25,out,1.02,17.4,100.0,17.4,17.393,63.0,1.23
2025-09-21 06:00:54,2025-09-21,06:00:54,in,0.18,1310.8,0.0,18.1,5.339,20.0,0.32
2025-09-21 06:01:28,2025-09-21,06:01:28,out,1.29,17.4,100.0,17.4,17.393,66.0,1.52
2025-09-21 06:01:58,2025-09-21,06:01:58,in,0.21,1310.8,0.0,18.1,5.339,28.6,0.34
2025-09-21 06:02:32,2025-09-21,06:02:32,out,1.13,17.4,100.0,17.4,17.393,50.8,1.55
2025-09-21 06:03:02,2025-09-21,06:03:02,in,0.16,1310.8,0.0,18.1,5.339,29.3,0.24
2025-09-21 06:03:36,2025-09-21,06:03:36,out,0.77,17.4,100.0,17.4,17.393,45.3,1.15
2025-09-21 06:04:05,2025-09-21,06:04:05,in,0.19,1310.8,0.0,18.1,5.339,29.3,0.24
2025-09-21 06:04:39,2025-09-21,06:04:39,out,0.7,17.4,100.0,17.4,17.393,46.8,1.14
2025-09-21 06:05:08,2025-09-21,06:05:08,in,0.19,1310.8,0.0,18.1,5.339,20.9,0.26
2025-09-21 06:05:42,2025-09-21,06:05:42,out,0.78,17.3,100.0,17.3,17.292,47.9,1.53
2025-09-21 06:06:12,2025-09-21,06:06:12,in,0.16,1310.8,0.0,18.1,5.339,9.8,0.27
2025-09-21 06:06:46,2025-09-21,06:06:46,out,1.06,17.3,100.0,17.3,17.292,51.9,1.43
2025-09-21 06:07:16,2025-09-21,06:07:16,in,0.27,1310.8,0.0,18.1,5.339,6.4,0.36
2025-09-21 06:07:50,2025-09-21,06:07:50,out,0.87,17.3,100.0,17.3,17.292,65.1,1.22
2025-09-21 06:08:19,2025-09-21,06:08:19,in,1.32,1310.8,0.0,18.1,5.339,324.4,1.97
2025-09-21 06:08:54,2025-09-21,06:08:54,out,1.25,,,17.3,,17.3,10.0
2025-09-21 06:09:22,2025-09-21,06:09:22,in,1.19,1310.8,0.0,18.0,5.297,327.9,1.94
2025-09-21 06:09:56,2025-09-21,06:09:56,out,1.05,17.3,100.0,17.3,17.292,65.3,1.2
2025-09-21 06:10:26,2025-09-21,06:10:26,in,1.14,1310.8,0.0,17.9,5.256,325.0,1.62
2025-09-21 06:11:00,2025-09-21,06:11:00,out,0.56,17.3,100.0,17.3,17.292,89.1,1.04
2025-09-21 06:11:30,2025-09-21,06:11:30,in,0.21,1310.8,0.0,17.9,5.256,18.3,1.62
2025-09-21 06:12:04,2025-09-21,06:12:04,out,0.36,17.3,100.0,17.3,17.292,69.4,0.63
2025-09-21 06:12:33,2025-09-21,06:12:33,in,0.23,1310.8,0.0,17.9,5.256,21.1,0.27
2025-09-21 06:13:07,2025-09-21,06:13:07,out,0.71,17.3,100.0,17.2,17.192,89.7,1.03
2025-09-21 06:13:36,2025-09-21,06:13:36,in,0.06,1310.8,0.0,17.9,5.256,13.8,0.26
2025-09-21 06:14:10,2025-09-21,06:14:10,out,0.43,17.2,100.0,17.2,17.192,52.5,0.76
2025-09-21 06:14:40,2025-09-21,06:14:40,in,0.19,1310.8,0.0,17.9,5.256,357.8,0.28
2025-09-21 06:15:14,2025-09-21,06:15:14,out,0.72,17.2,100.0,17.2,17.192,51.9,0.88
2025-09-21 06:15:44,2025-09-21,06:15:44,in,0.2,1310.8,0.0,18.0,5.297,350.7,0.31
2025-09-21 06:16:18,2025-09-21,06:16:18,out,0.81,17.2,100.0,17.2,17.192,58.4,1.02
2025-09-21 06:16:47,2025-09-21,06:16:47,in,0.2,1310.8,0.0,18.0,5.297,344.9,0.36
2025-09-21 06:17:21,2025-09-21,06:17:21,out,0.82,17.2,100.0,17.2,17.192,67.5,1.16
2025-09-21 06:17:50,2025-09-21,06:17:50,in,0.16,1310.8,0.0,18.0,5.297,345.9,0.28
2025-09-21 06:18:24,2025-09-21,06:18:24,out,0.8,17.2,100.0,17.2,17.192,58.4,1.27
2025-09-21 06:18:54,2025-09-21,06:18:54,in,0.11,1310.8,0.0,18.0,5.297,345.9,0.2
2025-09-21 06:19:28,2025-09-21,06:19:28,out,0.63,17.2,100.0,17.2,17.192,59.0,0.82
2025-09-21 06:19:58,2025-09-21,06:19:58,in,0.19,1310.8,0.0,18.0,5.297,354.8,0.27
2025-09-21 06:20:32,2025-09-21,06:20:32,out,0.82,17.1,100.0,17.1,17.091,72.5,0.88
2025-09-21 06:21:01,2025-09-21,06:21:01,in,0.38,1310.8,0.0,18.0,5.297,349.1,0.5
2025-09-21 06:21:35,2025-09-21,06:21:35,out,0.6,17.1,100.0,17.1,17.091,37.4,1.08
2025-09-21 06:22:04,2025-09-21,06:22:04,in,0.46,1310.8,0.0,18.0,5.297,348.1,0.54
2025-09-21 06:22:39,2025-09-21,06:22:39,out,0.99,17.1,100.0,17.1,17.091,20.1,1.41
2025-09-21 06:23:08,2025-09-21,06:23:08,in,0.37,1310.8,0.0,17.9,5.256,342.8,0.56
2025-09-21 06:23:42,2025-09-21,06:23:42,out,1.13,17.1,100.0,17.1,17.091,38.1,1.33
2025-09-21 06:24:12,2025-09-21,06:24:12,in,0.38,1310.8,0.0,17.9,5.256,329.0,0.48
2025-09-21 06:24:46,2025-09-21,06:24:46,out,0.95,17.1,100.0,17.1,17.091,36.6,1.62
2025-09-21 06:25:15,2025-09-21,06:25:15,in,1.15,1310.8,0.0,17.8,5.214,331.1,2.16
2025-09-21 06:25:50,2025-09-21,06:25:50,out,1.02,17.1,100.0,17.1,17.091,45.4,1.38
2025-09-21 06:26:18,2025-09-21,06:26:18,in,1.16,1310.8,0.0,17.7,5.172,336.6,1.84
2025-09-21 06:26:53,2025-09-21,06:26:53,out,0.94,17.0,100.0,17.0,16.99,23.7,1.34
2025-09-21 06:27:22,2025-09-21,06:27:22,in,1.24,1310.8,0.0,17.6,5.131,324.9,1.75
2025-09-21 06:27:56,2025-09-21,06:27:56,out,1.16,17.0,100.0,17.0,16.99,39.6,1.45
2025-09-21 06:28:26,2025-09-21,06:28:26,in,0.31,1310.8,0.0,17.6,5.131,352.8,1.48
2025-09-21 06:29:00,2025-09-21,06:29:00,out,0.91,17.0,100.0,17.0,16.99,34.3,1.4
2025-09-21 06:29:29,2025-09-21,06:29:29,in,0.43,1310.8,0.0,17.6,5.131,342.8,0.46
2025-09-21 06:30:04,2025-09-21,06:30:04,out,1.35,17.0,100.0,17.0,16.99,48.4,1.7
2025-09-21 06:30:32,2025-09-21,06:30:32,in,0.45,1310.8,0.0,17.6,5.131,345.6,0.62
2025-09-21 06:31:07,2025-09-21,06:31:07,out,1.44,16.9,100.0,16.9,16.889,35.2,1.7
2025-09-21 06:31:36,2025-09-21,06:31:36,in,0.43,1310.8,0.0,17.6,5.131,349.1,0.56
2025-09-21 06:32:10,2025-09-21,06:32:10,out,1.42,16.9,100.0,16.9,16.889,32.5,1.89
2025-09-21 06:32:40,2025-09-21,06:32:40,in,0.53,1310.8,0.0,17.6,5.131,333.6,0.75
2025-09-21 06:33:14,2025-09-21,06:33:14,out,1.55,16.9,100.0,16.9,16.889,38.5,2.06
2025-09-21 06:33:43,2025-09-21,06:33:43,in,0.57,1310.8,0.0,17.5,5.089,335.4,0.7
2025-09-21 06:34:18,2025-09-21,06:34:18,out,1.86,16.9,100.0,16.9,16.889,40.0,2.09
2025-09-21 06:34:46,2025-09-21,06:34:46,in,0.38,1310.8,0.0,17.5,5.089,341.1,0.82
2025-09-21 06:35:21,2025-09-21,06:35:21,out,1.5,16.8,100.0,16.8,16.789,41.1,1.93
2025-09-21 06:35:50,2025-09-21,06:35:50,in,0.29,1310.8,0.0,17.5,5.089,339.1,0.58
2025-09-21 06:36:24,2025-09-21,06:36:24,out,1.4,16.8,100.0,16.8,16.789,49.3,2.01
2025-09-21 06:36:54,2025-09-21,06:36:54,in,0.22,1310.8,0.0,17.5,5.089,334.1,0.46
2025-09-21 06:37:28,2025-09-21,06:37:28,out,1.3,16.7,100.0,16.7,16.688,40.9,1.61
2025-09-21 06:37:57,2025-09-21,06:37:57,in,0.31,1310.8,0.0,17.5,5.089,15.4,0.39
2025-09-21 06:38:32,2025-09-21,06:38:32,out,1.13,16.7,100.0,16.7,16.688,66.2,1.65
2025-09-21 06:39:00,2025-09-21,06:39:00,in,0.05,1310.8,0.0,17.5,5.089,10.3,0.3
2025-09-21 06:39:35,2025-09-21,06:39:35,out,0.83,16.7,100.0,16.7,16.688,59.7,1.57
2025-09-21 06:40:04,2025-09-21,06:40:04,in,0.1,1310.8,0.0,17.6,5.131,10.3,0.24
2025-09-21 06:40:38,2025-09-21,06:40:38,out,1.26,16.7,100.0,16.7,16.688,40.4,1.73
2025-09-21 06:41:08,2025-09-21,06:41:08,in,0.13,1310.8,0.0,17.6,5.131,10.3,0.17
2025-09-21 06:41:42,2025-09-21,06:41:42,out,1.24,16.7,100.0,16.7,16.688,63.2,2.32
2025-09-21 06:42:12,2025-09-21,06:42:12,in,1.92,,,1310.8,,17.6,0.0
2025-09-21 06:42:46,2025-09-21,06:42:46,out,1.41,16.7,100.0,16.7,16.688,65.3,1.81
2025-09-21 06:43:14,2025-09-21,06:43:14,in,0.83,1310.8,0.0,17.4,5.047,329.4,2.35
2025-09-21 06:43:49,2025-09-21,06:43:49,out,1.65,16.7,100.0,16.7,16.688,55.5,2.02
2025-09-21 06:44:18,2025-09-21,06:44:18,in,0.86,1310.8,0.0,17.4,5.047,335.0,1.43
2025-09-21 06:44:52,2025-09-21,06:44:52,out,1.28,16.7,100.0,16.7,16.688,53.4,2.1
2025-09-21 06:45:22,2025-09-21,06:45:22,in,0.32,1310.8,0.0,17.3,5.006,323.3,1.1
2025-09-21 06:45:56,2025-09-21,06:45:56,out,1.38,16.7,100.0,16.7,16.688,50.9,2.04
2025-09-21 06:46:25,2025-09-21,06:46:25,in,0.14,1310.8,0.0,17.4,5.047,321.9,0.4
2025-09-21 06:47:00,2025-09-21,06:47:00,out,1.54,16.7,100.0,16.7,16.688,55.4,1.83
2025-09-21 06:47:28,2025-09-21,06:47:28,in,0.15,1310.8,0.0,17.4,5.047,321.9,0.17
2025-09-21 06:48:03,2025-09-21,06:48:03,out,1.3,16.6,100.0,16.6,16.587,71.3,1.66
2025-09-21 06:48:32,2025-09-21,06:48:32,in,0.28,1310.8,0.0,17.4,5.047,105.9,0.38
2025-09-21 06:49:06,2025-09-21,06:49:06,out,1.18,16.6,100.0,16.6,16.587,60.0,2.09
2025-09-21 06:49:36,2025-09-21,06:49:36,in,0.14,1310.8,0.0,17.4,5.047,101.3,0.43
2025-09-21 06:50:10,2025-09-21,06:50:10,out,1.8,16.6,100.0,16.6,16.587,65.7,2.09
2025-09-21 06:50:39,2025-09-21,06:50:39,in,0.2,1310.8,0.0,17.4,5.047,66.7,0.33
2025-09-21 06:51:14,2025-09-21,06:51:14,out,1.27,16.6,100.0,16.6,16.587,65.7,2.15
2025-09-21 06:51:42,2025-09-21,06:51:42,in,0.08,1310.8,0.0,17.4,5.047,69.3,0.36
2025-09-21 06:52:17,2025-09-21,06:52:17,out,1.31,16.6,100.0,16.6,16.587,57.2,2.29
2025-09-21 06:52:46,2025-09-21,06:52:46,in,0.13,1310.8,0.0,17.4,5.047,69.3,0.18
2025-09-21 06:53:20,2025-09-21,06:53:20,out,1.22,16.6,100.0,16.6,16.587,65.0,1.72
2025-09-21 06:53:50,2025-09-21,06:53:50,in,0.25,1310.8,0.0,17.5,5.089,312.2,0.3
2025-09-21 06:54:24,2025-09-21,06:54:24,out,1.32,16.6,100.0,16.6,16.587,48.6,1.61
2025-09-21 06:54:53,2025-09-21,06:54:53,in,0.09,1310.8,0.0,17.5,5.089,323.2,0.28
2025-09-21 06:55:28,2025-09-21,06:55:28,out,0.92,16.6,100.0,16.6,16.587,65.6,1.2
2025-09-21 06:55:56,2025-09-21,06:55:56,in,0.08,1310.8,0.0,17.5,5.089,323.2,0.27
2025-09-21 06:56:31,2025-09-21,06:56:31,out,0.87,16.5,100.0,16.5,16.487,52.3,1.29
2025-09-21 06:57:00,2025-09-21,06:57:00,in,0.28,1310.8,0.0,17.5,5.089,115.0,0.33
2025-09-21 06:57:34,2025-09-21,06:57:34,out,0.78,16.6,100.0,16.6,16.587,61.4,1.79
2025-09-21 06:58:04,2025-09-21,06:58:04,in,0.14,1310.8,0.0,17.5,5.089,91.7,0.41
2025-09-21 06:58:38,2025-09-21,06:58:38,out,0.95,16.5,100.0,16.5,16.487,68.8,1.27
2025-09-21 06:59:07,2025-09-21,06:59:07,in,1.54,1310.8,0.0,17.5,5.089,327.8,2.0
2025-09-21 06:59:42,2025-09-21,06:59:42,out,1.11,16.5,100.0,16.5,16.487,70.5,1.67
2025-09-21 07:00:10,2025-09-21,07:00:10,in,1.18,1310.8,0.0,17.4,5.047,318.3,2.32
2025-09-21 07:00:45,2025-09-21,07:00:45,out,1.21,16.5,100.0,16.5,16.487,61.2,1.48
2025-09-21 07:01:14,2025-09-21,07:01:14,in,0.99,1310.8,0.0,17.3,5.006,326.3,2.06
2025-09-21 07:01:48,2025-09-21,07:01:48,out,1.58,16.5,100.0,16.5,16.487,57.7,1.74
2025-09-21 07:02:18,2025-09-21,07:02:18,in,0.27,1310.8,0.0,17.3,5.006,27.8,2.1
2025-09-21 07:02:52,2025-09-21,07:02:52,out,1.29,16.6,100.0,16.6,16.587,66.4,1.98
2025-09-21 07:03:21,2025-09-21,07:03:21,in,0.29,1310.8,0.0,17.3,5.006,23.1,0.44
2025-09-21 07:03:56,2025-09-21,07:03:56,out,1.34,16.5,100.0,16.5,16.487,54.8,1.83
2025-09-21 07:04:24,2025-09-21,07:04:24,in,0.19,1310.8,0.0,17.3,5.006,62.2,0.35
2025-09-21 07:04:59,2025-09-21,07:04:59,out,1.15,16.6,100.0,16.6,16.587,63.4,1.85
2025-09-21 07:05:28,2025-09-21,07:05:28,in,0.12,1310.8,0.0,17.3,5.006,44.4,0.32
2025-09-21 07:06:03,2025-09-21,07:06:03,out,1.04,16.5,100.0,16.5,16.487,62.7,1.64
2025-09-21 07:06:32,2025-09-21,07:06:32,in,0.14,1310.8,0.0,17.4,5.047,2.6,0.31
2025-09-21 07:07:06,2025-09-21,07:07:06,out,1.61,16.5,100.0,16.5,16.487,65.1,2.12
2025-09-21 07:07:35,2025-09-21,07:07:35,in,0.24,1310.8,0.0,17.4,5.047,335.9,0.32
2025-09-21 07:08:10,2025-09-21,07:08:10,out,1.02,16.6,100.0,16.6,16.587,56.3,2.1
2025-09-21 07:08:38,2025-09-21,07:08:38,in,0.34,1310.8,0.0,17.3,5.006,329.2,0.42
2025-09-21 07:09:14,2025-09-21,07:09:14,out,1.33,16.6,100.0,16.6,16.587,58.3,2.19
2025-09-21 07:10:11,2025-09-21,07:10:11,in,0.17,1310.8,0.0,17.4,5.047,3.9,0.38
2025-09-21 07:10:17,2025-09-21,07:10:17,out,0.73,16.6,100.0,16.6,16.587,59.8,1.9
2025-09-21 07:11:20,2025-09-21,07:11:20,out,0.73,16.6,100.0,16.6,16.587,65.6,0.84
2025-09-21 07:11:48,2025-09-21,07:11:48,in,0.06,1310.8,0.0,17.4,5.047,10.8,0.41
2025-09-21 07:12:24,2025-09-21,07:12:24,out,1.06,16.6,100.0,16.6,16.587,70.4,1.37
2025-09-21 07:12:51,2025-09-21,07:12:51,in,0.07,1310.8,0.0,17.4,5.047,10.8,0.13
2025-09-21 07:13:28,2025-09-21,07:13:28,out,0.73,16.6,100.0,16.6,16.587,45.4,1.54
2025-09-21 07:13:54,2025-09-21,07:13:54,in,0.15,1310.8,0.0,17.4,5.047,1.6,0.33
2025-09-21 07:14:31,2025-09-21,07:14:31,out,0.98,16.7,100.0,16.7,16.688,53.6,1.77
2025-09-21 07:14:58,2025-09-21,07:14:58,in,0.26,1310.8,0.0,17.4,5.047,0.0,0.32
2025-09-21 07:15:34,2025-09-21,07:15:34,out,1.74,16.6,100.0,16.7,16.688,44.4,2.13
2025-09-21 07:16:02,2025-09-21,07:16:02,in,0.32,1310.8,0.0,17.4,5.047,6.8,0.51
2025-09-21 07:16:38,2025-09-21,07:16:38,out,1.6,16.7,100.0,16.7,16.688,52.6,2.11
2025-09-21 07:17:05,2025-09-21,07:17:05,in,1.26,1310.8,0.0,17.4,5.047,338.6,2.22
2025-09-21 07:17:42,2025-09-21,07:17:42,out,1.32,16.7,100.0,16.7,16.688,56.8,2.21
2025-09-21 07:18:08,2025-09-21,07:18:08,in,1.19,1310.8,0.0,17.4,5.047,328.2,2.15
2025-09-21 07:18:45,2025-09-21,07:18:45,out,1.3,16.8,100.0,16.8,16.789,54.2,1.85
2025-09-21 07:19:12,2025-09-21,07:19:12,in,1.39,1310.8,0.0,17.4,5.047,330.6,2.32
2025-09-21 07:19:48,2025-09-21,07:19:48,out,0.82,16.8,100.0,16.8,16.789,28.6,2.3
2025-09-21 07:20:16,2025-09-21,07:20:16,in,0.15,1310.8,0.0,17.4,5.047,53.2,0.78
2025-09-21 07:20:52,2025-09-21,07:20:52,out,0.61,16.8,100.0,16.8,16.789,66.7,1.39
2025-09-21 07:21:19,2025-09-21,07:21:19,in,0.27,1310.8,0.0,17.4,5.047,28.5,0.45
2025-09-21 07:21:56,2025-09-21,07:21:56,out,0.94,16.8,100.0,16.8,16.789,62.5,1.4
2025-09-21 07:22:22,2025-09-21,07:22:22,in,0.24,1310.8,0.0,17.4,5.047,335.9,0.35
2025-09-21 07:22:59,2025-09-21,07:22:59,out,1.31,16.9,100.0,16.9,16.889,49.7,1.82
2025-09-21 07:23:26,2025-09-21,07:23:26,in,0.17,1310.8,0.0,17.5,5.089,263.3,0.28
2025-09-21 07:24:02,2025-09-21,07:24:02,out,0.64,16.9,100.0,16.9,16.889,57.1,1.43
2025-09-21 07:24:30,2025-09-21,07:24:30,in,0.13,1310.8,0.0,17.5,5.089,309.0,0.29
2025-09-21 07:25:06,2025-09-21,07:25:06,out,1.59,17.0,100.0,17.0,16.99,65.3,2.13
2025-09-21 07:25:33,2025-09-21,07:25:33,in,0.2,1310.8,0.0,17.5,5.089,267.9,0.26
2025-09-21 07:26:10,2025-09-21,07:26:10,out,1.26,17.0,100.0,17.0,16.99,33.3,1.75
2025-09-21 07:26:36,2025-09-21,07:26:36,in,0.17,1310.8,0.0,17.6,5.131,340.0,0.28
2025-09-21 07:27:13,2025-09-21,07:27:13,out,1.72,17.0,100.0,17.0,16.99,63.3,2.47
2025-09-21 07:27:40,2025-09-21,07:27:40,in,0.09,1310.8,0.0,17.6,5.131,329.5,0.3
2025-09-21 07:28:16,2025-09-21,07:28:16,out,0.72,17.1,100.0,17.1,17.091,75.2,1.93
2025-09-21 07:28:44,2025-09-21,07:28:44,in,0.07,1310.8,0.0,17.6,5.131,329.5,0.16
2025-09-21 07:29:20,2025-09-21,07:29:20,out,0.47,17.1,100.0,17.1,17.091,35.9,0.85
2025-09-21 07:29:47,2025-09-21,07:29:47,in,0.08,1310.8,0.0,17.6,5.131,329.5,0.24
2025-09-21 07:30:24,2025-09-21,07:30:24,out,0.3,17.2,100.0,17.2,17.192,50.3,1.07
2025-09-21 07:30:51,2025-09-21,07:30:51,in,0.19,1310.8,0.0,17.7,5.172,329.5,0.3
2025-09-21 07:31:27,2025-09-21,07:31:27,out,0.75,17.2,100.0,17.2,17.192,38.6,1.37
2025-09-21 07:31:54,2025-09-21,07:31:54,in,0.39,1310.8,0.0,17.7,5.172,338.8,0.57
2025-09-21 07:32:30,2025-09-21,07:32:30,out,1.23,17.3,100.0,17.3,17.292,46.7,1.43
2025-09-21 07:32:58,2025-09-21,07:32:58,in,0.49,1310.8,0.0,17.8,5.214,341.4,0.6
2025-09-21 07:33:34,2025-09-21,07:33:34,out,0.81,17.3,100.0,17.3,17.292,31.8,1.41
2025-09-21 07:34:02,2025-09-21,07:34:02,in,1.39,1310.8,0.0,17.9,5.256,323.9,2.49
2025-09-21 07:34:38,2025-09-21,07:34:38,out,1.04,17.3,100.0,17.3,17.292,35.4,1.73
2025-09-21 07:35:05,2025-09-21,07:35:05,in,1.88,1310.8,0.0,17.9,5.256,327.7,2.84
2025-09-21 07:35:41,2025-09-21,07:35:41,out,1.33,,,17.4,,35.9,1.63
2025-09-21 07:36:08,2025-09-21,07:36:08,in,1.69,1310.8,0.0,17.9,5.256,324.0,2.31
2025-09-21 07:36:44,2025-09-21,07:36:44,out,0.75,17.4,100.0,17.4,17.393,48.0,1.37
2025-09-21 07:37:12,2025-09-21,07:37:12,in,0.09,1310.8,0.0,17.9,5.256,349.8,1.52
2025-09-21 07:37:48,2025-09-21,07:37:48,out,0.8,17.4,100.0,17.4,17.393,43.6,1.26
2025-09-21 07:38:16,2025-09-21,07:38:16,in,0.25,1310.8,0.0,18.0,5.297,342.8,0.47
2025-09-21 07:38:52,2025-09-21,07:38:52,out,0.4,17.5,100.0,17.5,17.494,61.2,1.44
2025-09-21 07:39:19,2025-09-21,07:39:19,in,0.17,1310.8,0.0,18.0,5.297,49.1,0.46
2025-09-21 07:39:55,2025-09-21,07:39:55,out,0.61,17.5,100.0,17.5,17.494,30.5,1.32
2025-09-21 07:40:22,2025-09-21,07:40:22,in,0.39,1310.8,0.0,18.0,5.297,354.1,0.45
2025-09-21 07:40:58,2025-09-21,07:40:58,out,0.65,17.6,100.0,17.6,17.594,3.6,1.41
2025-09-21 07:41:26,2025-09-21,07:41:26,in,0.28,1310.8,0.0,18.1,5.339,5.2,0.49
2025-09-21 07:42:02,2025-09-21,07:42:02,out,1.48,17.6,100.0,17.6,17.594,40.1,1.89
2025-09-21 07:42:30,2025-09-21,07:42:30,in,0.39,1310.8,0.0,18.2,5.38,348.6,0.47
2025-09-21 07:43:06,2025-09-21,07:43:06,out,1.14,17.7,100.0,17.7,17.695,33.7,1.7
2025-09-21 07:43:33,2025-09-21,07:43:33,in,0.32,1310.8,0.0,18.2,5.38,350.9,0.43
2025-09-21 07:44:09,2025-09-21,07:44:09,out,1.73,17.7,100.0,17.7,17.695,37.4,2.34
2025-09-21 07:44:36,2025-09-21,07:44:36,in,0.31,1310.8,0.0,18.3,5.422,8.4,0.46
2025-09-21 07:45:12,2025-09-21,07:45:12,out,1.28,17.7,100.0,17.7,17.695,44.9,2.27
2025-09-21 07:45:40,2025-09-21,07:45:40,in,0.21,1310.8,0.0,18.3,5.422,345.0,0.44
2025-09-21 07:46:16,2025-09-21,07:46:16,out,1.21,17.7,100.0,17.7,17.695,65.7,2.59
2025-09-21 07:46:44,2025-09-21,07:46:44,in,0.19,1310.8,0.0,18.3,5.422,95.0,0.27
2025-09-21 07:47:20,2025-09-21,07:47:20,out,1.52,17.8,100.0,17.8,17.796,65.4,1.82
2025-09-21 07:47:47,2025-09-21,07:47:47,in,0.05,1310.8,0.0,18.4,5.464,44.1,0.41
2025-09-21 07:48:23,2025-09-21,07:48:23,out,1.14,17.8,100.0,17.8,17.796,55.8,1.95
2025-09-21 07:48:50,2025-09-21,07:48:50,in,0.18,1310.8,0.0,18.4,5.464,42.6,0.5
2025-09-21 07:49:26,2025-09-21,07:49:26,out,1.05,17.9,100.0,17.9,17.897,50.9,1.75
2025-09-21 07:49:54,2025-09-21,07:49:54,in,0.38,1310.8,0.0,18.4,5.464,42.8,0.55
2025-09-21 07:50:30,2025-09-21,07:50:30,out,1.52,17.9,100.0,17.9,17.897,62.1,1.7
2025-09-21 07:50:58,2025-09-21,07:50:58,in,1.25,1310.8,0.0,18.4,5.464,318.5,1.63
2025-09-21 07:51:34,2025-09-21,07:51:34,out,1.04,18.0,100.0,18.0,17.997,53.5,1.67
2025-09-21 07:52:01,2025-09-21,07:52:01,in,1.06,1310.8,0.0,18.5,5.505,325.8,2.29
2025-09-21 07:52:37,2025-09-21,07:52:37,out,1.37,18.0,100.0,18.0,17.997,62.4,2.23
2025-09-21 07:53:04,2025-09-21,07:53:04,in,1.41,1310.8,0.0,18.5,5.505,323.2,2.04
2025-09-21 07:53:40,2025-09-21,07:53:40,out,1.49,18.1,100.0,18.1,18.098,63.3,1.77
2025-09-21 07:54:08,2025-09-21,07:54:08,in,0.38,1310.8,0.0,18.6,5.547,12.5,1.92
2025-09-21 07:54:44,2025-09-21,07:54:44,out,0.82,18.1,100.0,18.1,18.098,44.5,1.81
2025-09-21 07:55:12,2025-09-21,07:55:12,in,0.37,1310.8,0.0,18.6,5.547,33.4,0.52
2025-09-21 07:55:48,2025-09-21,07:55:48,out,2.02,18.1,100.0,18.1,18.098,43.2,2.73
2025-09-21 07:56:15,2025-09-21,07:56:15,in,0.29,1310.8,0.0,18.6,5.547,349.4,0.42
2025-09-21 07:56:51,2025-09-21,07:56:51,out,1.15,18.2,100.0,18.2,18.199,48.6,2.18
2025-09-21 07:57:18,2025-09-21,07:57:18,in,0.29,1310.8,0.0,18.6,5.547,340.0,0.49
2025-09-21 07:57:54,2025-09-21,07:57:54,out,1.04,18.2,100.0,18.2,18.199,49.7,1.69
2025-09-21 07:58:22,2025-09-21,07:58:22,in,0.24,1310.8,0.0,18.7,5.588,333.9,0.35
2025-09-21 07:58:58,2025-09-21,07:58:58,out,1.18,18.2,100.0,18.2,18.199,33.6,1.92
2025-09-21 07:59:26,2025-09-21,07:59:26,in,0.14,1310.8,0.0,18.7,5.588,331.7,0.42
2025-09-21 08:00:02,2025-09-21,08:00:02,out,0.89,18.3,100.0,18.3,18.299,69.2,1.24
2025-09-21 08:00:29,2025-09-21,08:00:29,in,0.35,1310.8,0.0,18.8,5.63,334.5,0.44
2025-09-21 08:01:06,2025-09-21,08:01:06,out,0.72,18.4,100.0,18.4,18.4,71.5,0.99
2025-09-21 08:01:32,2025-09-21,08:01:32,in,0.09,1310.8,0.0,18.9,5.672,346.6,0.36
2025-09-21 08:02:09,2025-09-21,08:02:09,out,1.26,18.4,100.0,18.4,18.4,64.7,2.08
2025-09-21 08:02:36,2025-09-21,08:02:36,in,0.35,1310.8,0.0,19.0,5.713,299.7,0.44
2025-09-21 08:03:12,2025-09-21,08:03:12,out,1.1,18.5,100.0,18.5,18.501,57.6,1.38
2025-09-21 08:03:40,2025-09-21,08:03:40,in,0.28,1310.8,0.0,19.1,5.755,347.2,0.44
2025-09-21 08:04:16,2025-09-21,08:04:16,out,0.5,18.5,100.0,18.5,18.501,35.0,1.43
2025-09-21 08:04:43,2025-09-21,08:04:43,in,0.26,,,1310.8,,319.4,0.44
2025-09-21 08:05:20,2025-09-21,08:05:20,out,0.41,18.6,100.0,18.6,18.602,46.9,1.2
2025-09-21 08:05:46,2025-09-21,08:05:46,in,0.33,1310.8,0.0,19.1,5.755,337.6,0.44
2025-09-21 08:06:23,2025-09-21,08:06:23,out,0.82,18.6,100.0,18.6,18.602,13.3,1.05
2025-09-21 08:06:50,2025-09-21,08:06:50,in,0.51,1310.8,0.0,19.1,5.755,345.0,0.63
2025-09-21 08:07:26,2025-09-21,08:07:26,out,0.98,18.7,100.0,18.7,18.702,57.1,1.21
2025-09-21 08:07:54,2025-09-21,08:07:54,in,1.53,1310.8,0.0,19.1,5.755,323.2,2.14
2025-09-21 08:08:30,2025-09-21,08:08:30,out,0.88,18.7,100.0,18.7,18.702,52.6,1.42
2025-09-21 08:08:57,2025-09-21,08:08:57,in,0.96,1310.8,0.0,19.1,5.755,333.9,1.9
2025-09-21 08:09:34,2025-09-21,08:09:34,out,0.83,18.8,100.0,18.8,18.803,45.3,1.12
2025-09-21 08:10:00,2025-09-21,08:10:00,in,1.41,1310.8,0.0,19.2,5.796,326.6,1.97
2025-09-21 08:10:37,2025-09-21,08:10:37,out,0.43,18.9,100.0,18.9,18.904,24.5,1.28
2025-09-21 08:11:04,2025-09-21,08:11:04,in,0.19,1310.8,0.0,19.3,5.838,65.6,2.33
2025-09-21 08:11:40,2025-09-21,08:11:40,out,0.49,18.9,100.0,18.9,18.904,15.1,0.92
2025-09-21 08:12:08,2025-09-21,08:12:08,in,0.2,1310.8,0.0,19.3,5.838,56.1,0.33
2025-09-21 08:12:44,2025-09-21,08:12:44,out,0.59,19.0,100.0,19.0,19.004,62.7,0.94
2025-09-21 08:13:11,2025-09-21,08:13:11,in,1.15,1310.8,0.0,19.4,5.879,339.6,2.47
2025-09-21 08:13:48,2025-09-21,08:13:48,out,0.82,19.2,100.0,19.2,19.206,58.9,1.33
2025-09-21 08:14:14,2025-09-21,08:14:14,in,0.86,1310.8,0.0,19.5,5.921,337.3,2.18
2025-09-21 08:14:51,2025-09-21,08:14:51,out,1.35,19.2,100.0,19.2,19.206,80.6,1.63
2025-09-21 08:15:18,2025-09-21,08:15:18,in,1.23,1310.8,0.0,19.6,5.963,322.8,2.13
2025-09-21 08:15:54,2025-09-21,08:15:54,out,1.34,19.2,100.0,19.2,19.206,57.0,1.82
2025-09-21 08:16:22,2025-09-21,08:16:22,in,1.32,1310.8,0.0,19.7,6.004,335.0,1.75
2025-09-21 08:16:58,2025-09-21,08:16:58,out,0.81,19.3,100.0,19.3,19.307,43.3,1.08
2025-09-21 08:17:25,2025-09-21,08:17:25,in,1.2,1310.8,0.0,19.8,6.046,327.8,2.1
2025-09-21 08:18:02,2025-09-21,08:18:02,out,0.48,19.4,100.0,19.3,19.307,75.0,1.01
2025-09-21 08:18:28,2025-09-21,08:18:28,in,1.1,1310.8,0.0,19.8,6.046,326.9,2.13
2025-09-21 08:19:05,2025-09-21,08:19:05,out,1.13,19.5,100.0,19.5,19.508,76.0,1.28
2025-09-21 08:19:32,2025-09-21,08:19:32,in,0.87,1310.8,0.0,20.0,6.129,329.2,2.02
2025-09-21 08:20:08,2025-09-21,08:20:08,out,0.45,19.5,100.0,19.5,19.508,36.2,1.48
2025-09-21 08:20:36,2025-09-21,08:20:36,in,1.27,1310.8,0.0,20.1,6.17,321.8,2.36
2025-09-21 08:21:12,2025-09-21,08:21:12,out,0.56,19.6,100.0,19.6,19.609,114.3,1.59
2025-09-21 08:21:39,2025-09-21,08:21:39,in,1.55,1310.8,0.0,20.3,6.253,321.3,2.18
2025-09-21 08:22:16,2025-09-21,08:22:16,out,0.22,19.7,100.0,19.7,19.709,91.8,0.53
2025-09-21 08:22:42,2025-09-21,08:22:42,in,1.36,1310.8,0.0,20.4,6.295,320.8,2.22
2025-09-21 08:23:19,2025-09-21,08:23:19,out,0.74,19.8,100.0,19.8,19.81,102.9,1.0
2025-09-21 08:23:46,2025-09-21,08:23:46,in,0.67,1310.8,0.0,20.5,6.337,324.7,2.24
2025-09-21 08:24:22,2025-09-21,08:24:22,out,0.91,19.9,100.0,19.9,19.911,76.5,1.29
2025-09-21 08:24:50,2025-09-21,08:24:50,in,1.75,1310.8,0.0,20.6,6.378,317.3,2.55
2025-09-21 08:25:26,2025-09-21,08:25:26,out,1.19,19.9,100.0,19.9,19.911,71.7,1.62
2025-09-21 08:25:53,2025-09-21,08:25:53,in,0.94,1310.8,0.0,20.6,6.378,329.7,2.45
2025-09-21 08:26:30,2025-09-21,08:26:30,out,0.86,19.9,100.0,19.9,19.911,54.9,1.34
2025-09-21 08:26:56,2025-09-21,08:26:56,in,1.41,1310.8,0.0,20.7,6.42,324.0,2.48
2025-09-21 08:27:33,2025-09-21,08:27:33,out,1.0,20.0,100.0,20.0,20.012,56.9,1.36
2025-09-21 08:28:00,2025-09-21,08:28:00,in,1.93,1310.8,0.0,20.8,6.461,318.5,2.6
2025-09-21 08:28:36,2025-09-21,08:28:36,out,0.59,20.1,100.0,20.1,20.112,74.0,1.15
2025-09-21 08:29:04,2025-09-21,08:29:04,in,1.62,1310.8,0.0,21.0,6.544,315.1,2.81
2025-09-21 08:29:40,2025-09-21,08:29:40,out,0.54,20.2,100.0,20.2,20.213,105.2,0.82
2025-09-21 08:30:07,2025-09-21,08:30:07,in,1.08,1310.8,0.0,21.1,6.586,329.4,2.36
2025-09-21 08:30:44,2025-09-21,08:30:44,out,0.57,20.3,100.0,20.3,20.314,139.0,0.97
2025-09-21 08:31:10,2025-09-21,08:31:10,in,1.4,1310.8,0.0,21.3,6.669,326.7,2.96
2025-09-21 08:31:47,2025-09-21,08:31:47,out,1.45,20.4,100.0,20.4,20.414,66.9,1.58
2025-09-21 08:32:14,2025-09-21,08:32:14,in,1.43,1310.8,0.0,21.4,6.71,317.0,2.72
2025-09-21 08:32:50,2025-09-21,08:32:50,out,1.31,20.5,100.0,20.5,20.515,10.6,1.6
2025-09-21 08:33:18,2025-09-21,08:33:18,in,1.32,1310.8,0.0,21.5,6.752,331.0,2.74
2025-09-21 08:33:54,2025-09-21,08:33:54,out,1.24,20.4,100.0,20.4,20.414,357.4,2.03
2025-09-21 08:34:21,2025-09-21,08:34:21,in,1.67,1310.8,0.0,21.5,6.752,335.0,2.32
2025-09-21 08:34:58,2025-09-21,08:34:58,out,1.16,20.4,100.0,20.4,20.414,7.2,1.8
2025-09-21 08:35:24,2025-09-21,08:35:24,in,1.33,1310.8,0.0,21.6,6.793,316.2,2.35
2025-09-21 08:36:01,2025-09-21,08:36:01,out,1.05,20.4,100.0,20.4,20.414,335.0,1.36
2025-09-21 08:36:28,2025-09-21,08:36:28,in,0.92,1310.8,0.0,21.7,6.835,313.7,2.23
2025-09-21 08:37:04,2025-09-21,08:37:04,out,1.54,20.5,100.0,20.5,20.515,11.9,2.2
2025-09-21 08:37:32,2025-09-21,08:37:32,in,1.35,1310.8,0.0,21.8,6.876,318.2,1.91
2025-09-21 08:38:08,2025-09-21,08:38:08,out,0.93,20.6,100.0,20.6,20.616,347.3,2.41
2025-09-21 08:38:35,2025-09-21,08:38:35,in,1.38,1310.8,0.0,21.9,6.918,320.9,2.72
2025-09-21 08:39:12,2025-09-21,08:39:12,out,0.77,20.6,100.0,20.6,20.616,357.7,1.22
2025-09-21 08:39:38,2025-09-21,08:39:38,in,1.34,,,1310.8,,320.2,2.27
2025-09-21 08:40:15,2025-09-21,08:40:15,out,0.16,20.8,100.0,20.8,20.817,8.8,0.73
2025-09-21 08:40:42,2025-09-21,08:40:42,in,1.53,1310.8,0.0,22.0,6.959,316.6,2.17
2025-09-21 08:41:18,2025-09-21,08:41:18,out,1.09,20.8,100.0,20.8,20.817,16.6,1.55
2025-09-21 08:41:46,2025-09-21,08:41:46,in,1.36,1310.8,0.0,22.1,7.001,328.6,2.34
2025-09-21 08:42:22,2025-09-21,08:42:22,out,1.23,20.9,100.0,20.9,20.918,13.8,1.64
2025-09-21 08:42:50,2025-09-21,08:42:50,in,1.86,1310.8,0.0,22.1,7.001,327.2,2.34
2025-09-21 08:43:26,2025-09-21,08:43:26,out,1.55,20.9,100.0,20.9,20.918,9.4,1.71
2025-09-21 08:43:53,2025-09-21,08:43:53,in,1.72,1310.8,0.0,22.2,7.042,328.9,2.37
2025-09-21 08:44:29,2025-09-21,08:44:29,out,1.25,21.0,100.0,21.0,21.019,353.3,1.82
2025-09-21 08:44:56,2025-09-21,08:44:56,in,1.55,1310.8,0.0,22.3,7.084,322.2,2.27
2025-09-21 08:45:32,2025-09-21,08:45:32,out,1.33,21.0,100.0,21.0,21.019,353.9,1.88
2025-09-21 08:46:00,2025-09-21,08:46:00,in,1.84,1310.8,0.0,22.4,7.125,318.6,2.23
2025-09-21 08:46:36,2025-09-21,08:46:36,out,1.03,21.0,100.0,21.0,21.019,55.1,1.88
2025-09-21 08:47:04,2025-09-21,08:47:04,in,1.41,1310.8,0.0,22.4,7.125,328.6,2.43
2025-09-21 08:47:40,2025-09-21,08:47:40,out,1.03,21.1,100.0,21.1,21.119,22.8,1.86
2025-09-21 08:48:07,2025-09-21,08:48:07,in,2.06,1310.8,0.0,22.5,7.167,321.1,2.64
2025-09-21 08:48:43,2025-09-21,08:48:43,out,1.0,21.2,100.0,21.2,21.22,16.8,1.59
2025-09-21 08:49:10,2025-09-21,08:49:10,in,1.73,1310.8,0.0,22.5,7.167,324.1,2.48
2025-09-21 08:49:46,2025-09-21,08:49:46,out,0.46,21.2,100.0,21.2,21.22,55.0,1.82
2025-09-21 08:50:14,2025-09-21,08:50:14,in,1.7,1310.8,0.0,22.6,7.209,322.2,2.17
2025-09-21 08:50:50,2025-09-21,08:50:50,out,1.17,21.3,100.0,21.3,21.321,7.1,1.61
2025-09-21 08:51:18,2025-09-21,08:51:18,in,1.63,1310.8,0.0,22.7,7.25,315.6,2.43
2025-09-21 08:51:54,2025-09-21,08:51:54,out,0.92,21.4,100.0,21.4,21.422,43.7,1.51
2025-09-21 08:52:21,2025-09-21,08:52:21,in,1.42,1310.8,0.0,22.8,7.292,315.3,2.0
2025-09-21 08:52:57,2025-09-21,08:52:57,out,1.25,21.5,100.0,21.5,21.522,3.3,1.84
2025-09-21 08:53:24,2025-09-21,08:53:24,in,2.05,1310.8,0.0,22.8,7.292,322.9,2.58
2025-09-21 08:54:00,2025-09-21,08:54:00,out,1.05,21.5,100.0,21.5,21.522,16.9,1.75
2025-09-21 08:54:28,2025-09-21,08:54:28,in,1.74,1310.8,0.0,22.9,7.333,318.3,2.99
2025-09-21 08:55:04,2025-09-21,08:55:04,out,1.62,,,21.6,,356.7,1.87
2025-09-21 08:55:32,2025-09-21,08:55:32,in,1.62,1310.8,0.0,23.0,7.374,331.6,2.38
2025-09-21 08:56:08,2025-09-21,08:56:08,out,1.52,21.6,100.0,21.6,21.623,40.7,1.83
2025-09-21 08:56:35,2025-09-21,08:56:35,in,1.77,1310.8,0.0,23.0,7.374,318.7,2.62
2025-09-21 08:57:11,2025-09-21,08:57:11,out,1.36,21.7,100.0,21.7,21.724,28.2,1.84
2025-09-21 08:57:38,2025-09-21,08:57:38,in,1.81,1310.8,0.0,23.1,7.416,324.9,2.74
2025-09-21 08:58:14,2025-09-21,08:58:14,out,0.77,21.8,100.0,21.8,21.824,50.7,1.79
2025-09-21 08:58:42,2025-09-21,08:58:42,in,1.61,1310.8,0.0,23.1,7.416,325.3,2.67
2025-09-21 08:59:18,2025-09-21,08:59:18,out,0.94,21.8,100.0,21.8,21.824,359.6,1.98
2025-09-21 08:59:46,2025-09-21,08:59:46,in,1.53,1310.8,0.0,23.2,7.457,326.2,2.81
2025-09-21 09:00:22,2025-09-21,09:00:22,out,1.35,21.9,100.0,21.9,21.925,2.3,1.59
2025-09-21 09:00:49,2025-09-21,09:00:49,in,1.6,1310.8,0.0,23.3,7.499,322.6,2.13
2025-09-21 09:01:25,2025-09-21,09:01:25,out,1.23,21.9,100.0,21.9,21.925,12.5,1.89
2025-09-21 09:01:52,2025-09-21,09:01:52,in,1.68,1310.8,0.0,23.4,7.54,325.2,2.08
2025-09-21 09:02:28,2025-09-21,09:02:28,out,1.26,21.7,98.5,22.0,21.833,354.3,1.65
2025-09-21 09:02:56,2025-09-21,09:02:56,in,1.49,1310.8,0.0,23.4,7.54,319.3,2.45
2025-09-21 09:03:32,2025-09-21,09:03:32,out,1.32,21.2,95.7,22.0,21.474,48.4,1.68
2025-09-21 09:04:00,2025-09-21,09:04:00,in,1.56,1310.8,0.0,23.5,7.582,321.0,2.24
2025-09-21 09:04:36,2025-09-21,09:04:36,out,0.8,21.2,94.7,22.1,21.445,356.3,1.79
2025-09-21 09:05:03,2025-09-21,09:05:03,in,1.47,1310.8,0.0,23.6,7.623,326.2,2.51
2025-09-21 09:05:39,2025-09-21,09:05:39,out,0.99,21.1,93.5,22.2,21.39,48.0,1.51
2025-09-21 09:06:06,2025-09-21,09:06:06,in,1.63,1310.8,0.0,23.7,7.665,321.0,2.43
2025-09-21 09:06:43,2025-09-21,09:06:43,out,1.41,20.9,91.1,22.4,21.278,352.4,1.52
2025-09-21 09:07:10,2025-09-21,09:07:10,in,1.37,1310.8,0.0,23.8,7.706,313.5,2.19
2025-09-21 09:07:46,2025-09-21,09:07:46,out,1.23,20.5,88.4,22.5,21.026,6.9,1.65
2025-09-21 09:08:14,2025-09-21,09:08:14,in,1.91,1310.8,0.0,23.9,7.748,325.7,2.22
2025-09-21 09:08:50,2025-09-21,09:08:50,out,0.92,20.4,87.3,22.6,20.981,356.0,1.19
2025-09-21 09:09:17,2025-09-21,09:09:17,in,2.03,1310.8,0.0,23.9,7.748,327.0,2.53
2025-09-21 09:09:53,2025-09-21,09:09:53,out,0.67,20.3,86.3,22.7,20.948,347.9,1.26
2025-09-21 09:10:20,2025-09-21,09:10:20,in,1.6,1310.8,0.0,23.9,7.748,315.7,2.39
2025-09-21 09:10:57,2025-09-21,09:10:57,out,0.83,20.1,85.0,22.8,20.876,11.9,1.01
2025-09-21 09:11:24,2025-09-21,09:11:24,in,1.7,1310.8,0.0,24.0,7.789,329.8,2.18
2025-09-21 09:12:00,2025-09-21,09:12:00,out,0.9,20.0,84.0,22.9,20.842,359.4,1.36
2025-09-21 09:12:28,2025-09-21,09:12:28,in,1.33,1310.8,0.0,24.1,7.831,330.6,2.51
2025-09-21 09:13:04,2025-09-21,09:13:04,out,0.79,20.0,83.5,23.0,20.873,34.6,1.03
2025-09-21 09:13:31,2025-09-21,09:13:31,in,1.5,1310.8,0.0,24.2,7.872,324.8,2.32
2025-09-21 09:14:07,2025-09-21,09:14:07,out,1.08,19.3,79.5,23.1,20.441,315.7,1.38
2025-09-21 09:14:34,2025-09-21,09:14:34,in,1.47,1310.8,0.0,24.3,7.914,324.6,2.16
2025-09-21 09:15:11,2025-09-21,09:15:11,out,0.99,19.1,78.3,23.1,20.281,330.5,1.32
2025-09-21 09:15:38,2025-09-21,09:15:38,in,1.89,1310.8,0.0,24.4,7.955,317.4,2.18
2025-09-21 09:16:14,2025-09-21,09:16:14,out,1.01,16.0,63.9,23.3,18.52,32.4,1.36
2025-09-21 09:16:42,2025-09-21,09:16:42,in,1.39,1310.8,0.0,24.4,7.955,324.6,2.42
2025-09-21 09:17:18,2025-09-21,09:17:18,out,0.68,15.9,62.9,23.4,18.473,30.4,1.5
2025-09-21 09:17:45,2025-09-21,09:17:45,in,1.67,1310.8,0.0,24.4,7.955,322.0,2.57
2025-09-21 09:18:21,2025-09-21,09:18:21,out,0.81,15.8,62.2,23.4,18.375,356.7,1.02
2025-09-21 09:18:48,2025-09-21,09:18:48,in,1.97,1310.8,0.0,24.5,7.997,322.7,2.94
2025-09-21 09:19:25,2025-09-21,09:19:25,out,0.4,15.8,62.1,23.5,18.452,320.0,0.77
2025-09-21 09:19:52,2025-09-21,09:19:52,in,1.65,1310.8,0.0,24.5,7.997,315.3,2.53
2025-09-21 09:20:28,2025-09-21,09:20:28,out,0.74,15.9,61.9,23.6,18.514,282.0,0.87
2025-09-21 09:20:56,2025-09-21,09:20:56,in,2.46,1310.8,0.0,24.4,7.955,318.6,2.65
2025-09-21 09:21:32,2025-09-21,09:21:32,out,0.54,16.0,61.8,23.7,18.591,257.9,0.9
2025-09-21 09:21:59,2025-09-21,09:21:59,in,1.73,1310.8,0.0,24.5,7.997,316.5,2.37
2025-09-21 09:22:36,2025-09-21,09:22:36,out,1.46,,,15.8,,23.8,6.1
2025-09-21 09:23:02,2025-09-21,09:23:02,in,1.53,1310.8,0.0,24.6,8.038,329.9,2.15
2025-09-21 09:23:39,2025-09-21,09:23:39,out,0.68,15.5,59.9,23.8,18.412,311.8,1.41
2025-09-21 09:24:06,2025-09-21,09:24:06,in,2.26,1310.8,0.0,24.6,8.038,315.6,2.72
2025-09-21 09:24:42,2025-09-21,09:24:42,out,0.64,15.6,59.9,23.9,18.502,297.1,0.81
2025-09-21 09:25:10,2025-09-21,09:25:10,in,1.52,1310.8,0.0,24.6,8.038,317.1,2.58
2025-09-21 09:25:46,2025-09-21,09:25:46,out,0.21,15.6,59.5,24.0,18.534,276.9,1.11
2025-09-21 09:26:13,2025-09-21,09:26:13,in,2.22,1310.8,0.0,24.7,8.08,317.7,2.49
2025-09-21 09:26:50,2025-09-21,09:26:50,out,0.23,15.9,60.2,24.1,18.724,324.4,0.41
2025-09-21 09:27:16,2025-09-21,09:27:16,in,1.44,1310.8,0.0,24.7,8.08,325.1,2.68
2025-09-21 09:27:53,2025-09-21,09:27:53,out,0.75,16.2,60.8,24.3,18.99,24.6,0.92
2025-09-21 09:28:20,2025-09-21,09:28:20,in,1.42,1310.8,0.0,24.8,8.121,326.2,2.0
2025-09-21 09:28:56,2025-09-21,09:28:56,out,0.86,15.9,59.2,24.4,18.85,310.5,1.05
2025-09-21 09:29:24,2025-09-21,09:29:24,in,1.9,1310.8,0.0,24.9,8.163,333.2,2.54
2025-09-21 09:30:00,2025-09-21,09:30:00,out,0.79,15.6,58.0,24.4,18.675,303.5,1.35
2025-09-21 09:30:27,2025-09-21,09:30:27,in,1.91,1310.8,0.0,25.0,8.204,321.9,2.4
2025-09-21 09:31:04,2025-09-21,09:31:04,out,0.88,15.5,57.3,24.5,18.662,254.0,1.27
2025-09-21 09:31:30,2025-09-21,09:31:30,in,1.7,1310.8,0.0,25.0,8.204,313.0,2.2
2025-09-21 09:32:07,2025-09-21,09:32:07,out,0.81,15.4,56.8,24.6,18.677,228.9,1.39
2025-09-21 09:32:34,2025-09-21,09:32:34,in,1.54,1310.8,0.0,25.0,8.204,316.9,2.55
2025-09-21 09:33:10,2025-09-21,09:33:10,out,0.84,15.5,56.8,24.7,18.766,236.0,1.31
2025-09-21 09:33:38,2025-09-21,09:33:38,in,1.68,1310.8,0.0,25.1,8.246,326.1,1.95
2025-09-21 09:34:14,2025-09-21,09:34:14,out,0.2,15.6,56.9,24.7,18.781,203.6,0.79
2025-09-21 09:34:41,2025-09-21,09:34:41,in,1.78,1310.8,0.0,25.1,8.246,319.5,2.38
2025-09-21 09:35:18,2025-09-21,09:35:18,out,0.31,15.7,57.0,24.8,18.884,177.8,0.48
2025-09-21 09:35:44,2025-09-21,09:35:44,in,1.73,1310.8,0.0,25.1,8.246,320.3,2.53
2025-09-21 09:36:21,2025-09-21,09:36:21,out,0.21,15.6,56.4,24.9,18.884,185.0,0.43
2025-09-21 09:36:48,2025-09-21,09:36:48,in,1.54,1310.8,0.0,25.1,8.246,318.9,2.4
2025-09-21 09:37:24,2025-09-21,09:37:24,out,0.08,15.9,56.6,25.1,19.091,235.9,0.59
2025-09-21 09:37:52,2025-09-21,09:37:52,in,2.25,1310.8,0.0,25.2,8.287,317.7,2.61
2025-09-21 09:38:28,2025-09-21,09:38:28,out,0.32,15.8,55.9,25.2,19.075,114.3,0.62
2025-09-21 09:38:55,2025-09-21,09:38:55,in,1.65,1310.8,0.0,25.3,8.328,321.5,2.35
2025-09-21 09:39:32,2025-09-21,09:39:32,out,0.3,15.9,55.9,25.3,19.163,76.9,0.81
2025-09-21 09:39:58,2025-09-21,09:39:58,in,1.68,1310.8,0.0,25.4,8.37,321.7,2.46
2025-09-21 09:40:35,2025-09-21,09:40:35,out,0.45,15.6,54.4,25.5,19.112,89.0,1.38
2025-09-21 09:41:02,2025-09-21,09:41:02,in,0.36,1310.8,0.0,25.4,8.37,45.2,2.46
2025-09-21 09:41:38,2025-09-21,09:41:38,out,0.69,15.4,53.6,25.6,19.076,60.4,0.95
2025-09-21 09:42:06,2025-09-21,09:42:06,in,0.12,1310.8,0.0,25.4,8.37,32.1,0.46
2025-09-21 09:42:42,2025-09-21,09:42:42,out,0.45,15.4,53.1,25.7,19.087,84.3,0.93
2025-09-21 09:43:10,2025-09-21,09:43:10,in,0.54,1310.8,0.0,25.4,8.37,41.5,0.73
2025-09-21 09:43:46,2025-09-21,09:43:46,out,1.05,14.8,50.7,25.8,18.799,38.9,2.15
2025-09-21 09:44:13,2025-09-21,09:44:13,in,0.3,1310.8,0.0,25.4,8.37,357.2,0.8
2025-09-21 09:44:49,2025-09-21,09:44:49,out,0.82,14.5,49.5,25.9,18.694,15.4,1.17
2025-09-21 09:45:16,2025-09-21,09:45:16,in,0.4,1310.8,0.0,25.4,8.37,305.9,1.21
2025-09-21 09:45:52,2025-09-21,09:45:52,out,0.47,14.6,49.6,26.0,18.796,22.7,1.31
2025-09-21 09:46:20,2025-09-21,09:46:20,in,0.46,1310.8,0.0,25.5,8.411,300.7,0.85
2025-09-21 09:46:56,2025-09-21,09:46:56,out,0.26,14.7,49.3,26.2,18.919,324.2,0.67
2025-09-21 09:47:24,2025-09-21,09:47:24,in,0.97,1310.8,0.0,25.6,8.453,322.3,1.23
2025-09-21 09:48:00,2025-09-21,09:48:00,out,0.06,15.0,49.6,26.3,19.053,348.4,0.39
2025-09-21 09:48:27,2025-09-21,09:48:27,in,0.72,1310.8,0.0,25.5,8.411,318.1,0.93
2025-09-21 09:49:03,2025-09-21,09:49:03,out,0.61,15.1,49.8,26.5,19.257,267.6,0.93
2025-09-21 09:49:30,2025-09-21,09:49:30,in,0.24,1310.8,0.0,25.5,8.411,348.9,0.68
2025-09-21 09:50:06,2025-09-21,09:50:06,out,0.94,14.7,48.3,26.5,19.014,305.5,1.42
2025-09-21 09:50:34,2025-09-21,09:50:34,in,0.32,1310.8,0.0,25.5,8.411,321.9,0.65
2025-09-21 09:51:10,2025-09-21,09:51:10,out,0.81,14.8,48.3,26.6,19.099,239.0,1.35
2025-09-21 09:51:38,2025-09-21,09:51:38,in,0.45,1310.8,0.0,25.6,8.453,328.1,0.93
2025-09-21 09:52:14,2025-09-21,09:52:14,out,1.57,14.7,47.7,26.7,19.085,240.4,1.85
2025-09-21 09:52:41,2025-09-21,09:52:41,in,0.22,1310.8,0.0,25.7,8.494,36.3,0.57
2025-09-21 09:53:17,2025-09-21,09:53:17,out,1.28,14.3,46.9,26.6,18.868,239.7,2.25
2025-09-21 09:53:44,2025-09-21,09:53:44,in,0.22,1310.8,0.0,25.7,8.494,66.0,0.78
2025-09-21 09:54:20,2025-09-21,09:54:20,out,1.58,14.3,46.8,26.6,18.851,256.2,1.92
2025-09-21 09:54:48,2025-09-21,09:54:48,in,0.47,1310.8,0.0,25.7,8.494,333.0,1.05
2025-09-21 09:55:24,2025-09-21,09:55:24,out,1.8,14.3,47.0,26.6,18.884,246.5,2.0
2025-09-21 09:55:52,2025-09-21,09:55:52,in,0.14,1310.8,0.0,25.8,8.536,75.0,0.58
2025-09-21 09:56:28,2025-09-21,09:56:28,out,1.68,14.2,46.7,26.6,18.835,208.6,2.32
2025-09-21 09:56:55,2025-09-21,09:56:55,in,0.14,1310.8,0.0,25.8,8.536,43.7,0.49
2025-09-21 09:57:31,2025-09-21,09:57:31,out,1.85,14.1,46.2,26.6,18.751,253.3,2.26
2025-09-21 09:57:58,2025-09-21,09:57:58,in,0.18,1310.8,0.0,25.8,8.536,66.4,0.42
2025-09-21 09:58:34,2025-09-21,09:58:34,out,1.09,14.0,45.8,26.6,18.685,299.5,2.09
2025-09-21 09:59:02,2025-09-21,09:59:02,in,0.89,1310.8,0.0,25.8,8.536,333.3,1.04
2025-09-21 09:59:38,2025-09-21,09:59:38,out,1.75,14.0,45.8,26.6,18.685,296.8,2.01
2025-09-21 10:00:06,2025-09-21,10:00:06,in,0.98,1310.8,0.0,25.8,8.536,334.0,1.2
2025-09-21 10:00:42,2025-09-21,10:00:42,out,1.3,13.7,45.1,26.6,18.567,327.9,2.09
2025-09-21 10:01:09,2025-09-21,10:01:09,in,1.09,1310.8,0.0,25.8,8.536,335.3,1.57
2025-09-21 10:01:45,2025-09-21,10:01:45,out,1.16,13.8,45.3,26.6,18.601,354.6,1.76
2025-09-21 10:02:12,2025-09-21,10:02:12,in,0.73,1310.8,0.0,25.8,8.536,333.0,1.47
2025-09-21 10:02:48,2025-09-21,10:02:48,out,0.95,13.8,45.4,26.6,18.618,326.2,1.38
2025-09-21 10:03:16,2025-09-21,10:03:16,in,0.56,1310.8,0.0,25.9,8.577,352.3,0.85
2025-09-21 10:03:52,2025-09-21,10:03:52,out,0.75,13.7,45.1,26.6,18.567,21.4,1.42
2025-09-21 10:04:20,2025-09-21,10:04:20,in,0.63,1310.8,0.0,25.9,8.577,333.3,1.77
2025-09-21 10:04:56,2025-09-21,10:04:56,out,0.7,14.0,45.5,26.7,18.718,7.2,1.14
2025-09-21 10:05:23,2025-09-21,10:05:23,in,0.14,1310.8,0.0,26.0,8.619,332.1,0.8
2025-09-21 10:05:59,2025-09-21,10:05:59,out,0.82,13.8,44.8,26.8,18.684,338.2,1.51
2025-09-21 10:06:26,2025-09-21,10:06:26,in,0.83,1310.8,0.0,26.0,8.619,328.7,1.72
2025-09-21 10:07:02,2025-09-21,10:07:02,out,0.84,13.9,44.9,26.8,18.701,303.0,1.31
2025-09-21 10:07:30,2025-09-21,10:07:30,in,0.83,1310.8,0.0,26.1,8.66,344.3,1.14
2025-09-21 10:08:06,2025-09-21,10:08:06,out,0.99,13.8,44.8,26.8,18.684,282.6,1.66
2025-09-21 10:08:34,2025-09-21,10:08:34,in,0.53,1310.8,0.0,26.1,8.66,328.5,0.85
2025-09-21 10:09:10,2025-09-21,10:09:10,out,1.44,13.7,44.2,26.9,18.665,294.4,1.56
2025-09-21 10:09:37,2025-09-21,10:09:37,in,0.64,1310.8,0.0,26.1,8.66,339.8,0.91
2025-09-21 10:10:13,2025-09-21,10:10:13,out,1.02,13.6,44.1,26.9,18.648,266.8,1.49
2025-09-21 10:10:40,2025-09-21,10:10:40,in,0.45,1310.8,0.0,26.1,8.66,332.7,0.95
2025-09-21 10:11:16,2025-09-21,10:11:16,out,0.49,14.1,45.1,27.0,18.902,313.7,1.49
2025-09-21 10:11:44,2025-09-21,10:11:44,in,0.31,1310.8,0.0,26.2,8.702,351.1,0.91
2025-09-21 10:12:20,2025-09-21,10:12:20,out,0.3,14.7,46.6,27.1,19.241,238.2,2.0
2025-09-21 10:12:48,2025-09-21,10:12:48,in,0.43,1310.8,0.0,26.3,8.743,328.9,0.81
2025-09-21 10:13:24,2025-09-21,10:13:24,out,0.24,15.0,47.1,27.2,19.409,188.7,1.26
2025-09-21 10:13:51,2025-09-21,10:13:51,in,0.3,1310.8,0.0,26.3,8.743,349.7,0.99
2025-09-21 10:14:27,2025-09-21,10:14:27,out,0.25,15.0,47.2,27.2,19.426,157.9,1.29
2025-09-21 10:14:54,2025-09-21,10:14:54,in,0.16,1310.8,0.0,26.4,8.784,351.2,0.69
2025-09-21 10:15:30,2025-09-21,10:15:30,out,1.01,14.9,46.7,27.3,19.426,213.7,1.84
2025-09-21 10:15:58,2025-09-21,10:15:58,in,0.39,1310.8,0.0,26.5,8.826,327.1,0.85
2025-09-21 10:16:34,2025-09-21,10:16:34,out,1.72,14.3,45.3,27.2,19.104,255.8,2.56
2025-09-21 10:17:02,2025-09-21,10:17:02,in,0.18,1310.8,0.0,26.5,8.826,27.3,0.42
2025-09-21 10:17:38,2025-09-21,10:17:38,out,1.7,14.3,45.2,27.2,19.087,265.0,2.66
2025-09-21 10:18:05,2025-09-21,10:18:05,in,0.25,1310.8,0.0,26.5,8.826,340.7,0.77
2025-09-21 10:18:41,2025-09-21,10:18:41,out,1.34,14.5,45.9,27.2,19.206,257.9,1.85
2025-09-21 10:19:08,2025-09-21,10:19:08,in,0.05,1310.8,0.0,26.5,8.826,96.6,0.38
2025-09-21 10:19:44,2025-09-21,10:19:44,out,1.1,14.5,45.7,27.2,19.172,258.1,1.79
2025-09-21 10:20:12,2025-09-21,10:20:12,in,0.16,1310.8,0.0,26.5,8.826,119.4,0.55
2025-09-21 10:20:48,2025-09-21,10:20:48,out,1.79,14.1,44.6,27.2,18.984,229.3,2.43
2025-09-21 10:21:16,2025-09-21,10:21:16,in,0.57,1310.8,0.0,26.6,8.867,337.6,1.16
2025-09-21 10:21:52,2025-09-21,10:21:52,out,1.21,14.2,45.0,27.2,19.053,206.5,2.03
2025-09-21 10:22:19,2025-09-21,10:22:19,in,0.54,1310.8,0.0,26.6,8.867,325.0,1.16
2025-09-21 10:22:55,2025-09-21,10:22:55,out,1.94,14.4,45.5,27.2,19.138,210.4,2.21
2025-09-21 10:23:22,2025-09-21,10:23:22,in,0.27,1310.8,0.0,26.7,8.909,10.4,0.86
2025-09-21 10:23:58,2025-09-21,10:23:58,out,2.1,14.0,44.5,27.2,18.967,225.8,2.73
2025-09-21 10:24:26,2025-09-21,10:24:26,in,0.45,1310.8,0.0,26.7,8.909,2.6,0.72
2025-09-21 10:25:02,2025-09-21,10:25:02,out,1.11,14.0,44.6,27.1,18.901,196.4,2.15
2025-09-21 10:25:30,2025-09-21,10:25:30,in,0.58,,,1310.8,,26.7,0.0
2025-09-21 10:26:06,2025-09-21,10:26:06,out,1.12,,,14.1,,27.1,4.51
2025-09-21 10:26:33,2025-09-21,10:26:33,in,1.53,1310.8,0.0,26.9,8.992,317.1,2.48
2025-09-21 10:27:09,2025-09-21,10:27:09,out,0.43,14.5,45.6,27.3,19.239,240.9,0.9
2025-09-21 10:27:36,2025-09-21,10:27:36,in,0.62,1310.8,0.0,27.1,9.075,329.2,2.45
2025-09-21 10:28:12,2025-09-21,10:28:12,out,1.59,14.3,44.6,27.4,19.151,134.1,2.31
2025-09-21 10:28:40,2025-09-21,10:28:40,in,1.45,1310.8,0.0,27.2,9.116,301.3,2.17
2025-09-21 10:29:16,2025-09-21,10:29:16,out,2.41,14.0,43.6,27.5,19.061,145.2,2.86
2025-09-21 10:29:44,2025-09-21,10:29:44,in,1.57,1310.8,0.0,27.3,9.157,317.7,2.48
2025-09-21 10:30:20,2025-09-21,10:30:20,out,1.45,14.0,43.8,27.4,19.012,141.2,2.83
2025-09-21 10:30:47,2025-09-21,10:30:47,in,1.05,1310.8,0.0,27.4,9.199,327.6,2.07
2025-09-21 10:31:50,2025-09-21,10:31:50,in,0.9,1310.8,0.0,27.4,9.199,345.8,2.01
2025-09-21 10:31:52,2025-09-21,10:31:52,out,0.9,14.2,44.3,27.5,19.183,71.6,2.29
2025-09-21 10:32:53,2025-09-21,10:32:53,out,0.91,14.2,44.0,27.6,19.214,63.4,2.15
2025-09-21 10:32:54,2025-09-21,10:32:54,in,1.36,1310.8,0.0,27.3,9.157,327.2,2.08
2025-09-21 10:33:56,2025-09-21,10:33:56,out,0.57,14.3,43.9,27.7,19.28,77.6,1.38
2025-09-21 10:33:58,2025-09-21,10:33:58,in,1.42,1310.8,0.0,27.3,9.157,315.1,2.5
2025-09-21 10:35:00,2025-09-21,10:35:00,out,0.79,14.4,43.9,27.8,19.363,40.0,1.1
2025-09-21 10:35:01,2025-09-21,10:35:01,in,0.97,1310.8,0.0,27.3,9.157,321.1,2.27
2025-09-21 10:36:04,2025-09-21,10:36:04,in,1.56,1310.8,0.0,27.3,9.157,318.1,1.91
2025-09-21 10:36:04,2025-09-21,10:36:04,out,0.86,14.5,44.0,27.9,19.464,248.6,1.24
2025-09-21 10:37:07,2025-09-21,10:37:07,out,2.02,14.1,42.9,27.9,19.269,278.4,2.65
2025-09-21 10:37:08,2025-09-21,10:37:08,in,0.97,1310.8,0.0,27.4,9.199,316.2,2.11
2025-09-21 10:38:10,2025-09-21,10:38:10,out,1.59,14.0,42.9,27.8,19.186,278.1,2.71
2025-09-21 10:38:12,2025-09-21,10:38:12,in,2.18,1310.8,0.0,27.5,9.24,335.6,2.44
2025-09-21 10:39:14,2025-09-21,10:39:14,out,0.36,14.2,43.4,27.8,19.275,247.8,1.98
2025-09-21 10:39:15,2025-09-21,10:39:15,in,1.25,1310.8,0.0,27.4,9.199,339.4,2.41
2025-09-21 10:40:18,2025-09-21,10:40:18,in,1.69,1310.8,0.0,27.2,9.116,325.3,1.99
2025-09-21 10:40:18,2025-09-21,10:40:18,out,1.5,14.2,43.1,27.9,19.304,314.2,1.88
2025-09-21 10:41:21,2025-09-21,10:41:21,out,1.91,14.1,42.8,27.9,19.251,315.9,2.33
2025-09-21 10:41:22,2025-09-21,10:41:22,in,1.87,1310.8,0.0,27.2,9.116,328.3,2.51
2025-09-21 10:42:24,2025-09-21,10:42:24,out,1.1,14.0,42.9,27.8,19.186,333.6,2.07
2025-09-21 10:42:26,2025-09-21,10:42:26,in,1.83,1310.8,0.0,27.2,9.116,331.3,2.48
2025-09-21 10:43:28,2025-09-21,10:43:28,out,2.25,13.9,42.5,27.8,19.115,254.1,3.18
2025-09-21 10:43:30,2025-09-21,10:43:30,in,1.77,1310.8,0.0,27.3,9.157,337.4,2.26
2025-09-21 10:44:32,2025-09-21,10:44:32,out,1.44,14.0,42.9,27.7,19.103,295.1,2.49
2025-09-21 10:44:33,2025-09-21,10:44:33,in,1.85,1310.8,0.0,27.4,9.199,320.3,2.3
2025-09-21 10:45:35,2025-09-21,10:45:35,out,2.48,13.9,42.8,27.7,19.085,273.8,3.95
2025-09-21 10:45:36,2025-09-21,10:45:36,in,1.62,1310.8,0.0,27.3,9.157,332.4,2.37
2025-09-21 10:46:38,2025-09-21,10:46:38,out,0.64,14.4,44.4,27.6,19.284,234.5,3.25
2025-09-21 10:46:40,2025-09-21,10:46:40,in,0.83,1310.8,0.0,27.4,9.199,329.8,1.85
2025-09-21 10:47:42,2025-09-21,10:47:42,out,1.18,14.4,44.0,27.7,19.297,187.0,2.36
2025-09-21 10:47:44,2025-09-21,10:47:44,in,0.49,1310.8,0.0,27.6,9.282,295.2,1.51
2025-09-21 10:48:46,2025-09-21,10:48:46,out,1.55,14.3,43.6,27.8,19.31,189.3,2.08
2025-09-21 10:48:47,2025-09-21,10:48:47,in,1.31,1310.8,0.0,27.9,9.406,317.1,2.59
2025-09-21 10:49:49,2025-09-21,10:49:49,out,1.12,14.5,44.1,27.8,19.398,197.1,1.87
2025-09-21 10:49:50,2025-09-21,10:49:50,in,1.04,1310.8,0.0,28.1,9.489,323.5,1.74
2025-09-21 10:50:52,2025-09-21,10:50:52,out,0.82,14.2,43.3,27.8,19.257,157.8,1.91
2025-09-21 10:50:54,2025-09-21,10:50:54,in,1.68,1310.8,0.0,28.2,9.53,327.4,2.18
2025-09-21 10:51:56,2025-09-21,10:51:56,out,0.39,14.4,43.7,27.9,19.411,327.7,0.91
2025-09-21 10:51:58,2025-09-21,10:51:58,in,1.93,1310.8,0.0,28.0,9.448,320.0,2.52
2025-09-21 10:53:00,2025-09-21,10:53:00,out,0.12,14.6,43.9,28.0,19.529,212.5,0.58
2025-09-21 10:53:01,2025-09-21,10:53:01,in,1.35,1310.8,0.0,27.8,9.365,319.7,1.97
2025-09-21 10:54:03,2025-09-21,10:54:03,out,0.55,14.6,43.8,28.1,19.595,248.2,0.84
2025-09-21 10:54:04,2025-09-21,10:54:04,in,1.42,1310.8,0.0,27.7,9.323,320.1,2.4
2025-09-21 10:55:06,2025-09-21,10:55:06,out,0.88,14.2,42.7,28.1,19.398,261.2,1.34
2025-09-21 10:55:08,2025-09-21,10:55:08,in,1.38,1310.8,0.0,27.6,9.282,339.3,2.06
2025-09-21 10:56:10,2025-09-21,10:56:10,out,0.75,,,14.2,,341.0,1.2
2025-09-21 10:56:12,2025-09-21,10:56:12,in,1.58,1310.8,0.0,27.6,9.282,314.0,2.3
2025-09-21 10:57:14,2025-09-21,10:57:14,out,1.93,14.1,41.8,28.3,19.4,300.9,2.34
2025-09-21 10:57:15,2025-09-21,10:57:15,in,2.06,1310.8,0.0,27.7,9.323,318.7,2.28
2025-09-21 10:58:17,2025-09-21,10:58:17,out,1.81,14.2,42.5,28.2,19.445,328.4,2.5
2025-09-21 10:58:18,2025-09-21,10:58:18,in,1.04,1310.8,0.0,27.7,9.323,299.2,2.45
2025-09-21 10:59:20,2025-09-21,10:59:20,out,3.06,14.2,42.8,28.1,19.416,267.7,4.05
2025-09-21 10:59:22,2025-09-21,10:59:22,in,1.42,1310.8,0.0,27.7,9.323,338.7,2.86
2025-09-21 11:00:24,2025-09-21,11:00:24,out,2.89,14.2,43.0,28.0,19.369,248.6,3.8
2025-09-21 11:00:26,2025-09-21,11:00:26,in,1.72,1310.8,0.0,27.8,9.365,342.7,2.0
2025-09-21 11:01:28,2025-09-21,11:01:28,out,2.88,14.3,43.4,27.9,19.358,227.4,5.04
2025-09-21 11:01:29,2025-09-21,11:01:29,in,1.51,1310.8,0.0,27.9,9.406,324.6,2.17
2025-09-21 11:02:32,2025-09-21,11:02:32,in,0.98,1310.8,0.0,28.1,9.489,321.1,2.44
2025-09-21 11:02:32,2025-09-21,11:02:32,out,1.08,14.7,44.5,27.9,19.552,190.4,3.72
2025-09-21 11:03:35,2025-09-21,11:03:35,out,0.71,14.5,43.9,27.9,19.446,233.9,2.44
2025-09-21 11:03:36,2025-09-21,11:03:36,in,0.76,1310.8,0.0,28.3,9.572,344.9,2.42
2025-09-21 11:04:38,2025-09-21,11:04:38,out,1.58,14.2,43.3,27.9,19.34,171.5,3.16
2025-09-21 11:04:40,2025-09-21,11:04:40,in,1.23,1310.8,0.0,28.3,9.572,331.1,1.85
2025-09-21 11:05:42,2025-09-21,11:05:42,out,0.74,14.2,43.3,27.9,19.34,105.5,1.44
2025-09-21 11:05:43,2025-09-21,11:05:43,in,1.32,1310.8,0.0,28.2,9.53,341.6,2.36
2025-09-21 11:06:46,2025-09-21,11:06:46,in,1.15,1310.8,0.0,27.9,9.406,312.4,1.8
2025-09-21 11:06:46,2025-09-21,11:06:46,out,0.97,14.2,43.2,27.9,19.322,250.7,1.34
2025-09-21 11:07:49,2025-09-21,11:07:49,out,2.37,14.3,43.3,28.0,19.423,248.9,3.28
2025-09-21 11:07:50,2025-09-21,11:07:50,in,0.9,1310.8,0.0,27.9,9.406,318.4,1.85
2025-09-21 11:08:52,2025-09-21,11:08:52,out,1.37,14.4,43.7,27.9,19.411,212.3,4.49
2025-09-21 11:08:54,2025-09-21,11:08:54,in,1.38,1310.8,0.0,28.0,9.448,312.7,2.51
2025-09-21 11:09:56,2025-09-21,11:09:56,out,4.14,14.0,42.7,27.9,19.233,237.0,4.35
2025-09-21 11:09:57,2025-09-21,11:09:57,in,2.12,1310.8,0.0,28.2,9.53,317.2,2.77
2025-09-21 11:11:00,2025-09-21,11:11:00,in,1.44,1310.8,0.0,28.3,9.572,339.2,2.56
2025-09-21 11:11:00,2025-09-21,11:11:00,out,1.74,14.2,43.6,27.7,19.227,221.4,3.77
2025-09-21 11:12:03,2025-09-21,11:12:03,out,1.7,14.2,44.0,27.6,19.214,208.1,3.65
2025-09-21 11:12:04,2025-09-21,11:12:04,in,0.89,1310.8,0.0,28.3,9.572,319.9,2.31
2025-09-21 11:13:06,2025-09-21,11:13:06,out,2.57,14.0,43.4,27.6,19.109,236.7,3.55
2025-09-21 11:13:08,2025-09-21,11:13:08,in,0.95,1310.8,0.0,28.4,9.613,331.2,1.86
2025-09-21 11:14:10,2025-09-21,11:14:10,out,0.73,14.3,44.0,27.7,19.297,283.7,1.31
2025-09-21 11:14:11,2025-09-21,11:14:11,in,1.03,1310.8,0.0,28.4,9.613,337.4,2.19
2025-09-21 11:15:14,2025-09-21,11:15:14,in,1.6,1310.8,0.0,28.3,9.572,310.7,2.4
2025-09-21 11:15:14,2025-09-21,11:15:14,out,1.65,14.0,43.1,27.7,19.139,300.8,1.92
2025-09-21 11:16:17,2025-09-21,11:16:17,out,0.18,14.1,43.5,27.7,19.209,145.3,2.51
2025-09-21 11:16:18,2025-09-21,11:16:18,in,1.49,1310.8,0.0,28.2,9.53,335.7,2.14
2025-09-21 11:17:20,2025-09-21,11:17:20,out,1.49,14.3,43.5,27.8,19.292,211.5,2.46
2025-09-21 11:17:22,2025-09-21,11:17:22,in,1.5,1310.8,0.0,28.2,9.53,326.3,2.27
2025-09-21 11:18:24,2025-09-21,11:18:24,out,1.28,14.1,43.0,27.9,19.287,222.9,3.37
2025-09-21 11:18:25,2025-09-21,11:18:25,in,0.83,1310.8,0.0,28.4,9.613,330.7,2.19
2025-09-21 11:19:28,2025-09-21,11:19:28,in,1.22,1310.8,0.0,28.6,9.696,316.7,2.18
2025-09-21 11:19:28,2025-09-21,11:19:28,out,0.71,14.1,42.7,28.0,19.316,246.4,2.55
2025-09-21 11:20:31,2025-09-21,11:20:31,out,2.82,14.0,42.2,28.0,19.226,209.0,3.47
2025-09-21 11:20:32,2025-09-21,11:20:32,in,1.39,1310.8,0.0,28.8,9.779,322.4,1.95
2025-09-21 11:21:34,2025-09-21,11:21:34,out,1.58,13.9,42.1,28.0,19.208,237.5,3.36
2025-09-21 11:21:36,2025-09-21,11:21:36,in,1.39,1310.8,0.0,28.9,9.82,319.8,2.11
2025-09-21 11:22:38,2025-09-21,11:22:38,out,1.06,14.1,42.6,28.0,19.298,164.7,3.43
2025-09-21 11:22:39,2025-09-21,11:22:39,in,1.53,1310.8,0.0,28.9,9.82,310.3,2.57
2025-09-21 11:23:42,2025-09-21,11:23:42,in,1.53,1310.8,0.0,28.9,9.82,315.1,2.44
2025-09-21 11:23:42,2025-09-21,11:23:42,out,1.47,14.2,42.6,28.1,19.38,211.5,2.65
2025-09-21 11:24:45,2025-09-21,11:24:45,out,1.63,14.4,43.3,28.1,19.506,182.7,2.69
2025-09-21 11:24:46,2025-09-21,11:24:46,in,0.95,1310.8,0.0,28.9,9.82,316.9,2.09
2025-09-21 11:25:48,2025-09-21,11:25:48,out,2.49,14.5,43.2,28.2,19.571,191.3,4.2
2025-09-21 11:25:50,2025-09-21,11:25:50,in,1.69,1310.8,0.0,29.0,9.862,316.1,3.05
2025-09-21 11:26:52,2025-09-21,11:26:52,out,1.25,14.1,42.2,28.2,19.391,189.9,3.42
2025-09-21 11:26:53,2025-09-21,11:26:53,in,0.22,1310.8,0.0,29.2,9.945,205.5,2.45
2025-09-21 11:27:56,2025-09-21,11:27:56,in,1.78,,,1310.8,,29.2,0.0
2025-09-21 11:27:56,2025-09-21,11:27:56,out,2.49,14.2,42.3,28.2,19.409,201.4,3.38
2025-09-21 11:28:59,2025-09-21,11:28:59,out,0.71,15.2,44.9,28.3,19.957,191.2,3.39
2025-09-21 11:29:00,2025-09-21,11:29:00,in,1.53,1310.8,0.0,29.3,9.986,317.3,2.39
2025-09-21 11:30:02,2025-09-21,11:30:02,out,1.98,15.7,46.3,28.3,20.202,246.3,3.12
2025-09-21 11:30:04,2025-09-21,11:30:04,in,1.69,1310.8,0.0,29.3,9.986,311.7,2.45
2025-09-21 11:31:06,2025-09-21,11:31:06,out,3.57,16.0,47.4,28.3,20.393,245.9,5.0
2025-09-21 11:31:07,2025-09-21,11:31:07,in,0.87,1310.8,0.0,29.3,9.986,323.3,2.0
2025-09-21 11:32:10,2025-09-21,11:32:10,in,1.06,1310.8,0.0,29.2,9.945,325.6,2.06
2025-09-21 11:32:10,2025-09-21,11:32:10,out,4.22,16.5,49.2,28.2,20.616,241.2,4.77
2025-09-21 11:33:13,2025-09-21,11:33:13,out,3.01,16.7,50.0,28.1,20.665,242.4,5.33
2025-09-21 11:33:14,2025-09-21,11:33:14,in,2.13,1310.8,0.0,29.1,9.903,345.7,2.53
2025-09-21 11:34:16,2025-09-21,11:34:16,out,0.88,16.8,50.9,27.9,20.644,242.2,2.98
2025-09-21 11:34:18,2025-09-21,11:34:18,in,1.72,1310.8,0.0,28.8,9.779,346.0,2.22
2025-09-21 11:35:20,2025-09-21,11:35:20,out,3.78,16.8,50.9,27.9,20.644,243.3,4.15
2025-09-21 11:35:21,2025-09-21,11:35:21,in,1.01,1310.8,0.0,28.5,9.655,324.1,2.28
2025-09-21 11:36:24,2025-09-21,11:36:24,in,0.97,1310.8,0.0,28.5,9.655,315.9,1.74
2025-09-21 11:36:24,2025-09-21,11:36:24,out,3.7,16.7,51.2,27.7,20.52,237.7,4.56
2025-09-21 11:37:27,2025-09-21,11:37:27,out,1.64,16.8,51.9,27.6,20.549,237.6,3.68
2025-09-21 11:37:28,2025-09-21,11:37:28,in,1.5,1310.8,0.0,28.5,9.655,344.2,1.71
2025-09-21 11:38:30,2025-09-21,11:38:30,out,4.76,16.9,52.0,27.6,20.565,242.1,5.55
2025-09-21 11:38:32,2025-09-21,11:38:32,in,1.04,1310.8,0.0,28.4,9.613,353.2,2.59
2025-09-21 11:39:34,2025-09-21,11:39:34,out,4.04,16.9,52.7,27.4,20.505,248.2,6.44
2025-09-21 11:39:35,2025-09-21,11:39:35,in,0.99,1310.8,0.0,28.5,9.655,339.6,1.94
2025-09-21 11:40:38,2025-09-21,11:40:38,in,1.7,1310.8,0.0,28.4,9.613,327.0,2.18
2025-09-21 11:40:38,2025-09-21,11:40:38,out,2.46,16.9,52.9,27.3,20.451,262.1,3.99
2025-09-21 11:41:41,2025-09-21,11:41:41,out,2.75,16.3,51.6,27.2,20.153,235.8,4.37
2025-09-21 11:41:42,2025-09-21,11:41:42,in,1.35,1310.8,0.0,28.4,9.613,330.2,2.02
2025-09-21 11:42:45,2025-09-21,11:42:45,out,2.53,16.9,52.9,27.3,20.451,261.1,5.24
2025-09-21 11:42:46,2025-09-21,11:42:46,in,1.63,1310.8,0.0,28.4,9.613,338.1,2.0
2025-09-21 11:43:48,2025-09-21,11:43:48,out,2.7,17.0,53.5,27.3,20.547,247.1,3.9
2025-09-21 11:43:49,2025-09-21,11:43:49,in,0.85,1310.8,0.0,28.4,9.613,328.3,2.57
2025-09-21 11:44:52,2025-09-21,11:44:52,in,1.07,1310.8,0.0,28.4,9.613,322.9,1.83
2025-09-21 11:44:52,2025-09-21,11:44:52,out,1.98,17.1,54.0,27.3,20.627,203.7,4.4
2025-09-21 11:45:56,2025-09-21,11:45:56,in,1.02,1310.8,0.0,28.6,9.696,331.0,1.9
2025-09-21 11:45:56,2025-09-21,11:45:56,out,2.88,17.2,53.7,27.4,20.667,200.6,4.97
2025-09-21 11:46:59,2025-09-21,11:46:59,out,2.76,17.3,54.2,27.4,20.747,233.2,4.13
2025-09-21 11:47:00,2025-09-21,11:47:00,in,0.55,1310.8,0.0,28.7,9.738,8.7,2.64
2025-09-21 11:48:02,2025-09-21,11:48:02,out,2.33,17.5,54.6,27.5,20.899,237.3,3.73
2025-09-21 11:48:03,2025-09-21,11:48:03,in,0.66,1310.8,0.0,28.8,9.779,305.0,2.06
2025-09-21 11:49:06,2025-09-21,11:49:06,in,0.91,1310.8,0.0,28.9,9.82,331.5,1.68
2025-09-21 11:49:06,2025-09-21,11:49:06,out,3.54,17.2,53.4,27.5,20.706,213.4,4.53
2025-09-21 11:50:10,2025-09-21,11:50:10,in,0.86,1310.8,0.0,29.0,9.862,330.9,2.94
2025-09-21 11:50:10,2025-09-21,11:50:10,out,1.4,17.4,54.4,27.4,20.779,207.6,4.1
2025-09-21 11:51:13,2025-09-21,11:51:13,out,3.15,17.2,53.9,27.4,20.699,213.8,5.1
2025-09-21 11:51:14,2025-09-21,11:51:14,in,1.09,1310.8,0.0,29.0,9.862,316.0,1.84
2025-09-21 11:52:16,2025-09-21,11:52:16,out,2.83,17.3,54.2,27.4,20.747,252.4,4.81
2025-09-21 11:52:17,2025-09-21,11:52:17,in,0.46,1310.8,0.0,29.0,9.862,334.2,2.35
2025-09-21 11:53:20,2025-09-21,11:53:20,in,1.72,1310.8,0.0,29.0,9.862,325.0,2.17
2025-09-21 11:53:20,2025-09-21,11:53:20,out,2.29,17.0,52.9,27.5,20.625,194.2,3.37
2025-09-21 11:54:24,2025-09-21,11:54:24,in,1.48,1310.8,0.0,29.2,9.945,316.5,2.88
2025-09-21 11:54:24,2025-09-21,11:54:24,out,2.34,17.0,52.9,27.5,20.625,193.1,3.6
2025-09-21 11:55:27,2025-09-21,11:55:27,out,2.7,17.2,53.3,27.6,20.777,199.5,5.46
2025-09-21 11:55:28,2025-09-21,11:55:28,in,0.68,1310.8,0.0,29.4,10.027,315.0,3.21
2025-09-21 11:56:30,2025-09-21,11:56:30,out,2.15,17.3,53.9,27.5,20.787,206.3,4.62
2025-09-21 11:56:31,2025-09-21,11:56:31,in,1.1,1310.8,0.0,29.4,10.027,314.1,2.6
2025-09-21 11:57:34,2025-09-21,11:57:34,in,0.77,1310.8,0.0,29.3,9.986,301.6,2.45
2025-09-21 11:57:34,2025-09-21,11:57:34,out,1.96,17.5,54.6,27.5,20.899,223.2,3.51
2025-09-21 11:58:38,2025-09-21,11:58:38,in,1.07,1310.8,0.0,29.2,9.945,342.1,1.86
2025-09-21 11:58:38,2025-09-21,11:58:38,out,4.18,17.2,53.7,27.4,20.667,235.8,5.42
2025-09-21 11:59:42,2025-09-21,11:59:42,in,0.58,1310.8,0.0,29.1,9.903,349.0,1.07
2025-09-21 11:59:42,2025-09-21,11:59:42,out,5.35,,,17.3,,27.3,5.46
2025-09-21 12:00:44,2025-09-21,12:00:44,out,1.35,17.2,54.3,27.3,20.675,240.7,4.32
2025-09-21 12:00:45,2025-09-21,12:00:45,in,1.74,1310.8,0.0,29.0,9.862,331.7,2.19
2025-09-21 12:01:48,2025-09-21,12:01:48,in,1.28,1310.8,0.0,28.8,9.779,321.2,2.09
2025-09-21 12:01:48,2025-09-21,12:01:48,out,2.01,17.6,55.2,27.4,20.907,254.1,2.99
2025-09-21 12:02:52,2025-09-21,12:02:52,in,0.3,1310.8,0.0,28.9,9.82,336.7,1.63
2025-09-21 12:02:52,2025-09-21,12:02:52,out,3.47,18.0,56.6,27.4,21.129,218.3,4.85
2025-09-21 12:03:55,2025-09-21,12:03:55,out,3.84,17.7,55.4,27.4,20.939,226.7,5.14
2025-09-21 12:03:56,2025-09-21,12:03:56,in,2.16,1310.8,0.0,29.0,9.862,318.1,2.48
2025-09-21 12:04:58,2025-09-21,12:04:58,out,1.74,17.5,54.4,27.5,20.867,186.7,3.62
2025-09-21 12:04:59,2025-09-21,12:04:59,in,0.08,1310.8,0.0,29.1,9.903,298.5,2.51
2025-09-21 12:06:02,2025-09-21,12:06:02,in,0.95,1310.8,0.0,29.3,9.986,322.6,1.66
2025-09-21 12:06:02,2025-09-21,12:06:02,out,0.74,17.2,53.6,27.5,20.738,182.5,3.92
2025-09-21 12:07:06,2025-09-21,12:07:06,in,1.22,1310.8,0.0,29.4,10.027,326.1,2.13
2025-09-21 12:07:06,2025-09-21,12:07:06,out,2.87,17.3,53.4,27.6,20.793,205.5,3.42
2025-09-21 12:08:09,2025-09-21,12:08:09,out,3.76,17.0,52.4,27.6,20.631,215.5,5.52
2025-09-21 12:08:10,2025-09-21,12:08:10,in,0.99,1310.8,0.0,29.3,9.986,330.8,1.86
2025-09-21 12:09:12,2025-09-21,12:09:12,out,1.89,17.1,53.1,27.5,20.657,199.8,5.08
2025-09-21 12:09:13,2025-09-21,12:09:13,in,0.5,1310.8,0.0,29.3,9.986,309.4,1.2
2025-09-21 12:10:16,2025-09-21,12:10:16,in,1.24,1310.8,0.0,29.4,10.027,328.7,2.22
2025-09-21 12:10:16,2025-09-21,12:10:16,out,0.63,17.1,52.9,27.6,20.712,175.8,3.34
2025-09-21 12:11:20,2025-09-21,12:11:20,in,0.05,1310.8,0.0,29.3,9.986,306.3,2.03
2025-09-21 12:11:20,2025-09-21,12:11:20,out,2.29,17.3,53.4,27.7,20.881,229.1,2.94
2025-09-21 12:12:24,2025-09-21,12:12:24,in,2.46,,,1310.8,,29.3,0.0
2025-09-21 12:12:24,2025-09-21,12:12:24,out,4.14,,,17.4,,27.7,5.35
2025-09-21 12:13:26,2025-09-21,12:13:26,out,1.82,17.6,54.0,27.8,21.066,242.1,3.41
2025-09-21 12:13:27,2025-09-21,12:13:27,in,0.48,1310.8,0.0,29.3,9.986,326.6,2.33
2025-09-21 12:14:30,2025-09-21,12:14:30,in,0.72,1310.8,0.0,29.3,9.986,347.9,1.9
2025-09-21 12:14:30,2025-09-21,12:14:30,out,2.13,17.0,52.2,27.7,20.685,236.1,4.9
2025-09-21 12:15:34,2025-09-21,12:15:34,in,1.84,1310.8,0.0,29.2,9.945,332.8,2.26
2025-09-21 12:15:34,2025-09-21,12:15:34,out,2.95,16.9,51.9,27.7,20.636,240.4,3.81
2025-09-21 12:16:37,2025-09-21,12:16:37,out,4.09,17.3,53.3,27.6,20.777,205.7,5.7
2025-09-21 12:16:38,2025-09-21,12:16:38,in,1.31,1310.8,0.0,29.1,9.903,354.8,1.92
2025-09-21 12:17:40,2025-09-21,12:17:40,out,2.14,17.3,53.4,27.7,20.881,190.3,4.0
2025-09-21 12:17:41,2025-09-21,12:17:41,in,1.47,1310.8,0.0,29.1,9.903,311.3,2.1
2025-09-21 12:18:44,2025-09-21,12:18:44,in,1.01,1310.8,0.0,29.4,10.027,307.5,2.38
2025-09-21 12:18:44,2025-09-21,12:18:44,out,2.27,17.0,52.1,27.8,20.755,150.5,3.53
2025-09-21 12:19:48,2025-09-21,12:19:48,in,1.27,1310.8,0.0,29.6,10.11,321.9,2.25
2025-09-21 12:19:48,2025-09-21,12:19:48,out,2.75,17.0,51.9,27.8,20.722,156.4,3.44
2025-09-21 12:20:51,2025-09-21,12:20:51,out,1.67,17.3,52.7,27.9,20.941,197.7,3.18
2025-09-21 12:20:52,2025-09-21,12:20:52,in,1.1,1310.8,0.0,29.7,10.152,310.6,1.97
2025-09-21 12:21:54,2025-09-21,12:21:54,out,1.81,17.7,53.2,28.1,21.197,205.1,3.8
2025-09-21 12:21:55,2025-09-21,12:21:55,in,1.26,1310.8,0.0,29.8,10.193,324.3,1.89
2025-09-21 12:22:58,2025-09-21,12:22:58,out,1.31,17.1,51.4,28.1,20.9,215.1,5.86
2025-09-21 12:22:59,2025-09-21,12:22:59,in,0.4,1310.8,0.0,29.9,10.235,189.0,2.58
2025-09-21 12:24:02,2025-09-21,12:24:02,in,2.33,,,1310.8,,30.0,0.0
2025-09-21 12:24:02,2025-09-21,12:24:02,out,1.45,17.4,52.5,28.1,21.082,218.9,2.43
2025-09-21 12:25:05,2025-09-21,12:25:05,out,5.58,17.8,53.2,28.2,21.285,223.9,6.62
2025-09-21 12:25:06,2025-09-21,12:25:06,in,1.67,1310.8,0.0,30.1,10.317,328.8,2.23
2025-09-21 12:26:08,2025-09-21,12:26:08,out,1.45,18.1,54.9,28.1,21.475,216.4,4.42
2025-09-21 12:26:10,2025-09-21,12:26:10,in,1.6,1310.8,0.0,30.0,10.276,315.5,2.05
2025-09-21 12:27:12,2025-09-21,12:27:12,out,1.91,18.3,55.7,28.0,21.516,215.2,4.42
2025-09-21 12:27:13,2025-09-21,12:27:13,in,1.21,1310.8,0.0,30.0,10.276,305.9,1.98
2025-09-21 12:28:16,2025-09-21,12:28:16,in,1.51,1310.8,0.0,29.9,10.235,310.3,2.74
2025-09-21 12:28:16,2025-09-21,12:28:16,out,0.79,18.5,56.0,28.1,21.653,236.2,4.6
2025-09-21 12:29:19,2025-09-21,12:29:19,out,2.36,18.1,55.4,27.9,21.38,211.1,6.24
2025-09-21 12:29:20,2025-09-21,12:29:20,in,1.05,1310.8,0.0,29.7,10.152,329.5,2.4
2025-09-21 12:30:22,2025-09-21,12:30:22,out,1.05,18.2,55.6,27.9,21.412,207.3,3.7
2025-09-21 12:30:24,2025-09-21,12:30:24,in,1.41,1310.8,0.0,29.6,10.11,314.1,1.94
2025-09-21 12:31:26,2025-09-21,12:31:26,out,4.17,17.8,54.1,27.9,21.169,231.2,5.04
2025-09-21 12:31:27,2025-09-21,12:31:27,in,1.43,1310.8,0.0,29.5,10.069,333.2,2.25
2025-09-21 12:32:30,2025-09-21,12:32:30,in,1.08,1310.8,0.0,29.4,10.027,327.0,2.39
2025-09-21 12:32:30,2025-09-21,12:32:30,out,1.49,17.8,54.4,27.8,21.13,220.1,4.25
2025-09-21 12:33:34,2025-09-21,12:33:34,in,1.65,1310.8,0.0,29.3,9.986,322.1,2.08
2025-09-21 12:33:34,2025-09-21,12:33:34,out,2.01,17.6,53.9,27.8,21.049,249.0,3.64
2025-09-21 12:34:36,2025-09-21,12:34:36,out,3.39,17.9,54.8,27.8,21.195,240.9,4.35
2025-09-21 12:34:38,2025-09-21,12:34:38,in,1.95,1310.8,0.0,29.2,9.945,331.7,2.45
2025-09-21 12:35:40,2025-09-21,12:35:40,out,5.73,,,18.3,,27.7,5.66
2025-09-21 12:35:41,2025-09-21,12:35:41,in,0.88,1310.8,0.0,29.1,9.903,358.5,1.41
2025-09-21 12:36:44,2025-09-21,12:36:44,in,1.01,1310.8,0.0,29.0,9.862,328.4,2.32
2025-09-21 12:36:44,2025-09-21,12:36:44,out,2.78,18.6,57.9,27.6,21.512,220.8,5.9
2025-09-21 12:37:48,2025-09-21,12:37:48,in,1.73,1310.8,0.0,29.0,9.862,339.3,2.14
2025-09-21 12:37:48,2025-09-21,12:37:48,out,3.75,18.4,57.5,27.6,21.449,247.4,4.43
2025-09-21 12:38:50,2025-09-21,12:38:50,out,1.36,18.5,57.7,27.6,21.481,192.1,5.12
2025-09-21 12:38:52,2025-09-21,12:38:52,in,0.29,1310.8,0.0,28.9,9.82,302.1,1.8
2025-09-21 12:39:54,2025-09-21,12:39:54,out,3.55,17.4,54.3,27.5,20.851,234.1,5.49
2025-09-21 12:39:55,2025-09-21,12:39:55,in,1.36,1310.8,0.0,29.0,9.862,333.5,2.31
2025-09-21 12:40:58,2025-09-21,12:40:58,in,1.3,1310.8,0.0,28.9,9.82,322.1,2.59
2025-09-21 12:40:58,2025-09-21,12:40:58,out,2.57,17.6,54.9,27.5,20.947,223.1,3.54
2025-09-21 12:42:02,2025-09-21,12:42:02,in,1.18,1310.8,0.0,29.0,9.862,316.4,2.22
2025-09-21 12:42:02,2025-09-21,12:42:02,out,2.96,17.6,54.8,27.5,20.931,217.8,4.07
2025-09-21 12:43:05,2025-09-21,12:43:05,out,3.74,17.5,54.1,27.6,20.906,231.1,4.34
2025-09-21 12:43:06,2025-09-21,12:43:06,in,1.95,1310.8,0.0,29.0,9.862,314.1,2.49
2025-09-21 12:44:08,2025-09-21,12:44:08,out,3.02,17.3,53.7,27.6,20.842,237.2,4.41
2025-09-21 12:44:10,2025-09-21,12:44:10,in,1.24,1310.8,0.0,29.0,9.862,343.2,2.01
2025-09-21 12:45:12,2025-09-21,12:45:12,in,0.3,1310.8,0.0,29.0,9.862,271.7,2.42
2025-09-21 12:45:12,2025-09-21,12:45:12,out,0.22,17.5,54.3,27.6,20.939,283.0,4.5
2025-09-21 12:46:16,2025-09-21,12:46:16,in,2.42,1310.8,0.0,29.0,9.862,308.2,2.86
2025-09-21 12:46:16,2025-09-21,12:46:16,out,1.23,17.6,54.2,27.7,21.01,170.0,3.02
2025-09-21 12:47:19,2025-09-21,12:47:19,out,2.0,17.5,53.5,27.8,20.984,198.1,3.55
2025-09-21 12:47:20,2025-09-21,12:47:20,in,0.46,1310.8,0.0,29.2,9.945,168.5,2.39
2025-09-21 12:48:22,2025-09-21,12:48:22,out,1.27,17.8,53.7,28.0,21.192,204.0,3.99
2025-09-21 12:48:24,2025-09-21,12:48:24,in,1.22,1310.8,0.0,29.2,9.945,316.2,1.82
2025-09-21 12:49:26,2025-09-21,12:49:26,out,1.93,17.6,53.0,28.1,21.164,178.4,3.31
2025-09-21 12:49:27,2025-09-21,12:49:27,in,0.56,1310.8,0.0,29.4,10.027,315.1,1.99
2025-09-21 12:50:30,2025-09-21,12:50:30,in,1.42,1310.8,0.0,29.5,10.069,317.9,2.14
2025-09-21 12:50:30,2025-09-21,12:50:30,out,2.29,17.6,52.4,28.2,21.152,192.3,3.85
2025-09-21 12:51:33,2025-09-21,12:51:33,out,2.69,17.4,51.7,28.3,21.123,192.0,5.24
2025-09-21 12:51:34,2025-09-21,12:51:34,in,1.79,1310.8,0.0,29.7,10.152,326.2,2.32
2025-09-21 12:52:36,2025-09-21,12:52:36,out,1.91,17.5,52.0,28.3,21.173,197.1,6.75
2025-09-21 12:52:38,2025-09-21,12:52:38,in,1.13,1310.8,0.0,29.9,10.235,316.6,3.38
2025-09-21 12:53:40,2025-09-21,12:53:40,out,2.14,17.5,52.7,28.1,21.115,203.3,6.0
2025-09-21 12:53:41,2025-09-21,12:53:41,in,0.57,1310.8,0.0,30.0,10.276,296.4,1.91
2025-09-21 12:54:44,2025-09-21,12:54:44,in,0.65,1310.8,0.0,30.0,10.276,348.4,1.93
2025-09-21 12:54:44,2025-09-21,12:54:44,out,5.91,17.4,52.7,28.0,21.028,237.2,6.85
2025-09-21 12:55:47,2025-09-21,12:55:47,out,0.73,17.7,53.7,28.0,21.192,149.3,6.62
2025-09-21 12:55:48,2025-09-21,12:55:48,in,0.24,1310.8,0.0,29.9,10.235,210.2,1.95
2025-09-21 12:56:50,2025-09-21,12:56:50,out,1.62,17.8,53.7,28.1,21.279,281.5,3.29
2025-09-21 12:56:52,2025-09-21,12:56:52,in,0.74,,,1310.8,,320.5,0.88
2025-09-21 12:57:54,2025-09-21,12:57:54,out,2.1,17.6,52.8,28.2,21.219,233.0,3.2
2025-09-21 12:57:55,2025-09-21,12:57:55,in,0.18,1310.8,0.0,29.7,10.152,340.5,0.92
2025-09-21 12:58:58,2025-09-21,12:58:58,in,0.48,1310.8,0.0,29.7,10.152,277.5,0.99
2025-09-21 12:58:58,2025-09-21,12:58:58,out,2.55,17.9,53.2,28.3,21.372,217.8,3.82
2025-09-21 13:00:01,2025-09-21,13:00:01,out,3.55,18.0,53.3,28.5,21.563,210.4,5.16
2025-09-21 13:00:02,2025-09-21,13:00:02,in,0.73,1310.8,0.0,29.8,10.193,338.8,0.93
2025-09-21 13:01:04,2025-09-21,13:01:04,out,2.55,18.1,53.8,28.4,21.558,203.1,5.03
2025-09-21 13:01:06,2025-09-21,13:01:06,in,0.24,1310.8,0.0,29.8,10.193,164.7,1.1
2025-09-21 13:02:08,2025-09-21,13:02:08,out,1.59,18.0,53.6,28.4,21.525,177.8,4.28
2025-09-21 13:02:09,2025-09-21,13:02:09,in,0.59,1310.8,0.0,29.9,10.235,172.0,1.05
2025-09-21 13:03:12,2025-09-21,13:03:12,in,0.11,1310.8,0.0,30.1,10.317,305.0,0.96
2025-09-21 13:03:12,2025-09-21,13:03:12,out,2.35,17.9,52.9,28.4,21.409,201.4,4.27
2025-09-21 13:04:15,2025-09-21,13:04:15,out,2.14,17.9,53.1,28.4,21.443,169.9,3.71
2025-09-21 13:04:16,2025-09-21,13:04:16,in,0.16,1310.8,0.0,30.1,10.317,125.3,0.75
2025-09-21 13:05:18,2025-09-21,13:05:18,out,1.42,17.8,52.8,28.4,21.393,246.0,3.5
2025-09-21 13:05:20,2025-09-21,13:05:20,in,0.15,1310.8,0.0,30.2,10.359,161.2,0.76
2025-09-21 13:06:22,2025-09-21,13:06:22,in,0.29,1310.8,0.0,30.3,10.4,350.4,1.02
2025-09-21 13:06:22,2025-09-21,13:06:22,out,0.68,17.9,52.8,28.5,21.48,232.6,2.33
2025-09-21 13:07:26,2025-09-21,13:07:26,in,0.26,1310.8,0.0,30.3,10.4,281.9,0.99
2025-09-21 13:07:26,2025-09-21,13:07:26,out,2.87,17.9,52.3,28.6,21.484,202.5,4.22
2025-09-21 13:08:29,2025-09-21,13:08:29,out,2.08,18.2,53.1,28.7,21.704,207.9,3.74
2025-09-21 13:08:30,2025-09-21,13:08:30,in,0.16,1310.8,0.0,30.3,10.4,263.0,0.98
2025-09-21 13:09:32,2025-09-21,13:09:32,out,2.15,18.0,52.2,28.8,21.641,199.8,3.24
2025-09-21 13:09:34,2025-09-21,13:09:34,in,0.51,1310.8,0.0,30.4,10.442,276.5,1.08
2025-09-21 13:10:36,2025-09-21,13:10:36,out,0.69,18.0,52.2,28.8,21.641,208.4,3.48
2025-09-21 13:11:05,2025-09-21,13:11:05,in,0.32,1310.8,0.0,30.5,10.483,316.1,0.8
2025-09-21 13:11:40,2025-09-21,13:11:40,out,3.12,18.0,52.6,28.7,21.621,235.5,4.61
2025-09-21 13:12:07,2025-09-21,13:12:07,in,0.46,1310.8,0.0,30.5,10.483,333.7,1.25
2025-09-21 13:12:43,2025-09-21,13:12:43,out,2.75,18.1,53.5,28.5,21.596,227.9,3.27
2025-09-21 13:13:10,2025-09-21,13:13:10,in,0.29,1310.8,0.0,30.4,10.442,102.0,0.47
2025-09-21 13:13:46,2025-09-21,13:13:46,out,1.2,18.2,54.2,28.4,21.624,216.1,3.68
2025-09-21 13:14:14,2025-09-21,13:14:14,in,0.43,1310.8,0.0,30.5,10.483,293.0,0.74
2025-09-21 13:14:50,2025-09-21,13:14:50,out,1.78,18.2,54.3,28.3,21.553,216.4,3.96
2025-09-21 13:15:18,2025-09-21,13:15:18,in,0.33,1310.8,0.0,30.5,10.483,113.4,0.68
2025-09-21 13:15:54,2025-09-21,13:15:54,out,3.04,18.2,54.7,28.2,21.53,242.3,5.16
2025-09-21 13:16:21,2025-09-21,13:16:21,in,0.63,1310.8,0.0,30.4,10.442,158.6,1.11
2025-09-21 13:16:57,2025-09-21,13:16:57,out,2.0,18.1,54.5,28.2,21.498,174.5,5.34
2025-09-21 13:17:24,2025-09-21,13:17:24,in,0.23,1310.8,0.0,30.4,10.442,188.3,0.81
2025-09-21 13:18:00,2025-09-21,13:18:00,out,0.54,18.1,54.2,28.3,21.536,214.9,3.54
2025-09-21 13:18:28,2025-09-21,13:18:28,in,0.54,1310.8,0.0,30.4,10.442,169.7,0.85
2025-09-21 13:19:04,2025-09-21,13:19:04,out,1.75,18.1,53.9,28.4,21.575,175.4,3.04
2025-09-21 13:19:32,2025-09-21,13:19:32,in,0.3,1310.8,0.0,30.5,10.483,341.7,1.17
2025-09-21 13:20:08,2025-09-21,13:20:08,out,2.8,18.1,53.6,28.5,21.613,218.5,3.6
2025-09-21 13:20:35,2025-09-21,13:20:35,in,0.67,1310.8,0.0,30.5,10.483,307.8,1.44
2025-09-21 13:21:11,2025-09-21,13:21:11,out,1.24,18.3,53.8,28.6,21.733,233.0,3.87
2025-09-21 13:21:38,2025-09-21,13:21:38,in,0.12,1310.8,0.0,30.4,10.442,14.7,1.27
2025-09-21 13:22:14,2025-09-21,13:22:14,out,2.95,18.3,53.5,28.7,21.771,221.4,4.59
2025-09-21 13:22:42,2025-09-21,13:22:42,in,0.21,1310.8,0.0,30.5,10.483,155.2,0.77
2025-09-21 13:23:18,2025-09-21,13:23:18,out,2.48,18.0,52.3,28.7,21.571,199.9,4.05
2025-09-21 13:23:46,2025-09-21,13:23:46,in,0.1,1310.8,0.0,30.5,10.483,171.6,0.4
2025-09-21 13:24:22,2025-09-21,13:24:22,out,1.85,18.2,53.1,28.7,21.704,195.6,5.25
2025-09-21 13:24:49,2025-09-21,13:24:49,in,0.46,1310.8,0.0,30.6,10.524,328.7,0.86
2025-09-21 13:25:25,2025-09-21,13:25:25,out,3.72,18.1,53.0,28.7,21.688,204.6,5.22
2025-09-21 13:25:52,2025-09-21,13:25:52,in,0.15,1310.8,0.0,30.6,10.524,72.3,0.79
2025-09-21 13:26:28,2025-09-21,13:26:28,out,2.66,18.3,53.8,28.6,21.733,189.9,4.92
2025-09-21 13:26:56,2025-09-21,13:26:56,in,1.03,1310.8,0.0,30.6,10.524,143.9,1.31
2025-09-21 13:27:32,2025-09-21,13:27:32,out,4.12,18.3,54.0,28.5,21.679,221.8,5.97
2025-09-21 13:28:00,2025-09-21,13:28:00,in,0.07,1310.8,0.0,30.7,10.566,13.6,1.03
2025-09-21 13:28:36,2025-09-21,13:28:36,out,1.33,18.3,54.9,28.3,21.651,229.2,5.44
2025-09-21 13:29:03,2025-09-21,13:29:03,in,0.56,1310.8,0.0,30.6,10.524,295.3,1.41
2025-09-21 13:29:39,2025-09-21,13:29:39,out,3.71,18.3,54.9,28.2,21.563,210.1,5.66
2025-09-21 13:30:06,2025-09-21,13:30:06,in,0.29,1310.8,0.0,30.6,10.524,321.1,1.06
2025-09-21 13:30:42,2025-09-21,13:30:42,out,5.11,18.3,55.1,28.2,21.595,219.1,8.42
2025-09-21 13:31:10,2025-09-21,13:31:10,in,0.69,1310.8,0.0,30.4,10.442,296.3,1.48
2025-09-21 13:31:46,2025-09-21,13:31:46,out,4.53,18.3,55.8,28.0,21.532,199.4,5.82
2025-09-21 13:32:14,2025-09-21,13:32:14,in,0.04,1310.8,0.0,30.4,10.442,125.3,1.18
2025-09-21 13:32:50,2025-09-21,13:32:50,out,0.77,18.6,56.8,28.0,21.693,183.5,5.63
2025-09-21 13:33:17,2025-09-21,13:33:17,in,0.33,1310.8,0.0,30.4,10.442,147.4,0.69
2025-09-21 13:33:53,2025-09-21,13:33:53,out,3.52,18.6,56.5,28.1,21.733,223.7,4.43
2025-09-21 13:34:20,2025-09-21,13:34:20,in,0.16,1310.8,0.0,30.4,10.442,219.4,0.79
2025-09-21 13:34:56,2025-09-21,13:34:56,out,1.8,18.3,55.0,28.2,21.579,203.5,5.73
2025-09-21 13:35:24,2025-09-21,13:35:24,in,0.53,1310.8,0.0,30.4,10.442,105.0,0.93
2025-09-21 13:36:00,2025-09-21,13:36:00,out,6.88,,,18.3,,28.1,5.54
2025-09-21 13:36:28,2025-09-21,13:36:28,in,0.35,1310.8,0.0,30.5,10.483,182.5,0.94
2025-09-21 13:37:04,2025-09-21,13:37:04,out,2.57,18.3,55.5,28.1,21.572,207.9,4.72
2025-09-21 13:37:31,2025-09-21,13:37:31,in,0.99,1310.8,0.0,30.4,10.442,311.1,2.21
2025-09-21 13:38:07,2025-09-21,13:38:07,out,4.28,18.2,55.1,28.1,21.507,210.7,6.15
2025-09-21 13:38:34,2025-09-21,13:38:34,in,1.17,1310.8,0.0,30.4,10.442,323.6,2.14
2025-09-21 13:39:10,2025-09-21,13:39:10,out,0.79,18.4,55.8,28.1,21.621,158.7,4.76
2025-09-21 13:39:38,2025-09-21,13:39:38,in,0.91,1310.8,0.0,30.4,10.442,318.8,2.42
2025-09-21 13:40:14,2025-09-21,13:40:14,out,0.44,18.4,55.5,28.2,21.66,293.4,2.46
2025-09-21 13:40:42,2025-09-21,13:40:42,in,1.2,1310.8,0.0,30.4,10.442,322.8,2.69
2025-09-21 13:41:18,2025-09-21,13:41:18,out,1.15,18.2,54.9,28.2,21.563,211.5,2.39
2025-09-21 13:41:45,2025-09-21,13:41:45,in,0.28,1310.8,0.0,30.4,10.442,344.8,1.49
2025-09-21 13:42:21,2025-09-21,13:42:21,out,4.09,18.2,54.7,28.2,21.53,245.3,5.81
2025-09-21 13:42:48,2025-09-21,13:42:48,in,1.18,1310.8,0.0,30.3,10.4,342.6,2.86
2025-09-21 13:43:24,2025-09-21,13:43:24,out,0.42,18.6,56.5,28.0,21.645,223.4,7.76
2025-09-21 13:43:52,2025-09-21,13:43:52,in,1.9,1310.8,0.0,29.9,10.235,318.2,2.79
2025-09-21 13:44:28,2025-09-21,13:44:28,out,3.67,18.4,56.4,27.9,21.54,226.8,4.65
2025-09-21 13:44:56,2025-09-21,13:44:56,in,1.12,,,1310.8,,306.7,1.79
2025-09-21 13:45:32,2025-09-21,13:45:32,out,4.53,18.4,56.5,27.9,21.556,227.5,5.82
2025-09-21 13:45:59,2025-09-21,13:45:59,in,1.48,1310.8,0.0,29.6,10.11,329.0,2.35
2025-09-21 13:46:35,2025-09-21,13:46:35,out,4.56,18.1,55.5,27.9,21.396,195.5,6.03
2025-09-21 13:47:02,2025-09-21,13:47:02,in,1.73,1310.8,0.0,29.7,10.152,319.0,2.46
2025-09-21 13:47:38,2025-09-21,13:47:38,out,1.39,18.0,55.5,27.8,21.308,194.2,4.01
2025-09-21 13:48:06,2025-09-21,13:48:06,in,0.29,1310.8,0.0,29.6,10.11,210.0,2.21
2025-09-21 13:48:42,2025-09-21,13:48:42,out,1.92,18.0,55.8,27.7,21.267,200.1,3.4
2025-09-21 13:49:10,2025-09-21,13:49:10,in,1.89,1310.8,0.0,29.5,10.069,310.5,2.54
2025-09-21 13:49:46,2025-09-21,13:49:46,out,0.92,18.1,56.2,27.6,21.243,208.2,3.14
2025-09-21 13:50:13,2025-09-21,13:50:13,in,1.31,1310.8,0.0,29.4,10.027,327.7,2.7
2025-09-21 13:50:49,2025-09-21,13:50:49,out,1.39,18.1,56.2,27.6,21.243,153.3,4.01
2025-09-21 13:51:16,2025-09-21,13:51:16,in,1.0,1310.8,0.0,29.3,9.986,316.8,2.66
2025-09-21 13:51:52,2025-09-21,13:51:52,out,1.1,18.1,55.9,27.7,21.283,143.7,2.99
2025-09-21 13:52:20,2025-09-21,13:52:20,in,1.01,1310.8,0.0,29.3,9.986,310.9,1.89
2025-09-21 13:52:56,2025-09-21,13:52:56,out,0.39,18.2,56.1,27.8,21.404,238.9,2.26
2025-09-21 13:53:24,2025-09-21,13:53:24,in,0.62,1310.8,0.0,29.4,10.027,337.1,2.24
2025-09-21 13:54:00,2025-09-21,13:54:00,out,0.77,18.1,55.5,27.9,21.396,198.9,2.99
2025-09-21 13:54:27,2025-09-21,13:54:27,in,0.59,1310.8,0.0,29.4,10.027,327.8,1.56
2025-09-21 13:55:03,2025-09-21,13:55:03,out,1.51,18.0,54.9,28.0,21.387,192.2,3.72
2025-09-21 13:55:30,2025-09-21,13:55:30,in,0.19,1310.8,0.0,29.4,10.027,7.1,2.43
2025-09-21 13:56:06,2025-09-21,13:56:06,out,4.29,18.0,54.7,28.0,21.355,215.8,6.27
2025-09-21 13:56:34,2025-09-21,13:56:34,in,1.57,1310.8,0.0,29.4,10.027,307.4,2.59
2025-09-21 13:57:10,2025-09-21,13:57:10,out,2.55,18.2,55.9,27.8,21.372,228.5,5.75
2025-09-21 13:57:38,2025-09-21,13:57:38,in,0.86,1310.8,0.0,29.3,9.986,328.5,2.02
2025-09-21 13:58:14,2025-09-21,13:58:14,out,1.27,18.2,56.3,27.7,21.347,219.4,4.85
2025-09-21 13:58:41,2025-09-21,13:58:41,in,1.04,1310.8,0.0,29.3,9.986,328.9,2.53
2025-09-21 13:59:17,2025-09-21,13:59:17,out,2.08,18.5,56.9,27.8,21.532,216.4,5.03
2025-09-21 13:59:44,2025-09-21,13:59:44,in,0.76,1310.8,0.0,29.2,9.945,138.3,2.49
2025-09-21 14:00:20,2025-09-21,14:00:20,out,2.12,18.3,55.9,27.9,21.46,204.1,5.53
2025-09-21 14:00:48,2025-09-21,14:00:48,in,1.89,,,1310.8,,29.3,0.0
2025-09-21 14:01:24,2025-09-21,14:01:24,out,3.05,18.2,56.0,27.8,21.388,223.6,7.06
2025-09-21 14:01:52,2025-09-21,14:01:52,in,1.33,1310.8,0.0,29.3,9.986,304.1,1.8
2025-09-21 14:02:28,2025-09-21,14:02:28,out,1.82,18.4,57.0,27.7,21.459,230.2,6.26
2025-09-21 14:02:56,2025-09-21,14:02:56,in,1.6,1310.8,0.0,29.2,9.945,315.2,2.44
2025-09-21 14:03:31,2025-09-21,14:03:31,out,3.34,18.3,56.9,27.6,21.354,234.6,4.7
2025-09-21 14:03:59,2025-09-21,14:03:59,in,0.78,1310.8,0.0,29.1,9.903,333.3,2.4
2025-09-21 14:04:34,2025-09-21,14:04:34,out,1.48,18.5,57.5,27.6,21.449,211.0,5.26
2025-09-21 14:05:02,2025-09-21,14:05:02,in,0.8,1310.8,0.0,29.1,9.903,308.1,2.62
2025-09-21 14:05:38,2025-09-21,14:05:38,out,3.76,18.3,56.8,27.7,21.427,225.5,5.07
2025-09-21 14:06:06,2025-09-21,14:06:06,in,0.06,1310.8,0.0,29.2,9.945,352.5,2.11
2025-09-21 14:06:42,2025-09-21,14:06:42,out,3.15,18.2,56.4,27.7,21.363,208.9,5.47
2025-09-21 14:07:10,2025-09-21,14:07:10,in,1.22,1310.8,0.0,29.2,9.945,320.3,2.79
2025-09-21 14:07:45,2025-09-21,14:07:45,out,2.44,18.2,56.9,27.5,21.265,281.0,6.15
2025-09-21 14:08:13,2025-09-21,14:08:13,in,1.13,1310.8,0.0,29.2,9.945,316.0,1.83
2025-09-21 14:08:48,2025-09-21,14:08:48,out,4.15,18.3,57.5,27.5,21.36,248.6,6.02
2025-09-21 14:09:16,2025-09-21,14:09:16,in,1.42,1310.8,0.0,29.1,9.903,321.0,2.75
2025-09-21 14:09:52,2025-09-21,14:09:52,out,4.59,18.4,57.8,27.5,21.407,242.6,6.56
2025-09-21 14:10:20,2025-09-21,14:10:20,in,0.26,1310.8,0.0,29.1,9.903,12.4,2.55
2025-09-21 14:10:56,2025-09-21,14:10:56,out,3.8,18.3,57.5,27.5,21.36,231.2,6.0
2025-09-21 14:11:24,2025-09-21,14:11:24,in,0.46,1310.8,0.0,29.1,9.903,294.8,1.54
2025-09-21 14:11:59,2025-09-21,14:11:59,out,5.28,18.3,57.3,27.5,21.328,230.0,6.62
2025-09-21 14:12:28,2025-09-21,14:12:28,in,0.69,,,1310.8,,29.1,0.0
2025-09-21 14:13:02,2025-09-21,14:13:02,out,5.66,,,18.2,,27.4,5.75
2025-09-21 14:13:30,2025-09-21,14:13:30,in,0.49,1310.8,0.0,29.1,9.903,345.5,2.06
2025-09-21 14:14:06,2025-09-21,14:14:06,out,3.32,18.3,57.9,27.3,21.245,255.2,5.74
2025-09-21 14:14:34,2025-09-21,14:14:34,in,1.0,1310.8,0.0,29.0,9.862,355.1,1.77
2025-09-21 14:15:10,2025-09-21,14:15:10,out,5.37,18.1,57.6,27.2,21.109,227.5,7.74
2025-09-21 14:15:38,2025-09-21,14:15:38,in,0.5,1310.8,0.0,28.9,9.82,16.0,1.74
2025-09-21 14:16:13,2025-09-21,14:16:13,out,4.19,18.1,57.8,27.2,21.14,223.5,5.76
2025-09-21 14:16:41,2025-09-21,14:16:41,in,1.35,1310.8,0.0,28.9,9.82,347.2,2.2
2025-09-21 14:17:16,2025-09-21,14:17:16,out,1.88,18.0,57.7,27.1,21.035,272.1,5.35
2025-09-21 14:17:44,2025-09-21,14:17:44,in,1.15,1310.8,0.0,28.7,9.738,321.9,2.0
2025-09-21 14:18:20,2025-09-21,14:18:20,out,2.73,18.2,57.9,27.2,21.156,209.0,3.86
2025-09-21 14:18:48,2025-09-21,14:18:48,in,0.91,1310.8,0.0,28.7,9.738,328.6,1.54
2025-09-21 14:19:24,2025-09-21,14:19:24,out,2.42,18.2,57.6,27.3,21.198,245.8,5.12
2025-09-21 14:19:52,2025-09-21,14:19:52,in,1.01,1310.8,0.0,28.8,9.779,298.5,2.16
2025-09-21 14:20:27,2025-09-21,14:20:27,out,4.29,18.2,56.9,27.5,21.265,238.9,4.98
2025-09-21 14:20:55,2025-09-21,14:20:55,in,0.73,1310.8,0.0,29.0,9.862,297.7,2.69
2025-09-21 14:21:30,2025-09-21,14:21:30,out,2.53,18.2,57.1,27.5,21.297,206.1,6.4
2025-09-21 14:21:58,2025-09-21,14:21:58,in,0.32,1310.8,0.0,29.1,9.903,236.9,2.83
2025-09-21 14:22:34,2025-09-21,14:22:34,out,2.72,18.0,56.5,27.5,21.202,239.6,4.88
2025-09-21 14:23:02,2025-09-21,14:23:02,in,0.71,1310.8,0.0,29.1,9.903,308.5,2.66
2025-09-21 14:23:38,2025-09-21,14:23:38,out,1.02,18.2,56.3,27.7,21.347,239.3,4.26
2025-09-21 14:24:06,2025-09-21,14:24:06,in,0.14,1310.8,0.0,29.2,9.945,170.6,1.53
2025-09-21 14:24:42,2025-09-21,14:24:42,out,2.96,17.9,55.1,27.7,21.155,206.5,4.54
2025-09-21 14:25:09,2025-09-21,14:25:09,in,0.57,1310.8,0.0,29.2,9.945,337.3,2.9
2025-09-21 14:25:45,2025-09-21,14:25:45,out,3.33,18.1,56.1,27.7,21.315,233.0,5.0
2025-09-21 14:26:12,2025-09-21,14:26:12,in,1.17,1310.8,0.0,29.2,9.945,310.1,2.37
2025-09-21 14:26:48,2025-09-21,14:26:48,out,2.34,18.0,55.7,27.7,21.251,184.6,5.01
2025-09-21 14:27:16,2025-09-21,14:27:16,in,0.97,1310.8,0.0,29.3,9.986,319.8,2.3
2025-09-21 14:27:52,2025-09-21,14:27:52,out,2.35,18.0,55.8,27.7,21.267,204.6,4.61
2025-09-21 14:28:20,2025-09-21,14:28:20,in,0.92,1310.8,0.0,29.3,9.986,320.1,1.3
2025-09-21 14:28:56,2025-09-21,14:28:56,out,3.64,18.1,55.9,27.7,21.283,194.7,6.76
2025-09-21 14:29:23,2025-09-21,14:29:23,in,1.96,1310.8,0.0,29.3,9.986,320.4,2.69
2025-09-21 14:29:59,2025-09-21,14:29:59,out,1.74,18.0,55.6,27.7,21.235,189.1,4.29
2025-09-21 14:30:26,2025-09-21,14:30:26,in,0.66,1310.8,0.0,29.4,10.027,319.3,2.1
2025-09-21 14:31:02,2025-09-21,14:31:02,out,3.25,18.3,56.6,27.7,21.395,214.5,5.17
2025-09-21 14:31:30,2025-09-21,14:31:30,in,0.54,1310.8,0.0,29.3,9.986,321.0,2.36
2025-09-21 14:32:06,2025-09-21,14:32:06,out,4.14,18.2,56.6,27.6,21.306,242.6,5.11
2025-09-21 14:32:34,2025-09-21,14:32:34,in,0.74,1310.8,0.0,29.2,9.945,10.3,2.84
2025-09-21 14:33:10,2025-09-21,14:33:10,out,5.22,,,18.4,,27.6,5.73
2025-09-21 14:33:37,2025-09-21,14:33:37,in,1.02,1310.8,0.0,29.2,9.945,324.1,1.46
2025-09-21 14:34:13,2025-09-21,14:34:13,out,2.9,18.2,56.6,27.6,21.306,201.6,3.81
2025-09-21 14:34:40,2025-09-21,14:34:40,in,1.42,1310.8,0.0,29.2,9.945,312.0,1.97
2025-09-21 14:35:16,2025-09-21,14:35:16,out,0.87,18.3,56.9,27.6,21.354,206.2,3.85
2025-09-21 14:35:44,2025-09-21,14:35:44,in,0.7,1310.8,0.0,29.2,9.945,316.9,2.03
2025-09-21 14:36:20,2025-09-21,14:36:20,out,0.8,18.4,56.7,27.8,21.5,240.4,2.97
2025-09-21 14:36:48,2025-09-21,14:36:48,in,0.51,1310.8,0.0,29.2,9.945,327.8,1.41
2025-09-21 14:37:24,2025-09-21,14:37:24,out,2.99,18.0,55.0,27.9,21.315,228.9,4.87
2025-09-21 14:37:51,2025-09-21,14:37:51,in,1.08,1310.8,0.0,29.3,9.986,339.4,2.48
2025-09-21 14:38:27,2025-09-21,14:38:27,out,1.87,18.0,55.4,27.8,21.292,224.7,4.87
2025-09-21 14:38:54,2025-09-21,14:38:54,in,0.96,1310.8,0.0,29.3,9.986,332.0,1.78
2025-09-21 14:39:30,2025-09-21,14:39:30,out,3.34,17.8,54.4,27.8,21.13,225.4,6.66
2025-09-21 14:39:58,2025-09-21,14:39:58,in,0.86,1310.8,0.0,29.4,10.027,333.6,2.09
2025-09-21 14:40:34,2025-09-21,14:40:34,out,3.77,17.5,54.0,27.7,20.978,223.6,5.75
2025-09-21 14:41:02,2025-09-21,14:41:02,in,0.15,1310.8,0.0,29.4,10.027,120.4,1.37
2025-09-21 14:41:38,2025-09-21,14:41:38,out,2.59,17.8,55.0,27.7,21.139,220.5,4.14
2025-09-21 14:42:05,2025-09-21,14:42:05,in,1.35,1310.8,0.0,29.4,10.027,323.2,1.61
2025-09-21 14:42:42,2025-09-21,14:42:42,out,3.54,18.0,55.2,27.8,21.259,215.6,4.44
2025-09-21 14:43:09,2025-09-21,14:43:09,in,1.55,1310.8,0.0,29.5,10.069,315.2,2.46
2025-09-21 14:43:45,2025-09-21,14:43:45,out,3.15,18.0,55.3,27.8,21.275,229.6,6.4
2025-09-21 14:44:12,2025-09-21,14:44:12,in,1.22,1310.8,0.0,29.5,10.069,333.4,2.39
2025-09-21 14:44:48,2025-09-21,14:44:48,out,3.1,18.3,55.9,27.9,21.46,209.2,6.2
2025-09-21 14:45:16,2025-09-21,14:45:16,in,1.45,1310.8,0.0,29.4,10.027,319.4,2.59
2025-09-21 14:45:52,2025-09-21,14:45:52,out,3.28,18.1,56.0,27.7,21.299,231.1,7.07
2025-09-21 14:46:19,2025-09-21,14:46:19,in,1.67,1310.8,0.0,29.4,10.027,319.8,2.29
2025-09-21 14:46:56,2025-09-21,14:46:56,out,3.37,18.1,56.3,27.6,21.259,225.3,4.45
2025-09-21 14:47:23,2025-09-21,14:47:23,in,1.03,1310.8,0.0,29.3,9.986,330.4,1.89
2025-09-21 14:47:59,2025-09-21,14:47:59,out,3.03,18.2,56.6,27.6,21.306,209.9,5.65
2025-09-21 14:48:26,2025-09-21,14:48:26,in,0.13,1310.8,0.0,29.3,9.986,134.4,1.55
2025-09-21 14:49:02,2025-09-21,14:49:02,out,3.36,18.2,56.9,27.5,21.265,219.8,5.29
2025-09-21 14:49:30,2025-09-21,14:49:30,in,1.77,1310.8,0.0,29.3,9.986,312.5,2.54
2025-09-21 14:50:06,2025-09-21,14:50:06,out,1.82,18.4,57.5,27.6,21.449,192.9,2.78
2025-09-21 14:50:33,2025-09-21,14:50:33,in,1.12,1310.8,0.0,29.3,9.986,317.0,2.48
2025-09-21 14:51:10,2025-09-21,14:51:10,out,2.08,18.1,55.9,27.7,21.283,204.2,3.82
2025-09-21 14:51:36,2025-09-21,14:51:36,in,0.66,1310.8,0.0,29.3,9.986,266.6,2.67
2025-09-21 14:52:13,2025-09-21,14:52:13,out,2.54,18.0,55.4,27.7,21.203,206.9,4.69
2025-09-21 14:52:40,2025-09-21,14:52:40,in,2.06,1310.8,0.0,29.4,10.027,318.2,2.55
2025-09-21 14:53:16,2025-09-21,14:53:16,out,2.56,17.9,55.2,27.7,21.171,227.6,6.11
2025-09-21 14:53:44,2025-09-21,14:53:44,in,1.13,1310.8,0.0,29.4,10.027,330.0,2.42
2025-09-21 14:54:20,2025-09-21,14:54:20,out,3.17,17.7,55.1,27.6,21.067,212.0,6.51
2025-09-21 14:54:47,2025-09-21,14:54:47,in,1.03,1310.8,0.0,29.2,9.945,325.7,1.92
2025-09-21 14:55:24,2025-09-21,14:55:24,out,4.94,17.9,55.7,27.5,21.075,226.3,5.98
2025-09-21 14:55:50,2025-09-21,14:55:50,in,0.41,1310.8,0.0,29.1,9.903,335.6,2.45
2025-09-21 14:56:27,2025-09-21,14:56:27,out,1.26,18.0,56.6,27.4,21.129,203.9,5.3
2025-09-21 14:56:54,2025-09-21,14:56:54,in,0.87,1310.8,0.0,29.0,9.862,306.1,1.78
2025-09-21 14:57:30,2025-09-21,14:57:30,out,1.88,17.9,56.3,27.4,21.082,211.1,3.87
2025-09-21 14:57:58,2025-09-21,14:57:58,in,0.96,1310.8,0.0,29.0,9.862,325.6,1.98
2025-09-21 14:58:34,2025-09-21,14:58:34,out,3.27,17.8,55.6,27.5,21.059,201.4,3.94
2025-09-21 14:59:02,2025-09-21,14:59:02,in,1.11,1310.8,0.0,29.0,9.862,297.0,2.6
2025-09-21 14:59:38,2025-09-21,14:59:38,out,0.91,18.1,56.2,27.6,21.243,184.4,4.5
2025-09-21 15:00:04,2025-09-21,15:00:04,in,0.84,1310.8,0.0,29.0,9.862,146.0,2.51
2025-09-21 15:00:41,2025-09-21,15:00:41,out,4.02,18.0,55.7,27.6,21.163,214.8,5.44
2025-09-21 15:01:08,2025-09-21,15:01:08,in,1.79,1310.8,0.0,29.1,9.903,321.5,2.4
2025-09-21 15:01:44,2025-09-21,15:01:44,out,2.82,18.0,55.8,27.6,21.179,197.8,4.3
2025-09-21 15:02:12,2025-09-21,15:02:12,in,2.27,1310.8,0.0,29.1,9.903,317.2,3.43
2025-09-21 15:02:48,2025-09-21,15:02:48,out,2.97,17.9,55.6,27.6,21.147,192.5,4.82
2025-09-21 15:03:16,2025-09-21,15:03:16,in,1.78,1310.8,0.0,29.2,9.945,307.4,2.56
2025-09-21 15:03:52,2025-09-21,15:03:52,out,3.55,18.0,55.5,27.7,21.219,209.9,4.21
2025-09-21 15:04:19,2025-09-21,15:04:19,in,1.22,1310.8,0.0,29.2,9.945,336.6,3.23
2025-09-21 15:04:55,2025-09-21,15:04:55,out,3.29,18.0,55.3,27.8,21.275,204.3,4.27
2025-09-21 15:05:22,2025-09-21,15:05:22,in,0.82,1310.8,0.0,29.2,9.945,314.0,2.79
2025-09-21 15:05:58,2025-09-21,15:05:58,out,1.87,18.0,55.6,27.7,21.235,208.4,6.39
2025-09-21 15:06:26,2025-09-21,15:06:26,in,1.82,1310.8,0.0,29.2,9.945,306.6,2.82
2025-09-21 15:07:02,2025-09-21,15:07:02,out,3.33,18.0,55.6,27.7,21.235,223.9,5.24
2025-09-21 15:07:30,2025-09-21,15:07:30,in,1.04,1310.8,0.0,29.2,9.945,320.8,1.99
2025-09-21 15:08:06,2025-09-21,15:08:06,out,2.46,18.0,56.0,27.6,21.211,194.4,5.62
2025-09-21 15:08:33,2025-09-21,15:08:33,in,0.75,1310.8,0.0,29.2,9.945,320.4,2.41
2025-09-21 15:09:09,2025-09-21,15:09:09,out,3.39,17.9,55.6,27.6,21.147,199.1,4.38
2025-09-21 15:09:36,2025-09-21,15:09:36,in,1.68,1310.8,0.0,29.2,9.945,312.9,2.02
2025-09-21 15:10:12,2025-09-21,15:10:12,out,3.52,17.9,55.8,27.5,21.091,223.4,5.62
2025-09-21 15:10:40,2025-09-21,15:10:40,in,1.51,1310.8,0.0,29.3,9.986,320.0,3.13
2025-09-21 15:11:16,2025-09-21,15:11:16,out,1.94,17.8,55.3,27.5,21.011,218.3,4.98
2025-09-21 15:11:44,2025-09-21,15:11:44,in,0.33,1310.8,0.0,29.2,9.945,347.9,2.07
2025-09-21 15:12:20,2025-09-21,15:12:20,out,0.91,18.0,56.1,27.5,21.139,261.1,4.15
2025-09-21 15:12:47,2025-09-21,15:12:47,in,0.97,1310.8,0.0,29.2,9.945,326.4,1.43
2025-09-21 15:13:23,2025-09-21,15:13:23,out,2.96,18.0,55.7,27.7,21.251,219.2,5.15
2025-09-21 15:13:50,2025-09-21,15:13:50,in,1.32,1310.8,0.0,29.2,9.945,322.2,2.31
2025-09-21 15:14:26,2025-09-21,15:14:26,out,3.85,17.8,55.0,27.7,21.139,220.6,5.45
2025-09-21 15:14:54,2025-09-21,15:14:54,in,1.2,1310.8,0.0,29.2,9.945,318.1,2.24
2025-09-21 15:15:30,2025-09-21,15:15:30,out,5.13,18.0,55.9,27.6,21.195,232.7,6.27
2025-09-21 15:15:58,2025-09-21,15:15:58,in,1.1,1310.8,0.0,29.1,9.903,315.3,2.24
2025-09-21 15:16:34,2025-09-21,15:16:34,out,4.2,18.1,56.6,27.5,21.218,221.6,6.64
2025-09-21 15:17:01,2025-09-21,15:17:01,in,1.18,1310.8,0.0,29.2,9.945,306.9,2.65
2025-09-21 15:17:37,2025-09-21,15:17:37,out,3.4,18.1,56.6,27.5,21.218,223.8,4.48
2025-09-21 15:18:04,2025-09-21,15:18:04,in,1.57,1310.8,0.0,29.2,9.945,319.2,2.9
2025-09-21 15:18:40,2025-09-21,15:18:40,out,2.98,18.0,56.2,27.5,21.154,221.4,5.19
2025-09-21 15:19:08,2025-09-21,15:19:08,in,1.4,1310.8,0.0,29.1,9.903,312.6,1.97
2025-09-21 15:19:44,2025-09-21,15:19:44,out,3.38,18.1,57.0,27.4,21.192,245.9,5.25
2025-09-21 15:20:12,2025-09-21,15:20:12,in,0.34,1310.8,0.0,29.0,9.862,304.4,2.65
2025-09-21 15:20:48,2025-09-21,15:20:48,out,3.96,18.0,56.5,27.5,21.202,244.3,5.29
2025-09-21 15:21:15,2025-09-21,15:21:15,in,1.65,1310.8,0.0,29.0,9.862,305.0,2.19
2025-09-21 15:21:51,2025-09-21,15:21:51,out,2.56,17.9,55.9,27.5,21.107,221.9,6.35
2025-09-21 15:22:18,2025-09-21,15:22:18,in,1.18,1310.8,0.0,29.1,9.903,313.2,2.75
2025-09-21 15:22:54,2025-09-21,15:22:54,out,2.89,18.0,56.0,27.5,21.123,225.1,5.06
2025-09-21 15:23:22,2025-09-21,15:23:22,in,0.84,1310.8,0.0,29.2,9.945,316.9,2.85
2025-09-21 15:23:58,2025-09-21,15:23:58,out,3.0,17.8,55.3,27.6,21.099,227.0,5.64
2025-09-21 15:24:26,2025-09-21,15:24:26,in,0.22,1310.8,0.0,29.2,9.945,346.0,1.68
2025-09-21 15:25:02,2025-09-21,15:25:02,out,2.02,17.8,55.3,27.6,21.099,236.2,4.89
2025-09-21 15:25:29,2025-09-21,15:25:29,in,1.6,1310.8,0.0,29.2,9.945,323.8,2.25
2025-09-21 15:26:05,2025-09-21,15:26:05,out,0.95,18.1,55.6,27.8,21.324,235.8,3.53
2025-09-21 15:26:32,2025-09-21,15:26:32,in,1.51,1310.8,0.0,29.2,9.945,326.2,1.94
2025-09-21 15:27:08,2025-09-21,15:27:08,out,2.66,17.9,54.6,27.9,21.251,238.8,3.77
2025-09-21 15:27:36,2025-09-21,15:27:36,in,1.07,1310.8,0.0,29.3,9.986,330.3,2.21
2025-09-21 15:28:12,2025-09-21,15:28:12,out,1.75,18.0,54.9,27.9,21.299,210.8,5.33
2025-09-21 15:28:40,2025-09-21,15:28:40,in,0.57,1310.8,0.0,29.2,9.945,341.8,1.72
2025-09-21 15:29:16,2025-09-21,15:29:16,out,1.12,18.1,55.5,27.9,21.396,232.5,4.94
2025-09-21 15:29:43,2025-09-21,15:29:43,in,1.72,1310.8,0.0,29.3,9.986,325.1,2.84
2025-09-21 15:30:19,2025-09-21,15:30:19,out,3.1,18.0,54.8,27.9,21.283,225.4,5.4
2025-09-21 15:30:46,2025-09-21,15:30:46,in,0.35,1310.8,0.0,29.3,9.986,327.6,2.31
2025-09-21 15:31:22,2025-09-21,15:31:22,out,1.66,18.0,55.1,27.8,21.243,197.5,6.14
2025-09-21 15:31:50,2025-09-21,15:31:50,in,1.81,1310.8,0.0,29.2,9.945,314.9,2.52
2025-09-21 15:32:26,2025-09-21,15:32:26,out,2.14,17.9,55.1,27.7,21.155,218.0,3.01
2025-09-21 15:32:54,2025-09-21,15:32:54,in,1.93,1310.8,0.0,29.1,9.903,320.9,2.47
2025-09-21 15:33:30,2025-09-21,15:33:30,out,0.57,18.1,55.8,27.8,21.356,236.6,2.62
2025-09-21 15:33:57,2025-09-21,15:33:57,in,1.41,1310.8,0.0,29.1,9.903,324.2,2.15
2025-09-21 15:34:33,2025-09-21,15:34:33,out,1.12,17.9,54.4,27.9,21.218,201.0,5.65
2025-09-21 15:35:00,2025-09-21,15:35:00,in,1.78,1310.8,0.0,29.1,9.903,304.6,2.43
2025-09-21 15:35:36,2025-09-21,15:35:36,out,0.57,17.8,54.6,27.8,21.163,133.2,4.76
2025-09-21 15:36:04,2025-09-21,15:36:04,in,0.13,1310.8,0.0,29.1,9.903,215.8,2.7
2025-09-21 15:36:40,2025-09-21,15:36:40,out,2.19,17.9,54.6,27.9,21.251,211.3,3.47
2025-09-21 15:37:08,2025-09-21,15:37:08,in,0.2,1310.8,0.0,29.1,9.903,230.8,1.14
2025-09-21 15:37:44,2025-09-21,15:37:44,out,3.47,17.8,54.3,27.9,21.202,212.1,4.36
2025-09-21 15:38:11,2025-09-21,15:38:11,in,0.4,1310.8,0.0,29.1,9.903,136.5,0.57
2025-09-21 15:38:47,2025-09-21,15:38:47,out,1.68,17.8,54.6,27.8,21.163,196.2,4.99
2025-09-21 15:39:14,2025-09-21,15:39:14,in,0.49,1310.8,0.0,29.2,9.945,140.6,1.1
2025-09-21 15:39:50,2025-09-21,15:39:50,out,1.04,17.9,54.8,27.8,21.195,172.3,3.91
2025-09-21 15:40:18,2025-09-21,15:40:18,in,0.42,1310.8,0.0,29.2,9.945,98.5,1.24
2025-09-21 15:40:54,2025-09-21,15:40:54,out,3.25,17.9,54.8,27.8,21.195,233.9,4.89
2025-09-21 15:41:22,2025-09-21,15:41:22,in,0.13,1310.8,0.0,29.2,9.945,317.3,0.98
2025-09-21 15:41:58,2025-09-21,15:41:58,out,2.4,17.8,55.0,27.7,21.139,221.2,4.14
2025-09-21 15:42:25,2025-09-21,15:42:25,in,0.3,1310.8,0.0,29.2,9.945,321.4,0.94
2025-09-21 15:43:01,2025-09-21,15:43:01,out,1.57,17.9,55.5,27.6,21.131,213.0,5.0
2025-09-21 15:43:28,2025-09-21,15:43:28,in,0.22,1310.8,0.0,29.1,9.903,242.3,0.46
2025-09-21 15:44:04,2025-09-21,15:44:04,out,2.72,17.7,55.0,27.6,21.051,206.1,4.84
2025-09-21 15:44:32,2025-09-21,15:44:32,in,0.39,1310.8,0.0,29.1,9.903,272.6,0.9
2025-09-21 15:45:08,2025-09-21,15:45:08,out,1.6,17.7,55.1,27.5,20.979,212.9,3.61
2025-09-21 15:45:36,2025-09-21,15:45:36,in,0.12,1310.8,0.0,29.1,9.903,190.8,0.98
2025-09-21 15:46:12,2025-09-21,15:46:12,out,0.92,17.8,55.6,27.5,21.059,209.5,3.14
2025-09-21 15:46:39,2025-09-21,15:46:39,in,0.48,1310.8,0.0,29.1,9.903,147.2,0.81
2025-09-21 15:47:15,2025-09-21,15:47:15,out,2.42,17.7,54.7,27.6,21.003,220.1,4.49
2025-09-21 15:47:42,2025-09-21,15:47:42,in,0.15,1310.8,0.0,29.1,9.903,263.7,1.11
2025-09-21 15:48:18,2025-09-21,15:48:18,out,3.04,17.6,54.8,27.5,20.931,197.5,3.7
2025-09-21 15:48:46,2025-09-21,15:48:46,in,0.46,1310.8,0.0,29.1,9.903,264.0,1.41
2025-09-21 15:49:22,2025-09-21,15:49:22,out,1.42,17.7,55.6,27.4,20.971,207.4,6.12
2025-09-21 15:49:50,2025-09-21,15:49:50,in,0.41,1310.8,0.0,29.1,9.903,234.5,1.21
2025-09-21 15:50:26,2025-09-21,15:50:26,out,1.58,17.9,56.4,27.3,21.009,208.5,6.94
2025-09-21 15:50:53,2025-09-21,15:50:53,in,0.19,1310.8,0.0,29.0,9.862,191.2,0.93
2025-09-21 15:51:29,2025-09-21,15:51:29,out,1.6,17.8,56.6,27.2,20.952,201.3,2.68
2025-09-21 15:51:56,2025-09-21,15:51:56,in,0.2,,,1310.8,,276.4,0.96
2025-09-21 15:52:32,2025-09-21,15:52:32,out,2.66,17.9,56.7,27.2,20.968,199.2,4.11
2025-09-21 15:53:00,2025-09-21,15:53:00,in,0.63,1310.8,0.0,28.9,9.82,290.7,0.9
2025-09-21 15:53:36,2025-09-21,15:53:36,out,2.94,17.9,57.1,27.1,20.942,217.2,5.5
2025-09-21 15:54:04,2025-09-21,15:54:04,in,0.33,1310.8,0.0,28.8,9.779,124.7,1.2
2025-09-21 15:54:40,2025-09-21,15:54:40,out,3.93,17.9,57.4,27.0,20.9,225.2,6.84
2025-09-21 15:55:07,2025-09-21,15:55:07,in,0.35,1310.8,0.0,28.7,9.738,280.5,1.03
2025-09-21 15:55:43,2025-09-21,15:55:43,out,3.66,17.8,57.4,26.9,20.811,205.0,4.77
2025-09-21 15:56:10,2025-09-21,15:56:10,in,0.67,1310.8,0.0,28.7,9.738,284.8,0.91
2025-09-21 15:56:46,2025-09-21,15:56:46,out,2.37,17.8,57.4,26.9,20.811,234.4,4.44
2025-09-21 15:57:14,2025-09-21,15:57:14,in,0.21,1310.8,0.0,28.7,9.738,92.2,0.9
2025-09-21 15:57:50,2025-09-21,15:57:50,out,3.54,17.7,57.3,26.9,20.795,205.1,4.58
2025-09-21 15:58:18,2025-09-21,15:58:18,in,0.51,1310.8,0.0,28.6,9.696,323.8,0.76
2025-09-21 15:58:54,2025-09-21,15:58:54,out,2.9,17.7,57.4,26.8,20.722,207.7,4.1
2025-09-21 15:59:21,2025-09-21,15:59:21,in,0.35,1310.8,0.0,28.6,9.696,283.2,0.52
2025-09-21 15:59:57,2025-09-21,15:59:57,out,1.51,17.6,57.3,26.8,20.706,206.4,4.67
2025-09-21 16:00:24,2025-09-21,16:00:24,in,0.11,1310.8,0.0,28.6,9.696,274.8,0.58
2025-09-21 16:01:00,2025-09-21,16:01:00,out,2.8,17.7,57.0,26.9,20.749,204.8,3.39
2025-09-21 16:01:28,2025-09-21,16:01:28,in,0.36,1310.8,0.0,28.6,9.696,105.5,0.71
2025-09-21 16:02:04,2025-09-21,16:02:04,out,1.84,17.6,57.1,26.8,20.675,216.5,5.9
2025-09-21 16:02:32,2025-09-21,16:02:32,in,0.17,1310.8,0.0,28.6,9.696,53.9,0.6
2025-09-21 16:03:08,2025-09-21,16:03:08,out,2.33,17.6,57.4,26.7,20.633,203.5,3.81
2025-09-21 16:03:35,2025-09-21,16:03:35,in,0.25,1310.8,0.0,28.5,9.655,115.2,0.64
2025-09-21 16:04:11,2025-09-21,16:04:11,out,4.78,17.6,57.7,26.6,20.59,219.5,5.1
2025-09-21 16:04:38,2025-09-21,16:04:38,in,0.19,1310.8,0.0,28.5,9.655,156.5,0.46
2025-09-21 16:05:14,2025-09-21,16:05:14,out,2.85,17.6,58.2,26.5,20.578,210.9,6.14
2025-09-21 16:05:42,2025-09-21,16:05:42,in,0.13,1310.8,0.0,28.5,9.655,47.8,0.79
2025-09-21 16:06:18,2025-09-21,16:06:18,out,1.83,17.6,58.2,26.5,20.578,214.6,5.62
2025-09-21 16:06:46,2025-09-21,16:06:46,in,0.52,1310.8,0.0,28.4,9.613,156.0,0.89
2025-09-21 16:07:22,2025-09-21,16:07:22,out,1.58,17.6,58.3,26.5,20.593,215.7,5.55
2025-09-21 16:07:49,2025-09-21,16:07:49,in,0.4,1310.8,0.0,28.4,9.613,129.9,0.68
2025-09-21 16:08:25,2025-09-21,16:08:25,out,1.69,17.6,57.9,26.6,20.621,228.5,4.84
2025-09-21 16:08:52,2025-09-21,16:08:52,in,0.21,1310.8,0.0,28.3,9.572,168.9,0.91
2025-09-21 16:09:28,2025-09-21,16:09:28,out,0.83,17.5,57.6,26.6,20.575,229.1,3.49
2025-09-21 16:09:56,2025-09-21,16:09:56,in,0.39,1310.8,0.0,28.3,9.572,170.4,0.75
2025-09-21 16:10:32,2025-09-21,16:10:32,out,3.83,17.4,56.9,26.7,20.555,211.1,4.87
2025-09-21 16:11:00,2025-09-21,16:11:00,in,0.25,1310.8,0.0,28.3,9.572,189.7,0.55
2025-09-21 16:11:36,2025-09-21,16:11:36,out,1.72,17.5,57.0,26.7,20.571,208.9,4.51
2025-09-21 16:12:03,2025-09-21,16:12:03,in,0.36,1310.8,0.0,28.3,9.572,206.1,0.75
2025-09-21 16:12:39,2025-09-21,16:12:39,out,1.62,17.5,57.1,26.7,20.586,221.9,4.5
2025-09-21 16:13:06,2025-09-21,16:13:06,in,0.12,1310.8,0.0,28.3,9.572,243.8,0.8
2025-09-21 16:13:42,2025-09-21,16:13:42,out,2.26,17.3,56.9,26.6,20.467,212.3,3.87
2025-09-21 16:14:10,2025-09-21,16:14:10,in,0.36,1310.8,0.0,28.3,9.572,132.2,0.66
2025-09-21 16:14:46,2025-09-21,16:14:46,out,5.09,17.3,56.8,26.6,20.451,219.1,5.9
2025-09-21 16:15:14,2025-09-21,16:15:14,in,0.49,1310.8,0.0,28.2,9.53,104.3,1.04
2025-09-21 16:15:50,2025-09-21,16:15:50,out,3.67,17.3,57.3,26.5,20.44,230.8,6.11
2025-09-21 16:16:17,2025-09-21,16:16:17,in,0.55,1310.8,0.0,28.0,9.448,357.1,2.34
2025-09-21 16:16:53,2025-09-21,16:16:53,out,3.19,17.5,58.0,26.4,20.458,219.2,5.22
2025-09-21 16:17:20,2025-09-21,16:17:20,in,1.36,1310.8,0.0,27.9,9.406,320.4,2.2
2025-09-21 16:17:56,2025-09-21,16:17:56,out,2.34,17.5,58.3,26.4,20.504,204.9,5.56
2025-09-21 16:18:24,2025-09-21,16:18:24,in,0.44,1310.8,0.0,27.8,9.365,301.1,2.51
2025-09-21 16:19:00,2025-09-21,16:19:00,out,2.31,17.4,57.8,26.4,20.428,202.7,4.07
2025-09-21 16:19:28,2025-09-21,16:19:28,in,1.66,1310.8,0.0,27.8,9.365,320.3,2.34
2025-09-21 16:20:04,2025-09-21,16:20:04,out,1.86,17.3,57.5,26.4,20.382,214.5,5.07
2025-09-21 16:20:31,2025-09-21,16:20:31,in,1.6,1310.8,0.0,27.7,9.323,323.0,2.49
2025-09-21 16:21:07,2025-09-21,16:21:07,out,3.8,17.3,57.6,26.4,20.397,210.5,4.51
2025-09-21 16:21:34,2025-09-21,16:21:34,in,2.06,1310.8,0.0,27.7,9.323,317.0,2.64
2025-09-21 16:22:10,2025-09-21,16:22:10,out,4.97,17.1,56.6,26.5,20.332,231.2,6.27
2025-09-21 16:22:38,2025-09-21,16:22:38,in,1.19,1310.8,0.0,27.7,9.323,327.6,2.29
2025-09-21 16:23:14,2025-09-21,16:23:14,out,3.72,17.2,57.0,26.4,20.305,220.1,5.27
2025-09-21 16:23:42,2025-09-21,16:23:42,in,2.0,1310.8,0.0,27.7,9.323,314.1,2.82
2025-09-21 16:24:18,2025-09-21,16:24:18,out,5.44,17.1,56.9,26.4,20.289,221.7,6.54
2025-09-21 16:24:45,2025-09-21,16:24:45,in,1.03,1310.8,0.0,27.7,9.323,325.2,2.46
2025-09-21 16:25:21,2025-09-21,16:25:21,out,3.56,17.2,57.4,26.3,20.277,229.4,4.83
2025-09-21 16:25:48,2025-09-21,16:25:48,in,1.16,1310.8,0.0,27.7,9.323,320.4,2.7
2025-09-21 16:26:24,2025-09-21,16:26:24,out,2.61,17.2,57.6,26.3,20.308,213.5,4.96
2025-09-21 16:26:52,2025-09-21,16:26:52,in,1.1,1310.8,0.0,27.5,9.24,316.4,1.99
2025-09-21 16:27:28,2025-09-21,16:27:28,out,4.11,17.1,57.2,26.3,20.247,233.0,5.54
2025-09-21 16:27:56,2025-09-21,16:27:56,in,1.35,1310.8,0.0,27.5,9.24,321.4,2.23
2025-09-21 16:28:32,2025-09-21,16:28:32,out,0.89,17.4,58.1,26.3,20.384,256.0,4.64
2025-09-21 16:28:59,2025-09-21,16:28:59,in,1.0,1310.8,0.0,27.5,9.24,314.6,2.05
2025-09-21 16:29:35,2025-09-21,16:29:35,out,0.7,17.3,57.9,26.3,20.354,196.0,4.59
2025-09-21 16:30:02,2025-09-21,16:30:02,in,0.52,1310.8,0.0,27.5,9.24,339.4,1.75
2025-09-21 16:30:38,2025-09-21,16:30:38,out,2.17,17.3,57.7,26.3,20.323,189.0,4.06
2025-09-21 16:31:06,2025-09-21,16:31:06,in,0.86,1310.8,0.0,27.4,9.199,314.8,2.48
2025-09-21 16:32:10,2025-09-21,16:32:10,in,0.41,1310.8,0.0,27.4,9.199,306.9,1.68
2025-09-21 16:32:10,2025-09-21,16:32:10,out,1.85,17.4,57.7,26.4,20.412,213.2,3.66
2025-09-21 16:33:12,2025-09-21,16:33:12,out,1.78,17.4,57.8,26.4,20.428,225.7,4.62
2025-09-21 16:33:13,2025-09-21,16:33:13,in,0.94,1310.8,0.0,27.5,9.24,312.7,2.24
2025-09-21 16:34:16,2025-09-21,16:34:16,in,1.79,1310.8,0.0,27.4,9.199,316.0,2.71
2025-09-21 16:34:16,2025-09-21,16:34:16,out,2.3,17.3,57.5,26.4,20.382,219.0,4.31
2025-09-21 16:35:19,2025-09-21,16:35:19,out,1.79,17.4,57.5,26.5,20.47,205.8,4.62
2025-09-21 16:35:20,2025-09-21,16:35:20,in,1.51,1310.8,0.0,27.4,9.199,318.1,2.65
2025-09-21 16:36:22,2025-09-21,16:36:22,out,2.22,17.4,57.5,26.5,20.47,222.4,6.3
2025-09-21 16:36:24,2025-09-21,16:36:24,in,1.34,1310.8,0.0,27.4,9.199,313.6,2.32
2025-09-21 16:37:26,2025-09-21,16:37:26,out,2.16,17.4,57.6,26.5,20.486,217.1,4.77
2025-09-21 16:37:27,2025-09-21,16:37:27,in,1.42,1310.8,0.0,27.4,9.199,312.6,2.43
2025-09-21 16:38:30,2025-09-21,16:38:30,in,1.02,1310.8,0.0,27.3,9.157,332.2,1.98
2025-09-21 16:38:30,2025-09-21,16:38:30,out,2.46,17.4,57.7,26.4,20.412,215.8,5.57
2025-09-21 16:39:33,2025-09-21,16:39:33,out,3.24,17.5,58.0,26.4,20.458,213.2,3.7
2025-09-21 16:39:34,2025-09-21,16:39:34,in,1.19,1310.8,0.0,27.3,9.157,313.9,2.16
2025-09-21 16:40:36,2025-09-21,16:40:36,out,3.61,17.3,57.3,26.5,20.44,203.2,5.07
2025-09-21 16:40:38,2025-09-21,16:40:38,in,0.99,1310.8,0.0,27.4,9.199,308.9,1.8
2025-09-21 16:41:40,2025-09-21,16:41:40,out,1.81,17.4,57.4,26.5,20.455,208.8,5.77
2025-09-21 16:41:41,2025-09-21,16:41:41,in,1.43,1310.8,0.0,27.4,9.199,324.3,2.2
2025-09-21 16:42:44,2025-09-21,16:42:44,in,0.96,1310.8,0.0,27.5,9.24,325.5,2.68
2025-09-21 16:42:44,2025-09-21,16:42:44,out,3.2,17.3,57.5,26.4,20.382,211.4,5.94
2025-09-21 16:43:47,2025-09-21,16:43:47,out,0.72,17.4,57.8,26.4,20.428,198.1,4.82
2025-09-21 16:43:48,2025-09-21,16:43:48,in,0.79,1310.8,0.0,27.5,9.24,325.9,2.34
2025-09-21 16:44:50,2025-09-21,16:44:50,out,3.65,17.4,57.4,26.5,20.455,213.6,4.4
2025-09-21 16:44:52,2025-09-21,16:44:52,in,1.01,1310.8,0.0,27.5,9.24,302.1,1.78
2025-09-21 16:45:54,2025-09-21,16:45:54,out,3.05,17.4,57.1,26.6,20.498,224.2,4.59
2025-09-21 16:45:55,2025-09-21,16:45:55,in,1.14,1310.8,0.0,27.6,9.282,331.7,2.24
2025-09-21 16:46:58,2025-09-21,16:46:58,in,1.24,1310.8,0.0,27.6,9.282,324.1,2.39
2025-09-21 16:46:58,2025-09-21,16:46:58,out,1.65,17.4,57.1,26.6,20.498,227.9,3.41
2025-09-21 16:48:01,2025-09-21,16:48:01,out,2.49,17.2,56.5,26.6,20.405,202.4,5.85
2025-09-21 16:48:02,2025-09-21,16:48:02,in,0.33,1310.8,0.0,27.6,9.282,301.7,1.45
2025-09-21 16:49:04,2025-09-21,16:49:04,out,2.96,17.3,57.0,26.5,20.393,204.6,5.28
2025-09-21 16:49:06,2025-09-21,16:49:06,in,1.12,1310.8,0.0,27.6,9.282,324.9,1.48
2025-09-21 16:50:08,2025-09-21,16:50:08,out,5.36,17.2,56.8,26.5,20.363,238.3,5.93
2025-09-21 16:50:09,2025-09-21,16:50:09,in,1.23,1310.8,0.0,27.6,9.282,334.9,2.01
2025-09-21 16:51:12,2025-09-21,16:51:12,in,0.83,1310.8,0.0,27.5,9.24,337.9,2.18
2025-09-21 16:51:12,2025-09-21,16:51:12,out,3.17,17.1,56.5,26.5,20.316,220.5,5.6
2025-09-21 16:52:15,2025-09-21,16:52:15,out,1.04,17.3,57.1,26.5,20.409,202.8,4.6
2025-09-21 16:52:16,2025-09-21,16:52:16,in,0.95,1310.8,0.0,27.5,9.24,314.1,2.14
2025-09-21 16:53:18,2025-09-21,16:53:18,out,1.67,17.3,56.9,26.6,20.467,189.4,4.75
2025-09-21 16:53:20,2025-09-21,16:53:20,in,0.75,1310.8,0.0,27.6,9.282,340.9,1.91
2025-09-21 16:54:22,2025-09-21,16:54:22,out,3.14,17.3,56.3,26.7,20.462,222.0,3.46
2025-09-21 16:54:23,2025-09-21,16:54:23,in,1.28,1310.8,0.0,27.7,9.323,319.4,2.21
2025-09-21 16:55:26,2025-09-21,16:55:26,in,1.17,1310.8,0.0,27.7,9.323,326.9,2.25
2025-09-21 16:55:26,2025-09-21,16:55:26,out,2.18,17.4,56.5,26.8,20.582,233.6,3.42
2025-09-21 16:56:29,2025-09-21,16:56:29,out,1.62,17.3,55.8,26.9,20.561,201.7,3.88
2025-09-21 16:56:30,2025-09-21,16:56:30,in,1.44,1310.8,0.0,27.8,9.365,315.4,2.36
2025-09-21 16:57:32,2025-09-21,16:57:32,out,3.95,17.1,54.8,27.0,20.492,218.6,4.68
2025-09-21 16:57:34,2025-09-21,16:57:34,in,0.94,1310.8,0.0,27.9,9.406,322.2,2.19
2025-09-21 16:58:36,2025-09-21,16:58:36,out,2.41,17.1,54.9,27.0,20.507,226.4,3.14
2025-09-21 16:58:37,2025-09-21,16:58:37,in,1.85,1310.8,0.0,27.9,9.406,323.4,2.58
2025-09-21 16:59:40,2025-09-21,16:59:40,in,0.21,1310.8,0.0,27.9,9.406,134.2,1.81
2025-09-21 16:59:40,2025-09-21,16:59:40,out,2.51,17.2,55.4,26.9,20.498,203.1,4.75
2025-09-21 17:00:43,2025-09-21,17:00:43,out,2.16,17.3,55.9,26.9,20.577,225.8,3.65
2025-09-21 17:00:44,2025-09-21,17:00:44,in,0.03,1310.8,0.0,27.9,9.406,308.4,1.78
2025-09-21 17:01:47,2025-09-21,17:01:47,out,1.03,17.2,55.6,26.9,20.53,210.9,3.35
2025-09-21 17:01:48,2025-09-21,17:01:48,in,0.94,1310.8,0.0,27.9,9.406,336.1,1.94
2025-09-21 17:02:50,2025-09-21,17:02:50,out,4.5,17.0,54.6,26.9,20.372,219.1,5.55
2025-09-21 17:02:51,2025-09-21,17:02:51,in,1.12,1310.8,0.0,27.8,9.365,348.6,2.34
2025-09-21 17:03:54,2025-09-21,17:03:54,in,1.4,1310.8,0.0,27.8,9.365,315.9,1.95
2025-09-21 17:03:54,2025-09-21,17:03:54,out,4.63,,,17.0,,228.9,5.93
2025-09-21 17:04:57,2025-09-21,17:04:57,out,3.37,17.0,55.2,26.7,20.29,217.6,6.3
2025-09-21 17:04:58,2025-09-21,17:04:58,in,0.38,1310.8,0.0,27.8,9.365,318.6,1.73
2025-09-21 17:06:00,2025-09-21,17:06:00,out,1.54,17.2,56.1,26.7,20.431,225.2,3.89
2025-09-21 17:06:02,2025-09-21,17:06:02,in,1.42,1310.8,0.0,27.8,9.365,318.1,2.59
2025-09-21 17:07:04,2025-09-21,17:07:04,out,2.13,17.1,55.8,26.7,20.384,217.2,3.88
2025-09-21 17:07:05,2025-09-21,17:07:05,in,1.11,1310.8,0.0,27.7,9.323,321.7,2.7
2025-09-21 17:08:08,2025-09-21,17:08:08,in,0.68,1310.8,0.0,27.8,9.365,348.1,2.23
2025-09-21 17:08:08,2025-09-21,17:08:08,out,2.78,17.1,55.4,26.8,20.41,205.7,5.16
2025-09-21 17:09:11,2025-09-21,17:09:11,out,3.02,17.0,55.0,26.8,20.347,201.4,4.33
2025-09-21 17:09:12,2025-09-21,17:09:12,in,0.52,1310.8,0.0,27.8,9.365,321.0,2.23
2025-09-21 17:10:14,2025-09-21,17:10:14,out,1.88,17.2,55.7,26.7,20.369,206.6,5.14
2025-09-21 17:10:16,2025-09-21,17:10:16,in,1.33,1310.8,0.0,27.8,9.365,321.8,2.41
2025-09-21 17:11:18,2025-09-21,17:11:18,out,2.07,17.1,55.7,26.7,20.369,188.0,3.86
2025-09-21 17:11:19,2025-09-21,17:11:19,in,1.09,1310.8,0.0,27.8,9.365,316.7,2.41
2025-09-21 17:12:22,2025-09-21,17:12:22,in,1.76,1310.8,0.0,27.8,9.365,317.3,2.3
2025-09-21 17:12:22,2025-09-21,17:12:22,out,4.47,17.1,55.6,26.8,20.441,209.8,6.13
2025-09-21 17:13:25,2025-09-21,17:13:25,out,2.95,17.0,55.5,26.7,20.337,220.0,5.23
2025-09-21 17:13:26,2025-09-21,17:13:26,in,1.92,1310.8,0.0,27.8,9.365,319.9,2.27
2025-09-21 17:14:28,2025-09-21,17:14:28,out,3.6,17.0,55.4,26.7,20.322,228.3,4.42
2025-09-21 17:14:30,2025-09-21,17:14:30,in,1.5,1310.8,0.0,27.7,9.323,320.2,2.36
2025-09-21 17:15:32,2025-09-21,17:15:32,out,3.81,17.0,55.5,26.7,20.337,240.8,5.1
2025-09-21 17:15:33,2025-09-21,17:15:33,in,0.37,1310.8,0.0,27.6,9.282,308.1,1.8
2025-09-21 17:16:36,2025-09-21,17:16:36,in,1.21,1310.8,0.0,27.6,9.282,315.5,1.83
2025-09-21 17:16:36,2025-09-21,17:16:36,out,1.98,17.2,55.7,26.8,20.457,215.2,4.29
2025-09-21 17:17:39,2025-09-21,17:17:39,out,1.47,17.1,55.6,26.8,20.441,216.3,3.84
2025-09-21 17:17:40,2025-09-21,17:17:40,in,1.37,1310.8,0.0,27.6,9.282,318.9,2.14
2025-09-21 17:18:42,2025-09-21,17:18:42,out,1.28,17.1,55.4,26.8,20.41,210.3,3.39
2025-09-21 17:18:44,2025-09-21,17:18:44,in,1.23,1310.8,0.0,27.6,9.282,330.9,2.5
2025-09-21 17:19:46,2025-09-21,17:19:46,out,2.36,17.0,54.8,26.9,20.404,198.1,3.68
2025-09-21 17:19:47,2025-09-21,17:19:47,in,1.46,1310.8,0.0,27.6,9.282,310.3,2.15
2025-09-21 17:20:50,2025-09-21,17:20:50,in,0.59,1310.8,0.0,27.6,9.282,288.1,2.13
2025-09-21 17:20:50,2025-09-21,17:20:50,out,3.39,16.9,54.3,26.9,20.325,227.1,5.44
2025-09-21 17:21:53,2025-09-21,17:21:53,out,3.64,16.9,54.7,26.8,20.3,228.8,5.04
2025-09-21 17:21:54,2025-09-21,17:21:54,in,1.17,1310.8,0.0,27.6,9.282,323.9,2.36
2025-09-21 17:22:57,2025-09-21,17:22:57,out,2.05,16.9,55.0,26.7,20.259,225.0,6.26
2025-09-21 17:22:58,2025-09-21,17:22:58,in,1.18,1310.8,0.0,27.5,9.24,332.2,2.06
2025-09-21 17:24:00,2025-09-21,17:24:00,out,2.29,17.0,55.4,26.7,20.322,207.5,3.39
2025-09-21 17:24:01,2025-09-21,17:24:01,in,1.39,1310.8,0.0,27.5,9.24,330.4,2.09
2025-09-21 17:25:04,2025-09-21,17:25:04,in,1.04,1310.8,0.0,27.4,9.199,331.3,2.31
2025-09-21 17:25:04,2025-09-21,17:25:04,out,0.83,16.9,55.4,26.6,20.234,195.9,4.75
2025-09-21 17:26:08,2025-09-21,17:26:08,in,0.7,1310.8,0.0,27.4,9.199,322.1,2.34
2025-09-21 17:26:08,2025-09-21,17:26:08,out,1.89,16.9,55.5,26.5,20.161,202.8,4.29
2025-09-21 17:27:11,2025-09-21,17:27:11,out,0.95,17.0,55.9,26.5,20.223,198.2,2.74
2025-09-21 17:27:12,2025-09-21,17:27:12,in,0.83,1310.8,0.0,27.3,9.157,307.3,2.03
2025-09-21 17:28:14,2025-09-21,17:28:14,out,1.65,17.0,55.9,26.5,20.223,214.8,3.18
2025-09-21 17:28:15,2025-09-21,17:28:15,in,1.01,1310.8,0.0,27.3,9.157,329.5,1.86
2025-09-21 17:29:18,2025-09-21,17:29:18,in,0.98,1310.8,0.0,27.2,9.116,319.8,2.25
2025-09-21 17:29:18,2025-09-21,17:29:18,out,2.56,16.9,55.6,26.5,20.177,236.8,3.94
2025-09-21 17:30:22,2025-09-21,17:30:22,in,1.33,1310.8,0.0,27.2,9.116,310.5,2.11
2025-09-21 17:30:22,2025-09-21,17:30:22,out,3.82,16.9,55.6,26.5,20.177,200.0,4.26
2025-09-21 17:31:25,2025-09-21,17:31:25,out,4.6,16.8,55.8,26.4,20.119,224.8,5.81
2025-09-21 17:31:26,2025-09-21,17:31:26,in,1.27,1310.8,0.0,27.1,9.075,324.6,1.94
2025-09-21 17:32:28,2025-09-21,17:32:28,out,1.97,16.8,56.3,26.2,20.02,204.1,6.26
2025-09-21 17:32:29,2025-09-21,17:32:29,in,1.57,1310.8,0.0,27.1,9.075,322.3,2.23
2025-09-21 17:33:32,2025-09-21,17:33:32,in,1.11,1310.8,0.0,27.0,9.033,315.4,2.37
2025-09-21 17:33:32,2025-09-21,17:33:32,out,2.61,16.8,56.3,26.2,20.02,207.2,3.26
2025-09-21 17:34:36,2025-09-21,17:34:36,in,1.15,1310.8,0.0,27.0,9.033,322.7,1.95
2025-09-21 17:34:36,2025-09-21,17:34:36,out,2.11,16.8,56.3,26.2,20.02,213.0,4.33
2025-09-21 17:35:40,2025-09-21,17:35:40,in,1.4,1310.8,0.0,26.9,8.992,329.0,3.32
2025-09-21 17:35:40,2025-09-21,17:35:40,out,4.42,,,16.8,,26.2,5.61
2025-09-21 17:36:42,2025-09-21,17:36:42,out,3.23,16.7,56.4,26.1,19.947,229.4,3.89
2025-09-21 17:36:43,2025-09-21,17:36:43,in,1.78,1310.8,0.0,26.9,8.992,322.9,2.06
2025-09-21 17:37:46,2025-09-21,17:37:46,in,1.38,1310.8,0.0,26.8,8.95,316.2,2.29
2025-09-21 17:37:46,2025-09-21,17:37:46,out,2.83,16.7,56.7,26.0,19.904,241.6,4.21
2025-09-21 17:38:50,2025-09-21,17:38:50,in,2.07,1310.8,0.0,26.7,8.909,307.2,2.65
2025-09-21 17:38:50,2025-09-21,17:38:50,out,3.31,16.8,57.0,26.0,19.95,226.4,4.09
2025-09-21 17:39:53,2025-09-21,17:39:53,out,1.68,16.8,57.2,25.9,19.891,204.5,3.32
2025-09-21 17:39:54,2025-09-21,17:39:54,in,0.84,1310.8,0.0,26.7,8.909,322.2,2.62
2025-09-21 17:40:56,2025-09-21,17:40:56,out,2.2,16.8,57.2,25.9,19.891,237.0,3.74
2025-09-21 17:40:57,2025-09-21,17:40:57,in,1.99,1310.8,0.0,26.6,8.867,324.6,3.21
2025-09-21 17:42:00,2025-09-21,17:42:00,in,1.25,1310.8,0.0,26.6,8.867,321.5,1.73
2025-09-21 17:42:00,2025-09-21,17:42:00,out,2.29,16.8,57.2,25.9,19.891,214.6,3.71
2025-09-21 17:43:04,2025-09-21,17:43:04,in,1.6,1310.8,0.0,26.6,8.867,321.2,2.08
2025-09-21 17:43:04,2025-09-21,17:43:04,out,2.84,16.8,57.2,25.9,19.891,251.6,3.93
2025-09-21 17:44:07,2025-09-21,17:44:07,out,0.64,16.7,57.4,25.8,19.833,184.0,4.57
2025-09-21 17:44:08,2025-09-21,17:44:08,in,0.7,1310.8,0.0,26.5,8.826,345.6,2.09
2025-09-21 17:45:11,2025-09-21,17:45:11,in,1.12,1310.8,0.0,26.5,8.826,314.8,2.61
2025-09-21 17:45:11,2025-09-21,17:45:11,out,0.78,16.7,57.4,25.8,19.833,191.8,2.67
2025-09-21 17:46:14,2025-09-21,17:46:14,in,1.42,1310.8,0.0,26.5,8.826,306.6,2.6
2025-09-21 17:46:14,2025-09-21,17:46:14,out,1.6,16.7,57.4,25.8,19.833,194.9,4.44
2025-09-21 17:47:18,2025-09-21,17:47:18,in,1.06,1310.8,0.0,26.4,8.784,321.3,2.44
2025-09-21 17:47:18,2025-09-21,17:47:18,out,0.91,16.7,57.3,25.8,19.818,208.7,3.92
2025-09-21 17:48:21,2025-09-21,17:48:21,out,2.89,16.6,57.1,25.7,19.698,218.7,3.87
2025-09-21 17:48:22,2025-09-21,17:48:22,in,1.32,1310.8,0.0,26.4,8.784,319.5,2.08
2025-09-21 17:49:25,2025-09-21,17:49:25,in,1.41,1310.8,0.0,26.4,8.784,304.3,2.49
2025-09-21 17:49:25,2025-09-21,17:49:25,out,1.2,16.6,57.4,25.7,19.744,222.7,2.91
2025-09-21 17:50:28,2025-09-21,17:50:28,in,1.13,1310.8,0.0,26.4,8.784,328.6,2.4
2025-09-21 17:50:28,2025-09-21,17:50:28,out,0.75,16.6,57.3,25.7,19.729,191.5,2.66
2025-09-21 17:51:32,2025-09-21,17:51:32,in,1.13,1310.8,0.0,26.3,8.743,327.9,2.13
2025-09-21 17:51:32,2025-09-21,17:51:32,out,3.51,16.6,57.3,25.7,19.729,232.6,3.98
2025-09-21 17:52:35,2025-09-21,17:52:35,out,2.09,16.6,57.5,25.6,19.67,182.8,4.12
2025-09-21 17:52:36,2025-09-21,17:52:36,in,0.53,1310.8,0.0,26.3,8.743,297.8,2.44
2025-09-21 17:53:39,2025-09-21,17:53:39,in,1.57,1310.8,0.0,26.3,8.743,322.5,2.14
2025-09-21 17:53:39,2025-09-21,17:53:39,out,0.52,16.6,57.6,25.6,19.685,210.1,3.18
2025-09-21 17:54:42,2025-09-21,17:54:42,in,0.91,1310.8,0.0,26.2,8.702,323.1,2.06
2025-09-21 17:54:42,2025-09-21,17:54:42,out,2.44,16.6,57.5,25.6,19.67,206.1,3.96
2025-09-21 17:55:46,2025-09-21,17:55:46,in,1.03,1310.8,0.0,26.2,8.702,322.3,2.27
2025-09-21 17:55:46,2025-09-21,17:55:46,out,2.19,16.5,57.7,25.5,19.611,214.9,4.27
2025-09-21 17:56:50,2025-09-21,17:56:50,in,1.8,1310.8,0.0,26.2,8.702,316.7,2.3
2025-09-21 17:56:50,2025-09-21,17:56:50,out,1.94,16.6,58.0,25.5,19.656,234.1,3.95
2025-09-21 17:57:53,2025-09-21,17:57:53,in,0.97,1310.8,0.0,26.1,8.66,302.8,2.32
2025-09-21 17:57:53,2025-09-21,17:57:53,out,1.86,16.6,58.1,25.4,19.582,238.1,3.48
2025-09-21 17:58:56,2025-09-21,17:58:56,in,1.97,1310.8,0.0,26.1,8.66,320.3,2.92
2025-09-21 17:58:56,2025-09-21,17:58:56,out,2.77,16.6,58.2,25.4,19.597,219.8,4.53
2025-09-21 18:00:00,2025-09-21,18:00:00,in,0.55,1310.8,0.0,26.0,8.619,332.1,2.08
2025-09-21 18:00:00,2025-09-21,18:00:00,out,4.73,16.5,58.4,25.3,19.537,235.7,5.99
2025-09-21 18:01:04,2025-09-21,18:01:04,in,0.32,1310.8,0.0,26.0,8.619,329.7,1.93
2025-09-21 18:01:04,2025-09-21,18:01:04,out,2.14,16.5,58.7,25.2,19.492,217.7,5.41
2025-09-21 18:02:07,2025-09-21,18:02:07,in,1.51,1310.8,0.0,25.9,8.577,315.8,2.14
2025-09-21 18:02:07,2025-09-21,18:02:07,out,1.72,16.6,58.8,25.2,19.507,229.7,3.56
2025-09-21 18:03:10,2025-09-21,18:03:10,in,1.23,1310.8,0.0,25.9,8.577,325.2,1.82
2025-09-21 18:03:10,2025-09-21,18:03:10,out,2.19,16.5,58.6,25.2,19.478,212.1,3.77
2025-09-21 18:04:14,2025-09-21,18:04:14,in,1.34,1310.8,0.0,25.8,8.536,311.5,1.93
2025-09-21 18:04:14,2025-09-21,18:04:14,out,2.31,16.3,58.4,25.1,19.359,228.7,3.44
2025-09-21 18:05:18,2025-09-21,18:05:18,in,1.39,1310.8,0.0,25.8,8.536,326.5,1.82
2025-09-21 18:05:18,2025-09-21,18:05:18,out,3.6,16.4,58.7,25.1,19.403,224.5,4.87
2025-09-21 18:06:21,2025-09-21,18:06:21,in,1.72,1310.8,0.0,25.7,8.494,317.9,2.43
2025-09-21 18:06:21,2025-09-21,18:06:21,out,3.32,16.4,58.9,25.1,19.432,214.4,4.37
2025-09-21 18:07:24,2025-09-21,18:07:24,in,1.01,1310.8,0.0,25.7,8.494,317.5,2.11
2025-09-21 18:07:24,2025-09-21,18:07:24,out,3.06,16.3,58.8,25.0,19.328,212.1,4.19
2025-09-21 18:08:28,2025-09-21,18:08:28,in,0.98,1310.8,0.0,25.7,8.494,323.3,1.9
2025-09-21 18:08:28,2025-09-21,18:08:28,out,3.22,16.4,59.0,25.0,19.358,233.1,3.9
2025-09-21 18:09:32,2025-09-21,18:09:32,in,1.26,1310.8,0.0,25.6,8.453,328.5,1.92
2025-09-21 18:09:32,2025-09-21,18:09:32,out,2.01,16.3,59.1,24.9,19.283,236.6,4.06
2025-09-21 18:10:35,2025-09-21,18:10:35,in,1.19,1310.8,0.0,25.6,8.453,314.3,1.92
2025-09-21 18:10:35,2025-09-21,18:10:35,out,1.86,16.3,59.1,24.9,19.283,238.9,3.94
2025-09-21 18:11:38,2025-09-21,18:11:38,in,1.48,1310.8,0.0,25.6,8.453,305.1,2.24
2025-09-21 18:11:38,2025-09-21,18:11:38,out,1.91,16.3,58.8,24.9,19.239,219.6,3.27
2025-09-21 18:12:42,2025-09-21,18:12:42,in,0.74,,,1310.8,,324.6,1.61
2025-09-21 18:12:42,2025-09-21,18:12:42,out,2.14,16.2,58.5,24.9,19.195,222.3,4.2
2025-09-21 18:13:46,2025-09-21,18:13:46,in,1.1,1310.8,0.0,25.5,8.411,323.6,2.63
2025-09-21 18:13:46,2025-09-21,18:13:46,out,1.14,16.0,58.3,24.8,19.076,205.9,4.05
2025-09-21 18:14:49,2025-09-21,18:14:49,in,0.92,1310.8,0.0,25.5,8.411,329.1,2.07
2025-09-21 18:14:49,2025-09-21,18:14:49,out,2.28,16.0,58.2,24.8,19.061,226.8,2.99
2025-09-21 18:15:52,2025-09-21,18:15:52,in,0.09,1310.8,0.0,25.5,8.411,9.1,2.09
2025-09-21 18:15:52,2025-09-21,18:15:52,out,2.7,15.8,57.5,24.8,18.958,225.8,3.7
2025-09-21 18:16:56,2025-09-21,18:16:56,in,0.12,1310.8,0.0,25.5,8.411,84.7,0.59
2025-09-21 18:16:56,2025-09-21,18:16:56,out,2.35,15.7,57.0,24.8,18.884,233.1,3.28
2025-09-21 18:18:00,2025-09-21,18:18:00,in,0.4,1310.8,0.0,25.5,8.411,138.5,0.44
2025-09-21 18:18:00,2025-09-21,18:18:00,out,3.98,15.4,56.2,24.7,18.677,223.7,4.72
2025-09-21 18:19:03,2025-09-21,18:19:03,in,0.2,1310.8,0.0,25.5,8.411,11.4,0.49
2025-09-21 18:19:03,2025-09-21,18:19:03,out,4.02,15.3,55.8,24.7,18.618,250.0,4.65
2025-09-21 18:20:06,2025-09-21,18:20:06,in,0.52,1310.8,0.0,25.5,8.411,126.8,0.6
2025-09-21 18:20:06,2025-09-21,18:20:06,out,2.36,15.1,55.7,24.6,18.515,231.7,4.4
2025-09-21 18:21:10,2025-09-21,18:21:10,in,0.35,1310.8,0.0,25.4,8.37,130.7,0.49
2025-09-21 18:21:10,2025-09-21,18:21:10,out,1.95,15.1,55.7,24.6,18.515,222.0,3.96
2025-09-21 18:22:14,2025-09-21,18:22:14,in,0.29,1310.8,0.0,25.4,8.37,191.6,0.54
2025-09-21 18:22:14,2025-09-21,18:22:14,out,2.47,15.2,55.8,24.6,18.53,222.0,4.55
2025-09-21 18:23:17,2025-09-21,18:23:17,in,0.15,1310.8,0.0,25.4,8.37,15.3,0.37
2025-09-21 18:23:17,2025-09-21,18:23:17,out,3.11,15.1,55.6,24.6,18.5,224.7,3.69
2025-09-21 18:24:20,2025-09-21,18:24:20,in,0.19,1310.8,0.0,25.4,8.37,165.4,0.45
2025-09-21 18:24:20,2025-09-21,18:24:20,out,3.19,15.0,55.4,24.6,18.47,227.2,3.6
2025-09-21 18:25:24,2025-09-21,18:25:24,in,0.54,1310.8,0.0,25.4,8.37,278.0,0.75
2025-09-21 18:25:24,2025-09-21,18:25:24,out,1.48,15.0,55.3,24.6,18.456,229.5,4.16
2025-09-21 18:26:28,2025-09-21,18:26:28,in,0.27,1310.8,0.0,25.3,8.328,335.1,1.42
2025-09-21 18:26:28,2025-09-21,18:26:28,out,1.83,15.0,55.4,24.6,18.47,215.4,2.85
2025-09-21 18:27:31,2025-09-21,18:27:31,in,0.14,1310.8,0.0,25.3,8.328,33.0,1.1
2025-09-21 18:27:31,2025-09-21,18:27:31,out,2.53,15.1,55.5,24.6,18.485,224.0,3.52
2025-09-21 18:28:34,2025-09-21,18:28:34,in,0.13,1310.8,0.0,25.3,8.328,284.1,1.15
2025-09-21 18:28:34,2025-09-21,18:28:34,out,1.67,15.0,55.3,24.6,18.456,226.7,3.18
2025-09-21 18:29:38,2025-09-21,18:29:38,in,0.39,1310.8,0.0,25.3,8.328,336.9,0.87
2025-09-21 18:29:38,2025-09-21,18:29:38,out,1.67,15.0,55.3,24.6,18.456,223.4,2.18
2025-09-21 18:30:42,2025-09-21,18:30:42,in,0.24,1310.8,0.0,25.2,8.287,219.5,0.71
2025-09-21 18:30:42,2025-09-21,18:30:42,out,3.78,14.9,54.8,24.6,18.381,220.8,4.81
2025-09-21 18:31:45,2025-09-21,18:31:45,out,2.61,14.8,54.8,24.5,18.293,223.8,4.45
2025-09-21 18:31:46,2025-09-21,18:31:46,in,0.14,1310.8,0.0,25.2,8.287,94.4,0.38
2025-09-21 18:32:48,2025-09-21,18:32:48,in,0.13,1310.8,0.0,25.2,8.287,336.6,1.01
2025-09-21 18:32:48,2025-09-21,18:32:48,out,3.35,14.8,54.8,24.5,18.293,247.6,3.76
2025-09-21 18:33:52,2025-09-21,18:33:52,in,0.21,1310.8,0.0,25.2,8.287,85.9,0.4
2025-09-21 18:33:52,2025-09-21,18:33:52,out,2.62,14.7,54.8,24.4,18.205,245.3,3.42
2025-09-21 18:34:56,2025-09-21,18:34:56,in,0.27,1310.8,0.0,25.2,8.287,65.5,0.42
2025-09-21 18:34:56,2025-09-21,18:34:56,out,2.19,14.7,54.8,24.4,18.205,215.7,3.4
2025-09-21 18:35:59,2025-09-21,18:35:59,out,3.44,14.7,54.7,24.4,18.191,207.3,3.82
2025-09-21 18:36:00,2025-09-21,18:36:00,in,0.18,1310.8,0.0,25.2,8.287,109.5,0.45
2025-09-21 18:37:02,2025-09-21,18:37:02,out,3.19,14.7,54.6,24.4,18.176,220.3,3.92
2025-09-21 18:37:03,2025-09-21,18:37:03,in,0.36,1310.8,0.0,25.2,8.287,124.1,0.55
2025-09-21 18:38:06,2025-09-21,18:38:06,in,0.1,1310.8,0.0,25.2,8.287,130.4,0.48
2025-09-21 18:38:06,2025-09-21,18:38:06,out,1.64,14.7,54.6,24.4,18.176,203.9,3.22
2025-09-21 18:39:10,2025-09-21,18:39:10,in,0.13,1310.8,0.0,25.1,8.246,295.2,0.39
2025-09-21 18:39:10,2025-09-21,18:39:10,out,2.55,14.4,54.2,24.3,18.029,218.8,3.91
2025-09-21 18:40:13,2025-09-21,18:40:13,out,2.4,14.5,54.4,24.3,18.058,229.3,3.7
2025-09-21 18:40:14,2025-09-21,18:40:14,in,0.22,1310.8,0.0,25.1,8.246,123.1,0.41
2025-09-21 18:41:16,2025-09-21,18:41:16,out,2.05,14.5,54.5,24.3,18.073,232.2,2.73
2025-09-21 18:41:17,2025-09-21,18:41:17,in,0.18,1310.8,0.0,25.1,8.246,118.6,0.44
2025-09-21 18:42:20,2025-09-21,18:42:20,in,0.34,1310.8,0.0,25.0,8.204,304.2,0.84
2025-09-21 18:42:20,2025-09-21,18:42:20,out,1.16,14.6,54.7,24.3,18.103,229.1,2.48
2025-09-21 18:43:24,2025-09-21,18:43:24,in,0.15,1310.8,0.0,25.0,8.204,46.6,0.53
2025-09-21 18:43:24,2025-09-21,18:43:24,out,1.26,14.6,54.8,24.3,18.117,224.3,3.5
2025-09-21 18:44:27,2025-09-21,18:44:27,in,0.3,1310.8,0.0,25.0,8.204,0.7,0.59
2025-09-21 18:44:27,2025-09-21,18:44:27,out,0.49,14.6,54.8,24.3,18.117,223.3,1.87
2025-09-21 18:45:30,2025-09-21,18:45:30,out,1.28,14.6,54.9,24.3,18.132,214.0,1.8
2025-09-21 18:45:31,2025-09-21,18:45:31,in,0.07,1310.8,0.0,25.0,8.204,345.5,0.38
2025-09-21 18:46:34,2025-09-21,18:46:34,in,0.46,,,1310.8,,25.0,0.0
2025-09-21 18:46:34,2025-09-21,18:46:34,out,1.75,14.6,54.9,24.3,18.132,211.2,2.27
2025-09-21 18:47:38,2025-09-21,18:47:38,in,0.34,1310.8,0.0,25.0,8.204,59.1,0.5
2025-09-21 18:47:38,2025-09-21,18:47:38,out,1.21,14.7,55.0,24.3,18.147,228.1,2.36
2025-09-21 18:48:41,2025-09-21,18:48:41,out,1.03,14.7,55.1,24.3,18.162,214.4,3.04
2025-09-21 18:48:42,2025-09-21,18:48:42,in,0.11,1310.8,0.0,25.0,8.204,8.9,0.47
2025-09-21 18:49:44,2025-09-21,18:49:44,out,1.32,14.7,55.0,24.3,18.147,212.4,2.44
2025-09-21 18:49:45,2025-09-21,18:49:45,in,0.23,1310.8,0.0,25.0,8.204,299.3,0.46
2025-09-21 18:50:48,2025-09-21,18:50:48,in,0.12,1310.8,0.0,24.9,8.163,141.5,0.37
2025-09-21 18:50:48,2025-09-21,18:50:48,out,2.01,14.6,55.0,24.2,18.059,227.8,2.41
2025-09-21 18:51:52,2025-09-21,18:51:52,in,0.22,1310.8,0.0,24.9,8.163,50.4,0.45
2025-09-21 18:51:52,2025-09-21,18:51:52,out,2.2,14.6,55.0,24.2,18.059,240.1,2.55
2025-09-21 18:52:55,2025-09-21,18:52:55,out,1.32,14.6,55.1,24.2,18.074,224.0,2.77
2025-09-21 18:52:56,2025-09-21,18:52:56,in,0.09,1310.8,0.0,24.9,8.163,60.8,0.35
2025-09-21 18:53:58,2025-09-21,18:53:58,out,1.47,14.6,55.1,24.2,18.074,222.0,2.01
2025-09-21 18:53:59,2025-09-21,18:53:59,in,0.15,1310.8,0.0,24.9,8.163,95.1,0.32
2025-09-21 18:55:02,2025-09-21,18:55:02,in,0.15,1310.8,0.0,24.9,8.163,24.2,0.45
2025-09-21 18:55:02,2025-09-21,18:55:02,out,1.75,14.7,55.4,24.2,18.118,228.3,2.58
2025-09-21 18:56:06,2025-09-21,18:56:06,in,0.71,1310.8,0.0,24.8,8.121,344.0,1.9
2025-09-21 18:56:06,2025-09-21,18:56:06,out,2.47,,,14.7,,24.1,5.56
2025-09-21 18:57:09,2025-09-21,18:57:09,out,1.51,14.7,55.8,24.1,18.088,242.0,2.39
2025-09-21 18:57:10,2025-09-21,18:57:10,in,1.3,1310.8,0.0,24.6,8.038,315.1,1.85
2025-09-21 18:58:12,2025-09-21,18:58:12,out,0.79,14.8,56.0,24.1,18.117,205.0,2.19
2025-09-21 18:58:13,2025-09-21,18:58:13,in,1.17,1310.8,0.0,24.5,7.997,313.1,1.66
2025-09-21 18:59:16,2025-09-21,18:59:16,in,1.2,1310.8,0.0,24.5,7.997,315.9,2.13
2025-09-21 18:59:16,2025-09-21,18:59:16,out,1.55,14.8,56.2,24.1,18.147,221.1,2.05
2025-09-21 19:00:20,2025-09-21,19:00:20,in,1.23,1310.8,0.0,24.5,7.997,323.9,1.52
2025-09-21 19:00:20,2025-09-21,19:00:20,out,0.93,14.9,56.4,24.1,18.176,203.7,1.63
2025-09-21 19:01:23,2025-09-21,19:01:23,out,1.3,14.9,56.6,24.0,18.116,209.5,1.95
2025-09-21 19:01:24,2025-09-21,19:01:24,in,1.13,1310.8,0.0,24.4,7.955,311.3,2.4
2025-09-21 19:02:27,2025-09-21,19:02:27,in,1.13,1310.8,0.0,24.4,7.955,319.1,1.69
2025-09-21 19:02:27,2025-09-21,19:02:27,out,0.94,15.0,56.9,24.1,18.248,222.4,1.71
2025-09-21 19:03:30,2025-09-21,19:03:30,in,0.93,1310.8,0.0,24.4,7.955,326.5,1.76
2025-09-21 19:03:30,2025-09-21,19:03:30,out,1.51,15.0,57.2,24.0,18.203,223.7,1.77
2025-09-21 19:04:34,2025-09-21,19:04:34,in,1.23,1310.8,0.0,24.4,7.955,324.8,1.6
2025-09-21 19:04:34,2025-09-21,19:04:34,out,1.22,15.1,57.5,24.0,18.247,220.0,1.73
2025-09-21 19:05:38,2025-09-21,19:05:38,in,1.44,1310.8,0.0,24.3,7.914,321.8,2.17
2025-09-21 19:05:38,2025-09-21,19:05:38,out,1.32,15.2,57.9,24.0,18.304,222.1,2.32
2025-09-21 19:06:41,2025-09-21,19:06:41,in,1.6,1310.8,0.0,24.2,7.872,322.3,2.14
2025-09-21 19:06:41,2025-09-21,19:06:41,out,0.78,15.2,58.2,24.0,18.348,222.7,2.29
2025-09-21 19:07:44,2025-09-21,19:07:44,in,1.05,1310.8,0.0,24.2,7.872,329.2,1.96
2025-09-21 19:07:44,2025-09-21,19:07:44,out,0.78,15.2,58.3,23.9,18.273,226.5,1.64
2025-09-21 19:08:48,2025-09-21,19:08:48,in,0.82,1310.8,0.0,24.1,7.831,324.1,1.92
2025-09-21 19:08:48,2025-09-21,19:08:48,out,1.62,15.2,58.5,23.9,18.301,217.5,2.21
2025-09-21 19:09:52,2025-09-21,19:09:52,in,1.27,1310.8,0.0,24.1,7.831,326.9,1.85
2025-09-21 19:09:52,2025-09-21,19:09:52,out,0.87,15.3,58.7,23.9,18.33,214.1,1.91
2025-09-21 19:10:55,2025-09-21,19:10:55,out,0.93,15.2,58.8,23.8,18.255,203.4,2.32
2025-09-21 19:11:24,2025-09-21,19:11:24,in,1.2,1310.8,0.0,24.0,7.789,331.1,1.92
2025-09-21 19:11:58,2025-09-21,19:11:58,out,1.95,15.3,58.9,23.8,18.269,238.5,2.73
2025-09-21 19:12:27,2025-09-21,19:12:27,in,1.51,1310.8,0.0,24.0,7.789,328.1,2.23
2025-09-21 19:13:02,2025-09-21,19:13:02,out,1.39,15.3,58.9,23.8,18.269,229.6,2.07
2025-09-21 19:13:30,2025-09-21,19:13:30,in,1.6,1310.8,0.0,24.0,7.789,328.8,2.07
2025-09-21 19:14:06,2025-09-21,19:14:06,out,1.04,15.2,58.8,23.8,18.255,243.0,2.45
2025-09-21 19:14:34,2025-09-21,19:14:34,in,1.65,1310.8,0.0,24.0,7.789,321.7,2.14
2025-09-21 19:15:09,2025-09-21,19:15:09,out,1.29,15.1,58.8,23.7,18.166,237.4,1.66
2025-09-21 19:15:38,2025-09-21,19:15:38,in,1.13,1310.8,0.0,24.0,7.789,323.6,2.2
2025-09-21 19:16:12,2025-09-21,19:16:12,out,1.55,15.0,58.5,23.7,18.123,222.8,2.21
2025-09-21 19:16:41,2025-09-21,19:16:41,in,1.56,1310.8,0.0,23.9,7.748,327.1,1.97
2025-09-21 19:17:16,2025-09-21,19:17:16,out,1.35,15.0,58.3,23.6,18.005,244.0,2.0
2025-09-21 19:17:44,2025-09-21,19:17:44,in,1.4,1310.8,0.0,23.9,7.748,327.4,2.02
2025-09-21 19:18:20,2025-09-21,19:18:20,out,1.68,14.8,57.8,23.6,17.934,212.7,2.71
2025-09-21 19:18:48,2025-09-21,19:18:48,in,1.56,1310.8,0.0,23.9,7.748,324.5,2.09
2025-09-21 19:19:23,2025-09-21,19:19:23,out,1.37,14.8,57.9,23.6,17.948,216.8,1.96
2025-09-21 19:19:52,2025-09-21,19:19:52,in,1.17,1310.8,0.0,23.9,7.748,326.3,2.08
2025-09-21 19:20:26,2025-09-21,19:20:26,out,1.57,14.9,58.0,23.6,17.962,218.9,1.94
2025-09-21 19:20:55,2025-09-21,19:20:55,in,1.1,1310.8,0.0,23.9,7.748,327.3,1.8
2025-09-21 19:21:30,2025-09-21,19:21:30,out,0.95,14.9,58.4,23.5,17.93,219.2,2.67
2025-09-21 19:21:58,2025-09-21,19:21:58,in,1.33,1310.8,0.0,23.8,7.706,322.9,1.95
2025-09-21 19:22:34,2025-09-21,19:22:34,out,1.57,15.0,58.6,23.6,18.048,222.1,2.33
2025-09-21 19:23:02,2025-09-21,19:23:02,in,0.99,1310.8,0.0,23.8,7.706,327.8,1.94
2025-09-21 19:23:38,2025-09-21,19:23:38,out,1.16,14.9,58.6,23.5,17.958,231.0,1.75
2025-09-21 19:24:06,2025-09-21,19:24:06,in,1.42,1310.8,0.0,23.8,7.706,329.6,2.05
2025-09-21 19:24:41,2025-09-21,19:24:41,out,1.2,15.0,58.7,23.5,17.973,230.3,1.4
2025-09-21 19:25:09,2025-09-21,19:25:09,in,1.31,1310.8,0.0,23.8,7.706,322.7,2.15
2025-09-21 19:25:44,2025-09-21,19:25:44,out,0.8,15.0,58.8,23.5,17.987,231.5,1.34
2025-09-21 19:26:12,2025-09-21,19:26:12,in,1.01,1310.8,0.0,23.8,7.706,319.4,1.82
2025-09-21 19:26:48,2025-09-21,19:26:48,out,0.98,15.0,59.0,23.5,18.015,223.1,1.39
2025-09-21 19:27:16,2025-09-21,19:27:16,in,1.32,1310.8,0.0,23.7,7.665,328.1,2.06
2025-09-21 19:27:52,2025-09-21,19:27:52,out,1.05,15.1,59.3,23.5,18.058,224.9,1.74
2025-09-21 19:28:20,2025-09-21,19:28:20,in,1.14,1310.8,0.0,23.7,7.665,320.5,2.16
2025-09-21 19:28:55,2025-09-21,19:28:55,out,0.95,15.2,59.7,23.5,18.114,227.4,1.34
2025-09-21 19:29:23,2025-09-21,19:29:23,in,1.33,1310.8,0.0,23.7,7.665,319.4,1.76
2025-09-21 19:29:58,2025-09-21,19:29:58,out,1.42,15.3,60.1,23.5,18.171,233.6,1.86
2025-09-21 19:30:26,2025-09-21,19:30:26,in,1.14,1310.8,0.0,23.7,7.665,313.0,1.92
2025-09-21 19:31:02,2025-09-21,19:31:02,out,0.87,15.3,60.3,23.5,18.199,227.4,1.7
2025-09-21 19:31:30,2025-09-21,19:31:30,in,1.13,1310.8,0.0,23.7,7.665,317.7,1.68
2025-09-21 19:32:06,2025-09-21,19:32:06,out,1.23,15.3,60.5,23.4,18.137,222.1,1.71
2025-09-21 19:32:34,2025-09-21,19:32:34,in,0.61,1310.8,0.0,23.6,7.623,316.0,2.26
2025-09-21 19:33:09,2025-09-21,19:33:09,out,0.96,15.4,60.7,23.4,18.165,225.7,1.68
2025-09-21 19:33:38,2025-09-21,19:33:38,in,0.98,1310.8,0.0,23.6,7.623,317.6,1.72
2025-09-21 19:34:12,2025-09-21,19:34:12,out,0.81,15.4,60.8,23.4,18.179,214.8,1.16
2025-09-21 19:34:41,2025-09-21,19:34:41,in,0.87,1310.8,0.0,23.6,7.623,319.4,2.11
2025-09-21 19:35:16,2025-09-21,19:35:16,out,0.7,15.4,61.0,23.4,18.207,209.2,0.97
2025-09-21 19:35:44,2025-09-21,19:35:44,in,1.02,1310.8,0.0,23.6,7.623,309.3,1.91
2025-09-21 19:36:20,2025-09-21,19:36:20,out,0.69,15.5,61.1,23.4,18.221,220.4,1.1
2025-09-21 19:36:48,2025-09-21,19:36:48,in,1.4,1310.8,0.0,23.6,7.623,321.9,2.13
2025-09-21 19:37:23,2025-09-21,19:37:23,out,0.6,15.5,61.2,23.4,18.235,215.4,0.83
2025-09-21 19:37:52,2025-09-21,19:37:52,in,1.36,1310.8,0.0,23.6,7.623,317.2,1.73
2025-09-21 19:38:26,2025-09-21,19:38:26,out,0.78,15.4,61.4,23.3,18.173,213.1,0.92
2025-09-21 19:38:55,2025-09-21,19:38:55,in,1.09,1310.8,0.0,23.6,7.623,321.2,1.9
2025-09-21 19:39:30,2025-09-21,19:39:30,out,0.86,15.5,61.6,23.3,18.201,212.2,1.08
2025-09-21 19:39:58,2025-09-21,19:39:58,in,0.84,1310.8,0.0,23.5,7.582,320.9,1.55
2025-09-21 19:40:34,2025-09-21,19:40:34,out,0.87,15.5,61.8,23.3,18.229,219.9,1.18
2025-09-21 19:41:02,2025-09-21,19:41:02,in,1.45,1310.8,0.0,23.5,7.582,323.3,1.81
2025-09-21 19:41:37,2025-09-21,19:41:37,out,0.78,15.6,62.0,23.3,18.256,215.0,1.26
2025-09-21 19:42:06,2025-09-21,19:42:06,in,0.75,1310.8,0.0,23.5,7.582,319.3,1.55
2025-09-21 19:42:40,2025-09-21,19:42:40,out,0.83,15.7,62.2,23.3,18.284,217.9,1.47
2025-09-21 19:43:09,2025-09-21,19:43:09,in,0.64,1310.8,0.0,23.5,7.582,311.1,1.36
2025-09-21 19:43:44,2025-09-21,19:43:44,out,0.71,15.7,62.3,23.3,18.298,222.0,1.41
2025-09-21 19:44:12,2025-09-21,19:44:12,in,0.65,1310.8,0.0,23.5,7.582,323.6,1.86
2025-09-21 19:44:48,2025-09-21,19:44:48,out,1.15,15.6,62.4,23.2,18.221,226.6,1.5
2025-09-21 19:45:16,2025-09-21,19:45:16,in,0.81,1310.8,0.0,23.5,7.582,319.9,1.79
2025-09-21 19:45:51,2025-09-21,19:45:51,out,1.18,15.7,62.6,23.2,18.249,219.0,1.41
2025-09-21 19:46:20,2025-09-21,19:46:20,in,1.37,1310.8,0.0,23.5,7.582,315.6,1.87
2025-09-21 19:46:54,2025-09-21,19:46:54,out,1.04,15.7,62.7,23.2,18.263,224.7,1.45
2025-09-21 19:47:23,2025-09-21,19:47:23,in,0.73,1310.8,0.0,23.4,7.54,325.5,1.8
2025-09-21 19:47:58,2025-09-21,19:47:58,out,1.46,15.7,62.9,23.2,18.291,226.6,1.59
2025-09-21 19:48:26,2025-09-21,19:48:26,in,0.74,1310.8,0.0,23.4,7.54,344.9,1.9
2025-09-21 19:49:02,2025-09-21,19:49:02,out,1.06,15.7,63.0,23.1,18.214,213.4,1.44
2025-09-21 19:49:30,2025-09-21,19:49:30,in,0.86,1310.8,0.0,23.4,7.54,345.3,1.79
2025-09-21 19:50:05,2025-09-21,19:50:05,out,0.82,15.7,63.1,23.1,18.228,204.7,1.18
2025-09-21 19:50:34,2025-09-21,19:50:34,in,0.86,1310.8,0.0,23.3,7.499,316.3,1.5
2025-09-21 19:51:08,2025-09-21,19:51:08,out,1.17,15.7,63.3,23.1,18.255,208.9,1.41
2025-09-21 19:51:37,2025-09-21,19:51:37,in,0.92,1310.8,0.0,23.3,7.499,324.8,1.53
2025-09-21 19:52:12,2025-09-21,19:52:12,out,0.9,15.8,63.5,23.1,18.283,208.6,1.51
2025-09-21 19:52:40,2025-09-21,19:52:40,in,0.54,1310.8,0.0,23.3,7.499,331.9,1.95
2025-09-21 19:53:16,2025-09-21,19:53:16,out,1.16,15.8,63.7,23.1,18.31,207.1,1.34
2025-09-21 19:53:44,2025-09-21,19:53:44,in,1.15,1310.8,0.0,23.3,7.499,321.8,2.35
2025-09-21 19:54:19,2025-09-21,19:54:19,out,0.83,15.9,63.8,23.1,18.324,200.8,1.38
2025-09-21 19:54:48,2025-09-21,19:54:48,in,1.19,1310.8,0.0,23.3,7.499,320.3,1.6
2025-09-21 19:55:22,2025-09-21,19:55:22,out,1.23,15.8,63.9,23.0,18.247,218.8,1.61
2025-09-21 19:55:51,2025-09-21,19:55:51,in,0.84,1310.8,0.0,23.3,7.499,326.3,1.56
2025-09-21 19:56:26,2025-09-21,19:56:26,out,1.06,15.8,64.0,23.0,18.26,220.5,1.41
2025-09-21 19:56:54,2025-09-21,19:56:54,in,1.14,1310.8,0.0,23.3,7.499,319.7,1.8
2025-09-21 19:57:30,2025-09-21,19:57:30,out,0.95,15.8,64.0,23.0,18.26,199.7,1.1
2025-09-21 19:57:58,2025-09-21,19:57:58,in,1.11,1310.8,0.0,23.3,7.499,324.0,1.62
2025-09-21 19:58:33,2025-09-21,19:58:33,out,0.84,15.8,64.0,23.0,18.26,218.5,1.19
2025-09-21 19:59:02,2025-09-21,19:59:02,in,0.79,1310.8,0.0,23.3,7.499,322.7,1.6
2025-09-21 19:59:36,2025-09-21,19:59:36,out,0.59,15.9,64.1,23.0,18.274,205.0,1.39
2025-09-21 20:00:05,2025-09-21,20:00:05,in,1.05,1310.8,0.0,23.2,7.457,326.4,1.54
2025-09-21 20:00:40,2025-09-21,20:00:40,out,0.89,15.9,64.1,23.0,18.274,219.5,1.09
2025-09-21 20:01:09,2025-09-21,20:01:09,in,1.11,1310.8,0.0,23.2,7.457,323.6,1.84
2025-09-21 20:01:44,2025-09-21,20:01:44,out,0.91,15.8,64.2,22.9,18.196,221.1,1.16
2025-09-21 20:02:12,2025-09-21,20:02:12,in,1.18,1310.8,0.0,23.2,7.457,329.9,2.01
2025-09-21 20:02:47,2025-09-21,20:02:47,out,1.07,15.8,64.3,22.9,18.21,222.4,1.21
2025-09-21 20:03:16,2025-09-21,20:03:16,in,1.39,1310.8,0.0,23.2,7.457,322.2,2.04
2025-09-21 20:03:50,2025-09-21,20:03:50,out,0.93,15.8,64.4,22.9,18.224,223.8,1.17
2025-09-21 20:04:19,2025-09-21,20:04:19,in,1.26,1310.8,0.0,23.2,7.457,321.2,2.18
2025-09-21 20:04:54,2025-09-21,20:04:54,out,0.94,15.9,64.5,22.9,18.237,231.5,1.07
2025-09-21 20:05:22,2025-09-21,20:05:22,in,1.18,1310.8,0.0,23.2,7.457,315.6,1.94
2025-09-21 20:05:58,2025-09-21,20:05:58,out,0.82,15.9,64.6,22.9,18.251,224.7,1.24
2025-09-21 20:06:26,2025-09-21,20:06:26,in,1.22,1310.8,0.0,23.1,7.416,325.3,2.12
2025-09-21 20:07:01,2025-09-21,20:07:01,out,0.83,15.9,64.7,22.9,18.265,212.9,1.07
2025-09-21 20:07:30,2025-09-21,20:07:30,in,1.25,1310.8,0.0,23.1,7.416,323.3,1.99
2025-09-21 20:08:04,2025-09-21,20:08:04,out,0.35,15.9,64.8,22.9,18.278,192.7,1.0
2025-09-21 20:08:33,2025-09-21,20:08:33,in,1.37,1310.8,0.0,23.1,7.416,318.0,1.68
2025-09-21 20:09:08,2025-09-21,20:09:08,out,0.9,15.9,64.9,22.8,18.201,215.0,1.3
2025-09-21 20:09:36,2025-09-21,20:09:36,in,0.99,1310.8,0.0,23.1,7.416,320.5,2.05
2025-09-21 20:10:12,2025-09-21,20:10:12,out,1.08,15.9,65.1,22.8,18.228,204.3,1.24
2025-09-21 20:10:40,2025-09-21,20:10:40,in,0.65,1310.8,0.0,23.1,7.416,306.9,2.44
2025-09-21 20:11:15,2025-09-21,20:11:15,out,0.47,15.9,65.2,22.8,18.241,198.5,1.08
2025-09-21 20:11:44,2025-09-21,20:11:44,in,1.36,1310.8,0.0,23.1,7.416,321.1,1.91
2025-09-21 20:12:18,2025-09-21,20:12:18,out,0.65,15.9,65.2,22.8,18.241,211.3,1.13
2025-09-21 20:12:47,2025-09-21,20:12:47,in,1.45,1310.8,0.0,23.1,7.416,322.2,2.04
2025-09-21 20:13:22,2025-09-21,20:13:22,out,0.52,15.9,65.2,22.8,18.241,193.3,0.85
2025-09-21 20:13:50,2025-09-21,20:13:50,in,1.47,1310.8,0.0,23.1,7.416,314.3,1.91
2025-09-21 20:14:26,2025-09-21,20:14:26,out,0.59,15.9,65.2,22.8,18.241,185.7,1.0
2025-09-21 20:14:54,2025-09-21,20:14:54,in,1.45,1310.8,0.0,23.0,7.374,323.5,2.14
2025-09-21 20:15:29,2025-09-21,20:15:29,out,0.54,15.8,65.2,22.7,18.15,195.4,0.72
2025-09-21 20:15:58,2025-09-21,20:15:58,in,1.53,1310.8,0.0,23.0,7.374,320.8,2.09
2025-09-21 20:16:32,2025-09-21,20:16:32,out,0.22,15.8,65.2,22.7,18.15,192.9,0.53
2025-09-21 20:17:01,2025-09-21,20:17:01,in,1.81,1310.8,0.0,22.9,7.333,320.0,2.39
2025-09-21 20:17:36,2025-09-21,20:17:36,out,0.18,15.8,65.2,22.7,18.15,174.8,0.4
2025-09-21 20:18:04,2025-09-21,20:18:04,in,1.27,1310.8,0.0,22.9,7.333,315.2,2.2
2025-09-21 20:18:40,2025-09-21,20:18:40,out,0.23,15.8,65.1,22.7,18.136,188.4,0.55
2025-09-21 20:19:08,2025-09-21,20:19:08,in,1.63,1310.8,0.0,22.9,7.333,320.5,2.3
2025-09-21 20:19:43,2025-09-21,20:19:43,out,0.24,15.7,65.1,22.6,18.045,210.1,0.34
2025-09-21 20:20:12,2025-09-21,20:20:12,in,1.36,1310.8,0.0,22.8,7.292,320.6,1.98
2025-09-21 20:20:46,2025-09-21,20:20:46,out,0.33,15.7,65.1,22.6,18.045,195.3,0.58
2025-09-21 20:21:15,2025-09-21,20:21:15,in,1.3,1310.8,0.0,22.8,7.292,318.5,1.87
2025-09-21 20:21:50,2025-09-21,20:21:50,out,0.37,15.7,65.1,22.6,18.045,191.9,0.59
2025-09-21 20:22:18,2025-09-21,20:22:18,in,1.25,1310.8,0.0,22.8,7.292,312.5,1.92
2025-09-21 20:22:54,2025-09-21,20:22:54,out,0.39,15.7,65.2,22.6,18.058,200.9,0.67
2025-09-21 20:23:22,2025-09-21,20:23:22,in,0.67,1310.8,0.0,22.8,7.292,333.3,1.77
2025-09-21 20:23:57,2025-09-21,20:23:57,out,0.37,15.7,65.3,22.5,17.98,187.7,0.8
2025-09-21 20:24:26,2025-09-21,20:24:26,in,0.91,1310.8,0.0,22.8,7.292,322.3,1.55
2025-09-21 20:25:00,2025-09-21,20:25:00,out,0.56,15.7,65.3,22.5,17.98,195.1,0.97
2025-09-21 20:25:29,2025-09-21,20:25:29,in,1.58,1310.8,0.0,22.8,7.292,319.2,2.11
2025-09-21 20:26:04,2025-09-21,20:26:04,out,0.59,15.7,65.4,22.5,17.994,192.8,0.85
2025-09-21 20:26:32,2025-09-21,20:26:32,in,1.27,1310.8,0.0,22.8,7.292,328.3,1.92
2025-09-21 20:27:08,2025-09-21,20:27:08,out,0.65,15.7,65.5,22.5,18.007,200.4,1.1
2025-09-21 20:27:36,2025-09-21,20:27:36,in,1.19,1310.8,0.0,22.7,7.25,320.5,1.95
2025-09-21 20:28:11,2025-09-21,20:28:11,out,0.45,15.7,65.6,22.5,18.021,196.6,1.03
2025-09-21 20:28:40,2025-09-21,20:28:40,in,1.3,1310.8,0.0,22.7,7.25,325.4,2.3
2025-09-21 20:29:14,2025-09-21,20:29:14,out,0.32,15.7,65.7,22.4,17.942,209.5,0.7
2025-09-21 20:29:43,2025-09-21,20:29:43,in,1.04,1310.8,0.0,22.7,7.25,313.5,1.62
2025-09-21 20:30:18,2025-09-21,20:30:18,out,0.32,15.7,65.7,22.4,17.942,197.4,0.63
2025-09-21 20:30:46,2025-09-21,20:30:46,in,1.04,1310.8,0.0,22.7,7.25,315.8,1.94
2025-09-21 20:31:22,2025-09-21,20:31:22,out,0.45,,,15.7,,197.3,0.65
2025-09-21 20:31:50,2025-09-21,20:31:50,in,1.04,1310.8,0.0,22.6,7.209,324.9,2.01
2025-09-21 20:32:25,2025-09-21,20:32:25,out,0.56,15.7,65.7,22.4,17.942,199.8,0.77
2025-09-21 20:32:54,2025-09-21,20:32:54,in,0.86,1310.8,0.0,22.6,7.209,319.0,1.86
2025-09-21 20:33:28,2025-09-21,20:33:28,out,0.3,15.6,65.8,22.3,17.864,197.7,0.6
2025-09-21 20:33:58,2025-09-21,20:33:58,in,0.75,1310.8,0.0,22.6,7.209,327.5,1.84
2025-09-21 20:34:32,2025-09-21,20:34:32,out,0.34,15.6,65.8,22.3,17.864,189.4,0.46
2025-09-21 20:35:00,2025-09-21,20:35:00,in,1.11,1310.8,0.0,22.5,7.167,329.8,2.21
2025-09-21 20:35:36,2025-09-21,20:35:36,out,0.34,15.6,65.8,22.3,17.864,180.4,0.46
2025-09-21 20:36:04,2025-09-21,20:36:04,in,1.42,1310.8,0.0,22.5,7.167,323.9,2.14
2025-09-21 20:36:39,2025-09-21,20:36:39,out,0.3,15.5,65.7,22.2,17.759,184.5,0.47
2025-09-21 20:37:08,2025-09-21,20:37:08,in,1.29,1310.8,0.0,22.5,7.167,316.5,2.04
2025-09-21 20:37:42,2025-09-21,20:37:42,out,0.35,15.5,65.8,22.2,17.772,185.8,0.74
2025-09-21 20:38:12,2025-09-21,20:38:12,in,1.12,1310.8,0.0,22.5,7.167,331.7,1.65
2025-09-21 20:38:46,2025-09-21,20:38:46,out,0.28,15.5,65.8,22.2,17.772,188.3,0.54
2025-09-21 20:39:14,2025-09-21,20:39:14,in,1.39,1310.8,0.0,22.5,7.167,325.7,1.68
2025-09-21 20:39:50,2025-09-21,20:39:50,out,0.44,15.4,65.8,22.1,17.68,215.1,0.65
2025-09-21 20:40:18,2025-09-21,20:40:18,in,1.22,1310.8,0.0,22.4,7.125,337.2,1.68
2025-09-21 20:40:53,2025-09-21,20:40:53,out,0.09,15.4,65.9,22.1,17.694,264.2,0.43
2025-09-21 20:41:22,2025-09-21,20:41:22,in,1.28,1310.8,0.0,22.4,7.125,327.3,1.87
2025-09-21 20:41:56,2025-09-21,20:41:56,out,0.21,15.4,65.9,22.1,17.694,266.0,0.41
2025-09-21 20:42:26,2025-09-21,20:42:26,in,1.26,1310.8,0.0,22.4,7.125,329.7,1.91
2025-09-21 20:43:00,2025-09-21,20:43:00,out,0.32,15.4,65.8,22.1,17.68,316.7,0.37
2025-09-21 20:43:29,2025-09-21,20:43:29,in,1.27,1310.8,0.0,22.4,7.125,335.6,2.17
2025-09-21 20:44:04,2025-09-21,20:44:04,out,0.64,15.3,65.8,22.0,17.588,357.6,0.86
2025-09-21 20:44:32,2025-09-21,20:44:32,in,1.14,1310.8,0.0,22.4,7.125,323.7,2.21
2025-09-21 20:45:07,2025-09-21,20:45:07,out,0.63,15.3,65.8,22.0,17.588,35.9,0.78
2025-09-21 20:45:36,2025-09-21,20:45:36,in,1.06,1310.8,0.0,22.3,7.084,322.0,1.61
2025-09-21 20:46:10,2025-09-21,20:46:10,out,0.36,15.3,65.8,22.0,17.588,15.4,0.79
2025-09-21 20:46:40,2025-09-21,20:46:40,in,1.03,1310.8,0.0,22.2,7.042,329.8,1.93
2025-09-21 20:47:14,2025-09-21,20:47:14,out,0.51,15.3,65.9,22.0,17.602,31.5,0.56
2025-09-21 20:47:43,2025-09-21,20:47:43,in,1.16,1310.8,0.0,22.1,7.001,319.1,1.75
2025-09-21 20:48:18,2025-09-21,20:48:18,out,0.36,15.2,65.9,21.9,17.51,26.9,0.7
2025-09-21 20:48:46,2025-09-21,20:48:46,in,1.37,1310.8,0.0,22.0,6.959,326.3,2.12
2025-09-21 20:49:21,2025-09-21,20:49:21,out,0.38,15.2,65.9,21.9,17.51,351.9,0.63
2025-09-21 20:49:50,2025-09-21,20:49:50,in,1.34,1310.8,0.0,21.9,6.918,323.4,2.18
2025-09-21 20:50:24,2025-09-21,20:50:24,out,0.98,,,15.2,,21.9,6.59
2025-09-21 20:50:54,2025-09-21,20:50:54,in,1.42,1310.8,0.0,21.9,6.918,318.3,2.06
2025-09-21 20:51:28,2025-09-21,20:51:28,out,0.59,15.2,66.0,21.9,17.523,17.3,0.85
2025-09-21 20:51:57,2025-09-21,20:51:57,in,1.32,1310.8,0.0,21.9,6.918,316.7,2.03
2025-09-21 20:52:32,2025-09-21,20:52:32,out,0.6,15.3,66.1,21.9,17.536,5.0,0.76
2025-09-21 20:53:00,2025-09-21,20:53:00,in,1.09,1310.8,0.0,21.9,6.918,329.9,1.93
2025-09-21 20:53:35,2025-09-21,20:53:35,out,0.42,15.3,66.2,21.9,17.55,350.7,0.81
2025-09-21 20:54:04,2025-09-21,20:54:04,in,1.41,1310.8,0.0,21.9,6.918,325.2,2.0
2025-09-21 20:54:38,2025-09-21,20:54:38,out,0.45,15.3,66.3,21.9,17.563,352.2,0.6
2025-09-21 20:55:08,2025-09-21,20:55:08,in,1.24,1310.8,0.0,21.9,6.918,322.3,2.2
2025-09-21 20:55:42,2025-09-21,20:55:42,out,0.43,15.2,66.3,21.8,17.471,2.2,0.62
2025-09-21 20:56:11,2025-09-21,20:56:11,in,1.63,1310.8,0.0,21.9,6.918,321.1,2.05
2025-09-21 20:56:46,2025-09-21,20:56:46,out,0.38,15.2,66.4,21.8,17.484,7.6,0.67
2025-09-21 20:57:14,2025-09-21,20:57:14,in,1.07,1310.8,0.0,21.9,6.918,311.9,1.93
2025-09-21 20:57:49,2025-09-21,20:57:49,out,0.41,15.3,66.5,21.8,17.497,5.2,0.69
2025-09-21 20:58:18,2025-09-21,20:58:18,in,1.14,1310.8,0.0,21.9,6.918,323.7,1.86
2025-09-21 20:58:52,2025-09-21,20:58:52,out,0.65,15.3,66.5,21.8,17.497,4.6,0.69
2025-09-21 20:59:22,2025-09-21,20:59:22,in,1.14,1310.8,0.0,21.9,6.918,318.0,1.61
2025-09-21 20:59:56,2025-09-21,20:59:56,out,0.65,15.3,66.7,21.8,17.524,4.6,0.69
2025-09-21 21:00:25,2025-09-21,21:00:25,in,1.19,1310.8,0.0,21.8,6.876,326.1,1.94
2025-09-21 21:01:00,2025-09-21,21:01:00,out,0.76,15.4,66.9,21.8,17.55,5.4,0.84
2025-09-21 21:01:28,2025-09-21,21:01:28,in,1.13,1310.8,0.0,21.8,6.876,328.1,1.75
2025-09-21 21:02:03,2025-09-21,21:02:03,out,0.68,15.4,67.1,21.8,17.577,5.4,0.85
2025-09-21 21:02:32,2025-09-21,21:02:32,in,1.42,1310.8,0.0,21.7,6.835,327.3,2.0
2025-09-21 21:03:06,2025-09-21,21:03:06,out,0.68,15.4,67.2,21.8,17.59,19.0,0.86
2025-09-21 21:03:36,2025-09-21,21:03:36,in,1.85,1310.8,0.0,21.7,6.835,317.3,2.43
2025-09-21 21:04:10,2025-09-21,21:04:10,out,0.48,15.4,67.2,21.8,17.59,17.4,0.79
2025-09-21 21:04:39,2025-09-21,21:04:39,in,1.94,1310.8,0.0,21.7,6.835,318.5,2.61
2025-09-21 21:05:14,2025-09-21,21:05:14,out,0.54,15.5,67.3,21.8,17.603,30.8,0.62
2025-09-21 21:05:42,2025-09-21,21:05:42,in,1.46,1310.8,0.0,21.7,6.835,318.2,2.5
2025-09-21 21:06:17,2025-09-21,21:06:17,out,0.47,15.5,67.3,21.8,17.603,43.6,0.59
2025-09-21 21:06:46,2025-09-21,21:06:46,in,1.45,1310.8,0.0,21.7,6.835,318.0,2.23
2025-09-21 21:07:20,2025-09-21,21:07:20,out,0.41,15.5,67.3,21.8,17.603,46.3,0.55
2025-09-21 21:07:50,2025-09-21,21:07:50,in,1.69,1310.8,0.0,21.7,6.835,320.7,2.06
2025-09-21 21:08:24,2025-09-21,21:08:24,out,0.27,15.4,67.4,21.7,17.524,34.5,0.43
2025-09-21 21:08:53,2025-09-21,21:08:53,in,1.93,1310.8,0.0,21.7,6.835,318.5,2.3
2025-09-21 21:09:28,2025-09-21,21:09:28,out,0.25,15.4,67.4,21.7,17.524,80.3,0.42
2025-09-21 21:09:56,2025-09-21,21:09:56,in,1.39,1310.8,0.0,21.7,6.835,313.6,2.15
2025-09-21 21:10:31,2025-09-21,21:10:31,out,0.02,15.4,67.4,21.7,17.524,80.3,0.21
2025-09-21 21:11:00,2025-09-21,21:11:00,in,0.96,1310.8,0.0,21.7,6.835,323.3,2.25
2025-09-21 21:11:34,2025-09-21,21:11:34,out,0.03,15.4,67.4,21.7,17.524,80.3,0.07
2025-09-21 21:12:04,2025-09-21,21:12:04,in,1.57,1310.8,0.0,21.7,6.835,320.8,2.32
2025-09-21 21:12:38,2025-09-21,21:12:38,out,0.09,15.4,67.4,21.7,17.524,80.3,0.13
2025-09-21 21:13:07,2025-09-21,21:13:07,in,1.48,1310.8,0.0,21.8,6.876,316.6,2.04
2025-09-21 21:13:42,2025-09-21,21:13:42,out,0.06,15.3,67.4,21.6,17.432,80.3,0.14
2025-09-21 21:14:10,2025-09-21,21:14:10,in,1.34,1310.8,0.0,21.8,6.876,313.9,2.15
2025-09-21 21:14:45,2025-09-21,21:14:45,out,0.07,15.3,67.4,21.6,17.432,80.3,0.11
2025-09-21 21:15:14,2025-09-21,21:15:14,in,1.09,1310.8,0.0,21.8,6.876,324.0,1.82
2025-09-21 21:15:48,2025-09-21,21:15:48,out,0.05,15.3,67.4,21.6,17.432,80.3,0.12
2025-09-21 21:16:18,2025-09-21,21:16:18,in,1.35,1310.8,0.0,21.8,6.876,318.9,2.11
2025-09-21 21:16:52,2025-09-21,21:16:52,out,0.04,15.3,67.3,21.6,17.418,80.3,0.08
2025-09-21 21:17:21,2025-09-21,21:17:21,in,0.96,1310.8,0.0,21.8,6.876,320.9,2.01
2025-09-21 21:17:56,2025-09-21,21:17:56,out,0.07,15.2,67.3,21.5,17.326,80.3,0.11
2025-09-21 21:18:24,2025-09-21,21:18:24,in,1.5,1310.8,0.0,21.8,6.876,316.2,2.24
2025-09-21 21:18:59,2025-09-21,21:18:59,out,0.09,15.2,67.3,21.5,17.326,80.3,0.11
2025-09-21 21:19:28,2025-09-21,21:19:28,in,1.44,1310.8,0.0,21.8,6.876,326.2,1.76
2025-09-21 21:20:02,2025-09-21,21:20:02,out,0.22,15.2,67.3,21.5,17.326,228.8,0.26
2025-09-21 21:20:32,2025-09-21,21:20:32,in,1.48,1310.8,0.0,21.8,6.876,322.0,1.99
2025-09-21 21:21:06,2025-09-21,21:21:06,out,0.29,15.2,67.3,21.5,17.326,215.6,0.34
2025-09-21 21:21:35,2025-09-21,21:21:35,in,1.26,1310.8,0.0,21.8,6.876,323.8,2.05
2025-09-21 21:22:10,2025-09-21,21:22:10,out,0.34,15.1,67.3,21.4,17.234,211.3,0.38
2025-09-21 21:22:38,2025-09-21,21:22:38,in,1.3,1310.8,0.0,21.8,6.876,320.7,2.11
2025-09-21 21:23:13,2025-09-21,21:23:13,out,0.41,15.1,67.5,21.4,17.26,211.8,0.46
2025-09-21 21:23:42,2025-09-21,21:23:42,in,1.41,1310.8,0.0,21.8,6.876,324.0,1.75
2025-09-21 21:24:16,2025-09-21,21:24:16,out,0.47,15.3,67.8,21.5,17.392,190.2,0.51
2025-09-21 21:24:46,2025-09-21,21:24:46,in,0.83,1310.8,0.0,21.8,6.876,326.7,1.74
2025-09-21 21:25:20,2025-09-21,21:25:20,out,0.62,15.4,68.2,21.5,17.444,190.6,0.67
2025-09-21 21:25:49,2025-09-21,21:25:49,in,1.46,1310.8,0.0,21.8,6.876,321.9,2.03
2025-09-21 21:26:24,2025-09-21,21:26:24,out,0.47,15.5,68.5,21.6,17.576,163.3,0.68
2025-09-21 21:26:52,2025-09-21,21:26:52,in,1.31,1310.8,0.0,21.8,6.876,316.1,2.0
2025-09-21 21:27:27,2025-09-21,21:27:27,out,0.76,15.7,68.7,21.7,17.695,139.0,0.81
2025-09-21 21:27:56,2025-09-21,21:27:56,in,1.08,1310.8,0.0,21.7,6.835,318.9,1.68
2025-09-21 21:28:30,2025-09-21,21:28:30,out,0.74,15.6,68.5,21.7,17.669,132.2,0.89
2025-09-21 21:29:00,2025-09-21,21:29:00,in,0.89,1310.8,0.0,21.7,6.835,319.3,1.92
2025-09-21 21:29:34,2025-09-21,21:29:34,out,0.82,15.5,68.5,21.6,17.576,138.0,0.94
2025-09-21 21:30:03,2025-09-21,21:30:03,in,1.68,1310.8,0.0,21.7,6.835,318.2,2.2
2025-09-21 21:30:38,2025-09-21,21:30:38,out,0.84,15.6,68.6,21.6,17.589,126.5,0.99
2025-09-21 21:31:06,2025-09-21,21:31:06,in,1.18,1310.8,0.0,21.6,6.793,323.9,2.22
2025-09-21 21:31:41,2025-09-21,21:31:41,out,0.83,15.6,68.9,21.6,17.628,121.6,1.04
2025-09-21 21:32:10,2025-09-21,21:32:10,in,1.19,1310.8,0.0,21.6,6.793,321.4,2.0
2025-09-21 21:32:44,2025-09-21,21:32:44,out,0.76,15.7,69.0,21.6,17.641,105.8,0.9
2025-09-21 21:33:14,2025-09-21,21:33:14,in,1.15,1310.8,0.0,21.6,6.793,322.8,2.2
2025-09-21 21:33:48,2025-09-21,21:33:48,out,0.71,15.8,69.2,21.7,17.761,111.0,0.89
2025-09-21 21:34:17,2025-09-21,21:34:17,in,1.54,1310.8,0.0,21.5,6.752,321.2,2.05
2025-09-21 21:34:52,2025-09-21,21:34:52,out,0.74,15.8,69.4,21.6,17.694,111.0,0.79
2025-09-21 21:35:20,2025-09-21,21:35:20,in,1.17,1310.8,0.0,21.4,6.71,314.0,1.68
2025-09-21 21:35:55,2025-09-21,21:35:55,out,0.67,15.9,69.5,21.7,17.8,107.3,0.78
2025-09-21 21:36:24,2025-09-21,21:36:24,in,1.41,1310.8,0.0,21.3,6.669,313.8,1.97
2025-09-21 21:36:58,2025-09-21,21:36:58,out,0.68,15.9,69.6,21.7,17.813,105.7,0.73
2025-09-21 21:37:28,2025-09-21,21:37:28,in,1.09,1310.8,0.0,21.3,6.669,325.9,2.25
2025-09-21 21:38:02,2025-09-21,21:38:02,out,0.59,15.9,69.7,21.7,17.826,105.2,0.71
2025-09-21 21:38:31,2025-09-21,21:38:31,in,1.09,1310.8,0.0,21.4,6.71,319.6,2.13
2025-09-21 21:39:06,2025-09-21,21:39:06,out,0.47,16.0,69.8,21.7,17.839,100.7,0.59
2025-09-21 21:39:34,2025-09-21,21:39:34,in,1.12,1310.8,0.0,21.4,6.71,324.5,2.46
2025-09-21 21:40:09,2025-09-21,21:40:09,out,0.24,16.0,69.8,21.7,17.839,83.5,0.44
2025-09-21 21:40:38,2025-09-21,21:40:38,in,0.98,1310.8,0.0,21.4,6.71,331.1,2.43
2025-09-21 21:41:12,2025-09-21,21:41:12,out,0.23,16.0,69.8,21.7,17.839,134.5,0.31
2025-09-21 21:41:42,2025-09-21,21:41:42,in,1.27,1310.8,0.0,21.4,6.71,326.4,2.08
2025-09-21 21:42:16,2025-09-21,21:42:16,out,0.18,16.0,69.8,21.7,17.839,146.5,0.29
2025-09-21 21:42:45,2025-09-21,21:42:45,in,1.51,1310.8,0.0,21.4,6.71,319.9,1.99
2025-09-21 21:43:20,2025-09-21,21:43:20,out,0.15,16.0,69.8,21.7,17.839,146.5,0.19
2025-09-21 21:43:48,2025-09-21,21:43:48,in,1.92,1310.8,0.0,21.4,6.71,320.1,2.36
2025-09-21 21:44:23,2025-09-21,21:44:23,out,0.2,15.9,69.8,21.6,17.746,38.5,0.23
2025-09-21 21:44:52,2025-09-21,21:44:52,in,1.7,1310.8,0.0,21.4,6.71,320.0,2.28
2025-09-21 21:45:26,2025-09-21,21:45:26,out,0.18,15.8,69.7,21.6,17.733,34.4,0.34
2025-09-21 21:45:56,2025-09-21,21:45:56,in,1.23,1310.8,0.0,21.4,6.71,327.4,2.15
2025-09-21 21:46:30,2025-09-21,21:46:30,out,0.51,15.8,69.7,21.6,17.733,55.6,0.53
2025-09-21 21:46:59,2025-09-21,21:46:59,in,1.07,1310.8,0.0,21.3,6.669,321.7,2.22
2025-09-21 21:47:34,2025-09-21,21:47:34,out,0.47,15.8,69.7,21.6,17.733,72.7,0.54
2025-09-21 21:48:02,2025-09-21,21:48:02,in,1.75,1310.8,0.0,21.3,6.669,321.2,2.04
2025-09-21 21:48:37,2025-09-21,21:48:37,out,0.47,15.9,69.8,21.6,17.746,72.7,0.53
2025-09-21 21:49:06,2025-09-21,21:49:06,in,1.75,1310.8,0.0,21.3,6.669,319.3,2.56
2025-09-21 21:49:40,2025-09-21,21:49:40,out,0.51,15.9,69.8,21.6,17.746,65.1,0.57
2025-09-21 21:50:10,2025-09-21,21:50:10,in,1.23,1310.8,0.0,21.2,6.627,310.5,2.29
2025-09-21 21:50:44,2025-09-21,21:50:44,out,0.53,15.9,69.9,21.6,17.759,75.0,0.6
2025-09-21 21:51:13,2025-09-21,21:51:13,in,1.25,1310.8,0.0,21.2,6.627,328.4,2.6
2025-09-21 21:51:48,2025-09-21,21:51:48,out,0.56,15.9,70.0,21.6,17.772,69.5,0.59
2025-09-21 21:52:17,2025-09-21,21:52:17,in,1.24,1310.8,0.0,21.1,6.586,321.4,1.91
2025-09-21 21:52:51,2025-09-21,21:52:51,out,0.74,16.0,70.2,21.6,17.798,69.9,0.78
2025-09-21 21:53:20,2025-09-21,21:53:20,in,1.83,1310.8,0.0,21.1,6.586,318.5,2.37
2025-09-21 21:53:54,2025-09-21,21:53:54,out,0.74,16.0,70.3,21.6,17.811,66.8,0.82
2025-09-21 21:54:24,2025-09-21,21:54:24,in,1.37,1310.8,0.0,21.1,6.586,329.8,2.24
2025-09-21 21:54:58,2025-09-21,21:54:58,out,0.83,16.0,70.4,21.6,17.824,66.1,0.9
2025-09-21 21:55:28,2025-09-21,21:55:28,in,1.28,1310.8,0.0,21.1,6.586,327.1,1.89
2025-09-21 21:56:02,2025-09-21,21:56:02,out,0.89,16.1,70.5,21.7,17.931,59.9,1.06
2025-09-21 21:56:31,2025-09-21,21:56:31,in,1.11,1310.8,0.0,21.0,6.544,332.5,1.79
2025-09-21 21:57:05,2025-09-21,21:57:05,out,1.04,16.0,70.4,21.6,17.824,67.5,1.19
2025-09-21 21:57:34,2025-09-21,21:57:34,in,0.77,1310.8,0.0,21.0,6.544,328.1,1.59
2025-09-21 21:58:08,2025-09-21,21:58:08,out,0.86,16.0,70.4,21.6,17.824,72.1,1.22
2025-09-21 21:58:38,2025-09-21,21:58:38,in,1.22,1310.8,0.0,21.0,6.544,326.5,1.79
2025-09-21 21:59:12,2025-09-21,21:59:12,out,1.01,16.0,70.5,21.6,17.837,74.8,1.11
2025-09-21 21:59:42,2025-09-21,21:59:42,in,0.68,1310.8,0.0,20.9,6.503,327.0,1.46
2025-09-21 22:00:16,2025-09-21,22:00:16,out,0.96,16.0,70.8,21.6,17.877,65.9,1.12
2025-09-21 22:00:45,2025-09-21,22:00:45,in,0.85,1310.8,0.0,21.0,6.544,323.1,1.95
2025-09-21 22:01:19,2025-09-21,22:01:19,out,0.85,16.1,71.0,21.6,17.903,63.0,1.0
2025-09-21 22:01:48,2025-09-21,22:01:48,in,1.05,1310.8,0.0,21.0,6.544,317.1,1.46
2025-09-21 22:02:22,2025-09-21,22:02:22,out,0.84,16.1,71.1,21.6,17.916,62.6,0.94
2025-09-21 22:02:52,2025-09-21,22:02:52,in,1.46,1310.8,0.0,21.0,6.544,318.8,2.02
2025-09-21 22:03:26,2025-09-21,22:03:26,out,0.77,16.1,71.2,21.6,17.929,55.1,0.89
2025-09-21 22:03:56,2025-09-21,22:03:56,in,0.63,1310.8,0.0,21.0,6.544,328.4,1.98
2025-09-21 22:04:30,2025-09-21,22:04:30,out,0.51,16.1,71.2,21.6,17.929,1.8,0.8
2025-09-21 22:04:59,2025-09-21,22:04:59,in,1.2,1310.8,0.0,21.0,6.544,334.5,2.07
2025-09-21 22:05:33,2025-09-21,22:05:33,out,0.43,16.1,71.1,21.6,17.916,77.7,0.67
2025-09-21 22:06:02,2025-09-21,22:06:02,in,1.25,1310.8,0.0,21.0,6.544,323.1,1.64
2025-09-21 22:06:37,2025-09-21,22:06:37,out,0.58,16.0,71.2,21.5,17.835,81.8,1.03
2025-09-21 22:07:06,2025-09-21,22:07:06,in,0.84,1310.8,0.0,21.0,6.544,322.3,1.94
2025-09-21 22:07:40,2025-09-21,22:07:40,out,0.83,16.1,71.3,21.5,17.848,85.3,1.0
2025-09-21 22:08:10,2025-09-21,22:08:10,in,0.67,1310.8,0.0,20.9,6.503,337.8,1.55
2025-09-21 22:08:44,2025-09-21,22:08:44,out,0.89,16.1,71.4,21.5,17.861,78.7,1.2
2025-09-21 22:09:13,2025-09-21,22:09:13,in,0.86,1310.8,0.0,20.9,6.503,332.9,1.42
2025-09-21 22:09:48,2025-09-21,22:09:48,out,0.94,16.1,71.5,21.5,17.874,73.8,1.18
2025-09-21 22:10:16,2025-09-21,22:10:16,in,1.08,,,1310.8,,331.0,2.02
2025-09-21 22:10:50,2025-09-21,22:10:50,out,0.79,16.1,71.6,21.5,17.887,76.4,1.11
2025-09-21 22:11:20,2025-09-21,22:11:20,in,1.09,1310.8,0.0,20.8,6.461,327.9,1.79
2025-09-21 22:11:54,2025-09-21,22:11:54,out,0.59,16.1,71.6,21.5,17.887,75.3,0.95
2025-09-21 22:12:24,2025-09-21,22:12:24,in,1.18,1310.8,0.0,20.7,6.42,336.4,1.67
2025-09-21 22:12:58,2025-09-21,22:12:58,out,0.64,16.0,71.7,21.4,17.806,83.6,0.8
2025-09-21 22:13:27,2025-09-21,22:13:27,in,1.56,1310.8,0.0,20.7,6.42,318.7,1.84
2025-09-21 22:14:02,2025-09-21,22:14:02,out,0.89,16.1,71.8,21.4,17.819,77.1,0.91
2025-09-21 22:14:30,2025-09-21,22:14:30,in,1.01,1310.8,0.0,20.7,6.42,329.1,1.91
2025-09-21 22:15:05,2025-09-21,22:15:05,out,0.7,16.1,71.9,21.4,17.832,85.0,0.87
2025-09-21 22:15:34,2025-09-21,22:15:34,in,1.68,1310.8,0.0,20.7,6.42,318.5,2.34
2025-09-21 22:16:08,2025-09-21,22:16:08,out,0.66,16.1,72.0,21.4,17.845,95.1,0.73
2025-09-21 22:16:38,2025-09-21,22:16:38,in,0.58,1310.8,0.0,20.8,6.461,340.9,2.23
2025-09-21 22:17:12,2025-09-21,22:17:12,out,0.62,16.1,72.1,21.4,17.858,114.5,0.72
2025-09-21 22:17:41,2025-09-21,22:17:41,in,1.34,1310.8,0.0,20.8,6.461,319.4,2.17
2025-09-21 22:18:16,2025-09-21,22:18:16,out,0.64,16.1,72.2,21.3,17.777,134.9,0.73
2025-09-21 22:18:44,2025-09-21,22:18:44,in,1.56,1310.8,0.0,20.8,6.461,326.4,2.3
2025-09-21 22:19:19,2025-09-21,22:19:19,out,0.5,16.1,72.2,21.3,17.777,131.8,0.77
2025-09-21 22:19:48,2025-09-21,22:19:48,in,1.15,1310.8,0.0,20.9,6.503,324.0,2.08
2025-09-21 22:20:22,2025-09-21,22:20:22,out,0.41,16.1,72.3,21.3,17.79,142.5,0.73
2025-09-21 22:20:52,2025-09-21,22:20:52,in,1.44,1310.8,0.0,20.9,6.503,313.3,1.88
2025-09-21 22:21:26,2025-09-21,22:21:26,out,0.38,16.1,72.4,21.3,17.803,133.3,0.63
2025-09-21 22:21:55,2025-09-21,22:21:55,in,1.03,1310.8,0.0,20.9,6.503,326.3,1.97
2025-09-21 22:22:30,2025-09-21,22:22:30,out,0.39,16.0,72.4,21.2,17.709,123.1,0.59
2025-09-21 22:22:58,2025-09-21,22:22:58,in,1.2,1310.8,0.0,20.9,6.503,315.5,1.82
2025-09-21 22:23:33,2025-09-21,22:23:33,out,0.42,16.0,72.5,21.2,17.722,118.7,0.6
2025-09-21 22:24:02,2025-09-21,22:24:02,in,1.3,1310.8,0.0,20.9,6.503,316.0,1.96
2025-09-21 22:24:36,2025-09-21,22:24:36,out,0.81,16.0,72.6,21.2,17.735,131.1,0.98
2025-09-21 22:25:06,2025-09-21,22:25:06,in,1.54,1310.8,0.0,20.9,6.503,319.3,2.03
2025-09-21 22:25:40,2025-09-21,22:25:40,out,0.78,16.0,72.7,21.1,17.654,129.4,0.95
2025-09-21 22:26:09,2025-09-21,22:26:09,in,1.6,1310.8,0.0,20.9,6.503,318.6,2.17
2025-09-21 22:26:44,2025-09-21,22:26:44,out,0.65,16.0,72.8,21.1,17.667,110.3,0.85
2025-09-21 22:27:12,2025-09-21,22:27:12,in,1.47,1310.8,0.0,20.9,6.503,323.6,2.62
2025-09-21 22:27:47,2025-09-21,22:27:47,out,0.57,16.0,72.9,21.1,17.68,104.1,0.73
2025-09-21 22:28:16,2025-09-21,22:28:16,in,1.84,1310.8,0.0,20.9,6.503,319.9,2.43
2025-09-21 22:28:50,2025-09-21,22:28:50,out,0.59,16.0,73.0,21.1,17.693,89.5,0.77
2025-09-21 22:29:20,2025-09-21,22:29:20,in,1.58,1310.8,0.0,20.8,6.461,318.5,2.37
2025-09-21 22:29:54,2025-09-21,22:29:54,out,0.49,16.0,73.0,21.0,17.598,84.5,0.86
2025-09-21 22:30:23,2025-09-21,22:30:23,in,1.39,1310.8,0.0,20.8,6.461,325.3,2.04
2025-09-21 22:30:58,2025-09-21,22:30:58,out,0.37,16.0,73.0,21.0,17.598,66.4,0.67
2025-09-21 22:31:26,2025-09-21,22:31:26,in,1.58,1310.8,0.0,20.7,6.42,326.6,2.21
2025-09-21 22:32:30,2025-09-21,22:32:30,in,1.09,1310.8,0.0,20.7,6.42,325.4,2.06
2025-09-21 22:32:30,2025-09-21,22:32:30,out,0.67,16.1,73.6,21.0,17.675,78.3,0.84
2025-09-21 22:33:33,2025-09-21,22:33:33,out,0.75,15.9,73.1,20.9,17.517,65.7,0.85
2025-09-21 22:33:34,2025-09-21,22:33:34,in,1.08,1310.8,0.0,20.7,6.42,325.5,2.13
2025-09-21 22:34:36,2025-09-21,22:34:36,out,0.75,15.9,73.0,20.9,17.504,74.7,0.85
2025-09-21 22:34:37,2025-09-21,22:34:37,in,1.01,1310.8,0.0,20.6,6.378,343.1,1.81
2025-09-21 22:35:40,2025-09-21,22:35:40,in,0.93,1310.8,0.0,20.6,6.378,340.1,2.17
2025-09-21 22:35:40,2025-09-21,22:35:40,out,0.84,15.7,72.8,20.8,17.385,92.8,1.1
2025-09-21 22:36:44,2025-09-21,22:36:44,in,1.01,1310.8,0.0,20.5,6.337,329.6,2.12
2025-09-21 22:36:44,2025-09-21,22:36:44,out,0.64,15.7,72.7,20.8,17.372,86.6,0.93
2025-09-21 22:37:47,2025-09-21,22:37:47,out,0.54,15.6,72.6,20.7,17.265,71.2,0.88
2025-09-21 22:37:48,2025-09-21,22:37:48,in,1.42,1310.8,0.0,20.4,6.295,322.7,2.17
2025-09-21 22:38:50,2025-09-21,22:38:50,out,0.62,15.6,72.6,20.7,17.265,55.8,0.74
2025-09-21 22:38:51,2025-09-21,22:38:51,in,1.18,1310.8,0.0,20.4,6.295,321.2,2.19
2025-09-21 22:39:54,2025-09-21,22:39:54,in,1.2,1310.8,0.0,20.3,6.253,327.8,2.66
2025-09-21 22:39:54,2025-09-21,22:39:54,out,0.49,15.5,72.5,20.6,17.159,48.5,0.68
2025-09-21 22:40:58,2025-09-21,22:40:58,in,1.55,1310.8,0.0,20.3,6.253,316.5,1.92
2025-09-21 22:40:58,2025-09-21,22:40:58,out,0.38,15.5,72.5,20.6,17.159,43.4,0.48
2025-09-21 22:42:01,2025-09-21,22:42:01,out,0.51,15.4,72.5,20.5,17.065,47.1,0.56
2025-09-21 22:42:02,2025-09-21,22:42:02,in,1.39,1310.8,0.0,20.2,6.212,322.3,2.11
2025-09-21 22:43:04,2025-09-21,22:43:04,out,0.51,15.4,72.5,20.5,17.065,34.7,0.58
2025-09-21 22:43:05,2025-09-21,22:43:05,in,1.05,1310.8,0.0,20.2,6.212,322.7,1.85
2025-09-21 22:44:08,2025-09-21,22:44:08,in,0.97,1310.8,0.0,20.1,6.17,335.5,1.93
2025-09-21 22:44:08,2025-09-21,22:44:08,out,0.49,15.3,72.4,20.5,17.052,42.0,0.8
2025-09-21 22:45:12,2025-09-21,22:45:12,in,1.21,1310.8,0.0,20.0,6.129,329.6,2.3
2025-09-21 22:45:12,2025-09-21,22:45:12,out,1.02,15.2,72.2,20.4,16.933,38.6,1.64
2025-09-21 22:46:15,2025-09-21,22:46:15,out,0.59,15.1,72.2,20.3,16.839,26.3,1.3
2025-09-21 22:46:16,2025-09-21,22:46:16,in,0.88,1310.8,0.0,19.9,6.087,341.3,1.77
2025-09-21 22:47:18,2025-09-21,22:47:18,out,0.81,15.1,72.2,20.3,16.839,41.4,1.18
2025-09-21 22:47:19,2025-09-21,22:47:19,in,0.9,1310.8,0.0,19.9,6.087,324.3,2.22
2025-09-21 22:48:22,2025-09-21,22:48:22,in,1.62,1310.8,0.0,19.9,6.087,318.7,1.9
2025-09-21 22:48:22,2025-09-21,22:48:22,out,1.01,15.0,72.3,20.2,16.758,41.0,1.16
2025-09-21 22:49:26,2025-09-21,22:49:26,in,0.39,1310.8,0.0,19.9,6.087,353.9,2.55
2025-09-21 22:49:26,2025-09-21,22:49:26,out,0.68,15.0,72.4,20.2,16.77,57.1,1.31
2025-09-21 22:50:29,2025-09-21,22:50:29,out,1.06,15.0,72.4,20.2,16.77,68.2,1.15
2025-09-21 22:50:30,2025-09-21,22:50:30,in,0.13,1310.8,0.0,19.9,6.087,351.6,0.43
2025-09-21 22:51:32,2025-09-21,22:51:32,out,0.43,15.0,72.4,20.1,16.677,56.7,0.96
2025-09-21 22:51:33,2025-09-21,22:51:33,in,0.06,1310.8,0.0,19.9,6.087,351.6,0.16
2025-09-21 22:52:36,2025-09-21,22:52:36,in,0.27,1310.8,0.0,20.0,6.129,359.7,0.38
2025-09-21 22:52:36,2025-09-21,22:52:36,out,0.9,15.0,72.5,20.1,16.689,75.3,1.05
2025-09-21 22:53:40,2025-09-21,22:53:40,in,0.25,1310.8,0.0,20.0,6.129,129.3,0.27
2025-09-21 22:53:40,2025-09-21,22:53:40,out,1.21,14.9,72.5,20.0,16.595,75.0,1.4
2025-09-21 22:54:43,2025-09-21,22:54:43,out,0.93,15.0,72.7,20.0,16.62,91.5,1.41
2025-09-21 22:54:44,2025-09-21,22:54:44,in,0.25,1310.8,0.0,20.0,6.129,100.2,0.39
2025-09-21 22:55:46,2025-09-21,22:55:46,out,0.97,15.0,72.8,20.0,16.633,99.0,1.02
2025-09-21 22:55:47,2025-09-21,22:55:47,in,1.22,1310.8,0.0,19.9,6.087,321.3,1.71
2025-09-21 22:56:50,2025-09-21,22:56:50,in,1.09,1310.8,0.0,19.8,6.046,337.3,1.78
2025-09-21 22:56:50,2025-09-21,22:56:50,out,1.21,14.9,73.1,19.9,16.576,94.8,1.32
2025-09-21 22:57:54,2025-09-21,22:57:54,in,0.9,1310.8,0.0,19.7,6.004,339.6,1.83
2025-09-21 22:57:54,2025-09-21,22:57:54,out,1.36,15.0,73.3,19.9,16.601,103.2,1.46
2025-09-21 22:58:57,2025-09-21,22:58:57,out,1.05,15.0,73.4,19.9,16.614,112.8,1.45
2025-09-21 22:58:58,2025-09-21,22:58:58,in,1.16,1310.8,0.0,19.7,6.004,331.7,1.85
2025-09-21 23:00:00,2025-09-21,23:00:00,out,0.92,14.9,73.5,19.8,16.532,107.3,1.41
2025-09-21 23:00:01,2025-09-21,23:00:01,in,0.29,1310.8,0.0,19.7,6.004,82.8,1.88
2025-09-21 23:01:04,2025-09-21,23:01:04,in,0.43,1310.8,0.0,19.7,6.004,138.8,0.52
2025-09-21 23:01:04,2025-09-21,23:01:04,out,0.78,14.9,73.5,19.8,16.532,96.8,1.08
2025-09-21 23:02:08,2025-09-21,23:02:08,in,0.33,1310.8,0.0,19.8,6.046,144.0,0.56
2025-09-21 23:02:08,2025-09-21,23:02:08,out,0.85,15.0,73.7,19.8,16.557,97.9,1.06
2025-09-21 23:03:11,2025-09-21,23:03:11,out,0.53,14.9,73.8,19.7,16.475,90.1,1.05
2025-09-21 23:03:12,2025-09-21,23:03:12,in,0.91,1310.8,0.0,19.8,6.046,340.7,1.44
2025-09-21 23:04:14,2025-09-21,23:04:14,out,0.87,14.9,73.8,19.7,16.475,99.7,1.18
2025-09-21 23:04:15,2025-09-21,23:04:15,in,0.79,1310.8,0.0,19.8,6.046,325.8,1.67
2025-09-21 23:05:18,2025-09-21,23:05:18,in,0.9,1310.8,0.0,19.7,6.004,321.6,2.07
2025-09-21 23:05:18,2025-09-21,23:05:18,out,0.97,14.9,73.8,19.7,16.475,96.3,1.23
2025-09-21 23:06:22,2025-09-21,23:06:22,in,0.91,1310.8,0.0,19.7,6.004,322.4,2.1
2025-09-21 23:06:22,2025-09-21,23:06:22,out,0.95,14.8,73.9,19.6,16.393,93.0,1.37
2025-09-21 23:07:25,2025-09-21,23:07:25,out,0.9,14.8,73.9,19.6,16.393,88.1,1.3
2025-09-21 23:07:26,2025-09-21,23:07:26,in,1.25,1310.8,0.0,19.7,6.004,316.6,1.97
2025-09-21 23:08:28,2025-09-21,23:08:28,out,1.0,14.8,74.0,19.6,16.406,89.8,1.27
2025-09-21 23:08:29,2025-09-21,23:08:29,in,0.25,1310.8,0.0,19.7,6.004,61.9,1.43
2025-09-21 23:09:32,2025-09-21,23:09:32,in,0.25,1310.8,0.0,19.7,6.004,115.0,0.41
2025-09-21 23:09:32,2025-09-21,23:09:32,out,0.82,14.9,74.1,19.6,16.418,104.4,1.36
2025-09-21 23:10:36,2025-09-21,23:10:36,in,0.23,1310.8,0.0,19.7,6.004,142.9,0.36
2025-09-21 23:10:36,2025-09-21,23:10:36,out,0.78,14.9,74.2,19.6,16.43,87.0,1.14
2025-09-21 23:11:39,2025-09-21,23:11:39,out,0.76,14.9,74.2,19.6,16.43,47.0,0.86
2025-09-21 23:11:40,2025-09-21,23:11:40,in,0.18,1310.8,0.0,19.8,6.046,124.2,0.28
2025-09-21 23:12:42,2025-09-21,23:12:42,out,0.87,14.8,74.2,19.6,16.43,88.1,1.33
2025-09-21 23:12:44,2025-09-21,23:12:44,in,1.33,1310.8,0.0,19.7,6.004,324.1,2.02
2025-09-21 23:13:46,2025-09-21,23:13:46,out,1.3,14.8,74.2,19.5,16.336,98.1,1.46
2025-09-21 23:13:47,2025-09-21,23:13:47,in,1.49,1310.8,0.0,19.7,6.004,319.5,1.69
2025-09-21 23:14:50,2025-09-21,23:14:50,in,1.34,1310.8,0.0,19.6,5.963,325.8,1.88
2025-09-21 23:14:50,2025-09-21,23:14:50,out,0.45,14.8,74.2,19.5,16.336,89.4,0.98
2025-09-21 23:15:53,2025-09-21,23:15:53,out,0.75,14.8,74.2,19.5,16.336,72.6,0.85
2025-09-21 23:15:54,2025-09-21,23:15:54,in,1.12,1310.8,0.0,19.6,5.963,331.5,1.7
2025-09-21 23:16:56,2025-09-21,23:16:56,out,0.58,14.7,74.1,19.4,16.229,65.4,0.99
2025-09-21 23:16:58,2025-09-21,23:16:58,in,0.24,1310.8,0.0,19.6,5.963,12.6,1.32
2025-09-21 23:18:00,2025-09-21,23:18:00,out,0.63,14.7,74.1,19.4,16.229,74.6,0.81
2025-09-21 23:18:01,2025-09-21,23:18:01,in,0.12,1310.8,0.0,19.6,5.963,354.3,0.32
2025-09-21 23:19:04,2025-09-21,23:19:04,in,0.11,1310.8,0.0,19.6,5.963,321.2,0.22
2025-09-21 23:19:04,2025-09-21,23:19:04,out,0.75,14.7,74.1,19.4,16.229,87.9,0.88
2025-09-21 23:20:07,2025-09-21,23:20:07,out,0.52,14.7,74.2,19.4,16.241,47.7,0.74
2025-09-21 23:20:08,2025-09-21,23:20:08,in,0.22,1310.8,0.0,19.6,5.963,7.0,0.3
2025-09-21 23:21:10,2025-09-21,23:21:10,out,0.73,14.7,74.2,19.4,16.241,57.1,0.88
2025-09-21 23:21:12,2025-09-21,23:21:12,in,0.29,,,1310.8,,353.4,0.35
2025-09-21 23:22:14,2025-09-21,23:22:14,out,0.53,14.6,74.2,19.3,16.147,48.6,0.93
2025-09-21 23:22:15,2025-09-21,23:22:15,in,0.05,1310.8,0.0,19.6,5.963,12.2,0.36
2025-09-21 23:23:18,2025-09-21,23:23:18,in,0.11,1310.8,0.0,19.6,5.963,12.2,0.18
2025-09-21 23:23:18,2025-09-21,23:23:18,out,0.57,14.6,74.2,19.3,16.147,49.0,0.79
2025-09-21 23:24:21,2025-09-21,23:24:21,out,0.73,14.6,74.2,19.3,16.147,46.6,0.87
2025-09-21 23:24:22,2025-09-21,23:24:22,in,0.26,1310.8,0.0,19.6,5.963,355.6,0.35
2025-09-21 23:25:24,2025-09-21,23:25:24,out,0.56,14.6,74.2,19.3,16.147,61.1,0.89
2025-09-21 23:25:26,2025-09-21,23:25:26,in,0.29,1310.8,0.0,19.6,5.963,353.9,0.39
2025-09-21 23:26:28,2025-09-21,23:26:28,out,0.72,14.5,74.2,19.2,16.053,61.8,0.87
2025-09-21 23:26:29,2025-09-21,23:26:29,in,0.06,1310.8,0.0,19.6,5.963,0.5,0.21
2025-09-21 23:27:32,2025-09-21,23:27:32,in,0.24,1310.8,0.0,19.6,5.963,93.9,0.27
2025-09-21 23:27:32,2025-09-21,23:27:32,out,0.75,14.5,74.2,19.2,16.053,68.7,1.03
2025-09-21 23:28:35,2025-09-21,23:28:35,out,0.44,14.5,74.3,19.2,16.065,54.9,0.91
2025-09-21 23:28:36,2025-09-21,23:28:36,in,0.29,1310.8,0.0,19.6,5.963,61.7,0.36
2025-09-21 23:29:38,2025-09-21,23:29:38,out,0.61,14.5,74.3,19.2,16.065,55.6,0.85
2025-09-21 23:29:40,2025-09-21,23:29:40,in,0.09,1310.8,0.0,19.6,5.963,44.9,0.29
2025-09-21 23:30:42,2025-09-21,23:30:42,out,0.99,,,14.5,,19.2,7.43
2025-09-21 23:30:44,2025-09-21,23:30:44,in,2.13,,,1310.8,,19.6,0.0
2025-09-21 23:31:46,2025-09-21,23:31:46,in,1.24,1310.8,0.0,19.5,5.921,330.0,2.05
2025-09-21 23:31:46,2025-09-21,23:31:46,out,0.81,14.4,74.4,19.1,15.983,60.6,0.94
2025-09-21 23:32:49,2025-09-21,23:32:49,out,0.88,14.4,74.5,19.1,15.995,67.4,1.09
2025-09-21 23:32:50,2025-09-21,23:32:50,in,1.58,1310.8,0.0,19.4,5.879,320.4,2.04
2025-09-21 23:33:53,2025-09-21,23:33:53,out,0.67,14.5,74.6,19.1,16.007,87.3,1.02
2025-09-21 23:33:54,2025-09-21,23:33:54,in,0.3,1310.8,0.0,19.4,5.879,61.6,1.96
2025-09-21 23:34:56,2025-09-21,23:34:56,out,0.6,14.5,74.6,19.1,16.007,83.7,0.72
2025-09-21 23:34:57,2025-09-21,23:34:57,in,0.26,1310.8,0.0,19.4,5.879,67.3,0.32
2025-09-21 23:36:00,2025-09-21,23:36:00,in,0.09,1310.8,0.0,19.4,5.879,20.3,0.33
2025-09-21 23:36:00,2025-09-21,23:36:00,out,0.26,14.5,74.7,19.1,16.019,59.7,0.83
2025-09-21 23:37:04,2025-09-21,23:37:04,in,0.05,1310.8,0.0,19.4,5.879,20.3,0.16
2025-09-21 23:37:04,2025-09-21,23:37:04,out,0.31,14.4,74.8,19.0,15.937,62.8,0.85
2025-09-21 23:38:07,2025-09-21,23:38:07,out,0.4,14.4,74.8,19.0,15.937,49.6,0.98
2025-09-21 23:38:08,2025-09-21,23:38:08,in,0.12,1310.8,0.0,19.5,5.921,20.3,0.15
2025-09-21 23:39:10,2025-09-21,23:39:10,out,0.4,14.4,74.9,19.0,15.949,57.5,0.53
2025-09-21 23:39:11,2025-09-21,23:39:11,in,0.09,1310.8,0.0,19.5,5.921,20.3,0.18
2025-09-21 23:40:14,2025-09-21,23:40:14,in,0.29,1310.8,0.0,19.5,5.921,359.9,0.31
2025-09-21 23:40:14,2025-09-21,23:40:14,out,0.41,14.4,74.9,19.0,15.949,47.9,0.55
2025-09-21 23:41:18,2025-09-21,23:41:18,in,0.39,1310.8,0.0,19.5,5.921,348.5,0.4
2025-09-21 23:41:18,2025-09-21,23:41:18,out,0.4,14.4,74.9,19.0,15.949,16.9,0.57
2025-09-21 23:42:21,2025-09-21,23:42:21,out,0.53,14.4,74.9,19.0,15.949,20.2,0.71
2025-09-21 23:42:22,2025-09-21,23:42:22,in,0.5,1310.8,0.0,19.5,5.921,345.9,0.59
2025-09-21 23:43:24,2025-09-21,23:43:24,out,0.63,14.3,75.0,18.9,15.867,31.5,0.98
2025-09-21 23:43:26,2025-09-21,23:43:26,in,0.4,1310.8,0.0,19.4,5.879,335.3,0.55
2025-09-21 23:44:28,2025-09-21,23:44:28,out,0.92,14.3,75.0,18.9,15.867,27.5,1.1
2025-09-21 23:44:29,2025-09-21,23:44:29,in,0.33,1310.8,0.0,19.4,5.879,345.4,0.47
2025-09-21 23:45:32,2025-09-21,23:45:32,in,0.3,1310.8,0.0,19.4,5.879,331.7,0.42
2025-09-21 23:45:32,2025-09-21,23:45:32,out,0.87,14.4,75.1,18.9,15.879,40.5,1.0
2025-09-21 23:46:35,2025-09-21,23:46:35,out,0.72,14.4,75.1,18.9,15.879,35.8,1.12
2025-09-21 23:46:36,2025-09-21,23:46:36,in,0.32,1310.8,0.0,19.4,5.879,336.8,0.43
2025-09-21 23:47:38,2025-09-21,23:47:38,out,0.96,14.4,75.2,18.9,15.891,50.0,1.17
2025-09-21 23:47:40,2025-09-21,23:47:40,in,1.25,1310.8,0.0,19.3,5.838,328.1,2.41
2025-09-21 23:48:42,2025-09-21,23:48:42,out,0.84,14.4,75.3,18.9,15.903,20.6,1.3
2025-09-21 23:48:43,2025-09-21,23:48:43,in,1.1,1310.8,0.0,19.2,5.796,334.0,2.15
2025-09-21 23:49:46,2025-09-21,23:49:46,in,1.0,1310.8,0.0,19.1,5.755,330.5,1.69
2025-09-21 23:49:46,2025-09-21,23:49:46,out,0.4,14.3,75.4,18.8,15.821,356.2,0.97
2025-09-21 23:50:49,2025-09-21,23:50:49,out,0.51,14.3,75.4,18.8,15.821,14.7,0.93
2025-09-21 23:50:50,2025-09-21,23:50:50,in,0.47,1310.8,0.0,19.1,5.755,335.5,1.5
2025-09-21 23:51:52,2025-09-21,23:51:52,out,0.74,14.3,75.4,18.8,15.821,33.3,1.2
2025-09-21 23:51:54,2025-09-21,23:51:54,in,0.37,1310.8,0.0,19.1,5.755,348.9,0.57
2025-09-21 23:52:56,2025-09-21,23:52:56,out,1.1,14.3,75.5,18.8,15.833,33.0,1.38
2025-09-21 23:52:57,2025-09-21,23:52:57,in,0.39,1310.8,0.0,19.1,5.755,337.4,0.55
2025-09-21 23:54:00,2025-09-21,23:54:00,in,0.34,1310.8,0.0,19.1,5.755,321.4,0.49
2025-09-21 23:54:00,2025-09-21,23:54:00,out,1.09,14.3,75.6,18.7,15.75,41.9,1.36
2025-09-21 23:55:03,2025-09-21,23:55:03,out,0.67,14.3,75.8,18.7,15.774,31.0,1.22
2025-09-21 23:55:04,2025-09-21,23:55:04,in,0.34,1310.8,0.0,19.1,5.755,328.6,0.45
2025-09-21 23:56:06,2025-09-21,23:56:06,out,0.71,14.3,75.9,18.7,15.787,44.9,1.15
2025-09-21 23:56:08,2025-09-21,23:56:08,in,0.21,1310.8,0.0,19.2,5.796,344.2,0.38
2025-09-21 23:57:10,2025-09-21,23:57:10,out,0.86,14.4,76.0,18.7,15.799,59.7,1.25
2025-09-21 23:57:11,2025-09-21,23:57:11,in,0.07,1310.8,0.0,19.2,5.796,4.7,0.34
2025-09-21 23:58:14,2025-09-21,23:58:14,in,0.06,1310.8,0.0,19.2,5.796,4.7,0.17
2025-09-21 23:58:14,2025-09-21,23:58:14,out,0.98,14.4,76.1,18.7,15.811,64.9,1.03
2025-09-21 23:59:17,2025-09-21,23:59:17,out,0.94,14.4,76.2,18.7,15.823,70.6,1.03
2025-09-21 23:59:18,2025-09-21,23:59:18,in,0.08,1310.8,0.0,19.2,5.796,4.7,0.2
