datetime,date,hour,id_meteo_station,Velocità del vento,dew_point,humidity,temperature,wet_bulb,wind_dir,wind_gust
2025-06-20 00:00:29,2025-06-20,00:00:29,out,0.62,22.0,100.0,22.0,22.026,110.7,0.98
2025-06-20 00:00:44,2025-06-20,00:00:44,in,0.62,1310.8,0.0,22.6,7.209,338.2,0.51
2025-06-20 00:01:32,2025-06-20,00:01:32,out,0.68,22.0,100.0,22.0,22.026,115.9,0.99
2025-06-20 00:01:47,2025-06-20,00:01:47,in,0.8,1310.8,0.0,22.6,7.209,337.6,1.31
2025-06-20 00:02:36,2025-06-20,00:02:36,out,0.91,22.0,100.0,22.0,22.026,97.9,1.01
2025-06-20 00:03:18,2025-06-20,00:03:18,in,0.61,1310.8,0.0,22.5,7.167,354.6,0.79
2025-06-20 00:03:40,2025-06-20,00:03:40,out,0.78,21.9,100.0,21.9,21.925,111.5,0.86
2025-06-20 00:04:20,2025-06-20,00:04:20,in,0.79,1310.8,0.0,22.5,7.167,331.1,1.03
2025-06-20 00:04:43,2025-06-20,00:04:43,out,0.8,21.9,100.0,21.9,21.925,103.0,0.99
2025-06-20 00:05:24,2025-06-20,00:05:24,in,0.5,1310.8,0.0,22.4,7.125,347.4,0.84
2025-06-20 00:05:46,2025-06-20,00:05:46,out,0.61,21.9,100.0,21.9,21.925,139.3,1.18
2025-06-20 00:06:28,2025-06-20,00:06:28,in,0.67,1310.8,0.0,22.4,7.125,331.6,1.14
2025-06-20 00:06:50,2025-06-20,00:06:50,out,0.6,21.9,100.0,21.9,21.925,116.7,1.1
2025-06-20 00:07:31,2025-06-20,00:07:31,in,0.72,1310.8,0.0,22.4,7.125,334.4,0.94
2025-06-20 00:07:54,2025-06-20,00:07:54,out,0.89,21.9,100.0,21.9,21.925,113.9,1.38
2025-06-20 00:08:35,2025-06-20,00:08:35,in,0.62,1310.8,0.0,22.4,7.125,338.0,1.01
2025-06-20 00:08:57,2025-06-20,00:08:57,out,0.73,21.9,100.0,21.9,21.925,110.8,0.86
2025-06-20 00:09:38,2025-06-20,00:09:38,in,0.81,1310.8,0.0,22.4,7.125,328.8,1.39
2025-06-20 00:10:01,2025-06-20,00:10:01,out,0.88,21.9,100.0,21.9,21.925,125.3,1.02
2025-06-20 00:10:42,2025-06-20,00:10:42,in,0.9,1310.8,0.0,22.4,7.125,326.5,1.38
2025-06-20 00:11:04,2025-06-20,00:11:04,out,0.47,21.9,100.0,21.9,21.925,131.5,1.05
2025-06-20 00:11:46,2025-06-20,00:11:46,in,0.9,1310.8,0.0,22.3,7.084,326.5,1.38
2025-06-20 00:12:08,2025-06-20,00:12:08,out,0.4,21.9,100.0,21.9,21.925,127.1,0.87
2025-06-20 00:12:49,2025-06-20,00:12:49,in,0.9,1310.8,0.0,22.3,7.084,326.5,1.38
2025-06-20 00:13:12,2025-06-20,00:13:12,out,0.4,21.9,100.0,21.9,21.925,84.1,0.63
2025-06-20 00:13:52,2025-06-20,00:13:52,in,0.9,1310.8,0.0,22.3,7.084,326.5,1.38
2025-06-20 00:14:15,2025-06-20,00:14:15,out,0.42,21.9,100.0,21.9,21.925,73.3,0.66
2025-06-20 00:14:56,2025-06-20,00:14:56,in,0.9,1310.8,0.0,22.3,7.084,326.5,1.38
2025-06-20 00:15:18,2025-06-20,00:15:18,out,0.39,21.8,100.0,21.8,21.824,69.4,0.73
2025-06-20 00:16:00,2025-06-20,00:16:00,in,0.95,1310.8,0.0,22.3,7.084,327.0,0.79
2025-06-20 00:16:22,2025-06-20,00:16:22,out,0.14,21.8,100.0,21.8,21.824,98.4,0.58
2025-06-20 00:17:03,2025-06-20,00:17:03,in,0.95,1310.8,0.0,22.3,7.084,327.0,0.79
2025-06-20 00:17:26,2025-06-20,00:17:26,out,0.49,,,21.8,,44.7,0.54
2025-06-20 00:18:06,2025-06-20,00:18:06,in,0.95,1310.8,0.0,22.2,7.042,327.0,0.79
2025-06-20 00:18:29,2025-06-20,00:18:29,out,0.49,21.8,100.0,21.8,21.824,14.1,0.7
2025-06-20 00:19:10,2025-06-20,00:19:10,in,0.95,1310.8,0.0,22.2,7.042,327.0,0.79
2025-06-20 00:19:32,2025-06-20,00:19:32,out,0.62,21.7,100.0,21.7,21.724,52.0,0.71
2025-06-20 00:20:14,2025-06-20,00:20:14,in,0.95,1310.8,0.0,22.2,7.042,327.0,0.79
2025-06-20 00:20:36,2025-06-20,00:20:36,out,0.46,21.8,100.0,21.8,21.824,43.5,0.7
2025-06-20 00:21:17,2025-06-20,00:21:17,in,0.95,1310.8,0.0,22.2,7.042,327.0,0.79
2025-06-20 00:21:40,2025-06-20,00:21:40,out,0.66,21.7,100.0,21.7,21.724,54.6,0.72
2025-06-20 00:22:20,2025-06-20,00:22:20,in,0.95,1310.8,0.0,22.2,7.042,327.0,0.79
2025-06-20 00:22:43,2025-06-20,00:22:43,out,0.72,21.7,100.0,21.7,21.724,65.7,0.83
2025-06-20 00:23:24,2025-06-20,00:23:24,in,0.95,1310.8,0.0,22.2,7.042,327.0,0.79
2025-06-20 00:23:46,2025-06-20,00:23:46,out,0.8,21.7,100.0,21.7,21.724,60.2,1.0
2025-06-20 00:24:28,2025-06-20,00:24:28,in,0.95,1310.8,0.0,22.2,7.042,327.0,0.79
2025-06-20 00:24:50,2025-06-20,00:24:50,out,0.5,21.7,100.0,21.7,21.724,121.9,1.03
2025-06-20 00:25:31,2025-06-20,00:25:31,in,0.95,1310.8,0.0,22.3,7.084,327.0,0.79
2025-06-20 00:25:54,2025-06-20,00:25:54,out,0.6,21.7,100.0,21.7,21.724,121.6,0.87
2025-06-20 00:26:34,2025-06-20,00:26:34,in,0.95,1310.8,0.0,22.3,7.084,327.0,0.79
2025-06-20 00:26:57,2025-06-20,00:26:57,out,0.67,21.7,100.0,21.7,21.724,111.0,0.94
2025-06-20 00:27:38,2025-06-20,00:27:38,in,0.95,1310.8,0.0,22.2,7.042,327.0,0.79
2025-06-20 00:28:00,2025-06-20,00:28:00,out,0.8,21.7,100.0,21.7,21.724,106.8,1.09
2025-06-20 00:28:42,2025-06-20,00:28:42,in,0.95,1310.8,0.0,22.2,7.042,327.0,0.79
2025-06-20 00:29:04,2025-06-20,00:29:04,out,0.81,21.7,100.0,21.7,21.724,113.6,0.92
2025-06-20 00:29:45,2025-06-20,00:29:45,in,0.95,1310.8,0.0,22.2,7.042,327.0,0.79
2025-06-20 00:30:08,2025-06-20,00:30:08,out,0.85,21.7,100.0,21.7,21.724,114.3,1.16
2025-06-20 00:30:48,2025-06-20,00:30:48,in,0.95,1310.8,0.0,22.2,7.042,327.0,0.79
2025-06-20 00:31:11,2025-06-20,00:31:11,out,0.6,21.7,100.0,21.7,21.724,112.8,1.38
2025-06-20 00:31:52,2025-06-20,00:31:52,in,0.95,1310.8,0.0,22.2,7.042,327.0,0.79
2025-06-20 00:32:14,2025-06-20,00:32:14,out,1.02,21.6,100.0,21.6,21.623,130.5,1.11
2025-06-20 00:32:56,2025-06-20,00:32:56,in,0.95,1310.8,0.0,22.2,7.042,327.0,0.79
2025-06-20 00:33:18,2025-06-20,00:33:18,out,0.94,21.7,100.0,21.7,21.724,112.0,1.15
2025-06-20 00:33:59,2025-06-20,00:33:59,in,0.95,1310.8,0.0,22.2,7.042,327.0,0.79
2025-06-20 00:34:22,2025-06-20,00:34:22,out,0.78,21.6,100.0,21.6,21.623,115.2,1.24
2025-06-20 00:35:02,2025-06-20,00:35:02,in,0.95,1310.8,0.0,22.2,7.042,327.0,0.79
2025-06-20 00:35:25,2025-06-20,00:35:25,out,0.94,21.6,100.0,21.6,21.623,102.7,1.56
2025-06-20 00:36:06,2025-06-20,00:36:06,in,0.95,1310.8,0.0,22.2,7.042,327.0,0.79
2025-06-20 00:36:28,2025-06-20,00:36:28,out,0.55,21.6,100.0,21.6,21.623,104.4,1.01
2025-06-20 00:37:10,2025-06-20,00:37:10,in,0.95,1310.8,0.0,22.2,7.042,327.0,0.79
2025-06-20 00:37:32,2025-06-20,00:37:32,out,0.66,21.6,100.0,21.6,21.623,82.2,1.09
2025-06-20 00:38:13,2025-06-20,00:38:13,in,0.95,1310.8,0.0,22.2,7.042,327.0,0.79
2025-06-20 00:38:36,2025-06-20,00:38:36,out,0.49,21.6,100.0,21.6,21.623,42.2,0.91
2025-06-20 00:39:16,2025-06-20,00:39:16,in,0.95,1310.8,0.0,22.2,7.042,327.0,0.79
2025-06-20 00:39:39,2025-06-20,00:39:39,out,0.38,21.6,100.0,21.6,21.623,68.3,0.54
2025-06-20 00:40:20,2025-06-20,00:40:20,in,0.95,1310.8,0.0,22.2,7.042,327.0,0.79
2025-06-20 00:40:42,2025-06-20,00:40:42,out,0.29,21.6,100.0,21.6,21.623,74.5,0.56
2025-06-20 00:41:24,2025-06-20,00:41:24,in,0.95,1310.8,0.0,22.2,7.042,327.0,0.79
2025-06-20 00:41:46,2025-06-20,00:41:46,out,0.43,21.6,100.0,21.6,21.623,81.1,0.55
2025-06-20 00:42:27,2025-06-20,00:42:27,in,0.95,1310.8,0.0,22.2,7.042,327.0,0.79
2025-06-20 00:42:50,2025-06-20,00:42:50,out,0.1,21.6,100.0,21.6,21.623,76.1,0.56
2025-06-20 00:43:31,2025-06-20,00:43:31,in,0.95,1310.8,0.0,22.2,7.042,327.0,0.79
2025-06-20 00:43:53,2025-06-20,00:43:53,out,0.3,21.6,100.0,21.6,21.623,38.1,0.43
2025-06-20 00:44:34,2025-06-20,00:44:34,in,0.95,1310.8,0.0,22.2,7.042,327.0,0.79
2025-06-20 00:44:56,2025-06-20,00:44:56,out,0.34,21.6,100.0,21.6,21.623,65.7,0.83
2025-06-20 00:45:38,2025-06-20,00:45:38,in,0.95,1310.8,0.0,22.2,7.042,327.0,0.79
2025-06-20 00:46:00,2025-06-20,00:46:00,out,0.68,21.6,100.0,21.6,21.623,40.2,0.92
2025-06-20 00:46:42,2025-06-20,00:46:42,in,0.95,1310.8,0.0,22.2,7.042,327.0,0.79
2025-06-20 00:47:04,2025-06-20,00:47:04,out,0.87,21.6,100.0,21.6,21.623,27.3,1.09
2025-06-20 00:47:45,2025-06-20,00:47:45,in,0.95,1310.8,0.0,22.1,7.001,327.0,0.79
2025-06-20 00:48:07,2025-06-20,00:48:07,out,0.81,21.6,100.0,21.6,21.623,28.4,1.08
2025-06-20 00:48:48,2025-06-20,00:48:48,in,0.95,1310.8,0.0,22.1,7.001,327.0,0.79
2025-06-20 00:49:10,2025-06-20,00:49:10,out,0.62,21.5,100.0,21.5,21.522,48.5,1.2
2025-06-20 00:49:52,2025-06-20,00:49:52,in,0.95,1310.8,0.0,22.1,7.001,327.0,0.79
2025-06-20 00:50:14,2025-06-20,00:50:14,out,0.36,21.6,100.0,21.6,21.623,40.1,1.1
2025-06-20 00:50:56,2025-06-20,00:50:56,in,0.95,1310.8,0.0,22.1,7.001,327.0,0.79
2025-06-20 00:51:18,2025-06-20,00:51:18,out,0.85,21.5,100.0,21.5,21.522,26.8,1.07
2025-06-20 00:51:59,2025-06-20,00:51:59,in,0.95,1310.8,0.0,22.0,6.959,327.0,0.79
2025-06-20 00:52:21,2025-06-20,00:52:21,out,0.68,21.5,100.0,21.5,21.522,349.4,1.07
2025-06-20 00:53:02,2025-06-20,00:53:02,in,0.95,1310.8,0.0,22.0,6.959,327.0,0.79
2025-06-20 00:53:24,2025-06-20,00:53:24,out,0.66,21.5,100.0,21.5,21.522,38.8,0.9
2025-06-20 00:54:06,2025-06-20,00:54:06,in,0.95,1310.8,0.0,22.0,6.959,327.0,0.79
2025-06-20 00:54:28,2025-06-20,00:54:28,out,0.89,21.5,100.0,21.5,21.522,50.6,0.98
2025-06-20 00:55:10,2025-06-20,00:55:10,in,0.95,1310.8,0.0,22.0,6.959,327.0,0.79
2025-06-20 00:55:32,2025-06-20,00:55:32,out,1.09,21.5,100.0,21.5,21.522,51.9,1.21
2025-06-20 00:56:13,2025-06-20,00:56:13,in,0.95,1310.8,0.0,22.0,6.959,327.0,0.79
2025-06-20 00:56:35,2025-06-20,00:56:35,out,0.88,21.5,100.0,21.5,21.522,58.0,1.42
2025-06-20 00:57:16,2025-06-20,00:57:16,in,0.95,1310.8,0.0,22.0,6.959,327.0,0.79
2025-06-20 00:57:38,2025-06-20,00:57:38,out,0.95,21.5,100.0,21.5,21.522,69.0,1.64
2025-06-20 00:58:20,2025-06-20,00:58:20,in,0.95,1310.8,0.0,22.0,6.959,327.0,0.79
2025-06-20 00:58:42,2025-06-20,00:58:42,out,1.43,21.5,100.0,21.5,21.522,70.6,1.57
2025-06-20 00:59:24,2025-06-20,00:59:24,in,0.95,1310.8,0.0,22.0,6.959,327.0,0.79
2025-06-20 00:59:46,2025-06-20,00:59:46,out,1.06,21.5,100.0,21.5,21.522,63.0,1.69
2025-06-20 01:00:27,2025-06-20,01:00:27,in,0.95,1310.8,0.0,22.0,6.959,327.0,0.79
2025-06-20 01:00:49,2025-06-20,01:00:49,out,1.1,21.5,100.0,21.5,21.522,49.0,1.88
2025-06-20 01:01:30,2025-06-20,01:01:30,in,0.95,1310.8,0.0,22.0,6.959,327.0,0.79
2025-06-20 01:01:52,2025-06-20,01:01:52,out,0.54,21.5,100.0,21.5,21.522,49.0,1.25
2025-06-20 01:02:34,2025-06-20,01:02:34,in,0.95,1310.8,0.0,22.0,6.959,327.0,0.79
2025-06-20 01:02:56,2025-06-20,01:02:56,out,0.48,21.5,100.0,21.5,21.522,28.5,0.89
2025-06-20 01:03:38,2025-06-20,01:03:38,in,0.95,1310.8,0.0,22.0,6.959,327.0,0.79
2025-06-20 01:04:00,2025-06-20,01:04:00,out,0.5,21.5,100.0,21.5,21.522,53.2,0.97
2025-06-20 01:04:41,2025-06-20,01:04:41,in,0.95,1310.8,0.0,22.0,6.959,327.0,0.79
2025-06-20 01:05:03,2025-06-20,01:05:03,out,0.56,21.5,100.0,21.5,21.522,32.0,0.98
2025-06-20 01:05:44,2025-06-20,01:05:44,in,0.95,1310.8,0.0,22.0,6.959,327.0,0.79
2025-06-20 01:06:06,2025-06-20,01:06:06,out,0.41,21.5,100.0,21.5,21.522,5.9,0.82
2025-06-20 01:06:48,2025-06-20,01:06:48,in,0.95,1310.8,0.0,22.0,6.959,327.0,0.79
2025-06-20 01:07:10,2025-06-20,01:07:10,out,0.63,21.5,100.0,21.5,21.522,42.9,0.78
2025-06-20 01:07:52,2025-06-20,01:07:52,in,0.95,1310.8,0.0,22.0,6.959,327.0,0.79
2025-06-20 01:08:14,2025-06-20,01:08:14,out,0.71,,,21.5,,44.0,0.8
2025-06-20 01:08:55,2025-06-20,01:08:55,in,0.95,1310.8,0.0,22.0,6.959,327.0,0.79
2025-06-20 01:09:17,2025-06-20,01:09:17,out,0.38,21.5,100.0,21.5,21.522,73.7,0.76
2025-06-20 01:09:58,2025-06-20,01:09:58,in,0.95,1310.8,0.0,22.0,6.959,327.0,0.79
2025-06-20 01:10:20,2025-06-20,01:10:20,out,0.37,21.5,100.0,21.5,21.522,348.4,0.64
2025-06-20 01:11:02,2025-06-20,01:11:02,in,0.95,1310.8,0.0,22.0,6.959,327.0,0.79
2025-06-20 01:11:24,2025-06-20,01:11:24,out,0.73,21.5,100.0,21.5,21.522,0.9,0.79
2025-06-20 01:12:06,2025-06-20,01:12:06,in,0.95,1310.8,0.0,22.0,6.959,327.0,0.79
2025-06-20 01:12:28,2025-06-20,01:12:28,out,0.85,21.5,100.0,21.5,21.522,325.1,0.99
2025-06-20 01:13:09,2025-06-20,01:13:09,in,0.95,1310.8,0.0,22.0,6.959,327.0,0.79
2025-06-20 01:13:31,2025-06-20,01:13:31,out,0.67,21.5,100.0,21.5,21.522,332.7,0.95
2025-06-20 01:14:12,2025-06-20,01:14:12,in,0.95,1310.8,0.0,22.0,6.959,327.0,0.79
2025-06-20 01:15:03,2025-06-20,01:15:03,out,0.63,21.5,100.0,21.5,21.522,332.9,0.7
2025-06-20 01:15:16,2025-06-20,01:15:16,in,0.95,1310.8,0.0,22.0,6.959,327.0,0.79
2025-06-20 01:16:02,2025-06-20,01:16:02,out,0.79,21.5,100.0,21.5,21.522,346.5,0.87
2025-06-20 01:16:20,2025-06-20,01:16:20,in,0.95,1310.8,0.0,22.0,6.959,327.0,0.79
2025-06-20 01:17:06,2025-06-20,01:17:06,out,0.73,21.5,100.0,21.5,21.522,5.6,0.94
2025-06-20 01:17:23,2025-06-20,01:17:23,in,0.95,1310.8,0.0,22.0,6.959,327.0,0.79
2025-06-20 01:18:10,2025-06-20,01:18:10,out,0.39,21.5,100.0,21.5,21.522,8.7,0.7
2025-06-20 01:18:26,2025-06-20,01:18:26,in,0.95,1310.8,0.0,22.0,6.959,327.0,0.79
2025-06-20 01:19:13,2025-06-20,01:19:13,out,0.75,21.5,100.0,21.5,21.522,18.1,0.86
2025-06-20 01:19:30,2025-06-20,01:19:30,in,0.95,1310.8,0.0,22.1,7.001,327.0,0.79
2025-06-20 01:20:16,2025-06-20,01:20:16,out,0.32,21.5,100.0,21.5,21.522,9.2,0.9
2025-06-20 01:20:34,2025-06-20,01:20:34,in,0.95,1310.8,0.0,22.0,6.959,327.0,0.79
2025-06-20 01:21:20,2025-06-20,01:21:20,out,0.56,21.5,100.0,21.5,21.522,42.0,0.73
2025-06-20 01:21:37,2025-06-20,01:21:37,in,0.95,1310.8,0.0,22.0,6.959,327.0,0.79
2025-06-20 01:22:24,2025-06-20,01:22:24,out,0.5,21.5,100.0,21.5,21.522,46.4,0.69
2025-06-20 01:22:40,2025-06-20,01:22:40,in,0.95,1310.8,0.0,22.0,6.959,327.0,0.79
2025-06-20 01:23:27,2025-06-20,01:23:27,out,0.14,21.5,100.0,21.5,21.522,49.7,0.57
2025-06-20 01:23:44,2025-06-20,01:23:44,in,0.95,1310.8,0.0,22.0,6.959,327.0,0.79
2025-06-20 01:24:30,2025-06-20,01:24:30,out,0.16,21.5,100.0,21.5,21.522,78.2,0.49
2025-06-20 01:24:48,2025-06-20,01:24:48,in,1.02,1310.8,0.0,22.0,6.959,324.0,0.98
2025-06-20 01:25:34,2025-06-20,01:25:34,out,0.36,21.5,100.0,21.5,21.522,106.4,0.6
2025-06-20 01:25:52,2025-06-20,01:25:52,in,1.02,1310.8,0.0,22.0,6.959,324.0,0.98
2025-06-20 01:26:38,2025-06-20,01:26:38,out,0.35,21.5,100.0,21.5,21.522,106.6,0.78
2025-06-20 01:26:55,2025-06-20,01:26:55,in,1.02,1310.8,0.0,22.0,6.959,324.0,0.98
2025-06-20 01:27:41,2025-06-20,01:27:41,out,0.53,21.5,100.0,21.5,21.522,107.9,0.59
2025-06-20 01:27:58,2025-06-20,01:27:58,in,1.02,1310.8,0.0,22.0,6.959,324.0,0.98
2025-06-20 01:28:44,2025-06-20,01:28:44,out,0.39,21.5,100.0,21.5,21.522,129.3,0.68
2025-06-20 01:29:02,2025-06-20,01:29:02,in,1.02,1310.8,0.0,22.1,7.001,324.0,0.98
2025-06-20 01:29:48,2025-06-20,01:29:48,out,0.2,21.5,100.0,21.5,21.522,130.9,0.34
2025-06-20 01:30:06,2025-06-20,01:30:06,in,1.02,1310.8,0.0,22.1,7.001,324.0,0.98
2025-06-20 01:30:52,2025-06-20,01:30:52,out,0.24,21.5,100.0,21.5,21.522,25.0,0.35
2025-06-20 01:31:09,2025-06-20,01:31:09,in,0.99,1310.8,0.0,22.1,7.001,325.9,0.8
2025-06-20 01:31:55,2025-06-20,01:31:55,out,0.62,21.5,100.0,21.5,21.522,12.4,0.69
2025-06-20 01:32:12,2025-06-20,01:32:12,in,0.99,1310.8,0.0,22.1,7.001,325.9,0.8
2025-06-20 01:32:58,2025-06-20,01:32:58,out,0.75,21.5,100.0,21.5,21.522,7.8,0.95
2025-06-20 01:33:16,2025-06-20,01:33:16,in,0.99,1310.8,0.0,22.0,6.959,325.9,0.8
2025-06-20 01:34:02,2025-06-20,01:34:02,out,0.56,21.5,100.0,21.5,21.522,329.9,0.98
2025-06-20 01:34:20,2025-06-20,01:34:20,in,0.99,1310.8,0.0,22.0,6.959,325.9,0.8
2025-06-20 01:35:06,2025-06-20,01:35:06,out,0.6,21.5,100.0,21.5,21.522,348.7,0.72
2025-06-20 01:35:23,2025-06-20,01:35:23,in,0.99,1310.8,0.0,22.0,6.959,325.9,0.8
2025-06-20 01:36:09,2025-06-20,01:36:09,out,1.07,21.5,100.0,21.5,21.522,2.4,1.29
2025-06-20 01:36:26,2025-06-20,01:36:26,in,1.05,1310.8,0.0,22.0,6.959,330.2,1.21
2025-06-20 01:37:12,2025-06-20,01:37:12,out,1.31,21.5,100.0,21.5,21.522,332.9,1.53
2025-06-20 01:37:30,2025-06-20,01:37:30,in,0.98,1310.8,0.0,22.0,6.959,331.4,0.8
2025-06-20 01:38:16,2025-06-20,01:38:16,out,1.22,21.5,100.0,21.5,21.522,333.0,1.65
2025-06-20 01:38:34,2025-06-20,01:38:34,in,0.92,1310.8,0.0,22.0,6.959,331.1,0.82
2025-06-20 01:39:20,2025-06-20,01:39:20,out,1.76,21.5,100.0,21.5,21.522,316.7,2.57
2025-06-20 01:39:37,2025-06-20,01:39:37,in,0.93,1310.8,0.0,22.0,6.959,332.0,0.81
2025-06-20 01:40:23,2025-06-20,01:40:23,out,1.37,21.5,100.0,21.5,21.522,315.8,2.24
2025-06-20 01:40:40,2025-06-20,01:40:40,in,0.92,1310.8,0.0,22.0,6.959,325.8,1.36
2025-06-20 01:41:26,2025-06-20,01:41:26,out,1.73,21.6,100.0,21.6,21.623,296.6,2.57
2025-06-20 01:41:44,2025-06-20,01:41:44,in,0.92,1310.8,0.0,22.1,7.001,325.8,1.36
2025-06-20 01:42:30,2025-06-20,01:42:30,out,1.86,21.6,100.0,21.6,21.623,334.5,2.55
2025-06-20 01:42:48,2025-06-20,01:42:48,in,0.92,1310.8,0.0,22.1,7.001,325.8,1.36
2025-06-20 01:43:34,2025-06-20,01:43:34,out,2.3,21.6,100.0,21.6,21.623,312.2,2.74
2025-06-20 01:43:51,2025-06-20,01:43:51,in,0.92,1310.8,0.0,22.1,7.001,325.8,1.36
2025-06-20 01:44:37,2025-06-20,01:44:37,out,2.39,21.7,100.0,21.7,21.724,312.2,2.85
2025-06-20 01:44:54,2025-06-20,01:44:54,in,0.92,1310.8,0.0,22.1,7.001,325.8,1.36
2025-06-20 01:45:40,2025-06-20,01:45:40,out,1.15,21.7,100.0,21.7,21.724,311.9,3.18
2025-06-20 01:45:58,2025-06-20,01:45:58,in,0.92,1310.8,0.0,22.1,7.001,325.8,1.36
2025-06-20 01:46:44,2025-06-20,01:46:44,out,3.08,21.7,100.0,21.7,21.724,310.0,3.87
2025-06-20 01:47:02,2025-06-20,01:47:02,in,0.92,1310.8,0.0,22.1,7.001,325.8,1.36
2025-06-20 01:47:48,2025-06-20,01:47:48,out,2.28,21.7,100.0,21.7,21.724,316.3,4.19
2025-06-20 01:48:05,2025-06-20,01:48:05,in,0.92,1310.8,0.0,22.0,6.959,325.8,1.36
2025-06-20 01:48:51,2025-06-20,01:48:51,out,2.77,21.6,100.0,21.6,21.623,320.7,3.84
2025-06-20 01:49:08,2025-06-20,01:49:08,in,0.92,1310.8,0.0,21.9,6.918,325.8,1.36
2025-06-20 01:49:54,2025-06-20,01:49:54,out,2.37,21.6,100.0,21.6,21.623,319.7,2.81
2025-06-20 01:50:12,2025-06-20,01:50:12,in,0.92,1310.8,0.0,21.9,6.918,325.8,1.36
2025-06-20 01:50:58,2025-06-20,01:50:58,out,1.44,21.6,100.0,21.6,21.623,308.3,3.48
2025-06-20 01:51:16,2025-06-20,01:51:16,in,0.92,1310.8,0.0,21.8,6.876,325.8,1.36
2025-06-20 01:52:02,2025-06-20,01:52:02,out,2.18,21.6,100.0,21.6,21.623,318.3,3.0
2025-06-20 01:52:19,2025-06-20,01:52:19,in,0.92,1310.8,0.0,21.8,6.876,325.8,1.36
2025-06-20 01:53:05,2025-06-20,01:53:05,out,1.04,21.5,100.0,21.5,21.522,285.9,2.52
2025-06-20 01:53:23,2025-06-20,01:53:23,in,0.92,1310.8,0.0,21.8,6.876,325.8,1.36
2025-06-20 01:54:08,2025-06-20,01:54:08,out,0.6,21.5,100.0,21.5,21.522,281.2,3.13
2025-06-20 01:54:26,2025-06-20,01:54:26,in,0.92,1310.8,0.0,21.7,6.835,325.8,1.36
2025-06-20 01:55:12,2025-06-20,01:55:12,out,1.63,21.4,100.0,21.4,21.422,268.4,2.35
2025-06-20 01:55:30,2025-06-20,01:55:30,in,0.92,1310.8,0.0,21.7,6.835,325.8,1.36
2025-06-20 01:56:16,2025-06-20,01:56:16,out,2.13,21.4,100.0,21.4,21.422,309.9,3.22
2025-06-20 01:56:33,2025-06-20,01:56:33,in,0.92,1310.8,0.0,21.7,6.835,325.8,1.36
2025-06-20 01:57:19,2025-06-20,01:57:19,out,2.39,21.4,100.0,21.4,21.422,299.6,3.11
2025-06-20 01:57:36,2025-06-20,01:57:36,in,0.92,1310.8,0.0,21.6,6.793,325.8,1.36
2025-06-20 01:58:22,2025-06-20,01:58:22,out,2.02,21.4,100.0,21.4,21.422,310.6,2.24
2025-06-20 01:58:40,2025-06-20,01:58:40,in,0.92,1310.8,0.0,21.6,6.793,325.8,1.36
2025-06-20 01:59:26,2025-06-20,01:59:26,out,2.42,21.4,100.0,21.4,21.422,328.0,3.55
2025-06-20 01:59:44,2025-06-20,01:59:44,in,0.92,1310.8,0.0,21.6,6.793,325.8,1.36
2025-06-20 02:00:30,2025-06-20,02:00:30,out,2.29,21.3,100.0,21.3,21.321,313.1,2.85
2025-06-20 02:00:47,2025-06-20,02:00:47,in,0.92,1310.8,0.0,21.6,6.793,325.8,1.36
2025-06-20 02:01:33,2025-06-20,02:01:33,out,1.54,21.3,100.0,21.3,21.321,312.5,2.97
2025-06-20 02:01:50,2025-06-20,02:01:50,in,0.92,1310.8,0.0,21.6,6.793,325.8,1.36
2025-06-20 02:02:36,2025-06-20,02:02:36,out,2.0,21.3,100.0,21.3,21.321,339.4,2.29
2025-06-20 02:02:54,2025-06-20,02:02:54,in,0.92,1310.8,0.0,21.5,6.752,325.8,1.36
2025-06-20 02:03:40,2025-06-20,02:03:40,out,1.1,21.3,100.0,21.3,21.321,320.4,1.6
2025-06-20 02:03:58,2025-06-20,02:03:58,in,0.92,1310.8,0.0,21.6,6.793,325.8,1.36
2025-06-20 02:04:44,2025-06-20,02:04:44,out,0.8,21.3,100.0,21.3,21.321,271.3,1.34
2025-06-20 02:05:02,2025-06-20,02:05:02,in,0.92,1310.8,0.0,21.6,6.793,325.8,1.36
2025-06-20 02:05:47,2025-06-20,02:05:47,out,1.16,21.3,100.0,21.3,21.321,296.3,1.37
2025-06-20 02:06:04,2025-06-20,02:06:04,in,0.92,1310.8,0.0,21.6,6.793,325.8,1.36
2025-06-20 02:06:50,2025-06-20,02:06:50,out,1.33,21.3,100.0,21.3,21.321,294.9,1.58
2025-06-20 02:07:08,2025-06-20,02:07:08,in,0.92,1310.8,0.0,21.7,6.835,325.8,1.36
2025-06-20 02:07:54,2025-06-20,02:07:54,out,0.64,21.3,100.0,21.3,21.321,251.8,1.6
2025-06-20 02:08:12,2025-06-20,02:08:12,in,0.92,1310.8,0.0,21.7,6.835,325.8,1.36
2025-06-20 02:08:58,2025-06-20,02:08:58,out,1.72,21.3,100.0,21.3,21.321,313.3,2.12
2025-06-20 02:09:16,2025-06-20,02:09:16,in,0.92,1310.8,0.0,21.7,6.835,325.8,1.36
2025-06-20 02:10:01,2025-06-20,02:10:01,out,1.65,21.3,100.0,21.3,21.321,339.6,1.92
2025-06-20 02:10:19,2025-06-20,02:10:19,in,0.92,1310.8,0.0,21.7,6.835,325.8,1.36
2025-06-20 02:11:04,2025-06-20,02:11:04,out,1.43,21.2,100.0,21.2,21.22,343.3,1.72
2025-06-20 02:11:22,2025-06-20,02:11:22,in,0.92,1310.8,0.0,21.6,6.793,325.8,1.36
2025-06-20 02:12:08,2025-06-20,02:12:08,out,1.55,21.2,100.0,21.2,21.22,337.1,1.77
2025-06-20 02:12:26,2025-06-20,02:12:26,in,0.92,1310.8,0.0,21.6,6.793,325.8,1.36
2025-06-20 02:13:12,2025-06-20,02:13:12,out,1.52,21.1,100.0,21.1,21.119,330.8,2.11
2025-06-20 02:13:29,2025-06-20,02:13:29,in,0.92,1310.8,0.0,21.5,6.752,325.8,1.36
2025-06-20 02:14:15,2025-06-20,02:14:15,out,1.06,21.1,100.0,21.1,21.119,316.7,1.66
2025-06-20 02:14:32,2025-06-20,02:14:32,in,0.92,1310.8,0.0,21.4,6.71,325.8,1.36
2025-06-20 02:15:18,2025-06-20,02:15:18,out,1.31,21.0,100.0,21.0,21.019,328.0,1.92
2025-06-20 02:15:36,2025-06-20,02:15:36,in,0.92,1310.8,0.0,21.4,6.71,325.8,1.36
2025-06-20 02:16:22,2025-06-20,02:16:22,out,1.39,21.0,100.0,21.0,21.019,317.1,1.85
2025-06-20 02:16:40,2025-06-20,02:16:40,in,0.92,1310.8,0.0,21.4,6.71,325.8,1.36
2025-06-20 02:17:26,2025-06-20,02:17:26,out,1.13,21.0,100.0,21.0,21.019,319.4,1.82
2025-06-20 02:17:43,2025-06-20,02:17:43,in,0.92,1310.8,0.0,21.4,6.71,325.8,1.36
2025-06-20 02:18:29,2025-06-20,02:18:29,out,1.34,21.0,100.0,21.0,21.019,335.7,1.78
2025-06-20 02:18:47,2025-06-20,02:18:47,in,0.92,1310.8,0.0,21.3,6.669,325.8,1.36
2025-06-20 02:19:32,2025-06-20,02:19:32,out,1.58,21.0,100.0,21.0,21.019,352.5,1.66
2025-06-20 02:19:50,2025-06-20,02:19:50,in,0.92,1310.8,0.0,21.3,6.669,325.8,1.36
2025-06-20 02:20:36,2025-06-20,02:20:36,out,1.17,20.9,100.0,20.9,20.918,342.5,1.87
2025-06-20 02:20:54,2025-06-20,02:20:54,in,0.92,1310.8,0.0,21.3,6.669,325.8,1.36
2025-06-20 02:21:40,2025-06-20,02:21:40,out,1.64,20.9,100.0,20.9,20.918,5.5,1.99
2025-06-20 02:21:57,2025-06-20,02:21:57,in,0.92,1310.8,0.0,21.2,6.627,325.8,1.36
2025-06-20 02:22:43,2025-06-20,02:22:43,out,0.89,20.9,100.0,20.9,20.918,12.5,1.58
2025-06-20 02:23:01,2025-06-20,02:23:01,in,0.92,1310.8,0.0,21.1,6.586,325.8,1.36
2025-06-20 02:23:46,2025-06-20,02:23:46,out,0.92,20.9,100.0,20.9,20.918,2.4,1.96
2025-06-20 02:24:04,2025-06-20,02:24:04,in,0.92,1310.8,0.0,21.1,6.586,325.8,1.36
2025-06-20 02:24:50,2025-06-20,02:24:50,out,0.56,20.8,100.0,20.8,20.817,23.1,1.33
2025-06-20 02:25:08,2025-06-20,02:25:08,in,0.92,1310.8,0.0,21.2,6.627,325.8,1.36
2025-06-20 02:25:54,2025-06-20,02:25:54,out,1.09,20.8,100.0,20.8,20.817,38.3,1.73
2025-06-20 02:26:12,2025-06-20,02:26:12,in,0.92,1310.8,0.0,21.2,6.627,325.8,1.36
2025-06-20 02:26:57,2025-06-20,02:26:57,out,0.56,20.8,100.0,20.8,20.817,50.9,1.43
2025-06-20 02:27:15,2025-06-20,02:27:15,in,0.92,1310.8,0.0,21.2,6.627,325.8,1.36
2025-06-20 02:28:00,2025-06-20,02:28:00,out,0.79,20.8,100.0,20.8,20.817,40.3,1.28
2025-06-20 02:28:18,2025-06-20,02:28:18,in,0.92,1310.8,0.0,21.2,6.627,325.8,1.36
2025-06-20 02:29:04,2025-06-20,02:29:04,out,0.92,20.8,100.0,20.8,20.817,36.4,1.61
2025-06-20 02:29:22,2025-06-20,02:29:22,in,0.92,1310.8,0.0,21.1,6.586,325.8,1.36
2025-06-20 02:30:08,2025-06-20,02:30:08,out,0.42,20.8,100.0,20.8,20.817,15.6,1.12
2025-06-20 02:30:26,2025-06-20,02:30:26,in,0.92,1310.8,0.0,21.1,6.586,325.8,1.36
2025-06-20 02:31:11,2025-06-20,02:31:11,out,0.64,20.8,100.0,20.7,20.717,34.3,0.99
2025-06-20 02:31:29,2025-06-20,02:31:29,in,0.92,1310.8,0.0,21.1,6.586,325.8,1.36
2025-06-20 02:32:14,2025-06-20,02:32:14,out,1.03,20.7,100.0,20.7,20.717,35.6,1.15
2025-06-20 02:32:32,2025-06-20,02:32:32,in,0.92,1310.8,0.0,21.0,6.544,325.8,1.36
2025-06-20 02:33:18,2025-06-20,02:33:18,out,0.9,20.8,100.0,20.8,20.817,62.9,1.28
2025-06-20 02:33:36,2025-06-20,02:33:36,in,0.92,1310.8,0.0,21.0,6.544,325.8,1.36
2025-06-20 02:34:22,2025-06-20,02:34:22,out,0.98,20.7,100.0,20.7,20.717,64.7,1.12
2025-06-20 02:34:40,2025-06-20,02:34:40,in,0.92,1310.8,0.0,21.0,6.544,325.8,1.36
2025-06-20 02:35:25,2025-06-20,02:35:25,out,0.98,20.7,100.0,20.7,20.717,52.2,1.32
2025-06-20 02:35:43,2025-06-20,02:35:43,in,0.92,1310.8,0.0,21.0,6.544,325.8,1.36
2025-06-20 02:36:28,2025-06-20,02:36:28,out,0.57,20.7,100.0,20.7,20.717,46.9,0.84
2025-06-20 02:36:46,2025-06-20,02:36:46,in,0.92,1310.8,0.0,21.1,6.586,325.8,1.36
2025-06-20 02:37:32,2025-06-20,02:37:32,out,0.51,20.7,100.0,20.7,20.717,72.0,0.71
2025-06-20 02:37:50,2025-06-20,02:37:50,in,0.92,1310.8,0.0,21.1,6.586,325.8,1.36
2025-06-20 02:38:36,2025-06-20,02:38:36,out,1.02,20.7,100.0,20.7,20.717,77.2,1.18
2025-06-20 02:38:54,2025-06-20,02:38:54,in,0.92,1310.8,0.0,21.1,6.586,325.8,1.36
2025-06-20 02:39:39,2025-06-20,02:39:39,out,1.35,20.7,100.0,20.7,20.717,65.4,1.48
2025-06-20 02:39:57,2025-06-20,02:39:57,in,0.92,1310.8,0.0,21.1,6.586,325.8,1.36
2025-06-20 02:40:42,2025-06-20,02:40:42,out,0.86,20.7,100.0,20.7,20.717,54.5,1.32
2025-06-20 02:41:00,2025-06-20,02:41:00,in,0.92,1310.8,0.0,21.1,6.586,325.8,1.36
2025-06-20 02:41:46,2025-06-20,02:41:46,out,1.02,20.7,100.0,20.7,20.717,63.0,1.26
2025-06-20 02:42:04,2025-06-20,02:42:04,in,0.92,1310.8,0.0,21.1,6.586,325.8,1.36
2025-06-20 02:42:50,2025-06-20,02:42:50,out,0.86,20.7,100.0,20.7,20.717,49.2,1.18
2025-06-20 02:43:08,2025-06-20,02:43:08,in,0.92,1310.8,0.0,21.1,6.586,325.8,1.36
2025-06-20 02:43:53,2025-06-20,02:43:53,out,1.04,20.7,100.0,20.7,20.717,42.2,1.51
2025-06-20 02:44:11,2025-06-20,02:44:11,in,0.92,1310.8,0.0,21.0,6.544,325.8,1.36
2025-06-20 02:44:56,2025-06-20,02:44:56,out,1.22,20.7,100.0,20.7,20.717,56.1,1.46
2025-06-20 02:45:14,2025-06-20,02:45:14,in,0.92,1310.8,0.0,21.0,6.544,325.8,1.36
2025-06-20 02:46:00,2025-06-20,02:46:00,out,1.03,20.7,100.0,20.7,20.717,39.9,1.38
2025-06-20 02:46:18,2025-06-20,02:46:18,in,0.92,1310.8,0.0,20.9,6.503,325.8,1.36
2025-06-20 02:47:04,2025-06-20,02:47:04,out,0.7,20.7,100.0,20.7,20.717,51.1,1.01
2025-06-20 02:47:22,2025-06-20,02:47:22,in,0.92,1310.8,0.0,20.9,6.503,325.8,1.36
2025-06-20 02:48:08,2025-06-20,02:48:08,out,0.91,20.7,100.0,20.7,20.717,54.4,1.04
2025-06-20 02:48:25,2025-06-20,02:48:25,in,0.92,1310.8,0.0,20.9,6.503,325.8,1.36
2025-06-20 02:49:11,2025-06-20,02:49:11,out,0.67,20.7,100.0,20.7,20.717,62.3,0.82
2025-06-20 02:49:28,2025-06-20,02:49:28,in,0.92,1310.8,0.0,20.9,6.503,325.8,1.36
2025-06-20 02:50:14,2025-06-20,02:50:14,out,1.05,20.7,100.0,20.7,20.717,60.5,1.23
2025-06-20 02:50:32,2025-06-20,02:50:32,in,0.92,1310.8,0.0,20.9,6.503,325.8,1.36
2025-06-20 02:51:18,2025-06-20,02:51:18,out,1.08,20.6,100.0,20.6,20.616,56.6,1.17
2025-06-20 02:51:36,2025-06-20,02:51:36,in,0.92,1310.8,0.0,20.9,6.503,325.8,1.36
2025-06-20 02:52:22,2025-06-20,02:52:22,out,1.28,20.6,100.0,20.6,20.616,51.5,1.35
2025-06-20 02:52:39,2025-06-20,02:52:39,in,0.92,1310.8,0.0,20.8,6.461,325.8,1.36
2025-06-20 02:53:25,2025-06-20,02:53:25,out,1.28,20.6,100.0,20.6,20.616,37.2,1.41
2025-06-20 02:53:43,2025-06-20,02:53:43,in,0.92,1310.8,0.0,20.8,6.461,325.8,1.36
2025-06-20 02:54:28,2025-06-20,02:54:28,out,1.06,20.6,100.0,20.6,20.616,44.0,1.53
2025-06-20 02:54:46,2025-06-20,02:54:46,in,0.92,1310.8,0.0,20.8,6.461,325.8,1.36
2025-06-20 02:55:32,2025-06-20,02:55:32,out,0.57,20.6,100.0,20.6,20.616,27.7,1.67
2025-06-20 02:55:50,2025-06-20,02:55:50,in,0.92,1310.8,0.0,20.8,6.461,325.8,1.36
2025-06-20 02:56:36,2025-06-20,02:56:36,out,0.88,20.5,100.0,20.5,20.515,57.3,1.11
2025-06-20 02:56:53,2025-06-20,02:56:53,in,0.92,1310.8,0.0,20.8,6.461,325.8,1.36
2025-06-20 02:57:39,2025-06-20,02:57:39,out,0.73,20.5,100.0,20.5,20.515,60.7,1.33
2025-06-20 02:57:56,2025-06-20,02:57:56,in,0.92,1310.8,0.0,20.8,6.461,325.8,1.36
2025-06-20 02:58:42,2025-06-20,02:58:42,out,0.98,20.5,100.0,20.5,20.515,58.5,1.31
2025-06-20 02:59:00,2025-06-20,02:59:00,in,0.92,1310.8,0.0,20.8,6.461,325.8,1.36
2025-06-20 02:59:46,2025-06-20,02:59:46,out,0.93,20.5,100.0,20.5,20.515,62.9,1.15
2025-06-20 03:00:04,2025-06-20,03:00:04,in,0.92,1310.8,0.0,20.8,6.461,325.8,1.36
2025-06-20 03:00:50,2025-06-20,03:00:50,out,0.78,20.5,100.0,20.5,20.515,54.5,1.17
2025-06-20 03:01:07,2025-06-20,03:01:07,in,0.92,1310.8,0.0,20.8,6.461,325.8,1.36
2025-06-20 03:01:53,2025-06-20,03:01:53,out,0.63,20.5,100.0,20.5,20.515,54.0,1.1
2025-06-20 03:02:10,2025-06-20,03:02:10,in,0.92,1310.8,0.0,20.7,6.42,325.8,1.36
2025-06-20 03:02:56,2025-06-20,03:02:56,out,0.64,20.5,100.0,20.5,20.515,81.2,0.97
2025-06-20 03:03:14,2025-06-20,03:03:14,in,0.92,1310.8,0.0,20.7,6.42,325.8,1.36
2025-06-20 03:04:00,2025-06-20,03:04:00,out,0.59,20.4,100.0,20.4,20.414,93.0,0.96
2025-06-20 03:04:18,2025-06-20,03:04:18,in,0.92,1310.8,0.0,20.7,6.42,325.8,1.36
2025-06-20 03:05:04,2025-06-20,03:05:04,out,0.67,20.4,100.0,20.4,20.414,66.1,0.96
2025-06-20 03:05:21,2025-06-20,03:05:21,in,0.92,1310.8,0.0,20.7,6.42,325.8,1.36
2025-06-20 03:06:08,2025-06-20,03:06:08,out,0.48,20.4,100.0,20.4,20.414,91.8,1.06
2025-06-20 03:06:24,2025-06-20,03:06:24,in,0.92,1310.8,0.0,20.7,6.42,325.8,1.36
2025-06-20 03:07:11,2025-06-20,03:07:11,out,0.39,20.3,100.0,20.3,20.314,139.7,0.49
2025-06-20 03:07:28,2025-06-20,03:07:28,in,0.92,1310.8,0.0,20.7,6.42,325.8,1.36
2025-06-20 03:08:14,2025-06-20,03:08:14,out,0.69,20.3,100.0,20.3,20.314,138.7,0.83
2025-06-20 03:08:32,2025-06-20,03:08:32,in,0.92,1310.8,0.0,20.8,6.461,325.8,1.36
2025-06-20 03:09:18,2025-06-20,03:09:18,out,0.48,20.3,100.0,20.3,20.314,143.8,0.94
2025-06-20 03:09:35,2025-06-20,03:09:35,in,0.92,1310.8,0.0,20.8,6.461,325.8,1.36
2025-06-20 03:10:22,2025-06-20,03:10:22,out,0.59,20.3,100.0,20.3,20.314,130.1,0.65
2025-06-20 03:10:38,2025-06-20,03:10:38,in,0.92,1310.8,0.0,20.8,6.461,325.8,1.36
2025-06-20 03:11:25,2025-06-20,03:11:25,out,0.55,20.3,100.0,20.3,20.314,121.7,0.63
2025-06-20 03:11:42,2025-06-20,03:11:42,in,0.92,1310.8,0.0,20.8,6.461,325.8,1.36
2025-06-20 03:12:28,2025-06-20,03:12:28,out,0.68,20.2,100.0,20.2,20.213,150.2,0.95
2025-06-20 03:12:46,2025-06-20,03:12:46,in,0.92,1310.8,0.0,20.8,6.461,325.8,1.36
2025-06-20 03:13:32,2025-06-20,03:13:32,out,1.01,20.2,100.0,20.2,20.213,148.2,1.12
2025-06-20 03:13:49,2025-06-20,03:13:49,in,0.92,1310.8,0.0,20.7,6.42,325.8,1.36
2025-06-20 03:14:36,2025-06-20,03:14:36,out,1.08,20.2,100.0,20.2,20.213,98.8,1.31
2025-06-20 03:14:52,2025-06-20,03:14:52,in,0.92,1310.8,0.0,20.8,6.461,325.8,1.36
2025-06-20 03:15:39,2025-06-20,03:15:39,out,1.21,20.2,100.0,20.2,20.213,102.0,1.44
2025-06-20 03:15:56,2025-06-20,03:15:56,in,0.92,1310.8,0.0,20.7,6.42,325.8,1.36
2025-06-20 03:16:42,2025-06-20,03:16:42,out,1.03,20.2,100.0,20.2,20.213,81.4,1.5
2025-06-20 03:17:00,2025-06-20,03:17:00,in,0.92,1310.8,0.0,20.6,6.378,325.8,1.36
2025-06-20 03:17:46,2025-06-20,03:17:46,out,0.8,20.2,100.0,20.2,20.213,66.6,1.15
2025-06-20 03:18:03,2025-06-20,03:18:03,in,0.92,1310.8,0.0,20.6,6.378,325.8,1.36
2025-06-20 03:18:50,2025-06-20,03:18:50,out,0.86,20.1,100.0,20.1,20.112,78.6,0.94
2025-06-20 03:19:06,2025-06-20,03:19:06,in,0.92,1310.8,0.0,20.5,6.337,325.8,1.36
2025-06-20 03:19:53,2025-06-20,03:19:53,out,0.93,20.1,100.0,20.1,20.112,86.4,1.14
2025-06-20 03:20:10,2025-06-20,03:20:10,in,0.92,1310.8,0.0,20.5,6.337,325.8,1.36
2025-06-20 03:20:56,2025-06-20,03:20:56,out,0.69,20.1,100.0,20.1,20.112,75.3,1.27
2025-06-20 03:21:14,2025-06-20,03:21:14,in,0.92,1310.8,0.0,20.5,6.337,325.8,1.36
2025-06-20 03:22:00,2025-06-20,03:22:00,out,0.69,20.1,100.0,20.1,20.112,70.9,1.26
2025-06-20 03:22:17,2025-06-20,03:22:17,in,0.92,1310.8,0.0,20.5,6.337,325.8,1.36
2025-06-20 03:23:04,2025-06-20,03:23:04,out,0.93,20.1,100.0,20.1,20.112,71.3,1.49
2025-06-20 03:23:20,2025-06-20,03:23:20,in,0.92,1310.8,0.0,20.5,6.337,325.8,1.36
2025-06-20 03:24:07,2025-06-20,03:24:07,out,0.94,20.1,100.0,20.1,20.112,64.3,1.29
2025-06-20 03:24:24,2025-06-20,03:24:24,in,0.92,1310.8,0.0,20.5,6.337,325.8,1.36
2025-06-20 03:25:10,2025-06-20,03:25:10,out,0.83,20.0,100.0,20.0,20.012,63.9,1.14
2025-06-20 03:25:28,2025-06-20,03:25:28,in,0.92,1310.8,0.0,20.4,6.295,325.8,1.36
2025-06-20 03:26:14,2025-06-20,03:26:14,out,0.76,20.1,100.0,20.1,20.112,72.1,1.01
2025-06-20 03:26:31,2025-06-20,03:26:31,in,0.92,1310.8,0.0,20.4,6.295,325.8,1.36
2025-06-20 03:27:18,2025-06-20,03:27:18,out,0.68,20.0,100.0,20.0,20.012,81.6,0.99
2025-06-20 03:27:34,2025-06-20,03:27:34,in,0.92,1310.8,0.0,20.4,6.295,325.8,1.36
2025-06-20 03:28:21,2025-06-20,03:28:21,out,0.4,20.0,100.0,20.0,20.012,86.6,0.81
2025-06-20 03:28:38,2025-06-20,03:28:38,in,0.92,1310.8,0.0,20.4,6.295,325.8,1.36
2025-06-20 03:29:24,2025-06-20,03:29:24,out,0.6,20.0,100.0,20.0,20.012,87.4,0.71
2025-06-20 03:29:42,2025-06-20,03:29:42,in,0.92,1310.8,0.0,20.4,6.295,325.8,1.36
2025-06-20 03:30:28,2025-06-20,03:30:28,out,0.57,20.0,100.0,20.0,20.012,96.7,0.67
2025-06-20 03:30:45,2025-06-20,03:30:45,in,0.92,1310.8,0.0,20.4,6.295,325.8,1.36
2025-06-20 03:31:32,2025-06-20,03:31:32,out,0.5,19.9,100.0,19.9,19.911,98.2,0.89
2025-06-20 03:31:48,2025-06-20,03:31:48,in,0.92,1310.8,0.0,20.4,6.295,325.8,1.36
2025-06-20 03:32:35,2025-06-20,03:32:35,out,0.68,19.9,100.0,19.9,19.911,77.7,0.73
2025-06-20 03:32:52,2025-06-20,03:32:52,in,0.92,1310.8,0.0,20.3,6.253,325.8,1.36
2025-06-20 03:33:38,2025-06-20,03:33:38,out,0.77,19.9,100.0,19.9,19.911,95.1,0.88
2025-06-20 03:33:56,2025-06-20,03:33:56,in,0.92,1310.8,0.0,20.4,6.295,325.8,1.36
2025-06-20 03:34:42,2025-06-20,03:34:42,out,0.29,19.9,100.0,19.9,19.911,102.1,0.78
2025-06-20 03:34:59,2025-06-20,03:34:59,in,0.92,1310.8,0.0,20.3,6.253,325.8,1.36
2025-06-20 03:35:46,2025-06-20,03:35:46,out,0.22,19.9,100.0,19.9,19.911,78.4,0.57
2025-06-20 03:36:02,2025-06-20,03:36:02,in,0.92,1310.8,0.0,20.3,6.253,325.8,1.36
2025-06-20 03:36:49,2025-06-20,03:36:49,out,0.4,19.8,100.0,19.8,19.81,96.5,0.91
2025-06-20 03:37:06,2025-06-20,03:37:06,in,0.92,1310.8,0.0,20.3,6.253,325.8,1.36
2025-06-20 03:37:52,2025-06-20,03:37:52,out,0.51,19.8,100.0,19.8,19.81,58.9,0.69
2025-06-20 03:38:10,2025-06-20,03:38:10,in,0.92,1310.8,0.0,20.3,6.253,325.8,1.36
2025-06-20 03:38:56,2025-06-20,03:38:56,out,0.73,19.8,100.0,19.8,19.81,34.6,0.84
2025-06-20 03:39:13,2025-06-20,03:39:13,in,0.92,1310.8,0.0,20.3,6.253,325.8,1.36
2025-06-20 03:40:00,2025-06-20,03:40:00,out,1.0,19.8,100.0,19.8,19.81,49.1,1.08
2025-06-20 03:40:16,2025-06-20,03:40:16,in,0.92,1310.8,0.0,20.3,6.253,325.8,1.36
2025-06-20 03:41:03,2025-06-20,03:41:03,out,0.7,19.8,100.0,19.8,19.81,31.5,1.0
2025-06-20 03:41:20,2025-06-20,03:41:20,in,0.92,1310.8,0.0,20.3,6.253,325.8,1.36
2025-06-20 03:42:06,2025-06-20,03:42:06,out,0.92,19.8,100.0,19.8,19.81,28.3,1.01
2025-06-20 03:42:24,2025-06-20,03:42:24,in,0.92,1310.8,0.0,20.3,6.253,325.8,1.36
2025-06-20 03:43:10,2025-06-20,03:43:10,out,0.7,19.8,100.0,19.8,19.81,13.2,1.02
2025-06-20 03:43:27,2025-06-20,03:43:27,in,0.92,1310.8,0.0,20.3,6.253,325.8,1.36
2025-06-20 03:44:14,2025-06-20,03:44:14,out,0.45,19.8,100.0,19.8,19.81,15.3,0.81
2025-06-20 03:44:30,2025-06-20,03:44:30,in,0.92,1310.8,0.0,20.3,6.253,325.8,1.36
2025-06-20 03:45:17,2025-06-20,03:45:17,out,0.31,19.8,100.0,19.8,19.81,357.1,0.47
2025-06-20 03:45:34,2025-06-20,03:45:34,in,0.92,1310.8,0.0,20.3,6.253,325.8,1.36
2025-06-20 03:46:20,2025-06-20,03:46:20,out,0.27,19.8,100.0,19.8,19.81,27.0,0.47
2025-06-20 03:46:38,2025-06-20,03:46:38,in,0.92,1310.8,0.0,20.3,6.253,325.8,1.36
2025-06-20 03:47:24,2025-06-20,03:47:24,out,0.47,19.8,100.0,19.8,19.81,9.4,0.66
2025-06-20 03:47:41,2025-06-20,03:47:41,in,0.92,1310.8,0.0,20.3,6.253,325.8,1.36
2025-06-20 03:48:28,2025-06-20,03:48:28,out,0.51,19.8,100.0,19.8,19.81,1.8,0.57
2025-06-20 03:48:45,2025-06-20,03:48:45,in,0.92,1310.8,0.0,20.3,6.253,325.8,1.36
2025-06-20 03:49:31,2025-06-20,03:49:31,out,0.62,19.8,100.0,19.8,19.81,24.5,0.68
2025-06-20 03:49:48,2025-06-20,03:49:48,in,0.92,1310.8,0.0,20.4,6.295,325.8,1.36
2025-06-20 03:50:34,2025-06-20,03:50:34,out,0.52,19.8,100.0,19.8,19.81,34.2,0.71
2025-06-20 03:50:52,2025-06-20,03:50:52,in,0.92,1310.8,0.0,20.4,6.295,325.8,1.36
2025-06-20 03:51:38,2025-06-20,03:51:38,out,0.65,19.8,100.0,19.8,19.81,32.0,0.77
2025-06-20 03:51:56,2025-06-20,03:51:56,in,0.92,1310.8,0.0,20.4,6.295,325.8,1.36
2025-06-20 03:52:42,2025-06-20,03:52:42,out,0.77,19.9,100.0,19.9,19.911,23.7,0.87
2025-06-20 03:52:59,2025-06-20,03:52:59,in,0.92,1310.8,0.0,20.4,6.295,325.8,1.36
2025-06-20 03:53:46,2025-06-20,03:53:46,out,0.61,19.9,100.0,19.9,19.911,29.8,0.83
2025-06-20 03:54:02,2025-06-20,03:54:02,in,0.92,1310.8,0.0,20.4,6.295,325.8,1.36
2025-06-20 03:54:49,2025-06-20,03:54:49,out,0.74,19.9,100.0,19.9,19.911,18.2,0.81
2025-06-20 03:55:06,2025-06-20,03:55:06,in,0.92,1310.8,0.0,20.4,6.295,325.8,1.36
2025-06-20 03:55:52,2025-06-20,03:55:52,out,0.52,19.9,100.0,19.9,19.911,24.6,0.71
2025-06-20 03:56:10,2025-06-20,03:56:10,in,0.92,1310.8,0.0,20.5,6.337,325.8,1.36
2025-06-20 03:56:56,2025-06-20,03:56:56,out,0.8,19.9,100.0,19.9,19.911,19.6,0.92
2025-06-20 03:57:12,2025-06-20,03:57:12,in,0.92,1310.8,0.0,20.4,6.295,325.8,1.36
2025-06-20 03:58:00,2025-06-20,03:58:00,out,0.74,19.9,100.0,19.9,19.911,21.1,0.84
2025-06-20 03:58:16,2025-06-20,03:58:16,in,0.92,1310.8,0.0,20.4,6.295,325.8,1.36
2025-06-20 03:59:02,2025-06-20,03:59:02,out,0.73,19.9,100.0,19.9,19.911,27.8,0.93
2025-06-20 03:59:20,2025-06-20,03:59:20,in,0.92,1310.8,0.0,20.4,6.295,325.8,1.36
2025-06-20 04:00:06,2025-06-20,04:00:06,out,0.76,19.9,100.0,19.9,19.911,37.1,0.97
2025-06-20 04:00:24,2025-06-20,04:00:24,in,0.92,1310.8,0.0,20.4,6.295,325.8,1.36
2025-06-20 04:01:10,2025-06-20,04:01:10,out,0.91,19.9,100.0,19.9,19.911,32.6,1.04
2025-06-20 04:01:27,2025-06-20,04:01:27,in,0.92,1310.8,0.0,20.4,6.295,325.8,1.36
2025-06-20 04:02:13,2025-06-20,04:02:13,out,1.01,19.9,100.0,19.9,19.911,40.8,1.12
2025-06-20 04:02:30,2025-06-20,04:02:30,in,0.92,1310.8,0.0,20.4,6.295,325.8,1.36
2025-06-20 04:03:17,2025-06-20,04:03:17,out,1.31,19.9,100.0,19.9,19.911,45.6,1.4
2025-06-20 04:03:34,2025-06-20,04:03:34,in,0.92,1310.8,0.0,20.4,6.295,325.8,1.36
2025-06-20 04:04:20,2025-06-20,04:04:20,out,1.3,20.0,100.0,20.0,20.012,45.7,1.53
2025-06-20 04:04:38,2025-06-20,04:04:38,in,0.92,1310.8,0.0,20.4,6.295,325.8,1.36
2025-06-20 04:05:24,2025-06-20,04:05:24,out,1.17,20.0,100.0,20.0,20.012,54.5,1.56
2025-06-20 04:05:41,2025-06-20,04:05:41,in,0.92,1310.8,0.0,20.4,6.295,325.8,1.36
2025-06-20 04:06:28,2025-06-20,04:06:28,out,1.11,20.0,100.0,20.0,20.012,54.3,1.51
2025-06-20 04:06:44,2025-06-20,04:06:44,in,0.92,1310.8,0.0,20.5,6.337,325.8,1.36
2025-06-20 04:07:31,2025-06-20,04:07:31,out,1.32,20.0,100.0,20.0,20.012,52.9,1.62
2025-06-20 04:07:48,2025-06-20,04:07:48,in,0.92,1310.8,0.0,20.5,6.337,325.8,1.36
2025-06-20 04:08:34,2025-06-20,04:08:34,out,1.3,20.0,100.0,20.0,20.012,54.0,1.56
2025-06-20 04:08:52,2025-06-20,04:08:52,in,0.92,1310.8,0.0,20.5,6.337,325.8,1.36
2025-06-20 04:09:38,2025-06-20,04:09:38,out,1.09,20.0,100.0,20.0,20.012,55.3,1.51
2025-06-20 04:09:55,2025-06-20,04:09:55,in,0.92,1310.8,0.0,20.5,6.337,325.8,1.36
2025-06-20 04:10:42,2025-06-20,04:10:42,out,1.07,20.1,100.0,20.1,20.112,57.1,1.45
2025-06-20 04:10:58,2025-06-20,04:10:58,in,0.92,1310.8,0.0,20.5,6.337,325.8,1.36
2025-06-20 04:11:45,2025-06-20,04:11:45,out,1.12,20.0,100.0,20.1,20.112,29.9,1.51
2025-06-20 04:12:02,2025-06-20,04:12:02,in,0.92,1310.8,0.0,20.5,6.337,325.8,1.36
2025-06-20 04:12:48,2025-06-20,04:12:48,out,0.7,20.1,100.0,20.1,20.112,23.1,1.65
2025-06-20 04:13:06,2025-06-20,04:13:06,in,0.92,1310.8,0.0,20.5,6.337,325.8,1.36
2025-06-20 04:13:52,2025-06-20,04:13:52,out,0.73,20.1,100.0,20.1,20.112,15.4,1.06
2025-06-20 04:14:09,2025-06-20,04:14:09,in,0.92,1310.8,0.0,20.5,6.337,325.8,1.36
2025-06-20 04:14:56,2025-06-20,04:14:56,out,0.69,20.1,100.0,20.1,20.112,6.1,1.4
2025-06-20 04:15:12,2025-06-20,04:15:12,in,0.92,1310.8,0.0,20.4,6.295,325.8,1.36
2025-06-20 04:15:59,2025-06-20,04:15:59,out,1.3,20.1,100.0,20.1,20.112,30.3,1.6
2025-06-20 04:16:16,2025-06-20,04:16:16,in,0.92,1310.8,0.0,20.4,6.295,325.8,1.36
2025-06-20 04:17:02,2025-06-20,04:17:02,out,0.88,20.1,100.0,20.1,20.112,15.7,1.62
2025-06-20 04:17:20,2025-06-20,04:17:20,in,0.92,1310.8,0.0,20.4,6.295,325.8,1.36
2025-06-20 04:18:06,2025-06-20,04:18:06,out,0.86,20.1,100.0,20.1,20.112,48.6,1.01
2025-06-20 04:18:23,2025-06-20,04:18:23,in,0.92,1310.8,0.0,20.5,6.337,325.8,1.36
2025-06-20 04:19:10,2025-06-20,04:19:10,out,0.95,20.1,100.0,20.1,20.112,26.8,1.34
2025-06-20 04:19:26,2025-06-20,04:19:26,in,0.92,1310.8,0.0,20.5,6.337,325.8,1.36
2025-06-20 04:20:13,2025-06-20,04:20:13,out,0.99,20.1,100.0,20.1,20.112,28.5,1.58
2025-06-20 04:20:30,2025-06-20,04:20:30,in,0.92,1310.8,0.0,20.5,6.337,325.8,1.36
2025-06-20 04:21:16,2025-06-20,04:21:16,out,0.76,20.1,100.0,20.1,20.112,36.8,1.13
2025-06-20 04:21:34,2025-06-20,04:21:34,in,0.92,1310.8,0.0,20.5,6.337,325.8,1.36
2025-06-20 04:22:20,2025-06-20,04:22:20,out,0.3,20.1,100.0,20.1,20.112,3.7,0.92
2025-06-20 04:22:37,2025-06-20,04:22:37,in,0.92,1310.8,0.0,20.5,6.337,325.8,1.36
2025-06-20 04:23:24,2025-06-20,04:23:24,out,0.55,20.1,100.0,20.1,20.112,47.6,1.02
2025-06-20 04:23:40,2025-06-20,04:23:40,in,0.92,1310.8,0.0,20.5,6.337,325.8,1.36
2025-06-20 04:24:27,2025-06-20,04:24:27,out,0.84,20.1,100.0,20.1,20.112,23.3,1.0
2025-06-20 04:24:44,2025-06-20,04:24:44,in,0.92,1310.8,0.0,20.6,6.378,325.8,1.36
2025-06-20 04:25:30,2025-06-20,04:25:30,out,0.87,20.1,100.0,20.1,20.112,52.0,1.09
2025-06-20 04:25:48,2025-06-20,04:25:48,in,0.92,1310.8,0.0,20.6,6.378,325.8,1.36
2025-06-20 04:26:34,2025-06-20,04:26:34,out,1.31,20.2,100.0,20.2,20.213,45.5,1.6
2025-06-20 04:26:51,2025-06-20,04:26:51,in,0.92,1310.8,0.0,20.6,6.378,325.8,1.36
2025-06-20 04:27:38,2025-06-20,04:27:38,out,0.92,20.2,100.0,20.2,20.213,45.0,1.44
2025-06-20 04:27:54,2025-06-20,04:27:54,in,0.92,1310.8,0.0,20.6,6.378,325.8,1.36
2025-06-20 04:28:41,2025-06-20,04:28:41,out,0.75,20.2,100.0,20.2,20.213,36.1,1.25
2025-06-20 04:28:58,2025-06-20,04:28:58,in,0.92,1310.8,0.0,20.6,6.378,325.8,1.36
2025-06-20 04:29:44,2025-06-20,04:29:44,out,0.79,20.2,100.0,20.2,20.213,37.0,1.08
2025-06-20 04:30:02,2025-06-20,04:30:02,in,0.92,1310.8,0.0,20.6,6.378,325.8,1.36
2025-06-20 04:30:48,2025-06-20,04:30:48,out,0.84,20.2,100.0,20.2,20.213,35.5,1.44
2025-06-20 04:31:05,2025-06-20,04:31:05,in,0.92,1310.8,0.0,20.6,6.378,325.8,1.36
2025-06-20 04:31:52,2025-06-20,04:31:52,out,0.84,20.2,100.0,20.2,20.213,65.0,1.02
2025-06-20 04:32:08,2025-06-20,04:32:08,in,0.92,1310.8,0.0,20.6,6.378,325.8,1.36
2025-06-20 04:32:55,2025-06-20,04:32:55,out,0.85,20.2,100.0,20.2,20.213,19.0,1.64
2025-06-20 04:33:12,2025-06-20,04:33:12,in,0.92,1310.8,0.0,20.6,6.378,325.8,1.36
2025-06-20 04:33:58,2025-06-20,04:33:58,out,1.15,20.2,100.0,20.2,20.213,20.6,1.4
2025-06-20 04:34:16,2025-06-20,04:34:16,in,0.92,1310.8,0.0,20.6,6.378,325.8,1.36
2025-06-20 04:35:02,2025-06-20,04:35:02,out,1.22,20.2,100.0,20.2,20.213,50.8,1.43
2025-06-20 04:35:20,2025-06-20,04:35:20,in,0.92,1310.8,0.0,20.5,6.337,325.8,1.36
2025-06-20 04:36:06,2025-06-20,04:36:06,out,1.3,20.2,100.0,20.2,20.213,45.3,1.83
2025-06-20 04:36:23,2025-06-20,04:36:23,in,0.92,1310.8,0.0,20.5,6.337,325.8,1.36
2025-06-20 04:37:10,2025-06-20,04:37:10,out,1.28,,,20.2,,20.2,10.0
2025-06-20 04:37:26,2025-06-20,04:37:26,in,0.92,1310.8,0.0,20.6,6.378,325.8,1.36
2025-06-20 04:38:12,2025-06-20,04:38:12,out,0.76,20.2,100.0,20.2,20.213,50.8,1.39
2025-06-20 04:38:30,2025-06-20,04:38:30,in,0.92,1310.8,0.0,20.6,6.378,325.8,1.36
2025-06-20 04:39:16,2025-06-20,04:39:16,out,0.72,20.2,100.0,20.2,20.213,66.7,1.51
2025-06-20 04:39:34,2025-06-20,04:39:34,in,0.92,1310.8,0.0,20.6,6.378,325.8,1.36
2025-06-20 04:40:20,2025-06-20,04:40:20,out,1.03,20.2,100.0,20.2,20.213,45.1,1.28
2025-06-20 04:40:37,2025-06-20,04:40:37,in,0.92,1310.8,0.0,20.6,6.378,325.8,1.36
2025-06-20 04:41:23,2025-06-20,04:41:23,out,1.0,20.2,100.0,20.2,20.213,46.3,1.58
2025-06-20 04:41:40,2025-06-20,04:41:40,in,0.92,1310.8,0.0,20.6,6.378,325.8,1.36
2025-06-20 04:42:26,2025-06-20,04:42:26,out,1.05,20.2,100.0,20.2,20.213,43.2,1.49
2025-06-20 04:42:44,2025-06-20,04:42:44,in,0.92,1310.8,0.0,20.6,6.378,325.8,1.36
2025-06-20 04:43:30,2025-06-20,04:43:30,out,1.1,20.2,100.0,20.2,20.213,69.8,1.71
2025-06-20 04:43:48,2025-06-20,04:43:48,in,0.92,1310.8,0.0,20.5,6.337,325.8,1.36
2025-06-20 04:44:34,2025-06-20,04:44:34,out,1.34,20.3,100.0,20.3,20.314,38.3,1.67
2025-06-20 04:44:51,2025-06-20,04:44:51,in,0.92,1310.8,0.0,20.5,6.337,325.8,1.36
2025-06-20 04:45:37,2025-06-20,04:45:37,out,1.05,20.2,100.0,20.2,20.213,52.6,1.62
2025-06-20 04:45:54,2025-06-20,04:45:54,in,0.92,1310.8,0.0,20.6,6.378,325.8,1.36
2025-06-20 04:46:40,2025-06-20,04:46:40,out,1.33,20.3,100.0,20.3,20.314,56.1,1.46
2025-06-20 04:46:58,2025-06-20,04:46:58,in,0.92,1310.8,0.0,20.6,6.378,325.8,1.36
2025-06-20 04:47:44,2025-06-20,04:47:44,out,1.04,20.3,100.0,20.3,20.314,43.9,1.48
2025-06-20 04:48:02,2025-06-20,04:48:02,in,0.92,1310.8,0.0,20.6,6.378,325.8,1.36
2025-06-20 04:48:48,2025-06-20,04:48:48,out,1.01,20.2,100.0,20.2,20.213,50.1,1.66
2025-06-20 04:49:05,2025-06-20,04:49:05,in,0.92,1310.8,0.0,20.6,6.378,325.8,1.36
2025-06-20 04:49:51,2025-06-20,04:49:51,out,1.13,20.2,100.0,20.2,20.213,48.1,1.35
2025-06-20 04:50:08,2025-06-20,04:50:08,in,0.92,1310.8,0.0,20.6,6.378,325.8,1.36
2025-06-20 04:50:54,2025-06-20,04:50:54,out,0.86,20.3,100.0,20.3,20.314,39.5,1.41
2025-06-20 04:51:12,2025-06-20,04:51:12,in,0.92,1310.8,0.0,20.6,6.378,325.8,1.36
2025-06-20 04:51:58,2025-06-20,04:51:58,out,0.69,20.2,100.0,20.2,20.213,43.9,1.44
2025-06-20 04:52:16,2025-06-20,04:52:16,in,0.92,1310.8,0.0,20.6,6.378,325.8,1.36
2025-06-20 04:53:02,2025-06-20,04:53:02,out,1.13,20.2,100.0,20.2,20.213,40.4,1.27
2025-06-20 04:53:19,2025-06-20,04:53:19,in,0.92,1310.8,0.0,20.6,6.378,325.8,1.36
2025-06-20 04:54:05,2025-06-20,04:54:05,out,0.78,20.3,100.0,20.3,20.314,33.0,1.07
2025-06-20 04:54:22,2025-06-20,04:54:22,in,0.92,1310.8,0.0,20.5,6.337,325.8,1.36
2025-06-20 04:55:08,2025-06-20,04:55:08,out,0.6,20.3,100.0,20.3,20.314,15.6,1.11
2025-06-20 04:55:26,2025-06-20,04:55:26,in,0.92,1310.8,0.0,20.5,6.337,325.8,1.36
2025-06-20 04:56:12,2025-06-20,04:56:12,out,0.53,20.2,100.0,20.2,20.213,3.0,0.94
2025-06-20 04:56:30,2025-06-20,04:56:30,in,0.92,1310.8,0.0,20.5,6.337,325.8,1.36
2025-06-20 04:57:16,2025-06-20,04:57:16,out,0.37,20.3,100.0,20.3,20.314,3.6,1.07
2025-06-20 04:57:33,2025-06-20,04:57:33,in,0.92,1310.8,0.0,20.5,6.337,325.8,1.36
2025-06-20 04:58:19,2025-06-20,04:58:19,out,0.98,20.2,100.0,20.2,20.213,14.1,1.09
2025-06-20 04:58:36,2025-06-20,04:58:36,in,0.92,1310.8,0.0,20.6,6.378,325.8,1.36
2025-06-20 04:59:22,2025-06-20,04:59:22,out,0.87,20.3,100.0,20.3,20.314,10.4,1.06
2025-06-20 04:59:40,2025-06-20,04:59:40,in,0.92,1310.8,0.0,20.6,6.378,325.8,1.36
2025-06-20 05:00:26,2025-06-20,05:00:26,out,0.65,20.2,100.0,20.2,20.213,336.3,1.03
2025-06-20 05:00:44,2025-06-20,05:00:44,in,0.92,1310.8,0.0,20.6,6.378,325.8,1.36
2025-06-20 05:01:30,2025-06-20,05:01:30,out,0.89,20.3,100.0,20.3,20.314,11.6,1.03
2025-06-20 05:01:47,2025-06-20,05:01:47,in,0.92,1310.8,0.0,20.5,6.337,325.8,1.36
2025-06-20 05:02:33,2025-06-20,05:02:33,out,1.09,20.2,100.0,20.2,20.213,5.3,1.35
2025-06-20 05:02:50,2025-06-20,05:02:50,in,0.92,1310.8,0.0,20.5,6.337,325.8,1.36
2025-06-20 05:03:36,2025-06-20,05:03:36,out,0.72,20.2,100.0,20.2,20.213,22.5,1.17
2025-06-20 05:03:54,2025-06-20,05:03:54,in,0.92,1310.8,0.0,20.5,6.337,325.8,1.36
2025-06-20 05:04:40,2025-06-20,05:04:40,out,0.87,20.2,100.0,20.2,20.213,359.9,1.1
2025-06-20 05:04:58,2025-06-20,05:04:58,in,0.92,1310.8,0.0,20.5,6.337,325.8,1.36
2025-06-20 05:05:44,2025-06-20,05:05:44,out,1.2,20.2,100.0,20.2,20.213,1.9,1.29
2025-06-20 05:06:01,2025-06-20,05:06:01,in,0.92,1310.8,0.0,20.5,6.337,325.8,1.36
2025-06-20 05:06:47,2025-06-20,05:06:47,out,0.84,20.2,100.0,20.2,20.213,355.7,1.22
2025-06-20 05:07:04,2025-06-20,05:07:04,in,0.92,1310.8,0.0,20.5,6.337,325.8,1.36
2025-06-20 05:07:50,2025-06-20,05:07:50,out,0.9,20.2,100.0,20.2,20.213,3.8,1.0
2025-06-20 05:08:08,2025-06-20,05:08:08,in,0.92,1310.8,0.0,20.4,6.295,325.8,1.36
2025-06-20 05:08:54,2025-06-20,05:08:54,out,0.71,20.1,100.0,20.1,20.112,356.2,1.02
2025-06-20 05:09:12,2025-06-20,05:09:12,in,0.92,1310.8,0.0,20.4,6.295,325.8,1.36
2025-06-20 05:09:58,2025-06-20,05:09:58,out,0.6,20.1,100.0,20.1,20.112,11.4,0.75
2025-06-20 05:10:15,2025-06-20,05:10:15,in,0.92,1310.8,0.0,20.4,6.295,325.8,1.36
2025-06-20 05:11:01,2025-06-20,05:11:01,out,0.54,20.1,100.0,20.1,20.112,22.1,0.85
2025-06-20 05:11:18,2025-06-20,05:11:18,in,0.92,1310.8,0.0,20.4,6.295,325.8,1.36
2025-06-20 05:12:04,2025-06-20,05:12:04,out,0.87,20.1,100.0,20.1,20.112,11.0,0.91
2025-06-20 05:12:22,2025-06-20,05:12:22,in,0.92,1310.8,0.0,20.4,6.295,325.8,1.36
2025-06-20 05:13:08,2025-06-20,05:13:08,out,0.72,20.1,100.0,20.1,20.112,0.5,0.91
2025-06-20 05:13:26,2025-06-20,05:13:26,in,0.92,1310.8,0.0,20.3,6.253,325.8,1.36
2025-06-20 05:14:12,2025-06-20,05:14:12,out,0.76,20.1,100.0,20.1,20.112,8.4,0.91
2025-06-20 05:14:29,2025-06-20,05:14:29,in,0.92,1310.8,0.0,20.3,6.253,325.8,1.36
2025-06-20 05:15:15,2025-06-20,05:15:15,out,0.86,20.1,100.0,20.1,20.112,359.7,0.97
2025-06-20 05:15:32,2025-06-20,05:15:32,in,0.92,1310.8,0.0,20.4,6.295,325.8,1.36
2025-06-20 05:16:18,2025-06-20,05:16:18,out,0.61,20.0,100.0,20.0,20.012,342.9,0.81
2025-06-20 05:16:36,2025-06-20,05:16:36,in,0.92,1310.8,0.0,20.3,6.253,325.8,1.36
2025-06-20 05:17:22,2025-06-20,05:17:22,out,0.29,20.0,100.0,20.0,20.012,354.9,0.72
2025-06-20 05:17:40,2025-06-20,05:17:40,in,0.92,1310.8,0.0,20.3,6.253,325.8,1.36
2025-06-20 05:18:26,2025-06-20,05:18:26,out,0.76,20.1,100.0,20.1,20.112,357.5,0.86
2025-06-20 05:18:43,2025-06-20,05:18:43,in,0.92,1310.8,0.0,20.3,6.253,325.8,1.36
2025-06-20 05:19:29,2025-06-20,05:19:29,out,0.79,20.0,100.0,20.0,20.012,0.9,0.93
2025-06-20 05:19:46,2025-06-20,05:19:46,in,0.92,1310.8,0.0,20.4,6.295,325.8,1.36
2025-06-20 05:20:32,2025-06-20,05:20:32,out,0.78,20.0,100.0,20.0,20.012,344.1,1.0
2025-06-20 05:20:50,2025-06-20,05:20:50,in,0.92,1310.8,0.0,20.3,6.253,325.8,1.36
2025-06-20 05:21:36,2025-06-20,05:21:36,out,0.79,20.0,100.0,20.0,20.012,333.7,0.96
2025-06-20 05:21:54,2025-06-20,05:21:54,in,0.92,1310.8,0.0,20.3,6.253,325.8,1.36
2025-06-20 05:22:40,2025-06-20,05:22:40,out,0.62,20.0,100.0,20.0,20.012,336.1,1.01
2025-06-20 05:22:57,2025-06-20,05:22:57,in,0.92,1310.8,0.0,20.3,6.253,325.8,1.36
2025-06-20 05:23:43,2025-06-20,05:23:43,out,0.57,20.0,100.0,20.0,20.012,338.7,0.79
2025-06-20 05:24:00,2025-06-20,05:24:00,in,0.92,1310.8,0.0,20.3,6.253,325.8,1.36
2025-06-20 05:24:46,2025-06-20,05:24:46,out,0.62,20.0,100.0,20.0,20.012,336.5,0.93
2025-06-20 05:25:04,2025-06-20,05:25:04,in,0.92,1310.8,0.0,20.3,6.253,325.8,1.36
2025-06-20 05:25:50,2025-06-20,05:25:50,out,0.8,20.0,100.0,20.0,20.012,333.7,0.99
2025-06-20 05:26:08,2025-06-20,05:26:08,in,0.92,1310.8,0.0,20.3,6.253,325.8,1.36
2025-06-20 05:26:54,2025-06-20,05:26:54,out,0.79,20.0,100.0,20.0,20.012,336.4,0.93
2025-06-20 05:27:11,2025-06-20,05:27:11,in,0.92,1310.8,0.0,20.3,6.253,325.8,1.36
2025-06-20 05:27:57,2025-06-20,05:27:57,out,0.95,20.0,100.0,20.0,20.012,340.7,1.0
2025-06-20 05:28:14,2025-06-20,05:28:14,in,0.92,1310.8,0.0,20.3,6.253,325.8,1.36
2025-06-20 05:29:00,2025-06-20,05:29:00,out,0.48,20.0,100.0,20.0,20.012,354.7,1.02
2025-06-20 05:29:18,2025-06-20,05:29:18,in,0.92,1310.8,0.0,20.4,6.295,325.8,1.36
2025-06-20 05:30:04,2025-06-20,05:30:04,out,0.8,20.0,100.0,20.0,20.012,5.3,1.02
2025-06-20 05:30:22,2025-06-20,05:30:22,in,0.92,1310.8,0.0,20.4,6.295,325.8,1.36
2025-06-20 05:31:08,2025-06-20,05:31:08,out,1.09,20.0,100.0,20.0,20.012,359.1,1.25
2025-06-20 05:31:25,2025-06-20,05:31:25,in,0.92,1310.8,0.0,20.4,6.295,325.8,1.36
2025-06-20 05:32:11,2025-06-20,05:32:11,out,0.52,20.0,100.0,20.0,20.012,358.6,1.13
2025-06-20 05:32:28,2025-06-20,05:32:28,in,0.92,1310.8,0.0,20.4,6.295,325.8,1.36
2025-06-20 05:33:14,2025-06-20,05:33:14,out,0.74,20.0,100.0,20.0,20.012,6.8,0.95
2025-06-20 05:33:32,2025-06-20,05:33:32,in,0.92,1310.8,0.0,20.4,6.295,325.8,1.36
2025-06-20 05:34:18,2025-06-20,05:34:18,out,1.07,20.0,100.0,20.0,20.012,23.8,1.38
2025-06-20 05:34:36,2025-06-20,05:34:36,in,0.92,1310.8,0.0,20.4,6.295,325.8,1.36
2025-06-20 05:35:22,2025-06-20,05:35:22,out,1.03,20.0,100.0,20.0,20.012,7.3,1.16
2025-06-20 05:35:39,2025-06-20,05:35:39,in,0.92,1310.8,0.0,20.4,6.295,325.8,1.36
2025-06-20 05:36:25,2025-06-20,05:36:25,out,0.92,20.0,100.0,20.0,20.012,4.2,1.08
2025-06-20 05:36:42,2025-06-20,05:36:42,in,0.92,1310.8,0.0,20.4,6.295,325.8,1.36
2025-06-20 05:37:28,2025-06-20,05:37:28,out,0.38,20.0,100.0,20.0,20.012,42.4,1.18
2025-06-20 05:37:46,2025-06-20,05:37:46,in,0.92,1310.8,0.0,20.3,6.253,325.8,1.36
2025-06-20 05:38:32,2025-06-20,05:38:32,out,0.94,20.0,100.0,20.0,20.012,36.5,1.37
2025-06-20 05:38:50,2025-06-20,05:38:50,in,0.92,1310.8,0.0,20.3,6.253,325.8,1.36
2025-06-20 05:39:36,2025-06-20,05:39:36,out,1.22,19.9,100.0,19.9,19.911,15.1,1.51
2025-06-20 05:39:54,2025-06-20,05:39:54,in,0.92,1310.8,0.0,20.3,6.253,325.8,1.36
2025-06-20 05:40:39,2025-06-20,05:40:39,out,1.35,19.9,100.0,19.9,19.911,43.9,1.59
2025-06-20 05:40:57,2025-06-20,05:40:57,in,0.92,1310.8,0.0,20.3,6.253,325.8,1.36
2025-06-20 05:41:42,2025-06-20,05:41:42,out,0.95,19.9,100.0,19.9,19.911,60.3,1.51
2025-06-20 05:42:00,2025-06-20,05:42:00,in,0.92,1310.8,0.0,20.3,6.253,325.8,1.36
2025-06-20 05:42:46,2025-06-20,05:42:46,out,0.96,19.9,100.0,19.9,19.911,44.9,1.12
2025-06-20 05:43:04,2025-06-20,05:43:04,in,0.92,1310.8,0.0,20.3,6.253,325.8,1.36
2025-06-20 05:43:50,2025-06-20,05:43:50,out,1.17,19.9,100.0,19.9,19.911,53.3,1.4
2025-06-20 05:44:08,2025-06-20,05:44:08,in,0.92,1310.8,0.0,20.3,6.253,325.8,1.36
2025-06-20 05:44:53,2025-06-20,05:44:53,out,1.3,19.9,100.0,19.9,19.911,45.1,1.9
2025-06-20 05:45:11,2025-06-20,05:45:11,in,0.92,1310.8,0.0,20.2,6.212,325.8,1.36
2025-06-20 05:45:56,2025-06-20,05:45:56,out,1.0,19.9,100.0,19.9,19.911,58.0,1.47
2025-06-20 05:46:14,2025-06-20,05:46:14,in,0.92,1310.8,0.0,20.2,6.212,325.8,1.36
2025-06-20 05:47:00,2025-06-20,05:47:00,out,0.78,19.9,100.0,19.9,19.911,41.9,1.19
2025-06-20 05:47:18,2025-06-20,05:47:18,in,0.92,1310.8,0.0,20.3,6.253,325.8,1.36
2025-06-20 05:48:04,2025-06-20,05:48:04,out,1.1,19.9,100.0,19.9,19.911,49.2,1.47
2025-06-20 05:48:22,2025-06-20,05:48:22,in,0.92,1310.8,0.0,20.3,6.253,325.8,1.36
2025-06-20 05:49:07,2025-06-20,05:49:07,out,0.99,19.8,100.0,19.8,19.81,38.6,1.66
2025-06-20 05:49:25,2025-06-20,05:49:25,in,0.92,1310.8,0.0,20.2,6.212,325.8,1.36
2025-06-20 05:50:11,2025-06-20,05:50:11,out,1.26,19.8,100.0,19.8,19.81,48.4,1.62
2025-06-20 05:50:28,2025-06-20,05:50:28,in,0.92,1310.8,0.0,20.2,6.212,325.8,1.36
2025-06-20 05:51:14,2025-06-20,05:51:14,out,1.32,19.8,100.0,19.8,19.81,57.9,1.47
2025-06-20 05:51:32,2025-06-20,05:51:32,in,0.92,1310.8,0.0,20.2,6.212,325.8,1.36
2025-06-20 05:52:18,2025-06-20,05:52:18,out,0.89,19.8,100.0,19.8,19.81,49.2,1.28
2025-06-20 05:52:36,2025-06-20,05:52:36,in,0.92,1310.8,0.0,20.2,6.212,325.8,1.36
2025-06-20 05:53:21,2025-06-20,05:53:21,out,0.84,19.8,100.0,19.8,19.81,62.2,1.74
2025-06-20 05:53:39,2025-06-20,05:53:39,in,0.92,1310.8,0.0,20.2,6.212,325.8,1.36
2025-06-20 05:54:24,2025-06-20,05:54:24,out,1.25,19.8,100.0,19.8,19.81,49.9,1.52
2025-06-20 05:54:42,2025-06-20,05:54:42,in,0.92,1310.8,0.0,20.2,6.212,325.8,1.36
2025-06-20 05:55:28,2025-06-20,05:55:28,out,0.83,19.8,100.0,19.8,19.81,38.4,1.27
2025-06-20 05:55:46,2025-06-20,05:55:46,in,0.92,1310.8,0.0,20.2,6.212,325.8,1.36
2025-06-20 05:56:32,2025-06-20,05:56:32,out,0.44,19.8,100.0,19.8,19.81,351.8,1.03
2025-06-20 05:56:50,2025-06-20,05:56:50,in,0.92,1310.8,0.0,20.2,6.212,325.8,1.36
2025-06-20 05:57:36,2025-06-20,05:57:36,out,0.62,19.8,100.0,19.8,19.81,23.1,0.95
2025-06-20 05:57:53,2025-06-20,05:57:53,in,0.92,1310.8,0.0,20.2,6.212,325.8,1.36
2025-06-20 05:58:38,2025-06-20,05:58:38,out,0.77,19.8,100.0,19.8,19.81,31.4,0.91
2025-06-20 05:58:56,2025-06-20,05:58:56,in,0.92,1310.8,0.0,20.2,6.212,325.8,1.36
2025-06-20 05:59:42,2025-06-20,05:59:42,out,0.76,19.8,100.0,19.8,19.81,25.6,1.01
2025-06-20 06:00:00,2025-06-20,06:00:00,in,0.92,1310.8,0.0,20.2,6.212,325.8,1.36
2025-06-20 06:00:46,2025-06-20,06:00:46,out,1.07,19.8,100.0,19.8,19.81,29.7,1.17
2025-06-20 06:01:04,2025-06-20,06:01:04,in,0.92,1310.8,0.0,20.2,6.212,325.8,1.36
2025-06-20 06:01:50,2025-06-20,06:01:50,out,1.09,19.8,100.0,19.8,19.81,51.3,1.36
2025-06-20 06:02:07,2025-06-20,06:02:07,in,0.92,1310.8,0.0,20.2,6.212,325.8,1.36
2025-06-20 06:02:53,2025-06-20,06:02:53,out,0.92,19.8,100.0,19.8,19.81,49.9,1.35
2025-06-20 06:03:38,2025-06-20,06:03:38,in,0.92,1310.8,0.0,20.2,6.212,325.8,1.36
2025-06-20 06:03:56,2025-06-20,06:03:56,out,0.89,19.8,100.0,19.8,19.81,33.2,1.43
2025-06-20 06:04:40,2025-06-20,06:04:40,in,0.92,1310.8,0.0,20.3,6.253,325.8,1.36
2025-06-20 06:05:00,2025-06-20,06:05:00,out,0.63,19.8,100.0,19.8,19.81,52.6,1.32
2025-06-20 06:05:43,2025-06-20,06:05:43,in,0.92,1310.8,0.0,20.3,6.253,325.8,1.36
2025-06-20 06:06:04,2025-06-20,06:06:04,out,1.08,19.8,100.0,19.8,19.81,51.5,1.16
2025-06-20 06:06:46,2025-06-20,06:06:46,in,0.92,1310.8,0.0,20.3,6.253,325.8,1.36
2025-06-20 06:07:07,2025-06-20,06:07:07,out,0.82,19.8,100.0,19.8,19.81,36.3,1.14
2025-06-20 06:07:50,2025-06-20,06:07:50,in,0.92,1310.8,0.0,20.2,6.212,325.8,1.36
2025-06-20 06:08:10,2025-06-20,06:08:10,out,0.68,19.8,100.0,19.8,19.81,23.0,1.16
2025-06-20 06:08:54,2025-06-20,06:08:54,in,0.92,1310.8,0.0,20.2,6.212,325.8,1.36
2025-06-20 06:09:14,2025-06-20,06:09:14,out,0.38,19.8,100.0,19.8,19.81,8.2,1.04
2025-06-20 06:09:58,2025-06-20,06:09:58,in,0.92,1310.8,0.0,20.3,6.253,325.8,1.36
2025-06-20 06:10:18,2025-06-20,06:10:18,out,0.68,19.8,100.0,19.8,19.81,35.9,0.96
2025-06-20 06:11:01,2025-06-20,06:11:01,in,0.92,1310.8,0.0,20.3,6.253,325.8,1.36
2025-06-20 06:11:21,2025-06-20,06:11:21,out,0.59,19.8,100.0,19.8,19.81,2.4,0.91
2025-06-20 06:12:04,2025-06-20,06:12:04,in,0.92,1310.8,0.0,20.3,6.253,325.8,1.36
2025-06-20 06:12:24,2025-06-20,06:12:24,out,0.75,19.8,100.0,19.8,19.81,28.3,0.86
2025-06-20 06:13:08,2025-06-20,06:13:08,in,0.92,1310.8,0.0,20.3,6.253,325.8,1.36
2025-06-20 06:13:28,2025-06-20,06:13:28,out,0.85,19.8,100.0,19.8,19.81,60.2,0.94
2025-06-20 06:14:12,2025-06-20,06:14:12,in,0.92,1310.8,0.0,20.3,6.253,325.8,1.36
2025-06-20 06:14:32,2025-06-20,06:14:32,out,0.75,19.8,100.0,19.8,19.81,24.7,0.97
2025-06-20 06:15:15,2025-06-20,06:15:15,in,0.92,1310.8,0.0,20.3,6.253,325.8,1.36
2025-06-20 06:15:35,2025-06-20,06:15:35,out,0.6,19.8,100.0,19.8,19.81,49.5,1.14
2025-06-20 06:16:18,2025-06-20,06:16:18,in,0.92,1310.8,0.0,20.3,6.253,325.8,1.36
2025-06-20 06:16:38,2025-06-20,06:16:38,out,1.03,19.8,100.0,19.8,19.81,39.9,1.22
2025-06-20 06:17:22,2025-06-20,06:17:22,in,0.92,1310.8,0.0,20.4,6.295,325.8,1.36
2025-06-20 06:17:42,2025-06-20,06:17:42,out,1.02,19.9,100.0,19.9,19.911,51.2,1.25
2025-06-20 06:18:26,2025-06-20,06:18:26,in,0.92,1310.8,0.0,20.4,6.295,325.8,1.36
2025-06-20 06:18:46,2025-06-20,06:18:46,out,0.53,19.9,100.0,19.9,19.911,66.0,1.26
2025-06-20 06:19:29,2025-06-20,06:19:29,in,0.92,1310.8,0.0,20.4,6.295,325.8,1.36
2025-06-20 06:19:49,2025-06-20,06:19:49,out,0.93,19.9,100.0,19.9,19.911,54.8,1.27
2025-06-20 06:20:32,2025-06-20,06:20:32,in,0.92,1310.8,0.0,20.4,6.295,325.8,1.36
2025-06-20 06:20:52,2025-06-20,06:20:52,out,0.71,19.9,100.0,19.9,19.911,43.5,0.97
2025-06-20 06:21:36,2025-06-20,06:21:36,in,0.92,1310.8,0.0,20.4,6.295,325.8,1.36
2025-06-20 06:21:56,2025-06-20,06:21:56,out,1.04,19.8,100.0,19.8,19.81,55.9,1.2
2025-06-20 06:22:40,2025-06-20,06:22:40,in,0.92,1310.8,0.0,20.4,6.295,325.8,1.36
2025-06-20 06:23:00,2025-06-20,06:23:00,out,1.2,19.9,100.0,19.9,19.911,47.6,1.41
2025-06-20 06:23:43,2025-06-20,06:23:43,in,0.92,1310.8,0.0,20.5,6.337,325.8,1.36
2025-06-20 06:24:03,2025-06-20,06:24:03,out,1.16,19.9,100.0,19.9,19.911,53.7,1.34
2025-06-20 06:24:46,2025-06-20,06:24:46,in,0.92,1310.8,0.0,20.4,6.295,325.8,1.36
2025-06-20 06:25:06,2025-06-20,06:25:06,out,1.17,19.9,100.0,19.9,19.911,55.7,1.4
2025-06-20 06:25:50,2025-06-20,06:25:50,in,0.92,1310.8,0.0,20.4,6.295,325.8,1.36
2025-06-20 06:26:10,2025-06-20,06:26:10,out,1.21,19.9,100.0,19.9,19.911,34.9,1.48
2025-06-20 06:26:54,2025-06-20,06:26:54,in,0.92,1310.8,0.0,20.4,6.295,325.8,1.36
2025-06-20 06:27:14,2025-06-20,06:27:14,out,1.2,19.9,100.0,19.9,19.911,44.7,1.37
2025-06-20 06:27:57,2025-06-20,06:27:57,in,0.92,1310.8,0.0,20.4,6.295,325.8,1.36
2025-06-20 06:28:17,2025-06-20,06:28:17,out,1.2,19.9,100.0,19.9,19.911,37.5,1.33
2025-06-20 06:29:00,2025-06-20,06:29:00,in,0.92,1310.8,0.0,20.4,6.295,325.8,1.36
2025-06-20 06:29:20,2025-06-20,06:29:20,out,0.79,19.9,100.0,19.9,19.911,16.4,1.21
2025-06-20 06:30:04,2025-06-20,06:30:04,in,0.92,1310.8,0.0,20.4,6.295,325.8,1.36
2025-06-20 06:30:24,2025-06-20,06:30:24,out,0.55,19.9,100.0,19.9,19.911,15.0,1.04
2025-06-20 06:31:08,2025-06-20,06:31:08,in,0.92,1310.8,0.0,20.4,6.295,325.8,1.36
2025-06-20 06:31:28,2025-06-20,06:31:28,out,0.67,19.9,100.0,19.9,19.911,357.9,0.89
2025-06-20 06:32:11,2025-06-20,06:32:11,in,0.92,1310.8,0.0,20.4,6.295,325.8,1.36
2025-06-20 06:32:31,2025-06-20,06:32:31,out,0.91,19.9,100.0,19.9,19.911,1.7,1.03
2025-06-20 06:33:15,2025-06-20,06:33:15,in,0.92,1310.8,0.0,20.5,6.337,325.8,1.36
2025-06-20 06:33:34,2025-06-20,06:33:34,out,1.03,19.9,100.0,19.9,19.911,6.2,1.14
2025-06-20 06:34:18,2025-06-20,06:34:18,in,0.92,1310.8,0.0,20.5,6.337,325.8,1.36
2025-06-20 06:34:38,2025-06-20,06:34:38,out,0.77,20.0,100.0,20.0,20.012,10.0,1.23
2025-06-20 06:35:22,2025-06-20,06:35:22,in,0.92,1310.8,0.0,20.5,6.337,325.8,1.36
2025-06-20 06:35:42,2025-06-20,06:35:42,out,1.13,20.0,100.0,20.0,20.012,3.2,1.2
2025-06-20 06:36:25,2025-06-20,06:36:25,in,0.92,1310.8,0.0,20.5,6.337,325.8,1.36
2025-06-20 06:36:45,2025-06-20,06:36:45,out,1.2,20.0,100.0,20.0,20.012,6.5,1.27
2025-06-20 06:37:28,2025-06-20,06:37:28,in,0.92,1310.8,0.0,20.5,6.337,325.8,1.36
2025-06-20 06:37:48,2025-06-20,06:37:48,out,0.88,20.0,100.0,20.0,20.012,3.9,1.23
2025-06-20 06:38:32,2025-06-20,06:38:32,in,0.92,1310.8,0.0,20.5,6.337,325.8,1.36
2025-06-20 06:38:52,2025-06-20,06:38:52,out,0.83,20.0,100.0,20.0,20.012,6.4,1.23
2025-06-20 06:39:36,2025-06-20,06:39:36,in,0.92,1310.8,0.0,20.5,6.337,325.8,1.36
2025-06-20 06:39:56,2025-06-20,06:39:56,out,1.19,20.0,100.0,20.0,20.012,5.7,1.59
2025-06-20 06:40:39,2025-06-20,06:40:39,in,0.92,1310.8,0.0,20.5,6.337,325.8,1.36
2025-06-20 06:40:59,2025-06-20,06:40:59,out,1.0,20.1,100.0,20.1,20.112,3.7,1.44
2025-06-20 06:41:42,2025-06-20,06:41:42,in,0.92,1310.8,0.0,20.5,6.337,325.8,1.36
2025-06-20 06:42:02,2025-06-20,06:42:02,out,1.23,20.1,100.0,20.1,20.112,10.3,1.87
2025-06-20 06:42:46,2025-06-20,06:42:46,in,0.92,1310.8,0.0,20.5,6.337,325.8,1.36
2025-06-20 06:43:06,2025-06-20,06:43:06,out,1.09,20.1,100.0,20.1,20.112,24.3,1.46
2025-06-20 06:43:50,2025-06-20,06:43:50,in,0.92,1310.8,0.0,20.5,6.337,325.8,1.36
2025-06-20 06:44:10,2025-06-20,06:44:10,out,0.75,20.1,100.0,20.1,20.112,47.9,0.97
2025-06-20 06:44:54,2025-06-20,06:44:54,in,0.92,1310.8,0.0,20.5,6.337,325.8,1.36
2025-06-20 06:45:13,2025-06-20,06:45:13,out,1.0,20.1,100.0,20.1,20.112,69.1,1.55
2025-06-20 06:45:57,2025-06-20,06:45:57,in,0.92,1310.8,0.0,20.5,6.337,325.8,1.36
2025-06-20 06:46:16,2025-06-20,06:46:16,out,0.88,20.1,100.0,20.1,20.112,60.3,1.42
2025-06-20 06:47:00,2025-06-20,06:47:00,in,0.92,1310.8,0.0,20.5,6.337,325.8,1.36
2025-06-20 06:47:20,2025-06-20,06:47:20,out,1.19,20.1,100.0,20.1,20.112,70.8,1.6
2025-06-20 06:48:04,2025-06-20,06:48:04,in,0.92,1310.8,0.0,20.5,6.337,325.8,1.36
2025-06-20 06:48:24,2025-06-20,06:48:24,out,1.2,20.1,100.0,20.1,20.112,64.0,1.48
2025-06-20 06:49:08,2025-06-20,06:49:08,in,0.92,1310.8,0.0,20.5,6.337,325.8,1.36
2025-06-20 06:49:27,2025-06-20,06:49:27,out,1.27,20.1,100.0,20.1,20.112,70.9,1.65
2025-06-20 06:50:11,2025-06-20,06:50:11,in,0.92,1310.8,0.0,20.5,6.337,325.8,1.36
2025-06-20 06:50:30,2025-06-20,06:50:30,out,1.29,20.1,100.0,20.1,20.112,63.6,1.92
2025-06-20 06:51:14,2025-06-20,06:51:14,in,0.92,1310.8,0.0,20.5,6.337,325.8,1.36
2025-06-20 06:51:34,2025-06-20,06:51:34,out,1.52,20.1,100.0,20.1,20.112,53.7,1.92
2025-06-20 06:52:18,2025-06-20,06:52:18,in,0.92,1310.8,0.0,20.6,6.378,325.8,1.36
2025-06-20 06:52:38,2025-06-20,06:52:38,out,0.65,20.1,100.0,20.1,20.112,56.3,1.77
2025-06-20 06:53:22,2025-06-20,06:53:22,in,0.92,1310.8,0.0,20.6,6.378,325.8,1.36
2025-06-20 06:53:41,2025-06-20,06:53:41,out,1.59,20.0,100.0,20.0,20.012,54.1,2.34
2025-06-20 06:54:25,2025-06-20,06:54:25,in,0.92,1310.8,0.0,20.6,6.378,325.8,1.36
2025-06-20 06:54:44,2025-06-20,06:54:44,out,1.14,20.0,100.0,20.0,20.012,56.1,1.96
2025-06-20 06:55:28,2025-06-20,06:55:28,in,0.92,1310.8,0.0,20.7,6.42,325.8,1.36
2025-06-20 06:55:48,2025-06-20,06:55:48,out,1.63,20.1,100.0,20.1,20.112,49.1,2.28
2025-06-20 06:56:32,2025-06-20,06:56:32,in,0.92,1310.8,0.0,20.7,6.42,325.8,1.36
2025-06-20 06:56:52,2025-06-20,06:56:52,out,1.6,20.0,100.0,20.0,20.012,68.3,1.81
2025-06-20 06:57:36,2025-06-20,06:57:36,in,0.92,1310.8,0.0,20.7,6.42,325.8,1.36
2025-06-20 06:57:55,2025-06-20,06:57:55,out,1.23,20.1,100.0,20.1,20.112,60.9,1.72
2025-06-20 06:58:39,2025-06-20,06:58:39,in,0.92,1310.8,0.0,20.8,6.461,325.8,1.36
2025-06-20 06:58:58,2025-06-20,06:58:58,out,1.64,20.1,100.0,20.1,20.112,60.1,1.98
2025-06-20 06:59:42,2025-06-20,06:59:42,in,0.92,1310.8,0.0,20.8,6.461,325.8,1.36
2025-06-20 07:00:02,2025-06-20,07:00:02,out,1.1,20.1,100.0,20.1,20.112,73.1,1.99
2025-06-20 07:00:46,2025-06-20,07:00:46,in,0.92,1310.8,0.0,20.8,6.461,325.8,1.36
2025-06-20 07:01:06,2025-06-20,07:01:06,out,0.91,20.1,100.0,20.1,20.112,68.0,1.8
2025-06-20 07:01:50,2025-06-20,07:01:50,in,0.92,1310.8,0.0,20.8,6.461,325.8,1.36
2025-06-20 07:02:09,2025-06-20,07:02:09,out,1.63,20.1,100.0,20.1,20.112,58.1,1.85
2025-06-20 07:02:53,2025-06-20,07:02:53,in,0.92,1310.8,0.0,20.8,6.461,325.8,1.36
2025-06-20 07:03:12,2025-06-20,07:03:12,out,0.94,20.1,100.0,20.1,20.112,45.4,1.44
2025-06-20 07:03:56,2025-06-20,07:03:56,in,0.92,1310.8,0.0,20.8,6.461,325.8,1.36
2025-06-20 07:04:16,2025-06-20,07:04:16,out,1.61,20.1,100.0,20.1,20.112,65.3,1.97
2025-06-20 07:05:00,2025-06-20,07:05:00,in,0.92,1310.8,0.0,20.9,6.503,325.8,1.36
2025-06-20 07:05:20,2025-06-20,07:05:20,out,1.11,20.1,100.0,20.1,20.112,56.9,1.4
2025-06-20 07:06:04,2025-06-20,07:06:04,in,0.92,1310.8,0.0,20.9,6.503,325.8,1.36
2025-06-20 07:06:23,2025-06-20,07:06:23,out,0.8,20.1,100.0,20.1,20.112,66.9,1.62
2025-06-20 07:07:07,2025-06-20,07:07:07,in,0.92,1310.8,0.0,20.9,6.503,325.8,1.36
2025-06-20 07:07:26,2025-06-20,07:07:26,out,1.07,20.2,100.0,20.2,20.213,64.0,1.34
2025-06-20 07:08:10,2025-06-20,07:08:10,in,0.92,1310.8,0.0,20.9,6.503,325.8,1.36
2025-06-20 07:08:30,2025-06-20,07:08:30,out,0.54,20.2,100.0,20.2,20.213,68.1,0.9
2025-06-20 07:09:14,2025-06-20,07:09:14,in,0.92,1310.8,0.0,20.9,6.503,325.8,1.36
2025-06-20 07:09:34,2025-06-20,07:09:34,out,1.0,20.2,100.0,20.2,20.213,72.7,1.22
2025-06-20 07:10:18,2025-06-20,07:10:18,in,0.92,1310.8,0.0,20.9,6.503,325.8,1.36
2025-06-20 07:10:37,2025-06-20,07:10:37,out,0.58,20.2,100.0,20.2,20.213,81.8,1.23
2025-06-20 07:11:21,2025-06-20,07:11:21,in,0.92,1310.8,0.0,20.9,6.503,325.8,1.36
2025-06-20 07:11:40,2025-06-20,07:11:40,out,0.78,20.2,100.0,20.2,20.213,81.5,1.14
2025-06-20 07:12:24,2025-06-20,07:12:24,in,0.92,1310.8,0.0,21.0,6.544,325.8,1.36
2025-06-20 07:12:44,2025-06-20,07:12:44,out,0.46,20.2,100.0,20.2,20.213,102.7,0.69
2025-06-20 07:13:28,2025-06-20,07:13:28,in,0.92,1310.8,0.0,21.0,6.544,325.8,1.36
2025-06-20 07:13:48,2025-06-20,07:13:48,out,0.52,20.2,100.0,20.2,20.213,93.5,0.91
2025-06-20 07:14:32,2025-06-20,07:14:32,in,0.92,1310.8,0.0,21.0,6.544,325.8,1.36
2025-06-20 07:15:20,2025-06-20,07:15:20,out,0.8,20.3,100.0,20.3,20.314,83.5,0.84
2025-06-20 07:15:35,2025-06-20,07:15:35,in,0.92,1310.8,0.0,21.0,6.544,325.8,1.36
2025-06-20 07:16:24,2025-06-20,07:16:24,out,0.7,20.3,100.0,20.3,20.314,93.5,1.02
2025-06-20 07:16:38,2025-06-20,07:16:38,in,0.92,1310.8,0.0,21.1,6.586,325.8,1.36
2025-06-20 07:17:28,2025-06-20,07:17:28,out,0.42,20.3,100.0,20.3,20.314,108.4,0.87
2025-06-20 07:17:42,2025-06-20,07:17:42,in,0.92,1310.8,0.0,21.1,6.586,325.8,1.36
2025-06-20 07:18:31,2025-06-20,07:18:31,out,0.67,20.3,100.0,20.3,20.314,74.5,0.81
2025-06-20 07:18:46,2025-06-20,07:18:46,in,0.92,1310.8,0.0,21.1,6.586,325.8,1.36
2025-06-20 07:19:34,2025-06-20,07:19:34,out,0.52,20.4,100.0,20.4,20.414,101.6,0.74
2025-06-20 07:19:49,2025-06-20,07:19:49,in,0.92,1310.8,0.0,21.1,6.586,325.8,1.36
2025-06-20 07:20:38,2025-06-20,07:20:38,out,0.66,20.4,100.0,20.4,20.414,82.0,0.96
2025-06-20 07:20:52,2025-06-20,07:20:52,in,0.92,1310.8,0.0,21.1,6.586,325.8,1.36
2025-06-20 07:21:42,2025-06-20,07:21:42,out,0.74,20.4,100.0,20.4,20.414,50.7,1.19
2025-06-20 07:21:56,2025-06-20,07:21:56,in,0.92,1310.8,0.0,21.1,6.586,325.8,1.36
2025-06-20 07:22:45,2025-06-20,07:22:45,out,0.69,20.4,100.0,20.4,20.414,94.4,1.66
2025-06-20 07:23:00,2025-06-20,07:23:00,in,0.92,1310.8,0.0,21.2,6.627,325.8,1.36
2025-06-20 07:23:48,2025-06-20,07:23:48,out,0.72,20.4,100.0,20.4,20.414,111.2,0.84
2025-06-20 07:24:03,2025-06-20,07:24:03,in,0.92,1310.8,0.0,21.2,6.627,325.8,1.36
2025-06-20 07:24:52,2025-06-20,07:24:52,out,0.82,20.4,100.0,20.4,20.414,109.5,0.92
2025-06-20 07:25:06,2025-06-20,07:25:06,in,0.92,1310.8,0.0,21.2,6.627,325.8,1.36
2025-06-20 07:25:56,2025-06-20,07:25:56,out,0.57,20.4,100.0,20.4,20.414,101.2,1.15
2025-06-20 07:26:10,2025-06-20,07:26:10,in,0.92,1310.8,0.0,21.2,6.627,325.8,1.36
2025-06-20 07:27:00,2025-06-20,07:27:00,out,0.69,20.4,100.0,20.5,20.515,128.8,1.13
2025-06-20 07:27:14,2025-06-20,07:27:14,in,0.92,1310.8,0.0,21.2,6.627,325.8,1.36
2025-06-20 07:28:03,2025-06-20,07:28:03,out,0.62,20.5,100.0,20.5,20.515,120.7,1.07
2025-06-20 07:28:17,2025-06-20,07:28:17,in,0.92,,,1310.8,,325.8,1.36
2025-06-20 07:29:06,2025-06-20,07:29:06,out,0.52,20.5,100.0,20.5,20.515,91.9,0.77
2025-06-20 07:29:20,2025-06-20,07:29:20,in,0.92,1310.8,0.0,21.2,6.627,325.8,1.36
2025-06-20 07:30:10,2025-06-20,07:30:10,out,1.01,20.5,100.0,20.5,20.515,90.4,1.08
2025-06-20 07:30:24,2025-06-20,07:30:24,in,0.92,1310.8,0.0,21.3,6.669,325.8,1.36
2025-06-20 07:31:13,2025-06-20,07:31:13,out,1.08,20.5,100.0,20.5,20.515,99.9,1.25
2025-06-20 07:31:28,2025-06-20,07:31:28,in,0.92,1310.8,0.0,21.3,6.669,325.8,1.36
2025-06-20 07:32:17,2025-06-20,07:32:17,out,1.16,20.5,100.0,20.5,20.515,117.9,1.63
2025-06-20 07:32:31,2025-06-20,07:32:31,in,0.92,1310.8,0.0,21.4,6.71,325.8,1.36
2025-06-20 07:33:20,2025-06-20,07:33:20,out,0.55,20.5,100.0,20.5,20.515,119.8,1.44
2025-06-20 07:33:35,2025-06-20,07:33:35,in,0.92,1310.8,0.0,21.4,6.71,325.8,1.36
2025-06-20 07:34:24,2025-06-20,07:34:24,out,0.61,20.6,100.0,20.6,20.616,133.0,1.16
2025-06-20 07:34:38,2025-06-20,07:34:38,in,0.92,1310.8,0.0,21.5,6.752,325.8,1.36
2025-06-20 07:35:28,2025-06-20,07:35:28,out,1.21,20.6,100.0,20.6,20.616,133.5,1.46
2025-06-20 07:35:42,2025-06-20,07:35:42,in,0.92,1310.8,0.0,21.5,6.752,325.8,1.36
2025-06-20 07:36:31,2025-06-20,07:36:31,out,1.18,20.6,100.0,20.6,20.616,134.9,1.59
2025-06-20 07:36:46,2025-06-20,07:36:46,in,0.92,1310.8,0.0,21.5,6.752,325.8,1.36
2025-06-20 07:37:34,2025-06-20,07:37:34,out,1.12,20.6,100.0,20.6,20.616,143.3,1.76
2025-06-20 07:37:49,2025-06-20,07:37:49,in,0.92,1310.8,0.0,21.6,6.793,325.8,1.36
2025-06-20 07:38:38,2025-06-20,07:38:38,out,1.01,20.6,100.0,20.6,20.616,124.6,1.64
2025-06-20 07:38:52,2025-06-20,07:38:52,in,0.92,1310.8,0.0,21.7,6.835,325.8,1.36
2025-06-20 07:39:42,2025-06-20,07:39:42,out,1.15,20.6,100.0,20.6,20.616,144.8,1.74
2025-06-20 07:39:56,2025-06-20,07:39:56,in,0.92,1310.8,0.0,21.7,6.835,325.8,1.36
2025-06-20 07:40:45,2025-06-20,07:40:45,out,1.38,20.6,100.0,20.6,20.616,113.2,1.48
2025-06-20 07:41:00,2025-06-20,07:41:00,in,0.92,1310.8,0.0,21.8,6.876,325.8,1.36
2025-06-20 07:41:48,2025-06-20,07:41:48,out,1.29,20.6,100.0,20.6,20.616,129.8,1.56
2025-06-20 07:42:03,2025-06-20,07:42:03,in,0.92,1310.8,0.0,21.8,6.876,325.8,1.36
2025-06-20 07:42:52,2025-06-20,07:42:52,out,1.0,20.7,100.0,20.7,20.717,145.6,1.25
2025-06-20 07:43:06,2025-06-20,07:43:06,in,0.92,1310.8,0.0,21.8,6.876,325.8,1.36
2025-06-20 07:43:56,2025-06-20,07:43:56,out,1.01,20.7,100.0,20.7,20.717,153.2,1.45
2025-06-20 07:44:10,2025-06-20,07:44:10,in,0.92,1310.8,0.0,21.9,6.918,325.8,1.36
2025-06-20 07:44:59,2025-06-20,07:44:59,out,0.72,20.7,100.0,20.7,20.717,139.5,1.14
2025-06-20 07:45:14,2025-06-20,07:45:14,in,0.92,1310.8,0.0,22.0,6.959,325.8,1.36
2025-06-20 07:46:02,2025-06-20,07:46:02,out,0.96,20.8,100.0,20.8,20.817,113.5,1.06
2025-06-20 07:46:17,2025-06-20,07:46:17,in,0.92,1310.8,0.0,22.0,6.959,325.8,1.36
2025-06-20 07:47:06,2025-06-20,07:47:06,out,0.78,20.9,100.0,20.9,20.918,118.0,1.11
2025-06-20 07:47:20,2025-06-20,07:47:20,in,0.92,1310.8,0.0,22.0,6.959,325.8,1.36
2025-06-20 07:48:10,2025-06-20,07:48:10,out,0.7,20.9,100.0,20.9,20.918,139.4,1.15
2025-06-20 07:48:24,2025-06-20,07:48:24,in,0.92,1310.8,0.0,22.0,6.959,325.8,1.36
2025-06-20 07:49:13,2025-06-20,07:49:13,out,0.55,21.0,100.0,21.0,21.019,151.0,0.88
2025-06-20 07:49:28,2025-06-20,07:49:28,in,0.92,1310.8,0.0,22.2,7.042,325.8,1.36
2025-06-20 07:50:16,2025-06-20,07:50:16,out,0.28,21.1,100.0,21.1,21.119,124.0,0.82
2025-06-20 07:50:31,2025-06-20,07:50:31,in,0.92,1310.8,0.0,22.3,7.084,325.8,1.36
2025-06-20 07:51:20,2025-06-20,07:51:20,out,0.06,21.2,100.0,21.2,21.22,121.8,0.48
2025-06-20 07:51:34,2025-06-20,07:51:34,in,0.92,1310.8,0.0,22.2,7.042,325.8,1.36
2025-06-20 07:52:24,2025-06-20,07:52:24,out,0.59,21.4,100.0,21.4,21.422,181.3,0.94
2025-06-20 07:52:38,2025-06-20,07:52:38,in,0.92,1310.8,0.0,22.3,7.084,325.8,1.36
2025-06-20 07:53:27,2025-06-20,07:53:27,out,0.91,21.4,100.0,21.4,21.422,119.4,1.05
2025-06-20 07:53:42,2025-06-20,07:53:42,in,0.92,1310.8,0.0,22.4,7.125,325.8,1.36
2025-06-20 07:54:30,2025-06-20,07:54:30,out,1.33,21.5,100.0,21.5,21.522,222.8,1.43
2025-06-20 07:54:45,2025-06-20,07:54:45,in,0.92,1310.8,0.0,22.5,7.167,325.8,1.36
2025-06-20 07:55:34,2025-06-20,07:55:34,out,0.8,21.5,100.0,21.5,21.522,212.8,1.42
2025-06-20 07:55:48,2025-06-20,07:55:48,in,0.92,1310.8,0.0,22.5,7.167,325.8,1.36
2025-06-20 07:56:38,2025-06-20,07:56:38,out,0.73,21.5,100.0,21.5,21.522,167.3,1.39
2025-06-20 07:56:52,2025-06-20,07:56:52,in,0.92,1310.8,0.0,22.7,7.25,325.8,1.36
2025-06-20 07:57:41,2025-06-20,07:57:41,out,0.22,21.5,100.0,21.5,21.522,180.1,1.19
2025-06-20 07:57:56,2025-06-20,07:57:56,in,0.92,1310.8,0.0,22.8,7.292,325.8,1.36
2025-06-20 07:58:44,2025-06-20,07:58:44,out,0.11,21.6,100.0,21.6,21.623,188.6,0.47
2025-06-20 07:58:59,2025-06-20,07:58:59,in,0.92,1310.8,0.0,22.8,7.292,325.8,1.36
2025-06-20 07:59:48,2025-06-20,07:59:48,out,2.03,21.7,100.0,21.7,21.724,239.6,2.38
2025-06-20 08:00:03,2025-06-20,08:00:03,in,0.92,1310.8,0.0,22.9,7.333,325.8,1.36
2025-06-20 08:00:52,2025-06-20,08:00:52,out,1.3,21.6,100.0,21.6,21.623,239.8,2.34
2025-06-20 08:01:06,2025-06-20,08:01:06,in,0.92,1310.8,0.0,22.9,7.333,325.8,1.36
2025-06-20 08:01:55,2025-06-20,08:01:55,out,0.59,21.6,100.0,21.6,21.623,224.7,0.99
2025-06-20 08:02:10,2025-06-20,08:02:10,in,0.92,1310.8,0.0,22.8,7.292,325.8,1.36
2025-06-20 08:02:58,2025-06-20,08:02:58,out,0.68,21.6,100.0,21.6,21.623,145.6,0.93
2025-06-20 08:03:14,2025-06-20,08:03:14,in,0.92,1310.8,0.0,22.9,7.333,321.2,1.52
2025-06-20 08:04:02,2025-06-20,08:04:02,out,1.43,21.7,100.0,21.7,21.724,271.7,1.92
2025-06-20 08:04:16,2025-06-20,08:04:16,in,1.3,1310.8,0.0,23.0,7.374,321.0,1.59
2025-06-20 08:05:06,2025-06-20,08:05:06,out,0.71,21.7,100.0,21.7,21.724,274.6,1.8
2025-06-20 08:05:20,2025-06-20,08:05:20,in,1.18,1310.8,0.0,23.1,7.416,327.2,1.65
2025-06-20 08:06:09,2025-06-20,08:06:09,out,0.83,21.8,100.0,21.8,21.824,301.9,1.12
2025-06-20 08:06:24,2025-06-20,08:06:24,in,1.51,1310.8,0.0,23.0,7.374,328.0,1.91
2025-06-20 08:07:12,2025-06-20,08:07:12,out,1.02,21.9,100.0,21.9,21.925,275.2,1.24
2025-06-20 08:07:27,2025-06-20,08:07:27,in,1.42,1310.8,0.0,23.0,7.374,319.0,1.84
2025-06-20 08:08:16,2025-06-20,08:08:16,out,0.45,21.9,100.0,21.9,21.925,278.2,1.34
2025-06-20 08:08:31,2025-06-20,08:08:31,in,1.66,1310.8,0.0,23.0,7.374,319.7,2.18
2025-06-20 08:09:20,2025-06-20,08:09:20,out,0.59,22.0,100.0,22.0,22.026,334.9,0.79
2025-06-20 08:09:34,2025-06-20,08:09:34,in,1.12,,,1310.8,,323.6,1.74
2025-06-20 08:10:23,2025-06-20,08:10:23,out,0.47,22.1,100.0,22.1,22.127,293.8,1.03
2025-06-20 08:10:38,2025-06-20,08:10:38,in,1.17,1310.8,0.0,23.1,7.416,319.5,1.72
2025-06-20 08:11:26,2025-06-20,08:11:26,out,0.66,22.1,100.0,22.1,22.127,281.1,1.16
2025-06-20 08:11:41,2025-06-20,08:11:41,in,1.29,1310.8,0.0,23.1,7.416,331.7,1.88
2025-06-20 08:12:30,2025-06-20,08:12:30,out,0.44,22.2,100.0,22.2,22.227,359.0,0.76
2025-06-20 08:12:45,2025-06-20,08:12:45,in,0.86,1310.8,0.0,23.2,7.457,332.0,1.54
2025-06-20 08:13:34,2025-06-20,08:13:34,out,0.92,22.2,100.0,22.2,22.227,295.0,1.06
2025-06-20 08:13:48,2025-06-20,08:13:48,in,1.41,1310.8,0.0,23.3,7.499,315.2,1.68
2025-06-20 08:14:37,2025-06-20,08:14:37,out,0.12,22.3,100.0,22.3,22.328,80.7,1.02
2025-06-20 08:14:52,2025-06-20,08:14:52,in,0.78,1310.8,0.0,23.3,7.499,335.3,1.48
2025-06-20 08:15:41,2025-06-20,08:15:41,out,0.6,22.5,100.0,22.5,22.529,8.4,0.9
2025-06-20 08:15:56,2025-06-20,08:15:56,in,0.96,1310.8,0.0,23.4,7.54,318.0,1.56
2025-06-20 08:16:44,2025-06-20,08:16:44,out,1.55,22.5,100.0,22.6,22.63,3.7,1.82
2025-06-20 08:16:59,2025-06-20,08:16:59,in,1.01,1310.8,0.0,23.5,7.582,330.5,1.66
2025-06-20 08:17:48,2025-06-20,08:17:48,out,1.17,22.4,100.0,22.4,22.429,5.4,1.76
2025-06-20 08:18:02,2025-06-20,08:18:02,in,1.37,1310.8,0.0,23.6,7.623,320.7,1.75
2025-06-20 08:18:52,2025-06-20,08:18:52,out,1.53,22.4,100.0,22.4,22.429,355.9,1.68
2025-06-20 08:19:06,2025-06-20,08:19:06,in,0.95,1310.8,0.0,23.5,7.582,332.6,1.72
2025-06-20 08:19:55,2025-06-20,08:19:55,out,1.41,22.4,100.0,22.4,22.429,7.4,1.65
2025-06-20 08:20:10,2025-06-20,08:20:10,in,1.11,1310.8,0.0,23.6,7.623,336.0,1.39
2025-06-20 08:20:58,2025-06-20,08:20:58,out,0.58,22.3,100.0,22.3,22.328,349.9,1.36
2025-06-20 08:21:13,2025-06-20,08:21:13,in,1.19,1310.8,0.0,23.6,7.623,322.7,1.77
2025-06-20 08:22:02,2025-06-20,08:22:02,out,0.51,22.4,100.0,22.4,22.429,277.6,0.75
2025-06-20 08:22:16,2025-06-20,08:22:16,in,1.14,1310.8,0.0,23.6,7.623,319.3,2.01
2025-06-20 08:23:06,2025-06-20,08:23:06,out,1.05,22.5,100.0,22.5,22.529,346.2,1.21
2025-06-20 08:23:20,2025-06-20,08:23:20,in,0.81,1310.8,0.0,23.6,7.623,322.2,1.47
2025-06-20 08:24:09,2025-06-20,08:24:09,out,0.92,22.5,100.0,22.5,22.529,11.1,1.8
2025-06-20 08:24:24,2025-06-20,08:24:24,in,1.5,1310.8,0.0,23.6,7.623,330.1,2.0
2025-06-20 08:25:12,2025-06-20,08:25:12,out,0.39,22.6,100.0,22.6,22.63,7.5,1.41
2025-06-20 08:25:27,2025-06-20,08:25:27,in,0.92,1310.8,0.0,23.6,7.623,322.2,1.89
2025-06-20 08:26:16,2025-06-20,08:26:16,out,0.95,22.6,100.0,22.6,22.63,5.6,1.56
2025-06-20 08:26:30,2025-06-20,08:26:30,in,1.1,1310.8,0.0,23.7,7.665,320.2,1.61
2025-06-20 08:27:20,2025-06-20,08:27:20,out,1.69,22.5,100.0,22.5,22.529,47.6,1.8
2025-06-20 08:27:34,2025-06-20,08:27:34,in,1.84,1310.8,0.0,23.8,7.706,334.2,2.25
2025-06-20 08:28:23,2025-06-20,08:28:23,out,1.46,22.6,100.0,22.6,22.63,76.2,1.77
2025-06-20 08:28:38,2025-06-20,08:28:38,in,1.12,1310.8,0.0,23.6,7.623,333.4,2.17
2025-06-20 08:29:26,2025-06-20,08:29:26,out,1.06,22.6,100.0,22.6,22.63,77.4,1.85
2025-06-20 08:29:41,2025-06-20,08:29:41,in,0.97,1310.8,0.0,23.6,7.623,321.0,1.51
2025-06-20 08:30:30,2025-06-20,08:30:30,out,0.54,22.7,100.0,22.7,22.731,45.7,0.82
2025-06-20 08:30:44,2025-06-20,08:30:44,in,0.74,1310.8,0.0,23.7,7.665,327.2,1.77
2025-06-20 08:31:34,2025-06-20,08:31:34,out,0.05,22.9,100.0,22.9,22.932,314.2,0.54
2025-06-20 08:31:48,2025-06-20,08:31:48,in,1.0,1310.8,0.0,23.8,7.706,317.1,1.97
2025-06-20 08:32:37,2025-06-20,08:32:37,out,0.15,23.0,100.0,23.0,23.033,356.4,0.79
2025-06-20 08:32:52,2025-06-20,08:32:52,in,0.79,1310.8,0.0,23.8,7.706,321.0,1.26
2025-06-20 08:33:40,2025-06-20,08:33:40,out,0.25,23.1,100.0,23.1,23.134,262.6,0.71
2025-06-20 08:33:55,2025-06-20,08:33:55,in,1.1,1310.8,0.0,23.9,7.748,313.3,1.58
2025-06-20 08:34:44,2025-06-20,08:34:44,out,0.15,23.3,100.0,23.3,23.335,291.0,0.78
2025-06-20 08:34:58,2025-06-20,08:34:58,in,0.83,1310.8,0.0,23.9,7.748,314.6,1.63
2025-06-20 08:35:48,2025-06-20,08:35:48,out,0.35,23.4,100.0,23.4,23.436,247.9,0.61
2025-06-20 08:36:02,2025-06-20,08:36:02,in,0.9,1310.8,0.0,24.0,7.789,325.2,1.88
2025-06-20 08:36:51,2025-06-20,08:36:51,out,1.07,23.5,100.0,23.5,23.537,260.6,1.27
2025-06-20 08:37:06,2025-06-20,08:37:06,in,1.06,1310.8,0.0,24.1,7.831,315.7,1.51
2025-06-20 08:37:54,2025-06-20,08:37:54,out,1.09,23.4,100.0,23.4,23.436,262.9,2.13
2025-06-20 08:38:09,2025-06-20,08:38:09,in,1.36,1310.8,0.0,24.1,7.831,323.9,1.73
2025-06-20 08:38:58,2025-06-20,08:38:58,out,1.12,23.2,100.0,23.2,23.234,297.1,1.7
2025-06-20 08:39:12,2025-06-20,08:39:12,in,1.23,1310.8,0.0,24.0,7.789,321.8,1.72
2025-06-20 08:40:02,2025-06-20,08:40:02,out,1.29,23.0,100.0,23.0,23.033,291.9,1.78
2025-06-20 08:40:16,2025-06-20,08:40:16,in,1.29,1310.8,0.0,23.9,7.748,313.8,1.65
2025-06-20 08:41:05,2025-06-20,08:41:05,out,0.76,22.8,100.0,22.8,22.832,304.3,1.46
2025-06-20 08:41:20,2025-06-20,08:41:20,in,1.23,1310.8,0.0,24.0,7.789,326.3,1.77
2025-06-20 08:42:08,2025-06-20,08:42:08,out,1.17,22.8,100.0,22.8,22.832,275.5,1.45
2025-06-20 08:42:23,2025-06-20,08:42:23,in,1.05,1310.8,0.0,24.0,7.789,320.5,1.51
2025-06-20 08:43:12,2025-06-20,08:43:12,out,0.83,22.8,100.0,22.8,22.832,284.0,1.11
2025-06-20 08:43:26,2025-06-20,08:43:26,in,1.29,1310.8,0.0,24.0,7.789,327.8,1.73
2025-06-20 08:44:16,2025-06-20,08:44:16,out,0.78,22.8,100.0,22.8,22.832,242.9,1.05
2025-06-20 08:44:30,2025-06-20,08:44:30,in,1.22,1310.8,0.0,24.0,7.789,324.4,1.82
2025-06-20 08:45:19,2025-06-20,08:45:19,out,0.66,23.0,100.0,23.0,23.033,216.9,0.79
2025-06-20 08:45:34,2025-06-20,08:45:34,in,1.1,1310.8,0.0,24.1,7.831,317.9,1.9
2025-06-20 08:46:22,2025-06-20,08:46:22,out,0.64,23.0,100.0,23.0,23.033,265.0,0.97
2025-06-20 08:46:37,2025-06-20,08:46:37,in,1.21,1310.8,0.0,24.3,7.914,324.6,1.37
2025-06-20 08:47:26,2025-06-20,08:47:26,out,0.52,23.1,100.0,23.1,23.134,279.4,1.02
2025-06-20 08:47:40,2025-06-20,08:47:40,in,1.37,1310.8,0.0,24.3,7.914,324.7,1.71
2025-06-20 08:48:30,2025-06-20,08:48:30,out,0.5,23.3,100.0,23.3,23.335,256.6,0.71
2025-06-20 08:48:44,2025-06-20,08:48:44,in,1.11,1310.8,0.0,24.4,7.955,321.0,1.94
2025-06-20 08:49:33,2025-06-20,08:49:33,out,0.58,23.5,100.0,23.5,23.537,306.5,1.12
2025-06-20 08:49:48,2025-06-20,08:49:48,in,0.67,1310.8,0.0,24.6,8.038,322.8,1.57
2025-06-20 08:50:36,2025-06-20,08:50:36,out,0.47,23.6,100.0,23.6,23.637,330.5,0.75
2025-06-20 08:50:51,2025-06-20,08:50:51,in,0.97,1310.8,0.0,24.7,8.08,325.0,1.93
2025-06-20 08:51:40,2025-06-20,08:51:40,out,0.3,23.7,100.0,23.7,23.738,350.1,0.61
2025-06-20 08:51:55,2025-06-20,08:51:55,in,1.88,1310.8,0.0,24.6,8.038,326.9,2.38
2025-06-20 08:52:44,2025-06-20,08:52:44,out,0.78,23.8,100.0,23.8,23.839,4.6,1.01
2025-06-20 08:52:58,2025-06-20,08:52:58,in,1.19,1310.8,0.0,24.6,8.038,323.7,2.46
2025-06-20 08:53:47,2025-06-20,08:53:47,out,1.22,23.9,100.0,23.9,23.939,47.8,1.55
2025-06-20 08:54:02,2025-06-20,08:54:02,in,1.44,1310.8,0.0,24.7,8.08,313.8,1.88
2025-06-20 08:54:50,2025-06-20,08:54:50,out,0.99,23.8,100.0,23.8,23.839,91.8,1.68
2025-06-20 08:55:06,2025-06-20,08:55:06,in,1.74,1310.8,0.0,24.9,8.163,317.8,2.59
2025-06-20 08:55:54,2025-06-20,08:55:54,out,1.16,23.7,100.0,23.7,23.738,98.0,1.5
2025-06-20 08:56:09,2025-06-20,08:56:09,in,1.55,1310.8,0.0,24.9,8.163,320.9,2.15
2025-06-20 08:56:58,2025-06-20,08:56:58,out,1.85,23.8,100.0,23.8,23.839,245.7,1.96
2025-06-20 08:57:12,2025-06-20,08:57:12,in,1.0,1310.8,0.0,24.9,8.163,338.0,2.07
2025-06-20 08:58:01,2025-06-20,08:58:01,out,0.71,23.8,100.0,23.8,23.839,206.9,1.75
2025-06-20 08:58:16,2025-06-20,08:58:16,in,1.37,1310.8,0.0,25.1,8.246,312.2,2.12
2025-06-20 08:59:04,2025-06-20,08:59:04,out,1.94,23.8,100.0,23.8,23.839,266.4,2.21
2025-06-20 08:59:20,2025-06-20,08:59:20,in,1.14,1310.8,0.0,25.2,8.287,327.9,2.05
2025-06-20 09:00:08,2025-06-20,09:00:08,out,1.6,23.8,100.0,23.8,23.839,249.2,2.73
2025-06-20 09:00:23,2025-06-20,09:00:23,in,1.16,1310.8,0.0,25.3,8.328,326.3,1.81
2025-06-20 09:01:12,2025-06-20,09:01:12,out,2.42,23.8,100.0,23.8,23.839,208.2,2.78
2025-06-20 09:01:26,2025-06-20,09:01:26,in,1.48,1310.8,0.0,25.3,8.328,330.3,1.76
2025-06-20 09:02:15,2025-06-20,09:02:15,out,1.97,23.6,100.0,23.6,23.637,192.8,3.03
2025-06-20 09:02:30,2025-06-20,09:02:30,in,1.21,1310.8,0.0,25.4,8.37,319.4,1.91
2025-06-20 09:03:18,2025-06-20,09:03:18,out,0.3,23.6,100.0,23.6,23.637,182.3,2.59
2025-06-20 09:03:34,2025-06-20,09:03:34,in,1.85,1310.8,0.0,25.5,8.411,313.2,2.38
2025-06-20 09:04:22,2025-06-20,09:04:22,out,2.48,23.7,100.0,23.7,23.738,201.4,2.81
2025-06-20 09:04:37,2025-06-20,09:04:37,in,1.02,1310.8,0.0,25.6,8.453,312.6,1.77
2025-06-20 09:05:26,2025-06-20,09:05:26,out,0.81,23.6,100.0,23.6,23.637,185.9,2.68
2025-06-20 09:05:40,2025-06-20,09:05:40,in,1.1,1310.8,0.0,25.8,8.536,313.8,1.91
2025-06-20 09:06:29,2025-06-20,09:06:29,out,1.5,23.6,100.0,23.6,23.637,208.5,2.86
2025-06-20 09:06:44,2025-06-20,09:06:44,in,1.55,1310.8,0.0,25.8,8.536,313.7,2.06
2025-06-20 09:07:32,2025-06-20,09:07:32,out,1.16,23.7,100.0,23.7,23.738,211.9,2.42
2025-06-20 09:07:48,2025-06-20,09:07:48,in,1.19,1310.8,0.0,25.9,8.577,316.5,2.24
2025-06-20 09:08:36,2025-06-20,09:08:36,out,0.19,23.9,100.0,23.9,23.939,282.6,1.57
2025-06-20 09:08:51,2025-06-20,09:08:51,in,1.22,1310.8,0.0,26.0,8.619,318.7,2.32
2025-06-20 09:09:40,2025-06-20,09:09:40,out,0.21,24.0,100.0,24.0,24.04,208.0,2.04
2025-06-20 09:09:54,2025-06-20,09:09:54,in,1.18,1310.8,0.0,26.1,8.66,333.7,2.03
2025-06-20 09:10:43,2025-06-20,09:10:43,out,1.95,24.1,100.0,24.1,24.141,222.6,2.14
2025-06-20 09:10:58,2025-06-20,09:10:58,in,1.1,1310.8,0.0,25.9,8.577,317.8,2.01
2025-06-20 09:11:46,2025-06-20,09:11:46,out,1.95,23.8,98.7,24.0,23.868,240.7,2.39
2025-06-20 09:12:02,2025-06-20,09:12:02,in,0.66,1310.8,0.0,25.8,8.536,307.5,1.85
2025-06-20 09:12:50,2025-06-20,09:12:50,out,0.9,23.8,98.3,24.1,23.915,210.1,1.8
2025-06-20 09:13:05,2025-06-20,09:13:05,in,0.89,1310.8,0.0,25.8,8.536,323.5,1.38
2025-06-20 09:13:54,2025-06-20,09:13:54,out,1.22,23.4,96.0,24.1,23.609,258.7,2.51
2025-06-20 09:14:08,2025-06-20,09:14:08,in,1.17,1310.8,0.0,25.9,8.577,326.5,1.74
2025-06-20 09:14:58,2025-06-20,09:14:58,out,1.03,23.2,94.7,24.1,23.436,262.9,2.03
2025-06-20 09:15:12,2025-06-20,09:15:12,in,1.45,1310.8,0.0,25.9,8.577,321.1,1.6
2025-06-20 09:16:01,2025-06-20,09:16:01,out,1.49,23.2,94.2,24.2,23.469,249.1,2.12
2025-06-20 09:16:16,2025-06-20,09:16:16,in,1.22,1310.8,0.0,25.8,8.536,316.3,1.81
2025-06-20 09:17:04,2025-06-20,09:17:04,out,1.56,23.4,94.5,24.4,23.708,292.4,1.93
2025-06-20 09:17:19,2025-06-20,09:17:19,in,1.09,1310.8,0.0,25.8,8.536,321.3,2.4
2025-06-20 09:18:08,2025-06-20,09:18:08,out,1.19,23.7,94.7,24.6,23.934,236.5,2.28
2025-06-20 09:18:22,2025-06-20,09:18:22,in,1.23,1310.8,0.0,25.9,8.577,331.8,1.87
2025-06-20 09:19:12,2025-06-20,09:19:12,out,2.25,23.1,91.7,24.6,23.531,237.1,3.03
2025-06-20 09:19:26,2025-06-20,09:19:26,in,0.79,1310.8,0.0,26.0,8.619,333.0,1.5
2025-06-20 09:20:15,2025-06-20,09:20:15,out,2.62,22.5,89.0,24.5,23.069,234.4,3.41
2025-06-20 09:20:30,2025-06-20,09:20:30,in,0.99,1310.8,0.0,26.0,8.619,327.9,1.66
2025-06-20 09:21:18,2025-06-20,09:21:18,out,2.31,22.8,90.3,24.5,23.244,252.6,2.83
2025-06-20 09:21:33,2025-06-20,09:21:33,in,0.81,1310.8,0.0,26.0,8.619,320.9,1.51
2025-06-20 09:22:22,2025-06-20,09:22:22,out,1.76,22.6,88.7,24.6,23.127,230.9,3.12
2025-06-20 09:22:36,2025-06-20,09:22:36,in,1.02,1310.8,0.0,26.1,8.66,338.6,1.33
2025-06-20 09:23:26,2025-06-20,09:23:26,out,1.14,22.5,88.2,24.6,23.06,217.0,1.9
2025-06-20 09:23:40,2025-06-20,09:23:40,in,0.94,1310.8,0.0,26.0,8.619,325.7,1.68
2025-06-20 09:24:29,2025-06-20,09:24:29,out,2.51,22.2,86.5,24.6,22.83,231.8,2.65
2025-06-20 09:24:44,2025-06-20,09:24:44,in,1.0,1310.8,0.0,26.1,8.66,327.8,1.84
2025-06-20 09:25:32,2025-06-20,09:25:32,out,1.42,21.9,85.2,24.5,22.557,235.4,2.66
2025-06-20 09:25:47,2025-06-20,09:25:47,in,1.12,1310.8,0.0,26.0,8.619,328.1,1.56
2025-06-20 09:26:36,2025-06-20,09:26:36,out,1.8,21.7,84.7,24.5,22.489,228.7,2.41
2025-06-20 09:26:50,2025-06-20,09:26:50,in,1.16,1310.8,0.0,26.0,8.619,327.4,1.76
2025-06-20 09:27:40,2025-06-20,09:27:40,out,2.29,21.4,82.8,24.5,22.232,216.0,2.9
2025-06-20 09:27:54,2025-06-20,09:27:54,in,1.12,1310.8,0.0,26.0,8.619,329.8,1.49
2025-06-20 09:28:43,2025-06-20,09:28:43,out,0.61,21.3,82.3,24.5,22.164,208.1,2.34
2025-06-20 09:28:58,2025-06-20,09:28:58,in,0.85,1310.8,0.0,26.1,8.66,325.1,1.41
2025-06-20 09:29:46,2025-06-20,09:29:46,out,2.85,21.1,81.6,24.5,22.069,243.0,3.29
2025-06-20 09:30:01,2025-06-20,09:30:01,in,1.09,1310.8,0.0,26.0,8.619,318.4,1.7
2025-06-20 09:30:50,2025-06-20,09:30:50,out,1.21,20.1,77.0,24.4,21.346,208.8,3.5
2025-06-20 09:31:04,2025-06-20,09:31:04,in,1.15,1310.8,0.0,25.9,8.577,333.0,2.14
2025-06-20 09:31:54,2025-06-20,09:31:54,out,0.14,20.1,77.1,24.4,21.36,145.5,1.05
2025-06-20 09:32:08,2025-06-20,09:32:08,in,1.49,1310.8,0.0,25.8,8.536,320.1,1.75
2025-06-20 09:32:57,2025-06-20,09:32:57,out,0.37,20.4,77.9,24.5,21.564,232.9,0.6
2025-06-20 09:33:12,2025-06-20,09:33:12,in,1.5,1310.8,0.0,25.7,8.494,310.1,2.21
2025-06-20 09:34:00,2025-06-20,09:34:00,out,0.92,20.2,76.6,24.6,21.481,199.9,1.4
2025-06-20 09:34:15,2025-06-20,09:34:15,in,1.1,1310.8,0.0,25.6,8.453,315.6,1.8
2025-06-20 09:35:04,2025-06-20,09:35:04,out,0.7,20.2,76.6,24.6,21.481,243.7,1.22
2025-06-20 09:35:18,2025-06-20,09:35:18,in,1.29,1310.8,0.0,25.7,8.494,317.4,1.91
2025-06-20 09:36:08,2025-06-20,09:36:08,out,1.08,20.4,76.9,24.7,21.618,197.2,1.99
2025-06-20 09:36:22,2025-06-20,09:36:22,in,1.42,1310.8,0.0,25.8,8.536,316.7,2.7
2025-06-20 09:37:11,2025-06-20,09:37:11,out,1.07,20.5,77.0,24.8,21.727,214.2,1.9
2025-06-20 09:37:26,2025-06-20,09:37:26,in,1.27,1310.8,0.0,25.9,8.577,321.0,2.44
2025-06-20 09:38:14,2025-06-20,09:38:14,out,0.92,19.3,71.7,24.9,21.085,197.3,1.56
2025-06-20 09:38:29,2025-06-20,09:38:29,in,1.5,1310.8,0.0,25.9,8.577,312.0,2.77
2025-06-20 09:39:18,2025-06-20,09:39:18,out,0.51,18.7,68.1,25.0,20.671,189.6,2.74
2025-06-20 09:39:32,2025-06-20,09:39:32,in,0.71,1310.8,0.0,25.9,8.577,320.6,1.64
2025-06-20 09:40:22,2025-06-20,09:40:22,out,0.89,18.8,68.1,25.1,20.764,147.4,1.49
2025-06-20 09:40:36,2025-06-20,09:40:36,in,0.26,1310.8,0.0,26.0,8.619,125.3,1.34
2025-06-20 09:41:25,2025-06-20,09:41:25,out,1.19,18.7,67.9,25.1,20.735,236.3,1.33
2025-06-20 09:41:40,2025-06-20,09:41:40,in,0.09,1310.8,0.0,26.0,8.619,88.0,0.53
2025-06-20 09:42:28,2025-06-20,09:42:28,out,1.34,18.5,66.9,25.1,20.593,213.6,1.96
2025-06-20 09:42:43,2025-06-20,09:42:43,in,0.04,1310.8,0.0,26.0,8.619,332.8,0.61
2025-06-20 09:43:32,2025-06-20,09:43:32,out,1.61,18.6,67.3,25.1,20.65,260.7,2.17
2025-06-20 09:43:46,2025-06-20,09:43:46,in,0.34,1310.8,0.0,26.0,8.619,104.8,0.42
2025-06-20 09:44:36,2025-06-20,09:44:36,out,2.98,18.5,67.0,25.1,20.607,245.7,3.16
2025-06-20 09:44:50,2025-06-20,09:44:50,in,0.22,1310.8,0.0,26.0,8.619,34.3,0.47
2025-06-20 09:45:39,2025-06-20,09:45:39,out,1.68,18.4,67.0,25.0,20.515,237.5,3.36
2025-06-20 09:45:54,2025-06-20,09:45:54,in,0.4,1310.8,0.0,26.1,8.66,6.1,0.46
2025-06-20 09:46:42,2025-06-20,09:46:42,out,2.17,18.6,67.6,25.0,20.6,252.1,2.78
2025-06-20 09:46:57,2025-06-20,09:46:57,in,0.1,1310.8,0.0,26.1,8.66,37.2,0.59
2025-06-20 09:47:46,2025-06-20,09:47:46,out,2.72,18.4,67.2,24.9,20.451,242.7,3.25
2025-06-20 09:48:00,2025-06-20,09:48:00,in,0.41,1310.8,0.0,26.1,8.66,354.0,0.61
2025-06-20 09:48:50,2025-06-20,09:48:50,out,1.16,18.4,67.3,24.9,20.465,258.3,2.15
2025-06-20 09:49:04,2025-06-20,09:49:04,in,0.55,1310.8,0.0,26.1,8.66,334.8,0.75
2025-06-20 09:49:53,2025-06-20,09:49:53,out,1.31,18.5,67.6,24.9,20.508,275.9,2.51
2025-06-20 09:50:08,2025-06-20,09:50:08,in,0.55,1310.8,0.0,26.0,8.619,328.9,0.76
2025-06-20 09:50:56,2025-06-20,09:50:56,out,1.16,18.4,67.3,24.9,20.465,267.5,3.17
2025-06-20 09:51:11,2025-06-20,09:51:11,in,0.82,1310.8,0.0,25.8,8.536,324.4,1.32
2025-06-20 09:52:00,2025-06-20,09:52:00,out,1.76,18.5,67.4,25.0,20.572,288.6,1.99
2025-06-20 09:52:14,2025-06-20,09:52:14,in,0.79,1310.8,0.0,25.7,8.494,342.8,1.2
2025-06-20 09:53:04,2025-06-20,09:53:04,out,0.99,18.4,67.0,25.0,20.515,351.7,1.96
2025-06-20 09:53:18,2025-06-20,09:53:18,in,0.72,1310.8,0.0,25.7,8.494,2.2,1.34
2025-06-20 09:54:07,2025-06-20,09:54:07,out,1.13,18.4,66.9,25.0,20.5,315.4,1.76
2025-06-20 09:54:22,2025-06-20,09:54:22,in,0.37,1310.8,0.0,25.7,8.494,3.5,0.68
2025-06-20 09:55:10,2025-06-20,09:55:10,out,2.08,18.4,66.9,25.0,20.5,290.7,2.27
2025-06-20 09:55:26,2025-06-20,09:55:26,in,0.69,1310.8,0.0,25.7,8.494,326.5,1.43
2025-06-20 09:56:14,2025-06-20,09:56:14,out,2.74,18.5,67.0,25.1,20.607,251.4,3.22
2025-06-20 09:56:29,2025-06-20,09:56:29,in,0.3,1310.8,0.0,25.7,8.494,56.0,0.89
2025-06-20 09:57:18,2025-06-20,09:57:18,out,2.31,18.4,66.5,25.1,20.536,251.1,3.75
2025-06-20 09:57:32,2025-06-20,09:57:32,in,0.09,1310.8,0.0,25.8,8.536,18.4,0.37
2025-06-20 09:58:22,2025-06-20,09:58:22,out,1.91,18.4,66.4,25.1,20.521,263.6,3.43
2025-06-20 09:58:36,2025-06-20,09:58:36,in,0.81,1310.8,0.0,25.8,8.536,341.1,0.91
2025-06-20 09:59:24,2025-06-20,09:59:24,out,2.36,18.3,66.0,25.1,20.464,262.7,2.78
2025-06-20 09:59:40,2025-06-20,09:59:40,in,0.69,1310.8,0.0,25.7,8.494,325.8,0.83
2025-06-20 10:00:28,2025-06-20,10:00:28,out,2.05,18.1,65.6,25.0,20.315,267.7,3.15
2025-06-20 10:00:43,2025-06-20,10:00:43,in,0.43,1310.8,0.0,25.7,8.494,6.5,1.09
2025-06-20 10:01:32,2025-06-20,10:01:32,out,1.68,18.1,65.7,25.0,20.329,250.4,2.32
2025-06-20 10:01:46,2025-06-20,10:01:46,in,0.7,1310.8,0.0,25.6,8.453,335.3,0.89
2025-06-20 10:02:36,2025-06-20,10:02:36,out,2.39,18.2,65.7,25.0,20.329,228.0,2.62
2025-06-20 10:02:50,2025-06-20,10:02:50,in,0.39,1310.8,0.0,25.7,8.494,345.8,1.01
2025-06-20 10:03:39,2025-06-20,10:03:39,out,2.5,18.1,65.5,25.1,20.392,212.7,2.59
2025-06-20 10:03:54,2025-06-20,10:03:54,in,0.57,1310.8,0.0,25.7,8.494,344.2,0.77
2025-06-20 10:04:42,2025-06-20,10:04:42,out,1.86,18.0,65.0,25.0,20.229,238.4,2.74
2025-06-20 10:04:57,2025-06-20,10:04:57,in,0.47,1310.8,0.0,25.8,8.536,351.9,0.61
2025-06-20 10:05:46,2025-06-20,10:05:46,out,0.76,18.0,65.3,25.0,20.272,293.0,1.88
2025-06-20 10:06:00,2025-06-20,10:06:00,in,0.58,1310.8,0.0,25.7,8.494,332.4,0.72
2025-06-20 10:06:50,2025-06-20,10:06:50,out,0.64,18.0,65.2,25.0,20.258,353.3,1.36
2025-06-20 10:07:04,2025-06-20,10:07:04,in,0.83,1310.8,0.0,25.6,8.453,319.8,1.64
2025-06-20 10:07:53,2025-06-20,10:07:53,out,0.66,18.1,65.3,25.1,20.364,251.8,0.92
2025-06-20 10:08:08,2025-06-20,10:08:08,in,0.8,1310.8,0.0,25.5,8.411,322.1,1.06
2025-06-20 10:08:56,2025-06-20,10:08:56,out,1.83,18.0,65.1,25.1,20.335,267.1,2.78
2025-06-20 10:09:11,2025-06-20,10:09:11,in,0.7,1310.8,0.0,25.5,8.411,341.4,0.83
2025-06-20 10:10:00,2025-06-20,10:10:00,out,1.14,18.1,65.2,25.1,20.349,239.4,2.09
2025-06-20 10:10:14,2025-06-20,10:10:14,in,0.69,1310.8,0.0,25.5,8.411,343.0,0.82
2025-06-20 10:11:04,2025-06-20,10:11:04,out,1.03,18.2,65.4,25.2,20.47,234.6,1.53
2025-06-20 10:11:18,2025-06-20,10:11:18,in,0.26,1310.8,0.0,25.5,8.411,334.1,0.68
2025-06-20 10:12:07,2025-06-20,10:12:07,out,1.06,18.2,65.3,25.2,20.455,241.9,2.79
2025-06-20 10:12:22,2025-06-20,10:12:22,in,0.25,1310.8,0.0,25.6,8.453,42.8,0.75
2025-06-20 10:13:10,2025-06-20,10:13:10,out,1.71,18.3,65.6,25.2,20.498,233.3,2.3
2025-06-20 10:13:25,2025-06-20,10:13:25,in,0.34,1310.8,0.0,25.6,8.453,355.6,0.86
2025-06-20 10:14:14,2025-06-20,10:14:14,out,1.67,18.2,65.4,25.2,20.47,229.2,2.32
2025-06-20 10:14:28,2025-06-20,10:14:28,in,0.37,1310.8,0.0,25.6,8.453,357.4,0.65
2025-06-20 10:15:18,2025-06-20,10:15:18,out,2.24,17.9,64.4,25.1,20.234,198.6,2.99
2025-06-20 10:15:32,2025-06-20,10:15:32,in,0.13,1310.8,0.0,25.7,8.494,106.8,0.47
2025-06-20 10:16:21,2025-06-20,10:16:21,out,1.95,17.9,64.7,25.0,20.186,242.2,2.35
2025-06-20 10:16:36,2025-06-20,10:16:36,in,0.19,1310.8,0.0,25.7,8.494,344.0,1.21
2025-06-20 10:17:24,2025-06-20,10:17:24,out,1.45,17.7,63.8,25.0,20.056,240.3,2.6
2025-06-20 10:17:39,2025-06-20,10:17:39,in,0.66,1310.8,0.0,25.6,8.453,344.5,0.79
2025-06-20 10:18:28,2025-06-20,10:18:28,out,1.62,17.7,64.0,25.0,20.085,238.3,2.13
2025-06-20 10:18:42,2025-06-20,10:18:42,in,0.44,1310.8,0.0,25.5,8.411,351.2,0.69
2025-06-20 10:19:32,2025-06-20,10:19:32,out,2.3,,,17.7,,241.8,2.74
2025-06-20 10:19:46,2025-06-20,10:19:46,in,0.62,1310.8,0.0,25.5,8.411,342.4,0.87
2025-06-20 10:20:35,2025-06-20,10:20:35,out,1.63,17.9,64.6,25.0,20.172,247.5,2.95
2025-06-20 10:20:50,2025-06-20,10:20:50,in,0.06,1310.8,0.0,25.5,8.411,32.2,0.63
2025-06-20 10:21:38,2025-06-20,10:21:38,out,2.19,17.7,63.9,25.0,20.071,231.8,3.39
2025-06-20 10:21:53,2025-06-20,10:21:53,in,0.51,1310.8,0.0,25.6,8.453,341.4,0.58
2025-06-20 10:22:42,2025-06-20,10:22:42,out,1.74,17.6,64.1,24.9,20.008,237.0,2.77
2025-06-20 10:22:56,2025-06-20,10:22:56,in,0.69,1310.8,0.0,25.5,8.411,329.8,0.81
2025-06-20 10:23:46,2025-06-20,10:23:46,out,1.85,,,17.8,,25.0,6.43
2025-06-20 10:24:00,2025-06-20,10:24:00,in,0.53,1310.8,0.0,25.5,8.411,347.2,0.88
2025-06-20 10:24:49,2025-06-20,10:24:49,out,1.33,17.8,64.3,25.0,20.128,252.9,2.19
2025-06-20 10:25:04,2025-06-20,10:25:04,in,0.5,1310.8,0.0,25.5,8.411,340.9,0.93
2025-06-20 10:25:52,2025-06-20,10:25:52,out,1.56,17.8,64.5,25.0,20.157,233.2,2.39
2025-06-20 10:26:07,2025-06-20,10:26:07,in,0.91,1310.8,0.0,25.5,8.411,320.9,1.5
2025-06-20 10:26:56,2025-06-20,10:26:56,out,2.24,17.8,64.2,25.1,20.205,242.7,2.45
2025-06-20 10:27:10,2025-06-20,10:27:10,in,0.92,1310.8,0.0,25.5,8.411,322.7,1.31
2025-06-20 10:28:00,2025-06-20,10:28:00,out,2.14,17.7,64.0,25.0,20.085,256.4,2.52
2025-06-20 10:28:14,2025-06-20,10:28:14,in,0.78,1310.8,0.0,25.6,8.453,329.0,1.54
2025-06-20 10:29:03,2025-06-20,10:29:03,out,1.76,17.7,64.1,25.0,20.1,242.7,2.85
2025-06-20 10:29:18,2025-06-20,10:29:18,in,1.68,1310.8,0.0,25.5,8.411,329.6,1.93
2025-06-20 10:30:06,2025-06-20,10:30:06,out,2.02,17.6,63.6,25.0,20.028,236.6,3.84
2025-06-20 10:30:21,2025-06-20,10:30:21,in,1.0,1310.8,0.0,25.5,8.411,347.5,1.55
2025-06-20 10:31:10,2025-06-20,10:31:10,out,1.91,17.7,64.1,25.0,20.1,231.6,2.58
2025-06-20 10:31:24,2025-06-20,10:31:24,in,0.92,1310.8,0.0,25.5,8.411,314.2,1.7
2025-06-20 10:32:14,2025-06-20,10:32:14,out,1.93,17.6,63.7,25.0,20.042,216.3,3.11
2025-06-20 10:32:28,2025-06-20,10:32:28,in,0.76,1310.8,0.0,25.6,8.453,334.8,1.68
2025-06-20 10:33:17,2025-06-20,10:33:17,out,1.44,17.6,63.7,25.0,20.042,232.5,2.54
2025-06-20 10:33:32,2025-06-20,10:33:32,in,0.74,1310.8,0.0,25.6,8.453,325.4,1.58
2025-06-20 10:34:20,2025-06-20,10:34:20,out,1.89,17.6,63.7,25.0,20.042,208.0,2.19
2025-06-20 10:34:35,2025-06-20,10:34:35,in,0.88,1310.8,0.0,25.6,8.453,327.8,1.62
2025-06-20 10:35:24,2025-06-20,10:35:24,out,2.65,17.5,63.4,25.0,19.999,254.6,3.19
2025-06-20 10:35:38,2025-06-20,10:35:38,in,1.34,1310.8,0.0,25.6,8.453,333.8,1.63
2025-06-20 10:36:28,2025-06-20,10:36:28,out,2.04,17.4,63.0,25.0,19.941,249.7,3.17
2025-06-20 10:36:42,2025-06-20,10:36:42,in,0.84,1310.8,0.0,25.6,8.453,332.1,1.64
2025-06-20 10:37:31,2025-06-20,10:37:31,out,1.69,17.4,63.0,25.0,19.941,221.7,2.34
2025-06-20 10:37:46,2025-06-20,10:37:46,in,0.86,1310.8,0.0,25.6,8.453,336.9,1.66
2025-06-20 10:38:34,2025-06-20,10:38:34,out,1.58,17.4,62.7,25.0,19.898,248.3,2.47
2025-06-20 10:38:49,2025-06-20,10:38:49,in,0.79,1310.8,0.0,25.6,8.453,341.8,1.42
2025-06-20 10:39:38,2025-06-20,10:39:38,out,2.19,17.4,62.9,25.0,19.927,271.8,2.49
2025-06-20 10:39:52,2025-06-20,10:39:52,in,1.41,1310.8,0.0,25.7,8.494,328.5,2.05
2025-06-20 10:40:42,2025-06-20,10:40:42,out,1.75,17.5,63.0,25.1,20.032,278.9,2.4
2025-06-20 10:40:56,2025-06-20,10:40:56,in,1.2,1310.8,0.0,25.8,8.536,331.3,2.17
2025-06-20 10:41:45,2025-06-20,10:41:45,out,1.48,17.5,62.8,25.1,20.003,284.1,2.68
2025-06-20 10:42:00,2025-06-20,10:42:00,in,1.35,1310.8,0.0,25.9,8.577,320.7,2.23
2025-06-20 10:42:48,2025-06-20,10:42:48,out,1.79,17.7,63.0,25.3,20.214,260.1,2.24
2025-06-20 10:43:03,2025-06-20,10:43:03,in,1.78,1310.8,0.0,25.9,8.577,330.9,2.29
2025-06-20 10:43:52,2025-06-20,10:43:52,out,1.8,17.5,62.3,25.3,20.112,227.1,2.3
2025-06-20 10:44:06,2025-06-20,10:44:06,in,1.12,1310.8,0.0,26.0,8.619,317.4,2.24
2025-06-20 10:44:56,2025-06-20,10:44:56,out,2.43,17.5,62.2,25.3,20.097,256.9,2.88
2025-06-20 10:45:10,2025-06-20,10:45:10,in,0.81,1310.8,0.0,26.1,8.66,335.9,1.5
2025-06-20 10:45:59,2025-06-20,10:45:59,out,2.59,17.6,62.1,25.4,20.173,253.6,2.8
2025-06-20 10:46:14,2025-06-20,10:46:14,in,1.35,1310.8,0.0,26.2,8.702,337.6,1.57
2025-06-20 10:47:03,2025-06-20,10:47:03,out,2.04,17.7,62.2,25.4,20.188,196.0,2.99
2025-06-20 10:47:17,2025-06-20,10:47:17,in,1.07,1310.8,0.0,26.3,8.743,317.3,1.61
2025-06-20 10:48:06,2025-06-20,10:48:06,out,3.13,17.6,61.6,25.5,20.19,257.0,3.6
2025-06-20 10:48:20,2025-06-20,10:48:20,in,1.11,1310.8,0.0,26.5,8.826,328.6,2.22
2025-06-20 10:49:10,2025-06-20,10:49:10,out,1.86,17.5,61.5,25.5,20.175,250.5,3.12
2025-06-20 10:49:24,2025-06-20,10:49:24,in,1.07,1310.8,0.0,26.5,8.826,326.2,2.06
2025-06-20 10:50:14,2025-06-20,10:50:14,out,2.63,17.6,61.6,25.5,20.19,205.4,2.95
2025-06-20 10:50:28,2025-06-20,10:50:28,in,0.8,1310.8,0.0,26.4,8.784,321.2,1.67
2025-06-20 10:51:17,2025-06-20,10:51:17,out,3.19,17.8,61.9,25.6,20.325,228.9,3.41
2025-06-20 10:51:31,2025-06-20,10:51:31,in,1.05,1310.8,0.0,26.6,8.867,330.2,1.41
2025-06-20 10:52:20,2025-06-20,10:52:20,out,3.16,18.0,62.6,25.7,20.519,232.0,4.15
2025-06-20 10:52:34,2025-06-20,10:52:34,in,1.25,1310.8,0.0,26.7,8.909,353.7,1.85
2025-06-20 10:53:24,2025-06-20,10:53:24,out,2.78,18.1,62.5,25.8,20.595,201.8,4.32
2025-06-20 10:53:38,2025-06-20,10:53:38,in,0.22,1310.8,0.0,26.8,8.95,49.5,1.77
2025-06-20 10:54:28,2025-06-20,10:54:28,out,2.08,18.1,62.7,25.8,20.624,246.7,3.96
2025-06-20 10:54:42,2025-06-20,10:54:42,in,1.06,1310.8,0.0,27.1,9.075,339.3,2.26
2025-06-20 10:55:31,2025-06-20,10:55:31,out,2.84,18.0,62.3,25.8,20.565,253.8,4.09
2025-06-20 10:55:45,2025-06-20,10:55:45,in,1.44,1310.8,0.0,27.1,9.075,340.1,1.78
2025-06-20 10:56:34,2025-06-20,10:56:34,out,3.64,18.0,61.8,25.9,20.582,238.4,4.15
2025-06-20 10:56:48,2025-06-20,10:56:48,in,0.89,1310.8,0.0,27.1,9.075,8.3,1.82
2025-06-20 10:57:38,2025-06-20,10:57:38,out,2.98,18.0,61.9,25.8,20.506,244.4,4.1
2025-06-20 10:57:52,2025-06-20,10:57:52,in,0.75,1310.8,0.0,27.1,9.075,337.8,1.85
2025-06-20 10:58:42,2025-06-20,10:58:42,out,1.82,17.8,61.4,25.8,20.432,279.6,3.89
2025-06-20 10:58:56,2025-06-20,10:58:56,in,1.8,1310.8,0.0,27.0,9.033,333.5,2.39
2025-06-20 10:59:45,2025-06-20,10:59:45,out,1.93,17.7,61.0,25.8,20.372,273.2,3.2
2025-06-20 10:59:59,2025-06-20,10:59:59,in,2.05,1310.8,0.0,26.9,8.992,327.1,2.5
2025-06-20 11:00:48,2025-06-20,11:00:48,out,2.86,17.8,61.5,25.8,20.447,230.1,3.31
2025-06-20 11:01:02,2025-06-20,11:01:02,in,1.48,1310.8,0.0,26.7,8.909,323.3,2.52
2025-06-20 11:01:52,2025-06-20,11:01:52,out,2.08,17.7,61.2,25.8,20.402,210.4,3.3
2025-06-20 11:02:06,2025-06-20,11:02:06,in,1.09,1310.8,0.0,26.9,8.992,322.0,1.62
2025-06-20 11:02:56,2025-06-20,11:02:56,out,2.15,17.7,61.4,25.7,20.341,248.2,3.03
2025-06-20 11:03:10,2025-06-20,11:03:10,in,1.64,1310.8,0.0,27.0,9.033,339.6,2.51
2025-06-20 11:03:59,2025-06-20,11:03:59,out,3.85,17.9,61.8,25.8,20.491,270.0,4.36
2025-06-20 11:04:13,2025-06-20,11:04:13,in,1.82,1310.8,0.0,26.9,8.992,341.0,2.13
2025-06-20 11:05:02,2025-06-20,11:05:02,out,2.22,17.7,61.5,25.7,20.356,294.3,3.69
2025-06-20 11:05:16,2025-06-20,11:05:16,in,1.48,1310.8,0.0,26.8,8.95,326.7,2.12
2025-06-20 11:06:06,2025-06-20,11:06:06,out,2.47,17.9,61.6,25.8,20.461,269.1,4.13
2025-06-20 11:06:20,2025-06-20,11:06:20,in,1.67,1310.8,0.0,26.8,8.95,321.5,1.91
2025-06-20 11:07:10,2025-06-20,11:07:10,out,1.89,17.9,61.7,25.8,20.476,317.0,3.0
2025-06-20 11:07:24,2025-06-20,11:07:24,in,1.35,1310.8,0.0,26.8,8.95,305.9,2.05
2025-06-20 11:08:13,2025-06-20,11:08:13,out,1.71,18.0,61.9,25.9,20.596,254.2,2.26
2025-06-20 11:08:27,2025-06-20,11:08:27,in,1.11,1310.8,0.0,26.8,8.95,336.1,2.2
2025-06-20 11:09:16,2025-06-20,11:09:16,out,1.48,18.1,62.2,25.9,20.641,226.0,2.51
2025-06-20 11:09:30,2025-06-20,11:09:30,in,1.39,1310.8,0.0,26.9,8.992,326.7,1.81
2025-06-20 11:10:20,2025-06-20,11:10:20,out,1.28,18.1,62.1,26.0,20.717,290.0,2.66
2025-06-20 11:10:34,2025-06-20,11:10:34,in,0.91,1310.8,0.0,26.9,8.992,331.7,1.45
2025-06-20 11:11:24,2025-06-20,11:11:24,out,1.6,18.0,61.7,26.0,20.657,259.5,2.77
2025-06-20 11:11:38,2025-06-20,11:11:38,in,1.24,1310.8,0.0,27.0,9.033,325.0,1.85
2025-06-20 11:12:27,2025-06-20,11:12:27,out,1.8,18.1,61.8,26.0,20.672,290.3,2.46
2025-06-20 11:12:41,2025-06-20,11:12:41,in,1.02,1310.8,0.0,26.9,8.992,345.3,1.9
2025-06-20 11:13:30,2025-06-20,11:13:30,out,1.54,18.2,61.9,26.1,20.777,294.2,2.02
2025-06-20 11:13:44,2025-06-20,11:13:44,in,0.42,1310.8,0.0,26.9,8.992,302.3,1.61
2025-06-20 11:14:34,2025-06-20,11:14:34,out,2.11,18.2,62.0,26.1,20.792,214.8,2.91
2025-06-20 11:14:48,2025-06-20,11:14:48,in,0.3,1310.8,0.0,27.0,9.033,0.4,1.46
2025-06-20 11:15:38,2025-06-20,11:15:38,out,2.43,18.3,62.4,26.1,20.852,250.7,3.1
2025-06-20 11:15:52,2025-06-20,11:15:52,in,0.53,1310.8,0.0,27.0,9.033,337.1,1.52
2025-06-20 11:16:41,2025-06-20,11:16:41,out,0.77,18.4,62.8,26.1,20.911,315.1,2.96
2025-06-20 11:16:55,2025-06-20,11:16:55,in,1.22,1310.8,0.0,27.0,9.033,333.0,1.92
2025-06-20 11:17:44,2025-06-20,11:17:44,out,3.89,18.5,62.7,26.2,20.987,252.4,5.65
2025-06-20 11:17:58,2025-06-20,11:17:58,in,1.22,1310.8,0.0,27.0,9.033,341.1,1.9
2025-06-20 11:18:48,2025-06-20,11:18:48,out,3.05,18.4,63.1,26.0,20.865,257.1,4.32
2025-06-20 11:19:02,2025-06-20,11:19:02,in,0.8,1310.8,0.0,27.0,9.033,331.2,1.47
2025-06-20 11:19:52,2025-06-20,11:19:52,out,1.93,18.6,63.8,26.0,20.968,312.8,3.58
2025-06-20 11:20:06,2025-06-20,11:20:06,in,1.73,1310.8,0.0,27.0,9.033,321.3,2.09
2025-06-20 11:20:55,2025-06-20,11:20:55,out,2.57,18.5,63.5,26.0,20.924,289.7,3.72
2025-06-20 11:21:10,2025-06-20,11:21:10,in,1.02,1310.8,0.0,26.7,8.909,330.3,2.16
2025-06-20 11:21:58,2025-06-20,11:21:58,out,2.44,18.5,63.9,25.9,20.892,302.3,3.33
2025-06-20 11:22:12,2025-06-20,11:22:12,in,1.15,1310.8,0.0,26.7,8.909,316.2,1.79
2025-06-20 11:23:02,2025-06-20,11:23:02,out,2.77,18.4,63.8,25.8,20.786,337.2,4.35
2025-06-20 11:23:16,2025-06-20,11:23:16,in,1.25,1310.8,0.0,26.5,8.826,325.0,2.38
2025-06-20 11:24:06,2025-06-20,11:24:06,out,1.25,18.5,64.2,25.8,20.845,309.5,3.04
2025-06-20 11:24:20,2025-06-20,11:24:20,in,1.3,1310.8,0.0,26.3,8.743,320.0,1.69
2025-06-20 11:25:09,2025-06-20,11:25:09,out,1.9,18.5,64.3,25.8,20.859,274.1,3.08
2025-06-20 11:25:24,2025-06-20,11:25:24,in,1.33,1310.8,0.0,26.3,8.743,344.0,1.91
2025-06-20 11:26:12,2025-06-20,11:26:12,out,0.96,18.6,64.5,25.8,20.888,247.6,2.57
2025-06-20 11:26:27,2025-06-20,11:26:27,in,1.18,1310.8,0.0,26.4,8.784,326.1,1.91
2025-06-20 11:27:16,2025-06-20,11:27:16,out,1.8,18.6,64.5,25.8,20.888,268.6,2.35
2025-06-20 11:27:30,2025-06-20,11:27:30,in,1.38,1310.8,0.0,26.4,8.784,338.0,1.82
2025-06-20 11:28:20,2025-06-20,11:28:20,out,1.77,18.5,64.1,25.8,20.83,284.6,2.5
2025-06-20 11:28:34,2025-06-20,11:28:34,in,1.85,1310.8,0.0,26.3,8.743,334.4,2.49
2025-06-20 11:29:23,2025-06-20,11:29:23,out,1.59,18.3,63.7,25.7,20.68,274.1,2.9
2025-06-20 11:29:38,2025-06-20,11:29:38,in,1.38,1310.8,0.0,26.2,8.702,315.0,2.32
2025-06-20 11:30:26,2025-06-20,11:30:26,out,1.84,18.3,63.7,25.7,20.68,264.9,3.31
2025-06-20 11:30:40,2025-06-20,11:30:40,in,1.38,1310.8,0.0,26.2,8.702,318.2,2.08
2025-06-20 11:31:30,2025-06-20,11:31:30,out,2.25,18.2,63.5,25.7,20.651,260.1,3.86
2025-06-20 11:31:44,2025-06-20,11:31:44,in,1.12,1310.8,0.0,26.2,8.702,346.0,2.13
2025-06-20 11:32:34,2025-06-20,11:32:34,out,1.44,18.0,63.1,25.6,20.501,284.3,3.07
2025-06-20 11:32:48,2025-06-20,11:32:48,in,1.71,1310.8,0.0,26.2,8.702,333.5,1.94
2025-06-20 11:33:37,2025-06-20,11:33:37,out,1.83,18.1,63.3,25.6,20.53,331.0,2.26
2025-06-20 11:33:51,2025-06-20,11:33:51,in,1.36,1310.8,0.0,26.2,8.702,327.7,1.64
2025-06-20 11:34:40,2025-06-20,11:34:40,out,1.11,18.0,63.1,25.6,20.501,343.2,1.29
2025-06-20 11:34:55,2025-06-20,11:34:55,in,0.81,1310.8,0.0,26.1,8.66,337.1,1.57
2025-06-20 11:35:44,2025-06-20,11:35:44,out,1.37,18.0,63.2,25.6,20.516,335.6,1.52
2025-06-20 11:35:58,2025-06-20,11:35:58,in,1.45,1310.8,0.0,26.1,8.66,320.5,1.92
2025-06-20 11:36:48,2025-06-20,11:36:48,out,1.11,18.2,63.4,25.7,20.636,315.5,1.57
2025-06-20 11:37:02,2025-06-20,11:37:02,in,1.51,1310.8,0.0,26.1,8.66,320.5,2.11
2025-06-20 11:37:51,2025-06-20,11:37:51,out,1.36,18.2,63.6,25.7,20.665,236.2,1.62
2025-06-20 11:38:06,2025-06-20,11:38:06,in,1.26,1310.8,0.0,26.1,8.66,324.6,2.02
2025-06-20 11:38:55,2025-06-20,11:38:55,out,1.78,18.2,63.3,25.7,20.621,258.2,2.59
2025-06-20 11:39:09,2025-06-20,11:39:09,in,1.28,1310.8,0.0,26.1,8.66,339.5,1.87
2025-06-20 11:39:58,2025-06-20,11:39:58,out,1.23,18.2,63.3,25.7,20.621,267.8,2.76
2025-06-20 11:40:12,2025-06-20,11:40:12,in,1.52,1310.8,0.0,26.2,8.702,327.7,1.98
2025-06-20 11:41:02,2025-06-20,11:41:02,out,1.36,18.3,63.3,25.7,20.621,267.2,2.33
2025-06-20 11:41:16,2025-06-20,11:41:16,in,1.11,1310.8,0.0,26.2,8.702,326.8,1.61
2025-06-20 11:42:05,2025-06-20,11:42:05,out,2.38,18.2,63.3,25.7,20.621,295.0,3.11
2025-06-20 11:42:20,2025-06-20,11:42:20,in,1.15,1310.8,0.0,26.2,8.702,317.1,1.72
2025-06-20 11:43:09,2025-06-20,11:43:09,out,1.58,18.1,63.0,25.7,20.577,296.1,2.89
2025-06-20 11:43:23,2025-06-20,11:43:23,in,1.43,1310.8,0.0,26.1,8.66,320.1,1.95
2025-06-20 11:44:12,2025-06-20,11:44:12,out,2.23,18.1,63.3,25.7,20.621,266.0,2.6
2025-06-20 11:44:26,2025-06-20,11:44:26,in,1.26,1310.8,0.0,26.0,8.619,324.2,1.83
2025-06-20 11:45:16,2025-06-20,11:45:16,out,1.5,18.0,62.9,25.6,20.472,272.7,2.45
2025-06-20 11:45:30,2025-06-20,11:45:30,in,1.58,1310.8,0.0,26.0,8.619,338.8,1.64
2025-06-20 11:46:20,2025-06-20,11:46:20,out,1.36,18.0,62.8,25.5,20.366,322.1,2.24
2025-06-20 11:46:34,2025-06-20,11:46:34,in,1.52,1310.8,0.0,25.9,8.577,320.1,1.99
2025-06-20 11:47:23,2025-06-20,11:47:23,out,1.71,17.9,62.8,25.5,20.366,328.7,1.93
2025-06-20 11:47:37,2025-06-20,11:47:37,in,1.03,1310.8,0.0,25.9,8.577,328.9,1.76
2025-06-20 11:48:26,2025-06-20,11:48:26,out,1.11,18.0,63.2,25.5,20.425,270.7,2.11
2025-06-20 11:48:40,2025-06-20,11:48:40,in,1.22,1310.8,0.0,25.8,8.536,319.1,2.1
2025-06-20 11:49:30,2025-06-20,11:49:30,out,1.99,18.0,63.5,25.5,20.469,256.0,3.23
2025-06-20 11:49:44,2025-06-20,11:49:44,in,1.12,1310.8,0.0,25.8,8.536,338.6,2.18
2025-06-20 11:50:34,2025-06-20,11:50:34,out,1.66,18.1,63.6,25.5,20.483,277.3,3.47
2025-06-20 11:50:48,2025-06-20,11:50:48,in,1.7,1310.8,0.0,25.8,8.536,337.0,2.06
2025-06-20 11:51:37,2025-06-20,11:51:37,out,2.19,18.1,63.8,25.5,20.512,253.6,3.2
2025-06-20 11:51:51,2025-06-20,11:51:51,in,1.06,1310.8,0.0,25.8,8.536,351.5,2.14
2025-06-20 11:52:40,2025-06-20,11:52:40,out,1.39,18.1,64.0,25.4,20.45,260.7,2.4
2025-06-20 11:52:54,2025-06-20,11:52:54,in,0.47,1310.8,0.0,25.8,8.536,352.8,1.3
2025-06-20 11:53:44,2025-06-20,11:53:44,out,0.72,18.1,64.0,25.4,20.45,228.4,1.81
2025-06-20 11:53:58,2025-06-20,11:53:58,in,0.8,1310.8,0.0,25.8,8.536,335.8,1.38
2025-06-20 11:54:48,2025-06-20,11:54:48,out,1.57,18.1,64.2,25.4,20.479,247.2,2.03
2025-06-20 11:55:02,2025-06-20,11:55:02,in,0.87,1310.8,0.0,25.8,8.536,349.0,1.55
2025-06-20 11:55:51,2025-06-20,11:55:51,out,2.08,18.1,64.2,25.4,20.479,248.6,2.69
2025-06-20 11:56:05,2025-06-20,11:56:05,in,1.11,1310.8,0.0,25.8,8.536,333.7,1.75
2025-06-20 11:56:54,2025-06-20,11:56:54,out,1.37,18.2,64.5,25.4,20.523,220.4,2.42
2025-06-20 11:57:08,2025-06-20,11:57:08,in,0.86,1310.8,0.0,25.7,8.494,330.6,1.98
2025-06-20 11:57:58,2025-06-20,11:57:58,out,1.7,18.2,64.5,25.4,20.523,247.9,1.96
2025-06-20 11:58:12,2025-06-20,11:58:12,in,1.44,1310.8,0.0,25.8,8.536,329.5,1.73
2025-06-20 11:59:02,2025-06-20,11:59:02,out,1.97,18.2,64.7,25.4,20.552,275.0,2.21
2025-06-20 11:59:16,2025-06-20,11:59:16,in,1.54,1310.8,0.0,25.7,8.494,327.0,2.08
2025-06-20 12:00:05,2025-06-20,12:00:05,out,0.6,18.1,64.5,25.3,20.431,299.7,2.54
2025-06-20 12:00:19,2025-06-20,12:00:19,in,1.5,1310.8,0.0,25.6,8.453,327.8,2.04
2025-06-20 12:01:08,2025-06-20,12:01:08,out,1.94,18.2,64.7,25.4,20.552,233.6,2.82
2025-06-20 12:01:22,2025-06-20,12:01:22,in,0.65,1310.8,0.0,25.6,8.453,300.3,2.08
2025-06-20 12:02:12,2025-06-20,12:02:12,out,0.76,18.3,65.1,25.3,20.518,271.6,2.29
2025-06-20 12:02:26,2025-06-20,12:02:26,in,1.06,1310.8,0.0,25.6,8.453,332.9,2.23
2025-06-20 12:03:16,2025-06-20,12:03:16,out,3.13,18.2,65.0,25.3,20.504,228.3,3.54
2025-06-20 12:03:57,2025-06-20,12:03:57,in,1.21,1310.8,0.0,25.7,8.494,324.9,1.95
2025-06-20 12:04:19,2025-06-20,12:04:19,out,2.44,18.2,65.2,25.3,20.533,258.8,3.29
2025-06-20 12:04:59,2025-06-20,12:04:59,in,1.67,1310.8,0.0,25.6,8.453,328.4,2.14
2025-06-20 12:05:22,2025-06-20,12:05:22,out,2.31,18.3,65.6,25.2,20.498,241.9,2.86
2025-06-20 12:06:02,2025-06-20,12:06:02,in,1.34,1310.8,0.0,25.6,8.453,337.4,2.05
2025-06-20 12:06:26,2025-06-20,12:06:26,out,1.16,18.4,66.0,25.2,20.556,222.9,2.27
2025-06-20 12:07:06,2025-06-20,12:07:06,in,1.15,1310.8,0.0,25.6,8.453,324.6,1.79
2025-06-20 12:07:30,2025-06-20,12:07:30,out,1.7,18.5,66.0,25.3,20.648,258.8,2.11
2025-06-20 12:08:10,2025-06-20,12:08:10,in,0.93,1310.8,0.0,25.6,8.453,344.0,1.46
2025-06-20 12:08:33,2025-06-20,12:08:33,out,0.7,18.4,66.2,25.2,20.585,244.8,1.65
2025-06-20 12:09:13,2025-06-20,12:09:13,in,0.89,1310.8,0.0,25.6,8.453,331.0,2.13
2025-06-20 12:09:36,2025-06-20,12:09:36,out,0.51,18.5,66.2,25.3,20.677,251.3,1.82
2025-06-20 12:10:16,2025-06-20,12:10:16,in,1.07,1310.8,0.0,25.6,8.453,325.6,1.76
2025-06-20 12:10:40,2025-06-20,12:10:40,out,0.74,18.6,66.5,25.3,20.72,248.4,0.9
2025-06-20 12:11:20,2025-06-20,12:11:20,in,0.67,1310.8,0.0,25.6,8.453,343.2,1.75
2025-06-20 12:11:44,2025-06-20,12:11:44,out,0.15,18.7,66.7,25.3,20.748,277.5,1.05
2025-06-20 12:12:24,2025-06-20,12:12:24,in,0.29,1310.8,0.0,25.5,8.411,295.5,1.51
2025-06-20 12:12:47,2025-06-20,12:12:47,out,1.15,18.7,66.9,25.3,20.777,114.6,1.87
2025-06-20 12:13:27,2025-06-20,12:13:27,in,0.87,1310.8,0.0,25.5,8.411,333.2,1.57
2025-06-20 12:13:50,2025-06-20,12:13:50,out,2.0,18.9,67.3,25.4,20.927,50.2,2.22
2025-06-20 12:14:31,2025-06-20,12:14:31,in,0.5,1310.8,0.0,25.3,8.328,2.6,1.6
2025-06-20 12:14:54,2025-06-20,12:14:54,out,1.78,18.9,67.3,25.4,20.927,58.3,2.07
2025-06-20 12:15:34,2025-06-20,12:15:34,in,0.92,1310.8,0.0,25.1,8.246,325.6,1.74
2025-06-20 12:15:58,2025-06-20,12:15:58,out,1.5,19.0,68.0,25.3,20.934,66.9,1.92
2025-06-20 12:16:38,2025-06-20,12:16:38,in,0.39,1310.8,0.0,24.9,8.163,0.6,1.22
2025-06-20 12:17:01,2025-06-20,12:17:01,out,1.09,19.1,69.0,25.2,20.984,29.7,2.35
2025-06-20 12:17:42,2025-06-20,12:17:42,in,1.31,1310.8,0.0,24.7,8.08,329.2,2.16
2025-06-20 12:18:04,2025-06-20,12:18:04,out,2.52,19.1,69.4,25.1,20.948,32.3,3.06
2025-06-20 12:18:44,2025-06-20,12:18:44,in,0.74,1310.8,0.0,24.3,7.914,350.2,2.01
2025-06-20 12:19:08,2025-06-20,12:19:08,out,2.61,19.2,70.9,24.9,20.973,54.6,2.97
2025-06-20 12:19:48,2025-06-20,12:19:48,in,1.09,1310.8,0.0,24.2,7.872,349.9,1.87
2025-06-20 12:20:12,2025-06-20,12:20:12,out,1.66,19.5,72.4,24.8,21.089,38.6,2.99
2025-06-20 12:20:52,2025-06-20,12:20:52,in,1.16,1310.8,0.0,24.0,7.789,342.2,1.78
2025-06-20 12:21:15,2025-06-20,12:21:15,out,2.12,19.7,73.9,24.7,21.204,44.8,3.58
2025-06-20 12:21:55,2025-06-20,12:21:55,in,0.91,1310.8,0.0,23.9,7.748,346.5,1.78
2025-06-20 12:22:18,2025-06-20,12:22:18,out,2.73,20.0,75.5,24.6,21.33,50.6,3.25
2025-06-20 12:22:59,2025-06-20,12:22:59,in,0.99,1310.8,0.0,23.9,7.748,17.8,1.53
2025-06-20 12:23:22,2025-06-20,12:23:22,out,3.37,20.2,77.0,24.5,21.441,39.4,4.46
2025-06-20 12:24:02,2025-06-20,12:24:02,in,0.87,1310.8,0.0,23.7,7.665,357.2,1.55
2025-06-20 12:24:26,2025-06-20,12:24:26,out,3.42,20.3,78.7,24.3,21.483,47.7,5.78
2025-06-20 12:25:06,2025-06-20,12:25:06,in,0.83,1310.8,0.0,23.6,7.623,359.7,1.54
2025-06-20 12:25:29,2025-06-20,12:25:29,out,2.66,20.5,80.9,24.1,21.589,39.2,6.08
2025-06-20 12:26:10,2025-06-20,12:26:10,in,0.92,1310.8,0.0,23.6,7.623,24.4,1.54
2025-06-20 12:26:33,2025-06-20,12:26:33,out,2.26,20.9,83.0,23.9,21.678,46.7,4.18
2025-06-20 12:27:13,2025-06-20,12:27:13,in,1.02,1310.8,0.0,23.5,7.582,32.2,1.36
2025-06-20 12:27:36,2025-06-20,12:27:36,out,3.26,21.1,85.3,23.8,21.889,53.7,4.52
2025-06-20 12:28:16,2025-06-20,12:28:16,in,1.06,1310.8,0.0,23.4,7.54,32.9,1.24
2025-06-20 12:28:40,2025-06-20,12:28:40,out,2.19,21.6,87.8,23.7,22.124,36.1,4.39
2025-06-20 12:29:20,2025-06-20,12:29:20,in,1.06,1310.8,0.0,23.3,7.499,32.9,1.24
2025-06-20 12:29:44,2025-06-20,12:29:44,out,3.31,21.9,90.1,23.6,22.331,46.7,4.38
2025-06-20 12:30:24,2025-06-20,12:30:24,in,1.06,1310.8,0.0,23.2,7.457,32.9,1.24
2025-06-20 12:30:47,2025-06-20,12:30:47,out,4.65,21.8,90.7,23.4,22.213,50.0,5.32
2025-06-20 12:31:27,2025-06-20,12:31:27,in,1.06,1310.8,0.0,23.0,7.374,32.9,1.24
2025-06-20 12:31:50,2025-06-20,12:31:50,out,3.44,21.6,91.5,23.1,22.021,50.3,5.79
2025-06-20 12:32:30,2025-06-20,12:32:30,in,1.06,1310.8,0.0,22.9,7.333,32.9,1.24
2025-06-20 12:32:54,2025-06-20,12:32:54,out,3.37,22.0,94.7,22.9,22.241,43.9,5.73
2025-06-20 12:33:34,2025-06-20,12:33:34,in,1.06,1310.8,0.0,22.8,7.292,32.9,1.24
2025-06-20 12:33:58,2025-06-20,12:33:58,out,3.9,22.2,97.4,22.7,22.393,57.2,5.46
2025-06-20 12:34:38,2025-06-20,12:34:38,in,1.06,1310.8,0.0,22.6,7.209,32.9,1.24
2025-06-20 12:35:01,2025-06-20,12:35:01,out,3.83,22.5,100.0,22.5,22.529,54.6,5.88
2025-06-20 12:35:41,2025-06-20,12:35:41,in,1.06,1310.8,0.0,22.5,7.167,32.9,1.24
2025-06-20 12:36:04,2025-06-20,12:36:04,out,3.38,22.4,100.0,22.4,22.429,50.8,5.67
2025-06-20 12:36:44,2025-06-20,12:36:44,in,1.06,1310.8,0.0,22.4,7.125,32.9,1.24
2025-06-20 12:37:08,2025-06-20,12:37:08,out,3.74,22.2,100.0,22.2,22.227,48.7,6.5
2025-06-20 12:37:48,2025-06-20,12:37:48,in,1.06,1310.8,0.0,22.3,7.084,32.9,1.24
2025-06-20 12:38:12,2025-06-20,12:38:12,out,3.69,22.1,100.0,22.1,22.127,40.7,6.89
2025-06-20 12:38:52,2025-06-20,12:38:52,in,1.06,1310.8,0.0,22.0,6.959,32.9,1.24
2025-06-20 12:39:15,2025-06-20,12:39:15,out,4.68,21.9,100.0,21.9,21.925,52.3,7.19
2025-06-20 12:39:55,2025-06-20,12:39:55,in,1.06,1310.8,0.0,21.9,6.918,32.9,1.24
2025-06-20 12:40:18,2025-06-20,12:40:18,out,4.25,21.7,100.0,21.7,21.724,51.0,6.26
2025-06-20 12:40:58,2025-06-20,12:40:58,in,1.06,1310.8,0.0,21.8,6.876,32.9,1.24
2025-06-20 12:41:22,2025-06-20,12:41:22,out,4.01,21.6,100.0,21.6,21.623,53.0,5.68
2025-06-20 12:42:02,2025-06-20,12:42:02,in,1.06,1310.8,0.0,21.7,6.835,32.9,1.24
2025-06-20 12:42:26,2025-06-20,12:42:26,out,4.21,21.4,100.0,21.4,21.422,60.8,4.91
2025-06-20 12:43:06,2025-06-20,12:43:06,in,1.06,1310.8,0.0,21.6,6.793,32.9,1.24
2025-06-20 12:43:29,2025-06-20,12:43:29,out,3.22,21.3,100.0,21.3,21.321,57.3,6.21
2025-06-20 12:44:09,2025-06-20,12:44:09,in,1.06,1310.8,0.0,21.5,6.752,32.9,1.24
2025-06-20 12:44:32,2025-06-20,12:44:32,out,4.79,21.1,100.0,21.1,21.119,59.8,7.02
2025-06-20 12:45:12,2025-06-20,12:45:12,in,1.06,1310.8,0.0,21.4,6.71,32.9,1.24
2025-06-20 12:45:36,2025-06-20,12:45:36,out,4.47,20.9,100.0,20.9,20.918,58.5,6.61
2025-06-20 12:46:16,2025-06-20,12:46:16,in,1.06,1310.8,0.0,21.3,6.669,32.9,1.24
2025-06-20 12:46:40,2025-06-20,12:46:40,out,3.68,20.8,100.0,20.8,20.817,56.3,7.03
2025-06-20 12:47:20,2025-06-20,12:47:20,in,1.06,1310.8,0.0,21.2,6.627,32.9,1.24
2025-06-20 12:47:44,2025-06-20,12:47:44,out,5.84,,,20.7,,20.7,10.0
2025-06-20 12:48:23,2025-06-20,12:48:23,in,1.06,1310.8,0.0,21.1,6.586,32.9,1.24
2025-06-20 12:48:46,2025-06-20,12:48:46,out,3.82,20.6,100.0,20.6,20.616,40.6,5.15
2025-06-20 12:49:26,2025-06-20,12:49:26,in,1.06,1310.8,0.0,21.1,6.586,32.9,1.24
2025-06-20 12:49:50,2025-06-20,12:49:50,out,2.35,20.6,100.0,20.6,20.616,30.0,4.45
2025-06-20 12:50:30,2025-06-20,12:50:30,in,1.06,1310.8,0.0,20.9,6.503,32.9,1.24
2025-06-20 12:50:54,2025-06-20,12:50:54,out,1.45,20.6,100.0,20.6,20.616,7.5,4.62
2025-06-20 12:51:34,2025-06-20,12:51:34,in,1.06,1310.8,0.0,20.9,6.503,32.9,1.24
2025-06-20 12:51:57,2025-06-20,12:51:57,out,0.99,20.5,100.0,20.5,20.515,49.2,3.77
2025-06-20 12:52:37,2025-06-20,12:52:37,in,1.06,1310.8,0.0,20.8,6.461,32.9,1.24
2025-06-20 12:53:00,2025-06-20,12:53:00,out,1.13,20.5,100.0,20.5,20.515,54.3,3.22
2025-06-20 12:53:40,2025-06-20,12:53:40,in,1.06,1310.8,0.0,20.8,6.461,32.9,1.24
2025-06-20 12:54:04,2025-06-20,12:54:04,out,3.26,,,20.4,,20.4,10.0
2025-06-20 12:54:44,2025-06-20,12:54:44,in,1.06,1310.8,0.0,20.7,6.42,32.9,1.24
2025-06-20 12:55:08,2025-06-20,12:55:08,out,2.14,20.4,100.0,20.4,20.414,57.2,3.3
2025-06-20 12:55:48,2025-06-20,12:55:48,in,1.06,1310.8,0.0,20.8,6.461,32.9,1.24
2025-06-20 12:56:11,2025-06-20,12:56:11,out,2.33,20.3,100.0,20.3,20.314,74.7,3.5
2025-06-20 12:56:51,2025-06-20,12:56:51,in,1.06,1310.8,0.0,20.7,6.42,32.9,1.24
2025-06-20 12:57:14,2025-06-20,12:57:14,out,3.53,20.3,100.0,20.3,20.314,53.7,4.26
2025-06-20 12:57:54,2025-06-20,12:57:54,in,1.06,1310.8,0.0,20.7,6.42,32.9,1.24
2025-06-20 12:58:18,2025-06-20,12:58:18,out,2.12,20.3,100.0,20.3,20.314,68.0,4.09
2025-06-20 12:58:58,2025-06-20,12:58:58,in,1.06,1310.8,0.0,20.7,6.42,32.9,1.24
2025-06-20 12:59:22,2025-06-20,12:59:22,out,1.65,20.2,100.0,20.2,20.213,100.8,2.74
2025-06-20 13:00:02,2025-06-20,13:00:02,in,1.06,1310.8,0.0,20.6,6.378,32.9,1.24
2025-06-20 13:00:25,2025-06-20,13:00:25,out,2.96,20.2,100.0,20.2,20.213,67.1,4.5
2025-06-20 13:01:05,2025-06-20,13:01:05,in,1.06,1310.8,0.0,20.7,6.42,32.9,1.24
2025-06-20 13:01:28,2025-06-20,13:01:28,out,2.2,20.2,100.0,20.2,20.213,54.7,4.33
2025-06-20 13:02:08,2025-06-20,13:02:08,in,1.06,1310.8,0.0,20.7,6.42,32.9,1.24
2025-06-20 13:02:32,2025-06-20,13:02:32,out,2.18,20.2,100.0,20.2,20.213,69.9,3.88
2025-06-20 13:03:12,2025-06-20,13:03:12,in,1.06,1310.8,0.0,20.7,6.42,32.9,1.24
2025-06-20 13:03:36,2025-06-20,13:03:36,out,2.37,20.2,100.0,20.2,20.213,55.8,3.91
2025-06-20 13:04:16,2025-06-20,13:04:16,in,1.06,1310.8,0.0,20.7,6.42,32.9,1.24
2025-06-20 13:04:39,2025-06-20,13:04:39,out,1.52,20.2,100.0,20.2,20.213,76.3,2.49
2025-06-20 13:05:19,2025-06-20,13:05:19,in,1.06,1310.8,0.0,20.7,6.42,32.9,1.24
2025-06-20 13:05:42,2025-06-20,13:05:42,out,2.1,20.2,100.0,20.2,20.213,54.3,3.42
2025-06-20 13:06:22,2025-06-20,13:06:22,in,1.06,1310.8,0.0,20.8,6.461,32.9,1.24
2025-06-20 13:06:46,2025-06-20,13:06:46,out,2.82,20.2,100.0,20.2,20.213,49.1,3.89
2025-06-20 13:07:26,2025-06-20,13:07:26,in,1.06,1310.8,0.0,20.8,6.461,32.9,1.24
2025-06-20 13:07:50,2025-06-20,13:07:50,out,2.33,20.2,100.0,20.2,20.213,60.2,2.91
2025-06-20 13:08:30,2025-06-20,13:08:30,in,1.06,1310.8,0.0,20.8,6.461,32.9,1.24
2025-06-20 13:08:53,2025-06-20,13:08:53,out,2.29,20.1,100.0,20.1,20.112,69.2,5.16
2025-06-20 13:09:33,2025-06-20,13:09:33,in,1.06,1310.8,0.0,20.8,6.461,32.9,1.24
2025-06-20 13:09:56,2025-06-20,13:09:56,out,2.65,20.0,100.0,20.0,20.012,63.7,3.43
2025-06-20 13:10:36,2025-06-20,13:10:36,in,1.06,1310.8,0.0,20.7,6.42,32.9,1.24
2025-06-20 13:11:00,2025-06-20,13:11:00,out,2.29,20.0,100.0,20.0,20.012,63.3,4.25
2025-06-20 13:11:40,2025-06-20,13:11:40,in,1.06,1310.8,0.0,20.7,6.42,32.9,1.24
2025-06-20 13:12:04,2025-06-20,13:12:04,out,2.28,19.9,100.0,19.9,19.911,52.6,3.03
2025-06-20 13:12:44,2025-06-20,13:12:44,in,1.06,1310.8,0.0,20.7,6.42,32.9,1.24
2025-06-20 13:13:07,2025-06-20,13:13:07,out,2.56,19.8,100.0,19.8,19.81,69.9,3.32
2025-06-20 13:13:47,2025-06-20,13:13:47,in,1.06,1310.8,0.0,20.7,6.42,32.9,1.24
2025-06-20 13:14:10,2025-06-20,13:14:10,out,1.98,19.7,100.0,19.7,19.709,57.7,3.67
2025-06-20 13:14:50,2025-06-20,13:14:50,in,1.06,1310.8,0.0,20.6,6.378,32.9,1.24
2025-06-20 13:15:42,2025-06-20,13:15:42,out,2.48,19.6,100.0,19.6,19.609,63.4,2.99
2025-06-20 13:15:54,2025-06-20,13:15:54,in,1.06,1310.8,0.0,20.6,6.378,32.9,1.24
2025-06-20 13:16:43,2025-06-20,13:16:43,out,3.16,19.5,100.0,19.5,19.508,46.9,3.78
2025-06-20 13:16:58,2025-06-20,13:16:58,in,1.06,1310.8,0.0,20.5,6.337,32.9,1.24
2025-06-20 13:17:46,2025-06-20,13:17:46,out,2.13,19.3,100.0,19.3,19.307,62.0,2.55
2025-06-20 13:18:02,2025-06-20,13:18:02,in,1.06,1310.8,0.0,20.4,6.295,32.9,1.24
2025-06-20 13:18:50,2025-06-20,13:18:50,out,1.77,19.2,100.0,19.2,19.206,75.7,2.27
2025-06-20 13:19:04,2025-06-20,13:19:04,in,1.06,1310.8,0.0,20.3,6.253,32.9,1.24
2025-06-20 13:19:54,2025-06-20,13:19:54,out,1.48,19.2,100.0,19.2,19.206,89.1,1.99
2025-06-20 13:20:08,2025-06-20,13:20:08,in,1.06,1310.8,0.0,20.3,6.253,32.9,1.24
2025-06-20 13:20:57,2025-06-20,13:20:57,out,1.42,19.1,100.0,19.1,19.105,85.0,1.95
2025-06-20 13:21:12,2025-06-20,13:21:12,in,1.06,1310.8,0.0,20.2,6.212,32.9,1.24
2025-06-20 13:22:00,2025-06-20,13:22:00,out,1.55,,,19.1,,104.2,1.71
2025-06-20 13:22:15,2025-06-20,13:22:15,in,1.06,1310.8,0.0,20.2,6.212,32.9,1.24
2025-06-20 13:23:04,2025-06-20,13:23:04,out,1.37,19.1,100.0,19.1,19.105,71.4,1.75
2025-06-20 13:23:19,2025-06-20,13:23:19,in,1.06,1310.8,0.0,20.2,6.212,32.9,1.24
2025-06-20 13:24:08,2025-06-20,13:24:08,out,0.86,19.1,100.0,19.1,19.105,111.9,2.14
2025-06-20 13:24:22,2025-06-20,13:24:22,in,1.06,1310.8,0.0,20.1,6.17,32.9,1.24
2025-06-20 13:25:11,2025-06-20,13:25:11,out,2.34,19.1,100.0,19.1,19.105,100.7,2.51
2025-06-20 13:25:26,2025-06-20,13:25:26,in,1.06,1310.8,0.0,20.1,6.17,32.9,1.24
2025-06-20 13:26:14,2025-06-20,13:26:14,out,1.77,19.0,100.0,19.0,19.004,76.6,4.02
2025-06-20 13:26:29,2025-06-20,13:26:29,in,1.06,1310.8,0.0,20.1,6.17,32.9,1.24
2025-06-20 13:27:18,2025-06-20,13:27:18,out,1.68,18.9,100.0,18.9,18.904,93.9,4.15
2025-06-20 13:27:33,2025-06-20,13:27:33,in,1.06,1310.8,0.0,20.0,6.129,32.9,1.24
2025-06-20 13:28:22,2025-06-20,13:28:22,out,0.97,18.8,100.0,18.8,18.803,93.1,3.27
2025-06-20 13:28:36,2025-06-20,13:28:36,in,1.06,1310.8,0.0,19.9,6.087,32.9,1.24
2025-06-20 13:29:25,2025-06-20,13:29:25,out,1.57,18.7,100.0,18.7,18.702,94.7,2.75
2025-06-20 13:29:40,2025-06-20,13:29:40,in,1.06,1310.8,0.0,19.7,6.004,32.9,1.24
2025-06-20 13:30:28,2025-06-20,13:30:28,out,1.26,18.6,100.0,18.6,18.602,95.4,2.51
2025-06-20 13:30:44,2025-06-20,13:30:44,in,1.06,1310.8,0.0,19.7,6.004,32.9,1.24
2025-06-20 13:31:32,2025-06-20,13:31:32,out,1.81,18.5,100.0,18.5,18.501,96.6,2.83
2025-06-20 13:31:46,2025-06-20,13:31:46,in,1.06,1310.8,0.0,19.6,5.963,32.9,1.24
2025-06-20 13:32:36,2025-06-20,13:32:36,out,1.51,18.4,100.0,18.4,18.4,114.7,3.43
2025-06-20 13:32:50,2025-06-20,13:32:50,in,1.06,1310.8,0.0,19.5,5.921,32.9,1.24
2025-06-20 13:33:39,2025-06-20,13:33:39,out,1.89,18.4,100.0,18.4,18.4,115.4,2.88
2025-06-20 13:33:54,2025-06-20,13:33:54,in,1.06,1310.8,0.0,19.4,5.879,32.9,1.24
2025-06-20 13:34:42,2025-06-20,13:34:42,out,1.11,18.3,100.0,18.3,18.299,72.9,2.08
2025-06-20 13:34:58,2025-06-20,13:34:58,in,1.24,,,1310.8,,19.5,0.0
2025-06-20 13:35:46,2025-06-20,13:35:46,out,1.4,18.2,100.0,18.2,18.199,74.6,1.9
2025-06-20 13:36:01,2025-06-20,13:36:01,in,1.06,1310.8,0.0,19.4,5.879,32.9,1.24
2025-06-20 13:36:50,2025-06-20,13:36:50,out,0.94,18.1,100.0,18.1,18.098,122.7,1.93
2025-06-20 13:37:04,2025-06-20,13:37:04,in,1.06,1310.8,0.0,19.2,5.796,32.9,1.24
2025-06-20 13:37:53,2025-06-20,13:37:53,out,0.25,18.1,100.0,18.1,18.098,87.2,1.84
2025-06-20 13:38:08,2025-06-20,13:38:08,in,1.06,1310.8,0.0,19.2,5.796,32.9,1.24
2025-06-20 13:38:56,2025-06-20,13:38:56,out,0.7,18.1,100.0,18.0,17.997,79.9,1.6
2025-06-20 13:39:12,2025-06-20,13:39:12,in,1.06,1310.8,0.0,19.3,5.838,32.9,1.24
2025-06-20 13:40:00,2025-06-20,13:40:00,out,0.83,18.0,100.0,18.0,17.997,96.7,1.14
2025-06-20 13:40:15,2025-06-20,13:40:15,in,1.06,1310.8,0.0,19.4,5.879,32.9,1.24
2025-06-20 13:41:04,2025-06-20,13:41:04,out,1.55,17.9,100.0,17.9,17.897,57.5,2.29
2025-06-20 13:41:18,2025-06-20,13:41:18,in,1.06,1310.8,0.0,19.4,5.879,32.9,1.24
2025-06-20 13:42:07,2025-06-20,13:42:07,out,1.28,17.9,100.0,17.9,17.897,89.5,1.91
2025-06-20 13:42:22,2025-06-20,13:42:22,in,1.06,1310.8,0.0,19.3,5.838,32.9,1.24
2025-06-20 13:43:10,2025-06-20,13:43:10,out,1.26,17.9,100.0,17.9,17.897,116.2,1.81
2025-06-20 13:43:26,2025-06-20,13:43:26,in,1.06,1310.8,0.0,19.3,5.838,32.9,1.24
2025-06-20 13:44:14,2025-06-20,13:44:14,out,1.46,17.9,100.0,17.9,17.897,91.8,3.09
2025-06-20 13:44:29,2025-06-20,13:44:29,in,1.06,1310.8,0.0,19.3,5.838,32.9,1.24
2025-06-20 13:45:18,2025-06-20,13:45:18,out,1.88,18.0,100.0,18.0,17.997,99.7,2.95
2025-06-20 13:45:32,2025-06-20,13:45:32,in,1.06,1310.8,0.0,19.2,5.796,32.9,1.24
2025-06-20 13:46:21,2025-06-20,13:46:21,out,2.49,17.9,100.0,17.9,17.897,94.8,3.95
2025-06-20 13:46:36,2025-06-20,13:46:36,in,1.06,1310.8,0.0,19.3,5.838,32.9,1.24
2025-06-20 13:47:24,2025-06-20,13:47:24,out,1.87,17.9,100.0,17.9,17.897,104.9,2.76
2025-06-20 13:47:40,2025-06-20,13:47:40,in,1.06,1310.8,0.0,19.3,5.838,32.9,1.24
2025-06-20 13:48:28,2025-06-20,13:48:28,out,2.18,17.9,100.0,17.9,17.897,113.5,3.83
2025-06-20 13:48:43,2025-06-20,13:48:43,in,1.06,1310.8,0.0,19.2,5.796,32.9,1.24
2025-06-20 13:49:32,2025-06-20,13:49:32,out,2.53,17.9,100.0,17.9,17.897,111.4,3.26
2025-06-20 13:49:46,2025-06-20,13:49:46,in,1.06,1310.8,0.0,19.2,5.796,32.9,1.24
2025-06-20 13:50:35,2025-06-20,13:50:35,out,2.9,17.9,100.0,17.9,17.897,105.0,3.59
2025-06-20 13:50:50,2025-06-20,13:50:50,in,1.06,1310.8,0.0,19.3,5.838,32.9,1.24
2025-06-20 13:51:38,2025-06-20,13:51:38,out,2.04,17.9,100.0,17.9,17.897,113.4,3.74
2025-06-20 13:51:54,2025-06-20,13:51:54,in,1.06,1310.8,0.0,19.2,5.796,32.9,1.24
2025-06-20 13:52:42,2025-06-20,13:52:42,out,3.28,17.9,100.0,17.9,17.897,108.6,4.04
2025-06-20 13:52:57,2025-06-20,13:52:57,in,1.06,1310.8,0.0,19.3,5.838,32.9,1.24
2025-06-20 13:53:46,2025-06-20,13:53:46,out,2.87,17.8,100.0,17.8,17.796,130.2,4.13
2025-06-20 13:54:00,2025-06-20,13:54:00,in,1.06,1310.8,0.0,19.3,5.838,32.9,1.24
2025-06-20 13:54:49,2025-06-20,13:54:49,out,2.63,17.9,100.0,17.9,17.897,138.5,3.41
2025-06-20 13:55:04,2025-06-20,13:55:04,in,1.06,1310.8,0.0,19.3,5.838,32.9,1.24
2025-06-20 13:55:52,2025-06-20,13:55:52,out,3.18,17.9,100.0,17.9,17.897,138.7,3.52
2025-06-20 13:56:08,2025-06-20,13:56:08,in,1.06,1310.8,0.0,19.4,5.879,32.9,1.24
2025-06-20 13:56:56,2025-06-20,13:56:56,out,2.82,18.0,100.0,18.0,17.997,123.5,4.26
2025-06-20 13:57:11,2025-06-20,13:57:11,in,1.06,1310.8,0.0,19.4,5.879,32.9,1.24
2025-06-20 13:58:00,2025-06-20,13:58:00,out,2.65,18.0,100.0,18.0,17.997,123.6,3.93
2025-06-20 13:58:14,2025-06-20,13:58:14,in,1.06,1310.8,0.0,19.5,5.921,32.9,1.24
2025-06-20 13:59:03,2025-06-20,13:59:03,out,1.86,18.0,100.0,18.0,17.997,114.4,4.31
2025-06-20 13:59:18,2025-06-20,13:59:18,in,1.06,1310.8,0.0,19.5,5.921,32.9,1.24
2025-06-20 14:00:06,2025-06-20,14:00:06,out,2.51,18.0,100.0,18.0,17.997,121.5,3.24
2025-06-20 14:00:22,2025-06-20,14:00:22,in,1.06,1310.8,0.0,19.5,5.921,32.9,1.24
2025-06-20 14:01:10,2025-06-20,14:01:10,out,3.09,18.0,100.0,18.0,17.997,134.5,4.24
2025-06-20 14:01:25,2025-06-20,14:01:25,in,1.06,1310.8,0.0,19.5,5.921,32.9,1.24
2025-06-20 14:02:14,2025-06-20,14:02:14,out,2.18,18.0,100.0,18.0,17.997,113.4,3.55
2025-06-20 14:02:28,2025-06-20,14:02:28,in,1.06,1310.8,0.0,19.5,5.921,32.9,1.24
2025-06-20 14:03:18,2025-06-20,14:03:18,out,2.35,18.0,100.0,18.0,17.997,103.6,3.49
2025-06-20 14:03:32,2025-06-20,14:03:32,in,1.06,1310.8,0.0,19.5,5.921,32.9,1.24
2025-06-20 14:04:20,2025-06-20,14:04:20,out,2.25,18.0,100.0,18.0,17.997,114.0,3.19
2025-06-20 14:04:36,2025-06-20,14:04:36,in,1.06,1310.8,0.0,19.5,5.921,32.9,1.24
2025-06-20 14:05:24,2025-06-20,14:05:24,out,2.69,18.0,100.0,18.0,17.997,95.6,3.21
2025-06-20 14:05:39,2025-06-20,14:05:39,in,1.06,1310.8,0.0,19.4,5.879,32.9,1.24
2025-06-20 14:06:28,2025-06-20,14:06:28,out,1.9,18.0,100.0,18.0,17.997,87.6,3.29
2025-06-20 14:06:42,2025-06-20,14:06:42,in,1.06,1310.8,0.0,19.3,5.838,32.9,1.24
2025-06-20 14:07:32,2025-06-20,14:07:32,out,1.84,18.0,100.0,18.0,17.997,90.3,3.03
2025-06-20 14:07:46,2025-06-20,14:07:46,in,1.06,1310.8,0.0,19.3,5.838,32.9,1.24
2025-06-20 14:08:34,2025-06-20,14:08:34,out,1.26,18.0,100.0,18.0,17.997,78.5,2.63
2025-06-20 14:08:50,2025-06-20,14:08:50,in,1.06,1310.8,0.0,19.3,5.838,32.9,1.24
2025-06-20 14:09:38,2025-06-20,14:09:38,out,1.5,18.1,100.0,18.1,18.098,76.4,2.42
2025-06-20 14:09:53,2025-06-20,14:09:53,in,1.06,1310.8,0.0,19.3,5.838,32.9,1.24
2025-06-20 14:10:42,2025-06-20,14:10:42,out,1.33,18.1,100.0,18.1,18.098,59.0,2.42
2025-06-20 14:10:56,2025-06-20,14:10:56,in,1.06,1310.8,0.0,19.3,5.838,32.9,1.24
2025-06-20 14:11:45,2025-06-20,14:11:45,out,2.39,18.2,100.0,18.2,18.199,42.4,2.71
2025-06-20 14:12:00,2025-06-20,14:12:00,in,1.06,1310.8,0.0,19.4,5.879,32.9,1.24
2025-06-20 14:12:49,2025-06-20,14:12:49,out,1.31,18.2,100.0,18.2,18.199,6.6,3.11
2025-06-20 14:13:04,2025-06-20,14:13:04,in,1.06,1310.8,0.0,19.3,5.838,32.9,1.24
2025-06-20 14:13:52,2025-06-20,14:13:52,out,1.1,18.3,100.0,18.3,18.299,314.8,2.73
2025-06-20 14:14:07,2025-06-20,14:14:07,in,1.06,1310.8,0.0,19.3,5.838,32.9,1.24
2025-06-20 14:14:56,2025-06-20,14:14:56,out,1.61,18.3,100.0,18.3,18.299,20.3,2.6
2025-06-20 14:15:10,2025-06-20,14:15:10,in,1.06,1310.8,0.0,19.4,5.879,32.9,1.24
2025-06-20 14:16:00,2025-06-20,14:16:00,out,1.05,18.4,100.0,18.4,18.4,44.9,2.84
2025-06-20 14:16:14,2025-06-20,14:16:14,in,1.06,1310.8,0.0,19.4,5.879,32.9,1.24
2025-06-20 14:17:03,2025-06-20,14:17:03,out,1.38,18.4,100.0,18.4,18.4,46.2,2.05
2025-06-20 14:17:18,2025-06-20,14:17:18,in,1.06,1310.8,0.0,19.5,5.921,32.9,1.24
2025-06-20 14:18:06,2025-06-20,14:18:06,out,1.82,18.5,100.0,18.5,18.501,23.7,2.65
2025-06-20 14:18:21,2025-06-20,14:18:21,in,1.06,1310.8,0.0,19.4,5.879,32.9,1.24
2025-06-20 14:19:10,2025-06-20,14:19:10,out,2.07,18.5,100.0,18.5,18.501,46.0,2.87
2025-06-20 14:19:24,2025-06-20,14:19:24,in,1.06,1310.8,0.0,19.4,5.879,32.9,1.24
2025-06-20 14:20:14,2025-06-20,14:20:14,out,2.06,18.5,100.0,18.5,18.501,39.7,2.93
2025-06-20 14:20:28,2025-06-20,14:20:28,in,1.06,1310.8,0.0,19.5,5.921,32.9,1.24
2025-06-20 14:21:17,2025-06-20,14:21:17,out,1.84,18.5,100.0,18.5,18.501,57.5,2.85
2025-06-20 14:21:32,2025-06-20,14:21:32,in,1.06,1310.8,0.0,19.5,5.921,32.9,1.24
2025-06-20 14:22:20,2025-06-20,14:22:20,out,1.54,18.6,100.0,18.6,18.602,56.3,2.84
2025-06-20 14:22:35,2025-06-20,14:22:35,in,1.06,1310.8,0.0,19.6,5.963,32.9,1.24
2025-06-20 14:23:24,2025-06-20,14:23:24,out,1.42,18.6,100.0,18.6,18.602,41.3,2.93
2025-06-20 14:23:38,2025-06-20,14:23:38,in,1.06,1310.8,0.0,19.7,6.004,32.9,1.24
2025-06-20 14:24:28,2025-06-20,14:24:28,out,1.75,18.7,100.0,18.7,18.702,40.2,2.8
2025-06-20 14:24:42,2025-06-20,14:24:42,in,1.06,1310.8,0.0,19.8,6.046,32.9,1.24
2025-06-20 14:25:31,2025-06-20,14:25:31,out,1.93,18.8,100.0,18.8,18.803,57.5,2.94
2025-06-20 14:25:46,2025-06-20,14:25:46,in,1.06,1310.8,0.0,19.9,6.087,32.9,1.24
2025-06-20 14:26:34,2025-06-20,14:26:34,out,1.64,18.8,100.0,18.8,18.803,39.8,2.89
2025-06-20 14:26:49,2025-06-20,14:26:49,in,1.06,1310.8,0.0,19.9,6.087,32.9,1.24
2025-06-20 14:27:38,2025-06-20,14:27:38,out,2.44,18.9,100.0,18.9,18.904,47.3,2.71
2025-06-20 14:27:52,2025-06-20,14:27:52,in,1.06,1310.8,0.0,20.0,6.129,32.9,1.24
2025-06-20 14:28:42,2025-06-20,14:28:42,out,2.22,19.0,100.0,19.0,19.004,57.3,2.81
2025-06-20 14:28:56,2025-06-20,14:28:56,in,1.06,1310.8,0.0,20.0,6.129,32.9,1.24
2025-06-20 14:29:45,2025-06-20,14:29:45,out,2.44,19.1,100.0,19.1,19.105,54.9,3.12
2025-06-20 14:30:00,2025-06-20,14:30:00,in,1.06,1310.8,0.0,20.2,6.212,32.9,1.24
2025-06-20 14:30:48,2025-06-20,14:30:48,out,2.31,19.1,100.0,19.1,19.105,58.9,2.68
2025-06-20 14:31:03,2025-06-20,14:31:03,in,1.06,1310.8,0.0,20.2,6.212,32.9,1.24
2025-06-20 14:31:52,2025-06-20,14:31:52,out,2.55,19.3,100.0,19.3,19.307,43.2,3.38
2025-06-20 14:32:06,2025-06-20,14:32:06,in,1.06,1310.8,0.0,20.3,6.253,32.9,1.24
2025-06-20 14:32:56,2025-06-20,14:32:56,out,1.64,19.4,100.0,19.4,19.407,46.3,2.1
2025-06-20 14:33:10,2025-06-20,14:33:10,in,1.06,1310.8,0.0,20.3,6.253,32.9,1.24
2025-06-20 14:33:59,2025-06-20,14:33:59,out,1.91,19.5,100.0,19.5,19.508,43.9,2.75
2025-06-20 14:34:14,2025-06-20,14:34:14,in,1.06,1310.8,0.0,20.5,6.337,32.9,1.24
2025-06-20 14:35:02,2025-06-20,14:35:02,out,2.62,19.6,100.0,19.6,19.609,43.2,3.47
2025-06-20 14:35:17,2025-06-20,14:35:17,in,1.06,1310.8,0.0,20.6,6.378,32.9,1.24
2025-06-20 14:36:06,2025-06-20,14:36:06,out,2.59,19.7,100.0,19.7,19.709,36.1,3.53
2025-06-20 14:36:20,2025-06-20,14:36:20,in,1.06,1310.8,0.0,20.9,6.503,32.9,1.24
2025-06-20 14:37:10,2025-06-20,14:37:10,out,3.28,19.8,100.0,19.8,19.81,55.2,4.06
2025-06-20 14:37:24,2025-06-20,14:37:24,in,1.06,1310.8,0.0,21.2,6.627,32.9,1.24
2025-06-20 14:38:13,2025-06-20,14:38:13,out,2.13,19.9,100.0,19.9,19.911,42.1,3.0
2025-06-20 14:38:28,2025-06-20,14:38:28,in,1.06,1310.8,0.0,21.3,6.669,32.9,1.24
2025-06-20 14:39:16,2025-06-20,14:39:16,out,2.95,20.0,100.0,20.0,20.012,60.0,3.7
2025-06-20 14:39:31,2025-06-20,14:39:31,in,1.06,1310.8,0.0,21.5,6.752,32.9,1.24
2025-06-20 14:40:20,2025-06-20,14:40:20,out,2.08,19.9,100.0,19.9,19.911,53.7,4.29
2025-06-20 14:40:34,2025-06-20,14:40:34,in,1.06,1310.8,0.0,21.4,6.71,32.9,1.24
2025-06-20 14:41:24,2025-06-20,14:41:24,out,2.93,20.0,100.0,20.0,20.012,75.0,3.85
2025-06-20 14:41:38,2025-06-20,14:41:38,in,1.06,1310.8,0.0,21.5,6.752,32.9,1.24
2025-06-20 14:42:27,2025-06-20,14:42:27,out,1.43,20.1,100.0,20.1,20.112,55.1,3.8
2025-06-20 14:42:42,2025-06-20,14:42:42,in,1.06,1310.8,0.0,21.6,6.793,32.9,1.24
2025-06-20 14:43:30,2025-06-20,14:43:30,out,1.17,20.3,100.0,20.3,20.314,60.8,1.86
2025-06-20 14:43:45,2025-06-20,14:43:45,in,1.06,1310.8,0.0,21.8,6.876,32.9,1.24
2025-06-20 14:44:34,2025-06-20,14:44:34,out,2.25,20.3,100.0,20.3,20.314,67.8,3.8
2025-06-20 14:44:48,2025-06-20,14:44:48,in,1.06,1310.8,0.0,21.9,6.918,32.9,1.24
2025-06-20 14:45:38,2025-06-20,14:45:38,out,2.16,20.4,100.0,20.4,20.414,61.1,3.07
2025-06-20 14:45:52,2025-06-20,14:45:52,in,1.06,1310.8,0.0,22.0,6.959,32.9,1.24
2025-06-20 14:46:41,2025-06-20,14:46:41,out,1.07,20.6,100.0,20.6,20.616,51.6,2.07
2025-06-20 14:46:56,2025-06-20,14:46:56,in,1.06,1310.8,0.0,22.2,7.042,32.9,1.24
2025-06-20 14:47:44,2025-06-20,14:47:44,out,2.32,20.8,100.0,20.8,20.817,35.1,3.04
2025-06-20 14:47:59,2025-06-20,14:47:59,in,1.06,1310.8,0.0,22.1,7.001,32.9,1.24
2025-06-20 14:48:48,2025-06-20,14:48:48,out,2.62,21.0,100.0,21.0,21.019,50.7,3.49
2025-06-20 14:49:02,2025-06-20,14:49:02,in,1.06,1310.8,0.0,22.3,7.084,32.9,1.24
2025-06-20 14:49:52,2025-06-20,14:49:52,out,3.6,20.8,100.0,20.8,20.817,50.1,4.28
2025-06-20 14:50:06,2025-06-20,14:50:06,in,1.06,1310.8,0.0,22.1,7.001,32.9,1.24
2025-06-20 14:50:55,2025-06-20,14:50:55,out,2.3,20.7,100.0,20.7,20.717,46.7,4.47
2025-06-20 14:51:10,2025-06-20,14:51:10,in,1.06,1310.8,0.0,22.2,7.042,32.9,1.24
2025-06-20 14:51:58,2025-06-20,14:51:58,out,3.48,20.6,100.0,20.6,20.616,71.9,4.99
2025-06-20 14:52:13,2025-06-20,14:52:13,in,1.06,1310.8,0.0,22.2,7.042,32.9,1.24
2025-06-20 14:53:02,2025-06-20,14:53:02,out,2.2,20.8,100.0,20.8,20.817,51.0,3.86
2025-06-20 14:53:16,2025-06-20,14:53:16,in,1.06,1310.8,0.0,22.2,7.042,32.9,1.24
2025-06-20 14:54:06,2025-06-20,14:54:06,out,2.44,20.7,100.0,20.7,20.717,58.1,5.3
2025-06-20 14:54:20,2025-06-20,14:54:20,in,1.06,1310.8,0.0,22.4,7.125,32.9,1.24
2025-06-20 14:55:09,2025-06-20,14:55:09,out,4.09,20.8,100.0,20.8,20.817,61.2,4.59
2025-06-20 14:55:24,2025-06-20,14:55:24,in,1.06,1310.8,0.0,22.6,7.209,32.9,1.24
2025-06-20 14:56:13,2025-06-20,14:56:13,out,3.21,20.8,100.0,20.8,20.817,63.7,4.7
2025-06-20 14:56:28,2025-06-20,14:56:28,in,1.06,1310.8,0.0,22.7,7.25,32.9,1.24
2025-06-20 14:57:16,2025-06-20,14:57:16,out,2.72,20.8,100.0,20.8,20.817,43.9,5.09
2025-06-20 14:57:31,2025-06-20,14:57:31,in,1.06,1310.8,0.0,22.6,7.209,32.9,1.24
2025-06-20 14:58:20,2025-06-20,14:58:20,out,2.54,21.0,100.0,20.9,20.918,74.0,3.16
2025-06-20 14:58:34,2025-06-20,14:58:34,in,1.06,1310.8,0.0,22.6,7.209,32.9,1.24
2025-06-20 14:59:24,2025-06-20,14:59:24,out,2.83,21.0,100.0,21.0,21.019,88.7,3.81
2025-06-20 14:59:38,2025-06-20,14:59:38,in,1.06,1310.8,0.0,22.6,7.209,32.9,1.24
2025-06-20 15:00:27,2025-06-20,15:00:27,out,3.62,21.1,100.0,21.1,21.119,37.5,4.46
2025-06-20 15:00:42,2025-06-20,15:00:42,in,1.06,1310.8,0.0,22.6,7.209,32.9,1.24
2025-06-20 15:01:30,2025-06-20,15:01:30,out,2.06,21.0,100.0,21.0,21.019,45.2,3.24
2025-06-20 15:01:45,2025-06-20,15:01:45,in,1.06,1310.8,0.0,22.8,7.292,32.9,1.24
2025-06-20 15:02:34,2025-06-20,15:02:34,out,1.62,21.2,100.0,21.2,21.22,45.4,3.8
2025-06-20 15:02:48,2025-06-20,15:02:48,in,1.06,1310.8,0.0,23.0,7.374,32.9,1.24
2025-06-20 15:03:38,2025-06-20,15:03:38,out,2.15,21.2,100.0,21.2,21.22,54.8,3.35
2025-06-20 15:03:52,2025-06-20,15:03:52,in,1.06,1310.8,0.0,23.1,7.416,32.9,1.24
2025-06-20 15:04:41,2025-06-20,15:04:41,out,2.64,21.2,100.0,21.2,21.22,55.3,4.62
2025-06-20 15:04:56,2025-06-20,15:04:56,in,1.06,1310.8,0.0,23.2,7.457,32.9,1.24
2025-06-20 15:05:44,2025-06-20,15:05:44,out,2.46,21.1,100.0,21.1,21.119,85.7,5.09
2025-06-20 15:05:59,2025-06-20,15:05:59,in,1.06,1310.8,0.0,23.2,7.457,32.9,1.24
2025-06-20 15:06:48,2025-06-20,15:06:48,out,3.21,21.2,100.0,21.2,21.22,57.5,4.0
2025-06-20 15:07:02,2025-06-20,15:07:02,in,1.06,1310.8,0.0,23.2,7.457,32.9,1.24
2025-06-20 15:07:52,2025-06-20,15:07:52,out,3.36,21.2,100.0,21.2,21.22,53.3,3.96
2025-06-20 15:08:06,2025-06-20,15:08:06,in,1.06,1310.8,0.0,23.2,7.457,32.9,1.24
2025-06-20 15:08:55,2025-06-20,15:08:55,out,2.27,21.2,100.0,21.2,21.22,59.1,4.16
2025-06-20 15:09:10,2025-06-20,15:09:10,in,1.06,1310.8,0.0,23.2,7.457,32.9,1.24
2025-06-20 15:09:58,2025-06-20,15:09:58,out,2.16,21.4,100.0,21.4,21.422,47.6,2.94
2025-06-20 15:10:13,2025-06-20,15:10:13,in,1.06,1310.8,0.0,23.2,7.457,32.9,1.24
2025-06-20 15:11:02,2025-06-20,15:11:02,out,2.4,21.4,100.0,21.4,21.422,45.4,3.29
2025-06-20 15:11:16,2025-06-20,15:11:16,in,1.06,1310.8,0.0,23.3,7.499,32.9,1.24
2025-06-20 15:12:06,2025-06-20,15:12:06,out,1.59,21.5,100.0,21.5,21.522,84.8,2.83
2025-06-20 15:12:20,2025-06-20,15:12:20,in,1.06,1310.8,0.0,23.5,7.582,32.9,1.24
2025-06-20 15:13:09,2025-06-20,15:13:09,out,2.12,21.6,100.0,21.6,21.623,55.9,3.15
2025-06-20 15:13:24,2025-06-20,15:13:24,in,0.99,1310.8,0.0,23.6,7.623,2.3,1.71
2025-06-20 15:14:12,2025-06-20,15:14:12,out,1.62,21.6,100.0,21.6,21.623,63.2,3.67
2025-06-20 15:14:27,2025-06-20,15:14:27,in,0.8,1310.8,0.0,23.6,7.623,351.6,1.42
2025-06-20 15:15:16,2025-06-20,15:15:16,out,3.26,21.6,100.0,21.6,21.623,64.9,3.57
2025-06-20 15:15:30,2025-06-20,15:15:30,in,0.79,1310.8,0.0,23.7,7.665,342.7,1.32
2025-06-20 15:16:20,2025-06-20,15:16:20,out,2.35,21.6,100.0,21.6,21.623,51.6,2.9
2025-06-20 15:16:34,2025-06-20,15:16:34,in,1.15,1310.8,0.0,23.7,7.665,321.6,1.64
2025-06-20 15:17:23,2025-06-20,15:17:23,out,1.85,21.7,100.0,21.7,21.724,90.0,2.57
2025-06-20 15:17:38,2025-06-20,15:17:38,in,0.44,1310.8,0.0,23.8,7.706,16.8,1.48
2025-06-20 15:18:26,2025-06-20,15:18:26,out,2.55,21.7,100.0,21.7,21.724,60.5,3.42
2025-06-20 15:18:41,2025-06-20,15:18:41,in,0.89,1310.8,0.0,23.8,7.706,2.3,1.39
2025-06-20 15:19:30,2025-06-20,15:19:30,out,2.47,21.6,100.0,21.6,21.623,55.2,3.7
2025-06-20 15:19:44,2025-06-20,15:19:44,in,1.27,1310.8,0.0,23.8,7.706,338.1,1.89
2025-06-20 15:20:34,2025-06-20,15:20:34,out,1.1,21.6,100.0,21.6,21.623,80.6,2.61
2025-06-20 15:20:48,2025-06-20,15:20:48,in,1.0,1310.8,0.0,23.8,7.706,318.6,1.68
2025-06-20 15:21:37,2025-06-20,15:21:37,out,2.35,21.6,100.0,21.6,21.623,65.9,2.93
2025-06-20 15:21:52,2025-06-20,15:21:52,in,0.81,1310.8,0.0,23.9,7.748,320.2,1.66
2025-06-20 15:22:40,2025-06-20,15:22:40,out,2.04,21.7,100.0,21.7,21.724,63.1,2.76
2025-06-20 15:22:55,2025-06-20,15:22:55,in,1.19,1310.8,0.0,24.0,7.789,335.6,1.9
2025-06-20 15:23:44,2025-06-20,15:23:44,out,0.9,21.6,100.0,21.7,21.724,63.7,2.02
2025-06-20 15:23:58,2025-06-20,15:23:58,in,0.88,1310.8,0.0,23.7,7.665,318.6,1.85
2025-06-20 15:24:48,2025-06-20,15:24:48,out,1.49,21.7,100.0,21.7,21.724,56.5,2.34
2025-06-20 15:25:02,2025-06-20,15:25:02,in,1.14,1310.8,0.0,23.8,7.706,330.1,2.12
2025-06-20 15:25:51,2025-06-20,15:25:51,out,1.0,21.8,100.0,21.8,21.824,80.3,1.75
2025-06-20 15:26:06,2025-06-20,15:26:06,in,1.41,1310.8,0.0,23.9,7.748,328.7,2.04
2025-06-20 15:26:54,2025-06-20,15:26:54,out,0.83,21.9,100.0,21.9,21.925,20.0,1.45
2025-06-20 15:27:09,2025-06-20,15:27:09,in,1.35,1310.8,0.0,24.0,7.789,332.2,2.3
2025-06-20 15:27:58,2025-06-20,15:27:58,out,1.54,22.1,100.0,22.1,22.127,34.3,2.0
2025-06-20 15:28:12,2025-06-20,15:28:12,in,1.29,1310.8,0.0,24.2,7.872,329.3,2.12
2025-06-20 15:29:02,2025-06-20,15:29:02,out,1.71,22.1,100.0,22.1,22.127,51.8,2.0
2025-06-20 15:29:16,2025-06-20,15:29:16,in,0.95,1310.8,0.0,24.2,7.872,322.7,2.05
2025-06-20 15:30:05,2025-06-20,15:30:05,out,1.6,22.1,100.0,22.1,22.127,51.8,2.79
2025-06-20 15:30:20,2025-06-20,15:30:20,in,1.0,1310.8,0.0,24.3,7.914,334.3,1.98
2025-06-20 15:31:08,2025-06-20,15:31:08,out,1.43,22.3,100.0,22.3,22.328,63.1,2.49
2025-06-20 15:31:23,2025-06-20,15:31:23,in,1.49,1310.8,0.0,24.3,7.914,337.4,2.0
2025-06-20 15:32:12,2025-06-20,15:32:12,out,1.64,22.3,100.0,22.3,22.328,10.4,2.47
2025-06-20 15:32:26,2025-06-20,15:32:26,in,2.08,1310.8,0.0,24.2,7.872,328.1,2.74
2025-06-20 15:33:16,2025-06-20,15:33:16,out,1.72,22.4,100.0,22.4,22.429,23.4,2.4
2025-06-20 15:33:30,2025-06-20,15:33:30,in,1.46,1310.8,0.0,24.1,7.831,332.4,2.4
2025-06-20 15:34:19,2025-06-20,15:34:19,out,1.33,22.4,100.0,22.4,22.429,11.4,2.21
2025-06-20 15:34:34,2025-06-20,15:34:34,in,1.96,1310.8,0.0,24.2,7.872,327.8,2.64
2025-06-20 15:35:22,2025-06-20,15:35:22,out,2.27,22.6,100.0,22.6,22.63,19.5,3.3
2025-06-20 15:35:37,2025-06-20,15:35:37,in,0.27,1310.8,0.0,24.4,7.955,99.7,2.12
2025-06-20 15:36:26,2025-06-20,15:36:26,out,2.88,22.6,100.0,22.6,22.63,25.8,4.19
2025-06-20 15:36:40,2025-06-20,15:36:40,in,1.11,1310.8,0.0,24.5,7.997,347.5,1.77
2025-06-20 15:37:30,2025-06-20,15:37:30,out,2.88,22.6,100.0,22.6,22.63,2.8,4.04
2025-06-20 15:37:44,2025-06-20,15:37:44,in,0.42,1310.8,0.0,24.4,7.955,355.0,1.94
2025-06-20 15:38:33,2025-06-20,15:38:33,out,2.67,22.6,100.0,22.6,22.63,353.7,3.16
2025-06-20 15:38:48,2025-06-20,15:38:48,in,0.5,1310.8,0.0,24.4,7.955,324.2,0.84
2025-06-20 15:39:36,2025-06-20,15:39:36,out,3.68,22.5,100.0,22.5,22.529,359.6,4.4
2025-06-20 15:39:51,2025-06-20,15:39:51,in,0.86,1310.8,0.0,24.3,7.914,354.0,1.14
2025-06-20 15:40:40,2025-06-20,15:40:40,out,2.9,22.5,100.0,22.5,22.529,18.1,3.92
2025-06-20 15:40:54,2025-06-20,15:40:54,in,0.56,1310.8,0.0,24.2,7.872,353.7,0.94
2025-06-20 15:41:44,2025-06-20,15:41:44,out,2.83,22.4,100.0,22.4,22.429,27.1,3.81
2025-06-20 15:41:58,2025-06-20,15:41:58,in,0.65,1310.8,0.0,24.2,7.872,328.4,1.11
2025-06-20 15:42:47,2025-06-20,15:42:47,out,2.61,22.5,100.0,22.4,22.429,358.3,3.32
2025-06-20 15:43:02,2025-06-20,15:43:02,in,0.86,1310.8,0.0,24.0,7.789,15.7,1.8
2025-06-20 15:43:50,2025-06-20,15:43:50,out,1.9,22.7,100.0,22.6,22.63,22.6,3.44
2025-06-20 15:44:05,2025-06-20,15:44:05,in,0.28,1310.8,0.0,24.0,7.789,5.2,1.29
2025-06-20 15:44:54,2025-06-20,15:44:54,out,2.59,22.8,100.0,22.8,22.832,11.2,3.71
2025-06-20 15:45:08,2025-06-20,15:45:08,in,0.25,1310.8,0.0,24.1,7.831,14.9,0.73
2025-06-20 15:45:58,2025-06-20,15:45:58,out,2.01,22.9,100.0,22.9,22.932,35.5,3.71
2025-06-20 15:46:12,2025-06-20,15:46:12,in,0.78,1310.8,0.0,24.2,7.872,26.5,1.25
2025-06-20 15:47:02,2025-06-20,15:47:02,out,1.72,23.0,100.0,23.0,23.033,11.3,3.41
2025-06-20 15:47:16,2025-06-20,15:47:16,in,0.9,1310.8,0.0,24.2,7.872,9.1,1.2
2025-06-20 15:48:04,2025-06-20,15:48:04,out,1.71,23.0,100.0,23.0,23.033,61.3,4.45
2025-06-20 15:48:19,2025-06-20,15:48:19,in,1.25,1310.8,0.0,24.2,7.872,7.7,1.63
2025-06-20 15:49:08,2025-06-20,15:49:08,out,1.73,23.1,100.0,23.1,23.134,24.8,2.63
2025-06-20 15:49:22,2025-06-20,15:49:22,in,0.33,1310.8,0.0,24.2,7.872,345.7,1.47
2025-06-20 15:50:12,2025-06-20,15:50:12,out,0.71,23.1,100.0,23.1,23.134,16.6,2.77
2025-06-20 15:50:26,2025-06-20,15:50:26,in,0.41,1310.8,0.0,24.1,7.831,32.8,1.06
2025-06-20 15:51:16,2025-06-20,15:51:16,out,1.96,23.2,100.0,23.2,23.234,37.8,3.12
2025-06-20 15:51:30,2025-06-20,15:51:30,in,0.42,1310.8,0.0,24.2,7.872,352.6,0.86
2025-06-20 15:52:19,2025-06-20,15:52:19,out,0.89,23.2,100.0,23.3,23.335,54.3,2.71
2025-06-20 15:52:33,2025-06-20,15:52:33,in,0.21,1310.8,0.0,24.2,7.872,351.3,0.76
2025-06-20 15:53:22,2025-06-20,15:53:22,out,1.65,23.3,100.0,23.3,23.335,19.9,2.65
2025-06-20 15:53:36,2025-06-20,15:53:36,in,0.22,1310.8,0.0,24.2,7.872,335.6,0.93
2025-06-20 15:54:26,2025-06-20,15:54:26,out,1.13,23.3,100.0,23.3,23.335,37.9,3.2
2025-06-20 15:54:40,2025-06-20,15:54:40,in,0.31,1310.8,0.0,24.2,7.872,20.8,0.78
2025-06-20 15:55:30,2025-06-20,15:55:30,out,2.24,23.3,100.0,23.3,23.335,59.9,3.74
2025-06-20 15:55:44,2025-06-20,15:55:44,in,0.07,1310.8,0.0,24.3,7.914,86.5,0.29
2025-06-20 15:56:33,2025-06-20,15:56:33,out,2.22,23.3,100.0,23.3,23.335,44.4,3.51
2025-06-20 15:56:47,2025-06-20,15:56:47,in,0.51,1310.8,0.0,24.4,7.955,356.8,1.22
2025-06-20 15:57:36,2025-06-20,15:57:36,out,2.34,23.1,100.0,23.1,23.134,36.2,2.94
2025-06-20 15:57:50,2025-06-20,15:57:50,in,0.9,1310.8,0.0,24.3,7.914,10.2,1.09
2025-06-20 15:58:40,2025-06-20,15:58:40,out,1.41,23.2,100.0,23.2,23.234,32.7,2.85
2025-06-20 15:58:54,2025-06-20,15:58:54,in,0.3,1310.8,0.0,24.2,7.872,29.3,0.85
2025-06-20 15:59:44,2025-06-20,15:59:44,out,1.81,23.3,100.0,23.3,23.335,69.9,2.86
2025-06-20 15:59:58,2025-06-20,15:59:58,in,0.7,1310.8,0.0,24.3,7.914,30.3,0.84
2025-06-20 16:00:47,2025-06-20,16:00:47,out,1.76,23.3,100.0,23.3,23.335,53.7,3.22
2025-06-20 16:01:01,2025-06-20,16:01:01,in,0.56,1310.8,0.0,24.2,7.872,38.8,1.29
2025-06-20 16:01:50,2025-06-20,16:01:50,out,1.8,23.4,100.0,23.4,23.436,42.8,2.99
2025-06-20 16:02:04,2025-06-20,16:02:04,in,0.47,1310.8,0.0,24.3,7.914,16.5,1.0
2025-06-20 16:02:54,2025-06-20,16:02:54,out,2.14,23.4,100.0,23.4,23.436,42.8,3.51
2025-06-20 16:03:08,2025-06-20,16:03:08,in,0.43,1310.8,0.0,24.4,7.955,359.5,1.43
2025-06-20 16:03:58,2025-06-20,16:03:58,out,2.06,23.4,100.0,23.4,23.436,37.7,2.8
2025-06-20 16:04:12,2025-06-20,16:04:12,in,0.67,1310.8,0.0,24.4,7.955,358.0,0.89
2025-06-20 16:05:01,2025-06-20,16:05:01,out,2.76,23.5,100.0,23.5,23.537,46.0,3.05
2025-06-20 16:05:15,2025-06-20,16:05:15,in,0.57,1310.8,0.0,24.5,7.997,358.1,0.98
2025-06-20 16:06:04,2025-06-20,16:06:04,out,2.62,23.4,100.0,23.4,23.436,65.4,3.93
2025-06-20 16:06:18,2025-06-20,16:06:18,in,0.23,1310.8,0.0,24.5,7.997,68.9,0.79
2025-06-20 16:07:08,2025-06-20,16:07:08,out,1.03,23.4,100.0,23.4,23.436,54.5,3.27
2025-06-20 16:07:22,2025-06-20,16:07:22,in,0.17,1310.8,0.0,24.5,7.997,136.9,0.38
2025-06-20 16:08:12,2025-06-20,16:08:12,out,2.03,23.5,100.0,23.5,23.537,5.7,2.93
2025-06-20 16:08:26,2025-06-20,16:08:26,in,0.15,1310.8,0.0,24.5,7.997,353.1,0.38
2025-06-20 16:09:15,2025-06-20,16:09:15,out,1.64,23.6,100.0,23.6,23.637,97.7,2.44
2025-06-20 16:09:29,2025-06-20,16:09:29,in,0.14,1310.8,0.0,24.5,7.997,122.1,0.67
2025-06-20 16:10:18,2025-06-20,16:10:18,out,1.89,23.7,100.0,23.7,23.738,89.8,3.02
2025-06-20 16:10:33,2025-06-20,16:10:33,in,0.57,1310.8,0.0,24.6,8.038,139.2,0.66
2025-06-20 16:11:22,2025-06-20,16:11:22,out,1.63,23.7,100.0,23.7,23.738,77.5,2.01
2025-06-20 16:11:36,2025-06-20,16:11:36,in,0.47,1310.8,0.0,24.6,8.038,117.1,0.96
2025-06-20 16:12:26,2025-06-20,16:12:26,out,2.72,23.7,100.0,23.7,23.738,57.1,3.71
2025-06-20 16:12:40,2025-06-20,16:12:40,in,0.25,1310.8,0.0,24.6,8.038,30.5,0.54
2025-06-20 16:13:29,2025-06-20,16:13:29,out,1.63,23.8,100.0,23.8,23.839,65.5,3.26
2025-06-20 16:13:44,2025-06-20,16:13:44,in,0.78,1310.8,0.0,24.7,8.08,131.7,0.94
2025-06-20 16:14:32,2025-06-20,16:14:32,out,2.39,23.9,100.0,23.9,23.939,65.9,3.06
2025-06-20 16:14:47,2025-06-20,16:14:47,in,0.18,1310.8,0.0,24.7,8.08,142.3,0.87
2025-06-20 16:15:36,2025-06-20,16:15:36,out,2.73,23.5,98.1,23.8,23.587,70.4,3.58
2025-06-20 16:15:50,2025-06-20,16:15:50,in,1.03,1310.8,0.0,24.7,8.08,337.5,1.65
2025-06-20 16:16:40,2025-06-20,16:16:40,out,2.18,23.3,97.3,23.8,23.482,58.6,3.3
2025-06-20 16:16:54,2025-06-20,16:16:54,in,1.29,1310.8,0.0,24.7,8.08,334.5,1.94
2025-06-20 16:17:43,2025-06-20,16:17:43,out,2.22,23.4,97.0,23.9,23.542,36.8,2.49
2025-06-20 16:17:58,2025-06-20,16:17:58,in,1.09,1310.8,0.0,24.7,8.08,325.8,2.38
2025-06-20 16:18:46,2025-06-20,16:18:46,out,1.15,23.4,96.7,24.0,23.602,36.4,2.91
2025-06-20 16:19:01,2025-06-20,16:19:01,in,0.96,1310.8,0.0,24.8,8.121,339.1,2.05
2025-06-20 16:19:50,2025-06-20,16:19:50,out,2.79,23.4,95.8,24.1,23.583,41.3,3.36
2025-06-20 16:20:04,2025-06-20,16:20:04,in,0.65,1310.8,0.0,25.0,8.204,332.0,1.68
2025-06-20 16:20:54,2025-06-20,16:20:54,out,2.75,23.1,94.2,24.1,23.37,44.4,3.39
2025-06-20 16:21:08,2025-06-20,16:21:08,in,1.07,1310.8,0.0,25.0,8.204,325.2,2.06
2025-06-20 16:21:57,2025-06-20,16:21:57,out,1.95,22.7,91.8,24.1,23.05,91.2,3.73
2025-06-20 16:22:12,2025-06-20,16:22:12,in,1.14,1310.8,0.0,25.0,8.204,329.2,1.85
2025-06-20 16:23:00,2025-06-20,16:23:00,out,1.93,22.7,91.9,24.1,23.063,67.4,2.74
2025-06-20 16:23:15,2025-06-20,16:23:15,in,1.18,1310.8,0.0,25.1,8.246,322.0,1.85
2025-06-20 16:24:04,2025-06-20,16:24:04,out,2.07,22.3,89.9,24.1,22.797,109.8,2.92
2025-06-20 16:24:18,2025-06-20,16:24:18,in,0.77,1310.8,0.0,25.2,8.287,354.4,1.91
2025-06-20 16:25:08,2025-06-20,16:25:08,out,1.3,22.0,88.6,24.1,22.623,67.3,2.42
2025-06-20 16:25:22,2025-06-20,16:25:22,in,0.83,1310.8,0.0,25.1,8.246,341.3,2.06
2025-06-20 16:26:11,2025-06-20,16:26:11,out,2.98,21.9,87.4,24.1,22.462,76.4,3.44
2025-06-20 16:26:26,2025-06-20,16:26:26,in,0.41,1310.8,0.0,25.1,8.246,285.1,1.71
2025-06-20 16:27:14,2025-06-20,16:27:14,out,1.88,21.9,87.2,24.2,22.533,77.9,3.48
2025-06-20 16:27:29,2025-06-20,16:27:29,in,1.19,1310.8,0.0,25.2,8.287,326.5,1.94
2025-06-20 16:28:18,2025-06-20,16:28:18,out,1.28,21.9,86.4,24.3,22.524,54.1,2.77
2025-06-20 16:28:32,2025-06-20,16:28:32,in,1.24,1310.8,0.0,25.2,8.287,318.5,1.69
2025-06-20 16:29:22,2025-06-20,16:29:22,out,1.05,22.2,87.6,24.4,22.783,104.9,2.29
2025-06-20 16:29:36,2025-06-20,16:29:36,in,1.38,1310.8,0.0,25.4,8.37,319.6,2.18
2025-06-20 16:30:25,2025-06-20,16:30:25,out,3.3,22.0,86.6,24.5,22.746,101.3,4.01
2025-06-20 16:30:40,2025-06-20,16:30:40,in,1.06,1310.8,0.0,25.4,8.37,313.9,1.58
2025-06-20 16:31:28,2025-06-20,16:31:28,out,1.67,21.8,85.1,24.5,22.543,72.0,4.14
2025-06-20 16:31:43,2025-06-20,16:31:43,in,1.15,1310.8,0.0,25.4,8.37,328.0,1.88
2025-06-20 16:32:32,2025-06-20,16:32:32,out,2.4,21.9,85.2,24.5,22.557,79.9,2.69
2025-06-20 16:32:46,2025-06-20,16:32:46,in,0.74,1310.8,0.0,25.4,8.37,2.5,1.99
2025-06-20 16:33:36,2025-06-20,16:33:36,out,1.82,22.0,85.0,24.7,22.724,100.9,3.02
2025-06-20 16:33:50,2025-06-20,16:33:50,in,0.74,1310.8,0.0,25.4,8.37,334.1,1.57
2025-06-20 16:34:39,2025-06-20,16:34:39,out,1.27,22.0,84.9,24.7,22.711,88.3,2.99
2025-06-20 16:34:54,2025-06-20,16:34:54,in,0.52,1310.8,0.0,25.5,8.411,344.0,1.51
2025-06-20 16:35:42,2025-06-20,16:35:42,out,2.75,22.0,84.2,24.8,22.713,89.3,3.27
2025-06-20 16:35:57,2025-06-20,16:35:57,in,0.73,1310.8,0.0,25.5,8.411,323.0,1.4
2025-06-20 16:36:46,2025-06-20,16:36:46,out,1.76,22.2,85.0,24.9,22.919,70.7,3.31
2025-06-20 16:37:00,2025-06-20,16:37:00,in,0.33,1310.8,0.0,25.6,8.453,336.6,1.81
2025-06-20 16:37:50,2025-06-20,16:37:50,out,1.92,21.6,81.9,24.9,22.496,57.8,3.77
2025-06-20 16:38:04,2025-06-20,16:38:04,in,0.72,1310.8,0.0,25.6,8.453,312.5,1.63
2025-06-20 16:38:54,2025-06-20,16:38:54,out,2.87,21.8,82.8,24.9,22.619,59.5,3.8
2025-06-20 16:39:08,2025-06-20,16:39:08,in,0.62,1310.8,0.0,25.6,8.453,320.2,1.33
2025-06-20 16:39:56,2025-06-20,16:39:56,out,2.37,21.4,81.0,24.9,22.372,60.1,4.7
2025-06-20 16:40:11,2025-06-20,16:40:11,in,0.37,1310.8,0.0,25.7,8.494,344.6,1.52
2025-06-20 16:41:00,2025-06-20,16:41:00,out,1.61,21.8,82.6,25.0,22.688,82.3,2.12
2025-06-20 16:41:14,2025-06-20,16:41:14,in,0.59,1310.8,0.0,25.8,8.536,322.0,1.68
2025-06-20 16:42:04,2025-06-20,16:42:04,out,1.9,21.9,82.1,25.2,22.813,68.2,3.34
2025-06-20 16:42:18,2025-06-20,16:42:18,in,0.89,1310.8,0.0,26.0,8.619,305.4,1.68
2025-06-20 16:43:08,2025-06-20,16:43:08,out,2.23,21.5,80.2,25.2,22.551,79.7,2.76
2025-06-20 16:43:22,2025-06-20,16:43:22,in,0.42,1310.8,0.0,25.9,8.577,335.7,1.36
2025-06-20 16:44:11,2025-06-20,16:44:11,out,1.66,21.4,79.8,25.2,22.496,66.1,3.19
2025-06-20 16:44:25,2025-06-20,16:44:25,in,0.97,1310.8,0.0,25.7,8.494,337.3,1.75
2025-06-20 16:45:14,2025-06-20,16:45:14,out,2.35,21.1,78.0,25.3,22.342,74.1,3.75
2025-06-20 16:45:28,2025-06-20,16:45:28,in,1.03,1310.8,0.0,25.8,8.536,308.9,1.78
2025-06-20 16:46:18,2025-06-20,16:46:18,out,2.54,21.0,77.3,25.3,22.245,81.4,3.1
2025-06-20 16:46:32,2025-06-20,16:46:32,in,0.71,1310.8,0.0,25.8,8.536,319.4,1.34
2025-06-20 16:47:22,2025-06-20,16:47:22,out,2.16,20.7,75.7,25.3,22.021,98.8,3.18
2025-06-20 16:47:36,2025-06-20,16:47:36,in,0.63,1310.8,0.0,25.8,8.536,320.0,1.61
2025-06-20 16:48:25,2025-06-20,16:48:25,out,1.39,20.7,75.3,25.4,22.06,87.5,3.89
2025-06-20 16:48:39,2025-06-20,16:48:39,in,0.53,1310.8,0.0,25.9,8.577,313.3,1.49
2025-06-20 16:49:28,2025-06-20,16:49:28,out,2.16,20.9,75.7,25.5,22.211,102.0,3.0
2025-06-20 16:49:42,2025-06-20,16:49:42,in,0.25,1310.8,0.0,26.0,8.619,157.9,1.2
2025-06-20 16:50:32,2025-06-20,16:50:32,out,2.59,20.2,72.7,25.5,21.789,124.4,4.58
2025-06-20 16:50:46,2025-06-20,16:50:46,in,1.29,1310.8,0.0,26.0,8.619,312.6,2.45
2025-06-20 16:51:36,2025-06-20,16:51:36,out,2.1,20.1,72.4,25.4,21.652,123.1,3.37
2025-06-20 16:51:50,2025-06-20,16:51:50,in,0.88,1310.8,0.0,26.1,8.66,325.6,1.45
2025-06-20 16:52:39,2025-06-20,16:52:39,out,1.15,20.3,73.3,25.5,21.874,67.5,2.6
2025-06-20 16:52:53,2025-06-20,16:52:53,in,0.11,1310.8,0.0,26.1,8.66,289.7,1.65
2025-06-20 16:53:42,2025-06-20,16:53:42,out,1.8,20.2,72.2,25.6,21.812,103.8,3.43
2025-06-20 16:53:56,2025-06-20,16:53:56,in,0.84,1310.8,0.0,26.1,8.66,322.5,2.12
2025-06-20 16:54:46,2025-06-20,16:54:46,out,1.06,18.3,64.4,25.5,20.6,97.2,3.39
2025-06-20 16:55:00,2025-06-20,16:55:00,in,0.4,1310.8,0.0,26.1,8.66,323.2,2.17
2025-06-20 16:55:50,2025-06-20,16:55:50,out,2.94,18.0,63.5,25.5,20.469,119.5,3.54
2025-06-20 16:56:04,2025-06-20,16:56:04,in,1.31,1310.8,0.0,26.2,8.702,310.1,1.93
2025-06-20 16:56:53,2025-06-20,16:56:53,out,1.82,17.9,62.8,25.5,20.366,139.7,2.69
2025-06-20 16:57:07,2025-06-20,16:57:07,in,1.18,1310.8,0.0,26.2,8.702,329.6,1.8
2025-06-20 16:57:56,2025-06-20,16:57:56,out,1.17,18.0,63.1,25.5,20.41,92.0,1.87
2025-06-20 16:58:10,2025-06-20,16:58:10,in,1.08,1310.8,0.0,26.1,8.66,310.5,2.36
2025-06-20 16:59:00,2025-06-20,16:59:00,out,2.69,17.7,62.0,25.5,20.249,131.9,2.86
2025-06-20 16:59:14,2025-06-20,16:59:14,in,0.99,1310.8,0.0,26.2,8.702,317.1,1.75
2025-06-20 17:00:04,2025-06-20,17:00:04,out,1.88,17.8,62.4,25.5,20.308,135.8,2.64
2025-06-20 17:00:18,2025-06-20,17:00:18,in,0.72,1310.8,0.0,26.2,8.702,315.8,1.88
2025-06-20 17:01:07,2025-06-20,17:01:07,out,1.8,17.9,62.3,25.6,20.384,98.1,2.28
2025-06-20 17:01:21,2025-06-20,17:01:21,in,0.75,1310.8,0.0,26.3,8.743,325.3,1.78
2025-06-20 17:02:10,2025-06-20,17:02:10,out,1.38,18.0,62.8,25.6,20.457,143.7,1.97
2025-06-20 17:02:24,2025-06-20,17:02:24,in,0.79,1310.8,0.0,26.3,8.743,326.7,1.99
2025-06-20 17:03:14,2025-06-20,17:03:14,out,0.58,18.2,63.4,25.7,20.636,66.6,1.84
2025-06-20 17:03:28,2025-06-20,17:03:28,in,1.59,1310.8,0.0,26.3,8.743,307.1,2.13
2025-06-20 17:04:18,2025-06-20,17:04:18,out,1.77,18.1,62.6,25.8,20.609,140.7,2.88
2025-06-20 17:04:32,2025-06-20,17:04:32,in,0.92,1310.8,0.0,26.3,8.743,330.2,1.45
2025-06-20 17:05:21,2025-06-20,17:05:21,out,2.06,17.8,61.6,25.7,20.371,117.6,3.23
2025-06-20 17:05:35,2025-06-20,17:05:35,in,0.96,1310.8,0.0,26.3,8.743,322.3,1.83
2025-06-20 17:06:25,2025-06-20,17:06:25,out,1.42,17.9,62.6,25.6,20.428,118.0,2.68
2025-06-20 17:06:38,2025-06-20,17:06:38,in,1.18,1310.8,0.0,26.3,8.743,329.0,1.82
2025-06-20 17:07:28,2025-06-20,17:07:28,out,0.93,18.1,62.9,25.7,20.563,148.9,2.28
2025-06-20 17:07:42,2025-06-20,17:07:42,in,1.41,1310.8,0.0,26.2,8.702,322.1,2.26
2025-06-20 17:08:32,2025-06-20,17:08:32,out,2.76,18.2,63.3,25.7,20.621,152.3,3.41
2025-06-20 17:08:46,2025-06-20,17:08:46,in,0.96,1310.8,0.0,26.1,8.66,322.1,1.75
2025-06-20 17:09:35,2025-06-20,17:09:35,out,1.23,18.3,63.9,25.7,20.709,142.1,2.31
2025-06-20 17:09:49,2025-06-20,17:09:49,in,1.18,1310.8,0.0,26.0,8.619,310.3,2.3
2025-06-20 17:10:38,2025-06-20,17:10:38,out,1.87,18.3,63.9,25.7,20.709,146.2,2.63
2025-06-20 17:10:52,2025-06-20,17:10:52,in,1.13,1310.8,0.0,26.1,8.66,315.7,2.35
2025-06-20 17:11:42,2025-06-20,17:11:42,out,2.4,,,18.2,,25.6,6.36
2025-06-20 17:11:56,2025-06-20,17:11:56,in,1.69,1310.8,0.0,26.1,8.66,313.1,2.44
2025-06-20 17:12:46,2025-06-20,17:12:46,out,1.12,18.0,63.5,25.5,20.469,152.6,1.64
2025-06-20 17:13:00,2025-06-20,17:13:00,in,1.23,1310.8,0.0,26.0,8.619,309.3,2.13
2025-06-20 17:13:49,2025-06-20,17:13:49,out,0.7,18.1,63.7,25.5,20.498,191.3,1.15
2025-06-20 17:14:03,2025-06-20,17:14:03,in,1.17,1310.8,0.0,25.9,8.577,327.0,1.56
2025-06-20 17:14:52,2025-06-20,17:14:52,out,0.94,18.1,63.6,25.5,20.483,217.1,1.25
2025-06-20 17:15:06,2025-06-20,17:15:06,in,1.18,1310.8,0.0,25.8,8.536,318.4,1.92
2025-06-20 17:15:56,2025-06-20,17:15:56,out,1.88,18.2,64.2,25.6,20.662,223.4,2.15
2025-06-20 17:16:10,2025-06-20,17:16:10,in,0.91,1310.8,0.0,25.8,8.536,326.7,1.82
2025-06-20 17:17:00,2025-06-20,17:17:00,out,1.31,18.6,64.8,25.7,20.841,198.2,2.21
2025-06-20 17:17:14,2025-06-20,17:17:14,in,1.31,1310.8,0.0,25.9,8.577,320.4,1.89
2025-06-20 17:18:03,2025-06-20,17:18:03,out,2.01,18.5,64.3,25.8,20.859,201.3,2.59
2025-06-20 17:18:17,2025-06-20,17:18:17,in,1.16,1310.8,0.0,26.1,8.66,308.0,1.93
2025-06-20 17:19:06,2025-06-20,17:19:06,out,1.08,18.1,62.9,25.7,20.563,200.5,2.36
2025-06-20 17:19:20,2025-06-20,17:19:20,in,0.95,1310.8,0.0,26.1,8.66,320.8,2.15
2025-06-20 17:20:10,2025-06-20,17:20:10,out,1.63,18.2,63.6,25.7,20.665,249.3,2.03
2025-06-20 17:20:24,2025-06-20,17:20:24,in,0.88,1310.8,0.0,26.0,8.619,327.6,2.08
2025-06-20 17:21:14,2025-06-20,17:21:14,out,2.23,18.1,63.1,25.7,20.592,221.1,2.57
2025-06-20 17:21:28,2025-06-20,17:21:28,in,0.82,1310.8,0.0,26.0,8.619,328.2,1.4
2025-06-20 17:22:17,2025-06-20,17:22:17,out,0.19,18.0,62.4,25.7,20.489,346.0,2.27
2025-06-20 17:22:31,2025-06-20,17:22:31,in,0.79,1310.8,0.0,26.0,8.619,325.7,1.87
2025-06-20 17:23:20,2025-06-20,17:23:20,out,2.15,18.2,62.9,25.8,20.654,195.4,2.62
2025-06-20 17:23:34,2025-06-20,17:23:34,in,1.82,1310.8,0.0,26.1,8.66,318.4,2.23
2025-06-20 17:24:24,2025-06-20,17:24:24,out,1.09,18.2,62.9,25.8,20.654,201.9,2.25
2025-06-20 17:24:38,2025-06-20,17:24:38,in,1.81,1310.8,0.0,26.2,8.702,314.5,2.19
2025-06-20 17:25:28,2025-06-20,17:25:28,out,1.21,18.1,62.3,25.9,20.656,139.0,1.51
2025-06-20 17:25:42,2025-06-20,17:25:42,in,0.71,1310.8,0.0,26.3,8.743,344.6,2.76
2025-06-20 17:26:31,2025-06-20,17:26:31,out,0.05,18.1,62.3,25.9,20.656,153.4,1.27
2025-06-20 17:26:45,2025-06-20,17:26:45,in,0.58,1310.8,0.0,26.1,8.66,316.3,1.97
2025-06-20 17:27:34,2025-06-20,17:27:34,out,0.32,18.3,62.6,26.0,20.791,119.1,0.83
2025-06-20 17:27:48,2025-06-20,17:27:48,in,0.74,1310.8,0.0,26.1,8.66,332.0,1.23
2025-06-20 17:28:38,2025-06-20,17:28:38,out,2.13,18.4,62.2,26.2,20.913,145.7,2.28
2025-06-20 17:28:52,2025-06-20,17:28:52,in,0.89,1310.8,0.0,26.2,8.702,326.1,2.07
2025-06-20 17:29:42,2025-06-20,17:29:42,out,1.36,17.9,60.7,26.1,20.598,126.5,2.67
2025-06-20 17:29:56,2025-06-20,17:29:56,in,1.21,1310.8,0.0,26.2,8.702,334.4,2.12
2025-06-20 17:30:45,2025-06-20,17:30:45,out,0.95,18.0,61.0,26.1,20.643,114.5,1.42
2025-06-20 17:30:59,2025-06-20,17:30:59,in,1.21,1310.8,0.0,26.0,8.619,320.7,1.73
2025-06-20 17:31:48,2025-06-20,17:31:48,out,0.9,18.1,61.3,26.2,20.778,154.0,1.2
2025-06-20 17:32:02,2025-06-20,17:32:02,in,1.15,1310.8,0.0,26.0,8.619,330.6,2.07
2025-06-20 17:32:52,2025-06-20,17:32:52,out,1.37,18.0,60.8,26.2,20.703,143.3,2.32
2025-06-20 17:33:06,2025-06-20,17:33:06,in,1.18,1310.8,0.0,26.1,8.66,324.0,2.03
2025-06-20 17:33:56,2025-06-20,17:33:56,out,0.86,18.1,61.0,26.3,20.823,121.7,1.61
2025-06-20 17:34:10,2025-06-20,17:34:10,in,1.13,1310.8,0.0,26.0,8.619,313.2,1.54
2025-06-20 17:34:59,2025-06-20,17:34:59,out,0.6,18.3,61.2,26.4,20.944,139.1,1.34
2025-06-20 17:35:13,2025-06-20,17:35:13,in,0.43,1310.8,0.0,26.0,8.619,331.3,1.69
2025-06-20 17:36:02,2025-06-20,17:36:02,out,0.99,18.3,60.7,26.5,20.959,132.9,1.71
2025-06-20 17:36:17,2025-06-20,17:36:17,in,1.35,1310.8,0.0,26.2,8.702,314.1,2.42
2025-06-20 17:37:06,2025-06-20,17:37:06,out,0.96,18.3,60.9,26.5,20.989,161.3,1.93
2025-06-20 17:37:20,2025-06-20,17:37:20,in,1.51,1310.8,0.0,26.3,8.743,319.4,1.92
2025-06-20 17:38:10,2025-06-20,17:38:10,out,1.36,18.3,60.5,26.6,21.018,196.2,2.05
2025-06-20 17:38:24,2025-06-20,17:38:24,in,0.58,1310.8,0.0,26.4,8.784,306.2,2.17
2025-06-20 17:39:13,2025-06-20,17:39:13,out,3.25,18.4,60.5,26.7,21.108,209.5,3.69
2025-06-20 17:39:28,2025-06-20,17:39:28,in,1.18,1310.8,0.0,26.5,8.826,311.2,2.19
2025-06-20 17:40:16,2025-06-20,17:40:16,out,2.65,18.7,61.4,26.7,21.245,243.3,4.09
2025-06-20 17:40:31,2025-06-20,17:40:31,in,1.12,1310.8,0.0,26.5,8.826,318.5,2.78
2025-06-20 17:41:20,2025-06-20,17:41:20,out,3.15,18.9,62.6,26.6,21.335,225.4,5.57
2025-06-20 17:41:34,2025-06-20,17:41:34,in,0.76,1310.8,0.0,26.5,8.826,323.1,1.13
2025-06-20 17:42:24,2025-06-20,17:42:24,out,2.26,19.3,64.5,26.6,21.62,208.3,3.43
2025-06-20 17:42:38,2025-06-20,17:42:38,in,1.51,1310.8,0.0,26.6,8.867,308.4,1.88
2025-06-20 17:43:27,2025-06-20,17:43:27,out,2.56,19.4,64.8,26.6,21.664,229.0,4.24
2025-06-20 17:43:42,2025-06-20,17:43:42,in,0.96,1310.8,0.0,26.7,8.909,328.8,2.02
2025-06-20 17:44:30,2025-06-20,17:44:30,out,3.53,19.2,64.5,26.4,21.437,215.9,5.17
2025-06-20 17:44:45,2025-06-20,17:44:45,in,0.51,1310.8,0.0,26.6,8.867,326.2,1.94
2025-06-20 17:45:34,2025-06-20,17:45:34,out,2.97,19.3,65.6,26.3,21.508,239.6,4.13
2025-06-20 17:45:48,2025-06-20,17:45:48,in,0.85,1310.8,0.0,26.6,8.867,329.7,2.22
2025-06-20 17:46:38,2025-06-20,17:46:38,out,3.35,19.1,65.3,26.2,21.372,221.0,3.78
2025-06-20 17:46:52,2025-06-20,17:46:52,in,0.72,1310.8,0.0,26.5,8.826,342.7,1.32
2025-06-20 17:47:42,2025-06-20,17:47:42,out,3.63,19.3,65.9,26.2,21.46,225.5,4.68
2025-06-20 17:47:55,2025-06-20,17:47:55,in,0.8,1310.8,0.0,26.5,8.826,326.1,1.49
2025-06-20 17:48:45,2025-06-20,17:48:45,out,3.24,19.1,65.5,26.1,21.31,208.9,3.96
2025-06-20 17:48:59,2025-06-20,17:48:59,in,0.81,1310.8,0.0,26.5,8.826,322.1,1.82
2025-06-20 17:49:48,2025-06-20,17:49:48,out,1.75,19.0,65.9,25.9,21.185,202.6,3.24
2025-06-20 17:50:02,2025-06-20,17:50:02,in,0.52,1310.8,0.0,26.4,8.784,315.8,1.94
2025-06-20 17:50:52,2025-06-20,17:50:52,out,1.8,18.8,65.4,25.8,21.02,209.0,3.65
2025-06-20 17:51:06,2025-06-20,17:51:06,in,0.95,1310.8,0.0,26.4,8.784,320.4,1.8
2025-06-20 17:51:55,2025-06-20,17:51:55,out,3.12,18.7,65.1,25.8,20.976,224.3,3.78
2025-06-20 17:52:10,2025-06-20,17:52:10,in,0.87,1310.8,0.0,26.4,8.784,343.0,2.02
2025-06-20 17:52:59,2025-06-20,17:52:59,out,1.43,18.7,65.2,25.7,20.899,231.7,3.86
2025-06-20 17:53:13,2025-06-20,17:53:13,in,1.31,1310.8,0.0,26.3,8.743,317.4,1.96
2025-06-20 17:54:02,2025-06-20,17:54:02,out,1.79,19.0,66.4,25.8,21.165,232.6,2.66
2025-06-20 17:54:16,2025-06-20,17:54:16,in,1.01,1310.8,0.0,26.3,8.743,324.2,1.58
2025-06-20 17:55:06,2025-06-20,17:55:06,out,2.08,19.3,66.7,26.0,21.393,209.6,3.17
2025-06-20 17:55:20,2025-06-20,17:55:20,in,1.58,1310.8,0.0,26.4,8.784,318.4,2.22
2025-06-20 17:56:10,2025-06-20,17:56:10,out,3.75,18.9,65.5,25.9,21.126,222.9,4.16
2025-06-20 17:56:24,2025-06-20,17:56:24,in,0.82,1310.8,0.0,26.4,8.784,318.2,2.2
2025-06-20 17:57:13,2025-06-20,17:57:13,out,2.73,19.0,66.2,25.8,21.136,239.0,3.97
2025-06-20 17:57:27,2025-06-20,17:57:27,in,0.68,1310.8,0.0,26.4,8.784,315.5,1.62
2025-06-20 17:58:16,2025-06-20,17:58:16,out,1.8,19.0,66.9,25.7,21.146,209.2,3.77
2025-06-20 17:58:30,2025-06-20,17:58:30,in,0.74,1310.8,0.0,26.4,8.784,322.2,1.27
2025-06-20 17:59:20,2025-06-20,17:59:20,out,3.89,19.0,66.8,25.6,21.039,240.4,4.71
2025-06-20 17:59:34,2025-06-20,17:59:34,in,0.45,1310.8,0.0,26.3,8.743,346.3,1.5
2025-06-20 18:00:24,2025-06-20,18:00:24,out,3.09,19.1,67.8,25.5,21.091,234.3,3.83
2025-06-20 18:00:38,2025-06-20,18:00:38,in,1.06,1310.8,0.0,26.2,8.702,326.9,1.79
2025-06-20 18:01:27,2025-06-20,18:01:27,out,2.09,19.0,67.9,25.4,21.013,214.7,4.14
2025-06-20 18:01:41,2025-06-20,18:01:41,in,0.77,1310.8,0.0,26.1,8.66,320.8,1.81
2025-06-20 18:02:30,2025-06-20,18:02:30,out,2.47,19.1,68.6,25.4,21.113,211.8,3.4
2025-06-20 18:02:44,2025-06-20,18:02:44,in,1.2,1310.8,0.0,26.0,8.619,321.0,1.72
2025-06-20 18:03:34,2025-06-20,18:03:34,out,3.61,18.9,68.2,25.2,20.87,220.1,4.16
2025-06-20 18:04:16,2025-06-20,18:04:16,in,0.98,1310.8,0.0,25.9,8.577,322.2,1.8
2025-06-20 18:04:38,2025-06-20,18:04:38,out,2.24,19.0,68.8,25.1,20.863,235.4,4.27
2025-06-20 18:05:18,2025-06-20,18:05:18,in,0.79,1310.8,0.0,25.8,8.536,344.9,2.01
2025-06-20 18:05:41,2025-06-20,18:05:41,out,1.35,19.1,69.4,25.1,20.948,218.5,2.93
2025-06-20 18:06:22,2025-06-20,18:06:22,in,0.84,1310.8,0.0,25.8,8.536,337.0,1.64
2025-06-20 18:06:45,2025-06-20,18:06:45,out,2.44,19.0,69.2,25.1,20.92,246.1,3.59
2025-06-20 18:07:26,2025-06-20,18:07:26,in,0.97,1310.8,0.0,25.8,8.536,358.1,1.54
2025-06-20 18:07:48,2025-06-20,18:07:48,out,1.96,19.0,69.3,25.1,20.934,234.3,3.36
2025-06-20 18:08:29,2025-06-20,18:08:29,in,1.09,1310.8,0.0,25.7,8.494,336.0,1.71
2025-06-20 18:08:52,2025-06-20,18:08:52,out,1.54,18.9,69.1,25.0,20.813,230.2,3.18
2025-06-20 18:09:32,2025-06-20,18:09:32,in,0.64,1310.8,0.0,25.7,8.494,332.2,1.2
2025-06-20 18:09:55,2025-06-20,18:09:55,out,2.49,18.8,68.9,24.9,20.692,214.3,3.38
2025-06-20 18:10:36,2025-06-20,18:10:36,in,0.89,1310.8,0.0,25.6,8.453,326.2,1.58
2025-06-20 18:10:58,2025-06-20,18:10:58,out,3.48,19.0,69.3,25.0,20.841,223.2,3.63
2025-06-20 18:11:40,2025-06-20,18:11:40,in,1.26,1310.8,0.0,25.6,8.453,326.8,1.85
2025-06-20 18:12:02,2025-06-20,18:12:02,out,2.99,18.9,69.4,24.9,20.762,243.0,3.6
2025-06-20 18:12:44,2025-06-20,18:12:44,in,1.07,1310.8,0.0,25.5,8.411,336.5,1.69
2025-06-20 18:13:06,2025-06-20,18:13:06,out,2.66,18.7,68.8,24.8,20.585,241.0,4.2
2025-06-20 18:13:47,2025-06-20,18:13:47,in,0.62,1310.8,0.0,25.4,8.37,0.2,1.65
2025-06-20 18:14:09,2025-06-20,18:14:09,out,1.07,18.8,69.3,24.8,20.655,252.1,3.6
2025-06-20 18:14:50,2025-06-20,18:14:50,in,0.64,1310.8,0.0,25.4,8.37,326.6,1.42
2025-06-20 18:15:12,2025-06-20,18:15:12,out,2.98,,,18.9,,24.8,6.96
2025-06-20 18:15:54,2025-06-20,18:15:54,in,0.19,1310.8,0.0,25.5,8.411,106.0,1.28
2025-06-20 18:16:16,2025-06-20,18:16:16,out,1.43,19.0,70.1,24.9,20.861,233.6,2.33
2025-06-20 18:16:58,2025-06-20,18:16:58,in,0.41,1310.8,0.0,25.5,8.411,131.4,0.55
2025-06-20 18:17:20,2025-06-20,18:17:20,out,2.37,18.8,68.9,24.9,20.692,221.1,3.87
2025-06-20 18:18:01,2025-06-20,18:18:01,in,0.25,1310.8,0.0,25.6,8.453,139.4,0.71
2025-06-20 18:18:23,2025-06-20,18:18:23,out,3.21,18.5,68.3,24.8,20.514,228.5,3.92
2025-06-20 18:19:04,2025-06-20,18:19:04,in,0.16,1310.8,0.0,25.6,8.453,321.7,0.65
2025-06-20 18:19:26,2025-06-20,18:19:26,out,2.12,18.5,68.1,24.8,20.486,223.5,4.09
2025-06-20 18:20:08,2025-06-20,18:20:08,in,0.38,1310.8,0.0,25.6,8.453,119.9,0.68
2025-06-20 18:20:30,2025-06-20,18:20:30,out,1.91,18.5,68.1,24.8,20.486,207.2,3.47
2025-06-20 18:21:12,2025-06-20,18:21:12,in,0.14,1310.8,0.0,25.6,8.453,53.0,0.7
2025-06-20 18:21:34,2025-06-20,18:21:34,out,1.82,18.8,69.0,24.9,20.706,235.0,2.29
2025-06-20 18:22:15,2025-06-20,18:22:15,in,0.3,1310.8,0.0,25.6,8.453,32.2,0.45
2025-06-20 18:22:37,2025-06-20,18:22:37,out,1.5,18.9,68.7,25.0,20.756,265.8,3.96
2025-06-20 18:23:18,2025-06-20,18:23:18,in,0.4,1310.8,0.0,25.6,8.453,78.6,0.52
2025-06-20 18:23:40,2025-06-20,18:23:40,out,2.21,19.0,68.7,25.1,20.849,219.8,3.62
2025-06-20 18:24:22,2025-06-20,18:24:22,in,0.11,1310.8,0.0,25.6,8.453,32.2,0.59
2025-06-20 18:24:44,2025-06-20,18:24:44,out,3.34,18.4,67.6,24.9,20.508,216.3,4.16
2025-06-20 18:25:26,2025-06-20,18:25:26,in,0.29,1310.8,0.0,25.7,8.494,124.8,0.42
2025-06-20 18:25:48,2025-06-20,18:25:48,out,3.04,18.0,66.2,24.8,20.217,220.5,3.99
2025-06-20 18:26:29,2025-06-20,18:26:29,in,0.36,1310.8,0.0,25.7,8.494,106.5,0.62
2025-06-20 18:26:51,2025-06-20,18:26:51,out,3.14,18.3,67.5,24.8,20.401,208.2,3.88
2025-06-20 18:27:32,2025-06-20,18:27:32,in,0.12,1310.8,0.0,25.7,8.494,102.9,0.71
2025-06-20 18:27:54,2025-06-20,18:27:54,out,2.84,18.2,67.3,24.7,20.28,210.7,3.82
2025-06-20 18:28:36,2025-06-20,18:28:36,in,0.19,1310.8,0.0,25.6,8.453,309.1,1.16
2025-06-20 18:28:58,2025-06-20,18:28:58,out,1.81,18.2,67.4,24.7,20.295,203.4,3.83
2025-06-20 18:29:40,2025-06-20,18:29:40,in,0.2,1310.8,0.0,25.6,8.453,248.8,0.76
2025-06-20 18:30:02,2025-06-20,18:30:02,out,2.02,18.4,67.9,24.8,20.458,241.9,3.11
2025-06-20 18:30:43,2025-06-20,18:30:43,in,0.26,1310.8,0.0,25.6,8.453,306.6,1.19
2025-06-20 18:31:05,2025-06-20,18:31:05,out,2.12,18.5,68.0,24.8,20.472,222.6,3.43
2025-06-20 18:31:46,2025-06-20,18:31:46,in,0.37,1310.8,0.0,25.7,8.494,113.5,0.45
2025-06-20 18:32:08,2025-06-20,18:32:08,out,2.04,18.4,67.4,24.9,20.479,205.3,3.08
2025-06-20 18:32:50,2025-06-20,18:32:50,in,0.12,1310.8,0.0,25.7,8.494,305.3,0.98
2025-06-20 18:33:12,2025-06-20,18:33:12,out,1.71,18.2,67.1,24.8,20.344,218.6,3.78
2025-06-20 18:33:54,2025-06-20,18:33:54,in,0.39,1310.8,0.0,25.7,8.494,52.7,0.79
2025-06-20 18:34:16,2025-06-20,18:34:16,out,1.75,18.5,67.9,24.9,20.55,228.6,2.28
2025-06-20 18:34:57,2025-06-20,18:34:57,in,0.26,1310.8,0.0,25.8,8.536,27.0,0.42
2025-06-20 18:35:19,2025-06-20,18:35:19,out,3.02,18.0,65.7,24.8,20.146,214.9,3.86
2025-06-20 18:36:00,2025-06-20,18:36:00,in,0.47,1310.8,0.0,25.8,8.536,117.1,0.56
2025-06-20 18:36:22,2025-06-20,18:36:22,out,1.6,18.0,66.1,24.8,20.202,233.1,3.3
2025-06-20 18:37:04,2025-06-20,18:37:04,in,0.31,1310.8,0.0,25.8,8.536,21.6,0.59
2025-06-20 18:37:26,2025-06-20,18:37:26,out,1.04,18.1,66.3,24.9,20.323,218.7,2.4
2025-06-20 18:38:08,2025-06-20,18:38:08,in,0.32,1310.8,0.0,25.9,8.577,298.6,0.66
2025-06-20 18:38:30,2025-06-20,18:38:30,out,1.54,18.4,66.8,25.0,20.486,240.9,1.99
2025-06-20 18:39:11,2025-06-20,18:39:11,in,0.28,1310.8,0.0,26.0,8.619,21.1,1.03
2025-06-20 18:39:33,2025-06-20,18:39:33,out,1.84,18.0,65.2,25.0,20.258,253.9,3.47
2025-06-20 18:40:14,2025-06-20,18:40:14,in,0.13,1310.8,0.0,26.0,8.619,353.8,0.4
2025-06-20 18:40:37,2025-06-20,18:40:37,out,2.89,17.8,64.7,24.9,20.094,232.0,3.59
2025-06-20 18:41:18,2025-06-20,18:41:18,in,0.48,1310.8,0.0,26.1,8.66,1.1,0.55
2025-06-20 18:41:40,2025-06-20,18:41:40,out,1.28,17.8,64.6,24.9,20.08,215.1,3.09
2025-06-20 18:42:22,2025-06-20,18:42:22,in,0.24,1310.8,0.0,26.0,8.619,21.6,0.68
2025-06-20 18:42:44,2025-06-20,18:42:44,out,2.19,18.0,65.3,25.0,20.272,217.2,2.64
2025-06-20 18:43:25,2025-06-20,18:43:25,in,0.29,1310.8,0.0,26.0,8.619,107.0,0.43
2025-06-20 18:43:47,2025-06-20,18:43:47,out,1.92,18.0,65.3,25.0,20.272,223.7,2.62
2025-06-20 18:44:29,2025-06-20,18:44:29,in,0.27,1310.8,0.0,26.1,8.66,8.3,0.37
2025-06-20 18:44:50,2025-06-20,18:44:50,out,1.05,18.0,65.5,25.0,20.301,285.8,2.53
2025-06-20 18:45:32,2025-06-20,18:45:32,in,0.42,1310.8,0.0,26.1,8.66,358.0,0.68
2025-06-20 18:45:54,2025-06-20,18:45:54,out,1.81,18.2,65.9,25.1,20.45,221.0,2.18
2025-06-20 18:46:36,2025-06-20,18:46:36,in,0.43,1310.8,0.0,26.1,8.66,131.4,0.5
2025-06-20 18:46:58,2025-06-20,18:46:58,out,1.9,18.2,65.5,25.2,20.484,240.5,2.55
2025-06-20 18:47:40,2025-06-20,18:47:40,in,0.16,1310.8,0.0,26.1,8.66,19.6,0.42
2025-06-20 18:48:02,2025-06-20,18:48:02,out,1.81,18.2,65.4,25.2,20.47,227.1,2.42
2025-06-20 18:48:43,2025-06-20,18:48:43,in,0.18,1310.8,0.0,26.2,8.702,104.9,0.5
2025-06-20 18:49:05,2025-06-20,18:49:05,out,1.74,17.9,64.4,25.1,20.234,218.6,2.7
2025-06-20 18:49:46,2025-06-20,18:49:46,in,0.43,1310.8,0.0,26.2,8.702,354.3,0.89
2025-06-20 18:50:08,2025-06-20,18:50:08,out,2.21,18.0,64.9,25.1,20.306,232.1,2.6
2025-06-20 18:50:50,2025-06-20,18:50:50,in,0.19,1310.8,0.0,26.2,8.702,342.1,0.51
2025-06-20 18:51:12,2025-06-20,18:51:12,out,1.85,18.0,65.0,25.1,20.321,229.5,2.74
2025-06-20 18:51:54,2025-06-20,18:51:54,in,0.08,1310.8,0.0,26.2,8.702,40.6,0.35
2025-06-20 18:52:16,2025-06-20,18:52:16,out,1.81,18.0,64.7,25.1,20.277,222.1,2.52
2025-06-20 18:52:57,2025-06-20,18:52:57,in,0.21,1310.8,0.0,26.2,8.702,80.1,0.33
2025-06-20 18:53:19,2025-06-20,18:53:19,out,2.06,17.9,64.5,25.1,20.249,218.0,2.46
2025-06-20 18:54:00,2025-06-20,18:54:00,in,0.33,1310.8,0.0,26.2,8.702,17.6,0.45
2025-06-20 18:54:22,2025-06-20,18:54:22,out,2.11,18.0,65.3,25.0,20.272,242.5,2.58
2025-06-20 18:55:04,2025-06-20,18:55:04,in,0.55,1310.8,0.0,26.2,8.702,335.9,0.89
2025-06-20 18:55:26,2025-06-20,18:55:26,out,2.14,18.1,65.3,25.1,20.364,227.6,2.53
2025-06-20 18:56:08,2025-06-20,18:56:08,in,0.88,1310.8,0.0,26.0,8.619,321.9,1.6
2025-06-20 18:56:30,2025-06-20,18:56:30,out,1.11,18.0,65.3,25.0,20.272,229.8,2.55
2025-06-20 18:57:11,2025-06-20,18:57:11,in,1.04,1310.8,0.0,25.9,8.577,318.6,1.65
2025-06-20 18:57:33,2025-06-20,18:57:33,out,1.31,18.2,65.7,25.1,20.421,230.5,1.71
2025-06-20 18:58:14,2025-06-20,18:58:14,in,0.83,1310.8,0.0,25.8,8.536,312.1,1.45
2025-06-20 18:58:36,2025-06-20,18:58:36,out,2.13,18.1,65.5,25.1,20.392,207.9,2.2
2025-06-20 18:59:18,2025-06-20,18:59:18,in,1.1,1310.8,0.0,25.8,8.536,312.5,1.73
2025-06-20 18:59:40,2025-06-20,18:59:40,out,1.09,18.2,65.9,25.1,20.45,214.0,1.82
2025-06-20 19:00:22,2025-06-20,19:00:22,in,0.42,1310.8,0.0,25.8,8.536,298.3,1.57
2025-06-20 19:00:44,2025-06-20,19:00:44,out,0.47,18.4,66.1,25.2,20.57,195.8,1.69
2025-06-20 19:01:25,2025-06-20,19:01:25,in,0.9,1310.8,0.0,25.7,8.494,322.7,1.46
2025-06-20 19:01:47,2025-06-20,19:01:47,out,0.89,18.3,65.8,25.2,20.527,197.3,2.02
2025-06-20 19:02:28,2025-06-20,19:02:28,in,0.84,1310.8,0.0,25.7,8.494,316.8,2.26
2025-06-20 19:02:50,2025-06-20,19:02:50,out,1.04,18.3,65.9,25.2,20.542,223.4,1.33
2025-06-20 19:03:32,2025-06-20,19:03:32,in,0.99,1310.8,0.0,25.7,8.494,301.8,2.0
2025-06-20 19:03:54,2025-06-20,19:03:54,out,1.08,18.5,66.2,25.3,20.677,230.4,1.2
2025-06-20 19:04:36,2025-06-20,19:04:36,in,1.25,1310.8,0.0,25.7,8.494,317.6,2.06
2025-06-20 19:04:58,2025-06-20,19:04:58,out,0.99,18.4,65.6,25.3,20.59,213.8,2.0
2025-06-20 19:05:39,2025-06-20,19:05:39,in,1.15,1310.8,0.0,25.7,8.494,321.8,2.06
2025-06-20 19:06:01,2025-06-20,19:06:01,out,1.47,18.3,65.5,25.3,20.576,203.0,1.67
2025-06-20 19:06:42,2025-06-20,19:06:42,in,1.14,1310.8,0.0,25.6,8.453,327.4,1.98
2025-06-20 19:07:04,2025-06-20,19:07:04,out,1.32,18.2,65.2,25.3,20.533,228.1,1.48
2025-06-20 19:07:46,2025-06-20,19:07:46,in,1.36,1310.8,0.0,25.5,8.411,320.4,1.88
2025-06-20 19:08:08,2025-06-20,19:08:08,out,1.1,18.1,65.1,25.3,20.518,215.3,1.52
2025-06-20 19:08:50,2025-06-20,19:08:50,in,1.12,1310.8,0.0,25.4,8.37,325.6,2.03
2025-06-20 19:09:12,2025-06-20,19:09:12,out,2.0,18.1,64.9,25.2,20.398,238.8,2.68
2025-06-20 19:09:53,2025-06-20,19:09:53,in,1.52,1310.8,0.0,25.3,8.328,337.0,1.87
2025-06-20 19:10:15,2025-06-20,19:10:15,out,0.58,18.1,64.9,25.2,20.398,231.9,2.21
2025-06-20 19:10:56,2025-06-20,19:10:56,in,1.07,1310.8,0.0,25.3,8.328,330.1,1.65
2025-06-20 19:11:18,2025-06-20,19:11:18,out,1.85,18.0,64.7,25.2,20.369,222.7,2.11
2025-06-20 19:12:00,2025-06-20,19:12:00,in,1.43,1310.8,0.0,25.3,8.328,323.0,1.85
2025-06-20 19:12:22,2025-06-20,19:12:22,out,0.93,18.0,64.5,25.2,20.34,222.2,1.84
2025-06-20 19:13:04,2025-06-20,19:13:04,in,1.05,1310.8,0.0,25.3,8.328,333.2,1.85
2025-06-20 19:13:26,2025-06-20,19:13:26,out,0.9,18.1,65.0,25.2,20.412,249.1,1.61
2025-06-20 19:14:07,2025-06-20,19:14:07,in,1.24,1310.8,0.0,25.3,8.328,326.0,1.69
2025-06-20 19:14:29,2025-06-20,19:14:29,out,1.15,18.2,65.4,25.2,20.47,243.1,1.41
2025-06-20 19:15:10,2025-06-20,19:15:10,in,1.52,1310.8,0.0,25.2,8.287,322.5,1.95
2025-06-20 19:16:00,2025-06-20,19:16:00,out,1.34,18.4,65.6,25.3,20.59,242.9,1.59
2025-06-20 19:16:14,2025-06-20,19:16:14,in,1.31,1310.8,0.0,25.2,8.287,323.1,1.95
2025-06-20 19:17:02,2025-06-20,19:17:02,out,0.54,18.4,65.7,25.3,20.605,266.6,1.67
2025-06-20 19:17:18,2025-06-20,19:17:18,in,1.26,1310.8,0.0,25.2,8.287,317.0,1.94
2025-06-20 19:18:06,2025-06-20,19:18:06,out,0.27,18.5,65.8,25.4,20.711,258.6,0.85
2025-06-20 19:18:21,2025-06-20,19:18:21,in,0.89,1310.8,0.0,25.2,8.287,323.3,1.58
2025-06-20 19:19:10,2025-06-20,19:19:10,out,0.78,18.6,65.8,25.5,20.803,266.2,1.54
2025-06-20 19:19:24,2025-06-20,19:19:24,in,1.21,1310.8,0.0,25.1,8.246,320.3,1.75
2025-06-20 19:20:13,2025-06-20,19:20:13,out,0.77,18.5,65.5,25.5,20.759,266.9,1.63
2025-06-20 19:20:28,2025-06-20,19:20:28,in,1.46,1310.8,0.0,25.1,8.246,333.0,1.98
2025-06-20 19:21:16,2025-06-20,19:21:16,out,1.42,18.5,65.0,25.6,20.778,269.9,1.69
2025-06-20 19:21:32,2025-06-20,19:21:32,in,1.53,1310.8,0.0,25.0,8.204,332.6,1.75
2025-06-20 19:22:20,2025-06-20,19:22:20,out,1.01,18.3,64.2,25.6,20.662,253.5,1.79
2025-06-20 19:22:35,2025-06-20,19:22:35,in,1.13,1310.8,0.0,25.0,8.204,315.9,1.75
2025-06-20 19:23:24,2025-06-20,19:23:24,out,0.95,18.2,63.9,25.6,20.618,249.2,1.51
2025-06-20 19:23:38,2025-06-20,19:23:38,in,1.35,1310.8,0.0,25.0,8.204,331.3,1.69
2025-06-20 19:24:27,2025-06-20,19:24:27,out,1.02,18.2,63.6,25.6,20.574,253.3,1.36
2025-06-20 19:24:42,2025-06-20,19:24:42,in,0.97,1310.8,0.0,25.0,8.204,329.0,1.84
2025-06-20 19:25:30,2025-06-20,19:25:30,out,1.24,18.0,63.0,25.6,20.486,243.6,1.37
2025-06-20 19:25:46,2025-06-20,19:25:46,in,0.63,1310.8,0.0,25.0,8.204,338.6,1.66
2025-06-20 19:26:34,2025-06-20,19:26:34,out,0.7,18.0,62.7,25.6,20.442,238.7,1.17
2025-06-20 19:26:49,2025-06-20,19:26:49,in,0.88,1310.8,0.0,25.0,8.204,332.5,1.93
2025-06-20 19:27:38,2025-06-20,19:27:38,out,1.39,18.0,62.7,25.6,20.442,234.6,1.81
2025-06-20 19:27:52,2025-06-20,19:27:52,in,1.04,1310.8,0.0,25.0,8.204,331.9,1.66
2025-06-20 19:28:42,2025-06-20,19:28:42,out,0.94,17.9,62.6,25.6,20.428,233.5,1.82
2025-06-20 19:28:56,2025-06-20,19:28:56,in,0.95,1310.8,0.0,25.0,8.204,338.3,1.56
2025-06-20 19:29:45,2025-06-20,19:29:45,out,1.23,17.9,62.4,25.6,20.398,254.5,1.64
2025-06-20 19:30:00,2025-06-20,19:30:00,in,1.16,1310.8,0.0,24.9,8.163,328.4,1.86
2025-06-20 19:30:48,2025-06-20,19:30:48,out,0.8,18.0,62.8,25.6,20.457,242.3,0.9
2025-06-20 19:31:03,2025-06-20,19:31:03,in,1.23,1310.8,0.0,24.9,8.163,322.5,1.77
2025-06-20 19:31:52,2025-06-20,19:31:52,out,0.82,18.0,63.2,25.6,20.516,244.4,1.08
2025-06-20 19:32:06,2025-06-20,19:32:06,in,0.77,1310.8,0.0,24.9,8.163,328.3,1.71
2025-06-20 19:32:56,2025-06-20,19:32:56,out,2.27,18.2,63.3,25.7,20.621,255.7,2.45
2025-06-20 19:33:10,2025-06-20,19:33:10,in,0.98,1310.8,0.0,24.9,8.163,334.3,1.5
2025-06-20 19:33:59,2025-06-20,19:33:59,out,1.88,18.3,63.9,25.7,20.709,268.2,2.52
2025-06-20 19:34:14,2025-06-20,19:34:14,in,1.29,1310.8,0.0,24.9,8.163,333.1,1.69
2025-06-20 19:35:02,2025-06-20,19:35:02,out,1.87,18.4,64.2,25.7,20.753,269.8,2.63
2025-06-20 19:35:18,2025-06-20,19:35:18,in,1.48,1310.8,0.0,24.9,8.163,331.7,1.96
2025-06-20 19:36:06,2025-06-20,19:36:06,out,1.14,18.5,64.6,25.7,20.812,262.7,1.86
2025-06-20 19:36:20,2025-06-20,19:36:20,in,1.25,1310.8,0.0,24.9,8.163,335.3,1.74
2025-06-20 19:37:10,2025-06-20,19:37:10,out,1.59,18.6,65.0,25.7,20.87,270.4,2.06
2025-06-20 19:37:24,2025-06-20,19:37:24,in,0.91,1310.8,0.0,24.8,8.121,337.0,1.79
2025-06-20 19:38:13,2025-06-20,19:38:13,out,1.68,18.7,65.3,25.7,20.914,266.1,1.89
2025-06-20 19:38:28,2025-06-20,19:38:28,in,1.21,1310.8,0.0,24.8,8.121,327.8,1.88
2025-06-20 19:39:16,2025-06-20,19:39:16,out,1.44,18.7,65.5,25.7,20.943,270.7,2.12
2025-06-20 19:39:32,2025-06-20,19:39:32,in,1.09,1310.8,0.0,24.8,8.121,330.4,1.77
2025-06-20 19:40:20,2025-06-20,19:40:20,out,1.42,18.8,65.8,25.7,20.986,251.1,2.1
2025-06-20 19:40:34,2025-06-20,19:40:34,in,1.37,1310.8,0.0,24.8,8.121,325.7,1.87
2025-06-20 19:41:24,2025-06-20,19:41:24,out,1.66,18.8,66.0,25.6,20.923,273.9,2.27
2025-06-20 19:41:38,2025-06-20,19:41:38,in,1.39,1310.8,0.0,24.7,8.08,331.9,1.78
2025-06-20 19:42:27,2025-06-20,19:42:27,out,1.34,18.7,65.9,25.5,20.817,294.2,3.23
2025-06-20 19:42:42,2025-06-20,19:42:42,in,1.47,1310.8,0.0,24.7,8.08,335.2,1.75
2025-06-20 19:43:30,2025-06-20,19:43:30,out,1.55,18.6,66.3,25.4,20.783,262.0,2.65
2025-06-20 19:43:45,2025-06-20,19:43:45,in,0.93,1310.8,0.0,24.6,8.038,338.3,1.92
2025-06-20 19:44:34,2025-06-20,19:44:34,out,2.09,18.8,66.7,25.4,20.84,242.5,2.43
2025-06-20 19:44:49,2025-06-20,19:44:49,in,0.95,1310.8,0.0,24.6,8.038,334.3,1.65
2025-06-20 19:45:38,2025-06-20,19:45:38,out,1.74,18.7,66.9,25.3,20.777,272.7,2.87
2025-06-20 19:45:52,2025-06-20,19:45:52,in,1.09,1310.8,0.0,24.6,8.038,339.6,1.62
2025-06-20 19:46:41,2025-06-20,19:46:41,out,1.6,18.8,67.4,25.3,20.849,225.2,2.73
2025-06-20 19:46:56,2025-06-20,19:46:56,in,1.39,1310.8,0.0,24.6,8.038,333.8,1.99
2025-06-20 19:47:44,2025-06-20,19:47:44,out,1.95,18.8,67.7,25.2,20.799,273.9,2.14
2025-06-20 19:48:00,2025-06-20,19:48:00,in,0.94,1310.8,0.0,24.6,8.038,330.0,1.68
2025-06-20 19:48:48,2025-06-20,19:48:48,out,1.41,18.8,67.8,25.2,20.813,264.8,1.87
2025-06-20 19:49:03,2025-06-20,19:49:03,in,1.45,1310.8,0.0,24.5,7.997,332.9,1.74
2025-06-20 19:49:52,2025-06-20,19:49:52,out,1.59,18.9,68.0,25.2,20.842,270.2,2.12
2025-06-20 19:50:06,2025-06-20,19:50:06,in,1.18,1310.8,0.0,24.5,7.997,338.3,1.68
2025-06-20 19:50:55,2025-06-20,19:50:55,out,1.74,18.9,68.2,25.2,20.87,272.5,2.4
2025-06-20 19:51:10,2025-06-20,19:51:10,in,1.23,1310.8,0.0,24.5,7.997,335.6,1.79
2025-06-20 19:51:58,2025-06-20,19:51:58,out,1.66,18.9,68.4,25.1,20.806,298.9,2.68
2025-06-20 19:52:14,2025-06-20,19:52:14,in,0.95,1310.8,0.0,24.4,7.955,336.2,1.82
2025-06-20 19:53:02,2025-06-20,19:53:02,out,1.43,18.9,68.9,25.0,20.784,266.2,1.95
2025-06-20 19:53:17,2025-06-20,19:53:17,in,1.27,1310.8,0.0,24.4,7.955,327.9,1.81
2025-06-20 19:54:06,2025-06-20,19:54:06,out,1.14,18.9,69.1,25.0,20.813,278.7,1.47
2025-06-20 19:54:21,2025-06-20,19:54:21,in,1.33,1310.8,0.0,24.4,7.955,332.2,1.61
2025-06-20 19:55:09,2025-06-20,19:55:09,out,1.18,19.0,69.3,25.0,20.841,253.9,1.37
2025-06-20 19:55:24,2025-06-20,19:55:24,in,1.44,1310.8,0.0,24.3,7.914,321.1,2.15
2025-06-20 19:56:12,2025-06-20,19:56:12,out,1.65,19.0,69.4,25.0,20.855,273.0,1.76
2025-06-20 19:56:28,2025-06-20,19:56:28,in,1.02,1310.8,0.0,24.3,7.914,329.2,2.05
2025-06-20 19:57:16,2025-06-20,19:57:16,out,0.48,19.0,69.4,25.0,20.855,247.5,1.89
2025-06-20 19:57:31,2025-06-20,19:57:31,in,1.47,1310.8,0.0,24.2,7.872,335.8,1.66
2025-06-20 19:58:20,2025-06-20,19:58:20,out,2.11,18.9,69.3,24.9,20.748,275.9,2.46
2025-06-20 19:58:34,2025-06-20,19:58:34,in,1.58,1310.8,0.0,24.2,7.872,331.7,2.03
2025-06-20 19:59:23,2025-06-20,19:59:23,out,1.53,18.8,69.3,24.8,20.655,279.1,2.26
2025-06-20 19:59:38,2025-06-20,19:59:38,in,1.22,1310.8,0.0,24.1,7.831,324.4,1.63
2025-06-20 20:00:26,2025-06-20,20:00:26,out,1.31,18.7,69.4,24.7,20.576,270.5,2.36
2025-06-20 20:00:42,2025-06-20,20:00:42,in,1.4,1310.8,0.0,24.0,7.789,330.8,2.0
2025-06-20 20:01:30,2025-06-20,20:01:30,out,1.39,18.7,69.6,24.6,20.511,277.7,1.8
2025-06-20 20:01:45,2025-06-20,20:01:45,in,1.19,1310.8,0.0,24.0,7.789,327.3,1.73
2025-06-20 20:02:34,2025-06-20,20:02:34,out,1.21,18.7,69.7,24.6,20.525,276.3,1.98
2025-06-20 20:02:48,2025-06-20,20:02:48,in,1.27,1310.8,0.0,24.0,7.789,329.1,1.58
2025-06-20 20:03:37,2025-06-20,20:03:37,out,1.12,18.6,69.8,24.5,20.446,281.3,1.76
2025-06-20 20:03:52,2025-06-20,20:03:52,in,1.28,1310.8,0.0,24.0,7.789,330.2,1.77
2025-06-20 20:04:40,2025-06-20,20:04:40,out,0.68,18.7,70.0,24.5,20.474,286.4,1.4
2025-06-20 20:04:56,2025-06-20,20:04:56,in,0.92,1310.8,0.0,23.9,7.748,313.0,1.67
2025-06-20 20:05:44,2025-06-20,20:05:44,out,0.68,18.7,70.2,24.5,20.502,301.0,1.25
2025-06-20 20:05:59,2025-06-20,20:05:59,in,1.28,1310.8,0.0,24.0,7.789,317.8,1.75
2025-06-20 20:06:48,2025-06-20,20:06:48,out,0.41,18.7,70.2,24.5,20.502,267.6,1.45
2025-06-20 20:07:02,2025-06-20,20:07:02,in,0.74,1310.8,0.0,23.9,7.748,316.7,1.82
2025-06-20 20:07:51,2025-06-20,20:07:51,out,0.92,18.6,70.2,24.4,20.409,250.3,1.42
2025-06-20 20:08:06,2025-06-20,20:08:06,in,1.12,1310.8,0.0,23.8,7.706,322.8,1.9
2025-06-20 20:08:54,2025-06-20,20:08:54,out,1.29,18.6,70.3,24.4,20.422,279.0,1.73
2025-06-20 20:09:10,2025-06-20,20:09:10,in,1.06,1310.8,0.0,23.8,7.706,316.6,1.54
2025-06-20 20:09:58,2025-06-20,20:09:58,out,0.62,18.5,70.2,24.3,20.315,278.8,1.67
2025-06-20 20:10:13,2025-06-20,20:10:13,in,1.21,1310.8,0.0,23.7,7.665,317.1,2.25
2025-06-20 20:11:02,2025-06-20,20:11:02,out,0.7,18.5,70.3,24.3,20.329,287.8,1.54
2025-06-20 20:11:16,2025-06-20,20:11:16,in,1.09,1310.8,0.0,23.8,7.706,319.5,1.76
2025-06-20 20:12:05,2025-06-20,20:12:05,out,0.75,18.5,70.4,24.2,20.25,273.2,1.52
2025-06-20 20:12:20,2025-06-20,20:12:20,in,0.99,1310.8,0.0,23.8,7.706,325.3,1.55
2025-06-20 20:13:08,2025-06-20,20:13:08,out,0.86,18.5,70.5,24.2,20.264,263.4,1.56
2025-06-20 20:13:24,2025-06-20,20:13:24,in,1.41,1310.8,0.0,23.7,7.665,330.5,2.01
2025-06-20 20:14:12,2025-06-20,20:14:12,out,1.13,18.5,70.6,24.2,20.277,266.9,1.47
2025-06-20 20:14:27,2025-06-20,20:14:27,in,1.51,1310.8,0.0,23.7,7.665,329.4,1.9
2025-06-20 20:15:16,2025-06-20,20:15:16,out,0.76,18.4,70.6,24.1,20.184,279.9,1.75
2025-06-20 20:15:30,2025-06-20,20:15:30,in,1.43,1310.8,0.0,23.7,7.665,317.3,1.74
2025-06-20 20:16:20,2025-06-20,20:16:20,out,1.31,18.4,70.7,24.1,20.198,295.6,1.62
2025-06-20 20:16:34,2025-06-20,20:16:34,in,1.51,1310.8,0.0,23.6,7.623,325.7,1.67
2025-06-20 20:17:23,2025-06-20,20:17:23,out,1.25,18.4,70.9,24.0,20.132,283.7,1.89
2025-06-20 20:17:38,2025-06-20,20:17:38,in,1.1,1310.8,0.0,23.6,7.623,329.5,1.67
2025-06-20 20:18:26,2025-06-20,20:18:26,out,0.92,18.4,71.1,24.0,20.16,281.1,2.29
2025-06-20 20:18:41,2025-06-20,20:18:41,in,1.5,1310.8,0.0,23.6,7.623,329.8,1.79
2025-06-20 20:19:30,2025-06-20,20:19:30,out,0.9,18.4,71.3,23.9,20.094,286.5,2.03
2025-06-20 20:19:44,2025-06-20,20:19:44,in,1.2,1310.8,0.0,23.5,7.582,327.0,1.71
2025-06-20 20:20:34,2025-06-20,20:20:34,out,1.63,18.4,71.5,23.9,20.121,286.0,2.08
2025-06-20 20:20:48,2025-06-20,20:20:48,in,0.72,1310.8,0.0,23.5,7.582,332.4,1.66
2025-06-20 20:21:37,2025-06-20,20:21:37,out,1.69,18.4,71.8,23.8,20.068,272.0,1.96
2025-06-20 20:21:52,2025-06-20,20:21:52,in,1.02,1310.8,0.0,23.5,7.582,321.1,2.12
2025-06-20 20:22:40,2025-06-20,20:22:40,out,0.93,18.4,72.1,23.8,20.109,282.2,1.76
2025-06-20 20:22:55,2025-06-20,20:22:55,in,1.23,1310.8,0.0,23.5,7.582,321.4,1.82
2025-06-20 20:23:44,2025-06-20,20:23:44,out,1.5,18.4,72.3,23.7,20.043,272.1,1.67
2025-06-20 20:23:58,2025-06-20,20:23:58,in,1.21,1310.8,0.0,23.4,7.54,327.1,1.81
2025-06-20 20:24:48,2025-06-20,20:24:48,out,0.95,18.4,72.5,23.7,20.07,279.5,1.3
2025-06-20 20:25:02,2025-06-20,20:25:02,in,1.28,1310.8,0.0,23.4,7.54,333.0,1.93
2025-06-20 20:25:51,2025-06-20,20:25:51,out,1.06,18.5,72.6,23.7,20.084,273.5,1.43
2025-06-20 20:26:06,2025-06-20,20:26:06,in,0.87,1310.8,0.0,23.4,7.54,326.7,1.51
2025-06-20 20:26:54,2025-06-20,20:26:54,out,1.85,18.4,72.8,23.6,20.017,271.9,1.99
2025-06-20 20:27:10,2025-06-20,20:27:10,in,0.78,1310.8,0.0,23.4,7.54,322.3,1.77
2025-06-20 20:27:58,2025-06-20,20:27:58,out,0.75,18.5,73.0,23.6,20.044,261.2,1.68
2025-06-20 20:28:13,2025-06-20,20:28:13,in,0.71,1310.8,0.0,23.4,7.54,325.2,1.74
2025-06-20 20:29:02,2025-06-20,20:29:02,out,0.65,18.5,73.2,23.6,20.071,268.0,1.23
2025-06-20 20:29:16,2025-06-20,20:29:16,in,0.69,1310.8,0.0,23.4,7.54,326.8,1.54
2025-06-20 20:30:05,2025-06-20,20:30:05,out,1.02,18.5,73.3,23.6,20.085,291.7,1.52
2025-06-20 20:30:20,2025-06-20,20:30:20,in,1.25,1310.8,0.0,23.3,7.499,323.3,1.71
2025-06-20 20:31:08,2025-06-20,20:31:08,out,1.34,18.5,73.5,23.5,20.018,286.3,1.46
2025-06-20 20:31:24,2025-06-20,20:31:24,in,0.93,1310.8,0.0,23.3,7.499,318.7,1.59
2025-06-20 20:32:12,2025-06-20,20:32:12,out,0.97,18.5,73.7,23.5,20.045,277.1,1.21
2025-06-20 20:32:27,2025-06-20,20:32:27,in,1.22,1310.8,0.0,23.3,7.499,325.7,1.73
2025-06-20 20:33:16,2025-06-20,20:33:16,out,0.72,18.6,73.9,23.5,20.072,299.3,1.62
2025-06-20 20:33:30,2025-06-20,20:33:30,in,0.93,1310.8,0.0,23.3,7.499,324.5,1.82
2025-06-20 20:34:19,2025-06-20,20:34:19,out,0.88,18.5,74.0,23.4,19.991,277.0,1.53
2025-06-20 20:34:34,2025-06-20,20:34:34,in,0.56,1310.8,0.0,23.2,7.457,333.5,1.83
2025-06-20 20:35:22,2025-06-20,20:35:22,out,0.82,18.5,74.1,23.4,20.004,266.2,1.06
2025-06-20 20:35:38,2025-06-20,20:35:38,in,0.95,1310.8,0.0,23.2,7.457,324.3,1.53
2025-06-20 20:36:26,2025-06-20,20:36:26,out,0.46,18.5,74.2,23.4,20.018,262.1,1.21
2025-06-20 20:36:41,2025-06-20,20:36:41,in,1.05,1310.8,0.0,23.2,7.457,322.7,1.3
2025-06-20 20:37:30,2025-06-20,20:37:30,out,0.28,18.4,74.3,23.3,19.937,269.6,0.81
2025-06-20 20:37:44,2025-06-20,20:37:44,in,1.2,1310.8,0.0,23.2,7.457,331.2,1.82
2025-06-20 20:38:33,2025-06-20,20:38:33,out,0.49,18.5,74.4,23.3,19.95,295.1,0.98
2025-06-20 20:38:48,2025-06-20,20:38:48,in,0.84,1310.8,0.0,23.2,7.457,330.4,1.94
2025-06-20 20:39:36,2025-06-20,20:39:36,out,0.13,18.5,74.5,23.3,19.964,325.2,0.67
2025-06-20 20:39:52,2025-06-20,20:39:52,in,1.13,1310.8,0.0,23.1,7.416,328.3,1.87
2025-06-20 20:40:40,2025-06-20,20:40:40,out,0.16,18.4,74.6,23.2,19.883,259.6,0.65
2025-06-20 20:40:55,2025-06-20,20:40:55,in,0.91,1310.8,0.0,23.1,7.416,327.2,1.68
2025-06-20 20:41:44,2025-06-20,20:41:44,out,0.36,18.4,74.6,23.2,19.883,249.4,0.55
2025-06-20 20:41:58,2025-06-20,20:41:58,in,1.31,1310.8,0.0,23.2,7.457,322.3,1.76
2025-06-20 20:42:47,2025-06-20,20:42:47,out,0.69,18.4,74.7,23.2,19.896,252.3,1.17
2025-06-20 20:43:02,2025-06-20,20:43:02,in,1.12,1310.8,0.0,23.2,7.457,328.3,1.59
2025-06-20 20:43:50,2025-06-20,20:43:50,out,0.64,18.5,74.9,23.2,19.923,292.7,1.17
2025-06-20 20:44:06,2025-06-20,20:44:06,in,1.12,1310.8,0.0,23.1,7.416,321.4,1.57
2025-06-20 20:44:54,2025-06-20,20:44:54,out,0.58,18.4,74.9,23.1,19.828,295.0,0.67
2025-06-20 20:45:09,2025-06-20,20:45:09,in,1.06,1310.8,0.0,23.1,7.416,322.8,1.57
2025-06-20 20:45:58,2025-06-20,20:45:58,out,0.86,18.4,75.0,23.1,19.842,291.5,0.94
2025-06-20 20:46:12,2025-06-20,20:46:12,in,1.3,1310.8,0.0,23.1,7.416,325.9,1.64
2025-06-20 20:47:01,2025-06-20,20:47:01,out,0.7,18.4,75.1,23.1,19.855,266.0,0.86
2025-06-20 20:47:16,2025-06-20,20:47:16,in,0.8,1310.8,0.0,23.1,7.416,328.2,1.1
2025-06-20 20:48:04,2025-06-20,20:48:04,out,0.54,18.4,75.2,23.0,19.774,285.5,0.79
2025-06-20 20:48:20,2025-06-20,20:48:20,in,0.66,1310.8,0.0,23.0,7.374,341.0,1.25
2025-06-20 20:49:08,2025-06-20,20:49:08,out,0.63,18.4,75.3,23.0,19.787,262.6,0.78
2025-06-20 20:49:23,2025-06-20,20:49:23,in,0.66,1310.8,0.0,23.0,7.374,325.2,1.34
2025-06-20 20:50:12,2025-06-20,20:50:12,out,0.75,18.4,75.4,23.0,19.8,250.7,0.88
2025-06-20 20:50:26,2025-06-20,20:50:26,in,0.58,1310.8,0.0,23.0,7.374,339.4,1.49
2025-06-20 20:51:15,2025-06-20,20:51:15,out,0.52,18.4,75.5,23.0,19.814,236.9,0.98
2025-06-20 20:51:30,2025-06-20,20:51:30,in,0.71,1310.8,0.0,23.0,7.374,326.8,1.12
2025-06-20 20:52:18,2025-06-20,20:52:18,out,0.63,18.5,75.7,23.0,19.84,249.1,0.77
2025-06-20 20:52:34,2025-06-20,20:52:34,in,0.78,1310.8,0.0,23.0,7.374,318.2,1.24
2025-06-20 20:53:22,2025-06-20,20:53:22,out,0.52,18.4,75.8,22.9,19.759,242.0,0.65
2025-06-20 20:53:37,2025-06-20,20:53:37,in,0.65,1310.8,0.0,23.0,7.374,324.0,1.14
2025-06-20 20:54:26,2025-06-20,20:54:26,out,0.44,18.4,76.0,22.9,19.785,245.8,0.66
2025-06-20 20:54:41,2025-06-20,20:54:41,in,0.95,1310.8,0.0,23.0,7.374,327.2,1.61
2025-06-20 20:55:29,2025-06-20,20:55:29,out,0.59,18.4,76.1,22.9,19.799,253.8,0.76
2025-06-20 20:55:44,2025-06-20,20:55:44,in,0.97,1310.8,0.0,23.0,7.374,324.4,1.59
2025-06-20 20:56:33,2025-06-20,20:56:33,out,0.44,18.5,76.2,22.9,19.812,251.9,0.78
2025-06-20 20:56:48,2025-06-20,20:56:48,in,0.97,1310.8,0.0,22.9,7.333,321.7,1.57
2025-06-20 20:57:36,2025-06-20,20:57:36,out,0.57,18.5,76.4,22.9,19.838,214.6,0.63
2025-06-20 20:57:51,2025-06-20,20:57:51,in,0.93,1310.8,0.0,22.9,7.333,317.8,1.41
2025-06-20 20:58:40,2025-06-20,20:58:40,out,0.68,18.6,76.7,22.9,19.878,237.5,0.75
2025-06-20 20:58:54,2025-06-20,20:58:54,in,1.1,1310.8,0.0,22.9,7.333,326.0,1.76
2025-06-20 20:59:44,2025-06-20,20:59:44,out,0.69,18.5,76.8,22.8,19.796,246.3,0.98
2025-06-20 20:59:58,2025-06-20,20:59:58,in,1.0,1310.8,0.0,22.9,7.333,323.1,1.6
2025-06-20 21:00:47,2025-06-20,21:00:47,out,0.3,18.5,77.0,22.8,19.823,244.8,0.61
2025-06-20 21:01:02,2025-06-20,21:01:02,in,1.19,1310.8,0.0,22.9,7.333,331.3,1.81
2025-06-20 21:01:50,2025-06-20,21:01:50,out,0.37,18.6,77.1,22.8,19.836,224.2,0.46
2025-06-20 21:02:05,2025-06-20,21:02:05,in,1.01,1310.8,0.0,22.8,7.292,325.6,1.79
2025-06-20 21:02:54,2025-06-20,21:02:54,out,0.3,18.6,77.2,22.8,19.849,215.4,0.38
2025-06-20 21:03:08,2025-06-20,21:03:08,in,1.12,1310.8,0.0,22.8,7.292,328.5,1.53
2025-06-20 21:03:58,2025-06-20,21:03:58,out,0.31,18.5,77.3,22.7,19.767,238.1,0.4
2025-06-20 21:04:12,2025-06-20,21:04:12,in,1.12,1310.8,0.0,22.8,7.292,325.5,2.03
2025-06-20 21:05:01,2025-06-20,21:05:01,out,0.27,18.5,77.4,22.7,19.78,214.8,0.33
2025-06-20 21:05:16,2025-06-20,21:05:16,in,0.76,1310.8,0.0,22.8,7.292,328.8,1.57
2025-06-20 21:06:04,2025-06-20,21:06:04,out,0.25,18.6,77.6,22.7,19.807,138.2,0.48
2025-06-20 21:06:20,2025-06-20,21:06:20,in,1.36,1310.8,0.0,22.8,7.292,324.9,1.62
2025-06-20 21:07:08,2025-06-20,21:07:08,out,0.38,18.6,77.7,22.7,19.82,140.6,0.44
2025-06-20 21:07:23,2025-06-20,21:07:23,in,0.71,1310.8,0.0,22.8,7.292,323.8,1.61
2025-06-20 21:08:12,2025-06-20,21:08:12,out,0.53,18.7,78.0,22.7,19.86,165.7,0.69
2025-06-20 21:08:26,2025-06-20,21:08:26,in,1.08,1310.8,0.0,22.8,7.292,321.8,1.67
2025-06-20 21:09:15,2025-06-20,21:09:15,out,0.54,,,18.7,,175.6,0.89
2025-06-20 21:09:30,2025-06-20,21:09:30,in,0.97,1310.8,0.0,22.8,7.292,314.7,1.76
2025-06-20 21:10:18,2025-06-20,21:10:18,out,0.46,18.8,78.8,22.7,19.965,176.9,0.85
2025-06-20 21:10:34,2025-06-20,21:10:34,in,0.78,1310.8,0.0,22.8,7.292,316.8,1.29
2025-06-20 21:11:22,2025-06-20,21:11:22,out,0.13,18.9,79.0,22.7,19.991,143.8,0.85
2025-06-20 21:11:37,2025-06-20,21:11:37,in,0.9,1310.8,0.0,22.8,7.292,328.9,1.48
2025-06-20 21:12:26,2025-06-20,21:12:26,out,0.4,18.9,79.1,22.7,20.005,168.7,0.56
2025-06-20 21:12:40,2025-06-20,21:12:40,in,1.0,1310.8,0.0,22.8,7.292,317.7,1.5
2025-06-20 21:13:29,2025-06-20,21:13:29,out,0.33,18.9,79.4,22.6,19.948,157.5,0.54
2025-06-20 21:13:44,2025-06-20,21:13:44,in,0.48,1310.8,0.0,22.7,7.25,333.2,1.81
2025-06-20 21:14:32,2025-06-20,21:14:32,out,0.41,18.9,79.8,22.6,20.001,192.2,0.71
2025-06-20 21:14:48,2025-06-20,21:14:48,in,0.96,1310.8,0.0,22.7,7.25,327.5,1.76
2025-06-20 21:15:36,2025-06-20,21:15:36,out,0.33,19.0,79.9,22.6,20.014,227.7,0.5
2025-06-20 21:15:51,2025-06-20,21:15:51,in,0.78,1310.8,0.0,22.7,7.25,326.4,2.16
2025-06-20 21:16:40,2025-06-20,21:16:40,out,0.33,19.0,80.0,22.6,20.027,233.3,0.45
2025-06-20 21:16:54,2025-06-20,21:16:54,in,0.61,1310.8,0.0,22.7,7.25,332.1,1.23
2025-06-20 21:17:43,2025-06-20,21:17:43,out,0.31,19.0,80.1,22.6,20.04,208.6,0.41
2025-06-20 21:17:58,2025-06-20,21:17:58,in,0.78,1310.8,0.0,22.6,7.209,325.6,1.14
2025-06-20 21:18:46,2025-06-20,21:18:46,out,0.18,18.9,80.1,22.5,19.944,222.5,0.26
2025-06-20 21:19:02,2025-06-20,21:19:02,in,0.78,1310.8,0.0,22.6,7.209,321.6,1.38
2025-06-20 21:19:50,2025-06-20,21:19:50,out,0.4,18.9,80.2,22.5,19.957,259.3,0.43
2025-06-20 21:20:05,2025-06-20,21:20:05,in,1.0,1310.8,0.0,22.6,7.209,320.7,1.31
2025-06-20 21:20:54,2025-06-20,21:20:54,out,0.43,18.9,80.3,22.5,19.97,247.5,0.51
2025-06-20 21:21:08,2025-06-20,21:21:08,in,0.9,1310.8,0.0,22.5,7.167,320.3,1.29
2025-06-20 21:21:57,2025-06-20,21:21:57,out,0.53,18.9,80.4,22.4,19.887,254.4,0.63
2025-06-20 21:22:12,2025-06-20,21:22:12,in,1.05,1310.8,0.0,22.5,7.167,322.4,1.7
2025-06-20 21:23:00,2025-06-20,21:23:00,out,0.71,18.9,80.5,22.4,19.9,266.6,0.75
2025-06-20 21:23:16,2025-06-20,21:23:16,in,1.58,,,1310.8,,22.5,0.0
2025-06-20 21:24:04,2025-06-20,21:24:04,out,0.62,18.9,80.7,22.4,19.926,272.7,0.75
2025-06-20 21:24:19,2025-06-20,21:24:19,in,0.85,1310.8,0.0,22.4,7.125,321.7,1.64
2025-06-20 21:25:08,2025-06-20,21:25:08,out,0.78,19.0,80.9,22.4,19.953,277.2,0.9
2025-06-20 21:25:22,2025-06-20,21:25:22,in,1.15,1310.8,0.0,22.4,7.125,323.2,1.6
2025-06-20 21:26:11,2025-06-20,21:26:11,out,0.8,19.0,81.1,22.4,19.979,290.0,0.84
2025-06-20 21:26:26,2025-06-20,21:26:26,in,0.78,1310.8,0.0,22.4,7.125,333.3,1.6
2025-06-20 21:27:14,2025-06-20,21:27:14,out,0.79,19.0,81.5,22.4,20.031,292.9,0.94
2025-06-20 21:27:30,2025-06-20,21:27:30,in,1.01,1310.8,0.0,22.4,7.125,321.8,1.67
2025-06-20 21:28:18,2025-06-20,21:28:18,out,0.63,19.1,81.9,22.4,20.083,336.9,0.84
2025-06-20 21:28:33,2025-06-20,21:28:33,in,1.05,1310.8,0.0,22.4,7.125,322.0,1.89
2025-06-20 21:29:22,2025-06-20,21:29:22,out,0.48,19.3,82.6,22.4,20.174,346.0,0.89
2025-06-20 21:29:36,2025-06-20,21:29:36,in,1.0,1310.8,0.0,22.4,7.125,315.5,1.53
2025-06-20 21:30:25,2025-06-20,21:30:25,out,0.48,19.3,83.0,22.4,20.226,2.5,0.58
2025-06-20 21:30:40,2025-06-20,21:30:40,in,0.86,1310.8,0.0,22.4,7.125,330.6,1.13
2025-06-20 21:31:28,2025-06-20,21:31:28,out,0.54,19.4,83.5,22.4,20.291,19.9,0.65
2025-06-20 21:31:44,2025-06-20,21:31:44,in,0.79,1310.8,0.0,22.4,7.125,329.6,1.35
2025-06-20 21:32:32,2025-06-20,21:32:32,out,0.65,19.5,83.7,22.4,20.317,24.3,0.71
2025-06-20 21:32:47,2025-06-20,21:32:47,in,0.93,1310.8,0.0,22.4,7.125,322.9,1.51
2025-06-20 21:33:36,2025-06-20,21:33:36,out,0.65,19.5,83.7,22.4,20.317,48.7,0.67
2025-06-20 21:33:50,2025-06-20,21:33:50,in,0.81,1310.8,0.0,22.3,7.084,325.7,1.35
2025-06-20 21:34:39,2025-06-20,21:34:39,out,0.7,19.5,83.9,22.4,20.343,48.7,0.82
2025-06-20 21:34:54,2025-06-20,21:34:54,in,0.94,1310.8,0.0,22.3,7.084,331.3,1.52
2025-06-20 21:35:42,2025-06-20,21:35:42,out,0.57,19.5,84.2,22.3,20.285,48.5,0.71
2025-06-20 21:35:58,2025-06-20,21:35:58,in,0.96,1310.8,0.0,22.3,7.084,334.6,1.13
2025-06-20 21:36:46,2025-06-20,21:36:46,out,0.54,19.5,84.3,22.3,20.298,86.0,0.62
2025-06-20 21:37:01,2025-06-20,21:37:01,in,0.93,1310.8,0.0,22.3,7.084,335.5,1.14
2025-06-20 21:37:50,2025-06-20,21:37:50,out,0.73,19.6,84.7,22.3,20.35,103.0,0.77
2025-06-20 21:38:04,2025-06-20,21:38:04,in,0.93,1310.8,0.0,22.3,7.084,335.5,1.14
2025-06-20 21:38:53,2025-06-20,21:38:53,out,0.68,19.7,85.5,22.3,20.454,88.9,0.83
2025-06-20 21:39:08,2025-06-20,21:39:08,in,0.93,1310.8,0.0,22.3,7.084,335.5,1.14
2025-06-20 21:39:56,2025-06-20,21:39:56,out,0.62,19.8,85.7,22.3,20.48,67.0,0.7
2025-06-20 21:40:12,2025-06-20,21:40:12,in,0.93,1310.8,0.0,22.3,7.084,335.5,1.14
2025-06-20 21:41:00,2025-06-20,21:41:00,out,0.56,19.8,85.8,22.3,20.493,68.0,0.73
2025-06-20 21:41:15,2025-06-20,21:41:15,in,0.93,1310.8,0.0,22.2,7.042,335.5,1.14
2025-06-20 21:42:04,2025-06-20,21:42:04,out,0.58,19.8,85.9,22.3,20.506,63.6,0.65
2025-06-20 21:42:18,2025-06-20,21:42:18,in,0.93,1310.8,0.0,22.2,7.042,335.5,1.14
2025-06-20 21:43:07,2025-06-20,21:43:07,out,0.5,19.8,86.1,22.2,20.434,67.2,0.63
2025-06-20 21:43:22,2025-06-20,21:43:22,in,0.93,1310.8,0.0,22.2,7.042,335.5,1.14
2025-06-20 21:44:10,2025-06-20,21:44:10,out,0.42,19.8,86.1,22.2,20.434,61.3,0.51
2025-06-20 21:44:26,2025-06-20,21:44:26,in,0.93,1310.8,0.0,22.2,7.042,335.5,1.14
2025-06-20 21:45:14,2025-06-20,21:45:14,out,0.28,19.7,86.2,22.1,20.35,76.7,0.44
2025-06-20 21:45:29,2025-06-20,21:45:29,in,0.93,1310.8,0.0,22.1,7.001,335.5,1.14
2025-06-20 21:46:18,2025-06-20,21:46:18,out,0.26,19.7,86.2,22.1,20.35,34.7,0.37
2025-06-20 21:46:32,2025-06-20,21:46:32,in,0.93,1310.8,0.0,22.1,7.001,335.5,1.14
2025-06-20 21:47:21,2025-06-20,21:47:21,out,0.24,19.7,86.3,22.1,20.363,46.4,0.31
2025-06-20 21:47:36,2025-06-20,21:47:36,in,0.93,1310.8,0.0,22.1,7.001,335.5,1.14
2025-06-20 21:48:24,2025-06-20,21:48:24,out,0.18,19.7,86.3,22.1,20.363,14.6,0.31
2025-06-20 21:48:40,2025-06-20,21:48:40,in,0.93,1310.8,0.0,22.1,7.001,335.5,1.14
2025-06-20 21:49:28,2025-06-20,21:49:28,out,0.14,19.6,86.4,22.0,20.278,14.6,0.19
2025-06-20 21:49:43,2025-06-20,21:49:43,in,0.93,1310.8,0.0,22.1,7.001,335.5,1.14
2025-06-20 21:50:32,2025-06-20,21:50:32,out,0.24,19.6,86.4,22.0,20.278,327.7,0.27
2025-06-20 21:50:46,2025-06-20,21:50:46,in,0.93,1310.8,0.0,22.0,6.959,335.5,1.14
2025-06-20 21:51:35,2025-06-20,21:51:35,out,0.08,19.6,86.5,22.0,20.291,336.2,0.23
2025-06-20 21:51:50,2025-06-20,21:51:50,in,0.93,1310.8,0.0,22.0,6.959,335.5,1.14
2025-06-20 21:52:38,2025-06-20,21:52:38,out,0.18,19.5,86.5,21.9,20.193,336.2,0.21
2025-06-20 21:52:54,2025-06-20,21:52:54,in,0.93,1310.8,0.0,22.0,6.959,335.5,1.14
2025-06-20 21:53:42,2025-06-20,21:53:42,out,0.22,19.5,86.6,21.9,20.206,57.4,0.25
2025-06-20 21:53:57,2025-06-20,21:53:57,in,0.93,1310.8,0.0,22.0,6.959,335.5,1.14
2025-06-20 21:54:46,2025-06-20,21:54:46,out,0.3,19.5,86.7,21.8,20.121,40.0,0.39
2025-06-20 21:55:00,2025-06-20,21:55:00,in,0.93,1310.8,0.0,22.0,6.959,335.5,1.14
2025-06-20 21:55:49,2025-06-20,21:55:49,out,0.36,19.5,86.9,21.8,20.147,33.5,0.4
2025-06-20 21:56:04,2025-06-20,21:56:04,in,0.93,1310.8,0.0,22.0,6.959,335.5,1.14
2025-06-20 21:56:52,2025-06-20,21:56:52,out,0.32,19.5,87.1,21.8,20.172,30.2,0.37
2025-06-20 21:57:08,2025-06-20,21:57:08,in,0.93,1310.8,0.0,22.0,6.959,335.5,1.14
2025-06-20 21:57:56,2025-06-20,21:57:56,out,0.23,19.6,87.4,21.8,20.211,36.6,0.31
2025-06-20 21:58:11,2025-06-20,21:58:11,in,0.93,1310.8,0.0,22.0,6.959,335.5,1.14
2025-06-20 21:59:00,2025-06-20,21:59:00,out,0.31,19.5,87.6,21.7,20.139,55.1,0.4
2025-06-20 21:59:14,2025-06-20,21:59:14,in,0.93,1310.8,0.0,21.9,6.918,335.5,1.14
2025-06-20 22:00:04,2025-06-20,22:00:04,out,0.33,19.6,87.9,21.7,20.177,32.0,0.39
2025-06-20 22:00:18,2025-06-20,22:00:18,in,0.93,1310.8,0.0,21.9,6.918,335.5,1.14
2025-06-20 22:01:07,2025-06-20,22:01:07,out,0.34,19.7,88.3,21.7,20.228,31.1,0.38
2025-06-20 22:01:22,2025-06-20,22:01:22,in,0.93,1310.8,0.0,21.9,6.918,335.5,1.14
2025-06-20 22:02:10,2025-06-20,22:02:10,out,0.49,19.8,88.9,21.7,20.305,32.7,0.51
2025-06-20 22:02:25,2025-06-20,22:02:25,in,0.93,1310.8,0.0,21.9,6.918,335.5,1.14
2025-06-20 22:03:14,2025-06-20,22:03:14,out,0.68,20.0,89.9,21.7,20.433,17.1,0.69
2025-06-20 22:03:28,2025-06-20,22:03:28,in,0.93,1310.8,0.0,21.9,6.918,335.5,1.14
2025-06-20 22:04:18,2025-06-20,22:04:18,out,0.77,20.2,91.6,21.7,20.65,15.4,0.8
2025-06-20 22:04:32,2025-06-20,22:04:32,in,0.93,1310.8,0.0,21.8,6.876,335.5,1.14
2025-06-20 22:05:21,2025-06-20,22:05:21,out,0.72,20.6,93.3,21.7,20.868,19.5,0.79
2025-06-20 22:05:36,2025-06-20,22:05:36,in,0.93,1310.8,0.0,21.7,6.835,335.5,1.14
2025-06-20 22:06:24,2025-06-20,22:06:24,out,0.68,20.8,94.7,21.7,21.046,13.6,0.75
2025-06-20 22:06:40,2025-06-20,22:06:40,in,0.93,1310.8,0.0,21.7,6.835,335.5,1.14
2025-06-20 22:07:28,2025-06-20,22:07:28,out,0.64,21.0,95.6,21.7,21.161,16.2,0.68
2025-06-20 22:07:43,2025-06-20,22:07:43,in,0.93,1310.8,0.0,21.7,6.835,335.5,1.14
2025-06-20 22:08:32,2025-06-20,22:08:32,out,0.63,21.1,96.7,21.7,21.302,19.0,0.65
2025-06-20 22:08:46,2025-06-20,22:08:46,in,0.93,1310.8,0.0,21.7,6.835,335.5,1.14
2025-06-20 22:09:35,2025-06-20,22:09:35,out,0.66,21.2,97.4,21.7,21.391,23.2,0.68
2025-06-20 22:09:50,2025-06-20,22:09:50,in,0.93,1310.8,0.0,21.7,6.835,335.5,1.14
2025-06-20 22:10:38,2025-06-20,22:10:38,out,0.66,21.4,98.4,21.7,21.519,17.6,0.74
2025-06-20 22:10:54,2025-06-20,22:10:54,in,0.93,1310.8,0.0,21.7,6.835,335.5,1.14
2025-06-20 22:11:42,2025-06-20,22:11:42,out,0.56,21.5,99.1,21.7,21.609,21.2,0.69
2025-06-20 22:11:57,2025-06-20,22:11:57,in,0.93,1310.8,0.0,21.7,6.835,335.5,1.14
2025-06-20 22:12:45,2025-06-20,22:12:45,out,0.64,21.7,99.9,21.6,21.61,17.6,0.67
2025-06-20 22:13:00,2025-06-20,22:13:00,in,0.93,1310.8,0.0,21.7,6.835,335.5,1.14
2025-06-20 22:13:49,2025-06-20,22:13:49,out,0.77,21.7,100.0,21.6,21.623,18.7,0.79
2025-06-20 22:14:04,2025-06-20,22:14:04,in,0.93,1310.8,0.0,21.7,6.835,335.5,1.14
2025-06-20 22:14:52,2025-06-20,22:14:52,out,0.83,21.7,100.0,21.7,21.724,15.8,0.85
2025-06-20 22:15:08,2025-06-20,22:15:08,in,0.93,1310.8,0.0,21.7,6.835,335.5,1.14
2025-06-20 22:15:56,2025-06-20,22:15:56,out,0.72,21.7,100.0,21.7,21.724,12.5,0.9
2025-06-20 22:16:11,2025-06-20,22:16:11,in,0.93,1310.8,0.0,21.6,6.793,335.5,1.14
2025-06-20 22:17:00,2025-06-20,22:17:00,out,0.8,21.6,100.0,21.6,21.623,10.4,0.9
2025-06-20 22:17:14,2025-06-20,22:17:14,in,0.93,1310.8,0.0,21.6,6.793,335.5,1.14
2025-06-20 22:18:03,2025-06-20,22:18:03,out,0.73,21.7,100.0,21.7,21.724,9.2,0.97
2025-06-20 22:18:18,2025-06-20,22:18:18,in,0.93,1310.8,0.0,21.6,6.793,335.5,1.14
2025-06-20 22:19:06,2025-06-20,22:19:06,out,0.8,21.7,100.0,21.7,21.724,7.7,0.88
2025-06-20 22:19:22,2025-06-20,22:19:22,in,0.93,1310.8,0.0,21.6,6.793,335.5,1.14
2025-06-20 22:20:10,2025-06-20,22:20:10,out,0.82,21.7,100.0,21.7,21.724,9.2,0.92
2025-06-20 22:20:25,2025-06-20,22:20:25,in,0.93,1310.8,0.0,21.6,6.793,335.5,1.14
2025-06-20 22:21:14,2025-06-20,22:21:14,out,0.75,21.7,100.0,21.7,21.724,12.8,0.97
2025-06-20 22:21:28,2025-06-20,22:21:28,in,0.93,1310.8,0.0,21.6,6.793,335.5,1.14
2025-06-20 22:22:17,2025-06-20,22:22:17,out,1.08,21.7,100.0,21.7,21.724,5.8,1.21
2025-06-20 22:22:32,2025-06-20,22:22:32,in,0.93,1310.8,0.0,21.6,6.793,335.5,1.14
2025-06-20 22:23:20,2025-06-20,22:23:20,out,0.56,21.7,100.0,21.7,21.724,15.0,1.06
2025-06-20 22:23:36,2025-06-20,22:23:36,in,0.93,1310.8,0.0,21.6,6.793,335.5,1.14
2025-06-20 22:24:24,2025-06-20,22:24:24,out,0.57,21.7,100.0,21.7,21.724,2.8,1.03
2025-06-20 22:24:39,2025-06-20,22:24:39,in,0.93,1310.8,0.0,21.6,6.793,335.5,1.14
2025-06-20 22:25:28,2025-06-20,22:25:28,out,0.43,21.7,100.0,21.7,21.724,40.4,0.98
2025-06-20 22:25:42,2025-06-20,22:25:42,in,0.93,1310.8,0.0,21.6,6.793,335.5,1.14
2025-06-20 22:26:31,2025-06-20,22:26:31,out,0.83,21.6,100.0,21.6,21.623,33.9,1.28
2025-06-20 22:26:46,2025-06-20,22:26:46,in,0.93,1310.8,0.0,21.5,6.752,335.5,1.14
2025-06-20 22:27:34,2025-06-20,22:27:34,out,1.09,21.6,100.0,21.6,21.623,64.2,1.33
2025-06-20 22:27:50,2025-06-20,22:27:50,in,0.93,1310.8,0.0,21.5,6.752,335.5,1.14
2025-06-20 22:28:38,2025-06-20,22:28:38,out,1.12,21.6,100.0,21.6,21.623,57.0,1.74
2025-06-20 22:28:53,2025-06-20,22:28:53,in,0.93,1310.8,0.0,21.5,6.752,335.5,1.14
2025-06-20 22:29:42,2025-06-20,22:29:42,out,1.23,21.6,100.0,21.6,21.623,58.4,1.61
2025-06-20 22:29:56,2025-06-20,22:29:56,in,0.93,1310.8,0.0,21.5,6.752,335.5,1.14
2025-06-20 22:30:45,2025-06-20,22:30:45,out,1.59,21.6,100.0,21.6,21.623,63.8,1.9
2025-06-20 22:31:00,2025-06-20,22:31:00,in,0.93,1310.8,0.0,21.5,6.752,335.5,1.14
2025-06-20 22:31:48,2025-06-20,22:31:48,out,1.55,21.7,100.0,21.7,21.724,66.2,2.03
2025-06-20 22:32:04,2025-06-20,22:32:04,in,0.93,1310.8,0.0,21.5,6.752,335.5,1.14
2025-06-20 22:32:52,2025-06-20,22:32:52,out,1.41,21.7,100.0,21.7,21.724,65.6,1.91
2025-06-20 22:33:08,2025-06-20,22:33:08,in,1.14,,,1310.8,,21.6,0.0
2025-06-20 22:33:56,2025-06-20,22:33:56,out,1.23,21.7,100.0,21.7,21.724,62.1,1.99
2025-06-20 22:34:10,2025-06-20,22:34:10,in,0.93,1310.8,0.0,21.5,6.752,335.5,1.14
2025-06-20 22:34:59,2025-06-20,22:34:59,out,1.47,21.7,100.0,21.7,21.724,62.8,1.83
2025-06-20 22:35:14,2025-06-20,22:35:14,in,0.93,1310.8,0.0,21.5,6.752,335.5,1.14
2025-06-20 22:36:02,2025-06-20,22:36:02,out,1.41,21.7,100.0,21.6,21.623,61.0,2.17
2025-06-20 22:36:18,2025-06-20,22:36:18,in,0.93,1310.8,0.0,21.5,6.752,335.5,1.14
2025-06-20 22:37:06,2025-06-20,22:37:06,out,1.15,21.6,100.0,21.6,21.623,60.1,1.97
2025-06-20 22:37:22,2025-06-20,22:37:22,in,0.93,1310.8,0.0,21.5,6.752,335.5,1.14
2025-06-20 22:38:10,2025-06-20,22:38:10,out,0.95,21.6,100.0,21.6,21.623,55.3,1.75
2025-06-20 22:38:25,2025-06-20,22:38:25,in,0.93,1310.8,0.0,21.4,6.71,335.5,1.14
2025-06-20 22:39:13,2025-06-20,22:39:13,out,0.62,21.6,100.0,21.6,21.623,65.4,1.73
2025-06-20 22:39:28,2025-06-20,22:39:28,in,0.93,1310.8,0.0,21.4,6.71,335.5,1.14
2025-06-20 22:40:16,2025-06-20,22:40:16,out,0.99,21.6,100.0,21.6,21.623,65.2,1.37
2025-06-20 22:40:32,2025-06-20,22:40:32,in,0.93,1310.8,0.0,21.4,6.71,335.5,1.14
2025-06-20 22:41:20,2025-06-20,22:41:20,out,1.1,21.5,100.0,21.5,21.522,61.4,1.63
2025-06-20 22:41:36,2025-06-20,22:41:36,in,0.93,1310.8,0.0,21.4,6.71,335.5,1.14
2025-06-20 22:42:24,2025-06-20,22:42:24,out,0.66,21.5,100.0,21.5,21.522,81.0,1.42
2025-06-20 22:42:38,2025-06-20,22:42:38,in,0.93,1310.8,0.0,21.4,6.71,335.5,1.14
2025-06-20 22:43:27,2025-06-20,22:43:27,out,0.53,21.5,100.0,21.5,21.522,90.5,0.66
2025-06-20 22:43:42,2025-06-20,22:43:42,in,0.93,1310.8,0.0,21.4,6.71,335.5,1.14
2025-06-20 22:44:30,2025-06-20,22:44:30,out,0.29,21.5,100.0,21.5,21.522,61.1,0.51
2025-06-20 22:44:46,2025-06-20,22:44:46,in,0.93,1310.8,0.0,21.3,6.669,335.5,1.14
2025-06-20 22:45:34,2025-06-20,22:45:34,out,0.25,21.4,100.0,21.4,21.422,79.9,0.5
2025-06-20 22:45:50,2025-06-20,22:45:50,in,0.93,1310.8,0.0,21.4,6.71,335.5,1.14
2025-06-20 22:46:38,2025-06-20,22:46:38,out,0.33,21.4,100.0,21.4,21.422,64.8,0.92
2025-06-20 22:46:53,2025-06-20,22:46:53,in,0.93,1310.8,0.0,21.3,6.669,335.5,1.14
2025-06-20 22:47:41,2025-06-20,22:47:41,out,0.45,21.4,100.0,21.4,21.422,59.9,0.57
2025-06-20 22:47:56,2025-06-20,22:47:56,in,0.93,1310.8,0.0,21.3,6.669,335.5,1.14
2025-06-20 22:48:44,2025-06-20,22:48:44,out,0.69,21.3,100.0,21.3,21.321,49.7,0.93
2025-06-20 22:49:00,2025-06-20,22:49:00,in,0.93,1310.8,0.0,21.3,6.669,335.5,1.14
2025-06-20 22:49:48,2025-06-20,22:49:48,out,0.55,21.3,100.0,21.3,21.321,82.9,0.85
2025-06-20 22:50:04,2025-06-20,22:50:04,in,0.93,1310.8,0.0,21.2,6.627,335.5,1.14
2025-06-20 22:50:52,2025-06-20,22:50:52,out,0.41,21.3,100.0,21.3,21.321,95.5,0.59
2025-06-20 22:51:07,2025-06-20,22:51:07,in,0.93,1310.8,0.0,21.2,6.627,335.5,1.14
2025-06-20 22:51:55,2025-06-20,22:51:55,out,0.36,21.3,100.0,21.3,21.321,76.3,0.97
2025-06-20 22:52:10,2025-06-20,22:52:10,in,0.93,1310.8,0.0,21.2,6.627,335.5,1.14
2025-06-20 22:52:58,2025-06-20,22:52:58,out,0.66,21.2,100.0,21.2,21.22,120.2,1.06
2025-06-20 22:53:14,2025-06-20,22:53:14,in,0.93,1310.8,0.0,21.2,6.627,335.5,1.14
2025-06-20 22:54:02,2025-06-20,22:54:02,out,0.69,21.2,100.0,21.2,21.22,112.9,1.09
2025-06-20 22:54:18,2025-06-20,22:54:18,in,0.93,1310.8,0.0,21.2,6.627,335.5,1.14
2025-06-20 22:55:06,2025-06-20,22:55:06,out,0.51,21.2,100.0,21.2,21.22,124.1,0.98
2025-06-20 22:55:21,2025-06-20,22:55:21,in,0.93,1310.8,0.0,21.2,6.627,335.5,1.14
2025-06-20 22:56:09,2025-06-20,22:56:09,out,0.59,21.2,100.0,21.2,21.22,108.7,0.88
2025-06-20 22:56:24,2025-06-20,22:56:24,in,0.93,1310.8,0.0,21.2,6.627,335.5,1.14
2025-06-20 22:57:13,2025-06-20,22:57:13,out,0.78,21.2,100.0,21.2,21.22,99.3,1.03
2025-06-20 22:57:28,2025-06-20,22:57:28,in,0.93,1310.8,0.0,21.2,6.627,335.5,1.14
2025-06-20 22:58:16,2025-06-20,22:58:16,out,0.49,21.2,100.0,21.2,21.22,74.5,0.64
2025-06-20 22:58:32,2025-06-20,22:58:32,in,0.93,1310.8,0.0,21.2,6.627,335.5,1.14
2025-06-20 22:59:20,2025-06-20,22:59:20,out,0.36,21.2,100.0,21.2,21.22,9.4,0.69
2025-06-20 22:59:35,2025-06-20,22:59:35,in,0.93,1310.8,0.0,21.2,6.627,335.5,1.14
2025-06-20 23:00:24,2025-06-20,23:00:24,out,0.79,21.1,100.0,21.1,21.119,47.8,0.93
2025-06-20 23:00:38,2025-06-20,23:00:38,in,0.93,1310.8,0.0,21.1,6.586,335.5,1.14
2025-06-20 23:01:27,2025-06-20,23:01:27,out,0.57,21.1,100.0,21.1,21.119,39.6,1.02
2025-06-20 23:01:42,2025-06-20,23:01:42,in,0.93,1310.8,0.0,21.1,6.586,335.5,1.14
2025-06-20 23:02:30,2025-06-20,23:02:30,out,0.78,21.1,100.0,21.1,21.119,322.0,0.97
2025-06-20 23:02:46,2025-06-20,23:02:46,in,0.93,1310.8,0.0,21.1,6.586,335.5,1.14
2025-06-20 23:03:34,2025-06-20,23:03:34,out,0.77,21.1,100.0,21.1,21.119,324.6,0.97
2025-06-20 23:03:49,2025-06-20,23:03:49,in,0.93,1310.8,0.0,21.1,6.586,335.5,1.14
2025-06-20 23:04:38,2025-06-20,23:04:38,out,0.66,21.1,100.0,21.1,21.119,329.4,1.15
2025-06-20 23:04:52,2025-06-20,23:04:52,in,0.93,1310.8,0.0,21.1,6.586,335.5,1.14
2025-06-20 23:05:41,2025-06-20,23:05:41,out,0.77,21.1,100.0,21.1,21.119,351.3,1.06
2025-06-20 23:05:56,2025-06-20,23:05:56,in,0.93,1310.8,0.0,21.1,6.586,335.5,1.14
2025-06-20 23:06:44,2025-06-20,23:06:44,out,0.79,21.1,100.0,21.1,21.119,345.3,0.95
2025-06-20 23:07:00,2025-06-20,23:07:00,in,0.93,1310.8,0.0,21.0,6.544,335.5,1.14
2025-06-20 23:07:48,2025-06-20,23:07:48,out,0.33,21.1,100.0,21.1,21.119,356.3,0.79
2025-06-20 23:08:03,2025-06-20,23:08:03,in,0.93,1310.8,0.0,21.1,6.586,335.5,1.14
2025-06-20 23:08:52,2025-06-20,23:08:52,out,0.62,21.1,100.0,21.1,21.119,353.8,0.82
2025-06-20 23:09:06,2025-06-20,23:09:06,in,0.93,1310.8,0.0,21.1,6.586,335.5,1.14
2025-06-20 23:09:55,2025-06-20,23:09:55,out,0.44,21.1,100.0,21.1,21.119,32.2,0.73
2025-06-20 23:10:10,2025-06-20,23:10:10,in,0.93,1310.8,0.0,21.0,6.544,335.5,1.14
2025-06-20 23:10:58,2025-06-20,23:10:58,out,0.5,21.0,100.0,21.0,21.019,10.6,0.61
2025-06-20 23:11:14,2025-06-20,23:11:14,in,0.93,1310.8,0.0,21.1,6.586,335.5,1.14
2025-06-20 23:12:02,2025-06-20,23:12:02,out,0.41,21.0,100.0,21.0,21.019,11.4,0.67
2025-06-20 23:12:17,2025-06-20,23:12:17,in,0.93,1310.8,0.0,21.0,6.544,335.5,1.14
2025-06-20 23:13:06,2025-06-20,23:13:06,out,0.81,21.0,100.0,21.0,21.019,34.5,0.85
2025-06-20 23:13:20,2025-06-20,23:13:20,in,0.93,1310.8,0.0,21.0,6.544,335.5,1.14
2025-06-20 23:14:09,2025-06-20,23:14:09,out,0.99,21.0,100.0,21.0,21.019,42.5,1.15
2025-06-20 23:14:24,2025-06-20,23:14:24,in,0.93,1310.8,0.0,21.0,6.544,335.5,1.14
2025-06-20 23:15:12,2025-06-20,23:15:12,out,0.64,21.0,100.0,21.0,21.019,20.1,1.11
2025-06-20 23:15:28,2025-06-20,23:15:28,in,0.93,1310.8,0.0,21.0,6.544,335.5,1.14
2025-06-20 23:16:16,2025-06-20,23:16:16,out,0.61,21.0,100.0,21.0,21.019,34.0,0.87
2025-06-20 23:16:31,2025-06-20,23:16:31,in,0.93,1310.8,0.0,20.9,6.503,335.5,1.14
2025-06-20 23:17:20,2025-06-20,23:17:20,out,0.71,20.9,100.0,20.9,20.918,18.2,0.87
2025-06-20 23:17:34,2025-06-20,23:17:34,in,0.93,1310.8,0.0,21.0,6.544,335.5,1.14
2025-06-20 23:18:23,2025-06-20,23:18:23,out,0.48,20.9,100.0,20.9,20.918,4.6,0.85
2025-06-20 23:18:38,2025-06-20,23:18:38,in,0.93,1310.8,0.0,20.9,6.503,335.5,1.14
2025-06-20 23:19:26,2025-06-20,23:19:26,out,0.81,20.9,100.0,20.9,20.918,15.5,0.87
2025-06-20 23:19:42,2025-06-20,23:19:42,in,0.93,1310.8,0.0,20.9,6.503,335.5,1.14
2025-06-20 23:20:30,2025-06-20,23:20:30,out,0.48,20.9,100.0,20.9,20.918,358.6,0.91
2025-06-20 23:20:45,2025-06-20,23:20:45,in,0.93,1310.8,0.0,20.9,6.503,335.5,1.14
2025-06-20 23:21:34,2025-06-20,23:21:34,out,0.85,20.9,100.0,20.9,20.918,15.6,0.98
2025-06-20 23:21:48,2025-06-20,23:21:48,in,0.93,1310.8,0.0,20.9,6.503,335.5,1.14
2025-06-20 23:22:37,2025-06-20,23:22:37,out,0.97,20.9,100.0,20.9,20.918,27.2,1.12
2025-06-20 23:22:52,2025-06-20,23:22:52,in,0.93,1310.8,0.0,20.8,6.461,335.5,1.14
2025-06-20 23:23:40,2025-06-20,23:23:40,out,0.97,20.9,100.0,20.9,20.918,34.1,1.23
2025-06-20 23:23:56,2025-06-20,23:23:56,in,0.93,1310.8,0.0,20.8,6.461,335.5,1.14
2025-06-20 23:24:44,2025-06-20,23:24:44,out,0.78,20.9,100.0,20.9,20.918,359.1,1.2
2025-06-20 23:24:59,2025-06-20,23:24:59,in,0.93,1310.8,0.0,20.8,6.461,335.5,1.14
2025-06-20 23:25:48,2025-06-20,23:25:48,out,1.05,20.9,100.0,20.9,20.918,21.2,1.18
2025-06-20 23:26:02,2025-06-20,23:26:02,in,0.93,1310.8,0.0,20.8,6.461,335.5,1.14
2025-06-20 23:26:51,2025-06-20,23:26:51,out,0.83,20.9,100.0,20.9,20.918,20.2,1.12
2025-06-20 23:27:06,2025-06-20,23:27:06,in,0.93,1310.8,0.0,20.8,6.461,335.5,1.14
2025-06-20 23:27:54,2025-06-20,23:27:54,out,0.69,20.9,100.0,20.9,20.918,21.6,0.97
2025-06-20 23:28:10,2025-06-20,23:28:10,in,0.93,1310.8,0.0,20.8,6.461,335.5,1.14
2025-06-20 23:28:58,2025-06-20,23:28:58,out,1.02,20.8,100.0,20.8,20.817,31.6,1.23
2025-06-20 23:29:13,2025-06-20,23:29:13,in,0.93,1310.8,0.0,20.8,6.461,335.5,1.14
2025-06-20 23:30:02,2025-06-20,23:30:02,out,1.01,20.8,100.0,20.8,20.817,42.8,1.17
2025-06-20 23:30:16,2025-06-20,23:30:16,in,0.93,1310.8,0.0,20.7,6.42,335.5,1.14
2025-06-20 23:31:05,2025-06-20,23:31:05,out,0.94,20.8,100.0,20.8,20.817,42.1,1.21
2025-06-20 23:31:20,2025-06-20,23:31:20,in,0.93,1310.8,0.0,20.7,6.42,335.5,1.14
2025-06-20 23:32:08,2025-06-20,23:32:08,out,0.8,20.8,100.0,20.8,20.817,23.9,0.93
2025-06-20 23:32:24,2025-06-20,23:32:24,in,0.93,1310.8,0.0,20.8,6.461,335.5,1.14
2025-06-20 23:33:12,2025-06-20,23:33:12,out,0.78,20.8,100.0,20.8,20.817,49.6,0.92
2025-06-20 23:33:27,2025-06-20,23:33:27,in,0.93,1310.8,0.0,20.7,6.42,335.5,1.14
2025-06-20 23:34:16,2025-06-20,23:34:16,out,0.71,20.7,100.0,20.8,20.817,28.9,0.97
2025-06-20 23:34:30,2025-06-20,23:34:30,in,0.93,1310.8,0.0,20.7,6.42,335.5,1.14
2025-06-20 23:35:19,2025-06-20,23:35:19,out,0.74,20.7,100.0,20.7,20.717,47.6,0.88
2025-06-20 23:35:34,2025-06-20,23:35:34,in,0.93,1310.8,0.0,20.7,6.42,335.5,1.14
2025-06-20 23:36:22,2025-06-20,23:36:22,out,0.97,20.7,100.0,20.7,20.717,39.7,1.0
2025-06-20 23:36:38,2025-06-20,23:36:38,in,0.93,1310.8,0.0,20.7,6.42,335.5,1.14
2025-06-20 23:37:26,2025-06-20,23:37:26,out,1.11,20.7,100.0,20.7,20.717,43.6,1.14
2025-06-20 23:37:42,2025-06-20,23:37:42,in,0.93,1310.8,0.0,20.7,6.42,335.5,1.14
2025-06-20 23:38:30,2025-06-20,23:38:30,out,1.07,20.7,100.0,20.7,20.717,36.2,1.32
2025-06-20 23:38:45,2025-06-20,23:38:45,in,0.93,1310.8,0.0,20.7,6.42,335.5,1.14
2025-06-20 23:39:33,2025-06-20,23:39:33,out,0.75,20.7,100.0,20.7,20.717,22.3,1.22
2025-06-20 23:39:48,2025-06-20,23:39:48,in,0.93,1310.8,0.0,20.7,6.42,335.5,1.14
2025-06-20 23:40:36,2025-06-20,23:40:36,out,0.88,20.7,100.0,20.7,20.717,12.8,1.21
2025-06-20 23:40:52,2025-06-20,23:40:52,in,0.93,1310.8,0.0,20.7,6.42,335.5,1.14
2025-06-20 23:41:40,2025-06-20,23:41:40,out,0.8,20.7,100.0,20.7,20.717,37.5,1.29
2025-06-20 23:41:56,2025-06-20,23:41:56,in,0.93,1310.8,0.0,20.7,6.42,335.5,1.14
2025-06-20 23:42:44,2025-06-20,23:42:44,out,0.83,20.7,100.0,20.7,20.717,30.8,1.14
2025-06-20 23:42:59,2025-06-20,23:42:59,in,0.93,1310.8,0.0,20.7,6.42,335.5,1.14
2025-06-20 23:43:47,2025-06-20,23:43:47,out,1.03,20.7,100.0,20.7,20.717,27.6,1.35
2025-06-20 23:44:02,2025-06-20,23:44:02,in,0.93,1310.8,0.0,20.6,6.378,335.5,1.14
2025-06-20 23:44:50,2025-06-20,23:44:50,out,0.48,20.6,100.0,20.6,20.616,18.4,1.14
2025-06-20 23:45:06,2025-06-20,23:45:06,in,0.93,1310.8,0.0,20.6,6.378,335.5,1.14
2025-06-20 23:45:54,2025-06-20,23:45:54,out,0.6,20.6,100.0,20.6,20.616,45.7,1.1
2025-06-20 23:46:10,2025-06-20,23:46:10,in,0.93,1310.8,0.0,20.6,6.378,335.5,1.14
2025-06-20 23:46:58,2025-06-20,23:46:58,out,1.27,20.6,100.0,20.6,20.616,40.4,1.48
2025-06-20 23:47:13,2025-06-20,23:47:13,in,0.93,1310.8,0.0,20.6,6.378,335.5,1.14
2025-06-20 23:48:02,2025-06-20,23:48:02,out,0.89,20.6,100.0,20.6,20.616,31.4,1.33
2025-06-20 23:48:16,2025-06-20,23:48:16,in,0.93,1310.8,0.0,20.5,6.337,335.5,1.14
2025-06-20 23:49:05,2025-06-20,23:49:05,out,1.01,20.5,100.0,20.5,20.515,44.4,1.22
2025-06-20 23:49:20,2025-06-20,23:49:20,in,0.93,1310.8,0.0,20.5,6.337,335.5,1.14
2025-06-20 23:50:08,2025-06-20,23:50:08,out,1.06,20.5,100.0,20.5,20.515,54.0,1.24
2025-06-20 23:50:24,2025-06-20,23:50:24,in,0.93,1310.8,0.0,20.5,6.337,335.5,1.14
2025-06-20 23:51:12,2025-06-20,23:51:12,out,0.75,20.5,100.0,20.5,20.515,70.7,1.26
2025-06-20 23:51:27,2025-06-20,23:51:27,in,0.93,1310.8,0.0,20.5,6.337,335.5,1.14
2025-06-20 23:52:15,2025-06-20,23:52:15,out,0.83,20.4,100.0,20.4,20.414,44.9,1.15
2025-06-20 23:52:30,2025-06-20,23:52:30,in,0.93,1310.8,0.0,20.5,6.337,335.5,1.14
2025-06-20 23:53:19,2025-06-20,23:53:19,out,0.91,20.4,100.0,20.4,20.414,43.4,1.17
2025-06-20 23:53:34,2025-06-20,23:53:34,in,0.93,1310.8,0.0,20.5,6.337,335.5,1.14
2025-06-20 23:54:22,2025-06-20,23:54:22,out,1.15,20.4,100.0,20.4,20.414,47.8,1.41
2025-06-20 23:54:37,2025-06-20,23:54:37,in,0.93,,,,,,1.14
2025-06-20 23:55:26,2025-06-20,23:55:26,out,1.43,20.4,100.0,20.4,20.414,43.6,1.63
2025-06-20 23:56:30,2025-06-20,23:56:30,out,1.62,,,20.4,,20.4,10.0
2025-06-20 23:57:33,2025-06-20,23:57:33,out,1.06,20.3,100.0,20.3,20.314,66.5,1.59
2025-06-20 23:58:36,2025-06-20,23:58:36,out,1.18,20.3,100.0,20.3,20.314,52.1,1.44
2025-06-20 23:59:40,2025-06-20,23:59:40,out,1.19,20.3,100.0,20.3,20.314,61.6,1.35
