datetime,date,hour,id_meteo_station,Velocità del vento,dew_point,humidity,temperature,wet_bulb,wind_dir,wind_gust
2025-09-24 00:00:48,2025-09-24,00:00:48,in,1.03,1310.8,0.0,20.4,6.295,313.3,2.03
2025-09-24 00:00:48,2025-09-24,00:00:48,out,0.52,18.4,90.9,20.0,18.883,321.5,0.55
2025-09-24 00:01:51,2025-09-24,00:01:51,in,1.37,1310.8,0.0,20.3,6.253,332.1,1.86
2025-09-24 00:01:52,2025-09-24,00:01:52,out,0.57,18.6,91.7,20.0,18.982,325.7,0.62
2025-09-24 00:02:54,2025-09-24,00:02:54,in,1.27,1310.8,0.0,20.3,6.253,327.6,1.83
2025-09-24 00:02:55,2025-09-24,00:02:55,out,0.88,18.8,92.7,20.0,19.106,324.7,0.97
2025-09-24 00:03:58,2025-09-24,00:03:58,in,1.31,1310.8,0.0,20.2,6.212,316.5,1.68
2025-09-24 00:03:58,2025-09-24,00:03:58,out,0.75,19.0,94.3,20.0,19.304,327.4,0.93
2025-09-24 00:05:02,2025-09-24,00:05:02,in,0.85,1310.8,0.0,20.2,6.212,321.2,1.76
2025-09-24 00:05:02,2025-09-24,00:05:02,out,0.92,19.4,96.3,20.0,19.552,310.3,0.97
2025-09-24 00:06:05,2025-09-24,00:06:05,in,0.85,1310.8,0.0,20.2,6.212,324.9,2.08
2025-09-24 00:06:06,2025-09-24,00:06:06,out,0.55,19.7,98.4,20.0,19.813,294.1,1.05
2025-09-24 00:07:08,2025-09-24,00:07:08,in,1.18,1310.8,0.0,20.2,6.212,322.1,1.9
2025-09-24 00:07:09,2025-09-24,00:07:09,out,0.59,19.9,99.6,20.0,19.962,320.1,0.91
2025-09-24 00:08:12,2025-09-24,00:08:12,in,1.27,1310.8,0.0,20.2,6.212,315.1,1.94
2025-09-24 00:08:12,2025-09-24,00:08:12,out,0.64,20.0,100.0,20.0,20.012,306.3,0.92
2025-09-24 00:09:16,2025-09-24,00:09:16,in,1.17,1310.8,0.0,20.2,6.212,318.7,1.87
2025-09-24 00:09:16,2025-09-24,00:09:16,out,0.48,19.9,100.0,19.9,19.911,315.9,0.83
2025-09-24 00:10:19,2025-09-24,00:10:19,in,0.95,1310.8,0.0,20.2,6.212,334.8,1.59
2025-09-24 00:10:20,2025-09-24,00:10:20,out,0.27,19.9,100.0,19.9,19.911,9.2,0.61
2025-09-24 00:11:22,2025-09-24,00:11:22,in,1.17,1310.8,0.0,20.2,6.212,329.0,1.8
2025-09-24 00:11:23,2025-09-24,00:11:23,out,0.06,19.9,100.0,19.9,19.911,38.3,0.34
2025-09-24 00:12:26,2025-09-24,00:12:26,in,0.97,1310.8,0.0,20.2,6.212,333.1,2.02
2025-09-24 00:12:26,2025-09-24,00:12:26,out,0.31,19.9,100.0,19.9,19.911,347.8,0.37
2025-09-24 00:13:30,2025-09-24,00:13:30,in,1.2,1310.8,0.0,20.1,6.17,323.6,1.9
2025-09-24 00:13:30,2025-09-24,00:13:30,out,0.5,19.8,100.0,19.9,19.911,347.9,0.58
2025-09-24 00:14:33,2025-09-24,00:14:33,in,1.05,1310.8,0.0,20.1,6.17,326.7,1.86
2025-09-24 00:14:34,2025-09-24,00:14:34,out,0.39,19.8,100.0,19.8,19.81,1.9,0.61
2025-09-24 00:15:36,2025-09-24,00:15:36,in,1.23,1310.8,0.0,20.1,6.17,317.4,2.12
2025-09-24 00:15:37,2025-09-24,00:15:37,out,0.47,19.8,100.0,19.8,19.81,351.5,0.58
2025-09-24 00:16:40,2025-09-24,00:16:40,in,1.4,1310.8,0.0,20.0,6.129,319.0,2.01
2025-09-24 00:16:40,2025-09-24,00:16:40,out,0.52,19.8,100.0,19.8,19.81,355.4,0.62
2025-09-24 00:17:44,2025-09-24,00:17:44,in,1.24,1310.8,0.0,20.0,6.129,320.2,2.02
2025-09-24 00:17:44,2025-09-24,00:17:44,out,0.17,19.8,100.0,19.8,19.81,344.5,0.59
2025-09-24 00:18:47,2025-09-24,00:18:47,in,1.06,1310.8,0.0,20.0,6.129,330.3,1.89
2025-09-24 00:18:48,2025-09-24,00:18:48,out,0.36,19.8,100.0,19.8,19.81,358.2,0.53
2025-09-24 00:19:50,2025-09-24,00:19:50,in,1.26,1310.8,0.0,20.0,6.129,323.6,1.93
2025-09-24 00:19:51,2025-09-24,00:19:51,out,0.52,19.7,100.0,19.7,19.709,2.5,0.72
2025-09-24 00:20:54,2025-09-24,00:20:54,in,1.05,1310.8,0.0,20.0,6.129,312.5,2.05
2025-09-24 00:20:54,2025-09-24,00:20:54,out,0.26,19.8,100.0,19.8,19.81,339.9,0.84
2025-09-24 00:21:58,2025-09-24,00:21:58,in,0.93,1310.8,0.0,20.0,6.129,328.0,1.91
2025-09-24 00:21:58,2025-09-24,00:21:58,out,0.4,19.7,100.0,19.7,19.709,357.8,0.49
2025-09-24 00:23:01,2025-09-24,00:23:01,in,1.39,1310.8,0.0,20.0,6.129,321.9,2.36
2025-09-24 00:23:02,2025-09-24,00:23:02,out,0.35,19.7,100.0,19.7,19.709,357.5,0.53
2025-09-24 00:24:04,2025-09-24,00:24:04,in,1.33,1310.8,0.0,19.9,6.087,321.5,1.81
2025-09-24 00:24:05,2025-09-24,00:24:05,out,0.53,19.7,100.0,19.7,19.709,13.9,0.67
2025-09-24 00:25:08,2025-09-24,00:25:08,in,1.21,1310.8,0.0,19.9,6.087,311.3,1.74
2025-09-24 00:25:09,2025-09-24,00:25:09,out,0.28,19.7,100.0,19.7,19.709,20.6,0.61
2025-09-24 00:26:12,2025-09-24,00:26:12,in,1.12,1310.8,0.0,19.9,6.087,322.0,2.04
2025-09-24 00:26:12,2025-09-24,00:26:12,out,0.35,19.7,100.0,19.7,19.709,37.5,0.51
2025-09-24 00:27:15,2025-09-24,00:27:15,in,1.15,1310.8,0.0,19.9,6.087,321.5,2.05
2025-09-24 00:27:16,2025-09-24,00:27:16,out,0.37,19.7,100.0,19.7,19.709,36.5,0.74
2025-09-24 00:28:18,2025-09-24,00:28:18,in,1.35,1310.8,0.0,19.8,6.046,318.2,2.1
2025-09-24 00:28:19,2025-09-24,00:28:19,out,0.54,19.7,100.0,19.7,19.709,32.9,0.7
2025-09-24 00:29:22,2025-09-24,00:29:22,in,1.24,1310.8,0.0,19.9,6.087,322.0,2.25
2025-09-24 00:29:22,2025-09-24,00:29:22,out,0.48,19.7,100.0,19.7,19.709,48.8,0.68
2025-09-24 00:30:26,2025-09-24,00:30:26,in,1.16,1310.8,0.0,19.9,6.087,329.7,1.91
2025-09-24 00:30:26,2025-09-24,00:30:26,out,0.58,19.7,100.0,19.7,19.709,55.0,0.66
2025-09-24 00:31:29,2025-09-24,00:31:29,in,1.43,1310.8,0.0,19.9,6.087,325.3,2.02
2025-09-24 00:31:30,2025-09-24,00:31:30,out,0.77,19.7,100.0,19.7,19.709,54.4,0.8
2025-09-24 00:32:32,2025-09-24,00:32:32,in,1.25,1310.8,0.0,19.9,6.087,322.4,1.91
2025-09-24 00:32:33,2025-09-24,00:32:33,out,0.67,19.8,100.0,19.8,19.81,59.3,0.79
2025-09-24 00:33:36,2025-09-24,00:33:36,in,0.78,1310.8,0.0,19.9,6.087,334.9,2.1
2025-09-24 00:33:36,2025-09-24,00:33:36,out,0.58,19.8,100.0,19.8,19.81,77.4,0.74
2025-09-24 00:34:40,2025-09-24,00:34:40,in,1.67,1310.8,0.0,19.9,6.087,322.6,2.18
2025-09-24 00:34:40,2025-09-24,00:34:40,out,0.5,19.8,100.0,19.8,19.81,89.8,0.59
2025-09-24 00:35:43,2025-09-24,00:35:43,in,1.63,1310.8,0.0,19.9,6.087,318.3,2.08
2025-09-24 00:35:44,2025-09-24,00:35:44,out,0.63,19.8,100.0,19.8,19.81,63.0,0.68
2025-09-24 00:36:46,2025-09-24,00:36:46,in,1.48,1310.8,0.0,19.9,6.087,320.7,2.47
2025-09-24 00:36:48,2025-09-24,00:36:48,out,0.47,19.8,100.0,19.8,19.81,69.5,0.67
2025-09-24 00:37:50,2025-09-24,00:37:50,in,1.56,1310.8,0.0,19.9,6.087,316.9,2.09
2025-09-24 00:37:51,2025-09-24,00:37:51,out,0.63,19.8,100.0,19.8,19.81,63.0,0.67
2025-09-24 00:38:54,2025-09-24,00:38:54,in,0.87,1310.8,0.0,19.9,6.087,339.5,2.04
2025-09-24 00:38:54,2025-09-24,00:38:54,out,0.62,19.9,100.0,19.9,19.911,74.3,0.71
2025-09-24 00:39:57,2025-09-24,00:39:57,in,1.49,1310.8,0.0,19.9,6.087,317.1,2.04
2025-09-24 00:39:58,2025-09-24,00:39:58,out,0.65,19.9,100.0,19.9,19.911,88.3,0.69
2025-09-24 00:41:00,2025-09-24,00:41:00,in,1.25,1310.8,0.0,20.0,6.129,328.6,2.02
2025-09-24 00:41:02,2025-09-24,00:41:02,out,0.67,19.9,100.0,19.9,19.911,89.2,0.76
2025-09-24 00:42:04,2025-09-24,00:42:04,in,0.99,1310.8,0.0,20.0,6.129,331.4,2.21
2025-09-24 00:42:05,2025-09-24,00:42:05,out,0.69,19.9,100.0,19.9,19.911,91.8,0.89
2025-09-24 00:43:08,2025-09-24,00:43:08,in,1.9,1310.8,0.0,19.9,6.087,321.7,2.46
2025-09-24 00:43:08,2025-09-24,00:43:08,out,0.75,19.9,100.0,19.9,19.911,91.0,0.87
2025-09-24 00:44:11,2025-09-24,00:44:11,in,1.45,1310.8,0.0,19.9,6.087,330.2,1.98
2025-09-24 00:44:12,2025-09-24,00:44:12,out,0.87,19.9,100.0,19.9,19.911,80.0,0.97
2025-09-24 00:45:14,2025-09-24,00:45:14,in,1.1,1310.8,0.0,19.9,6.087,327.2,2.24
2025-09-24 00:45:16,2025-09-24,00:45:16,out,0.86,19.9,100.0,19.9,19.911,84.9,0.9
2025-09-24 00:46:18,2025-09-24,00:46:18,in,0.54,1310.8,0.0,19.9,6.087,339.4,2.18
2025-09-24 00:46:19,2025-09-24,00:46:19,out,1.03,19.9,100.0,19.9,19.911,81.8,1.07
2025-09-24 00:47:22,2025-09-24,00:47:22,in,0.06,1310.8,0.0,19.9,6.087,63.3,0.44
2025-09-24 00:47:22,2025-09-24,00:47:22,out,0.91,19.9,100.0,20.0,20.012,81.8,1.14
2025-09-24 00:48:25,2025-09-24,00:48:25,in,0.16,1310.8,0.0,19.9,6.087,63.3,0.21
2025-09-24 00:48:26,2025-09-24,00:48:26,out,0.5,19.9,100.0,19.9,19.911,86.4,1.16
2025-09-24 00:49:28,2025-09-24,00:49:28,in,0.04,1310.8,0.0,19.9,6.087,63.3,0.14
2025-09-24 00:49:30,2025-09-24,00:49:30,out,0.69,,,19.9,,78.7,1.03
2025-09-24 00:50:32,2025-09-24,00:50:32,in,0.1,1310.8,0.0,19.9,6.087,63.3,0.24
2025-09-24 00:50:33,2025-09-24,00:50:33,out,1.0,19.9,100.0,19.9,19.911,75.0,1.19
2025-09-24 00:51:36,2025-09-24,00:51:36,in,0.07,1310.8,0.0,19.9,6.087,41.1,0.29
2025-09-24 00:51:36,2025-09-24,00:51:36,out,1.01,19.9,100.0,19.9,19.911,69.5,1.4
2025-09-24 00:52:39,2025-09-24,00:52:39,in,0.11,1310.8,0.0,20.0,6.129,41.1,0.21
2025-09-24 00:52:40,2025-09-24,00:52:40,out,0.99,19.9,100.0,19.9,19.911,62.9,1.34
2025-09-24 00:53:42,2025-09-24,00:53:42,in,0.04,1310.8,0.0,20.0,6.129,41.1,0.18
2025-09-24 00:53:44,2025-09-24,00:53:44,out,1.0,19.9,100.0,19.9,19.911,68.2,1.34
2025-09-24 00:54:46,2025-09-24,00:54:46,in,0.22,1310.8,0.0,20.0,6.129,124.2,0.26
2025-09-24 00:54:47,2025-09-24,00:54:47,out,1.02,19.9,100.0,19.9,19.911,58.2,1.33
2025-09-24 00:55:50,2025-09-24,00:55:50,in,1.21,1310.8,0.0,20.0,6.129,329.2,1.84
2025-09-24 00:55:50,2025-09-24,00:55:50,out,0.47,19.9,100.0,19.9,19.911,110.9,1.1
2025-09-24 00:56:53,2025-09-24,00:56:53,in,1.22,1310.8,0.0,20.0,6.129,341.0,1.65
2025-09-24 00:56:54,2025-09-24,00:56:54,out,1.57,19.9,100.0,19.9,19.911,84.9,1.66
2025-09-24 00:57:56,2025-09-24,00:57:56,in,1.39,1310.8,0.0,20.0,6.129,328.9,2.41
2025-09-24 00:57:58,2025-09-24,00:57:58,out,2.01,20.0,100.0,20.0,20.012,81.3,2.17
2025-09-24 00:59:00,2025-09-24,00:59:00,in,0.75,1310.8,0.0,20.0,6.129,332.1,2.0
2025-09-24 00:59:01,2025-09-24,00:59:01,out,1.36,20.0,100.0,20.0,20.012,69.6,2.49
2025-09-24 01:00:04,2025-09-24,01:00:04,in,0.89,1310.8,0.0,19.9,6.087,339.5,1.82
2025-09-24 01:00:04,2025-09-24,01:00:04,out,0.93,20.0,100.0,20.0,20.012,82.1,1.7
2025-09-24 01:01:07,2025-09-24,01:01:07,in,1.03,1310.8,0.0,20.0,6.129,331.9,1.62
2025-09-24 01:01:08,2025-09-24,01:01:08,out,0.59,20.0,100.0,20.0,20.012,114.2,1.08
2025-09-24 01:02:10,2025-09-24,01:02:10,in,0.23,1310.8,0.0,20.0,6.129,125.6,0.61
2025-09-24 01:02:12,2025-09-24,01:02:12,out,1.29,19.9,100.0,19.9,19.911,74.0,1.63
2025-09-24 01:03:14,2025-09-24,01:03:14,in,0.27,1310.8,0.0,20.0,6.129,123.4,0.47
2025-09-24 01:03:15,2025-09-24,01:03:15,out,0.96,19.9,100.0,19.9,19.911,91.9,1.34
2025-09-24 01:04:18,2025-09-24,01:04:18,in,0.94,1310.8,0.0,20.0,6.129,321.2,1.59
2025-09-24 01:04:18,2025-09-24,01:04:18,out,1.19,19.9,100.0,19.9,19.911,80.6,1.36
2025-09-24 01:05:21,2025-09-24,01:05:21,in,0.82,1310.8,0.0,20.0,6.129,327.7,1.65
2025-09-24 01:05:22,2025-09-24,01:05:22,out,1.25,19.9,100.0,19.9,19.911,73.6,1.69
2025-09-24 01:06:24,2025-09-24,01:06:24,in,0.65,1310.8,0.0,20.0,6.129,334.8,1.7
2025-09-24 01:06:26,2025-09-24,01:06:26,out,1.15,19.9,100.0,19.9,19.911,91.9,2.05
2025-09-24 01:07:28,2025-09-24,01:07:28,in,0.68,1310.8,0.0,19.9,6.087,320.6,1.86
2025-09-24 01:07:29,2025-09-24,01:07:29,out,1.07,19.8,100.0,19.8,19.81,91.9,1.51
2025-09-24 01:08:32,2025-09-24,01:08:32,in,0.85,1310.8,0.0,19.9,6.087,344.5,1.63
2025-09-24 01:08:32,2025-09-24,01:08:32,out,0.83,19.8,100.0,19.8,19.81,82.2,1.18
2025-09-24 01:09:35,2025-09-24,01:09:35,in,0.92,1310.8,0.0,19.9,6.087,338.0,1.52
2025-09-24 01:09:36,2025-09-24,01:09:36,out,1.02,19.8,100.0,19.8,19.81,87.4,1.26
2025-09-24 01:10:38,2025-09-24,01:10:38,in,0.33,1310.8,0.0,19.8,6.046,0.4,1.62
2025-09-24 01:10:40,2025-09-24,01:10:40,out,1.18,19.8,100.0,19.8,19.81,81.2,1.38
2025-09-24 01:11:42,2025-09-24,01:11:42,in,0.04,1310.8,0.0,19.9,6.087,125.0,0.26
2025-09-24 01:11:43,2025-09-24,01:11:43,out,0.83,19.8,100.0,19.8,19.81,74.5,1.36
2025-09-24 01:12:46,2025-09-24,01:12:46,in,0.08,1310.8,0.0,19.9,6.087,125.0,0.13
2025-09-24 01:12:46,2025-09-24,01:12:46,out,0.64,19.8,100.0,19.8,19.81,69.2,0.95
2025-09-24 01:13:50,2025-09-24,01:13:50,out,0.88,19.8,100.0,19.8,19.81,69.0,1.37
2025-09-24 01:14:18,2025-09-24,01:14:18,in,1.08,1310.8,0.0,19.9,6.087,325.5,1.94
2025-09-24 01:14:54,2025-09-24,01:14:54,out,0.82,19.8,100.0,19.8,19.81,81.5,1.0
2025-09-24 01:15:20,2025-09-24,01:15:20,in,1.03,1310.8,0.0,19.9,6.087,327.4,1.47
2025-09-24 01:15:57,2025-09-24,01:15:57,out,0.64,19.8,100.0,19.8,19.81,85.9,1.04
2025-09-24 01:16:24,2025-09-24,01:16:24,in,0.85,1310.8,0.0,19.9,6.087,329.0,1.76
2025-09-24 01:17:00,2025-09-24,01:17:00,out,0.89,19.7,100.0,19.7,19.709,72.9,1.37
2025-09-24 01:17:28,2025-09-24,01:17:28,in,0.78,1310.8,0.0,19.9,6.087,328.9,1.45
2025-09-24 01:18:04,2025-09-24,01:18:04,out,0.61,19.7,100.0,19.7,19.709,76.1,1.07
2025-09-24 01:18:31,2025-09-24,01:18:31,in,0.18,1310.8,0.0,19.8,6.046,55.4,1.38
2025-09-24 01:19:08,2025-09-24,01:19:08,out,0.44,19.7,100.0,19.7,19.709,54.6,1.07
2025-09-24 01:19:34,2025-09-24,01:19:34,in,0.11,1310.8,0.0,19.9,6.087,132.9,0.33
2025-09-24 01:20:11,2025-09-24,01:20:11,out,0.87,19.7,100.0,19.7,19.709,45.8,1.01
2025-09-24 01:20:38,2025-09-24,01:20:38,in,0.14,1310.8,0.0,19.9,6.087,338.2,0.28
2025-09-24 01:21:14,2025-09-24,01:21:14,out,0.91,19.7,100.0,19.7,19.709,53.9,1.05
2025-09-24 01:21:42,2025-09-24,01:21:42,in,0.24,1310.8,0.0,19.9,6.087,355.8,0.32
2025-09-24 01:22:18,2025-09-24,01:22:18,out,0.46,19.7,100.0,19.7,19.709,16.9,1.03
2025-09-24 01:22:45,2025-09-24,01:22:45,in,0.36,1310.8,0.0,19.9,6.087,6.6,0.42
2025-09-24 01:23:22,2025-09-24,01:23:22,out,0.66,19.7,100.0,19.7,19.709,44.0,0.97
2025-09-24 01:23:48,2025-09-24,01:23:48,in,0.32,1310.8,0.0,19.9,6.087,343.0,0.45
2025-09-24 01:24:25,2025-09-24,01:24:25,out,0.94,19.7,100.0,19.7,19.709,34.2,1.19
2025-09-24 01:24:52,2025-09-24,01:24:52,in,0.47,1310.8,0.0,19.8,6.046,347.4,0.5
2025-09-24 01:25:29,2025-09-24,01:25:29,out,1.21,19.6,100.0,19.6,19.609,41.9,1.39
2025-09-24 01:25:56,2025-09-24,01:25:56,in,0.3,1310.8,0.0,19.8,6.046,355.6,0.55
2025-09-24 01:26:32,2025-09-24,01:26:32,out,1.13,19.6,100.0,19.6,19.609,41.9,1.59
2025-09-24 01:26:59,2025-09-24,01:26:59,in,0.28,1310.8,0.0,19.8,6.046,16.3,0.42
2025-09-24 01:27:36,2025-09-24,01:27:36,out,0.89,19.6,100.0,19.6,19.609,38.1,1.57
2025-09-24 01:28:02,2025-09-24,01:28:02,in,0.3,1310.8,0.0,19.8,6.046,344.3,0.38
2025-09-24 01:28:39,2025-09-24,01:28:39,out,1.03,19.5,100.0,19.5,19.508,43.1,1.29
2025-09-24 01:29:06,2025-09-24,01:29:06,in,0.22,1310.8,0.0,19.8,6.046,339.6,0.49
2025-09-24 01:29:42,2025-09-24,01:29:42,out,1.06,19.5,100.0,19.5,19.508,44.1,1.39
2025-09-24 01:30:10,2025-09-24,01:30:10,in,0.26,1310.8,0.0,19.8,6.046,359.8,0.36
2025-09-24 01:30:46,2025-09-24,01:30:46,out,0.58,19.5,100.0,19.5,19.508,50.1,1.19
2025-09-24 01:31:13,2025-09-24,01:31:13,in,0.15,1310.8,0.0,19.8,6.046,339.3,0.29
2025-09-24 01:31:50,2025-09-24,01:31:50,out,0.86,19.5,100.0,19.5,19.508,56.7,1.09
2025-09-24 01:32:16,2025-09-24,01:32:16,in,1.74,,,1310.8,,19.8,0.0
2025-09-24 01:32:53,2025-09-24,01:32:53,out,0.87,19.4,100.0,19.4,19.407,66.7,1.08
2025-09-24 01:33:20,2025-09-24,01:33:20,in,1.34,1310.8,0.0,19.7,6.004,331.8,1.65
2025-09-24 01:33:56,2025-09-24,01:33:56,out,0.82,19.4,100.0,19.4,19.407,72.1,1.04
2025-09-24 01:34:24,2025-09-24,01:34:24,in,1.27,1310.8,0.0,19.7,6.004,318.4,2.29
2025-09-24 01:35:00,2025-09-24,01:35:00,out,0.77,19.4,100.0,19.4,19.407,67.9,1.07
2025-09-24 01:35:27,2025-09-24,01:35:27,in,0.17,1310.8,0.0,19.6,5.963,359.2,1.91
2025-09-24 01:36:04,2025-09-24,01:36:04,out,0.77,19.4,100.0,19.4,19.407,60.7,1.05
2025-09-24 01:36:30,2025-09-24,01:36:30,in,0.09,1310.8,0.0,19.7,6.004,359.5,0.26
2025-09-24 01:37:08,2025-09-24,01:37:08,out,0.66,19.4,100.0,19.4,19.407,63.4,0.97
2025-09-24 01:37:34,2025-09-24,01:37:34,in,0.15,1310.8,0.0,19.7,6.004,359.5,0.31
2025-09-24 01:38:11,2025-09-24,01:38:11,out,0.8,19.4,100.0,19.4,19.407,85.6,1.1
2025-09-24 01:38:38,2025-09-24,01:38:38,in,0.19,1310.8,0.0,19.7,6.004,111.0,0.33
2025-09-24 01:39:14,2025-09-24,01:39:14,out,0.64,19.3,100.0,19.3,19.307,88.4,1.15
2025-09-24 01:39:41,2025-09-24,01:39:41,in,0.18,1310.8,0.0,19.7,6.004,89.0,0.28
2025-09-24 01:40:18,2025-09-24,01:40:18,out,0.63,19.3,100.0,19.3,19.307,105.1,1.27
2025-09-24 01:40:44,2025-09-24,01:40:44,in,0.23,1310.8,0.0,19.7,6.004,141.0,0.31
2025-09-24 01:41:22,2025-09-24,01:41:22,out,0.64,19.3,100.0,19.3,19.307,95.6,1.03
2025-09-24 01:41:48,2025-09-24,01:41:48,in,0.24,1310.8,0.0,19.7,6.004,153.5,0.29
2025-09-24 01:42:25,2025-09-24,01:42:25,out,0.74,19.3,100.0,19.3,19.307,114.2,1.16
2025-09-24 01:42:52,2025-09-24,01:42:52,in,0.2,1310.8,0.0,19.8,6.046,157.6,0.38
2025-09-24 01:43:28,2025-09-24,01:43:28,out,1.25,19.3,100.0,19.3,19.307,110.9,1.6
2025-09-24 01:43:55,2025-09-24,01:43:55,in,0.16,1310.8,0.0,19.8,6.046,140.4,0.32
2025-09-24 01:44:32,2025-09-24,01:44:32,out,1.75,,,19.4,,19.4,10.0
2025-09-24 01:44:58,2025-09-24,01:44:58,in,1.41,1310.8,0.0,19.9,6.087,321.7,1.55
2025-09-24 01:45:36,2025-09-24,01:45:36,out,1.09,19.4,100.0,19.4,19.407,123.6,1.36
2025-09-24 01:46:02,2025-09-24,01:46:02,in,1.39,1310.8,0.0,19.9,6.087,324.5,2.42
2025-09-24 01:46:39,2025-09-24,01:46:39,out,1.24,19.4,100.0,19.4,19.407,118.2,1.74
2025-09-24 01:47:06,2025-09-24,01:47:06,in,1.11,1310.8,0.0,19.9,6.087,327.8,1.82
2025-09-24 01:47:42,2025-09-24,01:47:42,out,0.81,19.5,100.0,19.5,19.508,115.8,1.73
2025-09-24 01:48:09,2025-09-24,01:48:09,in,0.48,1310.8,0.0,19.9,6.087,341.2,1.89
2025-09-24 01:48:46,2025-09-24,01:48:46,out,1.38,19.5,100.0,19.5,19.508,103.2,1.52
2025-09-24 01:49:12,2025-09-24,01:49:12,in,0.16,1310.8,0.0,19.9,6.087,317.2,0.57
2025-09-24 01:49:50,2025-09-24,01:49:50,out,0.85,19.5,100.0,19.5,19.508,94.2,1.41
2025-09-24 01:50:16,2025-09-24,01:50:16,in,0.04,1310.8,0.0,19.9,6.087,317.2,0.19
2025-09-24 01:50:53,2025-09-24,01:50:53,out,0.88,19.6,100.0,19.5,19.508,104.3,1.61
2025-09-24 01:51:20,2025-09-24,01:51:20,in,0.07,1310.8,0.0,19.9,6.087,317.2,0.16
2025-09-24 01:51:56,2025-09-24,01:51:56,out,0.68,19.6,100.0,19.6,19.609,98.1,1.23
2025-09-24 01:52:23,2025-09-24,01:52:23,in,0.1,1310.8,0.0,19.9,6.087,317.2,0.21
2025-09-24 01:53:00,2025-09-24,01:53:00,out,0.54,19.6,100.0,19.6,19.609,67.1,1.17
2025-09-24 01:53:26,2025-09-24,01:53:26,in,0.03,1310.8,0.0,20.0,6.129,317.2,0.14
2025-09-24 01:54:04,2025-09-24,01:54:04,out,0.46,19.6,100.0,19.6,19.609,84.9,0.97
2025-09-24 01:54:30,2025-09-24,01:54:30,in,0.12,1310.8,0.0,20.0,6.129,317.2,0.17
2025-09-24 01:55:07,2025-09-24,01:55:07,out,0.69,19.5,100.0,19.6,19.609,67.2,0.87
2025-09-24 01:55:34,2025-09-24,01:55:34,in,0.22,1310.8,0.0,20.0,6.129,347.7,0.26
2025-09-24 01:56:10,2025-09-24,01:56:10,out,0.64,19.5,100.0,19.5,19.508,62.7,0.91
2025-09-24 01:56:38,2025-09-24,01:56:38,in,0.23,1310.8,0.0,20.0,6.129,341.8,0.32
2025-09-24 01:57:14,2025-09-24,01:57:14,out,0.73,19.5,100.0,19.5,19.508,62.3,0.89
2025-09-24 01:57:41,2025-09-24,01:57:41,in,0.25,1310.8,0.0,20.0,6.129,333.1,0.36
2025-09-24 01:58:18,2025-09-24,01:58:18,out,0.74,19.5,100.0,19.5,19.508,67.5,0.99
2025-09-24 01:58:44,2025-09-24,01:58:44,in,0.24,1310.8,0.0,20.0,6.129,330.6,0.51
2025-09-24 01:59:21,2025-09-24,01:59:21,out,0.54,19.5,100.0,19.5,19.508,65.1,0.78
2025-09-24 01:59:48,2025-09-24,01:59:48,in,0.29,1310.8,0.0,20.0,6.129,326.1,0.36
2025-09-24 02:00:24,2025-09-24,02:00:24,out,0.75,19.5,100.0,19.5,19.508,83.1,1.0
2025-09-24 02:00:52,2025-09-24,02:00:52,in,0.35,1310.8,0.0,20.0,6.129,343.1,0.4
2025-09-24 02:01:28,2025-09-24,02:01:28,out,1.09,19.5,100.0,19.5,19.508,79.7,1.22
2025-09-24 02:01:55,2025-09-24,02:01:55,in,0.3,1310.8,0.0,20.0,6.129,346.6,0.44
2025-09-24 02:02:32,2025-09-24,02:02:32,out,1.13,19.5,100.0,19.5,19.508,81.4,1.36
2025-09-24 02:02:58,2025-09-24,02:02:58,in,1.33,1310.8,0.0,20.0,6.129,329.0,2.09
2025-09-24 02:03:35,2025-09-24,02:03:35,out,0.75,19.5,100.0,19.5,19.508,68.8,1.3
2025-09-24 02:04:02,2025-09-24,02:04:02,in,0.94,1310.8,0.0,19.9,6.087,338.4,1.69
2025-09-24 02:04:38,2025-09-24,02:04:38,out,0.6,19.5,100.0,19.5,19.508,65.3,1.27
2025-09-24 02:05:06,2025-09-24,02:05:06,in,0.52,1310.8,0.0,19.8,6.046,343.9,2.04
2025-09-24 02:05:42,2025-09-24,02:05:42,out,0.33,19.5,100.0,19.5,19.508,52.0,0.91
2025-09-24 02:06:09,2025-09-24,02:06:09,in,0.26,1310.8,0.0,19.8,6.046,32.4,0.46
2025-09-24 02:06:46,2025-09-24,02:06:46,out,0.46,19.4,100.0,19.4,19.407,49.4,0.66
2025-09-24 02:07:12,2025-09-24,02:07:12,in,0.22,1310.8,0.0,19.8,6.046,354.2,0.33
2025-09-24 02:07:50,2025-09-24,02:07:50,out,0.13,19.4,100.0,19.4,19.407,18.6,0.52
2025-09-24 02:08:16,2025-09-24,02:08:16,in,0.25,1310.8,0.0,19.8,6.046,334.8,0.34
2025-09-24 02:08:52,2025-09-24,02:08:52,out,0.17,19.4,100.0,19.4,19.407,309.6,0.56
2025-09-24 02:09:20,2025-09-24,02:09:20,in,0.28,1310.8,0.0,19.9,6.087,329.2,0.35
2025-09-24 02:09:56,2025-09-24,02:09:56,out,0.42,19.4,100.0,19.4,19.407,17.9,0.55
2025-09-24 02:10:23,2025-09-24,02:10:23,in,0.38,1310.8,0.0,19.9,6.087,336.3,0.43
2025-09-24 02:11:00,2025-09-24,02:11:00,out,0.27,19.4,100.0,19.4,19.407,16.1,0.55
2025-09-24 02:11:26,2025-09-24,02:11:26,in,0.3,1310.8,0.0,19.9,6.087,323.8,0.42
2025-09-24 02:12:04,2025-09-24,02:12:04,out,0.33,19.4,100.0,19.4,19.407,350.7,0.42
2025-09-24 02:12:30,2025-09-24,02:12:30,in,0.32,1310.8,0.0,20.0,6.129,332.1,0.39
2025-09-24 02:13:06,2025-09-24,02:13:06,out,0.24,19.4,100.0,19.4,19.407,14.4,0.43
2025-09-24 02:13:34,2025-09-24,02:13:34,in,0.26,1310.8,0.0,20.0,6.129,342.5,0.42
2025-09-24 02:14:10,2025-09-24,02:14:10,out,0.41,19.4,100.0,19.4,19.407,30.9,0.54
2025-09-24 02:14:37,2025-09-24,02:14:37,in,0.29,1310.8,0.0,20.0,6.129,335.4,0.41
2025-09-24 02:15:14,2025-09-24,02:15:14,out,0.45,19.3,100.0,19.3,19.307,32.2,0.51
2025-09-24 02:15:40,2025-09-24,02:15:40,in,0.4,1310.8,0.0,20.0,6.129,332.5,0.5
2025-09-24 02:16:17,2025-09-24,02:16:17,out,0.5,19.3,100.0,19.3,19.307,17.5,0.57
2025-09-24 02:16:44,2025-09-24,02:16:44,in,0.51,1310.8,0.0,20.0,6.129,336.0,0.58
2025-09-24 02:17:20,2025-09-24,02:17:20,out,0.78,19.3,100.0,19.3,19.307,359.1,0.9
2025-09-24 02:17:48,2025-09-24,02:17:48,in,0.42,1310.8,0.0,19.9,6.087,328.0,0.63
2025-09-24 02:18:24,2025-09-24,02:18:24,out,0.5,19.3,100.0,19.3,19.307,355.4,0.95
2025-09-24 02:18:51,2025-09-24,02:18:51,in,0.39,1310.8,0.0,19.9,6.087,309.9,0.58
2025-09-24 02:19:28,2025-09-24,02:19:28,out,0.37,19.3,100.0,19.3,19.307,31.0,0.56
2025-09-24 02:19:54,2025-09-24,02:19:54,in,1.5,1310.8,0.0,19.8,6.046,319.2,2.44
2025-09-24 02:20:32,2025-09-24,02:20:32,out,0.2,19.3,100.0,19.3,19.307,330.8,0.48
2025-09-24 02:20:58,2025-09-24,02:20:58,in,1.25,1310.8,0.0,19.7,6.004,316.3,2.53
2025-09-24 02:21:35,2025-09-24,02:21:35,out,0.26,19.2,100.0,19.2,19.206,3.2,0.42
2025-09-24 02:22:02,2025-09-24,02:22:02,in,0.98,1310.8,0.0,19.6,5.963,317.1,2.15
2025-09-24 02:22:38,2025-09-24,02:22:38,out,0.24,19.2,100.0,19.2,19.206,51.7,0.48
2025-09-24 02:23:05,2025-09-24,02:23:05,in,0.27,1310.8,0.0,19.6,5.963,331.5,0.44
2025-09-24 02:23:42,2025-09-24,02:23:42,out,0.25,19.2,100.0,19.2,19.206,22.2,0.34
2025-09-24 02:24:09,2025-09-24,02:24:09,in,0.25,1310.8,0.0,19.6,5.963,356.9,0.33
2025-09-24 02:24:46,2025-09-24,02:24:46,out,0.31,19.2,100.0,19.2,19.206,6.5,0.39
2025-09-24 02:25:12,2025-09-24,02:25:12,in,0.27,1310.8,0.0,19.7,6.004,332.1,0.29
2025-09-24 02:25:49,2025-09-24,02:25:49,out,0.18,19.2,100.0,19.2,19.206,349.9,0.41
2025-09-24 02:26:16,2025-09-24,02:26:16,in,0.32,1310.8,0.0,19.7,6.004,344.9,0.34
2025-09-24 02:26:52,2025-09-24,02:26:52,out,0.25,19.2,100.0,19.2,19.206,332.0,0.46
2025-09-24 02:27:19,2025-09-24,02:27:19,in,0.26,1310.8,0.0,19.7,6.004,337.9,0.35
2025-09-24 02:27:56,2025-09-24,02:27:56,out,0.55,19.2,100.0,19.2,19.206,9.7,0.67
2025-09-24 02:28:22,2025-09-24,02:28:22,in,0.2,1310.8,0.0,19.7,6.004,1.7,0.36
2025-09-24 02:29:00,2025-09-24,02:29:00,out,0.44,19.1,100.0,19.1,19.105,28.9,0.64
2025-09-24 02:29:26,2025-09-24,02:29:26,in,0.16,1310.8,0.0,19.7,6.004,14.1,0.34
2025-09-24 02:30:03,2025-09-24,02:30:03,out,0.39,19.1,100.0,19.1,19.105,42.1,0.51
2025-09-24 02:30:30,2025-09-24,02:30:30,in,0.14,1310.8,0.0,19.7,6.004,343.9,0.25
2025-09-24 02:31:06,2025-09-24,02:31:06,out,0.69,19.1,100.0,19.1,19.105,71.7,0.85
2025-09-24 02:31:33,2025-09-24,02:31:33,in,0.25,1310.8,0.0,19.7,6.004,106.9,0.34
2025-09-24 02:32:10,2025-09-24,02:32:10,out,0.79,19.1,100.0,19.1,19.105,99.8,0.94
2025-09-24 02:32:37,2025-09-24,02:32:37,in,0.23,1310.8,0.0,19.7,6.004,123.5,0.35
2025-09-24 02:33:14,2025-09-24,02:33:14,out,0.75,19.1,100.0,19.1,19.105,109.7,1.06
2025-09-24 02:33:40,2025-09-24,02:33:40,in,0.26,1310.8,0.0,19.8,6.046,147.9,0.33
2025-09-24 02:34:17,2025-09-24,02:34:17,out,0.59,19.1,100.0,19.1,19.105,104.6,0.91
2025-09-24 02:34:44,2025-09-24,02:34:44,in,0.23,1310.8,0.0,19.8,6.046,107.8,0.39
2025-09-24 02:35:20,2025-09-24,02:35:20,out,0.51,19.1,100.0,19.1,19.105,111.4,0.7
2025-09-24 02:35:47,2025-09-24,02:35:47,in,0.19,1310.8,0.0,19.8,6.046,134.1,0.36
2025-09-24 02:36:24,2025-09-24,02:36:24,out,0.31,19.1,100.0,19.1,19.105,112.5,0.65
2025-09-24 02:36:51,2025-09-24,02:36:51,in,0.99,1310.8,0.0,19.8,6.046,313.8,1.59
2025-09-24 02:37:28,2025-09-24,02:37:28,out,0.42,19.1,100.0,19.1,19.105,120.0,0.56
2025-09-24 02:37:54,2025-09-24,02:37:54,in,1.31,1310.8,0.0,19.7,6.004,320.1,2.42
2025-09-24 02:38:31,2025-09-24,02:38:31,out,0.83,19.1,100.0,19.1,19.105,102.3,1.08
2025-09-24 02:38:58,2025-09-24,02:38:58,in,1.01,1310.8,0.0,19.6,5.963,316.8,2.27
2025-09-24 02:39:34,2025-09-24,02:39:34,out,0.66,19.1,100.0,19.1,19.105,92.2,1.03
2025-09-24 02:40:02,2025-09-24,02:40:02,in,0.23,1310.8,0.0,19.6,5.963,339.8,0.61
2025-09-24 02:40:38,2025-09-24,02:40:38,out,0.75,19.1,100.0,19.1,19.105,66.2,0.88
2025-09-24 02:41:05,2025-09-24,02:41:05,in,0.24,1310.8,0.0,19.6,5.963,6.5,0.31
2025-09-24 02:41:42,2025-09-24,02:41:42,out,0.7,19.2,100.0,19.2,19.206,79.7,0.99
2025-09-24 02:42:08,2025-09-24,02:42:08,in,0.23,1310.8,0.0,19.6,5.963,341.3,0.28
2025-09-24 02:42:45,2025-09-24,02:42:45,out,0.75,19.2,100.0,19.2,19.206,69.5,0.91
2025-09-24 02:43:12,2025-09-24,02:43:12,in,0.29,1310.8,0.0,19.6,5.963,344.2,0.37
2025-09-24 02:43:48,2025-09-24,02:43:48,out,0.38,19.2,100.0,19.2,19.206,30.2,0.87
2025-09-24 02:44:15,2025-09-24,02:44:15,in,0.44,1310.8,0.0,19.7,6.004,348.9,0.49
2025-09-24 02:44:52,2025-09-24,02:44:52,out,0.45,19.2,100.0,19.2,19.206,37.9,0.82
2025-09-24 02:45:19,2025-09-24,02:45:19,in,0.47,1310.8,0.0,19.6,5.963,354.5,0.54
2025-09-24 02:45:56,2025-09-24,02:45:56,out,0.5,19.2,100.0,19.2,19.206,59.9,0.76
2025-09-24 02:46:22,2025-09-24,02:46:22,in,0.38,1310.8,0.0,19.6,5.963,353.7,0.54
2025-09-24 02:46:59,2025-09-24,02:46:59,out,0.51,19.2,100.0,19.2,19.206,44.5,0.68
2025-09-24 02:47:26,2025-09-24,02:47:26,in,0.39,1310.8,0.0,19.6,5.963,349.9,0.47
2025-09-24 02:48:02,2025-09-24,02:48:02,out,0.75,19.2,100.0,19.2,19.206,32.5,0.83
2025-09-24 02:48:30,2025-09-24,02:48:30,in,0.34,1310.8,0.0,19.6,5.963,337.9,0.47
2025-09-24 02:49:06,2025-09-24,02:49:06,out,0.41,19.2,100.0,19.2,19.206,21.5,0.81
2025-09-24 02:49:33,2025-09-24,02:49:33,in,0.32,1310.8,0.0,19.6,5.963,342.2,0.45
2025-09-24 02:50:10,2025-09-24,02:50:10,out,0.55,19.2,100.0,19.2,19.206,25.9,0.87
2025-09-24 02:50:36,2025-09-24,02:50:36,in,0.37,1310.8,0.0,19.6,5.963,325.6,0.49
2025-09-24 02:51:13,2025-09-24,02:51:13,out,0.68,19.1,100.0,19.1,19.105,32.7,0.83
2025-09-24 02:51:40,2025-09-24,02:51:40,in,0.33,1310.8,0.0,19.6,5.963,316.1,0.47
2025-09-24 02:52:16,2025-09-24,02:52:16,out,0.58,19.1,100.0,19.1,19.105,348.7,0.89
2025-09-24 02:52:44,2025-09-24,02:52:44,in,0.41,1310.8,0.0,19.7,6.004,338.5,0.52
2025-09-24 02:53:20,2025-09-24,02:53:20,out,0.83,19.1,100.0,19.1,19.105,351.2,0.89
2025-09-24 02:53:47,2025-09-24,02:53:47,in,1.16,1310.8,0.0,19.6,5.963,315.3,1.96
2025-09-24 02:54:24,2025-09-24,02:54:24,out,1.04,19.1,100.0,19.1,19.105,357.3,1.1
2025-09-24 02:54:50,2025-09-24,02:54:50,in,1.24,1310.8,0.0,19.5,5.921,322.5,1.98
2025-09-24 02:55:27,2025-09-24,02:55:27,out,1.23,19.0,100.0,19.0,19.004,359.8,1.3
2025-09-24 02:55:54,2025-09-24,02:55:54,in,1.47,1310.8,0.0,19.4,5.879,318.5,1.99
2025-09-24 02:56:30,2025-09-24,02:56:30,out,1.06,19.0,100.0,19.0,19.004,358.8,1.32
2025-09-24 02:56:58,2025-09-24,02:56:58,in,0.4,1310.8,0.0,19.4,5.879,345.8,1.18
2025-09-24 02:57:34,2025-09-24,02:57:34,out,1.07,19.0,100.0,19.0,19.004,355.1,1.27
2025-09-24 02:58:01,2025-09-24,02:58:01,in,0.38,1310.8,0.0,19.4,5.879,4.5,0.5
2025-09-24 02:58:38,2025-09-24,02:58:38,out,0.67,19.0,100.0,19.0,19.004,357.8,1.1
2025-09-24 02:59:04,2025-09-24,02:59:04,in,0.33,1310.8,0.0,19.4,5.879,357.4,0.5
2025-09-24 02:59:41,2025-09-24,02:59:41,out,0.43,19.0,100.0,19.0,19.004,2.6,0.77
2025-09-24 03:00:08,2025-09-24,03:00:08,in,0.17,1310.8,0.0,19.4,5.879,14.2,0.31
2025-09-24 03:00:44,2025-09-24,03:00:44,out,0.56,19.0,100.0,19.0,19.004,59.1,0.77
2025-09-24 03:01:12,2025-09-24,03:01:12,in,0.03,1310.8,0.0,19.5,5.921,21.2,0.24
2025-09-24 03:01:48,2025-09-24,03:01:48,out,0.66,18.9,100.0,18.9,18.904,72.8,0.82
2025-09-24 03:02:15,2025-09-24,03:02:15,in,0.23,1310.8,0.0,19.5,5.921,127.5,0.34
2025-09-24 03:02:52,2025-09-24,03:02:52,out,0.79,18.9,100.0,18.9,18.904,93.5,0.97
2025-09-24 03:03:18,2025-09-24,03:03:18,in,0.38,1310.8,0.0,19.5,5.921,133.6,0.46
2025-09-24 03:03:55,2025-09-24,03:03:55,out,0.73,18.9,100.0,18.9,18.904,108.4,0.87
2025-09-24 03:04:22,2025-09-24,03:04:22,in,0.13,1310.8,0.0,19.5,5.921,122.7,0.42
2025-09-24 03:04:58,2025-09-24,03:04:58,out,0.56,18.9,100.0,18.9,18.904,112.8,0.9
2025-09-24 03:05:26,2025-09-24,03:05:26,in,0.3,1310.8,0.0,19.5,5.921,136.7,0.37
2025-09-24 03:06:02,2025-09-24,03:06:02,out,0.5,18.9,100.0,18.9,18.904,83.0,0.78
2025-09-24 03:06:29,2025-09-24,03:06:29,in,0.3,1310.8,0.0,19.6,5.963,108.8,0.41
2025-09-24 03:07:06,2025-09-24,03:07:06,out,0.59,18.9,100.0,18.9,18.904,60.7,0.89
2025-09-24 03:07:32,2025-09-24,03:07:32,in,0.15,1310.8,0.0,19.6,5.963,156.6,0.32
2025-09-24 03:08:09,2025-09-24,03:08:09,out,0.66,18.9,100.0,18.9,18.904,69.7,0.76
2025-09-24 03:08:36,2025-09-24,03:08:36,in,0.18,1310.8,0.0,19.6,5.963,340.5,0.32
2025-09-24 03:09:12,2025-09-24,03:09:12,out,0.41,18.9,100.0,18.9,18.904,78.1,0.76
2025-09-24 03:09:40,2025-09-24,03:09:40,in,0.17,1310.8,0.0,19.6,5.963,356.2,0.3
2025-09-24 03:10:16,2025-09-24,03:10:16,out,0.23,18.9,100.0,18.9,18.904,71.1,0.54
2025-09-24 03:10:43,2025-09-24,03:10:43,in,1.48,1310.8,0.0,19.6,5.963,321.9,2.3
2025-09-24 03:11:20,2025-09-24,03:11:20,out,0.35,18.9,100.0,18.9,18.904,68.8,0.49
2025-09-24 03:11:46,2025-09-24,03:11:46,in,1.55,1310.8,0.0,19.5,5.921,316.0,2.05
2025-09-24 03:12:23,2025-09-24,03:12:23,out,0.26,18.9,100.0,18.9,18.904,60.4,0.44
2025-09-24 03:12:50,2025-09-24,03:12:50,in,1.1,1310.8,0.0,19.4,5.879,334.9,2.2
2025-09-24 03:13:26,2025-09-24,03:13:26,out,0.43,18.9,100.0,18.9,18.904,47.8,0.53
2025-09-24 03:13:54,2025-09-24,03:13:54,in,0.28,1310.8,0.0,19.4,5.879,338.2,1.29
2025-09-24 03:14:30,2025-09-24,03:14:30,out,0.3,18.9,100.0,18.9,18.904,46.5,0.5
2025-09-24 03:14:57,2025-09-24,03:14:57,in,0.16,1310.8,0.0,19.4,5.879,9.0,0.36
2025-09-24 03:15:34,2025-09-24,03:15:34,out,0.4,18.9,100.0,18.9,18.904,48.0,0.49
2025-09-24 03:16:00,2025-09-24,03:16:00,in,0.28,1310.8,0.0,19.5,5.921,5.5,0.34
2025-09-24 03:16:37,2025-09-24,03:16:37,out,0.5,18.9,100.0,18.9,18.904,55.5,0.58
2025-09-24 03:17:04,2025-09-24,03:17:04,in,0.25,1310.8,0.0,19.5,5.921,8.1,0.36
2025-09-24 03:17:40,2025-09-24,03:17:40,out,0.48,18.9,100.0,18.9,18.904,43.6,0.63
2025-09-24 03:18:08,2025-09-24,03:18:08,in,0.33,1310.8,0.0,19.5,5.921,18.9,0.37
2025-09-24 03:18:44,2025-09-24,03:18:44,out,0.35,18.9,100.0,18.9,18.904,34.3,0.47
2025-09-24 03:19:11,2025-09-24,03:19:11,in,0.23,1310.8,0.0,19.5,5.921,343.1,0.39
2025-09-24 03:19:48,2025-09-24,03:19:48,out,0.7,18.9,100.0,18.9,18.904,31.4,0.77
2025-09-24 03:20:14,2025-09-24,03:20:14,in,0.32,1310.8,0.0,19.5,5.921,338.8,0.37
2025-09-24 03:20:51,2025-09-24,03:20:51,out,0.54,18.9,100.0,18.9,18.904,26.9,0.89
2025-09-24 03:21:18,2025-09-24,03:21:18,in,0.31,1310.8,0.0,19.5,5.921,332.1,0.37
2025-09-24 03:21:54,2025-09-24,03:21:54,out,0.71,18.9,100.0,18.9,18.904,35.7,1.0
2025-09-24 03:22:22,2025-09-24,03:22:22,in,0.25,1310.8,0.0,19.6,5.963,335.7,0.37
2025-09-24 03:22:58,2025-09-24,03:22:58,out,0.3,18.9,100.0,18.9,18.904,343.4,1.01
2025-09-24 03:23:25,2025-09-24,03:23:25,in,0.27,1310.8,0.0,19.5,5.921,7.6,0.35
2025-09-24 03:24:02,2025-09-24,03:24:02,out,0.74,18.9,100.0,18.9,18.904,54.0,0.97
2025-09-24 03:24:29,2025-09-24,03:24:29,in,0.21,1310.8,0.0,19.5,5.921,343.3,0.4
2025-09-24 03:25:05,2025-09-24,03:25:05,out,0.49,18.9,100.0,18.9,18.904,2.6,0.95
2025-09-24 03:25:32,2025-09-24,03:25:32,in,0.35,1310.8,0.0,19.5,5.921,357.7,0.37
2025-09-24 03:26:08,2025-09-24,03:26:08,out,0.81,18.9,100.0,18.9,18.904,60.9,0.92
2025-09-24 03:26:36,2025-09-24,03:26:36,in,0.27,1310.8,0.0,19.6,5.963,8.3,0.4
2025-09-24 03:27:12,2025-09-24,03:27:12,out,0.63,19.0,100.0,19.0,19.004,53.2,1.11
2025-09-24 03:27:40,2025-09-24,03:27:40,in,1.47,1310.8,0.0,19.5,5.921,322.4,1.92
2025-09-24 03:28:16,2025-09-24,03:28:16,out,1.0,19.0,100.0,19.0,19.004,53.8,1.05
2025-09-24 03:28:43,2025-09-24,03:28:43,in,1.41,1310.8,0.0,19.5,5.921,323.2,2.21
2025-09-24 03:29:19,2025-09-24,03:29:19,out,0.92,19.0,100.0,19.0,19.004,55.8,1.15
2025-09-24 03:29:46,2025-09-24,03:29:46,in,1.42,1310.8,0.0,19.4,5.879,322.3,2.08
2025-09-24 03:30:23,2025-09-24,03:30:23,out,0.52,19.0,100.0,19.0,19.004,38.4,1.12
2025-09-24 03:30:50,2025-09-24,03:30:50,in,0.38,1310.8,0.0,19.4,5.879,26.3,1.92
2025-09-24 03:31:26,2025-09-24,03:31:26,out,0.72,19.0,100.0,19.0,19.004,46.6,0.97
2025-09-24 03:31:54,2025-09-24,03:31:54,in,0.24,1310.8,0.0,19.4,5.879,353.4,0.36
2025-09-24 03:32:30,2025-09-24,03:32:30,out,0.72,19.0,100.0,19.0,19.004,38.6,1.12
2025-09-24 03:32:57,2025-09-24,03:32:57,in,0.19,1310.8,0.0,19.4,5.879,24.6,0.37
2025-09-24 03:33:34,2025-09-24,03:33:34,out,0.64,19.0,100.0,19.0,19.004,49.5,1.1
2025-09-24 03:34:00,2025-09-24,03:34:00,in,0.18,1310.8,0.0,19.5,5.921,344.8,0.32
2025-09-24 03:34:37,2025-09-24,03:34:37,out,0.8,19.0,100.0,19.0,19.004,65.2,1.0
2025-09-24 03:35:04,2025-09-24,03:35:04,in,0.07,1310.8,0.0,19.5,5.921,344.8,0.23
2025-09-24 03:35:40,2025-09-24,03:35:40,out,0.57,19.0,100.0,19.0,19.004,62.2,0.74
2025-09-24 03:36:08,2025-09-24,03:36:08,in,0.09,1310.8,0.0,19.5,5.921,344.8,0.12
2025-09-24 03:36:44,2025-09-24,03:36:44,out,0.75,19.0,100.0,19.0,19.004,72.0,0.87
2025-09-24 03:37:11,2025-09-24,03:37:11,in,0.31,1310.8,0.0,19.5,5.921,86.2,0.43
2025-09-24 03:37:47,2025-09-24,03:37:47,out,0.67,19.0,100.0,19.0,19.004,84.5,1.11
2025-09-24 03:38:14,2025-09-24,03:38:14,in,0.31,1310.8,0.0,19.5,5.921,113.6,0.42
2025-09-24 03:38:51,2025-09-24,03:38:51,out,0.93,19.0,100.0,19.0,19.004,105.2,1.15
2025-09-24 03:39:18,2025-09-24,03:39:18,in,0.25,1310.8,0.0,19.6,5.963,139.2,0.32
2025-09-24 03:39:54,2025-09-24,03:39:54,out,0.58,19.1,100.0,19.1,19.105,112.0,1.09
2025-09-24 03:40:22,2025-09-24,03:40:22,in,0.35,1310.8,0.0,19.6,5.963,161.3,0.39
2025-09-24 03:40:58,2025-09-24,03:40:58,out,0.94,19.1,100.0,19.1,19.105,127.6,1.21
2025-09-24 03:41:25,2025-09-24,03:41:25,in,0.34,1310.8,0.0,19.7,6.004,154.2,0.4
2025-09-24 03:42:02,2025-09-24,03:42:02,out,1.11,19.2,100.0,19.2,19.206,124.3,1.45
2025-09-24 03:42:28,2025-09-24,03:42:28,in,0.17,1310.8,0.0,19.7,6.004,168.2,0.38
2025-09-24 03:43:05,2025-09-24,03:43:05,out,0.76,19.3,100.0,19.3,19.307,127.8,1.41
2025-09-24 03:43:32,2025-09-24,03:43:32,in,0.19,1310.8,0.0,19.8,6.046,178.0,0.44
2025-09-24 03:44:08,2025-09-24,03:44:08,out,0.92,19.3,100.0,19.3,19.307,119.5,1.12
2025-09-24 03:44:36,2025-09-24,03:44:36,in,1.55,1310.8,0.0,19.9,6.087,324.5,2.13
2025-09-24 03:45:12,2025-09-24,03:45:12,out,0.9,19.4,100.0,19.4,19.407,132.7,1.15
2025-09-24 03:45:39,2025-09-24,03:45:39,in,1.24,1310.8,0.0,19.9,6.087,334.4,1.89
2025-09-24 03:46:16,2025-09-24,03:46:16,out,0.75,19.5,100.0,19.5,19.508,132.4,1.27
2025-09-24 03:46:42,2025-09-24,03:46:42,in,1.73,1310.8,0.0,19.9,6.087,324.9,2.26
2025-09-24 03:47:19,2025-09-24,03:47:19,out,0.37,19.5,100.0,19.5,19.508,121.0,1.03
2025-09-24 03:47:46,2025-09-24,03:47:46,in,0.19,1310.8,0.0,19.9,6.087,19.1,1.93
2025-09-24 03:48:22,2025-09-24,03:48:22,out,0.29,19.6,100.0,19.6,19.609,39.8,0.57
2025-09-24 03:48:50,2025-09-24,03:48:50,in,0.15,1310.8,0.0,19.9,6.087,356.1,0.28
2025-09-24 03:49:26,2025-09-24,03:49:26,out,0.21,19.6,100.0,19.6,19.609,13.2,0.76
2025-09-24 03:49:53,2025-09-24,03:49:53,in,0.15,1310.8,0.0,19.9,6.087,356.1,0.17
2025-09-24 03:50:30,2025-09-24,03:50:30,out,0.08,19.6,100.0,19.6,19.609,275.8,0.68
2025-09-24 03:50:56,2025-09-24,03:50:56,in,0.34,1310.8,0.0,19.9,6.087,308.8,0.4
2025-09-24 03:51:33,2025-09-24,03:51:33,out,0.38,19.5,100.0,19.5,19.508,313.6,0.5
2025-09-24 03:52:00,2025-09-24,03:52:00,in,0.38,1310.8,0.0,20.0,6.129,298.6,0.48
2025-09-24 03:52:36,2025-09-24,03:52:36,out,0.2,19.5,100.0,19.5,19.508,324.1,0.62
2025-09-24 03:53:04,2025-09-24,03:53:04,in,0.32,1310.8,0.0,20.0,6.129,352.0,0.63
2025-09-24 03:53:40,2025-09-24,03:53:40,out,0.52,19.5,100.0,19.5,19.508,318.6,0.63
2025-09-24 03:54:07,2025-09-24,03:54:07,in,0.38,1310.8,0.0,20.0,6.129,352.9,0.49
2025-09-24 03:54:44,2025-09-24,03:54:44,out,0.42,19.5,100.0,19.5,19.508,333.5,0.63
2025-09-24 03:55:10,2025-09-24,03:55:10,in,0.26,1310.8,0.0,20.0,6.129,6.9,0.37
2025-09-24 03:55:47,2025-09-24,03:55:47,out,0.43,19.5,100.0,19.5,19.508,356.7,0.54
2025-09-24 03:56:14,2025-09-24,03:56:14,in,0.22,1310.8,0.0,20.0,6.129,6.5,0.38
2025-09-24 03:56:50,2025-09-24,03:56:50,out,0.31,19.5,100.0,19.5,19.508,341.4,0.52
2025-09-24 03:57:18,2025-09-24,03:57:18,in,0.07,1310.8,0.0,20.0,6.129,4.4,0.32
2025-09-24 03:57:54,2025-09-24,03:57:54,out,0.12,19.5,100.0,19.5,19.508,34.1,0.37
2025-09-24 03:58:21,2025-09-24,03:58:21,in,0.26,1310.8,0.0,20.0,6.129,315.4,0.34
2025-09-24 03:58:58,2025-09-24,03:58:58,out,0.18,19.4,100.0,19.5,19.508,20.8,0.25
2025-09-24 03:59:24,2025-09-24,03:59:24,in,0.2,1310.8,0.0,20.0,6.129,337.5,0.29
2025-09-24 04:00:01,2025-09-24,04:00:01,out,0.34,19.4,100.0,19.4,19.407,338.5,0.41
2025-09-24 04:00:28,2025-09-24,04:00:28,in,0.28,1310.8,0.0,20.0,6.129,341.7,0.34
2025-09-24 04:01:04,2025-09-24,04:01:04,out,0.19,19.4,100.0,19.4,19.407,1.7,0.28
2025-09-24 04:01:32,2025-09-24,04:01:32,in,1.21,1310.8,0.0,20.0,6.129,324.1,1.74
2025-09-24 04:02:08,2025-09-24,04:02:08,out,0.25,19.4,100.0,19.4,19.407,40.2,0.61
2025-09-24 04:02:35,2025-09-24,04:02:35,in,1.03,1310.8,0.0,20.0,6.129,321.1,1.75
2025-09-24 04:03:12,2025-09-24,04:03:12,out,0.54,19.4,100.0,19.4,19.407,79.0,0.74
2025-09-24 04:03:39,2025-09-24,04:03:39,in,1.08,1310.8,0.0,20.0,6.129,323.5,2.06
2025-09-24 04:04:15,2025-09-24,04:04:15,out,0.74,19.4,100.0,19.4,19.407,68.4,1.01
2025-09-24 04:04:42,2025-09-24,04:04:42,in,0.23,1310.8,0.0,20.0,6.129,334.1,1.37
2025-09-24 04:05:18,2025-09-24,04:05:18,out,0.58,19.5,100.0,19.5,19.508,84.8,1.03
2025-09-24 04:05:46,2025-09-24,04:05:46,in,0.11,1310.8,0.0,20.0,6.129,332.7,0.18
2025-09-24 04:06:22,2025-09-24,04:06:22,out,0.54,19.5,100.0,19.5,19.508,88.6,0.78
2025-09-24 04:06:49,2025-09-24,04:06:49,in,0.22,1310.8,0.0,20.0,6.129,112.3,0.28
2025-09-24 04:07:26,2025-09-24,04:07:26,out,0.49,19.5,100.0,19.5,19.508,102.3,0.88
2025-09-24 04:07:52,2025-09-24,04:07:52,in,0.21,1310.8,0.0,20.0,6.129,123.1,0.36
2025-09-24 04:08:29,2025-09-24,04:08:29,out,0.49,19.5,100.0,19.5,19.508,105.3,0.77
2025-09-24 04:08:56,2025-09-24,04:08:56,in,0.19,1310.8,0.0,20.1,6.17,98.7,0.28
2025-09-24 04:09:32,2025-09-24,04:09:32,out,0.64,19.5,100.0,19.5,19.508,116.4,0.8
2025-09-24 04:10:00,2025-09-24,04:10:00,in,0.13,1310.8,0.0,20.1,6.17,118.7,0.32
2025-09-24 04:10:36,2025-09-24,04:10:36,out,0.34,19.6,100.0,19.6,19.609,84.3,0.72
2025-09-24 04:11:04,2025-09-24,04:11:04,in,0.15,1310.8,0.0,20.2,6.212,197.3,0.26
2025-09-24 04:11:40,2025-09-24,04:11:40,out,0.26,19.6,100.0,19.6,19.609,146.4,0.64
2025-09-24 04:12:06,2025-09-24,04:12:06,in,0.16,1310.8,0.0,20.2,6.212,153.7,0.32
2025-09-24 04:12:43,2025-09-24,04:12:43,out,0.93,19.6,100.0,19.6,19.609,108.2,1.15
2025-09-24 04:13:10,2025-09-24,04:13:10,in,0.07,1310.8,0.0,20.3,6.253,153.7,0.15
2025-09-24 04:13:46,2025-09-24,04:13:46,out,0.73,19.6,100.0,19.6,19.609,131.8,1.24
2025-09-24 04:14:14,2025-09-24,04:14:14,in,1.06,1310.8,0.0,20.3,6.253,335.6,2.37
2025-09-24 04:14:50,2025-09-24,04:14:50,out,1.1,19.7,100.0,19.7,19.709,126.1,1.31
2025-09-24 04:15:18,2025-09-24,04:15:18,in,1.51,1310.8,0.0,20.3,6.253,318.3,2.07
2025-09-24 04:15:54,2025-09-24,04:15:54,out,0.99,19.7,100.0,19.7,19.709,128.9,1.21
2025-09-24 04:16:20,2025-09-24,04:16:20,in,1.0,1310.8,0.0,20.3,6.253,319.2,2.1
2025-09-24 04:16:57,2025-09-24,04:16:57,out,0.87,19.7,100.0,19.7,19.709,136.4,1.12
2025-09-24 04:17:24,2025-09-24,04:17:24,in,0.87,1310.8,0.0,20.2,6.212,313.7,1.81
2025-09-24 04:18:00,2025-09-24,04:18:00,out,1.29,19.8,100.0,19.8,19.81,123.2,1.48
2025-09-24 04:18:28,2025-09-24,04:18:28,in,1.24,1310.8,0.0,20.2,6.212,314.2,1.92
2025-09-24 04:19:04,2025-09-24,04:19:04,out,0.92,19.8,100.0,19.8,19.81,112.8,1.76
2025-09-24 04:19:31,2025-09-24,04:19:31,in,0.9,1310.8,0.0,20.2,6.212,325.0,2.11
2025-09-24 04:20:08,2025-09-24,04:20:08,out,0.91,19.8,100.0,19.8,19.81,142.9,1.26
2025-09-24 04:20:34,2025-09-24,04:20:34,in,1.18,1310.8,0.0,20.2,6.212,327.5,2.1
2025-09-24 04:21:11,2025-09-24,04:21:11,out,0.67,19.8,100.0,19.8,19.81,136.1,1.09
2025-09-24 04:21:38,2025-09-24,04:21:38,in,1.14,1310.8,0.0,20.2,6.212,321.1,1.89
2025-09-24 04:22:14,2025-09-24,04:22:14,out,0.58,19.8,100.0,19.8,19.81,115.6,1.0
2025-09-24 04:22:42,2025-09-24,04:22:42,in,1.13,1310.8,0.0,20.2,6.212,325.4,2.2
2025-09-24 04:23:18,2025-09-24,04:23:18,out,0.72,19.8,100.0,19.8,19.81,115.3,0.8
2025-09-24 04:23:46,2025-09-24,04:23:46,in,1.11,1310.8,0.0,20.2,6.212,326.8,1.98
2025-09-24 04:24:22,2025-09-24,04:24:22,out,0.76,19.8,100.0,19.8,19.81,101.8,0.87
2025-09-24 04:24:49,2025-09-24,04:24:49,in,0.6,1310.8,0.0,20.2,6.212,331.9,1.79
2025-09-24 04:25:25,2025-09-24,04:25:25,out,0.55,19.8,100.0,19.8,19.81,101.2,1.02
2025-09-24 04:25:52,2025-09-24,04:25:52,in,0.71,1310.8,0.0,20.2,6.212,329.7,1.63
2025-09-24 04:26:28,2025-09-24,04:26:28,out,0.72,19.8,100.0,19.8,19.81,100.9,0.93
2025-09-24 04:26:56,2025-09-24,04:26:56,in,0.95,1310.8,0.0,20.1,6.17,323.2,1.39
2025-09-24 04:27:32,2025-09-24,04:27:32,out,0.67,19.8,100.0,19.8,19.81,124.5,0.88
2025-09-24 04:28:00,2025-09-24,04:28:00,in,0.41,1310.8,0.0,20.1,6.17,351.0,1.7
2025-09-24 04:28:36,2025-09-24,04:28:36,out,0.82,19.8,100.0,19.8,19.81,114.4,0.91
2025-09-24 04:29:02,2025-09-24,04:29:02,in,0.14,1310.8,0.0,20.1,6.17,349.2,0.47
2025-09-24 04:29:39,2025-09-24,04:29:39,out,0.79,19.8,100.0,19.8,19.81,113.8,1.21
2025-09-24 04:30:06,2025-09-24,04:30:06,in,0.16,1310.8,0.0,20.1,6.17,349.2,0.23
2025-09-24 04:30:42,2025-09-24,04:30:42,out,0.94,19.8,100.0,19.8,19.81,121.7,1.12
2025-09-24 04:31:10,2025-09-24,04:31:10,in,0.16,1310.8,0.0,20.2,6.212,113.1,0.28
2025-09-24 04:31:46,2025-09-24,04:31:46,out,0.43,19.8,100.0,19.8,19.81,131.0,1.13
2025-09-24 04:32:14,2025-09-24,04:32:14,in,0.21,1310.8,0.0,20.2,6.212,185.9,0.29
2025-09-24 04:32:50,2025-09-24,04:32:50,out,0.57,19.8,100.0,19.8,19.81,118.7,0.93
2025-09-24 04:33:16,2025-09-24,04:33:16,in,0.28,1310.8,0.0,20.2,6.212,185.4,0.34
2025-09-24 04:33:53,2025-09-24,04:33:53,out,0.46,19.8,100.0,19.8,19.81,138.6,0.77
2025-09-24 04:34:20,2025-09-24,04:34:20,in,0.15,1310.8,0.0,20.3,6.253,203.9,0.31
2025-09-24 04:35:24,2025-09-24,04:35:24,in,0.18,1310.8,0.0,20.3,6.253,125.3,0.31
2025-09-24 04:35:25,2025-09-24,04:35:25,out,0.72,19.8,100.0,19.8,19.81,123.4,0.88
2025-09-24 04:36:27,2025-09-24,04:36:27,out,0.9,19.7,100.0,19.7,19.709,120.9,1.14
2025-09-24 04:36:28,2025-09-24,04:36:28,in,0.23,1310.8,0.0,20.3,6.253,138.3,0.32
2025-09-24 04:37:30,2025-09-24,04:37:30,out,0.9,19.7,100.0,19.7,19.709,112.4,1.17
2025-09-24 04:37:31,2025-09-24,04:37:31,in,0.23,1310.8,0.0,20.3,6.253,139.5,0.29
2025-09-24 04:38:34,2025-09-24,04:38:34,in,0.17,1310.8,0.0,20.3,6.253,145.7,0.31
2025-09-24 04:38:34,2025-09-24,04:38:34,out,0.84,19.7,100.0,19.7,19.709,118.0,1.0
2025-09-24 04:39:38,2025-09-24,04:39:38,in,0.19,1310.8,0.0,20.2,6.212,137.1,0.25
2025-09-24 04:39:38,2025-09-24,04:39:38,out,0.78,19.7,100.0,19.7,19.709,129.7,0.92
2025-09-24 04:40:41,2025-09-24,04:40:41,out,0.96,19.7,100.0,19.7,19.709,127.2,1.18
2025-09-24 04:40:42,2025-09-24,04:40:42,in,0.2,1310.8,0.0,20.2,6.212,109.8,0.33
2025-09-24 04:41:44,2025-09-24,04:41:44,out,0.77,19.7,100.0,19.7,19.709,128.5,1.01
2025-09-24 04:41:45,2025-09-24,04:41:45,in,0.93,1310.8,0.0,20.2,6.212,324.5,2.66
2025-09-24 04:42:48,2025-09-24,04:42:48,in,1.05,1310.8,0.0,20.2,6.212,320.9,2.19
2025-09-24 04:42:48,2025-09-24,04:42:48,out,0.8,19.7,100.0,19.7,19.709,136.5,0.88
2025-09-24 04:43:52,2025-09-24,04:43:52,in,1.21,1310.8,0.0,20.1,6.17,328.3,1.81
2025-09-24 04:43:52,2025-09-24,04:43:52,out,0.92,19.7,100.0,19.7,19.709,122.7,1.15
2025-09-24 04:44:55,2025-09-24,04:44:55,out,0.65,19.7,100.0,19.7,19.709,131.8,1.04
2025-09-24 04:44:56,2025-09-24,04:44:56,in,0.38,1310.8,0.0,20.1,6.17,341.7,1.61
2025-09-24 04:45:59,2025-09-24,04:45:59,in,0.1,1310.8,0.0,20.1,6.17,344.9,0.35
2025-09-24 04:45:59,2025-09-24,04:45:59,out,0.68,19.7,100.0,19.7,19.709,130.5,1.04
2025-09-24 04:47:02,2025-09-24,04:47:02,in,0.18,1310.8,0.0,20.1,6.17,245.3,0.33
2025-09-24 04:47:02,2025-09-24,04:47:02,out,0.42,19.7,100.0,19.7,19.709,129.8,0.82
2025-09-24 04:48:06,2025-09-24,04:48:06,in,0.11,1310.8,0.0,20.1,6.17,305.1,0.25
2025-09-24 04:48:06,2025-09-24,04:48:06,out,0.45,19.7,100.0,19.6,19.609,105.7,0.59
2025-09-24 04:49:10,2025-09-24,04:49:10,in,0.01,1310.8,0.0,20.2,6.212,305.1,0.18
2025-09-24 04:49:10,2025-09-24,04:49:10,out,0.1,19.6,100.0,19.6,19.609,79.2,0.6
2025-09-24 04:50:13,2025-09-24,04:50:13,in,0.06,1310.8,0.0,20.2,6.212,305.1,0.16
2025-09-24 04:50:13,2025-09-24,04:50:13,out,0.07,19.6,100.0,19.6,19.609,79.2,0.15
2025-09-24 04:51:16,2025-09-24,04:51:16,in,0.07,1310.8,0.0,20.2,6.212,305.1,0.08
2025-09-24 04:51:16,2025-09-24,04:51:16,out,0.13,19.6,100.0,19.6,19.609,79.2,0.22
2025-09-24 04:52:20,2025-09-24,04:52:20,in,0.07,1310.8,0.0,20.2,6.212,305.1,0.12
2025-09-24 04:52:20,2025-09-24,04:52:20,out,0.22,,,19.6,,19.6,10.0
2025-09-24 04:53:24,2025-09-24,04:53:24,in,0.14,1310.8,0.0,20.2,6.212,305.1,0.23
2025-09-24 04:53:24,2025-09-24,04:53:24,out,0.3,19.5,100.0,19.5,19.508,339.9,0.35
2025-09-24 04:54:27,2025-09-24,04:54:27,in,0.12,1310.8,0.0,20.2,6.212,305.1,0.27
2025-09-24 04:54:27,2025-09-24,04:54:27,out,0.33,19.5,100.0,19.5,19.508,339.7,0.4
2025-09-24 04:55:30,2025-09-24,04:55:30,in,0.03,1310.8,0.0,20.2,6.212,18.7,0.23
2025-09-24 04:55:30,2025-09-24,04:55:30,out,0.26,19.5,100.0,19.5,19.508,336.5,0.37
2025-09-24 04:56:34,2025-09-24,04:56:34,in,0.03,1310.8,0.0,20.2,6.212,18.7,0.11
2025-09-24 04:56:34,2025-09-24,04:56:34,out,0.23,19.4,100.0,19.4,19.407,41.9,0.36
2025-09-24 04:57:38,2025-09-24,04:57:38,in,0.19,1310.8,0.0,20.3,6.253,116.3,0.25
2025-09-24 04:57:38,2025-09-24,04:57:38,out,0.14,19.4,100.0,19.4,19.407,95.3,0.27
2025-09-24 04:58:41,2025-09-24,04:58:41,in,0.09,1310.8,0.0,20.2,6.212,90.0,0.67
2025-09-24 04:58:41,2025-09-24,04:58:41,out,0.11,19.4,100.0,19.4,19.407,56.4,0.29
2025-09-24 04:59:44,2025-09-24,04:59:44,in,1.28,1310.8,0.0,20.0,6.129,321.1,1.84
2025-09-24 04:59:44,2025-09-24,04:59:44,out,0.1,19.4,100.0,19.4,19.407,56.4,0.2
2025-09-24 05:00:48,2025-09-24,05:00:48,in,1.2,1310.8,0.0,19.8,6.046,320.9,2.09
2025-09-24 05:00:48,2025-09-24,05:00:48,out,0.16,19.3,100.0,19.3,19.307,56.7,0.24
2025-09-24 05:01:52,2025-09-24,05:01:52,in,0.4,1310.8,0.0,19.6,5.963,339.8,2.06
2025-09-24 05:01:52,2025-09-24,05:01:52,out,0.27,19.3,100.0,19.3,19.307,52.0,0.35
2025-09-24 05:02:55,2025-09-24,05:02:55,in,0.26,1310.8,0.0,19.6,5.963,359.5,0.38
2025-09-24 05:02:55,2025-09-24,05:02:55,out,0.2,19.2,100.0,19.2,19.206,347.1,0.36
2025-09-24 05:03:58,2025-09-24,05:03:58,in,0.21,1310.8,0.0,19.6,5.963,341.7,0.29
2025-09-24 05:03:58,2025-09-24,05:03:58,out,0.43,19.2,100.0,19.2,19.206,30.8,0.58
2025-09-24 05:05:02,2025-09-24,05:05:02,in,0.19,1310.8,0.0,19.6,5.963,20.3,0.33
2025-09-24 05:05:02,2025-09-24,05:05:02,out,0.57,19.2,100.0,19.2,19.206,24.1,0.79
2025-09-24 05:06:06,2025-09-24,05:06:06,in,0.3,1310.8,0.0,19.6,5.963,344.1,0.41
2025-09-24 05:06:06,2025-09-24,05:06:06,out,0.61,19.1,100.0,19.1,19.105,36.8,0.82
2025-09-24 05:07:09,2025-09-24,05:07:09,in,0.41,1310.8,0.0,19.6,5.963,353.1,0.6
2025-09-24 05:07:09,2025-09-24,05:07:09,out,0.61,19.1,100.0,19.1,19.105,37.4,0.78
2025-09-24 05:08:12,2025-09-24,05:08:12,in,0.43,1310.8,0.0,19.6,5.963,5.0,0.56
2025-09-24 05:08:12,2025-09-24,05:08:12,out,0.26,19.1,100.0,19.1,19.105,43.1,0.7
2025-09-24 05:09:16,2025-09-24,05:09:16,in,0.37,1310.8,0.0,19.5,5.921,346.6,0.44
2025-09-24 05:09:16,2025-09-24,05:09:16,out,0.65,19.1,100.0,19.1,19.105,16.7,0.85
2025-09-24 05:10:20,2025-09-24,05:10:20,in,0.4,1310.8,0.0,19.5,5.921,336.1,0.49
2025-09-24 05:10:20,2025-09-24,05:10:20,out,0.42,19.1,100.0,19.1,19.105,10.6,0.68
2025-09-24 05:11:23,2025-09-24,05:11:23,in,0.46,1310.8,0.0,19.5,5.921,356.2,0.5
2025-09-24 05:11:23,2025-09-24,05:11:23,out,0.37,19.0,100.0,19.0,19.004,43.3,0.88
2025-09-24 05:12:26,2025-09-24,05:12:26,in,0.16,1310.8,0.0,19.4,5.879,330.4,0.5
2025-09-24 05:12:26,2025-09-24,05:12:26,out,0.48,19.0,100.0,19.0,19.004,355.3,0.69
2025-09-24 05:13:30,2025-09-24,05:13:30,in,0.21,1310.8,0.0,19.4,5.879,16.2,0.34
2025-09-24 05:13:30,2025-09-24,05:13:30,out,0.27,19.0,100.0,19.0,19.004,69.0,0.82
2025-09-24 05:14:34,2025-09-24,05:14:34,in,0.15,1310.8,0.0,19.5,5.921,28.5,0.39
2025-09-24 05:14:34,2025-09-24,05:14:34,out,0.71,19.0,100.0,19.0,19.004,34.3,0.88
2025-09-24 05:15:37,2025-09-24,05:15:37,in,0.14,1310.8,0.0,19.4,5.879,44.7,0.27
2025-09-24 05:15:37,2025-09-24,05:15:37,out,0.45,18.9,100.0,18.9,18.904,52.4,0.91
2025-09-24 05:16:40,2025-09-24,05:16:40,in,1.56,1310.8,0.0,19.4,5.879,320.3,2.02
2025-09-24 05:16:40,2025-09-24,05:16:40,out,0.91,18.9,100.0,18.9,18.904,48.5,1.38
2025-09-24 05:17:44,2025-09-24,05:17:44,in,1.34,1310.8,0.0,19.2,5.796,319.3,2.31
2025-09-24 05:17:44,2025-09-24,05:17:44,out,1.0,18.9,100.0,18.9,18.904,49.7,1.5
2025-09-24 05:18:48,2025-09-24,05:18:48,in,0.67,1310.8,0.0,19.1,5.755,339.1,2.06
2025-09-24 05:18:48,2025-09-24,05:18:48,out,1.3,18.9,100.0,18.9,18.904,40.3,1.4
2025-09-24 05:19:51,2025-09-24,05:19:51,in,0.15,1310.8,0.0,19.1,5.755,23.3,0.61
2025-09-24 05:19:51,2025-09-24,05:19:51,out,1.1,18.8,100.0,18.8,18.803,39.7,1.57
2025-09-24 05:20:54,2025-09-24,05:20:54,in,0.19,1310.8,0.0,19.1,5.755,315.3,0.32
2025-09-24 05:20:54,2025-09-24,05:20:54,out,1.13,18.8,100.0,18.8,18.803,50.9,1.61
2025-09-24 05:21:58,2025-09-24,05:21:58,in,0.27,1310.8,0.0,19.2,5.796,3.1,0.33
2025-09-24 05:21:58,2025-09-24,05:21:58,out,1.34,18.8,100.0,18.8,18.803,51.8,1.58
2025-09-24 05:23:02,2025-09-24,05:23:02,in,0.25,1310.8,0.0,19.2,5.796,7.0,0.32
2025-09-24 05:23:02,2025-09-24,05:23:02,out,1.11,18.8,100.0,18.8,18.803,46.9,1.39
2025-09-24 05:24:05,2025-09-24,05:24:05,in,0.33,1310.8,0.0,19.2,5.796,20.4,0.36
2025-09-24 05:24:05,2025-09-24,05:24:05,out,0.79,18.8,100.0,18.8,18.803,50.4,1.25
2025-09-24 05:25:08,2025-09-24,05:25:08,in,0.26,1310.8,0.0,19.2,5.796,23.7,0.44
2025-09-24 05:25:09,2025-09-24,05:25:09,out,0.79,18.8,100.0,18.8,18.803,42.0,1.49
2025-09-24 05:26:12,2025-09-24,05:26:12,in,0.25,1310.8,0.0,19.2,5.796,43.0,0.44
2025-09-24 05:26:12,2025-09-24,05:26:12,out,1.11,18.7,100.0,18.7,18.702,51.1,1.31
2025-09-24 05:27:16,2025-09-24,05:27:16,in,0.23,1310.8,0.0,19.1,5.755,26.1,0.35
2025-09-24 05:27:16,2025-09-24,05:27:16,out,1.68,18.7,100.0,18.7,18.702,55.2,1.8
2025-09-24 05:28:19,2025-09-24,05:28:19,in,0.13,1310.8,0.0,19.1,5.755,85.0,0.43
2025-09-24 05:28:19,2025-09-24,05:28:19,out,0.83,18.7,100.0,18.7,18.702,62.3,1.97
2025-09-24 05:29:22,2025-09-24,05:29:22,in,0.14,1310.8,0.0,19.1,5.755,76.1,0.39
2025-09-24 05:29:22,2025-09-24,05:29:22,out,0.89,18.6,100.0,18.6,18.602,57.8,1.51
2025-09-24 05:30:26,2025-09-24,05:30:26,in,0.12,1310.8,0.0,19.1,5.755,77.5,0.28
2025-09-24 05:30:26,2025-09-24,05:30:26,out,1.02,18.6,100.0,18.6,18.602,64.1,1.29
2025-09-24 05:31:30,2025-09-24,05:31:30,in,0.19,1310.8,0.0,19.1,5.755,1.7,0.28
2025-09-24 05:31:30,2025-09-24,05:31:30,out,1.54,18.6,100.0,18.6,18.602,62.3,1.95
2025-09-24 05:32:33,2025-09-24,05:32:33,in,0.12,1310.8,0.0,19.1,5.755,17.1,0.41
2025-09-24 05:32:33,2025-09-24,05:32:33,out,1.13,18.6,100.0,18.6,18.602,52.3,1.84
2025-09-24 05:33:36,2025-09-24,05:33:36,in,1.16,1310.8,0.0,19.1,5.755,326.5,1.81
2025-09-24 05:33:36,2025-09-24,05:33:36,out,1.11,18.6,100.0,18.6,18.602,75.8,1.86
2025-09-24 05:34:40,2025-09-24,05:34:40,in,1.01,1310.8,0.0,19.0,5.713,331.6,2.02
2025-09-24 05:34:40,2025-09-24,05:34:40,out,1.39,18.6,100.0,18.6,18.602,70.2,1.97
2025-09-24 05:35:44,2025-09-24,05:35:44,in,0.83,1310.8,0.0,18.9,5.672,309.2,1.86
2025-09-24 05:35:44,2025-09-24,05:35:44,out,1.65,18.6,100.0,18.6,18.602,67.7,1.81
2025-09-24 05:36:47,2025-09-24,05:36:47,in,0.21,1310.8,0.0,18.9,5.672,33.4,0.72
2025-09-24 05:36:47,2025-09-24,05:36:47,out,1.5,18.7,100.0,18.7,18.702,65.7,1.84
2025-09-24 05:37:50,2025-09-24,05:37:50,in,0.21,1310.8,0.0,19.0,5.713,42.2,0.39
2025-09-24 05:37:50,2025-09-24,05:37:50,out,1.3,18.7,100.0,18.7,18.702,70.6,1.58
2025-09-24 05:38:54,2025-09-24,05:38:54,in,0.26,1310.8,0.0,19.0,5.713,8.7,0.39
2025-09-24 05:38:54,2025-09-24,05:38:54,out,1.07,18.7,100.0,18.7,18.702,62.9,1.51
2025-09-24 05:39:58,2025-09-24,05:39:58,in,0.27,1310.8,0.0,19.0,5.713,351.9,0.37
2025-09-24 05:39:58,2025-09-24,05:39:58,out,1.21,18.7,100.0,18.7,18.702,61.6,1.53
2025-09-24 05:41:01,2025-09-24,05:41:01,in,0.34,1310.8,0.0,19.0,5.713,352.3,0.45
2025-09-24 05:41:01,2025-09-24,05:41:01,out,1.52,18.7,100.0,18.7,18.702,50.7,1.65
2025-09-24 05:42:04,2025-09-24,05:42:04,in,0.42,1310.8,0.0,19.0,5.713,343.2,0.49
2025-09-24 05:42:04,2025-09-24,05:42:04,out,1.27,18.7,100.0,18.7,18.702,49.4,1.61
2025-09-24 05:43:08,2025-09-24,05:43:08,in,0.47,1310.8,0.0,19.0,5.713,349.2,0.54
2025-09-24 05:43:08,2025-09-24,05:43:08,out,1.14,18.7,100.0,18.7,18.702,40.1,1.5
2025-09-24 05:44:12,2025-09-24,05:44:12,in,0.42,1310.8,0.0,19.1,5.755,340.3,0.52
2025-09-24 05:44:12,2025-09-24,05:44:12,out,0.96,18.8,100.0,18.8,18.803,21.4,1.8
2025-09-24 05:45:15,2025-09-24,05:45:15,in,0.42,1310.8,0.0,19.1,5.755,332.3,0.6
2025-09-24 05:45:15,2025-09-24,05:45:15,out,0.42,18.8,100.0,18.8,18.803,16.6,1.63
2025-09-24 05:46:18,2025-09-24,05:46:18,in,0.47,1310.8,0.0,19.2,5.796,332.2,0.57
2025-09-24 05:46:18,2025-09-24,05:46:18,out,0.57,18.7,100.0,18.7,18.702,1.5,1.13
2025-09-24 05:47:22,2025-09-24,05:47:22,in,0.47,1310.8,0.0,19.2,5.796,338.3,0.63
2025-09-24 05:47:22,2025-09-24,05:47:22,out,0.76,18.7,100.0,18.7,18.702,1.5,1.17
2025-09-24 05:48:26,2025-09-24,05:48:26,in,0.55,1310.8,0.0,19.1,5.755,342.6,0.62
2025-09-24 05:48:26,2025-09-24,05:48:26,out,0.73,18.7,100.0,18.7,18.702,8.2,1.06
2025-09-24 05:49:29,2025-09-24,05:49:29,in,0.28,1310.8,0.0,19.1,5.755,358.3,0.73
2025-09-24 05:49:29,2025-09-24,05:49:29,out,0.71,18.7,100.0,18.7,18.702,35.9,0.92
2025-09-24 05:50:32,2025-09-24,05:50:32,in,2.22,,,1310.8,,19.1,0.0
2025-09-24 05:50:33,2025-09-24,05:50:33,out,1.14,18.7,100.0,18.7,18.702,42.8,1.37
2025-09-24 05:51:36,2025-09-24,05:51:36,in,1.25,1310.8,0.0,19.0,5.713,328.3,2.41
2025-09-24 05:51:36,2025-09-24,05:51:36,out,1.39,18.7,100.0,18.7,18.702,51.1,1.51
2025-09-24 05:52:40,2025-09-24,05:52:40,in,1.31,1310.8,0.0,19.0,5.713,323.0,2.17
2025-09-24 05:52:40,2025-09-24,05:52:40,out,1.02,18.6,100.0,18.6,18.602,55.1,1.5
2025-09-24 05:53:43,2025-09-24,05:53:43,in,0.14,1310.8,0.0,19.0,5.713,41.2,0.8
2025-09-24 05:53:44,2025-09-24,05:53:44,out,0.9,18.6,100.0,18.6,18.602,59.7,1.39
2025-09-24 05:54:46,2025-09-24,05:54:46,in,0.22,1310.8,0.0,19.0,5.713,40.4,0.26
2025-09-24 05:54:47,2025-09-24,05:54:47,out,1.14,18.6,100.0,18.6,18.602,62.2,1.64
2025-09-24 05:55:50,2025-09-24,05:55:50,in,0.08,1310.8,0.0,19.0,5.713,38.0,0.3
2025-09-24 05:55:50,2025-09-24,05:55:50,out,1.48,18.6,100.0,18.6,18.602,62.2,1.75
2025-09-24 05:56:54,2025-09-24,05:56:54,in,0.21,1310.8,0.0,19.0,5.713,11.7,0.26
2025-09-24 05:56:54,2025-09-24,05:56:54,out,1.15,18.6,100.0,18.6,18.602,61.4,1.82
2025-09-24 05:57:57,2025-09-24,05:57:57,in,0.17,1310.8,0.0,19.0,5.713,40.2,0.28
2025-09-24 05:57:58,2025-09-24,05:57:58,out,1.42,18.7,100.0,18.7,18.702,60.4,1.7
2025-09-24 05:59:00,2025-09-24,05:59:00,in,0.23,1310.8,0.0,19.0,5.713,42.5,0.33
2025-09-24 05:59:01,2025-09-24,05:59:01,out,1.4,18.7,100.0,18.7,18.702,56.0,1.84
2025-09-24 06:00:04,2025-09-24,06:00:04,in,0.21,1310.8,0.0,19.0,5.713,23.4,0.35
2025-09-24 06:00:04,2025-09-24,06:00:04,out,1.41,18.7,100.0,18.7,18.702,58.4,1.67
2025-09-24 06:01:08,2025-09-24,06:01:08,in,0.25,1310.8,0.0,19.1,5.755,11.7,0.43
2025-09-24 06:01:08,2025-09-24,06:01:08,out,1.27,18.7,100.0,18.7,18.702,68.1,1.59
2025-09-24 06:02:11,2025-09-24,06:02:11,in,0.2,1310.8,0.0,19.1,5.755,14.1,0.33
2025-09-24 06:02:12,2025-09-24,06:02:12,out,1.6,18.7,100.0,18.7,18.702,68.9,1.81
2025-09-24 06:03:14,2025-09-24,06:03:14,in,0.26,1310.8,0.0,19.1,5.755,4.9,0.31
2025-09-24 06:03:15,2025-09-24,06:03:15,out,1.49,18.7,100.0,18.7,18.702,59.1,1.66
2025-09-24 06:04:18,2025-09-24,06:04:18,in,0.31,1310.8,0.0,19.1,5.755,4.7,0.49
2025-09-24 06:04:18,2025-09-24,06:04:18,out,1.11,18.8,100.0,18.8,18.803,63.5,1.8
2025-09-24 06:05:22,2025-09-24,06:05:22,in,0.25,1310.8,0.0,19.1,5.755,13.7,0.47
2025-09-24 06:05:22,2025-09-24,06:05:22,out,1.21,18.8,100.0,18.8,18.803,48.5,1.52
2025-09-24 06:06:25,2025-09-24,06:06:25,in,0.26,1310.8,0.0,19.1,5.755,3.5,0.38
2025-09-24 06:06:26,2025-09-24,06:06:26,out,1.27,18.8,100.0,18.8,18.803,65.8,1.76
2025-09-24 06:07:28,2025-09-24,06:07:28,in,1.31,1310.8,0.0,19.2,5.796,325.5,2.36
2025-09-24 06:07:29,2025-09-24,06:07:29,out,1.35,18.8,100.0,18.8,18.803,55.9,1.5
2025-09-24 06:08:32,2025-09-24,06:08:32,in,1.33,1310.8,0.0,19.2,5.796,331.3,2.45
2025-09-24 06:08:32,2025-09-24,06:08:32,out,0.99,18.8,100.0,18.8,18.803,50.6,1.76
2025-09-24 06:09:36,2025-09-24,06:09:36,in,1.18,1310.8,0.0,19.2,5.796,326.5,2.03
2025-09-24 06:09:36,2025-09-24,06:09:36,out,1.65,,,18.8,,18.8,10.0
2025-09-24 06:10:39,2025-09-24,06:10:39,in,0.36,1310.8,0.0,19.2,5.796,1.2,2.24
2025-09-24 06:10:40,2025-09-24,06:10:40,out,1.5,18.8,100.0,18.8,18.803,57.4,1.64
2025-09-24 06:11:42,2025-09-24,06:11:42,in,0.31,1310.8,0.0,19.2,5.796,10.6,0.55
2025-09-24 06:11:43,2025-09-24,06:11:43,out,1.09,18.8,100.0,18.8,18.803,38.5,1.73
2025-09-24 06:12:46,2025-09-24,06:12:46,in,0.37,1310.8,0.0,19.2,5.796,21.5,0.45
2025-09-24 06:12:46,2025-09-24,06:12:46,out,1.26,18.8,100.0,18.8,18.803,55.8,1.57
2025-09-24 06:13:50,2025-09-24,06:13:50,in,0.33,1310.8,0.0,19.2,5.796,12.5,0.39
2025-09-24 06:13:50,2025-09-24,06:13:50,out,1.31,18.9,100.0,18.9,18.904,47.0,2.06
2025-09-24 06:14:53,2025-09-24,06:14:53,in,0.27,1310.8,0.0,19.2,5.796,36.5,0.36
2025-09-24 06:14:54,2025-09-24,06:14:54,out,1.07,18.9,100.0,18.9,18.904,58.1,2.1
2025-09-24 06:15:56,2025-09-24,06:15:56,in,0.2,1310.8,0.0,19.2,5.796,48.0,0.42
2025-09-24 06:15:57,2025-09-24,06:15:57,out,1.59,18.9,100.0,18.9,18.904,50.8,1.95
2025-09-24 06:17:00,2025-09-24,06:17:00,in,0.36,1310.8,0.0,19.2,5.796,7.0,0.42
2025-09-24 06:17:00,2025-09-24,06:17:00,out,1.47,18.9,100.0,18.9,18.904,53.6,1.66
2025-09-24 06:18:04,2025-09-24,06:18:04,in,0.35,1310.8,0.0,19.2,5.796,20.2,0.46
2025-09-24 06:18:04,2025-09-24,06:18:04,out,1.61,18.9,100.0,18.9,18.904,52.2,2.05
2025-09-24 06:19:07,2025-09-24,06:19:07,in,0.24,1310.8,0.0,19.2,5.796,24.5,0.44
2025-09-24 06:19:08,2025-09-24,06:19:08,out,1.27,18.9,100.0,18.9,18.904,58.8,1.84
2025-09-24 06:20:10,2025-09-24,06:20:10,in,0.2,1310.8,0.0,19.2,5.796,56.8,0.37
2025-09-24 06:20:11,2025-09-24,06:20:11,out,1.25,18.9,100.0,18.9,18.904,55.5,1.69
2025-09-24 06:21:14,2025-09-24,06:21:14,in,0.09,1310.8,0.0,19.2,5.796,58.8,0.42
2025-09-24 06:21:14,2025-09-24,06:21:14,out,1.7,18.9,100.0,18.9,18.904,62.9,1.86
2025-09-24 06:22:18,2025-09-24,06:22:18,in,0.03,1310.8,0.0,19.2,5.796,58.8,0.16
2025-09-24 06:22:18,2025-09-24,06:22:18,out,1.48,18.9,100.0,18.9,18.904,62.1,1.87
2025-09-24 06:23:21,2025-09-24,06:23:21,in,0.07,1310.8,0.0,19.2,5.796,58.8,0.18
2025-09-24 06:23:22,2025-09-24,06:23:22,out,1.49,18.9,100.0,18.9,18.904,69.5,1.92
2025-09-24 06:24:24,2025-09-24,06:24:24,in,1.46,1310.8,0.0,19.3,5.838,320.5,2.2
2025-09-24 06:24:25,2025-09-24,06:24:25,out,1.57,18.9,100.0,18.9,18.904,61.8,1.96
2025-09-24 06:25:28,2025-09-24,06:25:28,in,1.56,1310.8,0.0,19.3,5.838,316.7,2.2
2025-09-24 06:25:29,2025-09-24,06:25:29,out,1.96,18.9,100.0,18.9,18.904,66.6,2.35
2025-09-24 06:26:32,2025-09-24,06:26:32,in,1.39,1310.8,0.0,19.3,5.838,322.0,1.94
2025-09-24 06:26:32,2025-09-24,06:26:32,out,1.24,18.9,100.0,18.9,18.904,65.9,2.45
2025-09-24 06:27:35,2025-09-24,06:27:35,in,0.13,1310.8,0.0,19.3,5.838,42.0,1.26
2025-09-24 06:27:36,2025-09-24,06:27:36,out,1.04,18.9,100.0,18.9,18.904,51.9,1.81
2025-09-24 06:28:38,2025-09-24,06:28:38,in,0.26,1310.8,0.0,19.3,5.838,40.6,0.37
2025-09-24 06:28:39,2025-09-24,06:28:39,out,1.41,18.9,100.0,18.9,18.904,65.6,2.13
2025-09-24 06:29:42,2025-09-24,06:29:42,in,0.12,1310.8,0.0,19.3,5.838,46.3,0.29
2025-09-24 06:29:42,2025-09-24,06:29:42,out,0.96,18.9,100.0,18.9,18.904,51.8,1.5
2025-09-24 06:30:46,2025-09-24,06:30:46,in,0.08,1310.8,0.0,19.3,5.838,46.3,0.26
2025-09-24 06:30:46,2025-09-24,06:30:46,out,1.09,18.9,100.0,18.9,18.904,73.4,1.25
2025-09-24 06:31:49,2025-09-24,06:31:49,in,0.19,1310.8,0.0,19.3,5.838,46.3,0.24
2025-09-24 06:31:50,2025-09-24,06:31:50,out,0.47,19.0,100.0,19.0,19.004,80.9,1.32
2025-09-24 06:32:52,2025-09-24,06:32:52,in,0.2,1310.8,0.0,19.3,5.838,328.6,0.23
2025-09-24 06:32:53,2025-09-24,06:32:53,out,1.24,19.0,100.0,19.0,19.004,56.2,1.57
2025-09-24 06:33:56,2025-09-24,06:33:56,in,0.21,1310.8,0.0,19.4,5.879,329.3,0.31
2025-09-24 06:33:56,2025-09-24,06:33:56,out,1.1,19.0,100.0,19.0,19.004,56.6,1.31
2025-09-24 06:35:00,2025-09-24,06:35:00,in,0.15,1310.8,0.0,19.4,5.879,326.6,0.25
2025-09-24 06:35:00,2025-09-24,06:35:00,out,0.74,19.0,100.0,19.0,19.004,53.8,1.17
2025-09-24 06:36:03,2025-09-24,06:36:03,in,0.26,1310.8,0.0,19.4,5.879,356.0,0.37
2025-09-24 06:36:04,2025-09-24,06:36:04,out,0.7,19.0,100.0,19.0,19.004,49.6,1.27
2025-09-24 06:37:06,2025-09-24,06:37:06,in,0.22,1310.8,0.0,19.5,5.921,350.1,0.32
2025-09-24 06:37:07,2025-09-24,06:37:07,out,0.91,19.0,100.0,19.1,19.105,46.3,1.15
2025-09-24 06:38:10,2025-09-24,06:38:10,in,0.18,1310.8,0.0,19.5,5.921,326.7,0.35
2025-09-24 06:38:10,2025-09-24,06:38:10,out,0.98,19.1,100.0,19.1,19.105,38.8,1.23
2025-09-24 06:39:14,2025-09-24,06:39:14,in,0.21,1310.8,0.0,19.5,5.921,355.6,0.32
2025-09-24 06:39:14,2025-09-24,06:39:14,out,0.96,19.1,100.0,19.1,19.105,44.9,1.39
2025-09-24 06:40:17,2025-09-24,06:40:17,in,0.19,1310.8,0.0,19.5,5.921,326.3,0.38
2025-09-24 06:40:18,2025-09-24,06:40:18,out,0.93,19.1,100.0,19.1,19.105,51.6,1.23
2025-09-24 06:41:20,2025-09-24,06:41:20,in,1.16,1310.8,0.0,19.5,5.921,315.3,2.22
2025-09-24 06:41:21,2025-09-24,06:41:21,out,0.79,19.1,100.0,19.1,19.105,63.5,1.11
2025-09-24 06:42:24,2025-09-24,06:42:24,in,1.04,1310.8,0.0,19.6,5.963,332.3,1.71
2025-09-24 06:42:24,2025-09-24,06:42:24,out,0.74,19.1,100.0,19.1,19.105,61.5,1.16
2025-09-24 06:43:28,2025-09-24,06:43:28,in,1.35,1310.8,0.0,19.5,5.921,324.7,2.21
2025-09-24 06:43:28,2025-09-24,06:43:28,out,0.57,19.1,100.0,19.1,19.105,75.6,0.92
2025-09-24 06:44:31,2025-09-24,06:44:31,in,0.19,1310.8,0.0,19.6,5.963,342.8,2.16
2025-09-24 06:44:32,2025-09-24,06:44:32,out,0.76,19.1,100.0,19.1,19.105,68.7,1.03
2025-09-24 06:45:34,2025-09-24,06:45:34,in,0.12,1310.8,0.0,19.6,5.963,308.4,0.22
2025-09-24 06:45:35,2025-09-24,06:45:35,out,0.57,19.1,100.0,19.1,19.105,46.2,1.32
2025-09-24 06:46:38,2025-09-24,06:46:38,in,0.13,1310.8,0.0,19.6,5.963,308.4,0.23
2025-09-24 06:46:38,2025-09-24,06:46:38,out,0.37,19.1,100.0,19.1,19.105,68.5,0.86
2025-09-24 06:47:42,2025-09-24,06:47:42,in,0.15,1310.8,0.0,19.6,5.963,308.4,0.21
2025-09-24 06:47:42,2025-09-24,06:47:42,out,0.41,19.1,100.0,19.1,19.105,42.4,0.7
2025-09-24 06:48:45,2025-09-24,06:48:45,in,0.1,1310.8,0.0,19.6,5.963,308.4,0.16
2025-09-24 06:48:46,2025-09-24,06:48:46,out,0.39,19.1,100.0,19.1,19.105,67.2,0.55
2025-09-24 06:49:48,2025-09-24,06:49:48,in,0.1,1310.8,0.0,19.6,5.963,308.4,0.14
2025-09-24 06:49:49,2025-09-24,06:49:49,out,0.54,19.1,100.0,19.1,19.105,67.7,0.82
2025-09-24 06:50:52,2025-09-24,06:50:52,in,0.18,1310.8,0.0,19.6,5.963,335.1,0.24
2025-09-24 06:50:52,2025-09-24,06:50:52,out,0.67,19.1,100.0,19.0,19.004,59.1,0.79
2025-09-24 06:51:56,2025-09-24,06:51:56,in,0.28,1310.8,0.0,19.6,5.963,344.1,0.32
2025-09-24 06:51:56,2025-09-24,06:51:56,out,0.6,19.0,100.0,19.1,19.105,51.6,0.78
2025-09-24 06:52:59,2025-09-24,06:52:59,in,0.32,1310.8,0.0,19.7,6.004,353.7,0.35
2025-09-24 06:53:00,2025-09-24,06:53:00,out,0.63,19.0,100.0,19.0,19.004,43.1,0.8
2025-09-24 06:54:02,2025-09-24,06:54:02,in,0.36,1310.8,0.0,19.7,6.004,354.0,0.45
2025-09-24 06:54:03,2025-09-24,06:54:03,out,0.66,19.0,100.0,19.0,19.004,53.7,0.9
2025-09-24 06:55:06,2025-09-24,06:55:06,in,0.3,1310.8,0.0,19.7,6.004,354.7,0.43
2025-09-24 06:55:06,2025-09-24,06:55:06,out,0.57,19.0,100.0,19.0,19.004,37.2,0.86
2025-09-24 06:56:10,2025-09-24,06:56:10,in,0.22,1310.8,0.0,19.7,6.004,351.4,0.4
2025-09-24 06:56:10,2025-09-24,06:56:10,out,0.78,19.1,100.0,19.0,19.004,45.6,1.12
2025-09-24 06:57:13,2025-09-24,06:57:13,in,0.09,1310.8,0.0,19.7,6.004,0.3,0.26
2025-09-24 06:57:14,2025-09-24,06:57:14,out,0.92,19.1,100.0,19.1,19.105,61.2,1.09
2025-09-24 06:58:16,2025-09-24,06:58:16,in,1.42,1310.8,0.0,19.8,6.046,330.1,2.45
2025-09-24 06:58:18,2025-09-24,06:58:18,out,0.87,19.0,100.0,19.0,19.004,53.7,0.96
2025-09-24 06:59:20,2025-09-24,06:59:20,in,1.5,1310.8,0.0,19.7,6.004,323.3,2.01
2025-09-24 06:59:21,2025-09-24,06:59:21,out,0.69,19.0,100.0,19.0,19.004,63.3,1.14
2025-09-24 07:00:24,2025-09-24,07:00:24,in,1.11,1310.8,0.0,19.6,5.963,333.7,1.83
2025-09-24 07:00:24,2025-09-24,07:00:24,out,0.69,19.0,100.0,19.0,19.004,69.3,1.11
2025-09-24 07:01:27,2025-09-24,07:01:27,in,0.21,1310.8,0.0,19.6,5.963,43.0,1.81
2025-09-24 07:01:28,2025-09-24,07:01:28,out,0.7,19.0,100.0,19.0,19.004,47.5,1.16
2025-09-24 07:02:30,2025-09-24,07:02:30,in,0.22,1310.8,0.0,19.6,5.963,17.4,0.38
2025-09-24 07:02:32,2025-09-24,07:02:32,out,0.84,19.0,100.0,19.0,19.004,51.5,1.0
2025-09-24 07:03:34,2025-09-24,07:03:34,in,0.33,1310.8,0.0,19.6,5.963,14.4,0.46
2025-09-24 07:03:35,2025-09-24,07:03:35,out,0.92,19.0,100.0,19.0,19.004,43.7,1.11
2025-09-24 07:04:38,2025-09-24,07:04:38,in,0.32,1310.8,0.0,19.6,5.963,333.8,0.54
2025-09-24 07:04:38,2025-09-24,07:04:38,out,0.97,19.0,100.0,19.0,19.004,48.9,1.06
2025-09-24 07:05:41,2025-09-24,07:05:41,in,0.3,1310.8,0.0,19.7,6.004,357.6,0.44
2025-09-24 07:05:42,2025-09-24,07:05:42,out,1.16,19.0,100.0,19.0,19.004,42.9,1.35
2025-09-24 07:06:44,2025-09-24,07:06:44,in,0.36,1310.8,0.0,19.7,6.004,350.2,0.42
2025-09-24 07:06:46,2025-09-24,07:06:46,out,0.96,19.0,100.0,19.0,19.004,36.5,1.25
2025-09-24 07:07:48,2025-09-24,07:07:48,in,0.44,,,1310.8,,19.7,0.0
2025-09-24 07:07:50,2025-09-24,07:07:50,out,1.4,,,18.9,,18.9,10.0
2025-09-24 07:08:52,2025-09-24,07:08:52,in,0.24,1310.8,0.0,19.7,6.004,353.6,0.41
2025-09-24 07:08:52,2025-09-24,07:08:52,out,0.96,18.9,100.0,18.9,18.904,51.0,1.24
2025-09-24 07:09:55,2025-09-24,07:09:55,in,0.33,1310.8,0.0,19.8,6.046,359.5,0.43
2025-09-24 07:09:56,2025-09-24,07:09:56,out,0.86,18.9,100.0,18.9,18.904,57.0,1.36
2025-09-24 07:10:58,2025-09-24,07:10:58,in,0.22,1310.8,0.0,19.8,6.046,347.0,0.43
2025-09-24 07:11:00,2025-09-24,07:11:00,out,0.89,18.9,100.0,18.9,18.904,48.0,1.13
2025-09-24 07:12:02,2025-09-24,07:12:02,in,0.23,1310.8,0.0,19.8,6.046,1.6,0.36
2025-09-24 07:12:03,2025-09-24,07:12:03,out,0.67,18.9,100.0,18.9,18.904,44.8,0.99
2025-09-24 07:13:06,2025-09-24,07:13:06,in,0.26,1310.8,0.0,19.8,6.046,9.2,0.38
2025-09-24 07:13:06,2025-09-24,07:13:06,out,0.49,18.9,100.0,18.9,18.904,48.9,1.12
2025-09-24 07:14:10,2025-09-24,07:14:10,out,0.48,18.8,100.0,18.8,18.803,60.3,0.83
2025-09-24 07:14:38,2025-09-24,07:14:38,in,0.29,1310.8,0.0,19.8,6.046,17.9,0.42
2025-09-24 07:15:14,2025-09-24,07:15:14,out,0.71,18.9,100.0,18.8,18.803,50.2,0.88
2025-09-24 07:15:40,2025-09-24,07:15:40,in,0.95,1310.8,0.0,19.7,6.004,333.7,1.84
2025-09-24 07:16:17,2025-09-24,07:16:17,out,0.9,18.9,100.0,18.9,18.904,58.0,1.09
2025-09-24 07:16:44,2025-09-24,07:16:44,in,1.19,1310.8,0.0,19.6,5.963,326.3,2.08
2025-09-24 07:17:20,2025-09-24,07:17:20,out,1.01,18.9,100.0,18.9,18.904,61.2,1.46
2025-09-24 07:17:47,2025-09-24,07:17:47,in,0.66,1310.8,0.0,19.6,5.963,354.3,1.83
2025-09-24 07:18:24,2025-09-24,07:18:24,out,0.91,18.9,100.0,18.9,18.904,53.9,1.35
2025-09-24 07:18:50,2025-09-24,07:18:50,in,0.25,1310.8,0.0,19.6,5.963,17.0,0.68
2025-09-24 07:19:28,2025-09-24,07:19:28,out,0.64,18.9,100.0,18.9,18.904,55.3,1.12
2025-09-24 07:19:54,2025-09-24,07:19:54,in,0.4,1310.8,0.0,19.6,5.963,337.3,0.45
2025-09-24 07:20:31,2025-09-24,07:20:31,out,0.53,18.9,100.0,18.9,18.904,53.7,0.91
2025-09-24 07:20:58,2025-09-24,07:20:58,in,0.32,1310.8,0.0,19.7,6.004,352.6,0.47
2025-09-24 07:21:34,2025-09-24,07:21:34,out,0.47,18.9,100.0,18.9,18.904,49.9,0.91
2025-09-24 07:22:01,2025-09-24,07:22:01,in,0.41,1310.8,0.0,19.7,6.004,333.8,0.49
2025-09-24 07:22:38,2025-09-24,07:22:38,out,0.42,19.0,100.0,19.0,19.004,35.7,0.95
2025-09-24 07:23:04,2025-09-24,07:23:04,in,0.51,1310.8,0.0,19.7,6.004,335.8,0.62
2025-09-24 07:23:42,2025-09-24,07:23:42,out,1.07,19.0,100.0,19.0,19.004,32.5,1.19
2025-09-24 07:24:08,2025-09-24,07:24:08,in,0.51,1310.8,0.0,19.6,5.963,338.1,0.65
2025-09-24 07:24:45,2025-09-24,07:24:45,out,0.84,19.0,100.0,19.0,19.004,4.6,1.14
2025-09-24 07:25:12,2025-09-24,07:25:12,in,0.44,1310.8,0.0,19.6,5.963,345.4,0.58
2025-09-24 07:25:49,2025-09-24,07:25:49,out,0.81,19.0,100.0,19.0,19.004,26.2,1.18
2025-09-24 07:26:15,2025-09-24,07:26:15,in,0.29,1310.8,0.0,19.6,5.963,342.2,0.51
2025-09-24 07:26:52,2025-09-24,07:26:52,out,1.15,19.0,100.0,19.0,19.004,46.6,1.28
2025-09-24 07:27:18,2025-09-24,07:27:18,in,0.39,1310.8,0.0,19.6,5.963,333.4,0.54
2025-09-24 07:27:56,2025-09-24,07:27:56,out,0.49,19.1,100.0,19.1,19.105,5.3,1.4
2025-09-24 07:28:22,2025-09-24,07:28:22,in,0.27,1310.8,0.0,19.6,5.963,334.4,0.53
2025-09-24 07:28:59,2025-09-24,07:28:59,out,0.63,19.1,100.0,19.1,19.105,30.9,0.87
2025-09-24 07:29:26,2025-09-24,07:29:26,in,0.3,1310.8,0.0,19.6,5.963,335.2,0.48
2025-09-24 07:30:02,2025-09-24,07:30:02,out,0.65,19.1,100.0,19.1,19.105,44.0,1.17
2025-09-24 07:30:29,2025-09-24,07:30:29,in,0.29,1310.8,0.0,19.7,6.004,335.5,0.45
2025-09-24 07:31:06,2025-09-24,07:31:06,out,0.54,19.1,100.0,19.1,19.105,357.5,1.44
2025-09-24 07:31:32,2025-09-24,07:31:32,in,0.3,1310.8,0.0,19.7,6.004,349.2,0.39
2025-09-24 07:32:10,2025-09-24,07:32:10,out,1.1,19.1,100.0,19.1,19.105,47.4,1.48
2025-09-24 07:32:36,2025-09-24,07:32:36,in,0.66,1310.8,0.0,19.7,6.004,324.0,2.6
2025-09-24 07:33:13,2025-09-24,07:33:13,out,0.93,19.2,100.0,19.2,19.206,60.2,1.34
2025-09-24 07:33:40,2025-09-24,07:33:40,in,1.01,,,1310.8,,325.1,1.44
2025-09-24 07:34:16,2025-09-24,07:34:16,out,1.16,19.2,100.0,19.2,19.206,63.9,1.32
2025-09-24 07:34:43,2025-09-24,07:34:43,in,1.14,1310.8,0.0,19.7,6.004,316.4,1.71
2025-09-24 07:35:20,2025-09-24,07:35:20,out,0.78,19.3,100.0,19.3,19.307,65.6,1.44
2025-09-24 07:35:46,2025-09-24,07:35:46,in,0.11,1310.8,0.0,19.7,6.004,19.4,1.06
2025-09-24 07:36:24,2025-09-24,07:36:24,out,0.73,19.3,100.0,19.3,19.307,71.6,1.46
2025-09-24 07:36:50,2025-09-24,07:36:50,in,0.1,1310.8,0.0,19.8,6.046,121.1,0.27
2025-09-24 07:37:27,2025-09-24,07:37:27,out,0.68,19.4,100.0,19.4,19.407,94.8,1.3
2025-09-24 07:37:54,2025-09-24,07:37:54,in,0.06,1310.8,0.0,19.8,6.046,158.9,0.25
2025-09-24 07:38:30,2025-09-24,07:38:30,out,0.87,19.4,100.0,19.4,19.407,70.5,1.1
2025-09-24 07:38:57,2025-09-24,07:38:57,in,0.07,1310.8,0.0,19.8,6.046,145.0,0.32
2025-09-24 07:39:34,2025-09-24,07:39:34,out,0.47,19.5,100.0,19.5,19.508,84.2,1.09
2025-09-24 07:40:00,2025-09-24,07:40:00,in,1.02,1310.8,0.0,20.0,6.129,336.5,1.98
2025-09-24 07:40:38,2025-09-24,07:40:38,out,0.37,19.5,100.0,19.5,19.508,60.5,0.83
2025-09-24 07:41:04,2025-09-24,07:41:04,in,1.22,1310.8,0.0,20.1,6.17,326.9,1.77
2025-09-24 07:41:41,2025-09-24,07:41:41,out,0.58,19.6,100.0,19.6,19.609,83.7,1.23
2025-09-24 07:42:08,2025-09-24,07:42:08,in,0.68,1310.8,0.0,20.1,6.17,334.0,2.46
2025-09-24 07:42:44,2025-09-24,07:42:44,out,0.95,19.7,100.0,19.7,19.709,67.7,1.01
2025-09-24 07:43:11,2025-09-24,07:43:11,in,1.18,1310.8,0.0,20.2,6.212,326.9,1.95
2025-09-24 07:43:48,2025-09-24,07:43:48,out,0.82,19.8,100.0,19.8,19.81,84.1,1.47
2025-09-24 07:44:15,2025-09-24,07:44:15,in,1.03,1310.8,0.0,20.3,6.253,329.1,2.04
2025-09-24 07:44:52,2025-09-24,07:44:52,out,0.83,19.8,100.0,19.8,19.81,74.7,1.26
2025-09-24 07:45:18,2025-09-24,07:45:18,in,0.64,1310.8,0.0,20.4,6.295,332.1,2.03
2025-09-24 07:45:55,2025-09-24,07:45:55,out,0.89,19.9,100.0,19.9,19.911,82.4,1.03
2025-09-24 07:46:22,2025-09-24,07:46:22,in,0.43,1310.8,0.0,20.4,6.295,334.0,1.18
2025-09-24 07:46:58,2025-09-24,07:46:58,out,0.69,20.0,100.0,20.0,20.012,84.7,1.25
2025-09-24 07:47:25,2025-09-24,07:47:25,in,0.76,1310.8,0.0,20.5,6.337,327.6,1.61
2025-09-24 07:48:02,2025-09-24,07:48:02,out,0.7,20.1,100.0,20.1,20.112,82.0,1.32
2025-09-24 07:48:28,2025-09-24,07:48:28,in,1.01,1310.8,0.0,20.6,6.378,329.6,2.3
2025-09-24 07:49:06,2025-09-24,07:49:06,out,0.31,20.2,100.0,20.2,20.213,100.3,1.01
2025-09-24 07:49:32,2025-09-24,07:49:32,in,0.83,1310.8,0.0,20.8,6.461,313.9,1.72
2025-09-24 07:50:09,2025-09-24,07:50:09,out,0.64,20.3,100.0,20.3,20.314,103.8,1.19
2025-09-24 07:50:36,2025-09-24,07:50:36,in,0.82,1310.8,0.0,20.9,6.503,328.7,1.66
2025-09-24 07:51:12,2025-09-24,07:51:12,out,0.82,20.4,100.0,20.4,20.414,92.7,1.13
2025-09-24 07:51:39,2025-09-24,07:51:39,in,1.66,1310.8,0.0,21.0,6.544,321.0,2.29
2025-09-24 07:52:16,2025-09-24,07:52:16,out,1.28,20.5,100.0,20.5,20.515,88.7,1.72
2025-09-24 07:52:42,2025-09-24,07:52:42,in,1.3,1310.8,0.0,21.2,6.627,320.2,2.19
2025-09-24 07:53:20,2025-09-24,07:53:20,out,1.29,20.6,100.0,20.6,20.616,152.1,1.85
2025-09-24 07:53:46,2025-09-24,07:53:46,in,1.5,1310.8,0.0,21.3,6.669,325.0,2.38
2025-09-24 07:54:23,2025-09-24,07:54:23,out,0.81,20.7,100.0,20.7,20.717,118.9,1.51
2025-09-24 07:54:50,2025-09-24,07:54:50,in,1.71,1310.8,0.0,21.4,6.71,323.5,2.46
2025-09-24 07:55:26,2025-09-24,07:55:26,out,1.36,20.8,100.0,20.8,20.817,73.9,1.71
2025-09-24 07:55:54,2025-09-24,07:55:54,in,1.48,1310.8,0.0,21.5,6.752,322.5,2.36
2025-09-24 07:56:30,2025-09-24,07:56:30,out,1.63,20.9,100.0,20.9,20.918,73.1,1.93
2025-09-24 07:56:57,2025-09-24,07:56:57,in,1.61,1310.8,0.0,21.6,6.793,312.9,2.2
2025-09-24 07:57:34,2025-09-24,07:57:34,out,1.47,21.0,100.0,21.0,21.019,99.0,1.82
2025-09-24 07:58:00,2025-09-24,07:58:00,in,2.0,1310.8,0.0,21.7,6.835,318.9,2.59
2025-09-24 07:58:38,2025-09-24,07:58:38,out,1.19,21.1,100.0,21.0,21.019,113.2,1.88
2025-09-24 07:59:04,2025-09-24,07:59:04,in,1.57,1310.8,0.0,21.9,6.918,320.7,2.49
2025-09-24 07:59:41,2025-09-24,07:59:41,out,1.46,21.1,100.0,21.1,21.119,107.3,2.02
2025-09-24 08:00:08,2025-09-24,08:00:08,in,1.45,1310.8,0.0,22.0,6.959,325.0,1.96
2025-09-24 08:00:44,2025-09-24,08:00:44,out,1.01,21.2,100.0,21.2,21.22,82.7,1.6
2025-09-24 08:01:11,2025-09-24,08:01:11,in,1.35,1310.8,0.0,22.0,6.959,322.6,2.06
2025-09-24 08:01:48,2025-09-24,08:01:48,out,1.14,21.3,100.0,21.3,21.321,120.4,1.77
2025-09-24 08:02:14,2025-09-24,08:02:14,in,1.23,1310.8,0.0,22.2,7.042,329.4,2.22
2025-09-24 08:02:52,2025-09-24,08:02:52,out,0.68,21.4,100.0,21.4,21.422,113.1,1.14
2025-09-24 08:03:18,2025-09-24,08:03:18,in,1.47,1310.8,0.0,22.2,7.042,323.7,2.18
2025-09-24 08:03:55,2025-09-24,08:03:55,out,1.3,21.5,100.0,21.5,21.522,108.8,1.48
2025-09-24 08:04:22,2025-09-24,08:04:22,in,0.77,1310.8,0.0,22.3,7.084,318.1,2.5
2025-09-24 08:04:58,2025-09-24,08:04:58,out,1.13,21.6,100.0,21.6,21.623,112.3,2.23
2025-09-24 08:05:25,2025-09-24,08:05:25,in,1.15,1310.8,0.0,22.4,7.125,310.7,1.65
2025-09-24 08:06:02,2025-09-24,08:06:02,out,0.35,21.7,100.0,21.7,21.724,132.2,1.42
2025-09-24 08:06:28,2025-09-24,08:06:28,in,2.51,,,1310.8,,22.5,0.0
2025-09-24 08:07:06,2025-09-24,08:07:06,out,1.76,,,21.8,,21.8,10.0
2025-09-24 08:07:32,2025-09-24,08:07:32,in,1.25,1310.8,0.0,22.6,7.209,320.4,2.12
2025-09-24 08:08:09,2025-09-24,08:08:09,out,1.11,21.9,100.0,21.9,21.925,105.8,1.8
2025-09-24 08:08:36,2025-09-24,08:08:36,in,1.57,1310.8,0.0,22.7,7.25,326.0,2.58
2025-09-24 08:09:12,2025-09-24,08:09:12,out,1.44,21.9,100.0,21.9,21.925,111.2,2.04
2025-09-24 08:09:39,2025-09-24,08:09:39,in,1.26,1310.8,0.0,22.8,7.292,335.5,1.85
2025-09-24 08:10:16,2025-09-24,08:10:16,out,1.61,22.0,100.0,22.0,22.026,111.4,1.77
2025-09-24 08:10:42,2025-09-24,08:10:42,in,1.65,1310.8,0.0,22.9,7.333,344.3,1.94
2025-09-24 08:11:20,2025-09-24,08:11:20,out,0.8,22.1,100.0,22.1,22.127,89.0,2.01
2025-09-24 08:11:46,2025-09-24,08:11:46,in,1.39,1310.8,0.0,23.0,7.374,328.0,1.92
2025-09-24 08:12:23,2025-09-24,08:12:23,out,1.35,22.1,100.0,22.1,22.127,118.6,2.34
2025-09-24 08:12:50,2025-09-24,08:12:50,in,1.62,1310.8,0.0,23.1,7.416,316.5,2.08
2025-09-24 08:13:26,2025-09-24,08:13:26,out,0.87,22.2,100.0,22.2,22.227,96.6,1.98
2025-09-24 08:13:53,2025-09-24,08:13:53,in,1.67,1310.8,0.0,23.1,7.416,317.2,2.48
2025-09-24 08:14:30,2025-09-24,08:14:30,out,1.18,22.2,100.0,22.2,22.227,128.7,2.04
2025-09-24 08:14:56,2025-09-24,08:14:56,in,1.64,1310.8,0.0,23.1,7.416,326.6,2.35
2025-09-24 08:15:34,2025-09-24,08:15:34,out,1.68,22.3,100.0,22.3,22.328,103.7,1.89
2025-09-24 08:16:00,2025-09-24,08:16:00,in,1.08,1310.8,0.0,23.2,7.457,328.3,1.87
2025-09-24 08:16:37,2025-09-24,08:16:37,out,1.29,22.3,100.0,22.3,22.328,119.0,1.87
2025-09-24 08:17:04,2025-09-24,08:17:04,in,1.24,1310.8,0.0,23.2,7.457,318.8,2.09
2025-09-24 08:17:40,2025-09-24,08:17:40,out,1.32,22.4,100.0,22.4,22.429,131.0,1.77
2025-09-24 08:18:07,2025-09-24,08:18:07,in,1.61,1310.8,0.0,23.2,7.457,330.7,1.91
2025-09-24 08:18:44,2025-09-24,08:18:44,out,1.77,22.5,100.0,22.5,22.529,116.3,2.24
2025-09-24 08:19:10,2025-09-24,08:19:10,in,1.07,1310.8,0.0,23.3,7.499,320.1,2.18
2025-09-24 08:19:48,2025-09-24,08:19:48,out,1.32,22.6,100.0,22.6,22.63,110.2,2.32
2025-09-24 08:20:14,2025-09-24,08:20:14,in,1.39,1310.8,0.0,23.3,7.499,330.1,2.26
2025-09-24 08:20:51,2025-09-24,08:20:51,out,1.1,22.6,100.0,22.6,22.63,99.1,1.87
2025-09-24 08:21:18,2025-09-24,08:21:18,in,1.47,1310.8,0.0,23.4,7.54,325.3,2.61
2025-09-24 08:21:54,2025-09-24,08:21:54,out,1.6,22.7,100.0,22.7,22.731,121.8,1.87
2025-09-24 08:22:21,2025-09-24,08:22:21,in,1.6,1310.8,0.0,23.4,7.54,315.0,2.28
2025-09-24 08:22:58,2025-09-24,08:22:58,out,1.61,22.7,100.0,22.7,22.731,135.1,2.65
2025-09-24 08:23:24,2025-09-24,08:23:24,in,1.4,1310.8,0.0,23.5,7.582,312.5,2.59
2025-09-24 08:24:02,2025-09-24,08:24:02,out,1.98,22.8,100.0,22.8,22.832,134.7,2.72
2025-09-24 08:24:28,2025-09-24,08:24:28,in,0.56,1310.8,0.0,23.5,7.582,356.6,1.8
2025-09-24 08:25:05,2025-09-24,08:25:05,out,2.24,22.8,100.0,22.8,22.832,120.1,2.47
2025-09-24 08:25:32,2025-09-24,08:25:32,in,0.75,1310.8,0.0,23.5,7.582,325.4,2.17
2025-09-24 08:26:08,2025-09-24,08:26:08,out,1.49,22.8,100.0,22.8,22.832,130.9,2.37
2025-09-24 08:26:35,2025-09-24,08:26:35,in,0.98,1310.8,0.0,23.5,7.582,316.4,2.31
2025-09-24 08:27:12,2025-09-24,08:27:12,out,1.66,22.9,100.0,22.9,22.932,122.7,1.86
2025-09-24 08:27:38,2025-09-24,08:27:38,in,1.71,1310.8,0.0,23.6,7.623,322.2,2.85
2025-09-24 08:28:16,2025-09-24,08:28:16,out,1.67,22.9,100.0,22.9,22.932,148.5,2.23
2025-09-24 08:28:42,2025-09-24,08:28:42,in,1.32,1310.8,0.0,23.6,7.623,319.6,2.16
2025-09-24 08:29:19,2025-09-24,08:29:19,out,0.45,23.0,100.0,23.0,23.033,156.0,1.16
2025-09-24 08:29:46,2025-09-24,08:29:46,in,1.37,1310.8,0.0,23.7,7.665,316.6,2.21
2025-09-24 08:30:22,2025-09-24,08:30:22,out,1.06,23.1,100.0,23.1,23.134,142.4,1.32
2025-09-24 08:30:49,2025-09-24,08:30:49,in,1.59,1310.8,0.0,23.7,7.665,312.6,2.11
2025-09-24 08:31:26,2025-09-24,08:31:26,out,1.09,23.1,100.0,23.1,23.134,126.1,1.82
2025-09-24 08:31:52,2025-09-24,08:31:52,in,1.66,1310.8,0.0,23.7,7.665,319.4,2.34
2025-09-24 08:32:30,2025-09-24,08:32:30,out,0.31,23.1,100.0,23.1,23.134,143.3,0.92
2025-09-24 08:32:56,2025-09-24,08:32:56,in,1.11,1310.8,0.0,23.8,7.706,327.7,2.19
2025-09-24 08:33:33,2025-09-24,08:33:33,out,0.6,23.2,100.0,23.2,23.234,100.8,0.76
2025-09-24 08:34:00,2025-09-24,08:34:00,in,1.46,1310.8,0.0,23.8,7.706,316.9,1.99
2025-09-24 08:34:36,2025-09-24,08:34:36,out,0.3,23.3,100.0,23.3,23.335,231.4,2.27
2025-09-24 08:35:03,2025-09-24,08:35:03,in,1.66,1310.8,0.0,23.8,7.706,318.3,3.05
2025-09-24 08:35:40,2025-09-24,08:35:40,out,1.34,23.3,100.0,23.3,23.335,148.5,1.86
2025-09-24 08:36:06,2025-09-24,08:36:06,in,1.22,1310.8,0.0,23.8,7.706,329.6,1.98
2025-09-24 08:36:44,2025-09-24,08:36:44,out,0.9,23.3,100.0,23.3,23.335,136.7,1.72
2025-09-24 08:37:10,2025-09-24,08:37:10,in,1.37,1310.8,0.0,23.8,7.706,327.2,2.49
2025-09-24 08:37:47,2025-09-24,08:37:47,out,0.33,23.3,100.0,23.3,23.335,178.9,1.34
2025-09-24 08:38:14,2025-09-24,08:38:14,in,1.42,1310.8,0.0,23.9,7.748,321.0,2.44
2025-09-24 08:38:50,2025-09-24,08:38:50,out,0.41,23.4,100.0,23.4,23.436,238.7,0.57
2025-09-24 08:39:17,2025-09-24,08:39:17,in,1.11,1310.8,0.0,23.9,7.748,321.4,2.28
2025-09-24 08:39:54,2025-09-24,08:39:54,out,0.68,23.5,100.0,23.5,23.537,250.0,1.03
2025-09-24 08:40:20,2025-09-24,08:40:20,in,1.09,1310.8,0.0,23.9,7.748,322.3,2.08
2025-09-24 08:40:58,2025-09-24,08:40:58,out,0.76,23.5,100.0,23.5,23.537,203.0,1.51
2025-09-24 08:41:24,2025-09-24,08:41:24,in,1.62,1310.8,0.0,23.9,7.748,317.6,2.07
2025-09-24 08:42:01,2025-09-24,08:42:01,out,1.01,23.5,100.0,23.5,23.537,199.2,1.78
2025-09-24 08:42:28,2025-09-24,08:42:28,in,1.13,1310.8,0.0,23.9,7.748,311.4,1.89
2025-09-24 08:43:04,2025-09-24,08:43:04,out,0.51,23.4,100.0,23.4,23.436,135.1,1.27
2025-09-24 08:43:31,2025-09-24,08:43:31,in,1.54,1310.8,0.0,23.9,7.748,321.9,2.09
2025-09-24 08:44:08,2025-09-24,08:44:08,out,0.64,23.5,100.0,23.5,23.537,209.1,1.33
2025-09-24 08:44:35,2025-09-24,08:44:35,in,1.77,1310.8,0.0,24.0,7.789,317.6,2.4
2025-09-24 08:45:12,2025-09-24,08:45:12,out,0.49,23.5,100.0,23.5,23.537,172.5,1.01
2025-09-24 08:45:38,2025-09-24,08:45:38,in,1.26,1310.8,0.0,23.9,7.748,319.4,2.02
2025-09-24 08:46:15,2025-09-24,08:46:15,out,0.54,23.5,100.0,23.5,23.537,214.3,1.01
2025-09-24 08:46:42,2025-09-24,08:46:42,in,1.21,1310.8,0.0,23.9,7.748,320.7,2.37
2025-09-24 08:47:18,2025-09-24,08:47:18,out,0.67,23.5,100.0,23.5,23.537,179.7,2.59
2025-09-24 08:47:45,2025-09-24,08:47:45,in,1.51,1310.8,0.0,23.9,7.748,320.4,1.79
2025-09-24 08:48:22,2025-09-24,08:48:22,out,0.36,23.5,100.0,23.5,23.537,149.5,1.18
2025-09-24 08:48:48,2025-09-24,08:48:48,in,0.82,1310.8,0.0,23.9,7.748,324.6,1.81
2025-09-24 08:49:26,2025-09-24,08:49:26,out,1.01,23.6,100.0,23.6,23.637,143.5,1.23
2025-09-24 08:49:52,2025-09-24,08:49:52,in,1.5,1310.8,0.0,23.9,7.748,332.2,2.37
2025-09-24 08:50:29,2025-09-24,08:50:29,out,1.18,23.6,100.0,23.6,23.637,130.2,1.3
2025-09-24 08:50:56,2025-09-24,08:50:56,in,0.99,1310.8,0.0,24.0,7.789,320.7,1.92
2025-09-24 08:51:32,2025-09-24,08:51:32,out,0.67,23.5,100.0,23.5,23.537,211.9,2.58
2025-09-24 08:51:59,2025-09-24,08:51:59,in,1.16,1310.8,0.0,23.9,7.748,320.5,2.28
2025-09-24 08:52:36,2025-09-24,08:52:36,out,0.46,23.6,100.0,23.6,23.637,178.4,1.29
2025-09-24 08:53:02,2025-09-24,08:53:02,in,1.23,1310.8,0.0,23.9,7.748,314.1,1.91
2025-09-24 08:53:40,2025-09-24,08:53:40,out,0.44,23.6,100.0,23.6,23.637,180.1,1.24
2025-09-24 08:54:06,2025-09-24,08:54:06,in,1.54,1310.8,0.0,23.9,7.748,315.5,2.17
2025-09-24 08:54:43,2025-09-24,08:54:43,out,0.06,23.6,100.0,23.6,23.637,197.1,0.75
2025-09-24 08:55:10,2025-09-24,08:55:10,in,1.48,1310.8,0.0,23.9,7.748,319.0,2.55
2025-09-24 08:55:46,2025-09-24,08:55:46,out,0.29,23.6,100.0,23.6,23.637,222.1,0.88
2025-09-24 08:56:13,2025-09-24,08:56:13,in,1.14,1310.8,0.0,23.9,7.748,319.2,2.18
2025-09-24 08:56:50,2025-09-24,08:56:50,out,0.38,23.7,100.0,23.7,23.738,130.5,0.76
2025-09-24 08:57:16,2025-09-24,08:57:16,in,1.46,1310.8,0.0,24.0,7.789,323.7,2.36
2025-09-24 08:57:54,2025-09-24,08:57:54,out,0.13,23.7,100.0,23.7,23.738,181.1,0.45
2025-09-24 08:58:20,2025-09-24,08:58:20,in,1.89,1310.8,0.0,24.0,7.789,320.1,2.24
2025-09-24 08:58:58,2025-09-24,08:58:58,out,0.15,23.8,100.0,23.8,23.839,244.4,0.79
2025-09-24 08:59:24,2025-09-24,08:59:24,in,1.57,1310.8,0.0,23.9,7.748,317.9,2.31
2025-09-24 09:00:01,2025-09-24,09:00:01,out,0.73,23.8,100.0,23.8,23.839,199.0,1.13
2025-09-24 09:00:27,2025-09-24,09:00:27,in,1.3,1310.8,0.0,23.9,7.748,321.6,2.21
2025-09-24 09:01:04,2025-09-24,09:01:04,out,0.53,23.7,100.0,23.7,23.738,125.8,0.8
2025-09-24 09:01:30,2025-09-24,09:01:30,in,1.57,1310.8,0.0,23.9,7.748,317.9,1.92
2025-09-24 09:02:08,2025-09-24,09:02:08,out,0.1,23.7,100.0,23.7,23.738,186.4,0.84
2025-09-24 09:02:34,2025-09-24,09:02:34,in,1.98,1310.8,0.0,24.0,7.789,320.3,2.24
2025-09-24 09:03:12,2025-09-24,09:03:12,out,0.37,23.8,100.0,23.8,23.839,137.6,0.58
2025-09-24 09:03:38,2025-09-24,09:03:38,in,2.11,1310.8,0.0,24.0,7.789,321.2,2.44
2025-09-24 09:04:15,2025-09-24,09:04:15,out,0.46,23.8,100.0,23.8,23.839,158.5,0.65
2025-09-24 09:04:41,2025-09-24,09:04:41,in,1.1,1310.8,0.0,24.0,7.789,323.3,2.15
2025-09-24 09:05:18,2025-09-24,09:05:18,out,0.6,23.8,100.0,23.8,23.839,249.2,0.67
2025-09-24 09:05:44,2025-09-24,09:05:44,in,1.07,1310.8,0.0,23.9,7.748,315.0,2.18
2025-09-24 09:06:22,2025-09-24,09:06:22,out,0.69,23.8,100.0,23.8,23.839,235.9,0.84
2025-09-24 09:06:48,2025-09-24,09:06:48,in,1.67,1310.8,0.0,24.0,7.789,321.9,2.31
2025-09-24 09:07:26,2025-09-24,09:07:26,out,0.84,23.8,100.0,23.8,23.839,259.1,0.96
2025-09-24 09:07:52,2025-09-24,09:07:52,in,1.53,1310.8,0.0,24.0,7.789,327.6,1.94
2025-09-24 09:08:29,2025-09-24,09:08:29,out,0.53,23.8,100.0,23.8,23.839,230.1,0.9
2025-09-24 09:08:55,2025-09-24,09:08:55,in,1.61,1310.8,0.0,24.0,7.789,327.2,2.37
2025-09-24 09:09:32,2025-09-24,09:09:32,out,0.14,23.8,100.0,23.8,23.839,234.5,0.71
2025-09-24 09:09:58,2025-09-24,09:09:58,in,1.52,1310.8,0.0,24.0,7.789,311.2,1.96
2025-09-24 09:10:36,2025-09-24,09:10:36,out,0.39,23.9,100.0,23.9,23.939,244.2,0.71
2025-09-24 09:11:02,2025-09-24,09:11:02,in,1.37,1310.8,0.0,24.0,7.789,321.1,2.07
2025-09-24 09:11:40,2025-09-24,09:11:40,out,0.74,23.8,100.0,23.8,23.839,244.8,1.24
2025-09-24 09:12:06,2025-09-24,09:12:06,in,1.57,1310.8,0.0,24.0,7.789,323.1,1.82
2025-09-24 09:12:43,2025-09-24,09:12:43,out,0.49,23.8,100.0,23.8,23.839,230.1,0.87
2025-09-24 09:13:09,2025-09-24,09:13:09,in,1.29,1310.8,0.0,24.0,7.789,326.2,1.94
2025-09-24 09:13:46,2025-09-24,09:13:46,out,0.32,23.8,100.0,23.8,23.839,167.7,1.21
2025-09-24 09:14:12,2025-09-24,09:14:12,in,1.35,1310.8,0.0,24.0,7.789,317.0,1.88
2025-09-24 09:14:50,2025-09-24,09:14:50,out,0.42,23.8,100.0,23.8,23.839,214.7,0.63
2025-09-24 09:15:16,2025-09-24,09:15:16,in,1.01,1310.8,0.0,24.0,7.789,311.5,2.04
2025-09-24 09:15:54,2025-09-24,09:15:54,out,0.85,23.9,100.0,23.9,23.939,189.6,1.24
2025-09-24 09:16:20,2025-09-24,09:16:20,in,1.52,1310.8,0.0,24.1,7.831,319.8,2.12
2025-09-24 09:16:57,2025-09-24,09:16:57,out,0.14,23.9,100.0,23.9,23.939,189.7,1.05
2025-09-24 09:17:24,2025-09-24,09:17:24,in,1.24,1310.8,0.0,24.1,7.831,327.8,2.5
2025-09-24 09:18:00,2025-09-24,09:18:00,out,0.41,23.9,100.0,23.9,23.939,271.9,0.5
2025-09-24 09:18:26,2025-09-24,09:18:26,in,1.72,1310.8,0.0,24.1,7.831,316.1,2.08
2025-09-24 09:19:04,2025-09-24,09:19:04,out,1.14,23.9,100.0,23.9,23.939,263.5,1.23
2025-09-24 09:19:30,2025-09-24,09:19:30,in,1.6,1310.8,0.0,24.1,7.831,327.1,2.05
2025-09-24 09:20:08,2025-09-24,09:20:08,out,0.75,23.9,100.0,23.9,23.939,260.6,1.13
2025-09-24 09:20:34,2025-09-24,09:20:34,in,1.54,1310.8,0.0,24.0,7.789,326.6,2.49
2025-09-24 09:21:11,2025-09-24,09:21:11,out,0.71,23.9,100.0,23.9,23.939,284.2,1.36
2025-09-24 09:21:38,2025-09-24,09:21:38,in,1.63,1310.8,0.0,24.0,7.789,323.3,2.19
2025-09-24 09:22:14,2025-09-24,09:22:14,out,0.66,23.9,100.0,23.9,23.939,289.7,1.19
2025-09-24 09:22:41,2025-09-24,09:22:41,in,1.21,1310.8,0.0,24.0,7.789,325.8,2.18
2025-09-24 09:23:18,2025-09-24,09:23:18,out,1.02,23.8,100.0,23.8,23.839,279.0,1.97
2025-09-24 09:23:44,2025-09-24,09:23:44,in,1.66,1310.8,0.0,24.0,7.789,321.0,2.14
2025-09-24 09:24:22,2025-09-24,09:24:22,out,1.49,23.8,100.0,23.8,23.839,266.1,2.09
2025-09-24 09:24:48,2025-09-24,09:24:48,in,1.17,1310.8,0.0,24.0,7.789,328.7,1.99
2025-09-24 09:25:25,2025-09-24,09:25:25,out,0.69,23.8,100.0,23.8,23.839,280.2,1.62
2025-09-24 09:25:52,2025-09-24,09:25:52,in,1.32,1310.8,0.0,24.0,7.789,329.3,2.1
2025-09-24 09:26:29,2025-09-24,09:26:29,out,0.46,23.8,100.0,23.8,23.839,253.6,0.95
2025-09-24 09:26:55,2025-09-24,09:26:55,in,1.45,1310.8,0.0,23.9,7.748,321.0,1.8
2025-09-24 09:27:32,2025-09-24,09:27:32,out,0.38,23.8,100.0,23.8,23.839,286.7,0.99
2025-09-24 09:27:58,2025-09-24,09:27:58,in,1.1,1310.8,0.0,23.9,7.748,322.4,2.32
2025-09-24 09:28:36,2025-09-24,09:28:36,out,1.21,23.8,100.0,23.8,23.839,343.1,1.59
2025-09-24 09:29:02,2025-09-24,09:29:02,in,1.41,1310.8,0.0,24.0,7.789,329.6,1.85
2025-09-24 09:29:39,2025-09-24,09:29:39,out,0.62,23.8,100.0,23.8,23.839,337.8,1.65
2025-09-24 09:30:06,2025-09-24,09:30:06,in,1.42,1310.8,0.0,23.9,7.748,346.0,2.15
2025-09-24 09:30:42,2025-09-24,09:30:42,out,1.31,23.8,100.0,23.8,23.839,335.9,1.39
2025-09-24 09:31:09,2025-09-24,09:31:09,in,1.45,1310.8,0.0,23.9,7.748,330.2,1.74
2025-09-24 09:31:46,2025-09-24,09:31:46,out,1.85,23.8,100.0,23.8,23.839,334.6,2.35
2025-09-24 09:32:12,2025-09-24,09:32:12,in,1.53,1310.8,0.0,23.9,7.748,329.7,1.82
2025-09-24 09:32:50,2025-09-24,09:32:50,out,1.93,23.8,100.0,23.8,23.839,340.2,2.43
2025-09-24 09:33:16,2025-09-24,09:33:16,in,1.5,1310.8,0.0,23.9,7.748,330.2,2.12
2025-09-24 09:33:53,2025-09-24,09:33:53,out,1.36,23.4,97.7,23.8,23.535,341.3,2.0
2025-09-24 09:34:20,2025-09-24,09:34:20,in,1.62,1310.8,0.0,23.8,7.706,320.5,2.06
2025-09-24 09:34:56,2025-09-24,09:34:56,out,1.31,22.4,92.4,23.8,22.833,331.2,2.53
2025-09-24 09:35:23,2025-09-24,09:35:23,in,1.33,1310.8,0.0,23.8,7.706,332.7,1.88
2025-09-24 09:36:00,2025-09-24,09:36:00,out,1.43,22.1,90.2,23.8,22.541,346.3,2.52
2025-09-24 09:36:26,2025-09-24,09:36:26,in,1.23,1310.8,0.0,23.8,7.706,326.1,1.82
2025-09-24 09:37:04,2025-09-24,09:37:04,out,1.94,21.9,89.5,23.7,22.35,342.0,2.59
2025-09-24 09:37:30,2025-09-24,09:37:30,in,1.25,1310.8,0.0,23.7,7.665,326.0,1.93
2025-09-24 09:38:07,2025-09-24,09:38:07,out,2.19,21.9,89.8,23.7,22.389,336.8,2.74
2025-09-24 09:38:34,2025-09-24,09:38:34,in,1.42,1310.8,0.0,23.7,7.665,324.6,2.21
2025-09-24 09:39:10,2025-09-24,09:39:10,out,1.95,22.0,90.6,23.7,22.495,334.7,2.54
2025-09-24 09:39:37,2025-09-24,09:39:37,in,1.46,1310.8,0.0,23.6,7.623,319.6,1.94
2025-09-24 09:40:14,2025-09-24,09:40:14,out,2.27,22.2,91.9,23.6,22.569,336.3,3.14
2025-09-24 09:40:40,2025-09-24,09:40:40,in,0.83,1310.8,0.0,23.6,7.623,311.7,1.97
2025-09-24 09:41:18,2025-09-24,09:41:18,out,2.16,22.4,93.3,23.6,22.754,335.9,2.86
2025-09-24 09:41:44,2025-09-24,09:41:44,in,0.75,1310.8,0.0,23.6,7.623,305.0,1.19
2025-09-24 09:42:21,2025-09-24,09:42:21,out,2.18,22.6,94.9,23.5,22.865,339.0,3.1
2025-09-24 09:42:48,2025-09-24,09:42:48,in,0.31,1310.8,0.0,23.6,7.623,327.5,0.85
2025-09-24 09:43:24,2025-09-24,09:43:24,out,2.39,23.1,97.7,23.5,23.234,334.3,2.72
2025-09-24 09:43:51,2025-09-24,09:43:51,in,0.37,1310.8,0.0,23.6,7.623,344.2,0.66
2025-09-24 09:44:28,2025-09-24,09:44:28,out,2.26,23.5,100.0,23.5,23.537,337.0,2.69
2025-09-24 09:44:55,2025-09-24,09:44:55,in,0.5,1310.8,0.0,23.6,7.623,6.2,1.04
2025-09-24 09:45:32,2025-09-24,09:45:32,out,1.77,23.4,100.0,23.4,23.436,348.7,2.18
2025-09-24 09:45:58,2025-09-24,09:45:58,in,0.48,1310.8,0.0,23.6,7.623,16.1,0.63
2025-09-24 09:46:35,2025-09-24,09:46:35,out,0.4,23.4,100.0,23.4,23.436,326.9,1.65
2025-09-24 09:47:02,2025-09-24,09:47:02,in,0.46,1310.8,0.0,23.6,7.623,5.4,0.8
2025-09-24 09:47:38,2025-09-24,09:47:38,out,0.8,23.4,100.0,23.4,23.436,346.8,1.81
2025-09-24 09:48:05,2025-09-24,09:48:05,in,0.89,1310.8,0.0,23.6,7.623,14.3,1.03
2025-09-24 09:48:42,2025-09-24,09:48:42,out,1.44,23.3,100.0,23.3,23.335,342.8,2.16
2025-09-24 09:49:08,2025-09-24,09:49:08,in,0.51,1310.8,0.0,23.5,7.582,331.6,0.79
2025-09-24 09:49:46,2025-09-24,09:49:46,out,1.5,23.3,100.0,23.3,23.335,359.2,2.2
2025-09-24 09:50:12,2025-09-24,09:50:12,in,0.43,1310.8,0.0,23.5,7.582,347.7,0.76
2025-09-24 09:50:49,2025-09-24,09:50:49,out,1.78,23.2,100.0,23.2,23.234,346.9,2.21
2025-09-24 09:51:16,2025-09-24,09:51:16,in,0.48,1310.8,0.0,23.4,7.54,339.9,0.8
2025-09-24 09:51:52,2025-09-24,09:51:52,out,2.18,23.1,100.0,23.1,23.134,3.3,2.67
2025-09-24 09:52:19,2025-09-24,09:52:19,in,0.29,1310.8,0.0,23.4,7.54,31.1,0.74
2025-09-24 09:52:56,2025-09-24,09:52:56,out,1.56,23.0,100.0,23.0,23.033,3.2,2.48
2025-09-24 09:53:22,2025-09-24,09:53:22,in,0.28,1310.8,0.0,23.4,7.54,336.5,0.71
2025-09-24 09:54:00,2025-09-24,09:54:00,out,2.04,23.0,100.0,23.0,23.033,358.2,2.86
2025-09-24 09:54:26,2025-09-24,09:54:26,in,0.26,1310.8,0.0,23.4,7.54,356.4,0.53
2025-09-24 09:55:04,2025-09-24,09:55:04,out,2.15,23.0,100.0,23.0,23.033,354.8,2.48
2025-09-24 09:55:30,2025-09-24,09:55:30,in,0.19,1310.8,0.0,23.3,7.499,326.5,0.5
2025-09-24 09:56:06,2025-09-24,09:56:06,out,1.14,22.9,100.0,22.9,22.932,341.9,2.15
2025-09-24 09:56:33,2025-09-24,09:56:33,in,0.54,1310.8,0.0,23.3,7.499,333.2,0.96
2025-09-24 09:57:10,2025-09-24,09:57:10,out,1.8,22.9,100.0,22.9,22.932,313.7,2.34
2025-09-24 09:57:36,2025-09-24,09:57:36,in,0.03,1310.8,0.0,23.3,7.499,305.5,1.01
2025-09-24 09:58:14,2025-09-24,09:58:14,out,4.21,22.9,100.0,22.9,22.932,229.2,4.93
2025-09-24 09:58:40,2025-09-24,09:58:40,in,0.52,1310.8,0.0,23.3,7.499,115.7,0.67
2025-09-24 09:59:18,2025-09-24,09:59:18,out,2.53,22.7,100.0,22.7,22.731,227.3,8.88
2025-09-24 09:59:44,2025-09-24,09:59:44,in,0.49,1310.8,0.0,23.3,7.499,125.9,0.72
2025-09-24 10:00:21,2025-09-24,10:00:21,out,3.92,21.8,100.0,21.8,21.824,215.0,9.25
2025-09-24 10:00:47,2025-09-24,10:00:47,in,0.62,1310.8,0.0,23.0,7.374,141.2,1.2
2025-09-24 10:01:24,2025-09-24,10:01:24,out,3.05,21.3,100.0,21.3,21.321,212.8,8.15
2025-09-24 10:01:50,2025-09-24,10:01:50,in,1.12,,,1310.8,,22.7,0.0
2025-09-24 10:02:28,2025-09-24,10:02:28,out,3.59,21.0,100.0,21.0,21.019,205.8,8.24
2025-09-24 10:02:54,2025-09-24,10:02:54,in,1.1,1310.8,0.0,22.4,7.125,131.6,1.29
2025-09-24 10:03:32,2025-09-24,10:03:32,out,1.65,20.7,100.0,20.7,20.717,199.2,4.29
2025-09-24 10:03:58,2025-09-24,10:03:58,in,0.18,1310.8,0.0,22.2,7.042,207.2,0.99
2025-09-24 10:04:35,2025-09-24,10:04:35,out,2.06,20.5,100.0,20.5,20.515,198.0,3.65
2025-09-24 10:05:01,2025-09-24,10:05:01,in,0.4,1310.8,0.0,22.1,7.001,122.3,0.65
2025-09-24 10:05:38,2025-09-24,10:05:38,out,1.29,20.3,100.0,20.3,20.314,195.8,2.73
2025-09-24 10:06:05,2025-09-24,10:06:05,in,0.27,1310.8,0.0,22.1,7.001,129.7,0.56
2025-09-24 10:06:42,2025-09-24,10:06:42,out,3.45,,,20.2,,20.2,10.0
2025-09-24 10:07:08,2025-09-24,10:07:08,in,0.08,1310.8,0.0,22.0,6.959,136.6,0.5
2025-09-24 10:07:46,2025-09-24,10:07:46,out,1.6,20.0,100.0,20.0,20.012,225.5,4.41
2025-09-24 10:08:12,2025-09-24,10:08:12,in,0.11,1310.8,0.0,22.0,6.959,338.7,0.57
2025-09-24 10:08:50,2025-09-24,10:08:50,out,3.13,,,19.8,,19.8,10.0
2025-09-24 10:09:16,2025-09-24,10:09:16,in,0.49,1310.8,0.0,21.9,6.918,345.2,0.63
2025-09-24 10:09:52,2025-09-24,10:09:52,out,1.54,19.7,100.0,19.7,19.709,252.3,2.97
2025-09-24 10:10:20,2025-09-24,10:10:20,in,0.75,,,1310.8,,21.6,0.0
2025-09-24 10:10:56,2025-09-24,10:10:56,out,2.39,,,19.7,,19.7,10.0
2025-09-24 10:11:22,2025-09-24,10:11:22,in,0.77,,,1310.8,,21.4,0.0
2025-09-24 10:12:16,2025-09-24,10:12:16,out,1.8,,,19.6,,19.6,10.0
2025-09-24 10:12:26,2025-09-24,10:12:26,in,0.31,1310.8,0.0,21.4,6.71,89.3,0.39
2025-09-24 10:13:18,2025-09-24,10:13:18,out,2.81,,,19.5,,19.5,10.0
2025-09-24 10:13:30,2025-09-24,10:13:30,in,0.44,1310.8,0.0,21.3,6.669,142.3,0.73
2025-09-24 10:14:22,2025-09-24,10:14:22,out,1.14,19.4,100.0,19.4,19.407,197.5,1.63
2025-09-24 10:14:33,2025-09-24,10:14:33,in,0.29,1310.8,0.0,21.2,6.627,313.8,0.73
2025-09-24 10:15:26,2025-09-24,10:15:26,out,0.97,,,19.4,,19.4,10.0
2025-09-24 10:15:36,2025-09-24,10:15:36,in,0.29,1310.8,0.0,21.2,6.627,347.7,0.65
2025-09-24 10:16:28,2025-09-24,10:16:28,out,1.06,,,19.3,,19.3,10.0
2025-09-24 10:16:40,2025-09-24,10:16:40,in,0.56,1310.8,0.0,21.1,6.586,351.4,0.94
2025-09-24 10:17:32,2025-09-24,10:17:32,out,0.32,19.2,100.0,19.2,19.206,160.6,1.14
2025-09-24 10:17:44,2025-09-24,10:17:44,in,0.12,1310.8,0.0,21.0,6.544,54.0,0.53
2025-09-24 10:18:36,2025-09-24,10:18:36,out,0.95,19.2,100.0,19.2,19.206,185.0,1.32
2025-09-24 10:18:47,2025-09-24,10:18:47,in,0.15,1310.8,0.0,21.0,6.544,107.1,0.34
2025-09-24 10:19:50,2025-09-24,10:19:50,in,0.4,,,1310.8,,21.0,0.0
2025-09-24 10:20:54,2025-09-24,10:20:54,in,0.29,1310.8,0.0,20.9,6.503,337.6,0.5
2025-09-24 10:21:58,2025-09-24,10:21:58,in,0.2,1310.8,0.0,20.9,6.503,357.2,0.47
2025-09-24 10:22:04,2025-09-24,10:22:04,out,1.11,19.0,100.0,19.0,19.004,284.0,1.29
2025-09-24 10:23:01,2025-09-24,10:23:01,in,0.12,1310.8,0.0,20.9,6.503,14.3,0.39
2025-09-24 10:23:07,2025-09-24,10:23:07,out,0.89,19.0,100.0,19.0,19.004,242.1,1.17
2025-09-24 10:24:04,2025-09-24,10:24:04,in,0.63,1310.8,0.0,20.8,6.461,321.4,1.03
2025-09-24 10:24:10,2025-09-24,10:24:10,out,0.83,18.9,100.0,18.9,18.904,273.2,1.25
2025-09-24 10:25:08,2025-09-24,10:25:08,in,0.37,1310.8,0.0,20.8,6.461,8.0,0.89
2025-09-24 10:25:14,2025-09-24,10:25:14,out,0.84,18.9,100.0,18.9,18.904,283.3,1.24
2025-09-24 10:26:12,2025-09-24,10:26:12,in,0.12,1310.8,0.0,20.7,6.42,31.8,0.54
2025-09-24 10:26:18,2025-09-24,10:26:18,out,0.63,18.9,100.0,18.9,18.904,307.7,0.93
2025-09-24 10:27:15,2025-09-24,10:27:15,in,0.3,1310.8,0.0,20.7,6.42,348.8,0.49
2025-09-24 10:27:21,2025-09-24,10:27:21,out,0.43,18.9,100.0,18.9,18.904,297.1,0.98
2025-09-24 10:28:18,2025-09-24,10:28:18,in,0.6,,,1310.8,,20.6,0.0
2025-09-24 10:28:24,2025-09-24,10:28:24,out,0.75,18.9,100.0,18.9,18.904,337.3,1.4
2025-09-24 10:29:22,2025-09-24,10:29:22,in,0.26,1310.8,0.0,20.6,6.378,62.0,0.49
2025-09-24 10:29:28,2025-09-24,10:29:28,out,0.59,18.8,100.0,18.8,18.803,336.9,0.81
2025-09-24 10:30:26,2025-09-24,10:30:26,in,0.42,1310.8,0.0,20.5,6.337,348.6,0.45
2025-09-24 10:30:32,2025-09-24,10:30:32,out,1.19,18.8,100.0,18.8,18.803,331.3,1.52
2025-09-24 10:31:29,2025-09-24,10:31:29,in,0.28,1310.8,0.0,20.5,6.337,299.3,0.48
2025-09-24 10:31:35,2025-09-24,10:31:35,out,1.1,18.9,100.0,18.9,18.904,304.5,1.68
2025-09-24 10:32:32,2025-09-24,10:32:32,in,0.36,1310.8,0.0,20.5,6.337,344.3,0.44
2025-09-24 10:32:38,2025-09-24,10:32:38,out,0.87,18.9,100.0,18.9,18.904,359.3,1.61
2025-09-24 10:33:36,2025-09-24,10:33:36,in,0.42,1310.8,0.0,20.4,6.295,347.0,0.56
2025-09-24 10:33:42,2025-09-24,10:33:42,out,1.31,18.9,100.0,18.9,18.904,333.8,1.49
2025-09-24 10:34:40,2025-09-24,10:34:40,in,0.37,1310.8,0.0,20.4,6.295,312.0,0.51
2025-09-24 10:34:46,2025-09-24,10:34:46,out,1.26,18.9,100.0,18.9,18.904,317.1,1.52
2025-09-24 10:35:43,2025-09-24,10:35:43,in,0.22,1310.8,0.0,20.4,6.295,344.6,0.43
2025-09-24 10:35:49,2025-09-24,10:35:49,out,1.22,18.9,100.0,18.9,18.904,322.2,1.74
2025-09-24 10:36:46,2025-09-24,10:36:46,in,0.25,1310.8,0.0,20.4,6.295,150.0,0.29
2025-09-24 10:36:52,2025-09-24,10:36:52,out,0.3,18.9,100.0,18.9,18.904,264.1,1.07
2025-09-24 10:37:50,2025-09-24,10:37:50,in,0.46,1310.8,0.0,20.5,6.337,129.5,0.51
2025-09-24 10:37:56,2025-09-24,10:37:56,out,0.63,18.9,100.0,18.9,18.904,98.3,0.9
2025-09-24 10:38:54,2025-09-24,10:38:54,in,1.11,1310.8,0.0,20.5,6.337,318.6,1.59
2025-09-24 10:39:00,2025-09-24,10:39:00,out,1.27,18.9,100.0,18.9,18.904,71.8,1.76
2025-09-24 10:39:57,2025-09-24,10:39:57,in,0.96,1310.8,0.0,20.3,6.253,324.6,2.12
2025-09-24 10:40:03,2025-09-24,10:40:03,out,1.52,18.9,100.0,18.9,18.904,89.7,1.76
2025-09-24 10:41:00,2025-09-24,10:41:00,in,1.12,1310.8,0.0,20.2,6.212,316.9,2.14
2025-09-24 10:41:06,2025-09-24,10:41:06,out,1.56,18.9,100.0,18.9,18.904,92.7,1.95
2025-09-24 10:42:04,2025-09-24,10:42:04,in,0.49,1310.8,0.0,20.2,6.212,138.3,1.99
2025-09-24 10:42:10,2025-09-24,10:42:10,out,2.46,19.0,100.0,19.0,19.004,97.9,2.95
2025-09-24 10:43:08,2025-09-24,10:43:08,in,0.51,1310.8,0.0,20.1,6.17,109.8,0.76
2025-09-24 10:43:14,2025-09-24,10:43:14,out,1.82,19.0,100.0,19.0,19.004,95.6,3.08
2025-09-24 10:44:11,2025-09-24,10:44:11,in,0.41,1310.8,0.0,20.1,6.17,97.6,0.63
2025-09-24 10:44:17,2025-09-24,10:44:17,out,1.55,19.0,100.0,19.0,19.004,84.3,2.86
2025-09-24 10:45:14,2025-09-24,10:45:14,in,0.37,1310.8,0.0,20.1,6.17,129.6,0.5
2025-09-24 10:45:20,2025-09-24,10:45:20,out,2.05,19.0,100.0,19.0,19.004,94.0,2.65
2025-09-24 10:46:18,2025-09-24,10:46:18,in,0.66,1310.8,0.0,20.0,6.129,130.0,0.81
2025-09-24 10:46:24,2025-09-24,10:46:24,out,2.85,19.0,100.0,19.0,19.004,116.1,3.33
2025-09-24 10:47:22,2025-09-24,10:47:22,in,0.68,1310.8,0.0,19.9,6.087,135.7,0.94
2025-09-24 10:47:28,2025-09-24,10:47:28,out,2.0,19.0,100.0,19.0,19.004,109.0,3.73
2025-09-24 10:48:25,2025-09-24,10:48:25,in,0.82,1310.8,0.0,19.8,6.046,134.6,0.9
2025-09-24 10:48:31,2025-09-24,10:48:31,out,2.34,18.9,100.0,18.9,18.904,105.2,3.71
2025-09-24 10:49:28,2025-09-24,10:49:28,in,0.57,1310.8,0.0,19.8,6.046,148.8,0.84
2025-09-24 10:49:34,2025-09-24,10:49:34,out,1.79,18.9,100.0,18.9,18.904,93.4,3.07
2025-09-24 10:50:32,2025-09-24,10:50:32,in,0.34,1310.8,0.0,19.8,6.046,101.4,0.83
2025-09-24 10:50:38,2025-09-24,10:50:38,out,1.58,18.9,100.0,18.9,18.904,51.4,2.15
2025-09-24 10:51:36,2025-09-24,10:51:36,in,0.37,1310.8,0.0,19.8,6.046,140.2,0.59
2025-09-24 10:51:42,2025-09-24,10:51:42,out,1.34,19.0,100.0,19.0,19.004,79.1,2.77
2025-09-24 10:52:39,2025-09-24,10:52:39,in,0.43,1310.8,0.0,19.8,6.046,105.2,0.68
2025-09-24 10:52:45,2025-09-24,10:52:45,out,1.82,19.0,100.0,19.0,19.004,115.0,2.79
2025-09-24 10:53:42,2025-09-24,10:53:42,in,0.45,1310.8,0.0,19.8,6.046,127.2,0.72
2025-09-24 10:53:48,2025-09-24,10:53:48,out,2.0,19.0,100.0,19.0,19.004,105.4,3.09
2025-09-24 10:54:46,2025-09-24,10:54:46,in,1.04,1310.8,0.0,19.7,6.004,140.6,1.21
2025-09-24 10:54:52,2025-09-24,10:54:52,out,2.22,19.0,100.0,19.0,19.004,121.5,3.65
2025-09-24 10:55:50,2025-09-24,10:55:50,in,0.49,1310.8,0.0,19.7,6.004,294.7,1.79
2025-09-24 10:55:56,2025-09-24,10:55:56,out,2.85,19.0,100.0,19.0,19.004,125.3,3.25
2025-09-24 10:56:53,2025-09-24,10:56:53,in,1.38,1310.8,0.0,19.7,6.004,315.1,1.73
2025-09-24 10:56:59,2025-09-24,10:56:59,out,2.61,19.0,100.0,19.0,19.004,108.6,3.25
2025-09-24 10:57:56,2025-09-24,10:57:56,in,0.62,1310.8,0.0,19.7,6.004,340.6,1.57
2025-09-24 10:58:02,2025-09-24,10:58:02,out,2.64,19.0,100.0,19.0,19.004,108.5,3.68
2025-09-24 10:59:00,2025-09-24,10:59:00,in,0.7,1310.8,0.0,19.8,6.046,142.1,1.83
2025-09-24 10:59:06,2025-09-24,10:59:06,out,3.75,19.0,100.0,19.0,19.004,124.8,4.62
2025-09-24 11:00:04,2025-09-24,11:00:04,in,0.97,1310.8,0.0,19.7,6.004,144.5,1.09
2025-09-24 11:00:10,2025-09-24,11:00:10,out,2.81,19.0,100.0,19.0,19.004,117.8,4.1
2025-09-24 11:01:07,2025-09-24,11:01:07,in,0.87,1310.8,0.0,19.6,5.963,152.4,1.27
2025-09-24 11:01:13,2025-09-24,11:01:13,out,3.9,19.0,100.0,19.0,19.004,115.6,4.95
2025-09-24 11:02:10,2025-09-24,11:02:10,in,0.49,1310.8,0.0,19.6,5.963,157.5,1.35
2025-09-24 11:02:16,2025-09-24,11:02:16,out,2.93,19.0,100.0,19.0,19.004,122.7,5.48
2025-09-24 11:03:14,2025-09-24,11:03:14,in,0.83,1310.8,0.0,19.5,5.921,153.2,1.09
2025-09-24 11:03:20,2025-09-24,11:03:20,out,3.26,19.0,100.0,19.0,19.004,132.7,5.55
2025-09-24 11:04:18,2025-09-24,11:04:18,in,1.1,1310.8,0.0,19.5,5.921,146.8,1.31
2025-09-24 11:04:24,2025-09-24,11:04:24,out,2.96,19.0,100.0,19.0,19.004,130.3,4.38
2025-09-24 11:05:21,2025-09-24,11:05:21,in,0.71,1310.8,0.0,19.4,5.879,132.7,1.28
2025-09-24 11:05:27,2025-09-24,11:05:27,out,3.13,18.9,100.0,18.9,18.904,121.3,4.39
2025-09-24 11:06:24,2025-09-24,11:06:24,in,0.8,1310.8,0.0,19.4,5.879,144.2,0.98
2025-09-24 11:06:30,2025-09-24,11:06:30,out,2.9,19.0,100.0,19.0,19.004,123.9,4.97
2025-09-24 11:07:28,2025-09-24,11:07:28,in,0.82,1310.8,0.0,19.3,5.838,144.2,0.9
2025-09-24 11:07:34,2025-09-24,11:07:34,out,2.31,18.9,100.0,18.9,18.904,118.9,2.83
2025-09-24 11:08:32,2025-09-24,11:08:32,in,0.91,,,1310.8,,19.3,0.0
2025-09-24 11:08:38,2025-09-24,11:08:38,out,2.6,18.9,100.0,18.9,18.904,115.7,4.3
2025-09-24 11:09:35,2025-09-24,11:09:35,in,0.56,1310.8,0.0,19.3,5.838,139.3,0.67
2025-09-24 11:09:41,2025-09-24,11:09:41,out,2.4,18.9,100.0,18.9,18.904,115.6,3.37
2025-09-24 11:10:38,2025-09-24,11:10:38,in,0.53,1310.8,0.0,19.3,5.838,121.8,0.83
2025-09-24 11:10:44,2025-09-24,11:10:44,out,1.98,18.9,100.0,18.9,18.904,107.1,3.48
2025-09-24 11:11:42,2025-09-24,11:11:42,in,0.64,1310.8,0.0,19.3,5.838,152.0,0.82
2025-09-24 11:11:48,2025-09-24,11:11:48,out,2.18,18.9,100.0,18.9,18.904,105.3,3.3
2025-09-24 11:12:46,2025-09-24,11:12:46,in,0.2,1310.8,0.0,19.4,5.879,262.7,1.32
2025-09-24 11:12:52,2025-09-24,11:12:52,out,3.41,,,18.9,,18.9,10.0
2025-09-24 11:13:49,2025-09-24,11:13:49,in,1.33,1310.8,0.0,19.5,5.921,330.5,1.98
2025-09-24 11:13:55,2025-09-24,11:13:55,out,2.36,18.9,100.0,18.9,18.904,110.1,3.32
2025-09-24 11:14:52,2025-09-24,11:14:52,in,1.16,1310.8,0.0,19.4,5.879,314.5,1.97
2025-09-24 11:14:58,2025-09-24,11:14:58,out,3.06,18.9,100.0,18.9,18.904,108.6,4.03
2025-09-24 11:15:56,2025-09-24,11:15:56,in,0.21,1310.8,0.0,19.5,5.921,102.8,1.72
2025-09-24 11:16:02,2025-09-24,11:16:02,out,2.04,18.8,100.0,18.8,18.803,110.1,2.83
2025-09-24 11:17:00,2025-09-24,11:17:00,in,0.43,1310.8,0.0,19.5,5.921,144.0,0.71
2025-09-24 11:17:06,2025-09-24,11:17:06,out,1.69,18.8,100.0,18.8,18.803,116.8,2.39
2025-09-24 11:18:03,2025-09-24,11:18:03,in,0.41,1310.8,0.0,19.5,5.921,131.7,0.79
2025-09-24 11:18:09,2025-09-24,11:18:09,out,1.57,18.9,100.0,18.9,18.904,112.8,2.54
2025-09-24 11:19:06,2025-09-24,11:19:06,in,0.33,1310.8,0.0,19.4,5.879,119.2,0.61
2025-09-24 11:19:12,2025-09-24,11:19:12,out,1.52,18.9,100.0,18.9,18.904,121.6,2.23
2025-09-24 11:20:10,2025-09-24,11:20:10,in,0.33,1310.8,0.0,19.4,5.879,135.9,0.52
2025-09-24 11:20:16,2025-09-24,11:20:16,out,0.91,18.9,100.0,18.9,18.904,135.7,2.05
2025-09-24 11:21:14,2025-09-24,11:21:14,in,0.21,1310.8,0.0,19.5,5.921,130.4,0.31
2025-09-24 11:21:20,2025-09-24,11:21:20,out,0.95,18.8,100.0,18.8,18.803,94.8,1.91
2025-09-24 11:22:17,2025-09-24,11:22:17,in,0.52,1310.8,0.0,19.5,5.921,141.0,0.59
2025-09-24 11:22:23,2025-09-24,11:22:23,out,1.68,18.9,100.0,18.9,18.904,108.4,2.58
2025-09-24 11:23:20,2025-09-24,11:23:20,in,0.28,1310.8,0.0,19.4,5.879,86.6,0.64
2025-09-24 11:23:26,2025-09-24,11:23:26,out,1.17,18.9,100.0,18.9,18.904,80.2,2.0
2025-09-24 11:24:24,2025-09-24,11:24:24,in,0.17,1310.8,0.0,19.5,5.921,112.6,0.39
2025-09-24 11:24:30,2025-09-24,11:24:30,out,1.17,18.9,100.0,18.9,18.904,97.5,2.13
2025-09-24 11:25:28,2025-09-24,11:25:28,in,0.28,1310.8,0.0,19.5,5.921,143.2,0.45
2025-09-24 11:25:34,2025-09-24,11:25:34,out,1.1,18.9,100.0,18.9,18.904,120.0,1.72
2025-09-24 11:26:31,2025-09-24,11:26:31,in,0.2,1310.8,0.0,19.5,5.921,104.9,0.42
2025-09-24 11:26:37,2025-09-24,11:26:37,out,0.92,18.9,100.0,18.9,18.904,89.2,1.07
2025-09-24 11:27:34,2025-09-24,11:27:34,in,0.29,1310.8,0.0,19.5,5.921,126.3,0.43
2025-09-24 11:27:40,2025-09-24,11:27:40,out,0.86,18.9,100.0,18.9,18.904,81.8,1.23
2025-09-24 11:28:38,2025-09-24,11:28:38,in,0.2,1310.8,0.0,19.6,5.963,99.0,0.29
2025-09-24 11:28:44,2025-09-24,11:28:44,out,1.29,18.9,100.0,18.9,18.904,77.9,1.57
2025-09-24 11:29:42,2025-09-24,11:29:42,in,0.17,1310.8,0.0,19.6,5.963,101.2,1.25
2025-09-24 11:29:48,2025-09-24,11:29:48,out,1.82,,,18.9,,18.9,10.0
2025-09-24 11:30:45,2025-09-24,11:30:45,in,1.02,1310.8,0.0,19.6,5.963,321.2,2.24
2025-09-24 11:30:51,2025-09-24,11:30:51,out,0.65,18.9,100.0,18.9,18.904,80.5,2.12
2025-09-24 11:31:48,2025-09-24,11:31:48,in,1.15,1310.8,0.0,19.6,5.963,331.9,1.94
2025-09-24 11:31:54,2025-09-24,11:31:54,out,0.11,18.9,100.0,18.9,18.904,172.4,1.12
2025-09-24 11:32:52,2025-09-24,11:32:52,in,0.18,1310.8,0.0,19.7,6.004,356.0,2.1
2025-09-24 11:32:58,2025-09-24,11:32:58,out,1.33,18.9,100.0,18.9,18.904,96.0,2.04
2025-09-24 11:33:56,2025-09-24,11:33:56,in,0.66,1310.8,0.0,19.7,6.004,139.2,0.75
2025-09-24 11:34:02,2025-09-24,11:34:02,out,0.69,18.9,100.0,18.9,18.904,105.2,2.49
2025-09-24 11:34:59,2025-09-24,11:34:59,in,0.63,1310.8,0.0,19.7,6.004,147.3,0.87
2025-09-24 11:35:05,2025-09-24,11:35:05,out,1.43,18.9,100.0,18.9,18.904,108.2,2.09
2025-09-24 11:36:02,2025-09-24,11:36:02,in,0.77,1310.8,0.0,19.7,6.004,145.2,0.83
2025-09-24 11:36:08,2025-09-24,11:36:08,out,1.6,19.0,100.0,19.0,19.004,108.9,1.96
2025-09-24 11:37:06,2025-09-24,11:37:06,in,0.5,1310.8,0.0,19.6,5.963,142.9,0.74
2025-09-24 11:37:12,2025-09-24,11:37:12,out,1.85,19.0,100.0,19.0,19.004,87.8,2.14
2025-09-24 11:38:10,2025-09-24,11:38:10,in,0.32,1310.8,0.0,19.6,5.963,134.5,0.6
2025-09-24 11:38:16,2025-09-24,11:38:16,out,0.92,19.0,100.0,19.0,19.004,116.9,1.76
2025-09-24 11:39:13,2025-09-24,11:39:13,in,0.31,1310.8,0.0,19.6,5.963,157.2,0.53
2025-09-24 11:39:19,2025-09-24,11:39:19,out,1.1,19.0,100.0,19.0,19.004,117.2,2.2
2025-09-24 11:40:16,2025-09-24,11:40:16,in,0.24,1310.8,0.0,19.7,6.004,168.7,0.37
2025-09-24 11:40:22,2025-09-24,11:40:22,out,0.55,19.0,100.0,19.0,19.004,119.0,2.57
2025-09-24 11:41:20,2025-09-24,11:41:20,in,0.12,1310.8,0.0,19.7,6.004,139.3,0.32
2025-09-24 11:41:26,2025-09-24,11:41:26,out,0.9,19.0,100.0,19.0,19.004,78.6,1.45
2025-09-24 11:42:24,2025-09-24,11:42:24,in,0.25,1310.8,0.0,19.8,6.046,116.8,0.35
2025-09-24 11:42:30,2025-09-24,11:42:30,out,1.37,19.0,100.0,19.0,19.004,129.5,1.64
2025-09-24 11:43:27,2025-09-24,11:43:27,in,0.12,1310.8,0.0,19.8,6.046,50.8,0.52
2025-09-24 11:43:33,2025-09-24,11:43:33,out,1.09,19.1,100.0,19.1,19.105,95.9,1.93
2025-09-24 11:44:30,2025-09-24,11:44:30,in,1.1,1310.8,0.0,19.9,6.087,341.6,2.11
2025-09-24 11:44:36,2025-09-24,11:44:36,out,0.78,19.1,100.0,19.1,19.105,47.4,1.52
2025-09-24 11:45:34,2025-09-24,11:45:34,in,1.3,1310.8,0.0,19.9,6.087,323.7,1.76
2025-09-24 11:45:40,2025-09-24,11:45:40,out,0.37,19.1,100.0,19.1,19.105,41.5,1.1
2025-09-24 11:46:38,2025-09-24,11:46:38,in,1.21,1310.8,0.0,19.9,6.087,330.5,2.07
2025-09-24 11:46:44,2025-09-24,11:46:44,out,0.61,19.1,100.0,19.1,19.105,93.0,1.32
2025-09-24 11:47:41,2025-09-24,11:47:41,in,0.3,1310.8,0.0,19.9,6.087,51.6,2.16
2025-09-24 11:47:47,2025-09-24,11:47:47,out,0.99,19.1,100.0,19.1,19.105,106.3,1.45
2025-09-24 11:48:44,2025-09-24,11:48:44,in,0.14,1310.8,0.0,19.9,6.087,67.9,0.46
2025-09-24 11:48:50,2025-09-24,11:48:50,out,0.88,19.1,100.0,19.1,19.105,84.1,1.52
2025-09-24 11:49:48,2025-09-24,11:49:48,in,0.31,1310.8,0.0,20.0,6.129,149.4,0.43
2025-09-24 11:49:54,2025-09-24,11:49:54,out,1.14,19.1,100.0,19.1,19.105,90.7,1.4
2025-09-24 11:50:52,2025-09-24,11:50:52,in,0.41,1310.8,0.0,20.0,6.129,149.4,0.51
2025-09-24 11:50:58,2025-09-24,11:50:58,out,0.87,19.1,100.0,19.1,19.105,110.5,1.43
2025-09-24 11:51:55,2025-09-24,11:51:55,in,1.74,1310.8,0.0,20.1,6.17,318.2,2.45
2025-09-24 11:52:01,2025-09-24,11:52:01,out,1.36,19.2,100.0,19.2,19.206,129.2,1.51
2025-09-24 11:52:58,2025-09-24,11:52:58,in,0.85,1310.8,0.0,20.1,6.17,323.7,2.48
2025-09-24 11:53:04,2025-09-24,11:53:04,out,1.38,19.2,100.0,19.2,19.206,110.7,1.57
2025-09-24 11:54:02,2025-09-24,11:54:02,in,1.47,1310.8,0.0,20.1,6.17,324.6,2.09
2025-09-24 11:54:08,2025-09-24,11:54:08,out,1.37,19.2,100.0,19.2,19.206,86.3,1.63
2025-09-24 11:55:06,2025-09-24,11:55:06,in,1.56,1310.8,0.0,20.1,6.17,321.0,2.27
2025-09-24 11:55:12,2025-09-24,11:55:12,out,0.73,19.2,100.0,19.2,19.206,53.5,1.47
2025-09-24 11:56:09,2025-09-24,11:56:09,in,1.17,1310.8,0.0,20.1,6.17,322.0,2.28
2025-09-24 11:56:15,2025-09-24,11:56:15,out,0.28,19.2,100.0,19.2,19.206,101.3,1.59
2025-09-24 11:57:12,2025-09-24,11:57:12,in,1.46,1310.8,0.0,20.1,6.17,315.5,2.08
2025-09-24 11:57:18,2025-09-24,11:57:18,out,0.42,19.2,100.0,19.2,19.206,104.1,0.86
2025-09-24 11:58:16,2025-09-24,11:58:16,in,1.3,1310.8,0.0,20.1,6.17,318.6,2.26
2025-09-24 11:58:22,2025-09-24,11:58:22,out,0.75,19.2,100.0,19.2,19.206,113.1,0.92
2025-09-24 11:59:20,2025-09-24,11:59:20,in,1.32,1310.8,0.0,20.2,6.212,324.3,1.94
2025-09-24 11:59:26,2025-09-24,11:59:26,out,1.11,19.3,100.0,19.3,19.307,85.4,1.27
2025-09-24 12:00:23,2025-09-24,12:00:23,in,1.51,1310.8,0.0,20.2,6.212,322.7,1.93
2025-09-24 12:00:29,2025-09-24,12:00:29,out,0.75,19.3,100.0,19.3,19.307,80.1,0.98
2025-09-24 12:01:26,2025-09-24,12:01:26,in,1.26,1310.8,0.0,20.2,6.212,319.8,2.29
2025-09-24 12:01:32,2025-09-24,12:01:32,out,0.88,19.3,100.0,19.3,19.307,55.9,1.04
2025-09-24 12:02:30,2025-09-24,12:02:30,in,1.1,1310.8,0.0,20.2,6.212,325.2,1.98
2025-09-24 12:02:36,2025-09-24,12:02:36,out,0.91,19.4,100.0,19.4,19.407,74.8,1.01
2025-09-24 12:03:34,2025-09-24,12:03:34,in,1.2,1310.8,0.0,20.3,6.253,320.6,2.06
2025-09-24 12:03:40,2025-09-24,12:03:40,out,1.02,19.4,100.0,19.4,19.407,80.3,1.3
2025-09-24 12:04:37,2025-09-24,12:04:37,in,1.51,1310.8,0.0,20.3,6.253,324.0,1.95
2025-09-24 12:04:43,2025-09-24,12:04:43,out,1.0,19.5,100.0,19.5,19.508,76.4,1.2
2025-09-24 12:05:40,2025-09-24,12:05:40,in,0.74,1310.8,0.0,20.3,6.253,345.3,2.04
2025-09-24 12:05:46,2025-09-24,12:05:46,out,1.06,19.5,100.0,19.5,19.508,106.5,1.72
2025-09-24 12:06:44,2025-09-24,12:06:44,in,1.09,1310.8,0.0,20.4,6.295,328.4,1.9
2025-09-24 12:06:50,2025-09-24,12:06:50,out,1.0,19.5,100.0,19.5,19.508,145.0,1.57
2025-09-24 12:07:48,2025-09-24,12:07:48,in,1.18,1310.8,0.0,20.5,6.337,315.5,1.96
2025-09-24 12:07:54,2025-09-24,12:07:54,out,0.95,19.6,100.0,19.6,19.609,140.1,1.4
2025-09-24 12:08:51,2025-09-24,12:08:51,in,1.26,1310.8,0.0,20.6,6.378,315.0,2.16
2025-09-24 12:08:58,2025-09-24,12:08:58,out,1.15,19.7,100.0,19.7,19.709,119.7,1.92
2025-09-24 12:09:54,2025-09-24,12:09:54,in,1.06,1310.8,0.0,20.6,6.378,320.4,1.98
2025-09-24 12:10:01,2025-09-24,12:10:01,out,1.02,19.7,100.0,19.7,19.709,97.3,1.27
2025-09-24 12:10:58,2025-09-24,12:10:58,in,1.35,1310.8,0.0,20.6,6.378,326.0,2.17
2025-09-24 12:11:04,2025-09-24,12:11:04,out,1.0,19.7,100.0,19.7,19.709,62.0,1.33
2025-09-24 12:12:02,2025-09-24,12:12:02,in,1.06,1310.8,0.0,20.6,6.378,335.7,1.37
2025-09-24 12:12:08,2025-09-24,12:12:08,out,1.48,19.8,100.0,19.8,19.81,90.2,1.69
2025-09-24 12:13:05,2025-09-24,12:13:05,in,0.88,1310.8,0.0,20.7,6.42,333.9,1.9
2025-09-24 12:13:12,2025-09-24,12:13:12,out,0.55,19.8,100.0,19.8,19.81,92.3,1.59
2025-09-24 12:14:08,2025-09-24,12:14:08,in,1.03,1310.8,0.0,20.7,6.42,321.4,1.93
2025-09-24 12:14:15,2025-09-24,12:14:15,out,0.95,19.8,100.0,19.8,19.81,99.5,1.1
2025-09-24 12:15:12,2025-09-24,12:15:12,in,0.97,1310.8,0.0,20.7,6.42,328.7,2.39
2025-09-24 12:15:18,2025-09-24,12:15:18,out,0.39,19.8,100.0,19.8,19.81,99.4,0.94
2025-09-24 12:16:16,2025-09-24,12:16:16,in,0.67,1310.8,0.0,20.8,6.461,325.2,2.23
2025-09-24 12:16:22,2025-09-24,12:16:22,out,0.6,19.9,100.0,19.9,19.911,77.8,0.76
2025-09-24 12:17:19,2025-09-24,12:17:19,in,0.65,1310.8,0.0,20.9,6.503,333.2,2.28
2025-09-24 12:17:26,2025-09-24,12:17:26,out,0.59,19.9,100.0,19.9,19.911,99.6,1.0
2025-09-24 12:18:22,2025-09-24,12:18:22,in,0.68,1310.8,0.0,20.9,6.503,349.3,2.17
2025-09-24 12:18:29,2025-09-24,12:18:29,out,0.99,20.0,100.0,20.0,20.012,71.6,1.33
2025-09-24 12:19:26,2025-09-24,12:19:26,in,0.9,1310.8,0.0,20.8,6.461,334.2,1.99
2025-09-24 12:19:32,2025-09-24,12:19:32,out,0.75,20.0,100.0,20.0,20.012,58.6,1.11
2025-09-24 12:20:30,2025-09-24,12:20:30,in,1.17,1310.8,0.0,20.9,6.503,319.0,1.76
2025-09-24 12:20:36,2025-09-24,12:20:36,out,0.78,20.0,100.0,20.0,20.012,88.3,1.03
2025-09-24 12:21:33,2025-09-24,12:21:33,in,1.1,1310.8,0.0,21.0,6.544,326.0,1.93
2025-09-24 12:21:40,2025-09-24,12:21:40,out,0.71,20.1,100.0,20.1,20.112,101.5,1.05
2025-09-24 12:22:36,2025-09-24,12:22:36,in,1.48,1310.8,0.0,21.0,6.544,325.3,2.4
2025-09-24 12:22:43,2025-09-24,12:22:43,out,0.68,20.1,100.0,20.1,20.112,22.6,0.84
2025-09-24 12:23:40,2025-09-24,12:23:40,in,1.23,1310.8,0.0,21.0,6.544,335.3,1.81
2025-09-24 12:23:46,2025-09-24,12:23:46,out,0.87,20.1,100.0,20.1,20.112,48.1,1.15
2025-09-24 12:24:44,2025-09-24,12:24:44,in,1.22,1310.8,0.0,21.0,6.544,327.3,2.33
2025-09-24 12:24:50,2025-09-24,12:24:50,out,0.73,20.2,100.0,20.2,20.213,49.9,1.0
2025-09-24 12:25:47,2025-09-24,12:25:47,in,1.64,1310.8,0.0,21.0,6.544,324.3,2.2
2025-09-24 12:25:54,2025-09-24,12:25:54,out,0.76,20.2,100.0,20.2,20.213,351.6,1.38
2025-09-24 12:26:50,2025-09-24,12:26:50,in,1.69,1310.8,0.0,21.1,6.586,326.6,2.2
2025-09-24 12:26:57,2025-09-24,12:26:57,out,0.71,20.3,100.0,20.3,20.314,9.2,1.14
2025-09-24 12:27:54,2025-09-24,12:27:54,in,1.35,1310.8,0.0,21.2,6.627,326.0,2.15
2025-09-24 12:28:00,2025-09-24,12:28:00,out,0.24,20.4,100.0,20.4,20.414,336.3,0.74
2025-09-24 12:28:58,2025-09-24,12:28:58,in,1.26,1310.8,0.0,21.1,6.586,332.5,2.09
2025-09-24 12:29:04,2025-09-24,12:29:04,out,0.92,20.4,100.0,20.4,20.414,3.5,1.03
2025-09-24 12:30:01,2025-09-24,12:30:01,in,1.72,1310.8,0.0,21.2,6.627,326.8,2.34
2025-09-24 12:30:08,2025-09-24,12:30:08,out,0.84,20.5,100.0,20.5,20.515,40.1,1.18
2025-09-24 12:31:04,2025-09-24,12:31:04,in,1.64,1310.8,0.0,21.3,6.669,333.5,2.03
2025-09-24 12:31:11,2025-09-24,12:31:11,out,0.81,20.5,100.0,20.5,20.515,46.7,1.26
2025-09-24 12:32:08,2025-09-24,12:32:08,in,1.35,1310.8,0.0,21.3,6.669,334.8,1.91
2025-09-24 12:32:14,2025-09-24,12:32:14,out,0.49,20.6,100.0,20.6,20.616,6.4,0.89
2025-09-24 12:33:12,2025-09-24,12:33:12,in,1.53,1310.8,0.0,21.3,6.669,327.0,2.41
2025-09-24 12:33:18,2025-09-24,12:33:18,out,0.52,20.6,100.0,20.6,20.616,15.0,0.85
2025-09-24 12:34:15,2025-09-24,12:34:15,in,1.64,1310.8,0.0,21.3,6.669,325.1,2.58
2025-09-24 12:34:22,2025-09-24,12:34:22,out,0.54,20.7,100.0,20.7,20.717,5.4,0.67
2025-09-24 12:35:18,2025-09-24,12:35:18,in,1.27,1310.8,0.0,21.4,6.71,324.0,2.22
2025-09-24 12:35:25,2025-09-24,12:35:25,out,0.62,20.7,100.0,20.7,20.717,11.8,0.98
2025-09-24 12:36:22,2025-09-24,12:36:22,in,1.43,1310.8,0.0,21.5,6.752,332.2,2.07
2025-09-24 12:36:28,2025-09-24,12:36:28,out,1.35,20.8,100.0,20.8,20.817,42.2,1.42
2025-09-24 12:37:26,2025-09-24,12:37:26,in,1.81,1310.8,0.0,21.6,6.793,323.3,2.57
2025-09-24 12:37:32,2025-09-24,12:37:32,out,1.29,20.8,100.0,20.8,20.817,34.4,1.68
2025-09-24 12:38:29,2025-09-24,12:38:29,in,1.37,1310.8,0.0,21.7,6.835,325.1,2.6
2025-09-24 12:38:36,2025-09-24,12:38:36,out,0.73,20.9,100.0,20.9,20.918,42.8,1.26
2025-09-24 12:39:32,2025-09-24,12:39:32,in,1.59,1310.8,0.0,21.6,6.793,327.6,2.45
2025-09-24 12:39:39,2025-09-24,12:39:39,out,0.87,20.9,100.0,20.9,20.918,34.5,1.5
2025-09-24 12:40:36,2025-09-24,12:40:36,in,1.44,1310.8,0.0,21.7,6.835,326.7,2.28
2025-09-24 12:40:42,2025-09-24,12:40:42,out,1.01,21.0,100.0,21.0,21.019,27.2,1.49
2025-09-24 12:41:40,2025-09-24,12:41:40,in,1.68,1310.8,0.0,21.6,6.793,333.2,2.51
2025-09-24 12:41:46,2025-09-24,12:41:46,out,0.95,21.0,100.0,21.0,21.019,16.9,1.38
2025-09-24 12:42:43,2025-09-24,12:42:43,in,1.17,1310.8,0.0,21.6,6.793,335.1,2.28
2025-09-24 12:42:50,2025-09-24,12:42:50,out,1.25,21.1,100.0,21.1,21.119,41.0,1.33
2025-09-24 12:43:47,2025-09-24,12:43:47,in,1.31,1310.8,0.0,21.7,6.835,323.2,2.5
2025-09-24 12:43:53,2025-09-24,12:43:53,out,0.88,21.1,100.0,21.1,21.119,40.4,1.48
2025-09-24 12:44:50,2025-09-24,12:44:50,in,1.23,1310.8,0.0,21.8,6.876,329.9,2.23
2025-09-24 12:44:56,2025-09-24,12:44:56,out,0.31,21.2,100.0,21.2,21.22,338.3,0.88
2025-09-24 12:45:54,2025-09-24,12:45:54,in,2.05,,,1310.8,,22.0,0.0
2025-09-24 12:46:00,2025-09-24,12:46:00,out,1.16,21.2,100.0,21.2,21.22,68.9,1.33
2025-09-24 12:46:57,2025-09-24,12:46:57,in,1.93,1310.8,0.0,21.9,6.918,328.3,2.28
2025-09-24 12:47:04,2025-09-24,12:47:04,out,0.99,21.3,100.0,21.3,21.321,44.1,1.29
2025-09-24 12:48:00,2025-09-24,12:48:00,in,1.59,1310.8,0.0,21.9,6.918,321.1,2.31
2025-09-24 12:48:07,2025-09-24,12:48:07,out,0.81,21.3,100.0,21.3,21.321,347.0,1.2
2025-09-24 12:49:04,2025-09-24,12:49:04,in,1.48,1310.8,0.0,21.9,6.918,327.2,2.24
2025-09-24 12:49:10,2025-09-24,12:49:10,out,0.86,21.4,100.0,21.4,21.422,18.0,1.18
2025-09-24 12:50:08,2025-09-24,12:50:08,in,1.39,1310.8,0.0,22.0,6.959,319.1,2.09
2025-09-24 12:50:14,2025-09-24,12:50:14,out,1.18,21.4,100.0,21.4,21.422,20.0,1.45
2025-09-24 12:51:11,2025-09-24,12:51:11,in,1.54,1310.8,0.0,22.1,7.001,328.1,2.07
2025-09-24 12:51:18,2025-09-24,12:51:18,out,1.14,21.5,100.0,21.5,21.522,359.9,1.33
2025-09-24 12:52:15,2025-09-24,12:52:15,in,1.04,1310.8,0.0,22.1,7.001,306.9,2.03
2025-09-24 12:52:21,2025-09-24,12:52:21,out,1.33,21.5,100.0,21.5,21.522,21.7,1.57
2025-09-24 12:53:18,2025-09-24,12:53:18,in,2.22,1310.8,0.0,22.1,7.001,321.7,2.53
2025-09-24 12:53:24,2025-09-24,12:53:24,out,0.96,21.4,100.0,21.4,21.422,351.8,1.36
2025-09-24 12:54:22,2025-09-24,12:54:22,in,1.24,1310.8,0.0,22.1,7.001,326.7,2.4
2025-09-24 12:54:28,2025-09-24,12:54:28,out,0.77,21.4,100.0,21.4,21.422,44.5,1.21
2025-09-24 12:55:26,2025-09-24,12:55:26,in,1.5,1310.8,0.0,22.2,7.042,323.3,1.76
2025-09-24 12:55:32,2025-09-24,12:55:32,out,1.06,21.5,100.0,21.5,21.522,356.4,1.49
2025-09-24 12:56:29,2025-09-24,12:56:29,in,0.14,1310.8,0.0,22.2,7.042,75.3,2.1
2025-09-24 12:56:35,2025-09-24,12:56:35,out,0.4,21.5,100.0,21.5,21.522,356.9,1.37
2025-09-24 12:57:32,2025-09-24,12:57:32,in,0.74,1310.8,0.0,22.3,7.084,311.1,1.26
2025-09-24 12:57:38,2025-09-24,12:57:38,out,0.68,21.6,100.0,21.6,21.623,21.3,0.85
2025-09-24 12:58:36,2025-09-24,12:58:36,in,0.23,1310.8,0.0,22.3,7.084,23.9,1.12
2025-09-24 12:58:42,2025-09-24,12:58:42,out,0.56,21.6,100.0,21.6,21.623,30.9,0.94
2025-09-24 12:59:40,2025-09-24,12:59:40,in,0.03,1310.8,0.0,22.4,7.125,9.6,0.21
2025-09-24 12:59:46,2025-09-24,12:59:46,out,0.64,21.7,100.0,21.7,21.724,95.0,0.87
2025-09-24 13:00:42,2025-09-24,13:00:42,in,0.23,1310.8,0.0,22.4,7.125,88.6,0.35
2025-09-24 13:00:49,2025-09-24,13:00:49,out,0.73,21.7,100.0,21.7,21.724,59.0,1.27
2025-09-24 13:01:46,2025-09-24,13:01:46,in,0.35,1310.8,0.0,22.4,7.125,330.8,0.68
2025-09-24 13:01:52,2025-09-24,13:01:52,out,0.88,21.7,100.0,21.7,21.724,89.0,1.1
2025-09-24 13:02:50,2025-09-24,13:02:50,in,0.5,,,1310.8,,22.4,0.0
2025-09-24 13:02:56,2025-09-24,13:02:56,out,0.54,21.7,100.0,21.7,21.724,121.8,1.03
2025-09-24 13:03:54,2025-09-24,13:03:54,in,0.07,1310.8,0.0,22.5,7.167,66.6,0.47
2025-09-24 13:04:00,2025-09-24,13:04:00,out,0.33,21.8,100.0,21.8,21.824,73.0,0.55
2025-09-24 13:04:56,2025-09-24,13:04:56,in,0.39,1310.8,0.0,22.5,7.167,129.7,0.62
2025-09-24 13:05:03,2025-09-24,13:05:03,out,0.34,21.9,100.0,21.9,21.925,117.0,1.05
2025-09-24 13:06:00,2025-09-24,13:06:00,in,0.13,1310.8,0.0,22.6,7.209,177.4,1.07
2025-09-24 13:06:06,2025-09-24,13:06:06,out,0.61,21.9,100.0,21.9,21.925,150.7,1.3
2025-09-24 13:07:04,2025-09-24,13:07:04,in,0.2,1310.8,0.0,22.7,7.25,298.3,0.48
2025-09-24 13:07:10,2025-09-24,13:07:10,out,0.61,22.0,100.0,22.0,22.026,153.7,1.24
2025-09-24 13:08:08,2025-09-24,13:08:08,in,0.07,1310.8,0.0,22.7,7.25,298.3,0.21
2025-09-24 13:08:14,2025-09-24,13:08:14,out,0.77,22.0,100.0,22.0,22.026,131.8,1.12
2025-09-24 13:09:11,2025-09-24,13:09:11,in,0.23,1310.8,0.0,22.8,7.292,124.7,0.37
2025-09-24 13:09:17,2025-09-24,13:09:17,out,1.37,22.0,100.0,22.0,22.026,117.7,1.94
2025-09-24 13:10:14,2025-09-24,13:10:14,in,0.22,1310.8,0.0,22.8,7.292,116.4,0.5
2025-09-24 13:10:20,2025-09-24,13:10:20,out,1.41,22.0,100.0,22.0,22.026,135.0,1.69
2025-09-24 13:11:18,2025-09-24,13:11:18,in,0.12,1310.8,0.0,22.9,7.333,71.1,0.36
2025-09-24 13:11:24,2025-09-24,13:11:24,out,0.93,22.0,100.0,22.0,22.026,138.4,1.73
2025-09-24 13:12:22,2025-09-24,13:12:22,in,0.16,1310.8,0.0,22.9,7.333,296.2,0.55
2025-09-24 13:12:28,2025-09-24,13:12:28,out,1.01,22.0,100.0,22.0,22.026,137.9,1.85
2025-09-24 13:13:25,2025-09-24,13:13:25,in,0.08,1310.8,0.0,22.9,7.333,298.7,0.68
2025-09-24 13:13:31,2025-09-24,13:13:31,out,1.99,22.1,100.0,22.1,22.127,134.3,2.33
2025-09-24 13:14:34,2025-09-24,13:14:34,out,1.01,22.0,100.0,22.0,22.026,135.3,2.39
2025-09-24 13:14:58,2025-09-24,13:14:58,in,0.22,1310.8,0.0,23.0,7.374,142.8,0.53
2025-09-24 13:15:38,2025-09-24,13:15:38,out,1.58,22.1,100.0,22.1,22.127,139.6,2.01
2025-09-24 13:15:59,2025-09-24,13:15:59,in,0.3,1310.8,0.0,23.0,7.374,140.7,0.49
2025-09-24 13:16:42,2025-09-24,13:16:42,out,1.94,22.1,100.0,22.1,22.127,126.3,2.33
2025-09-24 13:17:02,2025-09-24,13:17:02,in,0.43,1310.8,0.0,23.1,7.416,306.6,0.56
2025-09-24 13:17:45,2025-09-24,13:17:45,out,0.67,22.0,100.0,22.0,22.026,168.7,2.26
2025-09-24 13:18:06,2025-09-24,13:18:06,in,0.2,1310.8,0.0,23.1,7.416,8.7,0.84
2025-09-24 13:18:48,2025-09-24,13:18:48,out,1.64,,,22.0,,22.0,10.0
2025-09-24 13:19:10,2025-09-24,13:19:10,in,0.34,1310.8,0.0,23.1,7.416,310.2,0.88
2025-09-24 13:19:52,2025-09-24,13:19:52,out,0.58,22.1,100.0,22.1,22.127,167.5,1.69
2025-09-24 13:20:13,2025-09-24,13:20:13,in,0.43,1310.8,0.0,23.1,7.416,318.8,0.79
2025-09-24 13:20:56,2025-09-24,13:20:56,out,0.41,22.1,100.0,22.1,22.127,198.5,1.48
2025-09-24 13:21:16,2025-09-24,13:21:16,in,0.5,1310.8,0.0,23.1,7.416,333.1,0.89
2025-09-24 13:22:00,2025-09-24,13:22:00,out,1.88,,,21.9,,21.9,10.0
2025-09-24 13:22:20,2025-09-24,13:22:20,in,0.98,,,1310.8,,23.0,0.0
2025-09-24 13:23:02,2025-09-24,13:23:02,out,0.44,21.6,100.0,21.6,21.623,243.7,1.43
2025-09-24 13:23:24,2025-09-24,13:23:24,in,0.45,1310.8,0.0,22.8,7.292,335.9,1.0
2025-09-24 13:24:06,2025-09-24,13:24:06,out,0.67,21.6,100.0,21.6,21.623,202.6,0.95
2025-09-24 13:24:27,2025-09-24,13:24:27,in,0.59,1310.8,0.0,22.5,7.167,321.4,0.99
2025-09-24 13:25:10,2025-09-24,13:25:10,out,0.94,21.4,100.0,21.4,21.422,191.3,1.57
2025-09-24 13:25:30,2025-09-24,13:25:30,in,0.53,1310.8,0.0,22.5,7.167,333.5,1.57
2025-09-24 13:26:13,2025-09-24,13:26:13,out,0.67,21.3,100.0,21.3,21.321,196.4,0.86
2025-09-24 13:26:34,2025-09-24,13:26:34,in,0.4,1310.8,0.0,22.5,7.167,328.0,0.85
2025-09-24 13:27:16,2025-09-24,13:27:16,out,0.75,21.3,100.0,21.3,21.321,189.5,1.42
2025-09-24 13:27:38,2025-09-24,13:27:38,in,0.52,1310.8,0.0,22.5,7.167,322.5,0.84
2025-09-24 13:28:20,2025-09-24,13:28:20,out,0.23,21.3,100.0,21.3,21.321,139.6,0.95
2025-09-24 13:28:41,2025-09-24,13:28:41,in,0.57,1310.8,0.0,22.6,7.209,318.3,0.75
2025-09-24 13:29:24,2025-09-24,13:29:24,out,0.65,21.4,100.0,21.4,21.422,207.4,0.7
2025-09-24 13:29:44,2025-09-24,13:29:44,in,0.48,1310.8,0.0,22.6,7.209,334.0,0.73
2025-09-24 13:30:27,2025-09-24,13:30:27,out,0.84,21.4,100.0,21.4,21.422,184.3,1.05
2025-09-24 13:30:48,2025-09-24,13:30:48,in,0.28,1310.8,0.0,22.6,7.209,2.4,1.14
2025-09-24 13:31:30,2025-09-24,13:31:30,out,1.4,21.4,100.0,21.4,21.422,228.0,1.9
2025-09-24 13:31:52,2025-09-24,13:31:52,in,0.48,1310.8,0.0,22.7,7.25,287.8,0.62
2025-09-24 13:32:34,2025-09-24,13:32:34,out,1.26,21.3,100.0,21.3,21.321,220.9,2.15
2025-09-24 13:32:55,2025-09-24,13:32:55,in,0.64,1310.8,0.0,22.9,7.333,318.5,0.79
2025-09-24 13:33:38,2025-09-24,13:33:38,out,1.47,21.2,100.0,21.2,21.22,256.7,2.18
2025-09-24 13:33:58,2025-09-24,13:33:58,in,0.32,1310.8,0.0,23.0,7.374,1.0,1.4
2025-09-24 13:34:41,2025-09-24,13:34:41,out,0.89,21.2,100.0,21.2,21.22,201.9,1.23
2025-09-24 13:35:02,2025-09-24,13:35:02,in,0.61,1310.8,0.0,23.0,7.374,326.3,0.99
2025-09-24 13:35:44,2025-09-24,13:35:44,out,1.93,,,21.2,,21.2,10.0
2025-09-24 13:36:06,2025-09-24,13:36:06,in,1.66,1310.8,0.0,23.1,7.416,319.3,2.37
2025-09-24 13:36:48,2025-09-24,13:36:48,out,1.09,21.1,100.0,21.1,21.119,201.8,1.7
2025-09-24 13:37:09,2025-09-24,13:37:09,in,1.32,1310.8,0.0,23.3,7.499,315.8,1.97
2025-09-24 13:37:52,2025-09-24,13:37:52,out,1.07,21.1,100.0,21.1,21.119,224.4,1.32
2025-09-24 13:38:12,2025-09-24,13:38:12,in,1.56,1310.8,0.0,23.4,7.54,310.9,2.12
2025-09-24 13:38:55,2025-09-24,13:38:55,out,1.63,21.2,100.0,21.2,21.22,199.2,2.45
2025-09-24 13:39:16,2025-09-24,13:39:16,in,1.01,1310.8,0.0,23.6,7.623,311.5,2.76
2025-09-24 13:39:58,2025-09-24,13:39:58,out,1.29,21.1,100.0,21.1,21.119,208.9,1.78
2025-09-24 13:40:20,2025-09-24,13:40:20,in,1.28,1310.8,0.0,23.7,7.665,324.2,1.95
2025-09-24 13:41:02,2025-09-24,13:41:02,out,0.87,21.2,100.0,21.2,21.22,216.1,1.14
2025-09-24 13:41:23,2025-09-24,13:41:23,in,1.43,1310.8,0.0,23.8,7.706,318.3,2.37
2025-09-24 13:42:06,2025-09-24,13:42:06,out,2.06,21.1,100.0,21.1,21.119,214.6,3.07
2025-09-24 13:42:26,2025-09-24,13:42:26,in,1.58,1310.8,0.0,23.8,7.706,334.6,2.2
2025-09-24 13:43:09,2025-09-24,13:43:09,out,1.14,21.0,100.0,21.0,21.019,205.5,2.79
2025-09-24 13:43:30,2025-09-24,13:43:30,in,1.37,1310.8,0.0,23.9,7.748,328.2,2.17
2025-09-24 13:44:12,2025-09-24,13:44:12,out,1.49,21.1,100.0,21.1,21.119,210.7,2.42
2025-09-24 13:44:34,2025-09-24,13:44:34,in,1.42,1310.8,0.0,23.9,7.748,316.4,1.99
2025-09-24 13:45:16,2025-09-24,13:45:16,out,1.85,21.1,100.0,21.1,21.119,211.0,2.96
2025-09-24 13:45:37,2025-09-24,13:45:37,in,1.2,1310.8,0.0,24.0,7.789,303.9,2.09
2025-09-24 13:46:20,2025-09-24,13:46:20,out,2.29,21.1,100.0,21.1,21.119,223.4,3.05
2025-09-24 13:46:40,2025-09-24,13:46:40,in,1.4,1310.8,0.0,24.0,7.789,317.4,2.39
2025-09-24 13:47:23,2025-09-24,13:47:23,out,1.87,21.2,100.0,21.2,21.22,213.0,2.47
2025-09-24 13:47:44,2025-09-24,13:47:44,in,1.1,1310.8,0.0,24.1,7.831,318.9,2.3
2025-09-24 13:48:26,2025-09-24,13:48:26,out,1.29,21.3,100.0,21.3,21.321,216.6,1.88
2025-09-24 13:48:48,2025-09-24,13:48:48,in,1.18,1310.8,0.0,24.1,7.831,313.0,2.11
2025-09-24 13:49:30,2025-09-24,13:49:30,out,1.6,21.3,100.0,21.3,21.321,222.9,2.4
2025-09-24 13:49:51,2025-09-24,13:49:51,in,1.13,1310.8,0.0,24.2,7.872,317.1,1.95
2025-09-24 13:50:34,2025-09-24,13:50:34,out,1.2,21.3,100.0,21.3,21.321,254.5,2.39
2025-09-24 13:50:54,2025-09-24,13:50:54,in,1.61,1310.8,0.0,24.1,7.831,319.3,2.17
2025-09-24 13:51:37,2025-09-24,13:51:37,out,1.61,21.4,100.0,21.4,21.422,222.0,1.97
2025-09-24 13:51:58,2025-09-24,13:51:58,in,0.65,1310.8,0.0,24.2,7.872,328.6,1.89
2025-09-24 13:52:40,2025-09-24,13:52:40,out,0.95,21.5,100.0,21.5,21.522,225.1,1.8
2025-09-24 13:53:02,2025-09-24,13:53:02,in,1.9,1310.8,0.0,24.3,7.914,316.7,2.53
2025-09-24 13:53:44,2025-09-24,13:53:44,out,0.55,21.5,100.0,21.5,21.522,116.6,1.37
2025-09-24 13:54:05,2025-09-24,13:54:05,in,1.27,1310.8,0.0,24.3,7.914,323.3,2.12
2025-09-24 13:54:48,2025-09-24,13:54:48,out,1.6,21.6,100.0,21.6,21.623,202.7,1.74
2025-09-24 13:55:08,2025-09-24,13:55:08,in,1.55,1310.8,0.0,24.4,7.955,314.8,2.44
2025-09-24 13:55:51,2025-09-24,13:55:51,out,1.85,21.7,100.0,21.7,21.724,213.1,2.09
2025-09-24 13:56:12,2025-09-24,13:56:12,in,1.75,1310.8,0.0,24.4,7.955,315.1,2.62
2025-09-24 13:56:54,2025-09-24,13:56:54,out,0.86,21.8,100.0,21.8,21.824,220.9,2.04
2025-09-24 13:57:16,2025-09-24,13:57:16,in,1.48,1310.8,0.0,24.5,7.997,312.2,2.06
2025-09-24 13:57:58,2025-09-24,13:57:58,out,1.01,21.8,100.0,21.8,21.824,186.6,2.02
2025-09-24 13:58:19,2025-09-24,13:58:19,in,1.66,1310.8,0.0,24.5,7.997,313.0,2.44
2025-09-24 13:59:02,2025-09-24,13:59:02,out,1.99,21.9,100.0,21.9,21.925,228.9,2.37
2025-09-24 13:59:22,2025-09-24,13:59:22,in,1.49,1310.8,0.0,24.6,8.038,318.4,2.16
2025-09-24 14:00:05,2025-09-24,14:00:05,out,0.48,22.0,100.0,22.0,22.026,186.6,2.43
2025-09-24 14:00:26,2025-09-24,14:00:26,in,1.55,1310.8,0.0,24.6,8.038,322.0,1.93
2025-09-24 14:01:08,2025-09-24,14:01:08,out,0.54,22.1,100.0,22.1,22.127,235.4,1.88
2025-09-24 14:01:30,2025-09-24,14:01:30,in,1.41,1310.8,0.0,24.6,8.038,310.0,2.38
2025-09-24 14:02:12,2025-09-24,14:02:12,out,0.58,22.2,100.0,22.2,22.227,178.1,2.03
2025-09-24 14:02:33,2025-09-24,14:02:33,in,1.43,1310.8,0.0,24.7,8.08,316.6,2.37
2025-09-24 14:03:16,2025-09-24,14:03:16,out,0.39,22.3,100.0,22.3,22.328,291.3,1.58
2025-09-24 14:03:36,2025-09-24,14:03:36,in,1.19,1310.8,0.0,24.7,8.08,308.4,2.01
2025-09-24 14:04:19,2025-09-24,14:04:19,out,0.38,22.4,100.0,22.4,22.429,259.0,1.25
2025-09-24 14:04:40,2025-09-24,14:04:40,in,1.93,1310.8,0.0,24.7,8.08,310.0,2.18
2025-09-24 14:05:22,2025-09-24,14:05:22,out,0.49,22.4,100.0,22.4,22.429,159.6,1.45
2025-09-24 14:05:44,2025-09-24,14:05:44,in,2.44,,,1310.8,,24.7,0.0
2025-09-24 14:06:26,2025-09-24,14:06:26,out,0.61,22.3,100.0,22.3,22.328,204.5,2.47
2025-09-24 14:06:47,2025-09-24,14:06:47,in,1.1,1310.8,0.0,24.7,8.08,315.3,2.03
2025-09-24 14:07:30,2025-09-24,14:07:30,out,0.46,22.4,100.0,22.4,22.429,188.6,1.69
2025-09-24 14:07:50,2025-09-24,14:07:50,in,1.74,1310.8,0.0,24.7,8.08,314.6,2.14
2025-09-24 14:08:33,2025-09-24,14:08:33,out,1.88,22.3,100.0,22.3,22.328,203.9,2.18
2025-09-24 14:08:54,2025-09-24,14:08:54,in,1.06,1310.8,0.0,24.7,8.08,315.6,1.98
2025-09-24 14:09:36,2025-09-24,14:09:36,out,1.05,22.2,100.0,22.2,22.227,197.2,2.21
2025-09-24 14:09:58,2025-09-24,14:09:58,in,1.19,1310.8,0.0,24.7,8.08,321.3,2.49
2025-09-24 14:10:40,2025-09-24,14:10:40,out,0.74,22.3,100.0,22.3,22.328,198.5,1.32
2025-09-24 14:11:01,2025-09-24,14:11:01,in,1.12,1310.8,0.0,24.7,8.08,328.5,1.85
2025-09-24 14:11:44,2025-09-24,14:11:44,out,0.58,22.4,100.0,22.4,22.429,234.9,1.08
2025-09-24 14:12:04,2025-09-24,14:12:04,in,1.44,1310.8,0.0,24.7,8.08,321.6,1.92
2025-09-24 14:12:47,2025-09-24,14:12:47,out,1.25,22.3,100.0,22.3,22.328,193.2,1.7
2025-09-24 14:13:08,2025-09-24,14:13:08,in,1.35,1310.8,0.0,24.7,8.08,313.2,1.9
2025-09-24 14:13:50,2025-09-24,14:13:50,out,0.08,22.4,100.0,22.4,22.429,120.0,1.68
2025-09-24 14:14:12,2025-09-24,14:14:12,in,1.33,1310.8,0.0,24.7,8.08,311.8,2.48
2025-09-24 14:14:54,2025-09-24,14:14:54,out,1.92,22.5,100.0,22.5,22.529,213.4,2.04
2025-09-24 14:15:15,2025-09-24,14:15:15,in,1.68,1310.8,0.0,24.7,8.08,317.7,2.06
2025-09-24 14:15:58,2025-09-24,14:15:58,out,1.46,22.4,100.0,22.4,22.429,214.8,2.01
2025-09-24 14:16:18,2025-09-24,14:16:18,in,1.43,1310.8,0.0,24.7,8.08,323.9,2.01
2025-09-24 14:17:01,2025-09-24,14:17:01,out,0.61,22.5,100.0,22.5,22.529,215.5,1.42
2025-09-24 14:17:22,2025-09-24,14:17:22,in,1.46,1310.8,0.0,24.7,8.08,320.9,2.17
2025-09-24 14:18:04,2025-09-24,14:18:04,out,1.0,22.6,100.0,22.6,22.63,243.7,1.99
2025-09-24 14:18:26,2025-09-24,14:18:26,in,1.57,1310.8,0.0,24.7,8.08,321.1,2.06
2025-09-24 14:19:08,2025-09-24,14:19:08,out,1.09,22.6,100.0,22.6,22.63,210.9,1.33
2025-09-24 14:19:29,2025-09-24,14:19:29,in,1.41,1310.8,0.0,24.7,8.08,318.2,2.26
2025-09-24 14:20:12,2025-09-24,14:20:12,out,0.83,22.7,100.0,22.7,22.731,244.8,0.99
2025-09-24 14:20:32,2025-09-24,14:20:32,in,1.45,1310.8,0.0,24.7,8.08,325.0,2.38
2025-09-24 14:21:15,2025-09-24,14:21:15,out,0.2,22.7,100.0,22.7,22.731,183.0,1.0
2025-09-24 14:21:36,2025-09-24,14:21:36,in,1.44,1310.8,0.0,24.6,8.038,325.2,1.95
2025-09-24 14:22:18,2025-09-24,14:22:18,out,0.26,22.8,100.0,22.8,22.832,8.9,0.38
2025-09-24 14:22:40,2025-09-24,14:22:40,in,1.23,1310.8,0.0,24.5,7.997,326.9,2.23
2025-09-24 14:23:22,2025-09-24,14:23:22,out,0.27,23.0,100.0,23.0,23.033,318.6,0.33
2025-09-24 14:23:43,2025-09-24,14:23:43,in,1.63,1310.8,0.0,24.5,7.997,319.4,2.2
2025-09-24 14:24:26,2025-09-24,14:24:26,out,0.77,23.0,100.0,23.0,23.033,218.3,1.3
2025-09-24 14:24:46,2025-09-24,14:24:46,in,1.84,1310.8,0.0,24.6,8.038,316.9,2.41
2025-09-24 14:25:29,2025-09-24,14:25:29,out,0.59,23.0,100.0,23.0,23.033,271.0,0.78
2025-09-24 14:25:50,2025-09-24,14:25:50,in,1.71,1310.8,0.0,24.6,8.038,321.9,2.42
2025-09-24 14:26:32,2025-09-24,14:26:32,out,0.7,23.1,100.0,23.1,23.134,233.4,0.78
2025-09-24 14:26:54,2025-09-24,14:26:54,in,1.17,1310.8,0.0,24.7,8.08,322.7,1.82
2025-09-24 14:27:36,2025-09-24,14:27:36,out,0.27,23.1,100.0,23.2,23.234,218.3,0.99
2025-09-24 14:27:58,2025-09-24,14:27:58,in,1.5,1310.8,0.0,24.8,8.121,318.2,2.02
2025-09-24 14:28:40,2025-09-24,14:28:40,out,1.25,23.2,100.0,23.2,23.234,227.9,1.44
2025-09-24 14:29:01,2025-09-24,14:29:01,in,1.4,1310.8,0.0,24.8,8.121,319.7,2.15
2025-09-24 14:29:43,2025-09-24,14:29:43,out,0.6,23.2,100.0,23.2,23.234,186.0,1.3
2025-09-24 14:30:04,2025-09-24,14:30:04,in,0.92,1310.8,0.0,24.9,8.163,323.4,2.54
2025-09-24 14:30:46,2025-09-24,14:30:46,out,1.12,23.2,100.0,23.2,23.234,237.1,1.4
2025-09-24 14:31:08,2025-09-24,14:31:08,in,1.81,1310.8,0.0,24.9,8.163,319.0,2.19
2025-09-24 14:31:50,2025-09-24,14:31:50,out,0.56,23.3,100.0,23.3,23.335,266.1,1.59
2025-09-24 14:32:12,2025-09-24,14:32:12,in,1.4,1310.8,0.0,25.0,8.204,316.8,2.31
2025-09-24 14:32:54,2025-09-24,14:32:54,out,0.98,23.5,100.0,23.5,23.537,249.0,1.31
2025-09-24 14:33:15,2025-09-24,14:33:15,in,1.5,1310.8,0.0,25.0,8.204,324.6,2.16
2025-09-24 14:33:57,2025-09-24,14:33:57,out,1.26,23.5,100.0,23.5,23.537,264.7,1.46
2025-09-24 14:34:18,2025-09-24,14:34:18,in,1.97,1310.8,0.0,25.0,8.204,320.5,2.3
2025-09-24 14:35:00,2025-09-24,14:35:00,out,0.78,23.4,100.0,23.4,23.436,267.8,1.55
2025-09-24 14:35:22,2025-09-24,14:35:22,in,1.84,1310.8,0.0,24.9,8.163,327.4,2.02
2025-09-24 14:36:04,2025-09-24,14:36:04,out,0.58,23.4,100.0,23.4,23.436,273.6,1.17
2025-09-24 14:36:26,2025-09-24,14:36:26,in,1.6,1310.8,0.0,24.9,8.163,318.8,2.3
2025-09-24 14:37:08,2025-09-24,14:37:08,out,0.45,23.5,100.0,23.5,23.537,268.1,0.96
2025-09-24 14:37:29,2025-09-24,14:37:29,in,1.52,1310.8,0.0,24.9,8.163,315.2,2.25
2025-09-24 14:38:11,2025-09-24,14:38:11,out,1.0,23.5,100.0,23.5,23.537,243.3,1.37
2025-09-24 14:38:32,2025-09-24,14:38:32,in,1.47,1310.8,0.0,24.8,8.121,325.2,2.49
2025-09-24 14:39:14,2025-09-24,14:39:14,out,0.53,23.5,100.0,23.5,23.537,282.8,0.82
2025-09-24 14:39:36,2025-09-24,14:39:36,in,1.79,1310.8,0.0,24.9,8.163,319.9,2.26
2025-09-24 14:40:18,2025-09-24,14:40:18,out,0.7,23.6,100.0,23.6,23.637,263.1,0.83
2025-09-24 14:40:40,2025-09-24,14:40:40,in,1.75,1310.8,0.0,24.9,8.163,319.4,2.25
2025-09-24 14:41:22,2025-09-24,14:41:22,out,1.24,23.7,100.0,23.7,23.738,236.8,1.5
2025-09-24 14:41:43,2025-09-24,14:41:43,in,2.01,1310.8,0.0,24.9,8.163,321.4,2.44
2025-09-24 14:42:25,2025-09-24,14:42:25,out,1.32,23.6,100.0,23.6,23.637,231.1,1.48
2025-09-24 14:42:46,2025-09-24,14:42:46,in,1.32,1310.8,0.0,25.0,8.204,332.2,2.14
2025-09-24 14:43:28,2025-09-24,14:43:28,out,1.21,23.7,100.0,23.7,23.738,217.8,1.51
2025-09-24 14:43:50,2025-09-24,14:43:50,in,1.58,1310.8,0.0,25.0,8.204,334.6,2.15
2025-09-24 14:44:32,2025-09-24,14:44:32,out,1.13,23.6,100.0,23.6,23.637,241.2,1.8
2025-09-24 14:44:54,2025-09-24,14:44:54,in,1.56,1310.8,0.0,25.0,8.204,332.1,2.09
2025-09-24 14:45:36,2025-09-24,14:45:36,out,1.0,23.7,99.9,23.7,23.725,243.9,1.29
2025-09-24 14:45:57,2025-09-24,14:45:57,in,1.72,1310.8,0.0,25.0,8.204,323.4,2.18
2025-09-24 14:46:39,2025-09-24,14:46:39,out,0.29,23.7,99.4,23.8,23.759,228.4,1.14
2025-09-24 14:47:00,2025-09-24,14:47:00,in,1.29,1310.8,0.0,25.0,8.204,323.4,2.09
2025-09-24 14:47:42,2025-09-24,14:47:42,out,0.13,23.9,100.0,23.9,23.939,84.7,0.62
2025-09-24 14:48:04,2025-09-24,14:48:04,in,1.12,1310.8,0.0,25.0,8.204,320.2,1.9
2025-09-24 14:48:46,2025-09-24,14:48:46,out,0.46,24.0,99.7,24.0,24.0,161.7,0.95
2025-09-24 14:49:08,2025-09-24,14:49:08,in,1.12,1310.8,0.0,25.1,8.246,320.3,2.25
2025-09-24 14:49:50,2025-09-24,14:49:50,out,1.38,23.8,98.3,24.1,23.915,252.8,1.78
2025-09-24 14:50:11,2025-09-24,14:50:11,in,1.53,1310.8,0.0,25.1,8.246,324.8,2.8
2025-09-24 14:50:53,2025-09-24,14:50:53,out,1.55,23.1,94.3,24.1,23.383,242.5,2.4
2025-09-24 14:51:14,2025-09-24,14:51:14,in,1.61,1310.8,0.0,25.2,8.287,326.1,2.33
2025-09-24 14:51:56,2025-09-24,14:51:56,out,1.72,22.7,91.9,24.1,23.063,233.6,2.23
2025-09-24 14:52:18,2025-09-24,14:52:18,in,1.75,1310.8,0.0,25.2,8.287,331.1,2.2
2025-09-24 14:53:00,2025-09-24,14:53:00,out,1.42,22.3,89.9,24.1,22.797,239.0,1.76
2025-09-24 14:53:22,2025-09-24,14:53:22,in,1.59,1310.8,0.0,25.2,8.287,322.5,2.31
2025-09-24 14:54:04,2025-09-24,14:54:04,out,0.79,22.5,90.2,24.2,22.935,234.6,1.27
2025-09-24 14:54:25,2025-09-24,14:54:25,in,1.55,1310.8,0.0,25.1,8.246,317.9,2.19
2025-09-24 14:55:07,2025-09-24,14:55:07,out,0.67,22.5,90.3,24.2,22.948,212.5,1.11
2025-09-24 14:55:28,2025-09-24,14:55:28,in,1.38,1310.8,0.0,25.2,8.287,318.9,1.99
2025-09-24 14:56:10,2025-09-24,14:56:10,out,0.51,22.6,90.2,24.3,23.034,232.3,0.83
2025-09-24 14:56:32,2025-09-24,14:56:32,in,1.31,1310.8,0.0,25.2,8.287,320.6,1.78
2025-09-24 14:57:14,2025-09-24,14:57:14,out,1.13,19.8,75.5,24.4,21.141,215.1,1.57
2025-09-24 14:57:36,2025-09-24,14:57:36,in,1.43,1310.8,0.0,25.3,8.328,324.1,2.09
2025-09-24 14:58:18,2025-09-24,14:58:18,out,0.62,18.3,68.9,24.4,20.227,212.5,1.47
2025-09-24 14:58:40,2025-09-24,14:58:40,in,1.86,1310.8,0.0,25.2,8.287,321.1,2.5
2025-09-24 14:59:21,2025-09-24,14:59:21,out,0.78,18.3,68.7,24.5,20.292,213.2,1.88
2025-09-24 14:59:42,2025-09-24,14:59:42,in,1.43,1310.8,0.0,25.3,8.328,319.0,2.24
2025-09-24 15:00:24,2025-09-24,15:00:24,out,0.56,18.6,69.3,24.6,20.469,189.0,0.77
2025-09-24 15:00:46,2025-09-24,15:00:46,in,0.89,1310.8,0.0,25.4,8.37,324.9,1.77
2025-09-24 15:01:28,2025-09-24,15:01:28,out,0.68,18.6,69.0,24.7,20.52,173.9,1.34
2025-09-24 15:01:50,2025-09-24,15:01:50,in,1.2,1310.8,0.0,25.5,8.411,321.2,2.38
2025-09-24 15:02:32,2025-09-24,15:02:32,out,0.23,18.6,69.0,24.7,20.52,184.9,1.14
2025-09-24 15:02:54,2025-09-24,15:02:54,in,1.33,1310.8,0.0,25.5,8.411,316.4,2.13
2025-09-24 15:03:36,2025-09-24,15:03:36,out,0.38,18.6,68.6,24.8,20.556,162.4,2.32
2025-09-24 15:03:56,2025-09-24,15:03:56,in,0.86,1310.8,0.0,25.6,8.453,326.7,1.73
2025-09-24 15:04:39,2025-09-24,15:04:39,out,0.54,18.6,68.5,24.8,20.542,163.7,1.28
2025-09-24 15:05:00,2025-09-24,15:05:00,in,1.22,1310.8,0.0,25.6,8.453,331.8,1.86
2025-09-24 15:05:42,2025-09-24,15:05:42,out,0.1,18.9,69.1,25.0,20.813,314.7,0.71
2025-09-24 15:06:04,2025-09-24,15:06:04,in,1.43,1310.8,0.0,25.7,8.494,319.8,2.04
2025-09-24 15:06:46,2025-09-24,15:06:46,out,1.37,18.4,67.1,25.0,20.529,223.8,1.75
2025-09-24 15:07:08,2025-09-24,15:07:08,in,1.26,1310.8,0.0,25.6,8.453,324.6,2.4
2025-09-24 15:07:50,2025-09-24,15:07:50,out,0.64,18.5,67.4,25.0,20.572,199.4,1.03
2025-09-24 15:08:11,2025-09-24,15:08:11,in,1.15,1310.8,0.0,25.6,8.453,321.5,1.87
2025-09-24 15:08:53,2025-09-24,15:08:53,out,1.3,18.5,67.1,25.1,20.621,189.4,1.66
2025-09-24 15:09:14,2025-09-24,15:09:14,in,0.89,1310.8,0.0,25.6,8.453,316.7,1.81
2025-09-24 15:09:56,2025-09-24,15:09:56,out,1.02,18.4,66.7,25.1,20.564,172.0,1.34
2025-09-24 15:10:18,2025-09-24,15:10:18,in,1.38,1310.8,0.0,25.7,8.494,313.9,1.97
2025-09-24 15:11:00,2025-09-24,15:11:00,out,0.32,18.5,66.5,25.2,20.628,196.6,1.36
2025-09-24 15:11:22,2025-09-24,15:11:22,in,0.95,1310.8,0.0,25.6,8.453,311.7,2.24
2025-09-24 15:12:04,2025-09-24,15:12:04,out,0.12,18.7,67.0,25.3,20.791,207.2,0.8
2025-09-24 15:12:25,2025-09-24,15:12:25,in,1.38,1310.8,0.0,25.6,8.453,311.6,1.79
2025-09-24 15:13:07,2025-09-24,15:13:07,out,0.46,18.6,66.1,25.4,20.754,246.8,1.31
2025-09-24 15:13:28,2025-09-24,15:13:28,in,1.26,1310.8,0.0,25.6,8.453,308.0,2.48
2025-09-24 15:14:10,2025-09-24,15:14:10,out,0.2,18.8,66.6,25.5,20.918,338.9,0.54
2025-09-24 15:14:32,2025-09-24,15:14:32,in,1.5,1310.8,0.0,25.6,8.453,323.4,2.16
2025-09-24 15:15:14,2025-09-24,15:15:14,out,0.88,18.9,66.4,25.6,20.981,174.6,1.04
2025-09-24 15:15:36,2025-09-24,15:15:36,in,1.59,1310.8,0.0,25.7,8.494,323.5,2.4
2025-09-24 15:16:18,2025-09-24,15:16:18,out,0.93,18.9,66.2,25.7,21.044,119.3,1.4
2025-09-24 15:16:39,2025-09-24,15:16:39,in,0.99,1310.8,0.0,25.7,8.494,296.9,2.14
2025-09-24 15:17:21,2025-09-24,15:17:21,out,0.63,18.8,65.8,25.7,20.986,184.3,1.78
2025-09-24 15:17:42,2025-09-24,15:17:42,in,1.48,1310.8,0.0,25.8,8.536,316.3,1.96
2025-09-24 15:18:24,2025-09-24,15:18:24,out,1.26,19.0,65.9,25.8,21.093,211.8,1.44
2025-09-24 15:18:46,2025-09-24,15:18:46,in,1.42,1310.8,0.0,25.8,8.536,310.6,2.05
2025-09-24 15:19:28,2025-09-24,15:19:28,out,0.96,19.0,65.6,25.9,21.141,131.1,1.32
2025-09-24 15:19:50,2025-09-24,15:19:50,in,1.55,1310.8,0.0,25.9,8.577,310.2,2.18
2025-09-24 15:20:32,2025-09-24,15:20:32,out,0.81,19.1,65.8,26.0,21.262,243.7,1.27
2025-09-24 15:20:53,2025-09-24,15:20:53,in,0.98,1310.8,0.0,26.0,8.619,318.2,2.02
2025-09-24 15:21:35,2025-09-24,15:21:35,out,2.09,18.9,64.7,26.1,21.192,198.2,2.21
2025-09-24 15:21:56,2025-09-24,15:21:56,in,1.29,1310.8,0.0,26.1,8.66,323.1,2.34
2025-09-24 15:22:38,2025-09-24,15:22:38,out,0.85,18.8,64.6,26.0,21.086,179.6,2.08
2025-09-24 15:23:00,2025-09-24,15:23:00,in,0.89,1310.8,0.0,26.1,8.66,320.3,2.17
2025-09-24 15:23:42,2025-09-24,15:23:42,out,1.16,18.9,64.8,26.0,21.115,210.3,3.08
2025-09-24 15:24:04,2025-09-24,15:24:04,in,1.3,1310.8,0.0,26.2,8.702,311.7,2.05
2025-09-24 15:24:46,2025-09-24,15:24:46,out,1.01,19.0,64.9,26.1,21.222,188.9,2.68
2025-09-24 15:25:07,2025-09-24,15:25:07,in,0.08,1310.8,0.0,26.2,8.702,273.7,1.67
2025-09-24 15:25:49,2025-09-24,15:25:49,out,1.29,,,18.7,,210.5,2.58
2025-09-24 15:26:10,2025-09-24,15:26:10,in,0.64,1310.8,0.0,26.3,8.743,298.8,2.16
2025-09-24 15:26:52,2025-09-24,15:26:52,out,0.25,18.9,64.5,26.1,21.163,94.9,1.43
2025-09-24 15:27:14,2025-09-24,15:27:14,in,2.07,1310.8,0.0,26.3,8.743,323.4,2.93
2025-09-24 15:27:56,2025-09-24,15:27:56,out,0.47,18.9,64.3,26.2,21.225,226.6,1.97
2025-09-24 15:28:18,2025-09-24,15:28:18,in,1.31,1310.8,0.0,26.3,8.743,318.7,2.52
2025-09-24 15:29:00,2025-09-24,15:29:00,out,0.47,19.1,64.9,26.3,21.405,85.4,1.0
2025-09-24 15:29:21,2025-09-24,15:29:21,in,1.64,1310.8,0.0,26.2,8.702,324.8,2.6
2025-09-24 15:30:03,2025-09-24,15:30:03,out,0.66,19.3,65.2,26.4,21.541,295.7,1.12
2025-09-24 15:30:24,2025-09-24,15:30:24,in,1.36,1310.8,0.0,26.0,8.619,313.7,2.29
2025-09-24 15:31:06,2025-09-24,15:31:06,out,0.62,19.4,65.1,26.5,21.617,200.4,1.01
2025-09-24 15:31:28,2025-09-24,15:31:28,in,1.49,1310.8,0.0,26.0,8.619,329.3,1.95
2025-09-24 15:32:10,2025-09-24,15:32:10,out,0.76,19.2,64.1,26.6,21.56,162.7,1.19
2025-09-24 15:32:32,2025-09-24,15:32:32,in,1.44,1310.8,0.0,26.0,8.619,328.1,2.16
2025-09-24 15:33:14,2025-09-24,15:33:14,out,0.28,19.4,64.5,26.7,21.711,59.0,0.62
2025-09-24 15:33:35,2025-09-24,15:33:35,in,1.81,1310.8,0.0,25.8,8.536,325.5,2.5
2025-09-24 15:34:17,2025-09-24,15:34:17,out,0.48,19.6,64.7,26.8,21.832,113.9,0.88
2025-09-24 15:34:38,2025-09-24,15:34:38,in,1.38,1310.8,0.0,25.7,8.494,322.6,2.46
2025-09-24 15:35:20,2025-09-24,15:35:20,out,0.33,19.3,63.5,26.8,21.653,178.3,1.22
2025-09-24 15:35:42,2025-09-24,15:35:42,in,2.08,,,1310.8,,25.7,0.0
2025-09-24 15:36:24,2025-09-24,15:36:24,out,1.34,19.2,63.0,26.9,21.668,131.7,1.67
2025-09-24 15:36:46,2025-09-24,15:36:46,in,0.3,1310.8,0.0,25.8,8.536,0.1,0.74
2025-09-24 15:37:28,2025-09-24,15:37:28,out,0.75,19.0,62.5,26.8,21.502,84.0,1.38
2025-09-24 15:37:49,2025-09-24,15:37:49,in,0.17,1310.8,0.0,25.9,8.577,340.5,1.0
2025-09-24 15:38:31,2025-09-24,15:38:31,out,0.55,19.2,62.8,26.9,21.638,153.3,0.78
2025-09-24 15:38:52,2025-09-24,15:38:52,in,0.6,1310.8,0.0,25.9,8.577,302.8,0.88
2025-09-24 15:39:34,2025-09-24,15:39:34,out,1.33,19.0,61.9,26.9,21.502,147.6,2.01
2025-09-24 15:39:56,2025-09-24,15:39:56,in,0.2,1310.8,0.0,26.0,8.619,279.1,0.94
2025-09-24 15:40:38,2025-09-24,15:40:38,out,0.77,18.7,61.2,26.8,21.305,122.9,1.83
2025-09-24 15:41:00,2025-09-24,15:41:00,in,0.23,1310.8,0.0,26.0,8.619,93.8,0.59
2025-09-24 15:41:42,2025-09-24,15:41:42,out,0.27,19.0,62.1,26.9,21.532,159.5,0.62
2025-09-24 15:42:03,2025-09-24,15:42:03,in,0.08,1310.8,0.0,26.0,8.619,108.4,0.41
2025-09-24 15:42:45,2025-09-24,15:42:45,out,0.28,19.0,62.1,26.9,21.532,184.3,1.86
2025-09-24 15:43:06,2025-09-24,15:43:06,in,0.18,1310.8,0.0,26.0,8.619,295.7,0.6
2025-09-24 15:43:48,2025-09-24,15:43:48,out,0.59,19.3,62.8,27.0,21.729,183.6,0.98
2025-09-24 15:44:10,2025-09-24,15:44:10,in,0.1,1310.8,0.0,26.1,8.66,5.0,0.51
2025-09-24 15:44:52,2025-09-24,15:44:52,out,0.96,19.1,61.7,27.1,21.652,208.1,2.11
2025-09-24 15:45:14,2025-09-24,15:45:14,in,0.31,1310.8,0.0,26.1,8.66,278.9,0.5
2025-09-24 15:45:56,2025-09-24,15:45:56,out,2.0,18.8,60.7,27.0,21.409,191.8,3.01
2025-09-24 15:46:18,2025-09-24,15:46:18,in,0.2,1310.8,0.0,26.3,8.743,278.2,0.59
2025-09-24 15:46:59,2025-09-24,15:46:59,out,2.05,18.9,61.4,27.0,21.516,213.8,2.29
2025-09-24 15:47:21,2025-09-24,15:47:21,in,0.42,1310.8,0.0,26.3,8.743,354.9,0.66
2025-09-24 15:48:02,2025-09-24,15:48:02,out,0.62,18.9,61.4,26.9,21.426,217.1,2.09
2025-09-24 15:48:24,2025-09-24,15:48:24,in,0.63,1310.8,0.0,26.3,8.743,352.1,0.7
2025-09-24 15:49:06,2025-09-24,15:49:06,out,0.99,19.0,61.8,26.9,21.487,252.9,1.37
2025-09-24 15:49:28,2025-09-24,15:49:28,in,0.32,1310.8,0.0,26.2,8.702,321.0,0.96
2025-09-24 15:50:10,2025-09-24,15:50:10,out,1.59,19.0,61.9,27.0,21.592,201.6,2.43
2025-09-24 15:50:32,2025-09-24,15:50:32,in,0.35,1310.8,0.0,26.2,8.702,134.6,0.53
2025-09-24 15:51:13,2025-09-24,15:51:13,out,1.67,19.0,61.9,27.0,21.592,218.3,2.93
2025-09-24 15:51:35,2025-09-24,15:51:35,in,0.37,1310.8,0.0,26.3,8.743,94.8,0.77
2025-09-24 15:52:16,2025-09-24,15:52:16,out,3.09,,,18.8,,26.9,6.13
2025-09-24 15:52:38,2025-09-24,15:52:38,in,0.31,1310.8,0.0,26.4,8.784,164.2,0.53
2025-09-24 15:53:20,2025-09-24,15:53:20,out,1.2,19.0,62.3,26.9,21.562,206.5,2.21
2025-09-24 15:53:42,2025-09-24,15:53:42,in,0.12,1310.8,0.0,26.4,8.784,153.3,0.65
2025-09-24 15:54:24,2025-09-24,15:54:24,out,1.62,18.8,61.7,26.8,21.381,242.5,2.65
2025-09-24 15:54:46,2025-09-24,15:54:46,in,0.56,1310.8,0.0,26.4,8.784,350.4,0.65
2025-09-24 15:55:27,2025-09-24,15:55:27,out,1.41,19.1,62.7,26.8,21.532,291.5,1.97
2025-09-24 15:55:49,2025-09-24,15:55:49,in,0.72,1310.8,0.0,26.4,8.784,342.5,1.04
2025-09-24 15:56:30,2025-09-24,15:56:30,out,0.8,19.0,62.2,26.9,21.547,233.7,2.06
2025-09-24 15:56:52,2025-09-24,15:56:52,in,0.52,1310.8,0.0,26.3,8.743,336.2,1.15
2025-09-24 15:57:34,2025-09-24,15:57:34,out,1.81,19.1,62.4,26.9,21.578,270.6,2.14
2025-09-24 15:57:56,2025-09-24,15:57:56,in,0.55,1310.8,0.0,26.3,8.743,335.5,0.91
2025-09-24 15:58:38,2025-09-24,15:58:38,out,1.86,18.9,61.6,26.9,21.456,269.5,2.21
2025-09-24 15:59:00,2025-09-24,15:59:00,in,1.12,1310.8,0.0,26.3,8.743,337.1,1.56
2025-09-24 15:59:41,2025-09-24,15:59:41,out,0.97,18.9,61.5,26.9,21.441,255.5,1.98
2025-09-24 16:00:03,2025-09-24,16:00:03,in,0.49,1310.8,0.0,26.3,8.743,345.4,0.96
2025-09-24 16:00:44,2025-09-24,16:00:44,out,0.66,19.0,62.0,26.9,21.517,220.5,1.9
2025-09-24 16:01:06,2025-09-24,16:01:06,in,0.18,1310.8,0.0,26.3,8.743,338.4,0.75
2025-09-24 16:01:48,2025-09-24,16:01:48,out,2.0,19.0,61.8,27.0,21.577,236.0,2.7
2025-09-24 16:02:10,2025-09-24,16:02:10,in,0.26,1310.8,0.0,26.4,8.784,351.2,0.44
2025-09-24 16:02:52,2025-09-24,16:02:52,out,1.74,18.8,61.4,26.9,21.426,231.4,3.02
2025-09-24 16:03:14,2025-09-24,16:03:14,in,0.36,1310.8,0.0,26.4,8.784,0.2,0.78
2025-09-24 16:03:55,2025-09-24,16:03:55,out,0.59,19.0,62.0,26.9,21.517,245.4,2.18
2025-09-24 16:04:17,2025-09-24,16:04:17,in,0.45,1310.8,0.0,26.4,8.784,345.1,0.81
2025-09-24 16:04:58,2025-09-24,16:04:58,out,1.16,19.0,61.7,27.0,21.562,280.4,1.53
2025-09-24 16:05:20,2025-09-24,16:05:20,in,0.47,1310.8,0.0,26.4,8.784,332.4,0.64
2025-09-24 16:06:02,2025-09-24,16:06:02,out,2.47,18.8,60.9,27.0,21.44,262.6,2.88
2025-09-24 16:06:24,2025-09-24,16:06:24,in,0.12,1310.8,0.0,26.4,8.784,21.2,0.99
2025-09-24 16:07:06,2025-09-24,16:07:06,out,1.68,18.9,61.4,27.0,21.516,243.4,2.56
2025-09-24 16:07:28,2025-09-24,16:07:28,in,0.06,1310.8,0.0,26.4,8.784,143.3,0.5
2025-09-24 16:08:09,2025-09-24,16:08:09,out,1.25,19.0,61.3,27.1,21.591,204.3,2.21
2025-09-24 16:08:31,2025-09-24,16:08:31,in,0.57,1310.8,0.0,26.4,8.784,331.9,1.18
2025-09-24 16:09:12,2025-09-24,16:09:12,out,0.27,18.9,61.1,27.0,21.47,175.2,1.7
2025-09-24 16:09:34,2025-09-24,16:09:34,in,0.34,1310.8,0.0,26.5,8.826,337.1,0.69
2025-09-24 16:10:16,2025-09-24,16:10:16,out,0.79,19.2,61.7,27.2,21.743,260.0,1.14
2025-09-24 16:10:38,2025-09-24,16:10:38,in,0.74,1310.8,0.0,26.5,8.826,322.9,0.87
2025-09-24 16:11:20,2025-09-24,16:11:20,out,3.37,19.1,61.4,27.3,21.787,231.4,3.74
2025-09-24 16:11:42,2025-09-24,16:11:42,in,0.13,1310.8,0.0,26.5,8.826,343.5,0.81
2025-09-24 16:12:23,2025-09-24,16:12:23,out,1.99,18.6,59.8,27.1,21.361,233.4,4.0
2025-09-24 16:12:45,2025-09-24,16:12:45,in,0.51,1310.8,0.0,26.5,8.826,14.0,0.6
2025-09-24 16:13:26,2025-09-24,16:13:26,out,2.29,18.7,60.4,27.0,21.363,221.9,2.94
2025-09-24 16:13:48,2025-09-24,16:13:48,in,0.46,1310.8,0.0,26.6,8.867,351.5,0.8
2025-09-24 16:14:30,2025-09-24,16:14:30,out,1.62,18.8,60.8,27.0,21.424,247.5,2.57
2025-09-24 16:14:52,2025-09-24,16:14:52,in,0.25,1310.8,0.0,26.6,8.867,346.6,0.44
2025-09-24 16:15:34,2025-09-24,16:15:34,out,1.96,19.0,61.5,27.1,21.622,234.7,2.28
2025-09-24 16:15:56,2025-09-24,16:15:56,in,1.66,1310.8,0.0,26.6,8.867,331.3,2.03
2025-09-24 16:16:37,2025-09-24,16:16:37,out,0.99,19.0,61.6,27.1,21.637,258.3,2.71
2025-09-24 16:16:59,2025-09-24,16:16:59,in,1.29,1310.8,0.0,26.6,8.867,331.8,2.09
2025-09-24 16:17:40,2025-09-24,16:17:40,out,1.03,19.0,61.1,27.2,21.651,282.2,2.18
2025-09-24 16:18:02,2025-09-24,16:18:02,in,1.05,1310.8,0.0,26.7,8.909,319.6,1.87
2025-09-24 16:18:44,2025-09-24,16:18:44,out,1.3,18.9,60.6,27.2,21.574,256.9,2.37
2025-09-24 16:19:06,2025-09-24,16:19:06,in,1.66,1310.8,0.0,26.7,8.909,326.3,2.26
2025-09-24 16:19:48,2025-09-24,16:19:48,out,2.22,18.8,60.3,27.2,21.528,280.2,3.01
2025-09-24 16:20:10,2025-09-24,16:20:10,in,1.26,1310.8,0.0,26.6,8.867,332.4,2.19
2025-09-24 16:20:51,2025-09-24,16:20:51,out,0.68,19.1,61.6,27.2,21.727,241.5,2.06
2025-09-24 16:21:13,2025-09-24,16:21:13,in,1.23,1310.8,0.0,26.7,8.909,321.8,1.97
2025-09-24 16:22:16,2025-09-24,16:22:16,in,1.12,1310.8,0.0,26.8,8.95,316.0,1.73
2025-09-24 16:22:24,2025-09-24,16:22:24,out,1.58,19.7,62.7,27.5,22.168,237.3,2.22
2025-09-24 16:23:20,2025-09-24,16:23:20,in,1.62,1310.8,0.0,26.9,8.992,332.7,2.2
2025-09-24 16:23:27,2025-09-24,16:23:27,out,1.44,19.4,61.6,27.5,21.999,277.9,2.48
2025-09-24 16:24:24,2025-09-24,16:24:24,in,1.24,1310.8,0.0,26.8,8.95,322.5,2.02
2025-09-24 16:24:30,2025-09-24,16:24:30,out,1.71,19.0,60.1,27.4,21.677,254.6,2.7
2025-09-24 16:25:27,2025-09-24,16:25:27,in,1.48,1310.8,0.0,26.8,8.95,327.8,1.99
2025-09-24 16:25:34,2025-09-24,16:25:34,out,2.15,19.2,61.0,27.4,21.816,238.9,2.69
2025-09-24 16:26:30,2025-09-24,16:26:30,in,0.79,1310.8,0.0,26.8,8.95,329.3,1.87
2025-09-24 16:26:38,2025-09-24,16:26:38,out,1.61,19.4,61.3,27.5,21.952,223.2,3.42
2025-09-24 16:27:34,2025-09-24,16:27:34,in,1.26,1310.8,0.0,26.9,8.992,318.8,2.13
2025-09-24 16:27:41,2025-09-24,16:27:41,out,2.78,19.3,61.4,27.4,21.877,243.7,3.3
2025-09-24 16:28:38,2025-09-24,16:28:38,in,1.41,1310.8,0.0,26.9,8.992,326.4,2.11
2025-09-24 16:28:44,2025-09-24,16:28:44,out,1.57,19.4,61.8,27.4,21.939,270.2,3.95
2025-09-24 16:29:41,2025-09-24,16:29:41,in,1.44,1310.8,0.0,26.8,8.95,323.3,1.84
2025-09-24 16:29:48,2025-09-24,16:29:48,out,2.98,19.2,61.6,27.3,21.818,273.3,3.95
2025-09-24 16:30:44,2025-09-24,16:30:44,in,1.1,1310.8,0.0,26.8,8.95,318.8,2.3
2025-09-24 16:30:52,2025-09-24,16:30:52,out,2.93,19.4,62.2,27.3,21.91,252.2,3.22
2025-09-24 16:31:48,2025-09-24,16:31:48,in,1.05,1310.8,0.0,26.8,8.95,333.1,2.08
2025-09-24 16:31:55,2025-09-24,16:31:55,out,1.66,19.6,62.8,27.3,22.001,220.9,3.45
2025-09-24 16:32:52,2025-09-24,16:32:52,in,0.72,1310.8,0.0,26.9,8.992,307.7,1.97
2025-09-24 16:32:58,2025-09-24,16:32:58,out,1.14,19.8,63.3,27.4,22.169,213.8,2.6
2025-09-24 16:33:55,2025-09-24,16:33:55,in,0.75,1310.8,0.0,27.0,9.033,318.7,1.76
2025-09-24 16:34:02,2025-09-24,16:34:02,out,3.48,19.7,62.6,27.5,22.152,234.6,4.12
2025-09-24 16:34:58,2025-09-24,16:34:58,in,0.86,1310.8,0.0,27.0,9.033,321.5,2.0
2025-09-24 16:35:06,2025-09-24,16:35:06,out,0.7,19.8,63.2,27.4,22.153,213.8,3.04
2025-09-24 16:36:02,2025-09-24,16:36:02,in,0.69,1310.8,0.0,27.0,9.033,306.8,1.59
2025-09-24 16:36:09,2025-09-24,16:36:09,out,1.97,19.6,62.4,27.4,22.031,195.2,3.95
2025-09-24 16:37:06,2025-09-24,16:37:06,in,1.18,1310.8,0.0,27.0,9.033,324.0,2.64
2025-09-24 16:37:12,2025-09-24,16:37:12,out,2.28,19.5,62.7,27.3,21.986,255.9,3.57
2025-09-24 16:38:09,2025-09-24,16:38:09,in,0.39,1310.8,0.0,27.0,9.033,285.3,1.99
2025-09-24 16:38:16,2025-09-24,16:38:16,out,0.23,19.5,62.5,27.3,21.956,270.2,3.46
2025-09-24 16:39:12,2025-09-24,16:39:12,in,1.16,1310.8,0.0,26.9,8.992,326.3,2.6
2025-09-24 16:39:20,2025-09-24,16:39:20,out,1.44,19.4,62.3,27.3,21.925,281.1,3.91
2025-09-24 16:40:16,2025-09-24,16:40:16,in,1.0,1310.8,0.0,26.9,8.992,327.5,2.37
2025-09-24 16:40:23,2025-09-24,16:40:23,out,1.3,19.5,62.7,27.3,21.986,270.6,1.87
2025-09-24 16:41:20,2025-09-24,16:41:20,in,0.73,1310.8,0.0,26.9,8.992,320.0,2.14
2025-09-24 16:41:26,2025-09-24,16:41:26,out,0.83,19.5,62.7,27.3,21.986,219.4,3.18
2025-09-24 16:42:23,2025-09-24,16:42:23,in,1.35,1310.8,0.0,26.9,8.992,328.1,2.18
2025-09-24 16:42:30,2025-09-24,16:42:30,out,2.44,19.6,62.5,27.4,22.046,226.5,3.85
2025-09-24 16:43:26,2025-09-24,16:43:26,in,0.76,1310.8,0.0,26.9,8.992,332.1,2.13
2025-09-24 16:43:34,2025-09-24,16:43:34,out,3.69,19.1,61.4,27.2,21.697,229.6,4.35
2025-09-24 16:44:30,2025-09-24,16:44:30,in,0.97,1310.8,0.0,26.9,8.992,327.9,2.19
2025-09-24 16:44:37,2025-09-24,16:44:37,out,2.61,19.2,62.4,27.0,21.668,224.2,3.29
2025-09-24 16:45:34,2025-09-24,16:45:34,in,1.09,1310.8,0.0,26.8,8.95,326.6,1.84
2025-09-24 16:45:40,2025-09-24,16:45:40,out,1.67,19.2,62.7,27.0,21.714,212.5,3.01
2025-09-24 16:46:37,2025-09-24,16:46:37,in,0.67,1310.8,0.0,26.8,8.95,330.2,1.87
2025-09-24 16:46:44,2025-09-24,16:46:44,out,0.98,19.4,63.4,27.0,21.82,211.6,2.21
2025-09-24 16:47:41,2025-09-24,16:47:41,in,1.01,1310.8,0.0,26.8,8.95,320.2,1.91
2025-09-24 16:47:48,2025-09-24,16:47:48,out,1.9,19.4,63.4,27.0,21.82,237.5,2.52
2025-09-24 16:48:44,2025-09-24,16:48:44,in,1.62,1310.8,0.0,26.8,8.95,332.0,2.18
2025-09-24 16:48:51,2025-09-24,16:48:51,out,0.94,19.2,62.7,27.0,21.714,230.9,3.13
2025-09-24 16:49:48,2025-09-24,16:49:48,in,1.25,1310.8,0.0,26.7,8.909,323.1,2.03
2025-09-24 16:49:54,2025-09-24,16:49:54,out,1.1,19.6,63.4,27.1,21.911,204.0,1.73
2025-09-24 16:50:51,2025-09-24,16:50:51,in,1.16,1310.8,0.0,26.8,8.95,326.3,2.07
2025-09-24 16:50:58,2025-09-24,16:50:58,out,1.4,19.4,62.9,27.1,21.835,197.8,3.34
2025-09-24 16:51:55,2025-09-24,16:51:55,in,1.24,1310.8,0.0,26.8,8.95,319.5,2.01
2025-09-24 16:52:02,2025-09-24,16:52:02,out,2.13,19.3,62.6,27.1,21.789,208.8,2.99
2025-09-24 16:52:58,2025-09-24,16:52:58,in,1.62,1310.8,0.0,26.8,8.95,314.5,2.29
2025-09-24 16:53:06,2025-09-24,16:53:06,out,2.34,19.5,63.1,27.1,21.865,210.7,3.13
2025-09-24 16:54:02,2025-09-24,16:54:02,in,1.3,1310.8,0.0,26.8,8.95,328.5,1.96
2025-09-24 16:54:08,2025-09-24,16:54:08,out,2.64,19.3,63.1,27.0,21.774,212.6,4.19
2025-09-24 16:55:06,2025-09-24,16:55:06,in,1.33,1310.8,0.0,26.8,8.95,313.1,2.18
2025-09-24 16:55:12,2025-09-24,16:55:12,out,3.25,19.4,63.5,26.9,21.744,231.4,4.21
2025-09-24 16:56:08,2025-09-24,16:56:08,in,1.15,1310.8,0.0,26.8,8.95,335.9,2.25
2025-09-24 16:56:16,2025-09-24,16:56:16,out,3.25,19.4,63.8,26.9,21.789,228.5,4.7
2025-09-24 16:57:12,2025-09-24,16:57:12,in,0.8,1310.8,0.0,26.8,8.95,328.1,1.71
2025-09-24 16:57:20,2025-09-24,16:57:20,out,2.07,19.5,64.2,26.9,21.849,216.9,3.9
2025-09-24 16:58:16,2025-09-24,16:58:16,in,1.22,1310.8,0.0,26.8,8.95,327.0,1.79
2025-09-24 16:58:22,2025-09-24,16:58:22,out,3.17,19.6,64.3,26.9,21.864,257.4,3.89
2025-09-24 16:59:20,2025-09-24,16:59:20,in,0.87,1310.8,0.0,26.8,8.95,338.0,1.83
2025-09-24 16:59:26,2025-09-24,16:59:26,out,2.47,19.3,63.7,26.8,21.683,253.3,3.98
2025-09-24 17:00:23,2025-09-24,17:00:23,in,0.94,1310.8,0.0,26.8,8.95,344.3,1.49
2025-09-24 17:00:30,2025-09-24,17:00:30,out,2.66,19.4,63.9,26.8,21.713,239.2,4.27
2025-09-24 17:01:26,2025-09-24,17:01:26,in,1.27,1310.8,0.0,26.7,8.909,332.0,1.89
2025-09-24 17:01:34,2025-09-24,17:01:34,out,2.2,19.2,63.8,26.7,21.606,247.8,3.54
2025-09-24 17:02:30,2025-09-24,17:02:30,in,1.4,1310.8,0.0,26.7,8.909,330.9,2.17
2025-09-24 17:02:37,2025-09-24,17:02:37,out,1.87,19.3,64.0,26.7,21.636,228.7,2.86
2025-09-24 17:03:34,2025-09-24,17:03:34,in,0.98,1310.8,0.0,26.6,8.867,321.4,1.54
2025-09-24 17:03:40,2025-09-24,17:03:40,out,2.7,19.2,63.4,26.7,21.546,212.9,4.01
2025-09-24 17:04:37,2025-09-24,17:04:37,in,0.73,1310.8,0.0,26.6,8.867,325.1,2.2
2025-09-24 17:04:44,2025-09-24,17:04:44,out,0.24,19.6,64.6,26.7,21.726,192.5,3.42
2025-09-24 17:05:40,2025-09-24,17:05:40,in,1.42,1310.8,0.0,26.7,8.909,330.1,1.9
2025-09-24 17:05:48,2025-09-24,17:05:48,out,2.46,19.5,64.3,26.8,21.773,248.1,3.57
2025-09-24 17:06:44,2025-09-24,17:06:44,in,0.75,1310.8,0.0,26.6,8.867,337.8,2.38
2025-09-24 17:06:51,2025-09-24,17:06:51,out,4.03,19.2,63.2,26.8,21.607,227.0,4.22
2025-09-24 17:07:48,2025-09-24,17:07:48,in,0.68,1310.8,0.0,26.6,8.867,339.5,1.71
2025-09-24 17:07:54,2025-09-24,17:07:54,out,2.93,19.1,63.4,26.7,21.546,226.7,4.09
2025-09-24 17:08:51,2025-09-24,17:08:51,in,1.09,1310.8,0.0,26.6,8.867,324.4,1.88
2025-09-24 17:08:58,2025-09-24,17:08:58,out,2.33,19.3,64.1,26.7,21.651,211.8,3.44
2025-09-24 17:09:54,2025-09-24,17:09:54,in,0.93,1310.8,0.0,26.6,8.867,319.6,1.93
2025-09-24 17:10:02,2025-09-24,17:10:02,out,1.6,19.4,64.4,26.7,21.696,198.3,2.5
2025-09-24 17:10:58,2025-09-24,17:10:58,in,1.1,1310.8,0.0,26.6,8.867,313.7,2.19
2025-09-24 17:11:05,2025-09-24,17:11:05,out,4.2,19.3,64.0,26.7,21.636,238.5,4.79
2025-09-24 17:12:02,2025-09-24,17:12:02,in,1.52,1310.8,0.0,26.6,8.867,320.7,2.13
2025-09-24 17:12:09,2025-09-24,17:12:09,out,2.33,19.5,64.7,26.7,21.741,219.6,4.98
2025-09-24 17:13:05,2025-09-24,17:13:05,in,1.19,1310.8,0.0,26.6,8.867,325.8,1.78
2025-09-24 17:13:12,2025-09-24,17:13:12,out,2.22,19.4,64.4,26.7,21.696,235.1,3.19
2025-09-24 17:14:08,2025-09-24,17:14:08,in,1.58,1310.8,0.0,26.5,8.826,326.8,1.9
2025-09-24 17:14:16,2025-09-24,17:14:16,out,1.31,19.6,64.9,26.8,21.862,266.9,2.08
2025-09-24 17:15:12,2025-09-24,17:15:12,in,1.22,1310.8,0.0,26.5,8.826,338.8,2.04
2025-09-24 17:15:19,2025-09-24,17:15:19,out,1.48,19.6,64.6,26.8,21.818,265.2,3.04
2025-09-24 17:16:16,2025-09-24,17:16:16,in,1.32,1310.8,0.0,26.5,8.826,335.1,2.14
2025-09-24 17:16:22,2025-09-24,17:16:22,out,1.73,19.5,64.3,26.8,21.773,254.0,3.35
2025-09-24 17:17:19,2025-09-24,17:17:19,in,1.21,1310.8,0.0,26.5,8.826,341.1,1.99
2025-09-24 17:17:26,2025-09-24,17:17:26,out,1.72,19.5,64.5,26.8,21.803,240.1,3.21
2025-09-24 17:18:22,2025-09-24,17:18:22,in,1.11,1310.8,0.0,26.5,8.826,353.0,2.26
2025-09-24 17:18:30,2025-09-24,17:18:30,out,1.42,19.4,64.2,26.8,21.758,258.9,4.09
2025-09-24 17:19:26,2025-09-24,17:19:26,in,1.61,1310.8,0.0,26.5,8.826,337.3,2.08
2025-09-24 17:19:33,2025-09-24,17:19:33,out,2.8,19.4,64.2,26.8,21.758,264.7,3.94
2025-09-24 17:20:30,2025-09-24,17:20:30,in,1.3,1310.8,0.0,26.5,8.826,337.6,1.93
2025-09-24 17:20:36,2025-09-24,17:20:36,out,2.58,19.4,64.2,26.8,21.758,260.1,3.83
2025-09-24 17:21:33,2025-09-24,17:21:33,in,1.19,1310.8,0.0,26.4,8.784,335.4,2.25
2025-09-24 17:21:40,2025-09-24,17:21:40,out,1.68,19.3,63.9,26.7,21.621,261.8,3.22
2025-09-24 17:22:36,2025-09-24,17:22:36,in,1.45,1310.8,0.0,26.4,8.784,338.0,2.05
2025-09-24 17:22:44,2025-09-24,17:22:44,out,1.47,19.4,64.6,26.7,21.726,246.8,2.63
2025-09-24 17:23:40,2025-09-24,17:23:40,in,0.91,1310.8,0.0,26.4,8.784,338.6,1.54
2025-09-24 17:23:47,2025-09-24,17:23:47,out,1.25,19.4,64.5,26.7,21.711,233.1,2.73
2025-09-24 17:24:44,2025-09-24,17:24:44,in,0.75,1310.8,0.0,26.4,8.784,321.2,1.89
2025-09-24 17:24:50,2025-09-24,17:24:50,out,2.33,19.4,64.0,26.8,21.728,239.5,4.2
2025-09-24 17:25:47,2025-09-24,17:25:47,in,0.89,1310.8,0.0,26.4,8.784,331.1,1.88
2025-09-24 17:25:54,2025-09-24,17:25:54,out,3.79,19.0,62.9,26.7,21.471,258.0,4.61
2025-09-24 17:26:50,2025-09-24,17:26:50,in,1.07,1310.8,0.0,26.3,8.743,339.0,1.69
2025-09-24 17:26:58,2025-09-24,17:26:58,out,1.2,19.1,63.7,26.6,21.5,251.1,3.56
2025-09-24 17:27:54,2025-09-24,17:27:54,in,1.79,1310.8,0.0,26.3,8.743,331.0,2.1
2025-09-24 17:28:01,2025-09-24,17:28:01,out,2.28,19.0,63.4,26.5,21.364,249.1,4.76
2025-09-24 17:28:58,2025-09-24,17:28:58,in,0.71,1310.8,0.0,26.2,8.702,343.6,2.01
2025-09-24 17:29:04,2025-09-24,17:29:04,out,2.98,19.0,63.5,26.5,21.379,234.2,4.45
2025-09-24 17:30:01,2025-09-24,17:30:01,in,1.04,1310.8,0.0,26.2,8.702,342.2,1.6
2025-09-24 17:30:08,2025-09-24,17:30:08,out,1.59,19.1,64.1,26.5,21.469,274.0,3.86
2025-09-24 17:31:04,2025-09-24,17:31:04,in,1.7,1310.8,0.0,26.2,8.702,338.7,2.23
2025-09-24 17:31:12,2025-09-24,17:31:12,out,1.99,19.2,64.2,26.5,21.484,261.0,2.64
2025-09-24 17:32:08,2025-09-24,17:32:08,in,1.47,1310.8,0.0,26.1,8.66,337.3,2.17
2025-09-24 17:32:15,2025-09-24,17:32:15,out,1.99,19.2,64.0,26.6,21.545,260.9,2.52
2025-09-24 17:33:12,2025-09-24,17:33:12,in,1.47,1310.8,0.0,26.1,8.66,331.0,2.26
2025-09-24 17:33:18,2025-09-24,17:33:18,out,2.85,19.0,63.4,26.5,21.364,240.0,3.59
2025-09-24 17:34:15,2025-09-24,17:34:15,in,1.62,1310.8,0.0,26.1,8.66,334.9,2.21
2025-09-24 17:34:22,2025-09-24,17:34:22,out,2.61,19.0,63.4,26.5,21.364,245.9,3.24
2025-09-24 17:35:18,2025-09-24,17:35:18,in,1.69,1310.8,0.0,26.1,8.66,330.9,2.03
2025-09-24 17:35:26,2025-09-24,17:35:26,out,2.08,19.0,63.5,26.5,21.379,255.1,3.44
2025-09-24 17:36:22,2025-09-24,17:36:22,in,0.8,1310.8,0.0,26.1,8.66,347.0,1.56
2025-09-24 17:36:29,2025-09-24,17:36:29,out,1.65,19.0,63.7,26.4,21.318,235.8,4.27
2025-09-24 17:37:26,2025-09-24,17:37:26,in,0.88,1310.8,0.0,26.1,8.66,350.1,1.8
2025-09-24 17:37:32,2025-09-24,17:37:32,out,2.01,18.8,63.2,26.4,21.244,232.3,3.58
2025-09-24 17:38:29,2025-09-24,17:38:29,in,0.77,1310.8,0.0,26.0,8.619,315.7,1.87
2025-09-24 17:38:36,2025-09-24,17:38:36,out,2.16,18.9,63.4,26.4,21.273,243.1,3.21
2025-09-24 17:39:32,2025-09-24,17:39:32,in,0.95,1310.8,0.0,26.0,8.619,348.7,1.61
2025-09-24 17:39:40,2025-09-24,17:39:40,out,2.54,19.0,63.6,26.4,21.303,221.7,2.96
2025-09-24 17:40:36,2025-09-24,17:40:36,in,1.11,1310.8,0.0,26.0,8.619,327.3,2.35
2025-09-24 17:40:43,2025-09-24,17:40:43,out,1.58,19.0,64.0,26.4,21.363,250.7,2.25
2025-09-24 17:41:40,2025-09-24,17:41:40,in,0.69,1310.8,0.0,26.0,8.619,333.5,2.31
2025-09-24 17:41:46,2025-09-24,17:41:46,out,2.49,19.0,63.9,26.4,21.348,234.8,4.08
2025-09-24 17:42:43,2025-09-24,17:42:43,in,0.92,1310.8,0.0,26.0,8.619,330.2,1.38
2025-09-24 17:42:50,2025-09-24,17:42:50,out,3.73,19.0,64.0,26.4,21.363,246.1,4.43
2025-09-24 17:43:46,2025-09-24,17:43:46,in,0.48,1310.8,0.0,26.0,8.619,340.5,1.78
2025-09-24 17:43:54,2025-09-24,17:43:54,out,3.87,18.9,63.9,26.3,21.257,247.7,5.4
2025-09-24 17:44:50,2025-09-24,17:44:50,in,0.63,1310.8,0.0,25.9,8.577,342.0,1.78
2025-09-24 17:44:58,2025-09-24,17:44:58,out,1.23,19.0,64.5,26.2,21.254,251.4,3.92
2025-09-24 17:45:54,2025-09-24,17:45:54,in,1.58,1310.8,0.0,25.9,8.577,332.8,1.85
2025-09-24 17:46:01,2025-09-24,17:46:01,out,2.43,19.0,64.5,26.2,21.254,274.7,2.91
2025-09-24 17:46:57,2025-09-24,17:46:57,in,1.19,1310.8,0.0,25.8,8.536,320.4,2.01
2025-09-24 17:47:04,2025-09-24,17:47:04,out,1.09,19.0,64.4,26.2,21.239,273.8,2.57
2025-09-24 17:48:01,2025-09-24,17:48:01,in,0.89,1310.8,0.0,25.9,8.577,332.3,1.83
2025-09-24 17:48:08,2025-09-24,17:48:08,out,1.0,19.0,64.9,26.2,21.313,245.5,2.06
2025-09-24 17:49:04,2025-09-24,17:49:04,in,1.13,1310.8,0.0,25.9,8.577,320.4,1.65
2025-09-24 17:49:12,2025-09-24,17:49:12,out,1.46,19.3,65.4,26.3,21.478,272.1,1.81
2025-09-24 17:50:08,2025-09-24,17:50:08,in,1.83,1310.8,0.0,25.9,8.577,326.1,2.21
2025-09-24 17:50:15,2025-09-24,17:50:15,out,1.54,19.3,65.0,26.4,21.511,253.8,3.51
2025-09-24 17:51:11,2025-09-24,17:51:11,in,1.6,1310.8,0.0,25.9,8.577,340.3,1.99
2025-09-24 17:51:18,2025-09-24,17:51:18,out,2.1,19.3,65.0,26.4,21.511,262.1,3.48
2025-09-24 17:52:15,2025-09-24,17:52:15,in,1.07,1310.8,0.0,25.8,8.536,321.9,2.12
2025-09-24 17:52:22,2025-09-24,17:52:22,out,2.43,19.2,65.0,26.3,21.419,270.1,3.27
2025-09-24 17:53:18,2025-09-24,17:53:18,in,1.42,1310.8,0.0,25.8,8.536,337.1,1.98
2025-09-24 17:53:26,2025-09-24,17:53:26,out,2.15,19.2,65.0,26.3,21.419,274.7,3.41
2025-09-24 17:54:22,2025-09-24,17:54:22,in,1.72,1310.8,0.0,25.8,8.536,336.5,2.09
2025-09-24 17:54:29,2025-09-24,17:54:29,out,2.75,19.0,64.8,26.2,21.298,272.5,3.59
2025-09-24 17:55:26,2025-09-24,17:55:26,in,1.66,1310.8,0.0,25.7,8.494,341.3,2.36
2025-09-24 17:55:32,2025-09-24,17:55:32,out,2.34,19.1,65.2,26.2,21.357,274.1,2.92
2025-09-24 17:56:29,2025-09-24,17:56:29,in,1.73,1310.8,0.0,25.7,8.494,329.9,2.12
2025-09-24 17:56:36,2025-09-24,17:56:36,out,1.95,19.1,65.5,26.1,21.31,259.6,3.42
2025-09-24 17:57:32,2025-09-24,17:57:32,in,0.98,1310.8,0.0,25.7,8.494,322.9,2.38
2025-09-24 17:57:40,2025-09-24,17:57:40,out,1.97,19.2,65.8,26.1,21.354,260.4,3.34
2025-09-24 17:58:36,2025-09-24,17:58:36,in,1.96,1310.8,0.0,25.7,8.494,326.8,2.17
2025-09-24 17:58:43,2025-09-24,17:58:43,out,0.83,19.4,66.2,26.2,21.504,262.4,1.84
2025-09-24 17:59:40,2025-09-24,17:59:40,in,1.71,1310.8,0.0,25.6,8.453,325.6,2.24
2025-09-24 17:59:46,2025-09-24,17:59:46,out,2.07,19.4,66.2,26.2,21.504,251.0,2.92
2025-09-24 18:00:43,2025-09-24,18:00:43,in,1.66,1310.8,0.0,25.6,8.453,338.1,2.07
2025-09-24 18:00:50,2025-09-24,18:00:50,out,2.0,19.2,65.8,26.1,21.354,281.2,3.19
2025-09-24 18:01:46,2025-09-24,18:01:46,in,0.94,1310.8,0.0,25.5,8.411,320.5,2.03
2025-09-24 18:01:54,2025-09-24,18:01:54,out,1.2,19.1,65.7,26.1,21.339,264.7,3.21
2025-09-24 18:02:50,2025-09-24,18:02:50,in,1.22,1310.8,0.0,25.5,8.411,325.9,2.06
2025-09-24 18:02:57,2025-09-24,18:02:57,out,2.26,19.1,66.0,26.0,21.291,257.1,2.9
2025-09-24 18:03:54,2025-09-24,18:03:54,in,0.99,1310.8,0.0,25.5,8.411,337.7,2.02
2025-09-24 18:04:00,2025-09-24,18:04:00,out,1.25,19.1,66.0,26.0,21.291,260.0,2.76
2025-09-24 18:04:57,2025-09-24,18:04:57,in,1.52,1310.8,0.0,25.4,8.37,341.8,2.07
2025-09-24 18:05:04,2025-09-24,18:05:04,out,1.73,19.2,66.2,26.0,21.32,268.9,3.14
2025-09-24 18:06:00,2025-09-24,18:06:00,in,1.18,1310.8,0.0,25.4,8.37,331.4,2.51
2025-09-24 18:06:08,2025-09-24,18:06:08,out,2.1,19.2,66.2,26.0,21.32,271.4,2.71
2025-09-24 18:07:04,2025-09-24,18:07:04,in,1.88,1310.8,0.0,25.4,8.37,329.4,2.22
2025-09-24 18:07:11,2025-09-24,18:07:11,out,0.88,19.1,66.3,25.9,21.243,255.3,2.53
2025-09-24 18:08:08,2025-09-24,18:08:08,in,1.59,1310.8,0.0,25.4,8.37,333.4,2.04
2025-09-24 18:08:14,2025-09-24,18:08:14,out,1.22,19.2,66.6,25.9,21.287,270.0,1.65
2025-09-24 18:09:11,2025-09-24,18:09:11,in,1.38,1310.8,0.0,25.4,8.37,324.0,1.99
2025-09-24 18:09:18,2025-09-24,18:09:18,out,2.04,19.3,66.6,26.0,21.379,265.6,2.51
2025-09-24 18:10:14,2025-09-24,18:10:14,in,0.99,1310.8,0.0,25.4,8.37,335.3,1.99
2025-09-24 18:10:22,2025-09-24,18:10:22,out,1.09,19.3,66.7,26.0,21.393,239.5,1.78
2025-09-24 18:11:18,2025-09-24,18:11:18,in,1.41,1310.8,0.0,25.4,8.37,321.1,1.93
2025-09-24 18:11:25,2025-09-24,18:11:25,out,1.06,19.3,66.7,26.0,21.393,224.2,1.53
2025-09-24 18:12:22,2025-09-24,18:12:22,in,0.89,1310.8,0.0,25.4,8.37,331.4,2.11
2025-09-24 18:12:29,2025-09-24,18:12:29,out,2.82,19.0,65.8,25.9,21.17,236.7,2.97
2025-09-24 18:13:25,2025-09-24,18:13:25,in,1.02,1310.8,0.0,25.3,8.328,334.8,1.89
2025-09-24 18:13:32,2025-09-24,18:13:32,out,1.57,18.9,65.7,25.8,21.064,257.9,2.71
2025-09-24 18:14:28,2025-09-24,18:14:28,in,0.86,1310.8,0.0,25.3,8.328,321.8,1.75
2025-09-24 18:14:36,2025-09-24,18:14:36,out,1.34,18.8,65.7,25.7,20.972,234.9,2.1
2025-09-24 18:15:32,2025-09-24,18:15:32,in,1.09,1310.8,0.0,25.2,8.287,319.2,2.11
2025-09-24 18:15:39,2025-09-24,18:15:39,out,1.86,18.8,65.7,25.7,20.972,242.8,3.02
2025-09-24 18:16:36,2025-09-24,18:16:36,in,0.13,1310.8,0.0,25.2,8.287,9.1,0.8
2025-09-24 18:16:42,2025-09-24,18:16:42,out,1.29,18.6,65.5,25.6,20.851,259.9,3.19
2025-09-24 18:17:39,2025-09-24,18:17:39,in,0.12,1310.8,0.0,25.2,8.287,125.8,0.31
2025-09-24 18:17:46,2025-09-24,18:17:46,out,2.5,18.6,65.2,25.6,20.807,235.3,3.1
2025-09-24 18:18:42,2025-09-24,18:18:42,in,0.28,1310.8,0.0,25.3,8.328,34.6,0.39
2025-09-24 18:18:50,2025-09-24,18:18:50,out,1.56,18.6,65.6,25.5,20.774,230.5,2.32
2025-09-24 18:19:46,2025-09-24,18:19:46,in,0.31,1310.8,0.0,25.3,8.328,341.7,0.44
2025-09-24 18:19:53,2025-09-24,18:19:53,out,1.65,18.6,65.8,25.5,20.803,238.2,2.07
2025-09-24 18:20:50,2025-09-24,18:20:50,in,0.42,1310.8,0.0,25.3,8.328,339.4,0.59
2025-09-24 18:20:56,2025-09-24,18:20:56,out,1.63,18.7,66.2,25.5,20.86,236.7,2.18
2025-09-24 18:21:53,2025-09-24,18:21:53,in,0.16,1310.8,0.0,25.2,8.287,41.5,0.56
2025-09-24 18:22:00,2025-09-24,18:22:00,out,0.79,18.8,66.3,25.5,20.875,227.6,1.71
2025-09-24 18:22:56,2025-09-24,18:22:56,in,0.09,1310.8,0.0,25.2,8.287,333.7,0.44
2025-09-24 18:23:04,2025-09-24,18:23:04,out,1.87,18.8,66.4,25.5,20.889,242.5,2.16
2025-09-24 18:24:00,2025-09-24,18:24:00,in,0.13,1310.8,0.0,25.2,8.287,300.7,0.68
2025-09-24 18:24:08,2025-09-24,18:24:08,out,1.46,18.8,66.4,25.5,20.889,244.4,2.32
2025-09-24 18:25:04,2025-09-24,18:25:04,in,0.18,1310.8,0.0,25.2,8.287,50.0,0.56
2025-09-24 18:25:11,2025-09-24,18:25:11,out,2.35,18.7,66.6,25.4,20.826,235.0,2.61
2025-09-24 18:26:07,2025-09-24,18:26:07,in,0.29,1310.8,0.0,25.2,8.287,107.2,0.47
2025-09-24 18:26:14,2025-09-24,18:26:14,out,1.49,18.8,67.0,25.4,20.884,252.2,2.08
2025-09-24 18:27:10,2025-09-24,18:27:10,in,0.19,1310.8,0.0,25.2,8.287,71.0,0.51
2025-09-24 18:27:18,2025-09-24,18:27:18,out,1.41,18.9,67.1,25.4,20.898,210.7,2.25
2025-09-24 18:28:14,2025-09-24,18:28:14,in,0.23,1310.8,0.0,25.2,8.287,358.2,0.34
2025-09-24 18:28:22,2025-09-24,18:28:22,out,1.96,18.8,67.3,25.3,20.834,224.1,2.62
2025-09-24 18:29:18,2025-09-24,18:29:18,in,0.24,1310.8,0.0,25.2,8.287,116.7,0.35
2025-09-24 18:29:25,2025-09-24,18:29:25,out,1.64,18.8,67.2,25.3,20.82,237.7,2.61
2025-09-24 18:30:21,2025-09-24,18:30:21,in,0.26,1310.8,0.0,25.2,8.287,118.1,0.34
2025-09-24 18:30:28,2025-09-24,18:30:28,out,2.68,18.8,67.6,25.2,20.785,219.2,3.04
2025-09-24 18:31:24,2025-09-24,18:31:24,in,0.18,1310.8,0.0,25.2,8.287,116.6,0.37
2025-09-24 18:31:32,2025-09-24,18:31:32,out,1.83,18.9,68.0,25.2,20.842,229.4,3.04
2025-09-24 18:32:28,2025-09-24,18:32:28,in,0.3,1310.8,0.0,25.2,8.287,83.7,0.48
2025-09-24 18:32:36,2025-09-24,18:32:36,out,1.73,18.9,68.4,25.1,20.806,240.4,2.16
2025-09-24 18:33:32,2025-09-24,18:33:32,in,0.22,1310.8,0.0,25.2,8.287,88.8,0.37
2025-09-24 18:33:39,2025-09-24,18:33:39,out,1.86,18.9,68.5,25.1,20.82,216.2,3.12
2025-09-24 18:34:35,2025-09-24,18:34:35,in,0.22,1310.8,0.0,25.2,8.287,91.8,0.36
2025-09-24 18:34:42,2025-09-24,18:34:42,out,1.6,18.9,68.9,25.0,20.784,217.8,2.82
2025-09-24 18:35:38,2025-09-24,18:35:38,in,0.18,1310.8,0.0,25.2,8.287,117.5,0.39
2025-09-24 18:35:46,2025-09-24,18:35:46,out,1.72,19.0,69.2,25.0,20.827,212.7,2.65
2025-09-24 18:36:42,2025-09-24,18:36:42,in,0.21,1310.8,0.0,25.2,8.287,113.1,0.3
2025-09-24 18:36:50,2025-09-24,18:36:50,out,1.79,19.0,69.4,25.0,20.855,213.6,3.02
2025-09-24 18:37:46,2025-09-24,18:37:46,in,0.29,1310.8,0.0,25.2,8.287,158.4,0.39
2025-09-24 18:37:53,2025-09-24,18:37:53,out,1.16,19.0,69.7,24.9,20.804,208.3,2.36
2025-09-24 18:38:49,2025-09-24,18:38:49,in,0.31,1310.8,0.0,25.2,8.287,124.4,0.39
2025-09-24 18:38:56,2025-09-24,18:38:56,out,1.35,19.0,70.0,24.9,20.847,220.6,2.2
2025-09-24 18:39:52,2025-09-24,18:39:52,in,0.28,1310.8,0.0,25.2,8.287,119.1,0.56
2025-09-24 18:40:00,2025-09-24,18:40:00,out,2.3,19.1,70.2,24.9,20.875,230.0,2.6
2025-09-24 18:40:56,2025-09-24,18:40:56,in,0.28,1310.8,0.0,25.2,8.287,72.6,0.56
2025-09-24 18:41:04,2025-09-24,18:41:04,out,1.75,19.2,70.6,24.9,20.931,217.3,3.1
2025-09-24 18:42:00,2025-09-24,18:42:00,in,0.26,1310.8,0.0,25.2,8.287,80.8,0.45
2025-09-24 18:42:07,2025-09-24,18:42:07,out,1.33,19.2,71.1,24.8,20.908,216.4,2.82
2025-09-24 18:43:03,2025-09-24,18:43:03,in,0.23,1310.8,0.0,25.1,8.246,71.6,0.4
2025-09-24 18:43:10,2025-09-24,18:43:10,out,1.55,19.3,71.5,24.8,20.964,212.6,2.71
2025-09-24 18:44:06,2025-09-24,18:44:06,in,0.36,1310.8,0.0,25.1,8.246,94.3,0.58
2025-09-24 18:44:14,2025-09-24,18:44:14,out,2.06,19.4,71.9,24.8,21.019,206.3,3.19
2025-09-24 18:45:10,2025-09-24,18:45:10,in,0.22,1310.8,0.0,25.1,8.246,136.2,0.41
2025-09-24 18:45:18,2025-09-24,18:45:18,out,1.73,19.4,72.6,24.7,21.023,211.2,2.8
2025-09-24 18:46:14,2025-09-24,18:46:14,in,0.13,1310.8,0.0,25.1,8.246,192.7,0.47
2025-09-24 18:46:21,2025-09-24,18:46:21,out,1.87,19.4,73.1,24.6,20.998,209.5,3.0
2025-09-24 18:47:17,2025-09-24,18:47:17,in,0.12,1310.8,0.0,25.1,8.246,311.5,0.53
2025-09-24 18:47:24,2025-09-24,18:47:24,out,1.32,19.6,73.7,24.6,21.082,228.5,2.89
2025-09-24 18:48:20,2025-09-24,18:48:20,in,0.08,1310.8,0.0,25.1,8.246,311.5,0.27
2025-09-24 18:48:28,2025-09-24,18:48:28,out,1.82,19.7,74.1,24.6,21.137,222.0,2.58
2025-09-24 18:49:24,2025-09-24,18:49:24,in,0.15,1310.8,0.0,25.1,8.246,357.6,0.33
2025-09-24 18:49:32,2025-09-24,18:49:32,out,2.35,19.7,74.5,24.5,21.098,224.9,3.31
2025-09-24 18:50:28,2025-09-24,18:50:28,in,0.27,1310.8,0.0,25.1,8.246,120.4,0.46
2025-09-24 18:50:35,2025-09-24,18:50:35,out,2.23,19.7,75.1,24.5,21.18,232.7,2.77
2025-09-24 18:51:31,2025-09-24,18:51:31,in,0.27,1310.8,0.0,25.1,8.246,156.3,0.53
2025-09-24 18:51:38,2025-09-24,18:51:38,out,2.58,19.8,75.7,24.4,21.168,217.8,3.45
2025-09-24 18:52:34,2025-09-24,18:52:34,in,0.28,1310.8,0.0,25.0,8.204,104.7,0.52
2025-09-24 18:52:42,2025-09-24,18:52:42,out,1.88,19.9,76.4,24.3,21.169,218.0,3.6
2025-09-24 18:53:38,2025-09-24,18:53:38,in,0.41,1310.8,0.0,25.0,8.204,131.1,0.57
2025-09-24 18:53:46,2025-09-24,18:53:46,out,1.0,20.0,77.1,24.3,21.264,201.9,3.32
2025-09-24 18:54:42,2025-09-24,18:54:42,in,0.22,1310.8,0.0,25.0,8.204,98.9,0.53
2025-09-24 18:54:49,2025-09-24,18:54:49,out,2.13,20.0,77.6,24.2,21.237,205.6,3.0
2025-09-24 18:55:45,2025-09-24,18:55:45,in,1.39,1310.8,0.0,25.0,8.204,316.3,2.33
2025-09-24 18:55:52,2025-09-24,18:55:52,out,2.31,20.1,78.2,24.2,21.319,207.4,3.43
2025-09-24 18:56:48,2025-09-24,18:56:48,in,1.59,1310.8,0.0,24.8,8.121,317.1,2.42
2025-09-24 18:56:56,2025-09-24,18:56:56,out,2.96,20.1,78.7,24.1,21.291,221.9,3.83
2025-09-24 18:57:52,2025-09-24,18:57:52,in,1.47,1310.8,0.0,24.7,8.08,326.1,2.18
2025-09-24 18:58:00,2025-09-24,18:58:00,out,2.58,20.3,79.4,24.1,21.386,216.3,3.88
2025-09-24 18:58:56,2025-09-24,18:58:56,in,1.71,1310.8,0.0,24.6,8.038,321.3,2.41
2025-09-24 18:59:03,2025-09-24,18:59:03,out,2.83,20.3,80.1,24.0,21.385,211.8,3.8
2025-09-24 18:59:59,2025-09-24,18:59:59,in,1.54,1310.8,0.0,24.4,7.955,322.5,2.67
2025-09-24 19:00:06,2025-09-24,19:00:06,out,2.46,20.5,81.0,24.0,21.506,208.3,3.09
2025-09-24 19:01:02,2025-09-24,19:01:02,in,1.05,1310.8,0.0,24.4,7.955,322.7,2.19
2025-09-24 19:01:10,2025-09-24,19:01:10,out,2.2,20.7,81.9,24.0,21.627,209.7,3.21
2025-09-24 19:02:06,2025-09-24,19:02:06,in,1.04,1310.8,0.0,24.3,7.914,332.1,2.19
2025-09-24 19:02:14,2025-09-24,19:02:14,out,0.86,20.8,82.7,23.9,21.638,206.0,3.11
2025-09-24 19:03:10,2025-09-24,19:03:10,in,1.38,1310.8,0.0,24.3,7.914,320.8,2.07
2025-09-24 19:03:18,2025-09-24,19:03:18,out,1.64,20.9,83.4,23.9,21.732,219.1,3.26
2025-09-24 19:04:13,2025-09-24,19:04:13,in,1.51,1310.8,0.0,24.2,7.872,322.2,2.1
2025-09-24 19:04:21,2025-09-24,19:04:21,out,2.07,21.0,84.3,23.8,21.755,217.5,2.8
2025-09-24 19:05:16,2025-09-24,19:05:16,in,1.27,1310.8,0.0,24.1,7.831,329.2,2.01
2025-09-24 19:05:24,2025-09-24,19:05:24,out,2.54,21.1,85.3,23.8,21.889,215.6,3.02
2025-09-24 19:06:20,2025-09-24,19:06:20,in,0.95,1310.8,0.0,24.0,7.789,333.1,1.81
2025-09-24 19:06:28,2025-09-24,19:06:28,out,1.2,21.3,86.8,23.7,21.991,193.6,2.7
2025-09-24 19:07:24,2025-09-24,19:07:24,in,1.2,1310.8,0.0,24.0,7.789,323.6,2.22
2025-09-24 19:07:32,2025-09-24,19:07:32,out,1.1,21.6,88.0,23.7,22.15,211.3,2.5
2025-09-24 19:08:28,2025-09-24,19:08:28,in,1.4,1310.8,0.0,24.0,7.789,318.6,2.11
2025-09-24 19:08:35,2025-09-24,19:08:35,out,2.12,21.8,89.2,23.7,22.31,213.6,2.74
2025-09-24 19:09:31,2025-09-24,19:09:31,in,1.99,1310.8,0.0,23.9,7.748,320.6,2.73
2025-09-24 19:09:38,2025-09-24,19:09:38,out,1.46,22.0,90.8,23.6,22.423,208.9,3.3
2025-09-24 19:10:34,2025-09-24,19:10:34,in,1.1,1310.8,0.0,23.9,7.748,329.5,2.5
2025-09-24 19:10:42,2025-09-24,19:10:42,out,1.07,22.4,93.1,23.6,22.727,218.7,2.81
2025-09-24 19:11:38,2025-09-24,19:11:38,in,1.53,1310.8,0.0,23.8,7.706,321.4,2.1
2025-09-24 19:11:46,2025-09-24,19:11:46,out,1.74,22.7,95.4,23.5,22.931,211.9,2.79
2025-09-24 19:12:42,2025-09-24,19:12:42,in,1.56,1310.8,0.0,23.8,7.706,317.8,2.48
2025-09-24 19:12:49,2025-09-24,19:12:49,out,1.35,23.1,98.1,23.5,23.287,206.4,2.67
2025-09-24 19:13:45,2025-09-24,19:13:45,in,1.58,1310.8,0.0,23.8,7.706,323.0,2.06
2025-09-24 19:13:52,2025-09-24,19:13:52,out,0.98,23.5,100.0,23.5,23.537,206.8,2.05
2025-09-24 19:14:56,2025-09-24,19:14:56,out,1.35,23.5,100.0,23.5,23.537,218.7,2.79
2025-09-24 19:15:16,2025-09-24,19:15:16,in,1.42,1310.8,0.0,23.7,7.665,327.9,1.94
2025-09-24 19:16:00,2025-09-24,19:16:00,out,2.0,23.4,100.0,23.4,23.436,215.9,2.67
2025-09-24 19:16:18,2025-09-24,19:16:18,in,1.39,1310.8,0.0,23.7,7.665,329.0,1.79
2025-09-24 19:17:03,2025-09-24,19:17:03,out,1.76,23.4,100.0,23.4,23.436,205.6,2.33
2025-09-24 19:17:22,2025-09-24,19:17:22,in,1.43,1310.8,0.0,23.7,7.665,321.8,2.21
2025-09-24 19:18:06,2025-09-24,19:18:06,out,1.23,23.3,100.0,23.3,23.335,219.5,2.34
2025-09-24 19:18:26,2025-09-24,19:18:26,in,1.13,1310.8,0.0,23.6,7.623,325.8,2.34
2025-09-24 19:19:10,2025-09-24,19:19:10,out,1.24,23.3,100.0,23.3,23.335,220.9,1.89
2025-09-24 19:19:29,2025-09-24,19:19:29,in,1.36,1310.8,0.0,23.6,7.623,327.4,2.35
2025-09-24 19:20:14,2025-09-24,19:20:14,out,1.16,23.3,100.0,23.3,23.335,229.6,1.97
2025-09-24 19:20:32,2025-09-24,19:20:32,in,1.51,1310.8,0.0,23.5,7.582,321.2,2.21
2025-09-24 19:21:17,2025-09-24,19:21:17,out,1.76,23.3,100.0,23.3,23.335,240.0,2.15
2025-09-24 19:21:36,2025-09-24,19:21:36,in,1.13,1310.8,0.0,23.5,7.582,318.4,2.15
2025-09-24 19:22:20,2025-09-24,19:22:20,out,1.36,23.3,100.0,23.3,23.335,233.5,1.74
2025-09-24 19:22:40,2025-09-24,19:22:40,in,1.22,1310.8,0.0,23.4,7.54,322.5,1.75
2025-09-24 19:23:24,2025-09-24,19:23:24,out,1.37,23.2,100.0,23.2,23.234,223.9,2.04
2025-09-24 19:23:43,2025-09-24,19:23:43,in,1.31,1310.8,0.0,23.4,7.54,324.5,2.04
2025-09-24 19:24:28,2025-09-24,19:24:28,out,1.45,23.2,100.0,23.2,23.234,209.5,1.76
2025-09-24 19:24:46,2025-09-24,19:24:46,in,0.78,1310.8,0.0,23.4,7.54,330.9,1.78
2025-09-24 19:25:31,2025-09-24,19:25:31,out,0.99,23.2,100.0,23.2,23.234,238.2,2.0
2025-09-24 19:25:50,2025-09-24,19:25:50,in,1.08,1310.8,0.0,23.3,7.499,330.7,2.03
2025-09-24 19:26:34,2025-09-24,19:26:34,out,1.39,23.2,100.0,23.2,23.234,218.4,1.69
2025-09-24 19:26:54,2025-09-24,19:26:54,in,0.98,1310.8,0.0,23.3,7.499,334.3,2.15
2025-09-24 19:27:38,2025-09-24,19:27:38,out,0.54,23.1,100.0,23.1,23.134,246.5,1.34
2025-09-24 19:27:57,2025-09-24,19:27:57,in,1.37,1310.8,0.0,23.3,7.499,324.5,2.22
2025-09-24 19:28:42,2025-09-24,19:28:42,out,0.42,23.1,100.0,23.1,23.134,240.5,1.36
2025-09-24 19:29:00,2025-09-24,19:29:00,in,1.75,1310.8,0.0,23.2,7.457,317.1,2.21
2025-09-24 19:29:45,2025-09-24,19:29:45,out,1.17,23.1,100.0,23.1,23.134,209.3,1.49
2025-09-24 19:30:04,2025-09-24,19:30:04,in,1.29,1310.8,0.0,23.2,7.457,322.9,2.01
2025-09-24 19:30:48,2025-09-24,19:30:48,out,0.32,23.1,100.0,23.1,23.134,226.5,1.25
2025-09-24 19:31:08,2025-09-24,19:31:08,in,1.54,1310.8,0.0,23.2,7.457,323.1,2.18
2025-09-24 19:31:52,2025-09-24,19:31:52,out,0.53,23.0,100.0,23.0,23.033,217.1,0.99
2025-09-24 19:32:11,2025-09-24,19:32:11,in,1.27,1310.8,0.0,23.2,7.457,328.9,2.16
2025-09-24 19:32:56,2025-09-24,19:32:56,out,1.28,23.0,100.0,23.0,23.033,234.2,1.53
2025-09-24 19:33:14,2025-09-24,19:33:14,in,1.45,1310.8,0.0,23.1,7.416,325.1,2.1
2025-09-24 19:33:59,2025-09-24,19:33:59,out,0.68,23.0,100.0,23.0,23.033,246.1,1.38
2025-09-24 19:34:18,2025-09-24,19:34:18,in,1.55,1310.8,0.0,23.1,7.416,321.0,2.3
2025-09-24 19:35:02,2025-09-24,19:35:02,out,0.58,23.0,100.0,23.0,23.033,251.0,1.12
2025-09-24 19:35:22,2025-09-24,19:35:22,in,1.81,1310.8,0.0,23.1,7.416,325.0,2.13
2025-09-24 19:36:06,2025-09-24,19:36:06,out,1.07,23.0,100.0,23.0,23.033,262.5,1.2
2025-09-24 19:36:25,2025-09-24,19:36:25,in,1.77,1310.8,0.0,23.1,7.416,325.3,2.27
2025-09-24 19:37:10,2025-09-24,19:37:10,out,0.9,22.9,100.0,22.9,22.932,247.7,1.25
2025-09-24 19:37:28,2025-09-24,19:37:28,in,1.46,1310.8,0.0,23.1,7.416,330.5,1.99
2025-09-24 19:38:13,2025-09-24,19:38:13,out,0.83,22.9,100.0,22.9,22.932,243.3,1.13
2025-09-24 19:38:32,2025-09-24,19:38:32,in,1.5,1310.8,0.0,23.0,7.374,333.1,1.98
2025-09-24 19:39:16,2025-09-24,19:39:16,out,1.01,22.9,100.0,22.9,22.932,264.9,1.31
2025-09-24 19:39:36,2025-09-24,19:39:36,in,1.32,1310.8,0.0,23.0,7.374,323.0,2.03
2025-09-24 19:40:20,2025-09-24,19:40:20,out,1.04,22.9,100.0,22.9,22.932,247.1,1.45
2025-09-24 19:40:39,2025-09-24,19:40:39,in,1.44,1310.8,0.0,23.0,7.374,324.3,2.1
2025-09-24 19:41:24,2025-09-24,19:41:24,out,0.69,22.9,100.0,22.9,22.932,240.8,1.69
2025-09-24 19:41:42,2025-09-24,19:41:42,in,1.46,1310.8,0.0,22.9,7.333,320.3,2.07
2025-09-24 19:42:27,2025-09-24,19:42:27,out,0.8,22.9,100.0,22.9,22.932,240.9,0.94
2025-09-24 19:42:46,2025-09-24,19:42:46,in,1.54,1310.8,0.0,22.9,7.333,328.1,2.13
2025-09-24 19:43:30,2025-09-24,19:43:30,out,1.1,22.9,100.0,22.9,22.932,249.9,1.37
2025-09-24 19:43:50,2025-09-24,19:43:50,in,1.48,1310.8,0.0,22.9,7.333,324.4,2.38
2025-09-24 19:44:34,2025-09-24,19:44:34,out,0.89,22.8,100.0,22.8,22.832,241.9,1.98
2025-09-24 19:44:53,2025-09-24,19:44:53,in,1.29,1310.8,0.0,22.9,7.333,332.9,2.07
2025-09-24 19:45:38,2025-09-24,19:45:38,out,1.53,22.8,100.0,22.8,22.832,245.3,1.68
2025-09-24 19:45:56,2025-09-24,19:45:56,in,1.47,1310.8,0.0,22.9,7.333,329.1,2.56
2025-09-24 19:46:41,2025-09-24,19:46:41,out,1.42,22.8,100.0,22.8,22.832,236.6,1.97
2025-09-24 19:47:00,2025-09-24,19:47:00,in,1.75,1310.8,0.0,22.8,7.292,322.5,2.04
2025-09-24 19:47:44,2025-09-24,19:47:44,out,1.31,22.8,100.0,22.8,22.832,230.5,1.67
2025-09-24 19:48:04,2025-09-24,19:48:04,in,0.83,1310.8,0.0,22.8,7.292,332.3,1.99
2025-09-24 19:48:48,2025-09-24,19:48:48,out,1.53,22.8,100.0,22.8,22.832,246.7,1.81
2025-09-24 19:49:07,2025-09-24,19:49:07,in,1.76,1310.8,0.0,22.8,7.292,324.4,2.38
2025-09-24 19:49:52,2025-09-24,19:49:52,out,1.8,22.8,100.0,22.8,22.832,233.9,2.08
2025-09-24 19:50:10,2025-09-24,19:50:10,in,0.96,1310.8,0.0,22.8,7.292,330.3,2.1
2025-09-24 19:50:55,2025-09-24,19:50:55,out,1.88,22.8,100.0,22.8,22.832,237.0,2.3
2025-09-24 19:51:14,2025-09-24,19:51:14,in,1.68,1310.8,0.0,22.8,7.292,322.6,2.52
2025-09-24 19:51:58,2025-09-24,19:51:58,out,1.67,22.7,100.0,22.7,22.731,227.8,2.17
2025-09-24 19:52:18,2025-09-24,19:52:18,in,1.31,1310.8,0.0,22.8,7.292,321.2,1.84
2025-09-24 19:53:02,2025-09-24,19:53:02,out,1.69,22.7,100.0,22.7,22.731,234.0,1.95
2025-09-24 19:53:21,2025-09-24,19:53:21,in,1.22,1310.8,0.0,22.8,7.292,329.1,2.0
2025-09-24 19:54:06,2025-09-24,19:54:06,out,1.54,22.7,100.0,22.7,22.731,231.9,1.74
2025-09-24 19:54:24,2025-09-24,19:54:24,in,1.35,1310.8,0.0,22.8,7.292,321.1,2.07
2025-09-24 19:55:10,2025-09-24,19:55:10,out,1.22,22.7,100.0,22.7,22.731,236.5,1.96
2025-09-24 19:55:28,2025-09-24,19:55:28,in,1.35,1310.8,0.0,22.7,7.25,329.3,2.21
2025-09-24 19:56:12,2025-09-24,19:56:12,out,1.66,22.7,100.0,22.7,22.731,242.5,1.95
2025-09-24 19:56:32,2025-09-24,19:56:32,in,1.55,1310.8,0.0,22.7,7.25,327.5,2.3
2025-09-24 19:57:16,2025-09-24,19:57:16,out,1.38,22.7,100.0,22.7,22.731,254.8,1.81
2025-09-24 19:57:36,2025-09-24,19:57:36,in,1.26,1310.8,0.0,22.7,7.25,336.4,2.12
2025-09-24 19:58:20,2025-09-24,19:58:20,out,1.34,22.6,100.0,22.6,22.63,258.8,1.53
2025-09-24 19:58:39,2025-09-24,19:58:39,in,1.34,1310.8,0.0,22.7,7.25,321.7,2.06
2025-09-24 19:59:23,2025-09-24,19:59:23,out,1.04,22.6,100.0,22.6,22.63,250.3,1.74
2025-09-24 19:59:42,2025-09-24,19:59:42,in,1.35,1310.8,0.0,22.7,7.25,324.7,2.16
2025-09-24 20:00:27,2025-09-24,20:00:27,out,1.62,22.6,100.0,22.6,22.63,245.5,2.12
2025-09-24 20:00:46,2025-09-24,20:00:46,in,1.2,1310.8,0.0,22.7,7.25,324.9,2.05
2025-09-24 20:01:30,2025-09-24,20:01:30,out,1.2,22.6,100.0,22.6,22.63,240.3,1.71
2025-09-24 20:01:50,2025-09-24,20:01:50,in,1.32,1310.8,0.0,22.7,7.25,322.8,1.92
2025-09-24 20:02:34,2025-09-24,20:02:34,out,1.29,22.6,100.0,22.6,22.63,231.6,1.86
2025-09-24 20:02:53,2025-09-24,20:02:53,in,1.11,1310.8,0.0,22.7,7.25,332.0,1.96
2025-09-24 20:03:38,2025-09-24,20:03:38,out,1.63,22.6,100.0,22.6,22.63,244.5,2.08
2025-09-24 20:03:56,2025-09-24,20:03:56,in,0.9,1310.8,0.0,22.6,7.209,321.1,2.0
2025-09-24 20:04:41,2025-09-24,20:04:41,out,1.53,22.6,100.0,22.6,22.63,242.7,1.92
2025-09-24 20:05:00,2025-09-24,20:05:00,in,1.49,1310.8,0.0,22.6,7.209,327.8,2.15
2025-09-24 20:05:44,2025-09-24,20:05:44,out,1.07,22.5,100.0,22.5,22.529,227.6,1.74
2025-09-24 20:06:04,2025-09-24,20:06:04,in,1.32,1310.8,0.0,22.6,7.209,329.4,2.06
2025-09-24 20:06:48,2025-09-24,20:06:48,out,1.68,22.5,100.0,22.5,22.529,250.2,1.98
2025-09-24 20:07:07,2025-09-24,20:07:07,in,1.58,1310.8,0.0,22.6,7.209,326.5,2.08
2025-09-24 20:07:52,2025-09-24,20:07:52,out,1.1,22.5,100.0,22.5,22.529,226.2,1.87
2025-09-24 20:08:10,2025-09-24,20:08:10,in,1.58,1310.8,0.0,22.5,7.167,324.9,1.94
2025-09-24 20:08:55,2025-09-24,20:08:55,out,1.33,22.5,100.0,22.5,22.529,232.8,1.74
2025-09-24 20:09:14,2025-09-24,20:09:14,in,1.35,1310.8,0.0,22.6,7.209,318.3,2.57
2025-09-24 20:09:58,2025-09-24,20:09:58,out,0.77,22.5,100.0,22.5,22.529,238.7,1.94
2025-09-24 20:10:18,2025-09-24,20:10:18,in,0.87,1310.8,0.0,22.5,7.167,330.0,1.94
2025-09-24 20:11:02,2025-09-24,20:11:02,out,1.63,22.5,100.0,22.5,22.529,246.0,1.87
2025-09-24 20:11:21,2025-09-24,20:11:21,in,1.05,1310.8,0.0,22.5,7.167,331.3,1.89
2025-09-24 20:12:06,2025-09-24,20:12:06,out,1.3,22.5,100.0,22.5,22.529,245.6,1.95
2025-09-24 20:12:24,2025-09-24,20:12:24,in,1.28,1310.8,0.0,22.5,7.167,323.5,2.41
2025-09-24 20:13:09,2025-09-24,20:13:09,out,1.04,22.4,100.0,22.4,22.429,226.9,1.62
2025-09-24 20:13:28,2025-09-24,20:13:28,in,1.2,1310.8,0.0,22.5,7.167,317.6,2.44
2025-09-24 20:14:12,2025-09-24,20:14:12,out,1.55,22.4,100.0,22.4,22.429,224.6,1.76
2025-09-24 20:14:32,2025-09-24,20:14:32,in,1.1,1310.8,0.0,22.5,7.167,327.2,1.87
2025-09-24 20:15:16,2025-09-24,20:15:16,out,1.16,22.4,100.0,22.4,22.429,213.4,1.83
2025-09-24 20:15:35,2025-09-24,20:15:35,in,1.29,1310.8,0.0,22.5,7.167,323.1,2.17
2025-09-24 20:16:20,2025-09-24,20:16:20,out,1.34,22.4,100.0,22.4,22.429,226.8,1.87
2025-09-24 20:16:38,2025-09-24,20:16:38,in,1.06,1310.8,0.0,22.5,7.167,317.1,2.25
2025-09-24 20:17:23,2025-09-24,20:17:23,out,1.56,22.4,100.0,22.4,22.429,244.6,1.73
2025-09-24 20:17:42,2025-09-24,20:17:42,in,1.28,1310.8,0.0,22.5,7.167,320.8,2.19
2025-09-24 20:18:26,2025-09-24,20:18:26,out,1.61,22.3,100.0,22.3,22.328,227.1,2.05
2025-09-24 20:18:46,2025-09-24,20:18:46,in,0.97,1310.8,0.0,22.5,7.167,317.9,1.84
2025-09-24 20:19:30,2025-09-24,20:19:30,out,1.18,22.3,100.0,22.3,22.328,222.0,1.93
2025-09-24 20:19:49,2025-09-24,20:19:49,in,0.91,1310.8,0.0,22.5,7.167,325.7,1.57
2025-09-24 20:20:34,2025-09-24,20:20:34,out,1.47,22.3,100.0,22.3,22.328,236.0,1.86
2025-09-24 20:20:52,2025-09-24,20:20:52,in,1.54,1310.8,0.0,22.5,7.167,321.1,2.05
2025-09-24 20:21:37,2025-09-24,20:21:37,out,1.09,22.3,100.0,22.3,22.328,221.2,2.31
2025-09-24 20:21:56,2025-09-24,20:21:56,in,0.4,1310.8,0.0,22.5,7.167,358.1,1.72
2025-09-24 20:22:40,2025-09-24,20:22:40,out,1.5,22.3,100.0,22.3,22.328,233.3,1.99
2025-09-24 20:23:00,2025-09-24,20:23:00,in,1.14,1310.8,0.0,22.5,7.167,327.3,1.45
2025-09-24 20:23:44,2025-09-24,20:23:44,out,0.95,22.3,100.0,22.3,22.328,238.3,1.71
2025-09-24 20:24:03,2025-09-24,20:24:03,in,0.8,1310.8,0.0,22.4,7.125,325.1,1.53
2025-09-24 20:24:48,2025-09-24,20:24:48,out,1.48,22.2,100.0,22.2,22.227,224.9,1.98
2025-09-24 20:25:07,2025-09-24,20:25:07,in,1.13,1310.8,0.0,22.5,7.167,332.9,1.75
2025-09-24 20:25:51,2025-09-24,20:25:51,out,1.46,22.2,100.0,22.2,22.227,221.5,2.04
2025-09-24 20:26:10,2025-09-24,20:26:10,in,0.73,1310.8,0.0,22.5,7.167,317.7,1.67
2025-09-24 20:26:54,2025-09-24,20:26:54,out,0.63,22.2,100.0,22.2,22.227,229.3,1.46
2025-09-24 20:27:14,2025-09-24,20:27:14,in,1.21,1310.8,0.0,22.4,7.125,314.9,2.43
2025-09-24 20:27:58,2025-09-24,20:27:58,out,0.55,22.2,100.0,22.2,22.227,227.6,1.37
2025-09-24 20:28:17,2025-09-24,20:28:17,in,1.01,1310.8,0.0,22.4,7.125,331.9,2.03
2025-09-24 20:29:02,2025-09-24,20:29:02,out,1.0,22.2,100.0,22.2,22.227,232.4,1.4
2025-09-24 20:29:20,2025-09-24,20:29:20,in,1.02,1310.8,0.0,22.3,7.084,327.8,2.14
2025-09-24 20:30:05,2025-09-24,20:30:05,out,0.39,22.2,100.0,22.2,22.227,220.2,1.06
2025-09-24 20:30:24,2025-09-24,20:30:24,in,0.77,1310.8,0.0,22.3,7.084,333.0,1.77
2025-09-24 20:31:08,2025-09-24,20:31:08,out,0.38,22.1,100.0,22.1,22.127,227.3,1.12
2025-09-24 20:31:28,2025-09-24,20:31:28,in,0.95,1310.8,0.0,22.3,7.084,329.8,2.07
2025-09-24 20:32:12,2025-09-24,20:32:12,out,0.45,22.1,100.0,22.1,22.127,177.6,1.64
2025-09-24 20:32:31,2025-09-24,20:32:31,in,1.35,1310.8,0.0,22.3,7.084,316.9,2.3
2025-09-24 20:33:16,2025-09-24,20:33:16,out,0.35,22.1,100.0,22.1,22.127,215.5,0.51
2025-09-24 20:33:34,2025-09-24,20:33:34,in,1.24,1310.8,0.0,22.3,7.084,319.3,2.17
2025-09-24 20:34:19,2025-09-24,20:34:19,out,0.2,22.1,100.0,22.1,22.127,60.6,0.41
2025-09-24 20:34:38,2025-09-24,20:34:38,in,1.11,1310.8,0.0,22.3,7.084,328.4,1.89
2025-09-24 20:35:22,2025-09-24,20:35:22,out,0.59,22.0,100.0,22.0,22.026,122.7,0.72
2025-09-24 20:35:42,2025-09-24,20:35:42,in,1.03,1310.8,0.0,22.3,7.084,321.2,1.9
2025-09-24 20:36:26,2025-09-24,20:36:26,out,0.38,22.0,100.0,22.0,22.026,123.9,0.86
2025-09-24 20:36:45,2025-09-24,20:36:45,in,1.2,1310.8,0.0,22.3,7.084,326.3,1.73
2025-09-24 20:37:30,2025-09-24,20:37:30,out,1.13,22.0,100.0,22.0,22.026,140.5,1.32
2025-09-24 20:37:48,2025-09-24,20:37:48,in,1.11,1310.8,0.0,22.3,7.084,322.5,1.96
2025-09-24 20:38:33,2025-09-24,20:38:33,out,0.94,22.0,100.0,22.0,22.026,143.5,1.09
2025-09-24 20:38:52,2025-09-24,20:38:52,in,0.8,1310.8,0.0,22.3,7.084,317.7,1.32
2025-09-24 20:39:36,2025-09-24,20:39:36,out,1.24,22.0,100.0,22.0,22.026,138.6,1.52
2025-09-24 20:39:56,2025-09-24,20:39:56,in,0.33,1310.8,0.0,22.3,7.084,321.5,1.94
2025-09-24 20:40:40,2025-09-24,20:40:40,out,0.9,22.0,100.0,22.0,22.026,131.7,1.7
2025-09-24 20:40:59,2025-09-24,20:40:59,in,1.14,1310.8,0.0,22.3,7.084,335.0,2.25
2025-09-24 20:41:44,2025-09-24,20:41:44,out,0.82,22.0,100.0,22.0,22.026,157.1,1.26
2025-09-24 20:42:02,2025-09-24,20:42:02,in,1.01,1310.8,0.0,22.3,7.084,336.0,1.74
2025-09-24 20:42:47,2025-09-24,20:42:47,out,1.12,22.0,100.0,22.0,22.026,142.7,1.48
2025-09-24 20:43:06,2025-09-24,20:43:06,in,1.28,1310.8,0.0,22.2,7.042,322.7,1.68
2025-09-24 20:43:50,2025-09-24,20:43:50,out,0.39,22.0,100.0,22.0,22.026,166.7,1.08
2025-09-24 20:44:10,2025-09-24,20:44:10,in,1.27,1310.8,0.0,22.2,7.042,325.9,1.89
2025-09-24 20:44:54,2025-09-24,20:44:54,out,0.24,21.9,100.0,21.9,21.925,168.5,0.62
2025-09-24 20:45:13,2025-09-24,20:45:13,in,1.27,1310.8,0.0,22.2,7.042,327.2,2.11
2025-09-24 20:45:58,2025-09-24,20:45:58,out,0.87,21.9,100.0,21.9,21.925,160.4,1.12
2025-09-24 20:46:16,2025-09-24,20:46:16,in,1.16,1310.8,0.0,22.1,7.001,328.1,2.21
2025-09-24 20:47:02,2025-09-24,20:47:02,out,0.76,21.9,100.0,21.9,21.925,137.6,0.91
2025-09-24 20:47:20,2025-09-24,20:47:20,in,1.07,1310.8,0.0,22.1,7.001,321.5,1.58
2025-09-24 20:48:05,2025-09-24,20:48:05,out,0.94,21.9,100.0,21.9,21.925,137.3,1.3
2025-09-24 20:48:24,2025-09-24,20:48:24,in,1.03,1310.8,0.0,22.1,7.001,330.8,2.83
2025-09-24 20:49:08,2025-09-24,20:49:08,out,1.18,21.9,100.0,21.9,21.925,134.9,1.57
2025-09-24 20:49:27,2025-09-24,20:49:27,in,0.72,1310.8,0.0,22.1,7.001,330.6,2.23
2025-09-24 20:50:12,2025-09-24,20:50:12,out,1.2,21.9,100.0,21.9,21.925,138.5,1.47
2025-09-24 20:50:30,2025-09-24,20:50:30,in,1.03,1310.8,0.0,22.1,7.001,323.1,1.42
2025-09-24 20:51:15,2025-09-24,20:51:15,out,0.56,21.9,100.0,21.9,21.925,147.3,1.43
2025-09-24 20:51:34,2025-09-24,20:51:34,in,0.89,1310.8,0.0,22.1,7.001,316.5,1.7
2025-09-24 20:52:19,2025-09-24,20:52:19,out,0.21,21.8,100.0,21.8,21.824,145.0,1.23
2025-09-24 20:52:38,2025-09-24,20:52:38,in,0.84,1310.8,0.0,22.1,7.001,319.5,1.95
2025-09-24 20:53:22,2025-09-24,20:53:22,out,0.36,21.8,100.0,21.8,21.824,154.6,0.62
2025-09-24 20:53:41,2025-09-24,20:53:41,in,0.53,1310.8,0.0,22.1,7.001,309.3,1.63
2025-09-24 20:54:26,2025-09-24,20:54:26,out,0.67,21.8,100.0,21.8,21.824,131.5,0.99
2025-09-24 20:54:44,2025-09-24,20:54:44,in,0.97,1310.8,0.0,22.1,7.001,331.4,2.25
2025-09-24 20:55:30,2025-09-24,20:55:30,out,1.09,21.8,100.0,21.8,21.824,133.1,1.63
2025-09-24 20:55:48,2025-09-24,20:55:48,in,0.8,1310.8,0.0,22.1,7.001,321.6,1.95
2025-09-24 20:56:33,2025-09-24,20:56:33,out,1.19,21.8,100.0,21.8,21.824,144.2,1.37
2025-09-24 20:56:52,2025-09-24,20:56:52,in,1.23,1310.8,0.0,22.1,7.001,324.1,1.98
2025-09-24 20:57:36,2025-09-24,20:57:36,out,1.34,21.8,100.0,21.8,21.824,138.2,1.52
2025-09-24 20:57:56,2025-09-24,20:57:56,in,0.76,1310.8,0.0,22.1,7.001,329.5,2.11
2025-09-24 20:58:40,2025-09-24,20:58:40,out,0.65,21.8,100.0,21.8,21.824,147.3,1.57
2025-09-24 20:58:58,2025-09-24,20:58:58,in,1.39,1310.8,0.0,22.1,7.001,317.8,2.11
2025-09-24 20:59:44,2025-09-24,20:59:44,out,0.48,21.8,100.0,21.8,21.824,162.8,0.9
2025-09-24 21:00:02,2025-09-24,21:00:02,in,0.86,1310.8,0.0,22.1,7.001,311.0,1.79
2025-09-24 21:00:47,2025-09-24,21:00:47,out,0.22,21.8,100.0,21.7,21.724,188.0,1.19
2025-09-24 21:01:06,2025-09-24,21:01:06,in,1.37,1310.8,0.0,22.1,7.001,315.3,2.0
2025-09-24 21:01:50,2025-09-24,21:01:50,out,0.38,21.7,100.0,21.7,21.724,138.0,1.14
2025-09-24 21:02:10,2025-09-24,21:02:10,in,0.8,1310.8,0.0,22.1,7.001,315.7,1.75
2025-09-24 21:02:54,2025-09-24,21:02:54,out,0.57,21.7,100.0,21.7,21.724,159.2,0.72
2025-09-24 21:03:12,2025-09-24,21:03:12,in,0.73,1310.8,0.0,22.0,6.959,320.2,1.73
2025-09-24 21:03:58,2025-09-24,21:03:58,out,0.52,21.7,100.0,21.7,21.724,166.7,0.77
2025-09-24 21:04:16,2025-09-24,21:04:16,in,1.01,1310.8,0.0,22.0,6.959,306.0,1.93
2025-09-24 21:05:01,2025-09-24,21:05:01,out,0.18,21.7,100.0,21.7,21.724,149.8,0.56
2025-09-24 21:05:20,2025-09-24,21:05:20,in,1.4,1310.8,0.0,22.0,6.959,304.9,1.98
2025-09-24 21:06:04,2025-09-24,21:06:04,out,0.52,21.7,100.0,21.7,21.724,181.9,0.64
2025-09-24 21:06:24,2025-09-24,21:06:24,in,0.92,1310.8,0.0,22.0,6.959,325.9,1.94
2025-09-24 21:07:08,2025-09-24,21:07:08,out,0.16,21.6,100.0,21.6,21.623,177.0,0.51
2025-09-24 21:07:27,2025-09-24,21:07:27,in,0.88,1310.8,0.0,22.0,6.959,315.2,1.7
2025-09-24 21:08:12,2025-09-24,21:08:12,out,0.14,21.6,100.0,21.6,21.623,151.7,0.77
2025-09-24 21:08:30,2025-09-24,21:08:30,in,0.8,1310.8,0.0,22.0,6.959,328.8,1.7
2025-09-24 21:09:15,2025-09-24,21:09:15,out,0.04,21.6,100.0,21.6,21.623,161.6,0.54
2025-09-24 21:09:34,2025-09-24,21:09:34,in,0.98,1310.8,0.0,22.0,6.959,314.3,1.5
2025-09-24 21:10:18,2025-09-24,21:10:18,out,0.2,21.5,100.0,21.5,21.522,138.1,0.33
2025-09-24 21:10:38,2025-09-24,21:10:38,in,0.92,1310.8,0.0,22.0,6.959,323.5,1.68
2025-09-24 21:11:22,2025-09-24,21:11:22,out,0.4,21.5,100.0,21.5,21.522,159.0,0.75
2025-09-24 21:11:41,2025-09-24,21:11:41,in,0.93,1310.8,0.0,22.0,6.959,334.0,1.64
2025-09-24 21:12:26,2025-09-24,21:12:26,out,0.21,21.5,100.0,21.5,21.522,175.2,0.75
2025-09-24 21:12:44,2025-09-24,21:12:44,in,1.27,1310.8,0.0,22.0,6.959,312.2,1.96
2025-09-24 21:13:29,2025-09-24,21:13:29,out,0.2,21.5,100.0,21.5,21.522,186.8,0.59
2025-09-24 21:13:48,2025-09-24,21:13:48,in,1.0,1310.8,0.0,22.0,6.959,317.7,1.86
2025-09-24 21:14:32,2025-09-24,21:14:32,out,0.16,21.5,100.0,21.5,21.522,204.6,0.63
2025-09-24 21:14:52,2025-09-24,21:14:52,in,0.62,1310.8,0.0,22.0,6.959,329.4,1.65
2025-09-24 21:15:36,2025-09-24,21:15:36,out,0.17,21.5,100.0,21.5,21.522,181.5,0.42
2025-09-24 21:15:55,2025-09-24,21:15:55,in,0.94,1310.8,0.0,22.0,6.959,325.3,1.77
2025-09-24 21:16:40,2025-09-24,21:16:40,out,0.15,21.4,100.0,21.4,21.422,131.4,0.49
2025-09-24 21:16:58,2025-09-24,21:16:58,in,1.47,1310.8,0.0,22.0,6.959,321.3,1.77
2025-09-24 21:17:43,2025-09-24,21:17:43,out,0.16,,,21.4,,141.4,0.55
2025-09-24 21:18:02,2025-09-24,21:18:02,in,0.95,1310.8,0.0,22.0,6.959,327.4,1.75
2025-09-24 21:18:46,2025-09-24,21:18:46,out,0.22,21.4,100.0,21.4,21.422,227.0,0.5
2025-09-24 21:19:06,2025-09-24,21:19:06,in,1.03,1310.8,0.0,22.0,6.959,324.2,2.1
2025-09-24 21:19:50,2025-09-24,21:19:50,out,0.39,21.4,100.0,21.4,21.422,170.3,0.59
2025-09-24 21:20:09,2025-09-24,21:20:09,in,0.87,1310.8,0.0,22.0,6.959,329.4,1.51
2025-09-24 21:20:54,2025-09-24,21:20:54,out,0.2,21.4,100.0,21.4,21.422,100.8,0.66
2025-09-24 21:21:12,2025-09-24,21:21:12,in,1.11,1310.8,0.0,22.0,6.959,316.5,1.71
2025-09-24 21:21:57,2025-09-24,21:21:57,out,0.27,21.4,100.0,21.4,21.422,185.0,0.77
2025-09-24 21:22:16,2025-09-24,21:22:16,in,0.94,1310.8,0.0,22.0,6.959,330.3,1.95
2025-09-24 21:23:00,2025-09-24,21:23:00,out,0.22,21.4,100.0,21.4,21.422,135.7,0.78
2025-09-24 21:23:20,2025-09-24,21:23:20,in,1.28,1310.8,0.0,22.0,6.959,325.9,2.18
2025-09-24 21:24:04,2025-09-24,21:24:04,out,0.24,21.4,100.0,21.4,21.422,125.7,1.23
2025-09-24 21:24:23,2025-09-24,21:24:23,in,1.31,1310.8,0.0,22.0,6.959,320.7,1.86
2025-09-24 21:25:08,2025-09-24,21:25:08,out,0.89,21.5,100.0,21.5,21.522,128.5,1.12
2025-09-24 21:25:26,2025-09-24,21:25:26,in,1.65,1310.8,0.0,22.0,6.959,321.4,2.1
2025-09-24 21:26:11,2025-09-24,21:26:11,out,0.8,21.5,100.0,21.5,21.522,134.0,1.07
2025-09-24 21:26:30,2025-09-24,21:26:30,in,1.39,1310.8,0.0,22.0,6.959,326.2,1.86
2025-09-24 21:27:14,2025-09-24,21:27:14,out,0.94,21.6,100.0,21.6,21.623,141.0,1.1
2025-09-24 21:27:34,2025-09-24,21:27:34,in,1.14,1310.8,0.0,22.0,6.959,320.8,2.15
2025-09-24 21:28:18,2025-09-24,21:28:18,out,0.24,21.6,100.0,21.6,21.623,97.9,1.03
2025-09-24 21:28:37,2025-09-24,21:28:37,in,1.12,1310.8,0.0,22.0,6.959,314.1,1.64
2025-09-24 21:29:22,2025-09-24,21:29:22,out,0.09,21.6,100.0,21.6,21.623,334.1,0.28
2025-09-24 21:29:40,2025-09-24,21:29:40,in,0.78,1310.8,0.0,22.0,6.959,326.5,1.51
2025-09-24 21:30:25,2025-09-24,21:30:25,out,0.38,21.6,100.0,21.6,21.623,133.3,0.69
2025-09-24 21:30:44,2025-09-24,21:30:44,in,1.04,1310.8,0.0,22.0,6.959,326.9,2.24
2025-09-24 21:31:28,2025-09-24,21:31:28,out,0.51,21.6,100.0,21.6,21.623,152.5,0.74
2025-09-24 21:31:48,2025-09-24,21:31:48,in,1.1,1310.8,0.0,22.0,6.959,321.4,1.83
2025-09-24 21:32:32,2025-09-24,21:32:32,out,0.21,21.6,100.0,21.6,21.623,157.8,0.75
2025-09-24 21:32:51,2025-09-24,21:32:51,in,0.84,1310.8,0.0,22.0,6.959,328.2,1.54
2025-09-24 21:33:36,2025-09-24,21:33:36,out,0.92,21.6,100.0,21.6,21.623,147.8,1.03
2025-09-24 21:33:54,2025-09-24,21:33:54,in,1.15,1310.8,0.0,22.0,6.959,332.3,1.64
2025-09-24 21:34:39,2025-09-24,21:34:39,out,0.71,21.6,100.0,21.6,21.623,129.0,0.85
2025-09-24 21:34:58,2025-09-24,21:34:58,in,1.05,1310.8,0.0,22.1,7.001,328.9,1.74
2025-09-24 21:35:42,2025-09-24,21:35:42,out,0.44,21.6,100.0,21.6,21.623,140.4,0.82
2025-09-24 21:36:02,2025-09-24,21:36:02,in,1.16,1310.8,0.0,22.1,7.001,317.6,2.25
2025-09-24 21:36:46,2025-09-24,21:36:46,out,0.33,21.7,100.0,21.7,21.724,149.8,0.68
2025-09-24 21:37:05,2025-09-24,21:37:05,in,1.49,1310.8,0.0,22.1,7.001,319.9,1.82
2025-09-24 21:37:50,2025-09-24,21:37:50,out,0.57,21.7,100.0,21.7,21.724,205.7,0.79
2025-09-24 21:38:08,2025-09-24,21:38:08,in,1.29,1310.8,0.0,22.0,6.959,322.4,1.95
2025-09-24 21:38:53,2025-09-24,21:38:53,out,0.35,21.7,100.0,21.7,21.724,224.7,0.7
2025-09-24 21:39:12,2025-09-24,21:39:12,in,1.32,1310.8,0.0,22.0,6.959,324.6,1.74
2025-09-24 21:39:56,2025-09-24,21:39:56,out,0.37,21.7,100.0,21.7,21.724,227.0,0.45
2025-09-24 21:40:16,2025-09-24,21:40:16,in,0.98,1310.8,0.0,22.0,6.959,316.4,1.85
2025-09-24 21:41:00,2025-09-24,21:41:00,out,0.57,21.7,100.0,21.7,21.724,229.8,0.62
2025-09-24 21:41:19,2025-09-24,21:41:19,in,1.15,1310.8,0.0,22.0,6.959,321.1,2.25
2025-09-24 21:42:04,2025-09-24,21:42:04,out,1.11,21.7,100.0,21.7,21.724,238.3,1.23
2025-09-24 21:42:22,2025-09-24,21:42:22,in,1.31,1310.8,0.0,22.0,6.959,321.1,1.79
2025-09-24 21:43:07,2025-09-24,21:43:07,out,0.46,21.7,100.0,21.7,21.724,219.5,1.01
2025-09-24 21:43:26,2025-09-24,21:43:26,in,1.49,1310.8,0.0,22.0,6.959,320.0,1.89
2025-09-24 21:44:10,2025-09-24,21:44:10,out,0.59,21.7,100.0,21.7,21.724,225.6,0.68
2025-09-24 21:44:30,2025-09-24,21:44:30,in,0.64,1310.8,0.0,22.0,6.959,331.8,1.47
2025-09-24 21:45:14,2025-09-24,21:45:14,out,0.43,21.7,100.0,21.7,21.724,265.3,0.54
2025-09-24 21:45:33,2025-09-24,21:45:33,in,1.37,1310.8,0.0,22.0,6.959,326.0,2.06
2025-09-24 21:46:18,2025-09-24,21:46:18,out,0.41,21.7,100.0,21.7,21.724,270.5,0.5
2025-09-24 21:46:36,2025-09-24,21:46:36,in,1.13,1310.8,0.0,22.0,6.959,321.1,1.61
2025-09-24 21:47:21,2025-09-24,21:47:21,out,0.52,21.7,100.0,21.7,21.724,266.2,0.8
2025-09-24 21:47:40,2025-09-24,21:47:40,in,0.76,1310.8,0.0,21.9,6.918,312.0,1.71
2025-09-24 21:48:24,2025-09-24,21:48:24,out,0.54,21.7,100.0,21.7,21.724,272.5,0.67
2025-09-24 21:48:44,2025-09-24,21:48:44,in,1.13,1310.8,0.0,21.9,6.918,318.2,1.61
2025-09-24 21:49:28,2025-09-24,21:49:28,out,0.76,21.7,100.0,21.7,21.724,287.7,0.84
2025-09-24 21:49:47,2025-09-24,21:49:47,in,0.73,1310.8,0.0,21.9,6.918,313.7,1.93
2025-09-24 21:50:32,2025-09-24,21:50:32,out,1.2,21.7,100.0,21.7,21.724,311.8,1.35
2025-09-24 21:50:50,2025-09-24,21:50:50,in,1.11,1310.8,0.0,21.9,6.918,318.5,2.01
2025-09-24 21:51:35,2025-09-24,21:51:35,out,1.06,21.7,100.0,21.7,21.724,329.1,1.39
2025-09-24 21:51:54,2025-09-24,21:51:54,in,1.39,1310.8,0.0,21.9,6.918,323.6,1.64
2025-09-24 21:52:38,2025-09-24,21:52:38,out,0.9,21.7,100.0,21.7,21.724,321.1,1.14
2025-09-24 21:52:58,2025-09-24,21:52:58,in,1.31,1310.8,0.0,21.9,6.918,316.9,2.22
2025-09-24 21:53:42,2025-09-24,21:53:42,out,1.33,21.7,100.0,21.7,21.724,315.9,1.48
2025-09-24 21:54:01,2025-09-24,21:54:01,in,1.38,1310.8,0.0,21.9,6.918,321.6,1.99
2025-09-24 21:54:46,2025-09-24,21:54:46,out,0.69,21.8,100.0,21.8,21.824,316.8,1.33
2025-09-24 21:55:04,2025-09-24,21:55:04,in,1.15,1310.8,0.0,21.8,6.876,314.6,1.81
2025-09-24 21:55:50,2025-09-24,21:55:50,out,0.48,21.7,100.0,21.7,21.724,309.8,1.03
2025-09-24 21:56:08,2025-09-24,21:56:08,in,1.13,1310.8,0.0,21.8,6.876,321.6,1.75
2025-09-24 21:56:52,2025-09-24,21:56:52,out,0.36,21.7,100.0,21.7,21.724,299.0,0.61
2025-09-24 21:57:12,2025-09-24,21:57:12,in,1.27,1310.8,0.0,21.8,6.876,320.7,2.28
2025-09-24 21:57:56,2025-09-24,21:57:56,out,0.55,21.7,100.0,21.7,21.724,3.7,0.79
2025-09-24 21:58:15,2025-09-24,21:58:15,in,1.16,1310.8,0.0,21.8,6.876,328.2,1.68
2025-09-24 21:59:00,2025-09-24,21:59:00,out,0.49,21.7,100.0,21.7,21.724,313.2,0.66
2025-09-24 21:59:18,2025-09-24,21:59:18,in,1.45,1310.8,0.0,21.8,6.876,322.2,2.31
2025-09-24 22:00:04,2025-09-24,22:00:04,out,0.61,21.7,100.0,21.7,21.724,313.0,0.88
2025-09-24 22:00:22,2025-09-24,22:00:22,in,1.43,1310.8,0.0,21.8,6.876,323.1,2.5
2025-09-24 22:01:07,2025-09-24,22:01:07,out,0.58,21.6,100.0,21.6,21.623,329.3,0.94
2025-09-24 22:01:26,2025-09-24,22:01:26,in,1.26,1310.8,0.0,21.8,6.876,328.2,1.95
2025-09-24 22:02:10,2025-09-24,22:02:10,out,0.68,21.6,100.0,21.6,21.623,304.9,0.79
2025-09-24 22:02:30,2025-09-24,22:02:30,in,1.38,1310.8,0.0,21.8,6.876,323.0,1.9
2025-09-24 22:03:14,2025-09-24,22:03:14,out,0.42,21.6,100.0,21.6,21.623,9.8,0.52
2025-09-24 22:03:32,2025-09-24,22:03:32,in,1.4,1310.8,0.0,21.8,6.876,328.0,1.82
2025-09-24 22:04:18,2025-09-24,22:04:18,out,0.48,21.6,100.0,21.6,21.623,2.2,0.52
2025-09-24 22:04:36,2025-09-24,22:04:36,in,1.23,1310.8,0.0,21.7,6.835,325.6,1.8
2025-09-24 22:05:21,2025-09-24,22:05:21,out,0.47,21.6,100.0,21.6,21.623,22.0,0.56
2025-09-24 22:05:40,2025-09-24,22:05:40,in,1.28,1310.8,0.0,21.7,6.835,318.6,1.98
2025-09-24 22:06:24,2025-09-24,22:06:24,out,0.4,21.6,100.0,21.6,21.623,34.0,0.49
2025-09-24 22:06:44,2025-09-24,22:06:44,in,1.08,1310.8,0.0,21.7,6.835,329.3,2.42
2025-09-24 22:07:28,2025-09-24,22:07:28,out,0.42,21.6,100.0,21.6,21.623,48.5,0.51
2025-09-24 22:07:47,2025-09-24,22:07:47,in,1.38,1310.8,0.0,21.7,6.835,316.4,2.35
2025-09-24 22:08:32,2025-09-24,22:08:32,out,0.37,21.5,100.0,21.5,21.522,21.6,0.56
2025-09-24 22:08:50,2025-09-24,22:08:50,in,1.6,1310.8,0.0,21.7,6.835,320.8,2.39
2025-09-24 22:09:35,2025-09-24,22:09:35,out,0.47,21.5,100.0,21.5,21.522,50.5,0.53
2025-09-24 22:09:54,2025-09-24,22:09:54,in,1.89,1310.8,0.0,21.6,6.793,315.3,2.4
2025-09-24 22:10:38,2025-09-24,22:10:38,out,0.75,21.5,100.0,21.5,21.522,50.1,0.79
2025-09-24 22:10:57,2025-09-24,22:10:57,in,1.56,1310.8,0.0,21.6,6.793,320.7,2.3
2025-09-24 22:11:42,2025-09-24,22:11:42,out,0.91,21.5,100.0,21.5,21.522,50.7,0.99
2025-09-24 22:12:01,2025-09-24,22:12:01,in,1.39,1310.8,0.0,21.6,6.793,325.6,2.28
2025-09-24 22:12:46,2025-09-24,22:12:46,out,1.17,21.5,100.0,21.5,21.522,58.5,1.34
2025-09-24 22:13:04,2025-09-24,22:13:04,in,0.58,1310.8,0.0,21.6,6.793,323.8,1.73
2025-09-24 22:13:49,2025-09-24,22:13:49,out,1.15,21.5,100.0,21.5,21.522,58.2,1.47
2025-09-24 22:14:08,2025-09-24,22:14:08,in,1.65,1310.8,0.0,21.6,6.793,319.2,2.34
2025-09-24 22:14:52,2025-09-24,22:14:52,out,0.91,21.5,100.0,21.5,21.522,55.2,1.58
2025-09-24 22:15:12,2025-09-24,22:15:12,in,1.21,1310.8,0.0,21.6,6.793,331.1,2.01
2025-09-24 22:15:56,2025-09-24,22:15:56,out,1.21,21.5,100.0,21.5,21.522,57.8,1.5
2025-09-24 22:16:15,2025-09-24,22:16:15,in,1.21,1310.8,0.0,21.5,6.752,321.2,2.21
2025-09-24 22:17:00,2025-09-24,22:17:00,out,1.24,21.5,100.0,21.5,21.522,59.2,1.35
2025-09-24 22:17:18,2025-09-24,22:17:18,in,1.54,1310.8,0.0,21.5,6.752,325.1,2.08
2025-09-24 22:18:03,2025-09-24,22:18:03,out,0.78,21.4,100.0,21.4,21.422,55.1,1.22
2025-09-24 22:18:22,2025-09-24,22:18:22,in,1.71,1310.8,0.0,21.5,6.752,326.6,2.21
2025-09-24 22:19:06,2025-09-24,22:19:06,out,0.49,21.4,100.0,21.4,21.422,64.1,1.02
2025-09-24 22:19:26,2025-09-24,22:19:26,in,1.64,1310.8,0.0,21.5,6.752,325.2,3.05
2025-09-24 22:20:10,2025-09-24,22:20:10,out,0.34,21.4,100.0,21.4,21.422,78.4,0.7
2025-09-24 22:20:29,2025-09-24,22:20:29,in,1.84,1310.8,0.0,21.5,6.752,322.1,2.55
2025-09-24 22:21:14,2025-09-24,22:21:14,out,0.46,21.4,100.0,21.4,21.422,131.0,0.61
2025-09-24 22:21:32,2025-09-24,22:21:32,in,1.73,1310.8,0.0,21.4,6.71,319.6,2.75
2025-09-24 22:22:36,2025-09-24,22:22:36,in,1.5,1310.8,0.0,21.5,6.752,315.7,2.26
2025-09-24 22:22:44,2025-09-24,22:22:44,out,0.82,21.3,100.0,21.3,21.321,140.3,1.41
2025-09-24 22:23:40,2025-09-24,22:23:40,in,1.45,1310.8,0.0,21.5,6.752,319.1,2.34
2025-09-24 22:23:46,2025-09-24,22:23:46,out,0.95,21.4,100.0,21.4,21.422,144.7,1.04
2025-09-24 22:24:43,2025-09-24,22:24:43,in,1.0,1310.8,0.0,21.5,6.752,323.2,2.15
2025-09-24 22:24:49,2025-09-24,22:24:49,out,0.57,21.4,100.0,21.4,21.422,155.3,1.08
2025-09-24 22:25:47,2025-09-24,22:25:47,in,1.07,1310.8,0.0,21.5,6.752,312.6,1.85
2025-09-24 22:25:52,2025-09-24,22:25:52,out,0.13,21.4,100.0,21.4,21.422,196.7,0.54
2025-09-24 22:26:50,2025-09-24,22:26:50,in,1.68,1310.8,0.0,21.5,6.752,322.1,2.49
2025-09-24 22:26:56,2025-09-24,22:26:56,out,0.1,21.3,100.0,21.3,21.321,196.7,0.29
2025-09-24 22:27:54,2025-09-24,22:27:54,in,1.88,1310.8,0.0,21.5,6.752,320.4,2.63
2025-09-24 22:28:00,2025-09-24,22:28:00,out,0.36,21.3,100.0,21.3,21.321,172.5,0.76
2025-09-24 22:28:57,2025-09-24,22:28:57,in,1.04,1310.8,0.0,21.5,6.752,321.9,2.05
2025-09-24 22:29:03,2025-09-24,22:29:03,out,0.63,21.3,100.0,21.3,21.321,151.4,0.86
2025-09-24 22:30:00,2025-09-24,22:30:00,in,1.14,1310.8,0.0,21.5,6.752,321.5,1.97
2025-09-24 22:30:06,2025-09-24,22:30:06,out,1.02,21.3,100.0,21.3,21.321,139.9,1.23
2025-09-24 22:31:04,2025-09-24,22:31:04,in,1.09,1310.8,0.0,21.4,6.71,332.8,2.06
2025-09-24 22:31:10,2025-09-24,22:31:10,out,0.82,21.3,100.0,21.3,21.321,146.7,1.25
2025-09-24 22:32:08,2025-09-24,22:32:08,in,1.44,1310.8,0.0,21.4,6.71,324.1,2.29
2025-09-24 22:32:14,2025-09-24,22:32:14,out,0.86,21.3,100.0,21.3,21.321,144.0,1.05
2025-09-24 22:33:11,2025-09-24,22:33:11,in,1.19,1310.8,0.0,21.5,6.752,326.4,1.65
2025-09-24 22:33:18,2025-09-24,22:33:18,out,1.39,21.3,100.0,21.3,21.321,141.5,1.64
2025-09-24 22:34:14,2025-09-24,22:34:14,in,1.16,1310.8,0.0,21.4,6.71,325.0,2.06
2025-09-24 22:34:21,2025-09-24,22:34:21,out,1.36,21.3,100.0,21.3,21.321,135.8,1.71
2025-09-24 22:35:18,2025-09-24,22:35:18,in,0.91,1310.8,0.0,21.4,6.71,335.5,2.11
2025-09-24 22:35:24,2025-09-24,22:35:24,out,1.16,21.3,100.0,21.3,21.321,140.4,1.88
2025-09-24 22:36:22,2025-09-24,22:36:22,in,1.14,1310.8,0.0,21.4,6.71,326.8,1.89
2025-09-24 22:36:28,2025-09-24,22:36:28,out,0.86,21.3,100.0,21.3,21.321,123.0,1.38
2025-09-24 22:37:25,2025-09-24,22:37:25,in,1.36,1310.8,0.0,21.3,6.669,330.1,1.79
2025-09-24 22:37:32,2025-09-24,22:37:32,out,1.36,21.3,100.0,21.3,21.321,122.7,1.48
2025-09-24 22:38:28,2025-09-24,22:38:28,in,0.98,1310.8,0.0,21.3,6.669,333.5,1.96
2025-09-24 22:38:35,2025-09-24,22:38:35,out,0.93,21.3,100.0,21.3,21.321,121.2,1.57
2025-09-24 22:39:32,2025-09-24,22:39:32,in,1.22,1310.8,0.0,21.3,6.669,321.8,2.09
2025-09-24 22:39:38,2025-09-24,22:39:38,out,1.08,21.3,100.0,21.3,21.321,110.9,1.23
2025-09-24 22:40:36,2025-09-24,22:40:36,in,1.56,1310.8,0.0,21.3,6.669,315.7,2.29
2025-09-24 22:40:42,2025-09-24,22:40:42,out,1.64,21.3,100.0,21.3,21.321,130.1,1.72
2025-09-24 22:41:39,2025-09-24,22:41:39,in,1.52,1310.8,0.0,21.3,6.669,318.4,2.1
2025-09-24 22:41:46,2025-09-24,22:41:46,out,1.36,21.3,100.0,21.3,21.321,128.3,1.94
2025-09-24 22:42:42,2025-09-24,22:42:42,in,1.83,1310.8,0.0,21.3,6.669,321.6,2.52
2025-09-24 22:42:49,2025-09-24,22:42:49,out,1.22,21.3,100.0,21.3,21.321,146.6,1.71
2025-09-24 22:43:46,2025-09-24,22:43:46,in,1.71,1310.8,0.0,21.3,6.669,320.7,2.05
2025-09-24 22:43:52,2025-09-24,22:43:52,out,1.4,21.3,100.0,21.3,21.321,145.6,1.77
2025-09-24 22:44:50,2025-09-24,22:44:50,in,1.2,,,1310.8,,322.1,2.35
2025-09-24 22:44:56,2025-09-24,22:44:56,out,0.6,21.3,100.0,21.3,21.321,152.7,1.68
2025-09-24 22:45:53,2025-09-24,22:45:53,in,1.36,1310.8,0.0,21.3,6.669,324.8,1.96
2025-09-24 22:46:00,2025-09-24,22:46:00,out,1.0,21.3,100.0,21.3,21.321,141.1,1.67
2025-09-24 22:46:57,2025-09-24,22:46:57,in,1.24,1310.8,0.0,21.3,6.669,327.4,2.07
2025-09-24 22:47:03,2025-09-24,22:47:03,out,0.74,21.2,100.0,21.2,21.22,127.4,1.44
2025-09-24 22:48:00,2025-09-24,22:48:00,in,1.63,1310.8,0.0,21.3,6.669,323.7,2.06
2025-09-24 22:48:06,2025-09-24,22:48:06,out,0.09,21.2,100.0,21.2,21.22,204.6,1.07
2025-09-24 22:49:04,2025-09-24,22:49:04,in,1.45,1310.8,0.0,21.4,6.71,318.4,1.94
2025-09-24 22:49:10,2025-09-24,22:49:10,out,1.24,21.2,100.0,21.2,21.22,151.0,1.39
2025-09-24 22:50:08,2025-09-24,22:50:08,in,1.68,1310.8,0.0,21.4,6.71,318.2,2.18
2025-09-24 22:50:14,2025-09-24,22:50:14,out,1.06,21.2,100.0,21.2,21.22,150.7,1.5
2025-09-24 22:51:11,2025-09-24,22:51:11,in,1.52,1310.8,0.0,21.4,6.71,318.2,1.96
2025-09-24 22:51:17,2025-09-24,22:51:17,out,0.6,21.2,100.0,21.2,21.22,153.9,1.72
2025-09-24 22:52:14,2025-09-24,22:52:14,in,1.53,1310.8,0.0,21.4,6.71,317.6,2.16
2025-09-24 22:52:21,2025-09-24,22:52:21,out,0.47,21.2,100.0,21.2,21.22,146.2,1.59
2025-09-24 22:53:18,2025-09-24,22:53:18,in,1.49,1310.8,0.0,21.4,6.71,317.3,2.03
2025-09-24 22:53:24,2025-09-24,22:53:24,out,1.45,21.3,100.0,21.3,21.321,147.1,1.69
2025-09-24 22:54:22,2025-09-24,22:54:22,in,1.42,1310.8,0.0,21.4,6.71,317.6,2.42
2025-09-24 22:54:28,2025-09-24,22:54:28,out,0.81,21.3,100.0,21.3,21.321,149.7,1.42
2025-09-24 22:55:25,2025-09-24,22:55:25,in,1.12,1310.8,0.0,21.4,6.71,320.7,1.6
2025-09-24 22:55:31,2025-09-24,22:55:31,out,1.07,21.3,100.0,21.3,21.321,141.8,1.66
2025-09-24 22:56:28,2025-09-24,22:56:28,in,1.05,1310.8,0.0,21.4,6.71,338.2,1.84
2025-09-24 22:56:34,2025-09-24,22:56:34,out,1.26,21.3,100.0,21.3,21.321,136.3,1.52
2025-09-24 22:57:32,2025-09-24,22:57:32,in,1.23,1310.8,0.0,21.5,6.752,322.1,1.77
2025-09-24 22:57:38,2025-09-24,22:57:38,out,1.55,21.3,100.0,21.3,21.321,140.6,1.71
2025-09-24 22:58:36,2025-09-24,22:58:36,in,1.28,1310.8,0.0,21.5,6.752,333.1,1.86
2025-09-24 22:58:42,2025-09-24,22:58:42,out,1.2,21.3,100.0,21.3,21.321,140.5,1.76
2025-09-24 22:59:39,2025-09-24,22:59:39,in,1.45,1310.8,0.0,21.5,6.752,322.5,2.06
2025-09-24 22:59:45,2025-09-24,22:59:45,out,1.63,21.3,100.0,21.3,21.321,136.0,1.82
2025-09-24 23:00:42,2025-09-24,23:00:42,in,0.88,1310.8,0.0,21.5,6.752,317.6,1.87
2025-09-24 23:00:48,2025-09-24,23:00:48,out,1.36,21.3,100.0,21.3,21.321,131.4,1.95
2025-09-24 23:01:46,2025-09-24,23:01:46,in,0.93,1310.8,0.0,21.6,6.793,311.5,1.64
2025-09-24 23:01:52,2025-09-24,23:01:52,out,1.01,21.4,100.0,21.4,21.422,136.8,1.67
2025-09-24 23:02:50,2025-09-24,23:02:50,in,1.2,1310.8,0.0,21.6,6.793,318.2,1.81
2025-09-24 23:02:56,2025-09-24,23:02:56,out,1.18,21.4,100.0,21.4,21.422,140.2,1.64
2025-09-24 23:03:53,2025-09-24,23:03:53,in,1.36,1310.8,0.0,21.6,6.793,326.0,1.86
2025-09-24 23:03:59,2025-09-24,23:03:59,out,1.43,21.4,100.0,21.4,21.422,139.1,1.73
2025-09-24 23:04:56,2025-09-24,23:04:56,in,0.85,1310.8,0.0,21.6,6.793,317.6,1.99
2025-09-24 23:05:02,2025-09-24,23:05:02,out,1.8,21.4,100.0,21.4,21.422,139.4,1.94
2025-09-24 23:06:00,2025-09-24,23:06:00,in,1.17,1310.8,0.0,21.7,6.835,331.7,2.4
2025-09-24 23:06:06,2025-09-24,23:06:06,out,1.44,21.4,100.0,21.4,21.422,137.7,2.17
2025-09-24 23:07:04,2025-09-24,23:07:04,in,1.25,1310.8,0.0,21.7,6.835,317.8,1.83
2025-09-24 23:07:10,2025-09-24,23:07:10,out,1.65,21.4,100.0,21.4,21.422,139.1,2.02
2025-09-24 23:08:07,2025-09-24,23:08:07,in,0.92,1310.8,0.0,21.7,6.835,336.1,2.06
2025-09-24 23:08:13,2025-09-24,23:08:13,out,1.68,21.4,100.0,21.4,21.422,128.7,2.45
2025-09-24 23:09:10,2025-09-24,23:09:10,in,1.63,1310.8,0.0,21.7,6.835,322.8,2.74
2025-09-24 23:09:16,2025-09-24,23:09:16,out,1.38,21.4,100.0,21.4,21.422,141.0,1.94
2025-09-24 23:10:14,2025-09-24,23:10:14,in,1.16,1310.8,0.0,21.7,6.835,328.4,2.28
2025-09-24 23:10:20,2025-09-24,23:10:20,out,1.26,21.4,100.0,21.4,21.422,132.5,1.87
2025-09-24 23:11:18,2025-09-24,23:11:18,in,1.65,1310.8,0.0,21.7,6.835,322.7,2.05
2025-09-24 23:11:24,2025-09-24,23:11:24,out,1.02,21.5,100.0,21.5,21.522,138.2,1.68
2025-09-24 23:12:21,2025-09-24,23:12:21,in,1.41,1310.8,0.0,21.7,6.835,322.3,2.33
2025-09-24 23:12:27,2025-09-24,23:12:27,out,1.0,21.4,100.0,21.4,21.422,149.0,1.6
2025-09-24 23:13:24,2025-09-24,23:13:24,in,0.6,1310.8,0.0,21.7,6.835,312.0,2.27
2025-09-24 23:13:30,2025-09-24,23:13:30,out,0.37,21.4,100.0,21.4,21.422,161.2,1.34
2025-09-24 23:14:28,2025-09-24,23:14:28,in,1.23,1310.8,0.0,21.7,6.835,321.5,1.9
2025-09-24 23:14:34,2025-09-24,23:14:34,out,0.13,21.4,100.0,21.4,21.422,124.3,1.05
2025-09-24 23:15:32,2025-09-24,23:15:32,in,1.42,1310.8,0.0,21.7,6.835,315.1,2.01
2025-09-24 23:15:38,2025-09-24,23:15:38,out,0.3,21.4,100.0,21.4,21.422,150.5,0.59
2025-09-24 23:16:35,2025-09-24,23:16:35,in,1.48,1310.8,0.0,21.7,6.835,320.0,2.59
2025-09-24 23:16:41,2025-09-24,23:16:41,out,0.47,21.4,100.0,21.4,21.422,140.2,0.69
2025-09-24 23:17:38,2025-09-24,23:17:38,in,1.2,1310.8,0.0,21.7,6.835,323.3,2.17
2025-09-24 23:17:44,2025-09-24,23:17:44,out,0.9,21.4,100.0,21.4,21.422,136.7,1.42
2025-09-24 23:18:42,2025-09-24,23:18:42,in,1.03,1310.8,0.0,21.7,6.835,317.5,2.14
2025-09-24 23:18:48,2025-09-24,23:18:48,out,1.05,21.4,100.0,21.4,21.422,141.3,1.38
2025-09-24 23:19:46,2025-09-24,23:19:46,in,1.28,1310.8,0.0,21.7,6.835,324.1,2.02
2025-09-24 23:19:52,2025-09-24,23:19:52,out,0.91,21.4,100.0,21.4,21.422,139.9,1.19
2025-09-24 23:20:49,2025-09-24,23:20:49,in,1.04,1310.8,0.0,21.7,6.835,335.5,1.76
2025-09-24 23:20:55,2025-09-24,23:20:55,out,1.25,21.4,100.0,21.4,21.422,141.0,1.5
2025-09-24 23:21:52,2025-09-24,23:21:52,in,0.59,1310.8,0.0,21.7,6.835,330.9,2.28
2025-09-24 23:21:58,2025-09-24,23:21:58,out,0.88,21.5,100.0,21.5,21.522,120.9,1.17
2025-09-24 23:22:56,2025-09-24,23:22:56,in,1.21,1310.8,0.0,21.7,6.835,323.4,1.89
2025-09-24 23:23:02,2025-09-24,23:23:02,out,1.16,21.5,100.0,21.4,21.422,124.1,1.4
2025-09-24 23:24:00,2025-09-24,23:24:00,in,1.42,1310.8,0.0,21.6,6.793,324.7,1.89
2025-09-24 23:24:06,2025-09-24,23:24:06,out,1.05,21.5,100.0,21.5,21.522,124.4,1.3
2025-09-24 23:25:03,2025-09-24,23:25:03,in,1.21,1310.8,0.0,21.6,6.793,327.9,2.1
2025-09-24 23:25:10,2025-09-24,23:25:10,out,0.6,21.5,100.0,21.5,21.522,128.0,1.12
2025-09-24 23:26:06,2025-09-24,23:26:06,in,1.17,1310.8,0.0,21.6,6.793,328.4,1.62
2025-09-24 23:26:13,2025-09-24,23:26:13,out,1.05,21.4,100.0,21.4,21.422,119.1,1.23
2025-09-24 23:27:10,2025-09-24,23:27:10,in,1.52,1310.8,0.0,21.6,6.793,312.6,2.37
2025-09-24 23:27:16,2025-09-24,23:27:16,out,0.79,21.4,100.0,21.4,21.422,138.1,1.34
2025-09-24 23:28:14,2025-09-24,23:28:14,in,1.24,1310.8,0.0,21.6,6.793,320.8,2.36
2025-09-24 23:28:20,2025-09-24,23:28:20,out,1.08,21.4,100.0,21.4,21.422,139.3,1.26
2025-09-24 23:29:17,2025-09-24,23:29:17,in,1.5,1310.8,0.0,21.6,6.793,321.1,2.23
2025-09-24 23:29:24,2025-09-24,23:29:24,out,0.86,21.4,100.0,21.4,21.422,130.5,1.55
2025-09-24 23:30:20,2025-09-24,23:30:20,in,1.0,1310.8,0.0,21.6,6.793,322.6,2.09
2025-09-24 23:30:27,2025-09-24,23:30:27,out,1.08,21.4,100.0,21.4,21.422,136.5,1.17
2025-09-24 23:31:24,2025-09-24,23:31:24,in,1.18,1310.8,0.0,21.6,6.793,324.9,2.21
2025-09-24 23:31:30,2025-09-24,23:31:30,out,1.17,21.4,100.0,21.4,21.422,127.0,1.64
2025-09-24 23:32:28,2025-09-24,23:32:28,in,1.54,1310.8,0.0,21.6,6.793,321.1,2.17
2025-09-24 23:32:34,2025-09-24,23:32:34,out,0.82,21.4,100.0,21.4,21.422,139.2,2.08
2025-09-24 23:33:31,2025-09-24,23:33:31,in,1.25,1310.8,0.0,21.6,6.793,323.2,1.76
2025-09-24 23:33:38,2025-09-24,23:33:38,out,1.0,21.4,100.0,21.4,21.422,146.5,1.82
2025-09-24 23:34:34,2025-09-24,23:34:34,in,1.24,1310.8,0.0,21.6,6.793,315.5,1.96
2025-09-24 23:34:41,2025-09-24,23:34:41,out,1.42,21.4,100.0,21.4,21.422,122.7,1.62
2025-09-24 23:35:38,2025-09-24,23:35:38,in,1.24,1310.8,0.0,21.6,6.793,324.1,2.01
2025-09-24 23:35:44,2025-09-24,23:35:44,out,0.73,21.4,100.0,21.4,21.422,131.1,1.8
2025-09-24 23:36:42,2025-09-24,23:36:42,in,1.16,1310.8,0.0,21.6,6.793,327.2,1.99
2025-09-24 23:36:48,2025-09-24,23:36:48,out,1.02,21.4,100.0,21.4,21.422,141.2,1.6
2025-09-24 23:37:45,2025-09-24,23:37:45,in,1.1,1310.8,0.0,21.6,6.793,319.4,2.47
2025-09-24 23:37:52,2025-09-24,23:37:52,out,0.64,21.4,100.0,21.4,21.422,108.4,1.08
2025-09-24 23:38:48,2025-09-24,23:38:48,in,1.22,1310.8,0.0,21.6,6.793,317.0,2.73
2025-09-24 23:38:55,2025-09-24,23:38:55,out,1.21,21.4,100.0,21.4,21.422,138.4,1.57
2025-09-24 23:39:52,2025-09-24,23:39:52,in,1.16,1310.8,0.0,21.6,6.793,318.2,1.8
2025-09-24 23:39:58,2025-09-24,23:39:58,out,1.31,21.4,100.0,21.4,21.422,135.2,1.71
2025-09-24 23:40:56,2025-09-24,23:40:56,in,1.01,1310.8,0.0,21.6,6.793,320.5,2.26
2025-09-24 23:41:02,2025-09-24,23:41:02,out,1.15,21.4,100.0,21.4,21.422,154.9,1.95
2025-09-24 23:41:59,2025-09-24,23:41:59,in,1.21,1310.8,0.0,21.6,6.793,324.9,1.98
2025-09-24 23:42:06,2025-09-24,23:42:06,out,1.55,21.4,100.0,21.4,21.422,139.8,2.21
2025-09-24 23:43:02,2025-09-24,23:43:02,in,1.3,1310.8,0.0,21.6,6.793,322.0,1.85
2025-09-24 23:43:09,2025-09-24,23:43:09,out,1.21,21.4,100.0,21.4,21.422,144.8,1.81
2025-09-24 23:44:06,2025-09-24,23:44:06,in,1.51,1310.8,0.0,21.6,6.793,321.9,2.01
2025-09-24 23:44:12,2025-09-24,23:44:12,out,1.5,21.4,100.0,21.4,21.422,130.3,1.75
2025-09-24 23:45:10,2025-09-24,23:45:10,in,1.23,1310.8,0.0,21.5,6.752,319.8,2.24
2025-09-24 23:45:16,2025-09-24,23:45:16,out,0.93,21.4,100.0,21.4,21.422,135.2,1.58
2025-09-24 23:46:13,2025-09-24,23:46:13,in,1.39,1310.8,0.0,21.5,6.752,321.9,2.17
2025-09-24 23:46:20,2025-09-24,23:46:20,out,1.31,21.3,100.0,21.3,21.321,146.7,1.69
2025-09-24 23:47:17,2025-09-24,23:47:17,in,1.09,1310.8,0.0,21.5,6.752,321.8,2.58
2025-09-24 23:47:23,2025-09-24,23:47:23,out,1.18,21.4,100.0,21.4,21.422,130.3,1.46
2025-09-24 23:48:20,2025-09-24,23:48:20,in,1.2,1310.8,0.0,21.5,6.752,321.5,2.16
2025-09-24 23:48:26,2025-09-24,23:48:26,out,1.13,21.3,100.0,21.3,21.321,140.9,1.76
2025-09-24 23:49:24,2025-09-24,23:49:24,in,1.16,1310.8,0.0,21.5,6.752,321.8,2.4
2025-09-24 23:49:30,2025-09-24,23:49:30,out,1.07,21.3,100.0,21.3,21.321,142.6,1.47
2025-09-24 23:50:28,2025-09-24,23:50:28,in,1.6,1310.8,0.0,21.5,6.752,322.5,2.17
2025-09-24 23:50:34,2025-09-24,23:50:34,out,1.03,21.3,100.0,21.3,21.321,141.7,1.54
2025-09-24 23:51:30,2025-09-24,23:51:30,in,1.19,1310.8,0.0,21.5,6.752,321.8,2.15
2025-09-24 23:51:37,2025-09-24,23:51:37,out,0.93,21.3,100.0,21.3,21.321,153.2,1.34
2025-09-24 23:52:34,2025-09-24,23:52:34,in,1.15,1310.8,0.0,21.5,6.752,313.6,2.16
2025-09-24 23:52:41,2025-09-24,23:52:41,out,0.98,21.3,100.0,21.3,21.321,132.8,1.51
2025-09-24 23:53:38,2025-09-24,23:53:38,in,1.35,,0.0,21.5,,324.4,2.33
2025-09-24 23:53:44,2025-09-24,23:53:44,out,0.93,21.3,100.0,21.3,21.321,138.7,1.35
2025-09-24 23:54:48,2025-09-24,23:54:48,out,0.48,21.3,100.0,21.3,21.321,172.0,1.24
2025-09-24 23:55:51,2025-09-24,23:55:51,out,1.05,21.3,100.0,21.3,21.321,136.7,1.13
2025-09-24 23:56:54,2025-09-24,23:56:54,out,0.64,21.3,100.0,21.3,21.321,132.6,1.11
2025-09-24 23:57:58,2025-09-24,23:57:58,out,0.82,21.2,100.0,21.2,21.22,137.0,1.06
2025-09-24 23:59:02,2025-09-24,23:59:02,out,0.86,21.2,100.0,21.2,21.22,137.2,1.1
