datetime,date,hour,id_meteo_station,Velocità del vento,dew_point,humidity,temperature,wet_bulb,wind_dir,wind_gust
2025-09-23 00:00:34,2025-09-23,00:00:34,in,1.36,1310.8,0.0,20.2,6.212,320.5,2.69
2025-09-23 00:00:34,2025-09-23,00:00:34,out,0.19,15.8,77.1,19.9,17.075,93.5,0.49
2025-09-23 00:01:38,2025-09-23,00:01:38,in,1.69,1310.8,0.0,20.2,6.212,324.0,2.42
2025-09-23 00:01:38,2025-09-23,00:01:38,out,0.26,15.8,77.1,19.9,17.075,91.0,0.43
2025-09-23 00:02:42,2025-09-23,00:02:42,in,1.61,1310.8,0.0,20.2,6.212,323.5,2.38
2025-09-23 00:02:42,2025-09-23,00:02:42,out,0.37,15.8,77.2,19.9,17.087,84.8,0.62
2025-09-23 00:03:45,2025-09-23,00:03:45,in,1.18,1310.8,0.0,20.3,6.253,326.6,2.49
2025-09-23 00:03:45,2025-09-23,00:03:45,out,0.68,15.8,77.2,19.9,17.087,121.9,0.78
2025-09-23 00:04:48,2025-09-23,00:04:48,in,1.49,1310.8,0.0,20.3,6.253,320.2,2.31
2025-09-23 00:04:49,2025-09-23,00:04:49,out,0.96,15.9,77.7,19.9,17.149,103.7,1.19
2025-09-23 00:05:52,2025-09-23,00:05:52,in,1.55,1310.8,0.0,20.3,6.253,320.6,2.63
2025-09-23 00:05:52,2025-09-23,00:05:52,out,0.82,16.0,77.8,20.0,17.257,98.5,1.22
2025-09-23 00:06:56,2025-09-23,00:06:56,in,1.54,1310.8,0.0,20.4,6.295,323.1,2.37
2025-09-23 00:06:56,2025-09-23,00:06:56,out,0.71,16.1,78.5,20.0,17.344,115.9,1.31
2025-09-23 00:07:59,2025-09-23,00:07:59,in,1.34,1310.8,0.0,20.4,6.295,325.7,2.41
2025-09-23 00:08:00,2025-09-23,00:08:00,out,0.73,16.1,78.7,20.0,17.369,125.0,0.93
2025-09-23 00:09:02,2025-09-23,00:09:02,in,1.87,1310.8,0.0,20.4,6.295,316.8,2.64
2025-09-23 00:09:03,2025-09-23,00:09:03,out,0.56,16.2,79.0,20.0,17.406,97.2,1.01
2025-09-23 00:10:06,2025-09-23,00:10:06,in,1.21,1310.8,0.0,20.4,6.295,319.9,2.32
2025-09-23 00:10:06,2025-09-23,00:10:06,out,0.63,16.3,79.2,20.0,17.431,125.4,0.98
2025-09-23 00:11:10,2025-09-23,00:11:10,in,1.56,1310.8,0.0,20.4,6.295,315.2,2.29
2025-09-23 00:11:10,2025-09-23,00:11:10,out,0.67,16.3,79.6,20.0,17.481,110.0,1.18
2025-09-23 00:12:13,2025-09-23,00:12:13,in,1.38,1310.8,0.0,20.4,6.295,321.3,2.74
2025-09-23 00:12:14,2025-09-23,00:12:14,out,0.82,16.4,79.7,20.0,17.493,126.2,0.92
2025-09-23 00:13:16,2025-09-23,00:13:16,in,1.32,1310.8,0.0,20.4,6.295,324.8,2.04
2025-09-23 00:13:17,2025-09-23,00:13:17,out,0.76,16.4,79.9,20.0,17.518,88.8,1.19
2025-09-23 00:14:20,2025-09-23,00:14:20,in,1.33,1310.8,0.0,20.4,6.295,329.6,2.46
2025-09-23 00:14:20,2025-09-23,00:14:20,out,0.96,16.4,80.0,20.0,17.531,105.6,1.27
2025-09-23 00:15:24,2025-09-23,00:15:24,in,1.35,1310.8,0.0,20.4,6.295,321.8,2.36
2025-09-23 00:15:24,2025-09-23,00:15:24,out,0.79,16.4,80.1,20.0,17.543,80.2,0.91
2025-09-23 00:16:27,2025-09-23,00:16:27,in,1.31,1310.8,0.0,20.4,6.295,326.3,2.18
2025-09-23 00:16:28,2025-09-23,00:16:28,out,0.82,16.4,80.1,20.0,17.543,92.9,0.95
2025-09-23 00:17:30,2025-09-23,00:17:30,in,1.6,1310.8,0.0,20.3,6.253,323.7,2.16
2025-09-23 00:17:31,2025-09-23,00:17:31,out,0.31,16.5,80.2,20.0,17.556,51.2,0.93
2025-09-23 00:18:34,2025-09-23,00:18:34,in,1.25,1310.8,0.0,20.4,6.295,319.8,2.19
2025-09-23 00:18:34,2025-09-23,00:18:34,out,0.56,16.5,80.3,20.0,17.568,97.2,0.72
2025-09-23 00:19:38,2025-09-23,00:19:38,in,1.96,1310.8,0.0,20.3,6.253,322.1,2.45
2025-09-23 00:19:38,2025-09-23,00:19:38,out,0.22,16.5,80.3,20.0,17.568,138.6,0.61
2025-09-23 00:20:41,2025-09-23,00:20:41,in,1.33,1310.8,0.0,20.3,6.253,319.2,2.29
2025-09-23 00:20:42,2025-09-23,00:20:42,out,0.85,16.5,80.3,20.0,17.568,52.4,0.92
2025-09-23 00:21:44,2025-09-23,00:21:44,in,1.35,1310.8,0.0,20.3,6.253,324.8,2.52
2025-09-23 00:21:45,2025-09-23,00:21:45,out,0.96,16.5,80.4,20.0,17.58,67.9,1.07
2025-09-23 00:22:48,2025-09-23,00:22:48,in,1.51,1310.8,0.0,20.3,6.253,324.5,2.12
2025-09-23 00:22:48,2025-09-23,00:22:48,out,0.49,16.5,80.5,20.0,17.593,62.3,0.93
2025-09-23 00:23:52,2025-09-23,00:23:52,in,1.28,1310.8,0.0,20.3,6.253,327.1,2.81
2025-09-23 00:23:52,2025-09-23,00:23:52,out,0.58,16.5,80.5,20.0,17.593,45.5,0.71
2025-09-23 00:24:55,2025-09-23,00:24:55,in,1.39,1310.8,0.0,20.2,6.212,316.3,2.19
2025-09-23 00:24:56,2025-09-23,00:24:56,out,0.67,16.5,80.6,20.0,17.605,46.1,0.9
2025-09-23 00:25:58,2025-09-23,00:25:58,in,1.27,1310.8,0.0,20.2,6.212,319.5,2.49
2025-09-23 00:25:59,2025-09-23,00:25:59,out,0.8,16.6,80.7,20.0,17.618,29.9,0.9
2025-09-23 00:27:02,2025-09-23,00:27:02,in,1.11,1310.8,0.0,20.1,6.17,324.9,1.84
2025-09-23 00:27:02,2025-09-23,00:27:02,out,0.76,16.5,80.6,20.0,17.605,2.4,0.93
2025-09-23 00:28:06,2025-09-23,00:28:06,in,1.15,1310.8,0.0,20.0,6.129,331.8,2.17
2025-09-23 00:28:06,2025-09-23,00:28:06,out,0.49,16.4,80.2,19.9,17.459,324.1,1.01
2025-09-23 00:29:09,2025-09-23,00:29:09,in,0.36,1310.8,0.0,19.9,6.087,333.0,2.24
2025-09-23 00:29:10,2025-09-23,00:29:10,out,0.62,16.3,80.1,19.9,17.447,3.1,0.84
2025-09-23 00:30:12,2025-09-23,00:30:12,in,0.2,1310.8,0.0,20.0,6.129,337.5,0.41
2025-09-23 00:30:13,2025-09-23,00:30:13,out,0.59,16.3,80.1,19.9,17.447,58.6,0.82
2025-09-23 00:31:16,2025-09-23,00:31:16,in,0.21,1310.8,0.0,20.0,6.129,337.3,0.3
2025-09-23 00:31:16,2025-09-23,00:31:16,out,0.54,16.2,80.0,19.8,17.339,53.2,0.73
2025-09-23 00:32:20,2025-09-23,00:32:20,in,0.08,1310.8,0.0,20.0,6.129,335.7,0.24
2025-09-23 00:32:20,2025-09-23,00:32:20,out,0.71,16.2,79.9,19.8,17.326,62.2,0.84
2025-09-23 00:33:23,2025-09-23,00:33:23,in,0.13,1310.8,0.0,20.0,6.129,335.7,0.2
2025-09-23 00:33:24,2025-09-23,00:33:24,out,0.25,16.2,79.9,19.8,17.326,69.9,0.78
2025-09-23 00:34:26,2025-09-23,00:34:26,in,0.06,1310.8,0.0,20.1,6.17,166.8,0.27
2025-09-23 00:34:27,2025-09-23,00:34:27,out,0.65,16.2,80.0,19.8,17.339,82.9,0.67
2025-09-23 00:35:30,2025-09-23,00:35:30,in,0.17,1310.8,0.0,20.1,6.17,166.8,0.21
2025-09-23 00:35:30,2025-09-23,00:35:30,out,0.17,16.2,80.1,19.8,17.351,142.0,0.72
2025-09-23 00:36:34,2025-09-23,00:36:34,in,0.1,1310.8,0.0,20.1,6.17,189.8,0.26
2025-09-23 00:36:34,2025-09-23,00:36:34,out,0.73,16.3,80.3,19.8,17.376,112.8,0.86
2025-09-23 00:37:37,2025-09-23,00:37:37,in,0.13,1310.8,0.0,20.2,6.212,175.3,0.26
2025-09-23 00:37:38,2025-09-23,00:37:38,out,0.78,16.5,81.4,19.8,17.512,104.7,1.25
2025-09-23 00:38:40,2025-09-23,00:38:40,in,1.41,1310.8,0.0,20.3,6.253,320.1,2.03
2025-09-23 00:38:42,2025-09-23,00:38:42,out,0.72,,,16.6,,19.8,8.17
2025-09-23 00:39:44,2025-09-23,00:39:44,in,0.95,1310.8,0.0,20.3,6.253,330.6,1.66
2025-09-23 00:39:44,2025-09-23,00:39:44,out,0.64,16.7,81.8,19.9,17.658,86.0,0.96
2025-09-23 00:40:48,2025-09-23,00:40:48,in,1.42,1310.8,0.0,20.2,6.212,319.7,1.76
2025-09-23 00:40:48,2025-09-23,00:40:48,out,0.64,16.7,82.2,19.8,17.611,53.8,0.85
2025-09-23 00:41:51,2025-09-23,00:41:51,in,0.98,1310.8,0.0,20.2,6.212,325.1,1.89
2025-09-23 00:41:52,2025-09-23,00:41:52,out,0.16,16.7,82.3,19.8,17.623,111.3,0.51
2025-09-23 00:42:54,2025-09-23,00:42:54,in,1.02,1310.8,0.0,20.2,6.212,320.9,1.93
2025-09-23 00:42:56,2025-09-23,00:42:56,out,0.12,16.7,82.2,19.8,17.611,31.6,0.35
2025-09-23 00:43:58,2025-09-23,00:43:58,in,1.02,1310.8,0.0,20.1,6.17,316.9,1.65
2025-09-23 00:43:59,2025-09-23,00:43:59,out,0.18,16.7,82.2,19.8,17.611,103.6,0.37
2025-09-23 00:45:02,2025-09-23,00:45:02,in,1.08,1310.8,0.0,20.1,6.17,324.3,2.04
2025-09-23 00:45:02,2025-09-23,00:45:02,out,0.26,16.7,82.2,19.8,17.611,8.8,0.46
2025-09-23 00:46:05,2025-09-23,00:46:05,in,0.85,1310.8,0.0,20.1,6.17,320.9,2.12
2025-09-23 00:46:06,2025-09-23,00:46:06,out,0.43,16.7,82.2,19.8,17.611,29.5,0.54
2025-09-23 00:47:08,2025-09-23,00:47:08,in,0.64,1310.8,0.0,20.1,6.17,349.4,2.42
2025-09-23 00:47:10,2025-09-23,00:47:10,out,0.49,16.7,82.3,19.8,17.623,38.5,0.85
2025-09-23 00:48:12,2025-09-23,00:48:12,in,0.25,1310.8,0.0,20.1,6.17,340.1,0.67
2025-09-23 00:48:13,2025-09-23,00:48:13,out,0.5,16.7,82.4,19.8,17.636,37.2,0.79
2025-09-23 00:49:16,2025-09-23,00:49:16,in,0.38,1310.8,0.0,20.1,6.17,325.8,0.51
2025-09-23 00:49:16,2025-09-23,00:49:16,out,0.3,16.7,82.6,19.8,17.66,3.0,0.58
2025-09-23 00:50:19,2025-09-23,00:50:19,in,0.36,1310.8,0.0,20.2,6.212,322.7,0.46
2025-09-23 00:50:20,2025-09-23,00:50:20,out,0.32,16.8,82.7,19.8,17.673,346.5,0.78
2025-09-23 00:51:22,2025-09-23,00:51:22,in,0.22,1310.8,0.0,20.2,6.212,329.5,0.33
2025-09-23 00:51:24,2025-09-23,00:51:24,out,0.35,16.8,82.7,19.8,17.673,309.1,0.62
2025-09-23 00:52:26,2025-09-23,00:52:26,in,0.14,1310.8,0.0,20.2,6.212,325.9,0.21
2025-09-23 00:52:27,2025-09-23,00:52:27,out,0.1,16.7,82.7,19.7,17.576,307.3,0.26
2025-09-23 00:53:30,2025-09-23,00:53:30,in,0.05,1310.8,0.0,20.2,6.212,325.9,0.16
2025-09-23 00:53:30,2025-09-23,00:53:30,out,0.02,16.7,82.7,19.7,17.576,307.3,0.25
2025-09-23 00:54:33,2025-09-23,00:54:33,in,0.16,1310.8,0.0,20.2,6.212,325.9,0.2
2025-09-23 00:54:34,2025-09-23,00:54:34,out,0.09,16.6,82.6,19.7,17.564,136.8,0.25
2025-09-23 00:55:36,2025-09-23,00:55:36,in,0.05,1310.8,0.0,20.2,6.212,325.9,0.16
2025-09-23 00:55:38,2025-09-23,00:55:38,out,0.26,,,16.6,,306.5,0.34
2025-09-23 00:56:40,2025-09-23,00:56:40,in,0.14,1310.8,0.0,20.2,6.212,325.9,0.2
2025-09-23 00:56:41,2025-09-23,00:56:41,out,0.17,16.6,82.6,19.7,17.564,311.2,0.35
2025-09-23 00:57:44,2025-09-23,00:57:44,in,0.53,1310.8,0.0,20.3,6.253,328.7,0.96
2025-09-23 00:57:44,2025-09-23,00:57:44,out,0.31,16.6,82.6,19.7,17.564,1.8,0.64
2025-09-23 00:58:47,2025-09-23,00:58:47,in,1.14,1310.8,0.0,20.2,6.212,327.0,2.23
2025-09-23 00:58:48,2025-09-23,00:58:48,out,0.66,16.7,82.7,19.7,17.576,338.4,0.75
2025-09-23 00:59:50,2025-09-23,00:59:50,in,1.03,1310.8,0.0,20.1,6.17,325.1,1.68
2025-09-23 00:59:52,2025-09-23,00:59:52,out,0.57,16.7,82.7,19.7,17.576,327.0,0.87
2025-09-23 01:00:54,2025-09-23,01:00:54,in,1.43,1310.8,0.0,20.0,6.129,322.0,1.82
2025-09-23 01:00:55,2025-09-23,01:00:55,out,0.57,16.5,82.6,19.6,17.467,342.3,0.91
2025-09-23 01:01:58,2025-09-23,01:01:58,in,0.42,1310.8,0.0,20.0,6.129,325.8,1.92
2025-09-23 01:01:58,2025-09-23,01:01:58,out,0.49,16.5,82.5,19.6,17.455,339.9,0.83
2025-09-23 01:03:01,2025-09-23,01:03:01,in,0.21,1310.8,0.0,20.0,6.129,345.8,0.51
2025-09-23 01:03:02,2025-09-23,01:03:02,out,0.45,16.5,82.5,19.6,17.455,325.7,0.54
2025-09-23 01:04:04,2025-09-23,01:04:04,in,0.15,1310.8,0.0,20.0,6.129,344.2,0.21
2025-09-23 01:04:06,2025-09-23,01:04:06,out,0.41,16.5,82.5,19.6,17.455,344.2,0.5
2025-09-23 01:05:08,2025-09-23,01:05:08,in,0.24,1310.8,0.0,20.0,6.129,339.0,0.28
2025-09-23 01:05:09,2025-09-23,01:05:09,out,0.16,16.5,82.6,19.6,17.467,15.1,0.46
2025-09-23 01:06:12,2025-09-23,01:06:12,in,0.12,1310.8,0.0,20.0,6.129,316.8,0.25
2025-09-23 01:06:12,2025-09-23,01:06:12,out,0.3,16.5,82.6,19.6,17.467,16.6,0.45
2025-09-23 01:07:15,2025-09-23,01:07:15,in,0.14,1310.8,0.0,20.1,6.17,338.9,0.22
2025-09-23 01:07:16,2025-09-23,01:07:16,out,0.44,16.5,82.7,19.5,17.382,356.3,0.61
2025-09-23 01:08:18,2025-09-23,01:08:18,in,0.34,1310.8,0.0,20.1,6.17,350.3,0.4
2025-09-23 01:08:20,2025-09-23,01:08:20,out,0.45,16.5,82.8,19.5,17.395,18.0,0.59
2025-09-23 01:09:22,2025-09-23,01:09:22,in,0.26,1310.8,0.0,20.1,6.17,349.2,0.34
2025-09-23 01:09:23,2025-09-23,01:09:23,out,0.36,16.5,82.9,19.5,17.407,1.2,0.54
2025-09-23 01:10:26,2025-09-23,01:10:26,in,0.28,1310.8,0.0,20.1,6.17,359.9,0.39
2025-09-23 01:10:26,2025-09-23,01:10:26,out,0.47,16.5,83.0,19.5,17.419,6.3,0.6
2025-09-23 01:11:29,2025-09-23,01:11:29,in,0.2,1310.8,0.0,20.1,6.17,359.2,0.37
2025-09-23 01:11:30,2025-09-23,01:11:30,out,0.6,16.6,83.2,19.5,17.444,10.5,0.68
2025-09-23 01:12:34,2025-09-23,01:12:34,out,0.64,16.6,83.3,19.5,17.456,9.7,0.73
2025-09-23 01:13:01,2025-09-23,01:13:01,in,0.23,1310.8,0.0,20.1,6.17,343.9,0.32
2025-09-23 01:13:37,2025-09-23,01:13:37,out,0.52,16.6,83.5,19.5,17.481,29.1,0.76
2025-09-23 01:14:03,2025-09-23,01:14:03,in,0.16,1310.8,0.0,20.1,6.17,333.5,0.25
2025-09-23 01:14:40,2025-09-23,01:14:40,out,0.58,16.7,83.8,19.5,17.518,11.2,0.72
2025-09-23 01:15:06,2025-09-23,01:15:06,in,0.29,,,1310.8,,20.1,0.0
2025-09-23 01:15:44,2025-09-23,01:15:44,out,0.82,,,16.7,,19.5,8.4
2025-09-23 01:16:10,2025-09-23,01:16:10,in,1.07,1310.8,0.0,20.1,6.17,329.5,1.6
2025-09-23 01:16:48,2025-09-23,01:16:48,out,0.67,16.8,84.3,19.5,17.579,17.4,0.78
2025-09-23 01:17:14,2025-09-23,01:17:14,in,1.09,1310.8,0.0,20.0,6.129,319.6,1.95
2025-09-23 01:17:51,2025-09-23,01:17:51,out,0.65,16.8,84.6,19.5,17.616,15.8,0.82
2025-09-23 01:18:17,2025-09-23,01:18:17,in,1.6,1310.8,0.0,19.9,6.087,317.9,2.28
2025-09-23 01:18:54,2025-09-23,01:18:54,out,0.52,16.9,84.8,19.5,17.64,46.8,0.69
2025-09-23 01:19:20,2025-09-23,01:19:20,in,0.19,1310.8,0.0,19.9,6.087,17.5,2.24
2025-09-23 01:19:58,2025-09-23,01:19:58,out,0.92,16.9,85.0,19.5,17.665,50.5,0.99
2025-09-23 01:20:24,2025-09-23,01:20:24,in,0.15,1310.8,0.0,19.9,6.087,23.6,0.31
2025-09-23 01:21:02,2025-09-23,01:21:02,out,0.62,17.0,85.2,19.5,17.689,59.1,0.97
2025-09-23 01:21:28,2025-09-23,01:21:28,in,0.03,1310.8,0.0,19.9,6.087,23.6,0.11
2025-09-23 01:22:05,2025-09-23,01:22:05,out,0.51,17.0,85.3,19.5,17.702,34.2,0.66
2025-09-23 01:22:30,2025-09-23,01:22:30,in,0.18,,0.0,19.9,6.087,23.6,0.22
2025-09-23 01:23:08,2025-09-23,01:23:08,out,0.79,16.9,85.4,19.4,17.617,26.9,1.05
2025-09-23 01:23:34,2025-09-23,01:23:34,in,0.33,1310.8,0.0,19.9,6.087,7.8,0.38
2025-09-23 01:24:12,2025-09-23,01:24:12,out,0.91,17.0,85.7,19.4,17.653,48.9,1.0
2025-09-23 01:24:38,2025-09-23,01:24:38,in,0.1,1310.8,0.0,20.0,6.129,35.1,0.42
2025-09-23 01:25:16,2025-09-23,01:25:16,out,0.76,17.0,86.0,19.4,17.69,41.3,1.07
2025-09-23 01:25:42,2025-09-23,01:25:42,in,0.14,1310.8,0.0,20.0,6.129,35.1,0.22
2025-09-23 01:26:19,2025-09-23,01:26:19,out,0.53,17.0,86.3,19.4,17.727,50.9,0.82
2025-09-23 01:26:45,2025-09-23,01:26:45,in,0.21,1310.8,0.0,20.0,6.129,330.8,0.32
2025-09-23 01:27:22,2025-09-23,01:27:22,out,0.73,17.1,86.7,19.4,17.776,47.7,0.94
2025-09-23 01:27:49,2025-09-23,01:27:49,in,0.07,1310.8,0.0,20.0,6.129,342.4,0.24
2025-09-23 01:28:26,2025-09-23,01:28:26,out,0.62,17.2,87.2,19.4,17.837,47.8,0.86
2025-09-23 01:28:52,2025-09-23,01:28:52,in,0.12,1310.8,0.0,20.0,6.129,314.3,0.24
2025-09-23 01:29:30,2025-09-23,01:29:30,out,0.65,17.3,87.6,19.4,17.886,57.9,0.84
2025-09-23 01:29:56,2025-09-23,01:29:56,in,0.07,1310.8,0.0,20.1,6.17,314.3,0.12
2025-09-23 01:30:33,2025-09-23,01:30:33,out,0.44,,,17.3,,74.8,0.67
2025-09-23 01:31:00,2025-09-23,01:31:00,in,0.08,1310.8,0.0,20.1,6.17,314.3,0.15
2025-09-23 01:31:36,2025-09-23,01:31:36,out,0.51,17.4,88.2,19.4,17.96,48.0,0.68
2025-09-23 01:32:02,2025-09-23,01:32:02,in,0.06,1310.8,0.0,20.1,6.17,314.3,0.07
2025-09-23 01:32:40,2025-09-23,01:32:40,out,0.31,17.4,88.4,19.4,17.984,56.2,0.44
2025-09-23 01:33:06,2025-09-23,01:33:06,in,1.29,1310.8,0.0,20.1,6.17,319.7,2.01
2025-09-23 01:33:44,2025-09-23,01:33:44,out,0.66,17.4,88.6,19.4,18.009,48.1,0.72
2025-09-23 01:34:10,2025-09-23,01:34:10,in,1.19,1310.8,0.0,20.0,6.129,327.8,2.2
2025-09-23 01:34:47,2025-09-23,01:34:47,out,0.81,17.6,89.2,19.4,18.082,36.0,0.91
2025-09-23 01:35:14,2025-09-23,01:35:14,in,1.44,1310.8,0.0,19.9,6.087,325.3,2.31
2025-09-23 01:35:51,2025-09-23,01:35:51,out,0.85,17.8,90.3,19.4,18.217,31.2,0.94
2025-09-23 01:36:17,2025-09-23,01:36:17,in,0.27,1310.8,0.0,19.9,6.087,332.7,1.75
2025-09-23 01:36:54,2025-09-23,01:36:54,out,0.75,17.9,91.2,19.4,18.327,41.9,1.04
2025-09-23 01:37:20,2025-09-23,01:37:20,in,0.29,1310.8,0.0,19.9,6.087,345.6,0.38
2025-09-23 01:37:58,2025-09-23,01:37:58,out,0.64,18.0,91.6,19.4,18.376,34.3,0.79
2025-09-23 01:38:24,2025-09-23,01:38:24,in,0.26,1310.8,0.0,19.9,6.087,1.4,0.4
2025-09-23 01:39:01,2025-09-23,01:39:01,out,0.86,18.0,92.0,19.3,18.326,41.4,1.27
2025-09-23 01:39:28,2025-09-23,01:39:28,in,0.31,1310.8,0.0,19.9,6.087,11.2,0.47
2025-09-23 01:40:04,2025-09-23,01:40:04,out,1.33,18.1,92.5,19.3,18.387,46.4,1.81
2025-09-23 01:40:31,2025-09-23,01:40:31,in,0.19,1310.8,0.0,19.9,6.087,31.9,0.39
2025-09-23 01:41:08,2025-09-23,01:41:08,out,1.31,18.1,93.2,19.3,18.473,49.0,1.7
2025-09-23 01:41:34,2025-09-23,01:41:34,in,0.22,1310.8,0.0,19.9,6.087,91.2,0.46
2025-09-23 01:42:12,2025-09-23,01:42:12,out,0.95,18.3,94.0,19.3,18.571,53.2,1.7
2025-09-23 01:42:38,2025-09-23,01:42:38,in,0.28,1310.8,0.0,19.9,6.087,16.8,0.38
2025-09-23 01:43:16,2025-09-23,01:43:16,out,1.13,18.4,94.9,19.3,18.681,48.5,1.52
2025-09-23 01:43:42,2025-09-23,01:43:42,in,0.14,1310.8,0.0,19.8,6.046,4.5,0.34
2025-09-23 01:44:18,2025-09-23,01:44:18,out,0.7,18.5,95.5,19.3,18.755,45.0,1.32
2025-09-23 01:44:45,2025-09-23,01:44:45,in,0.08,1310.8,0.0,19.8,6.046,342.1,0.29
2025-09-23 01:45:22,2025-09-23,01:45:22,out,0.73,18.6,96.0,19.3,18.816,28.6,1.44
2025-09-23 01:45:48,2025-09-23,01:45:48,in,0.14,1310.8,0.0,19.8,6.046,342.1,0.19
2025-09-23 01:46:26,2025-09-23,01:46:26,out,0.79,18.7,96.2,19.3,18.84,50.5,0.9
2025-09-23 01:46:52,2025-09-23,01:46:52,in,0.14,1310.8,0.0,19.9,6.087,342.1,0.21
2025-09-23 01:47:30,2025-09-23,01:47:30,out,0.67,18.6,96.6,19.2,18.789,44.3,1.14
2025-09-23 01:47:56,2025-09-23,01:47:56,in,0.28,1310.8,0.0,19.9,6.087,5.0,0.31
2025-09-23 01:48:32,2025-09-23,01:48:32,out,0.65,18.8,97.5,19.2,18.9,37.4,1.35
2025-09-23 01:48:59,2025-09-23,01:48:59,in,0.26,1310.8,0.0,19.8,6.046,354.9,0.46
2025-09-23 01:49:36,2025-09-23,01:49:36,out,1.19,19.0,99.0,19.2,19.083,53.0,1.56
2025-09-23 01:50:02,2025-09-23,01:50:02,in,1.51,1310.8,0.0,19.8,6.046,322.7,2.02
2025-09-23 01:50:40,2025-09-23,01:50:40,out,1.34,19.2,100.0,19.2,19.206,28.2,1.62
2025-09-23 01:51:06,2025-09-23,01:51:06,in,0.99,1310.8,0.0,19.7,6.004,330.6,2.69
2025-09-23 01:51:44,2025-09-23,01:51:44,out,1.1,19.2,100.0,19.2,19.206,30.7,1.47
2025-09-23 01:52:10,2025-09-23,01:52:10,in,1.33,1310.8,0.0,19.7,6.004,315.6,2.52
2025-09-23 01:52:47,2025-09-23,01:52:47,out,0.89,19.2,100.0,19.2,19.206,47.5,1.53
2025-09-23 01:53:13,2025-09-23,01:53:13,in,0.38,1310.8,0.0,19.6,5.963,332.8,2.44
2025-09-23 01:53:50,2025-09-23,01:53:50,out,1.03,19.2,100.0,19.2,19.206,43.9,1.5
2025-09-23 01:54:16,2025-09-23,01:54:16,in,0.24,1310.8,0.0,19.7,6.004,342.2,0.39
2025-09-23 01:54:54,2025-09-23,01:54:54,out,0.87,19.2,100.0,19.2,19.206,45.8,1.17
2025-09-23 01:55:20,2025-09-23,01:55:20,in,0.14,1310.8,0.0,19.7,6.004,334.8,0.27
2025-09-23 01:55:58,2025-09-23,01:55:58,out,0.63,19.2,100.0,19.2,19.206,57.5,0.97
2025-09-23 01:56:24,2025-09-23,01:56:24,in,0.17,1310.8,0.0,19.7,6.004,334.8,0.2
2025-09-23 01:57:01,2025-09-23,01:57:01,out,0.82,19.2,100.0,19.2,19.206,50.1,1.14
2025-09-23 01:57:27,2025-09-23,01:57:27,in,0.17,1310.8,0.0,19.7,6.004,4.6,0.25
2025-09-23 01:58:04,2025-09-23,01:58:04,out,0.73,19.2,100.0,19.2,19.206,61.9,1.05
2025-09-23 01:58:30,2025-09-23,01:58:30,in,0.2,1310.8,0.0,19.7,6.004,348.3,0.3
2025-09-23 01:59:08,2025-09-23,01:59:08,out,0.96,19.1,100.0,19.1,19.105,54.6,1.3
2025-09-23 01:59:34,2025-09-23,01:59:34,in,0.28,1310.8,0.0,19.7,6.004,343.6,0.38
2025-09-23 02:00:11,2025-09-23,02:00:11,out,0.76,19.1,100.0,19.1,19.105,47.9,1.4
2025-09-23 02:00:38,2025-09-23,02:00:38,in,0.3,1310.8,0.0,19.8,6.046,351.7,0.45
2025-09-23 02:01:15,2025-09-23,02:01:15,out,1.13,19.1,100.0,19.1,19.105,51.1,1.65
2025-09-23 02:01:41,2025-09-23,02:01:41,in,0.34,1310.8,0.0,19.7,6.004,326.5,0.39
2025-09-23 02:02:18,2025-09-23,02:02:18,out,0.94,19.1,100.0,19.1,19.105,61.4,1.44
2025-09-23 02:02:45,2025-09-23,02:02:45,in,0.23,1310.8,0.0,19.8,6.046,359.2,0.44
2025-09-23 02:03:22,2025-09-23,02:03:22,out,0.66,19.1,100.0,19.1,19.105,67.8,1.42
2025-09-23 02:03:48,2025-09-23,02:03:48,in,0.14,1310.8,0.0,19.8,6.046,304.4,0.36
2025-09-23 02:04:26,2025-09-23,02:04:26,out,0.69,19.1,100.0,19.1,19.105,28.0,0.8
2025-09-23 02:04:52,2025-09-23,02:04:52,in,0.09,1310.8,0.0,19.8,6.046,305.7,0.38
2025-09-23 02:05:29,2025-09-23,02:05:29,out,0.45,19.1,100.0,19.1,19.105,52.3,0.67
2025-09-23 02:05:55,2025-09-23,02:05:55,in,0.16,1310.8,0.0,19.9,6.087,305.7,0.22
2025-09-23 02:06:32,2025-09-23,02:06:32,out,0.33,19.1,100.0,19.1,19.105,53.2,0.52
2025-09-23 02:06:58,2025-09-23,02:06:58,in,1.53,1310.8,0.0,19.9,6.087,329.0,2.29
2025-09-23 02:07:36,2025-09-23,02:07:36,out,0.22,19.1,100.0,19.1,19.105,47.4,0.47
2025-09-23 02:08:02,2025-09-23,02:08:02,in,1.42,1310.8,0.0,19.8,6.046,317.3,1.96
2025-09-23 02:08:40,2025-09-23,02:08:40,out,0.39,19.0,100.0,19.0,19.004,344.6,0.46
2025-09-23 02:09:06,2025-09-23,02:09:06,in,1.34,1310.8,0.0,19.7,6.004,322.8,2.13
2025-09-23 02:09:43,2025-09-23,02:09:43,out,0.71,19.0,100.0,19.0,19.004,6.2,0.81
2025-09-23 02:10:09,2025-09-23,02:10:09,in,0.34,1310.8,0.0,19.6,5.963,326.8,1.99
2025-09-23 02:10:46,2025-09-23,02:10:46,out,0.62,19.0,100.0,19.0,19.004,2.4,0.76
2025-09-23 02:11:12,2025-09-23,02:11:12,in,0.33,1310.8,0.0,19.6,5.963,338.8,0.5
2025-09-23 02:11:50,2025-09-23,02:11:50,out,0.59,19.0,100.0,19.0,19.004,10.7,0.77
2025-09-23 02:12:16,2025-09-23,02:12:16,in,0.28,1310.8,0.0,19.6,5.963,332.8,0.44
2025-09-23 02:12:54,2025-09-23,02:12:54,out,0.49,19.0,100.0,19.0,19.004,41.5,0.74
2025-09-23 02:13:20,2025-09-23,02:13:20,in,0.22,1310.8,0.0,19.6,5.963,341.6,0.33
2025-09-23 02:13:57,2025-09-23,02:13:57,out,0.52,19.0,100.0,19.0,19.004,31.8,0.78
2025-09-23 02:14:23,2025-09-23,02:14:23,in,0.15,1310.8,0.0,19.7,6.004,332.3,0.24
2025-09-23 02:15:00,2025-09-23,02:15:00,out,0.38,19.0,100.0,19.0,19.004,55.6,0.61
2025-09-23 02:15:26,2025-09-23,02:15:26,in,0.09,1310.8,0.0,19.7,6.004,0.2,0.24
2025-09-23 02:16:04,2025-09-23,02:16:04,out,0.43,19.0,100.0,19.0,19.004,52.2,0.58
2025-09-23 02:16:30,2025-09-23,02:16:30,in,0.19,1310.8,0.0,19.7,6.004,323.1,0.29
2025-09-23 02:17:08,2025-09-23,02:17:08,out,0.48,19.0,100.0,19.0,19.004,51.1,0.51
2025-09-23 02:17:34,2025-09-23,02:17:34,in,0.15,1310.8,0.0,19.7,6.004,336.4,0.28
2025-09-23 02:18:11,2025-09-23,02:18:11,out,0.35,19.0,100.0,19.0,19.004,42.5,0.57
2025-09-23 02:18:37,2025-09-23,02:18:37,in,0.16,1310.8,0.0,19.7,6.004,311.4,0.25
2025-09-23 02:19:14,2025-09-23,02:19:14,out,0.54,19.0,100.0,19.0,19.004,27.9,0.62
2025-09-23 02:19:40,2025-09-23,02:19:40,in,0.26,1310.8,0.0,19.8,6.046,341.6,0.32
2025-09-23 02:20:18,2025-09-23,02:20:18,out,0.58,19.0,100.0,19.0,19.004,15.4,0.67
2025-09-23 02:20:44,2025-09-23,02:20:44,in,0.22,1310.8,0.0,19.7,6.004,329.4,0.37
2025-09-23 02:21:22,2025-09-23,02:21:22,out,0.63,19.0,100.0,19.0,19.004,11.3,0.69
2025-09-23 02:21:48,2025-09-23,02:21:48,in,0.29,1310.8,0.0,19.7,6.004,344.4,0.36
2025-09-23 02:22:25,2025-09-23,02:22:25,out,0.66,18.9,100.0,18.9,18.904,31.0,0.79
2025-09-23 02:22:51,2025-09-23,02:22:51,in,0.23,1310.8,0.0,19.7,6.004,327.6,0.34
2025-09-23 02:23:28,2025-09-23,02:23:28,out,0.75,19.0,100.0,19.0,19.004,35.2,0.84
2025-09-23 02:23:55,2025-09-23,02:23:55,in,1.53,1310.8,0.0,19.7,6.004,322.0,1.77
2025-09-23 02:24:32,2025-09-23,02:24:32,out,0.8,18.9,100.0,18.9,18.904,50.6,
2025-09-23 02:24:58,2025-09-23,02:24:58,in,1.25,1310.8,0.0,19.6,5.963,313.7,1.96
2025-09-23 02:25:36,2025-09-23,02:25:36,out,0.66,19.0,100.0,19.0,19.004,29.7,0.82
2025-09-23 02:26:02,2025-09-23,02:26:02,in,1.08,1310.8,0.0,19.5,5.921,320.2,1.74
2025-09-23 02:26:39,2025-09-23,02:26:39,out,0.77,19.0,100.0,19.0,19.004,19.1,0.85
2025-09-23 02:27:06,2025-09-23,02:27:06,in,0.54,1310.8,0.0,19.5,5.921,322.4,1.65
2025-09-23 02:27:42,2025-09-23,02:27:42,out,0.78,19.0,100.0,19.0,19.004,12.4,0.91
2025-09-23 02:28:09,2025-09-23,02:28:09,in,0.31,1310.8,0.0,19.5,5.921,351.0,0.47
2025-09-23 02:28:46,2025-09-23,02:28:46,out,0.59,18.9,100.0,18.9,18.904,4.0,0.96
2025-09-23 02:29:12,2025-09-23,02:29:12,in,0.27,1310.8,0.0,19.5,5.921,348.1,0.42
2025-09-23 02:29:50,2025-09-23,02:29:50,out,0.55,19.0,100.0,19.0,19.004,26.4,0.98
2025-09-23 02:30:16,2025-09-23,02:30:16,in,0.25,1310.8,0.0,19.5,5.921,352.3,0.3
2025-09-23 02:30:53,2025-09-23,02:30:53,out,0.75,18.9,100.0,18.9,18.904,18.9,0.8
2025-09-23 02:31:20,2025-09-23,02:31:20,in,0.25,1310.8,0.0,19.5,5.921,344.3,0.3
2025-09-23 02:31:56,2025-09-23,02:31:56,out,0.73,18.9,100.0,18.9,18.904,13.9,0.81
2025-09-23 02:32:23,2025-09-23,02:32:23,in,0.21,1310.8,0.0,19.5,5.921,320.7,0.27
2025-09-23 02:33:00,2025-09-23,02:33:00,out,0.61,18.9,100.0,18.9,18.904,21.1,0.85
2025-09-23 02:33:26,2025-09-23,02:33:26,in,0.25,1310.8,0.0,19.5,5.921,339.5,0.34
2025-09-23 02:34:04,2025-09-23,02:34:04,out,0.62,18.9,100.0,18.9,18.904,359.2,0.91
2025-09-23 02:34:30,2025-09-23,02:34:30,in,0.25,1310.8,0.0,19.6,5.963,324.7,0.34
2025-09-23 02:35:07,2025-09-23,02:35:07,out,0.58,18.9,100.0,18.9,18.904,8.5,0.97
2025-09-23 02:35:34,2025-09-23,02:35:34,in,0.31,1310.8,0.0,19.6,5.963,337.0,0.34
2025-09-23 02:36:10,2025-09-23,02:36:10,out,0.81,18.9,100.0,18.9,18.904,17.1,1.1
2025-09-23 02:36:37,2025-09-23,02:36:37,in,0.34,1310.8,0.0,19.6,5.963,332.5,0.41
2025-09-23 02:37:14,2025-09-23,02:37:14,out,0.57,18.9,100.0,18.9,18.904,14.6,1.08
2025-09-23 02:37:40,2025-09-23,02:37:40,in,0.38,1310.8,0.0,19.5,5.921,334.9,0.53
2025-09-23 02:38:18,2025-09-23,02:38:18,out,0.6,18.9,100.0,18.9,18.904,0.6,0.73
2025-09-23 02:38:44,2025-09-23,02:38:44,in,0.52,1310.8,0.0,19.5,5.921,344.6,0.59
2025-09-23 02:39:21,2025-09-23,02:39:21,out,0.95,18.9,100.0,18.9,18.904,1.9,1.16
2025-09-23 02:39:48,2025-09-23,02:39:48,in,0.4,1310.8,0.0,19.4,5.879,342.7,0.54
2025-09-23 02:40:24,2025-09-23,02:40:24,out,0.85,18.9,100.0,18.9,18.904,25.3,1.22
2025-09-23 02:40:51,2025-09-23,02:40:51,in,1.86,1310.8,0.0,19.4,5.879,320.7,2.19
2025-09-23 02:41:28,2025-09-23,02:41:28,out,0.7,18.8,100.0,18.8,18.803,15.4,0.77
2025-09-23 02:41:54,2025-09-23,02:41:54,in,1.38,1310.8,0.0,19.3,5.838,328.8,1.92
2025-09-23 02:42:32,2025-09-23,02:42:32,out,0.38,18.8,100.0,18.8,18.803,13.1,1.18
2025-09-23 02:42:58,2025-09-23,02:42:58,in,1.44,1310.8,0.0,19.3,5.838,319.0,2.15
2025-09-23 02:43:35,2025-09-23,02:43:35,out,0.6,18.8,100.0,18.8,18.803,28.2,0.93
2025-09-23 02:44:02,2025-09-23,02:44:02,in,0.56,1310.8,0.0,19.2,5.796,350.2,2.14
2025-09-23 02:44:38,2025-09-23,02:44:38,out,0.33,18.8,100.0,18.8,18.803,3.8,0.77
2025-09-23 02:45:05,2025-09-23,02:45:05,in,0.44,1310.8,0.0,19.2,5.796,345.7,0.65
2025-09-23 02:45:42,2025-09-23,02:45:42,out,0.74,18.8,100.0,18.8,18.803,9.6,1.2
2025-09-23 02:46:09,2025-09-23,02:46:09,in,0.34,1310.8,0.0,19.2,5.796,341.1,0.58
2025-09-23 02:46:46,2025-09-23,02:46:46,out,0.52,18.8,100.0,18.8,18.803,340.7,1.13
2025-09-23 02:47:12,2025-09-23,02:47:12,in,0.31,1310.8,0.0,19.2,5.796,332.1,0.48
2025-09-23 02:47:49,2025-09-23,02:47:49,out,0.47,18.8,100.0,18.8,18.803,347.7,0.79
2025-09-23 02:48:16,2025-09-23,02:48:16,in,0.31,1310.8,0.0,19.2,5.796,333.4,0.44
2025-09-23 02:48:52,2025-09-23,02:48:52,out,0.78,18.7,100.0,18.7,18.702,26.7,0.97
2025-09-23 02:49:19,2025-09-23,02:49:19,in,0.28,1310.8,0.0,19.2,5.796,342.8,0.45
2025-09-23 02:49:56,2025-09-23,02:49:56,out,0.92,18.7,100.0,18.7,18.702,18.7,1.09
2025-09-23 02:50:23,2025-09-23,02:50:23,in,0.22,1310.8,0.0,19.2,5.796,0.1,0.34
2025-09-23 02:51:00,2025-09-23,02:51:00,out,1.03,18.7,100.0,18.7,18.702,33.4,1.29
2025-09-23 02:51:26,2025-09-23,02:51:26,in,0.22,1310.8,0.0,19.2,5.796,358.0,0.3
2025-09-23 02:52:03,2025-09-23,02:52:03,out,1.07,18.7,100.0,18.7,18.702,50.4,1.24
2025-09-23 02:52:30,2025-09-23,02:52:30,in,0.18,1310.8,0.0,19.3,5.838,322.4,0.44
2025-09-23 02:53:06,2025-09-23,02:53:06,out,0.5,18.7,100.0,18.7,18.702,35.3,1.12
2025-09-23 02:53:34,2025-09-23,02:53:34,in,0.21,1310.8,0.0,19.3,5.838,344.6,0.34
2025-09-23 02:54:10,2025-09-23,02:54:10,out,0.71,18.7,100.0,18.7,18.702,21.1,1.02
2025-09-23 02:54:37,2025-09-23,02:54:37,in,0.25,1310.8,0.0,19.3,5.838,327.2,0.35
2025-09-23 02:55:14,2025-09-23,02:55:14,out,0.94,18.7,100.0,18.7,18.702,20.4,1.1
2025-09-23 02:55:40,2025-09-23,02:55:40,in,0.28,1310.8,0.0,19.3,5.838,337.0,0.41
2025-09-23 02:56:17,2025-09-23,02:56:17,out,0.62,18.7,100.0,18.7,18.702,24.0,1.06
2025-09-23 02:56:44,2025-09-23,02:56:44,in,0.28,1310.8,0.0,19.3,5.838,347.6,0.41
2025-09-23 02:57:20,2025-09-23,02:57:20,out,0.83,18.7,100.0,18.7,18.702,30.8,1.04
2025-09-23 02:57:47,2025-09-23,02:57:47,in,1.1,1310.8,0.0,19.3,5.838,325.2,1.59
2025-09-23 02:58:24,2025-09-23,02:58:24,out,1.12,18.7,100.0,18.7,18.702,42.5,1.18
2025-09-23 02:58:50,2025-09-23,02:58:50,in,1.36,1310.8,0.0,19.2,5.796,322.4,2.08
2025-09-23 02:59:28,2025-09-23,02:59:28,out,0.74,18.7,100.0,18.7,18.702,58.3,1.28
2025-09-23 02:59:54,2025-09-23,02:59:54,in,1.33,1310.8,0.0,19.1,5.755,314.8,2.35
2025-09-23 03:00:31,2025-09-23,03:00:31,out,1.13,18.7,100.0,18.7,18.702,63.2,1.22
2025-09-23 03:00:58,2025-09-23,03:00:58,in,0.34,1310.8,0.0,19.1,5.755,16.6,2.16
2025-09-23 03:01:34,2025-09-23,03:01:34,out,0.78,18.7,100.0,18.7,18.702,55.8,1.15
2025-09-23 03:02:02,2025-09-23,03:02:02,in,0.04,1310.8,0.0,19.1,5.755,33.8,0.53
2025-09-23 03:02:38,2025-09-23,03:02:38,out,0.9,18.7,100.0,18.7,18.702,55.2,1.43
2025-09-23 03:03:05,2025-09-23,03:03:05,in,0.12,1310.8,0.0,19.1,5.755,33.8,0.19
2025-09-23 03:03:42,2025-09-23,03:03:42,out,1.15,18.7,100.0,18.7,18.702,61.2,1.44
2025-09-23 03:04:08,2025-09-23,03:04:08,in,0.19,1310.8,0.0,19.1,5.755,6.8,0.37
2025-09-23 03:04:45,2025-09-23,03:04:45,out,1.09,18.7,100.0,18.7,18.702,54.6,
2025-09-23 03:05:12,2025-09-23,03:05:12,in,0.16,1310.8,0.0,19.1,5.755,6.8,0.25
2025-09-23 03:05:48,2025-09-23,03:05:48,out,1.47,18.7,100.0,18.7,18.702,59.2,1.71
2025-09-23 03:06:16,2025-09-23,03:06:16,in,0.22,1310.8,0.0,19.1,5.755,350.9,0.31
2025-09-23 03:06:52,2025-09-23,03:06:52,out,0.88,18.7,100.0,18.7,18.702,54.9,1.17
2025-09-23 03:07:19,2025-09-23,03:07:19,in,0.15,1310.8,0.0,19.1,5.755,2.1,0.23
2025-09-23 03:07:56,2025-09-23,03:07:56,out,1.14,18.7,100.0,18.7,18.702,59.2,1.32
2025-09-23 03:08:22,2025-09-23,03:08:22,in,0.1,1310.8,0.0,19.1,5.755,334.3,0.33
2025-09-23 03:08:59,2025-09-23,03:08:59,out,0.52,18.7,100.0,18.7,18.702,64.1,1.43
2025-09-23 03:09:26,2025-09-23,03:09:26,in,0.2,1310.8,0.0,19.1,5.755,317.0,0.27
2025-09-23 03:10:02,2025-09-23,03:10:02,out,0.82,18.7,100.0,18.7,18.702,52.8,1.17
2025-09-23 03:10:30,2025-09-23,03:10:30,in,0.16,1310.8,0.0,19.2,5.796,311.1,0.3
2025-09-23 03:11:06,2025-09-23,03:11:06,out,0.87,18.7,100.0,18.7,18.702,45.0,1.3
2025-09-23 03:11:33,2025-09-23,03:11:33,in,0.12,1310.8,0.0,19.2,5.796,15.7,0.27
2025-09-23 03:12:10,2025-09-23,03:12:10,out,0.75,18.7,100.0,18.7,18.702,47.4,1.05
2025-09-23 03:12:36,2025-09-23,03:12:36,in,0.17,1310.8,0.0,19.2,5.796,15.7,0.25
2025-09-23 03:13:13,2025-09-23,03:13:13,out,0.74,18.7,100.0,18.7,18.702,50.1,1.11
2025-09-23 03:13:40,2025-09-23,03:13:40,in,0.26,1310.8,0.0,19.3,5.838,327.5,0.31
2025-09-23 03:14:16,2025-09-23,03:14:16,out,0.74,18.8,100.0,18.8,18.803,46.0,1.21
2025-09-23 03:14:44,2025-09-23,03:14:44,in,0.77,1310.8,0.0,19.3,5.838,320.5,1.96
2025-09-23 03:15:20,2025-09-23,03:15:20,out,0.9,18.8,100.0,18.8,18.803,54.9,1.21
2025-09-23 03:15:47,2025-09-23,03:15:47,in,1.28,1310.8,0.0,19.3,5.838,319.0,2.59
2025-09-23 03:16:24,2025-09-23,03:16:24,out,1.12,18.8,100.0,18.8,18.803,61.7,1.54
2025-09-23 03:16:50,2025-09-23,03:16:50,in,1.49,1310.8,0.0,19.3,5.838,325.3,2.18
2025-09-23 03:17:27,2025-09-23,03:17:27,out,1.45,18.8,100.0,18.8,18.803,67.2,1.56
2025-09-23 03:17:54,2025-09-23,03:17:54,in,0.26,1310.8,0.0,19.2,5.796,22.7,2.52
2025-09-23 03:18:30,2025-09-23,03:18:30,out,1.49,18.8,100.0,18.8,18.803,64.0,1.62
2025-09-23 03:18:58,2025-09-23,03:18:58,in,0.04,1310.8,0.0,19.2,5.796,44.2,0.55
2025-09-23 03:19:34,2025-09-23,03:19:34,out,1.41,18.8,100.0,18.8,18.803,59.2,1.65
2025-09-23 03:20:01,2025-09-23,03:20:01,in,0.11,1310.8,0.0,19.2,5.796,9.8,0.31
2025-09-23 03:20:38,2025-09-23,03:20:38,out,1.11,18.8,100.0,18.8,18.803,54.1,1.62
2025-09-23 03:21:04,2025-09-23,03:21:04,in,0.12,1310.8,0.0,19.2,5.796,9.8,0.18
2025-09-23 03:21:41,2025-09-23,03:21:41,out,1.5,18.8,100.0,18.8,18.803,56.7,1.97
2025-09-23 03:22:08,2025-09-23,03:22:08,in,0.13,1310.8,0.0,19.2,5.796,331.2,0.25
2025-09-23 03:22:44,2025-09-23,03:22:44,out,1.75,18.8,100.0,18.8,18.803,62.9,2.15
2025-09-23 03:23:12,2025-09-23,03:23:12,in,0.11,1310.8,0.0,19.2,5.796,331.2,0.25
2025-09-23 03:23:48,2025-09-23,03:23:48,out,1.79,18.7,100.0,18.7,18.702,60.2,2.35
2025-09-23 03:24:15,2025-09-23,03:24:15,in,0.04,1310.8,0.0,19.2,5.796,331.2,0.12
2025-09-23 03:24:52,2025-09-23,03:24:52,out,1.9,,,18.7,,18.7,10.0
2025-09-23 03:25:18,2025-09-23,03:25:18,in,0.09,1310.8,0.0,19.2,5.796,331.2,0.16
2025-09-23 03:25:56,2025-09-23,03:25:56,out,0.77,18.7,100.0,18.7,18.702,59.5,1.97
2025-09-23 03:26:22,2025-09-23,03:26:22,in,0.06,1310.8,0.0,19.3,5.838,331.2,0.21
2025-09-23 03:26:59,2025-09-23,03:26:59,out,1.23,18.7,100.0,18.7,18.702,59.6,1.94
2025-09-23 03:27:26,2025-09-23,03:27:26,in,0.09,1310.8,0.0,19.3,5.838,331.2,0.23
2025-09-23 03:28:02,2025-09-23,03:28:02,out,1.03,18.7,100.0,18.7,18.702,55.2,1.62
2025-09-23 03:28:29,2025-09-23,03:28:29,in,0.04,1310.8,0.0,19.3,5.838,331.2,0.18
2025-09-23 03:29:06,2025-09-23,03:29:06,out,0.43,18.7,100.0,18.7,18.702,62.8,1.01
2025-09-23 03:29:32,2025-09-23,03:29:32,in,0.05,1310.8,0.0,19.3,5.838,331.2,0.22
2025-09-23 03:30:10,2025-09-23,03:30:10,out,0.48,18.7,100.0,18.7,18.702,70.9,0.87
2025-09-23 03:30:36,2025-09-23,03:30:36,in,0.17,1310.8,0.0,19.3,5.838,331.2,0.31
2025-09-23 03:31:13,2025-09-23,03:31:13,out,0.98,18.7,100.0,18.7,18.702,65.7,1.19
2025-09-23 03:31:40,2025-09-23,03:31:40,in,0.23,1310.8,0.0,19.3,5.838,57.5,0.3
2025-09-23 03:32:16,2025-09-23,03:32:16,out,0.75,18.7,100.0,18.7,18.702,67.2,1.02
2025-09-23 03:32:43,2025-09-23,03:32:43,in,1.03,1310.8,0.0,19.3,5.838,324.2,2.14
2025-09-23 03:33:20,2025-09-23,03:33:20,out,0.41,18.7,100.0,18.7,18.702,74.6,0.58
2025-09-23 03:33:46,2025-09-23,03:33:46,in,1.09,1310.8,0.0,19.3,5.838,318.6,1.68
2025-09-23 03:34:24,2025-09-23,03:34:24,out,0.37,18.7,100.0,18.7,18.702,42.7,0.84
2025-09-23 03:34:50,2025-09-23,03:34:50,in,0.34,1310.8,0.0,19.3,5.838,333.1,1.76
2025-09-23 03:35:27,2025-09-23,03:35:27,out,0.41,18.7,100.0,18.7,18.702,46.3,0.66
2025-09-23 03:35:54,2025-09-23,03:35:54,in,0.13,1310.8,0.0,19.3,5.838,38.9,0.45
2025-09-23 03:36:30,2025-09-23,03:36:30,out,0.54,18.7,100.0,18.7,18.702,49.1,0.81
2025-09-23 03:36:57,2025-09-23,03:36:57,in,0.19,1310.8,0.0,19.3,5.838,86.2,0.3
2025-09-23 03:37:34,2025-09-23,03:37:34,out,0.47,18.7,100.0,18.7,18.702,26.5,0.64
2025-09-23 03:38:00,2025-09-23,03:38:00,in,0.24,1310.8,0.0,19.3,5.838,90.6,0.35
2025-09-23 03:38:38,2025-09-23,03:38:38,out,0.17,18.7,100.0,18.7,18.702,33.0,0.59
2025-09-23 03:39:04,2025-09-23,03:39:04,in,0.25,1310.8,0.0,19.4,5.879,102.0,0.35
2025-09-23 03:39:41,2025-09-23,03:39:41,out,0.26,18.6,100.0,18.6,18.602,71.2,0.62
2025-09-23 03:40:08,2025-09-23,03:40:08,in,0.22,1310.8,0.0,19.4,5.879,81.1,0.29
2025-09-23 03:40:44,2025-09-23,03:40:44,out,0.45,18.6,100.0,18.6,18.602,31.4,0.52
2025-09-23 03:41:11,2025-09-23,03:41:11,in,0.08,1310.8,0.0,19.4,5.879,83.8,0.33
2025-09-23 03:41:48,2025-09-23,03:41:48,out,0.2,18.6,100.0,18.6,18.602,109.5,0.62
2025-09-23 03:42:14,2025-09-23,03:42:14,in,0.14,1310.8,0.0,19.4,5.879,104.1,0.23
2025-09-23 03:42:52,2025-09-23,03:42:52,out,0.19,18.6,100.0,18.6,18.602,124.8,0.29
2025-09-23 03:43:18,2025-09-23,03:43:18,in,0.19,1310.8,0.0,19.5,5.921,94.2,0.32
2025-09-23 03:43:55,2025-09-23,03:43:55,out,0.12,18.6,100.0,18.6,18.602,22.7,0.31
2025-09-23 03:44:22,2025-09-23,03:44:22,in,0.14,1310.8,0.0,19.5,5.921,116.6,0.25
2025-09-23 03:44:58,2025-09-23,03:44:58,out,0.47,18.6,100.0,18.6,18.602,53.9,0.55
2025-09-23 03:45:25,2025-09-23,03:45:25,in,0.14,1310.8,0.0,19.5,5.921,88.2,0.29
2025-09-23 03:46:02,2025-09-23,03:46:02,out,0.26,18.6,100.0,18.6,18.602,69.2,0.77
2025-09-23 03:46:28,2025-09-23,03:46:28,in,0.2,1310.8,0.0,19.5,5.921,110.1,0.25
2025-09-23 03:47:06,2025-09-23,03:47:06,out,0.44,18.6,100.0,18.6,18.602,61.2,1.23
2025-09-23 03:47:32,2025-09-23,03:47:32,in,0.15,1310.8,0.0,19.6,5.963,126.5,0.27
2025-09-23 03:48:09,2025-09-23,03:48:09,out,0.53,18.6,100.0,18.6,18.602,60.6,0.97
2025-09-23 03:48:36,2025-09-23,03:48:36,in,0.11,1310.8,0.0,19.6,5.963,96.7,0.26
2025-09-23 03:49:12,2025-09-23,03:49:12,out,0.74,18.6,100.0,18.6,18.602,68.2,0.98
2025-09-23 03:49:39,2025-09-23,03:49:39,in,0.95,1310.8,0.0,19.6,5.963,325.7,1.82
2025-09-23 03:50:16,2025-09-23,03:50:16,out,0.62,18.7,100.0,18.7,18.702,62.9,1.04
2025-09-23 03:50:42,2025-09-23,03:50:42,in,0.8,1310.8,0.0,19.6,5.963,327.8,1.18
2025-09-23 03:51:20,2025-09-23,03:51:20,out,0.51,18.7,100.0,18.7,18.702,85.0,1.46
2025-09-23 03:51:46,2025-09-23,03:51:46,in,0.54,1310.8,0.0,19.6,5.963,333.8,1.74
2025-09-23 03:52:23,2025-09-23,03:52:23,out,0.25,18.7,100.0,18.7,18.702,23.8,0.93
2025-09-23 03:52:50,2025-09-23,03:52:50,in,0.17,1310.8,0.0,19.6,5.963,10.2,0.4
2025-09-23 03:53:26,2025-09-23,03:53:26,out,0.3,18.7,100.0,18.7,18.702,44.9,0.7
2025-09-23 03:53:54,2025-09-23,03:53:54,in,0.5,1310.8,0.0,19.6,5.963,21.7,0.56
2025-09-23 03:54:30,2025-09-23,03:54:30,out,1.01,18.7,100.0,18.7,18.702,347.9,1.16
2025-09-23 03:54:56,2025-09-23,03:54:56,in,0.44,1310.8,0.0,19.6,5.963,324.2,0.55
2025-09-23 03:55:34,2025-09-23,03:55:34,out,0.44,18.8,100.0,18.8,18.803,344.1,1.17
2025-09-23 03:56:00,2025-09-23,03:56:00,in,0.43,1310.8,0.0,19.6,5.963,323.4,0.72
2025-09-23 03:56:37,2025-09-23,03:56:37,out,0.72,18.7,100.0,18.7,18.702,333.9,1.19
2025-09-23 03:57:04,2025-09-23,03:57:04,in,0.57,1310.8,0.0,19.5,5.921,310.8,0.86
2025-09-23 03:57:40,2025-09-23,03:57:40,out,0.97,18.7,100.0,18.7,18.702,330.9,1.26
2025-09-23 03:58:07,2025-09-23,03:58:07,in,0.55,1310.8,0.0,19.5,5.921,307.5,0.8
2025-09-23 03:58:44,2025-09-23,03:58:44,out,0.59,18.7,100.0,18.7,18.702,339.6,1.02
2025-09-23 03:59:10,2025-09-23,03:59:10,in,0.35,1310.8,0.0,19.4,5.879,297.4,0.77
2025-09-23 03:59:48,2025-09-23,03:59:48,out,0.62,18.7,100.0,18.7,18.702,321.3,0.83
2025-09-23 04:00:14,2025-09-23,04:00:14,in,0.33,1310.8,0.0,19.4,5.879,336.4,0.4
2025-09-23 04:00:51,2025-09-23,04:00:51,out,0.56,18.7,100.0,18.7,18.702,341.9,0.89
2025-09-23 04:01:18,2025-09-23,04:01:18,in,0.42,1310.8,0.0,19.4,5.879,349.4,0.59
2025-09-23 04:01:54,2025-09-23,04:01:54,out,0.64,18.6,100.0,18.6,18.602,358.2,1.0
2025-09-23 04:02:21,2025-09-23,04:02:21,in,0.33,1310.8,0.0,19.4,5.879,350.5,0.59
2025-09-23 04:02:58,2025-09-23,04:02:58,out,0.99,18.6,100.0,18.6,18.602,15.4,1.15
2025-09-23 04:03:25,2025-09-23,04:03:25,in,0.26,1310.8,0.0,19.4,5.879,350.9,0.47
2025-09-23 04:04:02,2025-09-23,04:04:02,out,0.81,18.6,100.0,18.6,18.602,16.3,1.17
2025-09-23 04:04:28,2025-09-23,04:04:28,in,0.23,1310.8,0.0,19.4,5.879,349.1,0.29
2025-09-23 04:05:06,2025-09-23,04:05:06,out,0.67,18.6,100.0,18.6,18.602,32.3,0.88
2025-09-23 04:05:32,2025-09-23,04:05:32,in,0.34,1310.8,0.0,19.4,5.879,341.1,0.39
2025-09-23 04:06:09,2025-09-23,04:06:09,out,0.5,18.6,100.0,18.6,18.602,22.3,0.95
2025-09-23 04:06:36,2025-09-23,04:06:36,in,1.7,,,1310.8,,19.3,0.0
2025-09-23 04:07:12,2025-09-23,04:07:12,out,0.96,18.6,100.0,18.6,18.602,27.1,1.13
2025-09-23 04:07:39,2025-09-23,04:07:39,in,1.52,1310.8,0.0,19.2,5.796,324.7,2.13
2025-09-23 04:08:16,2025-09-23,04:08:16,out,1.27,18.6,100.0,18.6,18.602,36.1,1.44
2025-09-23 04:08:42,2025-09-23,04:08:42,in,1.49,1310.8,0.0,19.1,5.755,325.5,2.12
2025-09-23 04:09:19,2025-09-23,04:09:19,out,1.19,18.6,100.0,18.6,18.602,40.4,1.47
2025-09-23 04:09:46,2025-09-23,04:09:46,in,0.2,1310.8,0.0,19.0,5.713,349.8,0.66
2025-09-23 04:10:22,2025-09-23,04:10:22,out,1.51,18.6,100.0,18.6,18.602,45.2,1.67
2025-09-23 04:10:50,2025-09-23,04:10:50,in,0.31,1310.8,0.0,19.1,5.755,345.4,0.41
2025-09-23 04:11:26,2025-09-23,04:11:26,out,1.16,18.7,100.0,18.7,18.702,55.4,1.62
2025-09-23 04:11:53,2025-09-23,04:11:53,in,0.35,1310.8,0.0,19.1,5.755,10.2,0.47
2025-09-23 04:12:30,2025-09-23,04:12:30,out,1.02,18.6,100.0,18.6,18.602,45.7,1.48
2025-09-23 04:12:56,2025-09-23,04:12:56,in,0.25,1310.8,0.0,19.1,5.755,1.3,0.42
2025-09-23 04:13:33,2025-09-23,04:13:33,out,1.11,18.6,100.0,18.6,18.602,41.2,1.35
2025-09-23 04:14:00,2025-09-23,04:14:00,in,0.3,1310.8,0.0,19.2,5.796,358.1,0.44
2025-09-23 04:14:37,2025-09-23,04:14:37,out,0.72,18.6,100.0,18.6,18.602,45.1,1.52
2025-09-23 04:15:04,2025-09-23,04:15:04,in,0.25,1310.8,0.0,19.2,5.796,351.3,0.45
2025-09-23 04:15:40,2025-09-23,04:15:40,out,0.83,18.6,100.0,18.6,18.602,42.1,0.99
2025-09-23 04:16:07,2025-09-23,04:16:07,in,0.26,1310.8,0.0,19.2,5.796,348.6,0.34
2025-09-23 04:16:44,2025-09-23,04:16:44,out,0.63,18.6,100.0,18.6,18.602,26.4,1.12
2025-09-23 04:17:10,2025-09-23,04:17:10,in,0.23,1310.8,0.0,19.2,5.796,351.5,0.32
2025-09-23 04:17:47,2025-09-23,04:17:47,out,0.54,18.6,100.0,18.6,18.602,32.8,1.15
2025-09-23 04:18:14,2025-09-23,04:18:14,in,0.17,1310.8,0.0,19.2,5.796,4.1,0.28
2025-09-23 04:18:51,2025-09-23,04:18:51,out,0.7,18.6,100.0,18.6,18.602,42.6,0.88
2025-09-23 04:19:18,2025-09-23,04:19:18,in,0.23,1310.8,0.0,19.2,5.796,9.1,0.32
2025-09-23 04:19:54,2025-09-23,04:19:54,out,1.37,18.6,100.0,18.6,18.602,55.4,1.46
2025-09-23 04:20:21,2025-09-23,04:20:21,in,0.1,1310.8,0.0,19.2,5.796,71.6,0.23
2025-09-23 04:20:58,2025-09-23,04:20:58,out,1.01,18.6,100.0,18.6,18.602,60.2,1.57
2025-09-23 04:21:24,2025-09-23,04:21:24,in,0.06,1310.8,0.0,19.2,5.796,71.6,0.17
2025-09-23 04:22:01,2025-09-23,04:22:01,out,1.18,18.6,100.0,18.6,18.602,64.9,1.32
2025-09-23 04:22:28,2025-09-23,04:22:28,in,0.09,1310.8,0.0,19.2,5.796,92.5,0.25
2025-09-23 04:23:06,2025-09-23,04:23:06,out,1.55,,,18.6,,18.6,10.0
2025-09-23 04:23:32,2025-09-23,04:23:32,in,1.33,1310.8,0.0,19.3,5.838,321.2,2.17
2025-09-23 04:24:08,2025-09-23,04:24:08,out,1.06,18.6,100.0,18.6,18.602,55.4,1.31
2025-09-23 04:24:35,2025-09-23,04:24:35,in,1.65,1310.8,0.0,19.1,5.755,321.6,2.25
2025-09-23 04:25:12,2025-09-23,04:25:12,out,1.08,18.6,100.0,18.6,18.602,65.2,1.39
2025-09-23 04:25:38,2025-09-23,04:25:38,in,1.18,1310.8,0.0,19.1,5.755,327.5,2.27
2025-09-23 04:26:16,2025-09-23,04:26:16,out,1.05,18.6,100.0,18.6,18.602,59.0,1.31
2025-09-23 04:26:42,2025-09-23,04:26:42,in,0.24,1310.8,0.0,19.0,5.713,50.8,1.03
2025-09-23 04:27:19,2025-09-23,04:27:19,out,1.12,18.6,100.0,18.6,18.602,63.7,1.64
2025-09-23 04:27:46,2025-09-23,04:27:46,in,0.12,1310.8,0.0,19.0,5.713,42.5,0.2
2025-09-23 04:28:22,2025-09-23,04:28:22,out,1.29,18.6,100.0,18.6,18.602,63.9,1.64
2025-09-23 04:28:49,2025-09-23,04:28:49,in,0.2,1310.8,0.0,19.1,5.755,5.5,0.27
2025-09-23 04:29:26,2025-09-23,04:29:26,out,1.16,18.5,100.0,18.5,18.501,60.4,1.54
2025-09-23 04:29:52,2025-09-23,04:29:52,in,0.26,1310.8,0.0,19.1,5.755,359.0,0.34
2025-09-23 04:30:30,2025-09-23,04:30:30,out,1.16,18.5,100.0,18.5,18.501,51.5,1.73
2025-09-23 04:30:56,2025-09-23,04:30:56,in,0.22,1310.8,0.0,19.1,5.755,29.7,0.27
2025-09-23 04:31:33,2025-09-23,04:31:33,out,0.82,18.5,100.0,18.5,18.501,47.7,1.3
2025-09-23 04:32:00,2025-09-23,04:32:00,in,0.2,1310.8,0.0,19.1,5.755,342.0,0.27
2025-09-23 04:32:36,2025-09-23,04:32:36,out,0.78,18.5,100.0,18.5,18.501,38.8,1.46
2025-09-23 04:33:03,2025-09-23,04:33:03,in,0.28,1310.8,0.0,19.1,5.755,353.8,0.34
2025-09-23 04:34:06,2025-09-23,04:34:06,in,0.25,1310.8,0.0,19.1,5.755,0.2,0.42
2025-09-23 04:34:08,2025-09-23,04:34:08,out,0.82,18.5,100.0,18.5,18.501,20.8,1.07
2025-09-23 04:34:48,2025-09-23,04:34:48,out,0.81,18.5,100.0,18.5,18.501,46.9,1.35
2025-09-23 04:35:10,2025-09-23,04:35:10,in,0.27,1310.8,0.0,19.1,5.755,353.1,0.44
2025-09-23 04:35:52,2025-09-23,04:35:52,out,1.02,18.5,100.0,18.5,18.501,38.0,1.17
2025-09-23 04:36:14,2025-09-23,04:36:14,in,0.18,1310.8,0.0,19.1,5.755,315.7,0.37
2025-09-23 04:36:55,2025-09-23,04:36:55,out,1.13,18.5,100.0,18.5,18.501,46.0,1.32
2025-09-23 04:37:17,2025-09-23,04:37:17,in,0.19,1310.8,0.0,19.1,5.755,346.5,0.32
2025-09-23 04:37:58,2025-09-23,04:37:58,out,0.79,18.5,100.0,18.5,18.501,36.3,1.31
2025-09-23 04:38:20,2025-09-23,04:38:20,in,0.29,1310.8,0.0,19.1,5.755,323.2,0.38
2025-09-23 04:39:02,2025-09-23,04:39:02,out,1.05,18.5,100.0,18.5,18.501,22.6,1.43
2025-09-23 04:39:24,2025-09-23,04:39:24,in,0.19,1310.8,0.0,19.2,5.796,348.2,0.53
2025-09-23 04:40:06,2025-09-23,04:40:06,out,1.06,18.5,100.0,18.5,18.501,41.9,1.29
2025-09-23 04:40:28,2025-09-23,04:40:28,in,1.27,1310.8,0.0,19.1,5.755,320.1,2.17
2025-09-23 04:41:09,2025-09-23,04:41:09,out,0.97,18.5,100.0,18.5,18.501,39.2,1.13
2025-09-23 04:41:31,2025-09-23,04:41:31,in,1.31,1310.8,0.0,19.0,5.713,323.6,2.29
2025-09-23 04:42:12,2025-09-23,04:42:12,out,0.77,18.5,100.0,18.5,18.501,37.0,1.19
2025-09-23 04:42:34,2025-09-23,04:42:34,in,1.58,1310.8,0.0,18.9,5.672,323.5,1.86
2025-09-23 04:43:16,2025-09-23,04:43:16,out,0.35,18.4,100.0,18.4,18.4,7.8,0.94
2025-09-23 04:43:38,2025-09-23,04:43:38,in,0.3,1310.8,0.0,18.9,5.672,334.0,1.74
2025-09-23 04:44:20,2025-09-23,04:44:20,out,0.76,18.4,100.0,18.4,18.4,48.8,0.92
2025-09-23 04:44:42,2025-09-23,04:44:42,in,0.21,1310.8,0.0,18.9,5.672,345.6,0.34
2025-09-23 04:45:23,2025-09-23,04:45:23,out,0.99,18.4,100.0,18.4,18.4,45.6,1.18
2025-09-23 04:45:45,2025-09-23,04:45:45,in,0.18,1310.8,0.0,19.0,5.713,312.9,0.3
2025-09-23 04:46:26,2025-09-23,04:46:26,out,0.97,18.4,100.0,18.4,18.4,53.4,1.05
2025-09-23 04:46:48,2025-09-23,04:46:48,in,0.31,1310.8,0.0,19.0,5.713,5.8,0.38
2025-09-23 04:47:30,2025-09-23,04:47:30,out,1.09,18.5,100.0,18.4,18.4,47.3,1.33
2025-09-23 04:47:52,2025-09-23,04:47:52,in,0.29,1310.8,0.0,19.0,5.713,36.0,0.41
2025-09-23 04:48:34,2025-09-23,04:48:34,out,1.08,18.5,100.0,18.5,18.501,49.0,1.34
2025-09-23 04:48:56,2025-09-23,04:48:56,in,0.31,1310.8,0.0,19.0,5.713,9.8,0.54
2025-09-23 04:49:37,2025-09-23,04:49:37,out,1.0,18.4,100.0,18.4,18.4,52.7,1.44
2025-09-23 04:49:59,2025-09-23,04:49:59,in,0.43,1310.8,0.0,19.0,5.713,9.9,0.53
2025-09-23 04:50:40,2025-09-23,04:50:40,out,1.03,18.5,100.0,18.5,18.501,45.6,1.54
2025-09-23 04:51:02,2025-09-23,04:51:02,in,0.27,1310.8,0.0,19.0,5.713,21.8,0.45
2025-09-23 04:51:44,2025-09-23,04:51:44,out,0.85,18.5,100.0,18.5,18.501,46.7,1.34
2025-09-23 04:52:06,2025-09-23,04:52:06,in,0.35,1310.8,0.0,19.0,5.713,28.9,0.53
2025-09-23 04:52:48,2025-09-23,04:52:48,out,0.72,18.4,100.0,18.4,18.4,54.1,1.68
2025-09-23 04:53:10,2025-09-23,04:53:10,in,0.13,1310.8,0.0,18.9,5.672,16.9,0.34
2025-09-23 04:53:51,2025-09-23,04:53:51,out,1.04,18.4,100.0,18.4,18.4,51.7,1.7
2025-09-23 04:54:14,2025-09-23,04:54:14,in,0.34,,,1310.8,,18.9,0.0
2025-09-23 04:54:54,2025-09-23,04:54:54,out,0.63,18.4,100.0,18.4,18.4,44.3,1.74
2025-09-23 04:55:16,2025-09-23,04:55:16,in,0.11,1310.8,0.0,18.9,5.672,14.4,0.31
2025-09-23 04:55:58,2025-09-23,04:55:58,out,0.58,18.4,100.0,18.4,18.4,45.8,1.24
2025-09-23 04:56:20,2025-09-23,04:56:20,in,0.16,1310.8,0.0,18.9,5.672,18.5,0.29
2025-09-23 04:57:02,2025-09-23,04:57:02,out,1.02,,,18.4,,77.4,1.36
2025-09-23 04:57:24,2025-09-23,04:57:24,in,1.4,1310.8,0.0,18.9,5.672,320.9,2.36
2025-09-23 04:58:05,2025-09-23,04:58:05,out,1.25,18.4,100.0,18.4,18.4,72.6,1.78
2025-09-23 04:58:27,2025-09-23,04:58:27,in,1.2,1310.8,0.0,18.9,5.672,321.3,1.83
2025-09-23 04:59:08,2025-09-23,04:59:08,out,0.99,18.4,100.0,18.4,18.4,68.3,1.56
2025-09-23 04:59:30,2025-09-23,04:59:30,in,1.11,1310.8,0.0,18.9,5.672,328.0,2.35
2025-09-23 05:00:12,2025-09-23,05:00:12,out,0.76,18.4,100.0,18.4,18.4,68.6,1.6
2025-09-23 05:00:34,2025-09-23,05:00:34,in,0.25,1310.8,0.0,18.9,5.672,66.4,1.47
2025-09-23 05:01:16,2025-09-23,05:01:16,out,0.71,18.4,100.0,18.4,18.4,59.1,1.44
2025-09-23 05:01:38,2025-09-23,05:01:38,in,0.1,1310.8,0.0,18.9,5.672,44.8,0.37
2025-09-23 05:02:19,2025-09-23,05:02:19,out,0.5,18.4,100.0,18.4,18.4,71.8,1.25
2025-09-23 05:02:41,2025-09-23,05:02:41,in,0.12,1310.8,0.0,18.9,5.672,92.8,0.4
2025-09-23 05:03:23,2025-09-23,05:03:23,out,0.47,18.4,100.0,18.4,18.4,70.7,1.42
2025-09-23 05:03:44,2025-09-23,05:03:44,in,0.1,1310.8,0.0,18.9,5.672,92.8,0.21
2025-09-23 05:04:26,2025-09-23,05:04:26,out,0.84,18.4,100.0,18.4,18.4,61.0,1.07
2025-09-23 05:04:48,2025-09-23,05:04:48,in,0.22,,,1310.8,,18.9,0.0
2025-09-23 05:05:30,2025-09-23,05:05:30,out,0.68,18.4,100.0,18.4,18.4,55.2,1.39
2025-09-23 05:05:52,2025-09-23,05:05:52,in,0.08,1310.8,0.0,18.9,5.672,92.8,0.13
2025-09-23 05:06:34,2025-09-23,05:06:34,out,1.08,18.4,100.0,18.4,18.4,60.2,1.66
2025-09-23 05:06:55,2025-09-23,05:06:55,in,0.12,1310.8,0.0,18.9,5.672,92.8,0.26
2025-09-23 05:07:37,2025-09-23,05:07:37,out,0.93,18.4,100.0,18.4,18.4,56.9,1.34
2025-09-23 05:07:58,2025-09-23,05:07:58,in,0.1,1310.8,0.0,18.9,5.672,92.8,0.18
2025-09-23 05:08:40,2025-09-23,05:08:40,out,1.04,18.4,100.0,18.4,18.4,43.2,1.35
2025-09-23 05:09:02,2025-09-23,05:09:02,in,0.13,1310.8,0.0,19.0,5.713,92.8,0.23
2025-09-23 05:09:44,2025-09-23,05:09:44,out,0.57,18.4,100.0,18.4,18.4,52.2,1.1
2025-09-23 05:10:06,2025-09-23,05:10:06,in,0.18,1310.8,0.0,19.0,5.713,92.8,0.27
2025-09-23 05:10:48,2025-09-23,05:10:48,out,0.48,18.4,100.0,18.4,18.4,49.0,1.06
2025-09-23 05:11:09,2025-09-23,05:11:09,in,0.14,1310.8,0.0,19.0,5.713,22.5,0.25
2025-09-23 05:11:51,2025-09-23,05:11:51,out,0.41,18.4,100.0,18.4,18.4,35.0,0.79
2025-09-23 05:12:12,2025-09-23,05:12:12,in,0.19,1310.8,0.0,19.0,5.713,18.9,0.27
2025-09-23 05:12:54,2025-09-23,05:12:54,out,0.65,18.4,100.0,18.4,18.4,31.9,0.84
2025-09-23 05:13:16,2025-09-23,05:13:16,in,0.27,1310.8,0.0,19.0,5.713,349.5,0.31
2025-09-23 05:13:58,2025-09-23,05:13:58,out,0.77,18.4,100.0,18.4,18.4,39.2,0.93
2025-09-23 05:14:20,2025-09-23,05:14:20,in,1.5,1310.8,0.0,19.1,5.755,321.1,2.34
2025-09-23 05:15:02,2025-09-23,05:15:02,out,1.03,18.4,100.0,18.4,18.4,33.5,1.23
2025-09-23 05:15:23,2025-09-23,05:15:23,in,1.51,1310.8,0.0,19.0,5.713,319.3,2.37
2025-09-23 05:16:05,2025-09-23,05:16:05,out,1.57,18.4,100.0,18.4,18.4,43.6,1.64
2025-09-23 05:16:26,2025-09-23,05:16:26,in,1.62,1310.8,0.0,18.9,5.672,321.8,2.74
2025-09-23 05:17:08,2025-09-23,05:17:08,out,1.13,18.5,100.0,18.5,18.501,47.0,1.73
2025-09-23 05:17:30,2025-09-23,05:17:30,in,0.45,1310.8,0.0,18.9,5.672,314.5,2.37
2025-09-23 05:18:12,2025-09-23,05:18:12,out,1.42,18.5,100.0,18.5,18.501,44.5,1.6
2025-09-23 05:18:34,2025-09-23,05:18:34,in,0.3,1310.8,0.0,19.0,5.713,327.1,0.46
2025-09-23 05:19:16,2025-09-23,05:19:16,out,0.91,18.5,100.0,18.5,18.501,67.0,1.37
2025-09-23 05:19:37,2025-09-23,05:19:37,in,0.31,1310.8,0.0,19.0,5.713,311.7,0.37
2025-09-23 05:20:19,2025-09-23,05:20:19,out,0.67,18.5,100.0,18.5,18.501,56.7,1.11
2025-09-23 05:20:40,2025-09-23,05:20:40,in,0.17,1310.8,0.0,19.0,5.713,352.8,0.34
2025-09-23 05:21:22,2025-09-23,05:21:22,out,0.41,18.5,100.0,18.5,18.501,55.4,0.97
2025-09-23 05:21:44,2025-09-23,05:21:44,in,0.11,1310.8,0.0,19.1,5.755,1.5,0.26
2025-09-23 05:22:26,2025-09-23,05:22:26,out,0.87,18.5,100.0,18.5,18.501,57.9,1.01
2025-09-23 05:22:48,2025-09-23,05:22:48,in,0.15,1310.8,0.0,19.1,5.755,2.1,0.33
2025-09-23 05:23:30,2025-09-23,05:23:30,out,0.41,18.5,100.0,18.5,18.501,48.1,1.11
2025-09-23 05:23:51,2025-09-23,05:23:51,in,0.06,1310.8,0.0,19.1,5.755,2.1,0.21
2025-09-23 05:24:33,2025-09-23,05:24:33,out,0.77,18.5,100.0,18.5,18.501,70.4,0.97
2025-09-23 05:24:54,2025-09-23,05:24:54,in,0.08,1310.8,0.0,19.1,5.755,2.1,0.17
2025-09-23 05:25:36,2025-09-23,05:25:36,out,0.44,18.4,100.0,18.4,18.4,89.6,0.77
2025-09-23 05:25:58,2025-09-23,05:25:58,in,0.21,1310.8,0.0,19.1,5.755,124.8,0.32
2025-09-23 05:26:40,2025-09-23,05:26:40,out,0.26,18.5,100.0,18.5,18.501,119.9,0.77
2025-09-23 05:27:02,2025-09-23,05:27:02,in,0.16,1310.8,0.0,19.1,5.755,135.9,0.24
2025-09-23 05:27:44,2025-09-23,05:27:44,out,0.34,18.5,100.0,18.5,18.501,136.3,0.69
2025-09-23 05:28:05,2025-09-23,05:28:05,in,0.17,1310.8,0.0,19.2,5.796,194.5,0.31
2025-09-23 05:28:47,2025-09-23,05:28:47,out,0.56,18.5,100.0,18.5,18.501,116.9,0.77
2025-09-23 05:29:08,2025-09-23,05:29:08,in,0.06,1310.8,0.0,19.2,5.796,181.0,0.3
2025-09-23 05:29:50,2025-09-23,05:29:50,out,0.52,18.5,100.0,18.5,18.501,237.3,0.59
2025-09-23 05:30:12,2025-09-23,05:30:12,in,0.12,1310.8,0.0,19.2,5.796,149.6,0.28
2025-09-23 05:30:54,2025-09-23,05:30:54,out,0.63,18.5,100.0,18.5,18.501,232.5,0.83
2025-09-23 05:31:16,2025-09-23,05:31:16,in,0.76,1310.8,0.0,19.3,5.838,316.7,1.95
2025-09-23 05:31:58,2025-09-23,05:31:58,out,0.9,18.5,100.0,18.5,18.501,239.3,0.97
2025-09-23 05:32:19,2025-09-23,05:32:19,in,1.58,1310.8,0.0,19.2,5.796,323.5,1.99
2025-09-23 05:33:01,2025-09-23,05:33:01,out,0.95,18.4,100.0,18.4,18.4,238.7,1.16
2025-09-23 05:33:22,2025-09-23,05:33:22,in,1.07,1310.8,0.0,19.1,5.755,323.8,1.73
2025-09-23 05:34:04,2025-09-23,05:34:04,out,0.88,18.4,100.0,18.4,18.4,234.6,1.41
2025-09-23 05:34:26,2025-09-23,05:34:26,in,0.37,1310.8,0.0,19.1,5.755,352.1,1.72
2025-09-23 05:35:08,2025-09-23,05:35:08,out,1.21,18.4,100.0,18.4,18.4,235.7,1.57
2025-09-23 05:35:30,2025-09-23,05:35:30,in,0.21,1310.8,0.0,19.1,5.755,351.7,0.36
2025-09-23 05:36:12,2025-09-23,05:36:12,out,0.97,18.4,100.0,18.4,18.4,238.1,1.28
2025-09-23 05:36:33,2025-09-23,05:36:33,in,0.17,1310.8,0.0,19.1,5.755,344.2,0.27
2025-09-23 05:37:15,2025-09-23,05:37:15,out,0.6,18.4,100.0,18.4,18.4,262.7,0.99
2025-09-23 05:37:36,2025-09-23,05:37:36,in,0.22,1310.8,0.0,19.2,5.796,339.0,0.25
2025-09-23 05:38:18,2025-09-23,05:38:18,out,0.4,18.3,100.0,18.3,18.299,275.0,0.77
2025-09-23 05:38:40,2025-09-23,05:38:40,in,0.39,1310.8,0.0,19.2,5.796,339.4,0.45
2025-09-23 05:39:22,2025-09-23,05:39:22,out,0.6,18.3,100.0,18.3,18.299,280.0,0.95
2025-09-23 05:39:44,2025-09-23,05:39:44,in,0.36,1310.8,0.0,19.2,5.796,324.4,0.47
2025-09-23 05:40:26,2025-09-23,05:40:26,out,1.26,18.3,100.0,18.3,18.299,254.7,1.54
2025-09-23 05:40:47,2025-09-23,05:40:47,in,0.16,1310.8,0.0,19.2,5.796,330.9,0.43
2025-09-23 05:41:29,2025-09-23,05:41:29,out,1.41,18.3,100.0,18.3,18.299,248.0,1.69
2025-09-23 05:41:50,2025-09-23,05:41:50,in,0.06,1310.8,0.0,19.2,5.796,330.9,0.15
2025-09-23 05:42:32,2025-09-23,05:42:32,out,1.77,18.2,100.0,18.2,18.199,247.4,1.98
2025-09-23 05:42:54,2025-09-23,05:42:54,in,0.14,1310.8,0.0,19.2,5.796,330.9,0.17
2025-09-23 05:43:36,2025-09-23,05:43:36,out,1.76,18.2,100.0,18.2,18.199,253.5,1.88
2025-09-23 05:43:58,2025-09-23,05:43:58,in,0.13,1310.8,0.0,19.2,5.796,330.9,0.2
2025-09-23 05:44:40,2025-09-23,05:44:40,out,1.66,18.1,100.0,18.1,18.098,257.9,2.0
2025-09-23 05:45:01,2025-09-23,05:45:01,in,0.18,1310.8,0.0,19.2,5.796,330.9,0.23
2025-09-23 05:45:44,2025-09-23,05:45:44,out,1.06,18.1,100.0,18.1,18.098,254.4,1.87
2025-09-23 05:46:04,2025-09-23,05:46:04,in,0.19,1310.8,0.0,19.2,5.796,0.9,0.3
2025-09-23 05:46:47,2025-09-23,05:46:47,out,1.27,18.1,100.0,18.1,18.098,250.0,1.74
2025-09-23 05:47:08,2025-09-23,05:47:08,in,0.07,1310.8,0.0,19.2,5.796,0.9,0.21
2025-09-23 05:47:50,2025-09-23,05:47:50,out,1.43,,,18.1,,18.1,10.0
2025-09-23 05:48:12,2025-09-23,05:48:12,in,1.36,1310.8,0.0,19.2,5.796,325.3,1.99
2025-09-23 05:48:54,2025-09-23,05:48:54,out,1.14,18.0,100.0,18.0,17.997,264.5,1.64
2025-09-23 05:49:15,2025-09-23,05:49:15,in,1.23,1310.8,0.0,18.9,5.672,311.7,1.95
2025-09-23 05:49:58,2025-09-23,05:49:58,out,0.54,18.1,100.0,18.1,18.098,259.4,1.24
2025-09-23 05:50:18,2025-09-23,05:50:18,in,0.84,1310.8,0.0,18.8,5.63,314.6,1.74
2025-09-23 05:51:01,2025-09-23,05:51:01,out,0.45,18.1,100.0,18.1,18.098,233.3,0.82
2025-09-23 05:51:22,2025-09-23,05:51:22,in,0.09,1310.8,0.0,18.8,5.63,303.8,1.71
2025-09-23 05:52:04,2025-09-23,05:52:04,out,0.34,18.1,100.0,18.1,18.098,314.1,0.42
2025-09-23 05:52:26,2025-09-23,05:52:26,in,0.18,1310.8,0.0,18.8,5.63,123.1,0.31
2025-09-23 05:53:08,2025-09-23,05:53:08,out,0.43,18.1,100.0,18.1,18.098,9.6,0.5
2025-09-23 05:53:29,2025-09-23,05:53:29,in,0.05,1310.8,0.0,18.8,5.63,123.1,0.21
2025-09-23 05:54:12,2025-09-23,05:54:12,out,0.12,18.0,100.0,18.0,17.997,6.2,0.27
2025-09-23 05:54:32,2025-09-23,05:54:32,in,0.11,1310.8,0.0,18.8,5.63,123.1,0.16
2025-09-23 05:55:15,2025-09-23,05:55:15,out,0.27,18.0,100.0,18.0,17.997,272.8,0.28
2025-09-23 05:55:36,2025-09-23,05:55:36,in,0.12,1310.8,0.0,18.9,5.672,123.1,0.19
2025-09-23 05:56:18,2025-09-23,05:56:18,out,0.27,18.0,100.0,18.0,17.997,249.1,0.45
2025-09-23 05:56:40,2025-09-23,05:56:40,in,0.08,1310.8,0.0,18.9,5.672,174.0,0.28
2025-09-23 05:57:22,2025-09-23,05:57:22,out,0.15,18.0,100.0,18.0,17.997,279.0,0.36
2025-09-23 05:57:43,2025-09-23,05:57:43,in,0.15,1310.8,0.0,18.9,5.672,174.0,0.22
2025-09-23 05:58:26,2025-09-23,05:58:26,out,0.27,18.0,100.0,18.0,17.997,299.6,0.31
2025-09-23 05:58:46,2025-09-23,05:58:46,in,0.14,1310.8,0.0,18.9,5.672,174.0,0.21
2025-09-23 05:59:29,2025-09-23,05:59:29,out,0.13,18.0,100.0,18.0,17.997,300.9,0.31
2025-09-23 05:59:50,2025-09-23,05:59:50,in,0.12,1310.8,0.0,18.9,5.672,161.4,0.24
2025-09-23 06:00:32,2025-09-23,06:00:32,out,0.49,17.9,100.0,17.9,17.897,71.0,0.58
2025-09-23 06:00:54,2025-09-23,06:00:54,in,0.05,1310.8,0.0,19.0,5.713,161.4,0.17
2025-09-23 06:01:36,2025-09-23,06:01:36,out,0.69,17.9,100.0,17.9,17.897,58.5,0.79
2025-09-23 06:01:57,2025-09-23,06:01:57,in,0.06,1310.8,0.0,19.0,5.713,161.4,0.16
2025-09-23 06:02:40,2025-09-23,06:02:40,out,0.63,17.9,100.0,17.9,17.897,59.4,0.73
2025-09-23 06:03:00,2025-09-23,06:03:00,in,0.04,1310.8,0.0,19.0,5.713,161.4,0.19
2025-09-23 06:03:43,2025-09-23,06:03:43,out,0.77,17.9,100.0,17.9,17.897,60.2,0.94
2025-09-23 06:04:04,2025-09-23,06:04:04,in,0.07,1310.8,0.0,19.0,5.713,161.4,0.12
2025-09-23 06:04:46,2025-09-23,06:04:46,out,0.78,,,17.9,,17.9,10.0
2025-09-23 06:05:08,2025-09-23,06:05:08,in,1.34,1310.8,0.0,18.9,5.672,331.3,2.42
2025-09-23 06:05:50,2025-09-23,06:05:50,out,0.76,17.9,100.0,17.9,17.897,63.3,0.87
2025-09-23 06:06:11,2025-09-23,06:06:11,in,1.39,1310.8,0.0,18.7,5.588,323.3,2.17
2025-09-23 06:06:54,2025-09-23,06:06:54,out,0.73,18.0,100.0,18.0,17.997,50.9,0.89
2025-09-23 06:07:14,2025-09-23,06:07:14,in,0.78,1310.8,0.0,18.5,5.505,340.5,2.06
2025-09-23 06:07:57,2025-09-23,06:07:57,out,0.77,18.0,100.0,18.0,17.997,46.5,0.87
2025-09-23 06:08:18,2025-09-23,06:08:18,in,0.2,1310.8,0.0,18.5,5.505,347.8,1.92
2025-09-23 06:09:00,2025-09-23,06:09:00,out,0.68,18.0,100.0,18.0,17.997,51.2,0.74
2025-09-23 06:09:22,2025-09-23,06:09:22,in,0.07,1310.8,0.0,18.5,5.505,40.3,0.35
2025-09-23 06:10:04,2025-09-23,06:10:04,out,0.63,18.0,100.0,18.0,17.997,47.4,0.88
2025-09-23 06:10:25,2025-09-23,06:10:25,in,0.12,1310.8,0.0,18.5,5.505,40.3,0.16
2025-09-23 06:11:08,2025-09-23,06:11:08,out,0.5,18.0,100.0,18.0,17.997,60.9,0.68
2025-09-23 06:11:28,2025-09-23,06:11:28,in,0.05,1310.8,0.0,18.5,5.505,40.3,0.13
2025-09-23 06:12:11,2025-09-23,06:12:11,out,0.77,18.0,100.0,18.0,17.997,53.1,0.84
2025-09-23 06:12:32,2025-09-23,06:12:32,in,0.09,1310.8,0.0,18.6,5.547,40.3,0.14
2025-09-23 06:13:14,2025-09-23,06:13:14,out,0.78,18.0,100.0,18.0,17.997,57.9,0.9
2025-09-23 06:13:36,2025-09-23,06:13:36,in,0.2,1310.8,0.0,18.6,5.547,114.4,0.23
2025-09-23 06:14:18,2025-09-23,06:14:18,out,0.72,18.1,100.0,18.1,18.098,73.8,0.94
2025-09-23 06:14:39,2025-09-23,06:14:39,in,0.2,1310.8,0.0,18.6,5.547,115.5,0.31
2025-09-23 06:15:22,2025-09-23,06:15:22,out,0.54,18.1,100.0,18.1,18.098,70.7,1.03
2025-09-23 06:15:42,2025-09-23,06:15:42,in,0.21,1310.8,0.0,18.6,5.547,130.2,0.35
2025-09-23 06:16:25,2025-09-23,06:16:25,out,0.5,18.1,100.0,18.1,18.098,82.4,0.81
2025-09-23 06:16:46,2025-09-23,06:16:46,in,0.22,1310.8,0.0,18.6,5.547,121.2,0.3
2025-09-23 06:17:28,2025-09-23,06:17:28,out,0.49,18.0,100.0,18.0,17.997,64.0,0.77
2025-09-23 06:17:50,2025-09-23,06:17:50,in,0.16,1310.8,0.0,18.6,5.547,140.3,0.25
2025-09-23 06:18:32,2025-09-23,06:18:32,out,0.67,18.0,100.0,18.0,17.997,66.8,0.81
2025-09-23 06:18:53,2025-09-23,06:18:53,in,0.1,1310.8,0.0,18.6,5.547,94.1,0.26
2025-09-23 06:19:36,2025-09-23,06:19:36,out,0.46,18.0,100.0,18.0,17.997,64.9,0.74
2025-09-23 06:19:56,2025-09-23,06:19:56,in,0.07,1310.8,0.0,18.6,5.547,94.1,0.13
2025-09-23 06:20:39,2025-09-23,06:20:39,out,0.69,18.0,100.0,18.0,17.997,54.7,0.84
2025-09-23 06:21:00,2025-09-23,06:21:00,in,0.07,1310.8,0.0,18.6,5.547,94.1,0.14
2025-09-23 06:21:42,2025-09-23,06:21:42,out,0.81,,,18.0,,18.0,10.0
2025-09-23 06:22:04,2025-09-23,06:22:04,in,0.97,1310.8,0.0,18.7,5.588,339.2,2.2
2025-09-23 06:22:46,2025-09-23,06:22:46,out,0.76,18.1,100.0,18.1,18.098,52.7,0.82
2025-09-23 06:23:07,2025-09-23,06:23:07,in,1.16,1310.8,0.0,18.7,5.588,320.0,1.76
2025-09-23 06:23:50,2025-09-23,06:23:50,out,0.93,18.1,100.0,18.1,18.098,48.6,1.03
2025-09-23 06:24:10,2025-09-23,06:24:10,in,1.29,1310.8,0.0,18.7,5.588,325.3,2.11
2025-09-23 06:24:54,2025-09-23,06:24:54,out,0.78,18.2,100.0,18.2,18.199,54.0,1.03
2025-09-23 06:25:14,2025-09-23,06:25:14,in,0.34,1310.8,0.0,18.7,5.588,4.0,1.78
2025-09-23 06:25:57,2025-09-23,06:25:57,out,0.57,18.2,100.0,18.2,18.199,50.4,0.95
2025-09-23 06:26:18,2025-09-23,06:26:18,in,0.1,1310.8,0.0,18.7,5.588,21.1,0.25
2025-09-23 06:27:00,2025-09-23,06:27:00,out,0.94,18.2,100.0,18.2,18.199,52.8,0.97
2025-09-23 06:27:21,2025-09-23,06:27:21,in,0.05,1310.8,0.0,18.7,5.588,21.1,0.11
2025-09-23 06:28:04,2025-09-23,06:28:04,out,0.97,18.3,100.0,18.3,18.299,54.3,1.03
2025-09-23 06:28:25,2025-09-23,06:28:25,in,0.05,1310.8,0.0,18.7,5.588,21.1,0.19
2025-09-23 06:29:08,2025-09-23,06:29:08,out,0.42,18.3,100.0,18.3,18.299,36.3,0.96
2025-09-23 06:29:28,2025-09-23,06:29:28,in,0.09,1310.8,0.0,18.7,5.588,21.1,0.12
2025-09-23 06:30:11,2025-09-23,06:30:11,out,0.82,18.3,100.0,18.3,18.299,55.2,0.95
2025-09-23 06:30:32,2025-09-23,06:30:32,in,0.12,1310.8,0.0,18.7,5.588,21.1,0.26
2025-09-23 06:31:14,2025-09-23,06:31:14,out,0.91,18.3,100.0,18.3,18.299,47.3,1.01
2025-09-23 06:31:36,2025-09-23,06:31:36,in,0.11,1310.8,0.0,18.7,5.588,21.1,0.26
2025-09-23 06:32:18,2025-09-23,06:32:18,out,0.8,18.3,100.0,18.3,18.299,50.4,1.24
2025-09-23 06:32:38,2025-09-23,06:32:38,in,0.02,1310.8,0.0,18.8,5.63,21.1,0.14
2025-09-23 06:33:22,2025-09-23,06:33:22,out,0.86,18.3,100.0,18.3,18.299,52.3,1.09
2025-09-23 06:33:42,2025-09-23,06:33:42,in,0.08,1310.8,0.0,18.7,5.588,21.1,0.12
2025-09-23 06:34:25,2025-09-23,06:34:25,out,0.94,18.3,100.0,18.3,18.299,64.4,1.33
2025-09-23 06:34:46,2025-09-23,06:34:46,in,0.04,1310.8,0.0,18.8,5.63,21.1,0.13
2025-09-23 06:35:28,2025-09-23,06:35:28,out,0.85,18.3,100.0,18.3,18.299,49.6,1.22
2025-09-23 06:35:50,2025-09-23,06:35:50,in,0.06,1310.8,0.0,18.8,5.63,21.1,0.16
2025-09-23 06:36:32,2025-09-23,06:36:32,out,1.07,18.3,100.0,18.3,18.299,53.7,1.2
2025-09-23 06:36:52,2025-09-23,06:36:52,in,0.12,1310.8,0.0,18.8,5.63,21.1,0.23
2025-09-23 06:37:36,2025-09-23,06:37:36,out,1.02,18.4,100.0,18.4,18.4,47.5,1.32
2025-09-23 06:37:56,2025-09-23,06:37:56,in,0.07,1310.8,0.0,18.8,5.63,21.1,0.16
2025-09-23 06:38:39,2025-09-23,06:38:39,out,0.82,18.4,100.0,18.4,18.4,37.7,1.19
2025-09-23 06:39:00,2025-09-23,06:39:00,in,0.85,1310.8,0.0,18.8,5.63,320.9,1.7
2025-09-23 06:39:42,2025-09-23,06:39:42,out,0.94,18.4,100.0,18.4,18.4,48.8,1.22
2025-09-23 06:40:04,2025-09-23,06:40:04,in,1.82,1310.8,0.0,18.8,5.63,320.3,2.31
2025-09-23 06:40:46,2025-09-23,06:40:46,out,0.96,18.4,100.0,18.4,18.4,53.5,1.19
2025-09-23 06:41:07,2025-09-23,06:41:07,in,1.28,1310.8,0.0,18.8,5.63,328.3,2.11
2025-09-23 06:41:50,2025-09-23,06:41:50,out,0.71,18.4,100.0,18.4,18.4,29.7,1.19
2025-09-23 06:42:10,2025-09-23,06:42:10,in,0.27,1310.8,0.0,18.8,5.63,337.7,1.77
2025-09-23 06:42:53,2025-09-23,06:42:53,out,0.81,18.4,100.0,18.4,18.4,10.8,1.09
2025-09-23 06:43:14,2025-09-23,06:43:14,in,0.27,1310.8,0.0,18.8,5.63,317.3,0.46
2025-09-23 06:43:56,2025-09-23,06:43:56,out,0.64,18.4,100.0,18.4,18.4,30.8,0.87
2025-09-23 06:44:18,2025-09-23,06:44:18,in,0.3,1310.8,0.0,18.9,5.672,339.8,0.41
2025-09-23 06:45:00,2025-09-23,06:45:00,out,0.48,18.4,100.0,18.4,18.4,18.1,0.88
2025-09-23 06:45:21,2025-09-23,06:45:21,in,0.2,1310.8,0.0,18.9,5.672,337.6,0.43
2025-09-23 06:46:04,2025-09-23,06:46:04,out,0.75,18.4,100.0,18.4,18.4,20.0,1.04
2025-09-23 06:46:24,2025-09-23,06:46:24,in,0.33,1310.8,0.0,18.9,5.672,3.9,0.43
2025-09-23 06:47:07,2025-09-23,06:47:07,out,0.81,18.4,100.0,18.4,18.4,35.2,1.08
2025-09-23 06:47:28,2025-09-23,06:47:28,in,0.22,1310.8,0.0,18.9,5.672,355.3,0.42
2025-09-23 06:48:10,2025-09-23,06:48:10,out,0.98,18.4,100.0,18.4,18.4,44.5,1.2
2025-09-23 06:48:32,2025-09-23,06:48:32,in,0.28,1310.8,0.0,18.9,5.672,9.0,0.45
2025-09-23 06:49:14,2025-09-23,06:49:14,out,1.13,18.3,100.0,18.3,18.299,52.2,1.52
2025-09-23 06:49:35,2025-09-23,06:49:35,in,0.22,1310.8,0.0,18.9,5.672,18.4,0.5
2025-09-23 06:50:18,2025-09-23,06:50:18,out,0.95,18.3,100.0,18.3,18.299,39.0,1.14
2025-09-23 06:50:38,2025-09-23,06:50:38,in,0.19,1310.8,0.0,18.8,5.63,25.8,0.39
2025-09-23 06:51:21,2025-09-23,06:51:21,out,1.58,18.3,100.0,18.3,18.299,58.2,1.66
2025-09-23 06:51:42,2025-09-23,06:51:42,in,0.2,1310.8,0.0,18.8,5.63,7.1,0.31
2025-09-23 06:52:24,2025-09-23,06:52:24,out,1.44,18.3,100.0,18.3,18.299,61.5,1.62
2025-09-23 06:52:46,2025-09-23,06:52:46,in,0.14,1310.8,0.0,18.8,5.63,24.3,0.36
2025-09-23 06:53:28,2025-09-23,06:53:28,out,1.81,18.2,100.0,18.2,18.199,64.0,1.98
2025-09-23 06:53:49,2025-09-23,06:53:49,in,0.06,1310.8,0.0,18.8,5.63,24.3,0.2
2025-09-23 06:54:32,2025-09-23,06:54:32,out,1.38,18.2,100.0,18.2,18.199,65.2,2.1
2025-09-23 06:54:52,2025-09-23,06:54:52,in,0.02,1310.8,0.0,18.8,5.63,24.3,0.13
2025-09-23 06:55:35,2025-09-23,06:55:35,out,1.48,18.2,100.0,18.2,18.199,70.3,1.96
2025-09-23 06:55:56,2025-09-23,06:55:56,in,1.32,1310.8,0.0,18.8,5.63,316.3,2.09
2025-09-23 06:56:38,2025-09-23,06:56:38,out,1.6,18.2,100.0,18.2,18.199,69.7,2.04
2025-09-23 06:57:00,2025-09-23,06:57:00,in,1.13,1310.8,0.0,18.6,5.547,331.2,2.08
2025-09-23 06:57:42,2025-09-23,06:57:42,out,1.74,18.2,100.0,18.2,18.199,69.2,1.89
2025-09-23 06:58:03,2025-09-23,06:58:03,in,1.39,1310.8,0.0,18.5,5.505,322.0,2.61
2025-09-23 06:58:46,2025-09-23,06:58:46,out,1.74,18.2,100.0,18.2,18.199,66.6,1.88
2025-09-23 06:59:06,2025-09-23,06:59:06,in,0.37,1310.8,0.0,18.5,5.505,0.7,2.52
2025-09-23 06:59:50,2025-09-23,06:59:50,out,1.32,18.2,100.0,18.2,18.199,76.0,1.98
2025-09-23 07:00:10,2025-09-23,07:00:10,in,0.06,1310.8,0.0,18.5,5.505,69.0,0.34
2025-09-23 07:00:52,2025-09-23,07:00:52,out,1.59,18.2,100.0,18.2,18.199,78.0,2.0
2025-09-23 07:01:14,2025-09-23,07:01:14,in,0.15,1310.8,0.0,18.5,5.505,69.0,0.25
2025-09-23 07:01:56,2025-09-23,07:01:56,out,1.26,18.2,100.0,18.2,18.199,68.0,1.77
2025-09-23 07:02:17,2025-09-23,07:02:17,in,0.17,1310.8,0.0,18.5,5.505,337.1,0.25
2025-09-23 07:03:00,2025-09-23,07:03:00,out,1.28,18.2,100.0,18.2,18.199,68.6,1.79
2025-09-23 07:03:20,2025-09-23,07:03:20,in,0.16,1310.8,0.0,18.5,5.505,316.6,0.23
2025-09-23 07:04:04,2025-09-23,07:04:04,out,1.49,18.2,100.0,18.2,18.199,62.8,1.8
2025-09-23 07:04:24,2025-09-23,07:04:24,in,0.06,1310.8,0.0,18.5,5.505,16.7,0.3
2025-09-23 07:05:07,2025-09-23,07:05:07,out,1.37,18.2,100.0,18.2,18.199,62.4,1.65
2025-09-23 07:05:28,2025-09-23,07:05:28,in,0.16,1310.8,0.0,18.5,5.505,16.7,0.2
2025-09-23 07:06:10,2025-09-23,07:06:10,out,1.13,18.2,100.0,18.2,18.199,62.9,1.55
2025-09-23 07:06:31,2025-09-23,07:06:31,in,0.14,1310.8,0.0,18.6,5.547,16.7,0.18
2025-09-23 07:07:14,2025-09-23,07:07:14,out,1.32,18.2,100.0,18.2,18.199,71.5,1.5
2025-09-23 07:07:34,2025-09-23,07:07:34,in,0.27,1310.8,0.0,18.6,5.547,341.8,0.35
2025-09-23 07:08:18,2025-09-23,07:08:18,out,1.24,18.3,100.0,18.3,18.299,64.1,1.49
2025-09-23 07:08:38,2025-09-23,07:08:38,in,0.25,1310.8,0.0,18.6,5.547,9.2,0.45
2025-09-23 07:09:21,2025-09-23,07:09:21,out,1.26,18.3,100.0,18.3,18.299,60.5,1.49
2025-09-23 07:09:42,2025-09-23,07:09:42,in,0.24,1310.8,0.0,18.6,5.547,3.9,0.39
2025-09-23 07:10:24,2025-09-23,07:10:24,out,1.39,18.3,100.0,18.3,18.299,76.0,1.64
2025-09-23 07:10:45,2025-09-23,07:10:45,in,0.09,1310.8,0.0,18.6,5.547,346.1,0.39
2025-09-23 07:11:28,2025-09-23,07:11:28,out,1.29,18.3,100.0,18.3,18.299,64.6,1.71
2025-09-23 07:11:48,2025-09-23,07:11:48,in,0.18,1310.8,0.0,18.6,5.547,68.5,0.64
2025-09-23 07:12:32,2025-09-23,07:12:32,out,1.27,18.3,100.0,18.3,18.299,66.7,1.73
2025-09-23 07:13:20,2025-09-23,07:13:20,in,1.12,1310.8,0.0,18.7,5.588,327.0,1.74
2025-09-23 07:13:35,2025-09-23,07:13:35,out,1.33,18.3,100.0,18.3,18.299,71.7,1.57
2025-09-23 07:14:22,2025-09-23,07:14:22,in,0.91,1310.8,0.0,18.7,5.588,327.7,1.98
2025-09-23 07:14:38,2025-09-23,07:14:38,out,1.36,18.3,100.0,18.3,18.299,69.1,1.8
2025-09-23 07:15:26,2025-09-23,07:15:26,in,0.92,1310.8,0.0,18.7,5.588,319.5,2.28
2025-09-23 07:15:42,2025-09-23,07:15:42,out,1.01,18.3,100.0,18.3,18.299,68.9,1.72
2025-09-23 07:16:30,2025-09-23,07:16:30,in,0.17,1310.8,0.0,18.7,5.588,7.4,2.06
2025-09-23 07:16:46,2025-09-23,07:16:46,out,1.16,18.3,100.0,18.3,18.299,70.2,1.29
2025-09-23 07:17:33,2025-09-23,07:17:33,in,0.28,1310.8,0.0,18.7,5.588,42.4,0.35
2025-09-23 07:17:49,2025-09-23,07:17:49,out,0.6,18.3,100.0,18.3,18.299,53.8,1.15
2025-09-23 07:18:36,2025-09-23,07:18:36,in,0.24,1310.8,0.0,18.8,5.63,77.9,0.38
2025-09-23 07:18:52,2025-09-23,07:18:52,out,0.45,18.3,100.0,18.3,18.299,57.0,0.64
2025-09-23 07:19:40,2025-09-23,07:19:40,in,0.2,1310.8,0.0,18.8,5.63,19.3,0.49
2025-09-23 07:19:56,2025-09-23,07:19:56,out,0.73,18.3,100.0,18.3,18.299,55.7,0.87
2025-09-23 07:20:44,2025-09-23,07:20:44,in,0.12,1310.8,0.0,18.9,5.672,64.4,0.32
2025-09-23 07:21:00,2025-09-23,07:21:00,out,0.73,18.3,100.0,18.3,18.299,74.2,1.3
2025-09-23 07:21:47,2025-09-23,07:21:47,in,0.2,1310.8,0.0,19.0,5.713,114.6,0.32
2025-09-23 07:22:03,2025-09-23,07:22:03,out,0.59,18.3,100.0,18.4,18.4,41.6,1.66
2025-09-23 07:22:50,2025-09-23,07:22:50,in,0.12,1310.8,0.0,19.0,5.713,122.0,0.3
2025-09-23 07:23:06,2025-09-23,07:23:06,out,0.71,18.4,100.0,18.4,18.4,58.6,0.91
2025-09-23 07:23:54,2025-09-23,07:23:54,in,0.14,1310.8,0.0,19.1,5.755,122.0,0.3
2025-09-23 07:24:10,2025-09-23,07:24:10,out,0.76,18.4,100.0,18.4,18.4,52.8,1.22
2025-09-23 07:24:58,2025-09-23,07:24:58,in,0.21,1310.8,0.0,19.1,5.755,8.0,0.39
2025-09-23 07:25:14,2025-09-23,07:25:14,out,0.82,18.4,100.0,18.4,18.4,45.6,1.01
2025-09-23 07:26:01,2025-09-23,07:26:01,in,0.32,1310.8,0.0,19.1,5.755,19.6,0.45
2025-09-23 07:26:17,2025-09-23,07:26:17,out,1.61,18.3,100.0,18.3,18.299,57.4,2.03
2025-09-23 07:27:04,2025-09-23,07:27:04,in,0.17,1310.8,0.0,19.1,5.755,20.3,0.37
2025-09-23 07:27:20,2025-09-23,07:27:20,out,1.42,18.3,100.0,18.3,18.299,63.4,2.06
2025-09-23 07:28:08,2025-09-23,07:28:08,in,0.14,1310.8,0.0,19.1,5.755,44.2,0.4
2025-09-23 07:28:24,2025-09-23,07:28:24,out,1.45,18.3,100.0,18.3,18.299,62.0,1.91
2025-09-23 07:29:12,2025-09-23,07:29:12,in,0.15,1310.8,0.0,19.1,5.755,349.8,0.32
2025-09-23 07:29:28,2025-09-23,07:29:28,out,1.08,18.3,100.0,18.3,18.299,69.8,2.0
2025-09-23 07:30:15,2025-09-23,07:30:15,in,1.44,1310.8,0.0,19.0,5.713,321.7,2.16
2025-09-23 07:30:31,2025-09-23,07:30:31,out,1.26,18.3,100.0,18.3,18.299,71.0,2.03
2025-09-23 07:31:18,2025-09-23,07:31:18,in,1.0,1310.8,0.0,18.9,5.672,322.5,2.47
2025-09-23 07:31:34,2025-09-23,07:31:34,out,1.46,18.3,100.0,18.3,18.299,73.8,1.81
2025-09-23 07:32:22,2025-09-23,07:32:22,in,1.52,1310.8,0.0,18.8,5.63,323.1,2.04
2025-09-23 07:32:38,2025-09-23,07:32:38,out,1.19,18.3,100.0,18.3,18.299,75.8,1.83
2025-09-23 07:33:26,2025-09-23,07:33:26,in,0.33,1310.8,0.0,18.8,5.63,53.2,1.89
2025-09-23 07:33:42,2025-09-23,07:33:42,out,1.03,18.3,100.0,18.3,18.299,55.9,1.61
2025-09-23 07:34:29,2025-09-23,07:34:29,in,0.09,1310.8,0.0,18.9,5.672,22.1,0.35
2025-09-23 07:34:45,2025-09-23,07:34:45,out,1.33,18.3,100.0,18.3,18.299,60.0,1.65
2025-09-23 07:35:32,2025-09-23,07:35:32,in,0.14,1310.8,0.0,18.9,5.672,29.5,0.37
2025-09-23 07:35:48,2025-09-23,07:35:48,out,0.86,18.3,100.0,18.3,18.299,65.5,1.57
2025-09-23 07:36:36,2025-09-23,07:36:36,in,0.16,1310.8,0.0,18.9,5.672,26.6,0.29
2025-09-23 07:36:52,2025-09-23,07:36:52,out,0.75,18.3,100.0,18.3,18.299,54.0,1.16
2025-09-23 07:37:40,2025-09-23,07:37:40,in,0.21,1310.8,0.0,18.9,5.672,7.6,0.28
2025-09-23 07:37:56,2025-09-23,07:37:56,out,1.22,18.3,100.0,18.3,18.299,52.2,1.63
2025-09-23 07:38:43,2025-09-23,07:38:43,in,0.15,1310.8,0.0,18.9,5.672,32.7,0.37
2025-09-23 07:38:59,2025-09-23,07:38:59,out,0.94,18.3,100.0,18.3,18.299,62.5,1.39
2025-09-23 07:39:46,2025-09-23,07:39:46,in,0.2,1310.8,0.0,19.0,5.713,356.0,0.34
2025-09-23 07:40:02,2025-09-23,07:40:02,out,1.09,18.3,100.0,18.3,18.299,60.4,1.32
2025-09-23 07:40:50,2025-09-23,07:40:50,in,0.34,1310.8,0.0,19.0,5.713,356.0,0.42
2025-09-23 07:41:06,2025-09-23,07:41:06,out,0.84,18.3,100.0,18.3,18.299,47.5,1.08
2025-09-23 07:41:54,2025-09-23,07:41:54,in,0.2,1310.8,0.0,19.0,5.713,16.6,0.35
2025-09-23 07:42:10,2025-09-23,07:42:10,out,0.58,18.4,100.0,18.4,18.4,78.2,1.45
2025-09-23 07:42:57,2025-09-23,07:42:57,in,0.09,1310.8,0.0,19.0,5.713,6.9,0.29
2025-09-23 07:43:13,2025-09-23,07:43:13,out,1.17,18.4,100.0,18.4,18.4,66.5,1.4
2025-09-23 07:44:00,2025-09-23,07:44:00,in,0.09,1310.8,0.0,19.0,5.713,6.9,0.21
2025-09-23 07:44:16,2025-09-23,07:44:16,out,0.57,18.4,100.0,18.4,18.4,59.2,
2025-09-23 07:45:04,2025-09-23,07:45:04,in,0.16,1310.8,0.0,19.0,5.713,6.9,0.25
2025-09-23 07:45:20,2025-09-23,07:45:20,out,0.5,18.4,100.0,18.4,18.4,67.2,1.04
2025-09-23 07:46:08,2025-09-23,07:46:08,in,0.15,1310.8,0.0,19.1,5.755,197.6,0.35
2025-09-23 07:46:24,2025-09-23,07:46:24,out,0.56,18.4,100.0,18.4,18.4,77.6,0.71
2025-09-23 07:47:12,2025-09-23,07:47:12,in,2.25,,,1310.8,,19.2,0.0
2025-09-23 07:47:27,2025-09-23,07:47:27,out,0.31,18.5,100.0,18.5,18.501,87.6,0.56
2025-09-23 07:48:14,2025-09-23,07:48:14,in,0.76,1310.8,0.0,19.2,5.796,326.9,2.01
2025-09-23 07:48:30,2025-09-23,07:48:30,out,0.73,18.6,100.0,18.6,18.602,85.2,1.17
2025-09-23 07:49:18,2025-09-23,07:49:18,in,1.12,1310.8,0.0,19.1,5.755,316.0,2.28
2025-09-23 07:49:34,2025-09-23,07:49:34,out,0.81,18.6,100.0,18.6,18.602,84.4,1.26
2025-09-23 07:50:22,2025-09-23,07:50:22,in,0.18,1310.8,0.0,19.1,5.755,20.3,1.79
2025-09-23 07:50:38,2025-09-23,07:50:38,out,0.72,18.6,100.0,18.6,18.602,53.6,1.52
2025-09-23 07:51:25,2025-09-23,07:51:25,in,0.14,1310.8,0.0,19.2,5.796,20.3,0.25
2025-09-23 07:51:42,2025-09-23,07:51:42,out,0.78,18.6,100.0,18.6,18.602,80.1,0.9
2025-09-23 07:52:28,2025-09-23,07:52:28,in,0.19,1310.8,0.0,19.2,5.796,76.1,0.25
2025-09-23 07:52:44,2025-09-23,07:52:44,out,0.74,18.6,100.0,18.6,18.602,100.0,1.11
2025-09-23 07:53:32,2025-09-23,07:53:32,in,0.22,1310.8,0.0,19.2,5.796,155.1,0.28
2025-09-23 07:53:48,2025-09-23,07:53:48,out,0.52,18.6,100.0,18.6,18.602,67.2,1.38
2025-09-23 07:54:36,2025-09-23,07:54:36,in,0.06,1310.8,0.0,19.2,5.796,132.6,0.3
2025-09-23 07:54:52,2025-09-23,07:54:52,out,0.66,18.7,100.0,18.7,18.702,34.2,1.04
2025-09-23 07:55:39,2025-09-23,07:55:39,in,0.07,1310.8,0.0,19.3,5.838,132.6,0.11
2025-09-23 07:55:56,2025-09-23,07:55:56,out,0.98,18.7,100.0,18.7,18.702,64.8,1.35
2025-09-23 07:56:42,2025-09-23,07:56:42,in,0.17,1310.8,0.0,19.3,5.838,303.2,0.28
2025-09-23 07:56:58,2025-09-23,07:56:58,out,0.78,18.7,100.0,18.7,18.702,80.5,1.31
2025-09-23 07:57:46,2025-09-23,07:57:46,in,0.11,1310.8,0.0,19.3,5.838,305.3,0.28
2025-09-23 07:58:02,2025-09-23,07:58:02,out,1.28,18.8,100.0,18.8,18.803,73.7,1.37
2025-09-23 07:58:50,2025-09-23,07:58:50,in,0.12,1310.8,0.0,19.3,5.838,316.1,0.24
2025-09-23 07:59:06,2025-09-23,07:59:06,out,0.86,18.8,100.0,18.8,18.803,75.5,1.04
2025-09-23 07:59:53,2025-09-23,07:59:53,in,0.09,1310.8,0.0,19.3,5.838,316.1,0.19
2025-09-23 08:00:10,2025-09-23,08:00:10,out,0.64,18.8,100.0,18.8,18.803,67.4,1.0
2025-09-23 08:00:56,2025-09-23,08:00:56,in,0.14,1310.8,0.0,19.4,5.879,303.2,0.28
2025-09-23 08:01:13,2025-09-23,08:01:13,out,0.6,18.9,100.0,18.9,18.904,72.7,0.99
2025-09-23 08:02:00,2025-09-23,08:02:00,in,0.07,1310.8,0.0,19.4,5.879,303.2,0.13
2025-09-23 08:02:16,2025-09-23,08:02:16,out,0.65,19.0,100.0,19.0,19.004,62.0,0.81
2025-09-23 08:03:04,2025-09-23,08:03:04,in,0.13,1310.8,0.0,19.4,5.879,303.2,0.19
2025-09-23 08:03:20,2025-09-23,08:03:20,out,0.45,19.0,100.0,19.0,19.004,44.2,0.67
2025-09-23 08:04:08,2025-09-23,08:04:08,in,1.08,1310.8,0.0,19.5,5.921,328.6,1.94
2025-09-23 08:04:24,2025-09-23,08:04:24,out,0.36,19.1,100.0,19.1,19.105,329.5,0.51
2025-09-23 08:05:10,2025-09-23,08:05:10,in,0.9,1310.8,0.0,19.5,5.921,321.5,1.52
2025-09-23 08:05:27,2025-09-23,08:05:27,out,0.5,19.2,100.0,19.2,19.206,61.0,0.55
2025-09-23 08:06:14,2025-09-23,08:06:14,in,1.01,1310.8,0.0,19.6,5.963,321.6,1.73
2025-09-23 08:06:30,2025-09-23,08:06:30,out,0.23,19.3,100.0,19.3,19.307,117.7,0.66
2025-09-23 08:07:18,2025-09-23,08:07:18,in,0.34,1310.8,0.0,19.6,5.963,341.4,1.57
2025-09-23 08:07:34,2025-09-23,08:07:34,out,0.49,19.4,100.0,19.4,19.407,57.7,0.93
2025-09-23 08:08:22,2025-09-23,08:08:22,in,0.69,1310.8,0.0,19.7,6.004,318.8,1.9
2025-09-23 08:08:38,2025-09-23,08:08:38,out,0.36,19.5,100.0,19.5,19.508,63.7,0.61
2025-09-23 08:09:24,2025-09-23,08:09:24,in,0.94,1310.8,0.0,19.8,6.046,324.2,1.46
2025-09-23 08:09:41,2025-09-23,08:09:41,out,0.28,19.6,100.0,19.6,19.609,57.2,0.53
2025-09-23 08:10:28,2025-09-23,08:10:28,in,1.02,1310.8,0.0,19.9,6.087,314.4,1.99
2025-09-23 08:10:44,2025-09-23,08:10:44,out,0.65,19.7,100.0,19.7,19.709,73.4,0.75
2025-09-23 08:11:32,2025-09-23,08:11:32,in,1.74,1310.8,0.0,20.0,6.129,316.7,2.32
2025-09-23 08:11:48,2025-09-23,08:11:48,out,0.57,19.8,100.0,19.8,19.81,30.5,0.65
2025-09-23 08:12:35,2025-09-23,08:12:35,in,1.3,1310.8,0.0,20.1,6.17,322.8,1.86
2025-09-23 08:12:52,2025-09-23,08:12:52,out,0.85,19.9,100.0,19.9,19.911,106.8,1.05
2025-09-23 08:13:39,2025-09-23,08:13:39,in,1.33,1310.8,0.0,20.2,6.212,314.3,2.38
2025-09-23 08:13:55,2025-09-23,08:13:55,out,0.5,19.9,100.0,19.9,19.911,59.4,0.83
2025-09-23 08:14:42,2025-09-23,08:14:42,in,1.42,1310.8,0.0,20.4,6.295,312.5,2.27
2025-09-23 08:14:58,2025-09-23,08:14:58,out,0.77,20.0,100.0,20.0,20.012,83.7,0.92
2025-09-23 08:15:46,2025-09-23,08:15:46,in,1.71,1310.8,0.0,20.5,6.337,321.9,2.22
2025-09-23 08:16:02,2025-09-23,08:16:02,out,0.32,20.1,100.0,20.1,20.112,89.2,1.1
2025-09-23 08:16:50,2025-09-23,08:16:50,in,1.26,1310.8,0.0,20.6,6.378,318.4,2.21
2025-09-23 08:17:06,2025-09-23,08:17:06,out,1.06,20.2,100.0,20.2,20.213,77.4,1.23
2025-09-23 08:17:53,2025-09-23,08:17:53,in,1.44,1310.8,0.0,20.7,6.42,315.5,1.99
2025-09-23 08:18:09,2025-09-23,08:18:09,out,0.94,20.2,100.0,20.2,20.213,65.0,1.26
2025-09-23 08:18:56,2025-09-23,08:18:56,in,1.57,1310.8,0.0,20.9,6.503,325.0,2.44
2025-09-23 08:19:12,2025-09-23,08:19:12,out,0.53,20.3,100.0,20.3,20.314,96.0,0.98
2025-09-23 08:20:00,2025-09-23,08:20:00,in,1.48,1310.8,0.0,21.0,6.544,319.1,2.14
2025-09-23 08:20:16,2025-09-23,08:20:16,out,1.05,20.4,100.0,20.4,20.414,114.2,1.16
2025-09-23 08:21:04,2025-09-23,08:21:04,in,1.64,1310.8,0.0,21.1,6.586,320.2,2.33
2025-09-23 08:21:20,2025-09-23,08:21:20,out,0.57,20.4,100.0,20.4,20.414,80.4,1.25
2025-09-23 08:22:07,2025-09-23,08:22:07,in,1.55,1310.8,0.0,21.2,6.627,313.5,2.6
2025-09-23 08:22:23,2025-09-23,08:22:23,out,0.77,20.5,100.0,20.5,20.515,134.8,1.26
2025-09-23 08:23:10,2025-09-23,08:23:10,in,1.53,1310.8,0.0,21.3,6.669,316.4,2.45
2025-09-23 08:23:26,2025-09-23,08:23:26,out,1.34,20.5,100.0,20.5,20.515,133.7,1.47
2025-09-23 08:24:14,2025-09-23,08:24:14,in,1.61,1310.8,0.0,21.4,6.71,321.3,2.37
2025-09-23 08:24:30,2025-09-23,08:24:30,out,0.73,20.6,100.0,20.6,20.616,155.5,1.35
2025-09-23 08:25:18,2025-09-23,08:25:18,in,1.54,1310.8,0.0,21.5,6.752,321.0,2.48
2025-09-23 08:25:34,2025-09-23,08:25:34,out,0.41,20.6,100.0,20.6,20.616,182.8,1.5
2025-09-23 08:26:21,2025-09-23,08:26:21,in,1.36,1310.8,0.0,21.6,6.793,322.4,2.39
2025-09-23 08:26:37,2025-09-23,08:26:37,out,0.83,20.7,100.0,20.7,20.717,149.2,1.4
2025-09-23 08:27:24,2025-09-23,08:27:24,in,1.33,1310.8,0.0,21.7,6.835,316.4,2.94
2025-09-23 08:27:40,2025-09-23,08:27:40,out,0.58,20.8,100.0,20.8,20.817,141.6,0.84
2025-09-23 08:28:28,2025-09-23,08:28:28,in,1.22,1310.8,0.0,21.8,6.876,320.5,2.49
2025-09-23 08:28:44,2025-09-23,08:28:44,out,0.98,20.9,100.0,20.9,20.918,130.2,1.37
2025-09-23 08:29:32,2025-09-23,08:29:32,in,1.17,1310.8,0.0,21.8,6.876,316.0,2.23
2025-09-23 08:29:48,2025-09-23,08:29:48,out,1.12,21.0,100.0,21.0,21.019,124.2,1.45
2025-09-23 08:30:35,2025-09-23,08:30:35,in,1.24,1310.8,0.0,21.9,6.918,322.6,1.93
2025-09-23 08:30:51,2025-09-23,08:30:51,out,0.85,21.1,100.0,21.1,21.119,133.5,1.16
2025-09-23 08:31:38,2025-09-23,08:31:38,in,1.68,1310.8,0.0,21.9,6.918,327.9,2.2
2025-09-23 08:31:54,2025-09-23,08:31:54,out,1.01,21.1,100.0,21.1,21.119,127.3,1.26
2025-09-23 08:32:42,2025-09-23,08:32:42,in,1.17,1310.8,0.0,22.0,6.959,316.3,2.23
2025-09-23 08:32:58,2025-09-23,08:32:58,out,1.01,21.2,100.0,21.2,21.22,138.8,1.4
2025-09-23 08:33:46,2025-09-23,08:33:46,in,1.03,1310.8,0.0,22.1,7.001,321.4,2.6
2025-09-23 08:34:02,2025-09-23,08:34:02,out,0.77,21.3,100.0,21.3,21.321,118.2,1.2
2025-09-23 08:34:49,2025-09-23,08:34:49,in,1.54,1310.8,0.0,22.2,7.042,316.5,2.25
2025-09-23 08:35:05,2025-09-23,08:35:05,out,1.13,21.4,100.0,21.4,21.422,134.6,1.74
2025-09-23 08:35:52,2025-09-23,08:35:52,in,1.3,1310.8,0.0,22.2,7.042,327.8,1.97
2025-09-23 08:36:08,2025-09-23,08:36:08,out,1.06,21.4,100.0,21.4,21.422,160.4,1.5
2025-09-23 08:36:56,2025-09-23,08:36:56,in,1.54,1310.8,0.0,22.3,7.084,324.8,2.44
2025-09-23 08:37:12,2025-09-23,08:37:12,out,0.67,21.5,100.0,21.5,21.522,148.1,0.78
2025-09-23 08:38:00,2025-09-23,08:38:00,in,1.44,1310.8,0.0,22.4,7.125,324.9,2.31
2025-09-23 08:38:16,2025-09-23,08:38:16,out,1.07,21.6,100.0,21.6,21.623,124.9,1.38
2025-09-23 08:39:03,2025-09-23,08:39:03,in,1.35,1310.8,0.0,22.4,7.125,324.3,2.07
2025-09-23 08:39:19,2025-09-23,08:39:19,out,0.74,21.7,100.0,21.7,21.724,127.2,1.24
2025-09-23 08:40:06,2025-09-23,08:40:06,in,1.04,1310.8,0.0,22.4,7.125,326.3,1.89
2025-09-23 08:40:22,2025-09-23,08:40:22,out,0.2,21.7,100.0,21.7,21.724,142.2,1.18
2025-09-23 08:41:10,2025-09-23,08:41:10,in,1.34,1310.8,0.0,22.5,7.167,315.8,2.58
2025-09-23 08:41:26,2025-09-23,08:41:26,out,0.41,21.8,100.0,21.8,21.824,82.1,1.4
2025-09-23 08:42:14,2025-09-23,08:42:14,in,0.9,1310.8,0.0,22.5,7.167,313.8,2.14
2025-09-23 08:42:30,2025-09-23,08:42:30,out,1.34,21.9,100.0,21.9,21.925,125.8,1.46
2025-09-23 08:43:17,2025-09-23,08:43:17,in,1.36,1310.8,0.0,22.6,7.209,331.5,1.94
2025-09-23 08:43:33,2025-09-23,08:43:33,out,1.3,21.9,100.0,21.9,21.925,114.9,1.55
2025-09-23 08:44:20,2025-09-23,08:44:20,in,1.18,1310.8,0.0,22.6,7.209,332.8,1.91
2025-09-23 08:44:37,2025-09-23,08:44:37,out,1.06,22.0,100.0,22.0,22.026,114.8,1.4
2025-09-23 08:45:24,2025-09-23,08:45:24,in,1.58,1310.8,0.0,22.7,7.25,325.9,2.32
2025-09-23 08:45:40,2025-09-23,08:45:40,out,1.09,22.1,100.0,22.1,22.127,94.7,1.52
2025-09-23 08:46:28,2025-09-23,08:46:28,in,1.5,1310.8,0.0,22.6,7.209,321.6,3.21
2025-09-23 08:46:44,2025-09-23,08:46:44,out,0.75,22.2,100.0,22.2,22.227,105.2,0.98
2025-09-23 08:47:31,2025-09-23,08:47:31,in,1.29,1310.8,0.0,22.7,7.25,331.9,2.63
2025-09-23 08:47:48,2025-09-23,08:47:48,out,0.94,22.3,100.0,22.3,22.328,113.1,1.47
2025-09-23 08:48:34,2025-09-23,08:48:34,in,1.33,1310.8,0.0,22.7,7.25,326.2,2.32
2025-09-23 08:48:51,2025-09-23,08:48:51,out,1.09,22.4,100.0,22.4,22.429,65.7,1.15
2025-09-23 08:49:38,2025-09-23,08:49:38,in,1.26,1310.8,0.0,22.8,7.292,328.8,2.15
2025-09-23 08:49:54,2025-09-23,08:49:54,out,0.26,22.4,100.0,22.4,22.429,105.1,1.16
2025-09-23 08:50:42,2025-09-23,08:50:42,in,1.37,1310.8,0.0,22.8,7.292,328.8,2.34
2025-09-23 08:50:58,2025-09-23,08:50:58,out,0.11,22.6,100.0,22.6,22.63,315.6,0.41
2025-09-23 08:51:45,2025-09-23,08:51:45,in,1.22,1310.8,0.0,22.9,7.333,321.8,1.87
2025-09-23 08:52:02,2025-09-23,08:52:02,out,0.37,22.7,100.0,22.7,22.731,174.0,0.72
2025-09-23 08:52:48,2025-09-23,08:52:48,in,1.64,1310.8,0.0,23.0,7.374,326.5,2.61
2025-09-23 08:53:05,2025-09-23,08:53:05,out,0.5,22.8,100.0,22.8,22.832,122.3,0.81
2025-09-23 08:53:52,2025-09-23,08:53:52,in,1.58,1310.8,0.0,23.0,7.374,323.7,2.25
2025-09-23 08:54:08,2025-09-23,08:54:08,out,0.95,22.9,100.0,22.9,22.932,115.6,1.38
2025-09-23 08:54:56,2025-09-23,08:54:56,in,1.76,1310.8,0.0,23.1,7.416,323.6,2.16
2025-09-23 08:55:12,2025-09-23,08:55:12,out,0.33,22.9,100.0,22.9,22.932,72.3,1.77
2025-09-23 08:55:59,2025-09-23,08:55:59,in,1.29,1310.8,0.0,23.2,7.457,319.1,2.31
2025-09-23 08:56:16,2025-09-23,08:56:16,out,0.41,23.0,100.0,23.0,23.033,185.5,0.49
2025-09-23 08:57:02,2025-09-23,08:57:02,in,1.52,1310.8,0.0,23.2,7.457,313.4,2.54
2025-09-23 08:57:19,2025-09-23,08:57:19,out,1.1,23.1,100.0,23.1,23.134,143.4,1.37
2025-09-23 08:58:06,2025-09-23,08:58:06,in,1.65,1310.8,0.0,23.2,7.457,315.8,2.07
2025-09-23 08:58:22,2025-09-23,08:58:22,out,0.56,23.1,100.0,23.1,23.134,120.7,1.06
2025-09-23 08:59:10,2025-09-23,08:59:10,in,1.49,1310.8,0.0,23.3,7.499,323.2,2.19
2025-09-23 08:59:26,2025-09-23,08:59:26,out,1.75,23.2,100.0,23.2,23.234,145.3,2.03
2025-09-23 09:00:13,2025-09-23,09:00:13,in,0.7,1310.8,0.0,23.4,7.54,329.4,2.16
2025-09-23 09:00:30,2025-09-23,09:00:30,out,1.96,,,23.2,,23.2,10.0
2025-09-23 09:01:16,2025-09-23,09:01:16,in,1.23,1310.8,0.0,23.5,7.582,315.2,2.09
2025-09-23 09:01:33,2025-09-23,09:01:33,out,0.73,23.3,100.0,23.2,23.234,185.3,1.7
2025-09-23 09:02:20,2025-09-23,09:02:20,in,0.91,1310.8,0.0,23.6,7.623,318.4,2.13
2025-09-23 09:02:36,2025-09-23,09:02:36,out,1.14,23.3,100.0,23.3,23.335,133.1,1.25
2025-09-23 09:03:24,2025-09-23,09:03:24,in,1.35,1310.8,0.0,23.6,7.623,337.3,1.86
2025-09-23 09:03:40,2025-09-23,09:03:40,out,0.46,23.4,100.0,23.4,23.436,93.1,1.91
2025-09-23 09:04:27,2025-09-23,09:04:27,in,1.25,1310.8,0.0,23.5,7.582,330.7,2.15
2025-09-23 09:04:44,2025-09-23,09:04:44,out,0.1,23.5,100.0,23.5,23.537,42.3,0.69
2025-09-23 09:05:30,2025-09-23,09:05:30,in,1.07,1310.8,0.0,23.5,7.582,312.8,2.36
2025-09-23 09:05:47,2025-09-23,09:05:47,out,0.7,23.7,100.0,23.7,23.738,167.6,0.91
2025-09-23 09:06:34,2025-09-23,09:06:34,in,1.32,1310.8,0.0,23.6,7.623,335.3,1.91
2025-09-23 09:06:50,2025-09-23,09:06:50,out,1.33,23.7,100.0,23.7,23.738,132.6,2.01
2025-09-23 09:07:38,2025-09-23,09:07:38,in,1.41,1310.8,0.0,23.7,7.665,321.2,1.97
2025-09-23 09:07:54,2025-09-23,09:07:54,out,0.38,23.7,100.0,23.7,23.738,180.0,2.61
2025-09-23 09:08:42,2025-09-23,09:08:42,in,0.76,1310.8,0.0,23.8,7.706,311.2,2.4
2025-09-23 09:08:58,2025-09-23,09:08:58,out,0.7,23.8,100.0,23.8,23.839,206.8,1.52
2025-09-23 09:09:44,2025-09-23,09:09:44,in,0.87,1310.8,0.0,24.0,7.789,314.7,1.8
2025-09-23 09:10:01,2025-09-23,09:10:01,out,0.84,23.9,100.0,23.9,23.939,195.2,1.35
2025-09-23 09:10:48,2025-09-23,09:10:48,in,1.73,1310.8,0.0,24.1,7.831,320.0,2.67
2025-09-23 09:11:04,2025-09-23,09:11:04,out,1.41,23.9,100.0,23.9,23.939,214.0,1.62
2025-09-23 09:11:52,2025-09-23,09:11:52,in,1.57,1310.8,0.0,24.0,7.789,321.5,2.16
2025-09-23 09:12:08,2025-09-23,09:12:08,out,0.05,21.7,87.5,23.9,22.28,170.3,1.74
2025-09-23 09:12:55,2025-09-23,09:12:55,in,1.39,1310.8,0.0,24.0,7.789,327.1,2.11
2025-09-23 09:13:12,2025-09-23,09:13:12,out,0.68,21.0,83.8,24.0,21.882,152.0,1.06
2025-09-23 09:13:59,2025-09-23,09:13:59,in,1.45,1310.8,0.0,24.1,7.831,312.8,2.24
2025-09-23 09:14:15,2025-09-23,09:14:15,out,0.57,20.7,81.5,24.1,21.67,166.8,1.29
2025-09-23 09:15:02,2025-09-23,09:15:02,in,1.05,1310.8,0.0,24.1,7.831,308.7,2.42
2025-09-23 09:15:18,2025-09-23,09:15:18,out,1.11,20.6,80.3,24.2,21.604,162.2,1.55
2025-09-23 09:16:06,2025-09-23,09:16:06,in,1.14,1310.8,0.0,24.1,7.831,325.1,1.64
2025-09-23 09:16:22,2025-09-23,09:16:22,out,2.33,20.0,77.3,24.2,21.197,135.4,2.56
2025-09-23 09:17:10,2025-09-23,09:17:10,in,1.74,1310.8,0.0,24.2,7.872,321.2,2.44
2025-09-23 09:17:26,2025-09-23,09:17:26,out,0.74,19.5,75.3,24.2,20.924,151.6,2.28
2025-09-23 09:18:13,2025-09-23,09:18:13,in,1.0,1310.8,0.0,24.2,7.872,311.0,2.57
2025-09-23 09:18:29,2025-09-23,09:18:29,out,1.04,19.4,74.8,24.2,20.855,88.4,1.19
2025-09-23 09:19:16,2025-09-23,09:19:16,in,1.76,1310.8,0.0,24.2,7.872,325.8,2.61
2025-09-23 09:19:32,2025-09-23,09:19:32,out,1.31,19.4,74.2,24.3,20.867,80.4,1.76
2025-09-23 09:20:20,2025-09-23,09:20:20,in,0.98,1310.8,0.0,24.2,7.872,328.2,2.84
2025-09-23 09:20:36,2025-09-23,09:20:36,out,1.37,19.5,74.3,24.4,20.976,143.9,2.31
2025-09-23 09:21:24,2025-09-23,09:21:24,in,1.33,1310.8,0.0,24.4,7.955,329.9,1.99
2025-09-23 09:21:40,2025-09-23,09:21:40,out,0.72,19.3,73.4,24.4,20.852,153.8,2.66
2025-09-23 09:22:27,2025-09-23,09:22:27,in,0.81,1310.8,0.0,24.5,7.997,313.7,2.09
2025-09-23 09:22:43,2025-09-23,09:22:43,out,1.39,19.5,73.6,24.5,20.973,132.2,1.68
2025-09-23 09:23:30,2025-09-23,09:23:30,in,1.2,1310.8,0.0,24.6,8.038,314.3,2.77
2025-09-23 09:23:46,2025-09-23,09:23:46,out,0.73,19.3,72.6,24.6,20.929,158.7,1.7
2025-09-23 09:24:34,2025-09-23,09:24:34,in,0.8,1310.8,0.0,24.6,8.038,315.2,1.76
2025-09-23 09:24:50,2025-09-23,09:24:50,out,0.57,19.5,73.0,24.7,21.079,186.4,1.02
2025-09-23 09:25:38,2025-09-23,09:25:38,in,1.0,1310.8,0.0,24.7,8.08,305.8,2.13
2025-09-23 09:25:54,2025-09-23,09:25:54,out,0.47,19.3,71.8,24.7,20.912,182.1,2.41
2025-09-23 09:26:41,2025-09-23,09:26:41,in,0.94,1310.8,0.0,24.7,8.08,310.7,2.24
2025-09-23 09:26:58,2025-09-23,09:26:58,out,0.6,19.2,71.5,24.7,20.87,172.9,2.05
2025-09-23 09:27:44,2025-09-23,09:27:44,in,1.0,1310.8,0.0,24.8,8.121,320.7,2.53
2025-09-23 09:28:00,2025-09-23,09:28:00,out,1.29,19.0,70.7,24.7,20.758,206.1,2.53
2025-09-23 09:28:48,2025-09-23,09:28:48,in,1.71,1310.8,0.0,24.9,8.163,315.8,2.35
2025-09-23 09:29:04,2025-09-23,09:29:04,out,1.48,18.9,70.3,24.7,20.702,237.4,2.27
2025-09-23 09:29:52,2025-09-23,09:29:52,in,1.84,1310.8,0.0,24.9,8.163,316.5,2.41
2025-09-23 09:30:08,2025-09-23,09:30:08,out,1.02,18.8,69.8,24.7,20.632,190.4,2.0
2025-09-23 09:30:55,2025-09-23,09:30:55,in,0.75,1310.8,0.0,24.9,8.163,343.9,2.16
2025-09-23 09:31:12,2025-09-23,09:31:12,out,1.05,18.9,70.2,24.7,20.688,275.7,1.28
2025-09-23 09:31:58,2025-09-23,09:31:58,in,1.23,1310.8,0.0,24.8,8.121,321.0,2.14
2025-09-23 09:32:15,2025-09-23,09:32:15,out,1.64,19.0,70.3,24.8,20.795,258.3,2.19
2025-09-23 09:33:02,2025-09-23,09:33:02,in,1.47,1310.8,0.0,24.8,8.121,325.5,2.15
2025-09-23 09:33:18,2025-09-23,09:33:18,out,0.37,19.1,70.6,24.8,20.838,239.9,1.34
2025-09-23 09:34:06,2025-09-23,09:34:06,in,1.16,1310.8,0.0,24.8,8.121,326.6,2.21
2025-09-23 09:34:22,2025-09-23,09:34:22,out,0.99,19.2,70.9,24.9,20.973,138.5,1.21
2025-09-23 09:35:09,2025-09-23,09:35:09,in,1.17,1310.8,0.0,24.9,8.163,322.8,2.69
2025-09-23 09:35:26,2025-09-23,09:35:26,out,0.93,19.2,70.2,25.0,20.968,164.7,2.39
2025-09-23 09:36:12,2025-09-23,09:36:12,in,0.86,1310.8,0.0,25.0,8.204,310.1,2.08
2025-09-23 09:36:29,2025-09-23,09:36:29,out,0.8,19.0,69.7,25.0,20.897,187.3,2.58
2025-09-23 09:37:16,2025-09-23,09:37:16,in,1.35,1310.8,0.0,25.1,8.246,317.2,2.06
2025-09-23 09:37:32,2025-09-23,09:37:32,out,2.89,18.6,68.3,24.9,20.607,236.2,3.26
2025-09-23 09:38:20,2025-09-23,09:38:20,in,1.31,1310.8,0.0,25.2,8.287,337.1,2.33
2025-09-23 09:38:36,2025-09-23,09:38:36,out,1.89,18.7,68.8,24.8,20.585,255.6,2.61
2025-09-23 09:39:23,2025-09-23,09:39:23,in,1.76,1310.8,0.0,25.1,8.246,336.2,2.08
2025-09-23 09:39:40,2025-09-23,09:39:40,out,1.01,18.7,68.8,24.8,20.585,270.3,2.46
2025-09-23 09:40:26,2025-09-23,09:40:26,in,1.35,1310.8,0.0,24.9,8.163,333.6,1.94
2025-09-23 09:40:43,2025-09-23,09:40:43,out,1.12,18.7,69.0,24.8,20.613,284.9,1.9
2025-09-23 09:41:30,2025-09-23,09:41:30,in,0.79,1310.8,0.0,24.9,8.163,346.0,1.29
2025-09-23 09:41:46,2025-09-23,09:41:46,out,0.62,18.6,68.6,24.8,20.556,224.0,1.42
2025-09-23 09:42:34,2025-09-23,09:42:34,in,0.58,1310.8,0.0,24.9,8.163,358.9,1.05
2025-09-23 09:42:50,2025-09-23,09:42:50,out,2.49,,,,,68.8,1.88
2025-09-23 09:43:37,2025-09-23,09:43:37,in,0.49,1310.8,0.0,24.9,8.163,24.3,0.91
2025-09-23 09:43:54,2025-09-23,09:43:54,out,0.5,18.7,68.6,24.9,20.649,238.1,1.07
2025-09-23 09:44:40,2025-09-23,09:44:40,in,0.57,1310.8,0.0,24.9,8.163,327.4,0.83
2025-09-23 09:44:57,2025-09-23,09:44:57,out,0.18,18.9,68.8,25.0,20.77,288.0,0.8
2025-09-23 09:45:44,2025-09-23,09:45:44,in,0.8,1310.8,0.0,24.9,8.163,308.5,1.02
2025-09-23 09:46:00,2025-09-23,09:46:00,out,0.35,19.0,69.0,25.1,20.891,174.6,1.42
2025-09-23 09:46:48,2025-09-23,09:46:48,in,0.52,1310.8,0.0,24.9,8.163,328.8,1.2
2025-09-23 09:47:04,2025-09-23,09:47:04,out,0.18,19.1,68.9,25.3,21.063,130.7,1.26
2025-09-23 09:47:51,2025-09-23,09:47:51,in,0.14,1310.8,0.0,25.0,8.204,50.1,0.74
2025-09-23 09:48:08,2025-09-23,09:48:08,out,0.2,19.3,69.1,25.4,21.184,38.9,0.71
2025-09-23 09:48:54,2025-09-23,09:48:54,in,0.32,1310.8,0.0,25.0,8.204,123.9,0.59
2025-09-23 09:49:11,2025-09-23,09:49:11,out,0.3,19.4,69.1,25.5,21.277,150.5,0.74
2025-09-23 09:49:58,2025-09-23,09:49:58,in,0.27,1310.8,0.0,25.1,8.246,279.2,0.46
2025-09-23 09:50:14,2025-09-23,09:50:14,out,0.7,19.4,68.8,25.6,21.327,98.8,2.02
2025-09-23 09:51:02,2025-09-23,09:51:02,in,0.88,1310.8,0.0,25.2,8.287,320.5,1.68
2025-09-23 09:51:18,2025-09-23,09:51:18,out,1.95,19.2,67.4,25.7,21.218,214.4,2.57
2025-09-23 09:52:05,2025-09-23,09:52:05,in,1.3,1310.8,0.0,25.2,8.287,307.4,1.72
2025-09-23 09:52:22,2025-09-23,09:52:22,out,2.29,18.0,63.9,25.4,20.436,227.6,3.62
2025-09-23 09:53:08,2025-09-23,09:53:08,in,0.53,1310.8,0.0,25.3,8.328,338.0,1.46
2025-09-23 09:53:25,2025-09-23,09:53:25,out,1.72,18.0,64.5,25.2,20.34,236.2,2.5
2025-09-23 09:54:12,2025-09-23,09:54:12,in,0.52,1310.8,0.0,25.2,8.287,342.4,0.95
2025-09-23 09:54:28,2025-09-23,09:54:28,out,1.43,18.2,64.8,25.3,20.475,200.7,1.8
2025-09-23 09:55:16,2025-09-23,09:55:16,in,0.75,1310.8,0.0,25.2,8.287,315.8,1.26
2025-09-23 09:55:32,2025-09-23,09:55:32,out,0.74,18.2,65.1,25.3,20.518,178.2,2.43
2025-09-23 09:56:19,2025-09-23,09:56:19,in,0.75,1310.8,0.0,25.2,8.287,300.8,1.69
2025-09-23 09:56:36,2025-09-23,09:56:36,out,0.62,18.5,65.8,25.4,20.711,143.7,1.78
2025-09-23 09:57:22,2025-09-23,09:57:22,in,0.27,1310.8,0.0,25.3,8.328,180.3,0.73
2025-09-23 09:57:39,2025-09-23,09:57:39,out,0.79,18.7,65.7,25.6,20.88,193.4,1.18
2025-09-23 09:58:26,2025-09-23,09:58:26,in,0.11,1310.8,0.0,25.4,8.37,144.4,0.63
2025-09-23 09:58:42,2025-09-23,09:58:42,out,1.04,18.6,65.4,25.6,20.837,187.5,1.42
2025-09-23 09:59:30,2025-09-23,09:59:30,in,0.2,1310.8,0.0,25.5,8.411,12.9,0.85
2025-09-23 09:59:46,2025-09-23,09:59:46,out,0.87,18.7,65.4,25.7,20.928,187.3,1.21
2025-09-23 10:00:33,2025-09-23,10:00:33,in,0.05,1310.8,0.0,25.5,8.411,5.9,0.54
2025-09-23 10:00:50,2025-09-23,10:00:50,out,0.62,18.7,65.3,25.7,20.914,199.8,1.27
2025-09-23 10:01:36,2025-09-23,10:01:36,in,0.2,1310.8,0.0,25.6,8.453,123.7,0.55
2025-09-23 10:01:53,2025-09-23,10:01:53,out,0.56,18.9,65.8,25.8,21.078,33.0,1.01
2025-09-23 10:02:40,2025-09-23,10:02:40,in,0.21,1310.8,0.0,25.6,8.453,226.3,0.51
2025-09-23 10:02:56,2025-09-23,10:02:56,out,2.19,18.8,65.0,25.9,21.053,216.2,2.38
2025-09-23 10:03:44,2025-09-23,10:03:44,in,0.87,1310.8,0.0,25.6,8.453,342.1,1.55
2025-09-23 10:04:00,2025-09-23,10:04:00,out,1.38,18.4,63.9,25.8,20.801,276.5,2.63
2025-09-23 10:04:47,2025-09-23,10:04:47,in,0.17,1310.8,0.0,25.5,8.411,358.0,0.94
2025-09-23 10:05:04,2025-09-23,10:05:04,out,0.73,18.6,64.3,25.8,20.859,181.6,1.59
2025-09-23 10:05:50,2025-09-23,10:05:50,in,0.28,1310.8,0.0,25.6,8.453,54.2,0.5
2025-09-23 10:06:07,2025-09-23,10:06:07,out,0.55,18.8,64.8,25.9,21.024,116.3,1.22
2025-09-23 10:06:54,2025-09-23,10:06:54,in,0.58,1310.8,0.0,25.6,8.453,63.6,0.63
2025-09-23 10:07:10,2025-09-23,10:07:10,out,0.21,18.9,64.9,26.0,21.13,205.5,0.96
2025-09-23 10:07:58,2025-09-23,10:07:58,in,0.15,1310.8,0.0,25.7,8.494,10.7,0.53
2025-09-23 10:08:14,2025-09-23,10:08:14,out,1.49,18.6,63.8,26.1,21.059,210.7,2.0
2025-09-23 10:09:01,2025-09-23,10:09:01,in,0.19,1310.8,0.0,25.7,8.494,325.2,0.67
2025-09-23 10:09:18,2025-09-23,10:09:18,out,3.55,18.2,62.2,26.0,20.731,232.1,4.53
2025-09-23 10:10:04,2025-09-23,10:10:04,in,0.52,1310.8,0.0,25.8,8.536,142.1,0.78
2025-09-23 10:10:21,2025-09-23,10:10:21,out,3.67,18.1,62.8,25.8,20.639,226.8,4.96
2025-09-23 10:11:08,2025-09-23,10:11:08,in,0.11,1310.8,0.0,25.8,8.536,344.5,1.07
2025-09-23 10:11:24,2025-09-23,10:11:24,out,2.07,17.9,62.2,25.7,20.46,218.6,3.83
2025-09-23 10:12:12,2025-09-23,10:12:12,in,0.46,1310.8,0.0,25.8,8.536,315.0,0.84
2025-09-23 10:12:28,2025-09-23,10:12:28,out,2.19,18.0,62.9,25.6,20.472,214.1,3.42
2025-09-23 10:13:15,2025-09-23,10:13:15,in,0.22,1310.8,0.0,25.8,8.536,20.4,0.64
2025-09-23 10:13:32,2025-09-23,10:13:32,out,2.91,18.0,63.3,25.6,20.53,224.2,3.56
2025-09-23 10:14:19,2025-09-23,10:14:19,in,0.46,1310.8,0.0,25.8,8.536,184.2,0.85
2025-09-23 10:14:35,2025-09-23,10:14:35,out,1.7,18.0,63.0,25.5,20.396,219.3,3.92
2025-09-23 10:15:22,2025-09-23,10:15:22,in,0.43,1310.8,0.0,25.8,8.536,293.5,0.96
2025-09-23 10:15:38,2025-09-23,10:15:38,out,1.41,18.0,63.1,25.5,20.41,217.2,3.05
2025-09-23 10:16:26,2025-09-23,10:16:26,in,0.44,1310.8,0.0,25.9,8.577,293.7,0.93
2025-09-23 10:16:42,2025-09-23,10:16:42,out,3.15,17.7,62.5,25.4,20.232,224.5,3.81
2025-09-23 10:17:30,2025-09-23,10:17:30,in,0.36,1310.8,0.0,25.9,8.577,279.1,0.74
2025-09-23 10:17:46,2025-09-23,10:17:46,out,1.43,17.9,63.1,25.4,20.319,233.2,3.25
2025-09-23 10:18:33,2025-09-23,10:18:33,in,0.21,1310.8,0.0,25.9,8.577,352.9,1.01
2025-09-23 10:18:49,2025-09-23,10:18:49,out,0.14,18.0,63.6,25.4,20.392,67.3,1.48
2025-09-23 10:19:36,2025-09-23,10:19:36,in,0.37,1310.8,0.0,25.9,8.577,292.4,0.57
2025-09-23 10:19:52,2025-09-23,10:19:52,out,1.67,18.1,63.7,25.5,20.498,208.6,1.98
2025-09-23 10:20:40,2025-09-23,10:20:40,in,0.41,1310.8,0.0,26.0,8.619,331.9,0.91
2025-09-23 10:20:56,2025-09-23,10:20:56,out,1.63,17.8,62.4,25.5,20.308,206.0,3.6
2025-09-23 10:21:44,2025-09-23,10:21:44,in,0.37,1310.8,0.0,26.0,8.619,196.6,0.95
2025-09-23 10:22:00,2025-09-23,10:22:00,out,1.12,17.9,62.9,25.5,20.381,200.5,2.15
2025-09-23 10:22:47,2025-09-23,10:22:47,in,0.21,1310.8,0.0,26.0,8.619,201.9,0.57
2025-09-23 10:23:03,2025-09-23,10:23:03,out,0.71,17.7,62.2,25.5,20.278,163.3,2.94
2025-09-23 10:23:50,2025-09-23,10:23:50,in,0.14,1310.8,0.0,26.1,8.66,296.0,0.95
2025-09-23 10:24:06,2025-09-23,10:24:06,out,1.88,17.8,62.0,25.6,20.34,190.9,2.51
2025-09-23 10:24:54,2025-09-23,10:24:54,in,0.31,1310.8,0.0,26.1,8.66,147.0,0.5
2025-09-23 10:25:10,2025-09-23,10:25:10,out,1.25,17.8,62.0,25.6,20.34,199.8,2.0
2025-09-23 10:25:58,2025-09-23,10:25:58,in,2.15,1310.8,0.0,26.2,8.702,320.5,2.63
2025-09-23 10:26:14,2025-09-23,10:26:14,out,1.84,17.8,61.9,25.6,20.325,216.4,2.36
2025-09-23 10:27:01,2025-09-23,10:27:01,in,0.77,1310.8,0.0,26.4,8.784,323.5,3.21
2025-09-23 10:27:17,2025-09-23,10:27:17,out,1.13,17.7,61.5,25.7,20.356,201.8,2.27
2025-09-23 10:28:04,2025-09-23,10:28:04,in,1.44,1310.8,0.0,26.4,8.784,321.4,2.32
2025-09-23 10:28:20,2025-09-23,10:28:20,out,0.59,17.8,61.4,25.8,20.432,156.3,1.75
2025-09-23 10:29:08,2025-09-23,10:29:08,in,1.42,1310.8,0.0,26.4,8.784,317.7,2.12
2025-09-23 10:29:24,2025-09-23,10:29:24,out,1.4,17.8,61.2,25.9,20.492,199.9,2.05
2025-09-23 10:30:12,2025-09-23,10:30:12,in,0.73,1310.8,0.0,26.6,8.867,319.7,2.55
2025-09-23 10:30:28,2025-09-23,10:30:28,out,1.54,17.0,58.5,25.8,19.999,193.5,2.96
2025-09-23 10:31:15,2025-09-23,10:31:15,in,0.87,1310.8,0.0,26.7,8.909,336.8,2.49
2025-09-23 10:31:31,2025-09-23,10:31:31,out,0.9,17.3,59.5,25.8,20.149,221.2,3.16
2025-09-23 10:32:18,2025-09-23,10:32:18,in,1.49,1310.8,0.0,26.6,8.867,321.3,2.02
2025-09-23 10:32:34,2025-09-23,10:32:34,out,0.78,17.5,59.9,25.9,20.298,212.9,2.55
2025-09-23 10:33:22,2025-09-23,10:33:22,in,1.16,1310.8,0.0,26.7,8.909,326.4,1.87
2025-09-23 10:34:06,2025-09-23,10:34:06,out,0.76,18.0,61.2,26.1,20.673,154.8,0.99
2025-09-23 10:34:26,2025-09-23,10:34:26,in,0.47,1310.8,0.0,26.8,8.95,10.1,2.6
2025-09-23 10:35:29,2025-09-23,10:35:29,in,1.05,1310.8,0.0,26.9,8.992,322.9,2.21
2025-09-23 10:35:30,2025-09-23,10:35:30,out,1.61,18.0,60.6,26.2,20.673,241.4,2.23
2025-09-23 10:36:32,2025-09-23,10:36:32,in,0.49,1310.8,0.0,26.9,8.992,348.0,2.11
2025-09-23 10:36:33,2025-09-23,10:36:33,out,1.3,17.7,59.7,26.2,20.538,236.4,2.73
2025-09-23 10:37:36,2025-09-23,10:37:36,in,1.56,1310.8,0.0,26.9,8.992,336.8,2.12
2025-09-23 10:37:36,2025-09-23,10:37:36,out,2.86,17.7,59.7,26.2,20.538,211.2,3.9
2025-09-23 10:38:40,2025-09-23,10:38:40,in,1.41,1310.8,0.0,26.9,8.992,340.0,2.08
2025-09-23 10:38:40,2025-09-23,10:38:40,out,3.15,17.5,59.2,26.1,20.372,227.7,3.83
2025-09-23 10:39:43,2025-09-23,10:39:43,in,1.25,1310.8,0.0,26.9,8.992,335.0,1.57
2025-09-23 10:39:44,2025-09-23,10:39:44,out,2.27,17.8,60.1,26.1,20.508,238.0,3.13
2025-09-23 10:40:46,2025-09-23,10:40:46,in,1.83,1310.8,0.0,26.9,8.992,330.9,2.32
2025-09-23 10:40:47,2025-09-23,10:40:47,out,2.86,17.6,60.0,26.0,20.403,253.4,4.64
2025-09-23 10:41:50,2025-09-23,10:41:50,in,0.95,1310.8,0.0,26.9,8.992,346.8,1.57
2025-09-23 10:41:50,2025-09-23,10:41:50,out,0.94,17.8,60.5,26.0,20.478,238.9,3.06
2025-09-23 10:42:54,2025-09-23,10:42:54,in,1.33,1310.8,0.0,27.0,9.033,331.6,1.8
2025-09-23 10:42:54,2025-09-23,10:42:54,out,1.13,17.8,60.2,26.1,20.523,274.9,1.96
2025-09-23 10:43:57,2025-09-23,10:43:57,in,1.11,1310.8,0.0,26.9,8.992,327.0,2.05
2025-09-23 10:43:58,2025-09-23,10:43:58,out,2.35,17.8,60.0,26.2,20.583,229.3,2.64
2025-09-23 10:45:00,2025-09-23,10:45:00,in,1.59,1310.8,0.0,27.0,9.033,312.5,2.15
2025-09-23 10:45:01,2025-09-23,10:45:01,out,0.87,17.8,59.9,26.2,20.568,151.5,3.14
2025-09-23 10:46:04,2025-09-23,10:46:04,in,0.36,1310.8,0.0,27.2,9.116,311.8,2.18
2025-09-23 10:46:04,2025-09-23,10:46:04,out,2.12,17.8,59.6,26.3,20.612,209.3,3.58
2025-09-23 10:47:08,2025-09-23,10:47:08,in,0.97,1310.8,0.0,27.4,9.199,327.9,1.66
2025-09-23 10:47:08,2025-09-23,10:47:08,out,1.6,17.7,58.8,26.4,20.58,196.7,2.83
2025-09-23 10:48:11,2025-09-23,10:48:11,in,1.68,1310.8,0.0,27.6,9.282,314.1,2.29
2025-09-23 10:48:12,2025-09-23,10:48:12,out,1.93,17.6,58.5,26.4,20.535,201.8,3.63
2025-09-23 10:49:14,2025-09-23,10:49:14,in,1.08,1310.8,0.0,27.7,9.323,326.6,2.02
2025-09-23 10:49:15,2025-09-23,10:49:15,out,0.78,17.6,58.8,26.3,20.491,223.4,2.4
2025-09-23 10:50:18,2025-09-23,10:50:18,in,0.98,1310.8,0.0,27.6,9.282,324.1,2.27
2025-09-23 10:50:18,2025-09-23,10:50:18,out,1.03,17.7,58.9,26.4,20.596,217.4,1.75
2025-09-23 10:51:22,2025-09-23,10:51:22,in,0.89,1310.8,0.0,27.5,9.24,310.5,2.07
2025-09-23 10:51:22,2025-09-23,10:51:22,out,2.15,17.3,57.6,26.4,20.397,201.0,3.45
2025-09-23 10:52:25,2025-09-23,10:52:25,in,1.24,1310.8,0.0,27.5,9.24,326.3,2.23
2025-09-23 10:52:26,2025-09-23,10:52:26,out,0.8,17.4,58.1,26.3,20.384,227.1,2.57
2025-09-23 10:53:28,2025-09-23,10:53:28,in,1.18,1310.8,0.0,27.3,9.157,318.4,2.1
2025-09-23 10:53:29,2025-09-23,10:53:29,out,1.2,17.5,58.5,26.3,20.445,148.9,1.63
2025-09-23 10:54:32,2025-09-23,10:54:32,in,1.31,1310.8,0.0,27.3,9.157,317.8,2.45
2025-09-23 10:54:32,2025-09-23,10:54:32,out,1.65,17.4,57.6,26.4,20.397,137.5,2.62
2025-09-23 10:55:36,2025-09-23,10:55:36,in,0.49,1310.8,0.0,27.3,9.157,319.9,1.79
2025-09-23 10:55:36,2025-09-23,10:55:36,out,1.18,17.6,58.0,26.5,20.547,123.7,2.06
2025-09-23 10:56:39,2025-09-23,10:56:39,in,1.02,1310.8,0.0,27.2,9.116,323.5,2.93
2025-09-23 10:56:40,2025-09-23,10:56:40,out,0.94,17.7,58.1,26.6,20.652,197.0,2.09
2025-09-23 10:57:42,2025-09-23,10:57:42,in,1.05,1310.8,0.0,27.2,9.116,327.4,2.36
2025-09-23 10:57:43,2025-09-23,10:57:43,out,1.04,17.7,57.7,26.7,20.679,165.9,2.78
2025-09-23 10:58:46,2025-09-23,10:58:46,in,1.72,1310.8,0.0,27.4,9.199,311.6,2.24
2025-09-23 10:58:46,2025-09-23,10:58:46,out,0.58,17.7,57.5,26.8,20.737,193.1,2.29
2025-09-23 10:59:50,2025-09-23,10:59:50,in,1.65,1310.8,0.0,27.6,9.282,309.8,2.7
2025-09-23 10:59:50,2025-09-23,10:59:50,out,1.01,17.6,57.0,26.9,20.749,203.5,2.11
2025-09-23 11:00:53,2025-09-23,11:00:53,in,0.47,1310.8,0.0,27.7,9.323,312.9,2.09
2025-09-23 11:00:54,2025-09-23,11:00:54,out,2.43,17.3,55.7,26.9,20.545,199.4,2.93
2025-09-23 11:01:56,2025-09-23,11:01:56,in,1.9,1310.8,0.0,27.7,9.323,295.4,2.11
2025-09-23 11:01:57,2025-09-23,11:01:57,out,2.45,17.2,55.6,26.9,20.53,201.3,4.14
2025-09-23 11:03:00,2025-09-23,11:03:00,in,1.35,1310.8,0.0,27.8,9.365,311.6,2.99
2025-09-23 11:03:00,2025-09-23,11:03:00,out,0.66,17.5,56.5,26.9,20.671,210.4,3.12
2025-09-23 11:04:04,2025-09-23,11:04:04,in,0.95,1310.8,0.0,27.9,9.406,301.3,1.97
2025-09-23 11:04:04,2025-09-23,11:04:04,out,1.6,17.4,56.3,26.9,20.639,210.7,3.27
2025-09-23 11:05:07,2025-09-23,11:05:07,in,1.95,1310.8,0.0,28.0,9.448,319.7,2.42
2025-09-23 11:05:08,2025-09-23,11:05:08,out,0.87,17.5,56.2,27.0,20.712,181.3,4.11
2025-09-23 11:06:10,2025-09-23,11:06:10,in,1.67,1310.8,0.0,28.1,9.489,316.6,2.13
2025-09-23 11:06:12,2025-09-23,11:06:12,out,2.84,17.3,55.6,27.0,20.618,218.3,3.86
2025-09-23 11:07:14,2025-09-23,11:07:14,in,2.01,1310.8,0.0,28.2,9.53,319.0,2.44
2025-09-23 11:07:14,2025-09-23,11:07:14,out,0.3,17.5,56.5,26.9,20.671,166.0,3.86
2025-09-23 11:08:18,2025-09-23,11:08:18,in,1.78,1310.8,0.0,28.2,9.53,321.7,2.56
2025-09-23 11:08:18,2025-09-23,11:08:18,out,0.49,17.5,56.3,27.0,20.728,144.4,2.22
2025-09-23 11:09:21,2025-09-23,11:09:21,in,1.28,1310.8,0.0,28.2,9.53,329.9,2.2
2025-09-23 11:09:22,2025-09-23,11:09:22,out,0.75,17.7,56.4,27.1,20.832,201.1,1.37
2025-09-23 11:10:24,2025-09-23,11:10:24,in,1.44,1310.8,0.0,28.1,9.489,313.7,2.11
2025-09-23 11:10:26,2025-09-23,11:10:26,out,1.99,17.9,56.8,27.2,20.983,217.4,2.78
2025-09-23 11:11:28,2025-09-23,11:11:28,in,0.35,1310.8,0.0,28.1,9.489,347.0,1.85
2025-09-23 11:11:29,2025-09-23,11:11:29,out,5.32,17.0,53.5,27.2,20.46,226.6,6.48
2025-09-23 11:12:32,2025-09-23,11:12:32,in,1.52,1310.8,0.0,28.2,9.53,344.0,1.81
2025-09-23 11:12:32,2025-09-23,11:12:32,out,2.64,17.3,55.6,27.0,20.618,232.8,5.35
2025-09-23 11:13:35,2025-09-23,11:13:35,in,1.21,1310.8,0.0,28.1,9.489,313.2,1.99
2025-09-23 11:13:36,2025-09-23,11:13:36,out,2.43,17.3,55.7,26.9,20.545,212.7,3.76
2025-09-23 11:14:39,2025-09-23,11:14:39,in,1.49,1310.8,0.0,28.1,9.489,327.8,2.26
2025-09-23 11:14:40,2025-09-23,11:14:40,out,2.81,17.4,56.3,26.9,20.639,226.7,3.23
2025-09-23 11:15:42,2025-09-23,11:15:42,in,1.55,1310.8,0.0,28.0,9.448,313.8,2.64
2025-09-23 11:15:43,2025-09-23,11:15:43,out,2.14,17.7,56.7,27.0,20.79,190.1,3.5
2025-09-23 11:16:46,2025-09-23,11:16:46,in,0.55,1310.8,0.0,27.8,9.365,332.6,2.87
2025-09-23 11:16:46,2025-09-23,11:16:46,out,2.16,18.0,57.9,27.0,20.977,218.9,4.53
2025-09-23 11:17:50,2025-09-23,11:17:50,in,0.98,1310.8,0.0,27.9,9.406,347.6,2.35
2025-09-23 11:17:50,2025-09-23,11:17:50,out,3.88,18.0,58.6,26.8,20.907,232.7,5.87
2025-09-23 11:18:53,2025-09-23,11:18:53,in,1.54,1310.8,0.0,27.9,9.406,317.0,2.33
2025-09-23 11:18:54,2025-09-23,11:18:54,out,1.61,18.2,59.5,26.8,21.046,213.6,3.96
2025-09-23 11:19:56,2025-09-23,11:19:56,in,0.76,1310.8,0.0,27.9,9.406,354.1,2.12
2025-09-23 11:19:57,2025-09-23,11:19:57,out,1.15,18.1,59.0,26.8,20.969,210.2,4.55
2025-09-23 11:21:00,2025-09-23,11:21:00,in,1.23,1310.8,0.0,28.0,9.448,327.3,2.18
2025-09-23 11:21:00,2025-09-23,11:21:00,out,2.67,18.1,59.0,26.8,20.969,249.3,4.01
2025-09-23 11:22:04,2025-09-23,11:22:04,in,1.64,1310.8,0.0,27.9,9.406,344.5,2.46
2025-09-23 11:22:04,2025-09-23,11:22:04,out,3.92,18.0,59.0,26.7,20.879,228.1,5.48
2025-09-23 11:23:07,2025-09-23,11:23:07,in,0.67,1310.8,0.0,27.7,9.323,321.4,2.02
2025-09-23 11:23:08,2025-09-23,11:23:08,out,3.2,18.0,59.8,26.5,20.822,222.9,6.3
2025-09-23 11:24:10,2025-09-23,11:24:10,in,0.89,1310.8,0.0,27.6,9.282,321.8,2.12
2025-09-23 11:24:11,2025-09-23,11:24:11,out,1.9,18.1,60.4,26.4,20.823,217.5,4.59
2025-09-23 11:25:14,2025-09-23,11:25:14,in,1.15,1310.8,0.0,27.5,9.24,330.5,1.99
2025-09-23 11:25:14,2025-09-23,11:25:14,out,1.91,18.1,60.3,26.4,20.808,262.8,2.95
2025-09-23 11:26:18,2025-09-23,11:26:18,in,1.13,1310.8,0.0,27.4,9.199,337.4,2.11
2025-09-23 11:26:18,2025-09-23,11:26:18,out,4.68,18.0,60.0,26.4,20.763,220.0,4.92
2025-09-23 11:27:21,2025-09-23,11:27:21,in,0.3,1310.8,0.0,27.3,9.157,35.1,2.33
2025-09-23 11:27:22,2025-09-23,11:27:22,out,3.76,18.0,60.6,26.2,20.673,223.5,5.52
2025-09-23 11:28:24,2025-09-23,11:28:24,in,0.99,1310.8,0.0,27.3,9.157,355.8,2.02
2025-09-23 11:28:25,2025-09-23,11:28:25,out,3.67,18.0,61.0,26.1,20.643,232.8,4.73
2025-09-23 11:29:28,2025-09-23,11:29:28,in,1.07,1310.8,0.0,27.2,9.116,336.6,1.63
2025-09-23 11:29:28,2025-09-23,11:29:28,out,1.34,18.1,62.0,26.0,20.702,234.0,4.17
2025-09-23 11:30:32,2025-09-23,11:30:32,in,1.94,1310.8,0.0,27.1,9.075,338.9,2.31
2025-09-23 11:30:32,2025-09-23,11:30:32,out,3.15,18.0,61.7,26.0,20.657,248.3,4.59
2025-09-23 11:31:35,2025-09-23,11:31:35,in,1.43,1310.8,0.0,27.0,9.033,323.5,2.16
2025-09-23 11:31:36,2025-09-23,11:31:36,out,1.91,18.1,62.1,26.0,20.717,248.8,3.45
2025-09-23 11:32:38,2025-09-23,11:32:38,in,2.06,1310.8,0.0,27.0,9.033,327.8,2.35
2025-09-23 11:32:39,2025-09-23,11:32:39,out,1.74,18.2,62.2,26.0,20.731,231.9,3.63
2025-09-23 11:33:42,2025-09-23,11:33:42,in,0.88,1310.8,0.0,27.0,9.033,332.9,2.24
2025-09-23 11:33:42,2025-09-23,11:33:42,out,1.12,18.2,61.9,26.1,20.777,231.1,3.82
2025-09-23 11:34:46,2025-09-23,11:34:46,in,0.95,1310.8,0.0,27.1,9.075,324.5,1.93
2025-09-23 11:34:46,2025-09-23,11:34:46,out,2.62,18.0,61.1,26.1,20.658,234.6,3.7
2025-09-23 11:35:49,2025-09-23,11:35:49,in,1.53,1310.8,0.0,27.1,9.075,321.4,1.86
2025-09-23 11:35:50,2025-09-23,11:35:50,out,1.59,18.0,61.3,26.1,20.688,255.1,2.92
2025-09-23 11:36:52,2025-09-23,11:36:52,in,0.98,1310.8,0.0,27.1,9.075,324.7,1.66
2025-09-23 11:36:53,2025-09-23,11:36:53,out,2.52,17.9,60.9,26.0,20.538,261.3,3.89
2025-09-23 11:37:56,2025-09-23,11:37:56,in,1.46,1310.8,0.0,27.1,9.075,328.6,2.26
2025-09-23 11:37:56,2025-09-23,11:37:56,out,3.53,17.9,61.0,26.0,20.553,256.8,4.98
2025-09-23 11:39:00,2025-09-23,11:39:00,in,1.61,1310.8,0.0,27.0,9.033,338.7,2.08
2025-09-23 11:39:00,2025-09-23,11:39:00,out,3.48,17.9,60.9,26.0,20.538,249.5,4.35
2025-09-23 11:40:03,2025-09-23,11:40:03,in,0.71,1310.8,0.0,27.0,9.033,10.3,1.58
2025-09-23 11:40:04,2025-09-23,11:40:04,out,3.13,18.0,61.3,26.0,20.598,222.3,4.69
2025-09-23 11:41:06,2025-09-23,11:41:06,in,1.52,1310.8,0.0,27.1,9.075,320.6,2.1
2025-09-23 11:41:07,2025-09-23,11:41:07,out,3.56,18.0,60.9,26.1,20.628,217.4,4.44
2025-09-23 11:42:10,2025-09-23,11:42:10,in,1.14,1310.8,0.0,27.1,9.075,330.1,1.93
2025-09-23 11:42:10,2025-09-23,11:42:10,out,2.4,17.8,60.3,26.1,20.538,227.8,5.38
2025-09-23 11:43:14,2025-09-23,11:43:14,in,1.04,1310.8,0.0,27.2,9.116,324.9,2.28
2025-09-23 11:43:14,2025-09-23,11:43:14,out,2.69,18.0,61.0,26.1,20.643,234.0,3.63
2025-09-23 11:44:17,2025-09-23,11:44:17,in,1.54,1310.8,0.0,27.2,9.116,336.2,2.04
2025-09-23 11:44:18,2025-09-23,11:44:18,out,2.48,17.7,60.4,26.0,20.463,259.4,4.36
2025-09-23 11:45:20,2025-09-23,11:45:20,in,0.91,1310.8,0.0,27.1,9.075,339.8,1.91
2025-09-23 11:45:21,2025-09-23,11:45:21,out,2.06,17.8,60.5,26.0,20.478,230.6,4.98
2025-09-23 11:46:24,2025-09-23,11:46:24,in,1.18,1310.8,0.0,27.1,9.075,318.2,1.45
2025-09-23 11:46:24,2025-09-23,11:46:24,out,2.96,17.6,60.4,25.9,20.373,201.0,3.98
2025-09-23 11:47:28,2025-09-23,11:47:28,in,1.12,1310.8,0.0,27.0,9.033,328.0,2.34
2025-09-23 11:47:28,2025-09-23,11:47:28,out,2.05,17.8,61.0,25.9,20.463,214.7,4.1
2025-09-23 11:48:31,2025-09-23,11:48:31,in,1.51,1310.8,0.0,27.0,9.033,314.7,2.02
2025-09-23 11:48:32,2025-09-23,11:48:32,out,1.41,17.6,60.8,25.8,20.343,202.1,3.33
2025-09-23 11:49:34,2025-09-23,11:49:34,in,0.94,1310.8,0.0,27.0,9.033,342.6,2.08
2025-09-23 11:49:35,2025-09-23,11:49:35,out,2.98,17.6,60.5,25.8,20.298,211.8,4.35
2025-09-23 11:50:38,2025-09-23,11:50:38,in,1.65,1310.8,0.0,27.0,9.033,312.9,2.2
2025-09-23 11:50:38,2025-09-23,11:50:38,out,2.81,17.8,61.2,25.8,20.402,214.4,3.86
2025-09-23 11:51:42,2025-09-23,11:51:42,in,2.13,1310.8,0.0,27.0,9.033,316.4,2.61
2025-09-23 11:51:42,2025-09-23,11:51:42,out,3.12,17.8,61.3,25.8,20.417,248.1,4.23
2025-09-23 11:52:45,2025-09-23,11:52:45,in,1.24,1310.8,0.0,26.9,8.992,336.3,2.2
2025-09-23 11:52:46,2025-09-23,11:52:46,out,2.57,17.8,61.3,25.8,20.417,241.0,4.19
2025-09-23 11:53:48,2025-09-23,11:53:48,in,0.88,1310.8,0.0,26.9,8.992,321.4,1.69
2025-09-23 11:53:49,2025-09-23,11:53:49,out,1.41,17.9,61.8,25.8,20.491,204.4,3.69
2025-09-23 11:54:52,2025-09-23,11:54:52,in,1.23,1310.8,0.0,26.8,8.95,326.0,2.58
2025-09-23 11:54:53,2025-09-23,11:54:53,out,1.3,17.9,61.8,25.8,20.491,238.6,4.6
2025-09-23 11:55:56,2025-09-23,11:55:56,in,1.95,1310.8,0.0,26.9,8.992,333.2,2.28
2025-09-23 11:55:56,2025-09-23,11:55:56,out,3.68,17.9,61.5,25.9,20.537,250.2,3.85
2025-09-23 11:56:59,2025-09-23,11:56:59,in,0.98,1310.8,0.0,26.9,8.992,284.1,2.54
2025-09-23 11:57:00,2025-09-23,11:57:00,out,1.18,18.0,61.9,25.9,20.596,262.4,3.71
2025-09-23 11:58:02,2025-09-23,11:58:02,in,2.0,1310.8,0.0,27.1,9.075,314.6,2.69
2025-09-23 11:58:04,2025-09-23,11:58:04,out,2.21,18.0,61.5,26.0,20.627,231.4,3.66
2025-09-23 11:59:06,2025-09-23,11:59:06,in,1.17,1310.8,0.0,27.3,9.157,327.8,2.4
2025-09-23 11:59:06,2025-09-23,11:59:06,out,3.25,17.7,60.0,26.1,20.493,209.5,4.24
2025-09-23 12:00:10,2025-09-23,12:00:10,in,0.94,1310.8,0.0,27.4,9.199,346.3,2.3
2025-09-23 12:00:10,2025-09-23,12:00:10,out,1.94,17.8,60.4,26.1,20.553,212.9,3.86
2025-09-23 12:01:13,2025-09-23,12:01:13,in,1.55,1310.8,0.0,27.4,9.199,312.6,1.97
2025-09-23 12:01:14,2025-09-23,12:01:14,out,2.7,17.7,59.6,26.2,20.523,203.6,3.25
2025-09-23 12:02:16,2025-09-23,12:02:16,in,1.11,1310.8,0.0,27.4,9.199,325.7,2.26
2025-09-23 12:02:18,2025-09-23,12:02:18,out,1.16,17.7,59.8,26.1,20.463,203.5,3.26
2025-09-23 12:03:20,2025-09-23,12:03:20,in,1.74,1310.8,0.0,27.4,9.199,320.0,2.33
2025-09-23 12:03:21,2025-09-23,12:03:21,out,2.73,17.7,59.9,26.1,20.478,219.8,3.25
2025-09-23 12:04:24,2025-09-23,12:04:24,in,1.16,1310.8,0.0,27.4,9.199,318.6,2.5
2025-09-23 12:04:24,2025-09-23,12:04:24,out,3.23,17.9,60.2,26.2,20.613,227.4,3.96
2025-09-23 12:05:27,2025-09-23,12:05:27,in,0.64,1310.8,0.0,27.5,9.24,357.1,2.15
2025-09-23 12:05:28,2025-09-23,12:05:28,out,3.44,17.6,59.7,26.1,20.448,235.8,4.54
2025-09-23 12:06:30,2025-09-23,12:06:30,in,0.54,1310.8,0.0,27.5,9.24,353.4,2.06
2025-09-23 12:06:32,2025-09-23,12:06:32,out,2.7,18.0,61.0,26.1,20.643,215.4,3.49
2025-09-23 12:07:34,2025-09-23,12:07:34,in,0.83,1310.8,0.0,27.5,9.24,351.6,1.84
2025-09-23 12:07:35,2025-09-23,12:07:35,out,2.0,17.7,59.7,26.2,20.538,236.8,4.86
2025-09-23 12:08:38,2025-09-23,12:08:38,in,0.83,1310.8,0.0,27.6,9.282,353.1,1.72
2025-09-23 12:08:38,2025-09-23,12:08:38,out,3.93,17.7,59.3,26.3,20.567,226.3,5.83
2025-09-23 12:09:41,2025-09-23,12:09:41,in,0.86,1310.8,0.0,27.7,9.323,327.3,1.56
2025-09-23 12:09:42,2025-09-23,12:09:42,out,3.84,17.6,58.7,26.3,20.476,248.6,5.04
2025-09-23 12:10:44,2025-09-23,12:10:44,in,0.8,1310.8,0.0,27.7,9.323,355.6,1.88
2025-09-23 12:10:46,2025-09-23,12:10:46,out,1.98,17.7,59.2,26.3,20.552,233.7,5.08
2025-09-23 12:11:48,2025-09-23,12:11:48,in,0.67,1310.8,0.0,27.6,9.282,326.9,2.02
2025-09-23 12:11:49,2025-09-23,12:11:49,out,1.38,17.6,59.0,26.3,20.521,219.6,3.31
2025-09-23 12:12:52,2025-09-23,12:12:52,in,1.24,1310.8,0.0,27.6,9.282,310.6,1.79
2025-09-23 12:12:52,2025-09-23,12:12:52,out,1.36,17.7,59.3,26.3,20.567,191.0,2.03
2025-09-23 12:13:55,2025-09-23,12:13:55,in,0.89,1310.8,0.0,27.6,9.282,292.9,1.84
2025-09-23 12:13:56,2025-09-23,12:13:56,out,1.11,17.8,59.2,26.4,20.641,202.1,4.51
2025-09-23 12:14:59,2025-09-23,12:14:59,in,0.56,1310.8,0.0,27.7,9.323,304.9,1.48
2025-09-23 12:15:00,2025-09-23,12:15:00,out,2.0,17.8,59.3,26.4,20.656,220.4,3.53
2025-09-23 12:16:02,2025-09-23,12:16:02,in,0.67,1310.8,0.0,27.8,9.365,315.0,2.23
2025-09-23 12:16:03,2025-09-23,12:16:03,out,1.27,17.7,58.5,26.5,20.624,234.2,4.5
2025-09-23 12:17:06,2025-09-23,12:17:06,in,1.46,1310.8,0.0,27.9,9.406,314.5,2.32
2025-09-23 12:17:06,2025-09-23,12:17:06,out,1.51,17.6,58.0,26.5,20.547,219.6,4.75
2025-09-23 12:18:10,2025-09-23,12:18:10,in,0.93,1310.8,0.0,27.9,9.406,300.4,1.98
2025-09-23 12:18:10,2025-09-23,12:18:10,out,0.9,17.8,58.6,26.6,20.729,287.9,2.38
2025-09-23 12:19:13,2025-09-23,12:19:13,in,0.85,1310.8,0.0,28.0,9.448,319.8,2.8
2025-09-23 12:19:14,2025-09-23,12:19:14,out,2.82,17.6,57.8,26.6,20.606,249.8,3.21
2025-09-23 12:20:16,2025-09-23,12:20:16,in,0.89,1310.8,0.0,27.9,9.406,308.9,2.03
2025-09-23 12:20:17,2025-09-23,12:20:17,out,1.43,17.9,58.4,26.7,20.787,198.0,4.16
2025-09-23 12:21:20,2025-09-23,12:21:20,in,1.24,1310.8,0.0,28.1,9.489,321.6,2.82
2025-09-23 12:21:20,2025-09-23,12:21:20,out,5.21,17.6,57.5,26.7,20.648,246.1,6.16
2025-09-23 12:22:24,2025-09-23,12:22:24,in,1.66,1310.8,0.0,28.1,9.489,339.5,2.43
2025-09-23 12:22:24,2025-09-23,12:22:24,out,2.1,17.7,57.7,26.7,20.679,249.8,5.21
2025-09-23 12:23:27,2025-09-23,12:23:27,in,0.5,1310.8,0.0,28.1,9.489,346.4,2.83
2025-09-23 12:23:28,2025-09-23,12:23:28,out,3.49,17.6,57.0,26.8,20.66,252.0,5.01
2025-09-23 12:24:30,2025-09-23,12:24:30,in,0.82,1310.8,0.0,28.1,9.489,328.6,1.75
2025-09-23 12:24:31,2025-09-23,12:24:31,out,2.43,17.6,57.4,26.7,20.633,210.6,4.65
2025-09-23 12:25:34,2025-09-23,12:25:34,in,1.33,1310.8,0.0,28.2,9.53,332.3,2.04
2025-09-23 12:25:34,2025-09-23,12:25:34,out,3.18,17.2,56.1,26.7,20.431,219.2,5.78
2025-09-23 12:26:38,2025-09-23,12:26:38,in,2.02,1310.8,0.0,28.2,9.53,337.9,2.69
2025-09-23 12:26:38,2025-09-23,12:26:38,out,3.16,17.5,57.1,26.7,20.586,242.0,3.32
2025-09-23 12:27:41,2025-09-23,12:27:41,in,1.56,1310.8,0.0,28.1,9.489,328.8,2.45
2025-09-23 12:27:42,2025-09-23,12:27:42,out,1.83,17.6,57.5,26.7,20.648,255.8,3.08
2025-09-23 12:28:44,2025-09-23,12:28:44,in,1.67,1310.8,0.0,28.0,9.448,309.2,2.45
2025-09-23 12:28:45,2025-09-23,12:28:45,out,1.12,17.3,56.5,26.7,20.493,282.5,3.87
2025-09-23 12:29:48,2025-09-23,12:29:48,in,1.6,1310.8,0.0,27.9,9.406,318.5,1.95
2025-09-23 12:29:48,2025-09-23,12:29:48,out,3.3,17.3,56.4,26.8,20.566,249.1,3.91
2025-09-23 12:30:52,2025-09-23,12:30:52,in,1.25,1310.8,0.0,28.0,9.448,327.9,2.04
2025-09-23 12:30:52,2025-09-23,12:30:52,out,2.8,17.4,56.3,26.9,20.639,218.3,4.25
2025-09-23 12:31:55,2025-09-23,12:31:55,in,1.07,1310.8,0.0,28.2,9.53,305.8,1.95
2025-09-23 12:31:56,2025-09-23,12:31:56,out,4.87,17.1,55.1,26.9,20.451,225.3,5.48
2025-09-23 12:32:58,2025-09-23,12:32:58,in,0.85,1310.8,0.0,28.4,9.613,342.7,1.99
2025-09-23 12:32:59,2025-09-23,12:32:59,out,4.2,17.0,55.2,26.9,20.467,233.1,5.08
2025-09-23 12:34:02,2025-09-23,12:34:02,in,0.98,1310.8,0.0,28.4,9.613,312.7,1.73
2025-09-23 12:34:02,2025-09-23,12:34:02,out,2.41,16.9,54.2,26.9,20.309,199.3,5.13
2025-09-23 12:35:06,2025-09-23,12:35:06,in,0.1,1310.8,0.0,28.6,9.696,301.1,2.09
2025-09-23 12:35:06,2025-09-23,12:35:06,out,0.73,17.0,54.6,27.0,20.46,240.7,4.17
2025-09-23 12:36:10,2025-09-23,12:36:10,in,1.96,,,1310.8,,28.5,0.0
2025-09-23 12:36:10,2025-09-23,12:36:10,out,3.56,16.6,52.9,27.0,20.189,228.4,4.39
2025-09-23 12:37:12,2025-09-23,12:37:12,in,0.93,1310.8,0.0,28.5,9.655,357.4,2.29
2025-09-23 12:37:13,2025-09-23,12:37:13,out,4.2,16.7,53.1,27.1,20.308,221.3,5.43
2025-09-23 12:38:16,2025-09-23,12:38:16,in,1.01,1310.8,0.0,28.5,9.655,335.9,1.87
2025-09-23 12:38:16,2025-09-23,12:38:16,out,2.12,16.9,53.6,27.1,20.388,202.7,4.32
2025-09-23 12:39:20,2025-09-23,12:39:20,in,0.23,1310.8,0.0,28.6,9.696,139.1,1.74
2025-09-23 12:39:20,2025-09-23,12:39:20,out,1.49,16.9,53.8,27.1,20.42,228.9,3.38
2025-09-23 12:40:23,2025-09-23,12:40:23,in,0.22,1310.8,0.0,28.7,9.738,341.2,2.46
2025-09-23 12:40:24,2025-09-23,12:40:24,out,3.15,16.9,53.2,27.2,20.412,202.0,5.32
2025-09-23 12:41:26,2025-09-23,12:41:26,in,1.65,1310.8,0.0,28.8,9.779,316.9,2.8
2025-09-23 12:41:27,2025-09-23,12:41:27,out,4.25,16.6,52.5,27.2,20.299,236.8,6.25
2025-09-23 12:42:30,2025-09-23,12:42:30,in,0.59,1310.8,0.0,28.9,9.82,0.1,2.58
2025-09-23 12:42:30,2025-09-23,12:42:30,out,2.53,16.8,53.4,27.1,20.356,232.0,5.86
2025-09-23 12:43:34,2025-09-23,12:43:34,in,1.08,1310.8,0.0,28.9,9.82,327.3,1.9
2025-09-23 12:43:34,2025-09-23,12:43:34,out,1.75,16.9,54.1,27.0,20.38,242.3,4.03
2025-09-23 12:44:37,2025-09-23,12:44:37,in,0.7,1310.8,0.0,28.9,9.82,333.0,2.26
2025-09-23 12:44:38,2025-09-23,12:44:38,out,3.75,16.8,53.5,27.1,20.372,233.7,4.87
2025-09-23 12:45:41,2025-09-23,12:45:41,in,1.22,1310.8,0.0,28.8,9.779,344.2,1.8
2025-09-23 12:45:41,2025-09-23,12:45:41,out,3.59,16.8,53.4,27.1,20.356,238.0,5.21
2025-09-23 12:46:44,2025-09-23,12:46:44,in,0.12,1310.8,0.0,28.8,9.779,66.9,1.27
2025-09-23 12:46:44,2025-09-23,12:46:44,out,0.89,17.0,53.8,27.2,20.508,237.8,4.86
2025-09-23 12:47:48,2025-09-23,12:47:48,in,0.56,1310.8,0.0,28.9,9.82,293.8,1.33
2025-09-23 12:47:48,2025-09-23,12:47:48,out,2.01,16.8,52.6,27.3,20.402,232.8,3.28
2025-09-23 12:48:52,2025-09-23,12:48:52,in,1.79,1310.8,0.0,28.9,9.82,313.5,2.26
2025-09-23 12:48:52,2025-09-23,12:48:52,out,3.17,17.0,53.1,27.4,20.57,228.3,3.86
2025-09-23 12:49:55,2025-09-23,12:49:55,in,0.79,1310.8,0.0,28.8,9.779,324.8,2.08
2025-09-23 12:49:55,2025-09-23,12:49:55,out,2.93,16.6,51.9,27.4,20.375,228.2,5.4
2025-09-23 12:50:58,2025-09-23,12:50:58,in,1.51,1310.8,0.0,29.0,9.862,322.2,2.25
2025-09-23 12:50:58,2025-09-23,12:50:58,out,2.56,16.6,51.9,27.4,20.375,232.5,4.78
2025-09-23 12:52:02,2025-09-23,12:52:02,in,1.66,1310.8,0.0,29.1,9.903,318.7,2.88
2025-09-23 12:52:02,2025-09-23,12:52:02,out,1.17,16.7,51.8,27.5,20.446,192.2,3.53
2025-09-23 12:53:06,2025-09-23,12:53:06,in,1.22,1310.8,0.0,29.1,9.903,315.2,2.15
2025-09-23 12:53:06,2025-09-23,12:53:06,out,3.1,16.5,51.1,27.5,20.331,224.6,3.67
2025-09-23 12:54:09,2025-09-23,12:54:09,in,1.33,1310.8,0.0,29.2,9.945,314.2,1.89
2025-09-23 12:54:09,2025-09-23,12:54:09,out,3.99,16.4,50.5,27.6,20.318,230.2,4.47
2025-09-23 12:55:12,2025-09-23,12:55:12,in,0.52,1310.8,0.0,29.2,9.945,303.3,2.31
2025-09-23 12:55:13,2025-09-23,12:55:13,out,2.66,16.4,50.5,27.6,20.318,209.5,3.62
2025-09-23 12:56:16,2025-09-23,12:56:16,in,0.3,1310.8,0.0,29.3,9.986,126.2,1.62
2025-09-23 12:56:16,2025-09-23,12:56:16,out,2.06,16.5,51.0,27.6,20.401,193.5,4.88
2025-09-23 12:57:20,2025-09-23,12:57:20,in,0.34,1310.8,0.0,29.3,9.986,317.9,1.41
2025-09-23 12:57:20,2025-09-23,12:57:20,out,2.76,16.6,51.1,27.6,20.417,258.7,3.43
2025-09-23 12:58:23,2025-09-23,12:58:23,in,0.1,1310.8,0.0,29.3,9.986,34.9,0.73
2025-09-23 12:58:24,2025-09-23,12:58:24,out,4.0,16.4,50.5,27.6,20.318,241.4,4.55
2025-09-23 12:59:26,2025-09-23,12:59:26,in,0.34,1310.8,0.0,29.3,9.986,241.5,0.95
2025-09-23 12:59:27,2025-09-23,12:59:27,out,3.57,16.6,51.7,27.4,20.343,229.3,5.61
2025-09-23 13:00:30,2025-09-23,13:00:30,in,0.44,1310.8,0.0,29.2,9.945,45.7,1.07
2025-09-23 13:00:30,2025-09-23,13:00:30,out,3.26,16.5,51.6,27.4,20.326,237.8,5.77
2025-09-23 13:01:33,2025-09-23,13:01:33,in,1.15,1310.8,0.0,29.3,9.986,354.9,1.3
2025-09-23 13:01:34,2025-09-23,13:01:34,out,4.09,16.4,51.3,27.4,20.277,253.3,5.39
2025-09-23 13:02:37,2025-09-23,13:02:37,in,1.2,1310.8,0.0,29.2,9.945,358.3,1.46
2025-09-23 13:02:38,2025-09-23,13:02:38,out,2.01,16.4,51.5,27.3,20.223,239.9,4.88
2025-09-23 13:03:40,2025-09-23,13:03:40,in,0.14,1310.8,0.0,29.1,9.903,37.8,1.25
2025-09-23 13:03:41,2025-09-23,13:03:41,out,2.71,16.3,51.6,27.2,20.153,258.7,5.12
2025-09-23 13:04:44,2025-09-23,13:04:44,in,0.24,1310.8,0.0,29.1,9.903,55.2,0.51
2025-09-23 13:04:44,2025-09-23,13:04:44,out,3.07,16.4,51.4,27.3,20.207,234.1,4.83
2025-09-23 13:05:48,2025-09-23,13:05:48,in,0.14,1310.8,0.0,29.1,9.903,70.2,0.85
2025-09-23 13:05:48,2025-09-23,13:05:48,out,2.0,16.5,51.6,27.4,20.326,233.5,2.97
2025-09-23 13:06:51,2025-09-23,13:06:51,in,0.39,1310.8,0.0,29.1,9.903,143.2,0.67
2025-09-23 13:06:52,2025-09-23,13:06:52,out,4.4,16.2,50.4,27.4,20.13,241.2,5.15
2025-09-23 13:07:54,2025-09-23,13:07:54,in,0.28,1310.8,0.0,29.1,9.903,176.7,0.78
2025-09-23 13:07:55,2025-09-23,13:07:55,out,1.81,16.4,51.5,27.4,20.31,226.7,3.82
2025-09-23 13:08:58,2025-09-23,13:08:58,in,0.43,1310.8,0.0,29.2,9.945,154.7,1.19
2025-09-23 13:08:58,2025-09-23,13:08:58,out,3.47,16.3,50.9,27.4,20.212,200.9,4.31
2025-09-23 13:10:02,2025-09-23,13:10:02,in,0.46,1310.8,0.0,29.2,9.945,298.3,0.8
2025-09-23 13:10:02,2025-09-23,13:10:02,out,2.62,16.5,51.5,27.4,20.31,228.5,3.1
2025-09-23 13:11:05,2025-09-23,13:11:05,in,0.08,1310.8,0.0,29.2,9.945,158.3,0.57
2025-09-23 13:11:06,2025-09-23,13:11:06,out,2.34,16.5,51.7,27.4,20.343,219.1,4.05
2025-09-23 13:12:08,2025-09-23,13:12:08,in,0.23,1310.8,0.0,29.2,9.945,268.2,1.36
2025-09-23 13:12:09,2025-09-23,13:12:09,out,1.51,16.5,51.4,27.4,20.294,190.9,5.53
2025-09-23 13:13:12,2025-09-23,13:13:12,out,1.32,16.6,51.5,27.5,20.397,198.9,3.34
2025-09-23 13:13:40,2025-09-23,13:13:40,in,0.44,1310.8,0.0,29.3,9.986,352.8,1.13
2025-09-23 13:14:16,2025-09-23,13:14:16,out,3.4,16.5,51.2,27.5,20.347,231.2,3.8
2025-09-23 13:14:42,2025-09-23,13:14:42,in,0.88,1310.8,0.0,29.3,9.986,325.4,1.19
2025-09-23 13:15:20,2025-09-23,13:15:20,out,3.03,16.2,50.1,27.6,20.252,238.0,4.9
2025-09-23 13:15:46,2025-09-23,13:15:46,in,0.2,1310.8,0.0,29.3,9.986,46.0,0.54
2025-09-23 13:16:23,2025-09-23,13:16:23,out,3.45,16.2,50.5,27.4,20.146,248.4,5.84
2025-09-23 13:16:49,2025-09-23,13:16:49,in,0.78,1310.8,0.0,29.3,9.986,342.8,0.99
2025-09-23 13:17:26,2025-09-23,13:17:26,out,3.33,16.2,50.9,27.3,20.125,255.6,4.86
2025-09-23 13:17:52,2025-09-23,13:17:52,in,0.34,1310.8,0.0,29.2,9.945,125.3,0.91
2025-09-23 13:18:30,2025-09-23,13:18:30,out,0.55,16.5,51.4,27.4,20.294,146.9,3.69
2025-09-23 13:18:56,2025-09-23,13:18:56,in,0.63,1310.8,0.0,29.3,9.986,151.5,0.9
2025-09-23 13:19:34,2025-09-23,13:19:34,out,1.96,16.4,50.8,27.5,20.282,202.9,2.35
2025-09-23 13:20:00,2025-09-23,13:20:00,in,0.86,1310.8,0.0,29.3,9.986,325.4,1.28
2025-09-23 13:20:37,2025-09-23,13:20:37,out,1.83,16.5,51.1,27.5,20.331,236.7,2.67
2025-09-23 13:21:03,2025-09-23,13:21:03,in,0.45,1310.8,0.0,29.2,9.945,326.4,1.47
2025-09-23 13:21:40,2025-09-23,13:21:40,out,3.43,16.3,50.3,27.6,20.285,223.3,4.53
2025-09-23 13:22:06,2025-09-23,13:22:06,in,0.07,1310.8,0.0,29.2,9.945,341.0,0.8
2025-09-23 13:22:44,2025-09-23,13:22:44,out,3.14,16.0,49.0,27.7,20.154,238.5,4.57
2025-09-23 13:23:10,2025-09-23,13:23:10,in,0.41,1310.8,0.0,29.2,9.945,349.0,0.57
2025-09-23 13:23:48,2025-09-23,13:23:48,out,3.53,15.9,48.8,27.6,20.035,249.2,5.42
2025-09-23 13:24:14,2025-09-23,13:24:14,in,1.13,1310.8,0.0,29.2,9.945,340.1,1.28
2025-09-23 13:24:51,2025-09-23,13:24:51,out,2.56,16.0,49.1,27.6,20.086,259.6,6.33
2025-09-23 13:25:17,2025-09-23,13:25:17,in,0.31,1310.8,0.0,29.1,9.903,81.7,1.59
2025-09-23 13:25:54,2025-09-23,13:25:54,out,2.9,16.1,50.0,27.5,20.15,221.1,4.33
2025-09-23 13:26:20,2025-09-23,13:26:20,in,0.36,1310.8,0.0,29.2,9.945,326.5,0.92
2025-09-23 13:26:58,2025-09-23,13:26:58,out,1.99,16.1,49.9,27.6,20.219,236.7,4.45
2025-09-23 13:27:24,2025-09-23,13:27:24,in,0.51,1310.8,0.0,29.2,9.945,134.3,0.9
2025-09-23 13:28:02,2025-09-23,13:28:02,out,2.01,16.0,49.3,27.6,20.119,212.3,4.29
2025-09-23 13:28:28,2025-09-23,13:28:28,in,0.26,1310.8,0.0,29.3,9.986,258.5,0.86
2025-09-23 13:29:05,2025-09-23,13:29:05,out,3.49,16.0,49.1,27.6,20.086,216.7,4.62
2025-09-23 13:29:31,2025-09-23,13:29:31,in,0.53,1310.8,0.0,29.3,9.986,143.4,0.91
2025-09-23 13:30:08,2025-09-23,13:30:08,out,3.34,16.2,50.1,27.5,20.166,285.1,4.35
2025-09-23 13:30:34,2025-09-23,13:30:34,in,0.57,1310.8,0.0,29.3,9.986,336.1,0.91
2025-09-23 13:31:12,2025-09-23,13:31:12,out,1.77,16.1,50.0,27.4,20.064,249.8,5.54
2025-09-23 13:31:38,2025-09-23,13:31:38,in,1.12,1310.8,0.0,29.2,9.945,336.7,1.28
2025-09-23 13:32:16,2025-09-23,13:32:16,out,1.55,16.2,50.6,27.4,20.163,279.9,2.79
2025-09-23 13:32:42,2025-09-23,13:32:42,in,0.34,1310.8,0.0,29.0,9.862,341.8,1.45
2025-09-23 13:33:19,2025-09-23,13:33:19,out,1.57,16.4,51.2,27.4,20.261,233.1,2.11
2025-09-23 13:33:45,2025-09-23,13:33:45,in,0.7,1310.8,0.0,29.0,9.862,136.3,0.97
2025-09-23 13:34:22,2025-09-23,13:34:22,out,0.82,16.3,50.2,27.6,20.269,207.1,2.5
2025-09-23 13:34:48,2025-09-23,13:34:48,in,0.6,1310.8,0.0,29.1,9.903,147.8,1.01
2025-09-23 13:35:26,2025-09-23,13:35:26,out,2.02,16.3,50.1,27.7,20.338,246.4,2.23
2025-09-23 13:35:52,2025-09-23,13:35:52,in,0.42,1310.8,0.0,29.2,9.945,147.1,0.89
2025-09-23 13:36:30,2025-09-23,13:36:30,out,1.69,15.9,48.2,27.8,20.105,204.9,3.24
2025-09-23 13:36:56,2025-09-23,13:36:56,in,1.82,1310.8,0.0,29.2,9.945,323.9,2.2
2025-09-23 13:37:33,2025-09-23,13:37:33,out,2.77,15.5,47.3,27.8,19.952,231.1,3.78
2025-09-23 13:37:59,2025-09-23,13:37:59,in,1.09,1310.8,0.0,29.2,9.945,334.1,1.8
2025-09-23 13:38:36,2025-09-23,13:38:36,out,2.41,15.8,47.9,27.8,20.054,251.9,4.14
2025-09-23 13:39:02,2025-09-23,13:39:02,in,1.15,1310.8,0.0,29.1,9.903,324.6,2.09
2025-09-23 13:39:40,2025-09-23,13:39:40,out,2.47,15.6,47.8,27.7,19.952,223.8,4.81
2025-09-23 13:40:06,2025-09-23,13:40:06,in,0.26,1310.8,0.0,29.1,9.903,297.3,1.99
2025-09-23 13:40:44,2025-09-23,13:40:44,out,1.03,15.8,48.2,27.7,20.02,245.6,4.42
2025-09-23 13:41:10,2025-09-23,13:41:10,in,2.37,1310.8,0.0,29.3,9.986,313.8,2.98
2025-09-23 13:41:47,2025-09-23,13:41:47,out,1.55,15.5,47.1,27.8,19.918,297.7,3.84
2025-09-23 13:42:13,2025-09-23,13:42:13,in,1.53,1310.8,0.0,29.1,9.903,325.9,2.32
2025-09-23 13:42:50,2025-09-23,13:42:50,out,1.88,15.4,47.0,27.8,19.901,247.1,4.76
2025-09-23 13:43:17,2025-09-23,13:43:17,in,0.79,1310.8,0.0,29.0,9.862,331.1,2.06
2025-09-23 13:43:54,2025-09-23,13:43:54,out,2.78,15.1,46.0,27.8,19.729,241.1,4.36
2025-09-23 13:44:20,2025-09-23,13:44:20,in,0.91,1310.8,0.0,29.1,9.903,345.5,1.61
2025-09-23 13:44:58,2025-09-23,13:44:58,out,1.6,15.3,46.8,27.7,19.782,251.6,5.03
2025-09-23 13:45:24,2025-09-23,13:45:24,in,1.63,1310.8,0.0,29.0,9.862,318.5,2.03
2025-09-23 13:46:02,2025-09-23,13:46:02,out,0.77,15.3,46.9,27.7,19.799,268.5,3.48
2025-09-23 13:46:27,2025-09-23,13:46:27,in,0.76,1310.8,0.0,29.1,9.903,341.2,2.11
2025-09-23 13:47:04,2025-09-23,13:47:04,out,1.86,15.0,45.6,27.7,19.576,218.5,5.64
2025-09-23 13:47:30,2025-09-23,13:47:30,in,1.18,1310.8,0.0,29.1,9.903,315.0,2.14
2025-09-23 13:48:08,2025-09-23,13:48:08,out,2.75,14.9,45.9,27.6,19.543,229.6,4.53
2025-09-23 13:48:34,2025-09-23,13:48:34,in,2.06,,,,,1310.8,
2025-09-23 13:49:12,2025-09-23,13:49:12,out,2.21,,,15.2,,27.6,4.68
2025-09-23 13:49:38,2025-09-23,13:49:38,in,0.99,1310.8,0.0,29.1,9.903,314.3,2.37
2025-09-23 13:50:15,2025-09-23,13:50:15,out,2.57,14.9,45.5,27.7,19.558,221.7,4.36
2025-09-23 13:50:41,2025-09-23,13:50:41,in,1.49,1310.8,0.0,29.1,9.903,338.7,1.96
2025-09-23 13:51:18,2025-09-23,13:51:18,out,1.28,15.0,45.6,27.8,19.66,249.1,2.86
2025-09-23 13:51:44,2025-09-23,13:51:44,in,1.56,1310.8,0.0,29.2,9.945,315.1,2.46
2025-09-23 13:52:22,2025-09-23,13:52:22,out,1.59,14.9,45.4,27.8,19.625,263.1,4.09
2025-09-23 13:52:48,2025-09-23,13:52:48,in,1.44,1310.8,0.0,29.2,9.945,334.8,2.34
2025-09-23 13:53:26,2025-09-23,13:53:26,out,2.86,14.7,44.6,27.9,19.569,198.7,5.25
2025-09-23 13:53:52,2025-09-23,13:53:52,in,0.68,1310.8,0.0,29.2,9.945,305.9,1.46
2025-09-23 13:54:29,2025-09-23,13:54:29,out,0.82,15.0,45.4,27.9,19.709,259.0,3.36
2025-09-23 13:54:55,2025-09-23,13:54:55,in,1.35,1310.8,0.0,29.4,10.027,317.2,2.52
2025-09-23 13:55:33,2025-09-23,13:55:33,out,0.13,15.1,45.5,28.0,19.81,226.2,1.94
2025-09-23 13:55:58,2025-09-23,13:55:58,in,1.31,1310.8,0.0,29.4,10.027,319.8,2.76
2025-09-23 13:56:36,2025-09-23,13:56:36,out,3.15,14.9,44.4,28.2,19.784,226.9,3.79
2025-09-23 13:57:02,2025-09-23,13:57:02,in,2.21,,,1310.8,,29.4,0.0
2025-09-23 13:57:40,2025-09-23,13:57:40,out,3.99,14.4,43.3,28.1,19.506,235.9,5.97
2025-09-23 13:58:06,2025-09-23,13:58:06,in,0.79,1310.8,0.0,29.2,9.945,347.8,2.28
2025-09-23 13:58:44,2025-09-23,13:58:44,out,2.81,14.6,44.0,28.0,19.547,212.0,4.92
2025-09-23 13:59:09,2025-09-23,13:59:09,in,1.09,1310.8,0.0,29.3,9.986,324.7,2.46
2025-09-23 13:59:46,2025-09-23,13:59:46,out,0.46,14.8,44.4,28.0,19.618,227.3,2.01
2025-09-23 14:00:12,2025-09-23,14:00:12,in,0.38,1310.8,0.0,29.3,9.986,313.9,1.86
2025-09-23 14:00:50,2025-09-23,14:00:50,out,0.33,14.9,44.5,28.1,19.719,239.5,2.39
2025-09-23 14:01:16,2025-09-23,14:01:16,in,0.77,1310.8,0.0,29.3,9.986,324.3,1.82
2025-09-23 14:01:54,2025-09-23,14:01:54,out,1.12,14.9,44.4,28.2,19.784,252.4,2.76
2025-09-23 14:02:20,2025-09-23,14:02:20,in,1.7,1310.8,0.0,29.3,9.986,316.3,2.43
2025-09-23 14:02:58,2025-09-23,14:02:58,out,4.07,14.8,43.9,28.2,19.696,209.1,6.18
2025-09-23 14:03:23,2025-09-23,14:03:23,in,0.86,1310.8,0.0,29.3,9.986,310.0,2.19
2025-09-23 14:04:00,2025-09-23,14:04:00,out,1.06,15.0,44.6,28.2,19.82,228.3,3.27
2025-09-23 14:04:27,2025-09-23,14:04:27,in,1.67,1310.8,0.0,29.4,10.027,318.6,2.5
2025-09-23 14:05:04,2025-09-23,14:05:04,out,2.87,15.0,44.5,28.4,19.969,283.9,3.44
2025-09-23 14:05:30,2025-09-23,14:05:30,in,1.68,1310.8,0.0,29.4,10.027,329.0,2.98
2025-09-23 14:06:08,2025-09-23,14:06:08,out,3.96,15.1,44.5,28.4,19.969,232.6,5.11
2025-09-23 14:06:34,2025-09-23,14:06:34,in,1.41,1310.8,0.0,29.4,10.027,345.0,2.24
2025-09-23 14:07:12,2025-09-23,14:07:12,out,2.61,15.2,44.8,28.4,20.023,232.6,4.59
2025-09-23 14:07:38,2025-09-23,14:07:38,in,1.61,1310.8,0.0,29.4,10.027,333.2,2.0
2025-09-23 14:08:15,2025-09-23,14:08:15,out,5.32,15.3,45.2,28.3,20.009,253.2,5.79
2025-09-23 14:08:41,2025-09-23,14:08:41,in,0.45,1310.8,0.0,29.4,10.027,357.2,1.72
2025-09-23 14:09:18,2025-09-23,14:09:18,out,3.54,15.5,46.3,28.1,20.034,219.5,6.19
2025-09-23 14:09:44,2025-09-23,14:09:44,in,0.97,1310.8,0.0,29.4,10.027,333.2,2.28
2025-09-23 14:10:22,2025-09-23,14:10:22,out,3.06,15.7,47.0,28.0,20.07,217.6,4.86
2025-09-23 14:10:48,2025-09-23,14:10:48,in,1.26,1310.8,0.0,29.4,10.027,316.0,1.98
2025-09-23 14:11:26,2025-09-23,14:11:26,out,3.0,15.1,45.5,28.0,19.81,253.4,5.82
2025-09-23 14:11:52,2025-09-23,14:11:52,in,0.44,1310.8,0.0,29.4,10.027,112.7,2.8
2025-09-23 14:12:29,2025-09-23,14:12:29,out,2.02,15.3,45.8,28.1,19.947,224.1,3.45
2025-09-23 14:12:55,2025-09-23,14:12:55,in,0.23,1310.8,0.0,29.5,10.069,356.0,2.31
2025-09-23 14:13:32,2025-09-23,14:13:32,out,1.1,15.5,46.3,28.1,20.034,217.2,4.98
2025-09-23 14:13:58,2025-09-23,14:13:58,in,0.82,1310.8,0.0,29.5,10.069,326.4,2.06
2025-09-23 14:14:36,2025-09-23,14:14:36,out,1.76,15.5,46.2,28.2,20.1,230.3,2.29
2025-09-23 14:15:02,2025-09-23,14:15:02,in,1.19,1310.8,0.0,29.5,10.069,314.5,1.97
2025-09-23 14:15:40,2025-09-23,14:15:40,out,2.44,15.6,46.0,28.3,20.15,216.0,4.88
2025-09-23 14:16:05,2025-09-23,14:16:05,in,1.59,1310.8,0.0,29.4,10.027,323.2,2.29
2025-09-23 14:16:43,2025-09-23,14:16:43,out,1.83,16.0,47.2,28.3,20.359,187.4,4.36
2025-09-23 14:17:09,2025-09-23,14:17:09,in,0.9,1310.8,0.0,29.5,10.069,312.5,1.82
2025-09-23 14:17:46,2025-09-23,14:17:46,out,3.65,16.0,47.1,28.3,20.341,233.7,4.78
2025-09-23 14:18:12,2025-09-23,14:18:12,in,1.24,1310.8,0.0,29.5,10.069,357.8,2.27
2025-09-23 14:18:50,2025-09-23,14:18:50,out,2.06,16.1,47.6,28.3,20.428,250.3,3.7
2025-09-23 14:19:16,2025-09-23,14:19:16,in,1.48,1310.8,0.0,29.4,10.027,339.4,2.13
2025-09-23 14:19:54,2025-09-23,14:19:54,out,1.96,16.2,47.9,28.3,20.479,234.6,3.41
2025-09-23 14:20:19,2025-09-23,14:20:19,in,1.75,1310.8,0.0,29.3,9.986,342.0,2.16
2025-09-23 14:20:57,2025-09-23,14:20:57,out,4.14,16.1,47.8,28.3,20.462,240.2,7.5
2025-09-23 14:21:23,2025-09-23,14:21:23,in,0.54,1310.8,0.0,29.2,9.945,345.8,2.32
2025-09-23 14:22:00,2025-09-23,14:22:00,out,4.35,15.9,47.2,28.2,20.274,237.0,8.79
2025-09-23 14:22:26,2025-09-23,14:22:26,in,0.58,1310.8,0.0,29.3,9.986,22.7,2.06
2025-09-23 14:23:04,2025-09-23,14:23:04,out,3.78,16.0,48.0,28.0,20.241,207.2,6.33
2025-09-23 14:23:30,2025-09-23,14:23:30,in,0.88,1310.8,0.0,29.2,9.945,333.2,2.28
2025-09-23 14:24:08,2025-09-23,14:24:08,out,1.82,16.0,48.5,27.9,20.241,244.6,5.12
2025-09-23 14:24:34,2025-09-23,14:24:34,in,0.52,1310.8,0.0,29.3,9.986,326.1,1.08
2025-09-23 14:25:11,2025-09-23,14:25:11,out,3.68,15.9,48.0,27.9,20.156,231.5,5.05
2025-09-23 14:25:37,2025-09-23,14:25:37,in,0.43,1310.8,0.0,29.3,9.986,359.6,1.47
2025-09-23 14:26:14,2025-09-23,14:26:14,out,2.72,16.0,48.9,27.8,20.223,247.6,5.11
2025-09-23 14:26:40,2025-09-23,14:26:40,in,0.78,1310.8,0.0,29.2,9.945,330.4,1.33
2025-09-23 14:27:18,2025-09-23,14:27:18,out,4.58,15.6,47.4,27.8,19.969,224.8,5.78
2025-09-23 14:27:44,2025-09-23,14:27:44,in,0.7,1310.8,0.0,29.2,9.945,345.7,1.71
2025-09-23 14:28:22,2025-09-23,14:28:22,out,1.21,16.0,49.2,27.7,20.188,234.2,4.02
2025-09-23 14:28:48,2025-09-23,14:28:48,in,1.51,1310.8,0.0,29.2,9.945,313.8,2.39
2025-09-23 14:29:25,2025-09-23,14:29:25,out,2.43,16.0,49.0,27.7,20.154,206.0,3.4
2025-09-23 14:29:51,2025-09-23,14:29:51,in,0.84,1310.8,0.0,29.1,9.903,290.2,2.52
2025-09-23 14:30:28,2025-09-23,14:30:28,out,0.67,16.4,50.0,27.8,20.408,198.8,5.41
2025-09-23 14:30:54,2025-09-23,14:30:54,in,0.99,1310.8,0.0,29.1,9.903,321.4,1.93
2025-09-23 14:31:32,2025-09-23,14:31:32,out,1.9,16.3,49.5,27.9,20.41,201.9,4.2
2025-09-23 14:31:58,2025-09-23,14:31:58,in,0.42,,,1310.8,,315.0,1.99
2025-09-23 14:32:36,2025-09-23,14:32:36,out,2.71,16.2,49.1,27.9,20.342,222.9,5.16
2025-09-23 14:33:02,2025-09-23,14:33:02,in,0.96,1310.8,0.0,29.4,10.027,320.6,1.97
2025-09-23 14:33:39,2025-09-23,14:33:39,out,2.4,16.2,49.1,27.9,20.342,203.7,3.59
2025-09-23 14:34:05,2025-09-23,14:34:05,in,1.45,1310.8,0.0,29.4,10.027,316.6,2.45
2025-09-23 14:34:42,2025-09-23,14:34:42,out,3.45,16.4,49.7,27.9,20.443,249.1,3.87
2025-09-23 14:35:08,2025-09-23,14:35:08,in,1.13,1310.8,0.0,29.3,9.986,348.1,2.72
2025-09-23 14:35:46,2025-09-23,14:35:46,out,2.47,16.4,49.7,27.9,20.443,245.8,6.49
2025-09-23 14:36:12,2025-09-23,14:36:12,in,0.42,1310.8,0.0,29.3,9.986,340.1,1.81
2025-09-23 14:36:50,2025-09-23,14:36:50,out,3.21,16.5,49.7,28.0,20.529,237.7,5.83
2025-09-23 14:37:16,2025-09-23,14:37:16,in,0.71,1310.8,0.0,29.4,10.027,322.6,1.83
2025-09-23 14:37:53,2025-09-23,14:37:53,out,1.58,16.6,49.7,28.1,20.615,193.5,3.33
2025-09-23 14:38:19,2025-09-23,14:38:19,in,1.4,1310.8,0.0,29.4,10.027,322.0,2.07
2025-09-23 14:38:56,2025-09-23,14:38:56,out,1.95,16.7,49.6,28.2,20.684,232.2,2.47
2025-09-23 14:39:22,2025-09-23,14:39:22,in,1.57,1310.8,0.0,29.4,10.027,327.2,2.29
2025-09-23 14:40:00,2025-09-23,14:40:00,out,3.55,16.6,49.4,28.2,20.65,222.7,4.65
2025-09-23 14:40:26,2025-09-23,14:40:26,in,1.47,1310.8,0.0,29.4,10.027,328.5,1.96
2025-09-23 14:41:04,2025-09-23,14:41:04,out,0.88,16.8,49.8,28.3,20.804,273.3,3.55
2025-09-23 14:41:30,2025-09-23,14:41:30,in,1.33,1310.8,0.0,29.4,10.027,321.5,2.87
2025-09-23 14:42:07,2025-09-23,14:42:07,out,2.61,16.8,49.4,28.4,20.821,235.6,4.58
2025-09-23 14:42:33,2025-09-23,14:42:33,in,1.16,1310.8,0.0,29.5,10.069,327.1,2.31
2025-09-23 14:43:10,2025-09-23,14:43:10,out,3.57,16.5,48.9,28.3,20.651,218.5,6.45
2025-09-23 14:43:36,2025-09-23,14:43:36,in,0.91,1310.8,0.0,29.5,10.069,324.8,1.78
2025-09-23 14:44:14,2025-09-23,14:44:14,out,4.08,16.5,49.3,28.1,20.547,226.5,5.24
2025-09-23 14:44:40,2025-09-23,14:44:40,in,0.78,1310.8,0.0,29.4,10.027,12.0,2.39
2025-09-23 14:45:18,2025-09-23,14:45:18,out,2.51,16.7,50.6,27.9,20.594,222.0,5.22
2025-09-23 14:45:44,2025-09-23,14:45:44,in,1.46,1310.8,0.0,29.3,9.986,319.9,2.25
2025-09-23 14:46:21,2025-09-23,14:46:21,out,0.52,16.8,50.6,28.0,20.68,227.7,3.76
2025-09-23 14:46:47,2025-09-23,14:46:47,in,2.0,1310.8,0.0,29.3,9.986,313.1,2.77
2025-09-23 14:47:24,2025-09-23,14:47:24,out,3.97,16.7,49.9,28.1,20.649,234.8,5.46
2025-09-23 14:47:50,2025-09-23,14:47:50,in,0.31,1310.8,0.0,29.3,9.986,86.4,2.42
2025-09-23 14:48:28,2025-09-23,14:48:28,out,5.18,16.6,49.9,28.0,20.563,229.1,6.47
2025-09-23 14:48:54,2025-09-23,14:48:54,in,1.0,1310.8,0.0,29.3,9.986,328.4,1.72
2025-09-23 14:49:32,2025-09-23,14:49:32,out,4.5,16.7,51.1,27.8,20.59,246.6,6.69
2025-09-23 14:49:58,2025-09-23,14:49:58,in,0.99,1310.8,0.0,29.3,9.986,316.5,2.74
2025-09-23 14:50:35,2025-09-23,14:50:35,out,4.89,16.9,52.0,27.6,20.565,241.5,6.87
2025-09-23 14:51:01,2025-09-23,14:51:01,in,1.67,1310.8,0.0,29.1,9.903,342.2,1.91
2025-09-23 14:51:38,2025-09-23,14:51:38,out,3.75,16.6,51.6,27.5,20.413,248.7,4.63
2025-09-23 14:52:04,2025-09-23,14:52:04,in,2.21,1310.8,0.0,28.9,9.82,341.7,2.53
2025-09-23 14:52:42,2025-09-23,14:52:42,out,1.56,16.9,52.3,27.5,20.527,214.8,3.35
2025-09-23 14:53:08,2025-09-23,14:53:08,in,0.69,1310.8,0.0,28.7,9.738,309.3,1.84
2025-09-23 14:53:46,2025-09-23,14:53:46,out,5.04,16.9,52.7,27.4,20.505,220.1,6.72
2025-09-23 14:54:12,2025-09-23,14:54:12,in,0.59,1310.8,0.0,28.7,9.738,326.8,2.13
2025-09-23 14:54:49,2025-09-23,14:54:49,out,3.84,17.0,53.5,27.3,20.547,225.6,6.89
2025-09-23 14:55:15,2025-09-23,14:55:15,in,0.69,1310.8,0.0,28.7,9.738,343.7,2.44
2025-09-23 14:55:53,2025-09-23,14:55:53,out,1.34,17.0,53.2,27.4,20.586,194.0,3.81
2025-09-23 14:56:18,2025-09-23,14:56:18,in,1.89,1310.8,0.0,28.8,9.779,315.7,2.39
2025-09-23 14:56:56,2025-09-23,14:56:56,out,3.36,17.0,52.8,27.5,20.609,230.2,4.92
2025-09-23 14:57:22,2025-09-23,14:57:22,in,0.92,1310.8,0.0,28.9,9.82,342.2,2.56
2025-09-23 14:58:00,2025-09-23,14:58:00,out,5.47,16.9,52.1,27.6,20.582,240.0,6.03
2025-09-23 14:58:26,2025-09-23,14:58:26,in,0.62,1310.8,0.0,28.8,9.779,3.3,1.83
2025-09-23 14:59:04,2025-09-23,14:59:04,out,1.19,17.0,52.6,27.5,20.576,263.1,5.12
2025-09-23 14:59:29,2025-09-23,14:59:29,in,1.88,1310.8,0.0,28.8,9.779,332.9,2.3
2025-09-23 15:00:07,2025-09-23,15:00:07,out,2.26,16.9,52.3,27.5,20.527,244.7,4.03
2025-09-23 15:00:32,2025-09-23,15:00:32,in,0.81,1310.8,0.0,28.7,9.738,327.1,1.62
2025-09-23 15:01:10,2025-09-23,15:01:10,out,1.78,16.9,52.5,27.5,20.56,228.1,3.1
2025-09-23 15:01:36,2025-09-23,15:01:36,in,1.72,1310.8,0.0,28.6,9.696,328.3,2.15
2025-09-23 15:02:14,2025-09-23,15:02:14,out,4.1,16.5,50.9,27.6,20.385,251.4,5.36
2025-09-23 15:02:40,2025-09-23,15:02:40,in,1.2,1310.8,0.0,28.6,9.696,349.3,2.34
2025-09-23 15:03:18,2025-09-23,15:03:18,out,3.55,16.6,51.3,27.6,20.45,234.3,6.21
2025-09-23 15:03:43,2025-09-23,15:03:43,in,0.98,1310.8,0.0,28.6,9.696,295.2,2.35
2025-09-23 15:04:21,2025-09-23,15:04:21,out,4.12,16.6,51.5,27.5,20.397,240.0,5.8
2025-09-23 15:04:46,2025-09-23,15:04:46,in,0.76,1310.8,0.0,28.6,9.696,317.5,2.3
2025-09-23 15:05:24,2025-09-23,15:05:24,out,5.61,16.5,51.6,27.4,20.326,243.4,6.33
2025-09-23 15:05:50,2025-09-23,15:05:50,in,0.46,1310.8,0.0,28.6,9.696,34.8,2.3
2025-09-23 15:06:28,2025-09-23,15:06:28,out,3.22,16.8,52.7,27.3,20.418,219.1,5.45
2025-09-23 15:06:54,2025-09-23,15:06:54,in,1.7,1310.8,0.0,28.5,9.655,313.7,2.22
2025-09-23 15:07:32,2025-09-23,15:07:32,out,4.17,16.6,52.5,27.2,20.299,241.8,5.11
2025-09-23 15:07:57,2025-09-23,15:07:57,in,1.3,1310.8,0.0,28.5,9.655,340.9,2.87
2025-09-23 15:08:35,2025-09-23,15:08:35,out,3.94,16.5,52.5,27.2,20.299,236.4,5.9
2025-09-23 15:09:00,2025-09-23,15:09:00,in,1.16,1310.8,0.0,28.4,9.613,336.7,2.22
2025-09-23 15:09:38,2025-09-23,15:09:38,out,3.1,16.4,51.9,27.2,20.202,233.5,6.37
2025-09-23 15:10:04,2025-09-23,15:10:04,in,1.9,1310.8,0.0,28.3,9.572,337.0,2.57
2025-09-23 15:10:42,2025-09-23,15:10:42,out,1.95,16.5,52.1,27.2,20.234,238.6,5.12
2025-09-23 15:11:08,2025-09-23,15:11:08,in,0.82,1310.8,0.0,28.3,9.572,350.6,2.01
2025-09-23 15:11:46,2025-09-23,15:11:46,out,3.62,16.9,52.9,27.3,20.451,227.8,5.68
2025-09-23 15:12:11,2025-09-23,15:12:11,in,0.35,1310.8,0.0,28.3,9.572,121.4,1.73
2025-09-23 15:12:49,2025-09-23,15:12:49,out,2.28,16.8,52.3,27.4,20.44,241.0,5.0
2025-09-23 15:13:15,2025-09-23,15:13:15,in,1.15,1310.8,0.0,28.4,9.613,332.0,1.8
2025-09-23 15:13:52,2025-09-23,15:13:52,out,2.28,16.7,52.0,27.4,20.392,246.1,6.38
2025-09-23 15:14:18,2025-09-23,15:14:18,in,1.17,1310.8,0.0,28.4,9.613,321.8,2.05
2025-09-23 15:14:56,2025-09-23,15:14:56,out,2.52,16.5,51.9,27.3,20.289,254.9,5.63
2025-09-23 15:15:22,2025-09-23,15:15:22,in,1.67,1310.8,0.0,28.3,9.572,331.4,2.36
2025-09-23 15:16:00,2025-09-23,15:16:00,out,2.3,16.5,51.9,27.3,20.289,251.5,4.31
2025-09-23 15:16:25,2025-09-23,15:16:25,in,1.36,1310.8,0.0,28.3,9.572,340.1,2.0
2025-09-23 15:17:03,2025-09-23,15:17:03,out,3.4,16.7,52.0,27.4,20.392,261.2,3.78
2025-09-23 15:17:29,2025-09-23,15:17:29,in,0.79,1310.8,0.0,28.2,9.53,4.1,2.38
2025-09-23 15:18:06,2025-09-23,15:18:06,out,2.59,16.8,52.3,27.4,20.44,259.7,4.99
2025-09-23 15:18:32,2025-09-23,15:18:32,in,1.22,1310.8,0.0,28.3,9.572,339.5,3.16
2025-09-23 15:19:10,2025-09-23,15:19:10,out,3.13,16.7,52.3,27.3,20.353,241.6,5.48
2025-09-23 15:19:36,2025-09-23,15:19:36,in,0.81,1310.8,0.0,28.3,9.572,356.1,2.02
2025-09-23 15:20:14,2025-09-23,15:20:14,out,3.75,16.9,53.1,27.3,20.483,261.2,5.34
2025-09-23 15:20:40,2025-09-23,15:20:40,in,2.29,1310.8,0.0,28.2,9.53,335.8,2.54
2025-09-23 15:21:17,2025-09-23,15:21:17,out,4.54,16.9,53.3,27.2,20.428,247.8,6.16
2025-09-23 15:21:43,2025-09-23,15:21:43,in,1.4,1310.8,0.0,28.1,9.489,355.3,2.19
2025-09-23 15:22:20,2025-09-23,15:22:20,out,3.11,17.0,54.1,27.1,20.468,267.8,5.91
2025-09-23 15:22:46,2025-09-23,15:22:46,in,1.5,1310.8,0.0,28.1,9.489,340.2,2.04
2025-09-23 15:23:24,2025-09-23,15:23:24,out,4.39,16.3,52.1,27.0,20.06,268.2,5.49
2025-09-23 15:23:50,2025-09-23,15:23:50,in,0.79,1310.8,0.0,28.0,9.448,318.8,2.57
2025-09-23 15:24:28,2025-09-23,15:24:28,out,2.55,16.5,52.7,27.0,20.157,248.9,5.08
2025-09-23 15:24:54,2025-09-23,15:24:54,in,1.13,1310.8,0.0,28.0,9.448,338.8,2.01
2025-09-23 15:25:31,2025-09-23,15:25:31,out,3.21,16.9,53.7,27.1,20.404,263.2,4.37
2025-09-23 15:25:57,2025-09-23,15:25:57,in,1.19,1310.8,0.0,28.0,9.448,347.8,2.17
2025-09-23 15:26:34,2025-09-23,15:26:34,out,2.27,17.0,53.8,27.1,20.42,235.4,5.64
2025-09-23 15:27:00,2025-09-23,15:27:00,in,1.95,1310.8,0.0,28.1,9.489,319.3,2.53
2025-09-23 15:27:38,2025-09-23,15:27:38,out,2.06,17.0,54.0,27.2,20.54,219.3,4.11
2025-09-23 15:28:04,2025-09-23,15:28:04,in,0.49,1310.8,0.0,28.1,9.489,324.1,2.41
2025-09-23 15:28:42,2025-09-23,15:28:42,out,3.33,16.9,53.2,27.2,20.412,257.2,4.71
2025-09-23 15:29:08,2025-09-23,15:29:08,in,0.33,1310.8,0.0,28.2,9.53,350.3,1.58
2025-09-23 15:29:45,2025-09-23,15:29:45,out,2.85,16.7,52.4,27.3,20.37,236.0,4.62
2025-09-23 15:30:10,2025-09-23,15:30:10,in,1.68,1310.8,0.0,28.2,9.53,314.0,2.62
2025-09-23 15:30:48,2025-09-23,15:30:48,out,2.82,16.5,51.7,27.3,20.256,223.1,5.06
2025-09-23 15:31:14,2025-09-23,15:31:14,in,1.35,1310.8,0.0,28.3,9.572,307.7,2.39
2025-09-23 15:31:52,2025-09-23,15:31:52,out,3.1,16.9,53.0,27.3,20.467,195.1,4.65
2025-09-23 15:32:18,2025-09-23,15:32:18,in,0.89,1310.8,0.0,28.3,9.572,298.0,2.15
2025-09-23 15:32:56,2025-09-23,15:32:56,out,2.7,17.0,53.5,27.3,20.547,236.8,4.24
2025-09-23 15:33:22,2025-09-23,15:33:22,in,1.18,1310.8,0.0,28.3,9.572,326.2,2.03
2025-09-23 15:33:59,2025-09-23,15:33:59,out,3.15,17.3,54.4,27.3,20.691,258.4,4.17
2025-09-23 15:34:25,2025-09-23,15:34:25,in,1.01,1310.8,0.0,28.2,9.53,359.0,1.94
2025-09-23 15:35:02,2025-09-23,15:35:02,out,2.62,17.4,54.7,27.3,20.739,264.4,4.3
2025-09-23 15:35:28,2025-09-23,15:35:28,in,1.0,1310.8,0.0,28.2,9.53,334.2,2.1
2025-09-23 15:36:06,2025-09-23,15:36:06,out,3.48,17.3,54.5,27.3,20.707,252.6,5.25
2025-09-23 15:36:32,2025-09-23,15:36:32,in,0.34,1310.8,0.0,28.2,9.53,1.0,0.71
2025-09-23 15:37:10,2025-09-23,15:37:10,out,2.74,17.5,55.4,27.2,20.763,254.8,3.57
2025-09-23 15:37:36,2025-09-23,15:37:36,in,0.27,1310.8,0.0,28.2,9.53,131.1,0.51
2025-09-23 15:38:13,2025-09-23,15:38:13,out,4.27,17.5,55.3,27.3,20.835,240.8,6.27
2025-09-23 15:38:39,2025-09-23,15:38:39,in,0.63,1310.8,0.0,28.3,9.572,161.4,0.97
2025-09-23 15:39:16,2025-09-23,15:39:16,out,3.04,17.4,55.0,27.3,20.787,217.2,5.1
2025-09-23 15:39:42,2025-09-23,15:39:42,in,0.24,1310.8,0.0,28.3,9.572,137.6,0.49
2025-09-23 15:40:20,2025-09-23,15:40:20,out,2.71,17.2,54.6,27.2,20.636,210.1,4.92
2025-09-23 15:40:46,2025-09-23,15:40:46,in,0.25,1310.8,0.0,28.3,9.572,246.4,0.72
2025-09-23 15:41:24,2025-09-23,15:41:24,out,3.34,17.4,55.1,27.2,20.715,224.4,5.69
2025-09-23 15:41:50,2025-09-23,15:41:50,in,0.48,1310.8,0.0,28.4,9.613,138.9,0.88
2025-09-23 15:42:27,2025-09-23,15:42:27,out,1.71,17.4,54.9,27.3,20.771,240.1,5.34
2025-09-23 15:42:53,2025-09-23,15:42:53,in,0.67,1310.8,0.0,28.4,9.613,303.4,0.94
2025-09-23 15:43:30,2025-09-23,15:43:30,out,3.09,17.1,53.7,27.3,20.579,227.5,5.29
2025-09-23 15:43:56,2025-09-23,15:43:56,in,0.21,1310.8,0.0,28.4,9.613,17.3,0.94
2025-09-23 15:44:34,2025-09-23,15:44:34,out,3.64,16.8,52.8,27.3,20.434,239.2,5.09
2025-09-23 15:45:00,2025-09-23,15:45:00,in,0.33,1310.8,0.0,28.4,9.613,74.9,0.59
2025-09-23 15:45:38,2025-09-23,15:45:38,out,2.06,17.0,53.8,27.2,20.508,239.4,4.91
2025-09-23 15:46:04,2025-09-23,15:46:04,in,0.5,1310.8,0.0,28.3,9.572,344.3,1.02
2025-09-23 15:46:42,2025-09-23,15:46:42,out,4.89,17.4,55.0,27.2,20.699,250.8,5.77
2025-09-23 15:47:07,2025-09-23,15:47:07,in,0.33,1310.8,0.0,28.3,9.572,8.9,0.84
2025-09-23 15:47:44,2025-09-23,15:47:44,out,2.38,17.4,55.5,27.1,20.69,260.8,5.31
2025-09-23 15:48:10,2025-09-23,15:48:10,in,0.39,1310.8,0.0,28.3,9.572,355.3,0.55
2025-09-23 15:48:48,2025-09-23,15:48:48,out,4.11,17.5,55.7,27.1,20.722,225.2,4.85
2025-09-23 15:49:14,2025-09-23,15:49:14,in,0.19,1310.8,0.0,28.3,9.572,62.1,0.86
2025-09-23 15:49:52,2025-09-23,15:49:52,out,3.26,17.4,55.5,27.1,20.69,226.9,4.74
2025-09-23 15:50:18,2025-09-23,15:50:18,in,0.15,1310.8,0.0,28.4,9.613,109.6,0.62
2025-09-23 15:50:56,2025-09-23,15:50:56,out,4.0,17.5,55.4,27.2,20.763,226.0,5.18
2025-09-23 15:51:21,2025-09-23,15:51:21,in,0.25,1310.8,0.0,28.4,9.613,105.7,0.52
2025-09-23 15:51:58,2025-09-23,15:51:58,out,2.35,17.4,55.5,27.1,20.69,230.9,5.62
2025-09-23 15:52:24,2025-09-23,15:52:24,in,0.47,1310.8,0.0,28.4,9.613,116.7,0.86
2025-09-23 15:53:02,2025-09-23,15:53:02,out,2.77,17.0,54.5,27.0,20.444,214.6,5.33
2025-09-23 15:53:28,2025-09-23,15:53:28,in,0.37,1310.8,0.0,28.4,9.613,246.8,0.82
2025-09-23 15:54:06,2025-09-23,15:54:06,out,3.32,17.0,54.4,27.0,20.428,215.2,5.32
2025-09-23 15:54:32,2025-09-23,15:54:32,in,0.4,1310.8,0.0,28.3,9.572,143.3,1.26
2025-09-23 15:55:09,2025-09-23,15:55:09,out,3.04,17.2,54.9,27.1,20.595,245.4,3.63
2025-09-23 15:55:35,2025-09-23,15:55:35,in,0.21,1310.8,0.0,28.3,9.572,162.2,1.27
2025-09-23 15:56:13,2025-09-23,15:56:13,out,3.37,17.3,55.1,27.1,20.627,240.6,4.14
2025-09-23 15:56:38,2025-09-23,15:56:38,in,0.29,1310.8,0.0,28.3,9.572,29.3,0.8
2025-09-23 15:57:16,2025-09-23,15:57:16,out,1.74,17.2,54.7,27.1,20.564,243.6,5.24
2025-09-23 15:57:42,2025-09-23,15:57:42,in,0.15,1310.8,0.0,28.4,9.613,1.4,0.47
2025-09-23 15:58:20,2025-09-23,15:58:20,out,3.46,17.1,54.3,27.1,20.5,289.5,4.53
2025-09-23 15:58:46,2025-09-23,15:58:46,in,0.91,1310.8,0.0,28.3,9.572,325.8,1.61
2025-09-23 15:59:24,2025-09-23,15:59:24,out,2.8,17.2,54.8,27.1,20.579,212.7,5.21
2025-09-23 15:59:49,2025-09-23,15:59:49,in,0.24,1310.8,0.0,28.2,9.53,132.8,0.66
2025-09-23 16:00:27,2025-09-23,16:00:27,out,3.47,17.0,54.2,27.1,20.484,233.1,4.25
2025-09-23 16:00:52,2025-09-23,16:00:52,in,0.26,1310.8,0.0,28.3,9.572,292.5,0.84
2025-09-23 16:01:30,2025-09-23,16:01:30,out,3.54,17.3,55.0,27.1,20.611,241.8,6.17
2025-09-23 16:01:56,2025-09-23,16:01:56,in,0.3,1310.8,0.0,28.3,9.572,73.2,1.16
2025-09-23 16:02:34,2025-09-23,16:02:34,out,2.53,17.2,55.1,27.0,20.539,234.0,6.0
2025-09-23 16:03:00,2025-09-23,16:03:00,in,0.37,1310.8,0.0,28.3,9.572,357.2,0.79
2025-09-23 16:03:38,2025-09-23,16:03:38,out,2.44,17.2,54.9,27.1,20.595,260.2,3.31
2025-09-23 16:04:03,2025-09-23,16:04:03,in,0.35,1310.8,0.0,28.3,9.572,111.3,0.75
2025-09-23 16:04:41,2025-09-23,16:04:41,out,4.77,17.2,54.7,27.1,20.564,239.6,5.27
2025-09-23 16:05:06,2025-09-23,16:05:06,in,0.28,1310.8,0.0,28.3,9.572,76.5,1.04
2025-09-23 16:05:44,2025-09-23,16:05:44,out,4.57,17.0,54.6,27.0,20.46,243.3,5.09
2025-09-23 16:06:10,2025-09-23,16:06:10,in,0.2,1310.8,0.0,28.3,9.572,112.3,0.75
2025-09-23 16:06:48,2025-09-23,16:06:48,out,2.11,17.1,55.3,26.9,20.482,218.3,4.92
2025-09-23 16:07:14,2025-09-23,16:07:14,in,0.13,1310.8,0.0,28.3,9.572,113.1,0.72
2025-09-23 16:07:52,2025-09-23,16:07:52,out,2.21,17.1,54.7,27.0,20.476,262.9,3.26
2025-09-23 16:08:17,2025-09-23,16:08:17,in,0.11,1310.8,0.0,28.3,9.572,136.1,0.84
2025-09-23 16:08:55,2025-09-23,16:08:55,out,4.6,17.2,55.0,27.0,20.523,226.8,5.85
2025-09-23 16:09:20,2025-09-23,16:09:20,in,0.46,1310.8,0.0,28.3,9.572,26.4,0.55
2025-09-23 16:09:58,2025-09-23,16:09:58,out,4.16,17.2,55.0,27.0,20.523,217.7,5.4
2025-09-23 16:10:24,2025-09-23,16:10:24,in,0.72,1310.8,0.0,28.3,9.572,120.2,0.84
2025-09-23 16:11:02,2025-09-23,16:11:02,out,4.31,16.7,53.8,26.9,20.245,224.1,5.54
2025-09-23 16:11:28,2025-09-23,16:11:28,in,0.42,1310.8,0.0,28.2,9.53,151.4,0.85
2025-09-23 16:12:06,2025-09-23,16:12:06,out,1.71,16.7,54.2,26.7,20.133,211.4,4.87
2025-09-23 16:12:31,2025-09-23,16:12:31,in,0.37,1310.8,0.0,28.2,9.53,141.7,0.86
2025-09-23 16:13:09,2025-09-23,16:13:09,out,1.59,17.0,54.9,26.8,20.331,247.1,2.19
2025-09-23 16:13:34,2025-09-23,16:13:34,in,0.11,1310.8,0.0,28.1,9.489,55.7,0.73
2025-09-23 16:14:12,2025-09-23,16:14:12,out,2.12,17.1,55.2,26.9,20.467,237.8,3.29
2025-09-23 16:14:38,2025-09-23,16:14:38,in,0.81,1310.8,0.0,28.1,9.489,147.4,1.01
2025-09-23 16:15:16,2025-09-23,16:15:16,out,0.89,17.3,55.5,27.0,20.602,231.3,3.99
2025-09-23 16:15:42,2025-09-23,16:15:42,in,0.05,1310.8,0.0,28.1,9.489,298.0,0.9
2025-09-23 16:16:20,2025-09-23,16:16:20,out,3.13,17.1,54.6,27.1,20.548,233.9,3.97
2025-09-23 16:16:45,2025-09-23,16:16:45,in,1.49,1310.8,0.0,28.2,9.53,318.2,1.99
2025-09-23 16:17:23,2025-09-23,16:17:23,out,1.69,17.1,54.3,27.2,20.588,220.0,4.71
2025-09-23 16:17:48,2025-09-23,16:17:48,in,0.81,1310.8,0.0,28.1,9.489,340.6,1.67
2025-09-23 16:18:26,2025-09-23,16:18:26,out,2.48,17.1,54.3,27.2,20.588,246.6,4.6
2025-09-23 16:18:52,2025-09-23,16:18:52,in,1.84,1310.8,0.0,28.0,9.448,341.9,2.21
2025-09-23 16:19:30,2025-09-23,16:19:30,out,4.09,16.9,53.8,27.1,20.42,235.9,5.51
2025-09-23 16:19:56,2025-09-23,16:19:56,in,0.18,1310.8,0.0,27.9,9.406,353.2,1.99
2025-09-23 16:20:34,2025-09-23,16:20:34,out,2.13,17.1,54.9,27.0,20.507,257.3,4.53
2025-09-23 16:20:59,2025-09-23,16:20:59,in,1.03,1310.8,0.0,27.8,9.365,316.7,2.28
2025-09-23 16:21:37,2025-09-23,16:21:37,out,1.57,17.1,54.7,27.0,20.476,248.8,3.15
2025-09-23 16:22:02,2025-09-23,16:22:02,in,0.4,1310.8,0.0,27.6,9.282,322.6,2.09
2025-09-23 16:22:40,2025-09-23,16:22:40,out,3.19,17.0,54.5,27.0,20.444,243.0,4.97
2025-09-23 16:23:06,2025-09-23,16:23:06,in,0.25,1310.8,0.0,27.7,9.323,280.7,1.67
2025-09-23 16:23:44,2025-09-23,16:23:44,out,3.29,17.0,54.5,27.0,20.444,216.3,5.69
2025-09-23 16:24:10,2025-09-23,16:24:10,in,0.82,1310.8,0.0,27.7,9.323,295.8,2.44
2025-09-23 16:24:48,2025-09-23,16:24:48,out,2.86,17.3,55.8,26.9,20.561,227.6,4.14
2025-09-23 16:25:13,2025-09-23,16:25:13,in,0.97,1310.8,0.0,27.7,9.323,293.3,2.16
2025-09-23 16:25:51,2025-09-23,16:25:51,out,3.06,17.3,55.8,26.9,20.561,227.9,4.26
2025-09-23 16:26:16,2025-09-23,16:26:16,in,1.27,1310.8,0.0,27.7,9.323,330.4,2.97
2025-09-23 16:26:54,2025-09-23,16:26:54,out,2.31,17.2,55.8,26.8,20.473,251.4,5.45
2025-09-23 16:27:20,2025-09-23,16:27:20,in,1.25,1310.8,0.0,27.6,9.282,317.7,1.96
2025-09-23 16:27:58,2025-09-23,16:27:58,out,3.22,17.2,55.5,26.9,20.514,226.6,4.17
2025-09-23 16:28:24,2025-09-23,16:28:24,in,0.77,1310.8,0.0,27.5,9.24,323.3,1.81
2025-09-23 16:29:02,2025-09-23,16:29:02,out,3.12,17.3,56.0,26.8,20.504,239.7,5.34
2025-09-23 16:29:27,2025-09-23,16:29:27,in,2.17,1310.8,0.0,27.5,9.24,343.8,2.73
2025-09-23 16:30:05,2025-09-23,16:30:05,out,3.09,17.3,56.1,26.8,20.52,254.0,5.05
2025-09-23 16:30:30,2025-09-23,16:30:30,in,0.84,1310.8,0.0,27.4,9.199,332.4,2.35
2025-09-23 16:31:08,2025-09-23,16:31:08,out,4.97,17.3,56.3,26.8,20.551,251.9,5.59
2025-09-23 16:31:34,2025-09-23,16:31:34,in,1.66,1310.8,0.0,27.4,9.199,347.5,2.54
2025-09-23 16:32:12,2025-09-23,16:32:12,out,2.87,17.4,56.4,26.8,20.566,247.4,4.03
2025-09-23 16:32:38,2025-09-23,16:32:38,in,1.31,1310.8,0.0,27.4,9.199,341.0,2.24
2025-09-23 16:33:16,2025-09-23,16:33:16,out,1.79,17.5,56.6,26.9,20.686,235.3,3.5
2025-09-23 16:33:41,2025-09-23,16:33:41,in,1.0,1310.8,0.0,27.4,9.199,318.9,1.63
2025-09-23 16:34:44,2025-09-23,16:34:44,in,0.56,1310.8,0.0,27.4,9.199,291.3,1.71
2025-09-23 16:34:47,2025-09-23,16:34:47,out,2.58,17.6,56.7,26.9,20.702,227.4,3.4
2025-09-23 16:35:48,2025-09-23,16:35:48,in,0.88,1310.8,0.0,27.4,9.199,335.4,2.44
2025-09-23 16:35:50,2025-09-23,16:35:50,out,3.13,17.4,55.9,27.0,20.665,230.1,3.86
2025-09-23 16:36:52,2025-09-23,16:36:52,in,0.39,1310.8,0.0,27.5,9.24,147.1,0.73
2025-09-23 16:36:54,2025-09-23,16:36:54,out,3.0,17.5,55.8,27.1,20.738,259.8,4.12
2025-09-23 16:37:55,2025-09-23,16:37:55,in,0.44,1310.8,0.0,27.5,9.24,290.0,1.74
2025-09-23 16:37:58,2025-09-23,16:37:58,out,3.41,17.7,56.4,27.1,20.832,246.2,4.66
2025-09-23 16:38:58,2025-09-23,16:38:58,in,0.93,1310.8,0.0,27.5,9.24,352.2,1.68
2025-09-23 16:39:01,2025-09-23,16:39:01,out,3.76,17.6,56.4,27.0,20.743,257.7,4.6
2025-09-23 16:40:02,2025-09-23,16:40:02,in,0.95,1310.8,0.0,27.5,9.24,319.6,2.49
2025-09-23 16:40:04,2025-09-23,16:40:04,out,3.96,17.8,57.6,26.9,20.842,231.7,6.37
2025-09-23 16:41:06,2025-09-23,16:41:06,in,1.69,1310.8,0.0,27.5,9.24,308.5,1.89
2025-09-23 16:41:08,2025-09-23,16:41:08,out,3.27,17.9,58.2,26.8,20.846,219.6,4.2
2025-09-23 16:42:09,2025-09-23,16:42:09,in,1.73,1310.8,0.0,27.5,9.24,318.1,2.59
2025-09-23 16:42:12,2025-09-23,16:42:12,out,4.05,17.9,58.2,26.8,20.846,215.3,5.42
2025-09-23 16:43:12,2025-09-23,16:43:12,in,1.18,1310.8,0.0,27.5,9.24,339.1,1.92
2025-09-23 16:43:15,2025-09-23,16:43:15,out,0.85,18.0,58.7,26.7,20.833,191.5,4.14
2025-09-23 16:44:16,2025-09-23,16:44:16,in,1.07,1310.8,0.0,27.5,9.24,337.9,1.84
2025-09-23 16:44:18,2025-09-23,16:44:18,out,1.81,17.9,58.4,26.7,20.787,254.5,3.55
2025-09-23 16:45:20,2025-09-23,16:45:20,in,0.27,1310.8,0.0,27.4,9.199,305.6,1.65
2025-09-23 16:45:22,2025-09-23,16:45:22,out,0.83,17.9,58.5,26.7,20.803,207.1,2.66
2025-09-23 16:46:24,2025-09-23,16:46:24,in,1.88,,,1310.8,,27.4,0.0
2025-09-23 16:46:26,2025-09-23,16:46:26,out,2.2,18.0,58.7,26.8,20.923,248.0,3.94
2025-09-23 16:47:26,2025-09-23,16:47:26,in,0.14,1310.8,0.0,27.4,9.199,297.2,1.72
2025-09-23 16:47:30,2025-09-23,16:47:30,out,2.26,17.8,57.9,26.8,20.799,205.4,3.62
2025-09-23 16:48:30,2025-09-23,16:48:30,in,0.68,1310.8,0.0,27.4,9.199,311.8,1.9
2025-09-23 16:48:33,2025-09-23,16:48:33,out,3.94,17.3,56.5,26.7,20.493,231.4,5.4
2025-09-23 16:49:34,2025-09-23,16:49:34,in,1.99,,,1310.8,,27.4,0.0
2025-09-23 16:49:36,2025-09-23,16:49:36,out,2.66,17.3,56.9,26.6,20.467,240.5,3.76
2025-09-23 16:50:37,2025-09-23,16:50:37,in,1.36,1310.8,0.0,27.2,9.116,343.0,2.09
2025-09-23 16:50:40,2025-09-23,16:50:40,out,3.98,17.6,57.5,26.7,20.648,236.6,5.21
2025-09-23 16:51:40,2025-09-23,16:51:40,in,0.86,1310.8,0.0,27.2,9.116,349.3,1.66
2025-09-23 16:51:44,2025-09-23,16:51:44,out,3.51,17.7,58.1,26.6,20.652,281.4,4.04
2025-09-23 16:52:44,2025-09-23,16:52:44,in,0.68,1310.8,0.0,27.2,9.116,347.4,1.42
2025-09-23 16:52:47,2025-09-23,16:52:47,out,2.9,17.8,58.1,26.7,20.741,221.9,5.59
2025-09-23 16:53:48,2025-09-23,16:53:48,in,1.48,1310.8,0.0,27.2,9.116,301.9,2.12
2025-09-23 16:53:50,2025-09-23,16:53:50,out,1.35,18.0,58.5,26.7,20.803,215.4,5.26
2025-09-23 16:54:51,2025-09-23,16:54:51,in,0.57,1310.8,0.0,27.3,9.157,295.5,2.98
2025-09-23 16:54:54,2025-09-23,16:54:54,out,2.07,18.0,58.8,26.7,20.849,206.3,4.09
2025-09-23 16:55:54,2025-09-23,16:55:54,in,1.7,1310.8,0.0,27.3,9.157,321.2,2.85
2025-09-23 16:55:58,2025-09-23,16:55:58,out,4.32,17.6,57.7,26.7,20.679,232.2,5.13
2025-09-23 16:56:58,2025-09-23,16:56:58,in,0.39,1310.8,0.0,27.3,9.157,354.1,1.81
2025-09-23 16:57:01,2025-09-23,16:57:01,out,2.17,17.6,57.9,26.6,20.621,210.2,4.24
2025-09-23 16:58:02,2025-09-23,16:58:02,in,0.95,1310.8,0.0,27.3,9.157,334.5,2.08
2025-09-23 16:58:04,2025-09-23,16:58:04,out,2.94,17.7,58.3,26.6,20.683,215.0,3.84
2025-09-23 16:59:05,2025-09-23,16:59:05,in,0.79,1310.8,0.0,27.2,9.116,313.0,2.11
2025-09-23 16:59:08,2025-09-23,16:59:08,out,3.94,18.0,59.0,26.7,20.879,212.6,5.5
2025-09-23 17:00:08,2025-09-23,17:00:08,in,0.92,1310.8,0.0,27.2,9.116,314.4,1.76
2025-09-23 17:00:12,2025-09-23,17:00:12,out,2.93,18.2,59.6,26.7,20.971,210.4,4.43
2025-09-23 17:01:12,2025-09-23,17:01:12,in,0.89,1310.8,0.0,27.2,9.116,312.2,2.53
2025-09-23 17:01:15,2025-09-23,17:01:15,out,4.04,18.1,59.3,26.7,20.925,232.7,4.78
2025-09-23 17:02:16,2025-09-23,17:02:16,in,0.69,1310.8,0.0,27.2,9.116,338.4,2.07
2025-09-23 17:02:18,2025-09-23,17:02:18,out,3.24,18.0,59.5,26.6,20.866,231.7,5.27
2025-09-23 17:03:19,2025-09-23,17:03:19,in,1.48,1310.8,0.0,27.1,9.075,323.7,2.22
2025-09-23 17:03:22,2025-09-23,17:03:22,out,1.97,18.2,60.2,26.6,20.973,242.7,2.48
2025-09-23 17:04:22,2025-09-23,17:04:22,in,0.54,1310.8,0.0,27.1,9.075,335.8,2.23
2025-09-23 17:04:26,2025-09-23,17:04:26,out,3.16,17.9,58.8,26.6,20.759,237.4,5.08
2025-09-23 17:05:26,2025-09-23,17:05:26,in,1.35,1310.8,0.0,27.0,9.033,337.0,1.9
2025-09-23 17:05:29,2025-09-23,17:05:29,out,2.22,17.9,58.9,26.6,20.774,239.4,4.84
2025-09-23 17:06:30,2025-09-23,17:06:30,in,1.7,1310.8,0.0,27.0,9.033,322.8,2.86
2025-09-23 17:06:32,2025-09-23,17:06:32,out,4.06,17.7,58.3,26.6,20.683,240.9,5.03
2025-09-23 17:07:33,2025-09-23,17:07:33,in,0.37,1310.8,0.0,27.0,9.033,348.0,2.0
2025-09-23 17:07:36,2025-09-23,17:07:36,out,2.74,17.7,58.1,26.6,20.652,244.6,5.8
2025-09-23 17:08:37,2025-09-23,17:08:37,in,1.24,1310.8,0.0,27.1,9.075,341.8,1.9
2025-09-23 17:08:40,2025-09-23,17:08:40,out,2.63,17.6,57.4,26.7,20.633,252.0,4.07
2025-09-23 17:09:40,2025-09-23,17:09:40,in,0.9,1310.8,0.0,27.0,9.033,343.1,2.08
2025-09-23 17:09:43,2025-09-23,17:09:43,out,0.72,17.5,57.2,26.7,20.602,230.3,2.58
2025-09-23 17:10:44,2025-09-23,17:10:44,in,1.15,1310.8,0.0,27.0,9.033,310.5,2.79
2025-09-23 17:10:46,2025-09-23,17:10:46,out,2.48,17.7,57.6,26.8,20.753,250.6,4.5
2025-09-23 17:11:47,2025-09-23,17:11:47,in,1.36,1310.8,0.0,27.1,9.075,323.9,2.28
2025-09-23 17:11:50,2025-09-23,17:11:50,out,1.78,17.8,57.6,26.9,20.842,262.1,4.55
2025-09-23 17:12:50,2025-09-23,17:12:50,in,0.06,1310.8,0.0,27.0,9.033,314.9,2.12
2025-09-23 17:12:54,2025-09-23,17:12:54,out,1.01,17.8,57.6,26.9,20.842,200.4,2.95
2025-09-23 17:13:54,2025-09-23,17:13:54,in,1.29,1310.8,0.0,27.0,9.033,335.5,2.49
2025-09-23 17:13:57,2025-09-23,17:13:57,out,3.55,17.7,56.9,27.0,20.822,238.0,5.09
2025-09-23 17:14:58,2025-09-23,17:14:58,in,0.83,1310.8,0.0,27.0,9.033,327.8,1.79
2025-09-23 17:15:00,2025-09-23,17:15:00,out,2.98,17.9,58.1,26.8,20.83,239.2,4.64
2025-09-23 17:16:01,2025-09-23,17:16:01,in,0.53,1310.8,0.0,26.9,8.992,331.0,1.8
2025-09-23 17:16:04,2025-09-23,17:16:04,out,2.38,17.9,58.6,26.7,20.818,241.6,3.81
2025-09-23 17:17:04,2025-09-23,17:17:04,in,1.31,1310.8,0.0,26.9,8.992,320.6,2.0
2025-09-23 17:17:08,2025-09-23,17:17:08,out,1.41,18.0,58.8,26.7,20.849,247.0,2.66
2025-09-23 17:18:08,2025-09-23,17:18:08,in,0.95,1310.8,0.0,26.8,8.95,336.9,2.49
2025-09-23 17:18:11,2025-09-23,17:18:11,out,1.64,18.2,59.6,26.7,20.971,236.1,5.46
2025-09-23 17:19:12,2025-09-23,17:19:12,in,1.12,1310.8,0.0,26.8,8.95,325.0,1.89
2025-09-23 17:19:14,2025-09-23,17:19:14,out,2.71,18.0,59.1,26.7,20.895,237.3,3.31
2025-09-23 17:20:16,2025-09-23,17:20:16,in,1.99,1310.8,0.0,26.8,8.95,311.1,2.72
2025-09-23 17:20:18,2025-09-23,17:20:18,out,3.74,17.9,58.9,26.6,20.774,233.8,4.34
2025-09-23 17:21:18,2025-09-23,17:21:18,in,0.52,1310.8,0.0,26.7,8.909,6.9,3.03
2025-09-23 17:21:22,2025-09-23,17:21:22,out,3.12,18.0,59.6,26.5,20.792,233.8,5.62
2025-09-23 17:22:22,2025-09-23,17:22:22,in,0.62,1310.8,0.0,26.7,8.909,356.1,1.67
2025-09-23 17:22:25,2025-09-23,17:22:25,out,4.02,17.9,59.7,26.4,20.717,234.1,5.64
2025-09-23 17:23:26,2025-09-23,17:23:26,in,1.21,1310.8,0.0,26.6,8.867,335.7,1.67
2025-09-23 17:23:28,2025-09-23,17:23:28,out,2.96,18.0,60.1,26.3,20.688,226.2,4.78
2025-09-23 17:24:30,2025-09-23,17:24:30,in,1.57,1310.8,0.0,26.5,8.826,332.9,2.09
2025-09-23 17:24:32,2025-09-23,17:24:32,out,3.99,17.9,60.3,26.2,20.628,222.4,5.03
2025-09-23 17:25:33,2025-09-23,17:25:33,in,1.33,1310.8,0.0,26.5,8.826,328.3,2.19
2025-09-23 17:25:36,2025-09-23,17:25:36,out,3.95,17.8,60.0,26.2,20.583,218.2,5.54
2025-09-23 17:26:36,2025-09-23,17:26:36,in,1.34,1310.8,0.0,26.4,8.784,315.6,2.0
2025-09-23 17:26:39,2025-09-23,17:26:39,out,4.82,17.6,59.7,26.1,20.448,234.4,5.18
2025-09-23 17:27:40,2025-09-23,17:27:40,in,0.83,1310.8,0.0,26.4,8.784,319.1,1.56
2025-09-23 17:27:42,2025-09-23,17:27:42,out,2.89,17.5,59.6,26.0,20.343,234.1,4.75
2025-09-23 17:28:44,2025-09-23,17:28:44,in,0.96,1310.8,0.0,26.4,8.784,333.2,2.0
2025-09-23 17:28:46,2025-09-23,17:28:46,out,1.78,17.5,59.7,26.0,20.358,242.4,2.95
2025-09-23 17:29:47,2025-09-23,17:29:47,in,2.23,1310.8,0.0,26.4,8.784,314.5,2.48
2025-09-23 17:29:50,2025-09-23,17:29:50,out,2.5,17.5,59.2,26.1,20.372,214.9,3.77
2025-09-23 17:30:50,2025-09-23,17:30:50,in,0.81,1310.8,0.0,26.4,8.784,300.6,2.37
2025-09-23 17:30:53,2025-09-23,17:30:53,out,2.36,17.6,59.2,26.2,20.462,220.1,3.4
2025-09-23 17:31:54,2025-09-23,17:31:54,in,1.46,1310.8,0.0,26.5,8.826,319.8,2.32
2025-09-23 17:31:56,2025-09-23,17:31:56,out,3.39,17.5,58.8,26.2,20.401,222.0,4.8
2025-09-23 17:32:58,2025-09-23,17:32:58,in,1.54,1310.8,0.0,26.4,8.784,312.0,2.16
2025-09-23 17:33:00,2025-09-23,17:33:00,out,0.72,17.7,59.5,26.2,20.507,252.0,3.48
2025-09-23 17:34:01,2025-09-23,17:34:01,in,1.67,1310.8,0.0,26.5,8.826,320.4,2.31
2025-09-23 17:34:04,2025-09-23,17:34:04,out,1.16,17.7,59.5,26.2,20.507,211.8,2.35
2025-09-23 17:35:04,2025-09-23,17:35:04,in,1.8,1310.8,0.0,26.5,8.826,322.3,2.47
2025-09-23 17:35:08,2025-09-23,17:35:08,out,2.12,17.6,58.8,26.3,20.491,229.3,3.29
2025-09-23 17:36:08,2025-09-23,17:36:08,in,1.29,1310.8,0.0,26.5,8.826,316.1,1.8
2025-09-23 17:36:11,2025-09-23,17:36:11,out,2.37,17.7,59.1,26.3,20.536,205.5,4.34
2025-09-23 17:37:12,2025-09-23,17:37:12,in,1.44,1310.8,0.0,26.5,8.826,317.2,3.34
2025-09-23 17:37:14,2025-09-23,17:37:14,out,2.52,17.4,58.4,26.2,20.341,235.9,5.52
2025-09-23 17:38:15,2025-09-23,17:38:15,in,0.62,1310.8,0.0,26.5,8.826,329.8,1.66
2025-09-23 17:38:18,2025-09-23,17:38:18,out,2.76,17.3,58.3,26.2,20.326,228.1,5.71
2025-09-23 17:39:18,2025-09-23,17:39:18,in,1.3,1310.8,0.0,26.3,8.743,332.9,1.67
2025-09-23 17:39:22,2025-09-23,17:39:22,out,2.25,17.4,59.0,26.1,20.342,229.6,4.95
2025-09-23 17:40:22,2025-09-23,17:40:22,in,1.03,1310.8,0.0,26.3,8.743,322.0,1.57
2025-09-23 17:40:25,2025-09-23,17:40:25,out,1.88,17.3,58.8,26.0,20.223,226.4,4.0
2025-09-23 17:41:26,2025-09-23,17:41:26,in,0.87,1310.8,0.0,26.2,8.702,332.7,2.1
2025-09-23 17:41:28,2025-09-23,17:41:28,out,2.26,17.1,58.3,26.0,20.147,237.6,4.03
2025-09-23 17:42:29,2025-09-23,17:42:29,in,1.13,1310.8,0.0,26.2,8.702,324.7,2.44
2025-09-23 17:42:32,2025-09-23,17:42:32,out,1.64,17.2,58.2,26.1,20.221,215.4,3.94
2025-09-23 17:43:32,2025-09-23,17:43:32,in,1.67,1310.8,0.0,26.3,8.743,317.1,2.19
2025-09-23 17:43:36,2025-09-23,17:43:36,out,1.89,17.0,57.3,26.1,20.084,210.2,2.91
2025-09-23 17:44:36,2025-09-23,17:44:36,in,1.28,1310.8,0.0,26.2,8.702,323.8,1.85
2025-09-23 17:44:39,2025-09-23,17:44:39,out,1.72,17.0,57.4,26.1,20.099,194.1,2.24
2025-09-23 17:45:40,2025-09-23,17:45:40,in,1.16,1310.8,0.0,26.2,8.702,322.3,2.28
2025-09-23 17:45:42,2025-09-23,17:45:42,out,1.49,17.1,57.6,26.1,20.13,222.3,2.8
2025-09-23 17:46:43,2025-09-23,17:46:43,in,1.43,1310.8,0.0,26.1,8.66,317.8,2.13
2025-09-23 17:46:46,2025-09-23,17:46:46,out,1.85,17.2,57.7,26.2,20.234,264.1,3.03
2025-09-23 17:47:46,2025-09-23,17:47:46,in,1.45,1310.8,0.0,26.2,8.702,329.8,2.31
2025-09-23 17:47:50,2025-09-23,17:47:50,out,1.34,17.2,57.7,26.2,20.234,223.5,2.83
2025-09-23 17:48:50,2025-09-23,17:48:50,in,1.6,1310.8,0.0,26.2,8.702,324.8,2.13
2025-09-23 17:48:53,2025-09-23,17:48:53,out,3.72,17.0,57.3,26.2,20.173,223.6,4.1
2025-09-23 17:49:54,2025-09-23,17:49:54,in,1.09,1310.8,0.0,26.2,8.702,317.6,2.13
2025-09-23 17:49:56,2025-09-23,17:49:56,out,2.51,17.0,57.2,26.2,20.158,216.2,4.07
2025-09-23 17:50:57,2025-09-23,17:50:57,in,1.32,1310.8,0.0,26.2,8.702,317.2,2.23
2025-09-23 17:51:00,2025-09-23,17:51:00,out,3.36,17.0,57.1,26.1,20.054,225.8,3.73
2025-09-23 17:52:00,2025-09-23,17:52:00,in,1.58,1310.8,0.0,26.1,8.66,316.5,2.29
2025-09-23 17:52:04,2025-09-23,17:52:04,out,2.72,17.0,57.5,26.0,20.026,217.2,4.03
2025-09-23 17:53:04,2025-09-23,17:53:04,in,1.28,1310.8,0.0,26.1,8.66,321.8,2.04
2025-09-23 17:53:07,2025-09-23,17:53:07,out,1.5,16.9,57.5,25.9,19.937,206.7,4.62
2025-09-23 17:54:08,2025-09-23,17:54:08,in,1.24,1310.8,0.0,26.0,8.619,315.5,2.01
2025-09-23 17:54:10,2025-09-23,17:54:10,out,1.26,16.9,57.6,25.9,19.952,233.1,3.06
2025-09-23 17:55:11,2025-09-23,17:55:11,in,1.19,1310.8,0.0,26.0,8.619,325.0,1.84
2025-09-23 17:55:14,2025-09-23,17:55:14,out,2.4,16.8,57.2,25.9,19.891,236.4,3.13
2025-09-23 17:56:14,2025-09-23,17:56:14,in,1.0,1310.8,0.0,25.9,8.577,332.4,1.98
2025-09-23 17:56:18,2025-09-23,17:56:18,out,3.2,16.9,57.5,25.9,19.937,244.4,4.42
2025-09-23 17:57:18,2025-09-23,17:57:18,in,1.07,1310.8,0.0,25.9,8.577,340.6,1.87
2025-09-23 17:57:21,2025-09-23,17:57:21,out,1.57,17.0,57.8,25.9,19.982,267.6,4.46
2025-09-23 17:58:22,2025-09-23,17:58:22,in,1.08,1310.8,0.0,25.8,8.536,339.6,1.65
2025-09-23 17:58:24,2025-09-23,17:58:24,out,2.14,16.8,57.7,25.8,19.878,227.9,2.89
2025-09-23 17:59:25,2025-09-23,17:59:25,in,0.84,1310.8,0.0,25.8,8.536,332.0,1.54
2025-09-23 17:59:28,2025-09-23,17:59:28,out,1.76,16.9,57.9,25.8,19.908,244.3,2.17
2025-09-23 18:00:28,2025-09-23,18:00:28,in,1.33,1310.8,0.0,25.8,8.536,331.6,2.19
2025-09-23 18:00:32,2025-09-23,18:00:32,out,1.86,16.9,58.0,25.8,19.923,258.0,2.87
2025-09-23 18:01:32,2025-09-23,18:01:32,in,1.14,1310.8,0.0,25.7,8.494,335.5,2.05
2025-09-23 18:01:35,2025-09-23,18:01:35,out,1.96,16.9,57.8,25.8,19.893,238.0,3.4
2025-09-23 18:02:36,2025-09-23,18:02:36,in,1.67,1310.8,0.0,25.7,8.494,331.1,1.98
2025-09-23 18:02:38,2025-09-23,18:02:38,out,2.95,16.8,57.7,25.8,19.878,239.2,3.77
2025-09-23 18:03:39,2025-09-23,18:03:39,in,0.99,1310.8,0.0,25.7,8.494,351.8,2.3
2025-09-23 18:03:42,2025-09-23,18:03:42,out,3.07,16.8,57.8,25.7,19.804,248.9,3.31
2025-09-23 18:04:42,2025-09-23,18:04:42,in,1.26,1310.8,0.0,25.7,8.494,329.9,2.12
2025-09-23 18:04:46,2025-09-23,18:04:46,out,3.26,16.8,58.0,25.7,19.834,264.7,3.86
2025-09-23 18:05:46,2025-09-23,18:05:46,in,1.32,1310.8,0.0,25.6,8.453,342.3,2.17
2025-09-23 18:05:49,2025-09-23,18:05:49,out,1.74,16.9,58.3,25.7,19.879,254.2,3.05
2025-09-23 18:06:50,2025-09-23,18:06:50,in,0.89,1310.8,0.0,25.6,8.453,340.0,2.28
2025-09-23 18:06:52,2025-09-23,18:06:52,out,2.37,16.9,58.4,25.6,19.805,238.4,2.93
2025-09-23 18:07:53,2025-09-23,18:07:53,in,1.28,1310.8,0.0,25.6,8.453,315.9,1.9
2025-09-23 18:07:56,2025-09-23,18:07:56,out,2.34,16.9,58.5,25.6,19.82,228.3,2.54
2025-09-23 18:08:56,2025-09-23,18:08:56,in,1.18,1310.8,0.0,25.5,8.411,320.7,2.13
2025-09-23 18:09:00,2025-09-23,18:09:00,out,2.23,16.9,58.6,25.6,19.835,231.0,2.98
2025-09-23 18:10:00,2025-09-23,18:10:00,in,1.07,1310.8,0.0,25.5,8.411,326.5,2.18
2025-09-23 18:10:03,2025-09-23,18:10:03,out,1.46,16.9,58.8,25.5,19.775,247.5,2.76
2025-09-23 18:11:04,2025-09-23,18:11:04,in,0.48,1310.8,0.0,25.5,8.411,354.5,1.89
2025-09-23 18:11:06,2025-09-23,18:11:06,out,1.82,16.8,58.7,25.5,19.761,219.1,3.45
2025-09-23 18:12:07,2025-09-23,18:12:07,in,0.86,1310.8,0.0,25.4,8.37,318.1,1.97
2025-09-23 18:12:10,2025-09-23,18:12:10,out,1.65,16.7,58.7,25.4,19.671,197.3,2.95
2025-09-23 18:13:10,2025-09-23,18:13:10,in,0.44,1310.8,0.0,25.4,8.37,10.3,2.12
2025-09-23 18:13:14,2025-09-23,18:13:14,out,1.22,16.7,59.0,25.3,19.626,244.0,2.89
2025-09-23 18:14:14,2025-09-23,18:14:14,in,1.33,1310.8,0.0,25.3,8.328,314.7,2.39
2025-09-23 18:14:17,2025-09-23,18:14:17,out,1.93,16.7,58.9,25.3,19.611,211.0,2.85
2025-09-23 18:15:18,2025-09-23,18:15:18,in,1.59,1310.8,0.0,25.3,8.328,311.1,2.04
2025-09-23 18:15:21,2025-09-23,18:15:21,out,1.92,16.6,59.0,25.2,19.537,213.8,3.27
2025-09-23 18:16:21,2025-09-23,18:16:21,in,0.21,1310.8,0.0,25.3,8.328,90.4,1.7
2025-09-23 18:16:24,2025-09-23,18:16:24,out,2.95,16.6,59.3,25.1,19.491,235.8,3.63
2025-09-23 18:17:24,2025-09-23,18:17:24,in,0.25,1310.8,0.0,25.3,8.328,83.2,0.45
2025-09-23 18:17:28,2025-09-23,18:17:28,out,1.55,16.6,59.5,25.1,19.521,232.9,3.29
2025-09-23 18:18:28,2025-09-23,18:18:28,in,0.12,1310.8,0.0,25.3,8.328,79.7,0.52
2025-09-23 18:18:32,2025-09-23,18:18:32,out,2.02,16.7,59.6,25.1,19.536,259.1,2.57
2025-09-23 18:19:32,2025-09-23,18:19:32,in,0.51,1310.8,0.0,25.3,8.328,341.2,0.71
2025-09-23 18:19:35,2025-09-23,18:19:35,out,2.4,16.6,59.6,25.0,19.446,247.4,2.77
2025-09-23 18:20:35,2025-09-23,18:20:35,in,0.26,1310.8,0.0,25.3,8.328,21.5,0.89
2025-09-23 18:20:38,2025-09-23,18:20:38,out,1.87,16.6,59.7,25.0,19.461,246.5,2.22
2025-09-23 18:21:38,2025-09-23,18:21:38,in,0.13,1310.8,0.0,25.3,8.328,42.7,0.29
2025-09-23 18:21:42,2025-09-23,18:21:42,out,1.77,16.6,59.8,25.0,19.475,240.9,2.59
2025-09-23 18:22:42,2025-09-23,18:22:42,in,0.21,1310.8,0.0,25.3,8.328,0.4,0.67
2025-09-23 18:22:46,2025-09-23,18:22:46,out,2.33,16.6,59.7,25.0,19.461,266.6,3.21
2025-09-23 18:23:46,2025-09-23,18:23:46,in,0.25,1310.8,0.0,25.3,8.328,86.6,0.48
2025-09-23 18:23:49,2025-09-23,18:23:49,out,2.31,16.5,59.8,24.9,19.385,248.6,3.82
2025-09-23 18:24:50,2025-09-23,18:24:50,in,0.27,1310.8,0.0,25.3,8.328,22.5,0.46
2025-09-23 18:24:52,2025-09-23,18:24:52,out,1.38,16.5,59.6,24.9,19.356,218.0,2.34
2025-09-23 18:25:52,2025-09-23,18:25:52,in,0.16,1310.8,0.0,25.3,8.328,112.2,0.46
2025-09-23 18:25:56,2025-09-23,18:25:56,out,1.51,16.3,59.2,24.8,19.208,205.1,2.39
2025-09-23 18:26:56,2025-09-23,18:26:56,in,0.16,1310.8,0.0,25.3,8.328,17.3,0.87
2025-09-23 18:27:00,2025-09-23,18:27:00,out,1.26,16.2,59.1,24.8,19.193,234.6,2.48
2025-09-23 18:28:00,2025-09-23,18:28:00,in,0.25,1310.8,0.0,25.2,8.287,102.4,0.42
2025-09-23 18:28:03,2025-09-23,18:28:03,out,2.09,16.1,59.1,24.7,19.104,237.3,2.5
2025-09-23 18:29:03,2025-09-23,18:29:03,in,0.22,1310.8,0.0,25.2,8.287,13.2,0.51
2025-09-23 18:29:06,2025-09-23,18:29:06,out,2.31,16.2,59.3,24.7,19.133,227.8,2.8
2025-09-23 18:30:07,2025-09-23,18:30:07,in,0.45,1310.8,0.0,25.2,8.287,59.2,0.8
2025-09-23 18:30:10,2025-09-23,18:30:10,out,2.04,16.4,59.9,24.7,19.22,236.2,3.3
2025-09-23 18:31:10,2025-09-23,18:31:10,in,0.11,1310.8,0.0,25.2,8.287,89.6,0.44
2025-09-23 18:31:14,2025-09-23,18:31:14,out,2.16,16.4,60.1,24.7,19.249,214.4,2.72
2025-09-23 18:32:14,2025-09-23,18:32:14,in,0.27,1310.8,0.0,25.2,8.287,102.3,0.45
2025-09-23 18:32:17,2025-09-23,18:32:17,out,1.62,16.5,60.6,24.6,19.232,203.0,3.61
2025-09-23 18:33:18,2025-09-23,18:33:18,in,0.37,1310.8,0.0,25.2,8.287,183.8,0.5
2025-09-23 18:33:20,2025-09-23,18:33:20,out,1.45,16.5,60.8,24.6,19.261,226.2,2.52
2025-09-23 18:34:20,2025-09-23,18:34:20,in,0.15,1310.8,0.0,25.2,8.287,185.3,0.29
2025-09-23 18:34:24,2025-09-23,18:34:24,out,0.74,16.5,60.9,24.6,19.275,226.3,3.13
2025-09-23 18:35:24,2025-09-23,18:35:24,in,0.07,1310.8,0.0,25.1,8.246,148.6,0.31
2025-09-23 18:35:28,2025-09-23,18:35:28,out,2.1,16.4,60.8,24.5,19.171,239.1,3.24
2025-09-23 18:36:28,2025-09-23,18:36:28,in,0.23,1310.8,0.0,25.1,8.246,125.7,0.47
2025-09-23 18:36:31,2025-09-23,18:36:31,out,1.41,16.5,61.0,24.5,19.2,214.2,2.57
2025-09-23 18:37:32,2025-09-23,18:37:32,in,0.27,1310.8,0.0,25.1,8.246,25.0,0.54
2025-09-23 18:37:34,2025-09-23,18:37:34,out,1.56,16.5,61.2,24.5,19.228,224.2,2.49
2025-09-23 18:38:35,2025-09-23,18:38:35,in,0.18,1310.8,0.0,25.1,8.246,28.4,0.38
2025-09-23 18:38:38,2025-09-23,18:38:38,out,2.5,16.6,61.3,24.5,19.243,234.5,2.6
2025-09-23 18:39:38,2025-09-23,18:39:38,in,0.24,1310.8,0.0,25.1,8.246,98.4,0.36
2025-09-23 18:39:42,2025-09-23,18:39:42,out,1.31,16.6,61.4,24.5,19.257,230.2,2.35
2025-09-23 18:40:42,2025-09-23,18:40:42,in,0.16,1310.8,0.0,25.1,8.246,49.0,0.33
2025-09-23 18:40:45,2025-09-23,18:40:45,out,1.06,16.5,61.6,24.4,19.195,256.0,2.85
2025-09-23 18:41:46,2025-09-23,18:41:46,in,0.33,1310.8,0.0,25.0,8.204,113.4,0.46
2025-09-23 18:41:48,2025-09-23,18:41:48,out,1.46,16.6,61.7,24.4,19.21,215.5,2.7
2025-09-23 18:42:49,2025-09-23,18:42:49,in,0.22,1310.8,0.0,25.0,8.204,23.5,0.45
2025-09-23 18:42:52,2025-09-23,18:42:52,out,2.12,16.6,61.9,24.4,19.238,221.9,2.48
2025-09-23 18:43:52,2025-09-23,18:43:52,in,0.28,1310.8,0.0,25.0,8.204,50.7,0.38
2025-09-23 18:43:56,2025-09-23,18:43:56,out,1.04,16.6,62.0,24.4,19.253,254.2,2.41
2025-09-23 18:44:56,2025-09-23,18:44:56,in,0.28,1310.8,0.0,25.0,8.204,13.7,0.38
2025-09-23 18:44:59,2025-09-23,18:44:59,out,1.43,16.7,62.1,24.4,19.267,215.1,2.42
2025-09-23 18:46:00,2025-09-23,18:46:00,in,0.1,1310.8,0.0,25.0,8.204,358.7,0.26
2025-09-23 18:46:02,2025-09-23,18:46:02,out,0.83,16.6,62.2,24.3,19.191,238.2,2.11
2025-09-23 18:47:03,2025-09-23,18:47:03,in,0.1,1310.8,0.0,24.9,8.163,82.0,0.31
2025-09-23 18:47:06,2025-09-23,18:47:06,out,1.86,16.6,62.3,24.3,19.205,239.4,2.81
2025-09-23 18:48:06,2025-09-23,18:48:06,in,0.19,1310.8,0.0,24.9,8.163,104.1,0.32
2025-09-23 18:48:10,2025-09-23,18:48:10,out,2.05,16.6,62.4,24.3,19.219,237.4,2.87
2025-09-23 18:49:10,2025-09-23,18:49:10,in,0.18,1310.8,0.0,24.9,8.163,103.3,0.35
2025-09-23 18:49:13,2025-09-23,18:49:13,out,1.37,16.7,62.5,24.3,19.233,209.1,2.68
2025-09-23 18:50:14,2025-09-23,18:50:14,in,0.4,1310.8,0.0,24.9,8.163,334.8,0.59
2025-09-23 18:50:16,2025-09-23,18:50:16,out,1.95,16.6,62.5,24.2,19.143,233.3,2.19
2025-09-23 18:51:17,2025-09-23,18:51:17,in,0.18,1310.8,0.0,24.9,8.163,0.4,0.55
2025-09-23 18:51:20,2025-09-23,18:51:20,out,1.7,16.6,62.6,24.2,19.157,242.5,3.09
2025-09-23 18:52:20,2025-09-23,18:52:20,in,0.14,1310.8,0.0,24.8,8.121,26.0,0.35
2025-09-23 18:52:24,2025-09-23,18:52:24,out,1.57,16.7,62.9,24.2,19.2,228.0,3.13
2025-09-23 18:53:24,2025-09-23,18:53:24,in,0.2,1310.8,0.0,24.8,8.121,351.8,0.3
2025-09-23 18:53:27,2025-09-23,18:53:27,out,2.25,16.7,63.0,24.2,19.214,233.8,2.44
2025-09-23 18:54:28,2025-09-23,18:54:28,in,0.07,1310.8,0.0,24.8,8.121,45.2,0.3
2025-09-23 18:54:30,2025-09-23,18:54:30,out,1.49,16.7,63.1,24.2,19.228,227.5,2.44
2025-09-23 18:55:31,2025-09-23,18:55:31,in,0.21,1310.8,0.0,24.8,8.121,356.5,0.39
2025-09-23 18:55:34,2025-09-23,18:55:34,out,1.31,16.6,63.1,24.1,19.137,242.7,1.78
2025-09-23 18:56:34,2025-09-23,18:56:34,in,1.05,1310.8,0.0,24.6,8.038,334.0,1.79
2025-09-23 18:56:38,2025-09-23,18:56:38,out,1.84,16.7,63.2,24.1,19.151,230.4,2.26
2025-09-23 18:57:38,2025-09-23,18:57:38,in,1.16,1310.8,0.0,24.5,7.997,323.5,1.87
2025-09-23 18:57:41,2025-09-23,18:57:41,out,0.95,16.7,63.3,24.1,19.165,218.5,2.49
2025-09-23 18:58:42,2025-09-23,18:58:42,in,1.01,1310.8,0.0,24.5,7.997,335.3,1.67
2025-09-23 18:58:44,2025-09-23,18:58:44,out,1.83,16.7,63.4,24.1,19.179,231.7,2.4
2025-09-23 18:59:45,2025-09-23,18:59:45,in,0.6,1310.8,0.0,24.4,7.955,349.3,1.94
2025-09-23 18:59:48,2025-09-23,18:59:48,out,1.84,16.8,63.6,24.1,19.208,243.7,2.83
2025-09-23 19:00:48,2025-09-23,19:00:48,in,0.6,1310.8,0.0,24.4,7.955,337.2,1.81
2025-09-23 19:00:52,2025-09-23,19:00:52,out,2.2,16.8,63.8,24.1,19.236,249.7,3.41
2025-09-23 19:01:52,2025-09-23,19:01:52,in,0.97,1310.8,0.0,24.3,7.914,345.1,2.25
2025-09-23 19:01:55,2025-09-23,19:01:55,out,1.61,16.7,63.9,24.0,19.159,233.6,2.66
2025-09-23 19:02:56,2025-09-23,19:02:56,in,1.32,1310.8,0.0,24.3,7.914,332.6,2.02
2025-09-23 19:02:58,2025-09-23,19:02:58,out,2.4,16.8,64.1,24.0,19.187,236.6,3.36
2025-09-23 19:03:59,2025-09-23,19:03:59,in,1.53,1310.8,0.0,24.3,7.914,325.5,2.13
2025-09-23 19:04:02,2025-09-23,19:04:02,out,1.87,16.8,64.2,24.0,19.201,232.3,3.2
2025-09-23 19:05:02,2025-09-23,19:05:02,in,0.91,1310.8,0.0,24.3,7.914,335.1,1.74
2025-09-23 19:05:06,2025-09-23,19:05:06,out,2.39,16.8,64.3,24.0,19.215,245.4,2.63
2025-09-23 19:06:06,2025-09-23,19:06:06,in,0.83,1310.8,0.0,24.2,7.872,330.6,2.12
2025-09-23 19:06:09,2025-09-23,19:06:09,out,2.17,16.8,64.5,23.9,19.152,244.8,2.82
2025-09-23 19:07:10,2025-09-23,19:07:10,in,1.14,1310.8,0.0,24.2,7.872,333.7,1.71
2025-09-23 19:07:12,2025-09-23,19:07:12,out,1.75,16.9,64.7,23.9,19.18,233.3,2.89
2025-09-23 19:08:13,2025-09-23,19:08:13,in,1.31,1310.8,0.0,24.2,7.872,336.5,2.22
2025-09-23 19:08:16,2025-09-23,19:08:16,out,1.37,16.9,64.8,23.9,19.194,259.2,2.6
2025-09-23 19:09:16,2025-09-23,19:09:16,in,2.16,,,1310.8,,24.2,0.0
2025-09-23 19:09:20,2025-09-23,19:09:20,out,2.55,16.9,64.9,23.9,19.208,238.7,2.83
2025-09-23 19:10:20,2025-09-23,19:10:20,in,1.47,1310.8,0.0,24.1,7.831,326.9,2.19
2025-09-23 19:10:23,2025-09-23,19:10:23,out,2.17,16.9,65.0,23.9,19.222,243.0,2.69
2025-09-23 19:11:24,2025-09-23,19:11:24,in,1.18,1310.8,0.0,24.1,7.831,326.6,2.03
2025-09-23 19:11:26,2025-09-23,19:11:26,out,2.1,17.0,65.1,23.9,19.236,241.4,2.6
2025-09-23 19:12:27,2025-09-23,19:12:27,in,1.27,1310.8,0.0,24.1,7.831,331.9,1.77
2025-09-23 19:12:30,2025-09-23,19:12:30,out,1.76,17.0,65.1,23.9,19.236,235.7,1.94
2025-09-23 19:13:34,2025-09-23,19:13:34,out,2.1,16.9,65.3,23.8,19.172,244.3,2.54
2025-09-23 19:14:00,2025-09-23,19:14:00,in,0.6,1310.8,0.0,24.0,7.789,352.7,1.83
2025-09-23 19:14:37,2025-09-23,19:14:37,out,1.0,16.9,65.3,23.8,19.172,234.0,2.33
2025-09-23 19:15:02,2025-09-23,19:15:02,in,1.21,1310.8,0.0,24.0,7.789,328.8,1.82
2025-09-23 19:15:41,2025-09-23,19:15:41,out,1.46,16.9,65.4,23.8,19.186,236.5,2.23
2025-09-23 19:16:05,2025-09-23,19:16:05,in,1.46,1310.8,0.0,24.0,7.789,329.6,1.86
2025-09-23 19:16:44,2025-09-23,19:16:44,out,2.22,,,17.0,,23.8,6.55
2025-09-23 19:17:08,2025-09-23,19:17:08,in,1.38,1310.8,0.0,24.0,7.789,327.6,2.11
2025-09-23 19:17:48,2025-09-23,19:17:48,out,1.61,17.0,65.7,23.8,19.228,272.6,2.65
2025-09-23 19:18:12,2025-09-23,19:18:12,in,0.96,1310.8,0.0,24.0,7.789,336.4,2.02
2025-09-23 19:18:52,2025-09-23,19:18:52,out,1.5,17.0,65.7,23.8,19.228,230.9,2.44
2025-09-23 19:19:16,2025-09-23,19:19:16,in,0.74,1310.8,0.0,23.9,7.748,337.7,1.95
2025-09-23 19:19:55,2025-09-23,19:19:55,out,1.38,17.0,65.8,23.8,19.241,229.3,2.04
2025-09-23 19:20:18,2025-09-23,19:20:18,in,0.55,1310.8,0.0,23.9,7.748,338.3,1.96
2025-09-23 19:20:58,2025-09-23,19:20:58,out,1.18,17.0,65.9,23.7,19.163,244.1,2.09
2025-09-23 19:21:22,2025-09-23,19:21:22,in,1.85,,,1310.8,,23.9,0.0
2025-09-23 19:22:02,2025-09-23,19:22:02,out,1.29,17.0,66.0,23.7,19.177,236.0,1.71
2025-09-23 19:22:26,2025-09-23,19:22:26,in,0.72,1310.8,0.0,23.9,7.748,338.8,1.92
2025-09-23 19:23:06,2025-09-23,19:23:06,out,1.25,17.0,66.1,23.7,19.191,241.2,1.91
2025-09-23 19:23:30,2025-09-23,19:23:30,in,0.98,1310.8,0.0,23.9,7.748,321.2,1.74
2025-09-23 19:24:09,2025-09-23,19:24:09,out,1.67,17.0,66.2,23.7,19.205,251.7,2.22
2025-09-23 19:24:33,2025-09-23,19:24:33,in,1.18,1310.8,0.0,23.9,7.748,330.3,1.76
2025-09-23 19:25:12,2025-09-23,19:25:12,out,1.51,17.0,66.3,23.7,19.219,234.4,1.89
2025-09-23 19:25:36,2025-09-23,19:25:36,in,1.29,1310.8,0.0,23.8,7.706,328.5,1.88
2025-09-23 19:26:16,2025-09-23,19:26:16,out,1.28,17.0,66.4,23.7,19.233,234.4,1.99
2025-09-23 19:26:40,2025-09-23,19:26:40,in,1.34,1310.8,0.0,23.8,7.706,326.6,2.04
2025-09-23 19:27:20,2025-09-23,19:27:20,out,0.52,17.0,66.4,23.6,19.141,224.7,2.02
2025-09-23 19:27:44,2025-09-23,19:27:44,in,0.95,1310.8,0.0,23.8,7.706,322.6,1.79
2025-09-23 19:28:23,2025-09-23,19:28:23,out,1.02,17.0,66.5,23.6,19.155,229.6,1.72
2025-09-23 19:28:47,2025-09-23,19:28:47,in,0.72,1310.8,0.0,23.8,7.706,344.2,1.71
2025-09-23 19:29:26,2025-09-23,19:29:26,out,1.13,17.0,66.6,23.6,19.168,242.3,1.5
2025-09-23 19:29:50,2025-09-23,19:29:50,in,0.95,1310.8,0.0,23.8,7.706,334.6,2.03
2025-09-23 19:30:30,2025-09-23,19:30:30,out,0.93,17.0,66.7,23.6,19.182,229.8,1.51
2025-09-23 19:30:54,2025-09-23,19:30:54,in,1.14,1310.8,0.0,23.8,7.706,332.3,2.09
2025-09-23 19:31:34,2025-09-23,19:31:34,out,1.51,17.0,66.8,23.6,19.196,241.2,1.71
2025-09-23 19:31:58,2025-09-23,19:31:58,in,1.45,1310.8,0.0,23.7,7.665,315.9,1.92
2025-09-23 19:32:37,2025-09-23,19:32:37,out,1.56,17.1,66.9,23.6,19.21,239.1,1.82
2025-09-23 19:33:01,2025-09-23,19:33:01,in,1.48,1310.8,0.0,23.7,7.665,323.2,2.07
2025-09-23 19:33:40,2025-09-23,19:33:40,out,0.99,17.1,67.0,23.6,19.224,228.3,1.8
2025-09-23 19:34:04,2025-09-23,19:34:04,in,1.5,1310.8,0.0,23.7,7.665,323.8,2.17
2025-09-23 19:34:44,2025-09-23,19:34:44,out,1.68,17.0,67.1,23.5,19.145,251.2,1.85
2025-09-23 19:35:08,2025-09-23,19:35:08,in,1.74,1310.8,0.0,23.7,7.665,322.5,2.19
2025-09-23 19:35:48,2025-09-23,19:35:48,out,1.16,17.0,67.2,23.5,19.159,245.2,1.72
2025-09-23 19:36:12,2025-09-23,19:36:12,in,1.25,1310.8,0.0,23.6,7.623,326.1,2.32
2025-09-23 19:36:51,2025-09-23,19:36:51,out,1.06,17.1,67.3,23.5,19.173,247.5,1.52
2025-09-23 19:37:15,2025-09-23,19:37:15,in,1.16,1310.8,0.0,23.6,7.623,326.8,1.94
2025-09-23 19:37:54,2025-09-23,19:37:54,out,1.03,17.1,67.3,23.5,19.173,264.7,1.33
2025-09-23 19:38:18,2025-09-23,19:38:18,in,1.0,1310.8,0.0,23.6,7.623,327.9,2.3
2025-09-23 19:38:58,2025-09-23,19:38:58,out,1.08,17.1,67.4,23.5,19.186,251.4,1.49
2025-09-23 19:39:22,2025-09-23,19:39:22,in,1.22,1310.8,0.0,23.6,7.623,334.0,2.12
2025-09-23 19:40:02,2025-09-23,19:40:02,out,0.73,17.1,67.4,23.5,19.186,242.3,1.19
2025-09-23 19:40:26,2025-09-23,19:40:26,in,1.37,1310.8,0.0,23.6,7.623,327.9,1.83
2025-09-23 19:41:05,2025-09-23,19:41:05,out,0.99,17.1,67.5,23.5,19.2,229.5,1.15
2025-09-23 19:41:29,2025-09-23,19:41:29,in,1.17,1310.8,0.0,23.6,7.623,319.9,2.08
2025-09-23 19:42:08,2025-09-23,19:42:08,out,0.84,17.1,67.6,23.5,19.214,198.7,1.45
2025-09-23 19:42:32,2025-09-23,19:42:32,in,1.4,1310.8,0.0,23.6,7.623,324.5,2.04
2025-09-23 19:43:12,2025-09-23,19:43:12,out,1.05,17.0,67.6,23.4,19.121,209.8,1.29
2025-09-23 19:43:36,2025-09-23,19:43:36,in,1.53,1310.8,0.0,23.6,7.623,320.9,2.06
2025-09-23 19:44:16,2025-09-23,19:44:16,out,0.85,17.1,67.8,23.4,19.149,198.1,1.47
2025-09-23 19:44:40,2025-09-23,19:44:40,in,0.81,1310.8,0.0,23.6,7.623,319.8,1.93
2025-09-23 19:45:19,2025-09-23,19:45:19,out,1.29,17.1,67.9,23.4,19.162,223.1,1.56
2025-09-23 19:45:43,2025-09-23,19:45:43,in,1.13,1310.8,0.0,23.5,7.582,320.8,2.1
2025-09-23 19:46:23,2025-09-23,19:46:23,out,0.95,17.1,68.0,23.4,19.176,220.1,1.36
2025-09-23 19:46:46,2025-09-23,19:46:46,in,1.26,1310.8,0.0,23.5,7.582,326.1,1.98
2025-09-23 19:47:26,2025-09-23,19:47:26,out,1.31,17.1,68.1,23.4,19.19,228.5,1.47
2025-09-23 19:47:50,2025-09-23,19:47:50,in,1.2,1310.8,0.0,23.5,7.582,322.0,1.93
2025-09-23 19:48:30,2025-09-23,19:48:30,out,1.01,17.2,68.2,23.4,19.204,226.6,1.24
2025-09-23 19:48:54,2025-09-23,19:48:54,in,1.57,1310.8,0.0,23.5,7.582,323.6,1.97
2025-09-23 19:49:34,2025-09-23,19:49:34,out,0.68,17.1,68.2,23.3,19.111,225.4,1.16
2025-09-23 19:49:57,2025-09-23,19:49:57,in,1.04,1310.8,0.0,23.5,7.582,316.9,2.14
2025-09-23 19:50:37,2025-09-23,19:50:37,out,0.61,17.1,68.3,23.3,19.125,202.1,1.3
2025-09-23 19:51:00,2025-09-23,19:51:00,in,1.18,1310.8,0.0,23.4,7.54,323.1,1.91
2025-09-23 19:51:40,2025-09-23,19:51:40,out,1.08,17.1,68.5,23.3,19.152,230.0,1.53
2025-09-23 19:52:04,2025-09-23,19:52:04,in,1.45,1310.8,0.0,23.4,7.54,327.7,2.17
2025-09-23 19:52:44,2025-09-23,19:52:44,out,1.01,17.2,68.6,23.3,19.165,201.5,1.39
2025-09-23 19:53:08,2025-09-23,19:53:08,in,1.08,1310.8,0.0,23.4,7.54,323.2,1.68
2025-09-23 19:53:48,2025-09-23,19:53:48,out,0.64,17.2,68.6,23.3,19.165,224.0,1.12
2025-09-23 19:54:11,2025-09-23,19:54:11,in,1.31,1310.8,0.0,23.4,7.54,321.8,2.07
2025-09-23 19:54:51,2025-09-23,19:54:51,out,0.55,17.1,68.7,23.2,19.086,195.5,1.1
2025-09-23 19:55:14,2025-09-23,19:55:14,in,1.62,1310.8,0.0,23.4,7.54,322.5,2.25
2025-09-23 19:55:54,2025-09-23,19:55:54,out,0.59,17.1,68.7,23.2,19.086,212.9,1.05
2025-09-23 19:56:18,2025-09-23,19:56:18,in,1.48,1310.8,0.0,23.4,7.54,319.4,2.52
2025-09-23 19:56:58,2025-09-23,19:56:58,out,0.76,17.1,68.7,23.2,19.086,204.6,0.99
2025-09-23 19:57:22,2025-09-23,19:57:22,in,1.58,1310.8,0.0,23.3,7.499,323.0,1.91
2025-09-23 19:58:02,2025-09-23,19:58:02,out,0.58,17.1,68.7,23.2,19.086,210.9,1.1
2025-09-23 19:58:25,2025-09-23,19:58:25,in,1.23,1310.8,0.0,23.3,7.499,321.7,2.07
2025-09-23 19:59:05,2025-09-23,19:59:05,out,0.51,17.0,68.8,23.1,19.007,186.6,0.93
2025-09-23 19:59:28,2025-09-23,19:59:28,in,1.12,1310.8,0.0,23.3,7.499,315.0,1.88
2025-09-23 20:00:08,2025-09-23,20:00:08,out,0.73,17.0,68.8,23.1,19.007,206.7,0.89
2025-09-23 20:00:32,2025-09-23,20:00:32,in,1.35,1310.8,0.0,23.2,7.457,324.8,1.87
2025-09-23 20:01:12,2025-09-23,20:01:12,out,0.56,17.0,68.8,23.1,19.007,213.1,0.96
2025-09-23 20:01:36,2025-09-23,20:01:36,in,1.1,1310.8,0.0,23.2,7.457,317.5,2.01
2025-09-23 20:02:16,2025-09-23,20:02:16,out,0.39,17.0,68.8,23.1,19.007,199.2,0.84
2025-09-23 20:02:39,2025-09-23,20:02:39,in,1.17,1310.8,0.0,23.2,7.457,324.0,1.9
2025-09-23 20:03:19,2025-09-23,20:03:19,out,0.9,17.0,68.9,23.0,18.928,202.8,1.26
2025-09-23 20:03:42,2025-09-23,20:03:42,in,1.04,1310.8,0.0,23.2,7.457,324.2,2.08
2025-09-23 20:04:22,2025-09-23,20:04:22,out,0.71,17.0,68.9,23.0,18.928,203.7,0.83
2025-09-23 20:04:46,2025-09-23,20:04:46,in,1.33,1310.8,0.0,23.2,7.457,319.8,2.03
2025-09-23 20:05:26,2025-09-23,20:05:26,out,0.68,17.0,69.0,23.0,18.941,206.5,1.0
2025-09-23 20:05:50,2025-09-23,20:05:50,in,0.7,1310.8,0.0,23.1,7.416,316.8,1.5
2025-09-23 20:06:30,2025-09-23,20:06:30,out,0.91,17.0,69.0,23.0,18.941,203.6,1.08
2025-09-23 20:06:53,2025-09-23,20:06:53,in,0.74,1310.8,0.0,23.1,7.416,336.6,1.82
2025-09-23 20:07:33,2025-09-23,20:07:33,out,0.82,17.0,69.1,23.0,18.955,196.9,1.03
2025-09-23 20:07:56,2025-09-23,20:07:56,in,1.2,1310.8,0.0,23.1,7.416,322.8,2.05
2025-09-23 20:08:36,2025-09-23,20:08:36,out,0.76,17.0,69.1,22.9,18.862,210.4,1.06
2025-09-23 20:09:00,2025-09-23,20:09:00,in,1.18,1310.8,0.0,23.1,7.416,326.0,1.82
2025-09-23 20:09:40,2025-09-23,20:09:40,out,0.36,17.0,69.2,22.9,18.876,192.2,1.03
2025-09-23 20:10:04,2025-09-23,20:10:04,in,0.93,1310.8,0.0,23.0,7.374,321.6,1.79
2025-09-23 20:10:44,2025-09-23,20:10:44,out,0.41,17.0,69.2,22.9,18.876,191.6,0.72
2025-09-23 20:11:07,2025-09-23,20:11:07,in,1.12,1310.8,0.0,23.0,7.374,327.3,2.33
2025-09-23 20:11:47,2025-09-23,20:11:47,out,0.35,17.0,69.2,22.9,18.876,158.5,0.67
2025-09-23 20:12:10,2025-09-23,20:12:10,in,1.51,1310.8,0.0,23.0,7.374,320.7,2.23
2025-09-23 20:12:50,2025-09-23,20:12:50,out,0.51,16.9,69.2,22.8,18.783,159.3,0.66
2025-09-23 20:13:14,2025-09-23,20:13:14,in,1.55,1310.8,0.0,23.0,7.374,323.5,2.06
2025-09-23 20:13:54,2025-09-23,20:13:54,out,0.4,16.9,69.2,22.8,18.783,138.4,0.71
2025-09-23 20:14:18,2025-09-23,20:14:18,in,1.17,1310.8,0.0,22.9,7.333,326.6,2.2
2025-09-23 20:14:58,2025-09-23,20:14:58,out,0.55,16.9,69.3,22.8,18.796,133.8,0.83
2025-09-23 20:15:21,2025-09-23,20:15:21,in,1.36,1310.8,0.0,22.8,7.292,321.9,2.24
2025-09-23 20:16:01,2025-09-23,20:16:01,out,0.61,16.9,69.4,22.8,18.81,139.5,0.85
2025-09-23 20:16:24,2025-09-23,20:16:24,in,1.39,1310.8,0.0,22.8,7.292,317.4,2.25
2025-09-23 20:17:04,2025-09-23,20:17:04,out,0.44,16.9,69.3,22.8,18.796,144.7,0.78
2025-09-23 20:17:28,2025-09-23,20:17:28,in,1.43,1310.8,0.0,22.7,7.25,320.0,2.27
2025-09-23 20:18:08,2025-09-23,20:18:08,out,0.69,16.8,69.3,22.7,18.703,139.4,0.81
2025-09-23 20:18:32,2025-09-23,20:18:32,in,1.51,1310.8,0.0,22.7,7.25,325.6,2.13
2025-09-23 20:19:12,2025-09-23,20:19:12,out,0.54,16.8,69.4,22.7,18.717,141.3,0.98
2025-09-23 20:19:35,2025-09-23,20:19:35,in,1.04,1310.8,0.0,22.7,7.25,328.6,2.01
2025-09-23 20:20:15,2025-09-23,20:20:15,out,0.67,16.8,69.4,22.7,18.717,143.5,0.98
2025-09-23 20:20:38,2025-09-23,20:20:38,in,0.93,1310.8,0.0,22.7,7.25,337.1,1.8
2025-09-23 20:21:18,2025-09-23,20:21:18,out,0.67,16.8,69.5,22.7,18.73,141.2,0.86
2025-09-23 20:21:42,2025-09-23,20:21:42,in,1.14,1310.8,0.0,22.7,7.25,326.0,1.66
2025-09-23 20:22:22,2025-09-23,20:22:22,out,0.4,16.9,69.6,22.7,18.743,152.1,0.86
2025-09-23 20:22:46,2025-09-23,20:22:46,in,1.59,1310.8,0.0,22.7,7.25,322.3,2.04
2025-09-23 20:23:26,2025-09-23,20:23:26,out,0.66,16.9,69.6,22.7,18.743,134.3,0.81
2025-09-23 20:23:49,2025-09-23,20:23:49,in,1.23,1310.8,0.0,22.7,7.25,328.8,2.25
2025-09-23 20:24:29,2025-09-23,20:24:29,out,0.56,16.9,69.8,22.7,18.77,139.6,0.87
2025-09-23 20:24:52,2025-09-23,20:24:52,in,1.73,1310.8,0.0,22.7,7.25,324.1,2.07
2025-09-23 20:25:32,2025-09-23,20:25:32,out,0.73,16.9,69.9,22.7,18.784,138.5,0.86
2025-09-23 20:25:56,2025-09-23,20:25:56,in,1.47,1310.8,0.0,22.6,7.209,325.4,2.32
2025-09-23 20:26:36,2025-09-23,20:26:36,out,0.59,16.9,70.0,22.6,18.704,135.9,0.8
2025-09-23 20:27:00,2025-09-23,20:27:00,in,1.16,1310.8,0.0,22.7,7.25,317.6,1.63
2025-09-23 20:27:40,2025-09-23,20:27:40,out,0.31,17.0,70.1,22.7,18.81,149.3,0.92
2025-09-23 20:28:03,2025-09-23,20:28:03,in,1.11,1310.8,0.0,22.7,7.25,309.5,1.85
2025-09-23 20:28:43,2025-09-23,20:28:43,out,0.4,16.9,70.1,22.6,18.717,153.1,0.65
2025-09-23 20:29:06,2025-09-23,20:29:06,in,1.66,1310.8,0.0,22.7,7.25,323.9,1.95
2025-09-23 20:29:46,2025-09-23,20:29:46,out,0.26,16.9,70.1,22.6,18.717,172.1,0.36
2025-09-23 20:30:10,2025-09-23,20:30:10,in,1.7,1310.8,0.0,22.6,7.209,318.3,2.34
2025-09-23 20:30:50,2025-09-23,20:30:50,out,0.25,16.9,70.1,22.6,18.717,168.6,0.51
2025-09-23 20:31:14,2025-09-23,20:31:14,in,1.18,1310.8,0.0,22.6,7.209,321.1,2.04
2025-09-23 20:31:54,2025-09-23,20:31:54,out,0.45,16.9,70.1,22.6,18.717,150.8,0.64
2025-09-23 20:32:17,2025-09-23,20:32:17,in,1.35,1310.8,0.0,22.6,7.209,314.7,1.84
2025-09-23 20:32:57,2025-09-23,20:32:57,out,0.23,16.8,70.2,22.5,18.637,173.8,0.67
2025-09-23 20:33:20,2025-09-23,20:33:20,in,1.21,1310.8,0.0,22.6,7.209,320.3,2.08
2025-09-23 20:34:00,2025-09-23,20:34:00,out,0.27,16.8,70.2,22.5,18.637,148.7,0.53
2025-09-23 20:34:24,2025-09-23,20:34:24,in,1.46,1310.8,0.0,22.6,7.209,320.5,2.21
2025-09-23 20:35:04,2025-09-23,20:35:04,out,0.46,16.8,70.2,22.5,18.637,127.9,0.68
2025-09-23 20:35:28,2025-09-23,20:35:28,in,1.86,1310.8,0.0,22.6,7.209,320.8,2.15
2025-09-23 20:36:08,2025-09-23,20:36:08,out,0.44,16.8,70.3,22.5,18.651,145.4,0.74
2025-09-23 20:36:31,2025-09-23,20:36:31,in,1.65,1310.8,0.0,22.6,7.209,319.2,2.37
2025-09-23 20:37:11,2025-09-23,20:37:11,out,0.62,16.9,70.4,22.5,18.664,135.6,0.86
2025-09-23 20:37:34,2025-09-23,20:37:34,in,0.98,1310.8,0.0,22.6,7.209,320.9,2.38
2025-09-23 20:38:14,2025-09-23,20:38:14,out,0.92,16.9,70.5,22.5,18.677,143.1,1.02
2025-09-23 20:38:38,2025-09-23,20:38:38,in,1.28,1310.8,0.0,22.5,7.167,322.1,2.23
2025-09-23 20:39:18,2025-09-23,20:39:18,out,0.98,16.9,70.6,22.5,18.691,134.2,1.2
2025-09-23 20:39:42,2025-09-23,20:39:42,in,1.01,1310.8,0.0,22.5,7.167,326.6,1.92
2025-09-23 20:40:22,2025-09-23,20:40:22,out,1.1,16.9,70.8,22.5,18.717,133.0,1.22
2025-09-23 20:40:45,2025-09-23,20:40:45,in,1.28,1310.8,0.0,22.5,7.167,327.4,1.92
2025-09-23 20:41:25,2025-09-23,20:41:25,out,1.15,17.0,71.1,22.5,18.757,115.4,1.34
2025-09-23 20:41:48,2025-09-23,20:41:48,in,1.1,1310.8,0.0,22.5,7.167,323.0,2.34
2025-09-23 20:42:28,2025-09-23,20:42:28,out,1.04,17.0,71.2,22.5,18.77,118.8,1.34
2025-09-23 20:42:52,2025-09-23,20:42:52,in,1.64,1310.8,0.0,22.4,7.125,318.2,2.52
2025-09-23 20:43:32,2025-09-23,20:43:32,out,0.9,17.0,71.4,22.5,18.797,108.7,1.12
2025-09-23 20:43:56,2025-09-23,20:43:56,in,1.56,1310.8,0.0,22.4,7.125,321.3,2.15
2025-09-23 20:44:36,2025-09-23,20:44:36,out,0.88,17.1,71.5,22.5,18.81,124.3,0.99
2025-09-23 20:45:00,2025-09-23,20:45:00,in,1.49,1310.8,0.0,22.3,7.084,320.7,2.31
2025-09-23 20:45:39,2025-09-23,20:45:39,out,1.01,17.1,71.7,22.5,18.837,132.7,1.1
2025-09-23 20:46:04,2025-09-23,20:46:04,in,1.94,,,1310.8,,22.4,0.0
2025-09-23 20:46:43,2025-09-23,20:46:43,out,0.82,17.1,71.8,22.5,18.85,133.8,1.13
2025-09-23 20:47:06,2025-09-23,20:47:06,in,1.11,1310.8,0.0,22.4,7.125,320.6,1.98
2025-09-23 20:47:46,2025-09-23,20:47:46,out,0.82,17.2,72.0,22.5,18.877,135.8,1.03
2025-09-23 20:48:10,2025-09-23,20:48:10,in,1.31,1310.8,0.0,22.4,7.125,317.9,1.84
2025-09-23 20:48:50,2025-09-23,20:48:50,out,0.82,17.2,72.1,22.5,18.89,134.4,0.92
2025-09-23 20:49:14,2025-09-23,20:49:14,in,1.63,1310.8,0.0,22.4,7.125,320.1,2.04
2025-09-23 20:49:54,2025-09-23,20:49:54,out,1.0,17.2,72.2,22.5,18.903,132.7,1.18
2025-09-23 20:50:17,2025-09-23,20:50:17,in,1.24,1310.8,0.0,22.4,7.125,317.3,2.1
2025-09-23 20:50:57,2025-09-23,20:50:57,out,1.24,17.2,72.3,22.5,18.917,131.8,1.36
2025-09-23 20:51:20,2025-09-23,20:51:20,in,0.62,1310.8,0.0,22.5,7.167,311.6,1.62
2025-09-23 20:52:00,2025-09-23,20:52:00,out,1.18,17.2,72.3,22.5,18.917,135.0,1.42
2025-09-23 20:52:24,2025-09-23,20:52:24,in,1.89,1310.8,0.0,22.5,7.167,317.2,2.1
2025-09-23 20:53:04,2025-09-23,20:53:04,out,1.12,17.3,72.5,22.5,18.943,135.3,1.46
2025-09-23 20:53:28,2025-09-23,20:53:28,in,1.34,1310.8,0.0,22.4,7.125,327.4,2.54
2025-09-23 20:54:08,2025-09-23,20:54:08,out,1.17,17.2,72.6,22.4,18.862,128.2,1.58
2025-09-23 20:54:31,2025-09-23,20:54:31,in,1.23,1310.8,0.0,22.5,7.167,325.5,1.9
2025-09-23 20:55:11,2025-09-23,20:55:11,out,0.94,17.2,72.6,22.4,18.862,139.6,1.45
2025-09-23 20:55:34,2025-09-23,20:55:34,in,1.55,1310.8,0.0,22.5,7.167,326.2,2.06
2025-09-23 20:56:14,2025-09-23,20:56:14,out,1.05,17.2,72.7,22.4,18.876,142.1,1.25
2025-09-23 20:56:38,2025-09-23,20:56:38,in,0.98,1310.8,0.0,22.5,7.167,315.5,2.28
2025-09-23 20:57:18,2025-09-23,20:57:18,out,0.62,17.2,72.7,22.4,18.876,159.7,1.07
2025-09-23 20:57:42,2025-09-23,20:57:42,in,1.34,1310.8,0.0,22.4,7.125,318.4,2.14
2025-09-23 20:58:22,2025-09-23,20:58:22,out,1.1,17.1,72.8,22.3,18.795,140.2,1.21
2025-09-23 20:58:45,2025-09-23,20:58:45,in,1.33,1310.8,0.0,22.4,7.125,318.8,2.07
2025-09-23 20:59:25,2025-09-23,20:59:25,out,1.08,17.2,72.9,22.3,18.808,139.3,1.3
2025-09-23 20:59:48,2025-09-23,20:59:48,in,1.3,1310.8,0.0,22.4,7.125,323.8,2.06
2025-09-23 21:00:28,2025-09-23,21:00:28,out,1.32,17.2,73.0,22.3,18.821,128.4,1.54
2025-09-23 21:00:52,2025-09-23,21:00:52,in,1.63,1310.8,0.0,22.4,7.125,316.1,2.12
2025-09-23 21:01:32,2025-09-23,21:01:32,out,1.25,17.2,73.1,22.3,18.834,128.5,1.45
2025-09-23 21:01:56,2025-09-23,21:01:56,in,0.97,1310.8,0.0,22.4,7.125,327.2,1.99
2025-09-23 21:02:36,2025-09-23,21:02:36,out,1.23,17.2,73.2,22.3,18.848,121.4,1.67
2025-09-23 21:02:59,2025-09-23,21:02:59,in,1.45,1310.8,0.0,22.4,7.125,323.8,1.95
2025-09-23 21:03:39,2025-09-23,21:03:39,out,1.19,17.2,73.3,22.2,18.767,121.5,1.69
2025-09-23 21:04:02,2025-09-23,21:04:02,in,1.43,1310.8,0.0,22.3,7.084,328.0,2.02
2025-09-23 21:04:42,2025-09-23,21:04:42,out,1.13,17.2,73.5,22.2,18.793,116.5,1.54
2025-09-23 21:05:06,2025-09-23,21:05:06,in,1.7,1310.8,0.0,22.3,7.084,318.1,2.21
2025-09-23 21:05:46,2025-09-23,21:05:46,out,0.9,17.2,73.5,22.2,18.793,115.0,1.48
2025-09-23 21:06:10,2025-09-23,21:06:10,in,0.72,1310.8,0.0,22.3,7.084,345.2,2.14
2025-09-23 21:06:50,2025-09-23,21:06:50,out,1.6,17.2,73.6,22.2,18.806,124.3,1.81
2025-09-23 21:07:13,2025-09-23,21:07:13,in,1.62,,,1310.8,,319.8,2.16
2025-09-23 21:07:53,2025-09-23,21:07:53,out,1.28,17.2,73.7,22.2,18.819,131.6,1.73
2025-09-23 21:08:16,2025-09-23,21:08:16,in,1.33,1310.8,0.0,22.3,7.084,326.4,2.09
2025-09-23 21:08:56,2025-09-23,21:08:56,out,1.32,17.2,73.7,22.2,18.819,131.8,1.63
2025-09-23 21:09:20,2025-09-23,21:09:20,in,1.66,1310.8,0.0,22.3,7.084,322.9,2.25
2025-09-23 21:10:00,2025-09-23,21:10:00,out,1.59,17.3,73.8,22.2,18.832,125.5,1.67
2025-09-23 21:10:24,2025-09-23,21:10:24,in,1.58,1310.8,0.0,22.3,7.084,317.8,2.19
2025-09-23 21:11:04,2025-09-23,21:11:04,out,1.26,17.3,73.8,22.2,18.832,130.2,1.76
2025-09-23 21:11:27,2025-09-23,21:11:27,in,1.57,1310.8,0.0,22.3,7.084,326.2,2.12
2025-09-23 21:12:07,2025-09-23,21:12:07,out,1.08,17.2,73.8,22.1,18.738,134.3,1.46
2025-09-23 21:12:30,2025-09-23,21:12:30,in,1.61,1310.8,0.0,22.3,7.084,321.0,2.13
2025-09-23 21:13:10,2025-09-23,21:13:10,out,1.62,17.2,73.8,22.1,18.738,121.3,1.82
2025-09-23 21:13:34,2025-09-23,21:13:34,in,0.88,1310.8,0.0,22.2,7.042,326.8,2.06
2025-09-23 21:14:14,2025-09-23,21:14:14,out,1.33,17.2,73.9,22.1,18.751,134.7,1.51
2025-09-23 21:14:38,2025-09-23,21:14:38,in,1.1,1310.8,0.0,22.2,7.042,308.2,1.95
2025-09-23 21:15:18,2025-09-23,21:15:18,out,1.5,17.2,73.9,22.1,18.751,138.6,1.66
2025-09-23 21:15:41,2025-09-23,21:15:41,in,1.33,1310.8,0.0,22.2,7.042,315.5,1.86
2025-09-23 21:16:21,2025-09-23,21:16:21,out,1.51,17.1,74.0,22.0,18.67,133.9,1.72
2025-09-23 21:16:44,2025-09-23,21:16:44,in,1.43,1310.8,0.0,22.2,7.042,321.7,2.23
2025-09-23 21:17:24,2025-09-23,21:17:24,out,1.3,17.1,74.1,22.0,18.683,138.1,1.89
2025-09-23 21:17:48,2025-09-23,21:17:48,in,1.54,1310.8,0.0,22.2,7.042,322.9,2.38
2025-09-23 21:18:28,2025-09-23,21:18:28,out,1.34,17.1,74.1,22.0,18.683,131.4,1.59
2025-09-23 21:18:52,2025-09-23,21:18:52,in,1.78,1310.8,0.0,22.1,7.001,314.8,2.14
2025-09-23 21:19:32,2025-09-23,21:19:32,out,1.27,17.1,74.3,21.9,18.615,118.3,1.51
2025-09-23 21:19:55,2025-09-23,21:19:55,in,1.39,1310.8,0.0,22.1,7.001,321.8,1.88
2025-09-23 21:20:35,2025-09-23,21:20:35,out,1.28,17.1,74.5,21.9,18.641,110.9,1.47
2025-09-23 21:20:58,2025-09-23,21:20:58,in,1.36,1310.8,0.0,22.1,7.001,325.0,1.81
2025-09-23 21:21:38,2025-09-23,21:21:38,out,1.05,17.3,74.7,22.0,18.761,103.7,1.51
2025-09-23 21:22:02,2025-09-23,21:22:02,in,1.08,1310.8,0.0,22.1,7.001,319.7,2.07
2025-09-23 21:22:42,2025-09-23,21:22:42,out,1.18,17.2,74.8,22.0,18.774,112.3,1.43
2025-09-23 21:23:06,2025-09-23,21:23:06,in,1.15,1310.8,0.0,22.1,7.001,322.0,2.02
2025-09-23 21:23:46,2025-09-23,21:23:46,out,1.45,17.3,74.9,22.0,18.788,104.9,1.96
2025-09-23 21:24:09,2025-09-23,21:24:09,in,0.97,1310.8,0.0,22.1,7.001,335.2,2.01
2025-09-23 21:24:49,2025-09-23,21:24:49,out,1.47,17.3,75.0,22.0,18.801,112.3,1.78
2025-09-23 21:25:12,2025-09-23,21:25:12,in,1.23,1310.8,0.0,22.1,7.001,328.2,2.14
2025-09-23 21:25:53,2025-09-23,21:25:53,out,1.28,17.4,75.1,22.0,18.814,107.1,1.66
2025-09-23 21:26:16,2025-09-23,21:26:16,in,1.39,1310.8,0.0,22.1,7.001,328.4,2.17
2025-09-23 21:26:56,2025-09-23,21:26:56,out,1.24,17.4,75.3,22.0,18.84,112.5,1.76
2025-09-23 21:27:20,2025-09-23,21:27:20,in,1.3,1310.8,0.0,22.0,6.959,320.0,1.77
2025-09-23 21:28:00,2025-09-23,21:28:00,out,1.26,17.4,75.4,22.0,18.853,115.7,1.53
2025-09-23 21:28:23,2025-09-23,21:28:23,in,1.48,1310.8,0.0,22.0,6.959,325.8,2.22
2025-09-23 21:29:04,2025-09-23,21:29:04,out,1.11,17.4,75.5,22.0,18.866,117.6,1.54
2025-09-23 21:29:26,2025-09-23,21:29:26,in,1.27,1310.8,0.0,22.0,6.959,326.9,2.08
2025-09-23 21:30:07,2025-09-23,21:30:07,out,0.94,17.5,75.6,22.0,18.879,113.8,1.37
2025-09-23 21:30:30,2025-09-23,21:30:30,in,1.45,1310.8,0.0,22.0,6.959,318.5,2.15
2025-09-23 21:31:10,2025-09-23,21:31:10,out,0.85,17.5,75.6,22.0,18.879,118.1,1.49
2025-09-23 21:31:34,2025-09-23,21:31:34,in,1.6,1310.8,0.0,22.0,6.959,321.1,2.17
2025-09-23 21:32:14,2025-09-23,21:32:14,out,1.08,17.5,75.7,22.0,18.892,121.6,1.23
2025-09-23 21:32:37,2025-09-23,21:32:37,in,1.03,1310.8,0.0,22.0,6.959,320.7,1.98
2025-09-23 21:33:17,2025-09-23,21:33:17,out,1.22,17.5,75.8,22.0,18.905,123.3,1.29
2025-09-23 21:33:40,2025-09-23,21:33:40,in,1.08,1310.8,0.0,22.0,6.959,332.7,2.15
2025-09-23 21:34:21,2025-09-23,21:34:21,out,1.02,17.6,76.0,22.0,18.931,121.0,1.42
2025-09-23 21:34:44,2025-09-23,21:34:44,in,1.07,1310.8,0.0,22.1,7.001,326.0,1.98
2025-09-23 21:35:24,2025-09-23,21:35:24,out,1.28,17.6,76.1,22.0,18.944,119.2,1.35
2025-09-23 21:35:48,2025-09-23,21:35:48,in,0.77,1310.8,0.0,22.1,7.001,330.4,1.94
2025-09-23 21:36:28,2025-09-23,21:36:28,out,0.98,17.6,76.3,22.0,18.97,119.6,1.34
2025-09-23 21:36:51,2025-09-23,21:36:51,in,1.3,1310.8,0.0,22.0,6.959,321.2,1.61
2025-09-23 21:37:31,2025-09-23,21:37:31,out,1.08,17.6,76.4,22.0,18.983,123.5,1.35
2025-09-23 21:37:54,2025-09-23,21:37:54,in,1.35,1310.8,0.0,22.1,7.001,327.7,2.3
2025-09-23 21:38:35,2025-09-23,21:38:35,out,1.2,17.8,76.5,22.1,19.091,125.6,1.27
2025-09-23 21:38:58,2025-09-23,21:38:58,in,1.49,1310.8,0.0,22.0,6.959,329.9,2.08
2025-09-23 21:39:38,2025-09-23,21:39:38,out,1.1,17.7,76.5,22.0,18.996,129.6,1.43
2025-09-23 21:40:02,2025-09-23,21:40:02,in,0.98,1310.8,0.0,22.1,7.001,327.0,1.87
2025-09-23 21:40:42,2025-09-23,21:40:42,out,1.2,17.7,76.6,22.1,19.104,131.8,1.36
2025-09-23 21:41:05,2025-09-23,21:41:05,in,1.68,1310.8,0.0,22.1,7.001,322.4,2.07
2025-09-23 21:41:45,2025-09-23,21:41:45,out,1.26,17.8,76.6,22.1,19.104,122.3,1.34
2025-09-23 21:42:08,2025-09-23,21:42:08,in,1.82,1310.8,0.0,22.1,7.001,323.1,2.35
2025-09-23 21:42:48,2025-09-23,21:42:48,out,1.21,17.8,76.7,22.1,19.117,131.1,1.38
2025-09-23 21:43:12,2025-09-23,21:43:12,in,1.2,1310.8,0.0,22.1,7.001,316.3,2.14
2025-09-23 21:43:52,2025-09-23,21:43:52,out,1.51,17.8,76.8,22.1,19.13,122.2,1.64
2025-09-23 21:44:16,2025-09-23,21:44:16,in,1.35,1310.8,0.0,22.1,7.001,322.0,2.01
2025-09-23 21:44:56,2025-09-23,21:44:56,out,1.39,17.9,76.9,22.1,19.143,123.8,1.6
2025-09-23 21:45:19,2025-09-23,21:45:19,in,1.32,1310.8,0.0,22.1,7.001,321.5,1.93
2025-09-23 21:46:00,2025-09-23,21:46:00,out,1.28,17.9,77.0,22.1,19.156,123.2,1.53
2025-09-23 21:46:22,2025-09-23,21:46:22,in,0.99,1310.8,0.0,22.1,7.001,336.9,1.79
2025-09-23 21:47:03,2025-09-23,21:47:03,out,1.21,17.9,77.0,22.1,19.156,124.4,1.68
2025-09-23 21:47:26,2025-09-23,21:47:26,in,1.59,1310.8,0.0,22.1,7.001,321.5,2.16
2025-09-23 21:48:06,2025-09-23,21:48:06,out,1.33,17.9,77.1,22.1,19.17,115.7,1.52
2025-09-23 21:48:30,2025-09-23,21:48:30,in,1.33,1310.8,0.0,22.1,7.001,320.8,1.99
2025-09-23 21:49:10,2025-09-23,21:49:10,out,1.18,17.9,77.2,22.1,19.183,127.8,1.72
2025-09-23 21:49:33,2025-09-23,21:49:33,in,1.7,1310.8,0.0,22.1,7.001,326.7,2.03
2025-09-23 21:50:14,2025-09-23,21:50:14,out,0.96,17.9,77.3,22.1,19.196,134.3,1.58
2025-09-23 21:50:36,2025-09-23,21:50:36,in,1.55,1310.8,0.0,22.2,7.042,323.8,2.18
2025-09-23 21:51:17,2025-09-23,21:51:17,out,0.89,18.0,77.3,22.1,19.196,132.1,1.37
2025-09-23 21:51:40,2025-09-23,21:51:40,in,1.46,1310.8,0.0,22.2,7.042,321.9,2.18
2025-09-23 21:52:20,2025-09-23,21:52:20,out,1.04,18.0,77.4,22.1,19.209,126.5,1.41
2025-09-23 21:52:44,2025-09-23,21:52:44,in,1.36,1310.8,0.0,22.1,7.001,326.4,2.15
2025-09-23 21:53:24,2025-09-23,21:53:24,out,1.14,18.0,77.5,22.1,19.222,125.7,1.44
2025-09-23 21:53:47,2025-09-23,21:53:47,in,1.25,1310.8,0.0,22.2,7.042,322.9,2.13
2025-09-23 21:54:28,2025-09-23,21:54:28,out,1.3,18.0,77.6,22.1,19.235,130.3,1.46
2025-09-23 21:54:50,2025-09-23,21:54:50,in,1.19,1310.8,0.0,22.2,7.042,318.9,1.95
2025-09-23 21:55:31,2025-09-23,21:55:31,out,1.24,18.0,77.7,22.1,19.248,128.2,1.62
2025-09-23 21:55:54,2025-09-23,21:55:54,in,1.2,1310.8,0.0,22.2,7.042,337.6,2.09
2025-09-23 21:56:34,2025-09-23,21:56:34,out,1.35,18.0,77.8,22.1,19.261,122.6,1.66
2025-09-23 21:56:58,2025-09-23,21:56:58,in,1.21,1310.8,0.0,22.2,7.042,327.5,2.11
2025-09-23 21:57:38,2025-09-23,21:57:38,out,1.52,18.0,77.8,22.1,19.261,129.1,1.63
2025-09-23 21:58:01,2025-09-23,21:58:01,in,1.32,1310.8,0.0,22.2,7.042,329.0,1.97
2025-09-23 21:58:42,2025-09-23,21:58:42,out,1.51,18.1,77.9,22.2,19.369,124.7,1.79
2025-09-23 21:59:04,2025-09-23,21:59:04,in,1.57,1310.8,0.0,22.2,7.042,323.2,2.09
2025-09-23 21:59:45,2025-09-23,21:59:45,out,1.47,18.0,77.8,22.1,19.261,126.0,1.64
2025-09-23 22:00:08,2025-09-23,22:00:08,in,1.14,1310.8,0.0,22.2,7.042,322.6,2.13
2025-09-23 22:00:48,2025-09-23,22:00:48,out,1.22,18.0,77.9,22.1,19.274,118.8,1.63
2025-09-23 22:01:12,2025-09-23,22:01:12,in,1.17,1310.8,0.0,22.1,7.001,316.7,2.12
2025-09-23 22:01:52,2025-09-23,22:01:52,out,1.48,18.1,78.1,22.1,19.3,117.5,1.8
2025-09-23 22:02:15,2025-09-23,22:02:15,in,1.25,1310.8,0.0,22.1,7.001,322.2,2.09
2025-09-23 22:02:56,2025-09-23,22:02:56,out,1.12,18.1,78.2,22.1,19.313,130.0,1.57
2025-09-23 22:03:18,2025-09-23,22:03:18,in,1.38,1310.8,0.0,22.1,7.001,321.2,2.03
2025-09-23 22:03:59,2025-09-23,22:03:59,out,1.31,18.1,78.3,22.1,19.326,139.9,1.73
2025-09-23 22:04:22,2025-09-23,22:04:22,in,1.19,1310.8,0.0,22.1,7.001,320.1,2.08
2025-09-23 22:05:02,2025-09-23,22:05:02,out,1.16,18.1,78.3,22.1,19.326,124.1,1.59
2025-09-23 22:05:26,2025-09-23,22:05:26,in,1.37,1310.8,0.0,22.1,7.001,316.7,1.92
2025-09-23 22:06:06,2025-09-23,22:06:06,out,0.96,18.1,78.4,22.1,19.339,135.1,1.75
2025-09-23 22:06:29,2025-09-23,22:06:29,in,0.9,1310.8,0.0,22.1,7.001,330.4,2.0
2025-09-23 22:07:10,2025-09-23,22:07:10,out,1.42,18.1,78.4,22.1,19.339,132.2,1.72
2025-09-23 22:07:32,2025-09-23,22:07:32,in,1.36,1310.8,0.0,22.0,6.959,329.8,2.12
2025-09-23 22:08:13,2025-09-23,22:08:13,out,1.77,18.1,78.3,22.1,19.326,130.4,1.86
2025-09-23 22:08:36,2025-09-23,22:08:36,in,1.14,1310.8,0.0,22.0,6.959,324.5,2.12
2025-09-23 22:09:16,2025-09-23,22:09:16,out,1.57,18.0,78.0,22.0,19.191,117.3,1.82
2025-09-23 22:09:40,2025-09-23,22:09:40,in,1.32,1310.8,0.0,22.0,6.959,327.5,2.04
2025-09-23 22:10:20,2025-09-23,22:10:20,out,1.5,18.0,77.9,22.0,19.178,123.2,1.63
2025-09-23 22:10:43,2025-09-23,22:10:43,in,0.9,1310.8,0.0,21.9,6.918,322.7,1.75
2025-09-23 22:11:24,2025-09-23,22:11:24,out,1.21,18.0,77.9,22.0,19.178,117.3,1.66
2025-09-23 22:11:46,2025-09-23,22:11:46,in,1.45,1310.8,0.0,21.9,6.918,318.0,2.04
2025-09-23 22:12:27,2025-09-23,22:12:27,out,1.42,17.9,77.9,21.9,19.083,108.3,1.81
2025-09-23 22:12:50,2025-09-23,22:12:50,in,1.62,1310.8,0.0,21.9,6.918,321.0,1.99
2025-09-23 22:13:30,2025-09-23,22:13:30,out,0.93,17.9,77.9,21.9,19.083,112.7,1.74
2025-09-23 22:13:54,2025-09-23,22:13:54,in,1.73,1310.8,0.0,21.9,6.918,324.6,2.37
2025-09-23 22:14:34,2025-09-23,22:14:34,out,1.45,17.9,77.9,21.9,19.083,129.2,1.96
2025-09-23 22:14:57,2025-09-23,22:14:57,in,1.26,1310.8,0.0,21.9,6.918,329.4,2.26
2025-09-23 22:15:38,2025-09-23,22:15:38,out,1.21,17.8,77.9,21.8,18.987,111.9,1.6
2025-09-23 22:16:00,2025-09-23,22:16:00,in,1.43,1310.8,0.0,21.8,6.876,322.9,2.03
2025-09-23 22:16:41,2025-09-23,22:16:41,out,1.35,17.7,77.8,21.8,18.975,125.4,1.83
2025-09-23 22:17:04,2025-09-23,22:17:04,in,1.8,1310.8,0.0,21.8,6.876,321.5,2.32
2025-09-23 22:17:44,2025-09-23,22:17:44,out,1.25,17.8,77.9,21.8,18.987,129.2,2.29
2025-09-23 22:18:08,2025-09-23,22:18:08,in,1.55,1310.8,0.0,21.8,6.876,325.8,1.97
2025-09-23 22:18:48,2025-09-23,22:18:48,out,1.61,17.8,77.9,21.8,18.987,108.2,2.43
2025-09-23 22:19:11,2025-09-23,22:19:11,in,1.16,1310.8,0.0,21.8,6.876,318.1,2.27
2025-09-23 22:19:52,2025-09-23,22:19:52,out,1.7,,,17.7,,21.7,7.79
2025-09-23 22:20:14,2025-09-23,22:20:14,in,1.52,1310.8,0.0,21.7,6.835,317.9,2.29
2025-09-23 22:20:55,2025-09-23,22:20:55,out,1.5,17.7,77.9,21.7,18.892,120.2,1.81
2025-09-23 22:21:18,2025-09-23,22:21:18,in,1.41,1310.8,0.0,21.7,6.835,314.9,1.9
2025-09-23 22:21:58,2025-09-23,22:21:58,out,1.06,17.7,78.0,21.7,18.905,125.5,1.72
2025-09-23 22:22:22,2025-09-23,22:22:22,in,1.68,1310.8,0.0,21.7,6.835,321.8,2.11
2025-09-23 22:23:02,2025-09-23,22:23:02,out,1.43,17.7,78.1,21.7,18.918,124.6,1.9
2025-09-23 22:23:25,2025-09-23,22:23:25,in,1.38,1310.8,0.0,21.7,6.835,319.9,2.33
2025-09-23 22:24:06,2025-09-23,22:24:06,out,1.16,17.7,78.2,21.7,18.931,117.6,1.42
2025-09-23 22:24:28,2025-09-23,22:24:28,in,1.34,1310.8,0.0,21.7,6.835,317.3,1.99
2025-09-23 22:25:09,2025-09-23,22:25:09,out,1.08,17.8,78.3,21.7,18.944,130.1,1.88
2025-09-23 22:25:32,2025-09-23,22:25:32,in,1.61,1310.8,0.0,21.7,6.835,319.2,2.56
2025-09-23 22:26:13,2025-09-23,22:26:13,out,0.94,17.7,78.4,21.6,18.861,132.4,1.43
2025-09-23 22:26:36,2025-09-23,22:26:36,in,1.61,1310.8,0.0,21.7,6.835,319.4,2.41
2025-09-23 22:27:16,2025-09-23,22:27:16,out,0.86,17.7,78.4,21.6,18.861,110.9,1.27
2025-09-23 22:27:39,2025-09-23,22:27:39,in,1.6,1310.8,0.0,21.6,6.793,319.6,2.56
2025-09-23 22:28:20,2025-09-23,22:28:20,out,0.62,17.7,78.5,21.6,18.874,124.9,1.06
2025-09-23 22:28:42,2025-09-23,22:28:42,in,2.05,1310.8,0.0,21.6,6.793,320.2,2.86
2025-09-23 22:29:24,2025-09-23,22:29:24,out,0.85,17.7,78.6,21.6,18.887,118.8,1.36
2025-09-23 22:29:46,2025-09-23,22:29:46,in,0.77,1310.8,0.0,21.6,6.793,326.0,2.51
2025-09-23 22:30:27,2025-09-23,22:30:27,out,0.76,17.7,78.7,21.6,18.9,117.5,1.09
2025-09-23 22:30:50,2025-09-23,22:30:50,in,1.39,1310.8,0.0,21.6,6.793,313.5,2.35
2025-09-23 22:31:30,2025-09-23,22:31:30,out,0.74,17.7,78.7,21.6,18.9,98.7,1.09
2025-09-23 22:31:53,2025-09-23,22:31:53,in,1.35,1310.8,0.0,21.6,6.793,314.0,2.2
2025-09-23 22:32:34,2025-09-23,22:32:34,out,0.55,17.8,78.7,21.6,18.9,85.9,1.44
2025-09-23 22:32:57,2025-09-23,22:32:57,in,1.65,1310.8,0.0,21.6,6.793,321.2,2.04
2025-09-23 22:33:38,2025-09-23,22:33:38,out,0.44,17.7,78.7,21.6,18.9,60.3,0.78
2025-09-23 22:34:00,2025-09-23,22:34:00,in,1.27,1310.8,0.0,21.6,6.793,313.2,2.2
2025-09-23 22:35:04,2025-09-23,22:35:04,in,1.18,1310.8,0.0,21.5,6.752,328.4,2.31
2025-09-23 22:35:08,2025-09-23,22:35:08,out,0.4,17.7,79.1,21.5,18.855,74.2,0.56
2025-09-23 22:36:07,2025-09-23,22:36:07,in,1.4,1310.8,0.0,21.5,6.752,313.2,2.15
2025-09-23 22:36:07,2025-09-23,22:36:07,out,0.25,17.7,78.8,21.5,18.855,101.4,0.36
2025-09-23 22:37:10,2025-09-23,22:37:10,out,0.13,17.6,78.7,21.5,18.804,46.2,0.38
2025-09-23 22:37:11,2025-09-23,22:37:11,in,1.3,1310.8,0.0,21.4,6.71,317.5,2.04
2025-09-23 22:38:14,2025-09-23,22:38:14,in,1.19,1310.8,0.0,21.4,6.71,317.3,2.02
2025-09-23 22:38:14,2025-09-23,22:38:14,out,0.23,17.6,78.7,21.5,18.804,51.3,0.59
2025-09-23 22:39:18,2025-09-23,22:39:18,in,1.13,1310.8,0.0,21.4,6.71,321.7,2.09
2025-09-23 22:39:18,2025-09-23,22:39:18,out,0.43,17.5,78.6,21.4,18.695,95.3,0.8
2025-09-23 22:40:21,2025-09-23,22:40:21,in,1.59,1310.8,0.0,21.3,6.669,325.5,2.02
2025-09-23 22:40:21,2025-09-23,22:40:21,out,0.33,17.5,78.5,21.4,18.683,62.9,0.96
2025-09-23 22:41:24,2025-09-23,22:41:24,out,0.66,17.5,78.4,21.4,18.67,92.7,0.79
2025-09-23 22:41:25,2025-09-23,22:41:25,in,1.21,1310.8,0.0,21.3,6.669,327.0,2.02
2025-09-23 22:42:28,2025-09-23,22:42:28,in,1.35,1310.8,0.0,21.3,6.669,325.2,1.87
2025-09-23 22:42:28,2025-09-23,22:42:28,out,0.62,17.4,78.4,21.3,18.574,87.8,0.86
2025-09-23 22:43:32,2025-09-23,22:43:32,in,1.09,1310.8,0.0,21.3,6.669,322.5,1.8
2025-09-23 22:43:32,2025-09-23,22:43:32,out,0.27,17.4,78.4,21.3,18.574,91.4,0.6
2025-09-23 22:44:35,2025-09-23,22:44:35,out,0.47,17.4,78.4,21.3,18.574,67.9,0.62
2025-09-23 22:44:36,2025-09-23,22:44:36,in,1.79,1310.8,0.0,21.3,6.669,320.8,2.12
2025-09-23 22:45:39,2025-09-23,22:45:39,in,1.34,1310.8,0.0,21.2,6.627,323.7,1.72
2025-09-23 22:45:39,2025-09-23,22:45:39,out,0.46,17.3,78.4,21.2,18.479,48.9,0.95
2025-09-23 22:46:42,2025-09-23,22:46:42,in,1.52,1310.8,0.0,21.2,6.627,318.8,2.12
2025-09-23 22:46:42,2025-09-23,22:46:42,out,1.05,17.2,78.3,21.2,18.466,18.1,1.16
2025-09-23 22:47:46,2025-09-23,22:47:46,in,1.46,1310.8,0.0,21.2,6.627,325.8,2.0
2025-09-23 22:47:46,2025-09-23,22:47:46,out,0.97,17.2,78.2,21.2,18.453,4.8,1.27
2025-09-23 22:48:50,2025-09-23,22:48:50,in,1.83,1310.8,0.0,21.0,6.544,321.8,2.09
2025-09-23 22:48:50,2025-09-23,22:48:50,out,0.88,17.0,77.7,21.1,18.294,7.4,1.21
2025-09-23 22:49:53,2025-09-23,22:49:53,in,1.35,1310.8,0.0,20.9,6.503,322.9,2.38
2025-09-23 22:49:53,2025-09-23,22:49:53,out,0.59,16.9,77.6,21.0,18.186,40.7,1.05
2025-09-23 22:50:56,2025-09-23,22:50:56,in,1.28,1310.8,0.0,20.8,6.461,325.7,1.91
2025-09-23 22:50:56,2025-09-23,22:50:56,out,0.84,17.0,77.7,21.0,18.198,77.5,1.06
2025-09-23 22:52:00,2025-09-23,22:52:00,in,1.06,1310.8,0.0,20.7,6.42,321.3,1.77
2025-09-23 22:52:00,2025-09-23,22:52:00,out,1.06,17.0,77.8,21.0,18.211,85.4,1.57
2025-09-23 22:53:04,2025-09-23,22:53:04,in,1.43,1310.8,0.0,20.7,6.42,318.9,1.9
2025-09-23 22:53:04,2025-09-23,22:53:04,out,0.8,16.9,77.9,20.9,18.128,84.6,1.67
2025-09-23 22:54:07,2025-09-23,22:54:07,in,1.36,1310.8,0.0,20.7,6.42,320.9,1.93
2025-09-23 22:54:07,2025-09-23,22:54:07,out,0.8,16.9,78.0,20.9,18.141,103.5,1.3
2025-09-23 22:55:10,2025-09-23,22:55:10,in,0.75,1310.8,0.0,20.7,6.42,325.9,2.07
2025-09-23 22:55:10,2025-09-23,22:55:10,out,0.9,17.0,78.2,20.9,18.167,105.9,1.24
2025-09-23 22:56:14,2025-09-23,22:56:14,in,0.81,1310.8,0.0,20.7,6.42,333.2,2.08
2025-09-23 22:56:14,2025-09-23,22:56:14,out,0.79,17.0,78.5,20.9,18.205,120.9,1.42
2025-09-23 22:57:18,2025-09-23,22:57:18,in,0.81,1310.8,0.0,20.7,6.42,331.5,2.16
2025-09-23 22:57:18,2025-09-23,22:57:18,out,0.91,17.1,78.9,20.8,18.16,112.1,1.24
2025-09-23 22:58:21,2025-09-23,22:58:21,in,0.81,1310.8,0.0,20.7,6.42,337.5,1.57
2025-09-23 22:58:21,2025-09-23,22:58:21,out,0.73,17.0,79.2,20.9,18.293,104.4,1.17
2025-09-23 22:59:24,2025-09-23,22:59:24,in,0.76,1310.8,0.0,20.7,6.42,318.8,1.71
2025-09-23 22:59:24,2025-09-23,22:59:24,out,0.68,17.2,79.6,20.9,18.344,117.9,1.29
2025-09-23 23:00:28,2025-09-23,23:00:28,in,1.0,1310.8,0.0,20.8,6.461,320.4,1.65
2025-09-23 23:00:28,2025-09-23,23:00:28,out,1.16,17.2,80.2,20.8,18.324,120.4,1.61
2025-09-23 23:01:32,2025-09-23,23:01:32,in,0.84,1310.8,0.0,20.8,6.461,343.0,2.01
2025-09-23 23:01:32,2025-09-23,23:01:32,out,1.34,17.5,80.8,20.9,18.496,106.8,1.67
2025-09-23 23:02:35,2025-09-23,23:02:35,in,0.92,1310.8,0.0,20.8,6.461,336.6,1.57
2025-09-23 23:02:35,2025-09-23,23:02:35,out,0.82,17.6,81.6,20.9,18.597,104.5,1.54
2025-09-23 23:03:38,2025-09-23,23:03:38,in,1.06,1310.8,0.0,20.9,6.503,336.8,1.48
2025-09-23 23:03:38,2025-09-23,23:03:38,out,0.89,17.7,82.1,20.9,18.661,103.5,1.26
2025-09-23 23:04:42,2025-09-23,23:04:42,in,0.68,1310.8,0.0,20.9,6.503,330.3,1.59
2025-09-23 23:04:42,2025-09-23,23:04:42,out,0.92,17.9,82.9,20.9,18.762,96.4,1.38
2025-09-23 23:05:46,2025-09-23,23:05:46,in,0.92,1310.8,0.0,20.9,6.503,331.5,1.37
2025-09-23 23:05:46,2025-09-23,23:05:46,out,0.81,18.0,83.6,20.9,18.85,111.0,1.74
2025-09-23 23:06:49,2025-09-23,23:06:49,in,0.83,1310.8,0.0,20.9,6.503,328.4,1.91
2025-09-23 23:06:49,2025-09-23,23:06:49,out,1.0,18.1,84.4,20.9,18.951,102.6,1.41
2025-09-23 23:07:52,2025-09-23,23:07:52,in,1.21,1310.8,0.0,20.9,6.503,317.2,2.14
2025-09-23 23:07:52,2025-09-23,23:07:52,out,0.47,18.3,85.1,20.9,19.04,100.0,1.75
2025-09-23 23:08:56,2025-09-23,23:08:56,in,1.12,1310.8,0.0,21.0,6.544,325.9,1.94
2025-09-23 23:08:56,2025-09-23,23:08:56,out,0.99,,,18.3,,116.0,1.23
2025-09-23 23:10:00,2025-09-23,23:10:00,in,1.13,1310.8,0.0,20.9,6.503,323.7,1.84
2025-09-23 23:10:00,2025-09-23,23:10:00,out,0.93,18.4,86.0,20.9,19.153,125.2,1.32
2025-09-23 23:11:03,2025-09-23,23:11:03,in,1.09,1310.8,0.0,20.9,6.503,328.0,2.2
2025-09-23 23:11:03,2025-09-23,23:11:03,out,0.5,18.6,86.6,20.9,19.229,99.7,1.31
2025-09-23 23:12:06,2025-09-23,23:12:06,in,0.86,1310.8,0.0,20.9,6.503,323.7,1.98
2025-09-23 23:12:06,2025-09-23,23:12:06,out,0.75,18.7,87.4,20.9,19.33,102.2,1.28
2025-09-23 23:13:10,2025-09-23,23:13:10,in,1.51,1310.8,0.0,20.9,6.503,318.3,2.44
2025-09-23 23:13:10,2025-09-23,23:13:10,out,0.85,19.0,89.0,20.9,19.532,105.8,1.63
2025-09-23 23:14:14,2025-09-23,23:14:14,in,1.93,1310.8,0.0,20.9,6.503,324.9,2.51
2025-09-23 23:14:14,2025-09-23,23:14:14,out,0.47,19.1,89.7,20.9,19.62,102.5,1.35
2025-09-23 23:15:17,2025-09-23,23:15:17,in,1.68,1310.8,0.0,21.0,6.544,319.3,2.06
2025-09-23 23:15:17,2025-09-23,23:15:17,out,0.83,19.1,89.9,20.9,19.645,118.3,1.06
2025-09-23 23:16:20,2025-09-23,23:16:20,in,1.24,1310.8,0.0,20.9,6.503,323.3,1.97
2025-09-23 23:16:20,2025-09-23,23:16:20,out,0.49,19.2,90.3,20.9,19.695,110.5,0.82
2025-09-23 23:17:24,2025-09-23,23:17:24,in,1.52,1310.8,0.0,20.9,6.503,322.6,1.98
2025-09-23 23:17:24,2025-09-23,23:17:24,out,0.69,19.3,90.8,20.9,19.758,106.9,1.37
2025-09-23 23:18:28,2025-09-23,23:18:28,in,1.4,1310.8,0.0,20.9,6.503,323.5,2.52
2025-09-23 23:18:28,2025-09-23,23:18:28,out,0.7,19.4,91.2,20.9,19.809,113.4,0.93
2025-09-23 23:19:31,2025-09-23,23:19:31,in,1.36,1310.8,0.0,20.9,6.503,326.9,2.06
2025-09-23 23:19:31,2025-09-23,23:19:31,out,0.75,19.5,91.6,20.9,19.859,106.7,0.89
2025-09-23 23:20:34,2025-09-23,23:20:34,in,1.4,1310.8,0.0,20.9,6.503,317.1,2.12
2025-09-23 23:20:34,2025-09-23,23:20:34,out,0.59,19.5,92.0,20.9,19.91,119.6,1.07
2025-09-23 23:21:38,2025-09-23,23:21:38,in,1.15,1310.8,0.0,20.9,6.503,318.9,2.04
2025-09-23 23:21:38,2025-09-23,23:21:38,out,0.52,19.6,92.2,20.9,19.935,103.9,0.81
2025-09-23 23:22:42,2025-09-23,23:22:42,in,0.88,1310.8,0.0,20.9,6.503,324.0,2.07
2025-09-23 23:22:42,2025-09-23,23:22:42,out,0.59,19.6,92.7,20.8,19.899,111.6,1.39
2025-09-23 23:23:45,2025-09-23,23:23:45,in,1.2,1310.8,0.0,20.9,6.503,308.6,2.22
2025-09-23 23:23:45,2025-09-23,23:23:45,out,0.12,19.6,92.9,20.8,19.924,73.7,0.74
2025-09-23 23:24:48,2025-09-23,23:24:48,in,1.16,1310.8,0.0,20.9,6.503,317.3,1.41
2025-09-23 23:24:49,2025-09-23,23:24:49,out,0.23,19.6,93.0,20.8,19.936,132.4,0.83
2025-09-23 23:25:52,2025-09-23,23:25:52,in,1.38,1310.8,0.0,20.9,6.503,318.4,2.08
2025-09-23 23:25:52,2025-09-23,23:25:52,out,0.2,19.6,92.8,20.8,19.911,340.9,0.68
2025-09-23 23:26:56,2025-09-23,23:26:56,in,1.62,1310.8,0.0,20.9,6.503,318.7,2.37
2025-09-23 23:26:56,2025-09-23,23:26:56,out,0.63,19.5,92.4,20.8,19.861,344.2,0.81
2025-09-23 23:27:59,2025-09-23,23:27:59,in,1.29,1310.8,0.0,20.9,6.503,324.5,1.97
2025-09-23 23:27:59,2025-09-23,23:27:59,out,0.67,19.3,91.5,20.8,19.748,346.4,0.91
2025-09-23 23:29:02,2025-09-23,23:29:02,in,1.34,1310.8,0.0,20.7,6.42,325.2,2.08
2025-09-23 23:29:02,2025-09-23,23:29:02,out,0.81,19.0,89.9,20.7,19.448,344.4,0.94
2025-09-23 23:30:06,2025-09-23,23:30:06,in,1.56,1310.8,0.0,20.6,6.378,326.2,1.96
2025-09-23 23:30:06,2025-09-23,23:30:06,out,0.91,18.6,88.2,20.6,19.137,355.3,1.1
2025-09-23 23:31:10,2025-09-23,23:31:10,in,1.43,1310.8,0.0,20.6,6.378,326.8,2.25
2025-09-23 23:31:10,2025-09-23,23:31:10,out,0.8,18.4,87.6,20.6,19.061,0.8,0.99
2025-09-23 23:32:13,2025-09-23,23:32:13,in,1.21,1310.8,0.0,20.5,6.337,317.3,2.34
2025-09-23 23:32:13,2025-09-23,23:32:13,out,0.63,18.3,87.6,20.5,18.963,52.6,0.9
2025-09-23 23:33:16,2025-09-23,23:33:16,in,1.53,1310.8,0.0,20.5,6.337,324.3,2.16
2025-09-23 23:33:16,2025-09-23,23:33:16,out,0.7,18.4,88.1,20.5,19.026,63.7,0.95
2025-09-23 23:34:20,2025-09-23,23:34:20,in,2.11,1310.8,0.0,20.5,6.337,318.9,2.56
2025-09-23 23:34:20,2025-09-23,23:34:20,out,0.25,18.5,88.3,20.5,19.051,74.1,0.76
2025-09-23 23:35:24,2025-09-23,23:35:24,in,1.65,1310.8,0.0,20.5,6.337,321.5,2.16
2025-09-23 23:35:24,2025-09-23,23:35:24,out,0.34,18.5,88.4,20.5,19.063,357.8,0.42
2025-09-23 23:36:27,2025-09-23,23:36:27,in,1.15,1310.8,0.0,20.5,6.337,323.2,2.55
2025-09-23 23:36:27,2025-09-23,23:36:27,out,0.28,18.5,88.5,20.5,19.076,333.5,0.5
2025-09-23 23:37:30,2025-09-23,23:37:30,in,1.56,1310.8,0.0,20.5,6.337,316.3,1.81
2025-09-23 23:37:30,2025-09-23,23:37:30,out,0.32,18.5,88.6,20.5,19.088,344.6,0.45
2025-09-23 23:38:34,2025-09-23,23:38:34,in,1.19,1310.8,0.0,20.5,6.337,326.7,1.81
2025-09-23 23:38:34,2025-09-23,23:38:34,out,0.28,18.4,88.5,20.4,18.978,295.4,0.33
2025-09-23 23:39:38,2025-09-23,23:39:38,in,1.25,1310.8,0.0,20.4,6.295,327.0,1.89
2025-09-23 23:39:38,2025-09-23,23:39:38,out,0.25,18.4,88.5,20.4,18.978,284.6,0.32
2025-09-23 23:40:41,2025-09-23,23:40:41,in,1.26,1310.8,0.0,20.4,6.295,321.6,2.17
2025-09-23 23:40:41,2025-09-23,23:40:41,out,0.2,18.4,88.4,20.4,18.965,281.4,0.33
2025-09-23 23:41:44,2025-09-23,23:41:44,in,1.32,1310.8,0.0,20.5,6.337,318.5,1.87
2025-09-23 23:41:44,2025-09-23,23:41:44,out,0.19,18.4,88.4,20.4,18.965,288.4,0.27
2025-09-23 23:42:48,2025-09-23,23:42:48,in,1.62,1310.8,0.0,20.5,6.337,311.9,2.41
2025-09-23 23:42:48,2025-09-23,23:42:48,out,0.04,18.3,88.3,20.3,18.855,224.3,0.23
2025-09-23 23:43:52,2025-09-23,23:43:52,in,1.18,1310.8,0.0,20.5,6.337,315.5,2.47
2025-09-23 23:43:52,2025-09-23,23:43:52,out,0.28,18.3,88.3,20.3,18.855,224.1,0.32
2025-09-23 23:44:55,2025-09-23,23:44:55,in,0.93,1310.8,0.0,20.5,6.337,315.1,1.92
2025-09-23 23:44:55,2025-09-23,23:44:55,out,0.35,18.3,88.3,20.3,18.855,231.9,0.48
2025-09-23 23:45:58,2025-09-23,23:45:58,in,1.07,1310.8,0.0,20.5,6.337,333.7,1.83
2025-09-23 23:45:59,2025-09-23,23:45:59,out,0.22,18.3,88.2,20.3,18.842,251.4,0.39
2025-09-23 23:47:02,2025-09-23,23:47:02,in,1.94,1310.8,0.0,20.5,6.337,320.7,2.4
2025-09-23 23:47:02,2025-09-23,23:47:02,out,0.51,18.2,88.3,20.2,18.757,320.7,0.56
2025-09-23 23:48:06,2025-09-23,23:48:06,in,1.44,1310.8,0.0,20.4,6.295,322.9,1.95
2025-09-23 23:48:06,2025-09-23,23:48:06,out,0.74,18.2,88.5,20.2,18.782,309.6,0.85
2025-09-23 23:49:09,2025-09-23,23:49:09,in,1.4,1310.8,0.0,20.4,6.295,322.2,1.95
2025-09-23 23:49:10,2025-09-23,23:49:10,out,0.72,18.3,89.2,20.2,18.869,315.7,0.83
2025-09-23 23:50:12,2025-09-23,23:50:12,in,1.27,1310.8,0.0,20.4,6.295,329.1,2.29
2025-09-23 23:50:13,2025-09-23,23:50:13,out,0.34,18.5,89.9,20.2,18.956,291.9,0.67
2025-09-23 23:51:16,2025-09-23,23:51:16,in,0.74,1310.8,0.0,20.4,6.295,329.3,1.72
2025-09-23 23:51:16,2025-09-23,23:51:16,out,0.3,18.5,90.0,20.2,18.968,269.2,0.44
2025-09-23 23:52:20,2025-09-23,23:52:20,in,1.26,1310.8,0.0,20.4,6.295,316.7,1.7
2025-09-23 23:52:20,2025-09-23,23:52:20,out,0.3,18.5,90.1,20.2,18.981,324.4,0.36
2025-09-23 23:53:23,2025-09-23,23:53:23,in,1.6,1310.8,0.0,20.4,6.295,324.9,2.19
2025-09-23 23:53:24,2025-09-23,23:53:24,out,0.35,18.4,90.2,20.1,18.894,342.9,0.39
2025-09-23 23:54:26,2025-09-23,23:54:26,in,0.91,1310.8,0.0,20.4,6.295,324.2,2.31
2025-09-23 23:54:27,2025-09-23,23:54:27,out,0.37,18.4,90.3,20.1,18.907,2.1,0.44
2025-09-23 23:55:30,2025-09-23,23:55:30,in,0.19,1310.8,0.0,20.4,6.295,349.9,0.9
2025-09-23 23:55:30,2025-09-23,23:55:30,out,0.28,18.4,90.3,20.1,18.907,16.0,0.51
2025-09-23 23:56:34,2025-09-23,23:56:34,in,0.51,1310.8,0.0,20.4,6.295,332.2,2.39
2025-09-23 23:56:34,2025-09-23,23:56:34,out,0.09,18.5,90.4,20.1,18.919,27.9,0.32
2025-09-23 23:57:37,2025-09-23,23:57:37,in,1.47,1310.8,0.0,20.4,6.295,328.4,2.56
2025-09-23 23:57:38,2025-09-23,23:57:38,out,0.26,18.5,90.4,20.1,18.919,275.3,0.43
2025-09-23 23:58:40,2025-09-23,23:58:40,in,0.84,1310.8,0.0,20.4,6.295,324.4,2.2
2025-09-23 23:58:41,2025-09-23,23:58:41,out,0.26,18.4,90.5,20.0,18.833,321.0,0.34
2025-09-23 23:59:44,2025-09-23,23:59:44,in,1.33,1310.8,0.0,20.4,6.295,324.1,1.68
2025-09-23 23:59:44,2025-09-23,23:59:44,out,0.32,18.4,90.6,20.0,18.845,307.1,0.35
