datetime,date,hour,id_meteo_station,Velocità del vento,dew_point,humidity,temperature,wet_bulb,wind_dir,wind_gust
2025-09-17 00:00:11,2025-09-17,00:00:11,out,0.95,20.7,100.0,20.7,20.717,62.7,1.22
2025-09-17 00:00:15,2025-09-17,00:00:15,in,0.75,1310.8,0.0,21.2,6.627,332.3,1.43
2025-09-17 00:01:14,2025-09-17,00:01:14,out,1.02,20.7,100.0,20.7,20.717,55.6,1.35
2025-09-17 00:01:18,2025-09-17,00:01:18,in,0.6,1310.8,0.0,21.1,6.586,332.7,1.83
2025-09-17 00:02:18,2025-09-17,00:02:18,out,0.96,20.7,100.0,20.7,20.717,48.4,1.1
2025-09-17 00:02:22,2025-09-17,00:02:22,in,0.68,1310.8,0.0,21.1,6.586,334.3,2.01
2025-09-17 00:03:22,2025-09-17,00:03:22,out,0.87,20.7,100.0,20.7,20.717,52.2,1.21
2025-09-17 00:03:26,2025-09-17,00:03:26,in,0.56,1310.8,0.0,21.1,6.586,348.4,1.3
2025-09-17 00:04:25,2025-09-17,00:04:25,out,0.96,20.7,100.0,20.7,20.717,50.4,1.4
2025-09-17 00:04:29,2025-09-17,00:04:29,in,0.45,1310.8,0.0,21.1,6.586,339.4,1.55
2025-09-17 00:05:28,2025-09-17,00:05:28,out,1.2,20.7,100.0,20.7,20.717,55.8,1.55
2025-09-17 00:05:32,2025-09-17,00:05:32,in,0.17,1310.8,0.0,21.0,6.544,24.5,1.8
2025-09-17 00:06:32,2025-09-17,00:06:32,out,1.05,20.7,100.0,20.7,20.717,58.5,1.6
2025-09-17 00:06:36,2025-09-17,00:06:36,in,0.29,1310.8,0.0,21.0,6.544,2.5,1.38
2025-09-17 00:07:36,2025-09-17,00:07:36,out,1.35,20.7,100.0,20.7,20.717,61.2,1.38
2025-09-17 00:07:40,2025-09-17,00:07:40,in,0.56,1310.8,0.0,21.0,6.544,320.2,0.83
2025-09-17 00:08:40,2025-09-17,00:08:40,out,1.46,20.7,100.0,20.7,20.717,66.3,1.57
2025-09-17 00:08:43,2025-09-17,00:08:43,in,0.52,1310.8,0.0,21.0,6.544,12.5,1.74
2025-09-17 00:09:42,2025-09-17,00:09:42,out,1.16,20.7,100.0,20.7,20.717,65.7,1.49
2025-09-17 00:09:46,2025-09-17,00:09:46,in,0.79,1310.8,0.0,21.0,6.544,316.4,1.25
2025-09-17 00:10:46,2025-09-17,00:10:46,out,1.25,20.6,100.0,20.6,20.616,63.7,1.66
2025-09-17 00:10:50,2025-09-17,00:10:50,in,0.57,1310.8,0.0,20.9,6.503,321.3,1.67
2025-09-17 00:11:50,2025-09-17,00:11:50,out,1.07,20.6,100.0,20.6,20.616,68.4,1.57
2025-09-17 00:11:54,2025-09-17,00:11:54,in,1.6,,,1310.8,,20.9,0.0
2025-09-17 00:12:54,2025-09-17,00:12:54,out,0.61,20.6,100.0,20.6,20.616,86.0,1.34
2025-09-17 00:12:57,2025-09-17,00:12:57,in,1.44,1310.8,0.0,20.9,6.503,321.4,1.88
2025-09-17 00:13:57,2025-09-17,00:13:57,out,0.6,20.6,100.0,20.6,20.616,98.4,1.08
2025-09-17 00:14:00,2025-09-17,00:14:00,in,0.56,1310.8,0.0,20.9,6.503,340.9,1.73
2025-09-17 00:15:00,2025-09-17,00:15:00,out,0.82,20.6,100.0,20.6,20.616,105.4,0.93
2025-09-17 00:15:04,2025-09-17,00:15:04,in,0.32,1310.8,0.0,20.9,6.503,337.0,1.41
2025-09-17 00:16:04,2025-09-17,00:16:04,out,0.83,20.5,100.0,20.5,20.515,115.7,0.98
2025-09-17 00:16:08,2025-09-17,00:16:08,in,0.8,1310.8,0.0,21.0,6.544,326.3,1.48
2025-09-17 00:17:08,2025-09-17,00:17:08,out,0.72,20.5,100.0,20.5,20.515,89.3,1.15
2025-09-17 00:17:11,2025-09-17,00:17:11,in,0.91,1310.8,0.0,21.0,6.544,334.9,1.41
2025-09-17 00:18:11,2025-09-17,00:18:11,out,0.73,20.5,100.0,20.5,20.515,132.3,1.11
2025-09-17 00:18:14,2025-09-17,00:18:14,in,0.84,1310.8,0.0,21.0,6.544,320.2,1.33
2025-09-17 00:19:14,2025-09-17,00:19:14,out,0.72,20.5,100.0,20.5,20.515,124.2,1.0
2025-09-17 00:19:18,2025-09-17,00:19:18,in,0.82,1310.8,0.0,21.0,6.544,323.0,1.35
2025-09-17 00:20:18,2025-09-17,00:20:18,out,0.58,20.5,100.0,20.5,20.515,113.1,0.94
2025-09-17 00:20:22,2025-09-17,00:20:22,in,0.77,1310.8,0.0,21.0,6.544,322.2,1.6
2025-09-17 00:21:22,2025-09-17,00:21:22,out,0.75,20.5,100.0,20.5,20.515,83.1,1.01
2025-09-17 00:21:25,2025-09-17,00:21:25,in,1.23,1310.8,0.0,21.0,6.544,319.7,1.88
2025-09-17 00:22:25,2025-09-17,00:22:25,out,0.54,20.5,100.0,20.5,20.515,80.6,0.71
2025-09-17 00:22:28,2025-09-17,00:22:28,in,0.78,1310.8,0.0,20.9,6.503,329.6,1.66
2025-09-17 00:23:28,2025-09-17,00:23:28,out,0.48,20.5,100.0,20.5,20.515,55.3,0.86
2025-09-17 00:23:32,2025-09-17,00:23:32,in,1.03,1310.8,0.0,20.9,6.503,331.1,1.38
2025-09-17 00:24:32,2025-09-17,00:24:32,out,0.63,20.5,100.0,20.5,20.515,59.1,0.78
2025-09-17 00:24:36,2025-09-17,00:24:36,in,0.58,1310.8,0.0,20.9,6.503,337.1,1.58
2025-09-17 00:25:36,2025-09-17,00:25:36,out,0.75,20.4,100.0,20.4,20.414,57.4,1.09
2025-09-17 00:25:39,2025-09-17,00:25:39,in,0.67,1310.8,0.0,20.9,6.503,335.2,1.51
2025-09-17 00:26:39,2025-09-17,00:26:39,out,1.17,20.5,100.0,20.5,20.515,56.1,1.34
2025-09-17 00:26:43,2025-09-17,00:26:43,in,0.64,1310.8,0.0,20.9,6.503,337.1,1.13
2025-09-17 00:27:42,2025-09-17,00:27:42,out,0.8,20.5,100.0,20.5,20.515,44.7,1.33
2025-09-17 00:27:46,2025-09-17,00:27:46,in,0.85,1310.8,0.0,20.8,6.461,326.4,1.33
2025-09-17 00:28:46,2025-09-17,00:28:46,out,0.93,20.5,100.0,20.5,20.515,26.4,1.12
2025-09-17 00:28:50,2025-09-17,00:28:50,in,0.65,1310.8,0.0,20.8,6.461,345.8,1.34
2025-09-17 00:29:50,2025-09-17,00:29:50,out,0.84,20.5,100.0,20.5,20.515,9.5,1.17
2025-09-17 00:29:54,2025-09-17,00:29:54,in,0.63,1310.8,0.0,20.8,6.461,350.6,1.27
2025-09-17 00:30:53,2025-09-17,00:30:53,out,0.65,20.5,100.0,20.5,20.515,29.3,0.94
2025-09-17 00:30:57,2025-09-17,00:30:57,in,0.96,1310.8,0.0,20.8,6.461,333.2,1.21
2025-09-17 00:31:56,2025-09-17,00:31:56,out,0.53,20.4,100.0,20.4,20.414,7.9,0.77
2025-09-17 00:32:00,2025-09-17,00:32:00,in,0.82,1310.8,0.0,20.7,6.42,338.7,1.33
2025-09-17 00:33:00,2025-09-17,00:33:00,out,0.7,20.3,100.0,20.3,20.314,42.9,0.91
2025-09-17 00:33:04,2025-09-17,00:33:04,in,0.99,1310.8,0.0,20.6,6.378,324.9,1.42
2025-09-17 00:34:04,2025-09-17,00:34:04,out,0.63,20.3,100.0,20.3,20.314,42.0,0.9
2025-09-17 00:34:08,2025-09-17,00:34:08,in,0.79,1310.8,0.0,20.6,6.378,332.5,1.86
2025-09-17 00:35:07,2025-09-17,00:35:07,out,0.98,20.2,100.0,20.2,20.213,45.9,1.23
2025-09-17 00:35:11,2025-09-17,00:35:11,in,0.94,1310.8,0.0,20.5,6.337,321.7,1.63
2025-09-17 00:36:11,2025-09-17,00:36:11,out,1.0,20.2,100.0,20.2,20.213,55.3,1.18
2025-09-17 00:36:14,2025-09-17,00:36:14,in,1.06,1310.8,0.0,20.5,6.337,323.2,1.84
2025-09-17 00:37:14,2025-09-17,00:37:14,out,1.16,20.2,100.0,20.2,20.213,65.0,1.31
2025-09-17 00:37:18,2025-09-17,00:37:18,in,0.74,1310.8,0.0,20.5,6.337,338.4,1.78
2025-09-17 00:38:18,2025-09-17,00:38:18,out,0.83,20.2,100.0,20.2,20.213,67.6,1.22
2025-09-17 00:38:22,2025-09-17,00:38:22,in,1.04,1310.8,0.0,20.5,6.337,325.3,2.23
2025-09-17 00:39:21,2025-09-17,00:39:21,out,0.85,20.2,100.0,20.2,20.213,68.6,1.08
2025-09-17 00:39:25,2025-09-17,00:39:25,in,1.15,1310.8,0.0,20.5,6.337,329.8,1.64
2025-09-17 00:40:24,2025-09-17,00:40:24,out,0.65,20.1,100.0,20.1,20.112,71.8,0.99
2025-09-17 00:40:28,2025-09-17,00:40:28,in,0.89,1310.8,0.0,20.5,6.337,324.6,1.89
2025-09-17 00:41:28,2025-09-17,00:41:28,out,0.8,20.1,100.0,20.1,20.112,62.9,0.9
2025-09-17 00:41:32,2025-09-17,00:41:32,in,0.96,1310.8,0.0,20.5,6.337,319.6,1.93
2025-09-17 00:42:32,2025-09-17,00:42:32,out,1.02,20.1,100.0,20.1,20.112,53.2,1.09
2025-09-17 00:42:36,2025-09-17,00:42:36,in,0.78,1310.8,0.0,20.5,6.337,328.8,1.35
2025-09-17 00:43:35,2025-09-17,00:43:35,out,0.86,,,20.1,,44.0,1.28
2025-09-17 00:43:39,2025-09-17,00:43:39,in,0.7,1310.8,0.0,20.4,6.295,335.6,1.39
2025-09-17 00:44:38,2025-09-17,00:44:38,out,0.81,20.1,100.0,20.1,20.112,57.8,1.1
2025-09-17 00:44:42,2025-09-17,00:44:42,in,0.49,1310.8,0.0,20.4,6.295,326.5,1.57
2025-09-17 00:45:42,2025-09-17,00:45:42,out,0.71,20.1,100.0,20.1,20.112,63.6,1.05
2025-09-17 00:45:46,2025-09-17,00:45:46,in,0.73,1310.8,0.0,20.4,6.295,328.4,1.78
2025-09-17 00:46:46,2025-09-17,00:46:46,out,0.75,20.0,100.0,20.0,20.012,103.9,0.89
2025-09-17 00:46:50,2025-09-17,00:46:50,in,1.03,1310.8,0.0,20.4,6.295,323.0,1.67
2025-09-17 00:47:49,2025-09-17,00:47:49,out,0.55,20.0,100.0,20.0,20.012,121.6,0.79
2025-09-17 00:47:53,2025-09-17,00:47:53,in,1.02,1310.8,0.0,20.5,6.337,322.1,1.58
2025-09-17 00:48:52,2025-09-17,00:48:52,out,0.68,20.0,100.0,20.0,20.012,128.7,0.82
2025-09-17 00:48:56,2025-09-17,00:48:56,in,0.83,1310.8,0.0,20.5,6.337,321.4,1.63
2025-09-17 00:49:56,2025-09-17,00:49:56,out,0.64,20.0,100.0,20.0,20.012,139.7,0.77
2025-09-17 00:50:00,2025-09-17,00:50:00,in,0.94,1310.8,0.0,20.5,6.337,330.3,1.53
2025-09-17 00:51:00,2025-09-17,00:51:00,out,0.55,20.0,100.0,20.0,20.012,123.8,0.78
2025-09-17 00:51:04,2025-09-17,00:51:04,in,1.0,1310.8,0.0,20.5,6.337,326.2,1.5
2025-09-17 00:52:03,2025-09-17,00:52:03,out,0.26,20.0,100.0,20.0,20.012,116.7,0.55
2025-09-17 00:52:07,2025-09-17,00:52:07,in,0.99,1310.8,0.0,20.5,6.337,322.3,1.83
2025-09-17 00:53:06,2025-09-17,00:53:06,out,0.36,19.9,100.0,19.9,19.911,93.7,0.42
2025-09-17 00:53:10,2025-09-17,00:53:10,in,1.2,1310.8,0.0,20.5,6.337,318.5,1.98
2025-09-17 00:54:10,2025-09-17,00:54:10,out,0.29,19.9,100.0,19.9,19.911,57.1,0.51
2025-09-17 00:54:14,2025-09-17,00:54:14,in,1.17,1310.8,0.0,20.5,6.337,323.9,1.77
2025-09-17 00:55:14,2025-09-17,00:55:14,out,0.38,19.9,100.0,19.9,19.911,100.0,0.44
2025-09-17 00:55:18,2025-09-17,00:55:18,in,0.91,1310.8,0.0,20.4,6.295,317.0,1.55
2025-09-17 00:56:17,2025-09-17,00:56:17,out,0.61,19.9,100.0,19.9,19.911,125.9,0.66
2025-09-17 00:56:21,2025-09-17,00:56:21,in,1.11,1310.8,0.0,20.5,6.337,332.3,1.5
2025-09-17 00:57:20,2025-09-17,00:57:20,out,0.86,19.9,100.0,19.9,19.911,129.0,1.0
2025-09-17 00:57:24,2025-09-17,00:57:24,in,1.05,1310.8,0.0,20.5,6.337,324.3,1.44
2025-09-17 00:58:24,2025-09-17,00:58:24,out,0.45,19.9,100.0,19.9,19.911,108.4,1.02
2025-09-17 00:58:28,2025-09-17,00:58:28,in,1.12,1310.8,0.0,20.5,6.337,320.3,1.84
2025-09-17 00:59:28,2025-09-17,00:59:28,out,0.3,19.9,100.0,19.9,19.911,103.5,0.58
2025-09-17 00:59:32,2025-09-17,00:59:32,in,1.17,1310.8,0.0,20.5,6.337,337.5,1.99
2025-09-17 01:00:31,2025-09-17,01:00:31,out,0.16,19.9,100.0,19.9,19.911,85.6,0.48
2025-09-17 01:00:35,2025-09-17,01:00:35,in,1.64,1310.8,0.0,20.4,6.295,319.6,1.94
2025-09-17 01:01:34,2025-09-17,01:01:34,out,0.12,19.9,100.0,19.9,19.911,122.4,0.37
2025-09-17 01:01:38,2025-09-17,01:01:38,in,0.7,1310.8,0.0,20.4,6.295,325.4,1.82
2025-09-17 01:02:38,2025-09-17,01:02:38,out,1.02,19.8,100.0,19.8,19.81,51.6,1.16
2025-09-17 01:02:42,2025-09-17,01:02:42,in,1.12,1310.8,0.0,20.4,6.295,325.6,1.61
2025-09-17 01:03:42,2025-09-17,01:03:42,out,0.57,19.8,100.0,19.8,19.81,82.9,1.22
2025-09-17 01:03:46,2025-09-17,01:03:46,in,0.98,1310.8,0.0,20.4,6.295,333.9,1.5
2025-09-17 01:04:45,2025-09-17,01:04:45,out,0.69,19.8,100.0,19.8,19.81,68.4,0.97
2025-09-17 01:05:18,2025-09-17,01:05:18,in,1.16,1310.8,0.0,20.4,6.295,320.3,1.92
2025-09-17 01:05:48,2025-09-17,01:05:48,out,0.85,19.8,100.0,19.8,19.81,57.2,1.27
2025-09-17 01:06:19,2025-09-17,01:06:19,in,0.97,1310.8,0.0,20.4,6.295,328.1,1.78
2025-09-17 01:06:52,2025-09-17,01:06:52,out,0.85,19.8,100.0,19.8,19.81,76.3,1.09
2025-09-17 01:07:22,2025-09-17,01:07:22,in,1.1,1310.8,0.0,20.4,6.295,326.8,1.88
2025-09-17 01:07:56,2025-09-17,01:07:56,out,0.68,19.8,100.0,19.8,19.81,48.1,1.02
2025-09-17 01:08:26,2025-09-17,01:08:26,in,1.19,1310.8,0.0,20.4,6.295,324.4,2.08
2025-09-17 01:09:00,2025-09-17,01:09:00,out,0.4,19.8,100.0,19.8,19.81,67.6,0.98
2025-09-17 01:09:30,2025-09-17,01:09:30,in,1.06,1310.8,0.0,20.3,6.253,321.3,1.67
2025-09-17 01:10:03,2025-09-17,01:10:03,out,1.0,19.8,100.0,19.8,19.81,55.6,1.2
2025-09-17 01:10:33,2025-09-17,01:10:33,in,0.45,1310.8,0.0,20.3,6.253,332.3,1.89
2025-09-17 01:11:06,2025-09-17,01:11:06,out,0.99,19.8,100.0,19.8,19.81,44.5,1.48
2025-09-17 01:11:36,2025-09-17,01:11:36,in,1.06,1310.8,0.0,20.3,6.253,327.0,2.33
2025-09-17 01:12:10,2025-09-17,01:12:10,out,0.63,19.8,100.0,19.8,19.81,55.7,1.33
2025-09-17 01:12:40,2025-09-17,01:12:40,in,1.1,1310.8,0.0,20.3,6.253,323.8,1.53
2025-09-17 01:13:14,2025-09-17,01:13:14,out,0.58,19.8,100.0,19.8,19.81,65.0,1.36
2025-09-17 01:13:44,2025-09-17,01:13:44,in,1.3,1310.8,0.0,20.3,6.253,323.5,2.41
2025-09-17 01:14:17,2025-09-17,01:14:17,out,0.78,,,19.8,,65.3,1.2
2025-09-17 01:14:47,2025-09-17,01:14:47,in,1.34,1310.8,0.0,20.3,6.253,325.2,1.72
2025-09-17 01:15:20,2025-09-17,01:15:20,out,1.36,19.9,100.0,19.9,19.911,67.2,1.5
2025-09-17 01:15:50,2025-09-17,01:15:50,in,0.7,1310.8,0.0,20.3,6.253,340.3,1.89
2025-09-17 01:16:24,2025-09-17,01:16:24,out,1.22,19.9,100.0,19.9,19.911,62.4,1.5
2025-09-17 01:16:54,2025-09-17,01:16:54,in,1.33,1310.8,0.0,20.3,6.253,327.1,2.08
2025-09-17 01:17:28,2025-09-17,01:17:28,out,1.24,19.9,100.0,19.9,19.911,58.5,1.44
2025-09-17 01:17:58,2025-09-17,01:17:58,in,1.29,1310.8,0.0,20.2,6.212,324.8,1.75
2025-09-17 01:18:31,2025-09-17,01:18:31,out,1.33,20.0,100.0,20.0,20.012,60.5,1.42
2025-09-17 01:19:01,2025-09-17,01:19:01,in,1.38,1310.8,0.0,20.2,6.212,322.4,1.97
2025-09-17 01:19:34,2025-09-17,01:19:34,out,1.06,,,20.0,,75.7,1.5
2025-09-17 01:20:04,2025-09-17,01:20:04,in,0.73,1310.8,0.0,20.2,6.212,335.4,1.65
2025-09-17 01:20:38,2025-09-17,01:20:38,out,0.8,20.0,100.0,20.0,20.012,61.8,1.2
2025-09-17 01:21:08,2025-09-17,01:21:08,in,0.84,1310.8,0.0,20.2,6.212,331.2,2.0
2025-09-17 01:21:42,2025-09-17,01:21:42,out,0.69,20.0,100.0,20.0,20.012,67.8,0.87
2025-09-17 01:22:12,2025-09-17,01:22:12,in,0.79,1310.8,0.0,20.2,6.212,323.6,1.72
2025-09-17 01:22:45,2025-09-17,01:22:45,out,0.58,20.0,100.0,20.0,20.012,124.7,0.87
2025-09-17 01:23:15,2025-09-17,01:23:15,in,1.03,1310.8,0.0,20.2,6.212,325.2,1.69
2025-09-17 01:23:48,2025-09-17,01:23:48,out,0.36,19.9,100.0,19.9,19.911,95.3,0.76
2025-09-17 01:24:18,2025-09-17,01:24:18,in,0.9,1310.8,0.0,20.2,6.212,321.8,2.15
2025-09-17 01:24:52,2025-09-17,01:24:52,out,0.38,19.9,100.0,19.9,19.911,59.5,0.73
2025-09-17 01:25:22,2025-09-17,01:25:22,in,1.13,1310.8,0.0,20.2,6.212,318.2,1.85
2025-09-17 01:25:56,2025-09-17,01:25:56,out,0.2,19.9,100.0,19.9,19.911,329.6,0.4
2025-09-17 01:26:26,2025-09-17,01:26:26,in,0.26,1310.8,0.0,20.1,6.17,331.1,1.82
2025-09-17 01:26:59,2025-09-17,01:26:59,out,0.31,19.8,100.0,19.8,19.81,24.4,0.54
2025-09-17 01:27:30,2025-09-17,01:27:30,in,0.16,1310.8,0.0,20.2,6.212,335.0,0.21
2025-09-17 01:28:02,2025-09-17,01:28:02,out,0.68,19.8,100.0,19.8,19.81,38.5,0.76
2025-09-17 01:28:33,2025-09-17,01:28:33,in,0.09,1310.8,0.0,20.2,6.212,6.5,0.28
2025-09-17 01:29:06,2025-09-17,01:29:06,out,0.74,19.8,100.0,19.8,19.81,44.5,1.01
2025-09-17 01:29:36,2025-09-17,01:29:36,in,0.17,1310.8,0.0,20.2,6.212,6.5,0.22
2025-09-17 01:30:10,2025-09-17,01:30:10,out,0.93,19.8,100.0,19.8,19.81,40.1,1.14
2025-09-17 01:30:40,2025-09-17,01:30:40,in,0.05,1310.8,0.0,20.2,6.212,330.2,0.28
2025-09-17 01:31:13,2025-09-17,01:31:13,out,0.65,19.8,100.0,19.8,19.81,40.7,1.08
2025-09-17 01:31:44,2025-09-17,01:31:44,in,0.07,1310.8,0.0,20.2,6.212,330.2,0.16
2025-09-17 01:32:16,2025-09-17,01:32:16,out,0.49,19.8,100.0,19.8,19.81,24.9,0.55
2025-09-17 01:32:47,2025-09-17,01:32:47,in,0.46,1310.8,0.0,20.3,6.253,326.1,1.86
2025-09-17 01:33:20,2025-09-17,01:33:20,out,0.4,19.8,100.0,19.8,19.81,108.3,0.52
2025-09-17 01:33:50,2025-09-17,01:33:50,in,0.91,1310.8,0.0,20.2,6.212,327.8,1.54
2025-09-17 01:34:24,2025-09-17,01:34:24,out,0.18,19.7,100.0,19.7,19.709,153.3,0.44
2025-09-17 01:34:54,2025-09-17,01:34:54,in,0.81,1310.8,0.0,20.2,6.212,322.6,1.68
2025-09-17 01:35:27,2025-09-17,01:35:27,out,0.17,19.7,100.0,19.7,19.709,57.2,0.32
2025-09-17 01:35:58,2025-09-17,01:35:58,in,0.67,1310.8,0.0,20.2,6.212,336.9,1.72
2025-09-17 01:36:31,2025-09-17,01:36:31,out,0.24,19.7,100.0,19.7,19.709,20.5,0.4
2025-09-17 01:37:01,2025-09-17,01:37:01,in,0.88,1310.8,0.0,20.1,6.17,334.4,2.0
2025-09-17 01:37:34,2025-09-17,01:37:34,out,0.78,19.7,100.0,19.7,19.709,23.8,0.89
2025-09-17 01:38:04,2025-09-17,01:38:04,in,0.31,1310.8,0.0,20.0,6.129,1.5,1.24
2025-09-17 01:38:38,2025-09-17,01:38:38,out,0.69,19.6,100.0,19.6,19.609,6.6,0.8
2025-09-17 01:39:08,2025-09-17,01:39:08,in,0.32,1310.8,0.0,20.0,6.129,358.6,0.44
2025-09-17 01:39:42,2025-09-17,01:39:42,out,0.87,19.6,100.0,19.6,19.609,17.7,1.07
2025-09-17 01:40:12,2025-09-17,01:40:12,in,0.53,1310.8,0.0,19.9,6.087,348.8,0.6
2025-09-17 01:40:45,2025-09-17,01:40:45,out,1.3,19.6,100.0,19.6,19.609,39.1,1.53
2025-09-17 01:41:15,2025-09-17,01:41:15,in,0.5,1310.8,0.0,19.8,6.046,341.9,0.62
2025-09-17 01:41:48,2025-09-17,01:41:48,out,1.09,19.6,100.0,19.6,19.609,14.3,1.33
2025-09-17 01:42:18,2025-09-17,01:42:18,in,0.65,1310.8,0.0,19.8,6.046,348.5,0.74
2025-09-17 01:42:52,2025-09-17,01:42:52,out,1.09,19.6,100.0,19.6,19.609,14.0,1.37
2025-09-17 01:43:22,2025-09-17,01:43:22,in,0.6,1310.8,0.0,19.8,6.046,340.4,0.67
2025-09-17 01:43:56,2025-09-17,01:43:56,out,1.02,19.6,100.0,19.6,19.609,21.0,1.49
2025-09-17 01:44:26,2025-09-17,01:44:26,in,0.26,1310.8,0.0,19.8,6.046,354.6,0.6
2025-09-17 01:44:59,2025-09-17,01:44:59,out,1.26,19.6,100.0,19.6,19.609,41.0,1.52
2025-09-17 01:45:29,2025-09-17,01:45:29,in,0.31,1310.8,0.0,19.8,6.046,337.0,0.4
2025-09-17 01:46:02,2025-09-17,01:46:02,out,1.01,19.6,100.0,19.6,19.609,40.7,1.63
2025-09-17 01:46:32,2025-09-17,01:46:32,in,0.28,1310.8,0.0,19.8,6.046,332.4,0.35
2025-09-17 01:47:06,2025-09-17,01:47:06,out,1.36,19.7,100.0,19.7,19.709,42.0,1.82
2025-09-17 01:47:36,2025-09-17,01:47:36,in,0.35,1310.8,0.0,19.9,6.087,343.5,0.42
2025-09-17 01:48:10,2025-09-17,01:48:10,out,0.94,19.7,100.0,19.7,19.709,38.9,1.61
2025-09-17 01:48:40,2025-09-17,01:48:40,in,0.37,1310.8,0.0,19.9,6.087,336.9,0.51
2025-09-17 01:49:13,2025-09-17,01:49:13,out,0.9,19.7,100.0,19.7,19.709,43.0,1.3
2025-09-17 01:49:43,2025-09-17,01:49:43,in,0.49,1310.8,0.0,19.8,6.046,333.6,0.6
2025-09-17 01:50:16,2025-09-17,01:50:16,out,0.67,19.7,100.0,19.7,19.709,23.7,1.37
2025-09-17 01:50:46,2025-09-17,01:50:46,in,0.19,1310.8,0.0,19.8,6.046,2.4,0.55
2025-09-17 01:51:20,2025-09-17,01:51:20,out,1.06,19.6,100.0,19.6,19.609,45.9,1.36
2025-09-17 01:51:50,2025-09-17,01:51:50,in,1.26,1310.8,0.0,19.8,6.046,327.1,2.09
2025-09-17 01:52:24,2025-09-17,01:52:24,out,0.97,19.6,100.0,19.6,19.609,23.0,1.2
2025-09-17 01:52:54,2025-09-17,01:52:54,in,0.97,1310.8,0.0,19.9,6.087,323.1,2.14
2025-09-17 01:53:27,2025-09-17,01:53:27,out,0.98,19.6,100.0,19.6,19.609,47.6,1.32
2025-09-17 01:53:57,2025-09-17,01:53:57,in,0.71,1310.8,0.0,19.9,6.087,325.7,1.8
2025-09-17 01:54:30,2025-09-17,01:54:30,out,1.23,19.6,100.0,19.6,19.609,36.0,1.62
2025-09-17 01:55:01,2025-09-17,01:55:01,in,0.41,1310.8,0.0,19.9,6.087,338.2,1.2
2025-09-17 01:55:34,2025-09-17,01:55:34,out,1.38,19.7,100.0,19.7,19.709,39.2,1.64
2025-09-17 01:56:04,2025-09-17,01:56:04,in,0.28,1310.8,0.0,19.9,6.087,336.9,0.44
2025-09-17 01:56:38,2025-09-17,01:56:38,out,1.22,19.7,100.0,19.7,19.709,38.7,1.89
2025-09-17 01:57:08,2025-09-17,01:57:08,in,0.34,1310.8,0.0,19.9,6.087,324.9,0.42
2025-09-17 01:57:41,2025-09-17,01:57:41,out,1.33,19.7,100.0,19.7,19.709,33.7,1.67
2025-09-17 01:58:11,2025-09-17,01:58:11,in,0.35,1310.8,0.0,19.9,6.087,326.9,0.45
2025-09-17 01:58:44,2025-09-17,01:58:44,out,0.83,19.7,100.0,19.7,19.709,26.1,1.67
2025-09-17 01:59:14,2025-09-17,01:59:14,in,0.37,1310.8,0.0,19.9,6.087,338.9,0.47
2025-09-17 01:59:48,2025-09-17,01:59:48,out,0.66,19.7,100.0,19.7,19.709,5.7,1.31
2025-09-17 02:00:18,2025-09-17,02:00:18,in,0.29,1310.8,0.0,19.9,6.087,324.4,0.38
2025-09-17 02:00:52,2025-09-17,02:00:52,out,0.82,19.7,100.0,19.7,19.709,359.4,1.23
2025-09-17 02:01:22,2025-09-17,02:01:22,in,0.35,1310.8,0.0,20.0,6.129,328.6,0.45
2025-09-17 02:01:55,2025-09-17,02:01:55,out,0.67,19.6,100.0,19.6,19.609,21.1,1.04
2025-09-17 02:02:25,2025-09-17,02:02:25,in,0.23,1310.8,0.0,20.0,6.129,349.6,0.45
2025-09-17 02:02:58,2025-09-17,02:02:58,out,0.58,19.6,100.0,19.6,19.609,358.3,1.19
2025-09-17 02:03:28,2025-09-17,02:03:28,in,0.28,1310.8,0.0,20.0,6.129,340.8,0.39
2025-09-17 02:04:02,2025-09-17,02:04:02,out,1.14,19.6,100.0,19.6,19.609,10.0,1.17
2025-09-17 02:04:32,2025-09-17,02:04:32,in,0.31,1310.8,0.0,20.0,6.129,329.2,0.38
2025-09-17 02:05:06,2025-09-17,02:05:06,out,0.71,19.7,100.0,19.7,19.709,0.6,1.37
2025-09-17 02:05:36,2025-09-17,02:05:36,in,0.5,1310.8,0.0,20.0,6.129,348.0,0.54
2025-09-17 02:06:09,2025-09-17,02:06:09,out,0.99,19.7,100.0,19.7,19.709,1.4,1.38
2025-09-17 02:06:39,2025-09-17,02:06:39,in,0.37,1310.8,0.0,19.9,6.087,336.9,0.67
2025-09-17 02:07:12,2025-09-17,02:07:12,out,0.83,19.6,100.0,19.6,19.609,10.1,1.41
2025-09-17 02:07:42,2025-09-17,02:07:42,in,0.35,1310.8,0.0,19.9,6.087,356.3,0.54
2025-09-17 02:08:16,2025-09-17,02:08:16,out,0.41,19.6,100.0,19.6,19.609,8.0,0.84
2025-09-17 02:08:46,2025-09-17,02:08:46,in,0.98,1310.8,0.0,19.9,6.087,328.3,1.35
2025-09-17 02:09:20,2025-09-17,02:09:20,out,0.49,19.5,100.0,19.5,19.508,6.8,1.28
2025-09-17 02:09:50,2025-09-17,02:09:50,in,0.78,1310.8,0.0,19.9,6.087,323.6,1.58
2025-09-17 02:10:23,2025-09-17,02:10:23,out,0.97,19.5,100.0,19.5,19.508,13.8,1.22
2025-09-17 02:10:53,2025-09-17,02:10:53,in,0.84,1310.8,0.0,19.8,6.046,327.9,1.22
2025-09-17 02:11:26,2025-09-17,02:11:26,out,0.61,19.5,100.0,19.5,19.508,22.5,1.39
2025-09-17 02:11:56,2025-09-17,02:11:56,in,0.46,1310.8,0.0,19.8,6.046,8.9,1.21
2025-09-17 02:12:30,2025-09-17,02:12:30,out,0.68,19.4,100.0,19.4,19.407,16.0,1.07
2025-09-17 02:13:00,2025-09-17,02:13:00,in,0.3,1310.8,0.0,19.8,6.046,1.9,0.42
2025-09-17 02:13:34,2025-09-17,02:13:34,out,0.79,19.4,100.0,19.4,19.407,28.7,1.04
2025-09-17 02:14:04,2025-09-17,02:14:04,in,0.05,1310.8,0.0,19.8,6.046,21.6,0.4
2025-09-17 02:14:37,2025-09-17,02:14:37,out,0.96,19.4,100.0,19.4,19.407,56.7,1.64
2025-09-17 02:15:07,2025-09-17,02:15:07,in,0.15,1310.8,0.0,19.8,6.046,66.3,0.31
2025-09-17 02:15:40,2025-09-17,02:15:40,out,1.03,19.4,100.0,19.4,19.407,65.1,1.4
2025-09-17 02:16:10,2025-09-17,02:16:10,in,0.14,1310.8,0.0,19.8,6.046,64.8,0.36
2025-09-17 02:16:44,2025-09-17,02:16:44,out,0.98,19.4,100.0,19.4,19.407,66.5,1.32
2025-09-17 02:17:14,2025-09-17,02:17:14,in,0.2,1310.8,0.0,19.8,6.046,125.8,0.33
2025-09-17 02:17:48,2025-09-17,02:17:48,out,1.34,19.4,100.0,19.4,19.407,69.7,2.11
2025-09-17 02:18:18,2025-09-17,02:18:18,in,0.2,1310.8,0.0,19.8,6.046,112.4,0.33
2025-09-17 02:18:51,2025-09-17,02:18:51,out,0.75,19.4,100.0,19.4,19.407,67.6,2.04
2025-09-17 02:19:21,2025-09-17,02:19:21,in,0.2,1310.8,0.0,19.8,6.046,154.8,0.33
2025-09-17 02:19:54,2025-09-17,02:19:54,out,1.09,19.4,100.0,19.4,19.407,77.1,1.74
2025-09-17 02:20:24,2025-09-17,02:20:24,in,0.2,1310.8,0.0,19.8,6.046,130.1,0.35
2025-09-17 02:20:58,2025-09-17,02:20:58,out,0.75,19.4,100.0,19.4,19.407,66.3,1.46
2025-09-17 02:21:28,2025-09-17,02:21:28,in,0.12,1310.8,0.0,19.8,6.046,153.3,0.28
2025-09-17 02:22:02,2025-09-17,02:22:02,out,0.65,19.4,100.0,19.4,19.407,52.4,1.25
2025-09-17 02:22:32,2025-09-17,02:22:32,in,0.2,1310.8,0.0,19.9,6.087,351.8,0.25
2025-09-17 02:23:05,2025-09-17,02:23:05,out,1.39,19.4,100.0,19.4,19.407,55.7,2.17
2025-09-17 02:23:35,2025-09-17,02:23:35,in,0.13,1310.8,0.0,19.9,6.087,358.9,0.23
2025-09-17 02:24:08,2025-09-17,02:24:08,out,1.8,19.4,100.0,19.4,19.407,62.6,2.32
2025-09-17 02:24:39,2025-09-17,02:24:39,in,0.25,1310.8,0.0,19.9,6.087,349.9,0.29
2025-09-17 02:25:12,2025-09-17,02:25:12,out,1.46,19.5,100.0,19.5,19.508,68.7,2.27
2025-09-17 02:25:42,2025-09-17,02:25:42,in,0.93,1310.8,0.0,19.9,6.087,325.5,1.77
2025-09-17 02:26:16,2025-09-17,02:26:16,out,1.23,19.5,100.0,19.5,19.508,60.3,2.18
2025-09-17 02:26:46,2025-09-17,02:26:46,in,1.5,1310.8,0.0,20.0,6.129,312.3,2.24
2025-09-17 02:27:19,2025-09-17,02:27:19,out,1.58,19.5,100.0,19.5,19.508,61.7,1.79
2025-09-17 02:27:50,2025-09-17,02:27:50,in,1.24,1310.8,0.0,20.0,6.129,326.5,2.17
2025-09-17 02:28:22,2025-09-17,02:28:22,out,1.02,19.5,100.0,19.5,19.508,68.1,2.05
2025-09-17 02:28:53,2025-09-17,02:28:53,in,0.42,1310.8,0.0,20.0,6.129,334.7,1.25
2025-09-17 02:29:26,2025-09-17,02:29:26,out,0.7,19.5,100.0,19.5,19.508,50.5,2.04
2025-09-17 02:29:56,2025-09-17,02:29:56,in,0.22,1310.8,0.0,20.0,6.129,5.9,0.5
2025-09-17 02:30:30,2025-09-17,02:30:30,out,0.38,19.5,100.0,19.5,19.508,3.9,1.09
2025-09-17 02:31:00,2025-09-17,02:31:00,in,0.35,1310.8,0.0,20.1,6.17,319.4,0.49
2025-09-17 02:31:33,2025-09-17,02:31:33,out,0.27,19.5,100.0,19.5,19.508,303.8,0.8
2025-09-17 02:32:04,2025-09-17,02:32:04,in,0.59,1310.8,0.0,20.3,6.253,309.6,0.67
2025-09-17 02:32:36,2025-09-17,02:32:36,out,0.63,19.5,100.0,19.5,19.508,264.0,0.84
2025-09-17 02:33:07,2025-09-17,02:33:07,in,0.09,1310.8,0.0,20.3,6.253,276.5,0.58
2025-09-17 02:33:40,2025-09-17,02:33:40,out,1.34,19.5,100.0,19.5,19.508,249.4,1.47
2025-09-17 02:34:10,2025-09-17,02:34:10,in,0.04,1310.8,0.0,20.2,6.212,276.5,0.23
2025-09-17 02:34:44,2025-09-17,02:34:44,out,1.8,19.4,100.0,19.4,19.407,241.0,1.97
2025-09-17 02:35:14,2025-09-17,02:35:14,in,0.19,1310.8,0.0,20.3,6.253,12.3,0.41
2025-09-17 02:35:47,2025-09-17,02:35:47,out,1.33,19.3,100.0,19.3,19.307,235.4,1.85
2025-09-17 02:36:18,2025-09-17,02:36:18,in,0.13,1310.8,0.0,20.3,6.253,12.3,0.23
2025-09-17 02:36:51,2025-09-17,02:36:51,out,1.68,19.2,100.0,19.2,19.206,250.2,2.16
2025-09-17 02:37:21,2025-09-17,02:37:21,in,0.24,1310.8,0.0,20.3,6.253,357.3,0.28
2025-09-17 02:37:54,2025-09-17,02:37:54,out,1.99,19.1,100.0,19.1,19.105,261.9,2.34
2025-09-17 02:38:24,2025-09-17,02:38:24,in,0.1,1310.8,0.0,20.3,6.253,1.8,0.28
2025-09-17 02:38:58,2025-09-17,02:38:58,out,1.02,19.0,100.0,19.0,19.004,274.3,2.04
2025-09-17 02:39:28,2025-09-17,02:39:28,in,0.51,1310.8,0.0,20.3,6.253,16.8,0.66
2025-09-17 02:40:02,2025-09-17,02:40:02,out,0.71,19.0,100.0,19.0,19.004,312.4,1.4
2025-09-17 02:40:32,2025-09-17,02:40:32,in,0.25,1310.8,0.0,20.1,6.17,299.9,0.6
2025-09-17 02:41:05,2025-09-17,02:41:05,out,1.43,19.0,100.0,19.0,19.004,313.8,1.6
2025-09-17 02:41:35,2025-09-17,02:41:35,in,0.27,1310.8,0.0,20.1,6.17,352.1,0.41
2025-09-17 02:42:08,2025-09-17,02:42:08,out,1.17,19.1,100.0,19.1,19.105,312.9,1.71
2025-09-17 02:42:38,2025-09-17,02:42:38,in,1.33,,,1310.8,,20.1,0.0
2025-09-17 02:43:12,2025-09-17,02:43:12,out,1.5,,,19.2,,19.2,10.0
2025-09-17 02:43:42,2025-09-17,02:43:42,in,1.04,1310.8,0.0,20.0,6.129,322.6,1.2
2025-09-17 02:44:16,2025-09-17,02:44:16,out,0.44,19.3,100.0,19.3,19.307,346.9,1.31
2025-09-17 02:44:46,2025-09-17,02:44:46,in,0.97,1310.8,0.0,19.9,6.087,331.0,1.64
2025-09-17 02:45:19,2025-09-17,02:45:19,out,0.98,19.3,100.0,19.3,19.307,285.3,1.19
2025-09-17 02:45:49,2025-09-17,02:45:49,in,0.51,1310.8,0.0,19.9,6.087,349.4,1.7
2025-09-17 02:46:22,2025-09-17,02:46:22,out,1.3,19.4,100.0,19.4,19.407,305.7,1.68
2025-09-17 02:46:52,2025-09-17,02:46:52,in,0.2,1310.8,0.0,20.0,6.129,298.6,0.37
2025-09-17 02:47:26,2025-09-17,02:47:26,out,0.82,19.4,100.0,19.4,19.407,272.6,1.58
2025-09-17 02:47:56,2025-09-17,02:47:56,in,0.12,1310.8,0.0,20.0,6.129,309.4,0.41
2025-09-17 02:48:30,2025-09-17,02:48:30,out,0.94,19.4,100.0,19.4,19.407,287.1,1.27
2025-09-17 02:49:00,2025-09-17,02:49:00,in,0.17,1310.8,0.0,20.0,6.129,332.1,0.25
2025-09-17 02:49:33,2025-09-17,02:49:33,out,1.17,19.4,100.0,19.4,19.407,293.2,1.37
2025-09-17 02:50:03,2025-09-17,02:50:03,in,0.12,1310.8,0.0,20.1,6.17,341.0,0.25
2025-09-17 02:50:36,2025-09-17,02:50:36,out,1.16,19.5,100.0,19.5,19.508,274.0,1.41
2025-09-17 02:51:06,2025-09-17,02:51:06,in,0.38,1310.8,0.0,20.1,6.17,339.3,0.55
2025-09-17 02:51:40,2025-09-17,02:51:40,out,0.58,19.5,100.0,19.5,19.508,285.1,1.39
2025-09-17 02:52:10,2025-09-17,02:52:10,in,0.09,1310.8,0.0,20.1,6.17,9.6,0.55
2025-09-17 02:52:44,2025-09-17,02:52:44,out,1.32,19.5,100.0,19.5,19.508,248.3,1.49
2025-09-17 02:53:14,2025-09-17,02:53:14,in,0.2,1310.8,0.0,20.2,6.212,196.1,0.37
2025-09-17 02:53:47,2025-09-17,02:53:47,out,0.9,19.5,100.0,19.5,19.508,247.9,1.25
2025-09-17 02:54:17,2025-09-17,02:54:17,in,0.12,1310.8,0.0,20.2,6.212,196.1,0.2
2025-09-17 02:54:50,2025-09-17,02:54:50,out,1.0,19.5,100.0,19.5,19.508,257.9,1.13
2025-09-17 02:55:20,2025-09-17,02:55:20,in,0.12,1310.8,0.0,20.2,6.212,337.0,0.27
2025-09-17 02:55:54,2025-09-17,02:55:54,out,0.93,19.5,100.0,19.5,19.508,271.8,1.49
2025-09-17 02:56:24,2025-09-17,02:56:24,in,0.17,1310.8,0.0,20.3,6.253,354.5,0.32
2025-09-17 02:56:58,2025-09-17,02:56:58,out,0.71,19.5,100.0,19.5,19.508,281.3,1.84
2025-09-17 02:57:28,2025-09-17,02:57:28,in,0.09,1310.8,0.0,20.3,6.253,354.5,0.22
2025-09-17 02:58:01,2025-09-17,02:58:01,out,1.3,19.5,100.0,19.5,19.508,264.1,1.59
2025-09-17 02:58:31,2025-09-17,02:58:31,in,0.24,1310.8,0.0,20.3,6.253,150.1,0.38
2025-09-17 02:59:04,2025-09-17,02:59:04,out,0.79,19.6,100.0,19.6,19.609,254.2,1.28
2025-09-17 02:59:34,2025-09-17,02:59:34,in,1.14,1310.8,0.0,20.4,6.295,327.1,1.92
2025-09-17 03:00:08,2025-09-17,03:00:08,out,1.12,19.6,100.0,19.6,19.609,263.7,1.38
2025-09-17 03:00:38,2025-09-17,03:00:38,in,0.29,1310.8,0.0,20.4,6.295,325.2,1.97
2025-09-17 03:01:12,2025-09-17,03:01:12,out,0.93,19.6,100.0,19.6,19.609,258.0,1.19
2025-09-17 03:01:42,2025-09-17,03:01:42,in,0.32,1310.8,0.0,20.3,6.253,330.3,1.1
2025-09-17 03:02:15,2025-09-17,03:02:15,out,0.81,19.6,100.0,19.6,19.609,260.8,1.03
2025-09-17 03:02:45,2025-09-17,03:02:45,in,0.23,1310.8,0.0,20.3,6.253,339.7,1.16
2025-09-17 03:03:18,2025-09-17,03:03:18,out,0.3,19.6,100.0,19.6,19.609,251.7,0.91
2025-09-17 03:03:48,2025-09-17,03:03:48,in,0.89,1310.8,0.0,20.2,6.212,324.7,1.5
2025-09-17 03:04:22,2025-09-17,03:04:22,out,1.17,19.6,100.0,19.6,19.609,138.3,1.24
2025-09-17 03:04:52,2025-09-17,03:04:52,in,0.48,1310.8,0.0,20.2,6.212,308.1,1.14
2025-09-17 03:05:26,2025-09-17,03:05:26,out,0.83,19.4,100.0,19.4,19.407,143.8,1.16
2025-09-17 03:05:56,2025-09-17,03:05:56,in,1.36,1310.8,0.0,20.0,6.129,312.5,1.98
2025-09-17 03:06:29,2025-09-17,03:06:29,out,0.59,19.4,100.0,19.4,19.407,223.3,0.87
2025-09-17 03:06:59,2025-09-17,03:06:59,in,0.2,1310.8,0.0,20.0,6.129,355.6,1.07
2025-09-17 03:07:32,2025-09-17,03:07:32,out,0.72,19.3,100.0,19.3,19.307,218.0,1.05
2025-09-17 03:08:02,2025-09-17,03:08:02,in,0.22,1310.8,0.0,20.0,6.129,117.2,0.3
2025-09-17 03:08:36,2025-09-17,03:08:36,out,0.24,19.3,100.0,19.3,19.307,200.1,0.81
2025-09-17 03:09:06,2025-09-17,03:09:06,in,0.35,1310.8,0.0,20.0,6.129,147.1,0.44
2025-09-17 03:09:40,2025-09-17,03:09:40,out,0.31,19.3,100.0,19.3,19.307,249.9,0.55
2025-09-17 03:10:10,2025-09-17,03:10:10,in,0.4,1310.8,0.0,19.9,6.087,146.8,0.54
2025-09-17 03:10:43,2025-09-17,03:10:43,out,0.34,19.3,100.0,19.3,19.307,277.3,0.49
2025-09-17 03:11:13,2025-09-17,03:11:13,in,0.23,1310.8,0.0,19.7,6.004,156.8,0.48
2025-09-17 03:11:46,2025-09-17,03:11:46,out,0.15,19.3,100.0,19.3,19.307,281.1,0.27
2025-09-17 03:12:16,2025-09-17,03:12:16,in,0.21,1310.8,0.0,19.7,6.004,192.6,0.28
2025-09-17 03:12:50,2025-09-17,03:12:50,out,0.78,19.3,100.0,19.3,19.307,271.6,0.89
2025-09-17 03:13:20,2025-09-17,03:13:20,in,0.21,1310.8,0.0,19.7,6.004,200.1,0.34
2025-09-17 03:13:54,2025-09-17,03:13:54,out,1.0,19.3,100.0,19.3,19.307,264.8,1.14
2025-09-17 03:14:24,2025-09-17,03:14:24,in,0.23,1310.8,0.0,19.7,6.004,160.1,0.4
2025-09-17 03:14:57,2025-09-17,03:14:57,out,0.83,19.3,100.0,19.3,19.307,259.9,1.04
2025-09-17 03:15:27,2025-09-17,03:15:27,in,0.35,1310.8,0.0,19.8,6.046,155.4,0.37
2025-09-17 03:16:00,2025-09-17,03:16:00,out,0.77,19.4,100.0,19.4,19.407,252.6,0.93
2025-09-17 03:16:31,2025-09-17,03:16:31,in,0.3,1310.8,0.0,19.8,6.046,171.0,0.46
2025-09-17 03:17:04,2025-09-17,03:17:04,out,0.61,19.4,100.0,19.4,19.407,255.6,0.92
2025-09-17 03:17:34,2025-09-17,03:17:34,in,0.38,1310.8,0.0,19.8,6.046,165.4,0.43
2025-09-17 03:18:08,2025-09-17,03:18:08,out,0.53,19.4,100.0,19.4,19.407,236.1,0.79
2025-09-17 03:18:38,2025-09-17,03:18:38,in,0.42,1310.8,0.0,19.7,6.004,157.1,0.5
2025-09-17 03:19:11,2025-09-17,03:19:11,out,0.36,19.4,100.0,19.4,19.407,220.2,0.66
2025-09-17 03:19:42,2025-09-17,03:19:42,in,0.42,1310.8,0.0,19.6,5.963,160.3,0.55
2025-09-17 03:20:14,2025-09-17,03:20:14,out,0.46,19.4,100.0,19.4,19.407,246.8,0.66
2025-09-17 03:20:45,2025-09-17,03:20:45,in,1.09,1310.8,0.0,19.6,5.963,316.2,1.63
2025-09-17 03:21:18,2025-09-17,03:21:18,out,0.6,19.5,100.0,19.5,19.508,250.8,0.68
2025-09-17 03:21:48,2025-09-17,03:21:48,in,1.04,1310.8,0.0,19.6,5.963,315.4,1.6
2025-09-17 03:22:22,2025-09-17,03:22:22,out,0.59,19.4,100.0,19.4,19.407,253.9,0.66
2025-09-17 03:22:52,2025-09-17,03:22:52,in,1.17,1310.8,0.0,19.6,5.963,325.4,1.69
2025-09-17 03:23:25,2025-09-17,03:23:25,out,0.58,19.5,100.0,19.5,19.508,266.8,0.66
2025-09-17 03:23:56,2025-09-17,03:23:56,in,0.12,1310.8,0.0,19.6,5.963,334.9,1.33
2025-09-17 03:24:28,2025-09-17,03:24:28,out,0.46,19.5,100.0,19.5,19.508,256.1,0.66
2025-09-17 03:24:59,2025-09-17,03:24:59,in,0.19,1310.8,0.0,19.6,5.963,334.9,0.25
2025-09-17 03:25:32,2025-09-17,03:25:32,out,0.37,19.5,100.0,19.5,19.508,218.2,0.63
2025-09-17 03:26:02,2025-09-17,03:26:02,in,0.43,1310.8,0.0,19.6,5.963,147.8,0.56
2025-09-17 03:26:36,2025-09-17,03:26:36,out,0.48,19.5,100.0,19.5,19.508,192.7,0.56
2025-09-17 03:27:06,2025-09-17,03:27:06,in,0.47,1310.8,0.0,19.5,5.921,165.1,0.58
2025-09-17 03:27:39,2025-09-17,03:27:39,out,0.51,19.5,100.0,19.5,19.508,209.2,0.76
2025-09-17 03:28:10,2025-09-17,03:28:10,in,0.27,1310.8,0.0,19.4,5.879,167.3,0.52
2025-09-17 03:28:42,2025-09-17,03:28:42,out,0.11,19.5,100.0,19.5,19.508,199.4,0.33
2025-09-17 03:29:13,2025-09-17,03:29:13,in,0.13,1310.8,0.0,19.4,5.879,149.4,0.28
2025-09-17 03:29:46,2025-09-17,03:29:46,out,0.36,19.5,100.0,19.5,19.508,15.8,0.46
2025-09-17 03:30:16,2025-09-17,03:30:16,in,0.17,1310.8,0.0,19.4,5.879,97.3,0.28
2025-09-17 03:30:50,2025-09-17,03:30:50,out,0.24,19.5,100.0,19.5,19.508,84.9,0.42
2025-09-17 03:31:20,2025-09-17,03:31:20,in,0.13,1310.8,0.0,19.4,5.879,176.8,0.28
2025-09-17 03:31:53,2025-09-17,03:31:53,out,0.51,19.4,100.0,19.4,19.407,135.0,0.58
2025-09-17 03:32:24,2025-09-17,03:32:24,in,0.24,1310.8,0.0,19.4,5.879,160.7,0.32
2025-09-17 03:32:56,2025-09-17,03:32:56,out,0.68,19.4,100.0,19.4,19.407,127.1,0.76
2025-09-17 03:33:27,2025-09-17,03:33:27,in,0.2,1310.8,0.0,19.4,5.879,164.9,0.36
2025-09-17 03:34:00,2025-09-17,03:34:00,out,0.68,19.3,100.0,19.3,19.307,122.7,0.74
2025-09-17 03:34:30,2025-09-17,03:34:30,in,0.15,1310.8,0.0,19.4,5.879,160.1,0.34
2025-09-17 03:35:04,2025-09-17,03:35:04,out,0.5,19.3,100.0,19.3,19.307,140.0,0.76
2025-09-17 03:35:34,2025-09-17,03:35:34,in,0.3,1310.8,0.0,19.4,5.879,157.5,0.33
2025-09-17 03:36:07,2025-09-17,03:36:07,out,0.4,19.2,100.0,19.3,19.307,130.2,0.56
2025-09-17 03:36:38,2025-09-17,03:36:38,in,0.2,1310.8,0.0,19.4,5.879,185.4,0.35
2025-09-17 03:37:10,2025-09-17,03:37:10,out,0.27,19.3,100.0,19.3,19.307,134.3,0.43
2025-09-17 03:37:41,2025-09-17,03:37:41,in,0.58,1310.8,0.0,19.4,5.879,336.8,1.44
2025-09-17 03:38:14,2025-09-17,03:38:14,out,0.21,19.2,100.0,19.2,19.206,41.4,0.41
2025-09-17 03:38:44,2025-09-17,03:38:44,in,0.94,1310.8,0.0,19.4,5.879,334.4,1.74
2025-09-17 03:39:18,2025-09-17,03:39:18,out,0.41,19.2,100.0,19.2,19.206,64.7,0.44
2025-09-17 03:39:48,2025-09-17,03:39:48,in,1.31,1310.8,0.0,19.4,5.879,322.6,1.54
2025-09-17 03:40:21,2025-09-17,03:40:21,out,0.43,19.2,100.0,19.2,19.206,67.3,0.47
2025-09-17 03:40:52,2025-09-17,03:40:52,in,0.21,1310.8,0.0,19.3,5.838,63.6,1.4
2025-09-17 03:41:24,2025-09-17,03:41:24,out,0.48,19.2,100.0,19.2,19.206,65.9,0.59
2025-09-17 03:41:55,2025-09-17,03:41:55,in,0.14,1310.8,0.0,19.4,5.879,117.2,0.29
2025-09-17 03:42:28,2025-09-17,03:42:28,out,0.82,19.2,100.0,19.2,19.206,85.5,0.85
2025-09-17 03:42:58,2025-09-17,03:42:58,in,0.25,1310.8,0.0,19.4,5.879,148.9,0.31
2025-09-17 03:43:32,2025-09-17,03:43:32,out,0.76,19.2,100.0,19.2,19.206,88.4,0.91
2025-09-17 03:44:02,2025-09-17,03:44:02,in,0.12,1310.8,0.0,19.4,5.879,154.0,0.32
2025-09-17 03:44:35,2025-09-17,03:44:35,out,0.76,19.3,100.0,19.3,19.307,58.6,0.88
2025-09-17 03:45:06,2025-09-17,03:45:06,in,0.13,1310.8,0.0,19.4,5.879,144.2,0.28
2025-09-17 03:45:38,2025-09-17,03:45:38,out,0.55,19.3,100.0,19.3,19.307,54.3,0.77
2025-09-17 03:46:09,2025-09-17,03:46:09,in,0.16,1310.8,0.0,19.4,5.879,144.2,0.24
2025-09-17 03:46:42,2025-09-17,03:46:42,out,0.56,19.3,100.0,19.3,19.307,43.4,0.87
2025-09-17 03:47:12,2025-09-17,03:47:12,in,0.04,1310.8,0.0,19.4,5.879,144.2,0.23
2025-09-17 03:47:46,2025-09-17,03:47:46,out,0.68,19.3,100.0,19.3,19.307,40.6,0.81
2025-09-17 03:48:16,2025-09-17,03:48:16,in,0.04,1310.8,0.0,19.4,5.879,144.2,0.2
2025-09-17 03:48:49,2025-09-17,03:48:49,out,0.89,19.3,100.0,19.3,19.307,50.2,0.96
2025-09-17 03:49:20,2025-09-17,03:49:20,in,0.03,1310.8,0.0,19.4,5.879,144.2,0.14
2025-09-17 03:49:52,2025-09-17,03:49:52,out,1.03,19.4,100.0,19.4,19.407,51.2,1.11
2025-09-17 03:50:23,2025-09-17,03:50:23,in,0.27,1310.8,0.0,19.4,5.879,47.7,0.32
2025-09-17 03:50:56,2025-09-17,03:50:56,out,1.06,19.4,100.0,19.4,19.407,50.5,1.28
2025-09-17 03:51:26,2025-09-17,03:51:26,in,0.13,1310.8,0.0,19.4,5.879,146.1,0.28
2025-09-17 03:52:00,2025-09-17,03:52:00,out,1.14,19.5,100.0,19.5,19.508,60.6,1.29
2025-09-17 03:52:30,2025-09-17,03:52:30,in,0.17,1310.8,0.0,19.4,5.879,95.3,0.38
2025-09-17 03:53:03,2025-09-17,03:53:03,out,1.05,19.5,100.0,19.5,19.508,58.4,1.17
2025-09-17 03:53:34,2025-09-17,03:53:34,in,0.14,1310.8,0.0,19.4,5.879,173.2,0.26
2025-09-17 03:54:06,2025-09-17,03:54:06,out,0.71,19.5,100.0,19.5,19.508,61.5,1.1
2025-09-17 03:54:38,2025-09-17,03:54:38,in,1.76,,,1310.8,,19.4,0.0
2025-09-17 03:55:10,2025-09-17,03:55:10,out,0.87,19.5,100.0,19.5,19.508,75.3,1.19
2025-09-17 03:55:41,2025-09-17,03:55:41,in,1.06,1310.8,0.0,19.5,5.921,332.7,2.14
2025-09-17 03:56:14,2025-09-17,03:56:14,out,1.12,19.4,100.0,19.4,19.407,68.6,1.53
2025-09-17 03:56:44,2025-09-17,03:56:44,in,0.72,1310.8,0.0,19.6,5.963,306.6,2.17
2025-09-17 03:57:17,2025-09-17,03:57:17,out,0.8,19.5,100.0,19.4,19.407,57.4,1.07
2025-09-17 03:57:48,2025-09-17,03:57:48,in,0.43,1310.8,0.0,19.6,5.963,319.0,1.82
2025-09-17 03:58:20,2025-09-17,03:58:20,out,0.49,19.5,100.0,19.5,19.508,78.7,0.84
2025-09-17 03:58:52,2025-09-17,03:58:52,in,0.17,1310.8,0.0,19.6,5.963,334.4,0.49
2025-09-17 03:59:24,2025-09-17,03:59:24,out,0.78,19.5,100.0,19.5,19.508,57.8,1.04
2025-09-17 03:59:55,2025-09-17,03:59:55,in,0.18,1310.8,0.0,19.6,5.963,152.7,0.26
2025-09-17 04:00:28,2025-09-17,04:00:28,out,0.67,19.4,100.0,19.5,19.508,83.0,1.03
2025-09-17 04:00:58,2025-09-17,04:00:58,in,0.23,1310.8,0.0,19.6,5.963,152.2,0.3
2025-09-17 04:01:31,2025-09-17,04:01:31,out,0.8,19.4,100.0,19.4,19.407,84.2,1.02
2025-09-17 04:02:02,2025-09-17,04:02:02,in,0.28,1310.8,0.0,19.7,6.004,160.1,0.37
2025-09-17 04:02:34,2025-09-17,04:02:34,out,0.74,19.4,100.0,19.4,19.407,93.5,0.99
2025-09-17 04:03:06,2025-09-17,04:03:06,in,0.38,1310.8,0.0,19.7,6.004,141.1,0.46
2025-09-17 04:03:38,2025-09-17,04:03:38,out,0.57,19.4,100.0,19.4,19.407,87.5,0.89
2025-09-17 04:04:09,2025-09-17,04:04:09,in,0.37,1310.8,0.0,19.7,6.004,172.6,0.47
2025-09-17 04:04:42,2025-09-17,04:04:42,out,0.69,19.4,100.0,19.4,19.407,90.1,0.86
2025-09-17 04:05:12,2025-09-17,04:05:12,in,0.33,1310.8,0.0,19.7,6.004,124.7,0.42
2025-09-17 04:05:45,2025-09-17,04:05:45,out,0.58,19.4,100.0,19.4,19.407,81.7,0.82
2025-09-17 04:06:16,2025-09-17,04:06:16,in,0.23,1310.8,0.0,19.7,6.004,181.0,0.34
2025-09-17 04:06:48,2025-09-17,04:06:48,out,0.44,19.4,100.0,19.4,19.407,95.1,0.76
2025-09-17 04:07:20,2025-09-17,04:07:20,in,0.17,1310.8,0.0,19.6,5.963,169.9,0.37
2025-09-17 04:07:52,2025-09-17,04:07:52,out,0.72,19.3,100.0,19.3,19.307,96.8,1.03
2025-09-17 04:08:23,2025-09-17,04:08:23,in,0.34,1310.8,0.0,19.6,5.963,165.8,0.42
2025-09-17 04:08:56,2025-09-17,04:08:56,out,0.63,19.3,100.0,19.3,19.307,95.3,1.17
2025-09-17 04:09:26,2025-09-17,04:09:26,in,0.27,1310.8,0.0,19.6,5.963,146.4,0.4
2025-09-17 04:09:59,2025-09-17,04:09:59,out,0.98,19.3,100.0,19.3,19.307,80.8,1.16
2025-09-17 04:10:30,2025-09-17,04:10:30,in,0.27,1310.8,0.0,19.6,5.963,171.4,0.49
2025-09-17 04:11:02,2025-09-17,04:11:02,out,1.23,19.2,100.0,19.2,19.206,99.0,1.59
2025-09-17 04:11:34,2025-09-17,04:11:34,in,1.27,1310.8,0.0,19.6,5.963,312.6,2.18
2025-09-17 04:12:06,2025-09-17,04:12:06,out,0.6,19.2,100.0,19.2,19.206,111.2,1.98
2025-09-17 04:12:37,2025-09-17,04:12:37,in,0.99,1310.8,0.0,19.6,5.963,318.7,1.66
2025-09-17 04:13:10,2025-09-17,04:13:10,out,1.07,19.2,100.0,19.2,19.206,94.7,1.52
2025-09-17 04:13:40,2025-09-17,04:13:40,in,1.23,1310.8,0.0,19.6,5.963,320.0,2.12
2025-09-17 04:14:13,2025-09-17,04:14:13,out,1.04,19.2,100.0,19.2,19.206,79.0,1.65
2025-09-17 04:14:44,2025-09-17,04:14:44,in,0.24,1310.8,0.0,19.6,5.963,0.5,1.14
2025-09-17 04:15:16,2025-09-17,04:15:16,out,0.98,19.1,100.0,19.1,19.105,82.0,2.07
2025-09-17 04:15:48,2025-09-17,04:15:48,in,0.11,1310.8,0.0,19.6,5.963,85.9,0.27
2025-09-17 04:16:20,2025-09-17,04:16:20,out,0.64,19.1,100.0,19.1,19.105,70.0,1.38
2025-09-17 04:16:52,2025-09-17,04:16:52,in,0.08,1310.8,0.0,19.6,5.963,85.9,0.19
2025-09-17 04:17:24,2025-09-17,04:17:24,out,0.73,19.0,100.0,19.0,19.004,65.4,1.53
2025-09-17 04:17:55,2025-09-17,04:17:55,in,0.12,1310.8,0.0,19.6,5.963,85.9,0.17
2025-09-17 04:18:27,2025-09-17,04:18:27,out,0.9,19.0,100.0,19.0,19.004,91.4,1.54
2025-09-17 04:18:58,2025-09-17,04:18:58,in,0.36,1310.8,0.0,19.6,5.963,96.5,0.48
2025-09-17 04:19:30,2025-09-17,04:19:30,out,1.45,18.9,100.0,18.9,18.904,70.1,1.78
2025-09-17 04:20:02,2025-09-17,04:20:02,in,0.31,1310.8,0.0,19.6,5.963,91.8,0.45
2025-09-17 04:20:34,2025-09-17,04:20:34,out,1.7,,,18.9,,66.6,2.0
2025-09-17 04:21:06,2025-09-17,04:21:06,in,0.23,1310.8,0.0,19.6,5.963,148.9,0.38
2025-09-17 04:21:38,2025-09-17,04:21:38,out,0.99,18.8,100.0,18.8,18.803,81.5,1.88
2025-09-17 04:22:09,2025-09-17,04:22:09,in,0.28,1310.8,0.0,19.6,5.963,109.1,0.43
2025-09-17 04:22:41,2025-09-17,04:22:41,out,0.79,18.8,100.0,18.8,18.803,91.3,1.31
2025-09-17 04:23:12,2025-09-17,04:23:12,in,0.22,1310.8,0.0,19.5,5.921,128.9,0.4
2025-09-17 04:23:45,2025-09-17,04:23:45,out,1.32,18.7,100.0,18.7,18.702,84.3,1.79
2025-09-17 04:24:16,2025-09-17,04:24:16,in,0.37,1310.8,0.0,19.5,5.921,94.4,0.48
2025-09-17 04:24:48,2025-09-17,04:24:48,out,1.18,18.7,100.0,18.7,18.702,94.6,1.96
2025-09-17 04:25:20,2025-09-17,04:25:20,in,0.17,1310.8,0.0,19.5,5.921,138.6,0.47
2025-09-17 04:26:20,2025-09-17,04:26:20,out,0.82,18.6,100.0,18.6,18.602,76.6,1.15
2025-09-17 04:26:23,2025-09-17,04:26:23,in,0.1,1310.8,0.0,19.5,5.921,90.2,0.35
2025-09-17 04:27:21,2025-09-17,04:27:21,out,0.76,18.6,100.0,18.6,18.602,43.6,1.02
2025-09-17 04:27:26,2025-09-17,04:27:26,in,0.08,1310.8,0.0,19.5,5.921,81.8,0.33
2025-09-17 04:28:24,2025-09-17,04:28:24,out,0.71,18.5,100.0,18.5,18.501,45.0,1.09
2025-09-17 04:28:30,2025-09-17,04:28:30,in,0.79,1310.8,0.0,19.4,5.879,322.5,1.26
2025-09-17 04:29:28,2025-09-17,04:29:28,out,0.85,18.5,100.0,18.5,18.501,60.9,1.53
2025-09-17 04:29:34,2025-09-17,04:29:34,in,0.93,1310.8,0.0,19.3,5.838,328.6,1.75
2025-09-17 04:30:32,2025-09-17,04:30:32,out,0.81,18.5,100.0,18.5,18.501,41.0,1.02
2025-09-17 04:30:37,2025-09-17,04:30:37,in,0.4,1310.8,0.0,19.2,5.796,345.4,1.28
2025-09-17 04:31:35,2025-09-17,04:31:35,out,0.9,18.5,100.0,18.5,18.501,70.0,1.37
2025-09-17 04:31:40,2025-09-17,04:31:40,in,0.14,1310.8,0.0,19.1,5.755,315.1,1.4
2025-09-17 04:32:38,2025-09-17,04:32:38,out,1.03,18.5,100.0,18.5,18.501,111.2,1.22
2025-09-17 04:32:44,2025-09-17,04:32:44,in,0.13,1310.8,0.0,19.2,5.796,81.7,0.39
2025-09-17 04:33:42,2025-09-17,04:33:42,out,0.9,18.5,100.0,18.5,18.501,58.9,1.46
2025-09-17 04:33:48,2025-09-17,04:33:48,in,0.24,1310.8,0.0,19.2,5.796,68.3,0.35
2025-09-17 04:34:46,2025-09-17,04:34:46,out,0.44,18.4,100.0,18.4,18.4,54.2,0.81
2025-09-17 04:34:51,2025-09-17,04:34:51,in,0.06,1310.8,0.0,19.2,5.796,64.6,0.26
2025-09-17 04:35:49,2025-09-17,04:35:49,out,0.45,18.4,100.0,18.4,18.4,41.7,0.91
2025-09-17 04:35:54,2025-09-17,04:35:54,in,0.07,1310.8,0.0,19.2,5.796,64.6,0.25
2025-09-17 04:36:52,2025-09-17,04:36:52,out,0.55,18.4,100.0,18.4,18.4,49.0,0.68
2025-09-17 04:36:58,2025-09-17,04:36:58,in,0.14,1310.8,0.0,19.2,5.796,64.6,0.19
2025-09-17 04:37:56,2025-09-17,04:37:56,out,0.72,18.3,100.0,18.3,18.299,41.6,0.9
2025-09-17 04:38:02,2025-09-17,04:38:02,in,0.37,1310.8,0.0,19.2,5.796,5.5,0.45
2025-09-17 04:39:00,2025-09-17,04:39:00,out,0.41,18.3,100.0,18.3,18.299,40.1,1.13
2025-09-17 04:39:05,2025-09-17,04:39:05,in,0.41,1310.8,0.0,19.1,5.755,339.3,0.59
2025-09-17 04:40:03,2025-09-17,04:40:03,out,0.51,18.3,100.0,18.3,18.299,41.6,1.08
2025-09-17 04:40:08,2025-09-17,04:40:08,in,0.36,1310.8,0.0,19.1,5.755,335.3,0.48
2025-09-17 04:41:06,2025-09-17,04:41:06,out,0.52,18.2,100.0,18.2,18.199,50.6,1.02
2025-09-17 04:41:12,2025-09-17,04:41:12,in,0.17,1310.8,0.0,19.0,5.713,324.1,0.35
2025-09-17 04:42:10,2025-09-17,04:42:10,out,0.39,18.2,100.0,18.2,18.199,107.3,0.81
2025-09-17 04:42:16,2025-09-17,04:42:16,in,0.08,1310.8,0.0,19.0,5.713,324.1,0.17
2025-09-17 04:43:14,2025-09-17,04:43:14,out,0.51,18.2,100.0,18.2,18.199,24.5,0.67
2025-09-17 04:43:19,2025-09-17,04:43:19,in,0.27,1310.8,0.0,19.1,5.755,322.8,0.32
2025-09-17 04:44:17,2025-09-17,04:44:17,out,0.9,18.2,100.0,18.2,18.199,16.2,1.07
2025-09-17 04:44:22,2025-09-17,04:44:22,in,0.75,1310.8,0.0,19.0,5.713,353.2,0.86
2025-09-17 04:45:20,2025-09-17,04:45:20,out,1.14,18.1,100.0,18.1,18.098,28.8,1.43
2025-09-17 04:45:26,2025-09-17,04:45:26,in,1.18,1310.8,0.0,18.9,5.672,337.0,1.27
2025-09-17 04:46:24,2025-09-17,04:46:24,out,0.95,18.0,100.0,18.0,17.997,56.3,1.29
2025-09-17 04:46:30,2025-09-17,04:46:30,in,1.03,1310.8,0.0,18.8,5.63,342.8,2.03
2025-09-17 04:47:28,2025-09-17,04:47:28,out,1.19,18.0,100.0,18.0,17.997,67.0,1.44
2025-09-17 04:47:33,2025-09-17,04:47:33,in,0.92,1310.8,0.0,18.7,5.588,326.2,1.59
2025-09-17 04:48:31,2025-09-17,04:48:31,out,0.51,18.0,100.0,18.0,17.997,81.6,1.36
2025-09-17 04:48:36,2025-09-17,04:48:36,in,0.15,1310.8,0.0,18.7,5.588,358.4,1.73
2025-09-17 04:49:34,2025-09-17,04:49:34,out,0.94,18.0,100.0,18.0,17.997,53.6,1.15
2025-09-17 04:49:40,2025-09-17,04:49:40,in,0.15,1310.8,0.0,18.7,5.588,79.4,0.35
2025-09-17 04:50:38,2025-09-17,04:50:38,out,0.94,18.0,100.0,18.0,17.997,59.2,1.49
2025-09-17 04:50:44,2025-09-17,04:50:44,in,0.31,1310.8,0.0,18.7,5.588,341.7,0.36
2025-09-17 04:51:42,2025-09-17,04:51:42,out,1.17,17.9,100.0,17.9,17.897,26.4,1.48
2025-09-17 04:51:47,2025-09-17,04:51:47,in,0.37,1310.8,0.0,18.7,5.588,344.7,0.46
2025-09-17 04:52:46,2025-09-17,04:52:46,out,0.35,17.9,100.0,17.9,17.897,57.8,1.16
2025-09-17 04:52:50,2025-09-17,04:52:50,in,0.27,1310.8,0.0,18.6,5.547,337.6,0.51
2025-09-17 04:53:48,2025-09-17,04:53:48,out,0.25,17.9,100.0,17.9,17.897,87.2,0.85
2025-09-17 04:53:54,2025-09-17,04:53:54,in,0.07,1310.8,0.0,18.6,5.547,339.2,0.21
2025-09-17 04:54:52,2025-09-17,04:54:52,out,0.65,17.9,100.0,17.9,17.897,99.6,0.89
2025-09-17 04:54:58,2025-09-17,04:54:58,in,0.26,1310.8,0.0,18.7,5.588,110.4,0.36
2025-09-17 04:55:56,2025-09-17,04:55:56,out,0.62,17.8,100.0,17.8,17.796,86.1,0.81
2025-09-17 04:56:01,2025-09-17,04:56:01,in,0.21,1310.8,0.0,18.7,5.588,142.7,0.3
2025-09-17 04:57:00,2025-09-17,04:57:00,out,0.4,17.8,100.0,17.8,17.796,47.0,0.8
2025-09-17 04:57:04,2025-09-17,04:57:04,in,0.34,1310.8,0.0,18.7,5.588,343.5,0.37
2025-09-17 04:58:02,2025-09-17,04:58:02,out,0.94,17.8,100.0,17.8,17.796,41.7,1.03
2025-09-17 04:58:08,2025-09-17,04:58:08,in,0.53,1310.8,0.0,18.7,5.588,351.6,0.6
2025-09-17 04:59:06,2025-09-17,04:59:06,out,0.95,17.8,100.0,17.8,17.796,39.4,1.18
2025-09-17 04:59:12,2025-09-17,04:59:12,in,0.31,1310.8,0.0,18.6,5.547,341.7,0.65
2025-09-17 05:00:10,2025-09-17,05:00:10,out,0.76,17.8,100.0,17.8,17.796,71.9,1.05
2025-09-17 05:00:15,2025-09-17,05:00:15,in,0.1,1310.8,0.0,18.6,5.547,342.3,0.3
2025-09-17 05:01:14,2025-09-17,05:01:14,out,0.72,17.8,100.0,17.8,17.796,82.5,1.12
2025-09-17 05:01:18,2025-09-17,05:01:18,in,0.2,1310.8,0.0,18.6,5.547,82.1,0.29
2025-09-17 05:02:16,2025-09-17,05:02:16,out,0.62,17.7,100.0,17.7,17.695,93.6,0.86
2025-09-17 05:02:22,2025-09-17,05:02:22,in,0.12,1310.8,0.0,18.6,5.547,77.9,0.6
2025-09-17 05:03:20,2025-09-17,05:03:20,out,0.72,17.7,100.0,17.7,17.695,104.2,1.06
2025-09-17 05:03:26,2025-09-17,05:03:26,in,0.85,1310.8,0.0,18.6,5.547,333.7,1.84
2025-09-17 05:04:24,2025-09-17,05:04:24,out,0.72,17.7,100.0,17.7,17.695,64.8,0.95
2025-09-17 05:04:29,2025-09-17,05:04:29,in,0.75,1310.8,0.0,18.5,5.505,332.7,1.62
2025-09-17 05:05:27,2025-09-17,05:05:27,out,0.97,17.7,100.0,17.7,17.695,31.7,1.19
2025-09-17 05:05:32,2025-09-17,05:05:32,in,0.67,1310.8,0.0,18.4,5.464,348.4,1.5
2025-09-17 05:06:31,2025-09-17,05:06:31,out,0.73,17.7,100.0,17.7,17.695,50.9,1.2
2025-09-17 05:06:36,2025-09-17,05:06:36,in,0.58,1310.8,0.0,18.3,5.422,339.7,0.73
2025-09-17 05:07:34,2025-09-17,05:07:34,out,1.0,17.7,100.0,17.7,17.695,69.8,1.32
2025-09-17 05:07:40,2025-09-17,05:07:40,in,0.12,1310.8,0.0,18.3,5.422,353.5,0.64
2025-09-17 05:08:38,2025-09-17,05:08:38,out,0.96,17.7,100.0,17.7,17.695,56.9,1.12
2025-09-17 05:08:43,2025-09-17,05:08:43,in,0.08,1310.8,0.0,18.3,5.422,318.4,0.28
2025-09-17 05:09:42,2025-09-17,05:09:42,out,1.02,17.7,100.0,17.7,17.695,61.9,1.21
2025-09-17 05:09:46,2025-09-17,05:09:46,in,0.08,1310.8,0.0,18.3,5.422,318.4,0.15
2025-09-17 05:10:45,2025-09-17,05:10:45,out,0.92,17.6,100.0,17.6,17.594,58.7,1.29
2025-09-17 05:10:50,2025-09-17,05:10:50,in,0.13,1310.8,0.0,18.3,5.422,318.4,0.21
2025-09-17 05:11:48,2025-09-17,05:11:48,out,0.8,17.6,100.0,17.6,17.594,51.9,1.0
2025-09-17 05:11:54,2025-09-17,05:11:54,in,0.23,1310.8,0.0,18.4,5.464,31.9,0.29
2025-09-17 05:12:52,2025-09-17,05:12:52,out,1.05,17.6,100.0,17.6,17.594,55.5,1.25
2025-09-17 05:12:57,2025-09-17,05:12:57,in,0.23,1310.8,0.0,18.4,5.464,31.0,0.35
2025-09-17 05:13:56,2025-09-17,05:13:56,out,1.33,17.6,100.0,17.6,17.594,60.8,1.67
2025-09-17 05:14:00,2025-09-17,05:14:00,in,0.39,1310.8,0.0,18.4,5.464,32.7,0.45
2025-09-17 05:14:59,2025-09-17,05:14:59,out,1.3,17.6,100.0,17.6,17.594,53.4,1.87
2025-09-17 05:15:04,2025-09-17,05:15:04,in,0.32,1310.8,0.0,18.3,5.422,21.2,0.43
2025-09-17 05:16:02,2025-09-17,05:16:02,out,1.5,17.6,100.0,17.6,17.594,51.4,2.04
2025-09-17 05:16:08,2025-09-17,05:16:08,in,0.32,1310.8,0.0,18.3,5.422,24.0,0.38
2025-09-17 05:17:06,2025-09-17,05:17:06,out,1.72,17.6,100.0,17.6,17.594,40.4,1.98
2025-09-17 05:17:11,2025-09-17,05:17:11,in,0.52,1310.8,0.0,18.3,5.422,1.4,0.6
2025-09-17 05:18:10,2025-09-17,05:18:10,out,1.83,17.6,100.0,17.6,17.594,41.6,2.22
2025-09-17 05:18:14,2025-09-17,05:18:14,in,0.44,1310.8,0.0,18.2,5.38,348.7,0.6
2025-09-17 05:19:13,2025-09-17,05:19:13,out,1.6,17.5,100.0,17.5,17.494,67.6,2.28
2025-09-17 05:19:18,2025-09-17,05:19:18,in,0.35,1310.8,0.0,18.2,5.38,320.1,0.83
2025-09-17 05:20:16,2025-09-17,05:20:16,out,1.47,17.5,100.0,17.5,17.494,60.5,1.82
2025-09-17 05:20:22,2025-09-17,05:20:22,in,1.36,1310.8,0.0,18.2,5.38,322.8,1.99
2025-09-17 05:21:20,2025-09-17,05:21:20,out,1.85,17.5,100.0,17.5,17.494,62.8,2.01
2025-09-17 05:21:25,2025-09-17,05:21:25,in,0.67,1310.8,0.0,18.2,5.38,334.5,1.71
2025-09-17 05:22:24,2025-09-17,05:22:24,out,1.54,17.5,100.0,17.5,17.494,73.2,2.41
2025-09-17 05:22:28,2025-09-17,05:22:28,in,0.35,1310.8,0.0,18.1,5.339,16.9,2.23
2025-09-17 05:23:27,2025-09-17,05:23:27,out,1.3,17.4,100.0,17.4,17.393,77.3,2.2
2025-09-17 05:23:32,2025-09-17,05:23:32,in,0.21,1310.8,0.0,18.1,5.339,136.3,0.41
2025-09-17 05:24:30,2025-09-17,05:24:30,out,1.26,17.4,100.0,17.4,17.393,70.6,1.78
2025-09-17 05:24:36,2025-09-17,05:24:36,in,0.17,1310.8,0.0,18.1,5.339,121.6,0.33
2025-09-17 05:25:34,2025-09-17,05:25:34,out,1.6,17.4,100.0,17.4,17.393,66.1,1.77
2025-09-17 05:25:39,2025-09-17,05:25:39,in,0.07,1310.8,0.0,18.2,5.38,121.6,0.23
2025-09-17 05:26:38,2025-09-17,05:26:38,out,0.87,17.4,100.0,17.4,17.393,83.5,1.84
2025-09-17 05:26:42,2025-09-17,05:26:42,in,0.18,1310.8,0.0,18.2,5.38,118.7,0.39
2025-09-17 05:27:41,2025-09-17,05:27:41,out,1.34,17.3,100.0,17.3,17.292,69.3,1.55
2025-09-17 05:27:46,2025-09-17,05:27:46,in,0.25,1310.8,0.0,18.2,5.38,61.4,0.36
2025-09-17 05:28:44,2025-09-17,05:28:44,out,1.58,17.3,100.0,17.3,17.292,55.0,1.89
2025-09-17 05:28:50,2025-09-17,05:28:50,in,0.3,1310.8,0.0,18.1,5.339,6.3,0.35
2025-09-17 05:29:48,2025-09-17,05:29:48,out,1.58,17.3,100.0,17.3,17.292,42.9,2.07
2025-09-17 05:29:53,2025-09-17,05:29:53,in,0.32,1310.8,0.0,18.1,5.339,358.4,0.66
2025-09-17 05:30:52,2025-09-17,05:30:52,out,1.15,17.3,100.0,17.3,17.292,83.3,2.36
2025-09-17 05:30:56,2025-09-17,05:30:56,in,0.33,1310.8,0.0,18.1,5.339,103.0,0.44
2025-09-17 05:31:55,2025-09-17,05:31:55,out,1.19,17.2,100.0,17.2,17.192,69.9,1.55
2025-09-17 05:32:00,2025-09-17,05:32:00,in,0.08,1310.8,0.0,18.1,5.339,8.7,0.56
2025-09-17 05:32:58,2025-09-17,05:32:58,out,1.6,17.2,100.0,17.2,17.192,59.9,1.81
2025-09-17 05:33:04,2025-09-17,05:33:04,in,0.26,1310.8,0.0,18.1,5.339,326.8,0.31
2025-09-17 05:34:02,2025-09-17,05:34:02,out,0.87,17.2,100.0,17.2,17.192,60.9,1.48
2025-09-17 05:34:07,2025-09-17,05:34:07,in,0.35,1310.8,0.0,18.1,5.339,342.1,0.44
2025-09-17 05:35:06,2025-09-17,05:35:06,out,0.83,17.2,100.0,17.2,17.192,83.7,1.27
2025-09-17 05:35:10,2025-09-17,05:35:10,in,0.3,,,1310.8,,18.1,0.0
2025-09-17 05:36:09,2025-09-17,05:36:09,out,0.72,17.2,100.0,17.2,17.192,71.0,1.04
2025-09-17 05:36:14,2025-09-17,05:36:14,in,0.08,1310.8,0.0,18.1,5.339,67.6,0.41
2025-09-17 05:37:12,2025-09-17,05:37:12,out,0.81,17.2,100.0,17.2,17.192,63.3,0.92
2025-09-17 05:37:18,2025-09-17,05:37:18,in,0.84,1310.8,0.0,18.1,5.339,329.4,1.53
2025-09-17 05:38:16,2025-09-17,05:38:16,out,0.85,17.2,100.0,17.2,17.192,60.2,1.14
2025-09-17 05:38:21,2025-09-17,05:38:21,in,1.14,1310.8,0.0,18.0,5.297,329.0,2.04
2025-09-17 05:39:20,2025-09-17,05:39:20,out,0.82,17.2,100.0,17.2,17.192,74.0,1.03
2025-09-17 05:39:24,2025-09-17,05:39:24,in,0.99,1310.8,0.0,18.0,5.297,319.9,1.99
2025-09-17 05:40:23,2025-09-17,05:40:23,out,0.69,17.2,100.0,17.2,17.192,56.2,0.92
2025-09-17 05:40:28,2025-09-17,05:40:28,in,0.2,1310.8,0.0,18.0,5.297,317.6,0.55
2025-09-17 05:41:26,2025-09-17,05:41:26,out,0.57,17.2,100.0,17.2,17.192,96.7,1.02
2025-09-17 05:41:32,2025-09-17,05:41:32,in,0.17,1310.8,0.0,18.0,5.297,326.8,0.32
2025-09-17 05:42:30,2025-09-17,05:42:30,out,0.5,17.2,100.0,17.3,17.292,88.6,0.88
2025-09-17 05:42:35,2025-09-17,05:42:35,in,0.15,1310.8,0.0,18.0,5.297,184.0,0.41
2025-09-17 05:43:34,2025-09-17,05:43:34,out,0.46,17.3,100.0,17.3,17.292,98.2,0.56
2025-09-17 05:43:38,2025-09-17,05:43:38,in,0.08,1310.8,0.0,18.1,5.339,134.0,0.42
2025-09-17 05:44:37,2025-09-17,05:44:37,out,0.47,17.3,100.0,17.3,17.292,97.1,0.59
2025-09-17 05:44:42,2025-09-17,05:44:42,in,0.19,1310.8,0.0,18.1,5.339,134.0,0.29
2025-09-17 05:45:40,2025-09-17,05:45:40,out,0.14,17.3,100.0,17.3,17.292,90.0,0.53
2025-09-17 05:45:46,2025-09-17,05:45:46,in,0.11,1310.8,0.0,18.2,5.38,124.4,0.3
2025-09-17 05:46:44,2025-09-17,05:46:44,out,0.29,17.3,100.0,17.3,17.292,90.9,0.38
2025-09-17 05:46:49,2025-09-17,05:46:49,in,0.12,1310.8,0.0,18.3,5.422,172.0,0.34
2025-09-17 05:47:48,2025-09-17,05:47:48,out,0.05,17.3,100.0,17.3,17.292,77.8,0.33
2025-09-17 05:47:52,2025-09-17,05:47:52,in,0.2,1310.8,0.0,18.3,5.422,273.2,0.31
2025-09-17 05:48:51,2025-09-17,05:48:51,out,0.56,17.3,100.0,17.3,17.292,313.0,0.6
2025-09-17 05:48:56,2025-09-17,05:48:56,in,0.32,1310.8,0.0,18.4,5.464,317.3,0.39
2025-09-17 05:49:54,2025-09-17,05:49:54,out,0.49,17.3,100.0,17.3,17.292,322.8,0.67
2025-09-17 05:50:00,2025-09-17,05:50:00,in,0.31,1310.8,0.0,18.4,5.464,336.1,0.42
2025-09-17 05:50:58,2025-09-17,05:50:58,out,0.25,17.3,100.0,17.3,17.292,14.9,0.51
2025-09-17 05:51:03,2025-09-17,05:51:03,in,0.05,1310.8,0.0,18.4,5.464,0.4,0.42
2025-09-17 05:52:02,2025-09-17,05:52:02,out,0.55,17.3,100.0,17.3,17.292,21.2,0.66
2025-09-17 05:52:06,2025-09-17,05:52:06,in,0.07,1310.8,0.0,18.4,5.464,0.4,0.2
2025-09-17 05:53:05,2025-09-17,05:53:05,out,0.59,17.2,100.0,17.2,17.192,335.4,0.76
2025-09-17 05:53:10,2025-09-17,05:53:10,in,0.22,1310.8,0.0,18.5,5.505,318.0,0.26
2025-09-17 05:54:08,2025-09-17,05:54:08,out,0.36,17.2,100.0,17.2,17.192,345.2,0.59
2025-09-17 05:54:14,2025-09-17,05:54:14,in,1.25,1310.8,0.0,18.4,5.464,331.0,1.51
2025-09-17 05:55:12,2025-09-17,05:55:12,out,0.41,17.2,100.0,17.2,17.192,42.1,0.5
2025-09-17 05:55:17,2025-09-17,05:55:17,in,0.75,1310.8,0.0,18.2,5.38,330.2,1.25
2025-09-17 05:56:16,2025-09-17,05:56:16,out,0.38,17.2,100.0,17.2,17.192,52.7,0.49
2025-09-17 05:56:21,2025-09-17,05:56:21,in,0.34,1310.8,0.0,18.1,5.339,2.2,1.77
2025-09-17 05:57:19,2025-09-17,05:57:19,out,0.41,17.2,100.0,17.2,17.192,14.5,0.57
2025-09-17 05:57:24,2025-09-17,05:57:24,in,0.2,1310.8,0.0,18.1,5.339,349.5,0.5
2025-09-17 05:58:22,2025-09-17,05:58:22,out,0.56,17.2,100.0,17.2,17.192,35.3,0.63
2025-09-17 05:58:28,2025-09-17,05:58:28,in,0.08,1310.8,0.0,18.2,5.38,334.8,0.33
2025-09-17 05:59:26,2025-09-17,05:59:26,out,0.45,17.2,100.0,17.2,17.192,43.8,0.79
2025-09-17 05:59:32,2025-09-17,05:59:32,in,0.05,1310.8,0.0,18.2,5.38,302.7,0.28
2025-09-17 06:00:30,2025-09-17,06:00:30,out,0.41,17.2,100.0,17.2,17.192,33.6,0.5
2025-09-17 06:00:35,2025-09-17,06:00:35,in,0.2,1310.8,0.0,18.2,5.38,87.4,0.27
2025-09-17 06:01:33,2025-09-17,06:01:33,out,0.33,,,17.2,,33.5,0.5
2025-09-17 06:01:38,2025-09-17,06:01:38,in,0.11,1310.8,0.0,18.3,5.422,82.5,0.32
2025-09-17 06:02:36,2025-09-17,06:02:36,out,0.51,17.2,100.0,17.2,17.192,42.0,0.8
2025-09-17 06:02:42,2025-09-17,06:02:42,in,0.16,1310.8,0.0,18.3,5.422,57.7,0.27
2025-09-17 06:03:40,2025-09-17,06:03:40,out,0.59,17.2,100.0,17.2,17.192,40.0,0.95
2025-09-17 06:03:46,2025-09-17,06:03:46,in,0.06,1310.8,0.0,18.3,5.422,57.7,0.21
2025-09-17 06:04:44,2025-09-17,06:04:44,out,0.78,17.2,100.0,17.2,17.192,38.0,1.04
2025-09-17 06:04:49,2025-09-17,06:04:49,in,0.14,1310.8,0.0,18.3,5.422,300.9,0.24
2025-09-17 06:05:47,2025-09-17,06:05:47,out,0.82,17.2,100.0,17.2,17.192,40.4,1.02
2025-09-17 06:05:52,2025-09-17,06:05:52,in,0.08,1310.8,0.0,18.4,5.464,300.9,0.16
2025-09-17 06:06:50,2025-09-17,06:06:50,out,0.6,17.2,100.0,17.2,17.192,48.3,0.94
2025-09-17 06:06:56,2025-09-17,06:06:56,in,0.33,1310.8,0.0,18.4,5.464,111.0,0.41
2025-09-17 06:07:54,2025-09-17,06:07:54,out,0.78,17.2,100.0,17.2,17.192,60.2,0.88
2025-09-17 06:07:59,2025-09-17,06:07:59,in,0.28,1310.8,0.0,18.4,5.464,114.7,0.42
2025-09-17 06:08:58,2025-09-17,06:08:58,out,0.77,17.2,100.0,17.2,17.192,63.7,1.05
2025-09-17 06:09:03,2025-09-17,06:09:03,in,0.14,1310.8,0.0,18.4,5.464,150.1,0.31
2025-09-17 06:10:01,2025-09-17,06:10:01,out,0.81,17.2,100.0,17.2,17.192,58.8,1.32
2025-09-17 06:10:06,2025-09-17,06:10:06,in,0.23,1310.8,0.0,18.4,5.464,105.9,0.3
2025-09-17 06:11:04,2025-09-17,06:11:04,out,1.26,17.2,100.0,17.2,17.192,58.1,1.35
2025-09-17 06:11:10,2025-09-17,06:11:10,in,0.75,1310.8,0.0,18.2,5.38,337.9,1.34
2025-09-17 06:12:08,2025-09-17,06:12:08,out,1.16,17.2,100.0,17.2,17.192,61.2,1.46
2025-09-17 06:12:14,2025-09-17,06:12:14,in,0.37,1310.8,0.0,18.0,5.297,328.4,1.06
2025-09-17 06:13:12,2025-09-17,06:13:12,out,1.13,17.2,100.0,17.2,17.192,59.1,1.58
2025-09-17 06:13:17,2025-09-17,06:13:17,in,0.78,1310.8,0.0,17.9,5.256,327.8,1.67
2025-09-17 06:14:15,2025-09-17,06:14:15,out,0.84,17.2,100.0,17.2,17.192,37.5,1.29
2025-09-17 06:14:20,2025-09-17,06:14:20,in,0.21,1310.8,0.0,17.9,5.256,316.9,0.58
2025-09-17 06:15:18,2025-09-17,06:15:18,out,0.43,17.2,100.0,17.2,17.192,7.4,1.32
2025-09-17 06:15:24,2025-09-17,06:15:24,in,0.3,1310.8,0.0,17.9,5.256,318.2,0.42
2025-09-17 06:16:22,2025-09-17,06:16:22,out,0.44,17.2,100.0,17.2,17.192,28.2,0.92
2025-09-17 06:16:28,2025-09-17,06:16:28,in,0.25,1310.8,0.0,18.0,5.297,312.1,0.38
2025-09-17 06:17:26,2025-09-17,06:17:26,out,0.66,17.2,100.0,17.2,17.192,2.9,0.84
2025-09-17 06:17:31,2025-09-17,06:17:31,in,0.57,1310.8,0.0,18.1,5.339,315.0,0.72
2025-09-17 06:18:30,2025-09-17,06:18:30,out,0.56,17.2,100.0,17.2,17.192,348.0,0.92
2025-09-17 06:18:34,2025-09-17,06:18:34,in,0.41,1310.8,0.0,18.1,5.339,315.5,0.63
2025-09-17 06:19:33,2025-09-17,06:19:33,out,0.69,17.2,100.0,17.2,17.192,325.0,0.95
2025-09-17 06:19:38,2025-09-17,06:19:38,in,0.39,1310.8,0.0,18.1,5.339,322.6,0.57
2025-09-17 06:20:36,2025-09-17,06:20:36,out,0.89,17.1,100.0,17.2,17.192,342.3,1.14
2025-09-17 06:20:42,2025-09-17,06:20:42,in,0.54,1310.8,0.0,18.1,5.339,344.8,0.6
2025-09-17 06:21:40,2025-09-17,06:21:40,out,1.09,17.1,100.0,17.1,17.091,341.4,1.34
2025-09-17 06:21:45,2025-09-17,06:21:45,in,0.57,1310.8,0.0,18.2,5.38,341.3,0.67
2025-09-17 06:22:44,2025-09-17,06:22:44,out,1.26,17.1,100.0,17.1,17.091,343.9,1.4
2025-09-17 06:22:48,2025-09-17,06:22:48,in,0.53,1310.8,0.0,18.1,5.339,347.0,0.79
2025-09-17 06:23:47,2025-09-17,06:23:47,out,1.07,17.1,100.0,17.1,17.091,359.0,1.4
2025-09-17 06:23:52,2025-09-17,06:23:52,in,0.46,1310.8,0.0,18.0,5.297,356.8,0.66
2025-09-17 06:24:50,2025-09-17,06:24:50,out,1.22,17.1,100.0,17.1,17.091,350.4,1.3
2025-09-17 06:24:56,2025-09-17,06:24:56,in,0.44,1310.8,0.0,18.0,5.297,346.6,0.72
2025-09-17 06:25:54,2025-09-17,06:25:54,out,1.18,17.1,100.0,17.1,17.091,356.2,1.27
2025-09-17 06:25:59,2025-09-17,06:25:59,in,0.36,1310.8,0.0,17.9,5.256,347.4,0.6
2025-09-17 06:26:58,2025-09-17,06:26:58,out,0.98,17.1,100.0,17.1,17.091,2.4,1.17
2025-09-17 06:27:02,2025-09-17,06:27:02,in,0.36,1310.8,0.0,17.9,5.256,345.7,0.5
2025-09-17 06:28:02,2025-09-17,06:28:02,out,1.18,,,17.1,,17.1,10.0
2025-09-17 06:28:06,2025-09-17,06:28:06,in,1.45,,,1310.8,,17.9,0.0
2025-09-17 06:29:04,2025-09-17,06:29:04,out,1.0,17.1,100.0,17.1,17.091,14.5,1.28
2025-09-17 06:29:10,2025-09-17,06:29:10,in,0.71,1310.8,0.0,17.8,5.214,334.1,1.19
2025-09-17 06:30:08,2025-09-17,06:30:08,out,0.99,17.1,100.0,17.1,17.091,40.3,1.31
2025-09-17 06:30:13,2025-09-17,06:30:13,in,0.33,1310.8,0.0,17.8,5.214,346.6,0.73
2025-09-17 06:31:12,2025-09-17,06:31:12,out,0.94,17.1,100.0,17.1,17.091,43.2,1.26
2025-09-17 06:31:16,2025-09-17,06:31:16,in,0.18,1310.8,0.0,17.8,5.214,26.0,0.61
2025-09-17 06:32:15,2025-09-17,06:32:15,out,0.88,17.1,100.0,17.1,17.091,51.6,1.23
2025-09-17 06:32:20,2025-09-17,06:32:20,in,0.07,1310.8,0.0,17.8,5.214,17.6,0.3
2025-09-17 06:33:18,2025-09-17,06:33:18,out,1.37,17.1,100.0,17.1,17.091,50.3,1.49
2025-09-17 06:33:24,2025-09-17,06:33:24,in,0.1,1310.8,0.0,17.8,5.214,17.6,0.13
2025-09-17 06:34:22,2025-09-17,06:34:22,out,1.24,17.1,100.0,17.1,17.091,48.5,1.37
2025-09-17 06:34:27,2025-09-17,06:34:27,in,0.15,1310.8,0.0,17.8,5.214,17.6,0.24
2025-09-17 06:35:26,2025-09-17,06:35:26,out,0.74,17.1,100.0,17.1,17.091,47.6,1.33
2025-09-17 06:35:30,2025-09-17,06:35:30,in,0.12,1310.8,0.0,17.8,5.214,17.6,0.18
2025-09-17 06:36:29,2025-09-17,06:36:29,out,1.06,17.1,100.0,17.1,17.091,50.9,1.3
2025-09-17 06:36:34,2025-09-17,06:36:34,in,0.11,1310.8,0.0,17.8,5.214,17.6,0.16
2025-09-17 06:37:32,2025-09-17,06:37:32,out,0.93,17.0,100.0,17.0,16.99,59.2,1.4
2025-09-17 06:37:38,2025-09-17,06:37:38,in,0.02,1310.8,0.0,17.9,5.256,17.6,0.13
2025-09-17 06:38:36,2025-09-17,06:38:36,out,1.16,17.0,100.0,17.0,16.99,56.2,1.26
2025-09-17 06:38:41,2025-09-17,06:38:41,in,0.1,1310.8,0.0,17.9,5.256,17.6,0.2
2025-09-17 06:39:40,2025-09-17,06:39:40,out,0.87,17.0,100.0,17.0,16.99,55.0,1.55
2025-09-17 06:39:44,2025-09-17,06:39:44,in,0.08,1310.8,0.0,17.9,5.256,17.6,0.17
2025-09-17 06:40:44,2025-09-17,06:40:44,out,1.08,17.1,100.0,17.1,17.091,60.4,1.22
2025-09-17 06:40:48,2025-09-17,06:40:48,in,0.05,1310.8,0.0,17.9,5.256,17.6,0.13
2025-09-17 06:41:46,2025-09-17,06:41:46,out,1.07,17.0,100.0,17.0,16.99,58.9,1.33
2025-09-17 06:41:52,2025-09-17,06:41:52,in,0.09,1310.8,0.0,17.9,5.256,36.2,0.25
2025-09-17 06:42:50,2025-09-17,06:42:50,out,1.19,17.1,100.0,17.1,17.091,57.0,1.4
2025-09-17 06:42:55,2025-09-17,06:42:55,in,0.08,1310.8,0.0,17.9,5.256,36.2,0.15
2025-09-17 06:43:54,2025-09-17,06:43:54,out,1.06,17.1,100.0,17.1,17.091,51.9,1.12
2025-09-17 06:43:58,2025-09-17,06:43:58,in,0.17,1310.8,0.0,17.9,5.256,36.2,0.21
2025-09-17 06:44:58,2025-09-17,06:44:58,out,1.17,17.1,100.0,17.1,17.091,45.4,1.49
2025-09-17 06:45:02,2025-09-17,06:45:02,in,0.85,1310.8,0.0,17.9,5.256,327.6,1.22
2025-09-17 06:46:01,2025-09-17,06:46:01,out,1.45,17.1,100.0,17.1,17.091,36.4,1.83
2025-09-17 06:46:06,2025-09-17,06:46:06,in,0.92,1310.8,0.0,17.8,5.214,327.1,1.3
2025-09-17 06:47:04,2025-09-17,06:47:04,out,1.58,17.2,100.0,17.2,17.192,35.7,1.92
2025-09-17 06:47:09,2025-09-17,06:47:09,in,0.73,1310.8,0.0,17.8,5.214,328.1,1.65
2025-09-17 06:48:08,2025-09-17,06:48:08,out,1.2,17.2,100.0,17.2,17.192,34.4,1.43
2025-09-17 06:48:12,2025-09-17,06:48:12,in,0.45,1310.8,0.0,17.7,5.172,332.4,0.97
2025-09-17 06:49:11,2025-09-17,06:49:11,out,0.91,17.2,100.0,17.2,17.192,37.9,1.62
2025-09-17 06:49:16,2025-09-17,06:49:16,in,0.13,1310.8,0.0,17.7,5.172,336.9,0.45
2025-09-17 06:50:15,2025-09-17,06:50:15,out,0.77,17.2,100.0,17.2,17.192,16.8,1.4
2025-09-17 06:50:20,2025-09-17,06:50:20,in,0.17,1310.8,0.0,17.8,5.214,285.0,0.32
2025-09-17 06:51:18,2025-09-17,06:51:18,out,0.36,17.2,100.0,17.2,17.192,353.6,0.68
2025-09-17 06:51:23,2025-09-17,06:51:23,in,0.23,1310.8,0.0,17.8,5.214,167.1,0.33
2025-09-17 06:52:22,2025-09-17,06:52:22,out,0.16,17.2,100.0,17.2,17.192,341.0,0.52
2025-09-17 06:52:26,2025-09-17,06:52:26,in,0.33,1310.8,0.0,17.9,5.256,171.3,0.36
2025-09-17 06:53:25,2025-09-17,06:53:25,out,0.39,17.2,100.0,17.2,17.192,238.1,0.44
2025-09-17 06:53:30,2025-09-17,06:53:30,in,0.21,1310.8,0.0,17.9,5.256,208.2,0.4
2025-09-17 06:54:29,2025-09-17,06:54:29,out,0.9,17.2,100.0,17.2,17.192,236.1,0.96
2025-09-17 06:54:34,2025-09-17,06:54:34,in,0.31,1310.8,0.0,18.0,5.297,204.7,0.37
2025-09-17 06:55:32,2025-09-17,06:55:32,out,1.05,17.2,100.0,17.2,17.192,236.6,1.11
2025-09-17 06:55:37,2025-09-17,06:55:37,in,0.18,1310.8,0.0,18.0,5.297,221.6,0.31
2025-09-17 06:56:36,2025-09-17,06:56:36,out,0.42,17.1,100.0,17.1,17.091,248.9,1.14
2025-09-17 06:56:40,2025-09-17,06:56:40,in,0.05,1310.8,0.0,18.0,5.297,221.6,0.23
2025-09-17 06:57:40,2025-09-17,06:57:40,out,0.35,17.0,100.0,17.0,16.99,279.0,0.66
2025-09-17 06:57:44,2025-09-17,06:57:44,in,0.17,1310.8,0.0,18.1,5.339,16.0,0.37
2025-09-17 06:58:43,2025-09-17,06:58:43,out,0.33,17.0,100.0,17.0,16.99,307.5,0.41
2025-09-17 06:58:48,2025-09-17,06:58:48,in,0.19,1310.8,0.0,18.1,5.339,128.4,0.32
2025-09-17 06:59:46,2025-09-17,06:59:46,out,0.35,17.0,100.0,17.0,16.99,319.1,0.48
2025-09-17 06:59:51,2025-09-17,06:59:51,in,0.28,1310.8,0.0,18.1,5.339,129.9,0.52
2025-09-17 07:00:50,2025-09-17,07:00:50,out,0.51,17.0,100.0,17.0,16.99,84.4,0.69
2025-09-17 07:00:54,2025-09-17,07:00:54,in,0.2,1310.8,0.0,18.2,5.38,88.8,0.33
2025-09-17 07:01:54,2025-09-17,07:01:54,out,0.64,17.0,100.0,17.0,16.99,47.5,0.84
2025-09-17 07:01:58,2025-09-17,07:01:58,in,0.87,1310.8,0.0,18.1,5.339,345.1,1.29
2025-09-17 07:02:57,2025-09-17,07:02:57,out,0.69,17.0,100.0,17.0,16.99,59.8,0.75
2025-09-17 07:03:02,2025-09-17,07:03:02,in,0.7,1310.8,0.0,17.9,5.256,340.3,1.33
2025-09-17 07:04:00,2025-09-17,07:04:00,out,0.87,17.0,100.0,17.0,16.99,37.5,0.98
2025-09-17 07:04:05,2025-09-17,07:04:05,in,0.87,1310.8,0.0,17.6,5.131,320.5,1.46
2025-09-17 07:05:04,2025-09-17,07:05:04,out,0.83,17.0,100.0,17.0,16.99,359.1,0.98
2025-09-17 07:05:36,2025-09-17,07:05:36,in,0.23,1310.8,0.0,17.5,5.089,20.8,1.28
2025-09-17 07:06:08,2025-09-17,07:06:08,out,0.7,17.0,100.0,17.0,16.99,19.0,1.1
2025-09-17 07:06:38,2025-09-17,07:06:38,in,0.22,1310.8,0.0,17.6,5.131,80.3,0.35
2025-09-17 07:07:11,2025-09-17,07:07:11,out,0.68,17.1,100.0,17.1,17.091,49.0,0.99
2025-09-17 07:07:42,2025-09-17,07:07:42,in,0.24,1310.8,0.0,17.6,5.131,113.2,0.33
2025-09-17 07:08:14,2025-09-17,07:08:14,out,0.5,17.1,100.0,17.1,17.091,51.9,1.18
2025-09-17 07:08:46,2025-09-17,07:08:46,in,0.17,1310.8,0.0,17.6,5.131,80.8,0.31
2025-09-17 07:09:18,2025-09-17,07:09:18,out,0.73,17.1,100.0,17.1,17.091,33.9,0.88
2025-09-17 07:09:49,2025-09-17,07:09:49,in,0.05,1310.8,0.0,17.7,5.172,95.8,0.21
2025-09-17 07:10:22,2025-09-17,07:10:22,out,0.41,17.1,100.0,17.1,17.091,37.3,1.05
2025-09-17 07:10:53,2025-09-17,07:10:53,in,0.17,1310.8,0.0,17.7,5.172,293.2,0.31
2025-09-17 07:11:25,2025-09-17,07:11:25,out,0.56,17.1,100.0,17.1,17.091,31.3,0.85
2025-09-17 07:11:56,2025-09-17,07:11:56,in,0.18,1310.8,0.0,17.7,5.172,14.5,0.25
2025-09-17 07:12:28,2025-09-17,07:12:28,out,0.85,17.2,100.0,17.2,17.192,15.8,1.02
2025-09-17 07:13:00,2025-09-17,07:13:00,in,0.17,1310.8,0.0,17.7,5.172,14.5,0.24
2025-09-17 07:13:32,2025-09-17,07:13:32,out,0.82,17.2,100.0,17.2,17.192,35.7,1.31
2025-09-17 07:14:04,2025-09-17,07:14:04,in,0.34,1310.8,0.0,17.7,5.172,340.1,0.55
2025-09-17 07:14:36,2025-09-17,07:14:36,out,1.21,17.2,100.0,17.2,17.192,8.4,1.4
2025-09-17 07:15:07,2025-09-17,07:15:07,in,0.4,1310.8,0.0,17.8,5.214,358.6,0.47
2025-09-17 07:15:39,2025-09-17,07:15:39,out,0.93,17.2,100.0,17.2,17.192,10.4,1.26
2025-09-17 07:16:10,2025-09-17,07:16:10,in,0.4,1310.8,0.0,17.8,5.214,8.9,0.56
2025-09-17 07:16:42,2025-09-17,07:16:42,out,0.77,17.2,100.0,17.2,17.192,14.4,1.36
2025-09-17 07:17:14,2025-09-17,07:17:14,in,0.25,1310.8,0.0,17.8,5.214,27.3,0.61
2025-09-17 07:17:46,2025-09-17,07:17:46,out,0.75,17.2,100.0,17.2,17.192,30.6,1.59
2025-09-17 07:18:18,2025-09-17,07:18:18,in,0.4,1310.8,0.0,17.8,5.214,19.0,0.64
2025-09-17 07:18:50,2025-09-17,07:18:50,out,1.28,17.3,100.0,17.3,17.292,38.0,1.48
2025-09-17 07:19:21,2025-09-17,07:19:21,in,1.03,1310.8,0.0,17.8,5.214,333.3,1.46
2025-09-17 07:19:53,2025-09-17,07:19:53,out,1.13,17.3,100.0,17.3,17.292,35.7,1.66
2025-09-17 07:20:24,2025-09-17,07:20:24,in,1.23,1310.8,0.0,17.8,5.214,328.9,1.94
2025-09-17 07:20:56,2025-09-17,07:20:56,out,1.27,17.3,100.0,17.3,17.292,58.2,1.59
2025-09-17 07:21:28,2025-09-17,07:21:28,in,0.53,1310.8,0.0,17.8,5.214,349.6,1.93
2025-09-17 07:22:00,2025-09-17,07:22:00,out,1.44,17.3,100.0,17.3,17.292,69.4,1.72
2025-09-17 07:22:32,2025-09-17,07:22:32,in,0.25,1310.8,0.0,17.8,5.214,91.3,0.47
2025-09-17 07:23:04,2025-09-17,07:23:04,out,1.03,17.4,100.0,17.4,17.393,61.6,1.59
2025-09-17 07:23:35,2025-09-17,07:23:35,in,0.16,1310.8,0.0,17.8,5.214,314.3,0.33
2025-09-17 07:24:07,2025-09-17,07:24:07,out,0.82,17.4,100.0,17.4,17.393,43.2,1.58
2025-09-17 07:24:38,2025-09-17,07:24:38,in,0.14,1310.8,0.0,17.8,5.214,314.3,0.22
2025-09-17 07:25:10,2025-09-17,07:25:10,out,0.85,17.5,100.0,17.5,17.494,55.0,1.49
2025-09-17 07:25:42,2025-09-17,07:25:42,in,0.25,1310.8,0.0,17.9,5.256,7.3,0.31
2025-09-17 07:26:14,2025-09-17,07:26:14,out,1.38,17.5,100.0,17.5,17.494,42.1,1.52
2025-09-17 07:26:46,2025-09-17,07:26:46,in,0.21,1310.8,0.0,17.9,5.256,319.6,0.37
2025-09-17 07:27:18,2025-09-17,07:27:18,out,1.04,17.5,100.0,17.5,17.494,45.5,1.81
2025-09-17 07:27:49,2025-09-17,07:27:49,in,0.26,1310.8,0.0,18.0,5.297,313.3,0.38
2025-09-17 07:28:21,2025-09-17,07:28:21,out,0.32,17.6,100.0,17.6,17.594,71.5,1.73
2025-09-17 07:28:52,2025-09-17,07:28:52,in,0.12,,,,,264.0,0.31
2025-09-17 07:29:24,2025-09-17,07:29:24,out,0.88,17.6,100.0,17.6,17.594,55.2,1.14
2025-09-17 07:29:56,2025-09-17,07:29:56,in,0.16,1310.8,0.0,18.0,5.297,264.0,0.2
2025-09-17 07:30:28,2025-09-17,07:30:28,out,0.61,17.6,100.0,17.6,17.594,29.5,1.02
2025-09-17 07:31:00,2025-09-17,07:31:00,in,0.32,1310.8,0.0,18.0,5.297,312.1,0.35
2025-09-17 07:31:32,2025-09-17,07:31:32,out,0.53,17.7,100.0,17.7,17.695,5.9,0.99
2025-09-17 07:32:03,2025-09-17,07:32:03,in,0.29,1310.8,0.0,18.1,5.339,323.7,0.44
2025-09-17 07:32:35,2025-09-17,07:32:35,out,0.77,17.7,100.0,17.7,17.695,357.8,1.16
2025-09-17 07:33:06,2025-09-17,07:33:06,in,0.4,1310.8,0.0,18.1,5.339,334.7,0.47
2025-09-17 07:33:38,2025-09-17,07:33:38,out,0.66,17.7,100.0,17.7,17.695,344.8,0.92
2025-09-17 07:34:10,2025-09-17,07:34:10,in,0.31,1310.8,0.0,18.1,5.339,311.2,0.51
2025-09-17 07:34:42,2025-09-17,07:34:42,out,0.59,17.8,100.0,17.8,17.796,353.5,0.74
2025-09-17 07:35:14,2025-09-17,07:35:14,in,0.09,1310.8,0.0,18.1,5.339,334.1,0.33
2025-09-17 07:35:46,2025-09-17,07:35:46,out,0.28,17.8,100.0,17.8,17.796,324.0,0.46
2025-09-17 07:36:18,2025-09-17,07:36:18,in,0.66,1310.8,0.0,18.2,5.38,327.4,1.42
2025-09-17 07:36:49,2025-09-17,07:36:49,out,0.53,17.8,100.0,17.8,17.796,350.5,0.62
2025-09-17 07:37:21,2025-09-17,07:37:21,in,0.76,1310.8,0.0,18.2,5.38,331.9,1.41
2025-09-17 07:37:52,2025-09-17,07:37:52,out,0.43,17.8,100.0,17.8,17.796,329.6,0.9
2025-09-17 07:38:24,2025-09-17,07:38:24,in,0.39,1310.8,0.0,18.2,5.38,342.0,1.46
2025-09-17 07:38:56,2025-09-17,07:38:56,out,0.19,17.9,100.0,17.9,17.897,17.8,0.59
2025-09-17 07:39:28,2025-09-17,07:39:28,in,0.09,1310.8,0.0,18.2,5.38,12.8,0.56
2025-09-17 07:40:00,2025-09-17,07:40:00,out,0.94,18.0,100.0,18.0,17.997,41.8,1.21
2025-09-17 07:40:32,2025-09-17,07:40:32,in,0.1,1310.8,0.0,18.2,5.38,342.7,0.37
2025-09-17 07:41:03,2025-09-17,07:41:03,out,0.57,18.0,100.0,18.0,17.997,73.8,0.83
2025-09-17 07:41:35,2025-09-17,07:41:35,in,0.46,1310.8,0.0,18.3,5.422,172.0,0.57
2025-09-17 07:42:06,2025-09-17,07:42:06,out,0.39,18.2,100.0,18.2,18.199,75.5,0.7
2025-09-17 07:42:38,2025-09-17,07:42:38,in,0.29,1310.8,0.0,18.4,5.464,130.1,0.46
2025-09-17 07:43:10,2025-09-17,07:43:10,out,0.33,18.3,100.0,18.3,18.299,140.6,0.46
2025-09-17 07:43:42,2025-09-17,07:43:42,in,0.28,1310.8,0.0,18.5,5.505,161.9,0.46
2025-09-17 07:44:14,2025-09-17,07:44:14,out,0.53,,,18.3,,18.3,10.0
2025-09-17 07:44:46,2025-09-17,07:44:46,in,0.34,1310.8,0.0,18.6,5.547,148.4,0.51
2025-09-17 07:45:17,2025-09-17,07:45:17,out,0.07,18.5,100.0,18.5,18.501,142.9,0.47
2025-09-17 07:45:49,2025-09-17,07:45:49,in,0.33,1310.8,0.0,18.6,5.547,150.0,0.56
2025-09-17 07:46:20,2025-09-17,07:46:20,out,0.62,18.6,100.0,18.6,18.602,134.7,1.03
2025-09-17 07:46:52,2025-09-17,07:46:52,in,0.34,1310.8,0.0,18.6,5.547,134.4,0.58
2025-09-17 07:47:24,2025-09-17,07:47:24,out,0.76,18.7,100.0,18.7,18.702,122.5,0.8
2025-09-17 07:47:56,2025-09-17,07:47:56,in,0.34,1310.8,0.0,18.6,5.547,149.7,0.64
2025-09-17 07:48:28,2025-09-17,07:48:28,out,0.55,18.7,100.0,18.7,18.702,147.7,1.06
2025-09-17 07:49:00,2025-09-17,07:49:00,in,0.36,1310.8,0.0,18.7,5.588,163.1,0.45
2025-09-17 07:49:31,2025-09-17,07:49:31,out,0.79,18.8,100.0,18.8,18.803,144.8,0.94
2025-09-17 07:50:03,2025-09-17,07:50:03,in,0.33,1310.8,0.0,18.7,5.588,166.5,0.42
2025-09-17 07:50:34,2025-09-17,07:50:34,out,0.59,18.8,100.0,18.8,18.803,139.5,0.93
2025-09-17 07:51:06,2025-09-17,07:51:06,in,0.18,1310.8,0.0,18.8,5.63,175.8,0.46
2025-09-17 07:51:38,2025-09-17,07:51:38,out,0.1,18.8,100.0,18.8,18.803,75.1,0.77
2025-09-17 07:52:10,2025-09-17,07:52:10,in,0.11,1310.8,0.0,18.8,5.63,99.5,0.3
2025-09-17 07:52:42,2025-09-17,07:52:42,out,0.35,18.9,100.0,18.9,18.904,117.2,0.8
2025-09-17 07:53:14,2025-09-17,07:53:14,in,0.58,1310.8,0.0,18.9,5.672,338.1,1.78
2025-09-17 07:53:45,2025-09-17,07:53:45,out,0.28,19.0,100.0,19.0,19.004,339.2,0.56
2025-09-17 07:54:17,2025-09-17,07:54:17,in,0.65,1310.8,0.0,18.9,5.672,338.7,1.41
2025-09-17 07:54:48,2025-09-17,07:54:48,out,0.38,19.1,100.0,19.1,19.105,351.6,0.45
2025-09-17 07:55:20,2025-09-17,07:55:20,in,0.41,1310.8,0.0,18.8,5.63,356.5,1.65
2025-09-17 07:55:52,2025-09-17,07:55:52,out,0.46,19.2,100.0,19.2,19.206,13.9,0.69
2025-09-17 07:56:24,2025-09-17,07:56:24,in,0.37,1310.8,0.0,18.9,5.672,334.6,0.69
2025-09-17 07:56:56,2025-09-17,07:56:56,out,0.37,19.3,100.0,19.3,19.307,345.2,0.46
2025-09-17 07:57:28,2025-09-17,07:57:28,in,0.34,1310.8,0.0,18.8,5.63,321.8,0.44
2025-09-17 07:58:00,2025-09-17,07:58:00,out,0.46,19.3,100.0,19.3,19.307,285.2,0.7
2025-09-17 07:58:31,2025-09-17,07:58:31,in,0.16,1310.8,0.0,18.9,5.672,308.1,0.41
2025-09-17 07:59:03,2025-09-17,07:59:03,out,0.89,19.3,100.0,19.3,19.307,280.1,0.96
2025-09-17 07:59:34,2025-09-17,07:59:34,in,0.18,1310.8,0.0,19.0,5.713,333.0,0.34
2025-09-17 08:00:06,2025-09-17,08:00:06,out,0.86,19.3,100.0,19.3,19.307,261.4,1.08
2025-09-17 08:00:38,2025-09-17,08:00:38,in,0.08,1310.8,0.0,19.0,5.713,333.0,0.2
2025-09-17 08:01:10,2025-09-17,08:01:10,out,0.78,19.3,100.0,19.3,19.307,259.0,1.11
2025-09-17 08:01:42,2025-09-17,08:01:42,in,0.04,1310.8,0.0,19.1,5.755,333.0,0.11
2025-09-17 08:02:14,2025-09-17,08:02:14,out,0.44,19.3,100.0,19.3,19.307,262.3,0.82
2025-09-17 08:02:45,2025-09-17,08:02:45,in,0.11,1310.8,0.0,19.1,5.755,333.0,0.24
2025-09-17 08:03:17,2025-09-17,08:03:17,out,0.51,19.4,100.0,19.4,19.407,201.9,0.59
2025-09-17 08:03:48,2025-09-17,08:03:48,in,0.13,1310.8,0.0,19.1,5.755,333.0,0.22
2025-09-17 08:04:20,2025-09-17,08:04:20,out,0.43,19.4,100.0,19.4,19.407,239.3,0.66
2025-09-17 08:04:52,2025-09-17,08:04:52,in,0.1,1310.8,0.0,19.2,5.796,91.3,0.27
2025-09-17 08:05:24,2025-09-17,08:05:24,out,0.08,19.5,100.0,19.5,19.508,190.8,0.44
2025-09-17 08:05:56,2025-09-17,08:05:56,in,0.06,1310.8,0.0,19.2,5.796,91.3,0.28
2025-09-17 08:06:28,2025-09-17,08:06:28,out,0.52,19.5,100.0,19.5,19.508,188.6,0.63
2025-09-17 08:06:59,2025-09-17,08:06:59,in,0.78,1310.8,0.0,19.4,5.879,336.3,1.84
2025-09-17 08:07:31,2025-09-17,08:07:31,out,0.23,19.6,100.0,19.6,19.609,214.1,0.45
2025-09-17 08:08:02,2025-09-17,08:08:02,in,0.7,1310.8,0.0,19.4,5.879,336.0,1.58
2025-09-17 08:08:34,2025-09-17,08:08:34,out,0.13,19.7,100.0,19.7,19.709,232.3,0.28
2025-09-17 08:09:06,2025-09-17,08:09:06,in,0.97,1310.8,0.0,19.5,5.921,315.1,1.69
2025-09-17 08:09:38,2025-09-17,08:09:38,out,0.42,19.8,100.0,19.8,19.81,97.4,0.57
2025-09-17 08:10:10,2025-09-17,08:10:10,in,0.78,1310.8,0.0,19.6,5.963,315.3,1.7
2025-09-17 08:10:42,2025-09-17,08:10:42,out,0.74,20.0,100.0,20.0,20.012,128.2,0.8
2025-09-17 08:11:13,2025-09-17,08:11:13,in,1.25,1310.8,0.0,19.7,6.004,322.8,1.84
2025-09-17 08:11:45,2025-09-17,08:11:45,out,0.53,20.1,100.0,20.1,20.112,141.5,0.73
2025-09-17 08:12:16,2025-09-17,08:12:16,in,1.36,1310.8,0.0,19.8,6.046,328.6,1.68
2025-09-17 08:12:48,2025-09-17,08:12:48,out,0.33,20.1,100.0,20.1,20.112,147.8,0.67
2025-09-17 08:13:20,2025-09-17,08:13:20,in,1.44,1310.8,0.0,19.9,6.087,316.2,1.88
2025-09-17 08:13:52,2025-09-17,08:13:52,out,0.21,20.3,100.0,20.3,20.314,279.9,0.57
2025-09-17 08:14:24,2025-09-17,08:14:24,in,1.92,,,1310.8,,20.0,0.0
2025-09-17 08:14:56,2025-09-17,08:14:56,out,0.48,20.4,100.0,20.4,20.414,262.8,0.51
2025-09-17 08:15:27,2025-09-17,08:15:27,in,1.09,1310.8,0.0,20.1,6.17,329.2,1.84
2025-09-17 08:15:59,2025-09-17,08:15:59,out,0.5,20.4,100.0,20.4,20.414,310.1,0.85
2025-09-17 08:16:30,2025-09-17,08:16:30,in,1.21,1310.8,0.0,20.2,6.212,323.6,1.65
2025-09-17 08:17:02,2025-09-17,08:17:02,out,0.52,20.4,100.0,20.4,20.414,330.8,0.67
2025-09-17 08:17:34,2025-09-17,08:17:34,in,1.09,1310.8,0.0,20.2,6.212,318.4,1.79
2025-09-17 08:18:06,2025-09-17,08:18:06,out,0.32,20.4,100.0,20.4,20.414,325.0,0.66
2025-09-17 08:18:38,2025-09-17,08:18:38,in,1.21,1310.8,0.0,20.3,6.253,324.0,2.47
2025-09-17 08:19:10,2025-09-17,08:19:10,out,0.64,20.4,100.0,20.4,20.414,330.8,0.94
2025-09-17 08:19:41,2025-09-17,08:19:41,in,0.8,1310.8,0.0,20.4,6.295,320.6,2.16
2025-09-17 08:20:13,2025-09-17,08:20:13,out,0.14,20.4,100.0,20.4,20.414,271.1,0.85
2025-09-17 08:20:44,2025-09-17,08:20:44,in,1.04,1310.8,0.0,20.5,6.337,323.8,1.98
2025-09-17 08:21:16,2025-09-17,08:21:16,out,0.25,20.5,100.0,20.5,20.515,203.4,0.45
2025-09-17 08:21:48,2025-09-17,08:21:48,in,0.89,1310.8,0.0,20.6,6.378,319.9,1.4
2025-09-17 08:22:20,2025-09-17,08:22:20,out,0.25,20.7,100.0,20.7,20.717,221.3,0.48
2025-09-17 08:22:52,2025-09-17,08:22:52,in,0.75,1310.8,0.0,20.7,6.42,327.9,1.5
2025-09-17 08:23:24,2025-09-17,08:23:24,out,0.13,20.8,100.0,20.8,20.817,210.9,0.45
2025-09-17 08:23:55,2025-09-17,08:23:55,in,0.87,1310.8,0.0,20.8,6.461,333.6,1.75
2025-09-17 08:24:27,2025-09-17,08:24:27,out,0.17,20.9,100.0,20.9,20.918,126.4,0.37
2025-09-17 08:24:58,2025-09-17,08:24:58,in,0.79,1310.8,0.0,20.9,6.503,314.7,1.35
2025-09-17 08:25:30,2025-09-17,08:25:30,out,0.11,21.0,100.0,21.0,21.019,88.8,0.48
2025-09-17 08:26:02,2025-09-17,08:26:02,in,1.14,1310.8,0.0,21.0,6.544,329.9,1.64
2025-09-17 08:26:34,2025-09-17,08:26:34,out,0.31,21.2,100.0,21.2,21.22,117.9,0.46
2025-09-17 08:27:06,2025-09-17,08:27:06,in,1.01,1310.8,0.0,21.1,6.586,320.7,1.82
2025-09-17 08:27:38,2025-09-17,08:27:38,out,0.41,21.4,100.0,21.4,21.422,130.0,0.61
2025-09-17 08:28:09,2025-09-17,08:28:09,in,0.8,1310.8,0.0,21.2,6.627,318.4,1.84
2025-09-17 08:28:41,2025-09-17,08:28:41,out,0.97,21.5,100.0,21.5,21.522,93.6,1.09
2025-09-17 08:29:12,2025-09-17,08:29:12,in,0.54,1310.8,0.0,21.3,6.669,353.2,1.76
2025-09-17 08:29:44,2025-09-17,08:29:44,out,1.74,21.4,100.0,21.4,21.422,108.9,1.8
2025-09-17 08:30:16,2025-09-17,08:30:16,in,1.06,1310.8,0.0,21.4,6.71,335.8,1.48
2025-09-17 08:30:48,2025-09-17,08:30:48,out,0.91,21.3,100.0,21.3,21.321,107.6,1.56
2025-09-17 08:31:20,2025-09-17,08:31:20,in,0.85,1310.8,0.0,21.5,6.752,325.1,1.74
2025-09-17 08:31:52,2025-09-17,08:31:52,out,0.66,21.3,100.0,21.3,21.321,44.7,1.14
2025-09-17 08:32:23,2025-09-17,08:32:23,in,0.96,1310.8,0.0,21.6,6.793,323.7,2.03
2025-09-17 08:32:55,2025-09-17,08:32:55,out,0.47,21.5,100.0,21.5,21.522,78.2,0.67
2025-09-17 08:33:26,2025-09-17,08:33:26,in,1.67,1310.8,0.0,21.7,6.835,323.4,2.11
2025-09-17 08:33:58,2025-09-17,08:33:58,out,0.11,21.7,100.0,21.7,21.724,141.9,0.63
2025-09-17 08:34:30,2025-09-17,08:34:30,in,1.25,1310.8,0.0,21.8,6.876,324.3,1.87
2025-09-17 08:35:02,2025-09-17,08:35:02,out,0.3,21.8,100.0,21.8,21.824,86.2,0.56
2025-09-17 08:35:34,2025-09-17,08:35:34,in,0.94,1310.8,0.0,21.9,6.918,327.7,1.89
2025-09-17 08:36:06,2025-09-17,08:36:06,out,1.35,21.9,100.0,21.9,21.925,67.5,1.48
2025-09-17 08:36:38,2025-09-17,08:36:38,in,1.13,1310.8,0.0,22.0,6.959,342.7,1.62
2025-09-17 08:37:10,2025-09-17,08:37:10,out,0.8,22.0,100.0,22.0,22.026,105.1,1.3
2025-09-17 08:37:41,2025-09-17,08:37:41,in,1.02,1310.8,0.0,22.1,7.001,320.0,2.06
2025-09-17 08:38:13,2025-09-17,08:38:13,out,0.4,22.0,100.0,22.0,22.026,32.7,1.14
2025-09-17 08:38:44,2025-09-17,08:38:44,in,1.43,1310.8,0.0,22.2,7.042,321.5,2.34
2025-09-17 08:39:16,2025-09-17,08:39:16,out,0.56,22.1,100.0,22.1,22.127,67.5,0.68
2025-09-17 08:39:48,2025-09-17,08:39:48,in,0.94,1310.8,0.0,22.2,7.042,321.4,1.73
2025-09-17 08:40:20,2025-09-17,08:40:20,out,0.24,22.3,100.0,22.3,22.328,67.3,0.67
2025-09-17 08:40:52,2025-09-17,08:40:52,in,1.34,1310.8,0.0,22.3,7.084,322.0,1.93
2025-09-17 08:41:24,2025-09-17,08:41:24,out,0.37,22.4,100.0,22.4,22.429,69.7,0.67
2025-09-17 08:41:55,2025-09-17,08:41:55,in,0.79,1310.8,0.0,22.4,7.125,317.1,2.5
2025-09-17 08:42:27,2025-09-17,08:42:27,out,0.09,22.5,100.0,22.5,22.529,81.4,0.25
2025-09-17 08:42:58,2025-09-17,08:42:58,in,1.26,1310.8,0.0,22.5,7.167,316.8,1.78
2025-09-17 08:43:30,2025-09-17,08:43:30,out,0.09,22.7,100.0,22.7,22.731,81.4,0.26
2025-09-17 08:44:02,2025-09-17,08:44:02,in,1.26,1310.8,0.0,22.6,7.209,316.7,1.89
2025-09-17 08:44:34,2025-09-17,08:44:34,out,0.41,22.9,100.0,22.9,22.932,207.6,0.6
2025-09-17 08:45:06,2025-09-17,08:45:06,in,1.54,1310.8,0.0,22.7,7.25,318.6,2.02
2025-09-17 08:45:38,2025-09-17,08:45:38,out,0.09,23.0,100.0,23.0,23.033,183.8,0.48
2025-09-17 08:46:09,2025-09-17,08:46:09,in,0.41,1310.8,0.0,22.8,7.292,316.8,1.7
2025-09-17 08:46:41,2025-09-17,08:46:41,out,0.23,23.1,100.0,23.1,23.134,204.2,0.34
2025-09-17 08:47:12,2025-09-17,08:47:12,in,0.93,1310.8,0.0,22.9,7.333,315.7,1.65
2025-09-17 08:47:44,2025-09-17,08:47:44,out,0.26,23.2,100.0,23.2,23.234,263.9,0.56
2025-09-17 08:48:16,2025-09-17,08:48:16,in,1.2,1310.8,0.0,23.0,7.374,314.5,1.95
2025-09-17 08:48:48,2025-09-17,08:48:48,out,0.27,,,23.3,,336.4,0.62
2025-09-17 08:49:20,2025-09-17,08:49:20,in,1.34,1310.8,0.0,23.0,7.374,323.9,1.73
2025-09-17 08:49:52,2025-09-17,08:49:52,out,0.34,23.4,100.0,23.4,23.436,284.2,0.44
2025-09-17 08:50:23,2025-09-17,08:50:23,in,1.25,1310.8,0.0,23.1,7.416,317.9,2.52
2025-09-17 08:50:55,2025-09-17,08:50:55,out,0.26,23.5,100.0,23.5,23.537,259.3,0.68
2025-09-17 08:51:26,2025-09-17,08:51:26,in,1.47,1310.8,0.0,23.2,7.457,314.9,2.01
2025-09-17 08:51:58,2025-09-17,08:51:58,out,0.24,23.6,100.0,23.6,23.637,108.2,0.4
2025-09-17 08:52:30,2025-09-17,08:52:30,in,1.12,1310.8,0.0,23.2,7.457,320.6,2.08
2025-09-17 08:53:02,2025-09-17,08:53:02,out,0.45,23.7,100.0,23.7,23.738,335.5,0.53
2025-09-17 08:53:34,2025-09-17,08:53:34,in,1.22,1310.8,0.0,23.3,7.499,323.9,1.87
2025-09-17 08:54:06,2025-09-17,08:54:06,out,0.04,23.3,97.6,23.7,23.421,359.6,0.58
2025-09-17 08:54:37,2025-09-17,08:54:37,in,1.44,1310.8,0.0,23.4,7.54,319.8,2.06
2025-09-17 08:55:09,2025-09-17,08:55:09,out,0.31,19.4,76.7,23.8,20.734,116.7,0.61
2025-09-17 08:55:40,2025-09-17,08:55:40,in,1.06,1310.8,0.0,23.4,7.54,319.7,2.06
2025-09-17 08:56:12,2025-09-17,08:56:12,out,0.36,18.8,72.6,24.0,20.365,11.4,0.63
2025-09-17 08:56:44,2025-09-17,08:56:44,in,0.86,1310.8,0.0,23.5,7.582,319.2,2.06
2025-09-17 08:57:16,2025-09-17,08:57:16,out,1.01,17.9,69.0,23.9,19.777,348.2,1.25
2025-09-17 08:57:48,2025-09-17,08:57:48,in,1.08,1310.8,0.0,23.7,7.665,308.4,1.83
2025-09-17 08:58:20,2025-09-17,08:58:20,out,0.65,17.6,68.4,23.8,19.602,18.3,1.07
2025-09-17 08:58:51,2025-09-17,08:58:51,in,1.19,1310.8,0.0,23.8,7.706,321.3,1.81
2025-09-17 08:59:23,2025-09-17,08:59:23,out,0.51,17.2,66.9,23.8,19.394,354.6,0.99
2025-09-17 08:59:54,2025-09-17,08:59:54,in,1.28,1310.8,0.0,23.9,7.748,324.9,2.19
2025-09-17 09:00:26,2025-09-17,09:00:26,out,0.76,17.4,67.0,23.9,19.5,75.0,0.95
2025-09-17 09:00:58,2025-09-17,09:00:58,in,0.85,1310.8,0.0,24.0,7.789,333.0,1.67
2025-09-17 09:01:30,2025-09-17,09:01:30,out,0.55,17.1,65.7,24.0,19.411,83.1,1.14
2025-09-17 09:02:02,2025-09-17,09:02:02,in,1.14,1310.8,0.0,24.0,7.789,319.1,1.79
2025-09-17 09:02:34,2025-09-17,09:02:34,out,1.13,16.9,63.9,24.2,19.341,128.3,1.32
2025-09-17 09:03:05,2025-09-17,09:03:05,in,0.89,1310.8,0.0,24.1,7.831,333.1,1.63
2025-09-17 09:03:37,2025-09-17,09:03:37,out,0.87,16.4,61.6,24.3,19.105,129.4,1.12
2025-09-17 09:04:08,2025-09-17,09:04:08,in,0.95,1310.8,0.0,24.2,7.872,318.7,1.74
2025-09-17 09:04:40,2025-09-17,09:04:40,out,0.52,16.5,61.4,24.4,19.167,106.3,0.9
2025-09-17 09:05:12,2025-09-17,09:05:12,in,1.38,1310.8,0.0,24.3,7.914,317.8,2.05
2025-09-17 09:05:44,2025-09-17,09:05:44,out,0.53,16.7,61.4,24.6,19.347,177.0,1.02
2025-09-17 09:06:16,2025-09-17,09:06:16,in,1.16,1310.8,0.0,24.3,7.914,323.4,1.84
2025-09-17 09:06:48,2025-09-17,09:06:48,out,0.79,16.3,59.5,24.7,19.162,206.3,1.35
2025-09-17 09:07:19,2025-09-17,09:07:19,in,0.97,1310.8,0.0,24.3,7.914,322.0,2.02
2025-09-17 09:07:51,2025-09-17,09:07:51,out,0.9,16.1,58.8,24.7,19.06,230.3,1.3
2025-09-17 09:08:22,2025-09-17,09:08:22,in,0.6,1310.8,0.0,24.4,7.955,323.6,1.53
2025-09-17 09:08:54,2025-09-17,09:08:54,out,0.74,16.3,59.3,24.8,19.223,183.2,0.93
2025-09-17 09:09:26,2025-09-17,09:09:26,in,0.83,1310.8,0.0,24.5,7.997,321.7,1.76
2025-09-17 09:09:58,2025-09-17,09:09:58,out,0.83,16.1,58.4,24.9,19.18,156.9,1.27
2025-09-17 09:10:30,2025-09-17,09:10:30,in,1.26,1310.8,0.0,24.6,8.038,318.4,1.58
2025-09-17 09:11:02,2025-09-17,09:11:02,out,0.54,16.2,58.2,25.0,19.24,115.3,0.99
2025-09-17 09:11:33,2025-09-17,09:11:33,in,0.52,1310.8,0.0,24.7,8.08,301.9,2.17
2025-09-17 09:12:05,2025-09-17,09:12:05,out,0.68,16.4,58.2,25.2,19.418,226.5,0.83
2025-09-17 09:12:36,2025-09-17,09:12:36,in,1.25,1310.8,0.0,24.7,8.08,320.5,1.81
2025-09-17 09:13:08,2025-09-17,09:13:08,out,0.55,16.0,56.9,25.2,19.225,161.7,1.49
2025-09-17 09:13:40,2025-09-17,09:13:40,in,1.08,1310.8,0.0,24.8,8.121,332.7,2.0
2025-09-17 09:14:12,2025-09-17,09:14:12,out,0.72,16.0,56.5,25.3,19.253,206.9,1.01
2025-09-17 09:14:44,2025-09-17,09:14:44,in,1.06,1310.8,0.0,25.0,8.204,318.1,1.83
2025-09-17 09:15:16,2025-09-17,09:15:16,out,1.05,15.4,54.6,25.2,18.879,230.7,1.92
2025-09-17 09:15:47,2025-09-17,09:15:47,in,1.13,1310.8,0.0,25.0,8.204,323.1,1.69
2025-09-17 09:16:19,2025-09-17,09:16:19,out,0.89,15.4,54.7,25.2,18.894,203.4,1.09
2025-09-17 09:16:50,2025-09-17,09:16:50,in,1.03,1310.8,0.0,25.1,8.246,318.0,1.55
2025-09-17 09:17:22,2025-09-17,09:17:22,out,1.12,15.1,53.5,25.2,18.711,200.5,1.71
2025-09-17 09:17:54,2025-09-17,09:17:54,in,0.92,1310.8,0.0,25.2,8.287,323.6,2.0
2025-09-17 09:18:26,2025-09-17,09:18:26,out,0.31,15.1,53.8,25.2,18.757,234.6,1.19
2025-09-17 09:18:58,2025-09-17,09:18:58,in,0.78,1310.8,0.0,25.3,8.328,330.3,1.79
2025-09-17 09:19:30,2025-09-17,09:19:30,out,0.08,15.4,54.3,25.3,18.921,143.3,1.11
2025-09-17 09:20:01,2025-09-17,09:20:01,in,1.44,1310.8,0.0,25.4,8.37,318.1,2.13
2025-09-17 09:20:33,2025-09-17,09:20:33,out,0.67,15.6,54.5,25.5,19.127,275.9,1.18
2025-09-17 09:21:04,2025-09-17,09:21:04,in,1.11,1310.8,0.0,25.4,8.37,316.3,1.79
2025-09-17 09:21:36,2025-09-17,09:21:36,out,0.5,15.5,53.9,25.5,19.035,199.5,1.01
2025-09-17 09:22:08,2025-09-17,09:22:08,in,1.03,1310.8,0.0,25.5,8.411,322.7,1.63
2025-09-17 09:22:40,2025-09-17,09:22:40,out,0.78,15.3,53.0,25.6,18.984,227.1,1.38
2025-09-17 09:23:12,2025-09-17,09:23:12,in,1.13,1310.8,0.0,25.6,8.453,327.7,1.6
2025-09-17 09:23:44,2025-09-17,09:23:44,out,0.43,15.6,53.7,25.7,19.179,277.0,0.86
2025-09-17 09:24:15,2025-09-17,09:24:15,in,1.41,1310.8,0.0,25.6,8.453,324.0,1.88
2025-09-17 09:24:47,2025-09-17,09:24:47,out,0.89,15.3,52.7,25.7,19.025,284.7,1.27
2025-09-17 09:25:19,2025-09-17,09:25:19,in,0.93,1310.8,0.0,25.6,8.453,322.1,2.05
2025-09-17 09:25:50,2025-09-17,09:25:50,out,1.18,,,,,268.4,1.54
2025-09-17 09:26:22,2025-09-17,09:26:22,in,1.33,1310.8,0.0,25.6,8.453,321.7,1.79
2025-09-17 09:26:54,2025-09-17,09:26:54,out,0.93,15.1,51.7,25.8,18.956,284.5,1.15
2025-09-17 09:27:26,2025-09-17,09:27:26,in,1.6,1310.8,0.0,25.6,8.453,327.9,2.07
2025-09-17 09:27:58,2025-09-17,09:27:58,out,0.93,14.8,50.8,25.8,18.814,294.9,1.72
2025-09-17 09:28:29,2025-09-17,09:28:29,in,1.63,1310.8,0.0,25.6,8.453,325.1,2.2
2025-09-17 09:29:01,2025-09-17,09:29:01,out,1.04,14.6,50.2,25.8,18.72,328.4,1.13
2025-09-17 09:29:32,2025-09-17,09:29:32,in,1.23,1310.8,0.0,25.6,8.453,322.4,2.01
2025-09-17 09:30:04,2025-09-17,09:30:04,out,0.64,14.6,49.7,25.9,18.726,356.2,1.36
2025-09-17 09:30:36,2025-09-17,09:30:36,in,1.21,1310.8,0.0,25.7,8.494,316.5,1.82
2025-09-17 09:31:08,2025-09-17,09:31:08,out,0.78,14.5,49.4,25.9,18.678,310.9,1.12
2025-09-17 09:31:40,2025-09-17,09:31:40,in,1.43,1310.8,0.0,25.7,8.494,313.7,2.18
2025-09-17 09:32:12,2025-09-17,09:32:12,out,0.77,14.6,49.4,26.0,18.764,265.5,1.04
2025-09-17 09:32:44,2025-09-17,09:32:44,in,0.88,1310.8,0.0,25.7,8.494,318.0,1.99
2025-09-17 09:33:15,2025-09-17,09:33:15,out,0.52,14.7,49.6,26.1,18.882,211.3,1.34
2025-09-17 09:33:47,2025-09-17,09:33:47,in,0.87,1310.8,0.0,25.9,8.577,320.4,1.52
2025-09-17 09:34:18,2025-09-17,09:34:18,out,0.37,14.5,48.7,26.2,18.823,238.6,1.03
2025-09-17 09:34:50,2025-09-17,09:34:50,in,1.15,1310.8,0.0,26.0,8.619,324.0,1.69
2025-09-17 09:35:22,2025-09-17,09:35:22,out,0.37,14.7,48.9,26.3,18.94,180.1,0.68
2025-09-17 09:35:54,2025-09-17,09:35:54,in,0.99,1310.8,0.0,26.0,8.619,323.7,1.66
2025-09-17 09:36:26,2025-09-17,09:36:26,out,0.57,14.9,49.2,26.4,19.075,252.8,0.96
2025-09-17 09:36:58,2025-09-17,09:36:58,in,1.01,1310.8,0.0,26.1,8.66,319.3,1.57
2025-09-17 09:37:29,2025-09-17,09:37:29,out,0.77,14.8,48.5,26.5,19.046,237.2,1.07
2025-09-17 09:38:01,2025-09-17,09:38:01,in,1.6,1310.8,0.0,26.3,8.743,320.1,1.91
2025-09-17 09:38:32,2025-09-17,09:38:32,out,1.26,,,14.7,,26.6,4.8
2025-09-17 09:39:04,2025-09-17,09:39:04,in,1.24,1310.8,0.0,26.3,8.743,326.3,2.57
2025-09-17 09:39:36,2025-09-17,09:39:36,out,1.0,14.5,47.3,26.7,19.019,278.9,1.14
2025-09-17 09:40:08,2025-09-17,09:40:08,in,1.33,1310.8,0.0,26.3,8.743,323.9,1.68
2025-09-17 09:40:40,2025-09-17,09:40:40,out,0.32,14.6,47.2,26.8,19.087,252.9,0.94
2025-09-17 09:41:12,2025-09-17,09:41:12,in,0.39,1310.8,0.0,26.4,8.784,343.1,1.64
2025-09-17 09:41:43,2025-09-17,09:41:43,out,0.83,14.1,45.9,26.8,18.87,304.2,1.47
2025-09-17 09:42:15,2025-09-17,09:42:15,in,0.56,1310.8,0.0,26.4,8.784,326.1,0.98
2025-09-17 09:42:46,2025-09-17,09:42:46,out,0.58,14.1,45.4,26.9,18.869,340.9,1.27
2025-09-17 09:43:18,2025-09-17,09:43:18,in,0.5,1310.8,0.0,26.3,8.743,331.9,0.91
2025-09-17 09:43:50,2025-09-17,09:43:50,out,0.81,,,14.1,,26.9,4.56
2025-09-17 09:44:22,2025-09-17,09:44:22,in,0.77,,,1310.8,,26.3,0.0
2025-09-17 09:44:54,2025-09-17,09:44:54,out,0.31,14.2,45.3,27.1,19.02,228.6,1.0
2025-09-17 09:45:26,2025-09-17,09:45:26,in,0.51,1310.8,0.0,26.3,8.743,331.0,0.92
2025-09-17 09:45:57,2025-09-17,09:45:57,out,0.3,14.2,44.9,27.2,19.036,194.8,0.85
2025-09-17 09:46:29,2025-09-17,09:46:29,in,0.57,1310.8,0.0,26.3,8.743,331.6,0.79
2025-09-17 09:47:00,2025-09-17,09:47:00,out,0.4,13.7,43.4,27.2,18.777,243.3,1.01
2025-09-17 09:47:32,2025-09-17,09:47:32,in,0.61,1310.8,0.0,26.3,8.743,337.7,0.83
2025-09-17 09:48:04,2025-09-17,09:48:04,out,0.44,14.1,44.3,27.3,19.016,338.0,0.51
2025-09-17 09:48:36,2025-09-17,09:48:36,in,0.82,1310.8,0.0,26.3,8.743,347.2,1.01
2025-09-17 09:49:08,2025-09-17,09:49:08,out,0.65,13.7,43.0,27.4,18.872,336.6,0.96
2025-09-17 09:49:40,2025-09-17,09:49:40,in,0.56,1310.8,0.0,26.4,8.784,324.7,1.02
2025-09-17 09:50:11,2025-09-17,09:50:11,out,0.54,13.5,42.3,27.5,18.832,2.7,1.04
2025-09-17 09:50:43,2025-09-17,09:50:43,in,0.45,1310.8,0.0,26.4,8.784,0.1,0.84
2025-09-17 09:51:14,2025-09-17,09:51:14,out,0.14,13.6,42.1,27.6,18.878,312.4,0.67
2025-09-17 09:51:46,2025-09-17,09:51:46,in,0.37,1310.8,0.0,26.4,8.784,317.8,0.84
2025-09-17 09:52:18,2025-09-17,09:52:18,out,0.32,13.3,41.4,27.6,18.753,272.0,0.66
2025-09-17 09:52:50,2025-09-17,09:52:50,in,0.36,1310.8,0.0,26.5,8.826,326.3,0.82
2025-09-17 09:53:22,2025-09-17,09:53:22,out,1.09,13.1,40.5,27.8,18.754,310.1,1.19
2025-09-17 09:53:54,2025-09-17,09:53:54,in,0.48,1310.8,0.0,26.5,8.826,329.4,0.74
2025-09-17 09:54:25,2025-09-17,09:54:25,out,0.4,13.1,40.4,27.8,18.736,285.8,1.31
2025-09-17 09:54:57,2025-09-17,09:54:57,in,0.52,1310.8,0.0,26.5,8.826,333.0,0.69
2025-09-17 09:55:28,2025-09-17,09:55:28,out,0.98,13.2,40.5,27.9,18.836,333.6,1.14
2025-09-17 09:56:00,2025-09-17,09:56:00,in,0.42,1310.8,0.0,26.6,8.867,341.0,0.75
2025-09-17 09:56:32,2025-09-17,09:56:32,out,0.91,13.0,39.9,27.9,18.726,305.3,1.58
2025-09-17 09:57:04,2025-09-17,09:57:04,in,0.61,1310.8,0.0,26.7,8.909,333.4,0.75
2025-09-17 09:57:36,2025-09-17,09:57:36,out,0.7,13.2,40.3,28.0,18.88,303.5,1.73
2025-09-17 09:58:08,2025-09-17,09:58:08,in,0.78,1310.8,0.0,26.8,8.95,338.4,1.08
2025-09-17 09:58:39,2025-09-17,09:58:39,out,0.7,13.3,40.4,28.0,18.899,328.7,1.18
2025-09-17 09:59:11,2025-09-17,09:59:11,in,0.55,1310.8,0.0,26.8,8.95,346.3,0.88
2025-09-17 09:59:42,2025-09-17,09:59:42,out,0.58,13.4,40.4,28.1,18.98,343.2,1.25
2025-09-17 10:00:14,2025-09-17,10:00:14,in,0.62,1310.8,0.0,26.9,8.992,328.6,0.8
2025-09-17 10:00:46,2025-09-17,10:00:46,out,0.14,13.7,41.1,28.2,19.191,339.0,0.39
2025-09-17 10:01:18,2025-09-17,10:01:18,in,0.8,1310.8,0.0,26.9,8.992,325.8,1.15
2025-09-17 10:01:50,2025-09-17,10:01:50,out,0.63,14.0,41.4,28.4,19.409,62.8,0.96
2025-09-17 10:02:22,2025-09-17,10:02:22,in,0.34,1310.8,0.0,26.9,8.992,343.2,0.96
2025-09-17 10:02:53,2025-09-17,10:02:53,out,0.23,14.0,41.0,28.5,19.418,88.3,1.06
2025-09-17 10:03:25,2025-09-17,10:03:25,in,0.12,1310.8,0.0,27.0,9.033,317.7,1.28
2025-09-17 10:03:57,2025-09-17,10:03:57,out,0.85,13.6,39.5,28.7,19.3,4.9,1.15
2025-09-17 10:04:28,2025-09-17,10:04:28,in,0.19,1310.8,0.0,27.0,9.033,319.2,0.93
2025-09-17 10:05:00,2025-09-17,10:05:00,out,0.84,13.3,38.8,28.7,19.167,357.1,1.31
2025-09-17 10:05:32,2025-09-17,10:05:32,in,0.64,1310.8,0.0,27.0,9.033,350.6,0.9
2025-09-17 10:06:04,2025-09-17,10:06:04,out,0.54,13.1,38.3,28.7,19.072,344.2,1.14
2025-09-17 10:06:36,2025-09-17,10:06:36,in,0.56,1310.8,0.0,27.1,9.075,326.5,1.03
2025-09-17 10:07:08,2025-09-17,10:07:08,out,0.28,13.5,39.0,28.8,19.286,39.8,0.6
2025-09-17 10:07:39,2025-09-17,10:07:39,in,0.73,1310.8,0.0,27.1,9.075,317.9,0.92
2025-09-17 10:08:11,2025-09-17,10:08:11,out,0.57,13.4,38.5,29.0,19.352,51.4,0.76
2025-09-17 10:08:43,2025-09-17,10:08:43,in,0.18,1310.8,0.0,27.1,9.075,332.9,1.04
2025-09-17 10:09:14,2025-09-17,10:09:14,out,1.18,13.0,37.2,29.1,19.179,138.9,1.52
2025-09-17 10:09:46,2025-09-17,10:09:46,in,0.2,1310.8,0.0,27.2,9.116,303.0,0.92
2025-09-17 10:10:18,2025-09-17,10:10:18,out,0.8,13.1,37.0,29.3,19.299,124.5,1.3
2025-09-17 10:10:50,2025-09-17,10:10:50,in,0.17,1310.8,0.0,27.3,9.157,69.6,0.74
2025-09-17 10:11:22,2025-09-17,10:11:22,out,1.52,13.1,36.7,29.5,19.398,122.7,1.69
2025-09-17 10:11:54,2025-09-17,10:11:54,in,0.8,1310.8,0.0,27.3,9.157,295.3,1.14
2025-09-17 10:12:24,2025-09-17,10:12:24,out,0.95,12.8,35.6,29.5,19.177,129.0,1.88
2025-09-17 10:12:57,2025-09-17,10:12:57,in,0.3,1310.8,0.0,27.4,9.199,257.8,0.98
2025-09-17 10:13:28,2025-09-17,10:13:28,out,0.34,13.0,36.2,29.6,19.377,153.2,1.25
2025-09-17 10:14:00,2025-09-17,10:14:00,in,0.37,1310.8,0.0,27.5,9.24,283.6,0.81
2025-09-17 10:14:32,2025-09-17,10:14:32,out,0.68,13.2,36.5,29.7,19.517,304.3,0.77
2025-09-17 10:15:04,2025-09-17,10:15:04,in,0.5,1310.8,0.0,27.6,9.282,327.6,0.95
2025-09-17 10:15:36,2025-09-17,10:15:36,out,2.67,12.7,35.1,29.8,19.311,350.9,2.91
2025-09-17 10:16:08,2025-09-17,10:16:08,in,0.75,1310.8,0.0,27.6,9.282,348.9,1.23
2025-09-17 10:16:38,2025-09-17,10:16:38,out,1.91,12.9,35.6,29.7,19.335,339.0,2.39
2025-09-17 10:17:11,2025-09-17,10:17:11,in,0.73,1310.8,0.0,27.6,9.282,319.7,1.18
2025-09-17 10:17:42,2025-09-17,10:17:42,out,1.66,12.8,35.8,29.5,19.217,351.2,2.24
2025-09-17 10:18:14,2025-09-17,10:18:14,in,0.87,1310.8,0.0,27.7,9.323,12.5,1.35
2025-09-17 10:18:46,2025-09-17,10:18:46,out,1.11,12.9,36.3,29.4,19.239,340.9,1.54
2025-09-17 10:19:18,2025-09-17,10:19:18,in,0.86,1310.8,0.0,27.7,9.323,316.7,1.4
2025-09-17 10:19:50,2025-09-17,10:19:50,out,0.75,13.0,36.6,29.4,19.299,242.1,1.38
2025-09-17 10:20:22,2025-09-17,10:20:22,in,0.61,1310.8,0.0,27.8,9.365,295.0,1.2
2025-09-17 10:20:53,2025-09-17,10:20:53,out,0.73,13.1,36.7,29.5,19.398,27.3,1.21
2025-09-17 10:21:25,2025-09-17,10:21:25,in,0.48,1310.8,0.0,27.8,9.365,9.7,1.19
2025-09-17 10:21:56,2025-09-17,10:21:56,out,1.32,13.1,36.7,29.5,19.398,340.8,1.64
2025-09-17 10:22:28,2025-09-17,10:22:28,in,0.83,1310.8,0.0,27.9,9.406,331.5,1.14
2025-09-17 10:23:00,2025-09-17,10:23:00,out,1.39,13.1,36.6,29.5,19.378,302.8,1.87
2025-09-17 10:23:32,2025-09-17,10:23:32,in,0.7,1310.8,0.0,27.9,9.406,337.7,0.9
2025-09-17 10:24:04,2025-09-17,10:24:04,out,2.62,13.1,36.9,29.4,19.359,333.3,3.17
2025-09-17 10:24:36,2025-09-17,10:24:36,in,1.27,1310.8,0.0,28.0,9.448,312.8,1.62
2025-09-17 10:25:07,2025-09-17,10:25:07,out,1.65,13.1,37.0,29.3,19.299,335.0,3.21
2025-09-17 10:25:39,2025-09-17,10:25:39,in,1.15,1310.8,0.0,28.1,9.489,323.1,1.78
2025-09-17 10:26:38,2025-09-17,10:26:38,out,1.53,13.2,37.6,29.2,19.337,295.2,2.38
2025-09-17 10:26:42,2025-09-17,10:26:42,in,1.4,1310.8,0.0,28.1,9.489,321.7,1.8
2025-09-17 10:27:40,2025-09-17,10:27:40,out,2.31,13.0,37.2,29.1,19.179,338.7,3.25
2025-09-17 10:27:46,2025-09-17,10:27:46,in,1.39,1310.8,0.0,28.2,9.53,314.7,2.09
2025-09-17 10:28:44,2025-09-17,10:28:44,out,1.4,13.0,37.4,29.0,19.138,24.7,2.86
2025-09-17 10:28:50,2025-09-17,10:28:50,in,1.78,1310.8,0.0,28.2,9.53,335.5,2.44
2025-09-17 10:29:48,2025-09-17,10:29:48,out,1.5,13.1,37.7,29.0,19.197,320.0,2.34
2025-09-17 10:29:53,2025-09-17,10:29:53,in,1.11,1310.8,0.0,28.2,9.53,326.4,1.95
2025-09-17 10:30:51,2025-09-17,10:30:51,out,1.16,13.0,37.5,29.0,19.158,353.4,2.89
2025-09-17 10:30:56,2025-09-17,10:30:56,in,1.51,1310.8,0.0,28.3,9.572,333.7,2.49
2025-09-17 10:31:54,2025-09-17,10:31:54,out,1.05,13.1,37.5,29.1,19.238,310.2,1.78
2025-09-17 10:32:00,2025-09-17,10:32:00,in,0.93,1310.8,0.0,28.3,9.572,303.7,1.95
2025-09-17 10:32:58,2025-09-17,10:32:58,out,1.23,13.1,37.4,29.1,19.218,317.6,1.73
2025-09-17 10:33:04,2025-09-17,10:33:04,in,1.19,1310.8,0.0,28.4,9.613,328.8,2.23
2025-09-17 10:34:02,2025-09-17,10:34:02,out,0.91,13.1,37.6,29.1,19.257,56.5,1.49
2025-09-17 10:34:07,2025-09-17,10:34:07,in,0.84,1310.8,0.0,28.4,9.613,336.5,1.74
2025-09-17 10:35:05,2025-09-17,10:35:05,out,0.62,13.1,37.3,29.1,19.199,7.3,1.91
2025-09-17 10:35:10,2025-09-17,10:35:10,in,0.82,1310.8,0.0,28.5,9.655,329.6,2.09
2025-09-17 10:36:08,2025-09-17,10:36:08,out,1.65,13.2,37.4,29.2,19.298,34.6,2.02
2025-09-17 10:36:14,2025-09-17,10:36:14,in,1.29,1310.8,0.0,28.5,9.655,339.8,2.17
2025-09-17 10:37:12,2025-09-17,10:37:12,out,0.12,13.3,37.4,29.3,19.378,98.1,1.75
2025-09-17 10:37:18,2025-09-17,10:37:18,in,1.16,1310.8,0.0,28.5,9.655,326.6,1.69
2025-09-17 10:38:16,2025-09-17,10:38:16,out,1.65,13.0,36.7,29.3,19.239,299.1,2.23
2025-09-17 10:38:21,2025-09-17,10:38:21,in,1.48,1310.8,0.0,28.6,9.696,315.1,2.54
2025-09-17 10:39:19,2025-09-17,10:39:19,out,0.55,13.1,37.2,29.2,19.259,264.4,1.68
2025-09-17 10:39:24,2025-09-17,10:39:24,in,1.49,1310.8,0.0,28.5,9.655,323.7,2.11
2025-09-17 10:40:22,2025-09-17,10:40:22,out,0.28,13.3,37.5,29.3,19.398,308.8,1.51
2025-09-17 10:40:28,2025-09-17,10:40:28,in,1.14,1310.8,0.0,28.6,9.696,330.0,1.74
2025-09-17 10:41:26,2025-09-17,10:41:26,out,0.91,13.0,36.7,29.4,19.319,199.4,2.09
2025-09-17 10:41:32,2025-09-17,10:41:32,in,0.89,1310.8,0.0,28.6,9.696,329.3,1.7
2025-09-17 10:42:30,2025-09-17,10:42:30,out,0.76,13.2,37.1,29.4,19.399,209.8,1.51
2025-09-17 10:42:35,2025-09-17,10:42:35,in,0.95,1310.8,0.0,28.7,9.738,327.6,1.58
2025-09-17 10:43:33,2025-09-17,10:43:33,out,0.99,13.3,37.4,29.4,19.458,333.4,1.65
2025-09-17 10:43:38,2025-09-17,10:43:38,in,0.32,1310.8,0.0,28.8,9.779,49.9,1.23
2025-09-17 10:44:36,2025-09-17,10:44:36,out,2.61,13.0,36.5,29.4,19.279,327.6,3.03
2025-09-17 10:44:42,2025-09-17,10:44:42,in,1.71,1310.8,0.0,28.9,9.82,328.5,1.96
2025-09-17 10:45:40,2025-09-17,10:45:40,out,1.79,13.0,36.9,29.3,19.279,34.2,2.15
2025-09-17 10:45:46,2025-09-17,10:45:46,in,1.76,1310.8,0.0,28.8,9.779,331.1,2.71
2025-09-17 10:46:44,2025-09-17,10:46:44,out,1.34,13.0,36.9,29.3,19.279,35.5,2.34
2025-09-17 10:46:49,2025-09-17,10:46:49,in,1.29,1310.8,0.0,28.7,9.738,340.3,1.98
2025-09-17 10:47:48,2025-09-17,10:47:48,out,1.06,13.2,37.1,29.4,19.399,271.2,1.36
2025-09-17 10:47:52,2025-09-17,10:47:52,in,0.83,1310.8,0.0,28.8,9.779,304.4,1.65
2025-09-17 10:48:51,2025-09-17,10:48:51,out,1.05,13.3,37.0,29.5,19.458,260.1,1.28
2025-09-17 10:48:56,2025-09-17,10:48:56,in,1.27,1310.8,0.0,28.8,9.779,325.0,1.79
2025-09-17 10:49:54,2025-09-17,10:49:54,out,1.19,13.1,36.7,29.5,19.398,325.5,1.63
2025-09-17 10:50:00,2025-09-17,10:50:00,in,0.85,1310.8,0.0,28.9,9.82,336.1,1.64
2025-09-17 10:50:58,2025-09-17,10:50:58,out,0.16,13.4,37.1,29.6,19.558,325.4,1.03
2025-09-17 10:51:03,2025-09-17,10:51:03,in,1.26,1310.8,0.0,28.9,9.82,330.3,1.84
2025-09-17 10:52:02,2025-09-17,10:52:02,out,0.8,13.1,36.2,29.7,19.457,193.9,1.23
2025-09-17 10:52:06,2025-09-17,10:52:06,in,1.29,1310.8,0.0,29.0,9.862,329.9,1.99
2025-09-17 10:53:05,2025-09-17,10:53:05,out,1.2,13.1,36.2,29.7,19.457,192.8,1.74
2025-09-17 10:53:10,2025-09-17,10:53:10,in,0.81,1310.8,0.0,29.1,9.903,328.2,1.7
2025-09-17 10:54:08,2025-09-17,10:54:08,out,0.72,13.2,36.5,29.7,19.517,110.6,1.33
2025-09-17 10:54:14,2025-09-17,10:54:14,in,1.16,1310.8,0.0,29.2,9.945,308.8,1.74
2025-09-17 10:55:12,2025-09-17,10:55:12,out,0.55,13.4,36.6,29.8,19.617,101.3,0.96
2025-09-17 10:55:17,2025-09-17,10:55:17,in,0.29,1310.8,0.0,29.4,10.027,150.2,1.2
2025-09-17 10:56:16,2025-09-17,10:56:16,out,1.27,13.0,35.5,29.9,19.472,276.2,2.26
2025-09-17 10:56:21,2025-09-17,10:56:21,in,,,,1310.8,,29.4,0.0
2025-09-17 10:57:19,2025-09-17,10:57:19,out,0.87,13.3,36.2,29.9,19.615,265.2,2.25
2025-09-17 10:57:24,2025-09-17,10:57:24,in,1.14,1310.8,0.0,29.3,9.986,331.6,1.57
2025-09-17 10:58:22,2025-09-17,10:58:22,out,1.28,13.0,35.3,30.0,19.51,331.0,1.66
2025-09-17 10:58:28,2025-09-17,10:58:28,in,1.08,1310.8,0.0,29.3,9.986,325.8,1.89
2025-09-17 10:59:26,2025-09-17,10:59:26,out,2.18,12.8,35.0,29.9,19.369,334.8,2.85
2025-09-17 10:59:31,2025-09-17,10:59:31,in,1.15,1310.8,0.0,29.3,9.986,320.5,1.95
2025-09-17 11:00:30,2025-09-17,11:00:30,out,1.59,12.9,35.5,29.8,19.393,333.4,2.43
2025-09-17 11:00:34,2025-09-17,11:00:34,in,1.52,1310.8,0.0,29.3,9.986,321.4,2.24
2025-09-17 11:01:33,2025-09-17,11:01:33,out,1.56,13.0,35.8,29.7,19.376,337.6,1.77
2025-09-17 11:01:38,2025-09-17,11:01:38,in,1.89,1310.8,0.0,29.3,9.986,325.1,2.3
2025-09-17 11:02:36,2025-09-17,11:02:36,out,1.91,13.0,36.0,29.7,19.416,309.2,2.61
2025-09-17 11:02:42,2025-09-17,11:02:42,in,1.24,1310.8,0.0,29.4,10.027,316.3,2.44
2025-09-17 11:03:40,2025-09-17,11:03:40,out,1.01,13.0,36.0,29.7,19.416,350.5,1.84
2025-09-17 11:03:45,2025-09-17,11:03:45,in,0.85,1310.8,0.0,29.5,10.069,308.4,2.11
2025-09-17 11:04:44,2025-09-17,11:04:44,out,1.53,13.4,36.7,29.8,19.637,300.5,1.95
2025-09-17 11:04:48,2025-09-17,11:04:48,in,0.54,1310.8,0.0,29.6,10.11,346.3,1.78
2025-09-17 11:05:47,2025-09-17,11:05:47,out,0.91,13.0,35.8,29.8,19.455,353.2,2.78
2025-09-17 11:05:52,2025-09-17,11:05:52,in,2.01,1310.8,0.0,29.7,10.152,334.1,2.7
2025-09-17 11:06:50,2025-09-17,11:06:50,out,1.92,13.1,35.9,29.9,19.554,292.1,2.4
2025-09-17 11:06:56,2025-09-17,11:06:56,in,1.31,1310.8,0.0,29.7,10.152,333.9,2.35
2025-09-17 11:07:54,2025-09-17,11:07:54,out,1.55,13.0,35.6,29.9,19.493,310.2,2.92
2025-09-17 11:07:59,2025-09-17,11:07:59,in,1.29,1310.8,0.0,29.7,10.152,321.6,1.93
2025-09-17 11:08:58,2025-09-17,11:08:58,out,1.88,12.9,35.2,29.9,19.41,353.1,2.5
2025-09-17 11:09:02,2025-09-17,11:09:02,in,0.91,1310.8,0.0,29.6,10.11,357.5,2.46
2025-09-17 11:10:01,2025-09-17,11:10:01,out,1.11,13.1,35.7,29.9,19.513,319.8,2.8
2025-09-17 11:10:06,2025-09-17,11:10:06,in,1.69,1310.8,0.0,29.6,10.11,318.6,2.24
2025-09-17 11:11:04,2025-09-17,11:11:04,out,0.95,12.9,35.2,29.9,19.41,267.5,2.79
2025-09-17 11:11:10,2025-09-17,11:11:10,in,0.79,1310.8,0.0,29.7,10.152,339.7,2.34
2025-09-17 11:12:08,2025-09-17,11:12:08,out,1.37,13.0,35.2,30.0,19.489,233.6,1.56
2025-09-17 11:12:13,2025-09-17,11:12:13,in,0.41,1310.8,0.0,29.8,10.193,307.8,1.4
2025-09-17 11:13:12,2025-09-17,11:13:12,out,0.89,13.0,35.3,30.0,19.51,284.3,2.51
2025-09-17 11:13:16,2025-09-17,11:13:16,in,0.88,1310.8,0.0,30.0,10.276,327.9,1.46
2025-09-17 11:14:15,2025-09-17,11:14:15,out,2.58,12.8,34.7,30.1,19.464,330.7,2.99
2025-09-17 11:14:20,2025-09-17,11:14:20,in,1.36,1310.8,0.0,30.1,10.317,310.4,2.02
2025-09-17 11:15:18,2025-09-17,11:15:18,out,1.4,12.9,35.0,30.0,19.448,350.0,2.73
2025-09-17 11:15:24,2025-09-17,11:15:24,in,1.75,1310.8,0.0,30.0,10.276,336.6,2.5
2025-09-17 11:16:22,2025-09-17,11:16:22,out,1.37,12.9,35.0,30.0,19.448,358.4,2.22
2025-09-17 11:16:27,2025-09-17,11:16:27,in,1.72,1310.8,0.0,29.9,10.235,329.7,2.23
2025-09-17 11:17:26,2025-09-17,11:17:26,out,0.71,12.8,34.8,30.0,19.406,307.2,1.34
2025-09-17 11:17:30,2025-09-17,11:17:30,in,1.16,1310.8,0.0,29.9,10.235,326.6,2.08
2025-09-17 11:18:29,2025-09-17,11:18:29,out,0.66,12.9,34.8,30.1,19.484,335.9,1.23
2025-09-17 11:18:34,2025-09-17,11:18:34,in,1.54,1310.8,0.0,29.9,10.235,329.4,2.0
2025-09-17 11:19:32,2025-09-17,11:19:32,out,0.76,12.9,34.7,30.2,19.542,264.1,0.96
2025-09-17 11:19:38,2025-09-17,11:19:38,in,0.12,1310.8,0.0,30.0,10.276,289.4,2.04
2025-09-17 11:20:36,2025-09-17,11:20:36,out,1.01,13.1,35.0,30.3,19.683,272.5,1.41
2025-09-17 11:20:41,2025-09-17,11:20:41,in,1.1,1310.8,0.0,30.0,10.276,314.9,2.23
2025-09-17 11:21:40,2025-09-17,11:21:40,out,0.49,13.1,34.8,30.4,19.72,291.4,1.34
2025-09-17 11:21:44,2025-09-17,11:21:44,in,1.42,1310.8,0.0,30.1,10.317,327.0,1.79
2025-09-17 11:22:43,2025-09-17,11:22:43,out,1.4,13.2,34.8,30.5,19.798,351.7,1.79
2025-09-17 11:22:48,2025-09-17,11:22:48,in,0.86,1310.8,0.0,30.3,10.4,337.3,2.06
2025-09-17 11:23:46,2025-09-17,11:23:46,out,1.74,13.0,34.3,30.5,19.693,314.8,2.72
2025-09-17 11:23:52,2025-09-17,11:23:52,in,1.76,1310.8,0.0,30.4,10.442,320.7,2.29
2025-09-17 11:24:50,2025-09-17,11:24:50,out,1.83,13.0,34.4,30.5,19.714,275.7,2.53
2025-09-17 11:24:55,2025-09-17,11:24:55,in,1.64,1310.8,0.0,30.4,10.442,321.6,2.41
2025-09-17 11:25:54,2025-09-17,11:25:54,out,1.34,13.0,34.2,30.5,19.671,289.3,1.71
2025-09-17 11:25:58,2025-09-17,11:25:58,in,1.08,1310.8,0.0,30.4,10.442,323.3,2.06
2025-09-17 11:26:57,2025-09-17,11:26:57,out,1.34,13.0,34.4,30.5,19.714,319.8,1.87
2025-09-17 11:27:02,2025-09-17,11:27:02,in,1.55,1310.8,0.0,30.4,10.442,329.0,1.87
2025-09-17 11:28:00,2025-09-17,11:28:00,out,0.8,13.0,34.1,30.6,19.728,39.2,1.98
2025-09-17 11:28:06,2025-09-17,11:28:06,in,1.56,1310.8,0.0,30.5,10.483,325.8,2.2
2025-09-17 11:29:04,2025-09-17,11:29:04,out,1.4,12.8,33.6,30.6,19.621,343.8,2.21
2025-09-17 11:29:09,2025-09-17,11:29:09,in,1.91,1310.8,0.0,30.5,10.483,317.2,2.19
2025-09-17 11:30:08,2025-09-17,11:30:08,out,1.34,12.8,33.6,30.6,19.621,353.6,1.5
2025-09-17 11:30:12,2025-09-17,11:30:12,in,0.92,1310.8,0.0,30.4,10.442,319.0,2.64
2025-09-17 11:31:11,2025-09-17,11:31:11,out,1.1,12.9,33.9,30.6,19.685,347.2,1.41
2025-09-17 11:31:16,2025-09-17,11:31:16,in,0.68,1310.8,0.0,30.5,10.483,323.7,1.87
2025-09-17 11:32:14,2025-09-17,11:32:14,out,1.35,13.1,34.2,30.7,19.827,314.7,2.25
2025-09-17 11:32:20,2025-09-17,11:32:20,in,1.24,1310.8,0.0,30.4,10.442,334.9,1.56
2025-09-17 11:33:18,2025-09-17,11:33:18,out,1.34,13.0,33.9,30.7,19.763,13.5,1.88
2025-09-17 11:33:23,2025-09-17,11:33:23,in,1.19,1310.8,0.0,30.5,10.483,321.3,2.43
2025-09-17 11:34:22,2025-09-17,11:34:22,out,0.85,13.0,33.8,30.7,19.742,332.8,1.46
2025-09-17 11:34:26,2025-09-17,11:34:26,in,1.59,1310.8,0.0,30.5,10.483,320.9,2.31
2025-09-17 11:35:25,2025-09-17,11:35:25,out,1.65,12.9,33.5,30.8,19.755,250.0,2.86
2025-09-17 11:35:30,2025-09-17,11:35:30,in,1.11,1310.8,0.0,30.5,10.483,336.6,2.25
2025-09-17 11:36:29,2025-09-17,11:36:29,out,1.57,12.9,33.5,30.8,19.755,231.7,3.41
2025-09-17 11:36:34,2025-09-17,11:36:34,in,0.89,1310.8,0.0,30.5,10.483,340.7,2.61
2025-09-17 11:37:32,2025-09-17,11:37:32,out,1.74,12.9,33.4,30.8,19.733,265.9,2.92
2025-09-17 11:37:38,2025-09-17,11:37:38,in,1.73,1310.8,0.0,30.6,10.524,328.5,2.19
2025-09-17 11:38:36,2025-09-17,11:38:36,out,1.53,13.3,34.5,30.8,19.97,251.1,1.8
2025-09-17 11:38:41,2025-09-17,11:38:41,in,1.1,1310.8,0.0,30.6,10.524,324.3,2.1
2025-09-17 11:39:39,2025-09-17,11:39:39,out,1.09,13.2,34.0,30.9,19.941,217.7,1.67
2025-09-17 11:39:44,2025-09-17,11:39:44,in,1.15,1310.8,0.0,30.7,10.566,329.7,1.83
2025-09-17 11:40:42,2025-09-17,11:40:42,out,1.97,12.9,33.1,31.0,19.823,190.6,2.11
2025-09-17 11:40:48,2025-09-17,11:40:48,in,0.46,1310.8,0.0,30.9,10.649,334.0,1.28
2025-09-17 11:41:46,2025-09-17,11:41:46,out,0.83,12.8,33.1,30.9,19.745,191.9,2.3
2025-09-17 11:41:52,2025-09-17,11:41:52,in,0.75,1310.8,0.0,31.0,10.69,333.8,1.37
2025-09-17 11:42:50,2025-09-17,11:42:50,out,0.51,12.9,33.2,30.9,19.767,223.2,1.24
2025-09-17 11:42:55,2025-09-17,11:42:55,in,0.24,1310.8,0.0,30.9,10.649,260.6,1.86
2025-09-17 11:43:54,2025-09-17,11:43:54,out,1.28,,,13.2,,31.0,3.38
2025-09-17 11:43:58,2025-09-17,11:43:58,in,0.61,,,1310.8,,30.9,0.0
2025-09-17 11:44:56,2025-09-17,11:44:56,out,1.01,13.0,33.1,31.1,19.9,155.6,1.95
2025-09-17 11:45:02,2025-09-17,11:45:02,in,0.53,1310.8,0.0,31.0,10.69,323.2,1.88
2025-09-17 11:46:00,2025-09-17,11:46:00,out,1.29,12.8,32.5,31.2,19.845,139.3,2.13
2025-09-17 11:46:06,2025-09-17,11:46:06,in,1.57,1310.8,0.0,31.1,10.732,333.3,2.08
2025-09-17 11:47:04,2025-09-17,11:47:04,out,0.38,13.0,32.8,31.3,19.989,30.0,1.08
2025-09-17 11:47:09,2025-09-17,11:47:09,in,1.26,1310.8,0.0,30.9,10.649,331.1,2.38
2025-09-17 11:48:07,2025-09-17,11:48:07,out,1.04,12.8,32.1,31.4,19.909,152.3,1.88
2025-09-17 11:48:12,2025-09-17,11:48:12,in,1.32,1310.8,0.0,30.9,10.649,339.7,1.75
2025-09-17 11:49:10,2025-09-17,11:49:10,out,0.49,13.1,32.7,31.5,20.121,307.3,1.04
2025-09-17 11:49:16,2025-09-17,11:49:16,in,1.44,1310.8,0.0,31.0,10.69,327.1,2.21
2025-09-17 11:50:14,2025-09-17,11:50:14,out,1.65,12.8,31.8,31.6,19.995,341.5,2.18
2025-09-17 11:50:20,2025-09-17,11:50:20,in,1.45,1310.8,0.0,31.1,10.732,321.2,1.64
2025-09-17 11:51:18,2025-09-17,11:51:18,out,1.87,12.6,31.3,31.7,19.957,332.2,2.3
2025-09-17 11:51:23,2025-09-17,11:51:23,in,1.28,1310.8,0.0,31.2,10.773,321.6,1.99
2025-09-17 11:52:21,2025-09-17,11:52:21,out,1.34,12.6,31.3,31.7,19.957,355.7,1.79
2025-09-17 11:52:26,2025-09-17,11:52:26,in,1.4,1310.8,0.0,31.2,10.773,321.6,2.0
2025-09-17 11:53:24,2025-09-17,11:53:24,out,1.04,12.8,31.6,31.7,20.026,342.1,2.06
2025-09-17 11:53:30,2025-09-17,11:53:30,in,1.39,1310.8,0.0,31.2,10.773,317.5,1.94
2025-09-17 11:54:28,2025-09-17,11:54:28,out,1.61,12.9,31.8,31.7,20.071,346.0,2.27
2025-09-17 11:54:34,2025-09-17,11:54:34,in,1.8,1310.8,0.0,31.2,10.773,328.2,2.19
2025-09-17 11:55:32,2025-09-17,11:55:32,out,2.82,13.7,33.1,31.8,20.442,227.3,3.23
2025-09-17 11:55:37,2025-09-17,11:55:37,in,0.3,1310.8,0.0,31.3,10.814,303.4,1.84
2025-09-17 11:56:36,2025-09-17,11:56:36,out,3.79,,,14.7,,31.8,3.56
2025-09-17 11:56:40,2025-09-17,11:56:40,in,1.23,1310.8,0.0,31.4,10.856,339.3,1.8
2025-09-17 11:57:39,2025-09-17,11:57:39,out,3.03,15.3,37.0,31.8,21.292,231.1,4.4
2025-09-17 11:57:44,2025-09-17,11:57:44,in,0.44,1310.8,0.0,31.5,10.897,327.9,1.6
2025-09-17 11:58:42,2025-09-17,11:58:42,out,2.28,15.3,37.3,31.7,21.275,203.5,3.34
2025-09-17 11:58:48,2025-09-17,11:58:48,in,0.51,1310.8,0.0,31.7,10.98,319.9,1.22
2025-09-17 11:59:46,2025-09-17,11:59:46,out,3.19,15.8,38.6,31.6,21.466,271.2,4.27
2025-09-17 11:59:51,2025-09-17,11:59:51,in,1.38,1310.8,0.0,31.9,11.063,321.0,2.16
2025-09-17 12:00:50,2025-09-17,12:00:50,out,3.73,15.8,38.6,31.5,21.385,259.6,5.27
2025-09-17 12:00:54,2025-09-17,12:00:54,in,1.73,1310.8,0.0,31.9,11.063,329.4,2.19
2025-09-17 12:01:53,2025-09-17,12:01:53,out,1.95,15.7,39.2,31.2,21.266,201.1,5.4
2025-09-17 12:01:58,2025-09-17,12:01:58,in,0.93,1310.8,0.0,31.7,10.98,0.3,1.81
2025-09-17 12:02:56,2025-09-17,12:02:56,out,1.46,16.0,40.0,31.2,21.427,222.2,2.8
2025-09-17 12:03:02,2025-09-17,12:03:02,in,0.74,1310.8,0.0,31.7,10.98,331.8,1.86
2025-09-17 12:04:00,2025-09-17,12:04:00,out,3.71,15.2,38.1,31.3,21.121,240.8,5.39
2025-09-17 12:04:05,2025-09-17,12:04:05,in,0.71,1310.8,0.0,31.7,10.98,343.8,1.68
2025-09-17 12:05:04,2025-09-17,12:05:04,out,2.38,15.1,37.8,31.2,20.979,271.0,4.64
2025-09-17 12:05:08,2025-09-17,12:05:08,in,1.62,1310.8,0.0,31.8,11.021,335.6,1.87
2025-09-17 12:06:07,2025-09-17,12:06:07,out,1.48,15.2,38.3,31.1,21.002,255.5,3.6
2025-09-17 12:06:12,2025-09-17,12:06:12,in,0.11,1310.8,0.0,31.7,10.98,283.7,1.84
2025-09-17 12:07:10,2025-09-17,12:07:10,out,1.21,15.0,37.8,31.1,20.899,216.4,2.2
2025-09-17 12:07:16,2025-09-17,12:07:16,in,0.17,1310.8,0.0,31.8,11.021,327.3,1.74
2025-09-17 12:08:14,2025-09-17,12:08:14,out,1.73,15.1,38.1,31.1,20.961,261.6,2.95
2025-09-17 12:08:19,2025-09-17,12:08:19,in,1.38,1310.8,0.0,31.7,10.98,333.9,2.26
2025-09-17 12:09:18,2025-09-17,12:09:18,out,2.89,15.0,38.0,31.0,20.86,263.4,4.57
2025-09-17 12:09:22,2025-09-17,12:09:22,in,1.84,1310.8,0.0,31.5,10.897,335.0,1.96
2025-09-17 12:10:21,2025-09-17,12:10:21,out,1.45,15.1,38.5,30.9,20.882,257.6,3.16
2025-09-17 12:10:26,2025-09-17,12:10:26,in,1.54,1310.8,0.0,31.3,10.814,329.1,2.37
2025-09-17 12:11:24,2025-09-17,12:11:24,out,2.92,15.0,38.1,30.9,20.8,226.2,3.46
2025-09-17 12:11:30,2025-09-17,12:11:30,in,1.33,1310.8,0.0,31.2,10.773,325.9,2.19
2025-09-17 12:12:28,2025-09-17,12:12:28,out,1.33,15.1,38.8,30.8,20.862,228.7,3.2
2025-09-17 12:12:33,2025-09-17,12:12:33,in,1.05,1310.8,0.0,31.3,10.814,320.1,1.94
2025-09-17 12:13:32,2025-09-17,12:13:32,out,3.11,15.1,38.5,30.9,20.882,248.2,3.32
2025-09-17 12:13:36,2025-09-17,12:13:36,in,1.62,1310.8,0.0,31.4,10.856,338.1,1.82
2025-09-17 12:14:35,2025-09-17,12:14:35,out,2.26,15.2,39.0,30.8,20.902,257.1,3.14
2025-09-17 12:14:40,2025-09-17,12:14:40,in,1.3,1310.8,0.0,31.4,10.856,325.4,2.02
2025-09-17 12:15:38,2025-09-17,12:15:38,out,2.3,15.2,39.0,30.8,20.902,244.1,4.11
2025-09-17 12:15:44,2025-09-17,12:15:44,in,1.03,1310.8,0.0,31.4,10.856,335.2,1.83
2025-09-17 12:16:42,2025-09-17,12:16:42,out,2.3,15.3,39.3,30.8,20.962,235.7,4.1
2025-09-17 12:16:47,2025-09-17,12:16:47,in,0.87,1310.8,0.0,31.4,10.856,327.7,1.61
2025-09-17 12:17:46,2025-09-17,12:17:46,out,1.11,15.6,39.8,30.8,21.062,246.1,3.32
2025-09-17 12:17:50,2025-09-17,12:17:50,in,0.53,1310.8,0.0,31.5,10.897,333.9,1.63
2025-09-17 12:18:49,2025-09-17,12:18:49,out,4.55,15.2,38.9,30.8,20.882,246.8,5.1
2025-09-17 12:18:54,2025-09-17,12:18:54,in,0.4,1310.8,0.0,31.6,10.939,18.0,1.71
2025-09-17 12:19:52,2025-09-17,12:19:52,out,2.92,15.3,39.3,30.7,20.881,235.6,4.11
2025-09-17 12:19:58,2025-09-17,12:19:58,in,0.99,,,1310.8,,31.6,0.0
2025-09-17 12:20:56,2025-09-17,12:20:56,out,1.36,15.7,40.3,30.7,21.08,224.0,3.35
2025-09-17 12:21:01,2025-09-17,12:21:01,in,0.94,1310.8,0.0,31.6,10.939,318.4,1.66
2025-09-17 12:22:00,2025-09-17,12:22:00,out,2.16,15.6,40.2,30.7,21.06,261.7,3.17
2025-09-17 12:22:04,2025-09-17,12:22:04,in,1.08,1310.8,0.0,31.6,10.939,325.9,2.06
2025-09-17 12:23:03,2025-09-17,12:23:03,out,0.9,15.7,40.2,30.8,21.142,222.6,3.17
2025-09-17 12:23:08,2025-09-17,12:23:08,in,0.97,1310.8,0.0,31.6,10.939,319.5,1.9
2025-09-17 12:24:06,2025-09-17,12:24:06,out,2.06,15.5,39.6,30.8,21.022,211.7,3.47
2025-09-17 12:24:12,2025-09-17,12:24:12,in,0.83,1310.8,0.0,31.7,10.98,328.3,1.5
2025-09-17 12:25:10,2025-09-17,12:25:10,out,1.32,15.6,39.8,30.9,21.143,225.1,3.7
2025-09-17 12:25:15,2025-09-17,12:25:15,in,0.59,1310.8,0.0,31.8,11.021,330.6,1.68
2025-09-17 12:26:14,2025-09-17,12:26:14,out,3.5,15.4,39.0,31.0,21.064,224.3,4.61
2025-09-17 12:26:18,2025-09-17,12:26:18,in,0.73,1310.8,0.0,31.9,11.063,324.9,1.69
2025-09-17 12:27:17,2025-09-17,12:27:17,out,2.83,15.8,40.2,30.9,21.223,215.0,4.2
2025-09-17 12:27:22,2025-09-17,12:27:22,in,1.21,1310.8,0.0,32.0,11.104,314.9,1.88
2025-09-17 12:28:20,2025-09-17,12:28:20,out,4.81,15.8,40.4,30.8,21.181,243.5,5.57
2025-09-17 12:28:26,2025-09-17,12:28:26,in,0.56,1310.8,0.0,32.0,11.104,359.2,1.59
2025-09-17 12:29:24,2025-09-17,12:29:24,out,3.23,15.8,40.5,30.7,21.119,235.1,4.99
2025-09-17 12:29:29,2025-09-17,12:29:29,in,0.62,1310.8,0.0,32.1,11.146,349.8,1.44
2025-09-17 12:30:28,2025-09-17,12:30:28,out,1.16,16.1,41.5,30.7,21.315,237.4,3.56
2025-09-17 12:30:32,2025-09-17,12:30:32,in,1.49,1310.8,0.0,32.0,11.104,338.1,1.73
2025-09-17 12:31:31,2025-09-17,12:31:31,out,2.77,16.3,42.1,30.7,21.432,264.1,4.22
2025-09-17 12:31:36,2025-09-17,12:31:36,in,0.47,1310.8,0.0,32.0,11.104,333.5,2.33
2025-09-17 12:32:34,2025-09-17,12:32:34,out,4.94,16.1,41.3,30.7,21.276,215.6,5.28
2025-09-17 12:32:40,2025-09-17,12:32:40,in,0.59,1310.8,0.0,32.0,11.104,333.0,1.49
2025-09-17 12:33:38,2025-09-17,12:33:38,out,3.19,16.2,41.7,30.7,21.354,242.9,5.07
2025-09-17 12:33:43,2025-09-17,12:33:43,in,1.01,1310.8,0.0,32.1,11.146,312.4,2.42
2025-09-17 12:34:42,2025-09-17,12:34:42,out,2.5,16.2,41.7,30.7,21.354,239.4,4.75
2025-09-17 12:34:46,2025-09-17,12:34:46,in,1.46,1310.8,0.0,32.1,11.146,318.5,2.08
2025-09-17 12:35:45,2025-09-17,12:35:45,out,4.4,16.0,41.4,30.6,21.214,238.8,6.0
2025-09-17 12:35:50,2025-09-17,12:35:50,in,0.43,1310.8,0.0,32.2,11.187,346.2,2.15
2025-09-17 12:36:49,2025-09-17,12:36:49,out,4.29,16.0,41.6,30.6,21.253,230.2,4.58
2025-09-17 12:36:54,2025-09-17,12:36:54,in,1.63,1310.8,0.0,32.1,11.146,329.3,2.02
2025-09-17 12:37:52,2025-09-17,12:37:52,out,2.42,16.2,42.2,30.5,21.286,218.9,4.62
2025-09-17 12:37:57,2025-09-17,12:37:57,in,0.65,1310.8,0.0,32.0,11.104,333.4,1.6
2025-09-17 12:38:56,2025-09-17,12:38:56,out,1.63,16.3,42.6,30.5,21.363,203.8,4.25
2025-09-17 12:39:00,2025-09-17,12:39:00,in,0.51,1310.8,0.0,32.1,11.146,343.3,1.98
2025-09-17 12:40:00,2025-09-17,12:40:00,out,3.98,16.6,43.6,30.4,21.47,225.4,5.43
2025-09-17 12:40:04,2025-09-17,12:40:04,in,0.54,1310.8,0.0,32.1,11.146,348.4,1.7
2025-09-17 12:41:03,2025-09-17,12:41:03,out,1.58,16.9,44.6,30.3,21.575,216.4,5.91
2025-09-17 12:41:08,2025-09-17,12:41:08,in,0.56,1310.8,0.0,32.1,11.146,306.0,1.58
2025-09-17 12:42:06,2025-09-17,12:42:06,out,2.25,16.9,44.3,30.4,21.602,221.8,4.53
2025-09-17 12:42:11,2025-09-17,12:42:11,in,1.39,1310.8,0.0,32.2,11.187,317.8,1.89
2025-09-17 12:43:10,2025-09-17,12:43:10,out,4.73,16.5,43.1,30.5,21.459,218.6,5.97
2025-09-17 12:43:14,2025-09-17,12:43:14,in,0.2,1310.8,0.0,32.3,11.228,116.9,1.96
2025-09-17 12:44:14,2025-09-17,12:44:14,out,2.62,16.9,44.2,30.4,21.583,242.3,4.71
2025-09-17 12:44:18,2025-09-17,12:44:18,in,0.13,1310.8,0.0,32.2,11.187,341.7,1.14
2025-09-17 12:45:17,2025-09-17,12:45:17,out,3.98,16.6,44.1,30.2,21.398,240.8,5.38
2025-09-17 12:45:22,2025-09-17,12:45:22,in,0.76,1310.8,0.0,32.2,11.187,341.6,1.34
2025-09-17 12:46:20,2025-09-17,12:46:20,out,3.89,16.6,44.2,30.1,21.333,231.1,5.25
2025-09-17 12:46:25,2025-09-17,12:46:25,in,0.34,1310.8,0.0,32.1,11.146,1.4,1.11
2025-09-17 12:47:24,2025-09-17,12:47:24,out,3.81,16.5,44.4,30.0,21.287,241.2,5.28
2025-09-17 12:47:28,2025-09-17,12:47:28,in,1.22,1310.8,0.0,31.9,11.063,333.5,1.84
2025-09-17 12:48:28,2025-09-17,12:48:28,out,4.62,16.4,44.1,30.0,21.231,247.0,5.85
2025-09-17 12:48:32,2025-09-17,12:48:32,in,1.05,1310.8,0.0,31.8,11.021,348.9,1.73
2025-09-17 12:49:31,2025-09-17,12:49:31,out,2.62,16.5,44.4,30.0,21.287,241.7,4.54
2025-09-17 12:49:36,2025-09-17,12:49:36,in,0.48,1310.8,0.0,31.7,10.98,5.8,1.53
2025-09-17 12:50:34,2025-09-17,12:50:34,out,3.99,16.5,44.1,30.1,21.315,224.8,5.5
2025-09-17 12:50:39,2025-09-17,12:50:39,in,0.54,1310.8,0.0,31.7,10.98,329.2,1.59
2025-09-17 12:51:38,2025-09-17,12:51:38,out,2.91,16.6,44.0,30.2,21.379,207.4,3.95
2025-09-17 12:51:42,2025-09-17,12:51:42,in,0.22,1310.8,0.0,31.8,11.021,28.7,1.57
2025-09-17 12:52:42,2025-09-17,12:52:42,out,3.54,16.5,43.7,30.2,21.323,220.6,5.28
2025-09-17 12:52:46,2025-09-17,12:52:46,in,1.28,1310.8,0.0,31.9,11.063,322.9,1.86
2025-09-17 12:53:45,2025-09-17,12:53:45,out,3.1,16.6,44.0,30.2,21.379,244.1,5.15
2025-09-17 12:53:50,2025-09-17,12:53:50,in,2.13,1310.8,0.0,32.0,11.104,316.4,2.66
2025-09-17 12:54:48,2025-09-17,12:54:48,out,4.2,16.5,43.7,30.2,21.323,223.9,5.52
2025-09-17 12:54:53,2025-09-17,12:54:53,in,0.21,1310.8,0.0,32.0,11.104,4.1,2.52
2025-09-17 12:55:52,2025-09-17,12:55:52,out,2.37,16.6,44.1,30.2,21.398,268.4,5.29
2025-09-17 12:55:56,2025-09-17,12:55:56,in,0.1,1310.8,0.0,32.0,11.104,23.9,0.59
2025-09-17 12:56:56,2025-09-17,12:56:56,out,4.83,16.5,43.8,30.2,21.342,238.0,5.94
2025-09-17 12:57:00,2025-09-17,12:57:00,in,0.29,1310.8,0.0,32.1,11.146,351.3,0.64
2025-09-17 12:57:59,2025-09-17,12:57:59,out,2.65,16.7,44.2,30.2,21.417,222.4,5.74
2025-09-17 12:58:04,2025-09-17,12:58:04,in,0.21,1310.8,0.0,32.1,11.146,116.5,0.94
2025-09-17 12:59:02,2025-09-17,12:59:02,out,4.48,16.6,44.1,30.2,21.398,244.3,5.25
2025-09-17 12:59:07,2025-09-17,12:59:07,in,0.48,1310.8,0.0,32.1,11.146,119.1,0.68
2025-09-17 13:00:06,2025-09-17,13:00:06,out,1.76,16.8,44.2,30.3,21.5,246.8,5.83
2025-09-17 13:00:10,2025-09-17,13:00:10,in,0.1,1310.8,0.0,32.1,11.146,300.1,1.06
2025-09-17 13:01:10,2025-09-17,13:01:10,out,4.45,16.3,43.0,30.4,21.357,245.4,5.22
2025-09-17 13:01:14,2025-09-17,13:01:14,in,0.75,1310.8,0.0,32.0,11.104,354.2,1.13
2025-09-17 13:02:13,2025-09-17,13:02:13,out,5.74,16.6,43.7,30.3,21.406,235.7,6.03
2025-09-17 13:02:18,2025-09-17,13:02:18,in,0.09,1310.8,0.0,32.0,11.104,125.3,0.82
2025-09-17 13:03:16,2025-09-17,13:03:16,out,5.72,16.7,44.4,30.2,21.454,225.3,6.64
2025-09-17 13:03:21,2025-09-17,13:03:21,in,0.34,1310.8,0.0,32.1,11.146,129.7,0.59
2025-09-17 13:04:20,2025-09-17,13:04:20,out,4.04,16.6,44.5,30.0,21.306,232.6,6.92
2025-09-17 13:04:24,2025-09-17,13:04:24,in,0.22,1310.8,0.0,32.1,11.146,55.4,0.53
2025-09-17 13:05:24,2025-09-17,13:05:24,out,2.99,16.6,44.9,29.9,21.296,226.4,4.34
2025-09-17 13:05:56,2025-09-17,13:05:56,in,0.12,1310.8,0.0,32.1,11.146,152.0,0.89
2025-09-17 13:06:27,2025-09-17,13:06:27,out,4.22,16.7,44.7,30.0,21.343,246.3,5.27
2025-09-17 13:06:58,2025-09-17,13:06:58,in,0.51,1310.8,0.0,32.1,11.146,9.8,1.03
2025-09-17 13:07:30,2025-09-17,13:07:30,out,2.95,16.4,43.8,30.1,21.259,254.6,5.71
2025-09-17 13:08:02,2025-09-17,13:08:02,in,0.14,1310.8,0.0,32.1,11.146,127.7,0.6
2025-09-17 13:08:34,2025-09-17,13:08:34,out,3.96,15.9,42.3,30.1,20.976,240.4,4.96
2025-09-17 13:09:05,2025-09-17,13:09:05,in,0.39,1310.8,0.0,32.1,11.146,115.4,0.55
2025-09-17 13:09:38,2025-09-17,13:09:38,out,4.2,15.7,42.0,30.0,20.836,257.2,5.53
2025-09-17 13:10:08,2025-09-17,13:10:08,in,0.29,1310.8,0.0,32.1,11.146,146.7,0.82
2025-09-17 13:10:41,2025-09-17,13:10:41,out,2.57,15.4,41.1,30.1,20.746,268.6,4.72
2025-09-17 13:11:12,2025-09-17,13:11:12,in,0.13,1310.8,0.0,32.0,11.104,119.5,0.7
2025-09-17 13:11:44,2025-09-17,13:11:44,out,5.4,15.0,40.0,30.1,20.533,230.7,5.61
2025-09-17 13:12:16,2025-09-17,13:12:16,in,0.18,1310.8,0.0,32.0,11.104,15.0,0.67
2025-09-17 13:12:48,2025-09-17,13:12:48,out,2.93,14.9,39.8,30.0,20.413,218.1,6.09
2025-09-17 13:13:19,2025-09-17,13:13:19,in,0.23,1310.8,0.0,32.0,11.104,252.1,0.88
2025-09-17 13:13:52,2025-09-17,13:13:52,out,2.11,14.7,39.4,30.0,20.334,222.7,4.56
2025-09-17 13:14:22,2025-09-17,13:14:22,in,0.48,1310.8,0.0,32.0,11.104,114.7,0.81
2025-09-17 13:14:55,2025-09-17,13:14:55,out,2.31,,,14.6,,232.3,4.0
2025-09-17 13:15:26,2025-09-17,13:15:26,in,0.78,,,1310.8,,31.9,0.0
2025-09-17 13:15:58,2025-09-17,13:15:58,out,1.66,14.3,38.3,30.1,20.198,218.7,4.64
2025-09-17 13:16:30,2025-09-17,13:16:30,in,0.19,1310.8,0.0,31.9,11.063,1.0,0.79
2025-09-17 13:17:02,2025-09-17,13:17:02,out,3.31,14.0,37.4,30.2,20.097,232.4,3.75
2025-09-17 13:17:33,2025-09-17,13:17:33,in,0.47,1310.8,0.0,31.9,11.063,146.7,0.56
2025-09-17 13:18:06,2025-09-17,13:18:06,out,4.94,13.8,36.8,30.2,19.976,215.5,6.75
2025-09-17 13:18:36,2025-09-17,13:18:36,in,0.76,1310.8,0.0,31.9,11.063,133.7,1.04
2025-09-17 13:19:10,2025-09-17,13:19:10,out,3.28,14.0,37.2,30.1,19.977,212.8,5.93
2025-09-17 13:19:40,2025-09-17,13:19:40,in,0.32,1310.8,0.0,31.9,11.063,310.6,0.93
2025-09-17 13:20:13,2025-09-17,13:20:13,out,3.13,13.9,37.2,30.1,19.977,239.7,4.82
2025-09-17 13:20:44,2025-09-17,13:20:44,in,0.73,1310.8,0.0,31.9,11.063,139.4,0.96
2025-09-17 13:21:16,2025-09-17,13:21:16,out,2.94,14.0,37.4,30.1,20.017,240.3,4.66
2025-09-17 13:21:47,2025-09-17,13:21:47,in,0.2,1310.8,0.0,31.9,11.063,12.7,1.06
2025-09-17 13:22:20,2025-09-17,13:22:20,out,3.89,14.0,37.2,30.2,20.057,232.3,4.98
2025-09-17 13:22:50,2025-09-17,13:22:50,in,0.89,1310.8,0.0,31.9,11.063,151.5,1.0
2025-09-17 13:23:24,2025-09-17,13:23:24,out,2.23,14.1,37.4,30.3,20.177,217.4,4.07
2025-09-17 13:23:54,2025-09-17,13:23:54,in,0.18,1310.8,0.0,31.9,11.063,262.4,1.07
2025-09-17 13:24:27,2025-09-17,13:24:27,out,1.05,14.2,37.3,30.4,20.237,200.9,5.91
2025-09-17 13:24:58,2025-09-17,13:24:58,in,0.49,1310.8,0.0,32.0,11.104,156.4,0.82
2025-09-17 13:25:30,2025-09-17,13:25:30,out,1.29,14.1,36.9,30.5,20.235,232.3,3.58
2025-09-17 13:26:01,2025-09-17,13:26:01,in,0.43,1310.8,0.0,32.0,11.104,148.5,0.8
2025-09-17 13:26:34,2025-09-17,13:26:34,out,2.0,14.0,36.5,30.6,20.232,214.2,3.41
2025-09-17 13:27:04,2025-09-17,13:27:04,in,0.14,1310.8,0.0,32.1,11.146,81.0,1.02
2025-09-17 13:27:38,2025-09-17,13:27:38,out,4.02,13.6,35.3,30.7,20.061,227.2,5.87
2025-09-17 13:28:08,2025-09-17,13:28:08,in,0.53,1310.8,0.0,32.1,11.146,90.0,0.67
2025-09-17 13:28:41,2025-09-17,13:28:41,out,3.82,13.6,35.6,30.5,19.966,243.8,5.72
2025-09-17 13:29:12,2025-09-17,13:29:12,in,0.31,1310.8,0.0,32.1,11.146,65.9,0.8
2025-09-17 13:29:44,2025-09-17,13:29:44,out,4.67,13.5,35.4,30.5,19.924,261.2,7.03
2025-09-17 13:30:15,2025-09-17,13:30:15,in,0.17,1310.8,0.0,32.1,11.146,129.6,0.53
2025-09-17 13:30:48,2025-09-17,13:30:48,out,2.95,13.1,34.6,30.5,19.756,231.7,5.49
2025-09-17 13:31:18,2025-09-17,13:31:18,in,0.32,1310.8,0.0,32.1,11.146,30.3,0.74
2025-09-17 13:31:52,2025-09-17,13:31:52,out,3.0,13.4,35.2,30.5,19.882,249.1,4.16
2025-09-17 13:32:22,2025-09-17,13:32:22,in,0.46,1310.8,0.0,32.1,11.146,11.4,0.73
2025-09-17 13:32:55,2025-09-17,13:32:55,out,4.38,13.1,34.4,30.6,19.792,247.1,6.03
2025-09-17 13:33:26,2025-09-17,13:33:26,in,0.22,1310.8,0.0,32.1,11.146,40.2,0.59
2025-09-17 13:33:58,2025-09-17,13:33:58,out,3.59,12.9,34.0,30.5,19.629,217.6,6.48
2025-09-17 13:34:29,2025-09-17,13:34:29,in,0.43,1310.8,0.0,32.2,11.187,119.3,0.67
2025-09-17 13:35:02,2025-09-17,13:35:02,out,3.13,13.1,34.3,30.6,19.771,230.9,3.62
2025-09-17 13:35:33,2025-09-17,13:35:33,in,0.58,,,1310.8,,32.2,0.0
2025-09-17 13:36:06,2025-09-17,13:36:06,out,4.36,13.0,33.9,30.7,19.763,238.7,5.33
2025-09-17 13:36:36,2025-09-17,13:36:36,in,0.31,1310.8,0.0,32.2,11.187,323.6,0.61
2025-09-17 13:37:09,2025-09-17,13:37:09,out,4.5,13.0,33.9,30.7,19.763,220.1,5.94
2025-09-17 13:37:40,2025-09-17,13:37:40,in,1.27,1310.8,0.0,32.3,11.228,325.1,1.58
2025-09-17 13:38:12,2025-09-17,13:38:12,out,2.86,13.2,34.6,30.6,19.834,249.2,5.17
2025-09-17 13:38:44,2025-09-17,13:38:44,in,1.71,1310.8,0.0,32.3,11.228,311.7,2.08
2025-09-17 13:39:16,2025-09-17,13:39:16,out,5.17,13.2,34.8,30.5,19.798,246.7,6.38
2025-09-17 13:39:47,2025-09-17,13:39:47,in,0.17,1310.8,0.0,32.3,11.228,77.5,1.75
2025-09-17 13:40:20,2025-09-17,13:40:20,out,5.9,13.5,35.4,30.5,19.924,253.9,7.12
2025-09-17 13:40:50,2025-09-17,13:40:50,in,0.83,1310.8,0.0,32.3,11.228,347.1,1.76
2025-09-17 13:41:23,2025-09-17,13:41:23,out,3.35,13.2,35.1,30.4,19.783,232.5,6.65
2025-09-17 13:41:54,2025-09-17,13:41:54,in,1.43,1310.8,0.0,32.2,11.187,348.9,1.86
2025-09-17 13:42:26,2025-09-17,13:42:26,out,2.0,13.5,35.7,30.4,19.908,243.8,5.02
2025-09-17 13:42:58,2025-09-17,13:42:58,in,1.05,1310.8,0.0,32.1,11.146,341.7,1.89
2025-09-17 13:43:30,2025-09-17,13:43:30,out,1.41,13.7,36.0,30.4,19.97,241.0,4.63
2025-09-17 13:44:01,2025-09-17,13:44:01,in,0.97,1310.8,0.0,31.9,11.063,353.1,2.48
2025-09-17 13:44:34,2025-09-17,13:44:34,out,2.87,13.7,36.2,30.4,20.012,266.3,5.37
2025-09-17 13:45:04,2025-09-17,13:45:04,in,1.34,1310.8,0.0,31.8,11.021,341.6,2.33
2025-09-17 13:45:37,2025-09-17,13:45:37,out,0.96,13.9,36.6,30.4,20.094,268.5,3.53
2025-09-17 13:46:08,2025-09-17,13:46:08,in,0.76,1310.8,0.0,31.7,10.98,317.8,2.13
2025-09-17 13:46:40,2025-09-17,13:46:40,out,3.65,14.0,36.7,30.5,20.194,227.5,5.64
2025-09-17 13:47:12,2025-09-17,13:47:12,in,0.97,1310.8,0.0,31.7,10.98,329.2,1.5
2025-09-17 13:47:44,2025-09-17,13:47:44,out,4.74,14.0,37.0,30.4,20.176,231.8,5.4
2025-09-17 13:48:15,2025-09-17,13:48:15,in,0.21,1310.8,0.0,31.7,10.98,143.4,0.95
2025-09-17 13:48:48,2025-09-17,13:48:48,out,6.06,,,14.0,,30.2,3.73
2025-09-17 13:49:18,2025-09-17,13:49:18,in,1.24,,,1310.8,,31.8,0.0
2025-09-17 13:49:51,2025-09-17,13:49:51,out,3.58,13.8,36.9,30.1,19.916,236.8,5.75
2025-09-17 13:50:22,2025-09-17,13:50:22,in,1.29,1310.8,0.0,31.7,10.98,329.2,1.61
2025-09-17 13:50:54,2025-09-17,13:50:54,out,5.76,14.0,37.3,30.1,19.997,238.2,7.03
2025-09-17 13:51:26,2025-09-17,13:51:26,in,0.45,1310.8,0.0,31.6,10.939,30.5,1.91
2025-09-17 13:51:58,2025-09-17,13:51:58,out,2.26,14.0,37.9,29.9,19.957,224.5,5.63
2025-09-17 13:52:29,2025-09-17,13:52:29,in,1.05,1310.8,0.0,31.6,10.939,336.9,1.75
2025-09-17 13:53:02,2025-09-17,13:53:02,out,2.94,13.8,37.4,29.9,19.858,224.9,6.28
2025-09-17 13:53:32,2025-09-17,13:53:32,in,1.12,1310.8,0.0,31.5,10.897,315.6,1.95
2025-09-17 13:54:05,2025-09-17,13:54:05,out,2.02,13.9,37.7,29.9,19.918,244.7,3.7
2025-09-17 13:54:36,2025-09-17,13:54:36,in,1.95,1310.8,0.0,31.4,10.856,318.8,2.44
2025-09-17 13:55:08,2025-09-17,13:55:08,out,1.98,14.0,37.7,29.9,19.918,233.8,4.44
2025-09-17 13:55:40,2025-09-17,13:55:40,in,0.77,1310.8,0.0,31.4,10.856,316.3,1.62
2025-09-17 13:56:12,2025-09-17,13:56:12,out,2.72,13.8,37.1,30.0,19.877,239.3,4.95
2025-09-17 13:56:43,2025-09-17,13:56:43,in,1.39,1310.8,0.0,31.4,10.856,324.3,1.61
2025-09-17 13:57:16,2025-09-17,13:57:16,out,2.13,13.8,37.1,30.0,19.877,220.7,4.89
2025-09-17 13:57:46,2025-09-17,13:57:46,in,0.13,1310.8,0.0,31.4,10.856,326.7,1.59
2025-09-17 13:58:19,2025-09-17,13:58:19,out,3.22,13.3,35.9,30.1,19.712,235.4,4.92
2025-09-17 13:58:50,2025-09-17,13:58:50,in,1.15,1310.8,0.0,31.5,10.897,323.0,1.92
2025-09-17 13:59:22,2025-09-17,13:59:22,out,2.85,13.3,35.9,30.1,19.712,253.8,4.9
2025-09-17 13:59:54,2025-09-17,13:59:54,in,0.32,1310.8,0.0,31.5,10.897,64.0,1.87
2025-09-17 14:00:26,2025-09-17,14:00:26,out,3.05,13.5,36.4,30.1,19.815,226.1,5.52
2025-09-17 14:00:57,2025-09-17,14:00:57,in,1.02,1310.8,0.0,31.5,10.897,331.8,1.54
2025-09-17 14:01:30,2025-09-17,14:01:30,out,2.76,13.5,36.3,30.1,19.794,234.8,4.53
2025-09-17 14:02:00,2025-09-17,14:02:00,in,0.81,1310.8,0.0,31.5,10.897,325.6,2.05
2025-09-17 14:02:33,2025-09-17,14:02:33,out,3.37,13.4,35.8,30.2,19.771,260.2,4.15
2025-09-17 14:03:04,2025-09-17,14:03:04,in,1.53,1310.8,0.0,31.5,10.897,339.6,1.78
2025-09-17 14:03:36,2025-09-17,14:03:36,out,3.35,13.4,35.8,30.2,19.771,241.1,5.82
2025-09-17 14:04:08,2025-09-17,14:04:08,in,0.42,1310.8,0.0,31.5,10.897,340.2,1.48
2025-09-17 14:04:40,2025-09-17,14:04:40,out,5.43,13.7,36.5,30.2,19.914,242.9,6.68
2025-09-17 14:05:11,2025-09-17,14:05:11,in,0.87,1310.8,0.0,31.5,10.897,298.5,1.42
2025-09-17 14:05:44,2025-09-17,14:05:44,out,3.18,14.1,37.8,30.1,20.098,250.5,5.93
2025-09-17 14:06:14,2025-09-17,14:06:14,in,0.94,1310.8,0.0,31.5,10.897,347.4,1.32
2025-09-17 14:06:47,2025-09-17,14:06:47,out,3.94,14.0,37.7,30.0,19.998,257.3,5.88
2025-09-17 14:07:18,2025-09-17,14:07:18,in,0.73,1310.8,0.0,31.4,10.856,16.3,1.5
2025-09-17 14:07:50,2025-09-17,14:07:50,out,2.56,14.5,38.9,30.0,20.236,240.1,4.19
2025-09-17 14:08:22,2025-09-17,14:08:22,in,0.36,1310.8,0.0,31.4,10.856,71.8,1.86
2025-09-17 14:08:54,2025-09-17,14:08:54,out,3.1,14.7,39.2,30.1,20.376,276.3,4.54
2025-09-17 14:09:25,2025-09-17,14:09:25,in,0.82,1310.8,0.0,31.4,10.856,341.1,1.61
2025-09-17 14:09:58,2025-09-17,14:09:58,out,2.29,15.0,39.8,30.1,20.494,219.9,3.92
2025-09-17 14:10:28,2025-09-17,14:10:28,in,0.38,1310.8,0.0,31.4,10.856,326.1,1.24
2025-09-17 14:11:01,2025-09-17,14:11:01,out,1.64,15.2,40.5,30.2,20.712,274.4,3.59
2025-09-17 14:11:32,2025-09-17,14:11:32,in,1.75,1310.8,0.0,31.4,10.856,339.9,2.16
2025-09-17 14:12:05,2025-09-17,14:12:05,out,2.65,14.7,38.9,30.2,20.397,272.0,4.86
2025-09-17 14:12:36,2025-09-17,14:12:36,in,0.83,1310.8,0.0,31.3,10.814,343.0,1.65
2025-09-17 14:13:08,2025-09-17,14:13:08,out,5.6,14.5,38.4,30.2,20.298,248.8,6.55
2025-09-17 14:13:39,2025-09-17,14:13:39,in,0.6,1310.8,0.0,31.2,10.773,346.4,2.2
2025-09-17 14:14:12,2025-09-17,14:14:12,out,4.38,14.4,38.7,30.0,20.197,239.7,6.83
2025-09-17 14:14:42,2025-09-17,14:14:42,in,0.37,1310.8,0.0,31.2,10.773,326.1,1.69
2025-09-17 14:15:15,2025-09-17,14:15:15,out,3.6,14.6,39.5,29.9,20.273,274.2,5.04
2025-09-17 14:15:46,2025-09-17,14:15:46,in,0.9,1310.8,0.0,31.1,10.732,3.9,2.47
2025-09-17 14:16:19,2025-09-17,14:16:19,out,3.16,14.3,38.9,29.8,20.075,275.8,7.13
2025-09-17 14:16:50,2025-09-17,14:16:50,in,2.14,1310.8,0.0,31.0,10.69,335.0,2.62
2025-09-17 14:17:22,2025-09-17,14:17:22,out,2.55,14.2,39.0,29.7,20.013,286.2,4.38
2025-09-17 14:17:54,2025-09-17,14:17:54,in,1.1,1310.8,0.0,30.8,10.607,331.9,2.02
2025-09-17 14:18:26,2025-09-17,14:18:26,out,3.43,14.3,39.1,29.7,20.033,237.5,5.14
2025-09-17 14:18:57,2025-09-17,14:18:57,in,2.11,1310.8,0.0,30.7,10.566,330.2,2.34
2025-09-17 14:19:29,2025-09-17,14:19:29,out,5.64,14.6,39.6,29.8,20.211,265.1,6.25
2025-09-17 14:20:00,2025-09-17,14:20:00,in,1.34,1310.8,0.0,30.7,10.566,353.4,2.31
2025-09-17 14:20:33,2025-09-17,14:20:33,out,3.22,14.7,40.1,29.7,20.227,270.8,5.87
2025-09-17 14:21:04,2025-09-17,14:21:04,in,1.28,1310.8,0.0,30.6,10.524,354.2,2.37
2025-09-17 14:21:36,2025-09-17,14:21:36,out,3.2,14.2,39.2,29.6,19.971,251.4,5.45
2025-09-17 14:22:08,2025-09-17,14:22:08,in,0.59,1310.8,0.0,30.6,10.524,357.2,1.7
2025-09-17 14:22:40,2025-09-17,14:22:40,out,2.85,14.4,39.5,29.6,20.03,256.4,6.22
2025-09-17 14:23:11,2025-09-17,14:23:11,in,0.93,1310.8,0.0,30.6,10.524,329.6,1.48
2025-09-17 14:23:43,2025-09-17,14:23:43,out,2.28,14.4,39.6,29.6,20.049,244.4,5.44
2025-09-17 14:24:14,2025-09-17,14:24:14,in,0.41,1310.8,0.0,30.6,10.524,51.8,1.3
2025-09-17 14:24:46,2025-09-17,14:24:46,out,2.47,14.3,39.2,29.6,19.971,269.8,5.61
2025-09-17 14:25:18,2025-09-17,14:25:18,in,0.22,1310.8,0.0,30.7,10.566,2.1,1.42
2025-09-17 14:25:50,2025-09-17,14:25:50,out,2.72,14.1,38.7,29.7,19.955,220.8,4.36
2025-09-17 14:26:22,2025-09-17,14:26:22,in,0.09,1310.8,0.0,30.7,10.566,333.2,1.05
2025-09-17 14:26:54,2025-09-17,14:26:54,out,4.13,13.9,38.3,29.7,19.876,238.2,5.78
2025-09-17 14:27:25,2025-09-17,14:27:25,in,0.22,1310.8,0.0,30.7,10.566,27.4,0.91
2025-09-17 14:27:58,2025-09-17,14:27:58,out,2.98,14.0,38.6,29.6,19.854,261.7,4.6
2025-09-17 14:28:28,2025-09-17,14:28:28,in,1.62,1310.8,0.0,30.7,10.566,331.0,2.09
2025-09-17 14:29:01,2025-09-17,14:29:01,out,1.43,13.6,37.9,29.5,19.637,250.7,5.45
2025-09-17 14:29:32,2025-09-17,14:29:32,in,1.38,1310.8,0.0,30.5,10.483,329.0,1.9
2025-09-17 14:30:04,2025-09-17,14:30:04,out,3.64,13.3,37.2,29.5,19.498,255.0,5.27
2025-09-17 14:30:36,2025-09-17,14:30:36,in,1.82,1310.8,0.0,30.4,10.442,342.8,2.33
2025-09-17 14:31:08,2025-09-17,14:31:08,out,3.24,13.5,37.6,29.5,19.577,258.3,5.51
2025-09-17 14:31:39,2025-09-17,14:31:39,in,0.93,1310.8,0.0,30.3,10.4,323.0,2.19
2025-09-17 14:32:12,2025-09-17,14:32:12,out,3.28,13.3,37.2,29.4,19.418,216.3,5.56
2025-09-17 14:32:42,2025-09-17,14:32:42,in,1.04,1310.8,0.0,30.3,10.4,338.0,1.43
2025-09-17 14:33:15,2025-09-17,14:33:15,out,4.5,13.2,37.5,29.3,19.398,246.6,6.28
2025-09-17 14:33:46,2025-09-17,14:33:46,in,0.57,1310.8,0.0,30.3,10.4,358.9,1.56
2025-09-17 14:34:18,2025-09-17,14:34:18,out,2.47,13.5,37.8,29.4,19.537,249.9,6.94
2025-09-17 14:34:50,2025-09-17,14:34:50,in,1.51,1310.8,0.0,30.4,10.442,339.1,1.99
2025-09-17 14:35:22,2025-09-17,14:35:22,out,2.7,13.6,38.1,29.4,19.596,254.3,4.87
2025-09-17 14:35:53,2025-09-17,14:35:53,in,0.35,1310.8,0.0,30.4,10.442,33.4,1.59
2025-09-17 14:36:26,2025-09-17,14:36:26,out,5.55,,13.5,38.0,18.897,240.0,2.93
2025-09-17 14:36:56,2025-09-17,14:36:56,in,1.19,,,1310.8,,30.4,0.0
2025-09-17 14:37:29,2025-09-17,14:37:29,out,4.35,13.7,38.6,29.2,19.532,238.4,6.48
2025-09-17 14:38:00,2025-09-17,14:38:00,in,0.64,1310.8,0.0,30.4,10.442,314.4,1.73
2025-09-17 14:38:32,2025-09-17,14:38:32,out,3.88,13.7,38.8,29.2,19.571,250.5,5.55
2025-09-17 14:39:04,2025-09-17,14:39:04,in,0.71,1310.8,0.0,30.5,10.483,2.2,1.44
2025-09-17 14:39:36,2025-09-17,14:39:36,out,4.15,14.0,39.3,29.2,19.667,235.6,5.03
2025-09-17 14:40:07,2025-09-17,14:40:07,in,0.9,1310.8,0.0,30.4,10.442,298.8,1.48
2025-09-17 14:40:40,2025-09-17,14:40:40,out,1.01,14.4,40.5,29.2,19.896,236.6,3.99
2025-09-17 14:41:10,2025-09-17,14:41:10,in,1.62,1310.8,0.0,30.5,10.483,313.8,1.99
2025-09-17 14:41:43,2025-09-17,14:41:43,out,2.51,14.7,40.9,29.3,20.053,239.9,4.0
2025-09-17 14:42:14,2025-09-17,14:42:14,in,0.61,1310.8,0.0,30.6,10.524,338.8,2.19
2025-09-17 14:42:46,2025-09-17,14:42:46,out,1.29,14.7,40.9,29.4,20.135,228.1,3.76
2025-09-17 14:43:18,2025-09-17,14:43:18,in,0.32,1310.8,0.0,30.6,10.524,99.4,1.57
2025-09-17 14:43:50,2025-09-17,14:43:50,out,4.44,15.5,43.1,29.4,20.547,245.5,6.15
2025-09-17 14:44:21,2025-09-17,14:44:21,in,0.63,1310.8,0.0,30.6,10.524,39.2,0.91
2025-09-17 14:44:54,2025-09-17,14:44:54,out,3.14,16.0,44.7,29.2,20.674,257.8,5.27
2025-09-17 14:45:24,2025-09-17,14:45:24,in,1.62,1310.8,0.0,30.5,10.483,336.6,2.07
2025-09-17 14:45:57,2025-09-17,14:45:57,out,1.62,16.3,46.1,29.1,20.841,228.8,4.29
2025-09-17 14:46:28,2025-09-17,14:46:28,in,1.14,1310.8,0.0,30.3,10.4,342.6,2.25
2025-09-17 14:47:00,2025-09-17,14:47:00,out,2.36,16.6,46.6,29.2,21.015,259.3,3.76
2025-09-17 14:47:32,2025-09-17,14:47:32,in,0.28,1310.8,0.0,30.3,10.4,10.9,1.97
2025-09-17 14:48:04,2025-09-17,14:48:04,out,2.58,16.6,47.0,29.1,21.001,227.5,4.89
2025-09-17 14:48:35,2025-09-17,14:48:35,in,0.31,1310.8,0.0,30.3,10.4,119.8,0.78
2025-09-17 14:49:08,2025-09-17,14:49:08,out,3.01,16.5,46.5,29.1,20.913,219.4,4.94
2025-09-17 14:49:38,2025-09-17,14:49:38,in,1.17,1310.8,0.0,30.4,10.442,343.0,1.66
2025-09-17 14:50:11,2025-09-17,14:50:11,out,2.25,16.3,46.1,29.1,20.841,226.5,6.11
2025-09-17 14:50:42,2025-09-17,14:50:42,in,1.06,,,1310.8,,318.4,1.93
2025-09-17 14:51:14,2025-09-17,14:51:14,out,2.9,16.7,47.3,29.1,21.054,216.8,5.33
2025-09-17 14:51:46,2025-09-17,14:51:46,in,1.18,1310.8,0.0,30.3,10.4,305.7,1.76
2025-09-17 14:52:18,2025-09-17,14:52:18,out,4.31,16.7,47.4,29.0,20.987,220.7,5.19
2025-09-17 14:52:49,2025-09-17,14:52:49,in,0.66,1310.8,0.0,30.3,10.4,315.9,1.98
2025-09-17 14:53:22,2025-09-17,14:53:22,out,3.93,17.0,48.6,28.9,21.112,220.2,4.68
2025-09-17 14:53:52,2025-09-17,14:53:52,in,0.57,1310.8,0.0,30.2,10.359,1.9,1.79
2025-09-17 14:54:25,2025-09-17,14:54:25,out,4.81,17.2,49.3,28.9,21.233,244.5,5.65
2025-09-17 14:54:56,2025-09-17,14:54:56,in,0.81,1310.8,0.0,30.2,10.359,357.2,1.41
2025-09-17 14:55:28,2025-09-17,14:55:28,out,2.69,17.2,49.7,28.8,21.216,253.7,5.56
2025-09-17 14:56:00,2025-09-17,14:56:00,in,1.64,1310.8,0.0,30.1,10.317,344.1,1.81
2025-09-17 14:56:32,2025-09-17,14:56:32,out,2.11,17.6,50.8,28.8,21.404,235.9,5.78
2025-09-17 14:57:03,2025-09-17,14:57:03,in,0.69,1310.8,0.0,30.0,10.276,333.4,1.92
2025-09-17 14:57:36,2025-09-17,14:57:36,out,4.22,17.3,50.0,28.8,21.267,248.2,5.65
2025-09-17 14:58:06,2025-09-17,14:58:06,in,0.8,1310.8,0.0,30.0,10.276,337.6,2.31
2025-09-17 14:58:39,2025-09-17,14:58:39,out,3.56,17.1,49.7,28.7,21.13,226.2,6.02
2025-09-17 14:59:10,2025-09-17,14:59:10,in,0.3,1310.8,0.0,30.0,10.276,330.7,1.39
2025-09-17 14:59:42,2025-09-17,14:59:42,out,3.3,16.6,47.9,28.7,20.82,245.0,5.27
2025-09-17 15:00:14,2025-09-17,15:00:14,in,0.4,1310.8,0.0,30.0,10.276,124.4,1.66
2025-09-17 15:00:46,2025-09-17,15:00:46,out,2.72,16.8,48.7,28.7,20.958,240.0,5.97
2025-09-17 15:01:17,2025-09-17,15:01:17,in,0.85,1310.8,0.0,30.0,10.276,328.4,1.86
2025-09-17 15:01:50,2025-09-17,15:01:50,out,3.03,16.5,47.5,28.8,20.835,215.3,4.11
2025-09-17 15:02:20,2025-09-17,15:02:20,in,0.54,1310.8,0.0,30.2,10.359,324.8,1.76
2025-09-17 15:02:53,2025-09-17,15:02:53,out,4.36,16.9,48.4,28.9,21.077,218.1,5.23
2025-09-17 15:03:24,2025-09-17,15:03:24,in,0.7,1310.8,0.0,30.2,10.359,309.1,2.06
2025-09-17 15:03:56,2025-09-17,15:03:56,out,2.36,17.4,49.6,29.0,21.37,217.8,5.17
2025-09-17 15:04:28,2025-09-17,15:04:28,in,0.51,1310.8,0.0,30.4,10.442,357.5,2.29
2025-09-17 15:05:00,2025-09-17,15:05:00,out,2.58,16.8,48.0,28.9,21.007,244.5,6.1
2025-09-17 15:05:31,2025-09-17,15:05:31,in,0.98,1310.8,0.0,30.3,10.4,344.3,1.98
2025-09-17 15:06:04,2025-09-17,15:06:04,out,1.99,16.5,47.3,28.9,20.885,230.9,4.63
2025-09-17 15:06:34,2025-09-17,15:06:34,in,0.32,1310.8,0.0,30.2,10.359,343.3,1.59
2025-09-17 15:07:07,2025-09-17,15:07:07,out,2.25,16.5,47.2,28.9,20.867,247.9,3.72
2025-09-17 15:07:38,2025-09-17,15:07:38,in,0.6,1310.8,0.0,30.3,10.4,328.7,1.57
2025-09-17 15:08:10,2025-09-17,15:08:10,out,3.2,16.1,46.1,28.9,20.673,223.9,4.03
2025-09-17 15:08:42,2025-09-17,15:08:42,in,1.01,1310.8,0.0,30.2,10.359,346.6,2.32
2025-09-17 15:09:14,2025-09-17,15:09:14,out,3.54,16.4,46.6,29.0,20.846,264.3,4.67
2025-09-17 15:09:45,2025-09-17,15:09:45,in,1.52,1310.8,0.0,30.2,10.359,345.5,1.88
2025-09-17 15:10:18,2025-09-17,15:10:18,out,2.59,16.5,46.9,29.0,20.899,226.0,4.27
2025-09-17 15:10:48,2025-09-17,15:10:48,in,1.24,1310.8,0.0,30.1,10.317,328.4,2.05
2025-09-17 15:11:21,2025-09-17,15:11:21,out,2.76,16.9,47.7,29.1,21.125,273.1,3.51
2025-09-17 15:11:52,2025-09-17,15:11:52,in,0.7,1310.8,0.0,30.1,10.317,328.9,2.07
2025-09-17 15:12:24,2025-09-17,15:12:24,out,2.09,17.0,48.0,29.1,21.177,254.0,3.76
2025-09-17 15:12:56,2025-09-17,15:12:56,in,0.15,1310.8,0.0,30.1,10.317,126.1,0.46
2025-09-17 15:13:28,2025-09-17,15:13:28,out,3.3,17.8,50.4,29.2,21.68,210.1,3.89
2025-09-17 15:13:59,2025-09-17,15:13:59,in,1.27,1310.8,0.0,30.2,10.359,314.1,1.44
2025-09-17 15:14:32,2025-09-17,15:14:32,out,0.29,18.0,51.3,29.1,21.748,190.0,5.31
2025-09-17 15:15:02,2025-09-17,15:15:02,in,1.55,1310.8,0.0,30.3,10.4,319.5,2.31
2025-09-17 15:15:35,2025-09-17,15:15:35,out,1.59,18.0,51.5,29.1,21.782,231.2,5.47
2025-09-17 15:16:06,2025-09-17,15:16:06,in,1.29,1310.8,0.0,30.3,10.4,339.8,2.13
2025-09-17 15:16:38,2025-09-17,15:16:38,out,3.99,17.0,47.9,29.2,21.245,223.2,5.33
2025-09-17 15:17:10,2025-09-17,15:17:10,in,0.49,1310.8,0.0,30.3,10.4,352.4,1.41
2025-09-17 15:17:42,2025-09-17,15:17:42,out,3.12,16.4,46.5,29.0,20.828,248.7,6.27
2025-09-17 15:18:13,2025-09-17,15:18:13,in,0.74,1310.8,0.0,30.2,10.359,342.6,1.87
2025-09-17 15:18:46,2025-09-17,15:18:46,out,4.72,16.5,47.2,28.9,20.867,235.1,6.1
2025-09-17 15:19:16,2025-09-17,15:19:16,in,0.79,1310.8,0.0,30.1,10.317,358.3,1.51
2025-09-17 15:19:49,2025-09-17,15:19:49,out,2.83,17.2,49.6,28.8,21.199,267.8,6.23
2025-09-17 15:20:20,2025-09-17,15:20:20,in,0.73,1310.8,0.0,30.1,10.317,336.4,1.18
2025-09-17 15:20:52,2025-09-17,15:20:52,out,3.93,17.7,51.3,28.8,21.489,239.8,5.39
2025-09-17 15:21:24,2025-09-17,15:21:24,in,0.75,1310.8,0.0,30.0,10.276,347.2,1.78
2025-09-17 15:21:56,2025-09-17,15:21:56,out,2.81,17.9,51.8,28.8,21.573,226.0,4.58
2025-09-17 15:22:27,2025-09-17,15:22:27,in,0.63,1310.8,0.0,30.0,10.276,318.1,1.37
2025-09-17 15:23:00,2025-09-17,15:23:00,out,2.95,17.5,50.5,28.8,21.353,279.6,4.5
2025-09-17 15:23:30,2025-09-17,15:23:30,in,1.56,1310.8,0.0,29.9,10.235,340.3,2.17
2025-09-17 15:24:03,2025-09-17,15:24:03,out,2.07,17.5,50.7,28.8,21.387,242.8,4.53
2025-09-17 15:24:34,2025-09-17,15:24:34,in,0.21,1310.8,0.0,29.9,10.235,165.6,1.23
2025-09-17 15:25:06,2025-09-17,15:25:06,out,1.79,17.7,51.1,28.8,21.455,213.8,2.84
2025-09-17 15:25:38,2025-09-17,15:25:38,in,0.95,1310.8,0.0,30.0,10.276,330.1,1.83
2025-09-17 15:26:10,2025-09-17,15:26:10,out,2.49,17.6,50.7,28.9,21.473,242.1,3.63
2025-09-17 15:26:41,2025-09-17,15:26:41,in,0.83,1310.8,0.0,30.0,10.276,350.6,1.44
2025-09-17 15:27:14,2025-09-17,15:27:14,out,0.9,17.8,50.9,29.0,21.594,212.6,2.12
2025-09-17 15:27:44,2025-09-17,15:27:44,in,1.4,1310.8,0.0,30.0,10.276,320.3,2.6
2025-09-17 15:28:17,2025-09-17,15:28:17,out,3.01,17.7,50.5,29.0,21.525,210.9,4.16
2025-09-17 15:28:48,2025-09-17,15:28:48,in,0.86,1310.8,0.0,30.0,10.276,302.5,1.47
2025-09-17 15:29:20,2025-09-17,15:29:20,out,2.01,17.6,50.3,29.0,21.491,208.9,4.66
2025-09-17 15:29:52,2025-09-17,15:29:52,in,0.21,1310.8,0.0,30.1,10.317,230.2,1.45
2025-09-17 15:30:24,2025-09-17,15:30:24,out,4.66,17.2,49.0,29.0,21.267,231.4,5.33
2025-09-17 15:30:55,2025-09-17,15:30:55,in,0.49,1310.8,0.0,30.1,10.317,317.1,1.5
2025-09-17 15:31:28,2025-09-17,15:31:28,out,3.76,17.0,48.9,28.8,21.078,210.0,5.94
2025-09-17 15:31:58,2025-09-17,15:31:58,in,0.29,1310.8,0.0,30.0,10.276,334.7,1.75
2025-09-17 15:32:31,2025-09-17,15:32:31,out,2.8,16.8,48.6,28.7,20.941,236.6,5.35
2025-09-17 15:33:02,2025-09-17,15:33:02,in,1.34,1310.8,0.0,30.0,10.276,333.9,1.66
2025-09-17 15:33:34,2025-09-17,15:33:34,out,2.86,17.1,49.5,28.7,21.096,253.7,3.97
2025-09-17 15:34:06,2025-09-17,15:34:06,in,0.65,1310.8,0.0,29.9,10.235,352.9,1.53
2025-09-17 15:34:38,2025-09-17,15:34:38,out,2.19,17.4,50.2,28.8,21.302,287.1,3.45
2025-09-17 15:35:09,2025-09-17,15:35:09,in,1.28,1310.8,0.0,29.8,10.193,325.1,2.0
2025-09-17 15:35:42,2025-09-17,15:35:42,out,3.63,17.2,49.7,28.8,21.216,258.9,4.57
2025-09-17 15:36:12,2025-09-17,15:36:12,in,0.64,1310.8,0.0,29.8,10.193,354.0,1.67
2025-09-17 15:36:45,2025-09-17,15:36:45,out,3.15,16.9,48.5,28.8,21.009,248.5,4.84
2025-09-17 15:37:16,2025-09-17,15:37:16,in,0.38,1310.8,0.0,29.8,10.193,141.5,0.97
2025-09-17 15:37:48,2025-09-17,15:37:48,out,2.73,15.9,45.9,28.7,20.469,217.8,4.31
2025-09-17 15:38:20,2025-09-17,15:38:20,in,0.23,1310.8,0.0,29.8,10.193,284.5,1.27
2025-09-17 15:38:52,2025-09-17,15:38:52,out,3.76,15.5,45.0,28.7,20.309,243.6,4.43
2025-09-17 15:39:23,2025-09-17,15:39:23,in,0.09,1310.8,0.0,29.8,10.193,305.9,1.32
2025-09-17 15:39:56,2025-09-17,15:39:56,out,3.76,15.5,44.8,28.7,20.274,239.7,4.71
2025-09-17 15:40:27,2025-09-17,15:40:27,in,0.05,1310.8,0.0,29.7,10.152,265.1,0.75
2025-09-17 15:40:59,2025-09-17,15:40:59,out,3.34,16.1,46.2,28.8,20.606,246.2,4.95
2025-09-17 15:41:30,2025-09-17,15:41:30,in,0.21,1310.8,0.0,29.8,10.193,48.7,0.5
2025-09-17 15:42:02,2025-09-17,15:42:02,out,3.77,16.3,47.1,28.7,20.68,228.2,4.68
2025-09-17 15:42:34,2025-09-17,15:42:34,in,0.19,1310.8,0.0,29.8,10.193,76.0,0.47
2025-09-17 15:43:06,2025-09-17,15:43:06,out,3.33,15.4,44.6,28.7,20.238,232.1,3.89
2025-09-17 15:43:37,2025-09-17,15:43:37,in,0.38,1310.8,0.0,29.8,10.193,130.7,0.56
2025-09-17 15:44:10,2025-09-17,15:44:10,out,2.3,15.3,44.4,28.6,20.118,238.3,5.83
2025-09-17 15:44:41,2025-09-17,15:44:41,in,0.36,1310.8,0.0,29.8,10.193,115.7,0.81
2025-09-17 15:45:13,2025-09-17,15:45:13,out,1.83,15.3,44.6,28.6,20.154,224.3,5.62
2025-09-17 15:45:44,2025-09-17,15:45:44,in,0.31,1310.8,0.0,29.7,10.152,125.0,0.94
2025-09-17 15:46:16,2025-09-17,15:46:16,out,2.57,15.2,44.3,28.6,20.101,205.8,4.7
2025-09-17 15:46:48,2025-09-17,15:46:48,in,0.6,1310.8,0.0,29.7,10.152,121.8,0.79
2025-09-17 15:47:20,2025-09-17,15:47:20,out,3.31,15.4,44.8,28.6,20.19,230.5,4.52
2025-09-17 15:47:52,2025-09-17,15:47:52,in,0.45,1310.8,0.0,29.7,10.152,119.7,0.65
2025-09-17 15:48:24,2025-09-17,15:48:24,out,2.91,15.4,44.5,28.7,20.22,256.7,4.11
2025-09-17 15:48:54,2025-09-17,15:48:54,in,0.18,1310.8,0.0,29.7,10.152,58.4,0.65
2025-09-17 15:49:27,2025-09-17,15:49:27,out,3.87,15.4,44.6,28.7,20.238,229.3,5.03
2025-09-17 15:49:58,2025-09-17,15:49:58,in,0.4,1310.8,0.0,29.7,10.152,121.8,0.63
2025-09-17 15:50:30,2025-09-17,15:50:30,out,3.22,15.5,45.0,28.6,20.225,236.3,5.39
2025-09-17 15:51:02,2025-09-17,15:51:02,in,0.54,1310.8,0.0,29.7,10.152,126.7,0.7
2025-09-17 15:51:34,2025-09-17,15:51:34,out,2.8,16.0,46.3,28.6,20.455,223.6,4.74
2025-09-17 15:52:06,2025-09-17,15:52:06,in,0.12,1310.8,0.0,29.7,10.152,90.2,0.81
2025-09-17 15:52:38,2025-09-17,15:52:38,out,2.42,16.2,47.1,28.6,20.595,218.1,4.59
2025-09-17 15:53:08,2025-09-17,15:53:08,in,0.34,1310.8,0.0,29.7,10.152,95.1,0.42
2025-09-17 15:53:41,2025-09-17,15:53:41,out,3.22,16.3,47.4,28.6,20.648,229.1,4.74
2025-09-17 15:54:12,2025-09-17,15:54:12,in,0.13,1310.8,0.0,29.7,10.152,122.4,0.65
2025-09-17 15:54:44,2025-09-17,15:54:44,out,2.96,16.5,48.0,28.6,20.752,229.9,3.61
2025-09-17 15:55:16,2025-09-17,15:55:16,in,0.25,1310.8,0.0,29.7,10.152,96.2,0.58
2025-09-17 15:55:48,2025-09-17,15:55:48,out,2.59,16.4,47.8,28.6,20.717,227.4,2.72
2025-09-17 15:56:19,2025-09-17,15:56:19,in,0.53,1310.8,0.0,29.7,10.152,142.7,0.66
2025-09-17 15:56:52,2025-09-17,15:56:52,out,1.54,16.5,47.7,28.7,20.785,191.1,2.51
2025-09-17 15:57:23,2025-09-17,15:57:23,in,0.72,1310.8,0.0,29.7,10.152,134.2,0.97
2025-09-17 15:57:55,2025-09-17,15:57:55,out,1.67,16.0,46.3,28.7,20.54,199.5,4.13
2025-09-17 15:58:26,2025-09-17,15:58:26,in,0.57,1310.8,0.0,29.7,10.152,130.5,1.06
2025-09-17 15:58:58,2025-09-17,15:58:58,out,2.92,15.3,44.2,28.7,20.166,215.3,4.41
2025-09-17 15:59:30,2025-09-17,15:59:30,in,0.64,1310.8,0.0,29.7,10.152,125.4,1.2
2025-09-17 16:00:02,2025-09-17,16:00:02,out,2.29,15.3,44.3,28.7,20.184,193.7,3.73
2025-09-17 16:00:34,2025-09-17,16:00:34,in,0.35,1310.8,0.0,29.6,10.11,122.2,0.9
2025-09-17 16:01:06,2025-09-17,16:01:06,out,2.64,16.0,46.0,28.8,20.571,231.7,4.05
2025-09-17 16:01:37,2025-09-17,16:01:37,in,0.45,1310.8,0.0,29.6,10.11,312.3,0.73
2025-09-17 16:02:09,2025-09-17,16:02:09,out,0.42,16.1,46.2,28.8,20.606,233.2,2.56
2025-09-17 16:02:40,2025-09-17,16:02:40,in,0.15,1310.8,0.0,29.6,10.11,156.7,0.62
2025-09-17 16:03:12,2025-09-17,16:03:12,out,2.5,16.9,48.1,28.9,21.025,226.4,3.88
2025-09-17 16:03:44,2025-09-17,16:03:44,in,0.19,1310.8,0.0,29.6,10.11,105.9,0.42
2025-09-17 16:04:16,2025-09-17,16:04:16,out,1.5,16.9,48.3,28.9,21.06,223.5,3.18
2025-09-17 16:04:48,2025-09-17,16:04:48,in,0.55,1310.8,0.0,29.6,10.11,128.2,0.77
2025-09-17 16:05:20,2025-09-17,16:05:20,out,1.83,16.5,47.3,28.9,20.885,224.0,3.64
2025-09-17 16:05:51,2025-09-17,16:05:51,in,0.39,1310.8,0.0,29.6,10.11,130.5,0.81
2025-09-17 16:06:23,2025-09-17,16:06:23,out,0.69,16.3,46.3,29.0,20.793,221.7,3.5
2025-09-17 16:06:54,2025-09-17,16:06:54,in,0.11,1310.8,0.0,29.6,10.11,123.8,0.46
2025-09-17 16:07:26,2025-09-17,16:07:26,out,2.79,16.1,45.4,29.1,20.716,211.5,3.23
2025-09-17 16:07:58,2025-09-17,16:07:58,in,0.69,1310.8,0.0,29.6,10.11,137.7,1.04
2025-09-17 16:08:30,2025-09-17,16:08:30,out,1.91,16.0,44.8,29.2,20.692,209.9,4.56
2025-09-17 16:09:02,2025-09-17,16:09:02,in,0.83,1310.8,0.0,29.7,10.152,134.1,1.13
2025-09-17 16:09:34,2025-09-17,16:09:34,out,2.97,15.9,44.5,29.2,20.637,203.4,4.88
2025-09-17 16:10:05,2025-09-17,16:10:05,in,0.86,1310.8,0.0,29.8,10.193,142.8,1.1
2025-09-17 16:10:37,2025-09-17,16:10:37,out,2.96,16.1,45.0,29.3,20.812,233.7,4.15
2025-09-17 16:11:08,2025-09-17,16:11:08,in,0.29,1310.8,0.0,29.8,10.193,136.7,0.82
2025-09-17 16:11:40,2025-09-17,16:11:40,out,3.84,16.2,45.3,29.3,20.866,213.8,5.16
2025-09-17 16:12:12,2025-09-17,16:12:12,in,0.43,1310.8,0.0,29.8,10.193,126.0,0.66
2025-09-17 16:12:44,2025-09-17,16:12:44,out,1.73,16.6,46.4,29.3,21.064,246.9,4.22
2025-09-17 16:13:16,2025-09-17,16:13:16,in,0.33,1310.8,0.0,29.8,10.193,11.3,0.78
2025-09-17 16:13:48,2025-09-17,16:13:48,out,2.69,17.0,47.1,29.4,21.273,211.5,4.09
2025-09-17 16:14:19,2025-09-17,16:14:19,in,0.6,1310.8,0.0,29.8,10.193,143.2,1.05
2025-09-17 16:14:51,2025-09-17,16:14:51,out,1.45,16.9,46.7,29.5,21.286,219.4,4.66
2025-09-17 16:15:22,2025-09-17,16:15:22,in,0.19,1310.8,0.0,29.9,10.235,58.6,0.57
2025-09-17 16:15:54,2025-09-17,16:15:54,out,4.57,,,16.8,,29.4,4.67
2025-09-17 16:16:26,2025-09-17,16:16:26,in,0.63,,,1310.8,,29.9,0.0
2025-09-17 16:16:58,2025-09-17,16:16:58,out,1.92,16.8,46.5,29.5,21.25,237.1,2.63
2025-09-17 16:17:30,2025-09-17,16:17:30,in,1.06,1310.8,0.0,29.9,10.235,326.9,1.69
2025-09-17 16:18:02,2025-09-17,16:18:02,out,2.17,17.0,47.1,29.5,21.358,220.9,3.28
2025-09-17 16:18:33,2025-09-17,16:18:33,in,0.84,1310.8,0.0,29.8,10.193,334.4,2.48
2025-09-17 16:19:05,2025-09-17,16:19:05,out,1.98,17.3,47.9,29.5,21.5,227.0,3.16
2025-09-17 16:19:36,2025-09-17,16:19:36,in,0.97,1310.8,0.0,29.8,10.193,326.6,1.91
2025-09-17 16:20:08,2025-09-17,16:20:08,out,3.02,17.4,47.9,29.6,21.585,211.5,3.26
2025-09-17 16:20:40,2025-09-17,16:20:40,in,1.07,1310.8,0.0,29.9,10.235,323.6,1.64
2025-09-17 16:21:12,2025-09-17,16:21:12,out,0.9,17.8,49.0,29.6,21.78,222.9,2.73
2025-09-17 16:21:44,2025-09-17,16:21:44,in,1.05,1310.8,0.0,30.0,10.276,325.6,1.97
2025-09-17 16:22:16,2025-09-17,16:22:16,out,1.45,17.7,48.8,29.6,21.745,211.6,3.37
2025-09-17 16:22:47,2025-09-17,16:22:47,in,0.59,1310.8,0.0,30.0,10.276,317.6,1.44
2025-09-17 16:23:19,2025-09-17,16:23:19,out,2.31,17.4,47.7,29.7,21.635,211.1,2.95
2025-09-17 16:23:50,2025-09-17,16:23:50,in,0.59,1310.8,0.0,30.1,10.317,327.8,1.69
2025-09-17 16:24:22,2025-09-17,16:24:22,out,1.83,17.5,48.0,29.7,21.688,192.4,3.94
2025-09-17 16:24:54,2025-09-17,16:24:54,in,0.51,1310.8,0.0,30.1,10.317,305.7,1.59
2025-09-17 16:25:26,2025-09-17,16:25:26,out,0.77,17.4,47.7,29.7,21.635,224.8,2.03
2025-09-17 16:25:58,2025-09-17,16:25:58,in,1.35,1310.8,0.0,30.1,10.317,323.5,1.75
2025-09-17 16:26:58,2025-09-17,16:26:58,out,2.62,17.4,47.1,29.9,21.697,199.0,4.26
2025-09-17 16:27:01,2025-09-17,16:27:01,in,1.38,1310.8,0.0,30.1,10.317,319.1,1.87
2025-09-17 16:28:00,2025-09-17,16:28:00,out,2.01,17.4,47.3,29.8,21.648,217.1,5.37
2025-09-17 16:28:04,2025-09-17,16:28:04,in,0.12,1310.8,0.0,30.1,10.317,31.7,1.71
2025-09-17 16:29:04,2025-09-17,16:29:04,out,1.64,17.5,47.8,29.8,21.738,234.2,3.66
2025-09-17 16:29:08,2025-09-17,16:29:08,in,1.87,,,1310.8,,30.1,0.0
2025-09-17 16:30:07,2025-09-17,16:30:07,out,3.55,17.9,48.8,29.8,21.916,228.4,5.56
2025-09-17 16:30:12,2025-09-17,16:30:12,in,0.28,1310.8,0.0,30.2,10.359,316.9,2.64
2025-09-17 16:31:10,2025-09-17,16:31:10,out,3.53,18.1,49.6,29.8,22.057,236.9,4.98
2025-09-17 16:31:15,2025-09-17,16:31:15,in,0.96,1310.8,0.0,30.2,10.359,324.7,1.41
2025-09-17 16:32:14,2025-09-17,16:32:14,out,2.94,18.0,49.3,29.7,21.918,226.6,5.23
2025-09-17 16:32:18,2025-09-17,16:32:18,in,0.27,1310.8,0.0,30.2,10.359,54.9,1.38
2025-09-17 16:33:18,2025-09-17,16:33:18,out,2.36,18.0,49.6,29.7,21.971,219.7,3.78
2025-09-17 16:33:22,2025-09-17,16:33:22,in,0.32,1310.8,0.0,30.2,10.359,309.1,1.34
2025-09-17 16:34:21,2025-09-17,16:34:21,out,2.3,17.8,49.2,29.6,21.815,225.4,4.31
2025-09-17 16:34:26,2025-09-17,16:34:26,in,0.55,1310.8,0.0,30.2,10.359,351.6,1.64
2025-09-17 16:35:24,2025-09-17,16:35:24,out,2.64,17.7,48.9,29.6,21.762,241.8,3.14
2025-09-17 16:35:29,2025-09-17,16:35:29,in,1.66,1310.8,0.0,30.1,10.317,334.0,2.18
2025-09-17 16:36:28,2025-09-17,16:36:28,out,3.2,18.1,50.3,29.6,22.007,251.8,4.61
2025-09-17 16:36:32,2025-09-17,16:36:32,in,1.28,1310.8,0.0,29.9,10.235,338.1,1.98
2025-09-17 16:37:32,2025-09-17,16:37:32,out,3.47,18.5,51.3,29.6,22.181,230.5,4.01
2025-09-17 16:37:36,2025-09-17,16:37:36,in,0.62,1310.8,0.0,29.8,10.193,341.3,2.04
2025-09-17 16:38:35,2025-09-17,16:38:35,out,2.46,18.7,52.3,29.5,22.266,206.4,3.54
2025-09-17 16:38:40,2025-09-17,16:38:40,in,0.43,1310.8,0.0,29.8,10.193,333.5,1.46
2025-09-17 16:39:38,2025-09-17,16:39:38,out,2.68,18.7,52.7,29.4,22.247,222.4,3.59
2025-09-17 16:39:43,2025-09-17,16:39:43,in,0.11,1310.8,0.0,29.8,10.193,291.3,2.02
2025-09-17 16:40:42,2025-09-17,16:40:42,out,4.76,18.8,52.6,29.5,22.317,229.0,5.07
2025-09-17 16:40:46,2025-09-17,16:40:46,in,0.77,1310.8,0.0,29.8,10.193,323.0,1.32
2025-09-17 16:41:46,2025-09-17,16:41:46,out,2.09,19.0,53.8,29.4,22.434,219.0,4.69
2025-09-17 16:41:50,2025-09-17,16:41:50,in,0.24,1310.8,0.0,29.8,10.193,206.3,1.39
2025-09-17 16:42:49,2025-09-17,16:42:49,out,3.08,19.1,54.0,29.4,22.467,219.3,4.09
2025-09-17 16:42:54,2025-09-17,16:42:54,in,0.96,1310.8,0.0,29.8,10.193,330.8,2.17
2025-09-17 16:43:52,2025-09-17,16:43:52,out,1.36,19.4,54.9,29.4,22.619,223.1,3.2
2025-09-17 16:43:57,2025-09-17,16:43:57,in,1.47,1310.8,0.0,29.8,10.193,313.9,2.02
2025-09-17 16:44:56,2025-09-17,16:44:56,out,0.85,,,19.3,,200.6,4.16
2025-09-17 16:45:00,2025-09-17,16:45:00,in,0.75,1310.8,0.0,29.8,10.193,321.5,1.69
2025-09-17 16:46:00,2025-09-17,16:46:00,out,3.16,19.2,54.3,29.4,22.518,232.0,4.26
2025-09-17 16:46:04,2025-09-17,16:46:04,in,0.27,1310.8,0.0,29.8,10.193,318.4,1.91
2025-09-17 16:47:03,2025-09-17,16:47:03,out,3.32,18.8,53.1,29.3,22.228,204.7,5.41
2025-09-17 16:47:08,2025-09-17,16:47:08,in,1.08,1310.8,0.0,29.7,10.152,313.1,1.44
2025-09-17 16:48:06,2025-09-17,16:48:06,out,3.37,18.6,53.3,29.1,22.087,222.1,4.25
2025-09-17 16:48:11,2025-09-17,16:48:11,in,0.68,1310.8,0.0,29.7,10.152,337.2,1.81
2025-09-17 16:49:10,2025-09-17,16:49:10,out,3.4,18.5,53.5,28.9,21.946,233.1,4.24
2025-09-17 16:49:14,2025-09-17,16:49:14,in,0.81,1310.8,0.0,29.6,10.11,341.1,1.35
2025-09-17 16:50:14,2025-09-17,16:50:14,out,1.54,18.9,54.9,28.9,22.179,238.0,3.62
2025-09-17 16:50:18,2025-09-17,16:50:18,in,1.14,1310.8,0.0,29.6,10.11,325.0,1.75
2025-09-17 16:51:17,2025-09-17,16:51:17,out,1.45,19.2,55.6,29.0,22.383,228.0,2.99
2025-09-17 16:51:22,2025-09-17,16:51:22,in,0.2,1310.8,0.0,29.5,10.069,352.0,1.61
2025-09-17 16:52:20,2025-09-17,16:52:20,out,4.13,19.3,55.8,29.1,22.504,226.4,4.52
2025-09-17 16:52:25,2025-09-17,16:52:25,in,0.5,1310.8,0.0,29.6,10.11,339.2,0.68
2025-09-17 16:53:24,2025-09-17,16:53:24,out,2.39,19.7,56.9,29.1,22.685,210.4,4.2
2025-09-17 16:53:28,2025-09-17,16:53:28,in,0.37,1310.8,0.0,29.6,10.11,340.3,1.47
2025-09-17 16:54:28,2025-09-17,16:54:28,out,1.92,19.8,57.2,29.1,22.734,202.5,3.02
2025-09-17 16:54:32,2025-09-17,16:54:32,in,0.26,1310.8,0.0,29.7,10.152,324.2,1.63
2025-09-17 16:55:31,2025-09-17,16:55:31,out,0.98,19.8,57.0,29.2,22.79,186.5,2.65
2025-09-17 16:55:36,2025-09-17,16:55:36,in,1.06,1310.8,0.0,29.7,10.152,321.8,1.58
2025-09-17 16:56:35,2025-09-17,16:56:35,out,1.07,19.6,56.6,29.1,22.636,214.6,3.26
2025-09-17 16:56:39,2025-09-17,16:56:39,in,1.53,1310.8,0.0,29.7,10.152,317.7,2.3
2025-09-17 16:57:38,2025-09-17,16:57:38,out,2.77,19.3,55.5,29.1,22.454,219.1,3.95
2025-09-17 16:57:42,2025-09-17,16:57:42,in,1.02,1310.8,0.0,29.7,10.152,327.9,1.92
2025-09-17 16:58:42,2025-09-17,16:58:42,out,2.0,19.3,55.8,29.1,22.504,218.5,4.01
2025-09-17 16:58:46,2025-09-17,16:58:46,in,1.15,1310.8,0.0,29.7,10.152,302.8,1.67
2025-09-17 16:59:46,2025-09-17,16:59:46,out,1.78,19.6,56.6,29.1,22.636,226.2,3.83
2025-09-17 16:59:50,2025-09-17,16:59:50,in,0.43,1310.8,0.0,29.7,10.152,328.7,1.43
2025-09-17 17:00:49,2025-09-17,17:00:49,out,1.36,19.6,56.7,29.1,22.652,212.7,2.81
2025-09-17 17:00:53,2025-09-17,17:00:53,in,0.64,1310.8,0.0,29.7,10.152,338.2,1.54
2025-09-17 17:01:52,2025-09-17,17:01:52,out,2.93,19.5,55.9,29.2,22.609,224.7,3.47
2025-09-17 17:01:56,2025-09-17,17:01:56,in,1.43,1310.8,0.0,29.7,10.152,314.7,2.23
2025-09-17 17:02:56,2025-09-17,17:02:56,out,3.72,19.1,54.6,29.2,22.393,231.3,4.27
2025-09-17 17:03:00,2025-09-17,17:03:00,in,1.17,1310.8,0.0,29.6,10.11,326.1,2.09
2025-09-17 17:04:00,2025-09-17,17:04:00,out,2.17,19.1,55.1,29.1,22.388,253.1,4.0
2025-09-17 17:04:04,2025-09-17,17:04:04,in,0.44,1310.8,0.0,29.5,10.069,358.9,1.46
2025-09-17 17:05:04,2025-09-17,17:05:04,out,3.18,,,19.5,,29.1,5.62
2025-09-17 17:05:07,2025-09-17,17:05:07,in,1.36,1310.8,0.0,29.5,10.069,341.3,1.71
2025-09-17 17:06:06,2025-09-17,17:06:06,out,1.99,19.9,57.3,29.2,22.839,202.1,2.98
2025-09-17 17:06:10,2025-09-17,17:06:10,in,0.89,1310.8,0.0,29.5,10.069,324.5,1.5
2025-09-17 17:07:10,2025-09-17,17:07:10,out,2.99,19.4,56.2,29.1,22.57,220.9,3.66
2025-09-17 17:07:14,2025-09-17,17:07:14,in,0.06,1310.8,0.0,29.6,10.11,128.5,2.05
2025-09-17 17:08:14,2025-09-17,17:08:14,out,1.37,19.1,55.2,29.0,22.316,188.9,3.2
2025-09-17 17:08:18,2025-09-17,17:08:18,in,0.31,1310.8,0.0,29.6,10.11,343.7,1.39
2025-09-17 17:09:17,2025-09-17,17:09:17,out,2.8,18.6,53.8,29.0,22.083,216.8,3.49
2025-09-17 17:09:21,2025-09-17,17:09:21,in,0.82,1310.8,0.0,29.6,10.11,317.0,1.71
2025-09-17 17:10:20,2025-09-17,17:10:20,out,1.82,18.6,53.5,29.0,22.033,226.3,2.81
2025-09-17 17:10:24,2025-09-17,17:10:24,in,0.61,1310.8,0.0,29.5,10.069,320.8,1.38
2025-09-17 17:11:24,2025-09-17,17:11:24,out,4.15,17.8,51.2,28.9,21.558,243.6,4.99
2025-09-17 17:11:28,2025-09-17,17:11:28,in,0.1,1310.8,0.0,29.4,10.027,346.1,1.89
2025-09-17 17:12:28,2025-09-17,17:12:28,out,2.61,17.6,50.7,28.9,21.473,232.2,4.56
2025-09-17 17:12:32,2025-09-17,17:12:32,in,0.94,1310.8,0.0,29.4,10.027,334.0,1.45
2025-09-17 17:13:31,2025-09-17,17:13:31,out,1.79,17.3,49.8,28.9,21.319,261.0,3.55
2025-09-17 17:13:35,2025-09-17,17:13:35,in,0.84,1310.8,0.0,29.3,9.986,345.7,1.55
2025-09-17 17:14:34,2025-09-17,17:14:34,out,1.04,17.4,50.1,28.9,21.37,203.9,1.9
2025-09-17 17:14:38,2025-09-17,17:14:38,in,0.56,1310.8,0.0,29.3,9.986,330.7,1.42
2025-09-17 17:15:38,2025-09-17,17:15:38,out,1.08,17.7,50.6,29.0,21.542,219.9,2.64
2025-09-17 17:15:42,2025-09-17,17:15:42,in,0.28,1310.8,0.0,29.3,9.986,336.2,1.79
2025-09-17 17:16:42,2025-09-17,17:16:42,out,1.58,17.8,50.8,29.0,21.576,252.0,2.37
2025-09-17 17:16:46,2025-09-17,17:16:46,in,1.05,1310.8,0.0,29.3,9.986,322.3,1.29
2025-09-17 17:17:45,2025-09-17,17:17:45,out,2.37,17.2,48.8,29.1,21.317,232.9,3.39
2025-09-17 17:17:49,2025-09-17,17:17:49,in,0.78,1310.8,0.0,29.3,9.986,348.1,1.7
2025-09-17 17:18:48,2025-09-17,17:18:48,out,1.81,16.6,47.1,29.0,20.934,218.6,3.8
2025-09-17 17:18:52,2025-09-17,17:18:52,in,0.58,1310.8,0.0,29.2,9.945,343.0,1.75
2025-09-17 17:19:52,2025-09-17,17:19:52,out,1.33,16.7,47.5,29.0,21.005,240.6,2.36
2025-09-17 17:19:56,2025-09-17,17:19:56,in,0.5,1310.8,0.0,29.2,9.945,341.1,1.52
2025-09-17 17:20:56,2025-09-17,17:20:56,out,1.06,16.8,47.8,29.0,21.057,285.8,1.77
2025-09-17 17:21:00,2025-09-17,17:21:00,in,0.47,1310.8,0.0,29.1,9.903,356.9,1.34
2025-09-17 17:21:59,2025-09-17,17:21:59,out,2.59,16.8,47.4,29.1,21.072,243.1,3.59
2025-09-17 17:22:04,2025-09-17,17:22:04,in,1.3,1310.8,0.0,29.1,9.903,343.8,1.95
2025-09-17 17:23:02,2025-09-17,17:23:02,out,1.53,16.5,46.9,29.0,20.899,250.0,4.16
2025-09-17 17:23:06,2025-09-17,17:23:06,in,0.38,1310.8,0.0,29.0,9.862,2.6,1.41
2025-09-17 17:24:06,2025-09-17,17:24:06,out,1.34,16.8,48.1,28.9,21.025,207.7,3.6
2025-09-17 17:24:10,2025-09-17,17:24:10,in,0.18,1310.8,0.0,29.0,9.862,34.4,0.93
2025-09-17 17:25:10,2025-09-17,17:25:10,out,2.35,16.9,48.0,29.0,21.092,239.3,3.33
2025-09-17 17:25:14,2025-09-17,17:25:14,in,1.0,1310.8,0.0,29.0,9.862,331.0,1.89
2025-09-17 17:26:14,2025-09-17,17:26:14,out,1.44,16.7,47.7,28.9,20.955,222.2,2.62
2025-09-17 17:26:17,2025-09-17,17:26:17,in,0.96,1310.8,0.0,29.0,9.862,316.6,1.53
2025-09-17 17:27:16,2025-09-17,17:27:16,out,0.91,16.8,47.7,29.0,21.04,267.5,2.0
2025-09-17 17:27:21,2025-09-17,17:27:21,in,1.08,1310.8,0.0,28.9,9.82,328.0,1.47
2025-09-17 17:28:20,2025-09-17,17:28:20,out,2.37,15.9,45.5,29.0,20.65,268.9,3.02
2025-09-17 17:28:24,2025-09-17,17:28:24,in,0.31,1310.8,0.0,28.9,9.82,338.9,1.7
2025-09-17 17:29:24,2025-09-17,17:29:24,out,1.93,15.7,44.8,28.9,20.441,253.5,2.52
2025-09-17 17:29:28,2025-09-17,17:29:28,in,1.1,1310.8,0.0,28.8,9.779,318.2,1.76
2025-09-17 17:30:27,2025-09-17,17:30:27,out,1.73,16.7,47.4,29.0,20.987,212.0,2.66
2025-09-17 17:30:32,2025-09-17,17:30:32,in,1.24,1310.8,0.0,28.8,9.779,319.3,1.95
2025-09-17 17:31:30,2025-09-17,17:31:30,out,1.42,17.2,49.0,29.0,21.267,207.4,3.13
2025-09-17 17:31:34,2025-09-17,17:31:34,in,0.98,1310.8,0.0,28.8,9.779,321.1,1.46
2025-09-17 17:32:34,2025-09-17,17:32:34,out,1.28,17.0,48.4,29.0,21.162,183.3,3.12
2025-09-17 17:32:38,2025-09-17,17:32:38,in,0.39,1310.8,0.0,28.9,9.82,321.6,1.43
2025-09-17 17:33:38,2025-09-17,17:33:38,out,1.16,16.4,46.7,28.9,20.779,218.4,3.54
2025-09-17 17:33:42,2025-09-17,17:33:42,in,1.02,1310.8,0.0,28.9,9.82,318.6,1.81
2025-09-17 17:34:41,2025-09-17,17:34:41,out,2.74,16.7,47.7,28.9,20.955,258.9,3.2
2025-09-17 17:34:45,2025-09-17,17:34:45,in,0.95,1310.8,0.0,28.8,9.779,314.8,2.33
2025-09-17 17:35:45,2025-09-17,17:35:45,out,1.94,17.0,48.3,29.0,21.145,254.6,2.91
2025-09-17 17:35:49,2025-09-17,17:35:49,in,1.25,1310.8,0.0,28.8,9.779,340.0,1.5
2025-09-17 17:36:48,2025-09-17,17:36:48,out,1.79,17.3,49.3,29.0,21.319,267.5,2.72
2025-09-17 17:36:52,2025-09-17,17:36:52,in,0.71,1310.8,0.0,28.7,9.738,347.9,1.54
2025-09-17 17:37:52,2025-09-17,17:37:52,out,2.36,17.5,50.3,28.9,21.405,216.1,3.51
2025-09-17 17:37:56,2025-09-17,17:37:56,in,0.96,1310.8,0.0,28.7,9.738,335.2,1.63
2025-09-17 17:38:55,2025-09-17,17:38:55,out,2.9,17.8,51.3,28.9,21.575,224.9,3.88
2025-09-17 17:39:00,2025-09-17,17:39:00,in,1.16,1310.8,0.0,28.7,9.738,317.1,1.78
2025-09-17 17:39:59,2025-09-17,17:39:59,out,3.43,18.0,52.2,28.8,21.641,230.5,4.3
2025-09-17 17:40:03,2025-09-17,17:40:03,in,0.19,1310.8,0.0,28.7,9.738,61.4,1.63
2025-09-17 17:41:02,2025-09-17,17:41:02,out,1.34,17.9,52.4,28.6,21.5,227.2,3.45
2025-09-17 17:41:06,2025-09-17,17:41:06,in,1.08,1310.8,0.0,28.7,9.738,328.4,1.68
2025-09-17 17:42:06,2025-09-17,17:42:06,out,2.5,17.4,51.0,28.5,21.179,250.2,3.45
2025-09-17 17:42:10,2025-09-17,17:42:10,in,1.59,1310.8,0.0,28.6,9.696,316.8,1.98
2025-09-17 17:43:10,2025-09-17,17:43:10,out,2.05,16.7,49.2,28.4,20.787,246.1,3.52
2025-09-17 17:43:14,2025-09-17,17:43:14,in,0.73,1310.8,0.0,28.5,9.655,333.8,1.58
2025-09-17 17:44:13,2025-09-17,17:44:13,out,2.76,16.8,49.1,28.5,20.856,223.0,3.33
2025-09-17 17:44:17,2025-09-17,17:44:17,in,0.95,1310.8,0.0,28.4,9.613,319.9,1.43
2025-09-17 17:45:16,2025-09-17,17:45:16,out,1.75,17.0,49.5,28.5,20.924,242.3,3.47
2025-09-17 17:45:20,2025-09-17,17:45:20,in,0.57,1310.8,0.0,28.4,9.613,338.9,1.57
2025-09-17 17:46:20,2025-09-17,17:46:20,out,0.82,17.1,50.3,28.5,21.06,202.0,2.24
2025-09-17 17:46:24,2025-09-17,17:46:24,in,1.17,1310.8,0.0,28.4,9.613,318.2,1.66
2025-09-17 17:47:23,2025-09-17,17:47:23,out,1.83,17.2,50.3,28.6,21.146,243.5,2.21
2025-09-17 17:47:28,2025-09-17,17:47:28,in,1.44,1310.8,0.0,28.4,9.613,319.3,1.97
2025-09-17 17:48:27,2025-09-17,17:48:27,out,2.58,17.5,50.8,28.6,21.231,227.4,2.93
2025-09-17 17:48:31,2025-09-17,17:48:31,in,0.73,1310.8,0.0,28.3,9.572,313.8,1.67
2025-09-17 17:49:30,2025-09-17,17:49:30,out,2.18,17.6,51.4,28.6,21.333,211.1,3.18
2025-09-17 17:49:34,2025-09-17,17:49:34,in,1.21,1310.8,0.0,28.3,9.572,320.4,1.53
2025-09-17 17:50:34,2025-09-17,17:50:34,out,2.39,17.9,52.5,28.6,21.517,210.5,3.52
2025-09-17 17:50:38,2025-09-17,17:50:38,in,0.03,1310.8,0.0,28.4,9.613,303.0,1.87
2025-09-17 17:51:38,2025-09-17,17:51:38,out,1.62,18.3,53.9,28.6,21.75,192.4,3.15
2025-09-17 17:51:42,2025-09-17,17:51:42,in,0.43,1310.8,0.0,28.4,9.613,309.3,2.03
2025-09-17 17:52:41,2025-09-17,17:52:41,out,1.0,18.1,53.3,28.6,21.65,213.9,2.56
2025-09-17 17:52:45,2025-09-17,17:52:45,in,0.21,1310.8,0.0,28.4,9.613,303.5,1.07
2025-09-17 17:53:44,2025-09-17,17:53:44,out,1.41,18.2,53.6,28.6,21.7,197.5,2.83
2025-09-17 17:53:48,2025-09-17,17:53:48,in,0.48,1310.8,0.0,28.4,9.613,338.9,1.69
2025-09-17 17:54:48,2025-09-17,17:54:48,out,1.51,18.4,54.1,28.6,21.783,225.9,3.08
2025-09-17 17:54:52,2025-09-17,17:54:52,in,0.3,1310.8,0.0,28.4,9.613,316.5,1.61
2025-09-17 17:55:52,2025-09-17,17:55:52,out,2.17,18.4,53.9,28.7,21.837,222.4,3.59
2025-09-17 17:55:56,2025-09-17,17:55:56,in,0.15,1310.8,0.0,28.4,9.613,332.7,1.34
2025-09-17 17:56:55,2025-09-17,17:56:55,out,2.96,18.0,53.0,28.6,21.601,206.6,4.67
2025-09-17 17:56:59,2025-09-17,17:56:59,in,0.76,1310.8,0.0,28.4,9.613,337.7,1.96
2025-09-17 17:57:58,2025-09-17,17:57:58,out,1.87,18.2,53.7,28.5,21.629,223.1,3.47
2025-09-17 17:58:02,2025-09-17,17:58:02,in,0.83,1310.8,0.0,28.3,9.572,325.6,1.59
2025-09-17 17:59:02,2025-09-17,17:59:02,out,2.18,18.2,53.7,28.5,21.629,203.9,3.05
2025-09-17 17:59:06,2025-09-17,17:59:06,in,0.58,1310.8,0.0,28.3,9.572,11.1,2.02
2025-09-17 18:00:06,2025-09-17,18:00:06,out,3.36,18.1,53.9,28.4,21.575,233.5,3.61
2025-09-17 18:00:10,2025-09-17,18:00:10,in,0.84,1310.8,0.0,28.2,9.53,332.2,1.53
2025-09-17 18:01:09,2025-09-17,18:01:09,out,2.06,18.4,54.8,28.4,21.723,239.2,3.04
2025-09-17 18:01:13,2025-09-17,18:01:13,in,1.02,1310.8,0.0,28.2,9.53,325.2,1.58
2025-09-17 18:02:12,2025-09-17,18:02:12,out,2.48,18.4,54.8,28.4,21.723,233.8,3.34
2025-09-17 18:02:16,2025-09-17,18:02:16,in,0.84,1310.8,0.0,28.1,9.489,351.8,1.59
2025-09-17 18:03:16,2025-09-17,18:03:16,out,1.75,18.7,55.6,28.4,21.853,197.3,2.69
2025-09-17 18:03:20,2025-09-17,18:03:20,in,0.51,1310.8,0.0,28.1,9.489,319.6,1.56
2025-09-17 18:04:20,2025-09-17,18:04:20,out,1.06,19.0,56.8,28.4,22.048,205.5,3.31
2025-09-17 18:04:24,2025-09-17,18:04:24,in,0.14,1310.8,0.0,28.1,9.489,186.5,1.05
2025-09-17 18:05:23,2025-09-17,18:05:23,out,1.48,19.0,56.9,28.4,22.064,193.9,2.04
2025-09-17 18:05:28,2025-09-17,18:05:28,in,1.93,,,1310.8,,28.1,0.0
2025-09-17 18:06:26,2025-09-17,18:06:26,out,0.87,19.1,57.3,28.4,22.128,169.8,2.86
2025-09-17 18:06:30,2025-09-17,18:06:30,in,0.6,1310.8,0.0,28.1,9.489,317.2,1.82
2025-09-17 18:07:30,2025-09-17,18:07:30,out,1.36,19.1,57.4,28.4,22.145,194.5,3.07
2025-09-17 18:07:34,2025-09-17,18:07:34,in,0.56,1310.8,0.0,28.1,9.489,356.2,1.82
2025-09-17 18:08:34,2025-09-17,18:08:34,out,1.38,19.1,57.3,28.4,22.128,206.4,3.99
2025-09-17 18:08:38,2025-09-17,18:08:38,in,0.58,1310.8,0.0,28.1,9.489,3.6,1.44
2025-09-17 18:09:37,2025-09-17,18:09:37,out,0.54,19.1,57.7,28.3,22.104,226.1,2.8
2025-09-17 18:09:41,2025-09-17,18:09:41,in,0.82,1310.8,0.0,28.0,9.448,320.7,1.73
2025-09-17 18:10:40,2025-09-17,18:10:40,out,1.12,19.0,57.4,28.3,22.056,229.2,2.96
2025-09-17 18:10:44,2025-09-17,18:10:44,in,0.61,1310.8,0.0,28.0,9.448,347.5,1.6
2025-09-17 18:11:44,2025-09-17,18:11:44,out,1.56,19.1,57.7,28.3,22.104,202.2,3.67
2025-09-17 18:11:48,2025-09-17,18:11:48,in,0.32,1310.8,0.0,28.0,9.448,355.4,1.61
2025-09-17 18:12:48,2025-09-17,18:12:48,out,1.41,19.2,57.9,28.3,22.136,215.4,2.57
2025-09-17 18:12:52,2025-09-17,18:12:52,in,0.65,1310.8,0.0,27.9,9.406,326.1,1.39
2025-09-17 18:13:51,2025-09-17,18:13:51,out,0.7,19.4,58.5,28.3,22.232,209.1,2.07
2025-09-17 18:13:55,2025-09-17,18:13:55,in,1.25,1310.8,0.0,27.9,9.406,321.2,1.76
2025-09-17 18:14:54,2025-09-17,18:14:54,out,0.26,19.4,58.5,28.3,22.232,327.5,2.12
2025-09-17 18:14:58,2025-09-17,18:14:58,in,0.74,1310.8,0.0,27.8,9.365,308.8,1.65
2025-09-17 18:15:58,2025-09-17,18:15:58,out,1.56,19.2,57.9,28.3,22.136,189.0,2.24
2025-09-17 18:16:02,2025-09-17,18:16:02,in,1.02,,,1310.8,,27.8,0.0
2025-09-17 18:17:02,2025-09-17,18:17:02,out,0.51,19.3,58.3,28.3,22.2,247.3,1.29
2025-09-17 18:17:06,2025-09-17,18:17:06,in,0.21,1310.8,0.0,27.8,9.365,241.9,0.6
2025-09-17 18:18:05,2025-09-17,18:18:05,out,0.95,19.3,57.9,28.4,22.225,187.4,2.0
2025-09-17 18:18:09,2025-09-17,18:18:09,in,0.4,1310.8,0.0,27.8,9.365,314.3,0.6
2025-09-17 18:19:08,2025-09-17,18:19:08,out,0.77,19.3,58.1,28.4,22.257,154.7,2.92
2025-09-17 18:19:12,2025-09-17,18:19:12,in,0.4,1310.8,0.0,27.8,9.365,263.1,0.87
2025-09-17 18:20:12,2025-09-17,18:20:12,out,0.49,19.1,57.4,28.4,22.145,197.9,1.92
2025-09-17 18:20:16,2025-09-17,18:20:16,in,0.05,1310.8,0.0,27.8,9.365,272.2,0.67
2025-09-17 18:21:16,2025-09-17,18:21:16,out,1.19,19.2,57.6,28.4,22.177,213.5,2.07
2025-09-17 18:21:20,2025-09-17,18:21:20,in,0.25,1310.8,0.0,27.9,9.406,102.2,0.38
2025-09-17 18:22:19,2025-09-17,18:22:19,out,1.53,19.2,57.6,28.4,22.177,212.0,1.94
2025-09-17 18:22:23,2025-09-17,18:22:23,in,0.08,1310.8,0.0,27.9,9.406,318.9,0.5
2025-09-17 18:23:22,2025-09-17,18:23:22,out,0.83,19.2,57.7,28.4,22.193,217.9,1.46
2025-09-17 18:23:26,2025-09-17,18:23:26,in,0.26,1310.8,0.0,27.9,9.406,322.0,0.42
2025-09-17 18:24:26,2025-09-17,18:24:26,out,0.52,19.1,57.4,28.4,22.145,145.1,1.58
2025-09-17 18:24:30,2025-09-17,18:24:30,in,0.32,1310.8,0.0,27.9,9.406,323.2,0.67
2025-09-17 18:25:30,2025-09-17,18:25:30,out,1.33,19.1,57.0,28.5,22.169,190.1,1.81
2025-09-17 18:25:34,2025-09-17,18:25:34,in,0.11,1310.8,0.0,27.9,9.406,7.4,0.59
2025-09-17 18:26:33,2025-09-17,18:26:33,out,0.45,19.2,57.4,28.5,22.233,162.5,0.91
2025-09-17 18:26:37,2025-09-17,18:26:37,in,0.34,1310.8,0.0,27.9,9.406,320.0,0.87
2025-09-17 18:27:36,2025-09-17,18:27:36,out,0.68,19.1,57.1,28.5,22.185,170.3,1.12
2025-09-17 18:27:40,2025-09-17,18:27:40,in,0.53,1310.8,0.0,27.8,9.365,311.1,1.06
2025-09-17 18:28:40,2025-09-17,18:28:40,out,1.51,19.1,57.0,28.5,22.169,204.5,1.99
2025-09-17 18:28:44,2025-09-17,18:28:44,in,0.3,1310.8,0.0,27.7,9.323,345.4,0.8
2025-09-17 18:29:44,2025-09-17,18:29:44,out,1.61,19.2,57.5,28.4,22.161,185.3,3.31
2025-09-17 18:29:48,2025-09-17,18:29:48,in,0.11,1310.8,0.0,27.8,9.365,338.0,0.74
2025-09-17 18:30:47,2025-09-17,18:30:47,out,1.81,19.2,58.1,28.4,22.257,197.1,3.41
2025-09-17 18:30:51,2025-09-17,18:30:51,in,0.36,1310.8,0.0,27.8,9.365,306.8,0.48
2025-09-17 18:31:50,2025-09-17,18:31:50,out,0.8,19.5,58.9,28.3,22.295,190.7,2.91
2025-09-17 18:31:54,2025-09-17,18:31:54,in,0.34,1310.8,0.0,27.8,9.365,301.7,1.09
2025-09-17 18:32:54,2025-09-17,18:32:54,out,1.84,19.4,59.0,28.2,22.222,193.6,2.62
2025-09-17 18:32:58,2025-09-17,18:32:58,in,0.3,1310.8,0.0,27.7,9.323,327.1,0.49
2025-09-17 18:33:58,2025-09-17,18:33:58,out,0.31,19.5,59.4,28.2,22.285,184.3,2.44
2025-09-17 18:34:02,2025-09-17,18:34:02,in,0.26,1310.8,0.0,27.7,9.323,314.3,0.82
2025-09-17 18:35:01,2025-09-17,18:35:01,out,1.21,19.4,59.4,28.1,22.196,189.2,2.17
2025-09-17 18:35:05,2025-09-17,18:35:05,in,0.49,1310.8,0.0,27.7,9.323,287.6,0.74
2025-09-17 18:36:04,2025-09-17,18:36:04,out,1.03,19.4,59.5,28.1,22.211,174.2,2.4
2025-09-17 18:36:08,2025-09-17,18:36:08,in,0.28,1310.8,0.0,27.7,9.323,281.2,0.57
2025-09-17 18:37:08,2025-09-17,18:37:08,out,0.38,19.5,59.7,28.1,22.243,140.4,2.13
2025-09-17 18:37:12,2025-09-17,18:37:12,in,0.45,1310.8,0.0,27.6,9.282,283.0,0.66
2025-09-17 18:38:12,2025-09-17,18:38:12,out,0.2,19.6,59.9,28.1,22.275,124.6,1.45
2025-09-17 18:38:16,2025-09-17,18:38:16,in,0.19,1310.8,0.0,27.6,9.282,254.7,0.98
2025-09-17 18:39:15,2025-09-17,18:39:15,out,0.95,19.4,59.3,28.1,22.18,141.5,2.75
2025-09-17 18:39:19,2025-09-17,18:39:19,in,0.29,1310.8,0.0,27.6,9.282,270.0,0.75
2025-09-17 18:40:18,2025-09-17,18:40:18,out,0.11,19.5,59.7,28.1,22.243,238.9,1.95
2025-09-17 18:40:22,2025-09-17,18:40:22,in,0.06,1310.8,0.0,27.6,9.282,337.3,0.91
2025-09-17 18:41:22,2025-09-17,18:41:22,out,0.78,19.4,59.8,28.0,22.169,200.2,2.38
2025-09-17 18:41:26,2025-09-17,18:41:26,in,0.45,1310.8,0.0,27.6,9.282,304.7,0.74
2025-09-17 18:42:26,2025-09-17,18:42:26,out,1.08,19.5,60.1,28.0,22.216,205.0,2.8
2025-09-17 18:42:30,2025-09-17,18:42:30,in,0.17,1310.8,0.0,27.6,9.282,321.7,0.73
2025-09-17 18:43:29,2025-09-17,18:43:29,out,0.5,19.6,60.6,27.9,22.205,193.3,2.03
2025-09-17 18:43:33,2025-09-17,18:43:33,in,0.44,1310.8,0.0,27.6,9.282,145.1,0.52
2025-09-17 18:44:32,2025-09-17,18:44:32,out,2.19,19.5,60.4,27.9,22.173,199.9,2.68
2025-09-17 18:44:36,2025-09-17,18:44:36,in,0.17,1310.8,0.0,27.6,9.282,357.6,0.45
2025-09-17 18:45:36,2025-09-17,18:45:36,out,0.56,19.6,61.0,27.9,22.267,208.1,2.4
2025-09-17 18:45:40,2025-09-17,18:45:40,in,0.12,1310.8,0.0,27.6,9.282,138.0,0.41
2025-09-17 18:46:40,2025-09-17,18:46:40,out,0.86,19.6,61.1,27.8,22.192,188.0,2.1
2025-09-17 18:46:44,2025-09-17,18:46:44,in,0.17,1310.8,0.0,27.5,9.24,322.9,0.33
2025-09-17 18:47:43,2025-09-17,18:47:43,out,0.41,19.6,61.1,27.8,22.192,170.7,1.39
2025-09-17 18:47:47,2025-09-17,18:47:47,in,0.32,1310.8,0.0,27.6,9.282,291.8,0.66
2025-09-17 18:48:46,2025-09-17,18:48:46,out,0.61,19.5,60.9,27.8,22.161,175.5,1.24
2025-09-17 18:48:50,2025-09-17,18:48:50,in,0.17,1310.8,0.0,27.5,9.24,16.0,0.45
2025-09-17 18:49:50,2025-09-17,18:49:50,out,0.21,19.6,61.0,27.8,22.177,213.7,1.48
2025-09-17 18:49:54,2025-09-17,18:49:54,in,0.09,1310.8,0.0,27.5,9.24,285.2,0.26
2025-09-17 18:50:54,2025-09-17,18:50:54,out,0.19,19.6,61.0,27.8,22.177,221.0,0.87
2025-09-17 18:50:58,2025-09-17,18:50:58,in,0.19,1310.8,0.0,27.5,9.24,138.9,0.46
2025-09-17 18:51:57,2025-09-17,18:51:57,out,1.48,19.5,60.9,27.8,22.161,187.2,2.22
2025-09-17 18:52:01,2025-09-17,18:52:01,in,0.17,1310.8,0.0,27.5,9.24,284.2,0.81
2025-09-17 18:53:00,2025-09-17,18:53:00,out,1.76,19.6,61.6,27.7,22.18,197.7,2.5
2025-09-17 18:53:04,2025-09-17,18:53:04,in,0.42,1310.8,0.0,27.5,9.24,294.5,0.9
2025-09-17 18:54:04,2025-09-17,18:54:04,out,1.48,19.7,62.1,27.6,22.166,200.2,1.93
2025-09-17 18:54:08,2025-09-17,18:54:08,in,0.13,1310.8,0.0,27.5,9.24,329.5,0.38
2025-09-17 18:55:08,2025-09-17,18:55:08,out,1.47,19.8,62.5,27.6,22.228,212.4,2.25
2025-09-17 18:55:12,2025-09-17,18:55:12,in,0.31,1310.8,0.0,27.5,9.24,290.2,0.54
2025-09-17 18:56:11,2025-09-17,18:56:11,out,0.26,19.8,63.0,27.5,22.214,164.2,2.2
2025-09-17 18:56:15,2025-09-17,18:56:15,in,0.52,1310.8,0.0,27.4,9.199,336.5,1.63
2025-09-17 18:57:14,2025-09-17,18:57:14,out,0.21,19.9,63.1,27.5,22.229,123.5,1.61
2025-09-17 18:57:18,2025-09-17,18:57:18,in,1.39,1310.8,0.0,27.2,9.116,323.6,1.84
2025-09-17 18:58:18,2025-09-17,18:58:18,out,0.48,19.7,63.0,27.4,22.123,114.9,1.14
2025-09-17 18:58:22,2025-09-17,18:58:22,in,1.01,1310.8,0.0,27.1,9.075,321.9,1.66
2025-09-17 18:59:22,2025-09-17,18:59:22,out,0.48,19.7,62.9,27.4,22.107,107.4,1.31
2025-09-17 18:59:26,2025-09-17,18:59:26,in,0.84,1310.8,0.0,27.1,9.075,336.4,2.02
2025-09-17 19:00:25,2025-09-17,19:00:25,out,0.31,19.6,62.8,27.3,22.001,135.8,1.66
2025-09-17 19:00:29,2025-09-17,19:00:29,in,0.82,1310.8,0.0,27.0,9.033,316.4,1.95
2025-09-17 19:01:28,2025-09-17,19:01:28,out,1.5,19.5,62.7,27.3,21.986,139.2,2.1
2025-09-17 19:01:32,2025-09-17,19:01:32,in,1.32,1310.8,0.0,26.9,8.992,317.3,1.71
2025-09-17 19:02:32,2025-09-17,19:02:32,out,1.45,19.5,62.8,27.2,21.911,130.7,1.96
2025-09-17 19:02:36,2025-09-17,19:02:36,in,1.32,1310.8,0.0,26.8,8.95,329.6,2.27
2025-09-17 19:03:36,2025-09-17,19:03:36,out,1.25,19.4,62.9,27.1,21.835,116.0,1.93
2025-09-17 19:03:40,2025-09-17,19:03:40,in,1.28,1310.8,0.0,26.7,8.909,322.3,1.83
2025-09-17 19:04:39,2025-09-17,19:04:39,out,1.88,19.4,63.3,27.0,21.805,144.4,2.26
2025-09-17 19:04:43,2025-09-17,19:04:43,in,1.16,1310.8,0.0,26.6,8.867,328.2,1.91
2025-09-17 19:05:42,2025-09-17,19:05:42,out,1.83,19.5,63.6,27.0,21.85,146.5,2.22
2025-09-17 19:06:14,2025-09-17,19:06:14,in,0.5,1310.8,0.0,26.6,8.867,322.2,1.77
2025-09-17 19:06:46,2025-09-17,19:06:46,out,1.09,19.5,64.1,26.9,21.834,148.4,2.28
2025-09-17 19:07:16,2025-09-17,19:07:16,in,0.95,1310.8,0.0,26.7,8.909,306.5,1.39
2025-09-17 19:07:50,2025-09-17,19:07:50,out,0.09,19.6,64.4,26.9,21.879,249.1,1.32
2025-09-17 19:08:20,2025-09-17,19:08:20,in,1.03,1310.8,0.0,26.7,8.909,313.6,1.6
2025-09-17 19:08:53,2025-09-17,19:08:53,out,0.43,19.6,64.4,26.9,21.879,191.2,1.71
2025-09-17 19:09:24,2025-09-17,19:09:24,in,0.85,1310.8,0.0,26.6,8.867,322.5,2.29
2025-09-17 19:09:56,2025-09-17,19:09:56,out,0.22,19.5,64.5,26.8,21.803,210.4,1.2
2025-09-17 19:10:28,2025-09-17,19:10:28,in,1.5,,,1310.8,,26.6,0.0
2025-09-17 19:11:00,2025-09-17,19:11:00,out,0.3,19.6,64.6,26.8,21.818,32.7,0.67
2025-09-17 19:11:30,2025-09-17,19:11:30,in,1.12,1310.8,0.0,26.5,8.826,323.4,1.99
2025-09-17 19:12:04,2025-09-17,19:12:04,out,1.47,19.6,64.6,26.8,21.818,143.3,1.71
2025-09-17 19:12:34,2025-09-17,19:12:34,in,0.84,1310.8,0.0,26.5,8.826,347.2,2.29
2025-09-17 19:13:07,2025-09-17,19:13:07,out,0.86,19.5,64.8,26.7,21.756,146.7,1.49
2025-09-17 19:13:38,2025-09-17,19:13:38,in,0.79,1310.8,0.0,26.5,8.826,326.8,1.67
2025-09-17 19:14:10,2025-09-17,19:14:10,out,0.82,19.6,65.0,26.7,21.786,153.8,1.67
2025-09-17 19:14:41,2025-09-17,19:14:41,in,0.54,1310.8,0.0,26.4,8.784,354.4,1.56
2025-09-17 19:15:14,2025-09-17,19:15:14,out,1.0,19.6,65.2,26.7,21.816,136.7,1.33
2025-09-17 19:15:44,2025-09-17,19:15:44,in,0.75,1310.8,0.0,26.4,8.784,330.1,1.95
2025-09-17 19:16:18,2025-09-17,19:16:18,out,1.06,19.6,65.4,26.6,21.754,134.6,1.56
2025-09-17 19:16:48,2025-09-17,19:16:48,in,1.3,1310.8,0.0,26.3,8.743,331.0,1.72
2025-09-17 19:17:21,2025-09-17,19:17:21,out,0.96,19.6,65.5,26.6,21.768,143.6,1.74
2025-09-17 19:17:52,2025-09-17,19:17:52,in,0.93,1310.8,0.0,26.3,8.743,320.1,1.52
2025-09-17 19:18:24,2025-09-17,19:18:24,out,1.18,19.5,65.6,26.5,21.691,141.2,1.29
2025-09-17 19:18:55,2025-09-17,19:18:55,in,0.89,1310.8,0.0,26.3,8.743,325.7,1.39
2025-09-17 19:19:28,2025-09-17,19:19:28,out,1.43,19.6,65.8,26.5,21.721,141.5,2.05
2025-09-17 19:19:58,2025-09-17,19:19:58,in,0.79,1310.8,0.0,26.2,8.702,337.3,1.56
2025-09-17 19:20:32,2025-09-17,19:20:32,out,1.08,19.5,66.0,26.4,21.659,131.8,1.75
2025-09-17 19:21:02,2025-09-17,19:21:02,in,0.72,1310.8,0.0,26.1,8.66,332.4,1.92
2025-09-17 19:21:36,2025-09-17,19:21:36,out,1.81,19.6,66.2,26.4,21.688,136.0,2.1
2025-09-17 19:22:06,2025-09-17,19:22:06,in,1.08,1310.8,0.0,26.1,8.66,328.3,1.67
2025-09-17 19:22:38,2025-09-17,19:22:38,out,1.74,19.5,66.4,26.3,21.626,135.5,2.03
2025-09-17 19:23:09,2025-09-17,19:23:09,in,1.23,1310.8,0.0,26.1,8.66,319.5,1.6
2025-09-17 19:23:42,2025-09-17,19:23:42,out,0.9,19.6,66.7,26.3,21.67,140.1,1.61
2025-09-17 19:24:12,2025-09-17,19:24:12,in,0.96,1310.8,0.0,26.0,8.619,327.7,1.62
2025-09-17 19:24:46,2025-09-17,19:24:46,out,0.89,19.5,66.8,26.3,21.684,125.3,1.17
2025-09-17 19:25:16,2025-09-17,19:25:16,in,1.04,1310.8,0.0,26.0,8.619,319.0,1.93
2025-09-17 19:25:49,2025-09-17,19:25:49,out,1.11,19.5,66.8,26.2,21.592,135.3,1.27
2025-09-17 19:26:20,2025-09-17,19:26:20,in,1.14,1310.8,0.0,26.0,8.619,324.3,1.51
2025-09-17 19:26:53,2025-09-17,19:26:53,out,0.89,19.6,67.0,26.2,21.621,129.1,1.42
2025-09-17 19:27:24,2025-09-17,19:27:24,in,1.16,1310.8,0.0,26.0,8.619,323.5,1.72
2025-09-17 19:27:56,2025-09-17,19:27:56,out,0.58,19.5,67.1,26.1,21.544,125.3,1.18
2025-09-17 19:28:27,2025-09-17,19:28:27,in,1.26,1310.8,0.0,25.9,8.577,325.9,1.89
2025-09-17 19:29:00,2025-09-17,19:29:00,out,0.74,19.5,67.1,26.1,21.544,142.8,0.85
2025-09-17 19:29:30,2025-09-17,19:29:30,in,0.76,1310.8,0.0,25.9,8.577,333.1,1.98
2025-09-17 19:30:04,2025-09-17,19:30:04,out,0.49,19.5,67.2,26.1,21.558,107.2,0.93
2025-09-17 19:30:34,2025-09-17,19:30:34,in,0.62,1310.8,0.0,25.8,8.536,337.9,1.63
2025-09-17 19:31:07,2025-09-17,19:31:07,out,0.75,19.4,67.2,26.0,21.466,103.3,0.81
2025-09-17 19:31:38,2025-09-17,19:31:38,in,0.81,1310.8,0.0,25.8,8.536,344.8,1.54
2025-09-17 19:32:10,2025-09-17,19:32:10,out,1.34,19.4,67.2,26.0,21.466,112.9,1.47
2025-09-17 19:32:41,2025-09-17,19:32:41,in,1.11,1310.8,0.0,25.7,8.494,338.6,1.67
2025-09-17 19:33:14,2025-09-17,19:33:14,out,1.52,19.4,67.2,26.0,21.466,106.7,1.74
2025-09-17 19:33:44,2025-09-17,19:33:44,in,0.75,1310.8,0.0,25.7,8.494,337.4,1.75
2025-09-17 19:34:18,2025-09-17,19:34:18,out,1.15,19.3,67.3,25.9,21.388,121.4,1.83
2025-09-17 19:34:48,2025-09-17,19:34:48,in,0.69,1310.8,0.0,25.7,8.494,335.4,1.36
2025-09-17 19:35:21,2025-09-17,19:35:21,out,1.63,19.4,67.4,25.9,21.403,123.3,2.03
2025-09-17 19:35:52,2025-09-17,19:35:52,in,1.27,1310.8,0.0,25.7,8.494,318.2,1.61
2025-09-17 19:36:24,2025-09-17,19:36:24,out,1.48,19.3,67.5,25.8,21.325,137.5,1.81
2025-09-17 19:36:55,2025-09-17,19:36:55,in,0.45,1310.8,0.0,25.7,8.494,311.3,1.38
2025-09-17 19:37:28,2025-09-17,19:37:28,out,1.08,19.3,67.6,25.8,21.339,141.0,1.84
2025-09-17 19:37:58,2025-09-17,19:37:58,in,0.76,1310.8,0.0,25.7,8.494,322.0,1.57
2025-09-17 19:38:32,2025-09-17,19:38:32,out,1.29,19.2,67.6,25.7,21.247,136.5,1.76
2025-09-17 19:39:02,2025-09-17,19:39:02,in,1.38,1310.8,0.0,25.7,8.494,318.1,1.74
2025-09-17 19:39:35,2025-09-17,19:39:35,out,1.1,19.2,67.7,25.7,21.261,133.1,1.79
2025-09-17 19:40:06,2025-09-17,19:40:06,in,1.02,1310.8,0.0,25.7,8.494,322.7,1.46
2025-09-17 19:40:38,2025-09-17,19:40:38,out,1.44,19.2,67.8,25.6,21.183,134.5,1.69
2025-09-17 19:41:09,2025-09-17,19:41:09,in,0.8,1310.8,0.0,25.6,8.453,320.8,1.61
2025-09-17 19:41:42,2025-09-17,19:41:42,out,1.33,19.2,68.0,25.6,21.212,136.3,1.75
2025-09-17 19:42:12,2025-09-17,19:42:12,in,0.76,1310.8,0.0,25.6,8.453,321.9,1.68
2025-09-17 19:42:46,2025-09-17,19:42:46,out,1.33,19.2,68.1,25.6,21.226,139.7,1.5
2025-09-17 19:43:16,2025-09-17,19:43:16,in,0.62,1310.8,0.0,25.5,8.411,329.0,1.76
2025-09-17 19:43:49,2025-09-17,19:43:49,out,1.4,19.2,68.2,25.5,21.148,135.3,1.54
2025-09-17 19:44:20,2025-09-17,19:44:20,in,0.75,1310.8,0.0,25.5,8.411,327.2,1.6
2025-09-17 19:44:52,2025-09-17,19:44:52,out,1.19,19.2,68.3,25.5,21.163,137.9,1.45
2025-09-17 19:45:23,2025-09-17,19:45:23,in,0.89,1310.8,0.0,25.5,8.411,320.5,1.27
2025-09-17 19:45:56,2025-09-17,19:45:56,out,1.04,19.2,68.4,25.5,21.177,135.7,1.59
2025-09-17 19:46:26,2025-09-17,19:46:26,in,1.03,1310.8,0.0,25.5,8.411,321.4,1.95
2025-09-17 19:47:00,2025-09-17,19:47:00,out,1.3,19.2,68.4,25.5,21.177,141.2,1.55
2025-09-17 19:47:30,2025-09-17,19:47:30,in,0.98,1310.8,0.0,25.5,8.411,313.7,1.86
2025-09-17 19:48:03,2025-09-17,19:48:03,out,0.57,19.1,68.5,25.4,21.099,135.4,1.56
2025-09-17 19:48:34,2025-09-17,19:48:34,in,0.85,1310.8,0.0,25.5,8.411,325.8,1.72
2025-09-17 19:49:06,2025-09-17,19:49:06,out,0.3,19.2,68.6,25.4,21.113,166.6,1.32
2025-09-17 19:49:37,2025-09-17,19:49:37,in,1.03,1310.8,0.0,25.5,8.411,311.4,1.64
2025-09-17 19:50:10,2025-09-17,19:50:10,out,0.21,19.1,68.6,25.3,21.02,149.7,0.96
2025-09-17 19:50:40,2025-09-17,19:50:40,in,1.19,1310.8,0.0,25.5,8.411,323.3,1.86
2025-09-17 19:51:14,2025-09-17,19:51:14,out,0.34,19.1,68.6,25.3,21.02,143.0,0.92
2025-09-17 19:51:44,2025-09-17,19:51:44,in,1.61,1310.8,0.0,25.4,8.37,318.0,1.82
2025-09-17 19:52:17,2025-09-17,19:52:17,out,0.16,19.1,68.6,25.3,21.02,150.5,0.49
2025-09-17 19:52:48,2025-09-17,19:52:48,in,1.06,1310.8,0.0,25.4,8.37,321.5,1.92
2025-09-17 19:53:20,2025-09-17,19:53:20,out,0.36,19.0,68.6,25.2,20.927,180.6,0.98
2025-09-17 19:53:51,2025-09-17,19:53:51,in,1.29,1310.8,0.0,25.4,8.37,316.2,1.84
2025-09-17 19:54:24,2025-09-17,19:54:24,out,0.1,19.0,68.6,25.2,20.927,62.6,0.76
2025-09-17 19:54:54,2025-09-17,19:54:54,in,1.01,1310.8,0.0,25.3,8.328,311.9,1.64
2025-09-17 19:55:28,2025-09-17,19:55:28,out,0.34,19.0,68.6,25.2,20.927,206.4,0.9
2025-09-17 19:55:58,2025-09-17,19:55:58,in,0.73,1310.8,0.0,25.3,8.328,321.9,2.14
2025-09-17 19:56:31,2025-09-17,19:56:31,out,0.2,19.0,68.6,25.2,20.927,147.1,0.67
2025-09-17 19:57:02,2025-09-17,19:57:02,in,0.61,1310.8,0.0,25.3,8.328,324.1,1.23
2025-09-17 19:57:34,2025-09-17,19:57:34,out,0.24,19.0,68.7,25.1,20.849,160.9,1.29
2025-09-17 19:58:05,2025-09-17,19:58:05,in,1.02,1310.8,0.0,25.3,8.328,314.1,1.82
2025-09-17 19:58:38,2025-09-17,19:58:38,out,0.1,19.0,68.7,25.1,20.849,150.4,0.63
2025-09-17 19:59:08,2025-09-17,19:59:08,in,1.18,1310.8,0.0,25.3,8.328,319.0,1.96
2025-09-17 19:59:42,2025-09-17,19:59:42,out,0.37,19.0,68.7,25.1,20.849,208.9,0.72
2025-09-17 20:00:12,2025-09-17,20:00:12,in,0.88,1310.8,0.0,25.3,8.328,315.2,1.65
2025-09-17 20:00:45,2025-09-17,20:00:45,out,0.44,19.0,68.8,25.1,20.863,180.1,0.96
2025-09-17 20:01:16,2025-09-17,20:01:16,in,0.68,1310.8,0.0,25.3,8.328,320.7,1.74
2025-09-17 20:01:48,2025-09-17,20:01:48,out,0.7,18.9,68.8,25.0,20.77,159.1,0.96
2025-09-17 20:02:19,2025-09-17,20:02:19,in,1.07,1310.8,0.0,25.3,8.328,321.0,1.67
2025-09-17 20:02:52,2025-09-17,20:02:52,out,0.24,18.9,68.9,25.0,20.784,130.2,1.0
2025-09-17 20:03:22,2025-09-17,20:03:22,in,1.12,1310.8,0.0,25.3,8.328,318.7,1.81
2025-09-17 20:03:56,2025-09-17,20:03:56,out,0.27,18.9,69.0,25.0,20.799,170.8,1.02
2025-09-17 20:04:26,2025-09-17,20:04:26,in,0.66,1310.8,0.0,25.3,8.328,315.5,1.79
2025-09-17 20:04:59,2025-09-17,20:04:59,out,0.12,19.0,69.2,25.0,20.827,222.3,1.09
2025-09-17 20:05:30,2025-09-17,20:05:30,in,0.81,1310.8,0.0,25.2,8.287,315.9,1.57
2025-09-17 20:06:02,2025-09-17,20:06:02,out,0.43,19.0,69.4,25.0,20.855,147.7,1.33
2025-09-17 20:06:34,2025-09-17,20:06:34,in,0.88,1310.8,0.0,25.2,8.287,339.3,1.33
2025-09-17 20:07:06,2025-09-17,20:07:06,out,0.83,19.0,69.5,25.0,20.869,137.7,1.44
2025-09-17 20:07:37,2025-09-17,20:07:37,in,0.74,1310.8,0.0,25.2,8.287,321.7,1.69
2025-09-17 20:08:10,2025-09-17,20:08:10,out,0.99,19.0,69.7,25.0,20.897,133.0,1.3
2025-09-17 20:08:40,2025-09-17,20:08:40,in,0.83,1310.8,0.0,25.1,8.246,333.2,1.53
2025-09-17 20:09:13,2025-09-17,20:09:13,out,1.39,19.1,69.9,25.0,20.926,139.4,1.57
2025-09-17 20:09:44,2025-09-17,20:09:44,in,0.74,1310.8,0.0,25.0,8.204,337.2,2.14
2025-09-17 20:10:16,2025-09-17,20:10:16,out,1.4,19.1,70.0,25.0,20.94,135.2,1.52
2025-09-17 20:10:48,2025-09-17,20:10:48,in,1.04,1310.8,0.0,25.0,8.204,321.6,1.55
2025-09-17 20:11:20,2025-09-17,20:11:20,out,1.24,19.2,70.2,25.0,20.968,130.0,1.66
2025-09-17 20:11:51,2025-09-17,20:11:51,in,0.97,1310.8,0.0,24.9,8.163,320.8,1.9
2025-09-17 20:12:24,2025-09-17,20:12:24,out,1.17,19.2,70.5,25.0,21.01,137.8,1.78
2025-09-17 20:12:54,2025-09-17,20:12:54,in,1.18,1310.8,0.0,24.9,8.163,323.5,1.99
2025-09-17 20:13:27,2025-09-17,20:13:27,out,0.7,19.3,70.7,25.0,21.038,129.6,1.53
2025-09-17 20:13:58,2025-09-17,20:13:58,in,0.77,1310.8,0.0,24.8,8.121,324.5,2.27
2025-09-17 20:14:30,2025-09-17,20:14:30,out,1.06,19.2,70.8,24.9,20.959,134.8,1.2
2025-09-17 20:15:02,2025-09-17,20:15:02,in,0.73,1310.8,0.0,24.8,8.121,316.4,2.02
2025-09-17 20:15:34,2025-09-17,20:15:34,out,1.2,19.2,70.9,24.9,20.973,138.7,1.4
2025-09-17 20:16:05,2025-09-17,20:16:05,in,0.74,1310.8,0.0,24.8,8.121,324.7,1.63
2025-09-17 20:16:38,2025-09-17,20:16:38,out,1.04,19.3,71.2,24.9,21.015,122.0,1.55
2025-09-17 20:17:08,2025-09-17,20:17:08,in,0.96,1310.8,0.0,24.8,8.121,322.0,1.9
2025-09-17 20:17:41,2025-09-17,20:17:41,out,0.98,19.3,71.4,24.9,21.043,136.2,1.19
2025-09-17 20:18:12,2025-09-17,20:18:12,in,0.94,1310.8,0.0,24.8,8.121,321.9,1.62
2025-09-17 20:18:44,2025-09-17,20:18:44,out,0.73,19.4,71.6,24.9,21.071,125.2,1.31
2025-09-17 20:19:16,2025-09-17,20:19:16,in,0.8,1310.8,0.0,24.8,8.121,318.6,1.41
2025-09-17 20:19:48,2025-09-17,20:19:48,out,1.05,19.4,71.8,24.9,21.099,130.8,1.21
2025-09-17 20:20:19,2025-09-17,20:20:19,in,1.16,1310.8,0.0,24.8,8.121,327.0,1.6
2025-09-17 20:20:52,2025-09-17,20:20:52,out,0.93,19.4,72.0,24.8,21.033,115.5,1.35
2025-09-17 20:21:22,2025-09-17,20:21:22,in,0.46,1310.8,0.0,24.8,8.121,345.2,1.48
2025-09-17 20:21:55,2025-09-17,20:21:55,out,0.83,19.4,72.1,24.8,21.047,124.6,1.15
2025-09-17 20:22:26,2025-09-17,20:22:26,in,0.97,1310.8,0.0,24.8,8.121,328.2,1.37
2025-09-17 20:22:58,2025-09-17,20:22:58,out,0.71,19.4,72.2,24.8,21.061,119.4,1.17
2025-09-17 20:23:30,2025-09-17,20:23:30,in,1.22,1310.8,0.0,24.7,8.08,318.3,1.79
2025-09-17 20:24:02,2025-09-17,20:24:02,out,0.87,19.5,72.3,24.8,21.075,118.2,1.31
2025-09-17 20:24:33,2025-09-17,20:24:33,in,0.94,1310.8,0.0,24.7,8.08,328.5,1.58
2025-09-17 20:25:06,2025-09-17,20:25:06,out,0.73,19.4,72.4,24.7,20.995,111.2,0.8
2025-09-17 20:25:36,2025-09-17,20:25:36,in,0.87,1310.8,0.0,24.6,8.038,336.9,2.03
2025-09-17 20:26:09,2025-09-17,20:26:09,out,0.66,19.4,72.4,24.7,20.995,84.8,0.96
2025-09-17 20:26:40,2025-09-17,20:26:40,in,0.68,1310.8,0.0,24.6,8.038,318.6,1.53
2025-09-17 20:27:12,2025-09-17,20:27:12,out,0.61,19.4,72.4,24.7,20.995,73.8,0.97
2025-09-17 20:27:44,2025-09-17,20:27:44,in,0.96,1310.8,0.0,24.6,8.038,333.5,1.32
2025-09-17 20:28:16,2025-09-17,20:28:16,out,0.94,19.4,72.3,24.7,20.981,56.6,0.99
2025-09-17 20:28:47,2025-09-17,20:28:47,in,0.93,1310.8,0.0,24.5,7.997,341.0,1.39
2025-09-17 20:29:20,2025-09-17,20:29:20,out,0.94,19.2,72.2,24.6,20.874,35.1,1.06
2025-09-17 20:29:50,2025-09-17,20:29:50,in,0.9,1310.8,0.0,24.5,7.997,329.5,1.45
2025-09-17 20:30:23,2025-09-17,20:30:23,out,1.13,19.1,71.8,24.6,20.818,19.9,1.39
2025-09-17 20:30:54,2025-09-17,20:30:54,in,1.64,1310.8,0.0,24.4,7.955,324.8,2.09
2025-09-17 20:31:26,2025-09-17,20:31:26,out,1.26,19.0,71.3,24.5,20.655,34.2,1.77
2025-09-17 20:31:58,2025-09-17,20:31:58,in,1.03,1310.8,0.0,24.3,7.914,327.6,1.99
2025-09-17 20:32:30,2025-09-17,20:32:30,out,1.56,18.9,71.3,24.4,20.561,44.6,1.86
2025-09-17 20:33:01,2025-09-17,20:33:01,in,1.68,1310.8,0.0,24.3,7.914,320.9,2.23
2025-09-17 20:33:34,2025-09-17,20:33:34,out,1.68,18.9,71.4,24.4,20.575,41.8,1.81
2025-09-17 20:34:04,2025-09-17,20:34:04,in,1.33,1310.8,0.0,24.2,7.872,319.5,2.05
2025-09-17 20:34:37,2025-09-17,20:34:37,out,1.05,18.8,71.5,24.3,20.495,52.0,1.94
2025-09-17 20:35:08,2025-09-17,20:35:08,in,0.89,1310.8,0.0,24.2,7.872,325.4,1.22
2025-09-17 20:35:40,2025-09-17,20:35:40,out,1.87,18.9,71.8,24.3,20.537,40.6,2.15
2025-09-17 20:36:12,2025-09-17,20:36:12,in,1.33,1310.8,0.0,24.1,7.831,317.0,1.65
2025-09-17 20:36:44,2025-09-17,20:36:44,out,1.59,19.0,72.2,24.3,20.592,41.1,2.1
2025-09-17 20:37:15,2025-09-17,20:37:15,in,1.21,1310.8,0.0,24.1,7.831,322.5,1.91
2025-09-17 20:37:48,2025-09-17,20:37:48,out,0.95,19.0,72.6,24.3,20.647,51.2,1.87
2025-09-17 20:38:18,2025-09-17,20:38:18,in,0.64,1310.8,0.0,24.2,7.872,313.0,1.08
2025-09-17 20:38:51,2025-09-17,20:38:51,out,1.22,19.0,72.7,24.3,20.661,51.6,1.51
2025-09-17 20:39:22,2025-09-17,20:39:22,in,0.76,1310.8,0.0,24.2,7.872,318.2,1.72
2025-09-17 20:39:54,2025-09-17,20:39:54,out,0.95,19.3,73.2,24.4,20.824,40.5,1.33
2025-09-17 20:40:26,2025-09-17,20:40:26,in,0.71,1310.8,0.0,24.3,7.914,320.2,1.74
2025-09-17 20:40:58,2025-09-17,20:40:58,out,0.62,19.2,73.1,24.4,20.81,51.2,0.82
2025-09-17 20:41:29,2025-09-17,20:41:29,in,0.68,1310.8,0.0,24.3,7.914,342.9,1.48
2025-09-17 20:42:02,2025-09-17,20:42:02,out,0.35,19.1,73.1,24.3,20.716,68.3,0.8
2025-09-17 20:42:32,2025-09-17,20:42:32,in,0.98,1310.8,0.0,24.3,7.914,326.2,1.99
2025-09-17 20:43:05,2025-09-17,20:43:05,out,0.81,19.2,73.2,24.3,20.73,49.5,0.92
2025-09-17 20:43:36,2025-09-17,20:43:36,in,0.74,1310.8,0.0,24.3,7.914,327.6,1.7
2025-09-17 20:44:08,2025-09-17,20:44:08,out,0.72,19.2,73.3,24.3,20.744,38.6,0.96
2025-09-17 20:44:40,2025-09-17,20:44:40,in,0.84,1310.8,0.0,24.3,7.914,331.8,1.12
2025-09-17 20:45:12,2025-09-17,20:45:12,out,1.12,19.2,73.4,24.3,20.758,34.3,1.29
2025-09-17 20:45:43,2025-09-17,20:45:43,in,1.08,1310.8,0.0,24.3,7.914,314.3,1.31
2025-09-17 20:46:16,2025-09-17,20:46:16,out,0.74,19.2,73.4,24.3,20.758,69.5,1.4
2025-09-17 20:46:47,2025-09-17,20:46:47,in,0.67,1310.8,0.0,24.3,7.914,320.9,1.32
2025-09-17 20:47:19,2025-09-17,20:47:19,out,0.14,19.2,73.4,24.3,20.758,38.2,1.08
2025-09-17 20:47:50,2025-09-17,20:47:50,in,1.0,1310.8,0.0,24.3,7.914,323.2,1.72
2025-09-17 20:48:22,2025-09-17,20:48:22,out,0.6,19.2,73.3,24.3,20.744,43.3,1.35
2025-09-17 20:48:54,2025-09-17,20:48:54,in,1.06,1310.8,0.0,24.4,7.955,315.9,1.44
2025-09-17 20:49:26,2025-09-17,20:49:26,out,0.43,19.2,73.3,24.3,20.744,33.1,1.37
2025-09-17 20:49:58,2025-09-17,20:49:58,in,0.82,1310.8,0.0,24.4,7.955,325.7,1.31
2025-09-17 20:50:30,2025-09-17,20:50:30,out,0.76,19.1,73.2,24.2,20.636,45.6,0.88
2025-09-17 20:51:01,2025-09-17,20:51:01,in,1.05,1310.8,0.0,24.3,7.914,336.0,1.55
2025-09-17 20:51:33,2025-09-17,20:51:33,out,1.09,19.0,73.0,24.2,20.608,38.8,1.25
2025-09-17 20:52:04,2025-09-17,20:52:04,in,1.23,1310.8,0.0,24.3,7.914,324.9,2.24
2025-09-17 20:52:36,2025-09-17,20:52:36,out,0.69,19.0,72.9,24.2,20.595,52.5,1.29
2025-09-17 20:53:08,2025-09-17,20:53:08,in,0.93,1310.8,0.0,24.3,7.914,327.5,1.37
2025-09-17 20:53:40,2025-09-17,20:53:40,out,0.4,19.0,72.9,24.2,20.595,341.7,1.18
2025-09-17 20:54:12,2025-09-17,20:54:12,in,0.76,1310.8,0.0,24.3,7.914,333.0,1.59
2025-09-17 20:54:44,2025-09-17,20:54:44,out,0.76,19.0,72.9,24.2,20.595,21.7,1.12
2025-09-17 20:55:15,2025-09-17,20:55:15,in,1.13,1310.8,0.0,24.2,7.872,327.9,1.73
2025-09-17 20:55:48,2025-09-17,20:55:48,out,0.71,18.9,72.7,24.1,20.473,9.1,1.5
2025-09-17 20:56:18,2025-09-17,20:56:18,in,0.94,1310.8,0.0,24.2,7.872,330.8,1.93
2025-09-17 20:56:50,2025-09-17,20:56:50,out,0.07,18.8,72.5,24.1,20.446,3.8,1.24
2025-09-17 20:57:22,2025-09-17,20:57:22,in,1.12,1310.8,0.0,24.2,7.872,326.6,1.58
2025-09-17 20:57:54,2025-09-17,20:57:54,out,0.99,18.7,72.4,24.0,20.338,343.8,1.19
2025-09-17 20:58:26,2025-09-17,20:58:26,in,1.16,1310.8,0.0,24.1,7.831,322.9,1.48
2025-09-17 20:58:58,2025-09-17,20:58:58,out,0.83,18.7,72.3,24.0,20.324,9.7,1.18
2025-09-17 20:59:29,2025-09-17,20:59:29,in,0.94,1310.8,0.0,24.1,7.831,323.8,1.8
2025-09-17 21:00:02,2025-09-17,21:00:02,out,0.74,18.7,72.2,24.0,20.311,0.0,1.08
2025-09-17 21:00:32,2025-09-17,21:00:32,in,0.83,1310.8,0.0,24.1,7.831,333.9,1.33
2025-09-17 21:01:04,2025-09-17,21:01:04,out,0.73,18.6,72.3,23.9,20.231,340.1,1.1
2025-09-17 21:01:36,2025-09-17,21:01:36,in,1.43,1310.8,0.0,24.1,7.831,317.0,1.81
2025-09-17 21:02:08,2025-09-17,21:02:08,out,0.42,18.6,72.3,23.9,20.231,321.1,0.59
2025-09-17 21:02:40,2025-09-17,21:02:40,in,0.91,1310.8,0.0,24.1,7.831,324.0,1.98
2025-09-17 21:03:12,2025-09-17,21:03:12,out,0.97,18.6,72.4,23.9,20.244,343.5,1.17
2025-09-17 21:03:43,2025-09-17,21:03:43,in,1.16,1310.8,0.0,24.1,7.831,323.1,1.58
2025-09-17 21:04:15,2025-09-17,21:04:15,out,1.29,18.9,73.0,24.0,20.42,355.2,1.74
2025-09-17 21:04:46,2025-09-17,21:04:46,in,1.08,1310.8,0.0,24.2,7.872,323.1,1.72
2025-09-17 21:05:19,2025-09-17,21:05:19,out,0.69,18.8,72.8,24.0,20.393,351.3,1.46
2025-09-17 21:05:50,2025-09-17,21:05:50,in,1.3,1310.8,0.0,24.2,7.872,316.5,1.74
2025-09-17 21:06:22,2025-09-17,21:06:22,out,0.42,18.8,72.7,24.0,20.379,327.6,0.76
2025-09-17 21:06:54,2025-09-17,21:06:54,in,0.68,1310.8,0.0,24.3,7.914,323.2,1.96
2025-09-17 21:07:26,2025-09-17,21:07:26,out,0.76,18.8,72.6,24.0,20.365,34.6,0.92
2025-09-17 21:07:57,2025-09-17,21:07:57,in,0.57,1310.8,0.0,24.2,7.872,310.5,1.7
2025-09-17 21:08:30,2025-09-17,21:08:30,out,0.82,18.8,72.6,24.0,20.365,338.4,1.0
2025-09-17 21:09:00,2025-09-17,21:09:00,in,1.49,1310.8,0.0,24.2,7.872,324.4,1.94
2025-09-17 21:09:33,2025-09-17,21:09:33,out,0.58,18.8,72.6,24.0,20.365,4.6,0.89
2025-09-17 21:10:04,2025-09-17,21:10:04,in,1.06,1310.8,0.0,24.3,7.914,323.8,1.55
2025-09-17 21:10:36,2025-09-17,21:10:36,out,0.7,18.7,72.5,24.0,20.352,1.9,0.8
2025-09-17 21:11:08,2025-09-17,21:11:08,in,0.65,1310.8,0.0,24.3,7.914,316.0,1.37
2025-09-17 21:11:40,2025-09-17,21:11:40,out,0.98,18.7,72.4,24.0,20.338,24.5,1.21
2025-09-17 21:12:11,2025-09-17,21:12:11,in,0.56,1310.8,0.0,24.3,7.914,332.8,1.44
2025-09-17 21:12:44,2025-09-17,21:12:44,out,0.81,18.7,72.3,24.0,20.324,13.3,1.14
2025-09-17 21:13:14,2025-09-17,21:13:14,in,1.06,1310.8,0.0,24.2,7.872,322.4,1.49
2025-09-17 21:13:47,2025-09-17,21:13:47,out,0.64,18.7,72.2,24.0,20.311,30.8,1.02
2025-09-17 21:14:18,2025-09-17,21:14:18,in,1.1,1310.8,0.0,24.2,7.872,322.6,1.74
2025-09-17 21:14:50,2025-09-17,21:14:50,out,1.0,18.6,72.1,24.0,20.297,42.6,1.09
2025-09-17 21:15:22,2025-09-17,21:15:22,in,0.58,1310.8,0.0,24.2,7.872,331.5,1.87
2025-09-17 21:15:54,2025-09-17,21:15:54,out,0.83,18.6,72.0,24.0,20.283,47.4,1.23
2025-09-17 21:16:25,2025-09-17,21:16:25,in,0.85,1310.8,0.0,24.2,7.872,330.5,1.28
2025-09-17 21:16:58,2025-09-17,21:16:58,out,0.87,18.5,71.8,23.9,20.162,42.0,1.24
2025-09-17 21:17:28,2025-09-17,21:17:28,in,0.84,1310.8,0.0,24.1,7.831,336.4,2.06
2025-09-17 21:18:01,2025-09-17,21:18:01,out,0.93,18.5,71.7,23.9,20.148,23.9,1.1
2025-09-17 21:18:32,2025-09-17,21:18:32,in,1.07,1310.8,0.0,24.1,7.831,316.8,1.76
2025-09-17 21:19:04,2025-09-17,21:19:04,out,1.02,18.4,71.6,23.9,20.135,32.3,1.37
2025-09-17 21:19:36,2025-09-17,21:19:36,in,1.48,1310.8,0.0,24.1,7.831,322.8,1.89
2025-09-17 21:20:08,2025-09-17,21:20:08,out,0.48,18.4,71.6,23.9,20.135,50.6,1.07
2025-09-17 21:20:39,2025-09-17,21:20:39,in,1.06,1310.8,0.0,24.1,7.831,322.1,1.56
2025-09-17 21:21:12,2025-09-17,21:21:12,out,1.03,18.4,71.5,23.9,20.121,30.3,1.1
2025-09-17 21:21:42,2025-09-17,21:21:42,in,1.05,1310.8,0.0,24.1,7.831,321.3,1.74
2025-09-17 21:22:16,2025-09-17,21:22:16,out,1.18,,,18.4,,23.9,7.13
2025-09-17 21:22:46,2025-09-17,21:22:46,in,1.58,1310.8,0.0,24.0,7.789,322.5,2.0
2025-09-17 21:23:18,2025-09-17,21:23:18,out,0.62,18.3,71.2,23.9,20.08,33.2,1.15
2025-09-17 21:23:50,2025-09-17,21:23:50,in,1.15,1310.8,0.0,24.1,7.831,320.4,1.93
2025-09-17 21:24:22,2025-09-17,21:24:22,out,0.77,18.3,71.2,23.9,20.08,49.1,1.27
2025-09-17 21:24:53,2025-09-17,21:24:53,in,1.61,1310.8,0.0,24.1,7.831,323.7,2.47
2025-09-17 21:25:26,2025-09-17,21:25:26,out,0.55,18.3,71.1,23.9,20.066,30.9,1.37
2025-09-17 21:25:56,2025-09-17,21:25:56,in,1.11,1310.8,0.0,24.1,7.831,316.8,2.41
2025-09-17 21:26:29,2025-09-17,21:26:29,out,0.84,18.2,71.0,23.8,19.959,56.1,1.01
2025-09-17 21:27:00,2025-09-17,21:27:00,in,1.28,1310.8,0.0,24.1,7.831,319.4,1.95
2025-09-17 21:27:32,2025-09-17,21:27:32,out,0.73,18.2,70.9,23.8,19.945,74.2,1.05
2025-09-17 21:28:04,2025-09-17,21:28:04,in,0.92,1310.8,0.0,24.2,7.872,323.7,1.87
2025-09-17 21:28:36,2025-09-17,21:28:36,out,0.55,18.2,70.9,23.8,19.945,73.4,1.08
2025-09-17 21:29:08,2025-09-17,21:29:08,in,0.87,1310.8,0.0,24.2,7.872,318.3,1.24
2025-09-17 21:29:40,2025-09-17,21:29:40,out,0.57,18.1,70.8,23.8,19.932,83.1,0.76
2025-09-17 21:30:11,2025-09-17,21:30:11,in,1.24,1310.8,0.0,24.2,7.872,322.5,2.14
2025-09-17 21:30:43,2025-09-17,21:30:43,out,0.62,18.1,70.8,23.8,19.932,101.8,0.8
2025-09-17 21:31:14,2025-09-17,21:31:14,in,1.15,1310.8,0.0,24.2,7.872,322.4,1.75
2025-09-17 21:31:46,2025-09-17,21:31:46,out,0.67,18.1,70.8,23.8,19.932,126.5,0.8
2025-09-17 21:32:18,2025-09-17,21:32:18,in,0.92,1310.8,0.0,24.2,7.872,320.1,1.71
2025-09-17 21:32:50,2025-09-17,21:32:50,out,0.48,18.1,70.8,23.8,19.932,93.2,0.76
2025-09-17 21:33:22,2025-09-17,21:33:22,in,0.75,1310.8,0.0,24.2,7.872,332.5,1.98
2025-09-17 21:33:54,2025-09-17,21:33:54,out,0.68,18.1,70.8,23.8,19.932,64.7,1.16
2025-09-17 21:34:25,2025-09-17,21:34:25,in,0.78,1310.8,0.0,24.1,7.831,333.3,1.48
2025-09-17 21:34:57,2025-09-17,21:34:57,out,1.01,18.1,70.7,23.8,19.918,60.6,1.21
2025-09-17 21:35:28,2025-09-17,21:35:28,in,0.94,1310.8,0.0,24.0,7.789,329.4,2.16
2025-09-17 21:36:00,2025-09-17,21:36:00,out,1.56,18.1,70.7,23.8,19.918,65.6,1.9
2025-09-17 21:36:32,2025-09-17,21:36:32,in,0.54,1310.8,0.0,23.9,7.748,339.8,1.49
2025-09-17 21:37:04,2025-09-17,21:37:04,out,1.23,18.0,70.6,23.7,19.811,61.9,1.94
2025-09-17 21:37:36,2025-09-17,21:37:36,in,0.48,1310.8,0.0,23.9,7.748,336.5,1.68
2025-09-17 21:38:08,2025-09-17,21:38:08,out,1.56,18.0,70.6,23.7,19.811,60.7,2.27
2025-09-17 21:38:39,2025-09-17,21:38:39,in,0.71,1310.8,0.0,23.9,7.748,345.6,2.25
2025-09-17 21:39:11,2025-09-17,21:39:11,out,1.21,18.0,70.6,23.7,19.811,64.9,1.8
2025-09-17 21:39:42,2025-09-17,21:39:42,in,0.68,1310.8,0.0,23.8,7.706,334.9,1.79
2025-09-17 21:40:14,2025-09-17,21:40:14,out,1.39,18.0,70.5,23.7,19.797,60.1,2.02
2025-09-17 21:40:46,2025-09-17,21:40:46,in,0.81,1310.8,0.0,23.8,7.706,335.7,1.38
2025-09-17 21:41:18,2025-09-17,21:41:18,out,1.0,18.0,70.5,23.7,19.797,57.2,1.8
2025-09-17 21:41:50,2025-09-17,21:41:50,in,0.33,1310.8,0.0,23.8,7.706,328.1,1.66
2025-09-17 21:42:22,2025-09-17,21:42:22,out,1.48,18.0,70.5,23.7,19.797,60.9,1.94
2025-09-17 21:42:53,2025-09-17,21:42:53,in,0.62,1310.8,0.0,23.7,7.665,338.2,1.47
2025-09-17 21:43:25,2025-09-17,21:43:25,out,1.31,17.9,70.4,23.6,19.69,67.9,1.85
2025-09-17 21:43:56,2025-09-17,21:43:56,in,0.39,1310.8,0.0,23.7,7.665,332.7,1.57
2025-09-17 21:44:28,2025-09-17,21:44:28,out,1.31,17.9,70.4,23.6,19.69,63.4,1.85
2025-09-17 21:45:00,2025-09-17,21:45:00,in,0.57,1310.8,0.0,23.7,7.665,334.9,2.07
2025-09-17 21:45:32,2025-09-17,21:45:32,out,1.66,17.9,70.3,23.6,19.676,63.4,1.98
2025-09-17 21:46:04,2025-09-17,21:46:04,in,0.34,1310.8,0.0,23.6,7.623,331.6,1.4
2025-09-17 21:46:36,2025-09-17,21:46:36,out,1.86,17.9,70.3,23.6,19.676,68.0,2.28
2025-09-17 21:47:07,2025-09-17,21:47:07,in,0.73,1310.8,0.0,23.6,7.623,346.1,1.56
2025-09-17 21:47:39,2025-09-17,21:47:39,out,1.91,17.8,70.2,23.5,19.57,66.1,2.33
2025-09-17 21:48:10,2025-09-17,21:48:10,in,0.84,1310.8,0.0,23.6,7.623,325.5,1.45
2025-09-17 21:48:42,2025-09-17,21:48:42,out,2.0,17.8,70.2,23.5,19.57,68.1,2.51
2025-09-17 21:49:14,2025-09-17,21:49:14,in,1.19,1310.8,0.0,23.5,7.582,336.6,1.74
2025-09-17 21:49:46,2025-09-17,21:49:46,out,1.91,17.7,70.1,23.5,19.556,62.1,2.4
2025-09-17 21:50:18,2025-09-17,21:50:18,in,0.62,1310.8,0.0,23.5,7.582,318.2,2.59
2025-09-17 21:50:50,2025-09-17,21:50:50,out,2.03,17.6,70.1,23.4,19.463,63.0,2.54
2025-09-17 21:51:21,2025-09-17,21:51:21,in,0.53,1310.8,0.0,23.5,7.582,344.7,1.38
2025-09-17 21:51:53,2025-09-17,21:51:53,out,2.0,17.7,70.0,23.5,19.542,59.9,2.65
2025-09-17 21:52:24,2025-09-17,21:52:24,in,0.71,1310.8,0.0,23.5,7.582,355.9,1.63
2025-09-17 21:52:57,2025-09-17,21:52:57,out,1.69,17.7,69.9,23.5,19.529,60.5,2.67
2025-09-17 21:53:28,2025-09-17,21:53:28,in,1.05,1310.8,0.0,23.5,7.582,337.7,1.57
2025-09-17 21:54:00,2025-09-17,21:54:00,out,2.16,17.6,69.7,23.5,19.501,63.2,2.6
2025-09-17 21:54:32,2025-09-17,21:54:32,in,0.7,1310.8,0.0,23.5,7.582,326.6,1.86
2025-09-17 21:55:04,2025-09-17,21:55:04,out,2.36,17.6,69.5,23.5,19.474,68.8,3.15
2025-09-17 21:55:35,2025-09-17,21:55:35,in,1.14,1310.8,0.0,23.6,7.623,327.4,1.75
2025-09-17 21:56:07,2025-09-17,21:56:07,out,1.68,17.5,69.3,23.5,19.447,62.1,2.52
2025-09-17 21:56:39,2025-09-17,21:56:39,in,1.06,1310.8,0.0,23.6,7.623,330.1,1.83
2025-09-17 21:57:11,2025-09-17,21:57:11,out,1.97,17.5,69.1,23.5,19.419,64.4,2.78
2025-09-17 21:57:42,2025-09-17,21:57:42,in,1.01,1310.8,0.0,23.6,7.623,329.6,1.6
2025-09-17 21:58:14,2025-09-17,21:58:14,out,2.61,17.5,69.0,23.5,19.406,67.8,3.24
2025-09-17 21:58:46,2025-09-17,21:58:46,in,1.12,1310.8,0.0,23.6,7.623,324.5,1.64
2025-09-17 21:59:18,2025-09-17,21:59:18,out,1.73,17.5,68.8,23.6,19.471,64.2,2.77
2025-09-17 21:59:49,2025-09-17,21:59:49,in,1.37,1310.8,0.0,23.6,7.623,327.2,1.86
2025-09-17 22:00:22,2025-09-17,22:00:22,out,1.81,17.5,68.7,23.6,19.457,67.6,2.28
2025-09-17 22:00:52,2025-09-17,22:00:52,in,0.62,1310.8,0.0,23.6,7.623,334.7,1.91
2025-09-17 22:01:25,2025-09-17,22:01:25,out,1.63,17.5,68.6,23.6,19.444,57.5,2.42
2025-09-17 22:01:56,2025-09-17,22:01:56,in,0.84,1310.8,0.0,23.7,7.665,332.9,1.92
2025-09-17 22:02:28,2025-09-17,22:02:28,out,1.38,17.4,68.4,23.6,19.416,53.6,2.16
2025-09-17 22:03:00,2025-09-17,22:03:00,in,1.46,1310.8,0.0,23.7,7.665,313.1,2.2
2025-09-17 22:03:32,2025-09-17,22:03:32,out,1.51,17.4,68.3,23.6,19.402,58.0,2.34
2025-09-17 22:04:03,2025-09-17,22:04:03,in,0.56,1310.8,0.0,23.7,7.665,332.2,1.9
2025-09-17 22:04:36,2025-09-17,22:04:36,out,1.66,17.4,68.2,23.6,19.389,61.2,1.9
2025-09-17 22:05:06,2025-09-17,22:05:06,in,0.97,1310.8,0.0,23.7,7.665,322.5,1.79
2025-09-17 22:05:39,2025-09-17,22:05:39,out,1.45,17.3,68.1,23.6,19.375,58.0,2.38
2025-09-17 22:06:10,2025-09-17,22:06:10,in,0.63,1310.8,0.0,23.7,7.665,330.1,1.38
2025-09-17 22:06:42,2025-09-17,22:06:42,out,1.53,17.3,68.1,23.6,19.375,53.4,2.28
2025-09-17 22:07:14,2025-09-17,22:07:14,in,0.87,1310.8,0.0,23.7,7.665,329.4,2.22
2025-09-17 22:07:46,2025-09-17,22:07:46,out,1.25,17.3,68.0,23.6,19.361,47.7,1.9
2025-09-17 22:08:17,2025-09-17,22:08:17,in,0.62,1310.8,0.0,23.7,7.665,345.0,1.41
2025-09-17 22:08:50,2025-09-17,22:08:50,out,1.74,17.3,67.9,23.6,19.347,40.1,2.07
2025-09-17 22:09:21,2025-09-17,22:09:21,in,0.99,1310.8,0.0,23.7,7.665,332.2,1.5
2025-09-17 22:09:53,2025-09-17,22:09:53,out,1.41,17.3,67.9,23.6,19.347,62.1,2.01
2025-09-17 22:10:24,2025-09-17,22:10:24,in,0.78,1310.8,0.0,23.7,7.665,355.1,1.76
2025-09-17 22:10:56,2025-09-17,22:10:56,out,1.44,17.3,67.8,23.6,19.334,55.9,1.67
2025-09-17 22:11:28,2025-09-17,22:11:28,in,1.08,1310.8,0.0,23.7,7.665,332.5,1.54
2025-09-17 22:12:00,2025-09-17,22:12:00,out,1.65,17.3,67.8,23.6,19.334,58.6,2.14
2025-09-17 22:12:31,2025-09-17,22:12:31,in,0.65,1310.8,0.0,23.7,7.665,351.5,1.98
2025-09-17 22:13:04,2025-09-17,22:13:04,out,1.4,17.3,67.8,23.6,19.334,53.9,2.49
2025-09-17 22:13:35,2025-09-17,22:13:35,in,0.87,1310.8,0.0,23.7,7.665,334.5,1.41
2025-09-17 22:14:07,2025-09-17,22:14:07,out,1.14,17.3,67.8,23.6,19.334,53.4,2.1
2025-09-17 22:14:38,2025-09-17,22:14:38,in,0.89,1310.8,0.0,23.7,7.665,336.5,1.77
2025-09-17 22:15:10,2025-09-17,22:15:10,out,1.6,17.3,67.8,23.6,19.334,45.4,2.1
2025-09-17 22:15:42,2025-09-17,22:15:42,in,1.0,1310.8,0.0,23.7,7.665,337.3,1.56
2025-09-17 22:16:14,2025-09-17,22:16:14,out,1.62,17.3,67.8,23.6,19.334,54.5,2.46
2025-09-17 22:16:46,2025-09-17,22:16:46,in,1.33,1310.8,0.0,23.7,7.665,330.6,1.72
2025-09-17 22:17:18,2025-09-17,22:17:18,out,1.27,17.3,67.8,23.6,19.334,40.9,1.73
2025-09-17 22:17:49,2025-09-17,22:17:49,in,1.17,1310.8,0.0,23.7,7.665,335.0,1.88
2025-09-17 22:18:21,2025-09-17,22:18:21,out,1.44,17.3,67.8,23.6,19.334,59.4,2.07
2025-09-17 22:18:52,2025-09-17,22:18:52,in,0.94,1310.8,0.0,23.7,7.665,338.5,1.4
2025-09-17 22:19:24,2025-09-17,22:19:24,out,1.18,17.3,67.8,23.6,19.334,50.1,2.09
2025-09-17 22:19:56,2025-09-17,22:19:56,in,1.16,1310.8,0.0,23.7,7.665,331.0,1.77
2025-09-17 22:20:28,2025-09-17,22:20:28,out,1.31,17.3,67.8,23.6,19.334,65.2,2.23
2025-09-17 22:21:00,2025-09-17,22:21:00,in,0.71,1310.8,0.0,23.7,7.665,334.4,1.45
2025-09-17 22:21:32,2025-09-17,22:21:32,out,1.28,17.3,67.8,23.6,19.334,62.1,2.19
2025-09-17 22:22:03,2025-09-17,22:22:03,in,0.94,1310.8,0.0,23.7,7.665,330.2,1.54
2025-09-17 22:22:35,2025-09-17,22:22:35,out,0.99,17.3,67.8,23.6,19.334,48.5,1.68
2025-09-17 22:23:06,2025-09-17,22:23:06,in,1.05,1310.8,0.0,23.7,7.665,316.5,1.96
2025-09-17 22:23:38,2025-09-17,22:23:38,out,1.33,17.3,67.9,23.6,19.347,61.9,1.95
2025-09-17 22:24:10,2025-09-17,22:24:10,in,0.76,1310.8,0.0,23.7,7.665,317.8,1.51
2025-09-17 22:24:42,2025-09-17,22:24:42,out,1.09,17.3,67.9,23.6,19.347,45.6,1.79
2025-09-17 22:25:14,2025-09-17,22:25:14,in,0.92,1310.8,0.0,23.7,7.665,316.1,1.46
2025-09-17 22:25:46,2025-09-17,22:25:46,out,0.8,17.3,67.9,23.6,19.347,44.7,1.4
2025-09-17 22:26:17,2025-09-17,22:26:17,in,1.11,1310.8,0.0,23.6,7.623,317.6,1.57
2025-09-17 22:27:18,2025-09-17,22:27:18,out,1.07,17.4,68.4,23.6,19.416,44.6,1.21
2025-09-17 22:27:20,2025-09-17,22:27:20,in,0.88,1310.8,0.0,23.6,7.623,320.5,2.05
2025-09-17 22:28:20,2025-09-17,22:28:20,out,1.02,17.3,68.3,23.5,19.31,38.5,1.14
2025-09-17 22:28:24,2025-09-17,22:28:24,in,1.22,1310.8,0.0,23.6,7.623,318.6,1.75
2025-09-17 22:29:24,2025-09-17,22:29:24,out,0.79,17.2,68.1,23.5,19.282,20.1,1.1
2025-09-17 22:29:28,2025-09-17,22:29:28,in,0.71,1310.8,0.0,23.7,7.665,327.8,1.71
2025-09-17 22:30:27,2025-09-17,22:30:27,out,0.73,17.2,68.0,23.5,19.269,24.6,1.18
2025-09-17 22:30:31,2025-09-17,22:30:31,in,1.22,1310.8,0.0,23.7,7.665,324.0,1.88
2025-09-17 22:31:30,2025-09-17,22:31:30,out,0.36,17.2,68.0,23.5,19.269,359.4,1.33
2025-09-17 22:31:34,2025-09-17,22:31:34,in,1.23,1310.8,0.0,23.7,7.665,314.4,1.98
2025-09-17 22:32:34,2025-09-17,22:32:34,out,0.57,17.2,68.0,23.5,19.269,7.4,0.74
2025-09-17 22:32:38,2025-09-17,22:32:38,in,0.82,1310.8,0.0,23.7,7.665,321.8,1.85
2025-09-17 22:33:38,2025-09-17,22:33:38,out,0.8,17.2,68.0,23.5,19.269,30.3,1.04
2025-09-17 22:33:42,2025-09-17,22:33:42,in,1.26,1310.8,0.0,23.7,7.665,317.5,1.65
2025-09-17 22:34:41,2025-09-17,22:34:41,out,0.69,17.2,68.0,23.5,19.269,25.5,0.87
2025-09-17 22:34:45,2025-09-17,22:34:45,in,1.33,1310.8,0.0,23.7,7.665,316.7,1.55
2025-09-17 22:35:44,2025-09-17,22:35:44,out,0.46,17.2,68.0,23.5,19.269,24.5,0.93
2025-09-17 22:35:48,2025-09-17,22:35:48,in,1.0,1310.8,0.0,23.6,7.623,320.4,1.55
2025-09-17 22:36:48,2025-09-17,22:36:48,out,0.54,17.2,68.1,23.5,19.282,3.9,0.83
2025-09-17 22:36:52,2025-09-17,22:36:52,in,0.89,1310.8,0.0,23.7,7.665,314.5,2.0
2025-09-17 22:37:52,2025-09-17,22:37:52,out,0.28,17.2,68.1,23.5,19.282,294.6,0.58
2025-09-17 22:37:56,2025-09-17,22:37:56,in,0.75,1310.8,0.0,23.6,7.623,325.0,1.67
2025-09-17 22:38:55,2025-09-17,22:38:55,out,0.46,17.2,68.1,23.5,19.282,337.3,0.57
2025-09-17 22:38:59,2025-09-17,22:38:59,in,1.18,1310.8,0.0,23.6,7.623,321.7,1.93
2025-09-17 22:39:58,2025-09-17,22:39:58,out,0.76,17.1,68.1,23.4,19.19,315.6,0.81
2025-09-17 22:40:02,2025-09-17,22:40:02,in,0.74,1310.8,0.0,23.6,7.623,320.0,1.74
2025-09-17 22:41:02,2025-09-17,22:41:02,out,0.63,17.2,68.2,23.4,19.204,287.1,1.04
2025-09-17 22:41:06,2025-09-17,22:41:06,in,0.99,1310.8,0.0,23.6,7.623,329.3,1.51
2025-09-17 22:42:06,2025-09-17,22:42:06,out,0.75,17.2,68.3,23.4,19.217,306.4,0.88
2025-09-17 22:42:10,2025-09-17,22:42:10,in,1.06,1310.8,0.0,23.6,7.623,314.9,1.46
2025-09-17 22:43:09,2025-09-17,22:43:09,out,0.74,17.2,68.4,23.4,19.231,321.1,0.82
2025-09-17 22:43:13,2025-09-17,22:43:13,in,1.13,1310.8,0.0,23.5,7.582,320.3,1.6
2025-09-17 22:44:12,2025-09-17,22:44:12,out,0.57,17.2,68.5,23.4,19.245,317.8,0.8
2025-09-17 22:44:16,2025-09-17,22:44:16,in,0.89,1310.8,0.0,23.5,7.582,310.2,1.34
2025-09-17 22:45:16,2025-09-17,22:45:16,out,0.82,17.3,68.6,23.4,19.258,304.1,0.86
2025-09-17 22:45:20,2025-09-17,22:45:20,in,0.95,1310.8,0.0,23.5,7.582,319.7,1.5
2025-09-17 22:46:20,2025-09-17,22:46:20,out,0.46,17.3,68.7,23.4,19.272,323.5,1.01
2025-09-17 22:46:24,2025-09-17,22:46:24,in,0.75,1310.8,0.0,23.5,7.582,323.6,1.24
2025-09-17 22:47:23,2025-09-17,22:47:23,out,0.58,17.3,68.7,23.4,19.272,308.7,0.79
2025-09-17 22:47:28,2025-09-17,22:47:28,in,0.97,1310.8,0.0,23.5,7.582,327.9,1.37
2025-09-17 22:48:26,2025-09-17,22:48:26,out,0.67,17.3,68.7,23.4,19.272,306.7,0.9
2025-09-17 22:48:30,2025-09-17,22:48:30,in,0.63,1310.8,0.0,23.5,7.582,326.5,1.26
2025-09-17 22:49:30,2025-09-17,22:49:30,out,0.37,17.2,68.8,23.3,19.193,334.1,1.03
2025-09-17 22:49:34,2025-09-17,22:49:34,in,0.73,1310.8,0.0,23.5,7.582,333.1,1.23
2025-09-17 22:50:34,2025-09-17,22:50:34,out,0.35,17.2,68.8,23.3,19.193,350.0,0.8
2025-09-17 22:50:38,2025-09-17,22:50:38,in,1.22,1310.8,0.0,23.5,7.582,325.9,1.93
2025-09-17 22:51:37,2025-09-17,22:51:37,out,0.52,17.2,68.9,23.3,19.206,346.4,0.76
2025-09-17 22:51:41,2025-09-17,22:51:41,in,0.87,1310.8,0.0,23.4,7.54,320.2,1.59
2025-09-17 22:52:40,2025-09-17,22:52:40,out,0.61,17.2,68.9,23.3,19.206,342.4,1.11
2025-09-17 22:52:44,2025-09-17,22:52:44,in,1.22,1310.8,0.0,23.4,7.54,317.6,1.62
2025-09-17 22:53:44,2025-09-17,22:53:44,out,0.98,17.3,69.0,23.3,19.22,345.8,1.08
2025-09-17 22:53:48,2025-09-17,22:53:48,in,1.28,1310.8,0.0,23.4,7.54,326.4,1.62
2025-09-17 22:54:48,2025-09-17,22:54:48,out,0.78,17.3,69.1,23.3,19.234,350.3,1.1
2025-09-17 22:54:52,2025-09-17,22:54:52,in,1.04,1310.8,0.0,23.4,7.54,319.8,2.06
2025-09-17 22:55:51,2025-09-17,22:55:51,out,1.32,17.3,69.1,23.3,19.234,3.0,1.56
2025-09-17 22:55:56,2025-09-17,22:55:56,in,1.08,1310.8,0.0,23.4,7.54,321.7,1.76
2025-09-17 22:56:55,2025-09-17,22:56:55,out,0.73,17.2,69.1,23.2,19.141,5.4,1.08
2025-09-17 22:56:59,2025-09-17,22:56:59,in,1.17,1310.8,0.0,23.3,7.499,324.8,1.5
2025-09-17 22:57:58,2025-09-17,22:57:58,out,0.8,17.2,69.1,23.2,19.141,7.6,1.24
2025-09-17 22:58:02,2025-09-17,22:58:02,in,1.21,1310.8,0.0,23.3,7.499,324.6,1.85
2025-09-17 22:59:02,2025-09-17,22:59:02,out,0.23,17.2,69.2,23.2,19.154,36.1,1.33
2025-09-17 22:59:06,2025-09-17,22:59:06,in,1.51,1310.8,0.0,23.3,7.499,323.6,1.84
2025-09-17 23:00:05,2025-09-17,23:00:05,out,0.82,17.2,69.2,23.2,19.154,13.5,1.25
2025-09-17 23:00:10,2025-09-17,23:00:10,in,1.23,1310.8,0.0,23.3,7.499,334.3,1.78
2025-09-17 23:01:09,2025-09-17,23:01:09,out,0.57,17.1,69.2,23.1,19.061,10.6,1.09
2025-09-17 23:01:13,2025-09-17,23:01:13,in,1.16,1310.8,0.0,23.3,7.499,334.5,1.59
2025-09-17 23:02:12,2025-09-17,23:02:12,out,1.11,17.1,69.3,23.1,19.075,7.2,1.46
2025-09-17 23:02:16,2025-09-17,23:02:16,in,0.93,1310.8,0.0,23.3,7.499,339.4,1.71
2025-09-17 23:03:16,2025-09-17,23:03:16,out,1.01,17.1,69.3,23.1,19.075,18.8,1.2
2025-09-17 23:03:20,2025-09-17,23:03:20,in,0.85,1310.8,0.0,23.3,7.499,322.4,1.71
2025-09-17 23:04:19,2025-09-17,23:04:19,out,0.93,17.2,69.4,23.1,19.088,9.9,1.15
2025-09-17 23:04:24,2025-09-17,23:04:24,in,0.71,1310.8,0.0,23.3,7.499,330.0,1.61
2025-09-17 23:05:23,2025-09-17,23:05:23,out,0.97,17.2,69.5,23.1,19.102,351.8,1.11
2025-09-17 23:05:27,2025-09-17,23:05:27,in,0.62,1310.8,0.0,23.3,7.499,331.8,1.24
2025-09-17 23:06:26,2025-09-17,23:06:26,out,1.17,17.2,69.5,23.1,19.102,357.2,1.38
2025-09-17 23:06:30,2025-09-17,23:06:30,in,0.96,1310.8,0.0,23.3,7.499,334.2,1.35
2025-09-17 23:07:30,2025-09-17,23:07:30,out,0.71,17.2,69.5,23.1,19.102,3.1,1.45
2025-09-17 23:07:34,2025-09-17,23:07:34,in,1.16,1310.8,0.0,23.3,7.499,339.5,1.36
2025-09-17 23:08:34,2025-09-17,23:08:34,out,0.85,17.2,69.5,23.1,19.102,16.2,1.13
2025-09-17 23:08:38,2025-09-17,23:08:38,in,1.25,1310.8,0.0,23.2,7.457,327.8,1.41
2025-09-17 23:09:37,2025-09-17,23:09:37,out,0.65,17.2,69.5,23.1,19.102,18.5,1.42
2025-09-17 23:09:41,2025-09-17,23:09:41,in,1.33,1310.8,0.0,23.2,7.457,316.7,1.52
2025-09-17 23:10:40,2025-09-17,23:10:40,out,0.84,17.1,69.6,23.0,19.022,21.8,1.3
2025-09-17 23:10:44,2025-09-17,23:10:44,in,1.21,1310.8,0.0,23.2,7.457,336.1,1.72
2025-09-17 23:11:44,2025-09-17,23:11:44,out,1.18,17.1,69.6,23.0,19.022,10.3,1.53
2025-09-17 23:11:48,2025-09-17,23:11:48,in,1.24,1310.8,0.0,23.2,7.457,328.9,1.77
2025-09-17 23:12:48,2025-09-17,23:12:48,out,0.68,17.1,69.6,23.0,19.022,29.6,1.23
2025-09-17 23:12:52,2025-09-17,23:12:52,in,0.7,1310.8,0.0,23.2,7.457,340.4,1.46
2025-09-17 23:13:51,2025-09-17,23:13:51,out,1.23,17.1,69.6,23.0,19.022,29.6,1.67
2025-09-17 23:13:55,2025-09-17,23:13:55,in,1.14,1310.8,0.0,23.2,7.457,334.4,1.94
2025-09-17 23:14:54,2025-09-17,23:14:54,out,1.5,17.1,69.7,23.0,19.036,23.3,1.72
2025-09-17 23:14:58,2025-09-17,23:14:58,in,0.85,1310.8,0.0,23.2,7.457,322.0,1.74
2025-09-17 23:15:58,2025-09-17,23:15:58,out,1.38,17.1,69.8,23.0,19.049,28.7,1.52
2025-09-17 23:16:02,2025-09-17,23:16:02,in,1.07,1310.8,0.0,23.1,7.416,323.5,2.02
2025-09-17 23:17:02,2025-09-17,23:17:02,out,0.98,17.1,69.8,23.0,19.049,29.4,1.68
2025-09-17 23:17:06,2025-09-17,23:17:06,in,1.28,1310.8,0.0,23.1,7.416,323.0,1.69
2025-09-17 23:18:05,2025-09-17,23:18:05,out,0.76,17.1,69.8,23.0,19.049,47.9,1.59
2025-09-17 23:18:09,2025-09-17,23:18:09,in,1.3,1310.8,0.0,23.1,7.416,317.3,1.93
2025-09-17 23:19:08,2025-09-17,23:19:08,out,1.1,17.1,69.8,23.0,19.049,29.0,1.34
2025-09-17 23:19:12,2025-09-17,23:19:12,in,1.23,1310.8,0.0,23.1,7.416,319.7,1.5
2025-09-17 23:20:12,2025-09-17,23:20:12,out,0.74,17.1,69.8,23.0,19.049,17.4,1.07
2025-09-17 23:20:16,2025-09-17,23:20:16,in,1.11,1310.8,0.0,23.2,7.457,330.8,1.54
2025-09-17 23:21:16,2025-09-17,23:21:16,out,0.78,17.1,69.8,23.0,19.049,11.2,1.25
2025-09-17 23:21:20,2025-09-17,23:21:20,in,0.92,1310.8,0.0,23.2,7.457,323.7,1.26
2025-09-17 23:22:19,2025-09-17,23:22:19,out,1.16,17.1,69.7,23.0,19.036,17.8,1.4
2025-09-17 23:22:23,2025-09-17,23:22:23,in,0.59,1310.8,0.0,23.2,7.457,322.1,1.19
2025-09-17 23:23:22,2025-09-17,23:23:22,out,0.6,17.0,69.7,22.9,18.943,27.9,1.26
2025-09-17 23:23:26,2025-09-17,23:23:26,in,0.82,1310.8,0.0,23.1,7.416,326.1,1.63
2025-09-17 23:24:26,2025-09-17,23:24:26,out,0.79,17.0,69.7,22.9,18.943,12.0,1.13
2025-09-17 23:24:30,2025-09-17,23:24:30,in,0.61,1310.8,0.0,23.1,7.416,344.4,0.83
2025-09-17 23:25:30,2025-09-17,23:25:30,out,1.0,17.0,69.7,22.9,18.943,26.4,1.24
2025-09-17 23:25:34,2025-09-17,23:25:34,in,1.02,1310.8,0.0,23.1,7.416,328.8,1.26
2025-09-17 23:26:33,2025-09-17,23:26:33,out,0.79,17.1,69.8,22.9,18.956,18.6,1.38
2025-09-17 23:26:37,2025-09-17,23:26:37,in,1.04,1310.8,0.0,23.1,7.416,320.4,1.53
2025-09-17 23:27:36,2025-09-17,23:27:36,out,1.32,17.1,69.8,22.9,18.956,12.9,1.54
2025-09-17 23:27:40,2025-09-17,23:27:40,in,0.86,1310.8,0.0,23.1,7.416,325.3,1.33
2025-09-17 23:28:40,2025-09-17,23:28:40,out,0.82,17.1,69.8,22.9,18.956,28.5,1.49
2025-09-17 23:28:44,2025-09-17,23:28:44,in,0.96,1310.8,0.0,23.1,7.416,328.8,1.45
2025-09-17 23:29:44,2025-09-17,23:29:44,out,1.18,17.1,69.9,22.9,18.97,23.3,1.28
2025-09-17 23:29:48,2025-09-17,23:29:48,in,0.76,1310.8,0.0,23.1,7.416,325.6,1.62
2025-09-17 23:30:47,2025-09-17,23:30:47,out,0.83,,,17.1,,18.8,1.28
2025-09-17 23:30:51,2025-09-17,23:30:51,in,0.54,1310.8,0.0,23.1,7.416,314.6,1.53
2025-09-17 23:31:50,2025-09-17,23:31:50,out,0.57,17.1,70.0,22.9,18.983,40.7,0.99
2025-09-17 23:31:54,2025-09-17,23:31:54,in,0.78,1310.8,0.0,23.1,7.416,319.3,1.66
2025-09-17 23:32:54,2025-09-17,23:32:54,out,0.56,17.1,70.0,22.9,18.983,30.8,1.09
2025-09-17 23:32:58,2025-09-17,23:32:58,in,0.67,1310.8,0.0,23.1,7.416,335.3,1.27
2025-09-17 23:33:58,2025-09-17,23:33:58,out,0.72,17.1,70.0,22.9,18.983,15.3,0.89
2025-09-17 23:34:02,2025-09-17,23:34:02,in,1.2,1310.8,0.0,23.1,7.416,327.2,1.66
2025-09-17 23:35:01,2025-09-17,23:35:01,out,0.35,17.1,70.0,22.9,18.983,70.6,0.83
2025-09-17 23:35:05,2025-09-17,23:35:05,in,1.34,1310.8,0.0,23.2,7.457,322.1,1.8
2025-09-17 23:36:04,2025-09-17,23:36:04,out,0.63,17.1,70.0,22.9,18.983,56.8,0.95
2025-09-17 23:36:08,2025-09-17,23:36:08,in,1.46,1310.8,0.0,23.2,7.457,316.3,2.06
2025-09-17 23:37:08,2025-09-17,23:37:08,out,0.61,17.1,70.0,22.9,18.983,36.2,0.89
2025-09-17 23:37:12,2025-09-17,23:37:12,in,0.68,1310.8,0.0,23.2,7.457,332.1,1.72
2025-09-17 23:38:12,2025-09-17,23:38:12,out,0.24,17.1,70.0,22.9,18.983,40.0,0.64
2025-09-17 23:38:16,2025-09-17,23:38:16,in,1.21,1310.8,0.0,23.2,7.457,318.5,1.82
2025-09-17 23:39:15,2025-09-17,23:39:15,out,0.5,17.1,70.0,22.9,18.983,38.5,0.73
2025-09-17 23:39:20,2025-09-17,23:39:20,in,0.96,1310.8,0.0,23.2,7.457,320.4,1.8
2025-09-17 23:40:18,2025-09-17,23:40:18,out,0.73,17.1,70.0,22.9,18.983,42.5,0.81
2025-09-17 23:40:23,2025-09-17,23:40:23,in,0.92,1310.8,0.0,23.2,7.457,322.7,1.73
2025-09-17 23:41:22,2025-09-17,23:41:22,out,0.67,17.1,70.0,22.9,18.983,12.3,0.79
2025-09-17 23:41:26,2025-09-17,23:41:26,in,0.92,1310.8,0.0,23.1,7.416,323.1,1.92
2025-09-17 23:42:26,2025-09-17,23:42:26,out,0.52,17.0,70.1,22.8,18.904,6.6,0.92
2025-09-17 23:42:30,2025-09-17,23:42:30,in,0.61,1310.8,0.0,23.0,7.374,332.7,1.91
2025-09-17 23:43:29,2025-09-17,23:43:29,out,0.72,17.1,70.1,22.9,18.997,29.4,0.95
2025-09-17 23:43:33,2025-09-17,23:43:33,in,1.06,1310.8,0.0,23.0,7.374,324.1,1.8
2025-09-17 23:44:32,2025-09-17,23:44:32,out,0.56,17.0,70.1,22.8,18.904,355.0,0.74
2025-09-17 23:44:37,2025-09-17,23:44:37,in,1.28,1310.8,0.0,23.0,7.374,326.2,1.9
2025-09-17 23:45:36,2025-09-17,23:45:36,out,1.03,17.1,70.1,22.9,18.997,339.1,1.15
2025-09-17 23:45:40,2025-09-17,23:45:40,in,1.0,1310.8,0.0,23.0,7.374,322.5,1.76
2025-09-17 23:46:40,2025-09-17,23:46:40,out,0.73,17.0,70.1,22.8,18.904,334.8,1.08
2025-09-17 23:46:44,2025-09-17,23:46:44,in,0.92,1310.8,0.0,23.0,7.374,316.3,1.61
2025-09-17 23:47:44,2025-09-17,23:47:44,out,0.7,17.0,70.1,22.8,18.904,328.2,1.22
2025-09-17 23:47:48,2025-09-17,23:47:48,in,1.46,1310.8,0.0,23.0,7.374,315.0,1.82
2025-09-17 23:48:46,2025-09-17,23:48:46,out,0.79,17.0,70.1,22.8,18.904,326.3,1.11
2025-09-17 23:48:51,2025-09-17,23:48:51,in,1.07,1310.8,0.0,22.9,7.333,329.5,1.65
2025-09-17 23:49:50,2025-09-17,23:49:50,out,0.47,17.0,70.1,22.8,18.904,342.6,0.8
2025-09-17 23:49:54,2025-09-17,23:49:54,in,1.36,1310.8,0.0,22.9,7.333,326.8,1.89
2025-09-17 23:50:54,2025-09-17,23:50:54,out,0.66,17.0,70.1,22.8,18.904,317.8,0.72
2025-09-17 23:50:58,2025-09-17,23:50:58,in,1.22,1310.8,0.0,22.9,7.333,321.1,1.82
2025-09-17 23:51:57,2025-09-17,23:51:57,out,0.54,17.0,70.1,22.8,18.904,336.9,0.7
2025-09-17 23:52:02,2025-09-17,23:52:02,in,0.9,1310.8,0.0,22.9,7.333,323.2,1.48
2025-09-17 23:53:00,2025-09-17,23:53:00,out,0.22,17.0,70.1,22.8,18.904,324.8,0.78
2025-09-17 23:53:05,2025-09-17,23:53:05,in,0.87,1310.8,0.0,22.8,7.292,339.7,1.81
2025-09-17 23:54:04,2025-09-17,23:54:04,out,0.59,17.0,70.1,22.7,18.81,331.4,0.9
2025-09-17 23:54:08,2025-09-17,23:54:08,in,0.74,1310.8,0.0,22.8,7.292,330.7,1.65
2025-09-17 23:55:08,2025-09-17,23:55:08,out,0.69,17.0,70.2,22.7,18.824,18.7,0.89
2025-09-17 23:55:12,2025-09-17,23:55:12,in,0.23,1310.8,0.0,22.8,7.292,2.4,1.41
2025-09-17 23:56:11,2025-09-17,23:56:11,out,1.16,,,17.0,,10.2,1.43
2025-09-17 23:56:16,2025-09-17,23:56:16,in,0.34,1310.8,0.0,22.8,7.292,311.3,0.54
2025-09-17 23:57:15,2025-09-17,23:57:15,out,0.59,17.1,70.7,22.7,18.891,12.5,1.26
2025-09-17 23:57:20,2025-09-17,23:57:20,in,1.76,,,1310.8,,22.8,0.0
2025-09-17 23:58:18,2025-09-17,23:58:18,out,1.34,17.1,70.8,22.7,18.904,358.0,1.45
2025-09-17 23:58:22,2025-09-17,23:58:22,in,0.87,1310.8,0.0,22.8,7.292,336.5,1.37
2025-09-17 23:59:22,2025-09-17,23:59:22,out,1.17,17.3,71.1,22.8,19.038,358.7,1.6
2025-09-17 23:59:26,2025-09-17,23:59:26,in,0.99,1310.8,0.0,22.8,7.292,320.8,1.72
