datetime,date,hour,id_meteo_station,Velocità del vento,dew_point,humidity,temperature,wet_bulb,wind_dir,wind_gust
2025-09-11 00:00:48,2025-09-11,00:00:48,out,1.56,,,19.3,,26.0,6.69
2025-09-11 00:00:59,2025-09-11,00:00:59,in,1.16,1310.8,0.0,26.1,8.66,322.7,2.35
2025-09-11 00:01:52,2025-09-11,00:01:52,out,1.3,19.4,67.2,26.0,21.466,306.3,2.3
2025-09-11 00:02:02,2025-09-11,00:02:02,in,1.17,1310.8,0.0,26.1,8.66,324.6,1.95
2025-09-11 00:02:56,2025-09-11,00:02:56,out,1.98,19.5,67.4,26.0,21.495,309.6,2.28
2025-09-11 00:03:06,2025-09-11,00:03:06,in,1.1,1310.8,0.0,26.1,8.66,324.8,1.82
2025-09-11 00:03:59,2025-09-11,00:03:59,out,1.31,19.6,67.6,26.1,21.617,320.0,2.15
2025-09-11 00:04:10,2025-09-11,00:04:10,in,1.09,1310.8,0.0,26.1,8.66,324.6,2.01
2025-09-11 00:05:03,2025-09-11,00:05:03,out,1.04,19.5,67.7,26.0,21.539,317.8,1.71
2025-09-11 00:05:13,2025-09-11,00:05:13,in,1.14,1310.8,0.0,26.1,8.66,319.5,2.22
2025-09-11 00:06:06,2025-09-11,00:06:06,out,0.52,19.6,67.8,26.0,21.553,343.0,1.08
2025-09-11 00:06:16,2025-09-11,00:06:16,in,0.57,1310.8,0.0,26.1,8.66,334.5,1.41
2025-09-11 00:07:10,2025-09-11,00:07:10,out,0.94,19.5,67.7,26.0,21.539,24.6,1.03
2025-09-11 00:07:20,2025-09-11,00:07:20,in,0.55,1310.8,0.0,26.1,8.66,327.5,1.44
2025-09-11 00:08:14,2025-09-11,00:08:14,out,0.94,19.5,67.7,26.0,21.539,58.9,1.11
2025-09-11 00:08:24,2025-09-11,00:08:24,in,0.98,1310.8,0.0,26.1,8.66,326.3,1.75
2025-09-11 00:09:16,2025-09-11,00:09:16,out,1.15,19.5,67.6,26.0,21.524,89.3,1.34
2025-09-11 00:09:27,2025-09-11,00:09:27,in,0.46,1310.8,0.0,26.1,8.66,325.2,1.54
2025-09-11 00:10:20,2025-09-11,00:10:20,out,1.06,19.5,67.5,26.0,21.51,93.9,1.46
2025-09-11 00:10:30,2025-09-11,00:10:30,in,0.5,1310.8,0.0,26.0,8.619,327.3,1.66
2025-09-11 00:11:24,2025-09-11,00:11:24,out,0.9,19.5,67.5,26.0,21.51,82.4,1.61
2025-09-11 00:11:34,2025-09-11,00:11:34,in,0.48,1310.8,0.0,26.0,8.619,318.4,1.28
2025-09-11 00:12:27,2025-09-11,00:12:27,out,0.65,19.4,67.5,25.9,21.417,86.1,1.09
2025-09-11 00:12:38,2025-09-11,00:12:38,in,1.2,1310.8,0.0,25.9,8.577,321.4,1.72
2025-09-11 00:13:31,2025-09-11,00:13:31,out,0.85,19.4,67.4,25.9,21.403,90.3,1.42
2025-09-11 00:13:41,2025-09-11,00:13:41,in,0.89,1310.8,0.0,25.9,8.577,324.7,1.48
2025-09-11 00:14:34,2025-09-11,00:14:34,out,0.75,19.4,67.4,25.9,21.403,60.1,0.89
2025-09-11 00:14:44,2025-09-11,00:14:44,in,0.88,1310.8,0.0,25.9,8.577,302.9,1.8
2025-09-11 00:15:38,2025-09-11,00:15:38,out,0.75,19.3,67.4,25.8,21.31,70.7,0.84
2025-09-11 00:15:48,2025-09-11,00:15:48,in,1.32,1310.8,0.0,25.8,8.536,316.6,1.99
2025-09-11 00:16:42,2025-09-11,00:16:42,out,0.49,19.3,67.4,25.8,21.31,33.3,0.96
2025-09-11 00:16:52,2025-09-11,00:16:52,in,0.95,1310.8,0.0,25.8,8.536,318.7,2.06
2025-09-11 00:17:44,2025-09-11,00:17:44,out,0.45,19.3,67.4,25.8,21.31,79.7,0.68
2025-09-11 00:17:55,2025-09-11,00:17:55,in,1.22,1310.8,0.0,25.8,8.536,316.9,2.21
2025-09-11 00:18:48,2025-09-11,00:18:48,out,0.56,19.3,67.4,25.8,21.31,66.0,0.65
2025-09-11 00:18:58,2025-09-11,00:18:58,in,0.91,1310.8,0.0,25.8,8.536,327.1,1.4
2025-09-11 00:19:52,2025-09-11,00:19:52,out,0.69,19.2,67.6,25.8,21.339,79.9,1.01
2025-09-11 00:20:02,2025-09-11,00:20:02,in,0.64,1310.8,0.0,25.7,8.494,337.5,1.65
2025-09-11 00:20:56,2025-09-11,00:20:56,out,0.66,19.2,67.6,25.7,21.247,78.3,0.91
2025-09-11 00:21:06,2025-09-11,00:21:06,in,0.76,1310.8,0.0,25.8,8.536,317.5,1.38
2025-09-11 00:21:59,2025-09-11,00:21:59,out,0.99,19.2,67.7,25.7,21.261,65.9,1.1
2025-09-11 00:22:09,2025-09-11,00:22:09,in,1.08,1310.8,0.0,25.7,8.494,322.4,1.47
2025-09-11 00:23:02,2025-09-11,00:23:02,out,0.82,19.3,67.8,25.7,21.276,58.4,1.11
2025-09-11 00:23:12,2025-09-11,00:23:12,in,0.54,1310.8,0.0,25.8,8.536,321.5,1.78
2025-09-11 00:24:06,2025-09-11,00:24:06,out,0.38,19.3,67.9,25.7,21.29,50.8,0.93
2025-09-11 00:24:16,2025-09-11,00:24:16,in,0.84,1310.8,0.0,25.7,8.494,315.9,2.19
2025-09-11 00:25:10,2025-09-11,00:25:10,out,0.62,19.3,67.9,25.7,21.29,38.2,0.7
2025-09-11 00:25:20,2025-09-11,00:25:20,in,1.56,1310.8,0.0,25.7,8.494,322.2,2.01
2025-09-11 00:26:13,2025-09-11,00:26:13,out,0.32,19.3,68.0,25.7,21.305,35.2,0.71
2025-09-11 00:26:23,2025-09-11,00:26:23,in,1.06,1310.8,0.0,25.7,8.494,324.8,1.83
2025-09-11 00:27:16,2025-09-11,00:27:16,out,0.23,19.3,68.0,25.7,21.305,297.5,0.75
2025-09-11 00:27:26,2025-09-11,00:27:26,in,0.6,1310.8,0.0,25.7,8.494,324.5,1.43
2025-09-11 00:28:20,2025-09-11,00:28:20,out,0.1,19.3,68.0,25.7,21.305,197.9,0.28
2025-09-11 00:28:30,2025-09-11,00:28:30,in,0.61,1310.8,0.0,25.7,8.494,330.0,1.4
2025-09-11 00:29:24,2025-09-11,00:29:24,out,0.33,19.2,68.0,25.6,21.212,104.1,0.38
2025-09-11 00:29:34,2025-09-11,00:29:34,in,0.73,1310.8,0.0,25.8,8.536,326.7,1.41
2025-09-11 00:30:27,2025-09-11,00:30:27,out,0.45,19.2,68.0,25.6,21.212,149.3,0.51
2025-09-11 00:30:37,2025-09-11,00:30:37,in,1.07,1310.8,0.0,25.7,8.494,331.2,1.26
2025-09-11 00:31:30,2025-09-11,00:31:30,out,0.57,19.2,68.0,25.6,21.212,108.1,0.67
2025-09-11 00:31:40,2025-09-11,00:31:40,in,0.69,1310.8,0.0,25.7,8.494,333.0,1.59
2025-09-11 00:32:34,2025-09-11,00:32:34,out,0.76,19.2,68.1,25.6,21.226,82.0,0.8
2025-09-11 00:32:44,2025-09-11,00:32:44,in,1.17,1310.8,0.0,25.7,8.494,330.7,1.71
2025-09-11 00:33:38,2025-09-11,00:33:38,out,0.82,19.3,68.2,25.6,21.241,84.7,1.0
2025-09-11 00:33:48,2025-09-11,00:33:48,in,0.6,1310.8,0.0,25.7,8.494,348.2,1.38
2025-09-11 00:34:41,2025-09-11,00:34:41,out,0.77,19.3,68.3,25.6,21.255,74.2,1.06
2025-09-11 00:34:51,2025-09-11,00:34:51,in,1.16,1310.8,0.0,25.6,8.453,327.8,1.39
2025-09-11 00:35:44,2025-09-11,00:35:44,out,0.72,19.3,68.3,25.6,21.255,85.7,0.85
2025-09-11 00:35:54,2025-09-11,00:35:54,in,1.15,1310.8,0.0,25.6,8.453,326.8,1.77
2025-09-11 00:36:48,2025-09-11,00:36:48,out,0.29,19.3,68.4,25.6,21.27,67.6,0.85
2025-09-11 00:36:58,2025-09-11,00:36:58,in,1.2,1310.8,0.0,25.5,8.411,316.4,1.64
2025-09-11 00:37:52,2025-09-11,00:37:52,out,0.33,19.3,68.4,25.6,21.27,137.8,0.59
2025-09-11 00:38:02,2025-09-11,00:38:02,in,1.2,1310.8,0.0,25.5,8.411,321.8,1.74
2025-09-11 00:38:55,2025-09-11,00:38:55,out,0.53,19.2,68.4,25.5,21.177,183.5,0.63
2025-09-11 00:39:06,2025-09-11,00:39:06,in,0.89,1310.8,0.0,25.4,8.37,325.3,1.52
2025-09-11 00:39:58,2025-09-11,00:39:58,out,0.74,19.2,68.5,25.5,21.191,125.6,0.89
2025-09-11 00:40:08,2025-09-11,00:40:08,in,0.71,1310.8,0.0,25.4,8.37,329.3,2.07
2025-09-11 00:41:02,2025-09-11,00:41:02,out,0.61,19.3,68.6,25.5,21.206,144.6,0.89
2025-09-11 00:41:12,2025-09-11,00:41:12,in,0.81,1310.8,0.0,25.4,8.37,321.0,1.5
2025-09-11 00:42:06,2025-09-11,00:42:06,out,0.89,19.3,68.8,25.5,21.234,135.8,1.02
2025-09-11 00:42:16,2025-09-11,00:42:16,in,0.8,1310.8,0.0,25.4,8.37,328.1,1.71
2025-09-11 00:43:09,2025-09-11,00:43:09,out,0.3,19.3,68.8,25.5,21.234,168.6,0.77
2025-09-11 00:43:19,2025-09-11,00:43:19,in,0.91,1310.8,0.0,25.5,8.411,322.8,1.6
2025-09-11 00:44:12,2025-09-11,00:44:12,out,0.39,19.3,68.9,25.5,21.248,206.8,0.62
2025-09-11 00:44:23,2025-09-11,00:44:23,in,1.29,1310.8,0.0,25.5,8.411,322.4,2.6
2025-09-11 00:45:16,2025-09-11,00:45:16,out,0.5,19.4,69.0,25.5,21.263,194.6,0.7
2025-09-11 00:45:26,2025-09-11,00:45:26,in,1.17,1310.8,0.0,25.4,8.37,324.5,2.36
2025-09-11 00:46:20,2025-09-11,00:46:20,out,0.33,19.4,69.0,25.5,21.263,198.8,0.66
2025-09-11 00:46:30,2025-09-11,00:46:30,in,0.98,1310.8,0.0,25.3,8.328,328.0,2.07
2025-09-11 00:47:23,2025-09-11,00:47:23,out,0.3,19.4,69.0,25.5,21.263,204.6,0.47
2025-09-11 00:47:34,2025-09-11,00:47:34,in,0.65,1310.8,0.0,25.3,8.328,338.6,2.06
2025-09-11 00:48:26,2025-09-11,00:48:26,out,0.42,19.4,69.1,25.5,21.277,163.7,0.58
2025-09-11 00:48:37,2025-09-11,00:48:37,in,0.71,1310.8,0.0,25.3,8.328,328.3,1.47
2025-09-11 00:49:30,2025-09-11,00:49:30,out,0.43,19.3,69.1,25.4,21.184,156.5,0.53
2025-09-11 00:49:40,2025-09-11,00:49:40,in,0.92,1310.8,0.0,25.3,8.328,330.6,1.75
2025-09-11 00:50:34,2025-09-11,00:50:34,out,0.4,19.3,69.1,25.4,21.184,125.5,0.55
2025-09-11 00:50:44,2025-09-11,00:50:44,in,1.09,1310.8,0.0,25.2,8.287,328.7,1.59
2025-09-11 00:51:37,2025-09-11,00:51:37,out,0.34,19.3,69.1,25.4,21.184,103.5,0.55
2025-09-11 00:51:48,2025-09-11,00:51:48,in,0.75,1310.8,0.0,25.2,8.287,334.4,1.48
2025-09-11 00:52:40,2025-09-11,00:52:40,out,0.55,19.3,69.2,25.4,21.198,105.5,0.59
2025-09-11 00:52:51,2025-09-11,00:52:51,in,0.7,1310.8,0.0,25.2,8.287,331.8,1.77
2025-09-11 00:53:44,2025-09-11,00:53:44,out,0.82,19.3,69.4,25.3,21.134,120.3,0.93
2025-09-11 00:53:54,2025-09-11,00:53:54,in,0.8,1310.8,0.0,25.2,8.287,324.1,1.37
2025-09-11 00:54:48,2025-09-11,00:54:48,out,1.19,19.4,69.6,25.4,21.255,133.0,1.3
2025-09-11 00:54:58,2025-09-11,00:54:58,in,0.8,1310.8,0.0,25.2,8.287,322.1,1.35
2025-09-11 00:55:51,2025-09-11,00:55:51,out,1.52,19.3,69.6,25.3,21.162,134.5,1.71
2025-09-11 00:56:02,2025-09-11,00:56:02,in,0.68,1310.8,0.0,25.2,8.287,309.1,1.37
2025-09-11 00:56:54,2025-09-11,00:56:54,out,1.44,19.4,69.8,25.3,21.191,133.7,1.7
2025-09-11 00:57:32,2025-09-11,00:57:32,in,1.14,1310.8,0.0,25.2,8.287,327.0,1.42
2025-09-11 00:57:58,2025-09-11,00:57:58,out,1.05,19.4,70.0,25.3,21.219,150.9,1.64
2025-09-11 00:58:34,2025-09-11,00:58:34,in,0.98,1310.8,0.0,25.2,8.287,319.4,1.51
2025-09-11 00:59:02,2025-09-11,00:59:02,out,0.89,19.4,70.2,25.2,21.154,140.2,1.5
2025-09-11 00:59:38,2025-09-11,00:59:38,in,1.27,1310.8,0.0,25.2,8.287,328.4,1.73
2025-09-11 01:00:05,2025-09-11,01:00:05,out,1.33,19.4,70.4,25.2,21.183,131.7,1.73
2025-09-11 01:00:42,2025-09-11,01:00:42,in,1.16,1310.8,0.0,25.1,8.246,326.2,1.82
2025-09-11 01:01:08,2025-09-11,01:01:08,out,1.35,19.5,70.7,25.2,21.225,138.4,1.59
2025-09-11 01:01:45,2025-09-11,01:01:45,in,0.97,1310.8,0.0,25.1,8.246,319.3,1.9
2025-09-11 01:02:12,2025-09-11,01:02:12,out,0.8,19.5,71.0,25.2,21.267,136.4,1.21
2025-09-11 01:02:48,2025-09-11,01:02:48,in,1.16,1310.8,0.0,25.1,8.246,319.6,1.61
2025-09-11 01:03:16,2025-09-11,01:03:16,out,0.86,19.5,71.1,25.1,21.188,121.3,1.3
2025-09-11 01:03:52,2025-09-11,01:03:52,in,1.28,1310.8,0.0,25.1,8.246,324.3,2.06
2025-09-11 01:04:19,2025-09-11,01:04:19,out,1.08,19.5,71.2,25.1,21.202,107.2,1.33
2025-09-11 01:04:56,2025-09-11,01:04:56,in,1.18,1310.8,0.0,25.0,8.204,326.3,2.02
2025-09-11 01:05:22,2025-09-11,01:05:22,out,0.61,19.5,71.4,25.1,21.23,110.5,1.35
2025-09-11 01:05:59,2025-09-11,01:05:59,in,1.09,1310.8,0.0,25.0,8.204,326.1,2.04
2025-09-11 01:06:26,2025-09-11,01:06:26,out,0.85,19.5,71.5,25.0,21.151,120.2,1.1
2025-09-11 01:07:02,2025-09-11,01:07:02,in,1.12,1310.8,0.0,24.9,8.163,323.1,1.65
2025-09-11 01:07:30,2025-09-11,01:07:30,out,1.29,19.5,71.6,25.0,21.165,133.8,1.49
2025-09-11 01:08:06,2025-09-11,01:08:06,in,0.92,1310.8,0.0,24.9,8.163,332.3,1.38
2025-09-11 01:08:33,2025-09-11,01:08:33,out,1.26,19.5,71.6,25.0,21.165,119.6,1.8
2025-09-11 01:09:10,2025-09-11,01:09:10,in,0.88,1310.8,0.0,25.0,8.204,329.4,1.6
2025-09-11 01:09:36,2025-09-11,01:09:36,out,1.19,19.4,71.7,24.9,21.085,127.9,1.73
2025-09-11 01:10:13,2025-09-11,01:10:13,in,0.96,1310.8,0.0,25.0,8.204,327.3,1.41
2025-09-11 01:10:40,2025-09-11,01:10:40,out,1.13,19.5,71.9,24.9,21.113,139.6,1.68
2025-09-11 01:11:16,2025-09-11,01:11:16,in,1.05,1310.8,0.0,25.0,8.204,336.8,1.6
2025-09-11 01:11:44,2025-09-11,01:11:44,out,1.13,19.5,72.1,24.9,21.141,131.2,1.65
2025-09-11 01:12:20,2025-09-11,01:12:20,in,1.15,1310.8,0.0,25.0,8.204,333.0,1.54
2025-09-11 01:12:47,2025-09-11,01:12:47,out,1.69,19.5,72.2,24.9,21.155,124.9,1.98
2025-09-11 01:13:24,2025-09-11,01:13:24,in,0.61,1310.8,0.0,25.0,8.204,340.2,1.49
2025-09-11 01:13:50,2025-09-11,01:13:50,out,1.94,19.5,72.3,24.8,21.075,120.0,2.11
2025-09-11 01:14:27,2025-09-11,01:14:27,in,1.19,1310.8,0.0,25.0,8.204,332.4,1.53
2025-09-11 01:14:54,2025-09-11,01:14:54,out,1.63,19.5,72.4,24.8,21.089,130.8,2.18
2025-09-11 01:15:30,2025-09-11,01:15:30,in,0.49,1310.8,0.0,24.9,8.163,335.7,1.29
2025-09-11 01:15:58,2025-09-11,01:15:58,out,2.17,19.5,72.5,24.8,21.103,124.2,2.89
2025-09-11 01:16:34,2025-09-11,01:16:34,in,0.96,1310.8,0.0,24.9,8.163,322.7,1.59
2025-09-11 01:17:01,2025-09-11,01:17:01,out,2.27,19.4,72.5,24.7,21.009,114.0,2.68
2025-09-11 01:17:38,2025-09-11,01:17:38,in,0.26,1310.8,0.0,24.9,8.163,341.2,1.44
2025-09-11 01:18:04,2025-09-11,01:18:04,out,2.41,19.4,72.6,24.7,21.023,116.3,2.69
2025-09-11 01:18:41,2025-09-11,01:18:41,in,0.82,1310.8,0.0,24.8,8.121,342.0,1.67
2025-09-11 01:19:08,2025-09-11,01:19:08,out,2.14,19.4,72.7,24.7,21.037,125.1,3.0
2025-09-11 01:19:44,2025-09-11,01:19:44,in,1.26,1310.8,0.0,24.9,8.163,327.2,1.54
2025-09-11 01:20:12,2025-09-11,01:20:12,out,2.29,19.4,72.8,24.6,20.957,122.1,2.94
2025-09-11 01:20:48,2025-09-11,01:20:48,in,1.09,1310.8,0.0,24.9,8.163,321.0,1.33
2025-09-11 01:21:15,2025-09-11,01:21:15,out,2.23,19.4,72.9,24.6,20.971,128.5,2.91
2025-09-11 01:21:52,2025-09-11,01:21:52,in,0.54,1310.8,0.0,24.8,8.121,335.3,1.73
2025-09-11 01:22:18,2025-09-11,01:22:18,out,2.29,19.4,73.0,24.6,20.985,129.8,2.79
2025-09-11 01:22:55,2025-09-11,01:22:55,in,0.71,1310.8,0.0,24.8,8.121,328.7,1.8
2025-09-11 01:23:22,2025-09-11,01:23:22,out,1.43,19.5,73.1,24.6,20.998,125.5,2.5
2025-09-11 01:23:58,2025-09-11,01:23:58,in,0.7,1310.8,0.0,24.8,8.121,325.3,1.66
2025-09-11 01:24:26,2025-09-11,01:24:26,out,1.71,19.5,73.2,24.6,21.012,120.7,2.26
2025-09-11 01:25:02,2025-09-11,01:25:02,in,0.36,1310.8,0.0,24.8,8.121,339.8,1.35
2025-09-11 01:25:29,2025-09-11,01:25:29,out,1.85,19.5,73.2,24.6,21.012,102.8,2.84
2025-09-11 01:26:06,2025-09-11,01:26:06,in,0.33,1310.8,0.0,24.8,8.121,296.4,1.6
2025-09-11 01:26:32,2025-09-11,01:26:32,out,2.04,19.4,73.3,24.5,20.932,122.6,2.75
2025-09-11 01:27:09,2025-09-11,01:27:09,in,1.67,1310.8,0.0,24.7,8.08,311.8,2.18
2025-09-11 01:27:36,2025-09-11,01:27:36,out,2.96,19.5,73.6,24.5,20.973,116.8,3.72
2025-09-11 01:28:12,2025-09-11,01:28:12,in,1.28,1310.8,0.0,24.7,8.08,304.9,1.91
2025-09-11 01:28:40,2025-09-11,01:28:40,out,3.24,19.5,74.0,24.5,21.029,116.2,3.81
2025-09-11 01:29:16,2025-09-11,01:29:16,in,0.15,1310.8,0.0,24.7,8.08,340.9,1.89
2025-09-11 01:29:43,2025-09-11,01:29:43,out,2.99,19.6,74.3,24.5,21.07,114.7,4.49
2025-09-11 01:30:20,2025-09-11,01:30:20,in,0.59,1310.8,0.0,24.7,8.08,134.9,1.12
2025-09-11 01:30:46,2025-09-11,01:30:46,out,4.21,19.6,74.6,24.4,21.017,118.5,5.4
2025-09-11 01:31:23,2025-09-11,01:31:23,in,0.66,1310.8,0.0,24.7,8.08,151.7,1.08
2025-09-11 01:31:50,2025-09-11,01:31:50,out,3.29,19.6,74.7,24.4,21.031,116.1,5.37
2025-09-11 01:32:26,2025-09-11,01:32:26,in,0.85,1310.8,0.0,24.7,8.08,304.9,2.03
2025-09-11 01:32:54,2025-09-11,01:32:54,out,4.6,19.6,74.7,24.4,21.031,125.0,5.48
2025-09-11 01:33:30,2025-09-11,01:33:30,in,0.39,1310.8,0.0,24.7,8.08,281.5,1.94
2025-09-11 01:33:57,2025-09-11,01:33:57,out,3.99,19.7,75.0,24.4,21.072,129.7,5.18
2025-09-11 01:34:34,2025-09-11,01:34:34,in,0.99,1310.8,0.0,24.8,8.121,321.1,1.85
2025-09-11 01:35:00,2025-09-11,01:35:00,out,4.85,19.7,75.3,24.4,21.113,131.8,5.51
2025-09-11 01:35:37,2025-09-11,01:35:37,in,0.54,1310.8,0.0,24.8,8.121,145.3,1.27
2025-09-11 01:36:04,2025-09-11,01:36:04,out,4.52,19.8,75.7,24.4,21.168,124.3,5.37
2025-09-11 01:36:40,2025-09-11,01:36:40,in,0.82,1310.8,0.0,24.7,8.08,129.2,1.31
2025-09-11 01:37:08,2025-09-11,01:37:08,out,3.52,19.9,75.9,24.4,21.195,113.6,6.61
2025-09-11 01:37:44,2025-09-11,01:37:44,in,0.84,1310.8,0.0,24.7,8.08,146.7,1.19
2025-09-11 01:38:11,2025-09-11,01:38:11,out,4.47,19.9,76.0,24.4,21.209,112.1,6.53
2025-09-11 01:38:48,2025-09-11,01:38:48,in,0.52,1310.8,0.0,24.7,8.08,118.4,1.06
2025-09-11 01:39:14,2025-09-11,01:39:14,out,3.37,19.9,76.1,24.4,21.223,105.3,6.35
2025-09-11 01:39:52,2025-09-11,01:39:52,in,0.89,1310.8,0.0,24.7,8.08,128.3,1.47
2025-09-11 01:40:18,2025-09-11,01:40:18,out,4.29,20.0,76.3,24.5,21.345,123.9,6.07
2025-09-11 01:40:55,2025-09-11,01:40:55,in,0.23,1310.8,0.0,24.7,8.08,53.9,1.7
2025-09-11 01:41:22,2025-09-11,01:41:22,out,4.51,20.1,76.5,24.5,21.373,127.2,6.54
2025-09-11 01:41:58,2025-09-11,01:41:58,in,0.79,1310.8,0.0,24.7,8.08,150.0,1.2
2025-09-11 01:42:25,2025-09-11,01:42:25,out,4.95,20.1,76.5,24.5,21.373,125.3,5.59
2025-09-11 01:43:02,2025-09-11,01:43:02,in,0.54,1310.8,0.0,24.7,8.08,178.8,1.37
2025-09-11 01:43:28,2025-09-11,01:43:28,out,5.08,20.1,76.7,24.5,21.4,124.8,6.13
2025-09-11 01:44:06,2025-09-11,01:44:06,in,0.38,1310.8,0.0,24.8,8.121,341.6,1.64
2025-09-11 01:44:32,2025-09-11,01:44:32,out,5.05,20.1,76.8,24.5,21.414,125.5,6.88
2025-09-11 01:45:09,2025-09-11,01:45:09,in,0.75,1310.8,0.0,24.8,8.121,173.5,1.15
2025-09-11 01:45:36,2025-09-11,01:45:36,out,4.92,20.2,77.1,24.5,21.455,133.2,7.35
2025-09-11 01:46:12,2025-09-11,01:46:12,in,0.9,1310.8,0.0,24.8,8.121,314.6,1.25
2025-09-11 01:46:39,2025-09-11,01:46:39,out,4.34,20.1,76.9,24.5,21.428,135.3,6.72
2025-09-11 01:47:16,2025-09-11,01:47:16,in,0.62,1310.8,0.0,24.9,8.163,332.6,1.24
2025-09-11 01:47:42,2025-09-11,01:47:42,out,5.67,20.1,76.6,24.5,21.386,139.2,6.61
2025-09-11 01:48:20,2025-09-11,01:48:20,in,0.26,1310.8,0.0,24.8,8.121,154.4,1.65
2025-09-11 01:48:46,2025-09-11,01:48:46,out,5.84,20.0,76.2,24.5,21.332,115.0,7.03
2025-09-11 01:49:23,2025-09-11,01:49:23,in,1.89,1310.8,0.0,24.8,8.121,122.9,2.33
2025-09-11 01:49:50,2025-09-11,01:49:50,out,7.86,20.0,76.0,24.5,21.304,122.2,8.82
2025-09-11 01:50:26,2025-09-11,01:50:26,in,1.47,1310.8,0.0,24.7,8.08,137.0,2.74
2025-09-11 01:50:53,2025-09-11,01:50:53,out,6.58,20.0,75.8,24.5,21.277,123.4,8.76
2025-09-11 01:51:30,2025-09-11,01:51:30,in,0.86,1310.8,0.0,24.7,8.08,132.1,2.17
2025-09-11 01:51:56,2025-09-11,01:51:56,out,5.67,19.9,75.5,24.5,21.235,111.8,7.71
2025-09-11 01:52:34,2025-09-11,01:52:34,in,0.52,1310.8,0.0,24.7,8.08,102.4,1.87
2025-09-11 01:53:00,2025-09-11,01:53:00,out,3.62,20.0,75.8,24.5,21.277,114.9,8.32
2025-09-11 01:53:37,2025-09-11,01:53:37,in,0.97,1310.8,0.0,24.7,8.08,138.5,1.59
2025-09-11 01:54:04,2025-09-11,01:54:04,out,5.72,20.0,76.1,24.5,21.318,129.4,12.22
2025-09-11 01:54:40,2025-09-11,01:54:40,in,1.93,1310.8,0.0,24.7,8.08,144.1,2.36
2025-09-11 01:55:07,2025-09-11,01:55:07,out,7.58,20.0,75.9,24.5,21.29,134.5,11.22
2025-09-11 01:55:44,2025-09-11,01:55:44,in,1.19,1310.8,0.0,24.6,8.038,129.8,2.26
2025-09-11 01:56:10,2025-09-11,01:56:10,out,7.06,20.0,75.8,24.5,21.277,134.0,9.36
2025-09-11 01:56:48,2025-09-11,01:56:48,in,0.13,1310.8,0.0,24.6,8.038,111.5,1.87
2025-09-11 01:57:14,2025-09-11,01:57:14,out,6.03,20.0,75.9,24.5,21.29,121.4,9.0
2025-09-11 01:57:51,2025-09-11,01:57:51,in,0.91,1310.8,0.0,24.6,8.038,163.3,1.32
2025-09-11 01:58:18,2025-09-11,01:58:18,out,5.05,19.8,75.7,24.4,21.168,111.3,8.57
2025-09-11 01:58:54,2025-09-11,01:58:54,in,0.38,1310.8,0.0,24.6,8.038,119.9,1.59
2025-09-11 01:59:21,2025-09-11,01:59:21,out,5.19,19.8,75.5,24.4,21.141,103.4,7.22
2025-09-11 01:59:58,2025-09-11,01:59:58,in,0.39,1310.8,0.0,24.7,8.08,71.8,1.91
2025-09-11 02:00:24,2025-09-11,02:00:24,out,7.57,19.7,75.3,24.4,21.113,123.3,8.71
2025-09-11 02:01:02,2025-09-11,02:01:02,in,0.32,1310.8,0.0,24.7,8.08,25.5,1.77
2025-09-11 02:01:28,2025-09-11,02:01:28,out,6.05,19.7,74.8,24.5,21.139,113.5,7.61
2025-09-11 02:02:05,2025-09-11,02:02:05,in,0.64,1310.8,0.0,24.7,8.08,131.5,1.41
2025-09-11 02:02:32,2025-09-11,02:02:32,out,5.84,19.6,74.1,24.5,21.043,109.5,6.84
2025-09-11 02:03:08,2025-09-11,02:03:08,in,0.75,1310.8,0.0,24.7,8.08,107.1,1.35
2025-09-11 02:03:35,2025-09-11,02:03:35,out,4.98,19.4,73.2,24.5,20.918,106.8,6.95
2025-09-11 02:04:12,2025-09-11,02:04:12,in,0.85,1310.8,0.0,24.6,8.038,131.4,1.95
2025-09-11 02:04:38,2025-09-11,02:04:38,out,3.55,19.2,72.5,24.5,20.821,80.6,6.66
2025-09-11 02:05:16,2025-09-11,02:05:16,in,0.21,1310.8,0.0,24.7,8.08,320.4,1.37
2025-09-11 02:05:42,2025-09-11,02:05:42,out,3.37,19.1,71.5,24.6,20.776,107.4,7.11
2025-09-11 02:06:19,2025-09-11,02:06:19,in,0.9,1310.8,0.0,24.7,8.08,343.3,1.59
2025-09-11 02:06:46,2025-09-11,02:06:46,out,3.71,18.8,70.3,24.6,20.609,118.6,4.75
2025-09-11 02:07:22,2025-09-11,02:07:22,in,1.12,1310.8,0.0,24.7,8.08,315.6,1.56
2025-09-11 02:07:49,2025-09-11,02:07:49,out,2.16,18.5,69.4,24.5,20.39,102.4,3.87
2025-09-11 02:08:26,2025-09-11,02:08:26,in,0.68,1310.8,0.0,24.7,8.08,329.6,1.71
2025-09-11 02:08:52,2025-09-11,02:08:52,out,3.2,18.2,68.0,24.5,20.194,74.8,3.63
2025-09-11 02:09:30,2025-09-11,02:09:30,in,1.21,1310.8,0.0,24.6,8.038,331.1,1.85
2025-09-11 02:09:56,2025-09-11,02:09:56,out,0.72,18.0,67.1,24.4,19.975,25.6,4.46
2025-09-11 02:10:33,2025-09-11,02:10:33,in,1.68,1310.8,0.0,24.7,8.08,321.8,1.96
2025-09-11 02:11:00,2025-09-11,02:11:00,out,1.25,17.7,66.3,24.4,19.863,87.5,2.98
2025-09-11 02:11:36,2025-09-11,02:11:36,in,1.55,1310.8,0.0,24.8,8.121,321.3,2.54
2025-09-11 02:12:03,2025-09-11,02:12:03,out,2.07,17.4,65.2,24.4,19.708,43.6,2.51
2025-09-11 02:12:40,2025-09-11,02:12:40,in,1.18,1310.8,0.0,24.8,8.121,322.1,2.48
2025-09-11 02:13:06,2025-09-11,02:13:06,out,0.29,17.2,64.2,24.4,19.566,346.8,2.03
2025-09-11 02:13:44,2025-09-11,02:13:44,in,0.93,1310.8,0.0,24.9,8.163,323.4,1.86
2025-09-11 02:14:10,2025-09-11,02:14:10,out,1.67,16.9,62.9,24.4,19.381,111.7,2.12
2025-09-11 02:14:47,2025-09-11,02:14:47,in,1.62,1310.8,0.0,25.0,8.204,321.2,2.2
2025-09-11 02:15:14,2025-09-11,02:15:14,out,0.94,16.4,61.4,24.3,19.076,47.0,1.83
2025-09-11 02:15:50,2025-09-11,02:15:50,in,0.99,1310.8,0.0,25.2,8.287,330.7,2.46
2025-09-11 02:16:17,2025-09-11,02:16:17,out,0.83,16.3,61.0,24.3,19.019,2.9,1.33
2025-09-11 02:16:54,2025-09-11,02:16:54,in,1.32,1310.8,0.0,25.4,8.37,322.0,1.96
2025-09-11 02:17:20,2025-09-11,02:17:20,out,0.99,16.3,60.7,24.4,19.066,330.8,1.49
2025-09-11 02:17:58,2025-09-11,02:17:58,in,1.59,1310.8,0.0,25.5,8.411,320.1,1.92
2025-09-11 02:18:24,2025-09-11,02:18:24,out,1.52,16.0,59.8,24.4,18.936,328.0,1.82
2025-09-11 02:19:01,2025-09-11,02:19:01,in,1.33,1310.8,0.0,25.7,8.494,324.1,2.06
2025-09-11 02:19:28,2025-09-11,02:19:28,out,0.56,16.0,59.3,24.5,18.954,278.2,1.66
2025-09-11 02:20:04,2025-09-11,02:20:04,in,0.87,1310.8,0.0,25.8,8.536,326.9,1.49
2025-09-11 02:20:31,2025-09-11,02:20:31,out,1.14,16.4,60.4,24.6,19.203,310.6,1.66
2025-09-11 02:21:08,2025-09-11,02:21:08,in,1.08,1310.8,0.0,25.8,8.536,324.3,1.71
2025-09-11 02:21:34,2025-09-11,02:21:34,out,1.31,16.8,61.2,24.8,19.499,333.3,1.63
2025-09-11 02:22:12,2025-09-11,02:22:12,in,1.5,1310.8,0.0,25.8,8.536,320.9,2.36
2025-09-11 02:22:38,2025-09-11,02:22:38,out,1.89,17.1,62.0,24.9,19.706,326.6,2.58
2025-09-11 02:23:15,2025-09-11,02:23:15,in,1.74,1310.8,0.0,25.7,8.494,322.7,2.47
2025-09-11 02:23:42,2025-09-11,02:23:42,out,2.15,17.3,62.5,25.0,19.869,322.6,3.01
2025-09-11 02:24:18,2025-09-11,02:24:18,in,0.57,1310.8,0.0,25.6,8.453,319.4,2.04
2025-09-11 02:24:45,2025-09-11,02:24:45,out,1.55,17.4,62.6,25.1,19.974,316.6,2.38
2025-09-11 02:25:22,2025-09-11,02:25:22,in,1.3,1310.8,0.0,25.6,8.453,333.6,1.62
2025-09-11 02:25:48,2025-09-11,02:25:48,out,0.29,17.5,62.8,25.1,20.003,319.7,1.82
2025-09-11 02:26:26,2025-09-11,02:26:26,in,1.21,1310.8,0.0,25.6,8.453,330.9,1.65
2025-09-11 02:26:52,2025-09-11,02:26:52,out,0.51,17.5,62.9,25.1,20.017,26.6,1.02
2025-09-11 02:27:29,2025-09-11,02:27:29,in,1.47,1310.8,0.0,25.5,8.411,329.6,2.16
2025-09-11 02:27:56,2025-09-11,02:27:56,out,1.73,17.6,63.1,25.2,20.137,325.9,1.91
2025-09-11 02:28:33,2025-09-11,02:28:33,in,1.4,1310.8,0.0,25.4,8.37,324.8,1.98
2025-09-11 02:28:59,2025-09-11,02:28:59,out,1.06,17.7,63.1,25.2,20.137,327.0,1.86
2025-09-11 02:29:36,2025-09-11,02:29:36,in,1.39,1310.8,0.0,25.4,8.37,320.4,2.02
2025-09-11 02:30:02,2025-09-11,02:30:02,out,1.52,17.5,62.9,25.1,20.017,316.5,1.88
2025-09-11 02:30:40,2025-09-11,02:30:40,in,0.69,1310.8,0.0,25.3,8.328,326.9,1.9
2025-09-11 02:31:06,2025-09-11,02:31:06,out,1.0,17.5,62.8,25.1,20.003,292.1,1.71
2025-09-11 02:31:44,2025-09-11,02:31:44,in,1.02,1310.8,0.0,25.4,8.37,322.2,1.69
2025-09-11 02:32:10,2025-09-11,02:32:10,out,0.94,17.4,62.6,25.1,19.974,311.5,1.42
2025-09-11 02:32:47,2025-09-11,02:32:47,in,0.62,1310.8,0.0,25.4,8.37,327.0,1.75
2025-09-11 02:33:13,2025-09-11,02:33:13,out,0.93,17.4,62.4,25.1,19.945,12.5,1.4
2025-09-11 02:33:50,2025-09-11,02:33:50,in,0.69,1310.8,0.0,25.4,8.37,333.6,1.46
2025-09-11 02:34:16,2025-09-11,02:34:16,out,0.87,17.4,62.5,25.1,19.959,357.0,1.13
2025-09-11 02:34:54,2025-09-11,02:34:54,in,1.12,1310.8,0.0,25.3,8.328,321.8,1.92
2025-09-11 02:35:20,2025-09-11,02:35:20,out,0.96,17.4,62.3,25.1,19.93,338.6,1.67
2025-09-11 02:35:58,2025-09-11,02:35:58,in,1.25,1310.8,0.0,25.3,8.328,322.2,1.9
2025-09-11 02:36:24,2025-09-11,02:36:24,out,1.3,17.3,62.2,25.1,19.916,331.0,1.64
2025-09-11 02:37:01,2025-09-11,02:37:01,in,1.46,1310.8,0.0,25.3,8.328,321.6,1.97
2025-09-11 02:37:27,2025-09-11,02:37:27,out,1.5,17.2,61.6,25.1,19.828,326.0,2.06
2025-09-11 02:38:04,2025-09-11,02:38:04,in,1.0,1310.8,0.0,25.3,8.328,330.6,2.0
2025-09-11 02:38:30,2025-09-11,02:38:30,out,1.43,17.0,61.1,25.0,19.665,333.2,1.67
2025-09-11 02:39:08,2025-09-11,02:39:08,in,1.13,1310.8,0.0,25.3,8.328,319.0,1.45
2025-09-11 02:39:34,2025-09-11,02:39:34,out,0.9,17.0,61.0,25.0,19.651,332.1,1.49
2025-09-11 02:40:12,2025-09-11,02:40:12,in,1.17,1310.8,0.0,25.3,8.328,322.6,1.65
2025-09-11 02:40:38,2025-09-11,02:40:38,out,0.81,17.0,61.0,25.0,19.651,294.4,1.13
2025-09-11 02:41:15,2025-09-11,02:41:15,in,0.85,1310.8,0.0,25.3,8.328,335.4,1.83
2025-09-11 02:41:41,2025-09-11,02:41:41,out,1.59,17.0,60.7,25.1,19.697,293.9,1.83
2025-09-11 02:42:18,2025-09-11,02:42:18,in,0.77,1310.8,0.0,25.3,8.328,326.5,1.29
2025-09-11 02:42:45,2025-09-11,02:42:45,out,0.78,16.7,60.2,25.0,19.534,289.0,2.07
2025-09-11 02:43:22,2025-09-11,02:43:22,in,0.97,1310.8,0.0,25.3,8.328,325.7,1.84
2025-09-11 02:43:48,2025-09-11,02:43:48,out,0.64,16.7,60.2,25.0,19.534,221.6,1.11
2025-09-11 02:44:26,2025-09-11,02:44:26,in,0.74,1310.8,0.0,25.3,8.328,327.6,1.39
2025-09-11 02:44:52,2025-09-11,02:44:52,out,0.72,16.7,60.1,25.0,19.519,230.0,1.06
2025-09-11 02:45:29,2025-09-11,02:45:29,in,0.73,1310.8,0.0,25.3,8.328,322.5,1.67
2025-09-11 02:45:55,2025-09-11,02:45:55,out,0.55,16.7,60.0,25.0,19.505,178.1,0.83
2025-09-11 02:46:32,2025-09-11,02:46:32,in,0.79,1310.8,0.0,25.3,8.328,324.0,1.44
2025-09-11 02:46:58,2025-09-11,02:46:58,out,0.26,16.7,60.1,25.0,19.519,316.1,0.84
2025-09-11 02:47:36,2025-09-11,02:47:36,in,0.68,1310.8,0.0,25.2,8.287,321.3,1.89
2025-09-11 02:48:02,2025-09-11,02:48:02,out,0.58,16.7,60.1,25.0,19.519,104.8,0.68
2025-09-11 02:48:40,2025-09-11,02:48:40,in,0.85,1310.8,0.0,25.3,8.328,327.4,1.54
2025-09-11 02:49:06,2025-09-11,02:49:06,out,0.92,16.6,59.8,25.0,19.475,128.6,1.33
2025-09-11 02:49:43,2025-09-11,02:49:43,in,0.89,1310.8,0.0,25.3,8.328,328.3,1.74
2025-09-11 02:50:09,2025-09-11,02:50:09,out,2.17,16.8,59.9,25.1,19.58,134.7,2.79
2025-09-11 02:50:46,2025-09-11,02:50:46,in,1.01,1310.8,0.0,25.3,8.328,332.8,1.36
2025-09-11 02:51:12,2025-09-11,02:51:12,out,1.12,16.5,59.0,25.1,19.447,99.0,2.84
2025-09-11 02:51:50,2025-09-11,02:51:50,in,1.15,1310.8,0.0,25.3,8.328,323.1,2.08
2025-09-11 02:52:16,2025-09-11,02:52:16,out,1.08,16.0,57.6,25.0,19.151,107.2,1.77
2025-09-11 02:52:54,2025-09-11,02:52:54,in,0.87,1310.8,0.0,25.2,8.287,319.5,1.57
2025-09-11 02:53:20,2025-09-11,02:53:20,out,1.21,16.1,57.8,25.0,19.181,135.4,1.32
2025-09-11 02:53:57,2025-09-11,02:53:57,in,1.6,1310.8,0.0,25.3,8.328,318.4,2.09
2025-09-11 02:54:24,2025-09-11,02:54:24,out,0.5,16.0,57.6,25.0,19.151,184.1,0.97
2025-09-11 02:55:00,2025-09-11,02:55:00,in,1.73,1310.8,0.0,25.3,8.328,317.6,2.04
2025-09-11 02:55:27,2025-09-11,02:55:27,out,0.53,16.1,57.7,25.1,19.255,117.5,0.6
2025-09-11 02:56:04,2025-09-11,02:56:04,in,1.47,1310.8,0.0,25.2,8.287,315.0,2.29
2025-09-11 02:56:30,2025-09-11,02:56:30,out,0.42,16.1,57.7,25.1,19.255,80.4,0.78
2025-09-11 02:57:08,2025-09-11,02:57:08,in,1.0,1310.8,0.0,25.3,8.328,326.2,2.17
2025-09-11 02:57:34,2025-09-11,02:57:34,out,0.83,16.2,57.8,25.1,19.27,272.1,0.88
2025-09-11 02:58:11,2025-09-11,02:58:11,in,0.91,1310.8,0.0,25.3,8.328,332.8,2.11
2025-09-11 02:58:38,2025-09-11,02:58:38,out,1.8,16.1,57.6,25.1,19.24,251.3,1.92
2025-09-11 02:59:14,2025-09-11,02:59:14,in,1.66,1310.8,0.0,25.3,8.328,335.0,1.89
2025-09-11 02:59:40,2025-09-11,02:59:40,out,1.68,16.0,57.3,25.1,19.195,267.5,2.18
2025-09-11 03:00:18,2025-09-11,03:00:18,in,1.29,1310.8,0.0,25.2,8.287,329.4,1.96
2025-09-11 03:00:44,2025-09-11,03:00:44,out,1.61,16.0,57.3,25.1,19.195,269.5,2.1
2025-09-11 03:01:22,2025-09-11,03:01:22,in,1.13,1310.8,0.0,25.2,8.287,327.4,2.14
2025-09-11 03:01:48,2025-09-11,03:01:48,out,1.02,16.1,57.3,25.2,19.284,275.2,2.44
2025-09-11 03:02:25,2025-09-11,03:02:25,in,1.38,1310.8,0.0,25.2,8.287,326.1,1.61
2025-09-11 03:02:52,2025-09-11,03:02:52,out,1.96,16.2,57.6,25.2,19.329,278.6,2.72
2025-09-11 03:03:28,2025-09-11,03:03:28,in,1.19,1310.8,0.0,25.2,8.287,339.3,1.6
2025-09-11 03:03:55,2025-09-11,03:03:55,out,1.83,16.4,58.2,25.2,19.418,273.2,2.26
2025-09-11 03:04:32,2025-09-11,03:04:32,in,1.62,1310.8,0.0,25.3,8.328,337.3,1.86
2025-09-11 03:04:58,2025-09-11,03:04:58,out,2.56,16.6,58.6,25.3,19.567,267.4,3.15
2025-09-11 03:05:36,2025-09-11,03:05:36,in,1.39,1310.8,0.0,25.2,8.287,333.6,2.0
2025-09-11 03:06:02,2025-09-11,03:06:02,out,2.2,16.6,58.7,25.3,19.582,276.7,3.04
2025-09-11 03:06:39,2025-09-11,03:06:39,in,1.4,1310.8,0.0,25.2,8.287,336.4,2.02
2025-09-11 03:07:06,2025-09-11,03:07:06,out,2.79,16.7,59.1,25.3,19.641,283.4,3.68
2025-09-11 03:07:42,2025-09-11,03:07:42,in,1.3,1310.8,0.0,25.2,8.287,333.7,1.71
2025-09-11 03:08:09,2025-09-11,03:08:09,out,2.66,16.9,59.6,25.3,19.715,271.6,3.07
2025-09-11 03:08:46,2025-09-11,03:08:46,in,1.45,1310.8,0.0,25.2,8.287,337.7,2.08
2025-09-11 03:09:12,2025-09-11,03:09:12,out,2.27,17.0,60.3,25.3,19.818,277.4,3.67
2025-09-11 03:09:50,2025-09-11,03:09:50,in,1.65,1310.8,0.0,25.3,8.328,341.6,2.14
2025-09-11 03:10:16,2025-09-11,03:10:16,out,2.0,17.1,60.7,25.3,19.877,267.0,2.86
2025-09-11 03:10:53,2025-09-11,03:10:53,in,1.54,1310.8,0.0,25.3,8.328,337.8,1.74
2025-09-11 03:11:20,2025-09-11,03:11:20,out,2.35,17.3,61.2,25.3,19.951,263.3,2.99
2025-09-11 03:11:56,2025-09-11,03:11:56,in,1.49,1310.8,0.0,25.2,8.287,334.6,2.17
2025-09-11 03:12:23,2025-09-11,03:12:23,out,2.02,17.4,61.8,25.3,20.039,259.1,3.35
2025-09-11 03:13:00,2025-09-11,03:13:00,in,1.7,1310.8,0.0,25.2,8.287,330.8,2.07
2025-09-11 03:13:26,2025-09-11,03:13:26,out,2.16,17.5,62.2,25.3,20.097,264.5,3.82
2025-09-11 03:14:04,2025-09-11,03:14:04,in,1.57,1310.8,0.0,25.2,8.287,333.5,2.02
2025-09-11 03:14:30,2025-09-11,03:14:30,out,2.34,17.6,62.6,25.3,20.155,270.6,2.78
2025-09-11 03:15:07,2025-09-11,03:15:07,in,1.6,1310.8,0.0,25.1,8.246,333.4,2.17
2025-09-11 03:15:34,2025-09-11,03:15:34,out,1.43,17.7,62.9,25.3,20.199,279.5,3.35
2025-09-11 03:16:10,2025-09-11,03:16:10,in,1.33,1310.8,0.0,25.1,8.246,327.0,2.12
2025-09-11 03:16:37,2025-09-11,03:16:37,out,1.97,17.7,63.3,25.2,20.166,291.7,3.27
2025-09-11 03:17:14,2025-09-11,03:17:14,in,1.81,1310.8,0.0,25.1,8.246,334.4,2.03
2025-09-11 03:17:40,2025-09-11,03:17:40,out,2.4,17.9,63.8,25.2,20.239,276.3,3.24
2025-09-11 03:18:18,2025-09-11,03:18:18,in,1.84,1310.8,0.0,25.1,8.246,337.2,2.07
2025-09-11 03:18:44,2025-09-11,03:18:44,out,3.26,18.0,64.2,25.2,20.297,283.1,3.56
2025-09-11 03:19:21,2025-09-11,03:19:21,in,1.55,1310.8,0.0,25.1,8.246,336.0,1.79
2025-09-11 03:19:48,2025-09-11,03:19:48,out,1.08,18.0,64.5,25.2,20.34,304.4,2.73
2025-09-11 03:20:24,2025-09-11,03:20:24,in,1.25,1310.8,0.0,25.0,8.204,324.4,1.71
2025-09-11 03:20:51,2025-09-11,03:20:51,out,1.38,18.0,64.7,25.1,20.277,328.7,2.88
2025-09-11 03:21:28,2025-09-11,03:21:28,in,1.12,1310.8,0.0,25.0,8.204,327.7,1.78
2025-09-11 03:21:54,2025-09-11,03:21:54,out,1.97,18.0,64.9,25.1,20.306,316.7,2.42
2025-09-11 03:22:32,2025-09-11,03:22:32,in,1.12,1310.8,0.0,25.0,8.204,318.0,2.21
2025-09-11 03:22:58,2025-09-11,03:22:58,out,1.65,18.0,65.1,25.1,20.335,327.6,3.5
2025-09-11 03:23:35,2025-09-11,03:23:35,in,1.49,1310.8,0.0,24.9,8.163,323.8,2.28
2025-09-11 03:24:02,2025-09-11,03:24:02,out,2.07,18.0,65.4,25.0,20.286,324.6,4.2
2025-09-11 03:24:38,2025-09-11,03:24:38,in,1.54,1310.8,0.0,24.9,8.163,320.2,1.81
2025-09-11 03:25:05,2025-09-11,03:25:05,out,2.68,18.0,65.5,25.0,20.301,331.0,4.05
2025-09-11 03:25:42,2025-09-11,03:25:42,in,1.01,1310.8,0.0,24.9,8.163,343.1,1.76
2025-09-11 03:26:08,2025-09-11,03:26:08,out,1.9,18.1,65.6,25.0,20.315,349.0,2.74
2025-09-11 03:26:46,2025-09-11,03:26:46,in,2.12,1310.8,0.0,24.9,8.163,326.6,2.47
2025-09-11 03:27:12,2025-09-11,03:27:12,out,2.56,18.0,65.6,24.9,20.223,353.6,2.76
2025-09-11 03:27:49,2025-09-11,03:27:49,in,2.05,1310.8,0.0,24.8,8.121,325.7,2.42
2025-09-11 03:28:16,2025-09-11,03:28:16,out,3.45,18.0,65.7,24.9,20.237,3.3,3.92
2025-09-11 03:28:52,2025-09-11,03:28:52,in,1.97,1310.8,0.0,24.8,8.121,330.1,2.33
2025-09-11 03:29:19,2025-09-11,03:29:19,out,2.42,18.0,65.9,24.8,20.174,356.8,4.03
2025-09-11 03:29:56,2025-09-11,03:29:56,in,1.41,1310.8,0.0,24.7,8.08,323.6,2.47
2025-09-11 03:30:22,2025-09-11,03:30:22,out,2.34,18.0,66.0,24.8,20.188,337.0,3.55
2025-09-11 03:31:00,2025-09-11,03:31:00,in,1.28,1310.8,0.0,24.7,8.08,325.4,1.91
2025-09-11 03:31:26,2025-09-11,03:31:26,out,3.41,17.9,66.0,24.7,20.096,337.9,3.88
2025-09-11 03:32:04,2025-09-11,03:32:04,in,1.1,1310.8,0.0,24.7,8.08,316.9,1.54
2025-09-11 03:32:30,2025-09-11,03:32:30,out,2.89,17.9,65.8,24.7,20.068,334.8,3.9
2025-09-11 03:33:06,2025-09-11,03:33:06,in,1.29,1310.8,0.0,24.7,8.08,322.9,1.84
2025-09-11 03:33:33,2025-09-11,03:33:33,out,3.48,17.9,65.7,24.7,20.054,339.9,3.86
2025-09-11 03:34:10,2025-09-11,03:34:10,in,1.07,1310.8,0.0,24.7,8.08,323.4,2.05
2025-09-11 03:34:36,2025-09-11,03:34:36,out,2.47,17.8,65.5,24.7,20.025,337.6,3.87
2025-09-11 03:35:14,2025-09-11,03:35:14,in,1.21,1310.8,0.0,24.7,8.08,324.9,1.89
2025-09-11 03:35:40,2025-09-11,03:35:40,out,2.22,17.9,65.5,24.8,20.117,335.9,3.22
2025-09-11 03:36:17,2025-09-11,03:36:17,in,1.1,1310.8,0.0,24.8,8.121,322.8,1.77
2025-09-11 03:36:44,2025-09-11,03:36:44,out,2.56,17.8,65.6,24.7,20.04,335.0,3.27
2025-09-11 03:37:20,2025-09-11,03:37:20,in,1.25,1310.8,0.0,24.8,8.121,320.7,1.89
2025-09-11 03:37:47,2025-09-11,03:37:47,out,2.49,17.8,65.6,24.7,20.04,331.8,3.15
2025-09-11 03:38:24,2025-09-11,03:38:24,in,1.53,1310.8,0.0,24.8,8.121,322.1,1.92
2025-09-11 03:38:50,2025-09-11,03:38:50,out,2.66,17.9,65.7,24.7,20.054,330.4,3.16
2025-09-11 03:39:28,2025-09-11,03:39:28,in,1.69,1310.8,0.0,24.8,8.121,319.8,2.06
2025-09-11 03:39:54,2025-09-11,03:39:54,out,2.63,17.9,65.7,24.7,20.054,335.2,3.08
2025-09-11 03:40:31,2025-09-11,03:40:31,in,0.88,1310.8,0.0,24.7,8.08,333.9,2.01
2025-09-11 03:40:58,2025-09-11,03:40:58,out,2.05,17.9,65.8,24.7,20.068,341.2,3.41
2025-09-11 03:41:34,2025-09-11,03:41:34,in,1.33,1310.8,0.0,24.7,8.08,324.1,1.87
2025-09-11 03:42:01,2025-09-11,03:42:01,out,2.07,17.9,65.8,24.7,20.068,337.1,3.11
2025-09-11 03:42:38,2025-09-11,03:42:38,in,1.36,1310.8,0.0,24.7,8.08,330.0,1.86
2025-09-11 03:43:04,2025-09-11,03:43:04,out,1.92,17.8,65.9,24.6,19.99,341.6,2.99
2025-09-11 03:43:42,2025-09-11,03:43:42,in,1.21,1310.8,0.0,24.7,8.08,339.9,1.75
2025-09-11 03:44:08,2025-09-11,03:44:08,out,2.05,17.8,65.7,24.6,19.962,334.3,3.48
2025-09-11 03:44:45,2025-09-11,03:44:45,in,1.24,1310.8,0.0,24.7,8.08,326.4,1.82
2025-09-11 03:45:12,2025-09-11,03:45:12,out,2.41,17.7,65.4,24.6,19.919,334.8,2.87
2025-09-11 03:45:48,2025-09-11,03:45:48,in,1.43,1310.8,0.0,24.7,8.08,315.8,1.98
2025-09-11 03:46:15,2025-09-11,03:46:15,out,2.35,17.6,65.0,24.6,19.863,344.0,3.47
2025-09-11 03:46:52,2025-09-11,03:46:52,in,1.17,1310.8,0.0,24.7,8.08,334.3,1.63
2025-09-11 03:47:18,2025-09-11,03:47:18,out,1.6,17.5,64.8,24.6,19.834,347.7,2.72
2025-09-11 03:47:56,2025-09-11,03:47:56,in,0.89,1310.8,0.0,24.7,8.08,332.6,1.77
2025-09-11 03:48:22,2025-09-11,03:48:22,out,1.91,17.5,64.8,24.6,19.834,352.4,2.25
2025-09-11 03:48:59,2025-09-11,03:48:59,in,1.26,1310.8,0.0,24.7,8.08,333.4,1.92
2025-09-11 03:49:26,2025-09-11,03:49:26,out,2.24,17.5,64.7,24.6,19.82,354.4,2.9
2025-09-11 03:50:03,2025-09-11,03:50:03,in,1.07,1310.8,0.0,24.6,8.038,331.6,1.94
2025-09-11 03:50:29,2025-09-11,03:50:29,out,2.34,17.5,64.6,24.6,19.806,357.1,2.76
2025-09-11 03:51:06,2025-09-11,03:51:06,in,1.19,1310.8,0.0,24.6,8.038,333.9,1.9
2025-09-11 03:51:32,2025-09-11,03:51:32,out,2.13,17.4,64.4,24.6,19.777,351.2,3.34
2025-09-11 03:52:10,2025-09-11,03:52:10,in,1.32,1310.8,0.0,24.6,8.038,333.0,1.85
2025-09-11 03:52:36,2025-09-11,03:52:36,out,1.34,17.4,64.3,24.6,19.763,351.7,2.97
2025-09-11 03:53:13,2025-09-11,03:53:13,in,0.89,1310.8,0.0,24.6,8.038,317.9,1.97
2025-09-11 03:53:40,2025-09-11,03:53:40,out,1.72,17.4,64.2,24.6,19.749,2.5,2.32
2025-09-11 03:54:17,2025-09-11,03:54:17,in,1.16,1310.8,0.0,24.6,8.038,332.3,1.66
2025-09-11 03:54:43,2025-09-11,03:54:43,out,1.83,17.3,64.0,24.6,19.72,336.8,2.68
2025-09-11 03:55:20,2025-09-11,03:55:20,in,1.06,1310.8,0.0,24.6,8.038,316.9,1.82
2025-09-11 03:55:46,2025-09-11,03:55:46,out,2.53,17.2,63.6,24.6,19.663,333.5,3.39
2025-09-11 03:56:24,2025-09-11,03:56:24,in,1.96,,,1310.8,,24.6,0.0
2025-09-11 03:56:50,2025-09-11,03:56:50,out,2.2,17.1,63.3,24.6,19.62,334.2,3.09
2025-09-11 03:57:27,2025-09-11,03:57:27,in,1.81,1310.8,0.0,24.7,8.08,318.1,1.97
2025-09-11 03:57:54,2025-09-11,03:57:54,out,1.96,17.1,63.2,24.6,19.606,332.4,2.98
2025-09-11 03:58:30,2025-09-11,03:58:30,in,1.07,1310.8,0.0,24.7,8.08,320.5,1.71
2025-09-11 03:58:57,2025-09-11,03:58:57,out,1.88,17.1,63.2,24.6,19.606,324.6,2.75
2025-09-11 03:59:34,2025-09-11,03:59:34,in,1.64,1310.8,0.0,24.7,8.08,316.6,2.11
2025-09-11 04:00:00,2025-09-11,04:00:00,out,1.68,17.1,63.1,24.6,19.592,325.9,2.33
2025-09-11 04:00:38,2025-09-11,04:00:38,in,1.11,1310.8,0.0,24.7,8.08,313.3,1.77
2025-09-11 04:01:04,2025-09-11,04:01:04,out,1.59,17.1,63.0,24.6,19.577,314.9,2.63
2025-09-11 04:01:41,2025-09-11,04:01:41,in,1.1,1310.8,0.0,24.7,8.08,317.1,1.52
2025-09-11 04:02:08,2025-09-11,04:02:08,out,1.65,17.0,62.9,24.6,19.563,318.8,2.11
2025-09-11 04:02:45,2025-09-11,04:02:45,in,1.24,1310.8,0.0,24.7,8.08,316.6,1.68
2025-09-11 04:03:11,2025-09-11,04:03:11,out,0.71,17.0,62.8,24.6,19.549,302.9,2.14
2025-09-11 04:03:48,2025-09-11,04:03:48,in,1.09,1310.8,0.0,24.7,8.08,323.1,1.44
2025-09-11 04:04:14,2025-09-11,04:04:14,out,0.87,17.0,62.8,24.6,19.549,267.9,1.52
2025-09-11 04:04:52,2025-09-11,04:04:52,in,0.93,1310.8,0.0,24.7,8.08,332.0,1.7
2025-09-11 04:05:18,2025-09-11,04:05:18,out,1.31,17.0,62.8,24.6,19.549,251.5,1.56
2025-09-11 04:05:56,2025-09-11,04:05:56,in,0.69,1310.8,0.0,24.7,8.08,327.6,1.79
2025-09-11 04:06:22,2025-09-11,04:06:22,out,0.84,17.0,62.8,24.6,19.549,245.1,1.37
2025-09-11 04:06:59,2025-09-11,04:06:59,in,0.88,1310.8,0.0,24.7,8.08,318.0,1.76
2025-09-11 04:07:25,2025-09-11,04:07:25,out,0.84,17.0,62.9,24.6,19.563,248.1,1.33
2025-09-11 04:08:02,2025-09-11,04:08:02,in,0.64,1310.8,0.0,24.7,8.08,343.0,1.6
2025-09-11 04:08:28,2025-09-11,04:08:28,out,0.83,17.1,63.0,24.6,19.577,230.6,1.27
2025-09-11 04:09:06,2025-09-11,04:09:06,in,0.62,1310.8,0.0,24.7,8.08,324.3,1.38
2025-09-11 04:09:32,2025-09-11,04:09:32,out,1.04,17.1,63.0,24.6,19.577,197.1,1.3
2025-09-11 04:10:10,2025-09-11,04:10:10,in,0.48,1310.8,0.0,24.7,8.08,329.2,0.85
2025-09-11 04:10:36,2025-09-11,04:10:36,out,1.08,17.1,63.2,24.6,19.606,204.0,1.32
2025-09-11 04:11:13,2025-09-11,04:11:13,in,0.89,1310.8,0.0,24.7,8.08,329.2,1.34
2025-09-11 04:11:39,2025-09-11,04:11:39,out,1.05,17.0,63.3,24.5,19.529,205.9,1.45
2025-09-11 04:12:16,2025-09-11,04:12:16,in,0.86,1310.8,0.0,24.7,8.08,327.1,1.63
2025-09-11 04:12:42,2025-09-11,04:12:42,out,0.42,17.1,63.4,24.5,19.544,194.5,1.21
2025-09-11 04:13:20,2025-09-11,04:13:20,in,0.76,1310.8,0.0,24.6,8.038,322.8,2.02
2025-09-11 04:13:46,2025-09-11,04:13:46,out,0.74,17.1,63.5,24.5,19.558,205.3,1.43
2025-09-11 04:14:24,2025-09-11,04:14:24,in,1.39,1310.8,0.0,24.5,7.997,323.2,1.88
2025-09-11 04:14:50,2025-09-11,04:14:50,out,0.14,17.1,63.7,24.4,19.495,174.0,1.05
2025-09-11 04:15:27,2025-09-11,04:15:27,in,0.96,1310.8,0.0,24.5,7.997,323.2,2.23
2025-09-11 04:15:53,2025-09-11,04:15:53,out,0.75,17.1,63.7,24.5,19.586,220.4,1.06
2025-09-11 04:16:30,2025-09-11,04:16:30,in,0.92,1310.8,0.0,24.4,7.955,327.3,1.32
2025-09-11 04:16:56,2025-09-11,04:16:56,out,0.85,17.1,63.9,24.4,19.524,228.2,0.96
2025-09-11 04:17:34,2025-09-11,04:17:34,in,0.97,1310.8,0.0,24.4,7.955,321.2,1.49
2025-09-11 04:18:30,2025-09-11,04:18:30,out,1.14,17.2,64.5,24.4,19.609,237.4,1.35
2025-09-11 04:18:38,2025-09-11,04:18:38,in,0.53,1310.8,0.0,24.3,7.914,335.1,1.64
2025-09-11 04:19:32,2025-09-11,04:19:32,out,0.97,17.3,64.7,24.4,19.637,225.4,1.51
2025-09-11 04:19:41,2025-09-11,04:19:41,in,0.38,1310.8,0.0,24.3,7.914,332.8,1.38
2025-09-11 04:20:36,2025-09-11,04:20:36,out,1.26,17.3,64.8,24.4,19.651,239.9,1.4
2025-09-11 04:20:44,2025-09-11,04:20:44,in,1.14,1310.8,0.0,24.3,7.914,318.7,1.91
2025-09-11 04:21:39,2025-09-11,04:21:39,out,1.09,17.3,64.8,24.4,19.651,232.3,1.28
2025-09-11 04:21:48,2025-09-11,04:21:48,in,0.65,1310.8,0.0,24.3,7.914,326.0,1.44
2025-09-11 04:22:42,2025-09-11,04:22:42,out,1.18,17.3,64.9,24.4,19.665,238.3,1.41
2025-09-11 04:22:52,2025-09-11,04:22:52,in,0.55,1310.8,0.0,24.3,7.914,341.6,1.52
2025-09-11 04:23:46,2025-09-11,04:23:46,out,1.48,17.4,65.0,24.4,19.679,231.1,1.69
2025-09-11 04:23:55,2025-09-11,04:23:55,in,0.34,1310.8,0.0,24.3,7.914,349.9,1.28
2025-09-11 04:24:50,2025-09-11,04:24:50,out,1.39,17.3,65.1,24.3,19.602,232.6,1.61
2025-09-11 04:24:58,2025-09-11,04:24:58,in,0.74,1310.8,0.0,24.3,7.914,325.6,1.67
2025-09-11 04:25:53,2025-09-11,04:25:53,out,0.7,17.3,65.2,24.3,19.616,235.5,1.53
2025-09-11 04:26:02,2025-09-11,04:26:02,in,0.57,1310.8,0.0,24.3,7.914,324.8,1.78
2025-09-11 04:26:56,2025-09-11,04:26:56,out,0.9,17.3,65.3,24.3,19.63,253.4,1.4
2025-09-11 04:27:06,2025-09-11,04:27:06,in,0.97,1310.8,0.0,24.3,7.914,334.1,1.5
2025-09-11 04:28:00,2025-09-11,04:28:00,out,0.6,17.4,65.4,24.3,19.644,267.8,0.95
2025-09-11 04:28:10,2025-09-11,04:28:10,in,0.73,1310.8,0.0,24.3,7.914,335.7,2.07
2025-09-11 04:29:04,2025-09-11,04:29:04,out,0.84,17.4,65.4,24.3,19.644,280.5,0.95
2025-09-11 04:29:13,2025-09-11,04:29:13,in,0.73,1310.8,0.0,24.3,7.914,325.0,1.14
2025-09-11 04:30:07,2025-09-11,04:30:07,out,0.71,17.4,65.4,24.3,19.644,271.8,1.03
2025-09-11 04:30:16,2025-09-11,04:30:16,in,0.87,1310.8,0.0,24.3,7.914,335.1,1.57
2025-09-11 04:31:10,2025-09-11,04:31:10,out,1.04,17.4,65.4,24.3,19.644,253.9,1.16
2025-09-11 04:31:20,2025-09-11,04:31:20,in,0.72,1310.8,0.0,24.3,7.914,339.6,1.88
2025-09-11 04:32:14,2025-09-11,04:32:14,out,1.05,17.4,65.5,24.3,19.658,265.6,1.35
2025-09-11 04:32:24,2025-09-11,04:32:24,in,0.97,1310.8,0.0,24.3,7.914,335.7,1.73
2025-09-11 04:33:18,2025-09-11,04:33:18,out,0.99,17.4,65.6,24.3,19.672,259.9,1.32
2025-09-11 04:33:27,2025-09-11,04:33:27,in,0.76,1310.8,0.0,24.3,7.914,324.5,1.31
2025-09-11 04:34:21,2025-09-11,04:34:21,out,0.77,17.4,65.6,24.3,19.672,286.1,1.41
2025-09-11 04:34:30,2025-09-11,04:34:30,in,0.94,1310.8,0.0,24.3,7.914,329.8,1.23
2025-09-11 04:35:24,2025-09-11,04:35:24,out,1.16,17.4,65.7,24.3,19.687,293.3,1.41
2025-09-11 04:35:34,2025-09-11,04:35:34,in,1.27,1310.8,0.0,24.3,7.914,320.8,1.59
2025-09-11 04:36:28,2025-09-11,04:36:28,out,0.45,17.4,65.7,24.3,19.687,296.8,1.2
2025-09-11 04:36:38,2025-09-11,04:36:38,in,1.31,1310.8,0.0,24.3,7.914,324.6,2.33
2025-09-11 04:37:32,2025-09-11,04:37:32,out,1.29,17.5,65.8,24.3,19.701,303.7,1.49
2025-09-11 04:37:41,2025-09-11,04:37:41,in,1.07,1310.8,0.0,24.2,7.872,324.3,1.82
2025-09-11 04:38:35,2025-09-11,04:38:35,out,0.94,17.5,65.8,24.3,19.701,260.8,1.64
2025-09-11 04:38:44,2025-09-11,04:38:44,in,1.0,1310.8,0.0,24.2,7.872,332.4,1.81
2025-09-11 04:39:38,2025-09-11,04:39:38,out,1.12,17.5,65.9,24.3,19.715,279.9,1.51
2025-09-11 04:39:48,2025-09-11,04:39:48,in,1.12,1310.8,0.0,24.2,7.872,322.7,1.69
2025-09-11 04:40:42,2025-09-11,04:40:42,out,0.99,17.5,65.9,24.3,19.715,252.0,1.55
2025-09-11 04:40:52,2025-09-11,04:40:52,in,0.99,1310.8,0.0,24.1,7.831,335.0,1.48
2025-09-11 04:41:46,2025-09-11,04:41:46,out,0.52,17.4,66.0,24.2,19.637,277.4,1.5
2025-09-11 04:41:55,2025-09-11,04:41:55,in,0.83,1310.8,0.0,24.1,7.831,323.0,1.49
2025-09-11 04:42:49,2025-09-11,04:42:49,out,0.89,17.4,66.0,24.2,19.637,286.2,1.08
2025-09-11 04:42:58,2025-09-11,04:42:58,in,0.72,1310.8,0.0,24.1,7.831,327.9,1.84
2025-09-11 04:43:52,2025-09-11,04:43:52,out,0.76,17.4,66.0,24.2,19.637,295.5,1.05
2025-09-11 04:44:02,2025-09-11,04:44:02,in,0.96,1310.8,0.0,24.1,7.831,327.2,1.65
2025-09-11 04:44:56,2025-09-11,04:44:56,out,0.35,17.4,66.1,24.2,19.651,331.4,0.7
2025-09-11 04:45:06,2025-09-11,04:45:06,in,1.14,1310.8,0.0,24.1,7.831,325.8,1.53
2025-09-11 04:46:00,2025-09-11,04:46:00,out,0.83,17.4,66.1,24.2,19.651,328.8,1.0
2025-09-11 04:46:09,2025-09-11,04:46:09,in,1.31,1310.8,0.0,24.1,7.831,324.1,1.74
2025-09-11 04:47:03,2025-09-11,04:47:03,out,0.73,17.5,66.2,24.2,19.665,319.1,1.13
2025-09-11 04:47:12,2025-09-11,04:47:12,in,1.04,1310.8,0.0,24.1,7.831,331.3,1.62
2025-09-11 04:48:07,2025-09-11,04:48:07,out,0.48,17.4,66.3,24.1,19.587,331.9,0.66
2025-09-11 04:48:16,2025-09-11,04:48:16,in,0.63,1310.8,0.0,24.0,7.789,337.4,1.67
2025-09-11 04:49:10,2025-09-11,04:49:10,out,0.3,17.4,66.3,24.1,19.587,314.8,0.62
2025-09-11 04:49:20,2025-09-11,04:49:20,in,1.32,1310.8,0.0,24.0,7.789,322.1,1.72
2025-09-11 04:50:14,2025-09-11,04:50:14,out,0.24,17.4,66.3,24.1,19.587,13.4,0.34
2025-09-11 04:50:23,2025-09-11,04:50:23,in,1.3,1310.8,0.0,24.0,7.789,321.3,2.59
2025-09-11 04:51:18,2025-09-11,04:51:18,out,0.24,17.4,66.3,24.1,19.587,342.9,0.39
2025-09-11 04:51:26,2025-09-11,04:51:26,in,1.12,1310.8,0.0,23.9,7.748,323.0,1.67
2025-09-11 04:52:21,2025-09-11,04:52:21,out,0.34,,,17.4,,0.0,0.49
2025-09-11 04:52:30,2025-09-11,04:52:30,in,1.2,1310.8,0.0,23.9,7.748,320.5,1.53
2025-09-11 04:53:24,2025-09-11,04:53:24,out,0.33,17.3,66.4,24.0,19.509,358.0,0.56
2025-09-11 04:53:34,2025-09-11,04:53:34,in,1.17,1310.8,0.0,23.8,7.706,324.1,1.53
2025-09-11 04:54:28,2025-09-11,04:54:28,out,0.48,17.3,66.4,24.0,19.509,2.7,0.71
2025-09-11 04:54:37,2025-09-11,04:54:37,in,0.91,1310.8,0.0,23.8,7.706,327.4,1.6
2025-09-11 04:55:32,2025-09-11,04:55:32,out,0.71,,,17.3,,24.0,6.64
2025-09-11 04:55:40,2025-09-11,04:55:40,in,1.21,1310.8,0.0,23.8,7.706,322.2,2.28
2025-09-11 04:56:35,2025-09-11,04:56:35,out,0.79,17.3,66.4,24.0,19.509,75.7,0.87
2025-09-11 04:56:44,2025-09-11,04:56:44,in,0.86,1310.8,0.0,23.7,7.665,330.9,1.84
2025-09-11 04:57:38,2025-09-11,04:57:38,out,0.75,17.3,66.5,24.0,19.523,71.5,0.94
2025-09-11 04:57:48,2025-09-11,04:57:48,in,0.84,1310.8,0.0,23.6,7.623,330.2,1.71
2025-09-11 04:58:42,2025-09-11,04:58:42,out,0.63,17.3,66.5,24.0,19.523,73.2,0.71
2025-09-11 04:58:51,2025-09-11,04:58:51,in,1.02,1310.8,0.0,23.6,7.623,332.0,1.66
2025-09-11 04:59:46,2025-09-11,04:59:46,out,0.86,17.2,66.5,23.9,19.431,72.8,0.96
2025-09-11 04:59:54,2025-09-11,04:59:54,in,1.22,1310.8,0.0,23.5,7.582,325.7,1.63
2025-09-11 05:00:49,2025-09-11,05:00:49,out,0.83,17.3,66.6,23.9,19.445,58.3,1.0
2025-09-11 05:00:58,2025-09-11,05:00:58,in,1.22,1310.8,0.0,23.5,7.582,319.0,1.73
2025-09-11 05:01:52,2025-09-11,05:01:52,out,0.83,17.3,66.8,23.9,19.472,47.3,1.02
2025-09-11 05:02:02,2025-09-11,05:02:02,in,1.08,1310.8,0.0,23.4,7.54,334.3,1.98
2025-09-11 05:02:56,2025-09-11,05:02:56,out,1.02,17.3,66.9,23.9,19.486,52.2,1.11
2025-09-11 05:03:05,2025-09-11,05:03:05,in,0.94,1310.8,0.0,23.4,7.54,329.0,1.61
2025-09-11 05:04:00,2025-09-11,05:04:00,out,1.33,17.4,67.1,23.9,19.514,54.8,1.4
2025-09-11 05:04:08,2025-09-11,05:04:08,in,0.95,1310.8,0.0,23.4,7.54,330.2,1.92
2025-09-11 05:05:03,2025-09-11,05:05:03,out,0.83,17.4,67.2,23.9,19.528,67.1,1.4
2025-09-11 05:05:12,2025-09-11,05:05:12,in,1.17,1310.8,0.0,23.4,7.54,319.3,2.07
2025-09-11 05:06:06,2025-09-11,05:06:06,out,0.67,17.3,67.3,23.8,19.45,78.6,0.99
2025-09-11 05:06:16,2025-09-11,05:06:16,in,0.39,1310.8,0.0,23.4,7.54,9.1,1.46
2025-09-11 05:07:10,2025-09-11,05:07:10,out,0.6,17.3,67.3,23.8,19.45,90.0,0.99
2025-09-11 05:07:19,2025-09-11,05:07:19,in,1.05,1310.8,0.0,23.4,7.54,326.8,1.7
2025-09-11 05:08:14,2025-09-11,05:08:14,out,0.79,17.3,67.3,23.8,19.45,91.9,0.92
2025-09-11 05:08:22,2025-09-11,05:08:22,in,1.26,1310.8,0.0,23.4,7.54,320.8,1.6
2025-09-11 05:09:17,2025-09-11,05:09:17,out,0.74,17.4,67.4,23.8,19.463,102.1,0.95
2025-09-11 05:09:26,2025-09-11,05:09:26,in,1.37,1310.8,0.0,23.4,7.54,325.6,1.86
2025-09-11 05:10:20,2025-09-11,05:10:20,out,1.06,17.3,67.4,23.7,19.371,109.9,1.21
2025-09-11 05:10:30,2025-09-11,05:10:30,in,1.21,1310.8,0.0,23.4,7.54,318.9,1.64
2025-09-11 05:11:24,2025-09-11,05:11:24,out,1.11,17.3,67.5,23.7,19.385,129.6,1.24
2025-09-11 05:11:33,2025-09-11,05:11:33,in,1.29,1310.8,0.0,23.4,7.54,325.2,1.81
2025-09-11 05:12:28,2025-09-11,05:12:28,out,1.07,17.3,67.7,23.7,19.412,141.2,1.33
2025-09-11 05:12:36,2025-09-11,05:12:36,in,1.16,1310.8,0.0,23.4,7.54,326.7,1.73
2025-09-11 05:13:31,2025-09-11,05:13:31,out,1.19,17.4,67.8,23.7,19.426,137.8,1.45
2025-09-11 05:13:40,2025-09-11,05:13:40,in,0.95,1310.8,0.0,23.4,7.54,335.7,1.49
2025-09-11 05:14:34,2025-09-11,05:14:34,out,1.46,17.3,67.8,23.6,19.334,139.5,1.66
2025-09-11 05:14:44,2025-09-11,05:14:44,in,0.97,1310.8,0.0,23.4,7.54,331.0,1.58
2025-09-11 05:15:38,2025-09-11,05:15:38,out,1.4,17.3,68.1,23.6,19.375,130.2,1.6
2025-09-11 05:15:47,2025-09-11,05:15:47,in,1.22,1310.8,0.0,23.4,7.54,337.2,1.46
2025-09-11 05:16:42,2025-09-11,05:16:42,out,1.63,17.3,68.2,23.5,19.296,140.1,1.82
2025-09-11 05:16:50,2025-09-11,05:16:50,in,1.0,1310.8,0.0,23.4,7.54,324.0,1.55
2025-09-11 05:17:45,2025-09-11,05:17:45,out,1.55,17.3,68.4,23.5,19.324,138.0,1.84
2025-09-11 05:17:54,2025-09-11,05:17:54,in,0.77,,,1310.8,,332.9,1.33
2025-09-11 05:18:48,2025-09-11,05:18:48,out,1.35,17.3,68.6,23.4,19.258,141.7,1.82
2025-09-11 05:18:58,2025-09-11,05:18:58,in,1.22,,,1310.8,,325.2,1.58
2025-09-11 05:19:52,2025-09-11,05:19:52,out,1.14,17.2,68.8,23.3,19.193,140.4,1.95
2025-09-11 05:20:01,2025-09-11,05:20:01,in,1.48,1310.8,0.0,23.3,7.499,317.8,1.62
2025-09-11 05:20:56,2025-09-11,05:20:56,out,1.44,17.3,69.1,23.3,19.234,133.1,1.69
2025-09-11 05:21:04,2025-09-11,05:21:04,in,0.58,1310.8,0.0,23.3,7.499,328.8,1.45
2025-09-11 05:21:59,2025-09-11,05:21:59,out,1.56,17.2,69.2,23.2,19.154,134.6,1.74
2025-09-11 05:22:08,2025-09-11,05:22:08,in,0.87,1310.8,0.0,23.3,7.499,332.4,1.79
2025-09-11 05:23:02,2025-09-11,05:23:02,out,1.71,17.3,69.4,23.2,19.181,139.2,1.87
2025-09-11 05:23:12,2025-09-11,05:23:12,in,0.82,1310.8,0.0,23.3,7.499,324.6,1.79
2025-09-11 05:24:06,2025-09-11,05:24:06,out,1.65,17.2,69.5,23.1,19.102,136.7,1.82
2025-09-11 05:24:15,2025-09-11,05:24:15,in,0.38,1310.8,0.0,23.3,7.499,315.4,1.56
2025-09-11 05:25:10,2025-09-11,05:25:10,out,1.6,17.2,69.7,23.1,19.129,130.8,1.91
2025-09-11 05:25:18,2025-09-11,05:25:18,in,0.97,1310.8,0.0,23.2,7.457,331.0,1.4
2025-09-11 05:26:13,2025-09-11,05:26:13,out,1.58,17.1,69.8,23.0,19.049,129.8,2.01
2025-09-11 05:26:22,2025-09-11,05:26:22,in,0.88,1310.8,0.0,23.2,7.457,312.8,1.57
2025-09-11 05:27:16,2025-09-11,05:27:16,out,1.44,17.1,70.0,22.9,18.983,133.0,1.7
2025-09-11 05:27:26,2025-09-11,05:27:26,in,1.02,1310.8,0.0,23.2,7.457,331.6,1.49
2025-09-11 05:28:20,2025-09-11,05:28:20,out,1.64,17.1,70.1,22.9,18.997,132.1,1.75
2025-09-11 05:28:29,2025-09-11,05:28:29,in,0.95,1310.8,0.0,23.1,7.416,340.0,1.75
2025-09-11 05:29:24,2025-09-11,05:29:24,out,1.66,17.1,70.2,22.9,19.01,113.3,2.01
2025-09-11 05:29:32,2025-09-11,05:29:32,in,1.25,1310.8,0.0,23.1,7.416,326.6,1.49
2025-09-11 05:30:27,2025-09-11,05:30:27,out,1.39,17.0,70.2,22.8,18.917,112.6,2.57
2025-09-11 05:30:36,2025-09-11,05:30:36,in,1.0,1310.8,0.0,23.0,7.374,327.0,1.77
2025-09-11 05:31:30,2025-09-11,05:31:30,out,0.91,17.0,70.2,22.8,18.917,117.8,2.32
2025-09-11 05:31:40,2025-09-11,05:31:40,in,0.91,1310.8,0.0,23.0,7.374,324.5,1.75
2025-09-11 05:32:34,2025-09-11,05:32:34,out,1.2,17.0,70.2,22.8,18.917,123.0,1.48
2025-09-11 05:32:43,2025-09-11,05:32:43,in,0.77,1310.8,0.0,22.9,7.333,325.3,1.38
2025-09-11 05:33:38,2025-09-11,05:33:38,out,1.46,17.0,70.1,22.8,18.904,136.5,1.86
2025-09-11 05:33:46,2025-09-11,05:33:46,in,0.72,1310.8,0.0,22.9,7.333,334.5,1.45
2025-09-11 05:34:41,2025-09-11,05:34:41,out,1.24,17.0,70.0,22.8,18.89,138.8,1.55
2025-09-11 05:34:50,2025-09-11,05:34:50,in,0.93,1310.8,0.0,23.0,7.374,334.1,1.37
2025-09-11 05:35:44,2025-09-11,05:35:44,out,1.38,17.0,69.9,22.8,18.877,129.7,1.78
2025-09-11 05:35:54,2025-09-11,05:35:54,in,0.76,1310.8,0.0,23.0,7.374,330.7,1.6
2025-09-11 05:36:48,2025-09-11,05:36:48,out,1.21,17.0,69.7,22.8,18.85,142.9,1.69
2025-09-11 05:36:57,2025-09-11,05:36:57,in,0.97,1310.8,0.0,23.0,7.374,324.4,1.55
2025-09-11 05:37:52,2025-09-11,05:37:52,out,1.5,17.0,69.6,22.8,18.836,122.2,1.79
2025-09-11 05:38:00,2025-09-11,05:38:00,in,1.04,1310.8,0.0,23.1,7.416,325.4,1.64
2025-09-11 05:38:55,2025-09-11,05:38:55,out,1.39,16.9,69.5,22.8,18.823,127.6,1.87
2025-09-11 05:39:04,2025-09-11,05:39:04,in,0.78,1310.8,0.0,23.1,7.416,327.3,1.61
2025-09-11 05:39:58,2025-09-11,05:39:58,out,0.34,16.9,69.4,22.8,18.81,156.5,1.61
2025-09-11 05:40:08,2025-09-11,05:40:08,in,0.81,1310.8,0.0,23.1,7.416,330.0,1.6
2025-09-11 05:41:02,2025-09-11,05:41:02,out,0.41,16.9,69.4,22.8,18.81,105.6,0.75
2025-09-11 05:41:11,2025-09-11,05:41:11,in,0.58,1310.8,0.0,23.0,7.374,329.8,1.15
2025-09-11 05:42:06,2025-09-11,05:42:06,out,1.1,16.9,69.3,22.8,18.796,103.5,1.63
2025-09-11 05:42:14,2025-09-11,05:42:14,in,0.98,1310.8,0.0,23.0,7.374,325.5,1.34
2025-09-11 05:43:09,2025-09-11,05:43:09,out,1.27,16.9,69.2,22.8,18.783,122.7,1.58
2025-09-11 05:43:18,2025-09-11,05:43:18,in,0.95,1310.8,0.0,23.0,7.374,314.1,1.5
2025-09-11 05:44:12,2025-09-11,05:44:12,out,1.44,16.8,69.1,22.8,18.769,120.0,1.74
2025-09-11 05:44:22,2025-09-11,05:44:22,in,1.14,1310.8,0.0,23.0,7.374,327.2,1.85
2025-09-11 05:45:16,2025-09-11,05:45:16,out,1.76,16.8,68.9,22.8,18.742,126.0,2.11
2025-09-11 05:45:25,2025-09-11,05:45:25,in,0.73,1310.8,0.0,23.1,7.416,319.3,1.73
2025-09-11 05:46:20,2025-09-11,05:46:20,out,1.58,16.8,68.6,22.9,18.795,129.8,2.12
2025-09-11 05:46:28,2025-09-11,05:46:28,in,1.18,1310.8,0.0,23.2,7.457,329.2,1.79
2025-09-11 05:47:23,2025-09-11,05:47:23,out,1.31,16.8,68.5,22.9,18.781,106.8,1.7
2025-09-11 05:47:32,2025-09-11,05:47:32,in,1.03,1310.8,0.0,23.2,7.457,313.1,2.06
2025-09-11 05:48:26,2025-09-11,05:48:26,out,1.65,16.7,68.3,22.9,18.754,111.6,1.86
2025-09-11 05:48:36,2025-09-11,05:48:36,in,1.08,1310.8,0.0,23.2,7.457,319.5,1.54
2025-09-11 05:49:30,2025-09-11,05:49:30,out,1.15,16.7,68.2,22.9,18.74,107.4,1.59
2025-09-11 05:49:39,2025-09-11,05:49:39,in,0.64,1310.8,0.0,23.2,7.457,316.7,1.42
2025-09-11 05:50:34,2025-09-11,05:50:34,out,0.59,16.7,68.1,22.9,18.727,77.9,1.4
2025-09-11 05:50:42,2025-09-11,05:50:42,in,1.22,1310.8,0.0,23.1,7.416,327.1,1.57
2025-09-11 05:51:38,2025-09-11,05:51:38,out,0.63,16.7,68.1,22.9,18.727,59.9,1.02
2025-09-11 05:51:46,2025-09-11,05:51:46,in,0.97,1310.8,0.0,23.1,7.416,328.1,1.75
2025-09-11 05:52:40,2025-09-11,05:52:40,out,0.46,16.7,68.1,22.9,18.727,63.6,0.85
2025-09-11 05:52:50,2025-09-11,05:52:50,in,0.99,1310.8,0.0,23.1,7.416,333.2,1.67
2025-09-11 05:53:44,2025-09-11,05:53:44,out,0.9,16.7,68.1,22.9,18.727,80.8,1.0
2025-09-11 05:53:53,2025-09-11,05:53:53,in,0.66,1310.8,0.0,23.0,7.374,328.7,1.37
2025-09-11 05:54:48,2025-09-11,05:54:48,out,0.57,16.7,68.1,22.9,18.727,68.7,0.96
2025-09-11 05:54:56,2025-09-11,05:54:56,in,0.8,1310.8,0.0,23.0,7.374,322.9,1.28
2025-09-11 05:55:51,2025-09-11,05:55:51,out,0.78,16.7,68.0,22.9,18.713,62.8,0.85
2025-09-11 05:56:00,2025-09-11,05:56:00,in,0.75,1310.8,0.0,23.0,7.374,329.4,1.48
2025-09-11 05:56:55,2025-09-11,05:56:55,out,0.81,16.7,68.0,22.9,18.713,64.2,0.87
2025-09-11 05:57:04,2025-09-11,05:57:04,in,1.03,1310.8,0.0,23.0,7.374,324.0,1.22
2025-09-11 05:57:58,2025-09-11,05:57:58,out,0.47,16.7,68.0,22.9,18.713,21.0,0.92
2025-09-11 05:58:07,2025-09-11,05:58:07,in,0.89,1310.8,0.0,22.9,7.333,331.6,1.77
2025-09-11 05:59:02,2025-09-11,05:59:02,out,0.51,16.7,68.0,22.9,18.713,54.1,0.67
2025-09-11 05:59:10,2025-09-11,05:59:10,in,1.19,1310.8,0.0,22.9,7.333,318.8,1.53
2025-09-11 06:00:06,2025-09-11,06:00:06,out,0.51,16.7,68.0,22.9,18.713,55.4,0.83
2025-09-11 06:00:14,2025-09-11,06:00:14,in,0.94,1310.8,0.0,22.8,7.292,316.0,1.37
2025-09-11 06:01:09,2025-09-11,06:01:09,out,0.62,16.7,68.0,22.9,18.713,75.7,0.77
2025-09-11 06:01:18,2025-09-11,06:01:18,in,0.45,1310.8,0.0,22.8,7.292,326.9,1.31
2025-09-11 06:02:12,2025-09-11,06:02:12,out,0.65,16.6,67.9,22.9,18.7,80.9,0.94
2025-09-11 06:02:21,2025-09-11,06:02:21,in,0.98,1310.8,0.0,22.8,7.292,327.2,1.69
2025-09-11 06:03:16,2025-09-11,06:03:16,out,0.34,16.7,68.0,22.9,18.713,29.5,0.63
2025-09-11 06:03:24,2025-09-11,06:03:24,in,0.91,1310.8,0.0,22.8,7.292,327.9,1.72
2025-09-11 06:04:20,2025-09-11,06:04:20,out,0.82,16.6,67.9,22.9,18.7,28.6,1.13
2025-09-11 06:04:28,2025-09-11,06:04:28,in,0.75,,,1310.8,,337.0,1.55
2025-09-11 06:05:23,2025-09-11,06:05:23,out,0.73,16.5,67.9,22.8,18.607,23.0,1.14
2025-09-11 06:05:32,2025-09-11,06:05:32,in,0.56,1310.8,0.0,22.7,7.25,333.4,1.22
2025-09-11 06:06:26,2025-09-11,06:06:26,out,1.36,16.5,67.9,22.8,18.607,55.7,1.62
2025-09-11 06:06:35,2025-09-11,06:06:35,in,0.83,1310.8,0.0,22.7,7.25,313.8,1.42
2025-09-11 06:07:30,2025-09-11,06:07:30,out,0.93,16.6,68.0,22.8,18.621,59.6,1.59
2025-09-11 06:07:38,2025-09-11,06:07:38,in,0.8,1310.8,0.0,22.6,7.209,316.8,1.63
2025-09-11 06:08:34,2025-09-11,06:08:34,out,0.44,16.6,68.1,22.8,18.634,83.4,1.13
2025-09-11 06:08:42,2025-09-11,06:08:42,in,1.08,1310.8,0.0,22.6,7.209,323.1,1.61
2025-09-11 06:09:37,2025-09-11,06:09:37,out,0.92,16.6,68.1,22.8,18.634,46.5,1.1
2025-09-11 06:09:46,2025-09-11,06:09:46,in,0.72,1310.8,0.0,22.6,7.209,332.5,2.28
2025-09-11 06:10:40,2025-09-11,06:10:40,out,0.63,16.5,68.1,22.7,18.542,29.1,1.32
2025-09-11 06:10:49,2025-09-11,06:10:49,in,0.88,1310.8,0.0,22.5,7.167,325.3,1.71
2025-09-11 06:11:44,2025-09-11,06:11:44,out,0.44,16.5,68.2,22.7,18.555,355.7,0.75
2025-09-11 06:11:52,2025-09-11,06:11:52,in,1.04,1310.8,0.0,22.5,7.167,334.1,1.9
2025-09-11 06:12:48,2025-09-11,06:12:48,out,0.52,16.5,68.2,22.7,18.555,339.7,0.75
2025-09-11 06:12:56,2025-09-11,06:12:56,in,1.48,1310.8,0.0,22.5,7.167,323.4,2.06
2025-09-11 06:13:51,2025-09-11,06:13:51,out,0.5,16.5,68.2,22.7,18.555,348.6,0.75
2025-09-11 06:14:00,2025-09-11,06:14:00,in,1.04,1310.8,0.0,22.5,7.167,308.5,1.76
2025-09-11 06:14:54,2025-09-11,06:14:54,out,0.52,16.5,68.3,22.7,18.569,2.2,0.7
2025-09-11 06:15:03,2025-09-11,06:15:03,in,0.98,1310.8,0.0,22.5,7.167,320.4,1.76
2025-09-11 06:15:58,2025-09-11,06:15:58,out,1.03,16.4,68.3,22.6,18.476,59.2,1.24
2025-09-11 06:16:06,2025-09-11,06:16:06,in,0.63,1310.8,0.0,22.4,7.125,332.5,1.47
2025-09-11 06:17:02,2025-09-11,06:17:02,out,0.51,,,16.5,,68.6,1.11
2025-09-11 06:17:10,2025-09-11,06:17:10,in,0.76,1310.8,0.0,22.4,7.125,322.1,1.49
2025-09-11 06:18:05,2025-09-11,06:18:05,out,1.05,16.5,68.5,22.6,18.503,110.6,1.2
2025-09-11 06:18:14,2025-09-11,06:18:14,in,0.69,1310.8,0.0,22.5,7.167,343.1,1.6
2025-09-11 06:19:08,2025-09-11,06:19:08,out,1.42,16.5,68.5,22.6,18.503,114.4,1.64
2025-09-11 06:19:17,2025-09-11,06:19:17,in,1.1,1310.8,0.0,22.5,7.167,313.5,1.65
2025-09-11 06:20:12,2025-09-11,06:20:12,out,1.2,16.5,68.5,22.6,18.503,120.9,1.76
2025-09-11 06:20:20,2025-09-11,06:20:20,in,0.67,1310.8,0.0,22.5,7.167,347.6,1.58
2025-09-11 06:21:16,2025-09-11,06:21:16,out,1.79,,,16.4,,22.6,6.83
2025-09-11 06:21:24,2025-09-11,06:21:24,in,0.85,1310.8,0.0,22.5,7.167,327.4,1.59
2025-09-11 06:22:19,2025-09-11,06:22:19,out,0.95,16.4,68.1,22.6,18.449,113.5,1.45
2025-09-11 06:22:28,2025-09-11,06:22:28,in,1.1,1310.8,0.0,22.6,7.209,326.2,1.77
2025-09-11 06:23:22,2025-09-11,06:23:22,out,0.71,16.5,68.0,22.7,18.528,114.9,1.09
2025-09-11 06:23:31,2025-09-11,06:23:31,in,1.03,1310.8,0.0,22.6,7.209,322.4,1.76
2025-09-11 06:24:26,2025-09-11,06:24:26,out,0.64,16.4,68.0,22.6,18.436,119.3,1.25
2025-09-11 06:24:34,2025-09-11,06:24:34,in,0.94,1310.8,0.0,22.6,7.209,325.3,1.57
2025-09-11 06:25:30,2025-09-11,06:25:30,out,0.56,16.5,68.0,22.7,18.528,119.2,0.98
2025-09-11 06:25:38,2025-09-11,06:25:38,in,0.93,1310.8,0.0,22.7,7.25,323.7,1.5
2025-09-11 06:26:33,2025-09-11,06:26:33,out,0.87,16.5,68.0,22.7,18.528,110.0,0.95
2025-09-11 06:26:42,2025-09-11,06:26:42,in,0.86,1310.8,0.0,22.7,7.25,325.1,1.45
2025-09-11 06:27:36,2025-09-11,06:27:36,out,0.8,16.4,67.9,22.7,18.515,102.2,1.34
2025-09-11 06:27:45,2025-09-11,06:27:45,in,0.65,1310.8,0.0,22.7,7.25,322.2,1.56
2025-09-11 06:28:40,2025-09-11,06:28:40,out,0.94,16.4,67.8,22.7,18.501,117.4,1.18
2025-09-11 06:28:48,2025-09-11,06:28:48,in,0.94,1310.8,0.0,22.7,7.25,327.2,1.3
2025-09-11 06:29:44,2025-09-11,06:29:44,out,1.17,16.4,67.8,22.7,18.501,113.8,1.45
2025-09-11 06:29:52,2025-09-11,06:29:52,in,1.42,1310.8,0.0,22.7,7.25,314.6,2.07
2025-09-11 06:30:47,2025-09-11,06:30:47,out,1.29,16.4,67.6,22.7,18.474,115.2,1.43
2025-09-11 06:30:56,2025-09-11,06:30:56,in,1.08,1310.8,0.0,22.7,7.25,324.4,1.53
2025-09-11 06:31:50,2025-09-11,06:31:50,out,0.87,16.4,67.4,22.8,18.54,124.8,1.43
2025-09-11 06:31:59,2025-09-11,06:31:59,in,0.91,1310.8,0.0,22.7,7.25,318.9,1.32
2025-09-11 06:32:54,2025-09-11,06:32:54,out,0.78,16.4,67.3,22.8,18.526,127.1,0.98
2025-09-11 06:33:02,2025-09-11,06:33:02,in,0.94,1310.8,0.0,22.8,7.292,314.8,1.51
2025-09-11 06:33:58,2025-09-11,06:33:58,out,1.0,16.4,67.2,22.8,18.513,123.6,1.24
2025-09-11 06:34:06,2025-09-11,06:34:06,in,0.59,1310.8,0.0,22.8,7.292,328.0,1.43
2025-09-11 06:35:01,2025-09-11,06:35:01,out,1.28,16.3,67.0,22.8,18.486,110.6,1.48
2025-09-11 06:35:10,2025-09-11,06:35:10,in,0.97,1310.8,0.0,22.8,7.292,328.1,1.81
2025-09-11 06:36:04,2025-09-11,06:36:04,out,0.75,16.3,66.8,22.8,18.459,109.6,1.17
2025-09-11 06:36:13,2025-09-11,06:36:13,in,1.41,1310.8,0.0,22.8,7.292,322.2,2.03
2025-09-11 06:37:08,2025-09-11,06:37:08,out,0.75,16.3,66.7,22.9,18.537,114.8,1.14
2025-09-11 06:37:16,2025-09-11,06:37:16,in,0.84,1310.8,0.0,22.9,7.333,337.0,1.54
2025-09-11 06:38:12,2025-09-11,06:38:12,out,0.82,16.3,66.5,22.9,18.51,117.1,1.06
2025-09-11 06:38:20,2025-09-11,06:38:20,in,1.14,1310.8,0.0,22.9,7.333,322.9,1.67
2025-09-11 06:39:15,2025-09-11,06:39:15,out,0.56,16.3,66.4,22.9,18.496,118.7,0.96
2025-09-11 06:39:24,2025-09-11,06:39:24,in,1.06,1310.8,0.0,22.9,7.333,334.2,1.69
2025-09-11 06:40:18,2025-09-11,06:40:18,out,0.53,16.3,66.3,22.9,18.483,129.2,1.13
2025-09-11 06:40:27,2025-09-11,06:40:27,in,0.68,1310.8,0.0,22.9,7.333,337.7,1.95
2025-09-11 06:41:22,2025-09-11,06:41:22,out,0.88,16.2,66.2,22.9,18.469,93.7,0.98
2025-09-11 06:41:30,2025-09-11,06:41:30,in,1.51,1310.8,0.0,22.9,7.333,330.3,2.06
2025-09-11 06:42:26,2025-09-11,06:42:26,out,0.74,16.2,66.2,22.9,18.469,80.8,1.25
2025-09-11 06:42:34,2025-09-11,06:42:34,in,1.12,1310.8,0.0,22.9,7.333,318.3,1.69
2025-09-11 06:43:29,2025-09-11,06:43:29,out,0.95,16.2,66.1,22.9,18.456,90.4,1.05
2025-09-11 06:43:38,2025-09-11,06:43:38,in,1.27,1310.8,0.0,22.9,7.333,325.5,2.28
2025-09-11 06:44:32,2025-09-11,06:44:32,out,0.54,16.2,66.1,22.9,18.456,76.2,1.13
2025-09-11 06:44:41,2025-09-11,06:44:41,in,1.46,1310.8,0.0,22.9,7.333,322.0,1.95
2025-09-11 06:45:36,2025-09-11,06:45:36,out,0.41,16.2,66.0,22.9,18.442,48.0,1.2
2025-09-11 06:45:44,2025-09-11,06:45:44,in,0.99,1310.8,0.0,22.9,7.333,321.5,2.24
2025-09-11 06:46:40,2025-09-11,06:46:40,out,0.59,16.2,66.0,22.9,18.442,77.3,0.76
2025-09-11 06:46:48,2025-09-11,06:46:48,in,1.04,1310.8,0.0,22.9,7.333,318.9,1.59
2025-09-11 06:47:43,2025-09-11,06:47:43,out,0.69,16.2,66.0,22.9,18.442,91.6,0.93
2025-09-11 06:47:52,2025-09-11,06:47:52,in,1.36,1310.8,0.0,22.9,7.333,319.1,1.95
2025-09-11 06:48:46,2025-09-11,06:48:46,out,0.57,16.2,65.9,22.9,18.428,111.9,0.7
2025-09-11 06:48:55,2025-09-11,06:48:55,in,1.2,1310.8,0.0,22.9,7.333,318.8,1.65
2025-09-11 06:49:50,2025-09-11,06:49:50,out,0.55,16.1,65.8,22.9,18.415,88.0,0.67
2025-09-11 06:49:58,2025-09-11,06:49:58,in,1.05,1310.8,0.0,22.9,7.333,318.8,1.82
2025-09-11 06:50:54,2025-09-11,06:50:54,out,0.48,16.1,65.8,22.9,18.415,80.1,0.73
2025-09-11 06:51:02,2025-09-11,06:51:02,in,0.73,1310.8,0.0,22.9,7.333,318.3,2.1
2025-09-11 06:51:57,2025-09-11,06:51:57,out,0.71,16.1,65.8,22.9,18.415,73.8,0.78
2025-09-11 06:52:06,2025-09-11,06:52:06,in,0.52,1310.8,0.0,22.9,7.333,338.8,1.73
2025-09-11 06:53:00,2025-09-11,06:53:00,out,0.96,16.2,65.8,23.0,18.507,70.5,1.2
2025-09-11 06:53:09,2025-09-11,06:53:09,in,1.18,1310.8,0.0,22.8,7.292,326.5,1.42
2025-09-11 06:54:04,2025-09-11,06:54:04,out,1.09,16.1,65.7,22.9,18.401,69.4,1.38
2025-09-11 06:54:12,2025-09-11,06:54:12,in,0.55,1310.8,0.0,22.8,7.292,345.5,1.09
2025-09-11 06:55:08,2025-09-11,06:55:08,out,1.57,16.1,65.5,22.9,18.374,58.4,1.68
2025-09-11 06:55:16,2025-09-11,06:55:16,in,0.68,1310.8,0.0,22.7,7.25,341.4,1.4
2025-09-11 06:56:11,2025-09-11,06:56:11,out,0.65,16.1,65.6,22.9,18.388,47.4,1.48
2025-09-11 06:56:20,2025-09-11,06:56:20,in,0.57,1310.8,0.0,22.7,7.25,330.7,1.24
2025-09-11 06:57:14,2025-09-11,06:57:14,out,0.19,16.1,65.6,22.9,18.388,79.8,1.38
2025-09-11 06:57:52,2025-09-11,06:57:52,in,0.64,1310.8,0.0,22.6,7.209,335.7,1.61
2025-09-11 06:58:18,2025-09-11,06:58:18,out,0.63,16.1,65.6,22.9,18.388,71.8,1.17
2025-09-11 06:58:54,2025-09-11,06:58:54,in,1.1,1310.8,0.0,22.6,7.209,336.5,2.07
2025-09-11 06:59:22,2025-09-11,06:59:22,out,0.37,16.1,65.6,22.9,18.388,53.5,0.72
2025-09-11 06:59:58,2025-09-11,06:59:58,in,0.92,1310.8,0.0,22.6,7.209,332.5,1.9
2025-09-11 07:00:25,2025-09-11,07:00:25,out,0.47,16.1,65.6,22.9,18.388,84.7,0.7
2025-09-11 07:01:01,2025-09-11,07:01:01,in,0.72,1310.8,0.0,22.6,7.209,323.2,1.7
2025-09-11 07:01:28,2025-09-11,07:01:28,out,0.62,16.1,65.6,22.9,18.388,78.1,0.71
2025-09-11 07:02:04,2025-09-11,07:02:04,in,0.64,1310.8,0.0,22.5,7.167,325.3,1.8
2025-09-11 07:02:32,2025-09-11,07:02:32,out,0.56,16.0,65.6,22.8,18.296,72.1,0.85
2025-09-11 07:03:08,2025-09-11,07:03:08,in,0.49,1310.8,0.0,22.5,7.167,338.1,1.22
2025-09-11 07:03:36,2025-09-11,07:03:36,out,0.79,16.0,65.6,22.8,18.296,60.8,0.85
2025-09-11 07:04:12,2025-09-11,07:04:12,in,0.89,1310.8,0.0,22.5,7.167,334.6,1.48
2025-09-11 07:04:39,2025-09-11,07:04:39,out,0.47,16.0,65.6,22.8,18.296,76.3,0.84
2025-09-11 07:05:15,2025-09-11,07:05:15,in,1.02,1310.8,0.0,22.4,7.125,314.7,1.42
2025-09-11 07:05:42,2025-09-11,07:05:42,out,0.48,16.0,65.6,22.8,18.296,73.7,0.79
2025-09-11 07:06:18,2025-09-11,07:06:18,in,1.13,1310.8,0.0,22.4,7.125,332.3,2.01
2025-09-11 07:06:46,2025-09-11,07:06:46,out,0.42,16.0,65.6,22.8,18.296,68.5,0.63
2025-09-11 07:07:22,2025-09-11,07:07:22,in,1.13,1310.8,0.0,22.3,7.084,327.2,1.82
2025-09-11 07:07:50,2025-09-11,07:07:50,out,0.35,16.0,65.7,22.8,18.309,52.5,0.57
2025-09-11 07:08:26,2025-09-11,07:08:26,in,1.29,1310.8,0.0,22.3,7.084,327.5,1.56
2025-09-11 07:08:53,2025-09-11,07:08:53,out,0.42,16.0,65.7,22.7,18.218,81.8,0.56
2025-09-11 07:09:29,2025-09-11,07:09:29,in,1.05,1310.8,0.0,22.2,7.042,319.1,1.91
2025-09-11 07:09:56,2025-09-11,07:09:56,out,0.72,16.0,65.7,22.7,18.218,82.6,1.06
2025-09-11 07:10:32,2025-09-11,07:10:32,in,0.83,1310.8,0.0,22.2,7.042,326.1,2.13
2025-09-11 07:11:00,2025-09-11,07:11:00,out,0.87,16.0,65.8,22.7,18.231,87.4,1.33
2025-09-11 07:11:36,2025-09-11,07:11:36,in,0.93,1310.8,0.0,22.2,7.042,324.8,1.85
2025-09-11 07:12:04,2025-09-11,07:12:04,out,0.67,16.0,65.9,22.7,18.245,71.3,0.84
2025-09-11 07:12:40,2025-09-11,07:12:40,in,0.8,1310.8,0.0,22.1,7.001,323.5,1.26
2025-09-11 07:13:07,2025-09-11,07:13:07,out,0.96,15.9,66.0,22.6,18.166,59.6,1.17
2025-09-11 07:13:43,2025-09-11,07:13:43,in,0.57,1310.8,0.0,22.1,7.001,330.3,1.28
2025-09-11 07:14:10,2025-09-11,07:14:10,out,1.03,16.0,66.1,22.6,18.18,51.1,1.18
2025-09-11 07:14:46,2025-09-11,07:14:46,in,1.14,1310.8,0.0,22.1,7.001,325.5,1.69
2025-09-11 07:15:14,2025-09-11,07:15:14,out,0.88,16.0,66.2,22.6,18.193,28.3,1.05
2025-09-11 07:15:50,2025-09-11,07:15:50,in,1.35,1310.8,0.0,22.0,6.959,320.9,1.94
2025-09-11 07:16:18,2025-09-11,07:16:18,out,0.41,15.9,66.3,22.5,18.115,19.5,1.0
2025-09-11 07:16:54,2025-09-11,07:16:54,in,1.16,1310.8,0.0,22.0,6.959,323.0,2.75
2025-09-11 07:17:21,2025-09-11,07:17:21,out,0.3,15.9,66.4,22.5,18.128,29.5,0.97
2025-09-11 07:17:57,2025-09-11,07:17:57,in,0.95,1310.8,0.0,22.0,6.959,329.2,1.71
2025-09-11 07:18:24,2025-09-11,07:18:24,out,0.24,16.0,66.5,22.5,18.142,26.6,0.49
2025-09-11 07:19:00,2025-09-11,07:19:00,in,0.95,1310.8,0.0,22.0,6.959,325.2,1.76
2025-09-11 07:19:28,2025-09-11,07:19:28,out,0.27,16.0,66.5,22.5,18.142,342.5,0.34
2025-09-11 07:20:04,2025-09-11,07:20:04,in,1.12,1310.8,0.0,22.0,6.959,317.5,1.73
2025-09-11 07:20:32,2025-09-11,07:20:32,out,0.45,15.9,66.5,22.4,18.05,333.7,0.51
2025-09-11 07:21:08,2025-09-11,07:21:08,in,0.97,1310.8,0.0,21.9,6.918,321.1,1.74
2025-09-11 07:21:35,2025-09-11,07:21:35,out,0.38,15.9,66.6,22.4,18.063,303.8,0.58
2025-09-11 07:22:11,2025-09-11,07:22:11,in,0.92,1310.8,0.0,21.9,6.918,314.7,1.38
2025-09-11 07:22:38,2025-09-11,07:22:38,out,0.48,15.9,66.6,22.4,18.063,297.0,0.53
2025-09-11 07:23:14,2025-09-11,07:23:14,in,1.08,1310.8,0.0,21.9,6.918,322.7,1.9
2025-09-11 07:23:42,2025-09-11,07:23:42,out,0.44,15.9,66.7,22.4,18.077,336.4,0.49
2025-09-11 07:24:18,2025-09-11,07:24:18,in,1.37,1310.8,0.0,21.9,6.918,326.5,1.58
2025-09-11 07:24:46,2025-09-11,07:24:46,out,0.48,15.9,66.8,22.4,18.09,351.7,0.59
2025-09-11 07:25:22,2025-09-11,07:25:22,in,1.41,1310.8,0.0,21.9,6.918,324.5,2.2
2025-09-11 07:25:49,2025-09-11,07:25:49,out,0.53,15.8,66.8,22.3,17.998,20.4,0.66
2025-09-11 07:26:25,2025-09-11,07:26:25,in,1.3,1310.8,0.0,21.9,6.918,325.9,1.69
2025-09-11 07:26:52,2025-09-11,07:26:52,out,0.47,15.9,66.9,22.3,18.011,28.5,0.66
2025-09-11 07:27:28,2025-09-11,07:27:28,in,1.25,1310.8,0.0,21.9,6.918,328.9,1.74
2025-09-11 07:27:56,2025-09-11,07:27:56,out,0.38,15.9,66.9,22.3,18.011,24.9,0.66
2025-09-11 07:28:32,2025-09-11,07:28:32,in,1.12,1310.8,0.0,21.9,6.918,325.7,2.02
2025-09-11 07:29:00,2025-09-11,07:29:00,out,0.36,15.9,67.0,22.3,18.025,38.4,0.64
2025-09-11 07:29:36,2025-09-11,07:29:36,in,0.78,1310.8,0.0,21.9,6.918,331.6,1.72
2025-09-11 07:30:03,2025-09-11,07:30:03,out,0.43,15.8,67.1,22.2,17.946,44.2,0.5
2025-09-11 07:30:39,2025-09-11,07:30:39,in,0.97,1310.8,0.0,21.9,6.918,334.9,1.67
2025-09-11 07:31:06,2025-09-11,07:31:06,out,0.23,15.8,67.1,22.2,17.946,59.6,0.46
2025-09-11 07:31:42,2025-09-11,07:31:42,in,0.82,1310.8,0.0,21.9,6.918,323.5,1.76
2025-09-11 07:32:10,2025-09-11,07:32:10,out,0.68,15.8,67.2,22.2,17.959,84.0,0.71
2025-09-11 07:32:46,2025-09-11,07:32:46,in,1.05,1310.8,0.0,21.9,6.918,332.7,1.54
2025-09-11 07:33:14,2025-09-11,07:33:14,out,0.63,15.9,67.3,22.2,17.972,81.1,0.89
2025-09-11 07:33:50,2025-09-11,07:33:50,in,1.07,1310.8,0.0,22.0,6.959,333.1,1.67
2025-09-11 07:34:17,2025-09-11,07:34:17,out,0.45,15.9,67.4,22.2,17.986,78.2,0.71
2025-09-11 07:34:53,2025-09-11,07:34:53,in,1.11,1310.8,0.0,22.0,6.959,332.5,1.66
2025-09-11 07:35:20,2025-09-11,07:35:20,out,0.6,15.9,67.6,22.2,18.012,90.4,0.66
2025-09-11 07:35:56,2025-09-11,07:35:56,in,0.89,1310.8,0.0,22.0,6.959,326.6,1.53
2025-09-11 07:36:24,2025-09-11,07:36:24,out,0.65,16.0,67.8,22.2,18.039,88.6,0.8
2025-09-11 07:37:00,2025-09-11,07:37:00,in,1.19,1310.8,0.0,22.1,7.001,331.2,1.83
2025-09-11 07:37:28,2025-09-11,07:37:28,out,0.84,16.0,67.8,22.2,18.039,62.6,1.04
2025-09-11 07:38:04,2025-09-11,07:38:04,in,0.88,1310.8,0.0,22.1,7.001,331.8,1.51
2025-09-11 07:38:31,2025-09-11,07:38:31,out,0.49,16.0,67.9,22.2,18.052,354.2,0.98
2025-09-11 07:39:07,2025-09-11,07:39:07,in,0.91,1310.8,0.0,22.1,7.001,331.0,1.34
2025-09-11 07:39:34,2025-09-11,07:39:34,out,0.34,16.1,68.0,22.3,18.158,26.1,0.62
2025-09-11 07:40:10,2025-09-11,07:40:10,in,1.07,1310.8,0.0,22.0,6.959,329.7,1.74
2025-09-11 07:40:38,2025-09-11,07:40:38,out,0.63,16.1,68.0,22.3,18.158,49.5,0.79
2025-09-11 07:41:14,2025-09-11,07:41:14,in,1.14,1310.8,0.0,22.0,6.959,337.9,1.58
2025-09-11 07:41:42,2025-09-11,07:41:42,out,0.57,16.1,68.1,22.3,18.172,77.3,0.66
2025-09-11 07:42:18,2025-09-11,07:42:18,in,1.05,1310.8,0.0,22.1,7.001,330.4,1.75
2025-09-11 07:42:45,2025-09-11,07:42:45,out,0.86,16.1,68.2,22.3,18.185,82.8,1.06
2025-09-11 07:43:21,2025-09-11,07:43:21,in,1.07,1310.8,0.0,22.1,7.001,332.1,1.73
2025-09-11 07:43:48,2025-09-11,07:43:48,out,0.54,16.1,68.3,22.3,18.198,84.8,0.72
2025-09-11 07:44:24,2025-09-11,07:44:24,in,1.63,,,1310.8,,22.1,0.0
2025-09-11 07:44:52,2025-09-11,07:44:52,out,0.67,16.2,68.4,22.3,18.212,104.3,0.85
2025-09-11 07:45:28,2025-09-11,07:45:28,in,1.15,1310.8,0.0,22.2,7.042,326.4,1.83
2025-09-11 07:45:56,2025-09-11,07:45:56,out,0.91,16.3,68.4,22.4,18.304,96.7,1.0
2025-09-11 07:46:32,2025-09-11,07:46:32,in,0.5,1310.8,0.0,22.2,7.042,2.7,0.98
2025-09-11 07:46:59,2025-09-11,07:46:59,out,1.12,16.2,68.3,22.4,18.291,93.1,1.19
2025-09-11 07:47:35,2025-09-11,07:47:35,in,0.8,1310.8,0.0,22.2,7.042,327.1,2.03
2025-09-11 07:48:02,2025-09-11,07:48:02,out,1.04,16.2,68.3,22.4,18.291,107.5,1.24
2025-09-11 07:48:38,2025-09-11,07:48:38,in,0.91,1310.8,0.0,22.3,7.084,324.9,1.57
2025-09-11 07:49:06,2025-09-11,07:49:06,out,0.51,16.3,68.4,22.4,18.304,148.3,0.99
2025-09-11 07:49:42,2025-09-11,07:49:42,in,0.99,1310.8,0.0,22.3,7.084,328.0,1.65
2025-09-11 07:50:10,2025-09-11,07:50:10,out,0.85,16.3,68.6,22.4,18.331,134.8,1.14
2025-09-11 07:50:46,2025-09-11,07:50:46,in,0.66,1310.8,0.0,22.4,7.125,318.7,1.44
2025-09-11 07:51:13,2025-09-11,07:51:13,out,0.75,16.3,68.7,22.4,18.344,142.6,1.09
2025-09-11 07:51:49,2025-09-11,07:51:49,in,1.01,1310.8,0.0,22.4,7.125,324.7,1.53
2025-09-11 07:52:16,2025-09-11,07:52:16,out,1.06,16.4,68.6,22.5,18.424,137.4,1.17
2025-09-11 07:52:52,2025-09-11,07:52:52,in,0.89,1310.8,0.0,22.5,7.167,333.2,1.48
2025-09-11 07:53:20,2025-09-11,07:53:20,out,0.42,16.4,68.6,22.5,18.424,127.3,1.0
2025-09-11 07:53:56,2025-09-11,07:53:56,in,1.25,1310.8,0.0,22.5,7.167,318.9,1.43
2025-09-11 07:54:24,2025-09-11,07:54:24,out,0.4,16.5,68.6,22.6,18.516,121.0,0.86
2025-09-11 07:55:00,2025-09-11,07:55:00,in,1.17,1310.8,0.0,22.5,7.167,323.1,1.7
2025-09-11 07:55:27,2025-09-11,07:55:27,out,0.06,16.5,68.7,22.6,18.53,156.9,0.46
2025-09-11 07:56:03,2025-09-11,07:56:03,in,1.12,1310.8,0.0,22.6,7.209,326.9,1.58
2025-09-11 07:56:30,2025-09-11,07:56:30,out,0.07,16.5,68.7,22.6,18.53,99.6,0.41
2025-09-11 07:57:06,2025-09-11,07:57:06,in,0.99,1310.8,0.0,22.7,7.25,324.2,1.86
2025-09-11 07:57:34,2025-09-11,07:57:34,out,0.12,16.7,68.8,22.7,18.636,99.6,0.28
2025-09-11 07:58:10,2025-09-11,07:58:10,in,0.92,1310.8,0.0,22.8,7.292,328.2,2.01
2025-09-11 07:58:38,2025-09-11,07:58:38,out,0.59,16.7,69.0,22.7,18.663,120.3,0.95
2025-09-11 07:59:14,2025-09-11,07:59:14,in,0.73,1310.8,0.0,22.8,7.292,323.4,1.82
2025-09-11 07:59:41,2025-09-11,07:59:41,out,0.91,16.8,69.0,22.8,18.756,135.6,1.15
2025-09-11 08:00:17,2025-09-11,08:00:17,in,1.19,1310.8,0.0,22.9,7.333,325.9,1.77
2025-09-11 08:00:44,2025-09-11,08:00:44,out,0.65,16.8,68.9,22.8,18.742,135.2,1.07
2025-09-11 08:01:20,2025-09-11,08:01:20,in,1.42,1310.8,0.0,23.0,7.374,329.0,1.83
2025-09-11 08:01:48,2025-09-11,08:01:48,out,0.76,16.9,68.9,22.9,18.835,132.5,0.93
2025-09-11 08:02:24,2025-09-11,08:02:24,in,0.81,1310.8,0.0,23.1,7.416,331.1,1.51
2025-09-11 08:02:52,2025-09-11,08:02:52,out,0.83,16.8,68.6,22.9,18.795,93.7,1.07
2025-09-11 08:03:28,2025-09-11,08:03:28,in,0.76,1310.8,0.0,23.2,7.457,315.3,1.76
2025-09-11 08:03:55,2025-09-11,08:03:55,out,0.65,16.9,68.4,23.0,18.86,119.6,0.91
2025-09-11 08:04:31,2025-09-11,08:04:31,in,1.12,1310.8,0.0,23.2,7.457,331.2,1.88
2025-09-11 08:04:58,2025-09-11,08:04:58,out,0.64,17.0,68.4,23.1,18.953,81.3,0.89
2025-09-11 08:05:34,2025-09-11,08:05:34,in,1.09,1310.8,0.0,23.3,7.499,323.7,1.67
2025-09-11 08:06:02,2025-09-11,08:06:02,out,0.68,17.0,68.3,23.1,18.939,64.9,1.07
2025-09-11 08:06:38,2025-09-11,08:06:38,in,0.85,1310.8,0.0,23.4,7.54,326.0,1.9
2025-09-11 08:07:06,2025-09-11,08:07:06,out,0.43,17.0,68.3,23.2,19.032,51.0,0.69
2025-09-11 08:07:42,2025-09-11,08:07:42,in,1.39,1310.8,0.0,23.5,7.582,322.8,1.83
2025-09-11 08:08:09,2025-09-11,08:08:09,out,0.52,17.1,68.4,23.3,19.138,61.5,0.85
2025-09-11 08:08:45,2025-09-11,08:08:45,in,1.03,1310.8,0.0,23.6,7.623,323.4,1.84
2025-09-11 08:09:12,2025-09-11,08:09:12,out,0.86,17.2,68.3,23.4,19.217,140.2,1.3
2025-09-11 08:09:48,2025-09-11,08:09:48,in,1.27,1310.8,0.0,23.7,7.665,320.4,1.78
2025-09-11 08:10:16,2025-09-11,08:10:16,out,1.36,17.1,67.7,23.4,19.135,111.6,1.62
2025-09-11 08:10:52,2025-09-11,08:10:52,in,1.06,1310.8,0.0,23.8,7.706,326.4,2.07
2025-09-11 08:11:20,2025-09-11,08:11:20,out,0.82,17.0,67.2,23.5,19.159,126.7,1.55
2025-09-11 08:11:56,2025-09-11,08:11:56,in,1.29,1310.8,0.0,23.9,7.748,326.1,1.58
2025-09-11 08:12:23,2025-09-11,08:12:23,out,0.84,17.1,67.1,23.6,19.237,143.5,1.17
2025-09-11 08:12:59,2025-09-11,08:12:59,in,1.13,1310.8,0.0,24.1,7.831,324.6,1.5
2025-09-11 08:13:26,2025-09-11,08:13:26,out,0.76,17.1,66.6,23.7,19.26,121.4,1.21
2025-09-11 08:14:02,2025-09-11,08:14:02,in,1.21,1310.8,0.0,24.2,7.872,326.0,1.64
2025-09-11 08:14:30,2025-09-11,08:14:30,out,1.47,17.1,66.3,23.8,19.311,111.0,1.77
2025-09-11 08:15:06,2025-09-11,08:15:06,in,1.05,1310.8,0.0,24.3,7.914,324.5,1.72
2025-09-11 08:15:34,2025-09-11,08:15:34,out,1.2,17.1,65.9,23.9,19.347,100.1,1.51
2025-09-11 08:16:10,2025-09-11,08:16:10,in,1.25,1310.8,0.0,24.4,7.955,322.0,1.72
2025-09-11 08:16:37,2025-09-11,08:16:37,out,0.77,17.1,65.5,24.0,19.383,123.7,1.79
2025-09-11 08:17:13,2025-09-11,08:17:13,in,0.92,1310.8,0.0,24.5,7.997,331.0,2.19
2025-09-11 08:17:40,2025-09-11,08:17:40,out,1.35,17.2,65.1,24.2,19.51,120.1,1.57
2025-09-11 08:18:16,2025-09-11,08:18:16,in,0.87,1310.8,0.0,24.7,8.08,338.1,2.46
2025-09-11 08:18:44,2025-09-11,08:18:44,out,0.68,17.1,64.7,24.2,19.454,63.9,1.64
2025-09-11 08:19:20,2025-09-11,08:19:20,in,1.26,1310.8,0.0,24.8,8.121,321.1,2.39
2025-09-11 08:19:48,2025-09-11,08:19:48,out,0.89,17.3,64.6,24.4,19.623,98.4,1.51
2025-09-11 08:20:24,2025-09-11,08:20:24,in,0.15,1310.8,0.0,24.9,8.163,334.1,1.81
2025-09-11 08:20:51,2025-09-11,08:20:51,out,1.03,17.3,64.4,24.5,19.686,130.5,1.52
2025-09-11 08:21:27,2025-09-11,08:21:27,in,1.36,1310.8,0.0,24.9,8.163,316.2,1.69
2025-09-11 08:21:54,2025-09-11,08:21:54,out,1.31,17.2,63.7,24.6,19.677,141.8,2.14
2025-09-11 08:22:30,2025-09-11,08:22:30,in,1.84,1310.8,0.0,25.1,8.246,322.6,2.23
2025-09-11 08:22:58,2025-09-11,08:22:58,out,1.37,17.3,63.5,24.7,19.74,136.5,2.0
2025-09-11 08:23:34,2025-09-11,08:23:34,in,1.74,1310.8,0.0,25.2,8.287,319.0,2.45
2025-09-11 08:24:02,2025-09-11,08:24:02,out,0.76,17.3,63.2,24.8,19.788,146.4,1.69
2025-09-11 08:24:38,2025-09-11,08:24:38,in,1.62,1310.8,0.0,25.3,8.328,317.6,2.52
2025-09-11 08:25:05,2025-09-11,08:25:05,out,0.48,17.4,63.3,24.9,19.893,126.7,1.02
2025-09-11 08:25:41,2025-09-11,08:25:41,in,1.35,1310.8,0.0,25.4,8.37,326.6,1.94
2025-09-11 08:26:08,2025-09-11,08:26:08,out,0.81,17.6,63.5,25.0,20.013,147.4,1.05
2025-09-11 08:26:44,2025-09-11,08:26:44,in,0.76,1310.8,0.0,25.5,8.411,327.3,1.73
2025-09-11 08:27:12,2025-09-11,08:27:12,out,1.5,17.4,62.5,25.1,19.959,129.9,1.94
2025-09-11 08:27:48,2025-09-11,08:27:48,in,0.72,1310.8,0.0,25.5,8.411,328.4,1.78
2025-09-11 08:28:16,2025-09-11,08:28:16,out,0.9,17.5,62.3,25.2,20.021,121.7,1.69
2025-09-11 08:28:52,2025-09-11,08:28:52,in,1.32,1310.8,0.0,25.6,8.453,321.6,2.18
2025-09-11 08:29:19,2025-09-11,08:29:19,out,0.78,17.6,62.5,25.3,20.141,104.0,0.96
2025-09-11 08:29:55,2025-09-11,08:29:55,in,0.34,1310.8,0.0,25.7,8.494,344.3,1.86
2025-09-11 08:30:22,2025-09-11,08:30:22,out,1.11,17.6,62.1,25.4,20.173,144.1,1.71
2025-09-11 08:30:58,2025-09-11,08:30:58,in,1.0,1310.8,0.0,25.8,8.536,328.4,1.63
2025-09-11 08:31:26,2025-09-11,08:31:26,out,0.95,17.5,61.5,25.5,20.175,121.7,1.62
2025-09-11 08:32:02,2025-09-11,08:32:02,in,1.11,1310.8,0.0,25.9,8.577,324.3,1.77
2025-09-11 08:32:30,2025-09-11,08:32:30,out,1.59,17.4,60.7,25.6,20.148,140.3,1.91
2025-09-11 08:33:06,2025-09-11,08:33:06,in,0.74,1310.8,0.0,26.0,8.619,319.7,1.46
2025-09-11 08:33:33,2025-09-11,08:33:33,out,0.65,17.5,60.7,25.7,20.238,150.5,1.95
2025-09-11 08:34:09,2025-09-11,08:34:09,in,1.01,1310.8,0.0,26.1,8.66,333.9,1.75
2025-09-11 08:34:36,2025-09-11,08:34:36,out,1.16,17.5,60.3,25.8,20.268,118.3,2.21
2025-09-11 08:35:12,2025-09-11,08:35:12,in,1.17,1310.8,0.0,26.2,8.702,343.7,1.48
2025-09-11 08:35:40,2025-09-11,08:35:40,out,1.51,,,17.4,,127.8,2.29
2025-09-11 08:36:16,2025-09-11,08:36:16,in,1.15,1310.8,0.0,26.2,8.702,316.8,1.71
2025-09-11 08:36:44,2025-09-11,08:36:44,out,1.71,17.5,59.4,26.0,20.313,106.5,2.0
2025-09-11 08:37:20,2025-09-11,08:37:20,in,0.89,1310.8,0.0,26.3,8.743,341.6,1.72
2025-09-11 08:37:48,2025-09-11,08:37:48,out,1.71,17.3,58.6,26.1,20.282,108.7,2.62
2025-09-11 08:38:23,2025-09-11,08:38:23,in,1.21,1310.8,0.0,26.4,8.784,338.0,1.79
2025-09-11 08:38:50,2025-09-11,08:38:50,out,1.57,17.4,58.6,26.2,20.371,104.4,2.31
2025-09-11 08:39:26,2025-09-11,08:39:26,in,1.04,1310.8,0.0,26.6,8.867,329.6,2.13
2025-09-11 08:39:54,2025-09-11,08:39:54,out,1.05,17.7,59.1,26.3,20.536,85.5,1.51
2025-09-11 08:40:30,2025-09-11,08:40:30,in,0.85,1310.8,0.0,26.6,8.867,333.0,1.84
2025-09-11 08:40:58,2025-09-11,08:40:58,out,1.35,17.5,58.3,26.4,20.504,104.6,2.78
2025-09-11 08:41:34,2025-09-11,08:41:34,in,0.81,1310.8,0.0,26.7,8.909,320.6,1.94
2025-09-11 08:42:01,2025-09-11,08:42:01,out,1.5,17.6,58.1,26.5,20.563,125.1,2.3
2025-09-11 08:42:37,2025-09-11,08:42:37,in,1.12,1310.8,0.0,26.8,8.95,320.6,1.77
2025-09-11 08:43:05,2025-09-11,08:43:05,out,1.59,17.6,58.0,26.5,20.547,74.5,1.91
2025-09-11 08:43:40,2025-09-11,08:43:40,in,1.06,1310.8,0.0,26.9,8.992,326.4,1.72
2025-09-11 08:44:08,2025-09-11,08:44:08,out,1.35,17.7,57.9,26.7,20.71,90.1,1.84
2025-09-11 08:44:44,2025-09-11,08:44:44,in,0.99,1310.8,0.0,26.9,8.992,322.4,1.9
2025-09-11 08:45:12,2025-09-11,08:45:12,out,1.19,17.6,57.6,26.7,20.664,75.0,2.08
2025-09-11 08:45:48,2025-09-11,08:45:48,in,1.53,1310.8,0.0,27.0,9.033,321.2,2.24
2025-09-11 08:46:16,2025-09-11,08:46:16,out,0.96,17.8,57.7,26.8,20.768,96.1,1.58
2025-09-11 08:46:51,2025-09-11,08:46:51,in,1.07,1310.8,0.0,27.1,9.075,327.0,2.26
2025-09-11 08:47:18,2025-09-11,08:47:18,out,1.45,18.0,57.7,27.0,20.946,71.5,1.72
2025-09-11 08:47:54,2025-09-11,08:47:54,in,1.24,1310.8,0.0,27.2,9.116,319.5,2.17
2025-09-11 08:48:22,2025-09-11,08:48:22,out,1.41,17.7,56.9,27.0,20.822,124.4,2.18
2025-09-11 08:48:58,2025-09-11,08:48:58,in,0.99,1310.8,0.0,27.3,9.157,319.8,2.11
2025-09-11 08:49:26,2025-09-11,08:49:26,out,1.56,17.9,57.2,27.1,20.957,131.8,2.27
2025-09-11 08:50:02,2025-09-11,08:50:02,in,1.11,1310.8,0.0,27.4,9.199,319.8,1.63
2025-09-11 08:50:29,2025-09-11,08:50:29,out,2.22,17.9,56.9,27.2,20.999,130.1,3.16
2025-09-11 08:51:05,2025-09-11,08:51:05,in,1.58,1310.8,0.0,27.5,9.24,323.7,1.92
2025-09-11 08:51:33,2025-09-11,08:51:33,out,1.46,18.1,57.3,27.3,21.151,74.0,2.55
2025-09-11 08:52:08,2025-09-11,08:52:08,in,1.05,1310.8,0.0,27.5,9.24,328.9,2.02
2025-09-11 08:52:36,2025-09-11,08:52:36,out,0.92,18.2,57.5,27.4,21.271,77.2,1.68
2025-09-11 08:53:12,2025-09-11,08:53:12,in,1.24,1310.8,0.0,27.5,9.24,330.0,2.11
2025-09-11 08:53:40,2025-09-11,08:53:40,out,1.33,18.2,57.2,27.5,21.313,122.3,2.49
2025-09-11 08:54:16,2025-09-11,08:54:16,in,0.95,1310.8,0.0,27.5,9.24,335.6,2.58
2025-09-11 08:54:44,2025-09-11,08:54:44,out,1.2,18.2,57.2,27.4,21.224,107.5,2.35
2025-09-11 08:55:19,2025-09-11,08:55:19,in,1.34,1310.8,0.0,27.6,9.282,320.8,2.03
2025-09-11 08:55:47,2025-09-11,08:55:47,out,1.44,18.2,57.0,27.5,21.281,155.1,2.42
2025-09-11 08:56:22,2025-09-11,08:56:22,in,0.81,1310.8,0.0,27.6,9.282,323.5,1.96
2025-09-11 08:56:50,2025-09-11,08:56:50,out,2.22,18.3,57.1,27.6,21.386,65.9,2.5
2025-09-11 08:57:26,2025-09-11,08:57:26,in,1.64,1310.8,0.0,27.7,9.323,321.8,1.95
2025-09-11 08:57:54,2025-09-11,08:57:54,out,1.51,18.4,57.3,27.6,21.417,111.0,2.33
2025-09-11 08:58:30,2025-09-11,08:58:30,in,0.94,1310.8,0.0,27.8,9.365,325.9,1.99
2025-09-11 08:58:58,2025-09-11,08:58:58,out,1.43,18.6,57.8,27.7,21.585,89.0,2.67
2025-09-11 08:59:33,2025-09-11,08:59:33,in,0.38,1310.8,0.0,27.9,9.406,334.6,1.68
2025-09-11 09:00:01,2025-09-11,09:00:01,out,2.54,18.5,57.2,27.8,21.579,66.2,3.22
2025-09-11 09:00:36,2025-09-11,09:00:36,in,0.86,1310.8,0.0,27.9,9.406,329.4,2.41
2025-09-11 09:01:04,2025-09-11,09:01:04,out,1.88,18.6,57.3,27.8,21.595,61.3,2.47
2025-09-11 09:01:40,2025-09-11,09:01:40,in,2.02,,,1310.8,,27.9,0.0
2025-09-11 09:02:08,2025-09-11,09:02:08,out,2.3,,,18.6,,27.8,5.75
2025-09-11 09:02:44,2025-09-11,09:02:44,in,0.94,1310.8,0.0,27.9,9.406,343.3,1.38
2025-09-11 09:03:12,2025-09-11,09:03:12,out,1.51,18.5,57.0,27.8,21.547,92.6,2.39
2025-09-11 09:03:48,2025-09-11,09:03:48,in,0.89,1310.8,0.0,27.8,9.365,331.9,1.69
2025-09-11 09:04:15,2025-09-11,09:04:15,out,1.11,18.5,57.1,27.8,21.563,122.2,1.72
2025-09-11 09:04:50,2025-09-11,09:04:50,in,0.64,1310.8,0.0,27.8,9.365,341.9,2.11
2025-09-11 09:05:18,2025-09-11,09:05:18,out,1.53,18.6,57.0,27.9,21.636,97.8,3.14
2025-09-11 09:05:54,2025-09-11,09:05:54,in,0.96,1310.8,0.0,27.8,9.365,340.8,1.54
2025-09-11 09:06:22,2025-09-11,09:06:22,out,1.6,18.5,56.8,27.9,21.604,97.9,2.01
2025-09-11 09:06:58,2025-09-11,09:06:58,in,1.01,1310.8,0.0,27.8,9.365,321.3,1.96
2025-09-11 09:07:26,2025-09-11,09:07:26,out,0.81,18.5,56.9,27.9,21.62,84.1,1.79
2025-09-11 09:08:01,2025-09-11,09:08:01,in,0.85,1310.8,0.0,27.8,9.365,324.5,2.01
2025-09-11 09:08:29,2025-09-11,09:08:29,out,1.54,18.5,56.9,27.9,21.62,92.7,2.36
2025-09-11 09:09:04,2025-09-11,09:09:04,in,0.62,1310.8,0.0,27.9,9.406,358.9,2.02
2025-09-11 09:09:32,2025-09-11,09:09:32,out,1.14,18.5,56.6,27.9,21.572,52.9,2.2
2025-09-11 09:10:08,2025-09-11,09:10:08,in,0.94,1310.8,0.0,27.9,9.406,326.9,1.91
2025-09-11 09:10:36,2025-09-11,09:10:36,out,0.55,18.6,56.9,28.0,21.709,106.0,1.36
2025-09-11 09:11:12,2025-09-11,09:11:12,in,1.02,1310.8,0.0,27.9,9.406,325.8,2.2
2025-09-11 09:11:40,2025-09-11,09:11:40,out,0.9,18.5,56.4,28.0,21.629,129.1,1.19
2025-09-11 09:12:15,2025-09-11,09:12:15,in,1.13,1310.8,0.0,28.0,9.448,320.1,1.63
2025-09-11 09:12:43,2025-09-11,09:12:43,out,0.95,18.5,56.1,28.1,21.669,143.8,1.31
2025-09-11 09:13:19,2025-09-11,09:13:19,in,1.21,1310.8,0.0,28.0,9.448,309.0,1.72
2025-09-11 09:13:46,2025-09-11,09:13:46,out,1.17,18.6,56.4,28.1,21.717,125.5,1.28
2025-09-11 09:14:22,2025-09-11,09:14:22,in,0.99,1310.8,0.0,28.1,9.489,329.2,2.58
2025-09-11 09:14:50,2025-09-11,09:14:50,out,1.55,18.5,55.8,28.2,21.709,37.6,1.68
2025-09-11 09:15:26,2025-09-11,09:15:26,in,1.58,1310.8,0.0,28.1,9.489,317.3,2.11
2025-09-11 09:15:54,2025-09-11,09:15:54,out,0.79,18.4,55.3,28.2,21.628,329.2,1.47
2025-09-11 09:16:30,2025-09-11,09:16:30,in,1.17,1310.8,0.0,28.1,9.489,319.5,1.98
2025-09-11 09:16:57,2025-09-11,09:16:57,out,0.98,18.2,54.9,28.2,21.563,10.1,1.39
2025-09-11 09:17:32,2025-09-11,09:17:32,in,1.91,1310.8,0.0,28.1,9.489,325.3,2.73
2025-09-11 09:18:00,2025-09-11,09:18:00,out,1.14,18.1,54.4,28.2,21.481,38.0,2.1
2025-09-11 09:18:36,2025-09-11,09:18:36,in,1.87,1310.8,0.0,28.2,9.53,318.0,2.06
2025-09-11 09:19:04,2025-09-11,09:19:04,out,0.42,18.3,54.6,28.3,21.602,353.7,1.5
2025-09-11 09:19:40,2025-09-11,09:19:40,in,1.32,1310.8,0.0,28.2,9.53,327.0,1.72
2025-09-11 09:20:08,2025-09-11,09:20:08,out,1.71,18.2,54.1,28.3,21.52,60.2,1.89
2025-09-11 09:20:44,2025-09-11,09:20:44,in,1.2,1310.8,0.0,28.2,9.53,333.0,2.26
2025-09-11 09:21:11,2025-09-11,09:21:11,out,2.07,18.0,53.6,28.4,21.525,77.6,3.27
2025-09-11 09:21:47,2025-09-11,09:21:47,in,0.65,1310.8,0.0,28.3,9.572,325.8,1.53
2025-09-11 09:22:14,2025-09-11,09:22:14,out,1.02,18.0,53.4,28.4,21.492,121.3,2.49
2025-09-11 09:22:50,2025-09-11,09:22:50,in,0.71,1310.8,0.0,28.3,9.572,346.1,1.96
2025-09-11 09:23:18,2025-09-11,09:23:18,out,1.53,18.1,53.6,28.5,21.613,51.1,1.82
2025-09-11 09:23:54,2025-09-11,09:23:54,in,1.73,1310.8,0.0,28.4,9.613,321.9,2.14
2025-09-11 09:24:22,2025-09-11,09:24:22,out,0.44,18.2,53.7,28.5,21.629,4.4,1.61
2025-09-11 09:24:57,2025-09-11,09:24:57,in,1.07,1310.8,0.0,28.5,9.655,326.3,2.09
2025-09-11 09:25:25,2025-09-11,09:25:25,out,2.12,18.2,53.4,28.6,21.667,74.5,2.49
2025-09-11 09:26:01,2025-09-11,09:26:01,in,0.29,1310.8,0.0,28.6,9.696,122.7,1.47
2025-09-11 09:26:28,2025-09-11,09:26:28,out,0.9,18.0,53.0,28.6,21.601,130.8,1.97
2025-09-11 09:27:04,2025-09-11,09:27:04,in,1.56,1310.8,0.0,28.7,9.738,320.0,2.26
2025-09-11 09:27:32,2025-09-11,09:27:32,out,1.26,18.2,53.1,28.7,21.704,63.0,1.73
2025-09-11 09:28:08,2025-09-11,09:28:08,in,0.63,1310.8,0.0,28.8,9.779,321.6,1.43
2025-09-11 09:28:36,2025-09-11,09:28:36,out,0.92,18.2,52.9,28.8,21.758,98.4,2.06
2025-09-11 09:29:11,2025-09-11,09:29:11,in,0.72,1310.8,0.0,28.8,9.779,320.3,2.3
2025-09-11 09:29:39,2025-09-11,09:29:39,out,1.14,18.0,52.0,28.8,21.607,71.2,1.84
2025-09-11 09:30:15,2025-09-11,09:30:15,in,0.61,1310.8,0.0,28.8,9.779,343.4,2.3
2025-09-11 09:30:42,2025-09-11,09:30:42,out,1.2,18.0,51.8,28.9,21.66,106.7,2.18
2025-09-11 09:31:18,2025-09-11,09:31:18,in,1.39,1310.8,0.0,28.9,9.82,321.0,1.92
2025-09-11 09:31:46,2025-09-11,09:31:46,out,1.76,17.8,51.1,28.9,21.541,73.4,2.05
2025-09-11 09:32:22,2025-09-11,09:32:22,in,1.1,1310.8,0.0,28.9,9.82,338.8,1.83
2025-09-11 09:32:50,2025-09-11,09:32:50,out,2.26,17.7,50.5,29.0,21.525,85.5,2.7
2025-09-11 09:33:26,2025-09-11,09:33:26,in,1.68,1310.8,0.0,28.9,9.82,319.9,2.32
2025-09-11 09:33:53,2025-09-11,09:33:53,out,1.23,17.8,50.9,29.0,21.594,96.0,2.22
2025-09-11 09:34:29,2025-09-11,09:34:29,in,1.34,1310.8,0.0,29.0,9.862,327.8,2.02
2025-09-11 09:34:56,2025-09-11,09:34:56,out,0.46,17.8,51.0,29.0,21.611,158.3,1.52
2025-09-11 09:35:32,2025-09-11,09:35:32,in,0.98,1310.8,0.0,29.0,9.862,322.1,1.69
2025-09-11 09:36:00,2025-09-11,09:36:00,out,1.19,17.7,50.2,29.1,21.56,135.0,1.83
2025-09-11 09:36:36,2025-09-11,09:36:36,in,1.31,1310.8,0.0,29.0,9.862,303.7,2.5
2025-09-11 09:37:04,2025-09-11,09:37:04,out,0.12,17.8,50.7,29.1,21.646,181.7,0.76
2025-09-11 09:37:40,2025-09-11,09:37:40,in,0.77,1310.8,0.0,29.0,9.862,318.9,2.24
2025-09-11 09:38:07,2025-09-11,09:38:07,out,0.54,18.0,51.1,29.2,21.801,140.9,0.76
2025-09-11 09:38:42,2025-09-11,09:38:42,in,0.63,1310.8,0.0,29.0,9.862,322.0,1.39
2025-09-11 09:39:10,2025-09-11,09:39:10,out,1.5,18.0,50.8,29.3,21.835,130.9,1.75
2025-09-11 09:39:46,2025-09-11,09:39:46,in,1.15,1310.8,0.0,29.0,9.862,316.4,1.74
2025-09-11 09:40:14,2025-09-11,09:40:14,out,1.61,,,17.7,,29.4,4.94
2025-09-11 09:40:50,2025-09-11,09:40:50,in,0.41,1310.8,0.0,29.2,9.945,339.5,1.61
2025-09-11 09:41:18,2025-09-11,09:41:18,out,0.74,17.7,49.3,29.4,21.661,159.4,1.23
2025-09-11 09:41:53,2025-09-11,09:41:53,in,0.16,1310.8,0.0,29.2,9.945,346.4,0.55
2025-09-11 09:42:21,2025-09-11,09:42:21,out,0.54,17.7,49.1,29.5,21.712,116.7,1.57
2025-09-11 09:42:57,2025-09-11,09:42:57,in,0.37,1310.8,0.0,29.2,9.945,142.7,0.69
2025-09-11 09:43:24,2025-09-11,09:43:24,out,1.8,17.5,48.6,29.6,21.709,124.3,1.96
2025-09-11 09:44:00,2025-09-11,09:44:00,in,0.6,1310.8,0.0,29.2,9.945,304.3,0.81
2025-09-11 09:44:28,2025-09-11,09:44:28,out,1.16,17.3,47.6,29.6,21.532,137.8,1.8
2025-09-11 09:45:04,2025-09-11,09:45:04,in,0.17,1310.8,0.0,29.2,9.945,272.0,0.82
2025-09-11 09:45:32,2025-09-11,09:45:32,out,0.61,17.0,46.7,29.6,21.371,165.3,2.34
2025-09-11 09:46:08,2025-09-11,09:46:08,in,0.82,1310.8,0.0,29.2,9.945,305.8,0.93
2025-09-11 09:46:35,2025-09-11,09:46:35,out,0.93,17.3,47.6,29.6,21.532,151.6,1.4
2025-09-11 09:47:11,2025-09-11,09:47:11,in,0.29,1310.8,0.0,29.2,9.945,318.4,0.5
2025-09-11 09:47:38,2025-09-11,09:47:38,out,0.2,17.4,47.6,29.7,21.617,206.9,1.7
2025-09-11 09:48:14,2025-09-11,09:48:14,in,0.1,1310.8,0.0,29.3,9.986,107.2,0.9
2025-09-11 09:48:42,2025-09-11,09:48:42,out,1.82,17.2,46.8,29.8,21.558,144.8,2.75
2025-09-11 09:49:18,2025-09-11,09:49:18,in,0.39,1310.8,0.0,29.4,10.027,329.6,0.79
2025-09-11 09:49:46,2025-09-11,09:49:46,out,1.76,17.0,46.3,29.8,21.468,146.5,2.41
2025-09-11 09:50:22,2025-09-11,09:50:22,in,0.19,1310.8,0.0,29.5,10.069,36.0,0.59
2025-09-11 09:50:49,2025-09-11,09:50:49,out,2.08,17.1,46.5,29.8,21.504,136.1,2.76
2025-09-11 09:51:25,2025-09-11,09:51:25,in,0.43,1310.8,0.0,29.5,10.069,285.5,0.58
2025-09-11 09:51:52,2025-09-11,09:51:52,out,0.73,17.4,47.4,29.8,21.666,165.0,2.26
2025-09-11 09:52:28,2025-09-11,09:52:28,in,0.14,1310.8,0.0,29.5,10.069,286.0,0.82
2025-09-11 09:52:56,2025-09-11,09:52:56,out,1.11,17.4,47.5,29.8,21.684,111.9,1.39
2025-09-11 09:53:32,2025-09-11,09:53:32,in,0.36,1310.8,0.0,29.5,10.069,38.9,0.58
2025-09-11 09:54:00,2025-09-11,09:54:00,out,0.46,17.0,46.1,29.9,21.516,73.8,1.94
2025-09-11 09:54:36,2025-09-11,09:54:36,in,0.49,1310.8,0.0,29.4,10.027,339.5,0.62
2025-09-11 09:55:03,2025-09-11,09:55:03,out,0.03,17.2,46.6,29.9,21.606,152.9,0.52
2025-09-11 09:55:39,2025-09-11,09:55:39,in,0.66,1310.8,0.0,29.3,9.986,337.2,0.97
2025-09-11 09:56:06,2025-09-11,09:56:06,out,0.64,17.0,45.9,30.0,21.563,301.0,0.92
2025-09-11 09:56:42,2025-09-11,09:56:42,in,0.98,1310.8,0.0,29.2,9.945,317.9,1.21
2025-09-11 09:57:10,2025-09-11,09:57:10,out,0.78,17.0,45.6,30.1,21.592,332.4,0.91
2025-09-11 09:57:46,2025-09-11,09:57:46,in,0.82,1310.8,0.0,29.1,9.903,323.5,1.29
2025-09-11 09:58:14,2025-09-11,09:58:14,out,0.84,17.0,45.3,30.1,21.537,304.8,1.36
2025-09-11 09:58:50,2025-09-11,09:58:50,in,0.59,1310.8,0.0,29.1,9.903,326.1,1.3
2025-09-11 09:59:17,2025-09-11,09:59:17,out,1.11,16.9,45.2,30.1,21.519,353.8,1.56
2025-09-11 09:59:54,2025-09-11,09:59:54,in,1.16,,,1310.8,,29.1,0.0
2025-09-11 10:00:20,2025-09-11,10:00:20,out,1.41,,,16.9,,30.1,4.52
2025-09-11 10:00:56,2025-09-11,10:00:56,in,0.08,1310.8,0.0,29.1,9.903,55.0,0.51
2025-09-11 10:01:24,2025-09-11,10:01:24,out,1.06,17.1,45.8,30.1,21.629,65.5,1.33
2025-09-11 10:02:00,2025-09-11,10:02:00,in,0.4,1310.8,0.0,29.1,9.903,343.8,0.5
2025-09-11 10:02:28,2025-09-11,10:02:28,out,0.34,17.1,45.7,30.1,21.611,19.4,1.21
2025-09-11 10:03:04,2025-09-11,10:03:04,in,0.22,1310.8,0.0,29.2,9.945,26.9,0.76
2025-09-11 10:03:31,2025-09-11,10:03:31,out,0.21,17.3,46.0,30.2,21.75,55.9,0.56
2025-09-11 10:04:07,2025-09-11,10:04:07,in,0.17,1310.8,0.0,29.2,9.945,334.9,0.96
2025-09-11 10:04:34,2025-09-11,10:04:34,out,0.4,17.3,46.2,30.2,21.787,146.5,0.6
2025-09-11 10:05:10,2025-09-11,10:05:10,in,0.45,1310.8,0.0,29.2,9.945,67.2,0.59
2025-09-11 10:05:38,2025-09-11,10:05:38,out,1.01,17.2,45.6,30.3,21.761,84.5,1.28
2025-09-11 10:06:14,2025-09-11,10:06:14,in,0.22,1310.8,0.0,29.3,9.986,322.4,0.53
2025-09-11 10:06:42,2025-09-11,10:06:42,out,1.09,17.1,45.2,30.3,21.686,56.6,1.4
2025-09-11 10:07:18,2025-09-11,10:07:18,in,0.35,1310.8,0.0,29.3,9.986,320.4,0.86
2025-09-11 10:07:45,2025-09-11,10:07:45,out,0.55,17.0,45.0,30.3,21.649,144.9,1.73
2025-09-11 10:08:21,2025-09-11,10:08:21,in,0.53,1310.8,0.0,29.2,9.945,328.0,0.92
2025-09-11 10:08:48,2025-09-11,10:08:48,out,0.13,17.1,45.3,30.3,21.705,111.7,1.26
2025-09-11 10:09:24,2025-09-11,10:09:24,in,0.26,1310.8,0.0,29.2,9.945,95.5,0.8
2025-09-11 10:09:52,2025-09-11,10:09:52,out,1.61,17.1,44.9,30.4,21.714,112.6,1.73
2025-09-11 10:10:28,2025-09-11,10:10:28,in,0.48,1310.8,0.0,29.3,9.986,146.4,0.91
2025-09-11 10:10:56,2025-09-11,10:10:56,out,1.3,16.9,44.4,30.4,21.621,88.2,1.74
2025-09-11 10:11:32,2025-09-11,10:11:32,in,0.1,1310.8,0.0,29.3,9.986,131.7,0.71
2025-09-11 10:11:59,2025-09-11,10:11:59,out,1.12,17.1,45.0,30.4,21.733,166.5,2.23
2025-09-11 10:12:35,2025-09-11,10:12:35,in,0.44,1310.8,0.0,29.3,9.986,350.9,0.61
2025-09-11 10:13:02,2025-09-11,10:13:02,out,0.51,17.1,45.3,30.3,21.705,161.4,1.17
2025-09-11 10:13:38,2025-09-11,10:13:38,in,0.46,1310.8,0.0,29.3,9.986,328.0,0.79
2025-09-11 10:14:06,2025-09-11,10:14:06,out,0.43,17.2,45.4,30.3,21.724,207.8,1.32
2025-09-11 10:14:42,2025-09-11,10:14:42,in,0.74,1310.8,0.0,29.3,9.986,326.4,1.04
2025-09-11 10:15:10,2025-09-11,10:15:10,out,0.87,17.3,45.6,30.4,21.845,203.9,1.25
2025-09-11 10:15:46,2025-09-11,10:15:46,in,0.15,1310.8,0.0,29.4,10.027,199.2,0.92
2025-09-11 10:16:13,2025-09-11,10:16:13,out,0.18,17.2,45.3,30.4,21.789,236.0,2.1
2025-09-11 10:16:49,2025-09-11,10:16:49,in,0.18,1310.8,0.0,29.5,10.069,320.1,0.75
2025-09-11 10:17:16,2025-09-11,10:17:16,out,0.53,17.3,45.6,30.4,21.845,203.0,1.31
2025-09-11 10:17:52,2025-09-11,10:17:52,in,0.4,1310.8,0.0,29.5,10.069,313.1,0.66
2025-09-11 10:18:50,2025-09-11,10:18:50,out,1.66,17.0,44.3,30.5,21.686,221.1,3.02
2025-09-11 10:18:56,2025-09-11,10:18:56,in,0.16,1310.8,0.0,29.6,10.11,337.4,0.74
2025-09-11 10:19:50,2025-09-11,10:19:50,out,1.88,16.7,43.9,30.4,21.527,197.1,2.82
2025-09-11 10:20:00,2025-09-11,10:20:00,in,0.53,1310.8,0.0,29.7,10.152,344.1,0.65
2025-09-11 10:20:53,2025-09-11,10:20:53,out,1.52,17.0,44.6,30.4,21.658,197.1,2.72
2025-09-11 10:21:03,2025-09-11,10:21:03,in,0.23,1310.8,0.0,29.7,10.152,17.4,0.59
2025-09-11 10:21:56,2025-09-11,10:21:56,out,1.87,17.0,45.0,30.3,21.649,243.1,3.76
2025-09-11 10:22:06,2025-09-11,10:22:06,in,0.31,1310.8,0.0,29.8,10.193,179.4,0.78
2025-09-11 10:23:00,2025-09-11,10:23:00,out,0.29,17.2,45.5,30.3,21.742,169.3,1.84
2025-09-11 10:23:10,2025-09-11,10:23:10,in,0.08,1310.8,0.0,29.9,10.235,304.7,0.49
2025-09-11 10:24:04,2025-09-11,10:24:04,out,0.55,17.1,45.0,30.4,21.733,240.0,1.54
2025-09-11 10:24:14,2025-09-11,10:24:14,in,0.59,1310.8,0.0,29.9,10.235,336.1,0.65
2025-09-11 10:25:07,2025-09-11,10:25:07,out,1.37,17.0,44.7,30.4,21.677,214.1,1.83
2025-09-11 10:25:17,2025-09-11,10:25:17,in,0.57,1310.8,0.0,29.9,10.235,338.9,0.8
2025-09-11 10:26:10,2025-09-11,10:26:10,out,0.17,17.2,45.0,30.5,21.817,196.6,1.79
2025-09-11 10:26:20,2025-09-11,10:26:20,in,0.24,1310.8,0.0,29.9,10.235,175.5,0.56
2025-09-11 10:27:14,2025-09-11,10:27:14,out,1.77,17.0,44.2,30.6,21.75,126.0,2.1
2025-09-11 10:27:24,2025-09-11,10:27:24,in,2.26,,,1310.8,,30.1,0.0
2025-09-11 10:28:18,2025-09-11,10:28:18,out,0.69,16.7,43.3,30.6,21.58,172.5,2.42
2025-09-11 10:28:28,2025-09-11,10:28:28,in,1.13,1310.8,0.0,30.3,10.4,324.1,2.26
2025-09-11 10:29:21,2025-09-11,10:29:21,out,1.07,16.9,43.5,30.7,21.701,108.7,1.57
2025-09-11 10:29:31,2025-09-11,10:29:31,in,0.3,1310.8,0.0,30.3,10.4,13.5,1.82
2025-09-11 10:30:24,2025-09-11,10:30:24,out,0.39,17.0,43.6,30.8,21.803,161.7,3.83
2025-09-11 10:30:34,2025-09-11,10:30:34,in,1.69,1310.8,0.0,30.4,10.442,314.1,2.19
2025-09-11 10:31:28,2025-09-11,10:31:28,out,1.65,16.9,43.1,30.9,21.79,159.9,2.26
2025-09-11 10:31:38,2025-09-11,10:31:38,in,0.97,1310.8,0.0,30.6,10.524,318.1,1.87
2025-09-11 10:32:32,2025-09-11,10:32:32,out,0.83,17.0,43.2,31.0,21.892,156.6,1.71
2025-09-11 10:32:42,2025-09-11,10:32:42,in,0.72,1310.8,0.0,30.8,10.607,321.7,1.14
2025-09-11 10:33:35,2025-09-11,10:33:35,out,1.73,16.7,42.0,31.1,21.742,125.7,2.55
2025-09-11 10:33:45,2025-09-11,10:33:45,in,0.89,1310.8,0.0,30.9,10.649,336.4,1.93
2025-09-11 10:34:38,2025-09-11,10:34:38,out,0.53,17.0,42.8,31.1,21.898,149.3,1.84
2025-09-11 10:34:48,2025-09-11,10:34:48,in,0.48,1310.8,0.0,30.9,10.649,274.6,1.96
2025-09-11 10:35:42,2025-09-11,10:35:42,out,2.75,17.3,43.7,31.1,22.071,244.6,3.33
2025-09-11 10:35:52,2025-09-11,10:35:52,in,0.28,1310.8,0.0,30.9,10.649,150.1,1.61
2025-09-11 10:36:46,2025-09-11,10:36:46,out,1.85,17.3,43.8,31.1,22.091,184.0,3.8
2025-09-11 10:36:56,2025-09-11,10:36:56,in,0.79,1310.8,0.0,31.0,10.69,323.2,1.56
2025-09-11 10:37:49,2025-09-11,10:37:49,out,1.34,17.3,43.9,31.0,22.027,195.4,3.81
2025-09-11 10:37:59,2025-09-11,10:37:59,in,0.59,1310.8,0.0,31.2,10.773,318.9,1.92
2025-09-11 10:38:52,2025-09-11,10:38:52,out,1.25,17.2,43.8,31.0,22.007,193.7,3.32
2025-09-11 10:39:03,2025-09-11,10:39:03,in,0.54,1310.8,0.0,31.3,10.814,144.0,2.0
2025-09-11 10:39:56,2025-09-11,10:39:56,out,0.73,17.3,44.1,31.0,22.065,208.6,2.13
2025-09-11 10:40:06,2025-09-11,10:40:06,in,1.38,1310.8,0.0,31.3,10.814,327.3,2.59
2025-09-11 10:41:00,2025-09-11,10:41:00,out,1.0,17.7,44.8,31.1,22.281,184.4,2.0
2025-09-11 10:41:10,2025-09-11,10:41:10,in,1.38,1310.8,0.0,31.5,10.897,315.1,1.92
2025-09-11 10:42:03,2025-09-11,10:42:03,out,0.39,17.7,44.5,31.2,22.308,200.5,2.61
2025-09-11 10:42:14,2025-09-11,10:42:14,in,1.17,1310.8,0.0,31.5,10.897,329.4,2.02
2025-09-11 10:43:06,2025-09-11,10:43:06,out,1.21,17.7,44.2,31.3,22.334,194.0,1.64
2025-09-11 10:43:17,2025-09-11,10:43:17,in,1.04,1310.8,0.0,31.6,10.939,320.3,2.08
2025-09-11 10:44:10,2025-09-11,10:44:10,out,1.46,17.3,43.3,31.2,22.077,200.2,2.94
2025-09-11 10:44:20,2025-09-11,10:44:20,in,0.58,1310.8,0.0,31.6,10.939,323.9,1.66
2025-09-11 10:45:14,2025-09-11,10:45:14,out,1.7,17.2,43.4,31.1,22.014,179.5,3.04
2025-09-11 10:45:24,2025-09-11,10:45:24,in,2.13,1310.8,0.0,31.6,10.939,317.0,2.55
2025-09-11 10:46:18,2025-09-11,10:46:18,out,1.18,17.1,43.4,31.0,21.931,182.3,4.11
2025-09-11 10:46:28,2025-09-11,10:46:28,in,1.23,1310.8,0.0,31.5,10.897,318.9,2.55
2025-09-11 10:47:21,2025-09-11,10:47:21,out,1.13,17.1,43.5,31.0,21.95,184.8,2.74
2025-09-11 10:47:31,2025-09-11,10:47:31,in,0.93,1310.8,0.0,31.4,10.856,304.8,1.65
2025-09-11 10:48:24,2025-09-11,10:48:24,out,1.06,17.0,43.4,30.9,21.848,208.5,2.36
2025-09-11 10:48:34,2025-09-11,10:48:34,in,1.02,1310.8,0.0,31.4,10.856,321.6,2.06
2025-09-11 10:49:28,2025-09-11,10:49:28,out,0.53,17.1,43.8,30.9,21.924,203.2,1.62
2025-09-11 10:49:38,2025-09-11,10:49:38,in,0.75,1310.8,0.0,31.3,10.814,311.7,1.57
2025-09-11 10:50:32,2025-09-11,10:50:32,out,1.13,17.2,43.8,30.9,21.924,120.1,1.49
2025-09-11 10:50:42,2025-09-11,10:50:42,in,1.01,1310.8,0.0,31.1,10.732,316.9,1.93
2025-09-11 10:51:35,2025-09-11,10:51:35,out,0.48,17.3,44.0,31.0,22.046,270.5,1.51
2025-09-11 10:51:45,2025-09-11,10:51:45,in,0.69,1310.8,0.0,31.1,10.732,322.6,2.02
2025-09-11 10:52:38,2025-09-11,10:52:38,out,0.58,17.1,43.6,31.0,21.969,176.5,1.04
2025-09-11 10:52:48,2025-09-11,10:52:48,in,1.45,1310.8,0.0,31.0,10.69,320.7,1.87
2025-09-11 10:53:42,2025-09-11,10:53:42,out,1.75,17.1,43.4,31.0,21.931,232.6,3.2
2025-09-11 10:53:52,2025-09-11,10:53:52,in,0.87,1310.8,0.0,31.0,10.69,332.0,2.25
2025-09-11 10:54:46,2025-09-11,10:54:46,out,1.68,17.5,44.7,30.9,22.095,213.9,3.74
2025-09-11 10:54:56,2025-09-11,10:54:56,in,0.76,1310.8,0.0,30.9,10.649,339.9,1.92
2025-09-11 10:55:49,2025-09-11,10:55:49,out,3.85,17.4,44.7,30.8,22.012,239.2,4.49
2025-09-11 10:55:59,2025-09-11,10:55:59,in,1.07,1310.8,0.0,30.9,10.649,319.9,1.59
2025-09-11 10:56:52,2025-09-11,10:56:52,out,1.77,17.4,45.0,30.7,21.984,177.6,4.98
2025-09-11 10:57:02,2025-09-11,10:57:02,in,1.25,1310.8,0.0,30.8,10.607,327.9,1.62
2025-09-11 10:57:56,2025-09-11,10:57:56,out,1.34,17.5,45.6,30.6,22.013,221.2,1.81
2025-09-11 10:58:06,2025-09-11,10:58:06,in,0.92,1310.8,0.0,30.8,10.607,322.7,1.18
2025-09-11 10:59:00,2025-09-11,10:59:00,out,2.61,17.4,45.5,30.5,21.91,220.7,3.28
2025-09-11 10:59:10,2025-09-11,10:59:10,in,0.96,1310.8,0.0,30.7,10.566,325.6,1.7
2025-09-11 11:00:03,2025-09-11,11:00:03,out,2.6,17.4,45.8,30.4,21.882,235.2,3.21
2025-09-11 11:00:13,2025-09-11,11:00:13,in,1.41,1310.8,0.0,30.7,10.566,331.9,1.74
2025-09-11 11:01:06,2025-09-11,11:01:06,out,0.69,17.6,46.6,30.3,21.944,161.1,2.37
2025-09-11 11:01:16,2025-09-11,11:01:16,in,1.16,1310.8,0.0,30.6,10.524,328.4,2.23
2025-09-11 11:02:10,2025-09-11,11:02:10,out,0.46,17.9,47.1,30.4,22.12,190.4,2.1
2025-09-11 11:02:20,2025-09-11,11:02:20,in,0.37,1310.8,0.0,30.6,10.524,310.1,1.45
2025-09-11 11:03:14,2025-09-11,11:03:14,out,0.78,17.9,47.1,30.4,22.12,265.1,1.14
2025-09-11 11:03:24,2025-09-11,11:03:24,in,0.98,1310.8,0.0,30.6,10.524,312.9,1.76
2025-09-11 11:04:17,2025-09-11,11:04:17,out,1.0,17.5,46.0,30.4,21.918,272.9,2.34
2025-09-11 11:04:27,2025-09-11,11:04:27,in,1.0,1310.8,0.0,30.7,10.566,341.1,1.92
2025-09-11 11:05:20,2025-09-11,11:05:20,out,1.84,17.4,45.9,30.4,21.9,257.0,3.15
2025-09-11 11:05:30,2025-09-11,11:05:30,in,0.42,1310.8,0.0,30.7,10.566,151.8,1.16
2025-09-11 11:06:24,2025-09-11,11:06:24,out,0.29,17.7,46.5,30.5,22.095,266.0,2.56
2025-09-11 11:06:34,2025-09-11,11:06:34,in,1.25,1310.8,0.0,30.7,10.566,328.1,1.88
2025-09-11 11:07:28,2025-09-11,11:07:28,out,3.17,18.0,47.6,30.4,22.211,238.7,4.15
2025-09-11 11:07:38,2025-09-11,11:07:38,in,2.13,1310.8,0.0,30.7,10.566,334.3,2.43
2025-09-11 11:08:31,2025-09-11,11:08:31,out,4.08,18.2,48.7,30.3,22.325,230.8,4.56
2025-09-11 11:08:41,2025-09-11,11:08:41,in,1.38,1310.8,0.0,30.6,10.524,333.7,1.91
2025-09-11 11:09:34,2025-09-11,11:09:34,out,1.69,18.4,49.7,30.1,22.332,246.5,3.56
2025-09-11 11:09:44,2025-09-11,11:09:44,in,0.81,1310.8,0.0,30.5,10.483,338.4,1.26
2025-09-11 11:10:38,2025-09-11,11:10:38,out,2.22,18.4,50.0,30.0,22.299,212.2,3.66
2025-09-11 11:10:48,2025-09-11,11:10:48,in,0.79,1310.8,0.0,30.5,10.483,315.8,1.28
2025-09-11 11:11:42,2025-09-11,11:11:42,out,3.3,18.5,50.3,30.0,22.352,216.4,5.25
2025-09-11 11:11:52,2025-09-11,11:11:52,in,1.02,1310.8,0.0,30.5,10.483,334.2,2.48
2025-09-11 11:12:45,2025-09-11,11:12:45,out,2.13,18.7,50.7,30.0,22.422,226.5,2.66
2025-09-11 11:12:55,2025-09-11,11:12:55,in,0.47,1310.8,0.0,30.5,10.483,350.7,1.7
2025-09-11 11:13:48,2025-09-11,11:13:48,out,0.78,18.7,51.0,29.9,22.388,216.9,3.44
2025-09-11 11:13:58,2025-09-11,11:13:58,in,0.22,1310.8,0.0,30.5,10.483,37.6,2.11
2025-09-11 11:14:52,2025-09-11,11:14:52,out,3.45,18.5,50.6,29.9,22.318,237.8,4.57
2025-09-11 11:15:02,2025-09-11,11:15:02,in,1.03,1310.8,0.0,30.5,10.483,321.6,1.99
2025-09-11 11:15:56,2025-09-11,11:15:56,out,2.58,18.7,51.1,29.9,22.406,232.1,4.0
2025-09-11 11:16:06,2025-09-11,11:16:06,in,1.22,1310.8,0.0,30.4,10.442,322.8,1.88
2025-09-11 11:16:59,2025-09-11,11:16:59,out,1.98,18.9,51.6,29.9,22.493,231.0,3.55
2025-09-11 11:17:09,2025-09-11,11:17:09,in,0.59,1310.8,0.0,30.5,10.483,341.8,1.37
2025-09-11 11:18:02,2025-09-11,11:18:02,out,1.92,18.9,51.6,29.9,22.493,201.2,4.35
2025-09-11 11:18:12,2025-09-11,11:18:12,in,0.24,1310.8,0.0,30.6,10.524,343.0,1.59
2025-09-11 11:19:06,2025-09-11,11:19:06,out,3.32,,,18.8,,29.9,5.14
2025-09-11 11:19:16,2025-09-11,11:19:16,in,1.92,,,1310.8,,30.6,0.0
2025-09-11 11:20:10,2025-09-11,11:20:10,out,2.93,19.0,51.7,30.0,22.597,219.8,4.13
2025-09-11 11:20:20,2025-09-11,11:20:20,in,0.82,1310.8,0.0,30.7,10.566,303.2,2.0
2025-09-11 11:21:13,2025-09-11,11:21:13,out,1.47,19.0,51.8,30.0,22.614,229.5,3.35
2025-09-11 11:21:23,2025-09-11,11:21:23,in,0.49,1310.8,0.0,30.8,10.607,305.1,1.67
2025-09-11 11:22:16,2025-09-11,11:22:16,out,1.31,19.1,52.3,30.0,22.701,221.4,5.36
2025-09-11 11:22:26,2025-09-11,11:22:26,in,1.32,1310.8,0.0,30.8,10.607,315.6,2.01
2025-09-11 11:23:20,2025-09-11,11:23:20,out,4.34,19.2,52.8,29.9,22.7,237.7,4.89
2025-09-11 11:23:30,2025-09-11,11:23:30,in,0.38,1310.8,0.0,30.8,10.607,318.6,1.9
2025-09-11 11:24:24,2025-09-11,11:24:24,out,3.7,19.4,53.9,29.8,22.801,231.3,5.17
2025-09-11 11:24:34,2025-09-11,11:24:34,in,0.64,1310.8,0.0,30.7,10.566,346.1,1.56
2025-09-11 11:25:27,2025-09-11,11:25:27,out,2.11,,,19.6,,236.3,3.73
2025-09-11 11:25:37,2025-09-11,11:25:37,in,0.75,1310.8,0.0,30.7,10.566,326.5,1.52
2025-09-11 11:26:30,2025-09-11,11:26:30,out,1.1,19.7,55.1,29.7,22.916,250.1,2.79
2025-09-11 11:26:41,2025-09-11,11:26:41,in,1.15,1310.8,0.0,30.6,10.524,327.3,1.53
2025-09-11 11:27:34,2025-09-11,11:27:34,out,3.08,20.1,56.4,29.7,23.134,246.0,4.78
2025-09-11 11:27:44,2025-09-11,11:27:44,in,0.96,1310.8,0.0,30.6,10.524,330.6,1.76
2025-09-11 11:28:38,2025-09-11,11:28:38,out,2.52,20.5,57.9,29.7,23.383,280.9,4.64
2025-09-11 11:28:48,2025-09-11,11:28:48,in,0.81,1310.8,0.0,30.6,10.524,6.1,1.53
2025-09-11 11:29:42,2025-09-11,11:29:42,out,4.62,20.7,58.8,29.6,23.442,230.3,5.49
2025-09-11 11:29:52,2025-09-11,11:29:52,in,0.6,1310.8,0.0,30.6,10.524,317.4,1.49
2025-09-11 11:30:45,2025-09-11,11:30:45,out,3.98,20.8,59.7,29.5,23.5,241.5,5.05
2025-09-11 11:30:55,2025-09-11,11:30:55,in,0.13,1310.8,0.0,30.6,10.524,328.8,1.55
2025-09-11 11:31:48,2025-09-11,11:31:48,out,1.92,21.0,60.2,29.5,23.581,235.1,4.78
2025-09-11 11:31:58,2025-09-11,11:31:58,in,1.5,,,1310.8,,30.6,0.0
2025-09-11 11:32:52,2025-09-11,11:32:52,out,1.74,21.0,60.9,29.5,23.694,241.4,3.72
2025-09-11 11:33:02,2025-09-11,11:33:02,in,0.5,1310.8,0.0,30.7,10.566,347.2,1.17
2025-09-11 11:33:56,2025-09-11,11:33:56,out,2.71,21.2,61.0,29.5,23.71,270.9,3.64
2025-09-11 11:34:06,2025-09-11,11:34:06,in,0.56,1310.8,0.0,30.7,10.566,331.4,1.64
2025-09-11 11:34:59,2025-09-11,11:34:59,out,3.03,21.1,60.4,29.6,23.703,255.7,4.79
2025-09-11 11:35:09,2025-09-11,11:35:09,in,1.52,1310.8,0.0,30.7,10.566,343.9,1.71
2025-09-11 11:36:02,2025-09-11,11:36:02,out,1.65,21.1,60.7,29.5,23.662,264.1,3.44
2025-09-11 11:36:12,2025-09-11,11:36:12,in,2.07,,,1310.8,,30.7,0.0
2025-09-11 11:37:06,2025-09-11,11:37:06,out,2.69,21.0,60.1,29.5,23.565,246.3,4.74
2025-09-11 11:37:16,2025-09-11,11:37:16,in,0.34,1310.8,0.0,30.6,10.524,272.6,2.0
2025-09-11 11:38:10,2025-09-11,11:38:10,out,3.4,20.9,60.3,29.4,23.507,244.7,4.24
2025-09-11 11:38:20,2025-09-11,11:38:20,in,1.07,1310.8,0.0,30.6,10.524,354.1,1.89
2025-09-11 11:39:13,2025-09-11,11:39:13,out,1.76,21.0,60.6,29.4,23.556,225.9,4.38
2025-09-11 11:39:23,2025-09-11,11:39:23,in,1.07,1310.8,0.0,30.5,10.483,333.6,1.8
2025-09-11 11:40:16,2025-09-11,11:40:16,out,1.75,21.1,61.2,29.4,23.652,280.4,2.94
2025-09-11 11:40:26,2025-09-11,11:40:26,in,1.84,1310.8,0.0,30.4,10.442,331.1,2.05
2025-09-11 11:41:20,2025-09-11,11:41:20,out,3.02,21.0,60.5,29.4,23.539,281.8,3.57
2025-09-11 11:41:30,2025-09-11,11:41:30,in,1.37,1310.8,0.0,30.3,10.4,335.0,1.96
2025-09-11 11:42:24,2025-09-11,11:42:24,out,1.87,21.0,61.0,29.3,23.53,266.6,3.63
2025-09-11 11:42:34,2025-09-11,11:42:34,in,1.51,1310.8,0.0,30.1,10.317,328.9,2.12
2025-09-11 11:43:27,2025-09-11,11:43:27,out,2.15,21.1,61.6,29.3,23.626,263.9,4.32
2025-09-11 11:43:37,2025-09-11,11:43:37,in,1.25,1310.8,0.0,30.0,10.276,331.7,2.21
2025-09-11 11:44:30,2025-09-11,11:44:30,out,1.67,21.2,61.9,29.3,23.674,267.1,3.15
2025-09-11 11:44:40,2025-09-11,11:44:40,in,1.01,1310.8,0.0,30.0,10.276,336.3,1.52
2025-09-11 11:45:34,2025-09-11,11:45:34,out,2.99,21.1,62.0,29.2,23.6,274.0,4.55
2025-09-11 11:45:44,2025-09-11,11:45:44,in,1.16,1310.8,0.0,29.9,10.235,345.8,2.11
2025-09-11 11:46:38,2025-09-11,11:46:38,out,2.81,21.2,62.7,29.1,23.621,273.2,5.31
2025-09-11 11:46:48,2025-09-11,11:46:48,in,2.06,1310.8,0.0,29.9,10.235,336.5,2.4
2025-09-11 11:47:41,2025-09-11,11:47:41,out,2.49,21.4,63.5,29.1,23.747,243.3,4.54
2025-09-11 11:47:51,2025-09-11,11:47:51,in,1.24,1310.8,0.0,29.8,10.193,338.7,2.07
2025-09-11 11:48:44,2025-09-11,11:48:44,out,3.2,21.5,63.2,29.2,23.791,251.1,4.72
2025-09-11 11:48:54,2025-09-11,11:48:54,in,0.79,1310.8,0.0,29.9,10.235,343.4,1.96
2025-09-11 11:49:48,2025-09-11,11:49:48,out,4.58,21.2,62.6,29.2,23.696,273.1,5.55
2025-09-11 11:49:58,2025-09-11,11:49:58,in,1.93,1310.8,0.0,29.9,10.235,331.7,2.46
2025-09-11 11:50:52,2025-09-11,11:50:52,out,3.87,21.4,63.2,29.1,23.7,264.1,5.11
2025-09-11 11:51:02,2025-09-11,11:51:02,in,1.32,1310.8,0.0,29.9,10.235,318.9,2.1
2025-09-11 11:51:55,2025-09-11,11:51:55,out,4.21,21.3,62.8,29.2,23.727,278.8,5.03
2025-09-11 11:52:05,2025-09-11,11:52:05,in,2.03,1310.8,0.0,30.0,10.276,339.3,2.4
2025-09-11 11:53:08,2025-09-11,11:53:08,in,2.26,1310.8,0.0,29.9,10.235,335.2,2.7
2025-09-11 11:54:12,2025-09-11,11:54:12,in,1.12,1310.8,0.0,30.0,10.276,334.3,2.32
2025-09-11 11:55:16,2025-09-11,11:55:16,in,1.31,1310.8,0.0,30.1,10.317,338.5,2.08
2025-09-11 11:56:19,2025-09-11,11:56:19,in,0.79,1310.8,0.0,30.2,10.359,340.0,1.95
2025-09-11 11:57:22,2025-09-11,11:57:22,in,1.06,1310.8,0.0,30.2,10.359,337.0,1.14
2025-09-11 11:58:26,2025-09-11,11:58:26,in,0.92,1310.8,0.0,30.2,10.359,352.4,2.21
2025-09-11 11:59:20,2025-09-11,11:59:20,out,2.43,21.4,63.1,29.2,23.775,246.0,4.84
2025-09-11 11:59:30,2025-09-11,11:59:30,in,0.6,1310.8,0.0,30.3,10.4,8.8,1.84
2025-09-11 12:00:24,2025-09-11,12:00:24,out,3.88,21.4,62.5,29.3,23.77,232.6,4.4
2025-09-11 12:00:33,2025-09-11,12:00:33,in,1.27,1310.8,0.0,30.4,10.442,318.2,1.92
2025-09-11 12:01:28,2025-09-11,12:01:28,out,2.14,21.5,62.9,29.3,23.834,247.3,4.07
2025-09-11 12:01:36,2025-09-11,12:01:36,in,1.75,1310.8,0.0,30.4,10.442,338.6,2.04
2025-09-11 12:02:31,2025-09-11,12:02:31,out,1.31,21.5,63.0,29.3,23.85,263.9,3.6
2025-09-11 12:02:40,2025-09-11,12:02:40,in,1.34,1310.8,0.0,30.4,10.442,332.7,2.13
2025-09-11 12:03:34,2025-09-11,12:03:34,out,2.63,21.4,62.7,29.3,23.802,270.5,3.92
2025-09-11 12:03:44,2025-09-11,12:03:44,in,1.81,1310.8,0.0,30.3,10.4,330.7,2.01
2025-09-11 12:04:38,2025-09-11,12:04:38,out,3.32,21.3,62.3,29.3,23.738,269.2,4.98
2025-09-11 12:04:47,2025-09-11,12:04:47,in,1.35,1310.8,0.0,30.2,10.359,353.4,2.21
2025-09-11 12:05:42,2025-09-11,12:05:42,out,1.49,21.6,63.2,29.3,23.882,289.1,3.71
2025-09-11 12:05:50,2025-09-11,12:05:50,in,1.63,1310.8,0.0,30.2,10.359,338.7,2.17
2025-09-11 12:06:45,2025-09-11,12:06:45,out,4.77,21.5,62.9,29.3,23.834,277.2,5.45
2025-09-11 12:06:54,2025-09-11,12:06:54,in,1.38,1310.8,0.0,30.2,10.359,337.6,1.94
2025-09-11 12:07:48,2025-09-11,12:07:48,out,3.15,21.5,63.0,29.3,23.85,250.2,5.06
2025-09-11 12:07:58,2025-09-11,12:07:58,in,2.1,1310.8,0.0,30.2,10.359,336.7,2.44
2025-09-11 12:08:52,2025-09-11,12:08:52,out,2.72,21.4,63.0,29.2,23.759,262.4,4.91
2025-09-11 12:09:01,2025-09-11,12:09:01,in,1.18,1310.8,0.0,30.2,10.359,336.4,1.78
2025-09-11 12:09:56,2025-09-11,12:09:56,out,2.3,21.6,63.5,29.3,23.929,249.8,3.29
2025-09-11 12:10:04,2025-09-11,12:10:04,in,0.64,1310.8,0.0,30.2,10.359,355.9,1.59
2025-09-11 12:11:00,2025-09-11,12:11:00,out,3.13,,,21.5,,29.3,6.31
2025-09-11 12:11:08,2025-09-11,12:11:08,in,0.64,1310.8,0.0,30.2,10.359,327.6,1.14
2025-09-11 12:12:02,2025-09-11,12:12:02,out,2.41,21.4,63.1,29.2,23.775,245.2,3.86
2025-09-11 12:12:12,2025-09-11,12:12:12,in,0.66,1310.8,0.0,30.3,10.4,342.0,1.1
2025-09-11 12:13:06,2025-09-11,12:13:06,out,3.77,21.3,62.6,29.2,23.696,240.2,4.47
2025-09-11 12:13:15,2025-09-11,12:13:15,in,0.81,1310.8,0.0,30.3,10.4,323.1,1.56
2025-09-11 12:14:10,2025-09-11,12:14:10,out,2.59,21.2,62.6,29.1,23.605,227.5,4.84
2025-09-11 12:14:18,2025-09-11,12:14:18,in,0.69,1310.8,0.0,30.2,10.359,348.3,1.45
2025-09-11 12:15:13,2025-09-11,12:15:13,out,2.92,21.3,63.3,29.0,23.625,249.2,3.88
2025-09-11 12:15:22,2025-09-11,12:15:22,in,0.69,1310.8,0.0,30.2,10.359,343.2,1.35
2025-09-11 12:16:16,2025-09-11,12:16:16,out,3.07,21.3,63.2,29.0,23.609,252.6,4.06
2025-09-11 12:16:26,2025-09-11,12:16:26,in,0.57,1310.8,0.0,30.2,10.359,326.0,1.48
2025-09-11 12:17:20,2025-09-11,12:17:20,out,2.56,21.4,63.7,29.0,23.688,275.3,3.7
2025-09-11 12:17:29,2025-09-11,12:17:29,in,0.85,1310.8,0.0,30.1,10.317,342.1,2.25
2025-09-11 12:18:24,2025-09-11,12:18:24,out,2.53,21.5,63.9,29.1,23.811,253.1,3.06
2025-09-11 12:18:32,2025-09-11,12:18:32,in,1.17,1310.8,0.0,30.1,10.317,329.5,2.04
2025-09-11 12:19:27,2025-09-11,12:19:27,out,2.82,21.5,63.9,29.1,23.811,246.2,3.64
2025-09-11 12:19:36,2025-09-11,12:19:36,in,0.87,1310.8,0.0,30.1,10.317,340.8,1.59
2025-09-11 12:20:30,2025-09-11,12:20:30,out,2.59,21.4,63.3,29.1,23.716,243.5,4.47
2025-09-11 12:20:40,2025-09-11,12:20:40,in,0.93,1310.8,0.0,30.1,10.317,349.0,1.61
2025-09-11 12:21:34,2025-09-11,12:21:34,out,1.29,21.4,63.6,29.0,23.672,265.3,4.35
2025-09-11 12:21:43,2025-09-11,12:21:43,in,1.09,1310.8,0.0,30.1,10.317,349.0,2.1
2025-09-11 12:22:38,2025-09-11,12:22:38,out,2.99,21.4,63.3,29.1,23.716,250.6,4.11
2025-09-11 12:22:46,2025-09-11,12:22:46,in,0.81,1310.8,0.0,30.0,10.276,330.5,1.89
2025-09-11 12:23:41,2025-09-11,12:23:41,out,2.37,21.3,63.4,29.0,23.64,259.8,3.89
2025-09-11 12:23:50,2025-09-11,12:23:50,in,1.2,1310.8,0.0,30.1,10.317,321.1,1.46
2025-09-11 12:24:44,2025-09-11,12:24:44,out,2.69,21.5,63.8,29.1,23.795,241.8,5.36
2025-09-11 12:24:54,2025-09-11,12:24:54,in,1.38,1310.8,0.0,30.1,10.317,344.5,1.94
2025-09-11 12:25:48,2025-09-11,12:25:48,out,4.06,,,21.6,,29.1,6.4
2025-09-11 12:25:57,2025-09-11,12:25:57,in,1.26,1310.8,0.0,30.1,10.317,343.1,1.8
2025-09-11 12:26:52,2025-09-11,12:26:52,out,1.69,21.4,63.9,29.0,23.719,243.6,4.23
2025-09-11 12:27:01,2025-09-11,12:27:01,in,1.17,1310.8,0.0,30.1,10.317,343.2,1.96
2025-09-11 12:27:55,2025-09-11,12:27:55,out,2.23,21.5,63.7,29.1,23.779,283.6,4.31
2025-09-11 12:28:04,2025-09-11,12:28:04,in,1.44,1310.8,0.0,30.0,10.276,333.3,2.22
2025-09-11 12:28:58,2025-09-11,12:28:58,out,1.67,21.4,63.9,29.0,23.719,252.4,4.16
2025-09-11 12:29:08,2025-09-11,12:29:08,in,1.22,1310.8,0.0,30.0,10.276,335.5,1.76
2025-09-11 12:30:02,2025-09-11,12:30:02,out,2.8,21.5,64.0,29.0,23.735,288.1,3.83
2025-09-11 12:30:11,2025-09-11,12:30:11,in,1.4,1310.8,0.0,30.0,10.276,328.5,2.04
2025-09-11 12:31:06,2025-09-11,12:31:06,out,2.59,21.5,64.0,29.0,23.735,234.1,4.32
2025-09-11 12:31:15,2025-09-11,12:31:15,in,1.23,1310.8,0.0,29.9,10.235,332.1,1.82
2025-09-11 12:32:09,2025-09-11,12:32:09,out,2.46,21.5,63.8,29.1,23.795,260.2,3.61
2025-09-11 12:32:18,2025-09-11,12:32:18,in,1.79,1310.8,0.0,30.0,10.276,334.8,2.15
2025-09-11 12:33:12,2025-09-11,12:33:12,out,3.17,21.4,63.4,29.1,23.732,264.9,3.8
2025-09-11 12:33:22,2025-09-11,12:33:22,in,1.28,1310.8,0.0,30.0,10.276,344.2,2.04
2025-09-11 12:34:16,2025-09-11,12:34:16,out,3.02,21.5,63.7,29.1,23.779,277.3,4.15
2025-09-11 12:34:25,2025-09-11,12:34:25,in,0.61,1310.8,0.0,30.1,10.317,325.5,2.35
2025-09-11 12:35:20,2025-09-11,12:35:20,out,2.43,21.3,62.9,29.1,23.652,260.6,5.69
2025-09-11 12:35:29,2025-09-11,12:35:29,in,1.12,1310.8,0.0,30.1,10.317,359.5,1.71
2025-09-11 12:36:23,2025-09-11,12:36:23,out,3.43,21.6,63.6,29.2,23.854,263.5,5.03
2025-09-11 12:36:32,2025-09-11,12:36:32,in,0.44,1310.8,0.0,30.1,10.317,336.9,1.53
2025-09-11 12:37:26,2025-09-11,12:37:26,out,2.24,21.3,63.1,29.1,23.684,233.7,5.18
2025-09-11 12:37:36,2025-09-11,12:37:36,in,0.81,1310.8,0.0,30.2,10.359,323.6,2.71
2025-09-11 12:38:30,2025-09-11,12:38:30,out,2.58,21.6,63.8,29.2,23.886,272.7,3.46
2025-09-11 12:38:40,2025-09-11,12:38:40,in,1.46,1310.8,0.0,30.2,10.359,337.4,1.71
2025-09-11 12:39:34,2025-09-11,12:39:34,out,2.52,21.8,64.0,29.3,24.009,233.6,3.73
2025-09-11 12:39:42,2025-09-11,12:39:42,in,1.76,,,1310.8,,340.3,1.84
2025-09-11 12:40:37,2025-09-11,12:40:37,out,1.88,21.6,62.9,29.4,23.925,263.4,3.98
2025-09-11 12:40:46,2025-09-11,12:40:46,in,0.33,1310.8,0.0,30.5,10.483,305.4,1.81
2025-09-11 12:41:40,2025-09-11,12:41:40,out,3.44,21.3,62.0,29.4,23.781,262.4,6.02
2025-09-11 12:41:50,2025-09-11,12:41:50,in,1.22,1310.8,0.0,30.6,10.524,351.8,1.89
2025-09-11 12:42:44,2025-09-11,12:42:44,out,2.92,21.5,62.7,29.4,23.893,251.9,4.32
2025-09-11 12:42:54,2025-09-11,12:42:54,in,0.36,1310.8,0.0,30.5,10.483,5.3,2.07
2025-09-11 12:43:48,2025-09-11,12:43:48,out,1.47,21.6,62.5,29.5,23.952,295.1,5.13
2025-09-11 12:43:57,2025-09-11,12:43:57,in,1.79,1310.8,0.0,30.5,10.483,343.0,2.16
2025-09-11 12:44:51,2025-09-11,12:44:51,out,1.25,21.5,62.4,29.5,23.936,241.6,3.11
2025-09-11 12:45:00,2025-09-11,12:45:00,in,1.61,1310.8,0.0,30.5,10.483,337.9,1.95
2025-09-11 12:45:54,2025-09-11,12:45:54,out,2.87,21.6,62.7,29.5,23.984,222.6,3.83
2025-09-11 12:46:04,2025-09-11,12:46:04,in,0.5,1310.8,0.0,30.5,10.483,8.3,1.68
2025-09-11 12:46:58,2025-09-11,12:46:58,out,3.47,21.4,61.8,29.5,23.839,252.0,5.22
2025-09-11 12:47:08,2025-09-11,12:47:08,in,0.84,1310.8,0.0,30.6,10.524,341.4,1.47
2025-09-11 12:48:02,2025-09-11,12:48:02,out,3.0,21.5,61.8,29.6,23.93,241.0,4.48
2025-09-11 12:48:11,2025-09-11,12:48:11,in,1.28,1310.8,0.0,30.7,10.566,338.7,1.67
2025-09-11 12:49:05,2025-09-11,12:49:05,out,3.08,21.5,62.0,29.6,23.962,214.3,3.64
2025-09-11 12:49:14,2025-09-11,12:49:14,in,0.26,1310.8,0.0,30.7,10.566,62.0,2.19
2025-09-11 12:50:08,2025-09-11,12:50:08,out,1.67,21.6,62.0,29.7,24.053,250.3,2.95
2025-09-11 12:50:18,2025-09-11,12:50:18,in,0.78,1310.8,0.0,30.8,10.607,343.3,1.12
2025-09-11 12:51:12,2025-09-11,12:51:12,out,1.29,21.6,61.8,29.7,24.02,232.3,2.82
2025-09-11 12:51:22,2025-09-11,12:51:22,in,0.81,1310.8,0.0,30.9,10.649,346.4,1.57
2025-09-11 12:52:16,2025-09-11,12:52:16,out,2.98,21.5,61.1,29.8,23.997,229.5,3.88
2025-09-11 12:52:25,2025-09-11,12:52:25,in,1.02,1310.8,0.0,31.0,10.69,327.6,1.68
2025-09-11 12:53:19,2025-09-11,12:53:19,out,1.49,21.8,61.9,29.9,24.218,261.7,3.76
2025-09-11 12:53:28,2025-09-11,12:53:28,in,1.75,1310.8,0.0,31.1,10.732,341.0,2.1
2025-09-11 12:54:22,2025-09-11,12:54:22,out,3.93,21.4,60.6,29.9,24.006,234.8,5.22
2025-09-11 12:54:32,2025-09-11,12:54:32,in,1.46,1310.8,0.0,31.1,10.732,336.2,2.06
2025-09-11 12:55:26,2025-09-11,12:55:26,out,3.0,21.6,61.7,29.8,24.095,232.2,4.16
2025-09-11 12:55:36,2025-09-11,12:55:36,in,0.76,1310.8,0.0,31.1,10.732,345.2,1.29
2025-09-11 12:56:30,2025-09-11,12:56:30,out,1.37,21.6,61.3,29.9,24.12,240.9,3.52
2025-09-11 12:56:39,2025-09-11,12:56:39,in,0.2,1310.8,0.0,31.2,10.773,236.4,0.65
2025-09-11 12:57:33,2025-09-11,12:57:33,out,2.59,21.8,61.5,30.0,24.243,255.2,3.22
2025-09-11 12:58:12,2025-09-11,12:58:12,in,0.12,1310.8,0.0,31.3,10.814,57.4,0.89
2025-09-11 12:58:36,2025-09-11,12:58:36,out,2.59,21.7,61.0,30.1,24.252,233.5,4.15
2025-09-11 12:59:13,2025-09-11,12:59:13,in,0.32,1310.8,0.0,31.3,10.814,130.4,0.56
2025-09-11 12:59:40,2025-09-11,12:59:40,out,3.16,21.5,60.6,30.0,24.096,253.4,5.15
2025-09-11 13:00:16,2025-09-11,13:00:16,in,0.29,1310.8,0.0,31.4,10.856,356.1,0.4
2025-09-11 13:00:44,2025-09-11,13:00:44,out,2.05,21.5,60.4,30.0,24.063,230.6,3.39
2025-09-11 13:01:20,2025-09-11,13:01:20,in,0.57,1310.8,0.0,31.3,10.814,349.9,0.86
2025-09-11 13:01:47,2025-09-11,13:01:47,out,1.91,21.5,60.5,30.0,24.08,282.8,3.61
2025-09-11 13:02:24,2025-09-11,13:02:24,in,0.35,1310.8,0.0,31.3,10.814,8.9,0.78
2025-09-11 13:02:50,2025-09-11,13:02:50,out,1.59,21.8,61.2,30.1,24.284,225.5,2.23
2025-09-11 13:03:27,2025-09-11,13:03:27,in,0.23,1310.8,0.0,31.3,10.814,103.1,0.66
2025-09-11 13:03:54,2025-09-11,13:03:54,out,1.95,21.8,61.2,30.1,24.284,230.0,3.64
2025-09-11 13:04:30,2025-09-11,13:04:30,in,0.22,1310.8,0.0,31.4,10.856,79.0,0.55
2025-09-11 13:04:58,2025-09-11,13:04:58,out,3.62,21.8,60.9,30.2,24.326,284.3,4.36
2025-09-11 13:05:34,2025-09-11,13:05:34,in,0.42,1310.8,0.0,31.4,10.856,320.5,0.62
2025-09-11 13:06:01,2025-09-11,13:06:01,out,3.33,21.9,61.2,30.2,24.375,244.9,4.71
2025-09-11 13:06:38,2025-09-11,13:06:38,in,0.41,1310.8,0.0,31.4,10.856,16.3,0.59
2025-09-11 13:07:04,2025-09-11,13:07:04,out,1.7,21.9,61.3,30.2,24.391,237.6,4.53
2025-09-11 13:07:41,2025-09-11,13:07:41,in,0.45,1310.8,0.0,31.4,10.856,350.1,0.85
2025-09-11 13:08:08,2025-09-11,13:08:08,out,1.51,22.0,61.7,30.2,24.457,245.5,3.98
2025-09-11 13:08:45,2025-09-11,13:08:45,in,0.66,1310.8,0.0,31.5,10.897,5.3,0.76
2025-09-11 13:09:12,2025-09-11,13:09:12,out,0.94,22.0,61.3,30.3,24.481,256.6,4.44
2025-09-11 13:09:48,2025-09-11,13:09:48,in,0.18,1310.8,0.0,31.5,10.897,0.0,0.7
2025-09-11 13:10:15,2025-09-11,13:10:15,out,2.75,21.9,60.6,30.4,24.456,217.2,3.83
2025-09-11 13:10:52,2025-09-11,13:10:52,in,0.33,1310.8,0.0,31.6,10.939,335.0,0.71
2025-09-11 13:11:18,2025-09-11,13:11:18,out,1.92,21.7,60.3,30.3,24.317,295.6,3.33
2025-09-11 13:11:56,2025-09-11,13:11:56,in,0.97,1310.8,0.0,31.4,10.856,342.1,1.52
2025-09-11 13:12:22,2025-09-11,13:12:22,out,2.85,21.8,60.6,30.3,24.366,272.9,3.94
2025-09-11 13:12:59,2025-09-11,13:12:59,in,0.9,1310.8,0.0,31.3,10.814,356.0,1.43
2025-09-11 13:13:26,2025-09-11,13:13:26,out,2.44,21.7,61.0,30.1,24.252,285.9,4.83
2025-09-11 13:14:02,2025-09-11,13:14:02,in,0.8,1310.8,0.0,31.1,10.732,330.4,1.61
2025-09-11 13:14:29,2025-09-11,13:14:29,out,1.2,22.0,62.0,30.1,24.415,288.9,2.27
2025-09-11 13:15:06,2025-09-11,13:15:06,in,0.81,1310.8,0.0,31.0,10.69,321.0,1.0
2025-09-11 13:15:32,2025-09-11,13:15:32,out,2.91,21.9,61.6,30.1,24.35,288.6,4.76
2025-09-11 13:16:10,2025-09-11,13:16:10,in,0.79,1310.8,0.0,31.0,10.69,329.0,1.26
2025-09-11 13:16:36,2025-09-11,13:16:36,out,3.45,21.8,61.3,30.1,24.301,297.2,4.25
2025-09-11 13:17:13,2025-09-11,13:17:13,in,0.72,1310.8,0.0,31.0,10.69,354.7,1.23
2025-09-11 13:17:40,2025-09-11,13:17:40,out,3.65,21.9,61.8,30.1,24.382,277.4,4.44
2025-09-11 13:18:16,2025-09-11,13:18:16,in,0.87,1310.8,0.0,31.0,10.69,347.5,1.06
2025-09-11 13:18:43,2025-09-11,13:18:43,out,2.7,21.8,61.6,30.0,24.259,282.3,4.71
2025-09-11 13:19:20,2025-09-11,13:19:20,in,0.89,1310.8,0.0,31.0,10.69,337.1,1.23
2025-09-11 13:19:46,2025-09-11,13:19:46,out,2.02,21.9,62.3,29.9,24.282,287.3,3.76
2025-09-11 13:20:24,2025-09-11,13:20:24,in,0.82,1310.8,0.0,30.9,10.649,338.9,1.04
2025-09-11 13:20:50,2025-09-11,13:20:50,out,2.59,22.0,62.5,29.9,24.315,242.7,3.96
2025-09-11 13:21:27,2025-09-11,13:21:27,in,0.22,1310.8,0.0,30.9,10.649,23.8,0.92
2025-09-11 13:21:54,2025-09-11,13:21:54,out,1.85,22.1,62.7,30.0,24.438,259.4,3.84
2025-09-11 13:22:30,2025-09-11,13:22:30,in,0.44,1310.8,0.0,31.0,10.69,357.1,0.64
2025-09-11 13:22:57,2025-09-11,13:22:57,out,0.47,22.2,62.8,30.1,24.545,177.4,3.29
2025-09-11 13:23:34,2025-09-11,13:23:34,in,0.04,1310.8,0.0,31.0,10.69,32.6,0.64
2025-09-11 13:24:00,2025-09-11,13:24:00,out,1.4,21.9,61.4,30.1,24.317,269.0,3.49
2025-09-11 13:24:38,2025-09-11,13:24:38,in,0.15,1310.8,0.0,31.1,10.732,57.3,0.58
2025-09-11 13:25:04,2025-09-11,13:25:04,out,0.7,22.0,61.9,30.2,24.489,236.4,1.73
2025-09-11 13:25:41,2025-09-11,13:25:41,in,0.6,1310.8,0.0,31.2,10.773,334.1,0.8
2025-09-11 13:26:08,2025-09-11,13:26:08,out,2.08,21.8,60.6,30.3,24.366,308.4,3.04
2025-09-11 13:26:44,2025-09-11,13:26:44,in,0.7,1310.8,0.0,31.1,10.732,343.1,1.33
2025-09-11 13:27:12,2025-09-11,13:27:12,out,2.13,21.8,60.5,30.3,24.35,291.7,2.56
2025-09-11 13:27:48,2025-09-11,13:27:48,in,0.94,,,1310.8,,349.5,1.29
2025-09-11 13:28:14,2025-09-11,13:28:14,out,0.8,21.9,61.0,30.3,24.432,347.2,2.64
2025-09-11 13:28:52,2025-09-11,13:28:52,in,0.69,1310.8,0.0,30.8,10.607,324.5,1.13
2025-09-11 13:29:18,2025-09-11,13:29:18,out,2.75,21.9,60.7,30.3,24.383,225.5,4.04
2025-09-11 13:29:55,2025-09-11,13:29:55,in,0.59,1310.8,0.0,30.8,10.607,357.7,0.84
2025-09-11 13:30:22,2025-09-11,13:30:22,out,3.28,,,22.0,,30.3,6.11
2025-09-11 13:30:58,2025-09-11,13:30:58,in,0.46,1310.8,0.0,30.9,10.649,103.1,0.77
2025-09-11 13:31:26,2025-09-11,13:31:26,out,2.97,21.8,60.4,30.3,24.333,211.7,5.06
2025-09-11 13:32:02,2025-09-11,13:32:02,in,0.25,1310.8,0.0,31.0,10.69,4.2,0.95
2025-09-11 13:32:28,2025-09-11,13:32:28,out,2.36,21.9,61.3,30.2,24.391,272.5,3.43
2025-09-11 13:33:06,2025-09-11,13:33:06,in,1.47,,,1310.8,,31.1,0.0
2025-09-11 13:33:32,2025-09-11,13:33:32,out,2.62,21.9,61.2,30.2,24.375,275.7,4.86
2025-09-11 13:34:09,2025-09-11,13:34:09,in,0.93,1310.8,0.0,31.0,10.69,336.8,1.63
2025-09-11 13:34:36,2025-09-11,13:34:36,out,2.59,21.8,61.1,30.1,24.268,282.3,4.58
2025-09-11 13:35:12,2025-09-11,13:35:12,in,0.65,1310.8,0.0,30.9,10.649,353.4,1.03
2025-09-11 13:35:39,2025-09-11,13:35:39,out,2.75,22.0,61.8,30.1,24.382,253.9,4.27
2025-09-11 13:36:16,2025-09-11,13:36:16,in,0.19,1310.8,0.0,31.0,10.69,313.9,0.38
2025-09-11 13:36:43,2025-09-11,13:36:43,out,4.04,21.9,61.4,30.1,24.317,251.0,5.14
2025-09-11 13:37:20,2025-09-11,13:37:20,in,0.92,1310.8,0.0,31.1,10.732,316.8,1.44
2025-09-11 13:37:46,2025-09-11,13:37:46,out,1.57,22.0,61.7,30.2,24.457,230.6,6.49
2025-09-11 13:38:23,2025-09-11,13:38:23,in,1.1,1310.8,0.0,31.2,10.773,327.7,1.83
2025-09-11 13:38:50,2025-09-11,13:38:50,out,3.61,21.9,61.2,30.2,24.375,280.1,4.75
2025-09-11 13:39:26,2025-09-11,13:39:26,in,0.95,1310.8,0.0,31.3,10.814,321.5,2.31
2025-09-11 13:39:54,2025-09-11,13:39:54,out,2.63,21.9,61.1,30.2,24.358,243.8,4.75
2025-09-11 13:40:30,2025-09-11,13:40:30,in,1.35,1310.8,0.0,31.3,10.814,337.4,1.83
2025-09-11 13:40:56,2025-09-11,13:40:56,out,2.59,21.9,60.8,30.3,24.399,266.7,3.13
2025-09-11 13:41:34,2025-09-11,13:41:34,in,1.56,1310.8,0.0,31.3,10.814,324.1,2.23
2025-09-11 13:42:00,2025-09-11,13:42:00,out,3.53,21.8,60.9,30.2,24.326,264.5,4.48
2025-09-11 13:42:37,2025-09-11,13:42:37,in,1.52,1310.8,0.0,31.1,10.732,340.5,1.93
2025-09-11 13:43:04,2025-09-11,13:43:04,out,2.92,21.8,61.1,30.1,24.268,260.2,4.32
2025-09-11 13:43:40,2025-09-11,13:43:40,in,1.28,1310.8,0.0,31.0,10.69,325.1,2.27
2025-09-11 13:44:08,2025-09-11,13:44:08,out,3.53,21.8,61.2,30.1,24.284,286.5,3.9
2025-09-11 13:44:44,2025-09-11,13:44:44,in,1.59,1310.8,0.0,31.0,10.69,336.5,2.13
2025-09-11 13:45:11,2025-09-11,13:45:11,out,2.82,21.8,61.2,30.1,24.284,251.7,4.24
2025-09-11 13:45:48,2025-09-11,13:45:48,in,1.55,1310.8,0.0,30.9,10.649,320.2,2.2
2025-09-11 13:46:14,2025-09-11,13:46:14,out,2.81,21.6,61.0,30.0,24.162,250.4,4.46
2025-09-11 13:46:51,2025-09-11,13:46:51,in,0.85,1310.8,0.0,30.9,10.649,332.9,2.28
2025-09-11 13:47:18,2025-09-11,13:47:18,out,1.25,21.9,61.8,30.0,24.292,293.6,3.13
2025-09-11 13:47:55,2025-09-11,13:47:55,in,1.22,1310.8,0.0,30.8,10.607,315.5,2.2
2025-09-11 13:48:22,2025-09-11,13:48:22,out,1.57,22.0,62.0,30.1,24.415,293.6,2.05
2025-09-11 13:48:58,2025-09-11,13:48:58,in,1.06,1310.8,0.0,30.7,10.566,336.7,1.96
2025-09-11 13:49:25,2025-09-11,13:49:25,out,2.86,21.8,61.5,30.0,24.243,257.4,5.32
2025-09-11 13:50:02,2025-09-11,13:50:02,in,0.77,1310.8,0.0,30.7,10.566,355.3,1.69
2025-09-11 13:50:28,2025-09-11,13:50:28,out,5.16,21.7,61.7,29.9,24.185,240.5,5.96
2025-09-11 13:51:06,2025-09-11,13:51:06,in,0.55,1310.8,0.0,30.8,10.607,345.7,1.76
2025-09-11 13:51:32,2025-09-11,13:51:32,out,2.85,21.9,62.6,29.8,24.24,248.5,5.57
2025-09-11 13:52:09,2025-09-11,13:52:09,in,1.29,1310.8,0.0,30.9,10.649,351.5,1.71
2025-09-11 13:52:36,2025-09-11,13:52:36,out,2.96,21.9,62.6,29.8,24.24,224.2,4.27
2025-09-11 13:53:12,2025-09-11,13:53:12,in,1.31,1310.8,0.0,30.9,10.649,328.2,2.14
2025-09-11 13:53:39,2025-09-11,13:53:39,out,3.65,21.9,62.2,29.9,24.266,243.0,4.6
2025-09-11 13:54:16,2025-09-11,13:54:16,in,0.97,1310.8,0.0,31.0,10.69,340.9,2.05
2025-09-11 13:54:42,2025-09-11,13:54:42,out,2.83,21.9,62.1,29.9,24.25,253.5,4.72
2025-09-11 13:55:20,2025-09-11,13:55:20,in,1.6,1310.8,0.0,31.0,10.69,340.1,1.93
2025-09-11 13:55:46,2025-09-11,13:55:46,out,1.96,21.9,62.1,29.9,24.25,230.2,2.81
2025-09-11 13:56:23,2025-09-11,13:56:23,in,0.37,1310.8,0.0,31.0,10.69,327.4,2.27
2025-09-11 13:56:50,2025-09-11,13:56:50,out,1.9,22.0,62.3,30.0,24.373,245.8,4.79
2025-09-11 13:57:26,2025-09-11,13:57:26,in,1.15,1310.8,0.0,31.2,10.773,340.8,2.03
2025-09-11 13:57:53,2025-09-11,13:57:53,out,3.95,21.7,61.7,29.9,24.185,247.2,5.22
2025-09-11 13:58:30,2025-09-11,13:58:30,in,1.69,1310.8,0.0,31.3,10.814,344.0,1.93
2025-09-11 13:58:56,2025-09-11,13:58:56,out,2.81,21.7,61.6,29.9,24.169,254.9,3.64
2025-09-11 13:59:34,2025-09-11,13:59:34,in,1.54,1310.8,0.0,31.2,10.773,342.7,1.85
2025-09-11 14:00:00,2025-09-11,14:00:00,out,1.6,21.7,61.4,29.9,24.136,285.1,3.34
2025-09-11 14:00:37,2025-09-11,14:00:37,in,1.44,1310.8,0.0,31.0,10.69,333.2,2.58
2025-09-11 14:01:04,2025-09-11,14:01:04,out,3.87,21.8,61.8,29.9,24.201,241.4,4.35
2025-09-11 14:01:40,2025-09-11,14:01:40,in,0.57,1310.8,0.0,30.9,10.649,60.3,2.19
2025-09-11 14:02:07,2025-09-11,14:02:07,out,3.48,21.8,62.0,29.9,24.234,243.4,5.12
2025-09-11 14:02:44,2025-09-11,14:02:44,in,0.86,1310.8,0.0,31.0,10.69,347.4,1.5
2025-09-11 14:03:10,2025-09-11,14:03:10,out,3.45,21.7,61.7,29.9,24.185,239.8,5.28
2025-09-11 14:03:48,2025-09-11,14:03:48,in,0.94,1310.8,0.0,31.0,10.69,349.7,1.99
2025-09-11 14:04:14,2025-09-11,14:04:14,out,2.09,21.9,62.8,29.7,24.182,255.5,4.17
2025-09-11 14:04:51,2025-09-11,14:04:51,in,1.65,1310.8,0.0,31.0,10.69,341.0,2.12
2025-09-11 14:05:18,2025-09-11,14:05:18,out,4.32,21.9,63.0,29.7,24.214,242.6,4.92
2025-09-11 14:05:54,2025-09-11,14:05:54,in,0.59,1310.8,0.0,31.0,10.69,22.6,2.16
2025-09-11 14:06:21,2025-09-11,14:06:21,out,3.35,,,22.0,,228.1,5.35
2025-09-11 14:06:58,2025-09-11,14:06:58,in,0.73,1310.8,0.0,31.0,10.69,348.8,1.42
2025-09-11 14:07:24,2025-09-11,14:07:24,out,2.97,22.0,63.3,29.7,24.262,251.2,4.62
2025-09-11 14:08:02,2025-09-11,14:08:02,in,1.37,1310.8,0.0,31.0,10.69,345.2,2.13
2025-09-11 14:08:28,2025-09-11,14:08:28,out,3.81,21.9,62.9,29.7,24.198,242.3,4.82
2025-09-11 14:09:05,2025-09-11,14:09:05,in,1.08,1310.8,0.0,30.9,10.649,356.9,2.24
2025-09-11 14:09:32,2025-09-11,14:09:32,out,3.36,22.0,63.4,29.7,24.278,247.9,5.01
2025-09-11 14:10:08,2025-09-11,14:10:08,in,1.27,1310.8,0.0,30.8,10.607,350.6,1.91
2025-09-11 14:10:35,2025-09-11,14:10:35,out,3.7,22.0,63.7,29.7,24.326,234.7,5.13
2025-09-11 14:11:12,2025-09-11,14:11:12,in,1.04,1310.8,0.0,30.8,10.607,344.8,1.78
2025-09-11 14:11:38,2025-09-11,14:11:38,out,1.97,22.0,63.8,29.6,24.251,262.8,5.73
2025-09-11 14:12:16,2025-09-11,14:12:16,in,0.78,1310.8,0.0,30.9,10.649,333.9,1.85
2025-09-11 14:12:42,2025-09-11,14:12:42,out,2.43,22.1,64.1,29.6,24.298,232.1,5.62
2025-09-11 14:13:19,2025-09-11,14:13:19,in,1.15,1310.8,0.0,30.9,10.649,335.3,1.56
2025-09-11 14:13:46,2025-09-11,14:13:46,out,1.66,22.1,64.5,29.5,24.271,220.2,4.59
2025-09-11 14:14:22,2025-09-11,14:14:22,in,1.0,1310.8,0.0,30.9,10.649,319.0,1.69
2025-09-11 14:14:49,2025-09-11,14:14:49,out,2.91,22.1,64.7,29.5,24.302,234.3,3.39
2025-09-11 14:15:26,2025-09-11,14:15:26,in,1.16,,,1310.8,,30.9,0.0
2025-09-11 14:15:52,2025-09-11,14:15:52,out,3.86,22.1,64.8,29.5,24.318,224.7,4.43
2025-09-11 14:16:30,2025-09-11,14:16:30,in,0.63,1310.8,0.0,30.9,10.649,342.1,1.54
2025-09-11 14:16:56,2025-09-11,14:16:56,out,4.45,22.1,64.7,29.5,24.302,233.1,5.52
2025-09-11 14:17:33,2025-09-11,14:17:33,in,0.78,1310.8,0.0,30.9,10.649,324.5,1.27
2025-09-11 14:18:00,2025-09-11,14:18:00,out,2.07,22.1,65.1,29.4,24.274,216.5,5.46
2025-09-11 14:18:36,2025-09-11,14:18:36,in,1.34,1310.8,0.0,30.9,10.649,313.5,1.64
2025-09-11 14:19:03,2025-09-11,14:19:03,out,2.7,22.2,65.7,29.3,24.277,241.7,3.99
2025-09-11 14:19:40,2025-09-11,14:19:40,in,1.17,1310.8,0.0,30.9,10.649,330.2,2.21
2025-09-11 14:20:06,2025-09-11,14:20:06,out,2.81,22.3,65.7,29.4,24.369,264.8,4.18
2025-09-11 14:20:44,2025-09-11,14:20:44,in,1.47,1310.8,0.0,30.8,10.607,338.9,2.08
2025-09-11 14:21:10,2025-09-11,14:21:10,out,3.2,22.2,65.4,29.4,24.321,269.0,4.31
2025-09-11 14:21:47,2025-09-11,14:21:47,in,1.41,1310.8,0.0,30.8,10.607,353.9,2.24
2025-09-11 14:22:14,2025-09-11,14:22:14,out,2.88,22.2,65.5,29.4,24.337,228.5,4.82
2025-09-11 14:22:50,2025-09-11,14:22:50,in,1.14,1310.8,0.0,30.7,10.566,329.1,2.24
2025-09-11 14:23:17,2025-09-11,14:23:17,out,2.2,22.3,65.7,29.4,24.369,286.9,3.89
2025-09-11 14:23:54,2025-09-11,14:23:54,in,1.05,1310.8,0.0,30.7,10.566,330.9,1.82
2025-09-11 14:24:20,2025-09-11,14:24:20,out,3.57,22.2,65.0,29.5,24.35,225.7,4.41
2025-09-11 14:24:58,2025-09-11,14:24:58,in,0.62,1310.8,0.0,30.7,10.566,324.8,1.92
2025-09-11 14:25:24,2025-09-11,14:25:24,out,2.92,22.2,65.4,29.4,24.321,239.3,3.39
2025-09-11 14:26:01,2025-09-11,14:26:01,in,0.91,1310.8,0.0,30.8,10.607,332.3,1.99
2025-09-11 14:26:28,2025-09-11,14:26:28,out,3.82,22.3,65.5,29.5,24.429,236.8,4.79
2025-09-11 14:27:04,2025-09-11,14:27:04,in,0.27,1310.8,0.0,30.9,10.649,271.8,1.39
2025-09-11 14:27:31,2025-09-11,14:27:31,out,0.88,22.3,65.2,29.6,24.473,253.2,6.25
2025-09-11 14:28:08,2025-09-11,14:28:08,in,0.24,1310.8,0.0,31.0,10.69,19.2,1.51
2025-09-11 14:28:34,2025-09-11,14:28:34,out,0.65,22.3,65.2,29.6,24.473,223.5,2.26
2025-09-11 14:29:12,2025-09-11,14:29:12,in,0.92,1310.8,0.0,31.1,10.732,336.0,1.33
2025-09-11 14:29:38,2025-09-11,14:29:38,out,1.43,22.3,64.8,29.7,24.501,218.2,4.1
2025-09-11 14:30:15,2025-09-11,14:30:15,in,0.43,1310.8,0.0,31.0,10.69,342.7,2.24
2025-09-11 14:30:42,2025-09-11,14:30:42,out,3.16,22.2,64.2,29.7,24.406,235.1,4.28
2025-09-11 14:31:18,2025-09-11,14:31:18,in,1.38,1310.8,0.0,31.0,10.69,332.1,2.06
2025-09-11 14:31:45,2025-09-11,14:31:45,out,3.15,22.2,64.4,29.7,24.438,260.3,3.88
2025-09-11 14:32:22,2025-09-11,14:32:22,in,0.73,1310.8,0.0,30.8,10.607,329.0,2.52
2025-09-11 14:32:48,2025-09-11,14:32:48,out,1.45,22.2,64.3,29.7,24.422,255.4,3.69
2025-09-11 14:33:26,2025-09-11,14:33:26,in,1.04,1310.8,0.0,30.8,10.607,333.4,1.92
2025-09-11 14:33:52,2025-09-11,14:33:52,out,4.16,22.1,64.2,29.6,24.314,234.4,5.5
2025-09-11 14:34:29,2025-09-11,14:34:29,in,0.49,1310.8,0.0,30.8,10.607,321.2,1.44
2025-09-11 14:34:56,2025-09-11,14:34:56,out,3.59,22.1,63.8,29.7,24.342,215.7,4.17
2025-09-11 14:35:32,2025-09-11,14:35:32,in,0.66,1310.8,0.0,31.0,10.69,343.7,1.85
2025-09-11 14:35:59,2025-09-11,14:35:59,out,2.13,22.1,64.2,29.6,24.314,250.8,4.51
2025-09-11 14:36:36,2025-09-11,14:36:36,in,0.92,1310.8,0.0,30.9,10.649,328.6,1.59
2025-09-11 14:37:02,2025-09-11,14:37:02,out,1.85,22.3,65.0,29.6,24.441,258.5,4.39
2025-09-11 14:37:40,2025-09-11,14:37:40,in,1.45,1310.8,0.0,30.9,10.649,323.5,1.79
2025-09-11 14:38:06,2025-09-11,14:38:06,out,3.05,22.2,64.7,29.6,24.394,216.6,4.04
2025-09-11 14:38:43,2025-09-11,14:38:43,in,0.09,1310.8,0.0,30.9,10.649,9.5,1.78
2025-09-11 14:39:10,2025-09-11,14:39:10,out,1.45,22.2,64.4,29.7,24.438,209.2,5.9
2025-09-11 14:39:46,2025-09-11,14:39:46,in,1.37,1310.8,0.0,30.9,10.649,321.0,1.98
2025-09-11 14:40:13,2025-09-11,14:40:13,out,1.58,22.0,63.7,29.7,24.326,209.6,2.47
2025-09-11 14:40:50,2025-09-11,14:40:50,in,0.66,1310.8,0.0,31.0,10.69,313.8,2.08
2025-09-11 14:41:16,2025-09-11,14:41:16,out,3.37,22.0,63.2,29.7,24.246,252.5,4.06
2025-09-11 14:41:54,2025-09-11,14:41:54,in,0.67,1310.8,0.0,31.0,10.69,354.0,1.32
2025-09-11 14:42:20,2025-09-11,14:42:20,out,2.81,21.9,63.5,29.6,24.203,253.0,4.81
2025-09-11 14:42:57,2025-09-11,14:42:57,in,1.48,1310.8,0.0,30.9,10.649,331.0,2.05
2025-09-11 14:43:24,2025-09-11,14:43:24,out,1.39,22.0,64.3,29.5,24.239,227.6,3.47
2025-09-11 14:44:00,2025-09-11,14:44:00,in,0.42,1310.8,0.0,30.8,10.607,313.4,2.01
2025-09-11 14:44:27,2025-09-11,14:44:27,out,2.36,22.0,64.1,29.5,24.207,226.1,5.03
2025-09-11 14:45:04,2025-09-11,14:45:04,in,0.41,1310.8,0.0,30.8,10.607,311.8,1.2
2025-09-11 14:45:30,2025-09-11,14:45:30,out,3.23,22.0,63.5,29.7,24.294,223.3,4.0
2025-09-11 14:46:08,2025-09-11,14:46:08,in,0.6,1310.8,0.0,30.9,10.649,341.7,1.21
2025-09-11 14:46:34,2025-09-11,14:46:34,out,2.27,21.9,63.2,29.6,24.155,220.9,3.85
2025-09-11 14:47:11,2025-09-11,14:47:11,in,1.37,1310.8,0.0,30.9,10.649,319.9,1.78
2025-09-11 14:47:38,2025-09-11,14:47:38,out,3.27,21.8,63.1,29.6,24.139,199.3,5.65
2025-09-11 14:48:14,2025-09-11,14:48:14,in,0.49,1310.8,0.0,30.9,10.649,302.0,1.49
2025-09-11 14:48:41,2025-09-11,14:48:41,out,1.15,22.0,64.1,29.5,24.207,240.2,4.59
2025-09-11 14:49:18,2025-09-11,14:49:18,in,1.06,1310.8,0.0,31.0,10.69,331.5,1.9
2025-09-11 14:49:44,2025-09-11,14:49:44,out,3.6,22.0,63.9,29.5,24.175,207.7,4.52
2025-09-11 14:50:22,2025-09-11,14:50:22,in,0.32,1310.8,0.0,30.9,10.649,329.0,2.06
2025-09-11 14:50:48,2025-09-11,14:50:48,out,3.38,21.8,63.8,29.4,24.068,222.1,4.42
2025-09-11 14:51:25,2025-09-11,14:51:25,in,0.54,1310.8,0.0,31.0,10.69,340.7,1.96
2025-09-11 14:51:52,2025-09-11,14:51:52,out,3.32,21.9,63.9,29.4,24.084,241.4,4.94
2025-09-11 14:52:28,2025-09-11,14:52:28,in,0.51,1310.8,0.0,30.9,10.649,347.5,1.77
2025-09-11 14:52:55,2025-09-11,14:52:55,out,1.72,22.0,64.7,29.3,24.119,222.6,3.02
2025-09-11 14:53:32,2025-09-11,14:53:32,in,0.37,1310.8,0.0,30.9,10.649,358.5,1.54
2025-09-11 14:53:58,2025-09-11,14:53:58,out,1.26,22.0,64.6,29.4,24.195,235.6,2.82
2025-09-11 14:54:36,2025-09-11,14:54:36,in,0.18,1310.8,0.0,30.9,10.649,117.5,0.48
2025-09-11 14:55:02,2025-09-11,14:55:02,out,1.41,22.0,64.0,29.5,24.191,197.7,5.06
2025-09-11 14:55:39,2025-09-11,14:55:39,in,1.6,1310.8,0.0,31.0,10.69,304.3,2.15
2025-09-11 14:56:06,2025-09-11,14:56:06,out,1.12,22.0,64.2,29.5,24.223,246.4,3.13
2025-09-11 14:56:43,2025-09-11,14:56:43,in,0.99,1310.8,0.0,31.1,10.732,336.4,1.87
2025-09-11 14:57:09,2025-09-11,14:57:09,out,1.32,22.0,63.5,29.7,24.294,195.9,4.49
2025-09-11 14:57:46,2025-09-11,14:57:46,in,1.91,1310.8,0.0,31.2,10.773,317.0,2.48
2025-09-11 14:58:12,2025-09-11,14:58:12,out,2.78,22.1,63.8,29.7,24.342,246.8,4.33
2025-09-11 14:58:50,2025-09-11,14:58:50,in,1.18,1310.8,0.0,31.2,10.773,322.7,2.28
2025-09-11 14:59:16,2025-09-11,14:59:16,out,3.48,21.8,62.1,29.8,24.159,224.3,5.22
2025-09-11 14:59:53,2025-09-11,14:59:53,in,1.09,1310.8,0.0,31.2,10.773,340.4,1.99
2025-09-11 15:00:20,2025-09-11,15:00:20,out,2.76,21.8,62.4,29.8,24.208,261.8,4.02
2025-09-11 15:00:57,2025-09-11,15:00:57,in,1.01,1310.8,0.0,31.2,10.773,336.8,1.68
2025-09-11 15:01:23,2025-09-11,15:01:23,out,2.49,22.0,62.5,29.9,24.315,218.7,5.16
2025-09-11 15:02:00,2025-09-11,15:02:00,in,1.0,1310.8,0.0,31.2,10.773,317.7,1.94
2025-09-11 15:02:26,2025-09-11,15:02:26,out,3.18,21.8,62.0,29.9,24.234,232.6,4.64
2025-09-11 15:03:04,2025-09-11,15:03:04,in,0.3,1310.8,0.0,31.3,10.814,11.0,1.93
2025-09-11 15:03:30,2025-09-11,15:03:30,out,2.44,21.9,62.3,29.9,24.282,217.8,3.43
2025-09-11 15:04:07,2025-09-11,15:04:07,in,1.24,1310.8,0.0,31.3,10.814,330.3,1.65
2025-09-11 15:04:34,2025-09-11,15:04:34,out,0.66,22.1,63.1,29.9,24.412,258.2,3.23
2025-09-11 15:05:11,2025-09-11,15:05:11,in,1.01,1310.8,0.0,31.3,10.814,334.1,2.15
2025-09-11 15:05:37,2025-09-11,15:05:37,out,2.74,21.9,61.9,30.0,24.308,219.8,3.55
2025-09-11 15:06:14,2025-09-11,15:06:14,in,0.27,1310.8,0.0,31.4,10.856,83.2,2.22
2025-09-11 15:06:40,2025-09-11,15:06:40,out,0.26,22.2,63.1,30.0,24.503,190.6,3.26
2025-09-11 15:07:18,2025-09-11,15:07:18,in,0.35,1310.8,0.0,31.4,10.856,280.0,1.78
2025-09-11 15:07:44,2025-09-11,15:07:44,out,2.83,22.0,62.5,30.0,24.405,212.6,5.89
2025-09-11 15:08:21,2025-09-11,15:08:21,in,1.08,1310.8,0.0,31.4,10.856,322.4,1.57
2025-09-11 15:08:48,2025-09-11,15:08:48,out,1.8,22.2,62.8,30.1,24.545,223.7,3.34
2025-09-11 15:09:24,2025-09-11,15:09:24,in,0.97,1310.8,0.0,31.5,10.897,353.5,2.13
2025-09-11 15:09:51,2025-09-11,15:09:51,out,2.15,22.0,62.4,30.0,24.389,223.6,5.63
2025-09-11 15:10:28,2025-09-11,15:10:28,in,1.02,1310.8,0.0,31.5,10.897,333.5,1.65
2025-09-11 15:10:54,2025-09-11,15:10:54,out,2.98,22.2,63.2,30.0,24.519,216.6,3.75
2025-09-11 15:11:32,2025-09-11,15:11:32,in,0.66,1310.8,0.0,31.4,10.856,348.3,1.69
2025-09-11 15:11:58,2025-09-11,15:11:58,out,2.39,22.2,63.2,30.0,24.519,244.1,4.63
2025-09-11 15:12:36,2025-09-11,15:12:36,in,0.77,1310.8,0.0,31.3,10.814,352.7,1.69
2025-09-11 15:13:02,2025-09-11,15:13:02,out,2.24,22.3,63.5,30.0,24.567,224.0,3.77
2025-09-11 15:13:38,2025-09-11,15:13:38,in,0.69,1310.8,0.0,31.4,10.856,319.9,2.05
2025-09-11 15:14:05,2025-09-11,15:14:05,out,1.73,22.2,63.1,30.0,24.503,210.4,6.38
2025-09-11 15:14:42,2025-09-11,15:14:42,in,0.74,1310.8,0.0,31.5,10.897,318.8,1.82
2025-09-11 15:15:08,2025-09-11,15:15:08,out,3.46,22.0,62.6,30.0,24.422,219.0,4.61
2025-09-11 15:15:46,2025-09-11,15:15:46,in,1.16,1310.8,0.0,31.5,10.897,334.0,1.52
2025-09-11 15:16:12,2025-09-11,15:16:12,out,2.11,22.3,63.7,30.0,24.599,207.4,3.75
2025-09-11 15:16:50,2025-09-11,15:16:50,in,0.41,1310.8,0.0,31.5,10.897,297.8,1.32
2025-09-11 15:17:16,2025-09-11,15:17:16,out,3.6,22.1,62.6,30.1,24.512,229.5,4.07
2025-09-11 15:17:53,2025-09-11,15:17:53,in,0.11,1310.8,0.0,31.6,10.939,277.3,1.72
2025-09-11 15:18:19,2025-09-11,15:18:19,out,3.05,22.1,62.4,30.1,24.48,244.2,4.78
2025-09-11 15:18:56,2025-09-11,15:18:56,in,1.6,1310.8,0.0,31.6,10.939,332.3,2.23
2025-09-11 15:19:22,2025-09-11,15:19:22,out,2.89,22.0,62.5,30.0,24.405,266.9,3.87
2025-09-11 15:20:00,2025-09-11,15:20:00,in,0.84,1310.8,0.0,31.3,10.814,315.9,2.04
2025-09-11 15:20:26,2025-09-11,15:20:26,out,2.41,,,22.1,,30.0,6.28
2025-09-11 15:21:04,2025-09-11,15:21:04,in,1.06,1310.8,0.0,31.1,10.732,331.2,1.78
2025-09-11 15:21:30,2025-09-11,15:21:30,out,1.57,22.2,63.2,30.0,24.519,269.7,2.36
2025-09-11 15:22:07,2025-09-11,15:22:07,in,1.56,1310.8,0.0,30.9,10.649,316.4,2.33
2025-09-11 15:22:33,2025-09-11,15:22:33,out,2.65,22.2,62.8,30.1,24.545,236.8,3.45
2025-09-11 15:23:10,2025-09-11,15:23:10,in,1.49,1310.8,0.0,30.8,10.607,328.6,2.02
2025-09-11 15:23:36,2025-09-11,15:23:36,out,3.6,22.1,62.8,30.0,24.454,239.1,3.97
2025-09-11 15:24:14,2025-09-11,15:24:14,in,0.96,1310.8,0.0,30.7,10.566,313.9,1.68
2025-09-11 15:24:40,2025-09-11,15:24:40,out,1.54,22.2,63.1,30.0,24.503,192.7,3.35
2025-09-11 15:25:18,2025-09-11,15:25:18,in,1.16,1310.8,0.0,30.8,10.607,328.6,1.75
2025-09-11 15:25:44,2025-09-11,15:25:44,out,2.45,22.1,63.2,29.9,24.428,226.6,3.54
2025-09-11 15:26:21,2025-09-11,15:26:21,in,0.78,1310.8,0.0,30.8,10.607,323.3,1.75
2025-09-11 15:26:47,2025-09-11,15:26:47,out,2.77,22.2,63.5,29.9,24.476,220.2,3.25
2025-09-11 15:27:24,2025-09-11,15:27:24,in,1.32,1310.8,0.0,30.9,10.649,311.6,2.16
2025-09-11 15:27:50,2025-09-11,15:27:50,out,1.76,22.2,63.6,29.9,24.492,222.6,4.05
2025-09-11 15:28:28,2025-09-11,15:28:28,in,1.45,1310.8,0.0,31.0,10.69,336.3,2.73
2025-09-11 15:28:54,2025-09-11,15:28:54,out,3.32,22.1,63.2,29.9,24.428,246.2,4.09
2025-09-11 15:29:32,2025-09-11,15:29:32,in,0.19,1310.8,0.0,30.9,10.649,298.0,1.9
2025-09-11 15:29:58,2025-09-11,15:29:58,out,3.79,22.1,63.2,29.9,24.428,239.1,4.93
2025-09-11 15:30:35,2025-09-11,15:30:35,in,1.04,1310.8,0.0,30.9,10.649,355.1,1.45
2025-09-11 15:31:01,2025-09-11,15:31:01,out,3.23,22.1,63.5,29.8,24.385,250.3,4.9
2025-09-11 15:31:38,2025-09-11,15:31:38,in,1.81,1310.8,0.0,30.9,10.649,339.7,2.28
2025-09-11 15:32:04,2025-09-11,15:32:04,out,0.91,22.0,64.0,29.6,24.282,260.5,4.5
2025-09-11 15:32:42,2025-09-11,15:32:42,in,1.06,1310.8,0.0,30.7,10.566,338.8,1.94
2025-09-11 15:33:08,2025-09-11,15:33:08,out,3.76,22.1,64.0,29.7,24.374,253.7,4.34
2025-09-11 15:33:46,2025-09-11,15:33:46,in,1.9,,,1310.8,,30.6,0.0
2025-09-11 15:34:12,2025-09-11,15:34:12,out,2.51,22.1,64.2,29.6,24.314,270.5,4.06
2025-09-11 15:34:49,2025-09-11,15:34:49,in,1.34,1310.8,0.0,30.5,10.483,327.3,2.29
2025-09-11 15:35:15,2025-09-11,15:35:15,out,3.84,22.0,64.1,29.6,24.298,239.6,4.43
2025-09-11 15:35:52,2025-09-11,15:35:52,in,0.33,1310.8,0.0,30.4,10.442,354.9,2.15
2025-09-11 15:36:18,2025-09-11,15:36:18,out,3.4,22.1,64.6,29.5,24.287,244.6,4.2
2025-09-11 15:36:56,2025-09-11,15:36:56,in,0.47,1310.8,0.0,30.4,10.442,341.7,0.92
2025-09-11 15:37:22,2025-09-11,15:37:22,out,2.94,22.0,64.5,29.4,24.179,259.5,4.37
2025-09-11 15:38:00,2025-09-11,15:38:00,in,0.42,1310.8,0.0,30.5,10.483,307.0,1.37
2025-09-11 15:38:26,2025-09-11,15:38:26,out,2.62,22.1,65.3,29.3,24.214,275.5,5.12
2025-09-11 15:39:03,2025-09-11,15:39:03,in,0.09,1310.8,0.0,30.5,10.483,358.7,0.8
2025-09-11 15:39:29,2025-09-11,15:39:29,out,3.44,22.0,65.2,29.3,24.198,238.2,5.43
2025-09-11 15:40:06,2025-09-11,15:40:06,in,0.22,1310.8,0.0,30.5,10.483,129.3,0.57
2025-09-11 15:40:32,2025-09-11,15:40:32,out,2.18,22.2,65.5,29.4,24.337,248.7,3.54
2025-09-11 15:41:10,2025-09-11,15:41:10,in,0.49,1310.8,0.0,30.5,10.483,335.1,0.79
2025-09-11 15:41:36,2025-09-11,15:41:36,out,5.23,22.1,65.4,29.3,24.23,264.5,6.2
2025-09-11 15:42:14,2025-09-11,15:42:14,in,0.74,1310.8,0.0,30.4,10.442,350.2,1.2
2025-09-11 15:42:40,2025-09-11,15:42:40,out,2.22,22.0,65.3,29.2,24.122,265.9,6.31
2025-09-11 15:43:17,2025-09-11,15:43:17,in,0.1,1310.8,0.0,30.4,10.442,355.8,0.67
2025-09-11 15:43:43,2025-09-11,15:43:43,out,1.2,22.1,65.9,29.2,24.216,275.4,2.79
2025-09-11 15:44:20,2025-09-11,15:44:20,in,0.28,1310.8,0.0,30.5,10.483,136.8,0.61
2025-09-11 15:44:46,2025-09-11,15:44:46,out,3.17,22.2,65.7,29.3,24.277,241.0,3.31
2025-09-11 15:45:24,2025-09-11,15:45:24,in,0.23,1310.8,0.0,30.5,10.483,61.5,0.54
2025-09-11 15:45:50,2025-09-11,15:45:50,out,1.15,22.1,65.8,29.2,24.201,214.7,4.66
2025-09-11 15:46:28,2025-09-11,15:46:28,in,0.58,1310.8,0.0,30.6,10.524,121.0,0.96
2025-09-11 15:46:54,2025-09-11,15:46:54,out,1.6,22.2,65.8,29.3,24.293,214.1,4.49
2025-09-11 15:47:31,2025-09-11,15:47:31,in,0.15,1310.8,0.0,30.6,10.524,193.3,0.81
2025-09-11 15:47:57,2025-09-11,15:47:57,out,2.47,22.2,65.6,29.3,24.261,215.5,4.03
2025-09-11 15:48:34,2025-09-11,15:48:34,in,0.24,1310.8,0.0,30.6,10.524,275.3,0.76
2025-09-11 15:49:00,2025-09-11,15:49:00,out,4.0,22.1,65.4,29.3,24.23,273.1,4.6
2025-09-11 15:49:38,2025-09-11,15:49:38,in,1.17,1310.8,0.0,30.6,10.524,328.5,1.41
2025-09-11 15:50:04,2025-09-11,15:50:04,out,2.67,22.1,65.5,29.3,24.245,259.6,4.6
2025-09-11 15:50:42,2025-09-11,15:50:42,in,0.06,1310.8,0.0,30.5,10.483,5.7,1.04
2025-09-11 15:51:08,2025-09-11,15:51:08,out,3.97,21.9,64.8,29.2,24.044,232.7,4.95
2025-09-11 15:51:45,2025-09-11,15:51:45,in,0.09,1310.8,0.0,30.5,10.483,299.5,0.59
2025-09-11 15:52:11,2025-09-11,15:52:11,out,2.29,22.0,65.7,29.1,24.093,232.7,4.47
2025-09-11 15:52:48,2025-09-11,15:52:48,in,0.41,1310.8,0.0,30.5,10.483,0.2,0.63
2025-09-11 15:53:14,2025-09-11,15:53:14,out,0.82,22.1,66.1,29.1,24.156,228.4,2.4
2025-09-11 15:53:52,2025-09-11,15:53:52,in,0.18,1310.8,0.0,30.5,10.483,78.0,0.55
2025-09-11 15:54:18,2025-09-11,15:54:18,out,1.58,22.2,66.3,29.2,24.279,248.8,2.47
2025-09-11 15:54:56,2025-09-11,15:54:56,in,0.17,1310.8,0.0,30.5,10.483,331.0,0.77
2025-09-11 15:55:22,2025-09-11,15:55:22,out,1.12,22.3,66.4,29.2,24.295,220.2,2.81
2025-09-11 15:55:59,2025-09-11,15:55:59,in,0.21,1310.8,0.0,30.5,10.483,54.9,0.41
2025-09-11 15:56:25,2025-09-11,15:56:25,out,1.96,22.1,65.9,29.2,24.216,251.3,3.62
2025-09-11 15:57:02,2025-09-11,15:57:02,in,0.56,1310.8,0.0,30.5,10.483,339.9,1.02
2025-09-11 15:57:28,2025-09-11,15:57:28,out,1.25,22.2,66.2,29.2,24.263,235.5,2.25
2025-09-11 15:58:06,2025-09-11,15:58:06,in,0.5,1310.8,0.0,30.5,10.483,325.7,0.8
2025-09-11 15:58:32,2025-09-11,15:58:32,out,2.25,22.1,65.6,29.2,24.169,212.9,3.21
2025-09-11 15:59:10,2025-09-11,15:59:10,in,0.51,1310.8,0.0,30.5,10.483,348.7,1.34
2025-09-11 15:59:36,2025-09-11,15:59:36,out,1.52,22.1,65.7,29.2,24.185,223.0,3.5
2025-09-11 16:00:13,2025-09-11,16:00:13,in,0.46,1310.8,0.0,30.4,10.442,351.2,0.57
2025-09-11 16:00:39,2025-09-11,16:00:39,out,2.41,22.1,65.8,29.2,24.201,253.0,3.39
2025-09-11 16:01:16,2025-09-11,16:01:16,in,0.45,1310.8,0.0,30.4,10.442,354.6,1.14
2025-09-11 16:01:42,2025-09-11,16:01:42,out,2.41,22.2,66.0,29.2,24.232,203.1,3.53
2025-09-11 16:02:20,2025-09-11,16:02:20,in,0.75,1310.8,0.0,30.4,10.442,136.9,0.88
2025-09-11 16:02:46,2025-09-11,16:02:46,out,2.92,22.0,65.7,29.1,24.093,218.4,4.71
2025-09-11 16:03:24,2025-09-11,16:03:24,in,0.22,1310.8,0.0,30.4,10.442,134.5,0.45
2025-09-11 16:03:50,2025-09-11,16:03:50,out,2.33,22.1,66.1,29.1,24.156,217.4,3.66
2025-09-11 16:04:27,2025-09-11,16:04:27,in,0.18,1310.8,0.0,30.4,10.442,89.2,1.04
2025-09-11 16:04:53,2025-09-11,16:04:53,out,2.2,22.2,66.6,29.1,24.234,255.5,2.64
2025-09-11 16:05:30,2025-09-11,16:05:30,in,0.5,1310.8,0.0,30.4,10.442,350.5,0.71
2025-09-11 16:05:56,2025-09-11,16:05:56,out,3.36,22.1,66.3,29.1,24.187,232.4,4.19
2025-09-11 16:06:34,2025-09-11,16:06:34,in,0.16,1310.8,0.0,30.4,10.442,327.9,0.57
2025-09-11 16:07:00,2025-09-11,16:07:00,out,2.71,22.1,66.2,29.1,24.171,223.7,4.71
2025-09-11 16:07:38,2025-09-11,16:07:38,in,0.23,1310.8,0.0,30.4,10.442,81.4,0.34
2025-09-11 16:08:04,2025-09-11,16:08:04,out,2.33,22.2,66.5,29.1,24.218,269.5,3.53
2025-09-11 16:08:41,2025-09-11,16:08:41,in,0.61,1310.8,0.0,30.4,10.442,340.4,1.17
2025-09-11 16:09:07,2025-09-11,16:09:07,out,2.58,22.1,66.6,29.0,24.142,266.2,4.16
2025-09-11 16:09:44,2025-09-11,16:09:44,in,0.69,1310.8,0.0,30.3,10.4,336.3,1.09
2025-09-11 16:10:10,2025-09-11,16:10:10,out,3.08,22.1,66.6,29.0,24.142,232.0,4.29
2025-09-11 16:10:48,2025-09-11,16:10:48,in,0.21,1310.8,0.0,30.3,10.4,193.6,0.75
2025-09-11 16:11:14,2025-09-11,16:11:14,out,2.06,22.1,66.4,29.0,24.11,233.3,3.77
2025-09-11 16:11:52,2025-09-11,16:11:52,in,0.15,1310.8,0.0,30.3,10.4,105.6,0.37
2025-09-11 16:12:18,2025-09-11,16:12:18,out,4.1,22.1,66.4,29.0,24.11,245.2,5.03
2025-09-11 16:12:55,2025-09-11,16:12:55,in,0.38,1310.8,0.0,30.3,10.4,58.7,0.59
2025-09-11 16:13:21,2025-09-11,16:13:21,out,2.32,22.1,66.6,29.0,24.142,241.1,5.13
2025-09-11 16:13:58,2025-09-11,16:13:58,in,0.08,1310.8,0.0,30.3,10.4,22.3,0.68
2025-09-11 16:14:24,2025-09-11,16:14:24,out,2.6,22.1,66.4,29.0,24.11,276.5,4.48
2025-09-11 16:15:02,2025-09-11,16:15:02,in,0.64,1310.8,0.0,30.4,10.442,124.0,0.84
2025-09-11 16:15:28,2025-09-11,16:15:28,out,1.28,22.1,66.6,29.0,24.142,221.6,4.59
2025-09-11 16:16:06,2025-09-11,16:16:06,in,0.78,1310.8,0.0,30.4,10.442,143.7,0.9
2025-09-11 16:16:32,2025-09-11,16:16:32,out,0.73,22.3,66.9,29.1,24.28,270.6,3.41
2025-09-11 16:17:09,2025-09-11,16:17:09,in,0.34,1310.8,0.0,30.4,10.442,349.5,1.55
2025-09-11 16:17:35,2025-09-11,16:17:35,out,4.15,22.1,66.1,29.1,24.156,240.1,5.42
2025-09-11 16:18:12,2025-09-11,16:18:12,in,0.6,1310.8,0.0,30.4,10.442,325.3,1.77
2025-09-11 16:19:08,2025-09-11,16:19:08,out,1.69,22.4,67.2,29.1,24.327,226.0,3.8
2025-09-11 16:19:16,2025-09-11,16:19:16,in,0.94,1310.8,0.0,30.3,10.4,315.0,1.88
2025-09-11 16:20:10,2025-09-11,16:20:10,out,2.01,22.2,66.9,29.0,24.188,216.1,4.33
2025-09-11 16:20:20,2025-09-11,16:20:20,in,0.94,1310.8,0.0,30.3,10.4,326.0,2.1
2025-09-11 16:21:14,2025-09-11,16:21:14,out,3.66,22.3,67.1,29.1,24.311,240.8,4.28
2025-09-11 16:21:23,2025-09-11,16:21:23,in,1.38,1310.8,0.0,30.3,10.4,336.1,1.84
2025-09-11 16:22:18,2025-09-11,16:22:18,out,4.45,22.1,66.7,29.0,24.157,241.9,5.47
2025-09-11 16:22:26,2025-09-11,16:22:26,in,1.55,1310.8,0.0,30.2,10.359,340.7,2.22
2025-09-11 16:23:21,2025-09-11,16:23:21,out,2.82,22.2,67.0,29.0,24.204,229.5,4.51
2025-09-11 16:23:30,2025-09-11,16:23:30,in,0.86,1310.8,0.0,30.1,10.317,332.7,1.46
2025-09-11 16:24:24,2025-09-11,16:24:24,out,1.97,22.3,67.2,29.0,24.235,261.6,4.36
2025-09-11 16:24:34,2025-09-11,16:24:34,in,1.03,1310.8,0.0,30.1,10.317,339.3,1.63
2025-09-11 16:25:28,2025-09-11,16:25:28,out,3.85,22.1,66.9,28.9,24.096,258.4,6.03
2025-09-11 16:25:37,2025-09-11,16:25:37,in,0.93,1310.8,0.0,30.0,10.276,342.1,1.78
2025-09-11 16:26:32,2025-09-11,16:26:32,out,3.41,22.2,67.3,28.9,24.158,242.7,5.18
2025-09-11 16:26:40,2025-09-11,16:26:40,in,0.65,1310.8,0.0,29.9,10.235,353.0,1.77
2025-09-11 16:27:35,2025-09-11,16:27:35,out,3.79,22.2,67.6,28.8,24.112,223.0,5.62
2025-09-11 16:27:44,2025-09-11,16:27:44,in,1.33,1310.8,0.0,29.8,10.193,325.0,2.0
2025-09-11 16:28:39,2025-09-11,16:28:39,out,2.98,22.3,68.2,28.8,24.204,233.3,5.17
2025-09-11 16:28:48,2025-09-11,16:28:48,in,0.19,1310.8,0.0,29.8,10.193,87.7,1.07
2025-09-11 16:29:42,2025-09-11,16:29:42,out,3.35,22.4,68.4,28.8,24.235,241.1,4.62
2025-09-11 16:29:51,2025-09-11,16:29:51,in,0.75,1310.8,0.0,29.9,10.235,344.1,1.26
2025-09-11 16:30:46,2025-09-11,16:30:46,out,2.59,22.4,68.6,28.8,24.266,259.5,4.1
2025-09-11 16:30:54,2025-09-11,16:30:54,in,1.22,1310.8,0.0,29.8,10.193,333.7,2.19
2025-09-11 16:31:49,2025-09-11,16:31:49,out,1.84,22.4,68.4,28.8,24.235,221.8,3.92
2025-09-11 16:31:58,2025-09-11,16:31:58,in,0.3,1310.8,0.0,29.8,10.193,351.3,1.7
2025-09-11 16:32:52,2025-09-11,16:32:52,out,3.81,22.4,68.0,28.9,24.266,233.0,5.37
2025-09-11 16:33:02,2025-09-11,16:33:02,in,0.78,1310.8,0.0,29.9,10.235,319.6,1.74
2025-09-11 16:33:56,2025-09-11,16:33:56,out,2.36,22.4,68.2,28.9,24.297,214.9,4.28
2025-09-11 16:34:05,2025-09-11,16:34:05,in,1.34,1310.8,0.0,30.0,10.276,318.2,1.83
2025-09-11 16:35:00,2025-09-11,16:35:00,out,2.7,22.5,68.5,28.9,24.343,247.6,3.1
2025-09-11 16:35:08,2025-09-11,16:35:08,in,1.28,1310.8,0.0,30.0,10.276,330.7,2.15
2025-09-11 16:36:03,2025-09-11,16:36:03,out,0.86,22.5,68.3,29.0,24.405,251.9,4.26
2025-09-11 16:36:12,2025-09-11,16:36:12,in,1.47,1310.8,0.0,30.1,10.317,334.8,1.92
2025-09-11 16:37:06,2025-09-11,16:37:06,out,1.7,22.5,67.7,29.1,24.405,241.3,2.34
2025-09-11 16:37:16,2025-09-11,16:37:16,in,1.29,1310.8,0.0,30.1,10.317,326.5,1.78
2025-09-11 16:38:10,2025-09-11,16:38:10,out,2.5,22.3,66.9,29.1,24.28,252.3,4.19
2025-09-11 16:38:19,2025-09-11,16:38:19,in,1.53,1310.8,0.0,30.0,10.276,322.6,2.16
2025-09-11 16:39:14,2025-09-11,16:39:14,out,4.35,22.1,66.5,29.0,24.126,242.3,5.51
2025-09-11 16:39:22,2025-09-11,16:39:22,in,0.39,1310.8,0.0,29.9,10.235,348.3,2.07
2025-09-11 16:40:17,2025-09-11,16:40:17,out,1.76,22.3,67.3,29.0,24.25,254.2,3.6
2025-09-11 16:40:26,2025-09-11,16:40:26,in,1.48,1310.8,0.0,29.9,10.235,338.6,2.02
2025-09-11 16:41:20,2025-09-11,16:41:20,out,3.87,22.1,67.1,28.9,24.127,279.4,5.28
2025-09-11 16:41:30,2025-09-11,16:41:30,in,0.81,1310.8,0.0,29.7,10.152,311.3,2.03
2025-09-11 16:42:24,2025-09-11,16:42:24,out,0.8,22.3,67.6,28.9,24.204,228.9,3.8
2025-09-11 16:42:33,2025-09-11,16:42:33,in,0.8,1310.8,0.0,29.7,10.152,142.1,0.91
2025-09-11 16:43:28,2025-09-11,16:43:28,out,1.53,22.3,67.8,28.9,24.235,230.7,2.94
2025-09-11 16:43:36,2025-09-11,16:43:36,in,0.77,1310.8,0.0,29.7,10.152,333.4,2.13
2025-09-11 16:44:31,2025-09-11,16:44:31,out,2.73,22.2,67.5,28.9,24.189,223.3,4.43
2025-09-11 16:44:40,2025-09-11,16:44:40,in,0.19,1310.8,0.0,29.8,10.193,291.8,1.25
2025-09-11 16:45:34,2025-09-11,16:45:34,out,1.2,22.2,67.9,28.8,24.158,223.7,4.52
2025-09-11 16:45:44,2025-09-11,16:45:44,in,0.61,1310.8,0.0,29.7,10.152,353.2,2.07
2025-09-11 16:46:38,2025-09-11,16:46:38,out,2.9,22.1,67.9,28.7,24.066,234.9,4.74
2025-09-11 16:46:47,2025-09-11,16:46:47,in,0.79,1310.8,0.0,29.7,10.152,6.7,1.59
2025-09-11 16:47:42,2025-09-11,16:47:42,out,3.61,22.2,68.2,28.7,24.112,257.8,5.68
2025-09-11 16:47:50,2025-09-11,16:47:50,in,0.45,1310.8,0.0,29.6,10.11,299.2,1.38
2025-09-11 16:48:45,2025-09-11,16:48:45,out,3.55,22.2,68.6,28.6,24.08,256.1,4.36
2025-09-11 16:48:54,2025-09-11,16:48:54,in,1.47,1310.8,0.0,29.5,10.069,336.5,1.9
2025-09-11 16:49:49,2025-09-11,16:49:49,out,2.86,22.2,68.6,28.6,24.08,230.2,4.27
2025-09-11 16:49:58,2025-09-11,16:49:58,in,0.91,1310.8,0.0,29.4,10.027,334.2,1.67
2025-09-11 16:50:52,2025-09-11,16:50:52,out,3.81,22.1,68.6,28.5,23.987,236.8,4.32
2025-09-11 16:51:01,2025-09-11,16:51:01,in,0.64,1310.8,0.0,29.4,10.027,353.7,1.47
2025-09-11 16:51:56,2025-09-11,16:51:56,out,2.55,22.2,69.2,28.4,23.986,268.7,4.33
2025-09-11 16:52:04,2025-09-11,16:52:04,in,1.68,1310.8,0.0,29.4,10.027,333.6,1.97
2025-09-11 16:53:00,2025-09-11,16:53:00,out,1.69,22.2,69.5,28.4,24.031,228.9,2.71
2025-09-11 16:53:08,2025-09-11,16:53:08,in,1.44,1310.8,0.0,29.3,9.986,340.0,2.08
2025-09-11 16:54:03,2025-09-11,16:54:03,out,1.18,22.3,69.5,28.4,24.031,237.3,3.46
2025-09-11 16:54:12,2025-09-11,16:54:12,in,0.87,1310.8,0.0,29.2,9.945,337.2,1.98
2025-09-11 16:55:06,2025-09-11,16:55:06,out,4.11,22.2,69.2,28.4,23.986,228.2,5.2
2025-09-11 16:55:15,2025-09-11,16:55:15,in,0.24,1310.8,0.0,29.2,9.945,330.9,0.97
2025-09-11 16:56:10,2025-09-11,16:56:10,out,3.98,,,22.3,,28.4,6.98
2025-09-11 16:56:18,2025-09-11,16:56:18,in,0.94,1310.8,0.0,29.3,9.986,322.8,1.45
2025-09-11 16:57:14,2025-09-11,16:57:14,out,1.2,22.2,69.9,28.3,23.999,250.3,3.96
2025-09-11 16:57:22,2025-09-11,16:57:22,in,1.54,1310.8,0.0,29.2,9.945,334.0,1.99
2025-09-11 16:58:17,2025-09-11,16:58:17,out,2.59,22.2,69.9,28.3,23.999,248.6,3.1
2025-09-11 16:58:26,2025-09-11,16:58:26,in,1.21,1310.8,0.0,29.1,9.903,337.9,1.91
2025-09-11 16:59:20,2025-09-11,16:59:20,out,3.26,22.2,69.8,28.3,23.984,234.7,3.95
2025-09-11 16:59:29,2025-09-11,16:59:29,in,0.79,1310.8,0.0,29.1,9.903,343.6,1.88
2025-09-11 17:00:24,2025-09-11,17:00:24,out,3.04,22.2,70.1,28.2,23.936,238.3,3.34
2025-09-11 17:00:32,2025-09-11,17:00:32,in,0.91,1310.8,0.0,29.0,9.862,339.2,1.8
2025-09-11 17:01:28,2025-09-11,17:01:28,out,2.39,22.2,70.3,28.2,23.966,225.7,3.45
2025-09-11 17:01:36,2025-09-11,17:01:36,in,0.57,1310.8,0.0,29.0,9.862,335.0,1.67
2025-09-11 17:02:31,2025-09-11,17:02:31,out,2.85,22.2,70.5,28.1,23.903,284.8,4.88
2025-09-11 17:02:40,2025-09-11,17:02:40,in,1.48,1310.8,0.0,29.0,9.862,348.5,1.76
2025-09-11 17:03:34,2025-09-11,17:03:34,out,2.29,22.2,70.6,28.1,23.918,264.1,4.04
2025-09-11 17:03:43,2025-09-11,17:03:43,in,0.98,1310.8,0.0,28.9,9.82,346.8,2.01
2025-09-11 17:04:38,2025-09-11,17:04:38,out,2.13,22.2,70.7,28.1,23.933,239.8,3.89
2025-09-11 17:04:46,2025-09-11,17:04:46,in,1.21,1310.8,0.0,28.9,9.82,334.3,1.88
2025-09-11 17:05:42,2025-09-11,17:05:42,out,2.19,22.2,70.8,28.0,23.855,246.0,3.66
2025-09-11 17:05:50,2025-09-11,17:05:50,in,1.37,1310.8,0.0,28.8,9.779,340.5,1.64
2025-09-11 17:06:45,2025-09-11,17:06:45,out,1.77,22.2,71.0,28.0,23.884,222.9,2.99
2025-09-11 17:06:54,2025-09-11,17:06:54,in,1.19,1310.8,0.0,28.8,9.779,322.1,1.77
2025-09-11 17:07:48,2025-09-11,17:07:48,out,3.96,22.2,70.8,28.0,23.855,238.9,4.66
2025-09-11 17:07:57,2025-09-11,17:07:57,in,0.09,1310.8,0.0,28.9,9.82,52.4,1.86
2025-09-11 17:08:52,2025-09-11,17:08:52,out,1.97,22.1,71.0,27.9,23.791,228.3,4.48
2025-09-11 17:09:00,2025-09-11,17:09:00,in,0.74,1310.8,0.0,28.9,9.82,342.1,1.54
2025-09-11 17:09:56,2025-09-11,17:09:56,out,1.13,22.3,71.6,27.9,23.88,260.4,2.7
2025-09-11 17:10:04,2025-09-11,17:10:04,in,1.45,1310.8,0.0,28.8,9.779,329.7,2.01
2025-09-11 17:10:59,2025-09-11,17:10:59,out,1.97,22.2,71.6,27.8,23.787,219.4,3.1
2025-09-11 17:11:08,2025-09-11,17:11:08,in,0.76,1310.8,0.0,28.7,9.738,312.7,1.88
2025-09-11 17:12:02,2025-09-11,17:12:02,out,3.38,22.1,71.4,27.8,23.757,229.2,4.52
2025-09-11 17:12:11,2025-09-11,17:12:11,in,1.34,1310.8,0.0,28.6,9.696,339.6,1.66
2025-09-11 17:13:06,2025-09-11,17:13:06,out,2.55,22.2,71.7,27.8,23.802,243.8,3.98
2025-09-11 17:13:14,2025-09-11,17:13:14,in,0.54,1310.8,0.0,28.6,9.696,0.2,1.49
2025-09-11 17:14:10,2025-09-11,17:14:10,out,2.52,22.1,71.9,27.7,23.738,238.1,3.15
2025-09-11 17:14:18,2025-09-11,17:14:18,in,1.05,1310.8,0.0,28.6,9.696,313.3,1.94
2025-09-11 17:15:13,2025-09-11,17:15:13,out,1.93,22.2,72.1,27.7,23.767,214.9,3.95
2025-09-11 17:15:22,2025-09-11,17:15:22,in,0.56,1310.8,0.0,28.5,9.655,308.8,1.23
2025-09-11 17:16:16,2025-09-11,17:16:16,out,3.02,22.2,72.4,27.7,23.812,216.0,3.53
2025-09-11 17:16:25,2025-09-11,17:16:25,in,0.54,1310.8,0.0,28.6,9.696,318.9,1.22
2025-09-11 17:17:20,2025-09-11,17:17:20,out,2.25,22.2,72.7,27.6,23.762,228.4,3.43
2025-09-11 17:17:28,2025-09-11,17:17:28,in,0.58,1310.8,0.0,28.6,9.696,356.8,1.25
2025-09-11 17:18:24,2025-09-11,17:18:24,out,0.95,22.2,72.8,27.6,23.777,233.8,3.29
2025-09-11 17:18:32,2025-09-11,17:18:32,in,0.78,1310.8,0.0,28.6,9.696,320.1,1.36
2025-09-11 17:19:27,2025-09-11,17:19:27,out,2.8,22.2,72.6,27.6,23.747,238.5,3.47
2025-09-11 17:19:36,2025-09-11,17:19:36,in,0.83,1310.8,0.0,28.5,9.655,346.1,1.47
2025-09-11 17:20:30,2025-09-11,17:20:30,out,1.85,22.1,72.6,27.5,23.653,217.6,4.28
2025-09-11 17:20:39,2025-09-11,17:20:39,in,1.01,1310.8,0.0,28.5,9.655,343.3,1.67
2025-09-11 17:21:34,2025-09-11,17:21:34,out,2.19,22.1,72.8,27.5,23.683,232.9,2.87
2025-09-11 17:21:42,2025-09-11,17:21:42,in,0.61,1310.8,0.0,28.5,9.655,321.0,1.18
2025-09-11 17:22:38,2025-09-11,17:22:38,out,2.45,22.1,72.7,27.5,23.668,231.6,3.17
2025-09-11 17:22:46,2025-09-11,17:22:46,in,0.56,1310.8,0.0,28.4,9.613,328.4,1.59
2025-09-11 17:23:41,2025-09-11,17:23:41,out,1.27,22.2,72.9,27.5,23.698,220.5,2.49
2025-09-11 17:23:50,2025-09-11,17:23:50,in,0.91,1310.8,0.0,28.4,9.613,330.0,1.56
2025-09-11 17:24:44,2025-09-11,17:24:44,out,1.78,22.1,72.7,27.5,23.668,229.0,3.3
2025-09-11 17:24:53,2025-09-11,17:24:53,in,1.09,1310.8,0.0,28.4,9.613,329.0,1.47
2025-09-11 17:25:48,2025-09-11,17:25:48,out,2.33,22.0,72.6,27.4,23.56,249.5,3.74
2025-09-11 17:25:56,2025-09-11,17:25:56,in,0.72,1310.8,0.0,28.4,9.613,337.2,1.54
2025-09-11 17:26:52,2025-09-11,17:26:52,out,3.34,21.9,72.2,27.4,23.501,237.6,3.86
2025-09-11 17:27:00,2025-09-11,17:27:00,in,1.27,1310.8,0.0,28.4,9.613,349.7,1.76
2025-09-11 17:27:55,2025-09-11,17:27:55,out,2.09,22.0,72.3,27.4,23.515,227.1,3.92
2025-09-11 17:28:04,2025-09-11,17:28:04,in,0.44,1310.8,0.0,28.3,9.572,311.9,1.27
2025-09-11 17:28:58,2025-09-11,17:28:58,out,2.08,21.9,72.4,27.3,23.436,216.0,3.78
2025-09-11 17:29:07,2025-09-11,17:29:07,in,0.7,1310.8,0.0,28.3,9.572,333.9,1.15
2025-09-11 17:30:02,2025-09-11,17:30:02,out,1.59,22.0,72.5,27.4,23.545,234.5,2.44
2025-09-11 17:30:10,2025-09-11,17:30:10,in,0.73,1310.8,0.0,28.3,9.572,297.8,1.25
2025-09-11 17:31:06,2025-09-11,17:31:06,out,1.8,21.9,72.1,27.4,23.486,225.5,4.31
2025-09-11 17:31:14,2025-09-11,17:31:14,in,0.62,1310.8,0.0,28.3,9.572,324.9,1.7
2025-09-11 17:32:10,2025-09-11,17:32:10,out,2.95,22.0,72.2,27.4,23.501,231.9,3.36
2025-09-11 17:32:18,2025-09-11,17:32:18,in,0.7,1310.8,0.0,28.3,9.572,341.9,1.34
2025-09-11 17:33:12,2025-09-11,17:33:12,out,3.05,22.0,72.5,27.4,23.545,235.5,3.69
2025-09-11 17:33:22,2025-09-11,17:33:22,in,0.87,1310.8,0.0,28.4,9.613,338.2,1.32
2025-09-11 17:34:16,2025-09-11,17:34:16,out,2.32,22.2,73.1,27.5,23.727,242.8,4.13
2025-09-11 17:34:25,2025-09-11,17:34:25,in,0.08,1310.8,0.0,28.4,9.613,101.3,0.64
2025-09-11 17:35:20,2025-09-11,17:35:20,out,3.07,22.3,73.3,27.5,23.756,226.9,3.93
2025-09-11 17:35:28,2025-09-11,17:35:28,in,0.49,1310.8,0.0,28.4,9.613,349.6,1.53
2025-09-11 17:36:23,2025-09-11,17:36:23,out,2.05,22.4,73.6,27.6,23.895,262.7,3.35
2025-09-11 17:36:32,2025-09-11,17:36:32,in,1.55,1310.8,0.0,28.4,9.613,341.6,1.89
2025-09-11 17:37:27,2025-09-11,17:37:27,out,2.61,22.5,73.7,27.6,23.909,270.5,3.56
2025-09-11 17:37:36,2025-09-11,17:37:36,in,1.53,1310.8,0.0,28.4,9.613,338.1,1.83
2025-09-11 17:38:30,2025-09-11,17:38:30,out,3.19,22.5,73.7,27.6,23.909,242.1,3.92
2025-09-11 17:38:38,2025-09-11,17:38:38,in,1.28,1310.8,0.0,28.3,9.572,341.6,1.82
2025-09-11 17:39:34,2025-09-11,17:39:34,out,3.52,22.5,74.3,27.5,23.903,242.4,4.29
2025-09-11 17:39:42,2025-09-11,17:39:42,in,1.26,1310.8,0.0,28.3,9.572,336.4,1.61
2025-09-11 17:40:38,2025-09-11,17:40:38,out,4.61,22.5,74.4,27.5,23.918,235.2,5.43
2025-09-11 17:40:46,2025-09-11,17:40:46,in,0.89,1310.8,0.0,28.3,9.572,336.1,1.89
2025-09-11 17:41:40,2025-09-11,17:41:40,out,3.61,22.6,75.0,27.4,23.911,238.4,4.88
2025-09-11 17:41:50,2025-09-11,17:41:50,in,0.64,1310.8,0.0,28.3,9.572,324.5,1.2
2025-09-11 17:42:44,2025-09-11,17:42:44,out,2.21,22.7,75.7,27.4,24.013,230.1,3.76
2025-09-11 17:42:52,2025-09-11,17:42:52,in,0.59,1310.8,0.0,28.3,9.572,355.8,1.25
2025-09-11 17:43:48,2025-09-11,17:43:48,out,2.72,22.8,76.2,27.4,24.086,222.3,3.73
2025-09-11 17:43:56,2025-09-11,17:43:56,in,0.81,1310.8,0.0,28.3,9.572,347.5,1.87
2025-09-11 17:44:51,2025-09-11,17:44:51,out,0.61,22.9,76.3,27.4,24.1,230.8,2.72
2025-09-11 17:45:00,2025-09-11,17:45:00,in,1.02,1310.8,0.0,28.3,9.572,340.3,1.95
2025-09-11 17:45:55,2025-09-11,17:45:55,out,2.57,22.9,76.3,27.4,24.1,247.3,3.21
2025-09-11 17:46:03,2025-09-11,17:46:03,in,1.43,1310.8,0.0,28.3,9.572,326.9,1.78
2025-09-11 17:46:58,2025-09-11,17:46:58,out,3.07,22.9,76.3,27.4,24.1,219.6,3.57
2025-09-11 17:47:07,2025-09-11,17:47:07,in,0.37,1310.8,0.0,28.2,9.53,130.1,1.61
2025-09-11 17:48:02,2025-09-11,17:48:02,out,3.52,22.8,75.9,27.4,24.042,226.4,4.36
2025-09-11 17:48:10,2025-09-11,17:48:10,in,0.65,1310.8,0.0,28.3,9.572,334.6,1.46
2025-09-11 17:49:06,2025-09-11,17:49:06,out,2.55,22.8,75.9,27.4,24.042,224.2,3.86
2025-09-11 17:49:14,2025-09-11,17:49:14,in,1.65,1310.8,0.0,28.3,9.572,318.5,2.09
2025-09-11 17:50:09,2025-09-11,17:50:09,out,2.37,22.8,76.2,27.4,24.086,240.9,3.83
2025-09-11 17:50:18,2025-09-11,17:50:18,in,0.95,1310.8,0.0,28.3,9.572,330.1,1.41
2025-09-11 17:51:12,2025-09-11,17:51:12,out,0.87,22.8,75.9,27.4,24.042,247.8,2.5
2025-09-11 17:51:21,2025-09-11,17:51:21,in,1.01,1310.8,0.0,28.3,9.572,315.4,1.63
2025-09-11 17:52:16,2025-09-11,17:52:16,out,2.39,22.8,75.4,27.5,24.064,228.7,4.21
2025-09-11 17:52:24,2025-09-11,17:52:24,in,0.71,1310.8,0.0,28.4,9.613,326.6,2.37
2025-09-11 17:53:20,2025-09-11,17:53:20,out,1.66,22.5,74.9,27.4,23.896,217.3,3.92
2025-09-11 17:53:28,2025-09-11,17:53:28,in,0.79,1310.8,0.0,28.4,9.613,336.7,1.48
2025-09-11 17:54:23,2025-09-11,17:54:23,out,1.83,22.6,75.2,27.4,23.94,212.0,2.7
2025-09-11 17:54:32,2025-09-11,17:54:32,in,0.49,1310.8,0.0,28.3,9.572,1.6,1.43
2025-09-11 17:55:26,2025-09-11,17:55:26,out,1.7,22.5,74.8,27.4,23.882,256.7,3.31
2025-09-11 17:55:35,2025-09-11,17:55:35,in,0.79,1310.8,0.0,28.4,9.613,323.2,2.37
2025-09-11 17:56:30,2025-09-11,17:56:30,out,1.9,22.5,74.4,27.5,23.918,210.0,2.91
2025-09-11 17:56:38,2025-09-11,17:56:38,in,0.76,1310.8,0.0,28.4,9.613,340.8,1.69
2025-09-11 17:57:34,2025-09-11,17:57:34,out,2.27,22.3,73.7,27.4,23.721,239.0,2.74
2025-09-11 17:57:42,2025-09-11,17:57:42,in,0.98,1310.8,0.0,28.3,9.572,331.3,1.69
2025-09-11 17:58:37,2025-09-11,17:58:37,out,1.62,22.4,74.1,27.5,23.874,245.8,2.06
2025-09-11 17:58:46,2025-09-11,17:58:46,in,1.24,1310.8,0.0,28.3,9.572,333.1,1.79
2025-09-11 17:59:40,2025-09-11,17:59:40,out,1.06,22.4,73.9,27.5,23.845,261.8,2.35
2025-09-11 17:59:49,2025-09-11,17:59:49,in,0.61,1310.8,0.0,28.2,9.53,353.2,1.74
2025-09-11 18:00:44,2025-09-11,18:00:44,out,1.02,22.5,74.2,27.5,23.889,261.7,1.51
2025-09-11 18:00:52,2025-09-11,18:00:52,in,1.38,1310.8,0.0,28.2,9.53,302.8,2.12
2025-09-11 18:01:48,2025-09-11,18:01:48,out,2.16,22.3,73.3,27.5,23.756,255.8,3.08
2025-09-11 18:01:56,2025-09-11,18:01:56,in,0.8,1310.8,0.0,28.3,9.572,336.5,2.07
2025-09-11 18:02:51,2025-09-11,18:02:51,out,2.32,22.2,73.2,27.5,23.742,258.9,2.68
2025-09-11 18:03:00,2025-09-11,18:03:00,in,0.81,1310.8,0.0,28.2,9.53,330.3,1.78
2025-09-11 18:03:54,2025-09-11,18:03:54,out,2.24,22.1,72.8,27.5,23.683,245.0,2.71
2025-09-11 18:04:03,2025-09-11,18:04:03,in,1.34,1310.8,0.0,28.2,9.53,332.9,1.69
2025-09-11 18:04:58,2025-09-11,18:04:58,out,3.16,22.1,72.5,27.5,23.639,249.4,3.58
2025-09-11 18:05:06,2025-09-11,18:05:06,in,1.09,1310.8,0.0,28.1,9.489,337.8,1.73
2025-09-11 18:06:02,2025-09-11,18:06:02,out,2.29,22.1,72.7,27.5,23.668,236.9,2.73
2025-09-11 18:06:10,2025-09-11,18:06:10,in,0.8,1310.8,0.0,28.1,9.489,336.4,1.43
2025-09-11 18:07:05,2025-09-11,18:07:05,out,1.43,22.1,72.5,27.5,23.639,221.4,3.32
2025-09-11 18:07:14,2025-09-11,18:07:14,in,0.77,1310.8,0.0,28.1,9.489,344.6,1.7
2025-09-11 18:08:08,2025-09-11,18:08:08,out,2.43,22.2,72.9,27.5,23.698,261.8,3.08
2025-09-11 18:08:17,2025-09-11,18:08:17,in,1.69,1310.8,0.0,28.1,9.489,336.6,1.96
2025-09-11 18:09:12,2025-09-11,18:09:12,out,1.98,22.2,73.0,27.5,23.712,258.9,2.81
2025-09-11 18:09:20,2025-09-11,18:09:20,in,1.13,1310.8,0.0,28.0,9.448,338.1,1.7
2025-09-11 18:10:16,2025-09-11,18:10:16,out,2.34,22.1,72.7,27.5,23.668,239.4,4.34
2025-09-11 18:10:24,2025-09-11,18:10:24,in,0.93,1310.8,0.0,28.0,9.448,348.4,1.69
2025-09-11 18:11:19,2025-09-11,18:11:19,out,1.45,22.2,73.1,27.5,23.727,266.7,3.09
2025-09-11 18:11:28,2025-09-11,18:11:28,in,1.63,1310.8,0.0,28.0,9.448,326.3,1.99
2025-09-11 18:12:22,2025-09-11,18:12:22,out,0.69,22.3,73.6,27.5,23.801,232.6,1.25
2025-09-11 18:12:31,2025-09-11,18:12:31,in,0.89,1310.8,0.0,28.0,9.448,337.9,1.89
2025-09-11 18:13:26,2025-09-11,18:13:26,out,1.98,22.4,73.5,27.6,23.88,233.3,2.95
2025-09-11 18:13:34,2025-09-11,18:13:34,in,1.22,,,1310.8,,28.0,0.0
2025-09-11 18:14:30,2025-09-11,18:14:30,out,2.66,22.2,72.6,27.6,23.747,225.0,2.85
2025-09-11 18:14:38,2025-09-11,18:14:38,in,0.77,1310.8,0.0,28.1,9.489,326.0,1.82
2025-09-11 18:15:33,2025-09-11,18:15:33,out,1.91,22.1,72.6,27.4,23.56,231.2,3.0
2025-09-11 18:15:42,2025-09-11,18:15:42,in,0.78,1310.8,0.0,28.1,9.489,338.0,1.32
2025-09-11 18:16:36,2025-09-11,18:16:36,out,1.57,22.0,72.7,27.4,23.574,242.9,3.34
2025-09-11 18:16:45,2025-09-11,18:16:45,in,0.55,1310.8,0.0,28.1,9.489,351.6,0.76
2025-09-11 18:17:40,2025-09-11,18:17:40,out,1.21,22.1,72.8,27.5,23.683,246.1,1.92
2025-09-11 18:17:48,2025-09-11,18:17:48,in,0.32,1310.8,0.0,28.0,9.448,346.6,0.72
2025-09-11 18:18:44,2025-09-11,18:18:44,out,1.08,22.2,72.9,27.5,23.698,265.8,1.49
2025-09-11 18:18:52,2025-09-11,18:18:52,in,0.59,1310.8,0.0,28.0,9.448,334.2,0.82
2025-09-11 18:19:47,2025-09-11,18:19:47,out,2.13,22.1,72.8,27.5,23.683,240.8,2.45
2025-09-11 18:19:56,2025-09-11,18:19:56,in,0.33,1310.8,0.0,27.9,9.406,17.9,0.75
2025-09-11 18:20:50,2025-09-11,18:20:50,out,0.89,22.2,73.1,27.5,23.727,259.9,2.04
2025-09-11 18:20:59,2025-09-11,18:20:59,in,0.13,1310.8,0.0,27.9,9.406,351.8,0.42
2025-09-11 18:21:54,2025-09-11,18:21:54,out,1.63,22.3,73.3,27.5,23.756,250.5,2.6
2025-09-11 18:22:02,2025-09-11,18:22:02,in,0.4,1310.8,0.0,27.9,9.406,41.0,0.63
2025-09-11 18:22:58,2025-09-11,18:22:58,out,1.92,22.1,72.7,27.5,23.668,228.9,3.18
2025-09-11 18:23:06,2025-09-11,18:23:06,in,0.46,1310.8,0.0,28.0,9.448,346.0,0.64
2025-09-11 18:24:01,2025-09-11,18:24:01,out,1.78,22.0,72.5,27.4,23.545,223.7,3.5
2025-09-11 18:24:10,2025-09-11,18:24:10,in,0.37,1310.8,0.0,28.0,9.448,112.9,0.52
2025-09-11 18:25:04,2025-09-11,18:25:04,out,0.52,22.0,72.7,27.4,23.574,233.8,2.93
2025-09-11 18:25:13,2025-09-11,18:25:13,in,0.17,1310.8,0.0,28.0,9.448,16.1,0.44
2025-09-11 18:26:08,2025-09-11,18:26:08,out,1.73,22.0,72.5,27.4,23.545,225.4,2.56
2025-09-11 18:26:16,2025-09-11,18:26:16,in,0.22,1310.8,0.0,28.0,9.448,12.6,0.52
2025-09-11 18:27:12,2025-09-11,18:27:12,out,0.33,22.0,72.6,27.4,23.56,174.7,1.71
2025-09-11 18:27:20,2025-09-11,18:27:20,in,0.28,1310.8,0.0,28.0,9.448,113.2,0.45
2025-09-11 18:28:15,2025-09-11,18:28:15,out,1.6,22.0,72.4,27.4,23.53,216.0,2.0
2025-09-11 18:28:24,2025-09-11,18:28:24,in,0.22,1310.8,0.0,28.0,9.448,4.1,0.73
2025-09-11 18:29:18,2025-09-11,18:29:18,out,1.35,22.0,72.4,27.4,23.53,247.5,2.34
2025-09-11 18:29:27,2025-09-11,18:29:27,in,0.25,1310.8,0.0,28.0,9.448,0.5,0.51
2025-09-11 18:30:22,2025-09-11,18:30:22,out,1.62,22.0,72.4,27.4,23.53,225.0,2.18
2025-09-11 18:30:30,2025-09-11,18:30:30,in,0.42,1310.8,0.0,28.0,9.448,346.5,0.51
2025-09-11 18:31:26,2025-09-11,18:31:26,out,1.13,22.0,72.6,27.4,23.56,222.7,1.67
2025-09-11 18:31:34,2025-09-11,18:31:34,in,0.23,1310.8,0.0,28.0,9.448,119.0,0.47
2025-09-11 18:32:29,2025-09-11,18:32:29,out,1.23,22.0,72.5,27.4,23.545,209.9,2.03
2025-09-11 18:32:38,2025-09-11,18:32:38,in,0.12,1310.8,0.0,28.0,9.448,98.4,0.53
2025-09-11 18:33:32,2025-09-11,18:33:32,out,1.18,22.0,72.6,27.4,23.56,224.1,1.52
2025-09-11 18:33:41,2025-09-11,18:33:41,in,0.32,1310.8,0.0,27.9,9.406,351.5,0.56
2025-09-11 18:34:36,2025-09-11,18:34:36,out,0.63,22.0,72.8,27.4,23.589,250.3,1.29
2025-09-11 18:34:44,2025-09-11,18:34:44,in,0.28,1310.8,0.0,27.9,9.406,334.1,0.71
2025-09-11 18:35:40,2025-09-11,18:35:40,out,2.18,22.0,72.6,27.4,23.56,240.1,2.79
2025-09-11 18:35:48,2025-09-11,18:35:48,in,0.49,1310.8,0.0,27.9,9.406,354.3,0.86
2025-09-11 18:36:43,2025-09-11,18:36:43,out,1.98,22.0,72.8,27.4,23.589,270.4,2.32
2025-09-11 18:36:52,2025-09-11,18:36:52,in,0.53,1310.8,0.0,27.9,9.406,339.4,0.6
2025-09-11 18:37:46,2025-09-11,18:37:46,out,1.26,22.0,72.8,27.4,23.589,244.5,1.89
2025-09-11 18:37:55,2025-09-11,18:37:55,in,0.51,1310.8,0.0,27.8,9.365,356.0,0.83
2025-09-11 18:38:50,2025-09-11,18:38:50,out,1.51,22.1,72.9,27.4,23.604,261.2,1.65
2025-09-11 18:38:58,2025-09-11,18:38:58,in,0.33,1310.8,0.0,27.8,9.365,2.8,0.64
2025-09-11 18:39:54,2025-09-11,18:39:54,out,0.95,22.1,72.9,27.4,23.604,261.5,1.56
2025-09-11 18:40:02,2025-09-11,18:40:02,in,0.38,1310.8,0.0,27.8,9.365,0.0,0.56
2025-09-11 18:40:57,2025-09-11,18:40:57,out,1.12,22.1,72.9,27.4,23.604,267.5,1.65
2025-09-11 18:41:06,2025-09-11,18:41:06,in,0.69,1310.8,0.0,27.8,9.365,330.6,0.79
2025-09-11 18:42:00,2025-09-11,18:42:00,out,0.49,22.1,73.0,27.4,23.618,255.8,1.62
2025-09-11 18:42:09,2025-09-11,18:42:09,in,0.3,1310.8,0.0,27.7,9.323,350.1,0.89
2025-09-11 18:43:04,2025-09-11,18:43:04,out,0.94,22.1,72.9,27.4,23.604,279.7,1.24
2025-09-11 18:43:12,2025-09-11,18:43:12,in,0.26,1310.8,0.0,27.7,9.323,348.9,0.76
2025-09-11 18:44:08,2025-09-11,18:44:08,out,1.14,22.0,72.8,27.4,23.589,271.1,2.0
2025-09-11 18:44:16,2025-09-11,18:44:16,in,0.29,1310.8,0.0,27.7,9.323,347.8,0.97
2025-09-11 18:45:11,2025-09-11,18:45:11,out,1.5,22.0,72.9,27.3,23.51,273.4,1.76
2025-09-11 18:45:20,2025-09-11,18:45:20,in,0.74,1310.8,0.0,27.7,9.323,339.1,0.81
2025-09-11 18:46:14,2025-09-11,18:46:14,out,1.14,22.0,73.0,27.3,23.524,285.2,2.06
2025-09-11 18:46:23,2025-09-11,18:46:23,in,0.5,1310.8,0.0,27.6,9.282,334.0,0.76
2025-09-11 18:47:18,2025-09-11,18:47:18,out,1.38,22.0,73.0,27.3,23.524,254.3,1.73
2025-09-11 18:47:26,2025-09-11,18:47:26,in,0.34,1310.8,0.0,27.6,9.282,1.6,0.64
2025-09-11 18:48:22,2025-09-11,18:48:22,out,1.09,22.0,73.1,27.3,23.539,292.0,1.53
2025-09-11 18:48:30,2025-09-11,18:48:30,in,0.48,1310.8,0.0,27.6,9.282,342.7,0.56
2025-09-11 18:49:25,2025-09-11,18:49:25,out,1.53,22.1,73.3,27.3,23.568,282.3,2.04
2025-09-11 18:49:34,2025-09-11,18:49:34,in,0.5,1310.8,0.0,27.5,9.24,334.3,0.62
2025-09-11 18:50:28,2025-09-11,18:50:28,out,1.98,22.3,74.2,27.3,23.7,319.6,2.52
2025-09-11 18:50:37,2025-09-11,18:50:37,in,0.91,1310.8,0.0,27.5,9.24,335.0,1.06
2025-09-11 18:51:32,2025-09-11,18:51:32,out,1.79,22.7,75.5,27.4,23.984,322.0,3.74
2025-09-11 18:51:40,2025-09-11,18:51:40,in,0.82,1310.8,0.0,27.6,9.282,312.6,1.36
2025-09-11 18:52:36,2025-09-11,18:52:36,out,1.44,22.9,76.6,27.4,24.144,247.1,3.05
2025-09-11 18:52:44,2025-09-11,18:52:44,in,0.87,1310.8,0.0,27.6,9.282,340.3,1.22
2025-09-11 18:53:39,2025-09-11,18:53:39,out,1.04,22.9,76.6,27.4,24.144,264.7,1.61
2025-09-11 18:53:48,2025-09-11,18:53:48,in,0.56,1310.8,0.0,27.5,9.24,337.5,0.94
2025-09-11 18:54:42,2025-09-11,18:54:42,out,1.42,22.8,76.3,27.3,24.005,282.3,1.92
2025-09-11 18:54:51,2025-09-11,18:54:51,in,0.49,1310.8,0.0,27.5,9.24,344.8,0.75
2025-09-11 18:55:46,2025-09-11,18:55:46,out,2.2,22.9,77.1,27.3,24.121,309.5,3.03
2025-09-11 18:55:54,2025-09-11,18:55:54,in,0.96,1310.8,0.0,27.5,9.24,332.8,1.17
2025-09-11 18:56:50,2025-09-11,18:56:50,out,0.87,23.1,78.0,27.3,24.251,223.4,2.67
2025-09-11 18:56:58,2025-09-11,18:56:58,in,1.25,1310.8,0.0,27.4,9.199,323.4,2.26
2025-09-11 18:57:53,2025-09-11,18:57:53,out,1.18,23.2,78.4,27.3,24.309,263.4,2.62
2025-09-11 18:58:30,2025-09-11,18:58:30,in,0.69,1310.8,0.0,27.4,9.199,341.9,2.04
2025-09-11 18:58:56,2025-09-11,18:58:56,out,2.35,23.3,78.9,27.3,24.381,267.6,3.27
2025-09-11 18:59:32,2025-09-11,18:59:32,in,1.88,,,1310.8,,330.4,2.09
2025-09-11 19:00:00,2025-09-11,19:00:00,out,2.16,23.3,79.6,27.2,24.386,267.3,2.87
2025-09-11 19:00:36,2025-09-11,19:00:36,in,1.52,1310.8,0.0,27.3,9.157,339.0,2.0
2025-09-11 19:01:04,2025-09-11,19:01:04,out,2.05,23.6,80.7,27.2,24.544,274.2,3.51
2025-09-11 19:01:40,2025-09-11,19:01:40,in,1.42,1310.8,0.0,27.3,9.157,337.3,1.93
2025-09-11 19:02:07,2025-09-11,19:02:07,out,2.11,23.7,81.9,27.1,24.619,274.8,2.95
2025-09-11 19:02:43,2025-09-11,19:02:43,in,1.0,1310.8,0.0,27.2,9.116,333.1,1.77
2025-09-11 19:03:10,2025-09-11,19:03:10,out,2.45,23.9,82.9,27.1,24.761,268.5,2.9
2025-09-11 19:03:46,2025-09-11,19:03:46,in,1.28,1310.8,0.0,27.2,9.116,341.1,1.59
2025-09-11 19:04:14,2025-09-11,19:04:14,out,2.11,24.0,83.9,27.0,24.806,278.3,2.86
2025-09-11 19:04:50,2025-09-11,19:04:50,in,1.37,1310.8,0.0,27.1,9.075,330.0,1.93
2025-09-11 19:05:18,2025-09-11,19:05:18,out,2.48,24.3,85.2,27.0,24.991,284.2,2.96
2025-09-11 19:05:54,2025-09-11,19:05:54,in,1.38,1310.8,0.0,27.1,9.075,336.5,2.1
2025-09-11 19:06:21,2025-09-11,19:06:21,out,1.4,24.4,86.4,26.9,25.062,266.4,2.22
2025-09-11 19:06:57,2025-09-11,19:06:57,in,1.12,1310.8,0.0,27.1,9.075,328.0,1.61
2025-09-11 19:07:24,2025-09-11,19:07:24,out,1.79,24.6,87.4,26.9,25.203,294.3,2.12
2025-09-11 19:08:00,2025-09-11,19:08:00,in,1.16,1310.8,0.0,27.0,9.033,324.2,1.8
2025-09-11 19:08:28,2025-09-11,19:08:28,out,1.74,24.9,88.9,26.9,25.414,285.9,2.8
2025-09-11 19:09:04,2025-09-11,19:09:04,in,1.11,1310.8,0.0,27.0,9.033,320.8,2.16
2025-09-11 19:09:32,2025-09-11,19:09:32,out,2.04,25.1,90.6,26.8,25.553,277.6,2.6
2025-09-11 19:10:08,2025-09-11,19:10:08,in,1.41,1310.8,0.0,26.9,8.992,330.9,2.22
2025-09-11 19:10:35,2025-09-11,19:10:35,out,1.4,25.5,92.5,26.8,25.819,261.8,2.82
2025-09-11 19:11:11,2025-09-11,19:11:11,in,0.98,1310.8,0.0,26.9,8.992,328.7,1.89
2025-09-11 19:11:38,2025-09-11,19:11:38,out,1.26,25.8,94.3,26.8,26.069,274.7,2.15
2025-09-11 19:12:14,2025-09-11,19:12:14,in,1.29,1310.8,0.0,26.9,8.992,323.9,1.89
2025-09-11 19:12:42,2025-09-11,19:12:42,out,1.1,26.0,96.1,26.7,26.22,313.7,1.42
2025-09-11 19:13:18,2025-09-11,19:13:18,in,1.23,1310.8,0.0,26.8,8.95,321.1,1.91
2025-09-11 19:13:46,2025-09-11,19:13:46,out,1.42,26.3,97.6,26.7,26.427,266.1,2.32
2025-09-11 19:14:22,2025-09-11,19:14:22,in,1.04,1310.8,0.0,26.8,8.95,329.1,2.17
2025-09-11 19:14:49,2025-09-11,19:14:49,out,1.77,26.6,99.6,26.7,26.704,263.6,2.39
2025-09-11 19:15:25,2025-09-11,19:15:25,in,1.09,1310.8,0.0,26.8,8.95,327.5,1.61
2025-09-11 19:15:52,2025-09-11,19:15:52,out,1.4,26.7,100.0,26.7,26.759,288.2,2.39
2025-09-11 19:16:28,2025-09-11,19:16:28,in,1.14,1310.8,0.0,26.8,8.95,324.9,1.72
2025-09-11 19:16:56,2025-09-11,19:16:56,out,1.53,26.6,100.0,26.6,26.659,262.1,2.56
2025-09-11 19:17:32,2025-09-11,19:17:32,in,1.23,1310.8,0.0,26.7,8.909,326.2,1.55
2025-09-11 19:18:00,2025-09-11,19:18:00,out,1.98,26.6,100.0,26.6,26.659,263.6,2.82
2025-09-11 19:18:36,2025-09-11,19:18:36,in,0.91,1310.8,0.0,26.7,8.909,343.1,1.98
2025-09-11 19:19:03,2025-09-11,19:19:03,out,1.15,26.6,100.0,26.6,26.659,253.7,2.23
2025-09-11 19:19:39,2025-09-11,19:19:39,in,0.51,1310.8,0.0,26.7,8.909,348.2,1.57
2025-09-11 19:20:06,2025-09-11,19:20:06,out,1.47,26.5,100.0,26.5,26.558,265.8,2.32
2025-09-11 19:20:42,2025-09-11,19:20:42,in,1.39,1310.8,0.0,26.7,8.909,333.9,1.78
2025-09-11 19:21:10,2025-09-11,19:21:10,out,1.3,26.5,100.0,26.5,26.558,245.6,1.66
2025-09-11 19:21:46,2025-09-11,19:21:46,in,1.27,1310.8,0.0,26.7,8.909,332.3,1.8
2025-09-11 19:22:14,2025-09-11,19:22:14,out,1.53,26.5,100.0,26.5,26.558,263.1,1.93
2025-09-11 19:22:50,2025-09-11,19:22:50,in,0.87,1310.8,0.0,26.7,8.909,339.0,1.9
2025-09-11 19:23:17,2025-09-11,19:23:17,out,1.23,26.5,100.0,26.5,26.558,247.2,1.7
2025-09-11 19:23:53,2025-09-11,19:23:53,in,1.05,1310.8,0.0,26.7,8.909,327.8,1.38
2025-09-11 19:24:20,2025-09-11,19:24:20,out,0.76,26.4,100.0,26.4,26.457,273.3,1.46
2025-09-11 19:24:56,2025-09-11,19:24:56,in,0.94,1310.8,0.0,26.7,8.909,322.3,1.58
2025-09-11 19:25:24,2025-09-11,19:25:24,out,1.2,,,26.4,,270.9,1.8
2025-09-11 19:26:00,2025-09-11,19:26:00,in,0.9,1310.8,0.0,26.7,8.909,320.6,1.99
2025-09-11 19:26:28,2025-09-11,19:26:28,out,0.69,26.4,100.0,26.4,26.457,260.3,1.52
2025-09-11 19:27:04,2025-09-11,19:27:04,in,0.86,1310.8,0.0,26.6,8.867,327.4,1.93
2025-09-11 19:27:31,2025-09-11,19:27:31,out,0.9,26.4,100.0,26.4,26.457,272.3,1.49
2025-09-11 19:28:07,2025-09-11,19:28:07,in,0.94,1310.8,0.0,26.6,8.867,323.0,1.32
2025-09-11 19:28:34,2025-09-11,19:28:34,out,0.66,26.4,100.0,26.4,26.457,255.5,1.07
2025-09-11 19:29:10,2025-09-11,19:29:10,in,1.27,1310.8,0.0,26.6,8.867,320.4,1.76
2025-09-11 19:29:38,2025-09-11,19:29:38,out,0.54,26.4,100.0,26.4,26.457,212.2,1.11
2025-09-11 19:30:14,2025-09-11,19:30:14,in,1.05,1310.8,0.0,26.6,8.867,324.3,1.55
2025-09-11 19:30:42,2025-09-11,19:30:42,out,1.19,26.3,100.0,26.3,26.357,231.9,1.51
2025-09-11 19:31:18,2025-09-11,19:31:18,in,1.35,1310.8,0.0,26.6,8.867,332.6,1.75
2025-09-11 19:31:45,2025-09-11,19:31:45,out,1.2,26.3,100.0,26.3,26.357,246.0,1.76
2025-09-11 19:32:21,2025-09-11,19:32:21,in,0.94,1310.8,0.0,26.6,8.867,329.2,1.58
2025-09-11 19:32:48,2025-09-11,19:32:48,out,1.36,26.3,100.0,26.3,26.357,254.4,1.87
2025-09-11 19:33:24,2025-09-11,19:33:24,in,1.3,1310.8,0.0,26.6,8.867,331.2,1.93
2025-09-11 19:33:52,2025-09-11,19:33:52,out,1.19,26.3,100.0,26.3,26.357,234.0,1.3
2025-09-11 19:34:28,2025-09-11,19:34:28,in,0.89,1310.8,0.0,26.6,8.867,320.2,1.47
2025-09-11 19:34:56,2025-09-11,19:34:56,out,1.11,26.3,100.0,26.3,26.357,238.2,1.29
2025-09-11 19:35:32,2025-09-11,19:35:32,in,0.97,1310.8,0.0,26.5,8.826,323.4,1.86
2025-09-11 19:35:59,2025-09-11,19:35:59,out,0.73,26.2,100.0,26.2,26.256,245.4,1.36
2025-09-11 19:36:35,2025-09-11,19:36:35,in,0.94,1310.8,0.0,26.5,8.826,334.9,1.44
2025-09-11 19:37:02,2025-09-11,19:37:02,out,0.4,26.2,100.0,26.2,26.256,187.8,1.88
2025-09-11 19:37:38,2025-09-11,19:37:38,in,0.93,1310.8,0.0,26.5,8.826,334.8,1.4
2025-09-11 19:38:06,2025-09-11,19:38:06,out,0.91,26.2,100.0,26.2,26.256,237.4,1.18
2025-09-11 19:38:42,2025-09-11,19:38:42,in,1.11,1310.8,0.0,26.5,8.826,328.0,1.55
2025-09-11 19:39:10,2025-09-11,19:39:10,out,1.82,26.2,100.0,26.2,26.256,259.0,2.08
2025-09-11 19:39:46,2025-09-11,19:39:46,in,1.21,1310.8,0.0,26.4,8.784,335.1,2.04
2025-09-11 19:40:13,2025-09-11,19:40:13,out,0.98,26.1,100.0,26.1,26.155,212.2,1.58
2025-09-11 19:40:50,2025-09-11,19:40:50,in,0.87,1310.8,0.0,26.4,8.784,351.9,1.91
2025-09-11 19:41:16,2025-09-11,19:41:16,out,1.4,26.1,100.0,26.1,26.155,222.7,1.93
2025-09-11 19:41:52,2025-09-11,19:41:52,in,1.07,1310.8,0.0,26.4,8.784,340.5,1.43
2025-09-11 19:42:20,2025-09-11,19:42:20,out,1.62,26.1,100.0,26.1,26.155,236.5,1.98
2025-09-11 19:42:56,2025-09-11,19:42:56,in,1.05,1310.8,0.0,26.4,8.784,322.9,1.82
2025-09-11 19:43:24,2025-09-11,19:43:24,out,1.9,26.1,100.0,26.1,26.155,231.4,2.21
2025-09-11 19:44:00,2025-09-11,19:44:00,in,1.19,1310.8,0.0,26.4,8.784,332.4,1.89
2025-09-11 19:44:27,2025-09-11,19:44:27,out,1.2,26.1,100.0,26.1,26.155,240.5,1.81
2025-09-11 19:45:04,2025-09-11,19:45:04,in,1.06,1310.8,0.0,26.3,8.743,327.3,1.66
2025-09-11 19:45:30,2025-09-11,19:45:30,out,0.8,26.1,100.0,26.1,26.155,211.9,2.2
2025-09-11 19:46:07,2025-09-11,19:46:07,in,1.18,1310.8,0.0,26.3,8.743,337.1,1.78
2025-09-11 19:46:34,2025-09-11,19:46:34,out,0.7,26.0,100.0,26.0,26.054,239.5,1.81
2025-09-11 19:47:10,2025-09-11,19:47:10,in,1.17,1310.8,0.0,26.3,8.743,320.7,1.68
2025-09-11 19:47:38,2025-09-11,19:47:38,out,1.79,26.0,100.0,26.0,26.054,249.6,2.14
2025-09-11 19:48:14,2025-09-11,19:48:14,in,1.02,1310.8,0.0,26.3,8.743,337.3,1.79
2025-09-11 19:48:41,2025-09-11,19:48:41,out,1.45,26.0,100.0,26.0,26.054,256.6,2.09
2025-09-11 19:49:18,2025-09-11,19:49:18,in,0.94,1310.8,0.0,26.3,8.743,339.1,1.33
2025-09-11 19:49:44,2025-09-11,19:49:44,out,1.5,26.0,100.0,26.0,26.054,257.5,2.27
2025-09-11 19:50:21,2025-09-11,19:50:21,in,1.37,1310.8,0.0,26.3,8.743,331.4,1.81
2025-09-11 19:50:48,2025-09-11,19:50:48,out,2.04,26.0,100.0,26.0,26.054,236.5,2.39
2025-09-11 19:51:24,2025-09-11,19:51:24,in,0.85,1310.8,0.0,26.3,8.743,340.4,1.57
2025-09-11 19:51:52,2025-09-11,19:51:52,out,1.1,26.0,100.0,26.0,26.054,261.7,2.58
2025-09-11 19:52:28,2025-09-11,19:52:28,in,0.92,1310.8,0.0,26.3,8.743,333.7,1.7
2025-09-11 19:52:55,2025-09-11,19:52:55,out,1.55,26.0,100.0,26.0,26.054,243.3,1.81
2025-09-11 19:53:32,2025-09-11,19:53:32,in,0.92,1310.8,0.0,26.3,8.743,334.4,1.78
2025-09-11 19:53:58,2025-09-11,19:53:58,out,1.13,26.0,100.0,26.0,26.054,228.1,1.97
2025-09-11 19:54:35,2025-09-11,19:54:35,in,0.55,1310.8,0.0,26.3,8.743,347.3,1.22
2025-09-11 19:55:02,2025-09-11,19:55:02,out,1.81,26.0,100.0,26.0,26.054,237.5,2.35
2025-09-11 19:55:38,2025-09-11,19:55:38,in,1.07,1310.8,0.0,26.3,8.743,333.7,1.83
2025-09-11 19:56:06,2025-09-11,19:56:06,out,1.29,26.0,100.0,26.0,26.054,269.0,2.2
2025-09-11 19:56:42,2025-09-11,19:56:42,in,1.59,1310.8,0.0,26.3,8.743,330.6,1.83
2025-09-11 19:57:09,2025-09-11,19:57:09,out,1.41,26.0,100.0,26.0,26.054,250.4,2.07
2025-09-11 19:57:46,2025-09-11,19:57:46,in,1.11,1310.8,0.0,26.3,8.743,333.4,1.53
2025-09-11 19:58:12,2025-09-11,19:58:12,out,1.2,25.9,100.0,25.9,25.954,239.3,1.95
2025-09-11 19:58:49,2025-09-11,19:58:49,in,1.12,1310.8,0.0,26.3,8.743,332.4,1.45
2025-09-11 19:59:16,2025-09-11,19:59:16,out,0.9,25.9,100.0,25.9,25.954,237.1,2.2
2025-09-11 19:59:52,2025-09-11,19:59:52,in,0.84,1310.8,0.0,26.2,8.702,337.8,1.6
2025-09-11 20:00:20,2025-09-11,20:00:20,out,1.52,25.9,100.0,25.9,25.954,226.4,1.77
2025-09-11 20:00:56,2025-09-11,20:00:56,in,1.07,1310.8,0.0,26.2,8.702,332.2,1.63
2025-09-11 20:01:23,2025-09-11,20:01:23,out,0.89,25.9,100.0,25.9,25.954,227.5,1.26
2025-09-11 20:02:00,2025-09-11,20:02:00,in,0.75,1310.8,0.0,26.2,8.702,334.2,1.51
2025-09-11 20:02:26,2025-09-11,20:02:26,out,0.5,25.9,100.0,25.9,25.954,245.6,1.78
2025-09-11 20:03:03,2025-09-11,20:03:03,in,1.1,1310.8,0.0,26.2,8.702,330.7,1.52
2025-09-11 20:03:30,2025-09-11,20:03:30,out,1.01,25.8,100.0,25.8,25.853,218.5,1.61
2025-09-11 20:04:06,2025-09-11,20:04:06,in,1.13,1310.8,0.0,26.2,8.702,324.1,1.73
2025-09-11 20:04:34,2025-09-11,20:04:34,out,1.13,25.8,100.0,25.8,25.853,221.5,1.72
2025-09-11 20:05:10,2025-09-11,20:05:10,in,1.09,1310.8,0.0,26.2,8.702,332.1,1.88
2025-09-11 20:05:37,2025-09-11,20:05:37,out,1.1,25.8,100.0,25.8,25.853,222.1,1.47
2025-09-11 20:06:14,2025-09-11,20:06:14,in,1.01,1310.8,0.0,26.2,8.702,321.9,1.8
2025-09-11 20:06:41,2025-09-11,20:06:41,out,1.64,25.8,100.0,25.8,25.853,219.7,2.04
2025-09-11 20:07:17,2025-09-11,20:07:17,in,0.93,1310.8,0.0,26.2,8.702,329.1,1.54
2025-09-11 20:07:44,2025-09-11,20:07:44,out,1.06,25.8,100.0,25.8,25.853,241.7,1.94
2025-09-11 20:08:21,2025-09-11,20:08:21,in,0.65,1310.8,0.0,26.1,8.66,325.3,1.36
2025-09-11 20:08:48,2025-09-11,20:08:48,out,1.69,25.8,100.0,25.8,25.853,223.7,1.78
2025-09-11 20:09:24,2025-09-11,20:09:24,in,0.85,1310.8,0.0,26.1,8.66,333.8,1.22
2025-09-11 20:09:52,2025-09-11,20:09:52,out,0.82,25.8,100.0,25.8,25.853,245.9,1.9
2025-09-11 20:10:28,2025-09-11,20:10:28,in,0.66,1310.8,0.0,26.1,8.66,345.9,1.22
2025-09-11 20:10:54,2025-09-11,20:10:54,out,1.21,25.7,100.0,25.7,25.752,241.9,1.56
2025-09-11 20:11:31,2025-09-11,20:11:31,in,0.91,1310.8,0.0,26.1,8.66,331.9,1.42
2025-09-11 20:11:58,2025-09-11,20:11:58,out,1.03,25.7,100.0,25.7,25.752,229.6,1.37
2025-09-11 20:12:34,2025-09-11,20:12:34,in,1.07,,,1310.8,,324.4,1.91
2025-09-11 20:13:02,2025-09-11,20:13:02,out,1.09,25.7,100.0,25.7,25.752,217.3,1.98
2025-09-11 20:13:38,2025-09-11,20:13:38,in,1.01,1310.8,0.0,26.1,8.66,329.1,1.43
2025-09-11 20:14:06,2025-09-11,20:14:06,out,1.53,25.7,100.0,25.7,25.752,236.2,1.72
2025-09-11 20:14:42,2025-09-11,20:14:42,in,0.73,1310.8,0.0,26.0,8.619,329.2,1.57
2025-09-11 20:15:09,2025-09-11,20:15:09,out,0.71,25.7,100.0,25.7,25.752,220.1,1.58
2025-09-11 20:15:45,2025-09-11,20:15:45,in,1.12,1310.8,0.0,26.0,8.619,313.6,1.65
2025-09-11 20:16:12,2025-09-11,20:16:12,out,1.47,25.6,100.0,25.7,25.752,224.4,1.52
2025-09-11 20:16:48,2025-09-11,20:16:48,in,1.41,,,,,312.2,1.86
2025-09-11 20:17:16,2025-09-11,20:17:16,out,0.98,25.6,100.0,25.6,25.652,223.8,1.48
2025-09-11 20:17:52,2025-09-11,20:17:52,in,0.9,1310.8,0.0,26.0,8.619,328.7,1.66
2025-09-11 20:18:19,2025-09-11,20:18:19,out,0.69,25.6,100.0,25.6,25.652,224.0,1.15
2025-09-11 20:18:56,2025-09-11,20:18:56,in,1.03,1310.8,0.0,26.0,8.619,332.9,1.55
2025-09-11 20:19:23,2025-09-11,20:19:23,out,0.33,25.6,100.0,25.6,25.652,174.0,0.92
2025-09-11 20:19:59,2025-09-11,20:19:59,in,0.93,1310.8,0.0,26.0,8.619,332.5,1.76
2025-09-11 20:20:26,2025-09-11,20:20:26,out,0.54,25.6,100.0,25.6,25.652,207.2,0.75
2025-09-11 20:21:02,2025-09-11,20:21:02,in,0.96,1310.8,0.0,26.0,8.619,322.2,2.14
2025-09-11 20:21:30,2025-09-11,20:21:30,out,0.8,25.5,100.0,25.5,25.551,221.7,0.91
2025-09-11 20:22:06,2025-09-11,20:22:06,in,0.99,1310.8,0.0,25.9,8.577,336.4,1.87
2025-09-11 20:22:34,2025-09-11,20:22:34,out,0.77,25.5,100.0,25.5,25.551,216.7,1.13
2025-09-11 20:23:10,2025-09-11,20:23:10,in,1.06,1310.8,0.0,25.9,8.577,327.0,1.89
2025-09-11 20:23:36,2025-09-11,20:23:36,out,0.6,25.5,100.0,25.5,25.551,218.9,1.04
2025-09-11 20:24:13,2025-09-11,20:24:13,in,0.93,1310.8,0.0,25.9,8.577,325.3,1.47
2025-09-11 20:24:40,2025-09-11,20:24:40,out,0.75,25.5,100.0,25.5,25.551,226.9,1.01
2025-09-11 20:25:16,2025-09-11,20:25:16,in,1.44,1310.8,0.0,25.9,8.577,324.9,1.95
2025-09-11 20:25:44,2025-09-11,20:25:44,out,0.89,25.5,100.0,25.5,25.551,231.5,0.98
2025-09-11 20:26:20,2025-09-11,20:26:20,in,0.96,1310.8,0.0,25.9,8.577,322.6,1.84
2025-09-11 20:26:48,2025-09-11,20:26:48,out,0.35,25.5,100.0,25.5,25.551,200.9,0.85
2025-09-11 20:27:24,2025-09-11,20:27:24,in,1.05,1310.8,0.0,25.9,8.577,319.1,1.76
2025-09-11 20:27:51,2025-09-11,20:27:51,out,0.68,25.5,100.0,25.5,25.551,214.8,0.8
2025-09-11 20:28:27,2025-09-11,20:28:27,in,0.51,1310.8,0.0,25.8,8.536,331.9,2.03
2025-09-11 20:28:54,2025-09-11,20:28:54,out,0.71,25.4,100.0,25.4,25.45,216.3,0.87
2025-09-11 20:29:31,2025-09-11,20:29:31,in,0.65,1310.8,0.0,25.8,8.536,344.2,1.8
2025-09-11 20:29:58,2025-09-11,20:29:58,out,0.9,25.4,100.0,25.4,25.45,213.1,1.18
2025-09-11 20:30:34,2025-09-11,20:30:34,in,1.27,1310.8,0.0,25.8,8.536,322.2,1.86
2025-09-11 20:31:02,2025-09-11,20:31:02,out,0.64,25.4,100.0,25.4,25.45,210.0,1.19
2025-09-11 20:31:38,2025-09-11,20:31:38,in,0.87,1310.8,0.0,25.8,8.536,330.6,1.72
2025-09-11 20:32:05,2025-09-11,20:32:05,out,0.63,25.4,100.0,25.4,25.45,212.8,1.09
2025-09-11 20:32:42,2025-09-11,20:32:42,in,0.81,1310.8,0.0,25.8,8.536,310.9,1.25
2025-09-11 20:33:08,2025-09-11,20:33:08,out,0.68,25.4,100.0,25.4,25.45,199.7,1.15
2025-09-11 20:33:45,2025-09-11,20:33:45,in,0.75,1310.8,0.0,25.8,8.536,327.4,1.57
2025-09-11 20:34:12,2025-09-11,20:34:12,out,1.01,25.4,100.0,25.4,25.45,216.3,1.62
2025-09-11 20:34:48,2025-09-11,20:34:48,in,0.59,1310.8,0.0,25.8,8.536,308.8,1.37
2025-09-11 20:35:16,2025-09-11,20:35:16,out,0.93,25.4,100.0,25.4,25.45,240.3,1.33
2025-09-11 20:35:52,2025-09-11,20:35:52,in,0.95,1310.8,0.0,25.8,8.536,324.5,1.41
2025-09-11 20:36:19,2025-09-11,20:36:19,out,1.2,25.4,100.0,25.4,25.45,235.0,1.24
2025-09-11 20:36:56,2025-09-11,20:36:56,in,0.61,1310.8,0.0,25.8,8.536,336.2,1.97
2025-09-11 20:37:22,2025-09-11,20:37:22,out,1.33,25.4,100.0,25.4,25.45,248.3,1.46
2025-09-11 20:37:59,2025-09-11,20:37:59,in,0.91,1310.8,0.0,25.8,8.536,322.8,1.7
2025-09-11 20:38:26,2025-09-11,20:38:26,out,1.02,25.4,100.0,25.4,25.45,265.5,1.43
2025-09-11 20:39:02,2025-09-11,20:39:02,in,1.05,1310.8,0.0,25.8,8.536,328.7,1.28
2025-09-11 20:39:30,2025-09-11,20:39:30,out,1.01,25.3,100.0,25.3,25.349,274.5,1.27
2025-09-11 20:40:06,2025-09-11,20:40:06,in,1.15,1310.8,0.0,25.8,8.536,321.1,1.63
2025-09-11 20:40:33,2025-09-11,20:40:33,out,0.76,25.3,100.0,25.3,25.349,271.2,1.14
2025-09-11 20:41:10,2025-09-11,20:41:10,in,1.2,1310.8,0.0,25.8,8.536,335.1,1.56
2025-09-11 20:41:36,2025-09-11,20:41:36,out,0.66,25.3,100.0,25.3,25.349,267.3,1.19
2025-09-11 20:42:13,2025-09-11,20:42:13,in,1.15,1310.8,0.0,25.8,8.536,324.5,1.58
2025-09-11 20:42:40,2025-09-11,20:42:40,out,1.19,25.3,100.0,25.3,25.349,281.4,1.27
2025-09-11 20:43:16,2025-09-11,20:43:16,in,1.0,1310.8,0.0,25.8,8.536,330.7,1.6
2025-09-11 20:43:44,2025-09-11,20:43:44,out,0.96,25.3,100.0,25.3,25.349,273.7,1.37
2025-09-11 20:44:20,2025-09-11,20:44:20,in,0.74,1310.8,0.0,25.8,8.536,335.0,1.58
2025-09-11 20:44:47,2025-09-11,20:44:47,out,0.78,25.3,100.0,25.3,25.349,270.6,1.23
2025-09-11 20:45:24,2025-09-11,20:45:24,in,0.82,1310.8,0.0,25.8,8.536,331.2,1.23
2025-09-11 20:45:50,2025-09-11,20:45:50,out,0.69,25.3,100.0,25.3,25.349,204.9,1.33
2025-09-11 20:46:27,2025-09-11,20:46:27,in,0.86,1310.8,0.0,25.8,8.536,324.9,1.59
2025-09-11 20:46:54,2025-09-11,20:46:54,out,1.35,25.3,100.0,25.3,25.349,261.3,1.45
2025-09-11 20:47:30,2025-09-11,20:47:30,in,1.03,1310.8,0.0,25.8,8.536,331.1,1.71
2025-09-11 20:47:58,2025-09-11,20:47:58,out,0.48,25.3,100.0,25.3,25.349,255.4,1.3
2025-09-11 20:48:34,2025-09-11,20:48:34,in,1.03,1310.8,0.0,25.8,8.536,321.4,2.27
2025-09-11 20:49:01,2025-09-11,20:49:01,out,1.01,25.3,100.0,25.3,25.349,268.7,1.66
2025-09-11 20:49:38,2025-09-11,20:49:38,in,1.21,1310.8,0.0,25.8,8.536,333.6,1.53
2025-09-11 20:50:04,2025-09-11,20:50:04,out,1.03,25.3,100.0,25.3,25.349,265.1,1.61
2025-09-11 20:50:41,2025-09-11,20:50:41,in,0.79,1310.8,0.0,25.8,8.536,330.7,1.66
2025-09-11 20:51:08,2025-09-11,20:51:08,out,1.0,25.3,100.0,25.3,25.349,245.9,1.45
2025-09-11 20:51:44,2025-09-11,20:51:44,in,1.02,1310.8,0.0,25.8,8.536,330.6,1.32
2025-09-11 20:52:12,2025-09-11,20:52:12,out,0.92,25.3,100.0,25.3,25.349,247.3,1.47
2025-09-11 20:52:48,2025-09-11,20:52:48,in,1.28,1310.8,0.0,25.8,8.536,332.6,1.55
2025-09-11 20:53:15,2025-09-11,20:53:15,out,0.8,25.3,100.0,25.3,25.349,258.8,1.19
2025-09-11 20:53:52,2025-09-11,20:53:52,in,1.03,1310.8,0.0,25.8,8.536,334.6,1.7
2025-09-11 20:54:18,2025-09-11,20:54:18,out,1.01,25.3,100.0,25.3,25.349,263.2,1.24
2025-09-11 20:54:55,2025-09-11,20:54:55,in,0.86,1310.8,0.0,25.8,8.536,315.7,1.45
2025-09-11 20:55:22,2025-09-11,20:55:22,out,0.43,25.3,100.0,25.3,25.349,300.7,1.12
2025-09-11 20:55:58,2025-09-11,20:55:58,in,1.16,1310.8,0.0,25.8,8.536,329.2,1.58
2025-09-11 20:56:26,2025-09-11,20:56:26,out,0.41,25.3,100.0,25.3,25.349,267.9,0.51
2025-09-11 20:57:02,2025-09-11,20:57:02,in,0.77,1310.8,0.0,25.8,8.536,343.0,1.46
2025-09-11 20:57:29,2025-09-11,20:57:29,out,0.56,25.3,100.0,25.3,25.349,297.9,0.65
2025-09-11 20:58:06,2025-09-11,20:58:06,in,0.68,1310.8,0.0,25.8,8.536,329.6,1.24
2025-09-11 20:58:32,2025-09-11,20:58:32,out,0.32,25.3,100.0,25.3,25.349,204.7,0.75
2025-09-11 20:59:09,2025-09-11,20:59:09,in,0.71,1310.8,0.0,25.8,8.536,323.4,1.71
2025-09-11 20:59:36,2025-09-11,20:59:36,out,0.56,25.3,100.0,25.3,25.349,261.4,0.75
2025-09-11 21:00:12,2025-09-11,21:00:12,in,0.8,1310.8,0.0,25.8,8.536,319.2,1.14
2025-09-11 21:00:40,2025-09-11,21:00:40,out,0.47,25.3,100.0,25.3,25.349,248.3,0.69
2025-09-11 21:01:16,2025-09-11,21:01:16,in,1.11,1310.8,0.0,25.8,8.536,331.8,1.69
2025-09-11 21:01:43,2025-09-11,21:01:43,out,0.35,25.3,100.0,25.3,25.349,255.3,0.51
2025-09-11 21:02:20,2025-09-11,21:02:20,in,0.83,1310.8,0.0,25.8,8.536,324.0,1.5
2025-09-11 21:02:46,2025-09-11,21:02:46,out,0.38,25.3,100.0,25.3,25.349,239.7,0.43
2025-09-11 21:03:23,2025-09-11,21:03:23,in,0.85,1310.8,0.0,25.8,8.536,321.9,1.66
2025-09-11 21:03:50,2025-09-11,21:03:50,out,0.35,25.3,100.0,25.3,25.349,222.3,0.46
2025-09-11 21:04:26,2025-09-11,21:04:26,in,0.96,1310.8,0.0,25.8,8.536,318.5,1.7
2025-09-11 21:04:54,2025-09-11,21:04:54,out,0.24,25.3,100.0,25.3,25.349,215.5,0.38
2025-09-11 21:05:30,2025-09-11,21:05:30,in,0.93,1310.8,0.0,25.8,8.536,314.1,1.23
2025-09-11 21:05:57,2025-09-11,21:05:57,out,0.39,25.3,100.0,25.3,25.349,223.6,0.45
2025-09-11 21:06:34,2025-09-11,21:06:34,in,0.85,1310.8,0.0,25.8,8.536,320.9,2.24
2025-09-11 21:07:00,2025-09-11,21:07:00,out,0.63,25.3,100.0,25.3,25.349,246.1,0.69
2025-09-11 21:07:37,2025-09-11,21:07:37,in,0.54,1310.8,0.0,25.8,8.536,328.8,1.55
2025-09-11 21:08:04,2025-09-11,21:08:04,out,0.59,25.3,100.0,25.3,25.349,247.9,0.69
2025-09-11 21:08:40,2025-09-11,21:08:40,in,1.18,1310.8,0.0,25.7,8.494,323.5,1.61
2025-09-11 21:09:08,2025-09-11,21:09:08,out,0.37,25.3,100.0,25.3,25.349,261.5,0.61
2025-09-11 21:09:44,2025-09-11,21:09:44,in,1.13,1310.8,0.0,25.7,8.494,330.3,2.01
2025-09-11 21:10:11,2025-09-11,21:10:11,out,0.46,25.3,100.0,25.3,25.349,251.0,0.57
2025-09-11 21:10:48,2025-09-11,21:10:48,in,1.14,1310.8,0.0,25.7,8.494,315.2,1.81
2025-09-11 21:11:14,2025-09-11,21:11:14,out,0.56,25.3,100.0,25.3,25.349,263.1,0.6
2025-09-11 21:11:51,2025-09-11,21:11:51,in,0.9,1310.8,0.0,25.7,8.494,331.0,1.53
2025-09-11 21:12:18,2025-09-11,21:12:18,out,0.39,25.2,100.0,25.2,25.249,252.6,0.65
2025-09-11 21:12:54,2025-09-11,21:12:54,in,0.93,1310.8,0.0,25.7,8.494,331.9,1.44
2025-09-11 21:13:22,2025-09-11,21:13:22,out,0.59,25.2,100.0,25.2,25.249,238.4,0.66
2025-09-11 21:13:58,2025-09-11,21:13:58,in,0.87,1310.8,0.0,25.7,8.494,323.9,1.27
2025-09-11 21:14:25,2025-09-11,21:14:25,out,0.66,25.2,100.0,25.2,25.249,232.3,0.68
2025-09-11 21:15:02,2025-09-11,21:15:02,in,0.68,1310.8,0.0,25.7,8.494,326.4,1.4
2025-09-11 21:15:28,2025-09-11,21:15:28,out,0.63,25.2,100.0,25.2,25.249,234.7,0.7
2025-09-11 21:16:05,2025-09-11,21:16:05,in,0.54,1310.8,0.0,25.7,8.494,329.1,0.89
2025-09-11 21:16:32,2025-09-11,21:16:32,out,0.6,25.2,100.0,25.2,25.249,221.4,0.69
2025-09-11 21:17:08,2025-09-11,21:17:08,in,0.76,1310.8,0.0,25.7,8.494,330.5,1.55
2025-09-11 21:17:36,2025-09-11,21:17:36,out,0.74,25.2,100.0,25.2,25.249,221.8,0.79
2025-09-11 21:18:12,2025-09-11,21:18:12,in,1.54,,,1310.8,,25.7,0.0
2025-09-11 21:18:39,2025-09-11,21:18:39,out,0.73,25.2,100.0,25.2,25.249,224.0,0.86
2025-09-11 21:19:16,2025-09-11,21:19:16,in,1.37,1310.8,0.0,25.7,8.494,322.9,1.75
2025-09-11 21:19:42,2025-09-11,21:19:42,out,0.76,25.2,100.0,25.2,25.249,226.7,0.81
2025-09-11 21:20:19,2025-09-11,21:20:19,in,0.8,1310.8,0.0,25.7,8.494,316.2,1.61
2025-09-11 21:20:46,2025-09-11,21:20:46,out,0.75,25.2,100.0,25.2,25.249,221.3,0.95
2025-09-11 21:21:22,2025-09-11,21:21:22,in,1.07,1310.8,0.0,25.7,8.494,324.4,1.54
2025-09-11 21:21:50,2025-09-11,21:21:50,out,0.69,25.2,100.0,25.2,25.249,215.2,1.02
2025-09-11 21:22:26,2025-09-11,21:22:26,in,0.67,1310.8,0.0,25.7,8.494,321.1,1.69
2025-09-11 21:22:53,2025-09-11,21:22:53,out,0.81,25.2,100.0,25.2,25.249,219.7,1.05
2025-09-11 21:23:30,2025-09-11,21:23:30,in,0.96,1310.8,0.0,25.7,8.494,325.8,1.58
2025-09-11 21:23:56,2025-09-11,21:23:56,out,0.77,25.2,100.0,25.2,25.249,228.9,1.07
2025-09-11 21:24:33,2025-09-11,21:24:33,in,1.18,1310.8,0.0,25.7,8.494,326.5,1.88
2025-09-11 21:25:00,2025-09-11,21:25:00,out,0.75,25.2,100.0,25.1,25.148,197.7,1.06
2025-09-11 21:25:36,2025-09-11,21:25:36,in,1.15,1310.8,0.0,25.7,8.494,331.3,1.8
2025-09-11 21:26:04,2025-09-11,21:26:04,out,0.48,25.1,100.0,25.1,25.148,204.3,1.06
2025-09-11 21:26:40,2025-09-11,21:26:40,in,0.68,1310.8,0.0,25.7,8.494,324.5,1.72
2025-09-11 21:27:07,2025-09-11,21:27:07,out,0.85,25.1,100.0,25.1,25.148,221.7,1.02
2025-09-11 21:27:44,2025-09-11,21:27:44,in,1.02,1310.8,0.0,25.7,8.494,328.3,1.49
2025-09-11 21:28:10,2025-09-11,21:28:10,out,0.87,25.1,100.0,25.1,25.148,226.5,1.09
2025-09-11 21:28:47,2025-09-11,21:28:47,in,0.87,1310.8,0.0,25.7,8.494,332.1,1.6
2025-09-11 21:29:14,2025-09-11,21:29:14,out,0.81,25.1,100.0,25.1,25.148,229.0,1.11
2025-09-11 21:29:51,2025-09-11,21:29:51,in,0.85,1310.8,0.0,25.7,8.494,321.3,1.85
2025-09-11 21:30:18,2025-09-11,21:30:18,out,1.46,25.1,100.0,25.1,25.148,227.2,1.63
2025-09-11 21:30:54,2025-09-11,21:30:54,in,0.84,1310.8,0.0,25.7,8.494,330.9,2.09
2025-09-11 21:31:21,2025-09-11,21:31:21,out,1.51,25.1,100.0,25.1,25.148,226.2,1.79
2025-09-11 21:31:58,2025-09-11,21:31:58,in,0.93,1310.8,0.0,25.7,8.494,331.0,1.67
2025-09-11 21:32:24,2025-09-11,21:32:24,out,1.21,25.2,100.0,25.2,25.249,211.9,2.01
2025-09-11 21:33:02,2025-09-11,21:33:02,in,1.0,1310.8,0.0,25.7,8.494,326.2,1.44
2025-09-11 21:33:28,2025-09-11,21:33:28,out,0.87,25.2,100.0,25.2,25.249,234.3,1.74
2025-09-11 21:34:05,2025-09-11,21:34:05,in,0.81,1310.8,0.0,25.7,8.494,333.6,1.62
2025-09-11 21:34:32,2025-09-11,21:34:32,out,1.02,25.2,100.0,25.2,25.249,216.2,1.82
2025-09-11 21:35:08,2025-09-11,21:35:08,in,0.85,1310.8,0.0,25.7,8.494,326.8,1.66
2025-09-11 21:35:35,2025-09-11,21:35:35,out,0.93,25.2,100.0,25.2,25.249,240.9,1.05
2025-09-11 21:36:12,2025-09-11,21:36:12,in,1.35,1310.8,0.0,25.7,8.494,332.8,1.76
2025-09-11 21:36:38,2025-09-11,21:36:38,out,0.46,25.2,100.0,25.2,25.249,238.7,1.18
2025-09-11 21:37:16,2025-09-11,21:37:16,in,0.95,1310.8,0.0,25.7,8.494,322.5,1.61
2025-09-11 21:37:42,2025-09-11,21:37:42,out,1.13,25.1,100.0,25.1,25.148,240.9,1.28
2025-09-11 21:38:19,2025-09-11,21:38:19,in,0.87,1310.8,0.0,25.7,8.494,326.4,1.62
2025-09-11 21:38:46,2025-09-11,21:38:46,out,0.5,25.1,100.0,25.1,25.148,263.3,1.02
2025-09-11 21:39:22,2025-09-11,21:39:22,in,0.98,1310.8,0.0,25.7,8.494,330.6,1.69
2025-09-11 21:39:49,2025-09-11,21:39:49,out,0.74,25.1,100.0,25.1,25.148,240.1,0.97
2025-09-11 21:40:26,2025-09-11,21:40:26,in,0.94,1310.8,0.0,25.7,8.494,329.5,1.55
2025-09-11 21:40:52,2025-09-11,21:40:52,out,0.25,25.1,100.0,25.1,25.148,259.9,0.68
2025-09-11 21:41:30,2025-09-11,21:41:30,in,0.96,1310.8,0.0,25.7,8.494,329.7,1.58
2025-09-11 21:41:56,2025-09-11,21:41:56,out,0.65,25.1,100.0,25.1,25.148,256.3,0.98
2025-09-11 21:42:33,2025-09-11,21:42:33,in,1.1,1310.8,0.0,25.7,8.494,323.7,1.6
2025-09-11 21:43:00,2025-09-11,21:43:00,out,1.0,25.1,100.0,25.1,25.148,258.5,1.26
2025-09-11 21:43:36,2025-09-11,21:43:36,in,0.92,1310.8,0.0,25.7,8.494,325.8,1.64
2025-09-11 21:44:03,2025-09-11,21:44:03,out,0.94,25.1,100.0,25.1,25.148,253.1,1.17
2025-09-11 21:44:40,2025-09-11,21:44:40,in,0.95,1310.8,0.0,25.7,8.494,328.7,1.4
2025-09-11 21:45:06,2025-09-11,21:45:06,out,0.84,25.1,100.0,25.1,25.148,244.9,1.29
2025-09-11 21:45:44,2025-09-11,21:45:44,in,0.89,1310.8,0.0,25.7,8.494,323.5,1.66
2025-09-11 21:46:10,2025-09-11,21:46:10,out,0.89,25.2,100.0,25.2,25.249,229.2,1.1
2025-09-11 21:46:47,2025-09-11,21:46:47,in,0.87,1310.8,0.0,25.7,8.494,315.1,1.39
2025-09-11 21:47:14,2025-09-11,21:47:14,out,0.96,25.2,100.0,25.2,25.249,264.7,1.26
2025-09-11 21:47:50,2025-09-11,21:47:50,in,1.1,1310.8,0.0,25.7,8.494,329.3,1.72
2025-09-11 21:48:17,2025-09-11,21:48:17,out,0.9,25.2,100.0,25.2,25.249,239.1,1.18
2025-09-11 21:48:54,2025-09-11,21:48:54,in,1.04,1310.8,0.0,25.7,8.494,325.2,1.76
2025-09-11 21:49:20,2025-09-11,21:49:20,out,0.74,25.2,100.0,25.2,25.249,250.9,1.06
2025-09-11 21:49:58,2025-09-11,21:49:58,in,0.72,1310.8,0.0,25.7,8.494,330.2,1.36
2025-09-11 21:50:24,2025-09-11,21:50:24,out,0.63,25.2,100.0,25.2,25.249,229.3,0.89
2025-09-11 21:51:01,2025-09-11,21:51:01,in,0.89,1310.8,0.0,25.7,8.494,332.8,1.21
2025-09-11 21:51:28,2025-09-11,21:51:28,out,0.57,25.2,100.0,25.2,25.249,205.3,0.88
2025-09-11 21:52:04,2025-09-11,21:52:04,in,1.03,1310.8,0.0,25.7,8.494,324.3,1.7
2025-09-11 21:52:31,2025-09-11,21:52:31,out,0.17,25.2,100.0,25.2,25.249,245.7,0.85
2025-09-11 21:53:08,2025-09-11,21:53:08,in,1.09,1310.8,0.0,25.7,8.494,334.6,1.44
2025-09-11 21:53:34,2025-09-11,21:53:34,out,0.5,25.2,100.0,25.2,25.249,238.6,0.86
2025-09-11 21:54:12,2025-09-11,21:54:12,in,1.06,1310.8,0.0,25.7,8.494,333.3,1.77
2025-09-11 21:54:38,2025-09-11,21:54:38,out,0.17,25.2,100.0,25.2,25.249,184.1,0.63
2025-09-11 21:55:15,2025-09-11,21:55:15,in,0.85,1310.8,0.0,25.7,8.494,332.5,1.81
2025-09-11 21:55:42,2025-09-11,21:55:42,out,0.39,25.1,100.0,25.1,25.148,248.3,0.68
2025-09-11 21:56:18,2025-09-11,21:56:18,in,0.79,1310.8,0.0,25.7,8.494,323.0,1.49
2025-09-11 21:56:45,2025-09-11,21:56:45,out,0.54,25.1,100.0,25.1,25.148,254.1,0.74
2025-09-11 21:57:22,2025-09-11,21:57:22,in,0.96,1310.8,0.0,25.7,8.494,323.4,1.81
2025-09-11 21:57:48,2025-09-11,21:57:48,out,0.53,25.1,100.0,25.1,25.148,229.2,0.65
2025-09-11 21:58:26,2025-09-11,21:58:26,in,0.87,1310.8,0.0,25.6,8.453,329.3,1.17
2025-09-11 21:58:52,2025-09-11,21:58:52,out,0.69,25.1,100.0,25.1,25.148,252.9,0.88
2025-09-11 21:59:29,2025-09-11,21:59:29,in,0.92,1310.8,0.0,25.6,8.453,321.0,1.72
2025-09-11 21:59:56,2025-09-11,21:59:56,out,0.7,25.1,100.0,25.1,25.148,235.9,0.97
2025-09-11 22:00:32,2025-09-11,22:00:32,in,0.88,1310.8,0.0,25.7,8.494,321.1,1.89
2025-09-11 22:00:59,2025-09-11,22:00:59,out,1.16,25.1,100.0,25.1,25.148,254.0,1.25
2025-09-11 22:01:36,2025-09-11,22:01:36,in,1.14,1310.8,0.0,25.6,8.453,319.1,1.72
2025-09-11 22:02:02,2025-09-11,22:02:02,out,1.09,25.1,100.0,25.1,25.148,260.2,1.18
2025-09-11 22:02:40,2025-09-11,22:02:40,in,0.98,1310.8,0.0,25.6,8.453,335.1,1.37
2025-09-11 22:03:06,2025-09-11,22:03:06,out,0.97,25.1,100.0,25.1,25.148,254.5,1.28
2025-09-11 22:03:43,2025-09-11,22:03:43,in,0.59,1310.8,0.0,25.6,8.453,351.6,1.28
2025-09-11 22:04:10,2025-09-11,22:04:10,out,1.02,25.1,100.0,25.1,25.148,232.2,1.13
2025-09-11 22:04:46,2025-09-11,22:04:46,in,0.92,1310.8,0.0,25.7,8.494,323.4,1.34
2025-09-11 22:05:13,2025-09-11,22:05:13,out,0.96,25.2,100.0,25.2,25.249,255.2,1.33
2025-09-11 22:05:50,2025-09-11,22:05:50,in,1.0,1310.8,0.0,25.6,8.453,327.5,1.58
2025-09-11 22:06:16,2025-09-11,22:06:16,out,0.79,25.1,100.0,25.1,25.148,234.6,1.29
2025-09-11 22:06:54,2025-09-11,22:06:54,in,1.05,1310.8,0.0,25.6,8.453,322.3,1.42
2025-09-11 22:07:20,2025-09-11,22:07:20,out,0.63,25.1,100.0,25.1,25.148,224.8,0.81
2025-09-11 22:07:57,2025-09-11,22:07:57,in,1.35,1310.8,0.0,25.6,8.453,325.1,1.75
2025-09-11 22:08:24,2025-09-11,22:08:24,out,0.52,25.1,100.0,25.1,25.148,262.8,0.69
2025-09-11 22:09:00,2025-09-11,22:09:00,in,1.15,1310.8,0.0,25.6,8.453,329.7,1.49
2025-09-11 22:09:27,2025-09-11,22:09:27,out,0.86,25.1,100.0,25.1,25.148,254.7,1.06
2025-09-11 22:10:04,2025-09-11,22:10:04,in,1.14,1310.8,0.0,25.6,8.453,328.9,1.61
2025-09-11 22:10:30,2025-09-11,22:10:30,out,0.8,25.1,100.0,25.1,25.148,262.5,1.04
2025-09-11 22:11:08,2025-09-11,22:11:08,in,1.16,1310.8,0.0,25.6,8.453,320.2,1.45
2025-09-11 22:11:34,2025-09-11,22:11:34,out,0.73,25.1,100.0,25.1,25.148,269.6,0.87
2025-09-11 22:12:11,2025-09-11,22:12:11,in,1.2,1310.8,0.0,25.6,8.453,319.7,1.71
2025-09-11 22:12:38,2025-09-11,22:12:38,out,0.77,25.1,100.0,25.1,25.148,270.5,1.04
2025-09-11 22:13:14,2025-09-11,22:13:14,in,1.16,1310.8,0.0,25.6,8.453,329.6,1.55
2025-09-11 22:13:41,2025-09-11,22:13:41,out,1.24,25.1,100.0,25.1,25.148,261.9,1.57
2025-09-11 22:14:18,2025-09-11,22:14:18,in,1.29,1310.8,0.0,25.6,8.453,326.9,1.63
2025-09-11 22:14:44,2025-09-11,22:14:44,out,0.88,,,25.1,,253.9,1.58
2025-09-11 22:15:22,2025-09-11,22:15:22,in,1.28,1310.8,0.0,25.6,8.453,329.7,1.62
2025-09-11 22:15:48,2025-09-11,22:15:48,out,0.91,25.1,100.0,25.1,25.148,274.9,1.4
2025-09-11 22:16:25,2025-09-11,22:16:25,in,1.04,1310.8,0.0,25.6,8.453,326.2,1.63
2025-09-11 22:16:52,2025-09-11,22:16:52,out,1.29,25.2,100.0,25.2,25.249,270.4,1.57
2025-09-11 22:17:28,2025-09-11,22:17:28,in,1.11,1310.8,0.0,25.6,8.453,328.2,1.66
2025-09-11 22:17:55,2025-09-11,22:17:55,out,0.6,25.2,100.0,25.2,25.249,277.5,1.47
2025-09-11 22:18:32,2025-09-11,22:18:32,in,1.25,1310.8,0.0,25.6,8.453,322.4,1.56
2025-09-11 22:19:28,2025-09-11,22:19:28,out,1.0,25.2,100.0,25.2,25.249,269.1,1.35
2025-09-11 22:19:36,2025-09-11,22:19:36,in,0.69,1310.8,0.0,25.6,8.453,345.7,1.59
2025-09-11 22:20:31,2025-09-11,22:20:31,out,1.51,25.1,100.0,25.2,25.249,237.3,1.65
2025-09-11 22:20:39,2025-09-11,22:20:39,in,0.77,1310.8,0.0,25.6,8.453,323.3,1.6
2025-09-11 22:21:34,2025-09-11,22:21:34,out,1.37,25.2,100.0,25.2,25.249,220.4,1.76
2025-09-11 22:21:42,2025-09-11,22:21:42,in,0.67,1310.8,0.0,25.6,8.453,330.1,1.42
2025-09-11 22:22:38,2025-09-11,22:22:38,out,0.88,25.2,100.0,25.2,25.249,235.4,1.62
2025-09-11 22:22:46,2025-09-11,22:22:46,in,1.08,1310.8,0.0,25.7,8.494,322.1,1.68
2025-09-11 22:23:42,2025-09-11,22:23:42,out,0.86,25.2,100.0,25.2,25.249,220.5,1.06
2025-09-11 22:23:50,2025-09-11,22:23:50,in,0.88,1310.8,0.0,25.7,8.494,314.8,1.35
2025-09-11 22:24:45,2025-09-11,22:24:45,out,0.99,25.2,100.0,25.2,25.249,243.5,1.52
2025-09-11 22:24:53,2025-09-11,22:24:53,in,1.17,1310.8,0.0,25.7,8.494,321.9,1.56
2025-09-11 22:25:48,2025-09-11,22:25:48,out,0.91,25.2,100.0,25.2,25.249,228.3,1.11
2025-09-11 22:25:56,2025-09-11,22:25:56,in,1.05,1310.8,0.0,25.7,8.494,325.0,1.47
2025-09-11 22:26:52,2025-09-11,22:26:52,out,1.45,25.2,100.0,25.2,25.249,236.1,1.57
2025-09-11 22:27:00,2025-09-11,22:27:00,in,0.87,1310.8,0.0,25.7,8.494,320.4,1.65
2025-09-11 22:27:56,2025-09-11,22:27:56,out,1.06,25.2,100.0,25.2,25.249,221.7,1.69
2025-09-11 22:28:04,2025-09-11,22:28:04,in,1.05,1310.8,0.0,25.7,8.494,328.8,1.89
2025-09-11 22:28:59,2025-09-11,22:28:59,out,0.75,25.2,100.0,25.2,25.249,241.0,1.15
2025-09-11 22:29:07,2025-09-11,22:29:07,in,0.56,1310.8,0.0,25.7,8.494,321.9,1.98
2025-09-11 22:30:02,2025-09-11,22:30:02,out,0.58,25.2,100.0,25.2,25.249,250.9,0.78
2025-09-11 22:30:10,2025-09-11,22:30:10,in,1.13,1310.8,0.0,25.7,8.494,321.1,1.44
2025-09-11 22:31:06,2025-09-11,22:31:06,out,0.81,25.2,100.0,25.2,25.249,246.8,1.17
2025-09-11 22:31:14,2025-09-11,22:31:14,in,0.98,1310.8,0.0,25.7,8.494,317.4,1.78
2025-09-11 22:32:10,2025-09-11,22:32:10,out,0.96,25.2,100.0,25.2,25.249,231.4,1.45
2025-09-11 22:32:18,2025-09-11,22:32:18,in,1.26,1310.8,0.0,25.7,8.494,326.6,1.66
2025-09-11 22:33:13,2025-09-11,22:33:13,out,1.33,25.2,100.0,25.2,25.249,243.1,1.59
2025-09-11 22:33:21,2025-09-11,22:33:21,in,1.19,1310.8,0.0,25.7,8.494,328.1,1.58
2025-09-11 22:34:16,2025-09-11,22:34:16,out,0.78,25.2,100.0,25.2,25.249,252.6,1.45
2025-09-11 22:34:24,2025-09-11,22:34:24,in,0.88,1310.8,0.0,25.7,8.494,333.0,1.49
2025-09-11 22:35:20,2025-09-11,22:35:20,out,1.13,25.2,100.0,25.2,25.249,241.7,1.36
2025-09-11 22:35:28,2025-09-11,22:35:28,in,0.59,1310.8,0.0,25.7,8.494,324.7,1.22
2025-09-11 22:36:24,2025-09-11,22:36:24,out,1.1,25.2,100.0,25.2,25.249,229.4,1.38
2025-09-11 22:36:32,2025-09-11,22:36:32,in,0.55,1310.8,0.0,25.7,8.494,326.6,1.3
2025-09-11 22:37:27,2025-09-11,22:37:27,out,1.34,25.2,100.0,25.2,25.249,233.3,1.51
2025-09-11 22:37:35,2025-09-11,22:37:35,in,0.8,1310.8,0.0,25.7,8.494,322.3,1.77
2025-09-11 22:38:30,2025-09-11,22:38:30,out,0.9,25.2,100.0,25.2,25.249,238.5,1.4
2025-09-11 22:38:38,2025-09-11,22:38:38,in,0.87,1310.8,0.0,25.7,8.494,327.1,1.61
2025-09-11 22:39:34,2025-09-11,22:39:34,out,0.74,25.2,100.0,25.2,25.249,244.8,1.14
2025-09-11 22:39:42,2025-09-11,22:39:42,in,1.03,1310.8,0.0,25.7,8.494,328.0,1.64
2025-09-11 22:40:38,2025-09-11,22:40:38,out,0.7,25.2,100.0,25.2,25.249,246.6,0.97
2025-09-11 22:40:46,2025-09-11,22:40:46,in,0.71,1310.8,0.0,25.7,8.494,324.8,1.72
2025-09-11 22:41:41,2025-09-11,22:41:41,out,0.57,25.2,100.0,25.2,25.249,195.2,1.26
2025-09-11 22:41:49,2025-09-11,22:41:49,in,1.19,1310.8,0.0,25.7,8.494,318.4,1.58
2025-09-11 22:42:44,2025-09-11,22:42:44,out,0.84,25.2,100.0,25.2,25.249,212.5,1.29
2025-09-11 22:42:52,2025-09-11,22:42:52,in,0.45,1310.8,0.0,25.7,8.494,316.5,1.64
2025-09-11 22:43:48,2025-09-11,22:43:48,out,0.9,25.2,100.0,25.2,25.249,251.0,1.92
2025-09-11 22:43:56,2025-09-11,22:43:56,in,0.99,1310.8,0.0,25.8,8.536,329.4,1.61
2025-09-11 22:44:52,2025-09-11,22:44:52,out,0.81,25.2,100.0,25.2,25.249,227.1,1.18
2025-09-11 22:45:00,2025-09-11,22:45:00,in,1.04,1310.8,0.0,25.8,8.536,334.9,1.53
2025-09-11 22:45:55,2025-09-11,22:45:55,out,1.2,25.2,100.0,25.2,25.249,225.8,1.44
2025-09-11 22:46:03,2025-09-11,22:46:03,in,1.04,1310.8,0.0,25.7,8.494,323.3,1.56
2025-09-11 22:46:58,2025-09-11,22:46:58,out,1.63,25.2,100.0,25.2,25.249,236.0,1.76
2025-09-11 22:47:06,2025-09-11,22:47:06,in,1.13,1310.8,0.0,25.7,8.494,324.5,1.46
2025-09-11 22:48:02,2025-09-11,22:48:02,out,1.9,25.2,100.0,25.2,25.249,243.4,2.01
2025-09-11 22:48:10,2025-09-11,22:48:10,in,0.81,1310.8,0.0,25.7,8.494,337.4,1.3
2025-09-11 22:49:06,2025-09-11,22:49:06,out,0.94,25.2,100.0,25.2,25.249,222.7,2.14
2025-09-11 22:49:14,2025-09-11,22:49:14,in,0.82,1310.8,0.0,25.7,8.494,332.2,1.72
2025-09-11 22:50:10,2025-09-11,22:50:10,out,0.76,25.2,100.0,25.2,25.249,232.7,1.46
2025-09-11 22:50:18,2025-09-11,22:50:18,in,1.0,1310.8,0.0,25.7,8.494,329.0,1.33
2025-09-11 22:51:13,2025-09-11,22:51:13,out,0.78,25.2,100.0,25.2,25.249,242.6,0.99
2025-09-11 22:51:21,2025-09-11,22:51:21,in,0.54,1310.8,0.0,25.7,8.494,326.0,1.21
2025-09-11 22:52:16,2025-09-11,22:52:16,out,1.47,25.2,100.0,25.2,25.249,237.1,1.79
2025-09-11 22:52:24,2025-09-11,22:52:24,in,0.55,1310.8,0.0,25.7,8.494,334.5,1.15
2025-09-11 22:53:20,2025-09-11,22:53:20,out,1.16,25.2,100.0,25.2,25.249,272.8,1.95
2025-09-11 22:53:28,2025-09-11,22:53:28,in,0.64,1310.8,0.0,25.7,8.494,331.3,1.36
2025-09-11 22:54:24,2025-09-11,22:54:24,out,1.31,25.2,100.0,25.2,25.249,246.0,1.56
2025-09-11 22:54:32,2025-09-11,22:54:32,in,0.95,1310.8,0.0,25.7,8.494,329.8,1.63
2025-09-11 22:55:27,2025-09-11,22:55:27,out,1.1,25.2,100.0,25.2,25.249,230.0,1.4
2025-09-11 22:55:35,2025-09-11,22:55:35,in,1.11,1310.8,0.0,25.7,8.494,319.5,1.48
2025-09-11 22:56:30,2025-09-11,22:56:30,out,1.35,25.2,100.0,25.2,25.249,239.6,1.68
2025-09-11 22:56:38,2025-09-11,22:56:38,in,0.9,1310.8,0.0,25.7,8.494,337.9,1.43
2025-09-11 22:57:34,2025-09-11,22:57:34,out,1.25,25.2,100.0,25.2,25.249,235.2,1.66
2025-09-11 22:57:42,2025-09-11,22:57:42,in,1.26,1310.8,0.0,25.7,8.494,319.8,1.68
2025-09-11 22:58:38,2025-09-11,22:58:38,out,1.31,25.2,100.0,25.2,25.249,227.7,1.57
2025-09-11 22:58:46,2025-09-11,22:58:46,in,0.8,1310.8,0.0,25.7,8.494,328.8,1.63
2025-09-11 22:59:41,2025-09-11,22:59:41,out,0.75,25.2,100.0,25.2,25.249,215.2,1.43
2025-09-11 22:59:49,2025-09-11,22:59:49,in,1.13,1310.8,0.0,25.7,8.494,323.7,1.63
2025-09-11 23:00:44,2025-09-11,23:00:44,out,1.07,25.2,100.0,25.2,25.249,216.3,1.4
2025-09-11 23:00:52,2025-09-11,23:00:52,in,1.03,1310.8,0.0,25.7,8.494,321.4,1.47
2025-09-11 23:01:48,2025-09-11,23:01:48,out,1.46,25.2,100.0,25.2,25.249,219.6,1.62
2025-09-11 23:01:56,2025-09-11,23:01:56,in,0.91,1310.8,0.0,25.7,8.494,321.7,1.72
2025-09-11 23:02:52,2025-09-11,23:02:52,out,1.0,25.2,100.0,25.2,25.249,234.6,1.59
2025-09-11 23:03:00,2025-09-11,23:03:00,in,0.82,1310.8,0.0,25.7,8.494,327.3,1.73
2025-09-11 23:03:55,2025-09-11,23:03:55,out,1.17,25.2,100.0,25.2,25.249,232.1,1.54
2025-09-11 23:04:03,2025-09-11,23:04:03,in,1.09,1310.8,0.0,25.7,8.494,324.0,1.7
2025-09-11 23:04:58,2025-09-11,23:04:58,out,0.92,25.1,100.0,25.1,25.148,248.9,1.23
2025-09-11 23:05:06,2025-09-11,23:05:06,in,1.07,1310.8,0.0,25.7,8.494,325.2,1.92
2025-09-11 23:06:02,2025-09-11,23:06:02,out,0.95,25.1,100.0,25.1,25.148,251.0,1.25
2025-09-11 23:06:10,2025-09-11,23:06:10,in,1.28,1310.8,0.0,25.7,8.494,316.3,1.69
2025-09-11 23:07:06,2025-09-11,23:07:06,out,1.13,25.1,100.0,25.1,25.148,252.7,1.65
2025-09-11 23:07:14,2025-09-11,23:07:14,in,1.08,1310.8,0.0,25.7,8.494,329.9,1.67
2025-09-11 23:08:09,2025-09-11,23:08:09,out,1.51,25.1,100.0,25.1,25.148,249.4,1.59
2025-09-11 23:08:17,2025-09-11,23:08:17,in,1.23,1310.8,0.0,25.6,8.453,334.1,1.86
2025-09-11 23:09:12,2025-09-11,23:09:12,out,1.56,,,25.1,,25.1,10.0
2025-09-11 23:09:20,2025-09-11,23:09:20,in,1.15,1310.8,0.0,25.6,8.453,329.8,1.66
2025-09-11 23:10:16,2025-09-11,23:10:16,out,1.0,25.1,100.0,25.1,25.148,236.3,1.45
2025-09-11 23:10:24,2025-09-11,23:10:24,in,1.3,1310.8,0.0,25.7,8.494,326.0,1.79
2025-09-11 23:11:20,2025-09-11,23:11:20,out,0.88,25.1,100.0,25.1,25.148,239.6,1.13
2025-09-11 23:11:28,2025-09-11,23:11:28,in,0.98,1310.8,0.0,25.7,8.494,328.7,1.65
2025-09-11 23:12:23,2025-09-11,23:12:23,out,0.95,25.1,100.0,25.1,25.148,238.5,1.09
2025-09-11 23:12:31,2025-09-11,23:12:31,in,0.62,1310.8,0.0,25.7,8.494,328.2,1.49
2025-09-11 23:13:26,2025-09-11,23:13:26,out,1.18,25.1,100.0,25.1,25.148,260.7,1.29
2025-09-11 23:13:34,2025-09-11,23:13:34,in,0.81,1310.8,0.0,25.7,8.494,330.7,1.18
2025-09-11 23:14:30,2025-09-11,23:14:30,out,0.83,25.1,100.0,25.1,25.148,266.7,1.31
2025-09-11 23:14:38,2025-09-11,23:14:38,in,1.1,1310.8,0.0,25.7,8.494,328.6,1.85
2025-09-11 23:15:34,2025-09-11,23:15:34,out,0.56,25.1,100.0,25.1,25.148,247.8,1.13
2025-09-11 23:15:42,2025-09-11,23:15:42,in,1.11,1310.8,0.0,25.7,8.494,327.4,1.61
2025-09-11 23:16:37,2025-09-11,23:16:37,out,0.78,25.1,100.0,25.1,25.148,265.7,1.17
2025-09-11 23:16:45,2025-09-11,23:16:45,in,0.96,1310.8,0.0,25.7,8.494,333.6,1.66
2025-09-11 23:17:40,2025-09-11,23:17:40,out,0.89,25.1,100.0,25.1,25.148,274.2,1.49
2025-09-11 23:17:48,2025-09-11,23:17:48,in,0.97,1310.8,0.0,25.6,8.453,326.2,1.48
2025-09-11 23:18:44,2025-09-11,23:18:44,out,0.55,25.1,100.0,25.1,25.148,209.4,1.09
2025-09-11 23:18:52,2025-09-11,23:18:52,in,1.15,1310.8,0.0,25.6,8.453,334.9,1.4
2025-09-11 23:19:48,2025-09-11,23:19:48,out,0.56,25.1,100.0,25.1,25.148,212.6,0.92
2025-09-11 23:19:56,2025-09-11,23:19:56,in,1.14,1310.8,0.0,25.7,8.494,319.3,1.6
2025-09-11 23:20:51,2025-09-11,23:20:51,out,1.15,25.1,100.0,25.1,25.148,247.9,1.28
2025-09-11 23:20:59,2025-09-11,23:20:59,in,1.1,,,1310.8,,326.7,1.99
2025-09-11 23:21:54,2025-09-11,23:21:54,out,0.98,25.1,100.0,25.1,25.148,294.4,1.17
2025-09-11 23:22:02,2025-09-11,23:22:02,in,1.06,1310.8,0.0,25.6,8.453,326.0,1.7
2025-09-11 23:22:58,2025-09-11,23:22:58,out,0.53,25.1,100.0,25.1,25.148,261.7,0.96
2025-09-11 23:23:06,2025-09-11,23:23:06,in,1.1,1310.8,0.0,25.6,8.453,327.6,1.6
2025-09-11 23:24:02,2025-09-11,23:24:02,out,0.59,25.1,100.0,25.1,25.148,220.6,0.74
2025-09-11 23:24:10,2025-09-11,23:24:10,in,0.77,1310.8,0.0,25.6,8.453,319.9,1.43
2025-09-11 23:25:05,2025-09-11,23:25:05,out,0.45,25.1,100.0,25.1,25.148,287.7,0.73
2025-09-11 23:25:13,2025-09-11,23:25:13,in,0.93,1310.8,0.0,25.6,8.453,328.3,1.66
2025-09-11 23:26:08,2025-09-11,23:26:08,out,0.51,25.1,100.0,25.1,25.148,282.1,0.58
2025-09-11 23:26:16,2025-09-11,23:26:16,in,0.97,1310.8,0.0,25.7,8.494,321.0,1.45
2025-09-11 23:27:12,2025-09-11,23:27:12,out,0.73,25.1,100.0,25.1,25.148,329.1,0.94
2025-09-11 23:27:20,2025-09-11,23:27:20,in,0.87,1310.8,0.0,25.7,8.494,323.7,1.88
2025-09-11 23:28:16,2025-09-11,23:28:16,out,0.48,25.1,100.0,25.1,25.148,305.5,0.89
2025-09-11 23:28:24,2025-09-11,23:28:24,in,1.29,1310.8,0.0,25.7,8.494,318.3,1.57
2025-09-11 23:29:19,2025-09-11,23:29:19,out,0.32,25.1,100.0,25.1,25.148,284.4,0.73
2025-09-11 23:29:27,2025-09-11,23:29:27,in,0.81,1310.8,0.0,25.7,8.494,325.7,1.44
2025-09-11 23:30:22,2025-09-11,23:30:22,out,0.67,25.1,100.0,25.1,25.148,242.6,0.75
2025-09-11 23:30:30,2025-09-11,23:30:30,in,0.86,1310.8,0.0,25.7,8.494,327.3,1.7
2025-09-11 23:31:26,2025-09-11,23:31:26,out,0.89,25.1,100.0,25.1,25.148,247.6,1.03
2025-09-11 23:31:34,2025-09-11,23:31:34,in,0.84,1310.8,0.0,25.7,8.494,324.7,1.5
2025-09-11 23:32:30,2025-09-11,23:32:30,out,0.59,25.1,100.0,25.1,25.148,252.9,0.82
2025-09-11 23:32:38,2025-09-11,23:32:38,in,0.68,1310.8,0.0,25.7,8.494,328.2,1.76
2025-09-11 23:33:33,2025-09-11,23:33:33,out,0.64,25.1,100.0,25.1,25.148,225.9,0.91
2025-09-11 23:33:41,2025-09-11,23:33:41,in,0.58,1310.8,0.0,25.7,8.494,326.0,1.25
2025-09-11 23:34:36,2025-09-11,23:34:36,out,0.8,25.1,100.0,25.1,25.148,230.1,1.0
2025-09-11 23:34:44,2025-09-11,23:34:44,in,0.73,1310.8,0.0,25.7,8.494,314.9,1.56
2025-09-11 23:35:40,2025-09-11,23:35:40,out,0.52,25.1,100.0,25.1,25.148,215.0,0.97
2025-09-11 23:35:48,2025-09-11,23:35:48,in,0.78,1310.8,0.0,25.6,8.453,323.7,1.83
2025-09-11 23:36:44,2025-09-11,23:36:44,out,0.48,25.1,100.0,25.1,25.148,197.3,0.65
2025-09-11 23:36:52,2025-09-11,23:36:52,in,0.81,1310.8,0.0,25.7,8.494,323.3,1.66
2025-09-11 23:37:47,2025-09-11,23:37:47,out,0.29,25.0,100.0,25.0,25.047,149.6,0.59
2025-09-11 23:37:55,2025-09-11,23:37:55,in,0.89,1310.8,0.0,25.7,8.494,330.2,1.62
2025-09-11 23:38:50,2025-09-11,23:38:50,out,0.21,25.0,100.0,25.0,25.047,175.4,0.67
2025-09-11 23:38:58,2025-09-11,23:38:58,in,0.69,1310.8,0.0,25.7,8.494,322.1,1.5
2025-09-11 23:39:54,2025-09-11,23:39:54,out,0.72,25.0,100.0,25.0,25.047,199.2,0.93
2025-09-11 23:40:02,2025-09-11,23:40:02,in,1.14,1310.8,0.0,25.6,8.453,328.6,1.37
2025-09-11 23:40:58,2025-09-11,23:40:58,out,0.49,25.0,100.0,25.0,25.047,221.3,1.41
2025-09-11 23:41:06,2025-09-11,23:41:06,in,0.59,1310.8,0.0,25.6,8.453,330.8,1.51
2025-09-11 23:42:01,2025-09-11,23:42:01,out,0.44,25.0,100.0,25.0,25.047,230.4,0.77
2025-09-11 23:42:09,2025-09-11,23:42:09,in,0.62,1310.8,0.0,25.6,8.453,328.2,1.44
2025-09-11 23:43:04,2025-09-11,23:43:04,out,0.79,25.0,100.0,25.0,25.047,241.5,0.97
2025-09-11 23:43:12,2025-09-11,23:43:12,in,0.72,1310.8,0.0,25.6,8.453,326.8,1.21
2025-09-11 23:44:08,2025-09-11,23:44:08,out,0.86,25.0,100.0,25.0,25.047,226.1,1.35
2025-09-11 23:44:16,2025-09-11,23:44:16,in,1.06,1310.8,0.0,25.6,8.453,334.6,1.63
2025-09-11 23:45:12,2025-09-11,23:45:12,out,0.81,25.0,100.0,25.0,25.047,235.4,1.11
2025-09-11 23:45:20,2025-09-11,23:45:20,in,1.02,1310.8,0.0,25.6,8.453,318.6,1.88
2025-09-11 23:46:15,2025-09-11,23:46:15,out,0.66,25.0,100.0,25.0,25.047,244.5,0.93
2025-09-11 23:46:24,2025-09-11,23:46:24,in,2.06,,,1310.8,,25.6,0.0
2025-09-11 23:47:18,2025-09-11,23:47:18,out,0.35,25.0,100.0,25.0,25.047,253.5,0.82
2025-09-11 23:47:26,2025-09-11,23:47:26,in,0.98,1310.8,0.0,25.5,8.411,324.7,1.87
2025-09-11 23:48:22,2025-09-11,23:48:22,out,0.34,25.0,100.0,25.0,25.047,246.1,0.39
2025-09-11 23:48:30,2025-09-11,23:48:30,in,1.05,1310.8,0.0,25.5,8.411,317.0,1.82
2025-09-11 23:49:26,2025-09-11,23:49:26,out,0.7,25.0,100.0,25.0,25.047,258.1,0.82
2025-09-11 23:49:34,2025-09-11,23:49:34,in,0.88,1310.8,0.0,25.6,8.453,329.4,1.76
2025-09-11 23:50:30,2025-09-11,23:50:30,out,0.68,25.0,100.0,25.0,25.047,252.8,0.89
2025-09-11 23:50:37,2025-09-11,23:50:37,in,0.91,1310.8,0.0,25.5,8.411,325.8,1.65
2025-09-11 23:51:32,2025-09-11,23:51:32,out,0.7,25.0,100.0,25.0,25.047,273.9,0.95
2025-09-11 23:51:40,2025-09-11,23:51:40,in,0.78,1310.8,0.0,25.5,8.411,325.9,1.47
2025-09-11 23:52:36,2025-09-11,23:52:36,out,0.65,25.0,100.0,25.0,25.047,268.8,0.95
2025-09-11 23:52:44,2025-09-11,23:52:44,in,0.88,1310.8,0.0,25.5,8.411,323.3,1.29
2025-09-11 23:53:40,2025-09-11,23:53:40,out,0.81,25.0,100.0,25.0,25.047,248.3,1.09
2025-09-11 23:53:48,2025-09-11,23:53:48,in,0.73,1310.8,0.0,25.5,8.411,329.1,1.16
2025-09-11 23:54:43,2025-09-11,23:54:43,out,0.64,25.0,100.0,25.0,25.047,257.0,0.87
2025-09-11 23:54:51,2025-09-11,23:54:51,in,0.49,1310.8,0.0,25.5,8.411,334.6,1.39
2025-09-11 23:55:47,2025-09-11,23:55:47,out,0.83,25.0,100.0,25.0,25.047,244.9,1.1
2025-09-11 23:55:54,2025-09-11,23:55:54,in,0.22,1310.8,0.0,25.5,8.411,357.0,0.59
2025-09-11 23:56:50,2025-09-11,23:56:50,out,0.9,25.0,100.0,25.0,25.047,230.5,1.13
2025-09-11 23:56:58,2025-09-11,23:56:58,in,0.88,1310.8,0.0,25.5,8.411,342.6,1.37
2025-09-11 23:57:54,2025-09-11,23:57:54,out,0.68,25.0,100.0,25.0,25.047,265.6,1.13
2025-09-11 23:58:02,2025-09-11,23:58:02,in,0.86,1310.8,0.0,25.5,8.411,320.8,1.6
2025-09-11 23:58:57,2025-09-11,23:58:57,out,0.55,24.9,100.0,24.9,24.947,260.6,0.74
2025-09-11 23:59:05,2025-09-11,23:59:05,in,0.75,1310.8,0.0,25.5,8.411,329.3,1.4
