datetime,date,hour,id_meteo_station,Velocità del vento,dew_point,humidity,temperature,wet_bulb,wind_dir,wind_gust
2025-06-19 00:00:12,2025-06-19,00:00:12,out,0.52,21.7,100.0,21.7,21.724,198.9,0.99
2025-06-19 00:00:29,2025-06-19,00:00:29,in,0.77,1310.8,0.0,22.5,7.167,329.4,0.52
2025-06-19 00:01:16,2025-06-19,00:01:16,out,0.35,21.7,100.0,21.7,21.724,174.9,0.46
2025-06-19 00:02:00,2025-06-19,00:02:00,in,0.77,1310.8,0.0,22.4,7.125,329.4,0.52
2025-06-19 00:02:19,2025-06-19,00:02:19,out,0.34,21.7,100.0,21.7,21.724,152.8,0.43
2025-06-19 00:03:04,2025-06-19,00:03:04,in,0.77,1310.8,0.0,22.4,7.125,329.4,0.52
2025-06-19 00:03:22,2025-06-19,00:03:22,out,0.46,21.7,100.0,21.7,21.724,163.7,0.77
2025-06-19 00:04:08,2025-06-19,00:04:08,in,0.77,1310.8,0.0,22.4,7.125,329.4,0.52
2025-06-19 00:04:26,2025-06-19,00:04:26,out,0.21,21.7,100.0,21.7,21.724,178.6,0.53
2025-06-19 00:05:10,2025-06-19,00:05:10,in,0.77,1310.8,0.0,22.4,7.125,329.4,0.52
2025-06-19 00:05:30,2025-06-19,00:05:30,out,0.1,21.7,100.0,21.7,21.724,114.2,0.37
2025-06-19 00:06:14,2025-06-19,00:06:14,in,0.77,1310.8,0.0,22.4,7.125,329.4,0.52
2025-06-19 00:06:33,2025-06-19,00:06:33,out,0.2,21.7,100.0,21.7,21.724,262.3,0.34
2025-06-19 00:07:18,2025-06-19,00:07:18,in,0.77,1310.8,0.0,22.3,7.084,329.4,0.52
2025-06-19 00:07:36,2025-06-19,00:07:36,out,0.5,21.7,100.0,21.7,21.724,75.3,0.58
2025-06-19 00:08:22,2025-06-19,00:08:22,in,0.77,1310.8,0.0,22.2,7.042,329.4,0.52
2025-06-19 00:08:40,2025-06-19,00:08:40,out,0.72,21.6,100.0,21.6,21.623,81.4,0.78
2025-06-19 00:09:24,2025-06-19,00:09:24,in,0.77,1310.8,0.0,22.2,7.042,329.4,0.52
2025-06-19 00:09:44,2025-06-19,00:09:44,out,0.57,21.6,100.0,21.6,21.623,101.3,0.72
2025-06-19 00:10:28,2025-06-19,00:10:28,in,0.77,1310.8,0.0,22.2,7.042,329.4,0.52
2025-06-19 00:10:47,2025-06-19,00:10:47,out,0.45,21.6,100.0,21.6,21.623,145.4,0.68
2025-06-19 00:11:32,2025-06-19,00:11:32,in,0.77,1310.8,0.0,22.2,7.042,329.4,0.52
2025-06-19 00:11:50,2025-06-19,00:11:50,out,0.24,21.6,100.0,21.6,21.623,163.3,0.53
2025-06-19 00:12:36,2025-06-19,00:12:36,in,0.77,1310.8,0.0,22.2,7.042,329.4,0.52
2025-06-19 00:12:54,2025-06-19,00:12:54,out,0.56,21.6,100.0,21.6,21.623,157.9,1.01
2025-06-19 00:13:39,2025-06-19,00:13:39,in,0.77,1310.8,0.0,22.2,7.042,329.4,0.52
2025-06-19 00:13:58,2025-06-19,00:13:58,out,0.97,21.6,100.0,21.6,21.623,141.6,1.06
2025-06-19 00:14:42,2025-06-19,00:14:42,in,0.77,1310.8,0.0,22.2,7.042,329.4,0.52
2025-06-19 00:15:01,2025-06-19,00:15:01,out,1.14,21.6,100.0,21.6,21.623,151.1,1.28
2025-06-19 00:15:46,2025-06-19,00:15:46,in,0.77,1310.8,0.0,22.2,7.042,329.4,0.52
2025-06-19 00:16:04,2025-06-19,00:16:04,out,0.98,21.6,100.0,21.6,21.623,137.5,1.33
2025-06-19 00:16:50,2025-06-19,00:16:50,in,0.77,1310.8,0.0,22.2,7.042,329.4,0.52
2025-06-19 00:17:08,2025-06-19,00:17:08,out,1.27,21.6,100.0,21.6,21.623,142.8,1.44
2025-06-19 00:17:53,2025-06-19,00:17:53,in,0.77,1310.8,0.0,22.2,7.042,329.4,0.52
2025-06-19 00:18:12,2025-06-19,00:18:12,out,1.3,21.5,100.0,21.5,21.522,131.6,1.48
2025-06-19 00:18:56,2025-06-19,00:18:56,in,0.77,1310.8,0.0,22.2,7.042,329.4,0.52
2025-06-19 00:19:15,2025-06-19,00:19:15,out,0.7,21.5,100.0,21.5,21.522,150.9,1.41
2025-06-19 00:20:00,2025-06-19,00:20:00,in,0.77,1310.8,0.0,22.2,7.042,329.4,0.52
2025-06-19 00:20:18,2025-06-19,00:20:18,out,0.32,21.5,100.0,21.5,21.522,160.5,1.44
2025-06-19 00:21:04,2025-06-19,00:21:04,in,0.77,1310.8,0.0,22.1,7.001,329.4,0.52
2025-06-19 00:21:22,2025-06-19,00:21:22,out,0.84,21.5,100.0,21.5,21.522,148.5,1.11
2025-06-19 00:22:07,2025-06-19,00:22:07,in,0.77,1310.8,0.0,22.1,7.001,329.4,0.52
2025-06-19 00:22:26,2025-06-19,00:22:26,out,1.15,21.4,100.0,21.4,21.422,144.7,1.29
2025-06-19 00:23:10,2025-06-19,00:23:10,in,0.77,1310.8,0.0,22.1,7.001,329.4,0.52
2025-06-19 00:23:29,2025-06-19,00:23:29,out,0.74,21.5,100.0,21.4,21.422,153.2,1.42
2025-06-19 00:24:14,2025-06-19,00:24:14,in,0.77,1310.8,0.0,22.1,7.001,329.4,0.52
2025-06-19 00:24:33,2025-06-19,00:24:33,out,0.33,21.4,100.0,21.4,21.422,150.0,0.74
2025-06-19 00:25:18,2025-06-19,00:25:18,in,0.77,1310.8,0.0,22.2,7.042,329.4,0.52
2025-06-19 00:25:36,2025-06-19,00:25:36,out,0.75,21.4,100.0,21.4,21.422,142.8,0.95
2025-06-19 00:26:21,2025-06-19,00:26:21,in,0.77,1310.8,0.0,22.1,7.001,329.4,0.52
2025-06-19 00:26:40,2025-06-19,00:26:40,out,1.27,21.4,100.0,21.4,21.422,147.8,1.36
2025-06-19 00:27:24,2025-06-19,00:27:24,in,0.77,1310.8,0.0,22.1,7.001,329.4,0.52
2025-06-19 00:27:43,2025-06-19,00:27:43,out,0.97,21.4,100.0,21.4,21.422,141.3,1.26
2025-06-19 00:28:28,2025-06-19,00:28:28,in,0.77,1310.8,0.0,22.1,7.001,329.4,0.52
2025-06-19 00:28:46,2025-06-19,00:28:46,out,0.92,21.4,100.0,21.4,21.422,147.7,1.12
2025-06-19 00:29:32,2025-06-19,00:29:32,in,0.77,1310.8,0.0,22.1,7.001,329.4,0.52
2025-06-19 00:29:50,2025-06-19,00:29:50,out,0.91,21.4,100.0,21.4,21.422,154.2,1.13
2025-06-19 00:30:35,2025-06-19,00:30:35,in,0.77,1310.8,0.0,22.1,7.001,329.4,0.52
2025-06-19 00:30:54,2025-06-19,00:30:54,out,1.03,21.4,100.0,21.4,21.422,145.0,1.32
2025-06-19 00:31:39,2025-06-19,00:31:39,in,0.77,1310.8,0.0,22.1,7.001,329.4,0.52
2025-06-19 00:31:57,2025-06-19,00:31:57,out,0.54,21.4,100.0,21.4,21.422,103.2,0.89
2025-06-19 00:32:42,2025-06-19,00:32:42,in,0.77,1310.8,0.0,22.0,6.959,329.4,0.52
2025-06-19 00:33:00,2025-06-19,00:33:00,out,1.03,21.4,100.0,21.4,21.422,117.6,1.15
2025-06-19 00:33:46,2025-06-19,00:33:46,in,0.77,1310.8,0.0,22.0,6.959,329.4,0.52
2025-06-19 00:34:04,2025-06-19,00:34:04,out,0.95,21.4,100.0,21.4,21.422,116.7,1.2
2025-06-19 00:34:49,2025-06-19,00:34:49,in,0.77,1310.8,0.0,22.0,6.959,329.4,0.52
2025-06-19 00:35:08,2025-06-19,00:35:08,out,1.06,21.4,100.0,21.4,21.422,110.4,1.17
2025-06-19 00:35:52,2025-06-19,00:35:52,in,0.77,1310.8,0.0,22.0,6.959,329.4,0.52
2025-06-19 00:36:12,2025-06-19,00:36:12,out,1.38,21.4,100.0,21.4,21.422,121.7,1.63
2025-06-19 00:36:56,2025-06-19,00:36:56,in,0.77,1310.8,0.0,22.0,6.959,329.4,0.52
2025-06-19 00:37:15,2025-06-19,00:37:15,out,0.93,21.4,100.0,21.4,21.422,124.3,1.39
2025-06-19 00:38:00,2025-06-19,00:38:00,in,0.77,1310.8,0.0,22.0,6.959,329.4,0.52
2025-06-19 00:38:18,2025-06-19,00:38:18,out,1.06,21.4,100.0,21.4,21.422,125.5,1.31
2025-06-19 00:39:03,2025-06-19,00:39:03,in,0.77,1310.8,0.0,22.0,6.959,329.4,0.52
2025-06-19 00:39:22,2025-06-19,00:39:22,out,0.76,21.4,100.0,21.4,21.422,127.1,1.43
2025-06-19 00:40:06,2025-06-19,00:40:06,in,0.77,1310.8,0.0,22.1,7.001,329.4,0.52
2025-06-19 00:40:26,2025-06-19,00:40:26,out,0.7,21.4,100.0,21.4,21.422,129.1,1.05
2025-06-19 00:41:10,2025-06-19,00:41:10,in,0.77,1310.8,0.0,22.0,6.959,329.4,0.52
2025-06-19 00:41:29,2025-06-19,00:41:29,out,1.17,21.4,100.0,21.4,21.422,143.6,1.48
2025-06-19 00:42:14,2025-06-19,00:42:14,in,0.77,1310.8,0.0,22.1,7.001,329.4,0.52
2025-06-19 00:42:32,2025-06-19,00:42:32,out,1.88,,,21.5,,21.5,10.0
2025-06-19 00:43:18,2025-06-19,00:43:18,in,0.77,1310.8,0.0,22.1,7.001,329.4,0.52
2025-06-19 00:43:36,2025-06-19,00:43:36,out,1.3,21.4,100.0,21.4,21.422,147.1,1.97
2025-06-19 00:44:21,2025-06-19,00:44:21,in,0.77,1310.8,0.0,22.1,7.001,329.4,0.52
2025-06-19 00:44:40,2025-06-19,00:44:40,out,1.65,21.5,100.0,21.5,21.522,149.2,2.07
2025-06-19 00:45:24,2025-06-19,00:45:24,in,0.77,1310.8,0.0,22.1,7.001,329.4,0.52
2025-06-19 00:45:43,2025-06-19,00:45:43,out,1.81,21.5,100.0,21.5,21.522,139.7,2.49
2025-06-19 00:46:28,2025-06-19,00:46:28,in,0.77,1310.8,0.0,22.1,7.001,329.4,0.52
2025-06-19 00:46:46,2025-06-19,00:46:46,out,1.18,21.5,100.0,21.5,21.522,129.0,1.79
2025-06-19 00:47:31,2025-06-19,00:47:31,in,0.77,1310.8,0.0,22.1,7.001,329.4,0.52
2025-06-19 00:47:50,2025-06-19,00:47:50,out,1.46,21.4,100.0,21.5,21.522,119.3,2.11
2025-06-19 00:48:35,2025-06-19,00:48:35,in,0.52,,,1310.8,,22.1,0.0
2025-06-19 00:48:54,2025-06-19,00:48:54,out,1.3,21.5,100.0,21.5,21.522,118.4,2.02
2025-06-19 00:49:38,2025-06-19,00:49:38,in,0.77,1310.8,0.0,22.1,7.001,329.4,0.52
2025-06-19 00:49:57,2025-06-19,00:49:57,out,0.74,21.5,100.0,21.5,21.522,122.7,1.76
2025-06-19 00:50:42,2025-06-19,00:50:42,in,0.77,1310.8,0.0,22.1,7.001,329.4,0.52
2025-06-19 00:51:00,2025-06-19,00:51:00,out,1.29,21.4,100.0,21.4,21.422,111.8,1.48
2025-06-19 00:51:46,2025-06-19,00:51:46,in,0.77,1310.8,0.0,22.1,7.001,329.4,0.52
2025-06-19 00:52:04,2025-06-19,00:52:04,out,1.09,21.4,100.0,21.4,21.422,107.2,1.4
2025-06-19 00:52:49,2025-06-19,00:52:49,in,0.77,1310.8,0.0,22.1,7.001,329.4,0.52
2025-06-19 00:53:08,2025-06-19,00:53:08,out,0.54,21.4,100.0,21.4,21.422,92.7,1.29
2025-06-19 00:53:52,2025-06-19,00:53:52,in,0.77,1310.8,0.0,22.0,6.959,329.4,0.52
2025-06-19 00:54:11,2025-06-19,00:54:11,out,0.43,21.4,100.0,21.4,21.422,90.5,1.13
2025-06-19 00:54:56,2025-06-19,00:54:56,in,0.77,1310.8,0.0,22.0,6.959,329.4,0.52
2025-06-19 00:55:14,2025-06-19,00:55:14,out,0.5,21.4,100.0,21.4,21.422,59.1,0.66
2025-06-19 00:56:00,2025-06-19,00:56:00,in,0.77,1310.8,0.0,22.0,6.959,329.4,0.52
2025-06-19 00:56:18,2025-06-19,00:56:18,out,0.47,21.4,100.0,21.4,21.422,117.1,1.01
2025-06-19 00:57:03,2025-06-19,00:57:03,in,0.77,1310.8,0.0,22.0,6.959,329.4,0.52
2025-06-19 00:57:22,2025-06-19,00:57:22,out,0.78,21.4,100.0,21.4,21.422,87.7,0.88
2025-06-19 00:58:06,2025-06-19,00:58:06,in,0.77,1310.8,0.0,22.0,6.959,329.4,0.52
2025-06-19 00:58:25,2025-06-19,00:58:25,out,0.84,21.4,100.0,21.4,21.422,83.7,1.09
2025-06-19 00:59:10,2025-06-19,00:59:10,in,0.77,1310.8,0.0,22.0,6.959,329.4,0.52
2025-06-19 00:59:28,2025-06-19,00:59:28,out,0.72,21.4,100.0,21.4,21.422,100.6,1.06
2025-06-19 01:00:14,2025-06-19,01:00:14,in,0.77,1310.8,0.0,22.0,6.959,329.4,0.52
2025-06-19 01:00:32,2025-06-19,01:00:32,out,0.49,21.4,100.0,21.4,21.422,116.0,0.99
2025-06-19 01:01:17,2025-06-19,01:01:17,in,0.77,1310.8,0.0,22.0,6.959,329.4,0.52
2025-06-19 01:01:36,2025-06-19,01:01:36,out,0.6,21.4,100.0,21.4,21.422,105.9,0.89
2025-06-19 01:02:20,2025-06-19,01:02:20,in,0.77,1310.8,0.0,22.0,6.959,329.4,0.52
2025-06-19 01:02:39,2025-06-19,01:02:39,out,0.94,21.4,100.0,21.4,21.422,127.8,1.2
2025-06-19 01:03:24,2025-06-19,01:03:24,in,0.77,1310.8,0.0,22.0,6.959,329.4,0.52
2025-06-19 01:03:42,2025-06-19,01:03:42,out,1.06,21.4,100.0,21.4,21.422,114.2,1.33
2025-06-19 01:04:28,2025-06-19,01:04:28,in,0.77,1310.8,0.0,22.0,6.959,329.4,0.52
2025-06-19 01:04:46,2025-06-19,01:04:46,out,0.95,21.4,100.0,21.4,21.422,116.7,1.32
2025-06-19 01:05:31,2025-06-19,01:05:31,in,0.77,1310.8,0.0,22.0,6.959,329.4,0.52
2025-06-19 01:05:50,2025-06-19,01:05:50,out,1.34,21.4,100.0,21.4,21.422,133.1,1.48
2025-06-19 01:06:34,2025-06-19,01:06:34,in,0.77,1310.8,0.0,22.0,6.959,329.4,0.52
2025-06-19 01:06:54,2025-06-19,01:06:54,out,0.93,21.4,100.0,21.4,21.422,124.1,1.3
2025-06-19 01:07:38,2025-06-19,01:07:38,in,0.77,1310.8,0.0,22.0,6.959,329.4,0.52
2025-06-19 01:07:57,2025-06-19,01:07:57,out,0.7,21.4,100.0,21.4,21.422,127.3,1.47
2025-06-19 01:08:42,2025-06-19,01:08:42,in,0.77,1310.8,0.0,22.0,6.959,329.4,0.52
2025-06-19 01:09:00,2025-06-19,01:09:00,out,0.66,21.4,100.0,21.4,21.422,172.1,0.97
2025-06-19 01:09:45,2025-06-19,01:09:45,in,0.77,1310.8,0.0,22.1,7.001,329.4,0.52
2025-06-19 01:10:04,2025-06-19,01:10:04,out,0.6,21.4,100.0,21.4,21.422,132.2,1.13
2025-06-19 01:10:48,2025-06-19,01:10:48,in,0.77,1310.8,0.0,22.1,7.001,329.4,0.52
2025-06-19 01:11:08,2025-06-19,01:11:08,out,0.71,21.5,100.0,21.5,21.522,130.2,1.01
2025-06-19 01:11:52,2025-06-19,01:11:52,in,0.77,1310.8,0.0,22.1,7.001,329.4,0.52
2025-06-19 01:12:11,2025-06-19,01:12:11,out,0.52,21.5,100.0,21.5,21.522,113.4,0.93
2025-06-19 01:12:56,2025-06-19,01:12:56,in,0.77,1310.8,0.0,22.1,7.001,329.4,0.52
2025-06-19 01:13:43,2025-06-19,01:13:43,out,0.64,21.4,100.0,21.4,21.422,97.1,0.73
2025-06-19 01:14:00,2025-06-19,01:14:00,in,0.77,1310.8,0.0,22.1,7.001,329.4,0.52
2025-06-19 01:14:46,2025-06-19,01:14:46,out,0.71,21.5,100.0,21.5,21.522,134.4,0.8
2025-06-19 01:15:02,2025-06-19,01:15:02,in,0.77,1310.8,0.0,22.1,7.001,329.4,0.52
2025-06-19 01:15:50,2025-06-19,01:15:50,out,0.7,21.5,100.0,21.5,21.522,132.1,0.87
2025-06-19 01:16:06,2025-06-19,01:16:06,in,0.77,1310.8,0.0,22.1,7.001,329.4,0.52
2025-06-19 01:16:53,2025-06-19,01:16:53,out,1.22,21.5,100.0,21.5,21.522,142.9,1.27
2025-06-19 01:17:10,2025-06-19,01:17:10,in,0.77,1310.8,0.0,22.1,7.001,329.4,0.52
2025-06-19 01:17:56,2025-06-19,01:17:56,out,0.87,21.5,100.0,21.5,21.522,139.4,1.22
2025-06-19 01:18:14,2025-06-19,01:18:14,in,0.77,1310.8,0.0,22.1,7.001,329.4,0.52
2025-06-19 01:19:00,2025-06-19,01:19:00,out,1.16,21.5,100.0,21.5,21.522,130.0,1.34
2025-06-19 01:19:16,2025-06-19,01:19:16,in,0.77,1310.8,0.0,22.1,7.001,329.4,0.52
2025-06-19 01:20:04,2025-06-19,01:20:04,out,0.73,21.4,100.0,21.4,21.422,150.4,1.22
2025-06-19 01:20:20,2025-06-19,01:20:20,in,0.77,1310.8,0.0,22.1,7.001,329.4,0.52
2025-06-19 01:21:07,2025-06-19,01:21:07,out,0.99,21.4,100.0,21.4,21.422,133.1,1.23
2025-06-19 01:21:24,2025-06-19,01:21:24,in,0.77,1310.8,0.0,22.1,7.001,329.4,0.52
2025-06-19 01:22:10,2025-06-19,01:22:10,out,1.19,21.4,100.0,21.4,21.422,135.3,1.36
2025-06-19 01:22:27,2025-06-19,01:22:27,in,0.77,1310.8,0.0,22.0,6.959,329.4,0.52
2025-06-19 01:23:14,2025-06-19,01:23:14,out,1.15,21.4,100.0,21.4,21.422,143.8,1.53
2025-06-19 01:23:30,2025-06-19,01:23:30,in,0.77,1310.8,0.0,22.0,6.959,329.4,0.52
2025-06-19 01:24:18,2025-06-19,01:24:18,out,0.7,21.4,100.0,21.4,21.422,152.2,1.42
2025-06-19 01:24:34,2025-06-19,01:24:34,in,0.77,1310.8,0.0,22.1,7.001,329.4,0.52
2025-06-19 01:25:21,2025-06-19,01:25:21,out,0.78,21.4,100.0,21.4,21.422,135.1,0.94
2025-06-19 01:25:38,2025-06-19,01:25:38,in,0.77,1310.8,0.0,22.1,7.001,329.4,0.52
2025-06-19 01:26:24,2025-06-19,01:26:24,out,0.92,21.3,100.0,21.3,21.321,150.4,1.09
2025-06-19 01:26:41,2025-06-19,01:26:41,in,0.77,1310.8,0.0,22.1,7.001,329.4,0.52
2025-06-19 01:27:28,2025-06-19,01:27:28,out,0.62,21.3,100.0,21.3,21.321,153.1,1.15
2025-06-19 01:27:44,2025-06-19,01:27:44,in,0.77,1310.8,0.0,22.0,6.959,329.4,0.52
2025-06-19 01:28:32,2025-06-19,01:28:32,out,0.36,21.3,100.0,21.3,21.321,165.9,0.86
2025-06-19 01:28:48,2025-06-19,01:28:48,in,0.77,1310.8,0.0,22.0,6.959,329.4,0.52
2025-06-19 01:29:35,2025-06-19,01:29:35,out,0.41,21.3,100.0,21.3,21.321,149.3,0.93
2025-06-19 01:29:52,2025-06-19,01:29:52,in,0.77,1310.8,0.0,22.0,6.959,329.4,0.52
2025-06-19 01:30:38,2025-06-19,01:30:38,out,0.58,21.3,100.0,21.3,21.321,158.0,0.7
2025-06-19 01:30:55,2025-06-19,01:30:55,in,0.77,1310.8,0.0,22.0,6.959,329.4,0.52
2025-06-19 01:31:42,2025-06-19,01:31:42,out,0.12,21.2,100.0,21.3,21.321,214.2,0.74
2025-06-19 01:31:59,2025-06-19,01:31:59,in,0.77,1310.8,0.0,22.0,6.959,329.4,0.52
2025-06-19 01:32:46,2025-06-19,01:32:46,out,0.54,21.2,100.0,21.2,21.22,171.3,0.89
2025-06-19 01:33:02,2025-06-19,01:33:02,in,0.77,1310.8,0.0,21.9,6.918,329.4,0.52
2025-06-19 01:33:49,2025-06-19,01:33:49,out,0.29,21.2,100.0,21.2,21.22,184.9,1.04
2025-06-19 01:34:06,2025-06-19,01:34:06,in,0.77,1310.8,0.0,21.9,6.918,329.4,0.52
2025-06-19 01:34:52,2025-06-19,01:34:52,out,0.37,21.2,100.0,21.2,21.22,140.2,0.49
2025-06-19 01:35:10,2025-06-19,01:35:10,in,0.77,1310.8,0.0,21.9,6.918,329.4,0.52
2025-06-19 01:35:56,2025-06-19,01:35:56,out,0.74,21.2,100.0,21.2,21.22,144.9,0.85
2025-06-19 01:36:13,2025-06-19,01:36:13,in,0.77,1310.8,0.0,21.9,6.918,329.4,0.52
2025-06-19 01:37:00,2025-06-19,01:37:00,out,0.91,21.1,100.0,21.1,21.119,132.9,1.02
2025-06-19 01:37:16,2025-06-19,01:37:16,in,0.77,1310.8,0.0,21.9,6.918,329.4,0.52
2025-06-19 01:38:03,2025-06-19,01:38:03,out,0.76,21.1,100.0,21.1,21.119,140.6,1.08
2025-06-19 01:38:20,2025-06-19,01:38:20,in,0.77,1310.8,0.0,21.9,6.918,329.4,0.52
2025-06-19 01:39:06,2025-06-19,01:39:06,out,0.96,21.1,100.0,21.1,21.119,143.8,1.36
2025-06-19 01:39:24,2025-06-19,01:39:24,in,0.77,1310.8,0.0,21.8,6.876,329.4,0.52
2025-06-19 01:40:10,2025-06-19,01:40:10,out,0.96,21.1,100.0,21.1,21.119,135.7,1.09
2025-06-19 01:40:27,2025-06-19,01:40:27,in,0.77,1310.8,0.0,21.8,6.876,329.4,0.52
2025-06-19 01:41:14,2025-06-19,01:41:14,out,0.99,21.1,100.0,21.1,21.119,131.6,1.1
2025-06-19 01:41:30,2025-06-19,01:41:30,in,0.77,1310.8,0.0,21.8,6.876,329.4,0.52
2025-06-19 01:42:17,2025-06-19,01:42:17,out,0.51,21.1,100.0,21.1,21.119,117.2,1.03
2025-06-19 01:42:34,2025-06-19,01:42:34,in,0.77,1310.8,0.0,21.7,6.835,329.4,0.52
2025-06-19 01:43:20,2025-06-19,01:43:20,out,0.94,21.1,100.0,21.1,21.119,118.9,1.11
2025-06-19 01:43:38,2025-06-19,01:43:38,in,0.77,1310.8,0.0,21.7,6.835,329.4,0.52
2025-06-19 01:44:24,2025-06-19,01:44:24,out,1.05,21.1,100.0,21.1,21.119,108.3,1.25
2025-06-19 01:44:41,2025-06-19,01:44:41,in,0.77,1310.8,0.0,21.7,6.835,329.4,0.52
2025-06-19 01:45:28,2025-06-19,01:45:28,out,0.9,21.0,100.0,21.0,21.019,93.4,1.23
2025-06-19 01:45:44,2025-06-19,01:45:44,in,0.77,1310.8,0.0,21.7,6.835,329.4,0.52
2025-06-19 01:46:31,2025-06-19,01:46:31,out,0.77,21.1,100.0,21.1,21.119,105.6,1.16
2025-06-19 01:46:48,2025-06-19,01:46:48,in,0.77,1310.8,0.0,21.7,6.835,329.4,0.52
2025-06-19 01:47:35,2025-06-19,01:47:35,out,0.73,21.1,100.0,21.1,21.119,127.5,1.24
2025-06-19 01:47:52,2025-06-19,01:47:52,in,0.77,1310.8,0.0,21.7,6.835,329.4,0.52
2025-06-19 01:48:38,2025-06-19,01:48:38,out,0.92,21.1,100.0,21.1,21.119,113.2,1.51
2025-06-19 01:48:55,2025-06-19,01:48:55,in,0.77,1310.8,0.0,21.7,6.835,329.4,0.52
2025-06-19 01:49:42,2025-06-19,01:49:42,out,0.98,21.1,100.0,21.1,21.119,137.5,1.99
2025-06-19 01:49:58,2025-06-19,01:49:58,in,0.77,1310.8,0.0,21.7,6.835,329.4,0.52
2025-06-19 01:50:45,2025-06-19,01:50:45,out,0.94,21.1,100.0,21.1,21.119,131.3,1.73
2025-06-19 01:51:02,2025-06-19,01:51:02,in,0.77,1310.8,0.0,21.8,6.876,329.4,0.52
2025-06-19 01:51:48,2025-06-19,01:51:48,out,0.97,21.1,100.0,21.1,21.119,133.1,1.25
2025-06-19 01:52:06,2025-06-19,01:52:06,in,0.77,1310.8,0.0,21.8,6.876,329.4,0.52
2025-06-19 01:52:52,2025-06-19,01:52:52,out,0.88,21.2,100.0,21.2,21.22,144.9,1.75
2025-06-19 01:53:09,2025-06-19,01:53:09,in,0.77,1310.8,0.0,21.9,6.918,329.4,0.52
2025-06-19 01:53:56,2025-06-19,01:53:56,out,0.87,21.2,100.0,21.2,21.22,143.8,1.16
2025-06-19 01:54:12,2025-06-19,01:54:12,in,0.77,1310.8,0.0,21.9,6.918,329.4,0.52
2025-06-19 01:55:00,2025-06-19,01:55:00,out,0.49,21.2,100.0,21.2,21.22,147.0,1.21
2025-06-19 01:55:16,2025-06-19,01:55:16,in,0.77,1310.8,0.0,21.9,6.918,329.4,0.52
2025-06-19 01:56:03,2025-06-19,01:56:03,out,1.24,21.2,100.0,21.2,21.22,139.2,1.45
2025-06-19 01:56:20,2025-06-19,01:56:20,in,0.77,1310.8,0.0,21.9,6.918,329.4,0.52
2025-06-19 01:57:06,2025-06-19,01:57:06,out,1.48,21.2,100.0,21.2,21.22,146.3,1.85
2025-06-19 01:57:23,2025-06-19,01:57:23,in,0.77,1310.8,0.0,21.9,6.918,329.4,0.52
2025-06-19 01:58:10,2025-06-19,01:58:10,out,1.73,21.1,100.0,21.1,21.119,136.5,1.84
2025-06-19 01:58:26,2025-06-19,01:58:26,in,0.77,1310.8,0.0,21.9,6.918,329.4,0.52
2025-06-19 01:59:13,2025-06-19,01:59:13,out,1.49,21.1,100.0,21.1,21.119,141.4,1.78
2025-06-19 01:59:30,2025-06-19,01:59:30,in,0.77,1310.8,0.0,22.0,6.959,329.4,0.52
2025-06-19 02:00:17,2025-06-19,02:00:17,out,1.18,21.1,100.0,21.1,21.119,139.1,1.98
2025-06-19 02:00:34,2025-06-19,02:00:34,in,0.77,1310.8,0.0,21.9,6.918,329.4,0.52
2025-06-19 02:01:20,2025-06-19,02:01:20,out,1.53,21.1,100.0,21.1,21.119,141.4,1.7
2025-06-19 02:01:37,2025-06-19,02:01:37,in,0.77,1310.8,0.0,21.9,6.918,329.4,0.52
2025-06-19 02:02:24,2025-06-19,02:02:24,out,1.37,21.1,100.0,21.1,21.119,140.1,1.71
2025-06-19 02:02:40,2025-06-19,02:02:40,in,0.77,1310.8,0.0,22.0,6.959,329.4,0.52
2025-06-19 02:03:28,2025-06-19,02:03:28,out,1.52,21.1,100.0,21.1,21.119,142.2,2.05
2025-06-19 02:03:44,2025-06-19,02:03:44,in,0.77,1310.8,0.0,22.0,6.959,329.4,0.52
2025-06-19 02:04:31,2025-06-19,02:04:31,out,1.32,21.1,100.0,21.1,21.119,143.1,1.54
2025-06-19 02:04:48,2025-06-19,02:04:48,in,0.77,1310.8,0.0,22.0,6.959,329.4,0.52
2025-06-19 02:05:34,2025-06-19,02:05:34,out,0.88,21.1,100.0,21.1,21.119,146.4,1.44
2025-06-19 02:05:51,2025-06-19,02:05:51,in,0.77,1310.8,0.0,22.0,6.959,329.4,0.52
2025-06-19 02:06:38,2025-06-19,02:06:38,out,1.37,21.1,100.0,21.1,21.119,143.4,1.7
2025-06-19 02:06:54,2025-06-19,02:06:54,in,0.77,1310.8,0.0,22.0,6.959,329.4,0.52
2025-06-19 02:07:42,2025-06-19,02:07:42,out,1.42,21.1,100.0,21.1,21.119,144.6,1.79
2025-06-19 02:07:58,2025-06-19,02:07:58,in,0.77,1310.8,0.0,22.0,6.959,329.4,0.52
2025-06-19 02:08:45,2025-06-19,02:08:45,out,1.27,,,21.1,,140.2,1.87
2025-06-19 02:09:02,2025-06-19,02:09:02,in,0.77,1310.8,0.0,22.0,6.959,329.4,0.52
2025-06-19 02:09:48,2025-06-19,02:09:48,out,1.69,21.1,100.0,21.1,21.119,141.9,1.85
2025-06-19 02:10:05,2025-06-19,02:10:05,in,0.77,1310.8,0.0,22.0,6.959,329.4,0.52
2025-06-19 02:10:52,2025-06-19,02:10:52,out,1.38,21.1,100.0,21.1,21.119,144.1,1.78
2025-06-19 02:11:08,2025-06-19,02:11:08,in,0.77,1310.8,0.0,22.0,6.959,329.4,0.52
2025-06-19 02:11:56,2025-06-19,02:11:56,out,1.43,21.1,100.0,21.1,21.119,145.8,1.91
2025-06-19 02:12:12,2025-06-19,02:12:12,in,0.77,1310.8,0.0,22.0,6.959,329.4,0.52
2025-06-19 02:12:59,2025-06-19,02:12:59,out,1.41,21.1,100.0,21.1,21.119,144.7,1.86
2025-06-19 02:13:16,2025-06-19,02:13:16,in,0.77,1310.8,0.0,22.0,6.959,329.4,0.52
2025-06-19 02:14:02,2025-06-19,02:14:02,out,1.64,21.1,100.0,21.1,21.119,136.8,1.97
2025-06-19 02:14:20,2025-06-19,02:14:20,in,0.77,1310.8,0.0,22.0,6.959,329.4,0.52
2025-06-19 02:15:06,2025-06-19,02:15:06,out,1.08,21.1,100.0,21.1,21.119,143.6,1.79
2025-06-19 02:15:23,2025-06-19,02:15:23,in,0.77,1310.8,0.0,22.0,6.959,329.4,0.52
2025-06-19 02:16:10,2025-06-19,02:16:10,out,1.11,21.1,100.0,21.1,21.119,143.1,1.63
2025-06-19 02:16:26,2025-06-19,02:16:26,in,0.77,1310.8,0.0,22.0,6.959,329.4,0.52
2025-06-19 02:17:13,2025-06-19,02:17:13,out,1.58,21.1,100.0,21.1,21.119,143.4,1.83
2025-06-19 02:17:30,2025-06-19,02:17:30,in,0.77,1310.8,0.0,22.0,6.959,329.4,0.52
2025-06-19 02:18:16,2025-06-19,02:18:16,out,1.4,21.1,100.0,21.1,21.119,145.2,2.07
2025-06-19 02:18:34,2025-06-19,02:18:34,in,0.77,1310.8,0.0,22.0,6.959,329.4,0.52
2025-06-19 02:19:20,2025-06-19,02:19:20,out,1.25,21.1,100.0,21.1,21.119,137.4,1.73
2025-06-19 02:19:37,2025-06-19,02:19:37,in,0.77,1310.8,0.0,22.0,6.959,329.4,0.52
2025-06-19 02:20:24,2025-06-19,02:20:24,out,0.84,21.1,100.0,21.1,21.119,140.4,1.48
2025-06-19 02:20:40,2025-06-19,02:20:40,in,0.77,1310.8,0.0,22.0,6.959,329.4,0.52
2025-06-19 02:21:27,2025-06-19,02:21:27,out,1.02,21.1,100.0,21.1,21.119,154.0,1.39
2025-06-19 02:21:44,2025-06-19,02:21:44,in,0.77,1310.8,0.0,22.0,6.959,329.4,0.52
2025-06-19 02:22:30,2025-06-19,02:22:30,out,0.79,21.1,100.0,21.1,21.119,138.2,1.06
2025-06-19 02:22:48,2025-06-19,02:22:48,in,0.77,1310.8,0.0,22.0,6.959,329.4,0.52
2025-06-19 02:23:34,2025-06-19,02:23:34,out,0.66,21.1,100.0,21.1,21.119,158.8,1.12
2025-06-19 02:23:51,2025-06-19,02:23:51,in,0.77,1310.8,0.0,22.0,6.959,329.4,0.52
2025-06-19 02:24:38,2025-06-19,02:24:38,out,0.87,21.1,100.0,21.1,21.119,134.1,1.35
2025-06-19 02:24:54,2025-06-19,02:24:54,in,0.77,1310.8,0.0,21.9,6.918,329.4,0.52
2025-06-19 02:25:41,2025-06-19,02:25:41,out,0.41,21.1,100.0,21.1,21.119,169.6,0.6
2025-06-19 02:25:58,2025-06-19,02:25:58,in,0.77,1310.8,0.0,21.9,6.918,329.4,0.52
2025-06-19 02:26:44,2025-06-19,02:26:44,out,0.55,21.0,100.0,21.0,21.019,149.9,1.09
2025-06-19 02:27:02,2025-06-19,02:27:02,in,0.77,1310.8,0.0,21.9,6.918,329.4,0.52
2025-06-19 02:27:48,2025-06-19,02:27:48,out,0.51,21.1,100.0,21.1,21.119,143.0,0.64
2025-06-19 02:28:05,2025-06-19,02:28:05,in,0.77,1310.8,0.0,21.9,6.918,329.4,0.52
2025-06-19 02:28:52,2025-06-19,02:28:52,out,0.93,21.0,100.0,21.0,21.019,141.1,1.12
2025-06-19 02:29:08,2025-06-19,02:29:08,in,0.77,1310.8,0.0,21.9,6.918,329.4,0.52
2025-06-19 02:29:55,2025-06-19,02:29:55,out,0.93,21.1,100.0,21.1,21.119,147.6,1.17
2025-06-19 02:30:12,2025-06-19,02:30:12,in,0.77,1310.8,0.0,21.9,6.918,329.4,0.52
2025-06-19 02:30:58,2025-06-19,02:30:58,out,0.84,21.1,100.0,21.1,21.119,139.4,1.43
2025-06-19 02:31:16,2025-06-19,02:31:16,in,0.77,1310.8,0.0,21.8,6.876,329.4,0.52
2025-06-19 02:32:02,2025-06-19,02:32:02,out,0.94,21.1,100.0,21.1,21.119,125.2,1.17
2025-06-19 02:32:19,2025-06-19,02:32:19,in,0.77,1310.8,0.0,21.9,6.918,329.4,0.52
2025-06-19 02:33:06,2025-06-19,02:33:06,out,0.57,21.1,100.0,21.1,21.119,151.4,1.04
2025-06-19 02:33:22,2025-06-19,02:33:22,in,0.77,1310.8,0.0,21.8,6.876,329.4,0.52
2025-06-19 02:34:10,2025-06-19,02:34:10,out,0.55,21.1,100.0,21.1,21.119,126.0,0.83
2025-06-19 02:34:26,2025-06-19,02:34:26,in,0.77,1310.8,0.0,21.8,6.876,329.4,0.52
2025-06-19 02:35:12,2025-06-19,02:35:12,out,0.25,21.0,100.0,21.0,21.019,200.0,0.89
2025-06-19 02:35:30,2025-06-19,02:35:30,in,0.77,1310.8,0.0,21.8,6.876,329.4,0.52
2025-06-19 02:36:16,2025-06-19,02:36:16,out,0.2,21.1,100.0,21.1,21.119,199.7,0.5
2025-06-19 02:36:33,2025-06-19,02:36:33,in,0.77,1310.8,0.0,21.8,6.876,329.4,0.52
2025-06-19 02:37:20,2025-06-19,02:37:20,out,0.52,21.0,100.0,21.0,21.019,168.7,0.65
2025-06-19 02:37:36,2025-06-19,02:37:36,in,0.77,1310.8,0.0,21.8,6.876,329.4,0.52
2025-06-19 02:38:24,2025-06-19,02:38:24,out,0.27,21.0,100.0,21.0,21.019,130.6,0.61
2025-06-19 02:38:40,2025-06-19,02:38:40,in,0.77,1310.8,0.0,21.8,6.876,329.4,0.52
2025-06-19 02:39:27,2025-06-19,02:39:27,out,0.31,21.0,100.0,21.0,21.019,131.5,0.61
2025-06-19 02:39:44,2025-06-19,02:39:44,in,0.77,1310.8,0.0,21.8,6.876,329.4,0.52
2025-06-19 02:40:30,2025-06-19,02:40:30,out,0.71,21.0,100.0,21.0,21.019,184.1,0.89
2025-06-19 02:40:47,2025-06-19,02:40:47,in,0.77,1310.8,0.0,21.9,6.918,329.4,0.52
2025-06-19 02:41:34,2025-06-19,02:41:34,out,0.33,21.0,100.0,21.0,21.019,184.3,0.91
2025-06-19 02:41:50,2025-06-19,02:41:50,in,0.77,1310.8,0.0,21.9,6.918,329.4,0.52
2025-06-19 02:42:38,2025-06-19,02:42:38,out,0.62,21.0,100.0,21.0,21.019,157.4,0.71
2025-06-19 02:42:54,2025-06-19,02:42:54,in,0.77,1310.8,0.0,21.9,6.918,329.4,0.52
2025-06-19 02:43:41,2025-06-19,02:43:41,out,0.43,21.0,100.0,21.0,21.019,181.7,0.79
2025-06-19 02:43:58,2025-06-19,02:43:58,in,0.77,1310.8,0.0,21.9,6.918,329.4,0.52
2025-06-19 02:44:44,2025-06-19,02:44:44,out,0.3,21.1,100.0,21.1,21.119,143.3,0.76
2025-06-19 02:45:01,2025-06-19,02:45:01,in,0.77,1310.8,0.0,21.9,6.918,329.4,0.52
2025-06-19 02:45:48,2025-06-19,02:45:48,out,0.67,21.1,100.0,21.1,21.119,144.8,0.85
2025-06-19 02:46:04,2025-06-19,02:46:04,in,0.77,1310.8,0.0,21.9,6.918,329.4,0.52
2025-06-19 02:46:52,2025-06-19,02:46:52,out,0.52,21.1,100.0,21.1,21.119,108.6,0.69
2025-06-19 02:47:08,2025-06-19,02:47:08,in,0.77,1310.8,0.0,21.9,6.918,329.4,0.52
2025-06-19 02:47:55,2025-06-19,02:47:55,out,0.21,21.1,100.0,21.1,21.119,177.4,0.88
2025-06-19 02:48:12,2025-06-19,02:48:12,in,0.77,1310.8,0.0,21.8,6.876,329.4,0.52
2025-06-19 02:48:58,2025-06-19,02:48:58,out,0.45,21.1,100.0,21.1,21.119,109.7,0.74
2025-06-19 02:49:15,2025-06-19,02:49:15,in,0.77,1310.8,0.0,21.8,6.876,329.4,0.52
2025-06-19 02:50:02,2025-06-19,02:50:02,out,0.48,21.1,100.0,21.1,21.119,114.2,0.73
2025-06-19 02:50:18,2025-06-19,02:50:18,in,0.77,1310.8,0.0,21.8,6.876,329.4,0.52
2025-06-19 02:51:06,2025-06-19,02:51:06,out,0.56,21.1,100.0,21.1,21.119,130.2,0.9
2025-06-19 02:51:22,2025-06-19,02:51:22,in,0.77,1310.8,0.0,21.8,6.876,329.4,0.52
2025-06-19 02:52:09,2025-06-19,02:52:09,out,0.49,21.1,100.0,21.1,21.119,95.5,0.63
2025-06-19 02:52:26,2025-06-19,02:52:26,in,0.77,1310.8,0.0,21.8,6.876,329.4,0.52
2025-06-19 02:53:12,2025-06-19,02:53:12,out,0.64,21.1,100.0,21.1,21.119,102.1,0.7
2025-06-19 02:53:29,2025-06-19,02:53:29,in,0.77,1310.8,0.0,21.7,6.835,329.4,0.52
2025-06-19 02:54:16,2025-06-19,02:54:16,out,0.4,21.0,100.0,21.0,21.019,131.9,0.7
2025-06-19 02:54:33,2025-06-19,02:54:33,in,0.77,1310.8,0.0,21.7,6.835,329.4,0.52
2025-06-19 02:55:20,2025-06-19,02:55:20,out,0.38,21.0,100.0,21.0,21.019,112.4,0.73
2025-06-19 02:55:36,2025-06-19,02:55:36,in,0.77,1310.8,0.0,21.7,6.835,329.4,0.52
2025-06-19 02:56:23,2025-06-19,02:56:23,out,0.49,21.1,100.0,21.1,21.119,107.1,0.64
2025-06-19 02:56:40,2025-06-19,02:56:40,in,0.77,1310.8,0.0,21.7,6.835,329.4,0.52
2025-06-19 02:57:26,2025-06-19,02:57:26,out,0.86,21.0,100.0,21.0,21.019,116.5,1.1
2025-06-19 02:57:43,2025-06-19,02:57:43,in,0.77,1310.8,0.0,21.7,6.835,329.4,0.52
2025-06-19 02:58:30,2025-06-19,02:58:30,out,0.8,21.0,100.0,21.0,21.019,104.3,1.0
2025-06-19 02:58:47,2025-06-19,02:58:47,in,0.77,1310.8,0.0,21.7,6.835,329.4,0.52
2025-06-19 02:59:34,2025-06-19,02:59:34,out,0.67,21.0,100.0,21.0,21.019,114.9,0.8
2025-06-19 02:59:50,2025-06-19,02:59:50,in,0.77,1310.8,0.0,21.6,6.793,329.4,0.52
2025-06-19 03:00:37,2025-06-19,03:00:37,out,0.66,21.0,100.0,21.0,21.019,127.4,0.9
2025-06-19 03:00:54,2025-06-19,03:00:54,in,0.77,1310.8,0.0,21.6,6.793,329.4,0.52
2025-06-19 03:01:40,2025-06-19,03:01:40,out,0.54,21.0,100.0,21.0,21.019,119.7,0.89
2025-06-19 03:01:58,2025-06-19,03:01:58,in,0.77,1310.8,0.0,21.6,6.793,329.4,0.52
2025-06-19 03:02:44,2025-06-19,03:02:44,out,0.79,21.0,100.0,21.0,21.019,107.1,0.99
2025-06-19 03:03:01,2025-06-19,03:03:01,in,0.77,1310.8,0.0,21.6,6.793,329.4,0.52
2025-06-19 03:03:48,2025-06-19,03:03:48,out,0.85,21.0,100.0,21.0,21.019,109.5,0.96
2025-06-19 03:04:04,2025-06-19,03:04:04,in,0.77,1310.8,0.0,21.6,6.793,329.4,0.52
2025-06-19 03:04:52,2025-06-19,03:04:52,out,0.63,21.0,100.0,21.0,21.019,102.2,1.08
2025-06-19 03:05:08,2025-06-19,03:05:08,in,0.77,1310.8,0.0,21.6,6.793,329.4,0.52
2025-06-19 03:05:55,2025-06-19,03:05:55,out,0.77,21.0,100.0,21.0,21.019,130.6,1.18
2025-06-19 03:06:12,2025-06-19,03:06:12,in,0.77,1310.8,0.0,21.6,6.793,329.4,0.52
2025-06-19 03:06:58,2025-06-19,03:06:58,out,0.82,21.1,100.0,21.1,21.119,110.1,1.16
2025-06-19 03:07:15,2025-06-19,03:07:15,in,0.77,1310.8,0.0,21.6,6.793,329.4,0.52
2025-06-19 03:08:02,2025-06-19,03:08:02,out,0.96,21.1,100.0,21.1,21.119,106.7,1.34
2025-06-19 03:08:18,2025-06-19,03:08:18,in,0.77,1310.8,0.0,21.6,6.793,329.4,0.52
2025-06-19 03:09:06,2025-06-19,03:09:06,out,0.45,21.1,100.0,21.1,21.119,102.5,0.97
2025-06-19 03:09:22,2025-06-19,03:09:22,in,0.77,1310.8,0.0,21.6,6.793,329.4,0.52
2025-06-19 03:10:09,2025-06-19,03:10:09,out,0.95,21.1,100.0,21.1,21.119,130.9,1.03
2025-06-19 03:10:26,2025-06-19,03:10:26,in,0.77,1310.8,0.0,21.7,6.835,329.4,0.52
2025-06-19 03:11:12,2025-06-19,03:11:12,out,0.54,21.1,100.0,21.1,21.119,111.9,1.15
2025-06-19 03:11:29,2025-06-19,03:11:29,in,0.77,1310.8,0.0,21.6,6.793,329.4,0.52
2025-06-19 03:12:16,2025-06-19,03:12:16,out,0.56,21.1,100.0,21.1,21.119,102.8,0.82
2025-06-19 03:12:32,2025-06-19,03:12:32,in,0.77,1310.8,0.0,21.6,6.793,329.4,0.52
2025-06-19 03:13:20,2025-06-19,03:13:20,out,1.29,21.1,100.0,21.1,21.119,103.8,1.49
2025-06-19 03:13:36,2025-06-19,03:13:36,in,0.77,1310.8,0.0,21.6,6.793,329.4,0.52
2025-06-19 03:14:23,2025-06-19,03:14:23,out,0.83,21.1,100.0,21.1,21.119,116.3,1.16
2025-06-19 03:14:40,2025-06-19,03:14:40,in,0.77,1310.8,0.0,21.6,6.793,329.4,0.52
2025-06-19 03:15:26,2025-06-19,03:15:26,out,1.18,21.1,100.0,21.1,21.119,111.9,1.35
2025-06-19 03:15:43,2025-06-19,03:15:43,in,0.77,1310.8,0.0,21.6,6.793,329.4,0.52
2025-06-19 03:16:30,2025-06-19,03:16:30,out,1.07,21.1,100.0,21.1,21.119,121.6,1.44
2025-06-19 03:16:46,2025-06-19,03:16:46,in,0.77,1310.8,0.0,21.6,6.793,329.4,0.52
2025-06-19 03:17:34,2025-06-19,03:17:34,out,1.08,21.1,100.0,21.1,21.119,131.0,1.49
2025-06-19 03:17:50,2025-06-19,03:17:50,in,0.77,1310.8,0.0,21.6,6.793,329.4,0.52
2025-06-19 03:18:37,2025-06-19,03:18:37,out,0.82,21.1,100.0,21.1,21.119,140.0,1.18
2025-06-19 03:18:54,2025-06-19,03:18:54,in,0.77,1310.8,0.0,21.7,6.835,329.4,0.52
2025-06-19 03:19:40,2025-06-19,03:19:40,out,1.19,21.1,100.0,21.1,21.119,145.8,1.61
2025-06-19 03:19:57,2025-06-19,03:19:57,in,0.77,1310.8,0.0,21.7,6.835,329.4,0.52
2025-06-19 03:20:44,2025-06-19,03:20:44,out,1.4,21.1,100.0,21.1,21.119,144.1,1.61
2025-06-19 03:21:00,2025-06-19,03:21:00,in,0.77,1310.8,0.0,21.7,6.835,329.4,0.52
2025-06-19 03:21:48,2025-06-19,03:21:48,out,0.44,21.1,100.0,21.1,21.119,159.5,1.01
2025-06-19 03:22:04,2025-06-19,03:22:04,in,0.77,1310.8,0.0,21.7,6.835,329.4,0.52
2025-06-19 03:22:51,2025-06-19,03:22:51,out,0.58,21.1,100.0,21.1,21.119,144.9,0.84
2025-06-19 03:23:08,2025-06-19,03:23:08,in,0.77,1310.8,0.0,21.7,6.835,329.4,0.52
2025-06-19 03:23:54,2025-06-19,03:23:54,out,0.28,21.1,100.0,21.1,21.119,161.0,0.79
2025-06-19 03:24:11,2025-06-19,03:24:11,in,0.77,1310.8,0.0,21.8,6.876,329.4,0.52
2025-06-19 03:24:58,2025-06-19,03:24:58,out,0.22,21.0,100.0,21.0,21.019,164.1,0.99
2025-06-19 03:25:14,2025-06-19,03:25:14,in,0.77,1310.8,0.0,21.7,6.835,329.4,0.52
2025-06-19 03:26:02,2025-06-19,03:26:02,out,0.38,21.0,100.0,21.0,21.019,171.7,0.67
2025-06-19 03:26:18,2025-06-19,03:26:18,in,0.77,1310.8,0.0,21.7,6.835,329.4,0.52
2025-06-19 03:27:05,2025-06-19,03:27:05,out,0.69,21.0,100.0,21.0,21.019,150.8,0.95
2025-06-19 03:27:22,2025-06-19,03:27:22,in,0.77,1310.8,0.0,21.7,6.835,329.4,0.52
2025-06-19 03:28:08,2025-06-19,03:28:08,out,0.79,21.0,100.0,21.0,21.019,134.8,1.36
2025-06-19 03:28:25,2025-06-19,03:28:25,in,0.77,1310.8,0.0,21.7,6.835,329.4,0.52
2025-06-19 03:29:12,2025-06-19,03:29:12,out,0.24,21.0,100.0,21.0,21.019,173.7,0.98
2025-06-19 03:29:28,2025-06-19,03:29:28,in,0.77,1310.8,0.0,21.6,6.793,329.4,0.52
2025-06-19 03:30:16,2025-06-19,03:30:16,out,0.58,21.0,100.0,21.0,21.019,143.5,1.03
2025-06-19 03:30:32,2025-06-19,03:30:32,in,0.77,1310.8,0.0,21.6,6.793,329.4,0.52
2025-06-19 03:31:19,2025-06-19,03:31:19,out,0.28,21.0,100.0,21.0,21.019,169.4,0.89
2025-06-19 03:31:36,2025-06-19,03:31:36,in,0.77,1310.8,0.0,21.6,6.793,329.4,0.52
2025-06-19 03:32:22,2025-06-19,03:32:22,out,0.3,20.9,100.0,20.9,20.918,143.2,0.94
2025-06-19 03:32:39,2025-06-19,03:32:39,in,0.77,1310.8,0.0,21.6,6.793,329.4,0.52
2025-06-19 03:33:26,2025-06-19,03:33:26,out,0.31,20.9,100.0,20.9,20.918,133.3,1.08
2025-06-19 03:33:42,2025-06-19,03:33:42,in,0.77,1310.8,0.0,21.6,6.793,329.4,0.52
2025-06-19 03:34:30,2025-06-19,03:34:30,out,0.38,20.9,100.0,20.9,20.918,182.4,0.8
2025-06-19 03:34:46,2025-06-19,03:34:46,in,0.77,1310.8,0.0,21.5,6.752,329.4,0.52
2025-06-19 03:35:33,2025-06-19,03:35:33,out,0.17,20.9,100.0,20.9,20.918,226.7,0.69
2025-06-19 03:35:50,2025-06-19,03:35:50,in,0.77,1310.8,0.0,21.5,6.752,329.4,0.52
2025-06-19 03:36:36,2025-06-19,03:36:36,out,0.68,20.9,100.0,20.9,20.918,178.5,0.79
2025-06-19 03:36:53,2025-06-19,03:36:53,in,0.77,1310.8,0.0,21.5,6.752,329.4,0.52
2025-06-19 03:37:40,2025-06-19,03:37:40,out,0.58,20.9,100.0,20.9,20.918,212.9,0.9
2025-06-19 03:37:56,2025-06-19,03:37:56,in,0.77,1310.8,0.0,21.6,6.793,329.4,0.52
2025-06-19 03:38:44,2025-06-19,03:38:44,out,0.6,20.9,100.0,20.9,20.918,250.8,0.76
2025-06-19 03:39:00,2025-06-19,03:39:00,in,0.77,1310.8,0.0,21.5,6.752,329.4,0.52
2025-06-19 03:39:47,2025-06-19,03:39:47,out,0.68,20.9,100.0,20.9,20.918,216.4,0.77
2025-06-19 03:40:04,2025-06-19,03:40:04,in,0.77,1310.8,0.0,21.6,6.793,329.4,0.52
2025-06-19 03:40:50,2025-06-19,03:40:50,out,0.76,20.9,100.0,20.9,20.918,203.8,0.84
2025-06-19 03:41:07,2025-06-19,03:41:07,in,0.77,1310.8,0.0,21.6,6.793,329.4,0.52
2025-06-19 03:41:54,2025-06-19,03:41:54,out,0.84,20.9,100.0,20.9,20.918,201.9,0.96
2025-06-19 03:42:10,2025-06-19,03:42:10,in,0.77,1310.8,0.0,21.6,6.793,329.4,0.52
2025-06-19 03:42:58,2025-06-19,03:42:58,out,0.74,20.9,100.0,20.9,20.918,199.4,0.98
2025-06-19 03:43:14,2025-06-19,03:43:14,in,0.77,1310.8,0.0,21.5,6.752,329.4,0.52
2025-06-19 03:44:01,2025-06-19,03:44:01,out,0.62,20.9,100.0,20.9,20.918,187.0,1.14
2025-06-19 03:44:18,2025-06-19,03:44:18,in,0.77,1310.8,0.0,21.6,6.793,329.4,0.52
2025-06-19 03:45:04,2025-06-19,03:45:04,out,0.76,20.9,100.0,20.9,20.918,192.4,0.94
2025-06-19 03:45:21,2025-06-19,03:45:21,in,0.77,1310.8,0.0,21.6,6.793,329.4,0.52
2025-06-19 03:46:08,2025-06-19,03:46:08,out,0.58,20.9,100.0,20.9,20.918,179.8,0.99
2025-06-19 03:46:24,2025-06-19,03:46:24,in,0.77,1310.8,0.0,21.6,6.793,329.4,0.52
2025-06-19 03:47:12,2025-06-19,03:47:12,out,0.6,20.9,100.0,20.9,20.918,187.5,0.88
2025-06-19 03:47:28,2025-06-19,03:47:28,in,0.77,1310.8,0.0,21.6,6.793,329.4,0.52
2025-06-19 03:48:15,2025-06-19,03:48:15,out,0.76,20.9,100.0,20.9,20.918,181.7,1.07
2025-06-19 03:48:32,2025-06-19,03:48:32,in,0.77,1310.8,0.0,21.6,6.793,329.4,0.52
2025-06-19 03:49:18,2025-06-19,03:49:18,out,0.79,20.9,100.0,20.9,20.918,201.7,0.99
2025-06-19 03:49:35,2025-06-19,03:49:35,in,0.77,1310.8,0.0,21.6,6.793,329.4,0.52
2025-06-19 03:50:22,2025-06-19,03:50:22,out,0.83,20.8,100.0,20.8,20.817,200.6,1.04
2025-06-19 03:50:38,2025-06-19,03:50:38,in,0.77,1310.8,0.0,21.6,6.793,329.4,0.52
2025-06-19 03:51:26,2025-06-19,03:51:26,out,0.82,20.8,100.0,20.8,20.817,196.5,1.05
2025-06-19 03:51:42,2025-06-19,03:51:42,in,0.77,1310.8,0.0,21.6,6.793,329.4,0.52
2025-06-19 03:52:29,2025-06-19,03:52:29,out,0.64,20.8,100.0,20.8,20.817,185.2,0.98
2025-06-19 03:52:46,2025-06-19,03:52:46,in,0.77,1310.8,0.0,21.5,6.752,329.4,0.52
2025-06-19 03:53:32,2025-06-19,03:53:32,out,0.61,20.8,100.0,20.8,20.817,182.7,0.8
2025-06-19 03:53:49,2025-06-19,03:53:49,in,0.77,1310.8,0.0,21.5,6.752,329.4,0.52
2025-06-19 03:54:36,2025-06-19,03:54:36,out,0.67,20.8,100.0,20.8,20.817,145.9,0.77
2025-06-19 03:54:52,2025-06-19,03:54:52,in,0.77,1310.8,0.0,21.5,6.752,329.4,0.52
2025-06-19 03:55:40,2025-06-19,03:55:40,out,0.58,20.8,100.0,20.8,20.817,104.7,0.99
2025-06-19 03:55:56,2025-06-19,03:55:56,in,0.77,1310.8,0.0,21.5,6.752,329.4,0.52
2025-06-19 03:56:43,2025-06-19,03:56:43,out,0.63,20.8,100.0,20.8,20.817,80.3,0.7
2025-06-19 03:57:00,2025-06-19,03:57:00,in,0.77,1310.8,0.0,21.4,6.71,329.4,0.52
2025-06-19 03:57:46,2025-06-19,03:57:46,out,0.69,20.8,100.0,20.8,20.817,96.7,0.84
2025-06-19 03:58:03,2025-06-19,03:58:03,in,0.77,1310.8,0.0,21.3,6.669,329.4,0.52
2025-06-19 03:58:50,2025-06-19,03:58:50,out,0.59,20.8,100.0,20.8,20.817,98.2,0.81
2025-06-19 03:59:06,2025-06-19,03:59:06,in,0.77,1310.8,0.0,21.2,6.627,329.4,0.52
2025-06-19 03:59:54,2025-06-19,03:59:54,out,0.62,20.8,100.0,20.8,20.817,84.2,0.66
2025-06-19 04:00:10,2025-06-19,04:00:10,in,0.77,1310.8,0.0,21.1,6.586,329.4,0.52
2025-06-19 04:00:57,2025-06-19,04:00:57,out,0.6,20.8,100.0,20.8,20.817,89.8,0.69
2025-06-19 04:01:14,2025-06-19,04:01:14,in,0.77,1310.8,0.0,21.1,6.586,329.4,0.52
2025-06-19 04:02:00,2025-06-19,04:02:00,out,0.49,20.7,100.0,20.7,20.717,112.3,0.69
2025-06-19 04:02:17,2025-06-19,04:02:17,in,0.77,1310.8,0.0,21.1,6.586,329.4,0.52
2025-06-19 04:03:04,2025-06-19,04:03:04,out,0.4,20.7,100.0,20.7,20.717,128.1,0.48
2025-06-19 04:03:20,2025-06-19,04:03:20,in,0.77,1310.8,0.0,21.2,6.627,329.4,0.52
2025-06-19 04:04:08,2025-06-19,04:04:08,out,0.23,20.7,100.0,20.7,20.717,157.6,0.42
2025-06-19 04:04:24,2025-06-19,04:04:24,in,0.77,1310.8,0.0,21.2,6.627,329.4,0.52
2025-06-19 04:05:11,2025-06-19,04:05:11,out,0.28,20.7,100.0,20.7,20.717,233.6,0.33
2025-06-19 04:05:28,2025-06-19,04:05:28,in,0.77,1310.8,0.0,21.2,6.627,329.4,0.52
2025-06-19 04:06:14,2025-06-19,04:06:14,out,0.33,20.7,100.0,20.7,20.717,221.2,0.39
2025-06-19 04:06:31,2025-06-19,04:06:31,in,0.77,1310.8,0.0,21.2,6.627,329.4,0.52
2025-06-19 04:07:18,2025-06-19,04:07:18,out,0.42,20.7,100.0,20.7,20.717,236.9,0.46
2025-06-19 04:07:34,2025-06-19,04:07:34,in,0.77,1310.8,0.0,21.2,6.627,329.4,0.52
2025-06-19 04:08:22,2025-06-19,04:08:22,out,0.39,20.7,100.0,20.7,20.717,228.8,0.46
2025-06-19 04:08:38,2025-06-19,04:08:38,in,0.77,1310.8,0.0,21.3,6.669,329.4,0.52
2025-06-19 04:09:25,2025-06-19,04:09:25,out,0.55,20.6,100.0,20.6,20.616,221.7,0.62
2025-06-19 04:09:42,2025-06-19,04:09:42,in,0.77,1310.8,0.0,21.2,6.627,329.4,0.52
2025-06-19 04:10:28,2025-06-19,04:10:28,out,0.37,20.6,100.0,20.6,20.616,212.1,0.53
2025-06-19 04:10:45,2025-06-19,04:10:45,in,0.77,1310.8,0.0,21.2,6.627,329.4,0.52
2025-06-19 04:11:32,2025-06-19,04:11:32,out,0.25,20.6,100.0,20.6,20.616,202.3,0.4
2025-06-19 04:11:48,2025-06-19,04:11:48,in,0.77,1310.8,0.0,21.2,6.627,329.4,0.52
2025-06-19 04:12:36,2025-06-19,04:12:36,out,0.21,20.6,100.0,20.6,20.616,194.5,0.35
2025-06-19 04:12:52,2025-06-19,04:12:52,in,0.77,1310.8,0.0,21.2,6.627,329.4,0.52
2025-06-19 04:13:39,2025-06-19,04:13:39,out,0.46,20.6,100.0,20.6,20.616,130.3,0.59
2025-06-19 04:13:56,2025-06-19,04:13:56,in,0.77,1310.8,0.0,21.1,6.586,329.4,0.52
2025-06-19 04:14:42,2025-06-19,04:14:42,out,0.41,20.5,100.0,20.5,20.515,108.8,0.66
2025-06-19 04:14:59,2025-06-19,04:14:59,in,0.77,1310.8,0.0,21.1,6.586,329.4,0.52
2025-06-19 04:15:46,2025-06-19,04:15:46,out,0.55,20.5,100.0,20.5,20.515,113.3,0.68
2025-06-19 04:16:02,2025-06-19,04:16:02,in,0.77,1310.8,0.0,21.0,6.544,329.4,0.52
2025-06-19 04:16:50,2025-06-19,04:16:50,out,0.48,20.5,100.0,20.5,20.515,125.1,0.72
2025-06-19 04:17:06,2025-06-19,04:17:06,in,0.77,1310.8,0.0,21.0,6.544,329.4,0.52
2025-06-19 04:17:53,2025-06-19,04:17:53,out,0.64,20.5,100.0,20.5,20.515,144.0,0.74
2025-06-19 04:18:10,2025-06-19,04:18:10,in,0.77,1310.8,0.0,20.9,6.503,329.4,0.52
2025-06-19 04:18:56,2025-06-19,04:18:56,out,0.66,20.5,100.0,20.5,20.515,133.7,0.82
2025-06-19 04:19:13,2025-06-19,04:19:13,in,0.77,1310.8,0.0,20.9,6.503,329.4,0.52
2025-06-19 04:20:00,2025-06-19,04:20:00,out,0.53,20.5,100.0,20.5,20.515,129.5,0.76
2025-06-19 04:20:16,2025-06-19,04:20:16,in,0.77,1310.8,0.0,20.9,6.503,329.4,0.52
2025-06-19 04:21:04,2025-06-19,04:21:04,out,0.49,20.5,100.0,20.5,20.515,143.3,0.7
2025-06-19 04:21:20,2025-06-19,04:21:20,in,0.77,1310.8,0.0,20.9,6.503,329.4,0.52
2025-06-19 04:22:07,2025-06-19,04:22:07,out,0.39,20.5,100.0,20.5,20.515,120.1,0.58
2025-06-19 04:22:24,2025-06-19,04:22:24,in,0.77,1310.8,0.0,20.9,6.503,329.4,0.52
2025-06-19 04:23:10,2025-06-19,04:23:10,out,0.38,20.5,100.0,20.5,20.515,133.4,0.66
2025-06-19 04:23:27,2025-06-19,04:23:27,in,0.77,1310.8,0.0,20.9,6.503,329.4,0.52
2025-06-19 04:24:14,2025-06-19,04:24:14,out,0.46,20.5,100.0,20.5,20.515,126.0,0.56
2025-06-19 04:24:30,2025-06-19,04:24:30,in,0.77,1310.8,0.0,20.9,6.503,329.4,0.52
2025-06-19 04:25:18,2025-06-19,04:25:18,out,0.44,20.5,100.0,20.5,20.515,108.1,0.59
2025-06-19 04:25:34,2025-06-19,04:25:34,in,0.77,1310.8,0.0,20.9,6.503,329.4,0.52
2025-06-19 04:26:21,2025-06-19,04:26:21,out,0.47,20.5,100.0,20.5,20.515,123.3,0.67
2025-06-19 04:26:38,2025-06-19,04:26:38,in,0.77,1310.8,0.0,20.9,6.503,329.4,0.52
2025-06-19 04:27:24,2025-06-19,04:27:24,out,0.62,20.5,100.0,20.5,20.515,121.6,0.73
2025-06-19 04:27:41,2025-06-19,04:27:41,in,0.77,1310.8,0.0,20.9,6.503,329.4,0.52
2025-06-19 04:28:28,2025-06-19,04:28:28,out,0.62,20.5,100.0,20.5,20.515,124.9,0.78
2025-06-19 04:28:44,2025-06-19,04:28:44,in,0.77,1310.8,0.0,20.9,6.503,329.4,0.52
2025-06-19 04:29:32,2025-06-19,04:29:32,out,0.6,20.5,100.0,20.5,20.515,124.6,0.71
2025-06-19 04:29:48,2025-06-19,04:29:48,in,0.77,1310.8,0.0,21.0,6.544,329.4,0.52
2025-06-19 04:30:35,2025-06-19,04:30:35,out,0.55,20.5,100.0,20.5,20.515,135.2,0.61
2025-06-19 04:30:52,2025-06-19,04:30:52,in,0.77,1310.8,0.0,21.0,6.544,329.4,0.52
2025-06-19 04:31:39,2025-06-19,04:31:39,out,0.23,20.5,100.0,20.5,20.515,137.7,0.51
2025-06-19 04:31:55,2025-06-19,04:31:55,in,0.77,1310.8,0.0,21.0,6.544,329.4,0.52
2025-06-19 04:32:42,2025-06-19,04:32:42,out,0.28,20.5,100.0,20.5,20.515,127.2,0.4
2025-06-19 04:32:58,2025-06-19,04:32:58,in,0.77,1310.8,0.0,21.0,6.544,329.4,0.52
2025-06-19 04:33:46,2025-06-19,04:33:46,out,0.29,20.5,100.0,20.5,20.515,129.0,0.51
2025-06-19 04:34:02,2025-06-19,04:34:02,in,0.77,1310.8,0.0,21.0,6.544,329.4,0.52
2025-06-19 04:34:49,2025-06-19,04:34:49,out,0.4,20.5,100.0,20.5,20.515,121.6,0.51
2025-06-19 04:35:06,2025-06-19,04:35:06,in,0.77,1310.8,0.0,21.0,6.544,329.4,0.52
2025-06-19 04:35:53,2025-06-19,04:35:53,out,0.66,20.5,100.0,20.5,20.515,137.5,0.72
2025-06-19 04:36:09,2025-06-19,04:36:09,in,0.77,1310.8,0.0,21.0,6.544,329.4,0.52
2025-06-19 04:36:56,2025-06-19,04:36:56,out,0.74,20.5,100.0,20.5,20.515,123.0,0.78
2025-06-19 04:37:12,2025-06-19,04:37:12,in,0.77,1310.8,0.0,21.0,6.544,329.4,0.52
2025-06-19 04:38:00,2025-06-19,04:38:00,out,0.69,20.5,100.0,20.5,20.515,126.6,0.82
2025-06-19 04:38:16,2025-06-19,04:38:16,in,0.77,1310.8,0.0,21.0,6.544,329.4,0.52
2025-06-19 04:39:04,2025-06-19,04:39:04,out,0.73,20.6,100.0,20.6,20.616,118.6,0.96
2025-06-19 04:39:20,2025-06-19,04:39:20,in,0.77,1310.8,0.0,20.9,6.503,329.4,0.52
2025-06-19 04:40:06,2025-06-19,04:40:06,out,0.79,20.6,100.0,20.6,20.616,114.5,0.87
2025-06-19 04:40:23,2025-06-19,04:40:23,in,0.77,1310.8,0.0,20.8,6.461,329.4,0.52
2025-06-19 04:41:10,2025-06-19,04:41:10,out,0.79,20.6,100.0,20.6,20.616,109.4,0.89
2025-06-19 04:41:26,2025-06-19,04:41:26,in,0.77,1310.8,0.0,20.8,6.461,329.4,0.52
2025-06-19 04:42:14,2025-06-19,04:42:14,out,0.69,20.6,100.0,20.6,20.616,115.1,0.8
2025-06-19 04:42:30,2025-06-19,04:42:30,in,0.77,1310.8,0.0,20.8,6.461,329.4,0.52
2025-06-19 04:43:18,2025-06-19,04:43:18,out,0.61,20.6,100.0,20.6,20.616,117.8,0.87
2025-06-19 04:43:34,2025-06-19,04:43:34,in,0.77,1310.8,0.0,20.8,6.461,329.4,0.52
2025-06-19 04:44:20,2025-06-19,04:44:20,out,0.79,20.6,100.0,20.6,20.616,131.8,0.92
2025-06-19 04:44:37,2025-06-19,04:44:37,in,0.77,1310.8,0.0,20.8,6.461,329.4,0.52
2025-06-19 04:45:24,2025-06-19,04:45:24,out,0.63,20.6,100.0,20.6,20.616,139.6,1.04
2025-06-19 04:45:40,2025-06-19,04:45:40,in,0.77,1310.8,0.0,20.8,6.461,329.4,0.52
2025-06-19 04:46:28,2025-06-19,04:46:28,out,0.6,20.6,100.0,20.6,20.616,137.9,0.83
2025-06-19 04:46:44,2025-06-19,04:46:44,in,0.77,1310.8,0.0,20.8,6.461,329.4,0.52
2025-06-19 04:47:32,2025-06-19,04:47:32,out,0.82,20.6,100.0,20.6,20.616,147.2,1.02
2025-06-19 04:47:48,2025-06-19,04:47:48,in,0.77,1310.8,0.0,20.8,6.461,329.4,0.52
2025-06-19 04:48:35,2025-06-19,04:48:35,out,0.64,20.6,100.0,20.6,20.616,144.5,0.97
2025-06-19 04:48:51,2025-06-19,04:48:51,in,0.77,1310.8,0.0,20.9,6.503,329.4,0.52
2025-06-19 04:49:38,2025-06-19,04:49:38,out,0.5,20.6,100.0,20.6,20.616,156.4,0.74
2025-06-19 04:49:54,2025-06-19,04:49:54,in,0.77,1310.8,0.0,20.9,6.503,329.4,0.52
2025-06-19 04:50:42,2025-06-19,04:50:42,out,0.57,20.6,100.0,20.6,20.616,156.8,0.72
2025-06-19 04:50:58,2025-06-19,04:50:58,in,0.77,1310.8,0.0,20.9,6.503,329.4,0.52
2025-06-19 04:51:46,2025-06-19,04:51:46,out,0.55,20.5,100.0,20.5,20.515,151.8,0.73
2025-06-19 04:52:02,2025-06-19,04:52:02,in,0.77,1310.8,0.0,20.9,6.503,329.4,0.52
2025-06-19 04:52:49,2025-06-19,04:52:49,out,0.45,20.5,100.0,20.5,20.515,155.0,0.73
2025-06-19 04:53:05,2025-06-19,04:53:05,in,0.77,1310.8,0.0,20.9,6.503,329.4,0.52
2025-06-19 04:53:52,2025-06-19,04:53:52,out,0.46,20.5,100.0,20.5,20.515,156.3,0.66
2025-06-19 04:54:08,2025-06-19,04:54:08,in,0.77,1310.8,0.0,20.9,6.503,329.4,0.52
2025-06-19 04:54:56,2025-06-19,04:54:56,out,0.45,20.5,100.0,20.5,20.515,156.8,0.7
2025-06-19 04:55:12,2025-06-19,04:55:12,in,0.77,1310.8,0.0,20.9,6.503,329.4,0.52
2025-06-19 04:56:00,2025-06-19,04:56:00,out,0.32,20.5,100.0,20.5,20.515,163.1,0.57
2025-06-19 04:56:16,2025-06-19,04:56:16,in,0.77,1310.8,0.0,20.9,6.503,329.4,0.52
2025-06-19 04:57:03,2025-06-19,04:57:03,out,0.32,20.5,100.0,20.5,20.515,180.2,0.5
2025-06-19 04:57:19,2025-06-19,04:57:19,in,0.77,1310.8,0.0,20.9,6.503,329.4,0.52
2025-06-19 04:58:06,2025-06-19,04:58:06,out,0.28,20.4,100.0,20.4,20.414,160.0,0.55
2025-06-19 04:58:22,2025-06-19,04:58:22,in,0.77,1310.8,0.0,20.9,6.503,329.4,0.52
2025-06-19 04:59:10,2025-06-19,04:59:10,out,0.21,20.4,100.0,20.4,20.414,155.5,0.62
2025-06-19 04:59:26,2025-06-19,04:59:26,in,0.77,1310.8,0.0,20.9,6.503,329.4,0.52
2025-06-19 05:00:14,2025-06-19,05:00:14,out,0.04,20.4,100.0,20.4,20.414,176.4,0.48
2025-06-19 05:00:30,2025-06-19,05:00:30,in,0.77,1310.8,0.0,20.9,6.503,329.4,0.52
2025-06-19 05:01:17,2025-06-19,05:01:17,out,0.18,,,20.4,,176.4,0.21
2025-06-19 05:01:33,2025-06-19,05:01:33,in,0.77,1310.8,0.0,20.9,6.503,329.4,0.52
2025-06-19 05:02:20,2025-06-19,05:02:20,out,0.37,20.4,100.0,20.4,20.414,148.8,0.42
2025-06-19 05:02:36,2025-06-19,05:02:36,in,0.77,1310.8,0.0,20.7,6.42,329.4,0.52
2025-06-19 05:03:24,2025-06-19,05:03:24,out,0.26,20.4,100.0,20.4,20.414,131.0,0.44
2025-06-19 05:03:40,2025-06-19,05:03:40,in,0.77,1310.8,0.0,20.7,6.42,329.4,0.52
2025-06-19 05:04:28,2025-06-19,05:04:28,out,0.32,20.3,100.0,20.3,20.314,112.2,0.65
2025-06-19 05:04:44,2025-06-19,05:04:44,in,0.77,1310.8,0.0,20.6,6.378,329.4,0.52
2025-06-19 05:05:31,2025-06-19,05:05:31,out,0.1,20.3,100.0,20.3,20.314,33.6,0.42
2025-06-19 05:05:47,2025-06-19,05:05:47,in,0.77,1310.8,0.0,20.5,6.337,329.4,0.52
2025-06-19 05:06:34,2025-06-19,05:06:34,out,0.15,20.3,100.0,20.3,20.314,33.6,0.26
2025-06-19 05:06:50,2025-06-19,05:06:50,in,0.77,1310.8,0.0,20.5,6.337,329.4,0.52
2025-06-19 05:07:38,2025-06-19,05:07:38,out,0.17,20.3,100.0,20.3,20.314,162.1,0.28
2025-06-19 05:07:54,2025-06-19,05:07:54,in,0.77,1310.8,0.0,20.6,6.378,329.4,0.52
2025-06-19 05:08:42,2025-06-19,05:08:42,out,0.36,20.3,100.0,20.3,20.314,142.1,0.49
2025-06-19 05:08:58,2025-06-19,05:08:58,in,0.77,1310.8,0.0,20.6,6.378,329.4,0.52
2025-06-19 05:09:45,2025-06-19,05:09:45,out,0.43,20.2,100.0,20.3,20.314,147.5,0.51
2025-06-19 05:10:01,2025-06-19,05:10:01,in,0.77,1310.8,0.0,20.6,6.378,329.4,0.52
2025-06-19 05:10:48,2025-06-19,05:10:48,out,0.1,20.2,100.0,20.2,20.213,136.4,0.37
2025-06-19 05:11:04,2025-06-19,05:11:04,in,0.77,1310.8,0.0,20.7,6.42,329.4,0.52
2025-06-19 05:11:52,2025-06-19,05:11:52,out,0.38,20.2,100.0,20.2,20.213,147.9,0.51
2025-06-19 05:12:08,2025-06-19,05:12:08,in,0.77,1310.8,0.0,20.7,6.42,329.4,0.52
2025-06-19 05:12:56,2025-06-19,05:12:56,out,0.09,20.2,100.0,20.2,20.213,123.9,0.41
2025-06-19 05:13:12,2025-06-19,05:13:12,in,0.77,1310.8,0.0,20.7,6.42,329.4,0.52
2025-06-19 05:13:59,2025-06-19,05:13:59,out,0.2,20.2,100.0,20.2,20.213,227.1,0.25
2025-06-19 05:14:15,2025-06-19,05:14:15,in,0.77,1310.8,0.0,20.7,6.42,329.4,0.52
2025-06-19 05:15:02,2025-06-19,05:15:02,out,0.1,20.2,100.0,20.2,20.213,230.1,0.26
2025-06-19 05:15:18,2025-06-19,05:15:18,in,0.77,1310.8,0.0,20.8,6.461,329.4,0.52
2025-06-19 05:16:06,2025-06-19,05:16:06,out,0.4,20.2,100.0,20.2,20.213,133.6,0.43
2025-06-19 05:16:22,2025-06-19,05:16:22,in,0.77,1310.8,0.0,20.8,6.461,329.4,0.52
2025-06-19 05:17:10,2025-06-19,05:17:10,out,0.24,20.2,100.0,20.2,20.213,109.2,0.43
2025-06-19 05:17:26,2025-06-19,05:17:26,in,0.77,1310.8,0.0,20.8,6.461,329.4,0.52
2025-06-19 05:18:13,2025-06-19,05:18:13,out,0.37,20.2,100.0,20.2,20.213,334.8,0.51
2025-06-19 05:18:30,2025-06-19,05:18:30,in,0.77,1310.8,0.0,20.7,6.42,329.4,0.52
2025-06-19 05:19:16,2025-06-19,05:19:16,out,0.87,20.2,100.0,20.2,20.213,3.8,1.14
2025-06-19 05:19:32,2025-06-19,05:19:32,in,0.77,1310.8,0.0,20.7,6.42,329.4,0.52
2025-06-19 05:20:20,2025-06-19,05:20:20,out,0.52,20.1,100.0,20.1,20.112,40.8,1.34
2025-06-19 05:20:36,2025-06-19,05:20:36,in,0.77,1310.8,0.0,20.5,6.337,329.4,0.52
2025-06-19 05:21:24,2025-06-19,05:21:24,out,0.32,20.0,100.0,20.0,20.012,15.7,0.79
2025-06-19 05:21:40,2025-06-19,05:21:40,in,0.77,1310.8,0.0,20.3,6.253,329.4,0.52
2025-06-19 05:22:27,2025-06-19,05:22:27,out,0.29,20.0,100.0,20.0,20.012,136.5,0.64
2025-06-19 05:22:44,2025-06-19,05:22:44,in,0.77,1310.8,0.0,20.3,6.253,329.4,0.52
2025-06-19 05:23:30,2025-06-19,05:23:30,out,0.54,20.0,100.0,20.0,20.012,166.2,0.68
2025-06-19 05:23:47,2025-06-19,05:23:47,in,0.77,1310.8,0.0,20.3,6.253,329.4,0.52
2025-06-19 05:24:34,2025-06-19,05:24:34,out,0.53,20.0,100.0,20.0,20.012,133.0,0.85
2025-06-19 05:24:50,2025-06-19,05:24:50,in,0.77,1310.8,0.0,20.4,6.295,329.4,0.52
2025-06-19 05:25:38,2025-06-19,05:25:38,out,0.35,20.1,100.0,20.1,20.112,160.3,0.66
2025-06-19 05:25:54,2025-06-19,05:25:54,in,0.77,1310.8,0.0,20.4,6.295,329.4,0.52
2025-06-19 05:26:41,2025-06-19,05:26:41,out,0.16,20.1,100.0,20.1,20.112,176.6,0.49
2025-06-19 05:26:58,2025-06-19,05:26:58,in,0.77,1310.8,0.0,20.5,6.337,329.4,0.52
2025-06-19 05:27:44,2025-06-19,05:27:44,out,0.37,20.1,100.0,20.1,20.112,161.8,0.55
2025-06-19 05:28:01,2025-06-19,05:28:01,in,0.77,1310.8,0.0,20.5,6.337,329.4,0.52
2025-06-19 05:28:48,2025-06-19,05:28:48,out,0.37,20.1,100.0,20.1,20.112,114.6,0.54
2025-06-19 05:29:04,2025-06-19,05:29:04,in,0.77,1310.8,0.0,20.5,6.337,329.4,0.52
2025-06-19 05:29:52,2025-06-19,05:29:52,out,0.33,20.1,100.0,20.1,20.112,136.8,0.58
2025-06-19 05:30:08,2025-06-19,05:30:08,in,0.77,1310.8,0.0,20.4,6.295,329.4,0.52
2025-06-19 05:30:55,2025-06-19,05:30:55,out,0.46,20.1,100.0,20.1,20.112,140.1,0.62
2025-06-19 05:31:11,2025-06-19,05:31:11,in,0.77,1310.8,0.0,20.4,6.295,329.4,0.52
2025-06-19 05:31:58,2025-06-19,05:31:58,out,0.76,20.1,100.0,20.1,20.112,140.2,0.8
2025-06-19 05:32:15,2025-06-19,05:32:15,in,0.77,1310.8,0.0,20.4,6.295,329.4,0.52
2025-06-19 05:33:02,2025-06-19,05:33:02,out,0.65,20.1,100.0,20.1,20.112,149.9,0.82
2025-06-19 05:33:18,2025-06-19,05:33:18,in,0.77,1310.8,0.0,20.4,6.295,329.4,0.52
2025-06-19 05:34:06,2025-06-19,05:34:06,out,0.6,20.1,100.0,20.1,20.112,136.4,0.78
2025-06-19 05:34:22,2025-06-19,05:34:22,in,0.77,1310.8,0.0,20.4,6.295,329.4,0.52
2025-06-19 05:35:09,2025-06-19,05:35:09,out,0.65,20.1,100.0,20.1,20.112,137.9,0.85
2025-06-19 05:35:26,2025-06-19,05:35:26,in,0.77,1310.8,0.0,20.5,6.337,329.4,0.52
2025-06-19 05:36:12,2025-06-19,05:36:12,out,0.69,20.1,100.0,20.1,20.112,133.6,0.76
2025-06-19 05:36:29,2025-06-19,05:36:29,in,0.77,1310.8,0.0,20.5,6.337,329.4,0.52
2025-06-19 05:37:16,2025-06-19,05:37:16,out,0.24,20.2,100.0,20.2,20.213,153.8,0.55
2025-06-19 05:37:32,2025-06-19,05:37:32,in,0.77,1310.8,0.0,20.5,6.337,329.4,0.52
2025-06-19 05:38:20,2025-06-19,05:38:20,out,0.27,20.1,100.0,20.1,20.112,229.9,0.39
2025-06-19 05:38:36,2025-06-19,05:38:36,in,0.77,1310.8,0.0,20.5,6.337,329.4,0.52
2025-06-19 05:39:23,2025-06-19,05:39:23,out,0.15,20.1,100.0,20.1,20.112,241.1,0.32
2025-06-19 05:39:40,2025-06-19,05:39:40,in,0.77,1310.8,0.0,20.6,6.378,329.4,0.52
2025-06-19 05:40:26,2025-06-19,05:40:26,out,0.2,20.1,100.0,20.1,20.112,280.6,0.29
2025-06-19 05:40:43,2025-06-19,05:40:43,in,0.77,1310.8,0.0,20.6,6.378,329.4,0.52
2025-06-19 05:41:30,2025-06-19,05:41:30,out,0.35,20.1,100.0,20.1,20.112,334.0,0.39
2025-06-19 05:41:46,2025-06-19,05:41:46,in,0.77,1310.8,0.0,20.6,6.378,329.4,0.52
2025-06-19 05:42:34,2025-06-19,05:42:34,out,0.86,20.1,100.0,20.1,20.112,356.7,0.91
2025-06-19 05:42:50,2025-06-19,05:42:50,in,0.77,1310.8,0.0,20.5,6.337,329.4,0.52
2025-06-19 05:43:37,2025-06-19,05:43:37,out,0.99,20.0,100.0,20.0,20.012,8.6,1.23
2025-06-19 05:43:54,2025-06-19,05:43:54,in,0.77,1310.8,0.0,20.4,6.295,329.4,0.52
2025-06-19 05:44:40,2025-06-19,05:44:40,out,0.48,19.9,100.0,19.9,19.911,26.7,0.91
2025-06-19 05:44:57,2025-06-19,05:44:57,in,0.77,1310.8,0.0,20.3,6.253,329.4,0.52
2025-06-19 05:45:44,2025-06-19,05:45:44,out,0.71,19.9,100.0,19.9,19.911,65.0,0.86
2025-06-19 05:46:00,2025-06-19,05:46:00,in,0.77,1310.8,0.0,20.2,6.212,329.4,0.52
2025-06-19 05:46:48,2025-06-19,05:46:48,out,1.15,19.9,100.0,19.9,19.911,78.7,1.24
2025-06-19 05:47:04,2025-06-19,05:47:04,in,0.77,1310.8,0.0,20.2,6.212,329.4,0.52
2025-06-19 05:47:51,2025-06-19,05:47:51,out,1.34,19.8,100.0,19.8,19.81,77.5,1.38
2025-06-19 05:48:08,2025-06-19,05:48:08,in,0.77,1310.8,0.0,20.0,6.129,329.4,0.52
2025-06-19 05:48:54,2025-06-19,05:48:54,out,0.99,19.8,100.0,19.8,19.81,82.7,1.41
2025-06-19 05:49:11,2025-06-19,05:49:11,in,0.77,1310.8,0.0,19.9,6.087,329.4,0.52
2025-06-19 05:49:58,2025-06-19,05:49:58,out,0.95,19.7,100.0,19.7,19.709,86.7,1.21
2025-06-19 05:50:14,2025-06-19,05:50:14,in,0.77,1310.8,0.0,19.9,6.087,329.4,0.52
2025-06-19 05:51:02,2025-06-19,05:51:02,out,0.95,19.7,100.0,19.7,19.709,85.5,1.16
2025-06-19 05:51:18,2025-06-19,05:51:18,in,0.77,1310.8,0.0,19.9,6.087,329.4,0.52
2025-06-19 05:52:05,2025-06-19,05:52:05,out,0.75,19.7,100.0,19.7,19.709,101.2,1.07
2025-06-19 05:52:22,2025-06-19,05:52:22,in,0.77,1310.8,0.0,19.9,6.087,329.4,0.52
2025-06-19 05:53:08,2025-06-19,05:53:08,out,0.81,19.8,100.0,19.8,19.81,108.1,1.26
2025-06-19 05:53:25,2025-06-19,05:53:25,in,0.77,1310.8,0.0,19.8,6.046,329.4,0.52
2025-06-19 05:54:12,2025-06-19,05:54:12,out,0.88,19.8,100.0,19.8,19.81,112.7,1.03
2025-06-19 05:54:28,2025-06-19,05:54:28,in,0.77,1310.8,0.0,19.9,6.087,329.4,0.52
2025-06-19 05:55:16,2025-06-19,05:55:16,out,0.71,19.9,100.0,19.9,19.911,122.6,1.04
2025-06-19 05:55:32,2025-06-19,05:55:32,in,0.77,1310.8,0.0,19.9,6.087,329.4,0.52
2025-06-19 05:56:19,2025-06-19,05:56:19,out,0.78,20.0,100.0,20.0,20.012,130.6,0.99
2025-06-19 05:56:36,2025-06-19,05:56:36,in,0.77,1310.8,0.0,20.0,6.129,329.4,0.52
2025-06-19 05:57:22,2025-06-19,05:57:22,out,1.0,20.0,100.0,20.0,20.012,131.5,1.17
2025-06-19 05:57:39,2025-06-19,05:57:39,in,0.77,1310.8,0.0,20.1,6.17,329.4,0.52
2025-06-19 05:58:26,2025-06-19,05:58:26,out,0.83,20.1,100.0,20.1,20.112,117.3,1.19
2025-06-19 05:58:42,2025-06-19,05:58:42,in,0.77,1310.8,0.0,20.2,6.212,329.4,0.52
2025-06-19 05:59:30,2025-06-19,05:59:30,out,1.37,20.2,100.0,20.2,20.213,121.0,1.48
2025-06-19 05:59:46,2025-06-19,05:59:46,in,0.77,1310.8,0.0,20.3,6.253,329.4,0.52
2025-06-19 06:00:33,2025-06-19,06:00:33,out,0.96,20.2,100.0,20.2,20.213,111.9,1.24
2025-06-19 06:00:50,2025-06-19,06:00:50,in,0.77,1310.8,0.0,20.3,6.253,329.4,0.52
2025-06-19 06:01:36,2025-06-19,06:01:36,out,0.86,20.1,100.0,20.2,20.213,105.4,1.26
2025-06-19 06:02:21,2025-06-19,06:02:21,in,0.77,1310.8,0.0,20.3,6.253,329.4,0.52
2025-06-19 06:02:40,2025-06-19,06:02:40,out,1.13,20.1,100.0,20.1,20.112,120.2,1.49
2025-06-19 06:03:23,2025-06-19,06:03:23,in,0.77,1310.8,0.0,20.4,6.295,329.4,0.52
2025-06-19 06:03:44,2025-06-19,06:03:44,out,0.77,20.2,100.0,20.2,20.213,119.0,1.42
2025-06-19 06:04:26,2025-06-19,06:04:26,in,0.77,1310.8,0.0,20.4,6.295,329.4,0.52
2025-06-19 06:04:47,2025-06-19,06:04:47,out,0.86,20.2,100.0,20.2,20.213,104.0,1.02
2025-06-19 06:05:30,2025-06-19,06:05:30,in,0.77,1310.8,0.0,20.4,6.295,329.4,0.52
2025-06-19 06:05:50,2025-06-19,06:05:50,out,0.74,20.2,100.0,20.2,20.213,121.0,0.93
2025-06-19 06:06:34,2025-06-19,06:06:34,in,0.77,1310.8,0.0,20.4,6.295,329.4,0.52
2025-06-19 06:06:54,2025-06-19,06:06:54,out,0.62,20.2,100.0,20.2,20.213,112.1,0.73
2025-06-19 06:07:37,2025-06-19,06:07:37,in,0.77,1310.8,0.0,20.5,6.337,329.4,0.52
2025-06-19 06:07:58,2025-06-19,06:07:58,out,0.72,20.2,100.0,20.2,20.213,121.0,0.8
2025-06-19 06:08:40,2025-06-19,06:08:40,in,0.77,1310.8,0.0,20.5,6.337,329.4,0.52
2025-06-19 06:09:01,2025-06-19,06:09:01,out,0.61,20.2,100.0,20.2,20.213,118.7,0.89
2025-06-19 06:09:44,2025-06-19,06:09:44,in,0.77,1310.8,0.0,20.5,6.337,329.4,0.52
2025-06-19 06:10:04,2025-06-19,06:10:04,out,0.8,20.2,100.0,20.2,20.213,118.7,0.88
2025-06-19 06:10:48,2025-06-19,06:10:48,in,0.77,1310.8,0.0,20.5,6.337,329.4,0.52
2025-06-19 06:11:08,2025-06-19,06:11:08,out,0.71,20.2,100.0,20.2,20.213,112.2,0.85
2025-06-19 06:11:51,2025-06-19,06:11:51,in,0.77,1310.8,0.0,20.6,6.378,329.4,0.52
2025-06-19 06:12:12,2025-06-19,06:12:12,out,0.87,20.2,100.0,20.2,20.213,115.8,1.01
2025-06-19 06:12:54,2025-06-19,06:12:54,in,0.77,1310.8,0.0,20.6,6.378,329.4,0.52
2025-06-19 06:13:15,2025-06-19,06:13:15,out,0.72,20.3,100.0,20.3,20.314,120.6,1.02
2025-06-19 06:13:58,2025-06-19,06:13:58,in,0.77,1310.8,0.0,20.6,6.378,329.4,0.52
2025-06-19 06:14:18,2025-06-19,06:14:18,out,0.77,20.3,100.0,20.3,20.314,130.6,1.06
2025-06-19 06:15:02,2025-06-19,06:15:02,in,0.77,1310.8,0.0,20.6,6.378,329.4,0.52
2025-06-19 06:15:22,2025-06-19,06:15:22,out,0.71,20.3,100.0,20.3,20.314,108.6,0.98
2025-06-19 06:16:05,2025-06-19,06:16:05,in,0.77,1310.8,0.0,20.6,6.378,329.4,0.52
2025-06-19 06:16:26,2025-06-19,06:16:26,out,0.73,20.3,100.0,20.3,20.314,107.2,0.85
2025-06-19 06:17:08,2025-06-19,06:17:08,in,0.77,1310.8,0.0,20.6,6.378,329.4,0.52
2025-06-19 06:17:29,2025-06-19,06:17:29,out,0.49,20.3,100.0,20.3,20.314,64.4,0.97
2025-06-19 06:18:12,2025-06-19,06:18:12,in,0.77,1310.8,0.0,20.6,6.378,329.4,0.52
2025-06-19 06:18:32,2025-06-19,06:18:32,out,0.77,20.3,100.0,20.3,20.314,87.3,0.9
2025-06-19 06:19:16,2025-06-19,06:19:16,in,0.77,1310.8,0.0,20.6,6.378,329.4,0.52
2025-06-19 06:19:36,2025-06-19,06:19:36,out,0.41,20.3,100.0,20.3,20.314,49.9,0.63
2025-06-19 06:20:19,2025-06-19,06:20:19,in,0.77,1310.8,0.0,20.6,6.378,329.4,0.52
2025-06-19 06:20:40,2025-06-19,06:20:40,out,0.7,20.3,100.0,20.3,20.314,52.6,0.81
2025-06-19 06:21:22,2025-06-19,06:21:22,in,0.77,1310.8,0.0,20.6,6.378,329.4,0.52
2025-06-19 06:21:43,2025-06-19,06:21:43,out,0.42,20.3,100.0,20.3,20.314,71.5,0.72
2025-06-19 06:22:26,2025-06-19,06:22:26,in,0.77,1310.8,0.0,20.6,6.378,329.4,0.52
2025-06-19 06:22:46,2025-06-19,06:22:46,out,0.42,20.3,100.0,20.3,20.314,49.3,0.79
2025-06-19 06:23:30,2025-06-19,06:23:30,in,0.77,1310.8,0.0,20.6,6.378,329.4,0.52
2025-06-19 06:23:50,2025-06-19,06:23:50,out,0.59,20.3,100.0,20.3,20.314,38.2,0.8
2025-06-19 06:24:34,2025-06-19,06:24:34,in,0.77,1310.8,0.0,20.5,6.337,329.4,0.52
2025-06-19 06:24:54,2025-06-19,06:24:54,out,0.83,20.3,100.0,20.3,20.314,56.1,0.93
2025-06-19 06:25:37,2025-06-19,06:25:37,in,0.77,1310.8,0.0,20.5,6.337,329.4,0.52
2025-06-19 06:25:57,2025-06-19,06:25:57,out,0.96,20.2,100.0,20.2,20.213,70.6,1.17
2025-06-19 06:26:40,2025-06-19,06:26:40,in,0.77,1310.8,0.0,20.5,6.337,329.4,0.52
2025-06-19 06:27:01,2025-06-19,06:27:01,out,0.8,20.2,100.0,20.2,20.213,60.5,1.11
2025-06-19 06:27:44,2025-06-19,06:27:44,in,0.77,1310.8,0.0,20.5,6.337,329.4,0.52
2025-06-19 06:28:04,2025-06-19,06:28:04,out,0.69,20.2,100.0,20.2,20.213,75.4,1.2
2025-06-19 06:28:48,2025-06-19,06:28:48,in,0.77,1310.8,0.0,20.5,6.337,329.4,0.52
2025-06-19 06:29:08,2025-06-19,06:29:08,out,0.54,20.2,100.0,20.2,20.213,87.6,0.94
2025-06-19 06:29:52,2025-06-19,06:29:52,in,0.52,,,1310.8,,20.5,0.0
2025-06-19 06:30:12,2025-06-19,06:30:12,out,0.46,20.2,100.0,20.2,20.213,103.5,0.91
2025-06-19 06:30:54,2025-06-19,06:30:54,in,0.77,1310.8,0.0,20.5,6.337,329.4,0.52
2025-06-19 06:31:14,2025-06-19,06:31:14,out,0.57,20.2,100.0,20.2,20.213,104.9,0.99
2025-06-19 06:31:58,2025-06-19,06:31:58,in,0.77,1310.8,0.0,20.5,6.337,329.4,0.52
2025-06-19 06:32:18,2025-06-19,06:32:18,out,0.67,20.2,100.0,20.2,20.213,101.5,0.93
2025-06-19 06:33:02,2025-06-19,06:33:02,in,0.77,1310.8,0.0,20.6,6.378,329.4,0.52
2025-06-19 06:33:22,2025-06-19,06:33:22,out,0.46,20.3,100.0,20.3,20.314,104.1,0.95
2025-06-19 06:34:05,2025-06-19,06:34:05,in,0.77,1310.8,0.0,20.6,6.378,329.4,0.52
2025-06-19 06:34:26,2025-06-19,06:34:26,out,0.48,20.3,100.0,20.3,20.314,143.3,0.79
2025-06-19 06:35:08,2025-06-19,06:35:08,in,0.77,1310.8,0.0,20.6,6.378,329.4,0.52
2025-06-19 06:35:29,2025-06-19,06:35:29,out,0.6,20.3,100.0,20.3,20.314,123.7,0.78
2025-06-19 06:36:12,2025-06-19,06:36:12,in,0.77,1310.8,0.0,20.7,6.42,329.4,0.52
2025-06-19 06:36:32,2025-06-19,06:36:32,out,0.38,20.3,100.0,20.3,20.314,92.5,0.59
2025-06-19 06:37:16,2025-06-19,06:37:16,in,0.77,1310.8,0.0,20.7,6.42,329.4,0.52
2025-06-19 06:37:36,2025-06-19,06:37:36,out,0.58,20.4,100.0,20.4,20.414,134.5,0.74
2025-06-19 06:38:19,2025-06-19,06:38:19,in,0.77,1310.8,0.0,20.8,6.461,329.4,0.52
2025-06-19 06:38:40,2025-06-19,06:38:40,out,0.43,20.4,100.0,20.4,20.414,106.7,0.82
2025-06-19 06:39:22,2025-06-19,06:39:22,in,0.77,1310.8,0.0,20.8,6.461,329.4,0.52
2025-06-19 06:39:43,2025-06-19,06:39:43,out,0.37,20.5,100.0,20.5,20.515,112.4,0.89
2025-06-19 06:40:26,2025-06-19,06:40:26,in,0.77,1310.8,0.0,20.9,6.503,329.4,0.52
2025-06-19 06:40:46,2025-06-19,06:40:46,out,0.33,20.5,100.0,20.5,20.515,70.4,0.65
2025-06-19 06:41:30,2025-06-19,06:41:30,in,0.77,1310.8,0.0,20.9,6.503,329.4,0.52
2025-06-19 06:41:50,2025-06-19,06:41:50,out,0.65,20.5,100.0,20.5,20.515,70.2,0.71
2025-06-19 06:42:33,2025-06-19,06:42:33,in,0.77,1310.8,0.0,20.9,6.503,329.4,0.52
2025-06-19 06:42:54,2025-06-19,06:42:54,out,0.72,20.6,100.0,20.6,20.616,71.0,0.89
2025-06-19 06:43:36,2025-06-19,06:43:36,in,0.77,1310.8,0.0,21.0,6.544,329.4,0.52
2025-06-19 06:43:57,2025-06-19,06:43:57,out,0.42,20.7,100.0,20.7,20.717,75.1,0.86
2025-06-19 06:44:40,2025-06-19,06:44:40,in,0.77,1310.8,0.0,21.1,6.586,329.4,0.52
2025-06-19 06:45:00,2025-06-19,06:45:00,out,0.55,20.7,100.0,20.7,20.717,62.3,0.93
2025-06-19 06:45:44,2025-06-19,06:45:44,in,0.77,1310.8,0.0,21.1,6.586,329.4,0.52
2025-06-19 06:46:04,2025-06-19,06:46:04,out,1.0,20.8,100.0,20.8,20.817,80.5,1.19
2025-06-19 06:46:47,2025-06-19,06:46:47,in,0.77,1310.8,0.0,21.1,6.586,329.4,0.52
2025-06-19 06:47:08,2025-06-19,06:47:08,out,0.46,20.8,100.0,20.8,20.817,76.0,0.99
2025-06-19 06:47:50,2025-06-19,06:47:50,in,0.77,1310.8,0.0,21.2,6.627,329.4,0.52
2025-06-19 06:48:11,2025-06-19,06:48:11,out,0.53,20.9,100.0,20.9,20.918,94.5,0.78
2025-06-19 06:48:54,2025-06-19,06:48:54,in,0.77,1310.8,0.0,21.2,6.627,329.4,0.52
2025-06-19 06:49:14,2025-06-19,06:49:14,out,0.69,20.9,100.0,20.9,20.918,128.0,0.82
2025-06-19 06:49:58,2025-06-19,06:49:58,in,0.77,1310.8,0.0,21.2,6.627,329.4,0.52
2025-06-19 06:50:18,2025-06-19,06:50:18,out,0.54,21.0,100.0,21.0,21.019,91.2,0.93
2025-06-19 06:51:01,2025-06-19,06:51:01,in,0.77,1310.8,0.0,21.3,6.669,329.4,0.52
2025-06-19 06:51:22,2025-06-19,06:51:22,out,0.72,21.0,100.0,21.0,21.019,116.7,1.03
2025-06-19 06:52:05,2025-06-19,06:52:05,in,0.77,1310.8,0.0,21.4,6.71,329.4,0.52
2025-06-19 06:52:25,2025-06-19,06:52:25,out,0.67,21.1,100.0,21.1,21.119,88.4,0.77
2025-06-19 06:53:08,2025-06-19,06:53:08,in,0.77,1310.8,0.0,21.4,6.71,329.4,0.52
2025-06-19 06:53:28,2025-06-19,06:53:28,out,0.48,21.1,100.0,21.1,21.119,117.4,0.66
2025-06-19 06:54:12,2025-06-19,06:54:12,in,0.77,1310.8,0.0,21.5,6.752,329.4,0.52
2025-06-19 06:54:32,2025-06-19,06:54:32,out,1.07,21.2,100.0,21.2,21.22,98.0,1.42
2025-06-19 06:55:16,2025-06-19,06:55:16,in,0.77,1310.8,0.0,21.6,6.793,329.4,0.52
2025-06-19 06:55:36,2025-06-19,06:55:36,out,0.77,21.2,100.0,21.2,21.22,97.1,1.36
2025-06-19 06:56:19,2025-06-19,06:56:19,in,0.77,1310.8,0.0,21.6,6.793,329.4,0.52
2025-06-19 06:56:39,2025-06-19,06:56:39,out,0.62,21.3,100.0,21.3,21.321,98.2,1.24
2025-06-19 06:57:22,2025-06-19,06:57:22,in,0.77,1310.8,0.0,21.7,6.835,329.4,0.52
2025-06-19 06:57:42,2025-06-19,06:57:42,out,1.17,21.3,100.0,21.3,21.321,105.8,1.4
2025-06-19 06:58:26,2025-06-19,06:58:26,in,0.77,1310.8,0.0,21.7,6.835,329.4,0.52
2025-06-19 06:58:46,2025-06-19,06:58:46,out,1.03,21.4,100.0,21.4,21.422,66.7,1.17
2025-06-19 06:59:30,2025-06-19,06:59:30,in,0.77,1310.8,0.0,21.8,6.876,329.4,0.52
2025-06-19 06:59:50,2025-06-19,06:59:50,out,1.25,21.4,100.0,21.4,21.422,93.6,1.59
2025-06-19 07:00:33,2025-06-19,07:00:33,in,0.77,1310.8,0.0,21.8,6.876,329.4,0.52
2025-06-19 07:00:53,2025-06-19,07:00:53,out,0.67,21.5,100.0,21.5,21.522,43.6,1.41
2025-06-19 07:01:36,2025-06-19,07:01:36,in,0.77,1310.8,0.0,21.8,6.876,329.4,0.52
2025-06-19 07:01:56,2025-06-19,07:01:56,out,1.26,21.5,100.0,21.5,21.522,49.2,1.58
2025-06-19 07:02:40,2025-06-19,07:02:40,in,0.77,1310.8,0.0,21.9,6.918,329.4,0.52
2025-06-19 07:03:00,2025-06-19,07:03:00,out,1.18,21.5,100.0,21.5,21.522,84.4,1.72
2025-06-19 07:03:44,2025-06-19,07:03:44,in,0.77,1310.8,0.0,21.9,6.918,329.4,0.52
2025-06-19 07:04:04,2025-06-19,07:04:04,out,0.66,21.6,100.0,21.6,21.623,95.9,1.59
2025-06-19 07:04:47,2025-06-19,07:04:47,in,0.77,1310.8,0.0,22.0,6.959,329.4,0.52
2025-06-19 07:05:07,2025-06-19,07:05:07,out,1.87,21.6,100.0,21.6,21.623,52.2,1.98
2025-06-19 07:05:50,2025-06-19,07:05:50,in,0.77,1310.8,0.0,22.0,6.959,329.4,0.52
2025-06-19 07:06:10,2025-06-19,07:06:10,out,0.93,21.6,100.0,21.6,21.623,114.7,1.87
2025-06-19 07:06:54,2025-06-19,07:06:54,in,0.77,1310.8,0.0,22.0,6.959,329.4,0.52
2025-06-19 07:07:14,2025-06-19,07:07:14,out,0.98,21.7,100.0,21.7,21.724,105.9,1.41
2025-06-19 07:07:58,2025-06-19,07:07:58,in,0.77,1310.8,0.0,22.1,7.001,329.4,0.52
2025-06-19 07:08:18,2025-06-19,07:08:18,out,0.96,21.7,100.0,21.7,21.724,48.5,1.11
2025-06-19 07:09:01,2025-06-19,07:09:01,in,0.77,1310.8,0.0,22.1,7.001,329.4,0.52
2025-06-19 07:09:21,2025-06-19,07:09:21,out,1.52,21.8,100.0,21.8,21.824,70.9,1.61
2025-06-19 07:10:04,2025-06-19,07:10:04,in,0.77,1310.8,0.0,22.1,7.001,329.4,0.52
2025-06-19 07:10:24,2025-06-19,07:10:24,out,1.59,21.7,100.0,21.7,21.724,59.0,2.03
2025-06-19 07:11:08,2025-06-19,07:11:08,in,0.77,1310.8,0.0,22.1,7.001,329.4,0.52
2025-06-19 07:11:28,2025-06-19,07:11:28,out,0.86,21.8,100.0,21.8,21.824,31.3,1.72
2025-06-19 07:12:12,2025-06-19,07:12:12,in,0.77,1310.8,0.0,22.2,7.042,329.4,0.52
2025-06-19 07:12:32,2025-06-19,07:12:32,out,1.55,21.8,100.0,21.8,21.824,59.0,1.93
2025-06-19 07:13:15,2025-06-19,07:13:15,in,0.77,1310.8,0.0,22.2,7.042,329.4,0.52
2025-06-19 07:14:04,2025-06-19,07:14:04,out,0.74,21.8,100.0,21.8,21.824,71.2,1.09
2025-06-19 07:14:18,2025-06-19,07:14:18,in,0.77,1310.8,0.0,22.2,7.042,329.4,0.52
2025-06-19 07:15:05,2025-06-19,07:15:05,out,1.28,21.8,100.0,21.8,21.824,78.4,1.6
2025-06-19 07:15:22,2025-06-19,07:15:22,in,0.77,1310.8,0.0,22.2,7.042,329.4,0.52
2025-06-19 07:16:08,2025-06-19,07:16:08,out,0.92,21.8,100.0,21.9,21.925,97.0,1.6
2025-06-19 07:16:26,2025-06-19,07:16:26,in,0.77,1310.8,0.0,22.3,7.084,329.4,0.52
2025-06-19 07:17:12,2025-06-19,07:17:12,out,0.91,21.9,100.0,21.9,21.925,81.2,1.19
2025-06-19 07:17:29,2025-06-19,07:17:29,in,0.77,1310.8,0.0,22.3,7.084,329.4,0.52
2025-06-19 07:18:16,2025-06-19,07:18:16,out,1.12,21.9,100.0,21.9,21.925,68.6,1.21
2025-06-19 07:18:32,2025-06-19,07:18:32,in,0.77,1310.8,0.0,22.4,7.125,329.4,0.52
2025-06-19 07:19:19,2025-06-19,07:19:19,out,1.18,22.0,100.0,22.0,22.026,87.8,1.72
2025-06-19 07:19:36,2025-06-19,07:19:36,in,0.77,1310.8,0.0,22.5,7.167,329.4,0.52
2025-06-19 07:20:22,2025-06-19,07:20:22,out,0.92,22.0,100.0,22.0,22.026,56.2,1.6
2025-06-19 07:20:40,2025-06-19,07:20:40,in,0.77,1310.8,0.0,22.5,7.167,329.4,0.52
2025-06-19 07:21:26,2025-06-19,07:21:26,out,1.25,22.0,100.0,22.0,22.026,74.7,1.71
2025-06-19 07:21:43,2025-06-19,07:21:43,in,0.77,1310.8,0.0,22.6,7.209,329.4,0.52
2025-06-19 07:22:30,2025-06-19,07:22:30,out,0.78,22.0,100.0,22.0,22.026,95.0,1.17
2025-06-19 07:22:46,2025-06-19,07:22:46,in,0.77,1310.8,0.0,22.6,7.209,329.4,0.52
2025-06-19 07:23:33,2025-06-19,07:23:33,out,0.73,22.0,100.0,22.0,22.026,106.0,1.47
2025-06-19 07:23:50,2025-06-19,07:23:50,in,0.77,1310.8,0.0,22.6,7.209,329.4,0.52
2025-06-19 07:24:36,2025-06-19,07:24:36,out,1.15,22.1,100.0,22.1,22.127,130.6,1.39
2025-06-19 07:24:54,2025-06-19,07:24:54,in,0.77,1310.8,0.0,22.6,7.209,329.4,0.52
2025-06-19 07:25:40,2025-06-19,07:25:40,out,1.31,22.1,100.0,22.1,22.127,131.0,1.48
2025-06-19 07:25:57,2025-06-19,07:25:57,in,0.77,1310.8,0.0,22.7,7.25,329.4,0.52
2025-06-19 07:26:44,2025-06-19,07:26:44,out,0.54,22.1,100.0,22.1,22.127,110.0,1.61
2025-06-19 07:27:00,2025-06-19,07:27:00,in,0.77,1310.8,0.0,22.7,7.25,329.4,0.52
2025-06-19 07:27:47,2025-06-19,07:27:47,out,1.14,22.1,100.0,22.1,22.127,100.8,1.3
2025-06-19 07:28:04,2025-06-19,07:28:04,in,0.77,1310.8,0.0,22.7,7.25,329.4,0.52
2025-06-19 07:28:50,2025-06-19,07:28:50,out,0.61,22.2,100.0,22.2,22.227,115.2,1.12
2025-06-19 07:29:08,2025-06-19,07:29:08,in,0.77,1310.8,0.0,22.7,7.25,329.4,0.52
2025-06-19 07:29:54,2025-06-19,07:29:54,out,0.38,22.2,100.0,22.2,22.227,103.1,0.72
2025-06-19 07:30:11,2025-06-19,07:30:11,in,0.77,1310.8,0.0,22.7,7.25,329.4,0.52
2025-06-19 07:30:58,2025-06-19,07:30:58,out,1.39,22.3,100.0,22.3,22.328,145.2,1.68
2025-06-19 07:31:14,2025-06-19,07:31:14,in,0.77,1310.8,0.0,22.7,7.25,329.4,0.52
2025-06-19 07:32:01,2025-06-19,07:32:01,out,0.89,22.2,100.0,22.2,22.227,147.6,1.32
2025-06-19 07:32:18,2025-06-19,07:32:18,in,0.77,1310.8,0.0,22.8,7.292,329.4,0.52
2025-06-19 07:33:04,2025-06-19,07:33:04,out,0.83,22.2,100.0,22.2,22.227,129.9,0.99
2025-06-19 07:33:22,2025-06-19,07:33:22,in,0.77,1310.8,0.0,22.9,7.333,329.4,0.52
2025-06-19 07:34:08,2025-06-19,07:34:08,out,0.72,22.2,100.0,22.2,22.227,135.4,1.08
2025-06-19 07:34:25,2025-06-19,07:34:25,in,0.77,1310.8,0.0,22.9,7.333,329.4,0.52
2025-06-19 07:35:12,2025-06-19,07:35:12,out,1.33,22.2,100.0,22.2,22.227,114.4,1.56
2025-06-19 07:35:29,2025-06-19,07:35:29,in,0.77,1310.8,0.0,22.8,7.292,329.4,0.52
2025-06-19 07:36:15,2025-06-19,07:36:15,out,0.57,22.2,100.0,22.2,22.227,99.4,1.22
2025-06-19 07:36:32,2025-06-19,07:36:32,in,0.77,1310.8,0.0,22.8,7.292,329.4,0.52
2025-06-19 07:37:18,2025-06-19,07:37:18,out,0.74,22.2,100.0,22.2,22.227,132.0,1.14
2025-06-19 07:37:36,2025-06-19,07:37:36,in,0.77,1310.8,0.0,22.7,7.25,329.4,0.52
2025-06-19 07:38:22,2025-06-19,07:38:22,out,0.46,22.2,100.0,22.2,22.227,128.5,0.87
2025-06-19 07:38:39,2025-06-19,07:38:39,in,0.77,1310.8,0.0,22.7,7.25,329.4,0.52
2025-06-19 07:39:26,2025-06-19,07:39:26,out,0.59,22.2,100.0,22.2,22.227,156.1,0.86
2025-06-19 07:39:43,2025-06-19,07:39:43,in,0.77,1310.8,0.0,22.7,7.25,329.4,0.52
2025-06-19 07:40:30,2025-06-19,07:40:30,out,0.49,22.2,100.0,22.2,22.227,122.8,0.73
2025-06-19 07:40:46,2025-06-19,07:40:46,in,0.77,1310.8,0.0,22.7,7.25,329.4,0.52
2025-06-19 07:41:33,2025-06-19,07:41:33,out,1.03,22.3,100.0,22.3,22.328,109.7,1.25
2025-06-19 07:41:50,2025-06-19,07:41:50,in,0.77,1310.8,0.0,22.7,7.25,329.4,0.52
2025-06-19 07:42:36,2025-06-19,07:42:36,out,0.96,22.2,100.0,22.2,22.227,114.4,1.34
2025-06-19 07:42:53,2025-06-19,07:42:53,in,0.77,1310.8,0.0,22.8,7.292,329.4,0.52
2025-06-19 07:43:40,2025-06-19,07:43:40,out,0.68,22.2,100.0,22.2,22.227,107.8,0.93
2025-06-19 07:43:56,2025-06-19,07:43:56,in,0.77,1310.8,0.0,22.8,7.292,329.4,0.52
2025-06-19 07:44:44,2025-06-19,07:44:44,out,0.66,22.3,100.0,22.3,22.328,69.4,0.9
2025-06-19 07:45:00,2025-06-19,07:45:00,in,0.77,1310.8,0.0,22.8,7.292,329.4,0.52
2025-06-19 07:45:47,2025-06-19,07:45:47,out,0.67,22.4,100.0,22.4,22.429,57.7,1.13
2025-06-19 07:46:04,2025-06-19,07:46:04,in,0.77,1310.8,0.0,22.8,7.292,329.4,0.52
2025-06-19 07:46:50,2025-06-19,07:46:50,out,1.08,22.4,100.0,22.4,22.429,91.4,1.17
2025-06-19 07:47:07,2025-06-19,07:47:07,in,0.77,1310.8,0.0,22.8,7.292,329.4,0.52
2025-06-19 07:47:54,2025-06-19,07:47:54,out,0.8,,,22.4,,70.4,1.31
2025-06-19 07:48:10,2025-06-19,07:48:10,in,0.77,1310.8,0.0,22.8,7.292,329.4,0.52
2025-06-19 07:48:58,2025-06-19,07:48:58,out,0.56,22.5,100.0,22.5,22.529,50.1,0.79
2025-06-19 07:49:14,2025-06-19,07:49:14,in,0.98,1310.8,0.0,22.8,7.292,324.1,1.42
2025-06-19 07:50:01,2025-06-19,07:50:01,out,0.74,22.5,100.0,22.5,22.529,65.4,0.93
2025-06-19 07:50:18,2025-06-19,07:50:18,in,0.98,1310.8,0.0,22.8,7.292,324.1,1.42
2025-06-19 07:51:04,2025-06-19,07:51:04,out,0.86,22.5,100.0,22.5,22.529,71.1,1.04
2025-06-19 07:51:21,2025-06-19,07:51:21,in,0.98,1310.8,0.0,22.8,7.292,324.1,1.42
2025-06-19 07:52:08,2025-06-19,07:52:08,out,0.39,22.5,100.0,22.5,22.529,54.2,1.3
2025-06-19 07:52:25,2025-06-19,07:52:25,in,0.99,1310.8,0.0,22.9,7.333,325.0,0.66
2025-06-19 07:53:12,2025-06-19,07:53:12,out,1.29,22.5,100.0,22.5,22.529,97.4,1.5
2025-06-19 07:53:28,2025-06-19,07:53:28,in,0.99,1310.8,0.0,23.0,7.374,325.0,0.66
2025-06-19 07:54:15,2025-06-19,07:54:15,out,0.56,22.5,100.0,22.5,22.529,47.7,1.24
2025-06-19 07:54:32,2025-06-19,07:54:32,in,0.99,1310.8,0.0,23.1,7.416,325.0,0.66
2025-06-19 07:55:18,2025-06-19,07:55:18,out,0.86,22.5,100.0,22.5,22.529,73.3,1.35
2025-06-19 07:55:36,2025-06-19,07:55:36,in,0.95,1310.8,0.0,23.0,7.374,325.5,1.88
2025-06-19 07:56:22,2025-06-19,07:56:22,out,1.11,22.5,100.0,22.5,22.529,137.7,1.44
2025-06-19 07:56:39,2025-06-19,07:56:39,in,0.84,1310.8,0.0,23.0,7.374,322.5,0.8
2025-06-19 07:57:26,2025-06-19,07:57:26,out,0.89,22.5,100.0,22.5,22.529,97.1,1.51
2025-06-19 07:57:42,2025-06-19,07:57:42,in,0.71,1310.8,0.0,23.2,7.457,327.5,0.99
2025-06-19 07:58:29,2025-06-19,07:58:29,out,0.98,22.5,100.0,22.5,22.529,113.5,1.22
2025-06-19 07:58:46,2025-06-19,07:58:46,in,1.06,1310.8,0.0,23.2,7.457,326.4,1.32
2025-06-19 07:59:32,2025-06-19,07:59:32,out,1.17,22.6,100.0,22.6,22.63,56.0,1.41
2025-06-19 07:59:50,2025-06-19,07:59:50,in,0.96,1310.8,0.0,23.2,7.457,318.1,1.23
2025-06-19 08:00:36,2025-06-19,08:00:36,out,0.34,22.6,100.0,22.6,22.63,120.2,1.19
2025-06-19 08:00:53,2025-06-19,08:00:53,in,0.85,1310.8,0.0,23.2,7.457,331.2,1.28
2025-06-19 08:01:40,2025-06-19,08:01:40,out,1.68,22.7,100.0,22.7,22.731,114.0,1.98
2025-06-19 08:01:56,2025-06-19,08:01:56,in,0.86,1310.8,0.0,23.3,7.499,330.3,1.79
2025-06-19 08:02:43,2025-06-19,08:02:43,out,1.78,22.6,100.0,22.6,22.63,89.4,2.29
2025-06-19 08:03:00,2025-06-19,08:03:00,in,0.8,1310.8,0.0,23.4,7.54,333.0,1.4
2025-06-19 08:03:46,2025-06-19,08:03:46,out,0.95,22.6,100.0,22.6,22.63,89.9,1.91
2025-06-19 08:04:04,2025-06-19,08:04:04,in,1.29,1310.8,0.0,23.4,7.54,325.8,1.66
2025-06-19 08:04:50,2025-06-19,08:04:50,out,1.28,22.6,100.0,22.6,22.63,41.2,1.96
2025-06-19 08:05:07,2025-06-19,08:05:07,in,0.99,1310.8,0.0,23.4,7.54,320.5,1.45
2025-06-19 08:05:54,2025-06-19,08:05:54,out,1.18,22.6,100.0,22.6,22.63,19.7,1.62
2025-06-19 08:06:10,2025-06-19,08:06:10,in,0.58,1310.8,0.0,23.3,7.499,329.4,2.12
2025-06-19 08:06:57,2025-06-19,08:06:57,out,0.79,22.6,100.0,22.6,22.63,116.5,1.01
2025-06-19 08:07:14,2025-06-19,08:07:14,in,1.48,1310.8,0.0,23.4,7.54,325.3,1.93
2025-06-19 08:08:00,2025-06-19,08:08:00,out,1.1,22.7,100.0,22.7,22.731,103.1,1.27
2025-06-19 08:08:18,2025-06-19,08:08:18,in,0.83,1310.8,0.0,23.3,7.499,323.4,1.75
2025-06-19 08:09:04,2025-06-19,08:09:04,out,0.93,22.7,100.0,22.7,22.731,102.0,1.24
2025-06-19 08:09:21,2025-06-19,08:09:21,in,1.64,1310.8,0.0,23.3,7.499,321.4,2.12
2025-06-19 08:10:08,2025-06-19,08:10:08,out,0.77,22.7,100.0,22.7,22.731,149.3,1.04
2025-06-19 08:10:24,2025-06-19,08:10:24,in,1.27,1310.8,0.0,23.3,7.499,322.8,1.6
2025-06-19 08:11:11,2025-06-19,08:11:11,out,0.55,22.7,100.0,22.7,22.731,151.9,1.27
2025-06-19 08:11:28,2025-06-19,08:11:28,in,1.09,1310.8,0.0,23.4,7.54,325.3,2.2
2025-06-19 08:12:14,2025-06-19,08:12:14,out,0.9,22.7,100.0,22.7,22.731,108.8,1.41
2025-06-19 08:12:32,2025-06-19,08:12:32,in,1.47,1310.8,0.0,23.4,7.54,324.7,1.61
2025-06-19 08:13:18,2025-06-19,08:13:18,out,0.66,22.7,100.0,22.7,22.731,92.3,1.05
2025-06-19 08:13:35,2025-06-19,08:13:35,in,1.36,1310.8,0.0,23.4,7.54,317.6,2.07
2025-06-19 08:14:22,2025-06-19,08:14:22,out,0.34,22.8,100.0,22.8,22.832,131.6,0.9
2025-06-19 08:14:38,2025-06-19,08:14:38,in,0.77,1310.8,0.0,23.3,7.499,313.7,1.7
2025-06-19 08:15:25,2025-06-19,08:15:25,out,0.5,22.9,100.0,22.9,22.932,252.9,0.64
2025-06-19 08:15:42,2025-06-19,08:15:42,in,1.06,1310.8,0.0,23.4,7.54,319.5,1.59
2025-06-19 08:16:28,2025-06-19,08:16:28,out,1.24,22.9,100.0,22.9,22.932,195.1,1.4
2025-06-19 08:16:46,2025-06-19,08:16:46,in,0.84,1310.8,0.0,23.5,7.582,313.6,1.72
2025-06-19 08:17:32,2025-06-19,08:17:32,out,0.6,22.8,100.0,22.8,22.832,210.4,1.4
2025-06-19 08:17:49,2025-06-19,08:17:49,in,0.74,1310.8,0.0,23.5,7.582,340.7,1.69
2025-06-19 08:18:36,2025-06-19,08:18:36,out,0.17,22.9,100.0,22.9,22.932,200.5,0.58
2025-06-19 08:18:52,2025-06-19,08:18:52,in,0.7,1310.8,0.0,23.5,7.582,351.1,1.77
2025-06-19 08:19:39,2025-06-19,08:19:39,out,0.75,23.0,100.0,23.0,23.033,278.8,0.85
2025-06-19 08:19:56,2025-06-19,08:19:56,in,0.91,1310.8,0.0,23.4,7.54,322.7,1.71
2025-06-19 08:20:42,2025-06-19,08:20:42,out,0.39,23.0,100.0,23.0,23.033,164.6,1.47
2025-06-19 08:21:00,2025-06-19,08:21:00,in,0.6,1310.8,0.0,23.5,7.582,330.1,1.42
2025-06-19 08:21:46,2025-06-19,08:21:46,out,0.97,23.1,100.0,23.0,23.033,195.2,1.53
2025-06-19 08:22:03,2025-06-19,08:22:03,in,0.88,1310.8,0.0,23.5,7.582,329.8,1.43
2025-06-19 08:22:50,2025-06-19,08:22:50,out,0.26,23.0,100.0,23.0,23.033,285.4,1.17
2025-06-19 08:23:06,2025-06-19,08:23:06,in,0.92,1310.8,0.0,23.5,7.582,340.6,1.86
2025-06-19 08:23:53,2025-06-19,08:23:53,out,0.99,23.0,100.0,23.0,23.033,218.8,1.26
2025-06-19 08:24:10,2025-06-19,08:24:10,in,1.14,1310.8,0.0,23.5,7.582,316.5,1.96
2025-06-19 08:24:56,2025-06-19,08:24:56,out,1.03,22.9,100.0,22.9,22.932,228.0,1.48
2025-06-19 08:25:14,2025-06-19,08:25:14,in,0.89,1310.8,0.0,23.5,7.582,327.1,1.46
2025-06-19 08:26:00,2025-06-19,08:26:00,out,0.83,22.8,100.0,22.8,22.832,206.3,1.31
2025-06-19 08:26:17,2025-06-19,08:26:17,in,1.04,1310.8,0.0,23.5,7.582,325.7,1.59
2025-06-19 08:27:04,2025-06-19,08:27:04,out,0.6,22.8,100.0,22.8,22.832,231.2,0.87
2025-06-19 08:27:20,2025-06-19,08:27:20,in,1.05,1310.8,0.0,23.5,7.582,329.6,1.48
2025-06-19 08:28:07,2025-06-19,08:28:07,out,0.4,22.8,100.0,22.8,22.832,263.3,0.69
2025-06-19 08:28:24,2025-06-19,08:28:24,in,1.33,1310.8,0.0,23.6,7.623,322.2,1.83
2025-06-19 08:29:10,2025-06-19,08:29:10,out,0.28,23.0,100.0,23.0,23.033,260.8,0.46
2025-06-19 08:29:28,2025-06-19,08:29:28,in,1.39,1310.8,0.0,23.6,7.623,330.5,1.92
2025-06-19 08:30:14,2025-06-19,08:30:14,out,0.27,23.1,100.0,23.1,23.134,259.2,0.42
2025-06-19 08:30:31,2025-06-19,08:30:31,in,1.12,1310.8,0.0,23.6,7.623,324.1,2.42
2025-06-19 08:31:18,2025-06-19,08:31:18,out,0.49,23.2,100.0,23.2,23.234,106.5,0.6
2025-06-19 08:31:34,2025-06-19,08:31:34,in,1.33,1310.8,0.0,23.6,7.623,322.8,1.95
2025-06-19 08:32:21,2025-06-19,08:32:21,out,0.22,23.3,100.0,23.3,23.335,325.2,0.76
2025-06-19 08:32:38,2025-06-19,08:32:38,in,0.6,1310.8,0.0,23.6,7.623,316.9,1.59
2025-06-19 08:33:24,2025-06-19,08:33:24,out,1.03,23.4,100.0,23.4,23.436,216.8,1.2
2025-06-19 08:33:42,2025-06-19,08:33:42,in,0.91,1310.8,0.0,23.6,7.623,320.7,1.33
2025-06-19 08:34:28,2025-06-19,08:34:28,out,0.14,23.4,100.0,23.4,23.436,327.8,1.39
2025-06-19 08:34:46,2025-06-19,08:34:46,in,1.26,1310.8,0.0,23.7,7.665,310.3,2.11
2025-06-19 08:35:32,2025-06-19,08:35:32,out,0.68,23.5,100.0,23.5,23.537,256.7,0.87
2025-06-19 08:35:49,2025-06-19,08:35:49,in,1.21,1310.8,0.0,23.7,7.665,321.7,2.43
2025-06-19 08:36:36,2025-06-19,08:36:36,out,0.88,23.5,100.0,23.5,23.537,212.2,1.02
2025-06-19 08:36:52,2025-06-19,08:36:52,in,0.79,1310.8,0.0,23.7,7.665,322.5,1.55
2025-06-19 08:37:38,2025-06-19,08:37:38,out,1.35,,,23.3,,212.3,1.63
2025-06-19 08:37:56,2025-06-19,08:37:56,in,0.99,1310.8,0.0,23.8,7.706,318.0,1.65
2025-06-19 08:38:42,2025-06-19,08:38:42,out,1.67,23.2,100.0,23.2,23.234,204.0,2.24
2025-06-19 08:39:00,2025-06-19,08:39:00,in,1.03,1310.8,0.0,23.9,7.748,314.2,1.8
2025-06-19 08:39:46,2025-06-19,08:39:46,out,1.71,23.0,100.0,23.0,23.033,203.3,2.52
2025-06-19 08:40:02,2025-06-19,08:40:02,in,1.18,1310.8,0.0,23.9,7.748,315.8,2.08
2025-06-19 08:40:50,2025-06-19,08:40:50,out,0.86,22.9,100.0,22.9,22.932,264.6,2.37
2025-06-19 08:41:06,2025-06-19,08:41:06,in,0.81,1310.8,0.0,24.0,7.789,323.3,1.55
2025-06-19 08:41:52,2025-06-19,08:41:52,out,1.42,23.0,100.0,23.0,23.033,232.0,1.6
2025-06-19 08:42:10,2025-06-19,08:42:10,in,1.21,1310.8,0.0,24.0,7.789,320.5,1.54
2025-06-19 08:42:56,2025-06-19,08:42:56,out,1.58,23.0,100.0,23.0,23.033,255.1,1.76
2025-06-19 08:43:14,2025-06-19,08:43:14,in,1.1,1310.8,0.0,24.1,7.831,325.8,1.72
2025-06-19 08:44:00,2025-06-19,08:44:00,out,0.95,23.1,100.0,23.1,23.134,209.9,1.76
2025-06-19 08:44:17,2025-06-19,08:44:17,in,1.24,1310.8,0.0,24.0,7.789,327.8,1.79
2025-06-19 08:45:04,2025-06-19,08:45:04,out,1.68,23.1,100.0,23.1,23.134,227.7,1.91
2025-06-19 08:45:20,2025-06-19,08:45:20,in,1.05,1310.8,0.0,24.0,7.789,330.1,1.73
2025-06-19 08:46:07,2025-06-19,08:46:07,out,0.53,23.1,100.0,23.1,23.134,184.7,1.93
2025-06-19 08:46:24,2025-06-19,08:46:24,in,1.06,1310.8,0.0,24.1,7.831,325.9,1.69
2025-06-19 08:47:10,2025-06-19,08:47:10,out,0.08,23.2,100.0,23.2,23.234,245.2,0.64
2025-06-19 08:47:28,2025-06-19,08:47:28,in,1.26,1310.8,0.0,24.2,7.872,323.4,1.68
2025-06-19 08:48:14,2025-06-19,08:48:14,out,1.97,23.4,100.0,23.4,23.436,248.9,2.47
2025-06-19 08:48:31,2025-06-19,08:48:31,in,0.6,1310.8,0.0,24.3,7.914,330.0,1.75
2025-06-19 08:49:18,2025-06-19,08:49:18,out,0.99,23.4,100.0,23.4,23.436,281.0,2.93
2025-06-19 08:49:34,2025-06-19,08:49:34,in,1.49,1310.8,0.0,24.4,7.955,321.2,1.72
2025-06-19 08:50:21,2025-06-19,08:50:21,out,1.15,23.5,100.0,23.5,23.537,235.0,2.22
2025-06-19 08:50:38,2025-06-19,08:50:38,in,1.01,1310.8,0.0,24.4,7.955,316.5,1.66
2025-06-19 08:51:24,2025-06-19,08:51:24,out,1.32,23.5,100.0,23.5,23.537,286.1,2.21
2025-06-19 08:51:42,2025-06-19,08:51:42,in,0.99,1310.8,0.0,24.5,7.997,324.6,2.23
2025-06-19 08:52:28,2025-06-19,08:52:28,out,1.51,23.5,100.0,23.5,23.537,218.3,1.72
2025-06-19 08:52:45,2025-06-19,08:52:45,in,1.0,1310.8,0.0,24.5,7.997,321.5,1.89
2025-06-19 08:53:32,2025-06-19,08:53:32,out,1.38,23.5,100.0,23.5,23.537,198.0,2.15
2025-06-19 08:53:48,2025-06-19,08:53:48,in,0.85,1310.8,0.0,24.6,8.038,326.6,1.74
2025-06-19 08:54:35,2025-06-19,08:54:35,out,1.32,23.5,100.0,23.5,23.537,192.5,1.57
2025-06-19 08:54:52,2025-06-19,08:54:52,in,0.79,1310.8,0.0,24.6,8.038,316.4,1.7
2025-06-19 08:55:38,2025-06-19,08:55:38,out,0.46,23.5,100.0,23.5,23.537,153.2,1.89
2025-06-19 08:55:56,2025-06-19,08:55:56,in,1.15,1310.8,0.0,24.7,8.08,327.8,1.61
2025-06-19 08:56:42,2025-06-19,08:56:42,out,1.02,23.6,100.0,23.6,23.637,159.2,1.62
2025-06-19 08:56:59,2025-06-19,08:56:59,in,0.91,1310.8,0.0,24.7,8.08,314.7,1.81
2025-06-19 08:57:46,2025-06-19,08:57:46,out,0.83,23.6,100.0,23.6,23.637,182.2,2.1
2025-06-19 08:58:02,2025-06-19,08:58:02,in,0.79,1310.8,0.0,24.7,8.08,338.9,1.43
2025-06-19 08:58:49,2025-06-19,08:58:49,out,0.48,23.7,100.0,23.7,23.738,170.3,1.22
2025-06-19 08:59:06,2025-06-19,08:59:06,in,1.04,1310.8,0.0,24.7,8.08,312.5,2.1
2025-06-19 08:59:52,2025-06-19,08:59:52,out,1.33,23.7,100.0,23.7,23.738,124.2,1.71
2025-06-19 09:00:10,2025-06-19,09:00:10,in,0.86,1310.8,0.0,24.7,8.08,319.1,1.66
2025-06-19 09:00:56,2025-06-19,09:00:56,out,1.0,23.7,99.3,23.8,23.746,111.1,1.6
2025-06-19 09:01:13,2025-06-19,09:01:13,in,1.19,1310.8,0.0,24.7,8.08,332.2,1.79
2025-06-19 09:02:00,2025-06-19,09:02:00,out,0.19,23.9,99.9,23.9,23.926,25.4,1.16
2025-06-19 09:02:16,2025-06-19,09:02:16,in,1.36,1310.8,0.0,24.6,8.038,315.0,1.93
2025-06-19 09:03:03,2025-06-19,09:03:03,out,0.6,24.0,100.0,24.0,24.04,156.5,0.82
2025-06-19 09:03:20,2025-06-19,09:03:20,in,1.75,1310.8,0.0,24.7,8.08,317.1,2.22
2025-06-19 09:04:07,2025-06-19,09:04:07,out,0.45,24.1,100.0,24.1,24.141,38.6,0.63
2025-06-19 09:04:24,2025-06-19,09:04:24,in,0.97,1310.8,0.0,24.7,8.08,325.5,1.49
2025-06-19 09:05:10,2025-06-19,09:05:10,out,0.09,24.2,100.0,24.2,24.242,187.3,0.73
2025-06-19 09:05:27,2025-06-19,09:05:27,in,1.1,1310.8,0.0,24.9,8.163,319.8,1.63
2025-06-19 09:06:14,2025-06-19,09:06:14,out,2.5,24.3,100.0,24.3,24.342,259.3,2.93
2025-06-19 09:06:30,2025-06-19,09:06:30,in,1.19,1310.8,0.0,25.0,8.204,326.7,2.33
2025-06-19 09:07:18,2025-06-19,09:07:18,out,1.23,23.8,97.7,24.2,23.935,262.2,2.59
2025-06-19 09:07:34,2025-06-19,09:07:34,in,1.39,1310.8,0.0,25.0,8.204,323.8,2.04
2025-06-19 09:08:20,2025-06-19,09:08:20,out,2.64,23.6,96.7,24.2,23.802,247.4,3.04
2025-06-19 09:08:38,2025-06-19,09:08:38,in,1.19,1310.8,0.0,25.0,8.204,316.7,1.8
2025-06-19 09:09:24,2025-06-19,09:09:24,out,2.3,23.3,95.0,24.2,23.576,256.6,2.77
2025-06-19 09:09:41,2025-06-19,09:09:41,in,1.41,1310.8,0.0,25.0,8.204,324.2,2.02
2025-06-19 09:10:28,2025-06-19,09:10:28,out,0.12,23.3,95.1,24.2,23.589,265.9,2.19
2025-06-19 09:10:44,2025-06-19,09:10:44,in,1.13,1310.8,0.0,25.0,8.204,326.6,1.67
2025-06-19 09:11:32,2025-06-19,09:11:32,out,0.88,23.5,95.2,24.3,23.702,292.8,0.99
2025-06-19 09:11:48,2025-06-19,09:11:48,in,1.36,1310.8,0.0,25.0,8.204,325.5,1.97
2025-06-19 09:12:35,2025-06-19,09:12:35,out,0.77,23.4,94.5,24.4,23.708,280.4,2.23
2025-06-19 09:12:52,2025-06-19,09:12:52,in,0.84,1310.8,0.0,25.1,8.246,328.6,1.6
2025-06-19 09:13:38,2025-06-19,09:13:38,out,0.59,23.5,94.2,24.5,23.768,209.9,1.51
2025-06-19 09:13:55,2025-06-19,09:13:55,in,0.93,1310.8,0.0,25.2,8.287,321.7,1.61
2025-06-19 09:14:42,2025-06-19,09:14:42,out,3.26,23.1,91.9,24.5,23.459,246.9,3.91
2025-06-19 09:14:58,2025-06-19,09:14:58,in,0.96,1310.8,0.0,25.5,8.411,344.5,1.78
2025-06-19 09:15:45,2025-06-19,09:15:45,out,3.22,22.5,89.2,24.4,22.998,246.0,4.17
2025-06-19 09:16:02,2025-06-19,09:16:02,in,1.07,1310.8,0.0,25.5,8.411,351.0,1.78
2025-06-19 09:16:49,2025-06-19,09:16:49,out,2.35,22.4,88.9,24.4,22.958,264.9,2.79
2025-06-19 09:17:06,2025-06-19,09:17:06,in,1.46,1310.8,0.0,25.5,8.411,322.6,1.85
2025-06-19 09:17:52,2025-06-19,09:17:52,out,3.08,22.2,87.7,24.4,22.796,258.7,3.51
2025-06-19 09:18:09,2025-06-19,09:18:09,in,1.42,1310.8,0.0,25.4,8.37,319.5,1.89
2025-06-19 09:18:56,2025-06-19,09:18:56,out,3.0,22.0,86.9,24.4,22.689,217.3,3.49
2025-06-19 09:19:12,2025-06-19,09:19:12,in,0.65,1310.8,0.0,25.3,8.328,335.4,1.83
2025-06-19 09:20:00,2025-06-19,09:20:00,out,4.07,22.0,86.6,24.4,22.648,239.0,4.29
2025-06-19 09:20:16,2025-06-19,09:20:16,in,1.24,1310.8,0.0,25.4,8.37,344.1,1.85
2025-06-19 09:21:03,2025-06-19,09:21:03,out,2.4,21.7,85.7,24.3,22.429,209.6,4.46
2025-06-19 09:21:20,2025-06-19,09:21:20,in,1.03,1310.8,0.0,25.4,8.37,334.8,1.72
2025-06-19 09:22:06,2025-06-19,09:22:06,out,2.9,21.9,86.5,24.3,22.537,223.6,3.76
2025-06-19 09:22:23,2025-06-19,09:22:23,in,1.21,1310.8,0.0,25.5,8.411,306.3,2.13
2025-06-19 09:23:10,2025-06-19,09:23:10,out,2.58,22.0,86.9,24.4,22.689,244.8,3.39
2025-06-19 09:23:26,2025-06-19,09:23:26,in,0.96,,,1310.8,,344.0,1.5
2025-06-19 09:24:14,2025-06-19,09:24:14,out,1.61,22.0,86.7,24.4,22.662,281.0,3.11
2025-06-19 09:24:30,2025-06-19,09:24:30,in,1.35,1310.8,0.0,25.5,8.411,338.4,1.63
2025-06-19 09:25:17,2025-06-19,09:25:17,out,1.52,21.9,86.1,24.4,22.581,221.9,2.97
2025-06-19 09:25:34,2025-06-19,09:25:34,in,0.83,1310.8,0.0,25.6,8.453,342.2,2.03
2025-06-19 09:26:20,2025-06-19,09:26:20,out,1.62,22.2,87.0,24.5,22.8,221.1,2.46
2025-06-19 09:26:37,2025-06-19,09:26:37,in,0.94,1310.8,0.0,25.7,8.494,315.3,1.52
2025-06-19 09:27:24,2025-06-19,09:27:24,out,3.22,22.5,87.8,24.7,23.104,241.5,3.75
2025-06-19 09:27:40,2025-06-19,09:27:40,in,0.66,1310.8,0.0,25.9,8.577,347.7,1.87
2025-06-19 09:28:28,2025-06-19,09:28:28,out,2.66,22.4,87.3,24.7,23.036,239.5,3.76
2025-06-19 09:28:44,2025-06-19,09:28:44,in,1.02,1310.8,0.0,26.1,8.66,334.9,1.85
2025-06-19 09:29:31,2025-06-19,09:29:31,out,4.43,22.4,87.3,24.7,23.036,241.5,5.04
2025-06-19 09:29:48,2025-06-19,09:29:48,in,1.01,1310.8,0.0,26.1,8.66,340.6,1.68
2025-06-19 09:30:34,2025-06-19,09:30:34,out,3.37,22.3,87.0,24.6,22.898,237.7,5.52
2025-06-19 09:30:51,2025-06-19,09:30:51,in,1.2,1310.8,0.0,26.1,8.66,332.7,1.39
2025-06-19 09:31:38,2025-06-19,09:31:38,out,4.3,22.4,87.7,24.6,22.992,255.3,5.2
2025-06-19 09:31:54,2025-06-19,09:31:54,in,1.66,1310.8,0.0,26.0,8.619,336.5,1.94
2025-06-19 09:32:42,2025-06-19,09:32:42,out,2.46,22.3,87.7,24.5,22.894,271.9,3.43
2025-06-19 09:32:58,2025-06-19,09:32:58,in,1.25,1310.8,0.0,25.9,8.577,320.7,1.87
2025-06-19 09:33:45,2025-06-19,09:33:45,out,2.76,22.5,88.1,24.6,23.046,259.5,4.01
2025-06-19 09:34:02,2025-06-19,09:34:02,in,1.46,1310.8,0.0,25.9,8.577,333.5,2.0
2025-06-19 09:34:48,2025-06-19,09:34:48,out,3.25,22.4,87.8,24.6,23.006,247.1,3.79
2025-06-19 09:35:06,2025-06-19,09:35:06,in,1.7,1310.8,0.0,25.7,8.494,325.5,2.08
2025-06-19 09:35:52,2025-06-19,09:35:52,out,2.6,21.5,83.1,24.6,22.369,266.5,3.77
2025-06-19 09:36:09,2025-06-19,09:36:09,in,1.51,1310.8,0.0,25.7,8.494,337.8,1.91
2025-06-19 09:36:56,2025-06-19,09:36:56,out,2.28,19.9,75.2,24.6,21.289,274.1,3.8
2025-06-19 09:37:12,2025-06-19,09:37:12,in,1.93,1310.8,0.0,25.7,8.494,334.0,2.14
2025-06-19 09:37:59,2025-06-19,09:37:59,out,3.45,19.7,74.4,24.6,21.178,261.4,4.38
2025-06-19 09:38:16,2025-06-19,09:38:16,in,1.76,1310.8,0.0,25.6,8.453,331.8,2.19
2025-06-19 09:39:02,2025-06-19,09:39:02,out,3.29,19.5,74.0,24.5,21.029,288.3,4.13
2025-06-19 09:39:20,2025-06-19,09:39:20,in,1.86,1310.8,0.0,25.6,8.453,323.6,2.37
2025-06-19 09:40:06,2025-06-19,09:40:06,out,2.75,19.5,73.8,24.5,21.001,280.2,3.83
2025-06-19 09:40:23,2025-06-19,09:40:23,in,0.9,1310.8,0.0,25.5,8.411,332.7,2.09
2025-06-19 09:41:10,2025-06-19,09:41:10,out,2.97,19.5,73.6,24.5,20.973,291.9,3.48
2025-06-19 09:41:26,2025-06-19,09:41:26,in,0.67,1310.8,0.0,25.5,8.411,344.8,0.94
2025-06-19 09:42:13,2025-06-19,09:42:13,out,3.48,19.3,73.0,24.5,20.891,282.8,4.46
2025-06-19 09:42:30,2025-06-19,09:42:30,in,0.31,1310.8,0.0,25.6,8.453,358.2,1.16
2025-06-19 09:43:16,2025-06-19,09:43:16,out,1.95,19.4,73.3,24.5,20.932,295.4,3.66
2025-06-19 09:43:34,2025-06-19,09:43:34,in,0.17,1310.8,0.0,25.6,8.453,8.0,0.93
2025-06-19 09:44:20,2025-06-19,09:44:20,out,2.18,19.4,73.2,24.5,20.918,239.1,3.1
2025-06-19 09:44:37,2025-06-19,09:44:37,in,0.18,1310.8,0.0,25.6,8.453,7.2,0.52
2025-06-19 09:45:24,2025-06-19,09:45:24,out,2.12,19.3,73.1,24.5,20.904,268.0,3.35
2025-06-19 09:45:40,2025-06-19,09:45:40,in,0.26,1310.8,0.0,25.7,8.494,356.9,0.61
2025-06-19 09:46:27,2025-06-19,09:46:27,out,2.38,19.3,72.7,24.6,20.943,245.9,3.67
2025-06-19 09:46:44,2025-06-19,09:46:44,in,0.49,1310.8,0.0,25.6,8.453,15.7,1.16
2025-06-19 09:47:30,2025-06-19,09:47:30,out,2.78,19.3,72.4,24.6,20.901,226.9,3.26
2025-06-19 09:47:48,2025-06-19,09:47:48,in,0.38,1310.8,0.0,25.7,8.494,51.9,0.54
2025-06-19 09:48:34,2025-06-19,09:48:34,out,1.77,19.3,72.6,24.6,20.929,244.3,2.25
2025-06-19 09:48:51,2025-06-19,09:48:51,in,1.25,1310.8,0.0,25.7,8.494,321.0,1.66
2025-06-19 09:49:38,2025-06-19,09:49:38,out,3.2,19.7,73.2,24.8,21.201,223.8,5.34
2025-06-19 09:49:54,2025-06-19,09:49:54,in,0.34,1310.8,0.0,25.8,8.536,99.3,0.95
2025-06-19 09:50:41,2025-06-19,09:50:41,out,2.37,19.6,72.8,24.8,21.145,226.3,4.98
2025-06-19 09:50:58,2025-06-19,09:50:58,in,0.37,1310.8,0.0,25.9,8.577,81.7,0.59
2025-06-19 09:51:44,2025-06-19,09:51:44,out,3.08,19.5,72.5,24.8,21.103,247.7,4.96
2025-06-19 09:52:02,2025-06-19,09:52:02,in,0.45,1310.8,0.0,26.1,8.66,24.8,0.58
2025-06-19 09:52:48,2025-06-19,09:52:48,out,1.97,19.6,72.8,24.8,21.145,269.1,3.75
2025-06-19 09:53:05,2025-06-19,09:53:05,in,0.66,1310.8,0.0,26.0,8.619,2.3,1.02
2025-06-19 09:53:52,2025-06-19,09:53:52,out,2.66,19.5,72.7,24.8,21.131,250.8,3.39
2025-06-19 09:54:08,2025-06-19,09:54:08,in,0.72,1310.8,0.0,26.0,8.619,337.8,0.95
2025-06-19 09:54:55,2025-06-19,09:54:55,out,2.01,19.5,72.5,24.8,21.103,252.8,3.91
2025-06-19 09:55:12,2025-06-19,09:55:12,in,0.42,1310.8,0.0,26.0,8.619,354.7,0.55
2025-06-19 09:55:58,2025-06-19,09:55:58,out,1.87,19.5,72.4,24.8,21.089,229.4,3.02
2025-06-19 09:56:16,2025-06-19,09:56:16,in,0.79,1310.8,0.0,26.1,8.66,140.7,0.95
2025-06-19 09:57:02,2025-06-19,09:57:02,out,2.06,19.5,72.2,24.9,21.155,204.2,3.68
2025-06-19 09:57:19,2025-06-19,09:57:19,in,0.2,1310.8,0.0,26.1,8.66,172.7,0.8
2025-06-19 09:58:06,2025-06-19,09:58:06,out,2.48,19.0,70.4,24.8,20.81,198.3,3.93
2025-06-19 09:58:22,2025-06-19,09:58:22,in,0.4,1310.8,0.0,26.2,8.702,312.2,0.75
2025-06-19 09:59:09,2025-06-19,09:59:09,out,1.95,19.0,70.7,24.7,20.758,211.0,3.07
2025-06-19 09:59:26,2025-06-19,09:59:26,in,0.13,1310.8,0.0,26.2,8.702,74.8,0.58
2025-06-19 10:00:12,2025-06-19,10:00:12,out,3.5,19.1,71.1,24.7,20.814,239.5,4.57
2025-06-19 10:00:30,2025-06-19,10:00:30,in,0.37,1310.8,0.0,26.2,8.702,35.7,0.58
2025-06-19 10:01:16,2025-06-19,10:01:16,out,3.07,19.2,71.4,24.8,20.95,246.3,3.95
2025-06-19 10:01:33,2025-06-19,10:01:33,in,0.25,1310.8,0.0,26.3,8.743,39.2,0.63
2025-06-19 10:02:20,2025-06-19,10:02:20,out,1.45,19.3,71.5,24.8,20.964,218.3,3.3
2025-06-19 10:02:36,2025-06-19,10:02:36,in,0.23,1310.8,0.0,26.3,8.743,88.2,0.54
2025-06-19 10:03:23,2025-06-19,10:03:23,out,2.59,19.2,71.1,24.8,20.908,201.6,2.98
2025-06-19 10:03:40,2025-06-19,10:03:40,in,0.15,1310.8,0.0,26.4,8.784,16.4,0.57
2025-06-19 10:04:27,2025-06-19,10:04:27,out,2.14,19.1,70.9,24.8,20.88,219.5,3.04
2025-06-19 10:04:44,2025-06-19,10:04:44,in,0.64,1310.8,0.0,26.3,8.743,354.1,0.7
2025-06-19 10:05:30,2025-06-19,10:05:30,out,0.94,19.2,71.0,24.9,20.987,205.0,2.02
2025-06-19 10:05:47,2025-06-19,10:05:47,in,0.13,1310.8,0.0,26.4,8.784,44.1,0.7
2025-06-19 10:06:34,2025-06-19,10:06:34,out,3.42,19.1,70.3,24.9,20.889,222.3,4.43
2025-06-19 10:06:50,2025-06-19,10:06:50,in,0.37,1310.8,0.0,26.3,8.743,352.5,1.35
2025-06-19 10:07:38,2025-06-19,10:07:38,out,1.56,19.1,70.9,24.8,20.88,180.5,3.8
2025-06-19 10:07:54,2025-06-19,10:07:54,in,0.69,1310.8,0.0,26.4,8.784,133.3,0.85
2025-06-19 10:08:41,2025-06-19,10:08:41,out,2.94,19.3,71.2,24.9,21.015,269.3,3.38
2025-06-19 10:08:58,2025-06-19,10:08:58,in,0.36,1310.8,0.0,26.5,8.826,283.2,0.93
2025-06-19 10:09:44,2025-06-19,10:09:44,out,1.8,19.4,71.6,24.9,21.071,249.6,2.66
2025-06-19 10:10:01,2025-06-19,10:10:01,in,0.36,1310.8,0.0,26.5,8.826,116.9,0.7
2025-06-19 10:10:48,2025-06-19,10:10:48,out,0.85,19.5,71.7,25.0,21.179,245.0,1.92
2025-06-19 10:11:04,2025-06-19,10:11:04,in,0.62,1310.8,0.0,26.6,8.867,135.6,0.78
2025-06-19 10:11:52,2025-06-19,10:11:52,out,1.67,19.5,71.3,25.1,21.216,180.7,2.59
2025-06-19 10:12:08,2025-06-19,10:12:08,in,0.39,1310.8,0.0,26.7,8.909,126.8,0.8
2025-06-19 10:12:55,2025-06-19,10:12:55,out,2.76,19.2,70.1,25.1,21.047,204.6,4.46
2025-06-19 10:13:12,2025-06-19,10:13:12,in,0.52,1310.8,0.0,26.7,8.909,116.2,0.76
2025-06-19 10:13:58,2025-06-19,10:13:58,out,2.86,19.1,69.4,25.1,20.948,211.5,4.36
2025-06-19 10:14:15,2025-06-19,10:14:15,in,0.28,1310.8,0.0,26.8,8.95,44.1,0.6
2025-06-19 10:15:02,2025-06-19,10:15:02,out,4.34,18.9,68.5,25.1,20.82,211.0,4.97
2025-06-19 10:15:19,2025-06-19,10:15:19,in,0.42,1310.8,0.0,26.8,8.95,355.9,0.56
2025-06-19 10:16:06,2025-06-19,10:16:06,out,1.94,18.8,68.6,25.0,20.742,237.9,4.99
2025-06-19 10:16:22,2025-06-19,10:16:22,in,0.59,1310.8,0.0,26.8,8.95,329.1,0.94
2025-06-19 10:17:10,2025-06-19,10:17:10,out,3.65,,,18.7,,25.0,6.8
2025-06-19 10:17:26,2025-06-19,10:17:26,in,0.77,1310.8,0.0,26.8,8.95,335.5,1.01
2025-06-19 10:18:12,2025-06-19,10:18:12,out,2.07,18.7,67.6,25.1,20.692,218.1,2.52
2025-06-19 10:18:30,2025-06-19,10:18:30,in,0.54,1310.8,0.0,26.7,8.909,354.7,0.87
2025-06-19 10:19:16,2025-06-19,10:19:16,out,1.89,18.8,68.0,25.1,20.749,216.1,2.63
2025-06-19 10:19:33,2025-06-19,10:19:33,in,0.05,1310.8,0.0,26.8,8.95,277.2,0.59
2025-06-19 10:20:20,2025-06-19,10:20:20,out,3.85,18.7,67.3,25.2,20.742,205.9,4.68
2025-06-19 10:20:36,2025-06-19,10:20:36,in,0.26,1310.8,0.0,26.8,8.95,125.5,0.74
2025-06-19 10:21:23,2025-06-19,10:21:23,out,1.82,18.8,67.7,25.2,20.799,239.3,3.55
2025-06-19 10:21:40,2025-06-19,10:21:40,in,0.55,1310.8,0.0,26.9,8.992,330.6,0.68
2025-06-19 10:22:26,2025-06-19,10:22:26,out,2.69,18.5,66.7,25.2,20.656,209.8,4.09
2025-06-19 10:22:44,2025-06-19,10:22:44,in,0.26,1310.8,0.0,26.9,8.992,29.3,0.96
2025-06-19 10:23:30,2025-06-19,10:23:30,out,1.57,18.6,67.1,25.2,20.713,209.0,4.27
2025-06-19 10:23:47,2025-06-19,10:23:47,in,0.17,1310.8,0.0,27.0,9.033,87.2,0.57
2025-06-19 10:24:34,2025-06-19,10:24:34,out,0.98,18.8,67.1,25.3,20.806,211.8,2.09
2025-06-19 10:24:50,2025-06-19,10:24:50,in,0.47,1310.8,0.0,27.0,9.033,329.0,1.07
2025-06-19 10:25:37,2025-06-19,10:25:37,out,4.1,18.5,66.3,25.3,20.691,205.9,6.12
2025-06-19 10:25:54,2025-06-19,10:25:54,in,1.05,1310.8,0.0,27.0,9.033,329.7,1.89
2025-06-19 10:26:40,2025-06-19,10:26:40,out,4.09,18.6,66.4,25.3,20.705,227.2,5.2
2025-06-19 10:26:58,2025-06-19,10:26:58,in,1.23,1310.8,0.0,27.1,9.075,320.1,1.83
2025-06-19 10:27:44,2025-06-19,10:27:44,out,3.44,18.7,66.9,25.3,20.777,194.5,4.71
2025-06-19 10:28:01,2025-06-19,10:28:01,in,0.23,1310.8,0.0,27.2,9.116,294.0,1.6
2025-06-19 10:28:48,2025-06-19,10:28:48,out,1.2,18.8,67.3,25.3,20.834,203.0,5.16
2025-06-19 10:29:04,2025-06-19,10:29:04,in,0.97,1310.8,0.0,27.3,9.157,310.4,2.21
2025-06-19 10:29:51,2025-06-19,10:29:51,out,2.9,18.7,67.0,25.3,20.791,254.3,3.89
2025-06-19 10:30:08,2025-06-19,10:30:08,in,0.88,1310.8,0.0,27.5,9.24,320.2,1.94
2025-06-19 10:30:54,2025-06-19,10:30:54,out,4.57,18.6,66.4,25.3,20.705,235.0,4.94
2025-06-19 10:31:12,2025-06-19,10:31:12,in,0.69,1310.8,0.0,27.5,9.24,347.1,1.37
2025-06-19 10:31:58,2025-06-19,10:31:58,out,5.12,18.6,66.2,25.4,20.769,206.0,5.77
2025-06-19 10:32:15,2025-06-19,10:32:15,in,0.81,1310.8,0.0,27.5,9.24,327.4,1.4
2025-06-19 10:33:02,2025-06-19,10:33:02,out,1.32,18.6,66.5,25.3,20.72,201.8,5.71
2025-06-19 10:33:18,2025-06-19,10:33:18,in,1.15,1310.8,0.0,27.5,9.24,315.3,2.18
2025-06-19 10:34:05,2025-06-19,10:34:05,out,4.76,18.5,66.1,25.3,20.662,208.6,5.55
2025-06-19 10:34:22,2025-06-19,10:34:22,in,0.99,1310.8,0.0,27.6,9.282,321.9,1.85
2025-06-19 10:35:08,2025-06-19,10:35:08,out,3.78,18.6,66.5,25.3,20.72,224.0,5.68
2025-06-19 10:35:26,2025-06-19,10:35:26,in,0.85,1310.8,0.0,27.5,9.24,312.5,1.75
2025-06-19 10:36:12,2025-06-19,10:36:12,out,2.3,18.4,66.3,25.2,20.599,221.8,5.61
2025-06-19 10:36:29,2025-06-19,10:36:29,in,0.91,1310.8,0.0,27.5,9.24,342.6,1.76
2025-06-19 10:37:16,2025-06-19,10:37:16,out,4.81,18.5,66.0,25.3,20.648,217.8,5.76
2025-06-19 10:37:32,2025-06-19,10:37:32,in,0.83,1310.8,0.0,27.6,9.282,333.1,1.67
2025-06-19 10:38:19,2025-06-19,10:38:19,out,1.46,18.5,66.1,25.3,20.662,187.7,4.5
2025-06-19 10:38:36,2025-06-19,10:38:36,in,0.64,1310.8,0.0,27.6,9.282,328.1,2.13
2025-06-19 10:39:22,2025-06-19,10:39:22,out,4.07,18.6,66.1,25.4,20.754,197.3,4.99
2025-06-19 10:39:40,2025-06-19,10:39:40,in,0.71,1310.8,0.0,27.7,9.323,322.9,2.36
2025-06-19 10:40:26,2025-06-19,10:40:26,out,3.56,18.4,65.3,25.4,20.639,198.9,4.61
2025-06-19 10:40:43,2025-06-19,10:40:43,in,0.79,1310.8,0.0,27.9,9.406,340.7,1.99
2025-06-19 10:41:30,2025-06-19,10:41:30,out,3.61,18.4,65.1,25.5,20.701,219.8,5.55
2025-06-19 10:41:46,2025-06-19,10:41:46,in,2.28,1310.8,0.0,28.0,9.448,310.6,2.6
2025-06-19 10:42:33,2025-06-19,10:42:33,out,4.42,18.2,64.0,25.5,20.541,193.3,6.74
2025-06-19 10:42:50,2025-06-19,10:42:50,in,1.35,1310.8,0.0,28.2,9.53,306.9,1.9
2025-06-19 10:43:36,2025-06-19,10:43:36,out,2.51,18.2,64.5,25.4,20.523,199.7,5.22
2025-06-19 10:43:54,2025-06-19,10:43:54,in,1.28,1310.8,0.0,28.4,9.613,319.4,2.41
2025-06-19 10:44:40,2025-06-19,10:44:40,out,4.21,18.3,64.8,25.4,20.566,213.1,5.56
2025-06-19 10:44:57,2025-06-19,10:44:57,in,0.93,1310.8,0.0,28.4,9.613,310.0,1.9
2025-06-19 10:45:44,2025-06-19,10:45:44,out,0.97,18.4,65.3,25.4,20.639,220.6,4.58
2025-06-19 10:46:00,2025-06-19,10:46:00,in,0.97,1310.8,0.0,28.4,9.613,325.7,2.1
2025-06-19 10:46:48,2025-06-19,10:46:48,out,1.54,18.4,65.5,25.4,20.668,217.4,2.88
2025-06-19 10:47:04,2025-06-19,10:47:04,in,1.31,1310.8,0.0,28.3,9.572,323.8,1.86
2025-06-19 10:47:51,2025-06-19,10:47:51,out,1.53,18.6,65.6,25.5,20.774,223.5,2.63
2025-06-19 10:48:08,2025-06-19,10:48:08,in,0.67,1310.8,0.0,28.1,9.489,313.8,2.02
2025-06-19 10:48:54,2025-06-19,10:48:54,out,2.42,18.7,65.8,25.6,20.895,209.9,4.05
2025-06-19 10:49:11,2025-06-19,10:49:11,in,1.64,1310.8,0.0,28.1,9.489,309.4,2.22
2025-06-19 10:49:58,2025-06-19,10:49:58,out,1.18,18.6,64.8,25.7,20.841,206.8,3.09
2025-06-19 10:50:14,2025-06-19,10:50:14,in,0.62,1310.8,0.0,28.2,9.53,308.1,2.06
2025-06-19 10:51:02,2025-06-19,10:51:02,out,1.86,18.5,64.7,25.7,20.826,217.0,4.14
2025-06-19 10:51:18,2025-06-19,10:51:18,in,1.05,1310.8,0.0,28.2,9.53,303.4,1.63
2025-06-19 10:52:05,2025-06-19,10:52:05,out,2.15,18.5,64.1,25.8,20.83,237.9,3.28
2025-06-19 10:52:22,2025-06-19,10:52:22,in,0.84,1310.8,0.0,28.2,9.53,322.2,1.36
2025-06-19 10:53:08,2025-06-19,10:53:08,out,1.67,18.1,63.2,25.7,20.607,217.1,4.48
2025-06-19 10:53:25,2025-06-19,10:53:25,in,0.25,1310.8,0.0,28.3,9.572,19.8,1.2
2025-06-19 10:54:12,2025-06-19,10:54:12,out,2.75,18.1,63.0,25.7,20.577,233.4,4.66
2025-06-19 10:54:28,2025-06-19,10:54:28,in,0.56,1310.8,0.0,28.2,9.53,340.0,1.48
2025-06-19 10:55:16,2025-06-19,10:55:16,out,2.17,18.4,64.0,25.7,20.724,206.4,7.77
2025-06-19 10:55:32,2025-06-19,10:55:32,in,0.31,1310.8,0.0,28.2,9.53,337.6,1.31
2025-06-19 10:56:19,2025-06-19,10:56:19,out,3.43,18.6,64.5,25.8,20.888,243.0,4.49
2025-06-19 10:56:36,2025-06-19,10:56:36,in,1.25,1310.8,0.0,28.2,9.53,317.0,2.68
2025-06-19 10:57:22,2025-06-19,10:57:22,out,4.07,18.5,64.5,25.7,20.797,221.2,5.12
2025-06-19 10:57:39,2025-06-19,10:57:39,in,0.98,1310.8,0.0,28.0,9.448,336.3,1.63
2025-06-19 10:58:26,2025-06-19,10:58:26,out,1.22,18.6,65.3,25.6,20.822,203.6,5.4
2025-06-19 10:58:42,2025-06-19,10:58:42,in,1.33,1310.8,0.0,27.9,9.406,304.9,1.93
2025-06-19 10:59:30,2025-06-19,10:59:30,out,2.43,18.7,65.7,25.6,20.88,212.7,4.42
2025-06-19 10:59:46,2025-06-19,10:59:46,in,0.91,1310.8,0.0,28.0,9.448,305.1,2.4
2025-06-19 11:00:33,2025-06-19,11:00:33,out,2.33,18.7,65.2,25.7,20.899,193.7,5.57
2025-06-19 11:00:50,2025-06-19,11:00:50,in,1.23,1310.8,0.0,28.0,9.448,318.8,1.69
2025-06-19 11:01:36,2025-06-19,11:01:36,out,2.15,18.6,64.8,25.7,20.841,201.4,5.59
2025-06-19 11:01:53,2025-06-19,11:01:53,in,0.68,1310.8,0.0,28.1,9.489,321.6,1.28
2025-06-19 11:02:40,2025-06-19,11:02:40,out,4.05,18.5,64.7,25.7,20.826,198.0,6.15
2025-06-19 11:02:56,2025-06-19,11:02:56,in,0.91,1310.8,0.0,28.3,9.572,318.1,2.37
2025-06-19 11:03:44,2025-06-19,11:03:44,out,2.42,18.7,65.3,25.7,20.914,190.5,4.02
2025-06-19 11:04:00,2025-06-19,11:04:00,in,0.98,1310.8,0.0,28.4,9.613,305.4,2.03
2025-06-19 11:04:47,2025-06-19,11:04:47,out,3.62,18.6,65.5,25.6,20.851,198.8,4.75
2025-06-19 11:05:04,2025-06-19,11:05:04,in,1.22,1310.8,0.0,28.4,9.613,318.6,2.19
2025-06-19 11:05:50,2025-06-19,11:05:50,out,1.44,19.0,66.5,25.7,21.088,218.8,4.61
2025-06-19 11:06:07,2025-06-19,11:06:07,in,0.65,1310.8,0.0,28.5,9.655,337.8,1.61
2025-06-19 11:06:54,2025-06-19,11:06:54,out,3.91,18.8,65.2,25.8,20.991,201.0,5.72
2025-06-19 11:07:10,2025-06-19,11:07:10,in,0.61,1310.8,0.0,28.6,9.696,306.0,1.53
2025-06-19 11:07:58,2025-06-19,11:07:58,out,2.14,18.5,64.7,25.7,20.826,213.4,5.89
2025-06-19 11:08:14,2025-06-19,11:08:14,in,1.24,1310.8,0.0,28.6,9.696,319.0,2.71
2025-06-19 11:09:01,2025-06-19,11:09:01,out,4.01,18.6,65.3,25.6,20.822,220.5,5.57
2025-06-19 11:09:18,2025-06-19,11:09:18,in,0.46,1310.8,0.0,28.4,9.613,336.9,1.59
2025-06-19 11:10:04,2025-06-19,11:10:04,out,3.78,18.5,65.5,25.5,20.759,205.3,5.67
2025-06-19 11:10:21,2025-06-19,11:10:21,in,0.7,1310.8,0.0,28.3,9.572,332.3,1.53
2025-06-19 11:11:08,2025-06-19,11:11:08,out,4.01,,,18.5,,220.6,5.36
2025-06-19 11:11:24,2025-06-19,11:11:24,in,1.18,1310.8,0.0,28.2,9.53,333.5,1.49
2025-06-19 11:12:12,2025-06-19,11:12:12,out,4.92,18.5,65.6,25.4,20.682,220.6,5.72
2025-06-19 11:12:28,2025-06-19,11:12:28,in,0.7,1310.8,0.0,28.1,9.489,319.0,1.66
2025-06-19 11:13:15,2025-06-19,11:13:15,out,2.34,18.6,66.0,25.4,20.74,229.2,5.02
2025-06-19 11:13:32,2025-06-19,11:13:32,in,0.45,1310.8,0.0,28.1,9.489,2.9,2.12
2025-06-19 11:14:18,2025-06-19,11:14:18,out,1.76,18.7,66.5,25.4,20.812,253.7,4.15
2025-06-19 11:14:35,2025-06-19,11:14:35,in,1.25,1310.8,0.0,28.1,9.489,303.5,1.86
2025-06-19 11:15:22,2025-06-19,11:15:22,out,2.31,18.6,66.1,25.4,20.754,231.7,6.21
2025-06-19 11:15:38,2025-06-19,11:15:38,in,0.3,1310.8,0.0,28.2,9.53,2.0,1.65
2025-06-19 11:16:26,2025-06-19,11:16:26,out,3.84,18.7,66.0,25.5,20.832,220.9,5.83
2025-06-19 11:16:42,2025-06-19,11:16:42,in,0.94,1310.8,0.0,28.2,9.53,322.0,1.93
2025-06-19 11:17:29,2025-06-19,11:17:29,out,2.37,18.8,66.0,25.6,20.923,195.0,4.29
2025-06-19 11:17:46,2025-06-19,11:17:46,in,1.71,1310.8,0.0,28.4,9.613,300.7,2.71
2025-06-19 11:18:32,2025-06-19,11:18:32,out,3.59,18.6,65.2,25.6,20.807,228.6,6.27
2025-06-19 11:18:49,2025-06-19,11:18:49,in,0.75,1310.8,0.0,28.4,9.613,317.5,2.03
2025-06-19 11:19:36,2025-06-19,11:19:36,out,1.91,18.8,65.6,25.7,20.957,207.4,4.81
2025-06-19 11:19:52,2025-06-19,11:19:52,in,0.66,1310.8,0.0,28.4,9.613,262.4,2.04
2025-06-19 11:20:40,2025-06-19,11:20:40,out,2.12,18.4,64.1,25.7,20.739,213.2,3.74
2025-06-19 11:20:56,2025-06-19,11:20:56,in,1.55,1310.8,0.0,28.7,9.738,303.1,2.2
2025-06-19 11:21:43,2025-06-19,11:21:43,out,0.63,18.6,64.7,25.7,20.826,195.8,4.53
2025-06-19 11:22:00,2025-06-19,11:22:00,in,1.93,1310.8,0.0,28.7,9.738,291.0,2.27
2025-06-19 11:22:46,2025-06-19,11:22:46,out,4.15,18.3,63.8,25.7,20.695,217.5,6.83
2025-06-19 11:23:03,2025-06-19,11:23:03,in,1.01,1310.8,0.0,28.9,9.82,315.8,2.49
2025-06-19 11:23:50,2025-06-19,11:23:50,out,2.34,18.6,65.0,25.7,20.87,210.5,4.73
2025-06-19 11:24:06,2025-06-19,11:24:06,in,1.32,1310.8,0.0,28.9,9.82,310.3,2.16
2025-06-19 11:24:54,2025-06-19,11:24:54,out,3.01,18.5,64.7,25.7,20.826,209.0,6.59
2025-06-19 11:25:10,2025-06-19,11:25:10,in,0.51,1310.8,0.0,29.0,9.862,220.3,1.42
2025-06-19 11:25:57,2025-06-19,11:25:57,out,4.42,18.5,64.0,25.9,20.906,221.1,6.03
2025-06-19 11:26:14,2025-06-19,11:26:14,in,1.11,1310.8,0.0,29.1,9.903,285.4,1.64
2025-06-19 11:27:00,2025-06-19,11:27:00,out,2.72,18.0,62.4,25.8,20.58,227.4,6.88
2025-06-19 11:27:17,2025-06-19,11:27:17,in,1.24,1310.8,0.0,29.1,9.903,333.7,1.71
2025-06-19 11:28:04,2025-06-19,11:28:04,out,1.89,18.5,64.1,25.8,20.83,194.4,3.67
2025-06-19 11:28:20,2025-06-19,11:28:20,in,1.4,1310.8,0.0,28.9,9.82,312.6,1.66
2025-06-19 11:29:08,2025-06-19,11:29:08,out,3.75,18.4,63.5,25.9,20.833,233.5,6.07
2025-06-19 11:29:24,2025-06-19,11:29:24,in,1.35,1310.8,0.0,29.1,9.903,306.1,2.14
2025-06-19 11:30:11,2025-06-19,11:30:11,out,2.3,18.5,63.6,26.0,20.939,230.2,3.85
2025-06-19 11:30:28,2025-06-19,11:30:28,in,1.07,1310.8,0.0,29.2,9.945,323.9,2.49
2025-06-19 11:31:14,2025-06-19,11:31:14,out,5.37,18.2,62.6,25.9,20.7,235.3,7.03
2025-06-19 11:31:31,2025-06-19,11:31:31,in,0.51,1310.8,0.0,29.2,9.945,312.9,1.66
2025-06-19 11:32:18,2025-06-19,11:32:18,out,5.43,18.3,63.4,25.8,20.727,222.6,8.14
2025-06-19 11:32:34,2025-06-19,11:32:34,in,0.1,1310.8,0.0,29.1,9.903,296.8,1.51
2025-06-19 11:33:22,2025-06-19,11:33:22,out,1.99,18.4,64.7,25.6,20.735,188.4,6.89
2025-06-19 11:33:38,2025-06-19,11:33:38,in,1.04,1310.8,0.0,29.0,9.862,310.0,1.96
2025-06-19 11:34:25,2025-06-19,11:34:25,out,2.16,18.5,65.0,25.6,20.778,194.2,5.67
2025-06-19 11:34:42,2025-06-19,11:34:42,in,1.5,1310.8,0.0,29.0,9.862,307.7,2.18
2025-06-19 11:35:28,2025-06-19,11:35:28,out,2.51,18.5,64.9,25.6,20.764,231.3,5.64
2025-06-19 11:35:45,2025-06-19,11:35:45,in,0.35,1310.8,0.0,29.0,9.862,307.2,1.69
2025-06-19 11:36:32,2025-06-19,11:36:32,out,4.76,18.3,64.3,25.6,20.676,220.5,7.15
2025-06-19 11:36:48,2025-06-19,11:36:48,in,0.71,1310.8,0.0,28.9,9.82,321.4,1.75
2025-06-19 11:37:36,2025-06-19,11:37:36,out,3.91,18.5,65.1,25.6,20.793,228.0,6.58
2025-06-19 11:37:52,2025-06-19,11:37:52,in,1.81,1310.8,0.0,28.9,9.82,302.1,2.22
2025-06-19 11:38:39,2025-06-19,11:38:39,out,1.75,18.7,65.7,25.6,20.88,213.5,5.66
2025-06-19 11:38:56,2025-06-19,11:38:56,in,0.26,1310.8,0.0,28.9,9.82,182.7,1.56
2025-06-19 11:39:42,2025-06-19,11:39:42,out,0.62,18.7,65.6,25.6,20.866,200.4,6.8
2025-06-19 11:39:59,2025-06-19,11:39:59,in,1.18,1310.8,0.0,28.9,9.82,319.5,2.22
2025-06-19 11:40:46,2025-06-19,11:40:46,out,3.44,18.8,66.1,25.6,20.938,197.9,4.68
2025-06-19 11:41:02,2025-06-19,11:41:02,in,0.41,1310.8,0.0,28.9,9.82,313.9,1.39
2025-06-19 11:41:50,2025-06-19,11:41:50,out,4.11,18.9,66.0,25.7,21.015,222.6,5.25
2025-06-19 11:42:06,2025-06-19,11:42:06,in,0.55,1310.8,0.0,28.9,9.82,284.0,1.57
2025-06-19 11:42:53,2025-06-19,11:42:53,out,2.98,18.6,64.7,25.8,20.918,224.7,4.9
2025-06-19 11:43:10,2025-06-19,11:43:10,in,1.86,1310.8,0.0,29.1,9.903,293.9,2.47
2025-06-19 11:43:56,2025-06-19,11:43:56,out,4.18,18.5,63.9,25.9,20.892,225.5,5.5
2025-06-19 11:44:13,2025-06-19,11:44:13,in,0.5,1310.8,0.0,29.1,9.903,317.9,2.62
2025-06-19 11:45:00,2025-06-19,11:45:00,out,4.66,18.2,62.6,25.9,20.7,214.3,7.28
2025-06-19 11:45:16,2025-06-19,11:45:16,in,2.1,,,1310.8,,29.2,0.0
2025-06-19 11:46:04,2025-06-19,11:46:04,out,4.11,18.2,62.9,25.8,20.654,232.3,7.14
2025-06-19 11:46:20,2025-06-19,11:46:20,in,0.98,1310.8,0.0,29.2,9.945,318.6,1.85
2025-06-19 11:47:07,2025-06-19,11:47:07,out,4.87,18.0,62.7,25.7,20.533,211.9,7.73
2025-06-19 11:47:24,2025-06-19,11:47:24,in,1.0,1310.8,0.0,29.2,9.945,319.7,2.06
2025-06-19 11:48:10,2025-06-19,11:48:10,out,2.15,18.1,63.2,25.7,20.607,213.2,4.47
2025-06-19 11:48:27,2025-06-19,11:48:27,in,1.65,1310.8,0.0,29.1,9.903,314.1,2.46
2025-06-19 11:49:14,2025-06-19,11:49:14,out,4.27,18.2,63.0,25.8,20.668,219.8,6.47
2025-06-19 11:49:30,2025-06-19,11:49:30,in,0.63,1310.8,0.0,29.1,9.903,316.1,2.06
2025-06-19 11:50:18,2025-06-19,11:50:18,out,5.56,18.1,63.0,25.8,20.668,234.6,6.48
2025-06-19 11:50:34,2025-06-19,11:50:34,in,0.62,1310.8,0.0,29.1,9.903,279.8,1.76
2025-06-19 11:51:21,2025-06-19,11:51:21,out,4.47,18.0,61.9,25.8,20.506,217.5,8.25
2025-06-19 11:51:38,2025-06-19,11:51:38,in,0.43,1310.8,0.0,29.1,9.903,318.4,1.64
2025-06-19 11:52:24,2025-06-19,11:52:24,out,3.35,18.0,62.3,25.8,20.565,241.8,5.56
2025-06-19 11:52:41,2025-06-19,11:52:41,in,0.21,1310.8,0.0,29.2,9.945,34.2,2.15
2025-06-19 11:53:28,2025-06-19,11:53:28,out,2.66,18.0,62.2,25.8,20.55,206.4,6.01
2025-06-19 11:53:45,2025-06-19,11:53:45,in,1.63,1310.8,0.0,29.2,9.945,305.4,2.14
2025-06-19 11:54:32,2025-06-19,11:54:32,out,4.42,17.9,62.1,25.7,20.445,237.7,7.3
2025-06-19 11:54:48,2025-06-19,11:54:48,in,1.11,1310.8,0.0,29.3,9.986,320.8,2.13
2025-06-19 11:55:35,2025-06-19,11:55:35,out,2.52,18.0,62.5,25.7,20.504,225.5,6.01
2025-06-19 11:55:52,2025-06-19,11:55:52,in,1.19,1310.8,0.0,29.4,10.027,318.4,1.58
2025-06-19 11:56:38,2025-06-19,11:56:38,out,4.66,18.0,62.4,25.8,20.58,239.0,7.49
2025-06-19 11:56:56,2025-06-19,11:56:56,in,0.72,1310.8,0.0,29.5,10.069,322.5,1.49
2025-06-19 11:57:42,2025-06-19,11:57:42,out,3.3,17.9,61.6,25.8,20.461,213.0,7.42
2025-06-19 11:57:59,2025-06-19,11:57:59,in,1.5,1310.8,0.0,29.6,10.11,308.7,2.15
2025-06-19 11:58:46,2025-06-19,11:58:46,out,4.0,17.9,61.8,25.8,20.491,212.5,7.35
2025-06-19 11:59:02,2025-06-19,11:59:02,in,0.52,1310.8,0.0,29.7,10.152,301.2,2.06
2025-06-19 11:59:49,2025-06-19,11:59:49,out,3.49,17.8,61.8,25.7,20.401,244.2,6.1
2025-06-19 12:00:06,2025-06-19,12:00:06,in,0.41,1310.8,0.0,29.6,10.11,348.6,1.78
2025-06-19 12:00:52,2025-06-19,12:00:52,out,2.28,18.2,62.9,25.8,20.654,190.5,4.72
2025-06-19 12:01:10,2025-06-19,12:01:10,in,0.3,1310.8,0.0,29.6,10.11,323.8,1.16
2025-06-19 12:01:56,2025-06-19,12:01:56,out,5.8,18.0,62.0,25.9,20.611,207.6,7.15
2025-06-19 12:02:40,2025-06-19,12:02:40,in,0.95,1310.8,0.0,29.7,10.152,313.3,2.31
2025-06-19 12:03:00,2025-06-19,12:03:00,out,5.06,17.9,61.5,25.9,20.537,203.2,7.12
2025-06-19 12:03:42,2025-06-19,12:03:42,in,2.1,1310.8,0.0,29.9,10.235,305.8,2.58
2025-06-19 12:04:03,2025-06-19,12:04:03,out,2.53,17.8,61.2,25.8,20.402,197.3,6.08
2025-06-19 12:04:46,2025-06-19,12:04:46,in,1.8,1310.8,0.0,29.9,10.235,312.9,2.17
2025-06-19 12:05:06,2025-06-19,12:05:06,out,2.52,17.5,60.7,25.7,20.238,192.2,5.3
2025-06-19 12:05:50,2025-06-19,12:05:50,in,1.18,1310.8,0.0,29.8,10.193,294.2,2.83
2025-06-19 12:06:10,2025-06-19,12:06:10,out,1.5,17.8,61.4,25.8,20.432,191.2,3.07
2025-06-19 12:06:53,2025-06-19,12:06:53,in,0.29,1310.8,0.0,29.7,10.152,176.9,2.03
2025-06-19 12:07:14,2025-06-19,12:07:14,out,2.47,18.1,62.0,26.0,20.702,224.2,4.32
2025-06-19 12:07:56,2025-06-19,12:07:56,in,1.28,1310.8,0.0,29.8,10.193,268.8,2.23
2025-06-19 12:08:17,2025-06-19,12:08:17,out,4.64,17.9,60.2,26.2,20.613,213.8,8.05
2025-06-19 12:09:00,2025-06-19,12:09:00,in,1.49,1310.8,0.0,29.9,10.235,300.3,1.96
2025-06-19 12:09:20,2025-06-19,12:09:20,out,2.31,18.0,61.3,26.0,20.598,202.3,7.15
2025-06-19 12:10:04,2025-06-19,12:10:04,in,0.85,1310.8,0.0,29.9,10.235,294.2,1.9
2025-06-19 12:10:24,2025-06-19,12:10:24,out,3.4,18.0,61.2,26.0,20.583,233.8,6.04
2025-06-19 12:11:07,2025-06-19,12:11:07,in,0.94,1310.8,0.0,29.9,10.235,338.8,1.92
2025-06-19 12:11:28,2025-06-19,12:11:28,out,2.64,17.7,60.8,25.9,20.433,228.3,3.9
2025-06-19 12:12:10,2025-06-19,12:12:10,in,1.22,1310.8,0.0,29.6,10.11,323.4,1.75
2025-06-19 12:12:31,2025-06-19,12:12:31,out,5.13,17.9,61.2,25.9,20.492,232.7,5.65
2025-06-19 12:13:14,2025-06-19,12:13:14,in,0.76,1310.8,0.0,29.4,10.027,330.3,1.45
2025-06-19 12:13:34,2025-06-19,12:13:34,out,5.05,17.7,61.0,25.8,20.372,240.0,6.07
2025-06-19 12:14:18,2025-06-19,12:14:18,in,1.1,1310.8,0.0,29.4,10.027,304.5,1.52
2025-06-19 12:14:38,2025-06-19,12:14:38,out,3.43,18.1,62.5,25.8,20.595,229.5,4.76
2025-06-19 12:15:21,2025-06-19,12:15:21,in,0.55,1310.8,0.0,29.5,10.069,316.0,2.11
2025-06-19 12:15:42,2025-06-19,12:15:42,out,3.91,18.0,61.7,26.0,20.657,237.2,5.52
2025-06-19 12:16:24,2025-06-19,12:16:24,in,0.51,1310.8,0.0,29.6,10.11,327.6,2.05
2025-06-19 12:16:45,2025-06-19,12:16:45,out,5.12,17.8,60.5,26.0,20.478,216.5,7.16
2025-06-19 12:17:28,2025-06-19,12:17:28,in,1.1,1310.8,0.0,29.7,10.152,308.8,1.55
2025-06-19 12:17:48,2025-06-19,12:17:48,out,3.53,18.0,61.2,26.1,20.673,219.4,6.41
2025-06-19 12:18:32,2025-06-19,12:18:32,in,1.26,1310.8,0.0,29.9,10.235,299.1,2.1
2025-06-19 12:18:52,2025-06-19,12:18:52,out,2.49,17.6,59.9,26.0,20.388,207.0,6.99
2025-06-19 12:19:35,2025-06-19,12:19:35,in,0.97,1310.8,0.0,30.0,10.276,310.1,2.28
2025-06-19 12:19:56,2025-06-19,12:19:56,out,1.5,17.8,60.4,26.1,20.553,225.6,4.93
2025-06-19 12:20:38,2025-06-19,12:20:38,in,1.9,1310.8,0.0,29.9,10.235,158.7,2.09
2025-06-19 12:21:00,2025-06-19,12:21:00,out,3.04,18.0,60.9,26.2,20.718,276.5,4.58
2025-06-19 12:21:42,2025-06-19,12:21:42,in,1.12,1310.8,0.0,29.7,10.152,315.3,2.15
2025-06-19 12:22:02,2025-06-19,12:22:02,out,4.47,18.2,60.4,26.5,20.913,240.7,6.31
2025-06-19 12:22:46,2025-06-19,12:22:46,in,1.2,1310.8,0.0,29.8,10.193,344.7,1.79
2025-06-19 12:23:06,2025-06-19,12:23:06,out,5.3,17.8,59.4,26.3,20.582,224.2,7.63
2025-06-19 12:23:49,2025-06-19,12:23:49,in,0.38,1310.8,0.0,29.6,10.11,267.4,1.61
2025-06-19 12:24:10,2025-06-19,12:24:10,out,2.43,18.0,61.2,26.1,20.673,211.8,6.78
2025-06-19 12:24:52,2025-06-19,12:24:52,in,1.22,1310.8,0.0,29.5,10.069,332.9,2.11
2025-06-19 12:25:13,2025-06-19,12:25:13,out,3.43,17.8,60.6,26.0,20.493,260.1,5.91
2025-06-19 12:25:56,2025-06-19,12:25:56,in,0.81,1310.8,0.0,29.4,10.027,336.1,1.53
2025-06-19 12:26:17,2025-06-19,12:26:17,out,4.59,17.9,60.9,26.0,20.538,222.6,7.1
2025-06-19 12:27:00,2025-06-19,12:27:00,in,0.7,1310.8,0.0,29.3,9.986,349.9,2.16
2025-06-19 12:27:20,2025-06-19,12:27:20,out,3.53,18.0,61.3,26.0,20.598,227.1,5.56
2025-06-19 12:28:03,2025-06-19,12:28:03,in,0.45,1310.8,0.0,29.4,10.027,312.0,1.93
2025-06-19 12:28:24,2025-06-19,12:28:24,out,2.52,17.9,60.6,26.1,20.583,226.9,5.79
2025-06-19 12:29:06,2025-06-19,12:29:06,in,1.03,1310.8,0.0,29.4,10.027,312.5,1.51
2025-06-19 12:29:28,2025-06-19,12:29:28,out,2.68,17.7,59.9,26.1,20.478,212.3,6.15
2025-06-19 12:30:10,2025-06-19,12:30:10,in,1.06,1310.8,0.0,29.5,10.069,290.4,1.93
2025-06-19 12:30:31,2025-06-19,12:30:31,out,3.49,17.2,58.6,26.0,20.192,209.1,5.0
2025-06-19 12:31:14,2025-06-19,12:31:14,in,0.54,1310.8,0.0,29.4,10.027,322.1,2.12
2025-06-19 12:31:34,2025-06-19,12:31:34,out,3.19,17.1,58.5,25.9,20.088,230.5,5.34
2025-06-19 12:32:17,2025-06-19,12:32:17,in,0.49,1310.8,0.0,29.3,9.986,302.6,1.91
2025-06-19 12:32:38,2025-06-19,12:32:38,out,4.58,17.1,58.9,25.8,20.059,216.7,7.25
2025-06-19 12:33:20,2025-06-19,12:33:20,in,0.67,1310.8,0.0,29.2,9.945,317.9,2.07
2025-06-19 12:33:42,2025-06-19,12:33:42,out,4.65,17.1,58.7,25.8,20.029,220.5,6.83
2025-06-19 12:34:24,2025-06-19,12:34:24,in,0.91,1310.8,0.0,29.1,9.903,325.4,1.71
2025-06-19 12:34:45,2025-06-19,12:34:45,out,2.96,17.1,59.0,25.8,20.074,249.3,5.94
2025-06-19 12:35:28,2025-06-19,12:35:28,in,0.11,1310.8,0.0,29.0,9.862,48.8,1.48
2025-06-19 12:35:48,2025-06-19,12:35:48,out,3.82,17.1,59.0,25.8,20.074,228.6,5.04
2025-06-19 12:36:31,2025-06-19,12:36:31,in,0.57,,,1310.8,,289.7,1.61
2025-06-19 12:36:52,2025-06-19,12:36:52,out,3.45,17.4,59.5,25.9,20.238,210.1,7.45
2025-06-19 12:37:34,2025-06-19,12:37:34,in,1.91,1310.8,0.0,29.1,9.903,306.2,2.4
2025-06-19 12:37:56,2025-06-19,12:37:56,out,3.28,17.5,60.0,25.9,20.313,233.3,6.04
2025-06-19 12:38:38,2025-06-19,12:38:38,in,0.35,1310.8,0.0,29.1,9.903,320.6,2.28
2025-06-19 12:38:59,2025-06-19,12:38:59,out,2.09,17.6,60.3,25.9,20.358,231.6,6.15
2025-06-19 12:39:42,2025-06-19,12:39:42,in,1.54,1310.8,0.0,29.1,9.903,317.2,2.69
2025-06-19 12:40:02,2025-06-19,12:40:02,out,2.94,18.0,61.3,26.0,20.598,252.9,4.13
2025-06-19 12:40:45,2025-06-19,12:40:45,in,0.89,1310.8,0.0,28.9,9.82,344.8,1.88
2025-06-19 12:41:06,2025-06-19,12:41:06,out,5.07,18.2,61.8,26.1,20.763,240.2,5.71
2025-06-19 12:41:48,2025-06-19,12:41:48,in,0.25,1310.8,0.0,28.9,9.82,128.6,1.82
2025-06-19 12:42:10,2025-06-19,12:42:10,out,3.76,18.3,62.1,26.1,20.807,218.4,6.7
2025-06-19 12:42:52,2025-06-19,12:42:52,in,0.85,1310.8,0.0,28.9,9.82,305.4,1.66
2025-06-19 12:43:13,2025-06-19,12:43:13,out,3.59,18.1,61.6,26.1,20.733,218.3,5.71
2025-06-19 12:43:56,2025-06-19,12:43:56,in,1.6,1310.8,0.0,29.0,9.862,305.5,2.22
2025-06-19 12:44:16,2025-06-19,12:44:16,out,2.82,17.7,60.6,26.0,20.493,245.0,6.18
2025-06-19 12:45:00,2025-06-19,12:45:00,in,0.55,1310.8,0.0,28.9,9.82,313.9,1.03
2025-06-19 12:45:20,2025-06-19,12:45:20,out,3.36,18.0,61.8,25.9,20.582,228.7,4.29
2025-06-19 12:46:03,2025-06-19,12:46:03,in,0.38,1310.8,0.0,28.8,9.779,342.1,1.4
2025-06-19 12:46:24,2025-06-19,12:46:24,out,3.24,18.0,62.0,25.8,20.521,238.3,6.19
2025-06-19 12:47:06,2025-06-19,12:47:06,in,0.65,1310.8,0.0,28.7,9.738,330.6,1.45
2025-06-19 12:47:27,2025-06-19,12:47:27,out,3.73,18.2,62.9,25.8,20.654,231.7,6.0
2025-06-19 12:48:10,2025-06-19,12:48:10,in,1.02,1310.8,0.0,28.7,9.738,312.6,1.66
2025-06-19 12:48:30,2025-06-19,12:48:30,out,3.06,18.0,62.3,25.8,20.565,234.6,5.54
2025-06-19 12:49:13,2025-06-19,12:49:13,in,0.73,1310.8,0.0,28.7,9.738,327.1,2.09
2025-06-19 12:49:34,2025-06-19,12:49:34,out,3.23,17.8,61.5,25.8,20.447,234.1,6.13
2025-06-19 12:50:17,2025-06-19,12:50:17,in,0.52,1310.8,0.0,28.6,9.696,318.0,1.96
2025-06-19 12:50:38,2025-06-19,12:50:38,out,4.84,17.7,61.5,25.7,20.356,218.5,6.79
2025-06-19 12:51:20,2025-06-19,12:51:20,in,0.87,1310.8,0.0,28.6,9.696,327.0,2.13
2025-06-19 12:51:41,2025-06-19,12:51:41,out,4.34,18.0,63.2,25.6,20.516,226.1,5.37
2025-06-19 12:52:24,2025-06-19,12:52:24,in,0.75,1310.8,0.0,28.5,9.655,329.6,2.06
2025-06-19 12:52:44,2025-06-19,12:52:44,out,4.95,18.0,63.1,25.5,20.41,206.3,6.92
2025-06-19 12:53:28,2025-06-19,12:53:28,in,0.46,1310.8,0.0,28.5,9.655,312.0,1.37
2025-06-19 12:53:48,2025-06-19,12:53:48,out,3.92,18.1,63.9,25.5,20.527,208.2,5.68
2025-06-19 12:54:31,2025-06-19,12:54:31,in,1.05,1310.8,0.0,28.6,9.696,328.4,1.93
2025-06-19 12:54:52,2025-06-19,12:54:52,out,2.93,17.8,62.3,25.5,20.293,224.2,6.13
2025-06-19 12:55:34,2025-06-19,12:55:34,in,0.51,1310.8,0.0,28.6,9.696,84.9,2.1
2025-06-19 12:55:55,2025-06-19,12:55:55,out,4.56,17.6,62.0,25.4,20.158,221.8,6.43
2025-06-19 12:56:38,2025-06-19,12:56:38,in,0.35,1310.8,0.0,28.6,9.696,131.3,0.7
2025-06-19 12:56:58,2025-06-19,12:56:58,out,2.02,17.8,62.7,25.4,20.261,242.7,6.54
2025-06-19 12:57:42,2025-06-19,12:57:42,in,0.29,1310.8,0.0,28.7,9.738,97.5,0.45
2025-06-19 12:58:02,2025-06-19,12:58:02,out,2.97,18.0,63.0,25.5,20.396,212.4,3.97
2025-06-19 12:58:45,2025-06-19,12:58:45,in,0.12,1310.8,0.0,28.7,9.738,61.0,0.87
2025-06-19 12:59:06,2025-06-19,12:59:06,out,4.4,18.0,62.8,25.6,20.457,240.8,4.72
2025-06-19 12:59:48,2025-06-19,12:59:48,in,0.75,1310.8,0.0,28.8,9.779,343.0,0.88
2025-06-19 13:00:09,2025-06-19,13:00:09,out,3.48,18.0,63.0,25.5,20.396,236.9,3.84
2025-06-19 13:00:52,2025-06-19,13:00:52,in,0.33,1310.8,0.0,28.7,9.738,39.2,0.85
2025-06-19 13:01:12,2025-06-19,13:01:12,out,2.37,18.2,63.6,25.6,20.574,226.5,3.74
2025-06-19 13:01:56,2025-06-19,13:01:56,in,0.46,1310.8,0.0,28.8,9.779,149.0,0.75
2025-06-19 13:02:16,2025-06-19,13:02:16,out,2.18,17.9,62.5,25.6,20.413,221.2,4.48
2025-06-19 13:02:59,2025-06-19,13:02:59,in,0.26,1310.8,0.0,28.7,9.738,101.7,0.93
2025-06-19 13:03:20,2025-06-19,13:03:20,out,2.64,17.6,61.6,25.5,20.19,238.5,4.53
2025-06-19 13:04:02,2025-06-19,13:04:02,in,0.29,1310.8,0.0,28.7,9.738,44.8,0.46
2025-06-19 13:04:23,2025-06-19,13:04:23,out,2.87,17.6,61.5,25.5,20.175,259.8,6.46
2025-06-19 13:05:06,2025-06-19,13:05:06,in,0.3,1310.8,0.0,28.7,9.738,31.2,0.69
2025-06-19 13:05:26,2025-06-19,13:05:26,out,4.47,17.3,60.7,25.5,20.057,237.3,5.67
2025-06-19 13:06:10,2025-06-19,13:06:10,in,0.73,1310.8,0.0,28.7,9.738,125.7,1.06
2025-06-19 13:06:30,2025-06-19,13:06:30,out,3.8,17.2,60.1,25.5,19.969,216.0,4.51
2025-06-19 13:07:13,2025-06-19,13:07:13,in,0.57,1310.8,0.0,28.6,9.696,101.7,0.96
2025-06-19 13:07:34,2025-06-19,13:07:34,out,4.5,17.5,60.8,25.6,20.162,211.8,5.88
2025-06-19 13:08:16,2025-06-19,13:08:16,in,0.26,1310.8,0.0,28.5,9.655,113.6,0.79
2025-06-19 13:08:37,2025-06-19,13:08:37,out,4.12,17.5,60.8,25.6,20.162,210.1,4.83
2025-06-19 13:09:20,2025-06-19,13:09:20,in,0.57,1310.8,0.0,28.5,9.655,143.1,0.83
2025-06-19 13:09:40,2025-06-19,13:09:40,out,1.09,17.6,61.3,25.6,20.236,175.1,4.82
2025-06-19 13:10:24,2025-06-19,13:10:24,in,0.27,1310.8,0.0,28.6,9.696,266.5,1.23
2025-06-19 13:10:44,2025-06-19,13:10:44,out,2.8,17.6,61.3,25.6,20.236,214.2,5.66
2025-06-19 13:11:27,2025-06-19,13:11:27,in,0.62,1310.8,0.0,28.7,9.738,138.5,0.78
2025-06-19 13:11:48,2025-06-19,13:11:48,out,1.52,17.6,61.2,25.6,20.222,222.7,4.38
2025-06-19 13:12:31,2025-06-19,13:12:31,in,0.2,1310.8,0.0,28.7,9.738,111.6,0.99
2025-06-19 13:12:51,2025-06-19,13:12:51,out,2.88,17.7,61.1,25.8,20.387,215.0,4.13
2025-06-19 13:13:34,2025-06-19,13:13:34,in,0.81,1310.8,0.0,28.8,9.779,110.7,1.07
2025-06-19 13:14:22,2025-06-19,13:14:22,out,4.55,17.1,59.0,25.8,20.074,219.9,5.5
2025-06-19 13:14:38,2025-06-19,13:14:38,in,0.69,1310.8,0.0,28.8,9.779,117.8,0.88
2025-06-19 13:15:24,2025-06-19,13:15:24,out,1.85,17.4,60.3,25.7,20.178,214.4,4.16
2025-06-19 13:15:41,2025-06-19,13:15:41,in,0.33,1310.8,0.0,28.7,9.738,87.6,0.71
2025-06-19 13:16:28,2025-06-19,13:16:28,out,3.46,17.4,60.2,25.7,20.163,236.7,4.56
2025-06-19 13:16:44,2025-06-19,13:16:44,in,0.13,1310.8,0.0,28.7,9.738,92.6,0.78
2025-06-19 13:17:32,2025-06-19,13:17:32,out,2.97,17.8,61.2,25.8,20.402,247.3,3.97
2025-06-19 13:17:48,2025-06-19,13:17:48,in,0.51,1310.8,0.0,28.7,9.738,129.4,0.63
2025-06-19 13:18:35,2025-06-19,13:18:35,out,2.23,18.0,62.0,25.9,20.611,232.8,5.38
2025-06-19 13:18:52,2025-06-19,13:18:52,in,0.55,1310.8,0.0,28.7,9.738,89.6,1.09
2025-06-19 13:19:38,2025-06-19,13:19:38,out,4.28,18.0,61.8,25.9,20.582,211.3,5.0
2025-06-19 13:19:55,2025-06-19,13:19:55,in,0.19,1310.8,0.0,28.7,9.738,111.9,0.79
2025-06-19 13:20:42,2025-06-19,13:20:42,out,1.46,17.9,61.4,25.9,20.522,230.7,4.17
2025-06-19 13:20:58,2025-06-19,13:20:58,in,0.28,1310.8,0.0,28.7,9.738,119.8,0.82
2025-06-19 13:21:46,2025-06-19,13:21:46,out,2.92,17.9,60.9,26.0,20.538,214.3,3.22
2025-06-19 13:22:02,2025-06-19,13:22:02,in,0.35,1310.8,0.0,28.8,9.779,329.4,0.66
2025-06-19 13:22:49,2025-06-19,13:22:49,out,2.4,17.8,60.5,26.0,20.478,218.8,4.08
2025-06-19 13:23:06,2025-06-19,13:23:06,in,0.32,1310.8,0.0,28.8,9.779,115.6,0.74
2025-06-19 13:23:52,2025-06-19,13:23:52,out,3.12,17.8,60.5,26.0,20.478,245.0,4.01
2025-06-19 13:24:09,2025-06-19,13:24:09,in,0.37,1310.8,0.0,28.8,9.779,117.5,0.67
2025-06-19 13:24:56,2025-06-19,13:24:56,out,2.16,17.4,59.7,25.9,20.268,254.6,4.47
2025-06-19 13:25:13,2025-06-19,13:25:13,in,0.43,1310.8,0.0,28.7,9.738,9.7,0.72
2025-06-19 13:26:00,2025-06-19,13:26:00,out,3.31,17.6,60.4,25.9,20.373,216.9,4.84
2025-06-19 13:26:16,2025-06-19,13:26:16,in,0.39,1310.8,0.0,28.7,9.738,63.5,0.76
2025-06-19 13:27:03,2025-06-19,13:27:03,out,2.59,17.7,60.8,25.9,20.433,253.5,4.51
2025-06-19 13:27:20,2025-06-19,13:27:20,in,0.18,1310.8,0.0,28.7,9.738,120.9,0.61
2025-06-19 13:28:06,2025-06-19,13:28:06,out,2.98,17.8,61.1,25.9,20.477,278.4,4.52
2025-06-19 13:28:23,2025-06-19,13:28:23,in,0.87,1310.8,0.0,28.7,9.738,335.5,1.05
2025-06-19 13:29:10,2025-06-19,13:29:10,out,3.07,17.8,61.5,25.8,20.447,242.5,3.86
2025-06-19 13:29:27,2025-06-19,13:29:27,in,0.51,1310.8,0.0,28.4,9.613,335.2,1.08
2025-06-19 13:30:14,2025-06-19,13:30:14,out,3.79,17.8,61.3,25.8,20.417,232.4,5.4
2025-06-19 13:30:30,2025-06-19,13:30:30,in,0.47,1310.8,0.0,28.5,9.655,350.3,0.63
2025-06-19 13:31:17,2025-06-19,13:31:17,out,2.83,17.6,60.5,25.8,20.298,234.8,5.09
2025-06-19 13:31:34,2025-06-19,13:31:34,in,0.39,1310.8,0.0,28.5,9.655,46.5,0.71
2025-06-19 13:32:20,2025-06-19,13:32:20,out,2.68,17.7,61.0,25.8,20.372,217.3,4.06
2025-06-19 13:32:37,2025-06-19,13:32:37,in,0.14,1310.8,0.0,28.5,9.655,44.2,0.57
2025-06-19 13:33:24,2025-06-19,13:33:24,out,2.7,17.6,60.7,25.8,20.328,199.9,5.17
2025-06-19 13:33:41,2025-06-19,13:33:41,in,0.05,1310.8,0.0,28.5,9.655,268.8,1.04
2025-06-19 13:34:28,2025-06-19,13:34:28,out,1.78,17.7,61.0,25.8,20.372,259.0,3.09
2025-06-19 13:34:44,2025-06-19,13:34:44,in,0.67,1310.8,0.0,28.4,9.613,358.0,1.16
2025-06-19 13:35:31,2025-06-19,13:35:31,out,3.93,17.5,59.8,25.9,20.283,219.7,5.98
2025-06-19 13:35:48,2025-06-19,13:35:48,in,0.29,1310.8,0.0,28.4,9.613,4.9,1.2
2025-06-19 13:36:34,2025-06-19,13:36:34,out,1.98,17.4,59.6,25.9,20.253,245.7,4.69
2025-06-19 13:36:52,2025-06-19,13:36:52,in,1.65,1310.8,0.0,28.3,9.572,334.3,2.35
2025-06-19 13:37:38,2025-06-19,13:37:38,out,2.37,17.1,58.9,25.8,20.059,258.5,4.43
2025-06-19 13:37:55,2025-06-19,13:37:55,in,1.18,1310.8,0.0,28.0,9.448,327.0,2.22
2025-06-19 13:38:42,2025-06-19,13:38:42,out,2.23,17.0,58.3,25.8,19.969,283.8,3.13
2025-06-19 13:38:58,2025-06-19,13:38:58,in,1.27,1310.8,0.0,27.8,9.365,332.6,1.97
2025-06-19 13:39:45,2025-06-19,13:39:45,out,1.97,17.2,58.8,25.9,20.133,253.8,2.45
2025-06-19 13:40:02,2025-06-19,13:40:02,in,0.99,1310.8,0.0,27.7,9.323,314.3,1.84
2025-06-19 13:40:48,2025-06-19,13:40:48,out,3.31,17.3,59.2,25.9,20.193,255.5,4.5
2025-06-19 13:41:06,2025-06-19,13:41:06,in,1.27,1310.8,0.0,27.7,9.323,338.8,1.73
2025-06-19 13:41:52,2025-06-19,13:41:52,out,3.4,17.6,59.9,26.0,20.388,218.1,4.76
2025-06-19 13:42:09,2025-06-19,13:42:09,in,0.35,1310.8,0.0,27.7,9.323,347.8,1.43
2025-06-19 13:42:56,2025-06-19,13:42:56,out,3.77,17.4,59.4,25.9,20.223,232.9,5.04
2025-06-19 13:43:12,2025-06-19,13:43:12,in,0.58,1310.8,0.0,27.8,9.365,331.5,1.71
2025-06-19 13:43:59,2025-06-19,13:43:59,out,1.92,17.7,60.8,25.9,20.433,248.6,4.23
2025-06-19 13:44:16,2025-06-19,13:44:16,in,0.45,1310.8,0.0,27.9,9.406,335.4,1.59
2025-06-19 13:45:02,2025-06-19,13:45:02,out,4.29,18.0,61.2,26.0,20.583,228.2,5.31
2025-06-19 13:45:20,2025-06-19,13:45:20,in,0.3,1310.8,0.0,28.0,9.448,47.9,1.85
2025-06-19 13:46:06,2025-06-19,13:46:06,out,3.71,18.0,61.5,26.0,20.627,276.5,4.75
2025-06-19 13:46:23,2025-06-19,13:46:23,in,1.29,1310.8,0.0,28.0,9.448,323.0,1.72
2025-06-19 13:47:10,2025-06-19,13:47:10,out,4.19,18.1,61.9,26.0,20.687,255.1,6.01
2025-06-19 13:47:26,2025-06-19,13:47:26,in,0.39,1310.8,0.0,27.9,9.406,20.0,1.59
2025-06-19 13:48:13,2025-06-19,13:48:13,out,4.9,18.0,61.7,25.9,20.567,235.9,5.96
2025-06-19 13:48:30,2025-06-19,13:48:30,in,0.92,1310.8,0.0,27.9,9.406,338.8,1.37
2025-06-19 13:49:17,2025-06-19,13:49:17,out,2.52,17.9,61.7,25.8,20.476,248.3,5.54
2025-06-19 13:49:34,2025-06-19,13:49:34,in,1.35,1310.8,0.0,27.8,9.365,345.9,1.6
2025-06-19 13:50:20,2025-06-19,13:50:20,out,3.85,18.0,61.9,25.8,20.506,240.2,5.0
2025-06-19 13:50:37,2025-06-19,13:50:37,in,1.37,1310.8,0.0,27.7,9.323,331.7,2.17
2025-06-19 13:51:24,2025-06-19,13:51:24,out,3.59,18.0,62.7,25.7,20.533,223.3,4.95
2025-06-19 13:51:40,2025-06-19,13:51:40,in,0.31,1310.8,0.0,27.6,9.282,112.1,1.47
2025-06-19 13:52:28,2025-06-19,13:52:28,out,5.37,17.9,62.0,25.7,20.43,228.8,5.84
2025-06-19 13:52:44,2025-06-19,13:52:44,in,0.09,1310.8,0.0,27.6,9.282,299.4,1.19
2025-06-19 13:53:30,2025-06-19,13:53:30,out,1.43,17.9,62.6,25.6,20.428,198.5,4.32
2025-06-19 13:53:48,2025-06-19,13:53:48,in,1.33,1310.8,0.0,27.7,9.323,322.4,1.88
2025-06-19 13:54:34,2025-06-19,13:54:34,out,3.83,18.0,63.0,25.6,20.486,240.0,4.52
2025-06-19 13:54:51,2025-06-19,13:54:51,in,1.13,1310.8,0.0,27.7,9.323,341.0,2.31
2025-06-19 13:55:38,2025-06-19,13:55:38,out,3.59,18.2,63.7,25.6,20.589,253.1,4.39
2025-06-19 13:55:54,2025-06-19,13:55:54,in,1.26,1310.8,0.0,27.5,9.24,339.0,1.93
2025-06-19 13:56:42,2025-06-19,13:56:42,out,2.56,18.3,64.0,25.6,20.633,280.7,4.24
2025-06-19 13:56:58,2025-06-19,13:56:58,in,1.24,1310.8,0.0,27.4,9.199,331.5,1.82
2025-06-19 13:57:45,2025-06-19,13:57:45,out,1.38,18.3,64.3,25.6,20.676,233.5,3.2
2025-06-19 13:58:02,2025-06-19,13:58:02,in,0.13,1310.8,0.0,27.3,9.157,308.3,1.77
2025-06-19 13:58:48,2025-06-19,13:58:48,out,2.56,18.3,64.2,25.6,20.662,254.1,4.85
2025-06-19 13:59:05,2025-06-19,13:59:05,in,0.57,1310.8,0.0,27.4,9.199,291.2,1.74
2025-06-19 13:59:52,2025-06-19,13:59:52,out,1.71,18.3,64.1,25.6,20.647,221.0,3.88
2025-06-19 14:00:08,2025-06-19,14:00:08,in,1.13,1310.8,0.0,27.4,9.199,308.0,1.51
2025-06-19 14:00:56,2025-06-19,14:00:56,out,3.29,18.2,63.9,25.6,20.618,243.3,4.39
2025-06-19 14:01:12,2025-06-19,14:01:12,in,0.7,1310.8,0.0,27.5,9.24,330.4,1.89
2025-06-19 14:01:59,2025-06-19,14:01:59,out,2.72,18.2,63.8,25.6,20.604,270.4,4.04
2025-06-19 14:02:16,2025-06-19,14:02:16,in,0.76,1310.8,0.0,27.4,9.199,322.2,1.44
2025-06-19 14:03:02,2025-06-19,14:03:02,out,3.65,18.0,63.1,25.5,20.41,240.6,4.55
2025-06-19 14:03:19,2025-06-19,14:03:19,in,0.48,1310.8,0.0,27.3,9.157,240.0,2.04
2025-06-19 14:04:06,2025-06-19,14:04:06,out,3.84,18.1,63.8,25.5,20.512,250.0,5.12
2025-06-19 14:04:22,2025-06-19,14:04:22,in,0.93,1310.8,0.0,27.3,9.157,322.0,1.39
2025-06-19 14:05:10,2025-06-19,14:05:10,out,1.87,18.2,64.0,25.5,20.541,235.6,3.96
2025-06-19 14:05:26,2025-06-19,14:05:26,in,0.42,1310.8,0.0,27.3,9.157,334.8,1.4
2025-06-19 14:06:13,2025-06-19,14:06:13,out,1.44,18.0,63.9,25.4,20.436,243.3,4.05
2025-06-19 14:06:30,2025-06-19,14:06:30,in,0.6,1310.8,0.0,27.3,9.157,294.8,1.27
2025-06-19 14:07:16,2025-06-19,14:07:16,out,2.44,18.1,64.2,25.4,20.479,224.4,2.78
2025-06-19 14:07:33,2025-06-19,14:07:33,in,1.28,1310.8,0.0,27.3,9.157,300.8,1.94
2025-06-19 14:08:20,2025-06-19,14:08:20,out,3.17,18.2,64.4,25.4,20.508,226.6,3.91
2025-06-19 14:08:36,2025-06-19,14:08:36,in,0.43,1310.8,0.0,27.3,9.157,282.0,1.34
2025-06-19 14:09:24,2025-06-19,14:09:24,out,3.9,18.1,64.3,25.4,20.494,247.8,5.06
2025-06-19 14:09:40,2025-06-19,14:09:40,in,0.62,1310.8,0.0,27.3,9.157,336.1,1.68
2025-06-19 14:10:27,2025-06-19,14:10:27,out,3.63,18.0,64.2,25.3,20.388,227.2,5.08
2025-06-19 14:10:44,2025-06-19,14:10:44,in,0.47,1310.8,0.0,27.3,9.157,312.2,1.6
2025-06-19 14:11:30,2025-06-19,14:11:30,out,2.22,18.2,64.4,25.4,20.508,225.5,4.53
2025-06-19 14:11:47,2025-06-19,14:11:47,in,1.19,1310.8,0.0,27.3,9.157,307.4,1.46
2025-06-19 14:12:34,2025-06-19,14:12:34,out,3.48,18.2,64.4,25.4,20.508,233.7,5.35
2025-06-19 14:12:51,2025-06-19,14:12:51,in,0.96,1310.8,0.0,27.4,9.199,314.4,1.59
2025-06-19 14:13:38,2025-06-19,14:13:38,out,2.05,18.2,64.8,25.3,20.475,234.0,3.22
2025-06-19 14:13:54,2025-06-19,14:13:54,in,1.03,1310.8,0.0,27.3,9.157,319.1,1.7
2025-06-19 14:14:41,2025-06-19,14:14:41,out,3.73,18.1,64.5,25.3,20.431,229.9,4.32
2025-06-19 14:14:58,2025-06-19,14:14:58,in,0.59,1310.8,0.0,27.2,9.116,338.4,1.62
2025-06-19 14:15:44,2025-06-19,14:15:44,out,1.37,18.1,65.1,25.2,20.426,266.3,3.72
2025-06-19 14:16:01,2025-06-19,14:16:01,in,0.76,1310.8,0.0,27.2,9.116,314.7,1.33
2025-06-19 14:16:48,2025-06-19,14:16:48,out,3.1,18.1,64.9,25.3,20.489,232.6,4.29
2025-06-19 14:17:04,2025-06-19,14:17:04,in,0.61,1310.8,0.0,27.2,9.116,3.8,1.46
2025-06-19 14:17:52,2025-06-19,14:17:52,out,2.79,18.1,64.9,25.2,20.398,235.6,4.02
2025-06-19 14:18:08,2025-06-19,14:18:08,in,0.39,1310.8,0.0,27.2,9.116,335.9,1.65
2025-06-19 14:18:55,2025-06-19,14:18:55,out,2.55,18.3,65.2,25.3,20.533,222.4,3.57
2025-06-19 14:19:12,2025-06-19,14:19:12,in,1.17,1310.8,0.0,27.2,9.116,284.3,1.58
2025-06-19 14:19:58,2025-06-19,14:19:58,out,4.96,18.0,64.3,25.3,20.402,218.3,5.72
2025-06-19 14:20:15,2025-06-19,14:20:15,in,0.44,1310.8,0.0,27.3,9.157,324.7,1.7
2025-06-19 14:21:02,2025-06-19,14:21:02,out,4.37,18.2,64.9,25.3,20.489,209.9,5.27
2025-06-19 14:21:18,2025-06-19,14:21:18,in,0.63,1310.8,0.0,27.5,9.24,284.0,1.34
2025-06-19 14:22:06,2025-06-19,14:22:06,out,1.91,18.1,64.8,25.2,20.383,159.8,4.37
2025-06-19 14:22:22,2025-06-19,14:22:22,in,0.4,1310.8,0.0,27.5,9.24,288.1,2.24
2025-06-19 14:23:09,2025-06-19,14:23:09,out,1.48,18.2,65.4,25.2,20.47,216.0,2.31
2025-06-19 14:23:26,2025-06-19,14:23:26,in,1.07,1310.8,0.0,27.6,9.282,299.1,2.14
2025-06-19 14:24:13,2025-06-19,14:24:13,out,2.11,18.4,65.6,25.3,20.59,271.4,3.53
2025-06-19 14:24:30,2025-06-19,14:24:30,in,0.86,1310.8,0.0,27.5,9.24,320.3,1.73
2025-06-19 14:25:16,2025-06-19,14:25:16,out,1.3,18.5,65.7,25.4,20.696,244.7,2.62
2025-06-19 14:25:33,2025-06-19,14:25:33,in,1.34,1310.8,0.0,27.4,9.199,312.4,1.75
2025-06-19 14:26:20,2025-06-19,14:26:20,out,2.49,18.4,64.8,25.5,20.658,242.8,4.07
2025-06-19 14:26:36,2025-06-19,14:26:36,in,1.24,1310.8,0.0,27.4,9.199,298.0,1.93
2025-06-19 14:27:23,2025-06-19,14:27:23,out,2.78,18.3,64.7,25.5,20.643,217.3,4.11
2025-06-19 14:27:40,2025-06-19,14:27:40,in,0.42,1310.8,0.0,27.5,9.24,322.0,1.31
2025-06-19 14:28:26,2025-06-19,14:28:26,out,2.7,18.1,63.7,25.5,20.498,191.1,3.25
2025-06-19 14:28:44,2025-06-19,14:28:44,in,0.87,1310.8,0.0,27.6,9.282,292.0,1.16
2025-06-19 14:29:30,2025-06-19,14:29:30,out,1.48,18.0,63.5,25.5,20.469,201.7,2.95
2025-06-19 14:29:47,2025-06-19,14:29:47,in,0.76,1310.8,0.0,27.6,9.282,295.4,1.82
2025-06-19 14:30:34,2025-06-19,14:30:34,out,1.42,18.1,63.4,25.6,20.545,212.4,3.01
2025-06-19 14:30:50,2025-06-19,14:30:50,in,1.86,1310.8,0.0,27.7,9.323,312.0,2.94
2025-06-19 14:31:37,2025-06-19,14:31:37,out,3.33,18.0,62.3,25.7,20.474,213.9,4.24
2025-06-19 14:31:54,2025-06-19,14:31:54,in,0.92,1310.8,0.0,27.8,9.365,338.2,1.97
2025-06-19 14:32:40,2025-06-19,14:32:40,out,3.21,18.0,62.8,25.6,20.457,224.5,4.01
2025-06-19 14:32:58,2025-06-19,14:32:58,in,1.21,1310.8,0.0,27.8,9.365,303.1,1.75
2025-06-19 14:33:44,2025-06-19,14:33:44,out,1.25,17.7,61.7,25.6,20.295,164.7,3.79
2025-06-19 14:34:01,2025-06-19,14:34:01,in,0.23,1310.8,0.0,27.9,9.406,268.8,1.61
2025-06-19 14:34:48,2025-06-19,14:34:48,out,3.07,17.7,61.8,25.6,20.31,231.5,3.4
2025-06-19 14:35:04,2025-06-19,14:35:04,in,2.02,1310.8,0.0,27.9,9.406,310.1,2.49
2025-06-19 14:35:52,2025-06-19,14:35:52,out,2.16,17.8,62.2,25.6,20.369,205.4,3.49
2025-06-19 14:36:08,2025-06-19,14:36:08,in,0.87,1310.8,0.0,27.9,9.406,334.6,1.84
2025-06-19 14:36:55,2025-06-19,14:36:55,out,3.18,18.0,63.0,25.6,20.486,263.3,4.16
2025-06-19 14:37:12,2025-06-19,14:37:12,in,1.65,1310.8,0.0,27.7,9.323,324.1,2.52
2025-06-19 14:37:58,2025-06-19,14:37:58,out,2.87,18.0,62.7,25.7,20.533,246.3,4.22
2025-06-19 14:38:15,2025-06-19,14:38:15,in,1.39,1310.8,0.0,27.6,9.282,342.1,1.9
2025-06-19 14:39:02,2025-06-19,14:39:02,out,1.17,18.0,62.8,25.7,20.548,280.7,3.22
2025-06-19 14:39:18,2025-06-19,14:39:18,in,1.39,1310.8,0.0,27.4,9.199,323.0,1.9
2025-06-19 14:40:06,2025-06-19,14:40:06,out,3.02,17.9,62.1,25.7,20.445,272.8,4.22
2025-06-19 14:40:22,2025-06-19,14:40:22,in,1.88,1310.8,0.0,27.3,9.157,330.0,2.08
2025-06-19 14:41:09,2025-06-19,14:41:09,out,1.81,17.8,61.9,25.6,20.325,271.4,3.78
2025-06-19 14:41:26,2025-06-19,14:41:26,in,1.3,1310.8,0.0,27.1,9.075,333.9,1.98
2025-06-19 14:42:12,2025-06-19,14:42:12,out,1.31,17.9,62.0,25.7,20.43,252.5,1.9
2025-06-19 14:42:29,2025-06-19,14:42:29,in,1.47,1310.8,0.0,27.1,9.075,299.1,2.18
2025-06-19 14:43:16,2025-06-19,14:43:16,out,1.48,17.9,62.0,25.7,20.43,262.0,2.6
2025-06-19 14:43:32,2025-06-19,14:43:32,in,1.45,1310.8,0.0,27.0,9.033,334.8,2.08
2025-06-19 14:44:20,2025-06-19,14:44:20,out,3.3,17.5,60.7,25.7,20.238,242.4,4.85
2025-06-19 14:44:36,2025-06-19,14:44:36,in,0.38,1310.8,0.0,27.1,9.075,353.1,1.7
2025-06-19 14:45:23,2025-06-19,14:45:23,out,1.89,17.6,61.1,25.7,20.297,258.2,4.04
2025-06-19 14:45:40,2025-06-19,14:45:40,in,0.91,1310.8,0.0,27.2,9.116,327.5,1.65
2025-06-19 14:46:26,2025-06-19,14:46:26,out,2.88,17.6,60.9,25.7,20.267,232.1,3.7
2025-06-19 14:46:43,2025-06-19,14:46:43,in,1.01,1310.8,0.0,27.2,9.116,340.4,1.89
2025-06-19 14:47:30,2025-06-19,14:47:30,out,2.14,17.6,60.9,25.7,20.267,239.4,3.55
2025-06-19 14:47:46,2025-06-19,14:47:46,in,1.28,1310.8,0.0,27.2,9.116,321.3,1.8
2025-06-19 14:48:34,2025-06-19,14:48:34,out,2.18,17.4,60.4,25.7,20.193,257.9,3.61
2025-06-19 14:48:50,2025-06-19,14:48:50,in,1.68,1310.8,0.0,27.1,9.075,338.9,2.25
2025-06-19 14:49:37,2025-06-19,14:49:37,out,2.69,17.3,59.9,25.7,20.119,280.0,3.44
2025-06-19 14:49:54,2025-06-19,14:49:54,in,1.14,1310.8,0.0,27.1,9.075,313.6,2.1
2025-06-19 14:50:40,2025-06-19,14:50:40,out,3.88,17.1,59.1,25.7,19.999,242.6,4.55
2025-06-19 14:50:57,2025-06-19,14:50:57,in,1.06,1310.8,0.0,27.0,9.033,349.5,1.94
2025-06-19 14:51:44,2025-06-19,14:51:44,out,1.99,17.1,59.1,25.7,19.999,231.4,4.48
2025-06-19 14:52:00,2025-06-19,14:52:00,in,0.9,1310.8,0.0,27.0,9.033,342.1,1.31
2025-06-19 14:52:48,2025-06-19,14:52:48,out,3.26,16.7,57.5,25.7,19.759,226.4,4.0
2025-06-19 14:53:04,2025-06-19,14:53:04,in,0.61,1310.8,0.0,27.2,9.116,305.1,1.58
2025-06-19 14:53:51,2025-06-19,14:53:51,out,1.22,17.0,58.3,25.8,19.969,207.6,4.21
2025-06-19 14:54:08,2025-06-19,14:54:08,in,1.03,1310.8,0.0,27.4,9.199,323.7,1.5
2025-06-19 14:54:54,2025-06-19,14:54:54,out,1.37,16.9,57.7,25.9,19.967,212.6,2.85
2025-06-19 14:55:11,2025-06-19,14:55:11,in,1.0,1310.8,0.0,27.6,9.282,323.6,1.77
2025-06-19 14:55:58,2025-06-19,14:55:58,out,0.19,17.1,58.2,26.0,20.132,299.1,1.73
2025-06-19 14:56:14,2025-06-19,14:56:14,in,0.94,1310.8,0.0,27.7,9.323,315.8,1.83
2025-06-19 14:57:02,2025-06-19,14:57:02,out,3.14,17.1,57.8,26.1,20.16,227.8,3.46
2025-06-19 14:57:18,2025-06-19,14:57:18,in,0.69,1310.8,0.0,27.8,9.365,327.0,2.03
2025-06-19 14:58:05,2025-06-19,14:58:05,out,4.48,17.3,58.0,26.2,20.28,239.1,5.12
2025-06-19 14:58:22,2025-06-19,14:58:22,in,0.62,1310.8,0.0,27.8,9.365,336.9,1.26
2025-06-19 14:59:08,2025-06-19,14:59:08,out,3.78,17.4,58.7,26.2,20.386,225.6,4.49
2025-06-19 14:59:25,2025-06-19,14:59:25,in,0.43,1310.8,0.0,27.9,9.406,297.3,1.45
2025-06-19 15:00:12,2025-06-19,15:00:12,out,1.27,17.4,58.9,26.1,20.327,249.0,3.9
2025-06-19 15:00:28,2025-06-19,15:00:28,in,1.53,1310.8,0.0,28.0,9.448,319.8,1.9
2025-06-19 15:01:16,2025-06-19,15:01:16,out,2.79,17.7,59.6,26.2,20.523,280.2,3.7
2025-06-19 15:01:32,2025-06-19,15:01:32,in,1.53,1310.8,0.0,28.1,9.489,327.0,1.88
2025-06-19 15:02:19,2025-06-19,15:02:19,out,2.7,17.8,59.9,26.2,20.568,275.4,4.15
2025-06-19 15:02:36,2025-06-19,15:02:36,in,0.77,1310.8,0.0,28.0,9.448,339.5,2.01
2025-06-19 15:03:22,2025-06-19,15:03:22,out,1.44,18.0,60.3,26.3,20.718,243.4,2.5
2025-06-19 15:03:40,2025-06-19,15:03:40,in,1.17,1310.8,0.0,28.0,9.448,301.0,1.82
2025-06-19 15:04:26,2025-06-19,15:04:26,out,2.2,17.8,59.3,26.4,20.656,196.1,3.54
2025-06-19 15:04:43,2025-06-19,15:04:43,in,1.08,1310.8,0.0,28.1,9.489,315.8,1.91
2025-06-19 15:05:30,2025-06-19,15:05:30,out,1.57,17.8,59.1,26.4,20.626,200.9,2.5
2025-06-19 15:05:46,2025-06-19,15:05:46,in,0.72,1310.8,0.0,28.2,9.53,328.1,2.03
2025-06-19 15:06:33,2025-06-19,15:06:33,out,2.13,17.7,58.7,26.4,20.565,228.8,2.8
2025-06-19 15:06:50,2025-06-19,15:06:50,in,1.09,1310.8,0.0,28.1,9.489,316.0,1.74
2025-06-19 15:07:36,2025-06-19,15:07:36,out,1.31,18.0,59.5,26.5,20.776,288.0,2.23
2025-06-19 15:07:54,2025-06-19,15:07:54,in,1.18,1310.8,0.0,28.1,9.489,331.8,1.69
2025-06-19 15:08:40,2025-06-19,15:08:40,out,0.03,18.2,60.0,26.6,20.942,189.3,1.36
2025-06-19 15:08:56,2025-06-19,15:08:56,in,0.75,1310.8,0.0,28.1,9.489,335.0,2.01
2025-06-19 15:09:44,2025-06-19,15:09:44,out,2.72,18.1,59.4,26.7,20.941,235.8,3.11
2025-06-19 15:10:00,2025-06-19,15:10:00,in,1.24,1310.8,0.0,28.2,9.53,327.8,2.19
2025-06-19 15:10:47,2025-06-19,15:10:47,out,2.58,18.0,58.9,26.7,20.864,261.3,3.04
2025-06-19 15:11:04,2025-06-19,15:11:04,in,0.91,1310.8,0.0,28.1,9.489,337.4,1.55
2025-06-19 15:11:50,2025-06-19,15:11:50,out,1.42,17.9,58.4,26.7,20.787,228.4,2.57
2025-06-19 15:12:07,2025-06-19,15:12:07,in,0.7,1310.8,0.0,28.0,9.448,311.8,1.8
2025-06-19 15:12:54,2025-06-19,15:12:54,out,2.61,17.8,58.1,26.7,20.741,241.4,3.33
2025-06-19 15:13:11,2025-06-19,15:13:11,in,0.7,1310.8,0.0,28.0,9.448,303.3,1.41
2025-06-19 15:13:58,2025-06-19,15:13:58,out,1.88,17.5,57.0,26.7,20.571,206.7,3.2
2025-06-19 15:14:14,2025-06-19,15:14:14,in,0.77,1310.8,0.0,28.1,9.489,331.6,1.25
2025-06-19 15:15:01,2025-06-19,15:15:01,out,1.17,17.6,57.8,26.6,20.606,2.8,1.47
2025-06-19 15:15:18,2025-06-19,15:15:18,in,1.11,1310.8,0.0,28.1,9.489,322.5,1.47
2025-06-19 15:16:04,2025-06-19,15:16:04,out,1.82,17.7,57.9,26.7,20.71,290.7,2.33
2025-06-19 15:16:22,2025-06-19,15:16:22,in,1.25,1310.8,0.0,27.9,9.406,319.2,1.81
2025-06-19 15:17:08,2025-06-19,15:17:08,out,2.09,17.7,57.5,26.8,20.737,258.5,2.81
2025-06-19 15:17:25,2025-06-19,15:17:25,in,1.38,1310.8,0.0,27.8,9.365,324.1,2.09
2025-06-19 15:18:12,2025-06-19,15:18:12,out,4.06,17.3,56.4,26.7,20.478,229.4,4.28
2025-06-19 15:18:28,2025-06-19,15:18:28,in,0.48,1310.8,0.0,27.7,9.323,284.0,1.68
2025-06-19 15:19:15,2025-06-19,15:19:15,out,2.22,17.5,57.1,26.7,20.586,277.4,4.01
2025-06-19 15:19:32,2025-06-19,15:19:32,in,1.39,1310.8,0.0,27.8,9.365,333.6,1.93
2025-06-19 15:20:18,2025-06-19,15:20:18,out,2.74,17.2,56.0,26.7,20.416,271.3,3.94
2025-06-19 15:20:36,2025-06-19,15:20:36,in,1.55,1310.8,0.0,27.8,9.365,335.8,2.18
2025-06-19 15:21:22,2025-06-19,15:21:22,out,1.47,16.9,55.4,26.6,20.234,301.0,3.55
2025-06-19 15:21:39,2025-06-19,15:21:39,in,1.41,1310.8,0.0,27.7,9.323,325.5,2.05
2025-06-19 15:22:26,2025-06-19,15:22:26,out,2.18,16.9,55.5,26.5,20.161,292.8,3.7
2025-06-19 15:22:42,2025-06-19,15:22:42,in,1.87,1310.8,0.0,27.4,9.199,320.3,2.58
2025-06-19 15:23:29,2025-06-19,15:23:29,out,2.5,16.9,55.5,26.5,20.161,265.6,2.86
2025-06-19 15:23:46,2025-06-19,15:23:46,in,0.83,1310.8,0.0,27.3,9.157,328.5,2.25
2025-06-19 15:24:33,2025-06-19,15:24:33,out,2.65,16.9,55.7,26.5,20.192,257.7,3.48
2025-06-19 15:24:50,2025-06-19,15:24:50,in,0.49,1310.8,0.0,27.4,9.199,326.1,1.51
2025-06-19 15:25:36,2025-06-19,15:25:36,out,2.69,17.0,55.9,26.5,20.223,265.4,4.29
2025-06-19 15:25:53,2025-06-19,15:25:53,in,0.3,1310.8,0.0,27.5,9.24,1.7,1.33
2025-06-19 15:26:40,2025-06-19,15:26:40,out,1.92,17.1,56.4,26.5,20.301,255.0,3.5
2025-06-19 15:26:56,2025-06-19,15:26:56,in,0.07,1310.8,0.0,27.6,9.282,37.9,1.17
2025-06-19 15:27:43,2025-06-19,15:27:43,out,1.84,17.4,57.0,26.6,20.482,222.9,2.85
2025-06-19 15:28:00,2025-06-19,15:28:00,in,0.83,1310.8,0.0,27.7,9.323,308.7,1.62
2025-06-19 15:28:47,2025-06-19,15:28:47,out,3.49,17.1,56.0,26.6,20.327,213.6,4.61
2025-06-19 15:29:04,2025-06-19,15:29:04,in,0.28,1310.8,0.0,27.8,9.365,353.4,1.73
2025-06-19 15:29:50,2025-06-19,15:29:50,out,3.99,17.0,56.1,26.5,20.254,238.7,4.46
2025-06-19 15:30:07,2025-06-19,15:30:07,in,0.54,1310.8,0.0,27.9,9.406,4.9,2.21
2025-06-19 15:30:54,2025-06-19,15:30:54,out,2.86,17.2,56.9,26.5,20.378,230.5,3.85
2025-06-19 15:31:10,2025-06-19,15:31:10,in,0.66,1310.8,0.0,27.9,9.406,342.5,1.61
2025-06-19 15:31:57,2025-06-19,15:31:57,out,1.77,17.3,57.0,26.5,20.393,236.4,4.02
2025-06-19 15:32:14,2025-06-19,15:32:14,in,0.64,1310.8,0.0,27.9,9.406,335.9,1.55
2025-06-19 15:33:01,2025-06-19,15:33:01,out,1.97,17.3,57.2,26.5,20.424,255.0,4.26
2025-06-19 15:33:18,2025-06-19,15:33:18,in,1.4,1310.8,0.0,27.9,9.406,342.4,1.75
2025-06-19 15:34:04,2025-06-19,15:34:04,out,1.89,17.4,57.6,26.5,20.486,257.5,3.21
2025-06-19 15:34:21,2025-06-19,15:34:21,in,0.96,1310.8,0.0,27.8,9.365,316.2,1.72
2025-06-19 15:35:08,2025-06-19,15:35:08,out,3.0,17.2,56.9,26.5,20.378,238.4,4.38
2025-06-19 15:35:24,2025-06-19,15:35:24,in,0.3,1310.8,0.0,27.9,9.406,39.0,1.42
2025-06-19 15:36:12,2025-06-19,15:36:12,out,3.19,17.0,56.5,26.4,20.228,244.8,3.82
2025-06-19 15:36:28,2025-06-19,15:36:28,in,0.36,1310.8,0.0,27.9,9.406,6.4,0.58
2025-06-19 15:37:15,2025-06-19,15:37:15,out,2.59,17.0,56.4,26.4,20.212,228.2,3.98
2025-06-19 15:37:32,2025-06-19,15:37:32,in,0.21,1310.8,0.0,27.9,9.406,350.5,0.77
2025-06-19 15:38:18,2025-06-19,15:38:18,out,3.65,17.0,56.6,26.4,20.243,245.9,4.72
2025-06-19 15:38:35,2025-06-19,15:38:35,in,0.57,1310.8,0.0,27.9,9.406,356.4,0.72
2025-06-19 15:39:22,2025-06-19,15:39:22,out,1.94,17.0,56.7,26.3,20.17,237.7,3.9
2025-06-19 15:39:38,2025-06-19,15:39:38,in,0.53,1310.8,0.0,27.9,9.406,350.8,0.78
2025-06-19 15:40:26,2025-06-19,15:40:26,out,2.07,17.2,57.5,26.3,20.293,196.0,3.07
2025-06-19 15:40:42,2025-06-19,15:40:42,in,0.43,1310.8,0.0,27.9,9.406,119.7,0.61
2025-06-19 15:41:29,2025-06-19,15:41:29,out,3.09,17.2,57.6,26.3,20.308,225.2,3.84
2025-06-19 15:41:46,2025-06-19,15:41:46,in,0.37,1310.8,0.0,27.9,9.406,356.8,0.58
2025-06-19 15:42:32,2025-06-19,15:42:32,out,2.78,17.4,58.5,26.2,20.356,223.7,4.14
2025-06-19 15:42:49,2025-06-19,15:42:49,in,0.19,1310.8,0.0,27.9,9.406,95.5,0.93
2025-06-19 15:43:36,2025-06-19,15:43:36,out,2.92,17.8,59.8,26.2,20.553,233.8,3.77
2025-06-19 15:43:52,2025-06-19,15:43:52,in,0.4,1310.8,0.0,28.0,9.448,145.3,0.56
2025-06-19 15:44:40,2025-06-19,15:44:40,out,3.77,17.8,59.5,26.3,20.597,214.4,4.39
2025-06-19 15:44:56,2025-06-19,15:44:56,in,0.21,1310.8,0.0,28.0,9.448,257.8,0.83
2025-06-19 15:45:43,2025-06-19,15:45:43,out,2.74,17.8,59.6,26.3,20.612,228.2,4.02
2025-06-19 15:46:00,2025-06-19,15:46:00,in,0.1,1310.8,0.0,28.0,9.448,143.0,0.67
2025-06-19 15:46:46,2025-06-19,15:46:46,out,2.63,17.7,59.2,26.3,20.552,240.7,3.71
2025-06-19 15:47:03,2025-06-19,15:47:03,in,0.3,1310.8,0.0,28.1,9.489,0.2,0.65
2025-06-19 15:47:50,2025-06-19,15:47:50,out,3.0,17.7,59.1,26.3,20.536,240.4,4.66
2025-06-19 15:48:06,2025-06-19,15:48:06,in,0.44,1310.8,0.0,28.1,9.489,12.2,0.72
2025-06-19 15:48:54,2025-06-19,15:48:54,out,3.29,17.9,59.8,26.3,20.643,241.7,3.55
2025-06-19 15:49:10,2025-06-19,15:49:10,in,0.15,1310.8,0.0,28.1,9.489,349.1,0.54
2025-06-19 15:49:57,2025-06-19,15:49:57,out,1.81,17.9,60.0,26.3,20.673,228.2,3.29
2025-06-19 15:50:14,2025-06-19,15:50:14,in,0.21,1310.8,0.0,28.1,9.489,350.2,0.73
2025-06-19 15:51:00,2025-06-19,15:51:00,out,0.99,18.0,60.0,26.4,20.763,204.9,3.29
2025-06-19 15:51:18,2025-06-19,15:51:18,in,0.41,1310.8,0.0,28.1,9.489,112.9,0.7
2025-06-19 15:52:04,2025-06-19,15:52:04,out,3.52,17.7,59.2,26.3,20.552,230.2,5.16
2025-06-19 15:52:21,2025-06-19,15:52:21,in,0.33,1310.8,0.0,28.1,9.489,241.2,0.64
2025-06-19 15:53:08,2025-06-19,15:53:08,out,1.92,18.0,60.3,26.3,20.718,262.7,3.26
2025-06-19 15:53:24,2025-06-19,15:53:24,in,0.36,1310.8,0.0,28.1,9.489,319.6,0.56
2025-06-19 15:54:11,2025-06-19,15:54:11,out,2.01,17.9,59.9,26.3,20.658,278.9,2.56
2025-06-19 15:54:28,2025-06-19,15:54:28,in,0.17,1310.8,0.0,28.1,9.489,5.9,0.57
2025-06-19 15:55:14,2025-06-19,15:55:14,out,2.89,17.9,59.4,26.4,20.672,208.8,4.69
2025-06-19 15:55:32,2025-06-19,15:55:32,in,0.38,1310.8,0.0,28.2,9.53,125.3,0.5
2025-06-19 15:56:18,2025-06-19,15:56:18,out,2.29,17.7,58.8,26.4,20.58,210.4,4.21
2025-06-19 15:56:35,2025-06-19,15:56:35,in,0.32,1310.8,0.0,28.2,9.53,132.8,0.89
2025-06-19 15:57:22,2025-06-19,15:57:22,out,0.23,18.0,59.7,26.5,20.807,311.0,1.35
2025-06-19 15:57:38,2025-06-19,15:57:38,in,0.68,1310.8,0.0,28.3,9.572,290.8,1.15
2025-06-19 15:58:25,2025-06-19,15:58:25,out,3.24,18.0,59.3,26.6,20.836,263.1,3.92
2025-06-19 15:58:42,2025-06-19,15:58:42,in,0.29,1310.8,0.0,28.4,9.613,220.0,0.91
2025-06-19 15:59:28,2025-06-19,15:59:28,out,3.7,17.7,57.8,26.7,20.695,199.7,4.85
2025-06-19 15:59:46,2025-06-19,15:59:46,in,0.34,1310.8,0.0,28.5,9.655,69.2,1.22
2025-06-19 16:00:32,2025-06-19,16:00:32,out,2.54,17.5,57.1,26.7,20.586,226.1,5.1
2025-06-19 16:00:49,2025-06-19,16:00:49,in,0.41,1310.8,0.0,28.5,9.655,114.3,0.72
2025-06-19 16:01:36,2025-06-19,16:01:36,out,2.05,17.7,57.9,26.7,20.71,214.0,2.39
2025-06-19 16:01:52,2025-06-19,16:01:52,in,0.34,1310.8,0.0,28.5,9.655,83.9,0.72
2025-06-19 16:02:39,2025-06-19,16:02:39,out,0.83,17.7,57.7,26.7,20.679,247.6,2.4
2025-06-19 16:02:56,2025-06-19,16:02:56,in,0.4,1310.8,0.0,28.5,9.655,330.8,0.59
2025-06-19 16:03:42,2025-06-19,16:03:42,out,0.2,17.8,57.7,26.8,20.768,127.4,1.46
2025-06-19 16:04:00,2025-06-19,16:04:00,in,0.67,1310.8,0.0,28.3,9.572,327.3,1.08
2025-06-19 16:04:46,2025-06-19,16:04:46,out,2.96,17.7,57.2,26.9,20.78,214.5,3.42
2025-06-19 16:05:03,2025-06-19,16:05:03,in,0.08,1310.8,0.0,28.2,9.53,99.6,1.34
2025-06-19 16:05:50,2025-06-19,16:05:50,out,1.44,17.7,57.4,26.8,20.722,215.9,3.36
2025-06-19 16:06:06,2025-06-19,16:06:06,in,0.23,1310.8,0.0,28.2,9.53,85.3,0.59
2025-06-19 16:06:53,2025-06-19,16:06:53,out,1.06,17.7,57.6,26.8,20.753,230.6,3.95
2025-06-19 16:07:10,2025-06-19,16:07:10,in,0.37,1310.8,0.0,28.3,9.572,340.6,0.51
2025-06-19 16:07:56,2025-06-19,16:07:56,out,1.21,17.9,57.9,26.9,20.888,244.5,1.5
2025-06-19 16:08:14,2025-06-19,16:08:14,in,0.17,1310.8,0.0,28.2,9.53,29.2,0.44
2025-06-19 16:09:00,2025-06-19,16:09:00,out,1.69,17.9,57.5,27.0,20.915,247.8,2.45
2025-06-19 16:09:17,2025-06-19,16:09:17,in,0.18,1310.8,0.0,28.3,9.572,21.0,0.48
2025-06-19 16:10:04,2025-06-19,16:10:04,out,2.83,17.7,56.8,27.0,20.806,230.7,3.95
2025-06-19 16:10:20,2025-06-19,16:10:20,in,0.26,1310.8,0.0,28.3,9.572,119.9,0.6
2025-06-19 16:11:07,2025-06-19,16:11:07,out,2.26,17.6,56.4,27.0,20.743,235.6,3.43
2025-06-19 16:11:24,2025-06-19,16:11:24,in,0.32,1310.8,0.0,28.4,9.613,36.1,0.45
2025-06-19 16:12:10,2025-06-19,16:12:10,out,2.11,17.7,56.9,27.0,20.822,246.3,2.87
2025-06-19 16:12:28,2025-06-19,16:12:28,in,0.39,1310.8,0.0,28.4,9.613,115.6,0.47
2025-06-19 16:13:14,2025-06-19,16:13:14,out,3.64,17.6,56.2,27.1,20.801,251.7,4.19
2025-06-19 16:13:31,2025-06-19,16:13:31,in,0.61,1310.8,0.0,28.4,9.613,132.2,0.73
2025-06-19 16:14:18,2025-06-19,16:14:18,out,3.23,17.4,55.4,27.1,20.674,211.6,4.09
2025-06-19 16:14:34,2025-06-19,16:14:34,in,0.42,1310.8,0.0,28.5,9.655,124.6,0.66
2025-06-19 16:15:22,2025-06-19,16:15:22,out,2.71,17.3,55.5,27.0,20.602,235.3,5.09
2025-06-19 16:15:38,2025-06-19,16:15:38,in,0.63,1310.8,0.0,28.5,9.655,306.5,1.78
2025-06-19 16:16:25,2025-06-19,16:16:25,out,3.29,17.4,55.7,27.0,20.634,266.7,3.62
2025-06-19 16:16:42,2025-06-19,16:16:42,in,1.74,1310.8,0.0,28.6,9.696,344.9,1.97
2025-06-19 16:17:28,2025-06-19,16:17:28,out,1.57,17.5,55.8,27.0,20.649,241.8,3.3
2025-06-19 16:17:45,2025-06-19,16:17:45,in,1.05,1310.8,0.0,28.5,9.655,328.9,2.64
2025-06-19 16:18:32,2025-06-19,16:18:32,out,4.07,17.2,54.9,27.1,20.595,236.3,5.23
2025-06-19 16:18:48,2025-06-19,16:18:48,in,1.0,1310.8,0.0,28.4,9.613,343.9,1.78
2025-06-19 16:19:36,2025-06-19,16:19:36,out,1.58,17.4,55.7,27.0,20.634,242.2,3.6
2025-06-19 16:19:52,2025-06-19,16:19:52,in,1.67,1310.8,0.0,28.4,9.613,330.3,1.89
2025-06-19 16:20:39,2025-06-19,16:20:39,out,2.89,17.2,54.9,27.1,20.595,259.0,3.76
2025-06-19 16:20:56,2025-06-19,16:20:56,in,0.64,1310.8,0.0,28.4,9.613,299.4,1.79
2025-06-19 16:21:42,2025-06-19,16:21:42,out,2.47,17.5,55.5,27.2,20.778,233.5,3.66
2025-06-19 16:21:59,2025-06-19,16:21:59,in,1.03,1310.8,0.0,28.4,9.613,343.2,1.61
2025-06-19 16:22:46,2025-06-19,16:22:46,out,1.91,17.5,55.5,27.2,20.778,243.1,3.68
2025-06-19 16:23:02,2025-06-19,16:23:02,in,1.41,1310.8,0.0,28.5,9.655,340.0,1.64
2025-06-19 16:23:50,2025-06-19,16:23:50,out,3.6,17.4,55.0,27.2,20.699,229.2,4.76
2025-06-19 16:24:06,2025-06-19,16:24:06,in,0.47,1310.8,0.0,28.5,9.655,333.5,1.7
2025-06-19 16:24:53,2025-06-19,16:24:53,out,2.18,17.6,56.1,27.1,20.785,193.5,3.81
2025-06-19 16:25:10,2025-06-19,16:25:10,in,1.49,1310.8,0.0,28.5,9.655,299.7,2.07
2025-06-19 16:25:56,2025-06-19,16:25:56,out,0.93,17.6,56.0,27.1,20.769,191.8,4.57
2025-06-19 16:26:14,2025-06-19,16:26:14,in,0.76,1310.8,0.0,28.6,9.696,318.8,2.77
2025-06-19 16:27:00,2025-06-19,16:27:00,out,1.34,17.4,55.9,27.0,20.665,174.7,3.83
2025-06-19 16:27:16,2025-06-19,16:27:16,in,0.64,1310.8,0.0,28.7,9.738,311.8,2.19
2025-06-19 16:28:04,2025-06-19,16:28:04,out,3.57,17.5,56.2,27.0,20.712,218.2,4.07
2025-06-19 16:28:20,2025-06-19,16:28:20,in,0.88,1310.8,0.0,28.7,9.738,309.6,1.84
2025-06-19 16:29:07,2025-06-19,16:29:07,out,2.48,17.6,56.6,27.0,20.775,256.1,3.57
2025-06-19 16:29:24,2025-06-19,16:29:24,in,1.1,1310.8,0.0,28.7,9.738,323.3,1.66
2025-06-19 16:30:10,2025-06-19,16:30:10,out,1.47,17.7,56.7,27.0,20.79,214.8,2.94
2025-06-19 16:30:28,2025-06-19,16:30:28,in,1.24,1310.8,0.0,28.6,9.696,316.3,1.77
2025-06-19 16:31:14,2025-06-19,16:31:14,out,3.06,17.6,56.3,27.0,20.728,225.2,4.19
2025-06-19 16:31:30,2025-06-19,16:31:30,in,1.53,1310.8,0.0,28.6,9.696,306.1,1.9
2025-06-19 16:32:18,2025-06-19,16:32:18,out,1.98,17.5,56.6,26.9,20.686,189.0,4.55
2025-06-19 16:32:34,2025-06-19,16:32:34,in,1.12,1310.8,0.0,28.7,9.738,311.2,1.78
2025-06-19 16:33:21,2025-06-19,16:33:21,out,1.74,17.4,56.4,26.8,20.566,210.8,3.54
2025-06-19 16:33:38,2025-06-19,16:33:38,in,0.83,1310.8,0.0,28.6,9.696,316.1,2.3
2025-06-19 16:34:24,2025-06-19,16:34:24,out,1.6,17.5,57.2,26.7,20.602,230.1,2.69
2025-06-19 16:34:42,2025-06-19,16:34:42,in,1.15,1310.8,0.0,28.4,9.613,308.6,1.68
2025-06-19 16:35:28,2025-06-19,16:35:28,out,3.06,17.5,57.3,26.7,20.617,243.7,4.09
2025-06-19 16:35:45,2025-06-19,16:35:45,in,1.56,1310.8,0.0,28.3,9.572,335.1,2.09
2025-06-19 16:36:32,2025-06-19,16:36:32,out,2.8,17.7,57.9,26.7,20.71,248.8,4.88
2025-06-19 16:36:48,2025-06-19,16:36:48,in,1.72,1310.8,0.0,28.2,9.53,336.7,1.94
2025-06-19 16:37:35,2025-06-19,16:37:35,out,2.0,17.7,57.9,26.7,20.71,230.5,4.19
2025-06-19 16:37:52,2025-06-19,16:37:52,in,1.31,1310.8,0.0,28.1,9.489,324.3,1.81
2025-06-19 16:38:38,2025-06-19,16:38:38,out,3.33,17.6,57.3,26.8,20.706,229.2,3.61
2025-06-19 16:38:55,2025-06-19,16:38:55,in,0.57,1310.8,0.0,28.1,9.489,327.2,1.91
2025-06-19 16:39:42,2025-06-19,16:39:42,out,3.21,17.6,57.1,26.8,20.675,222.9,3.98
2025-06-19 16:39:58,2025-06-19,16:39:58,in,1.02,1310.8,0.0,28.2,9.53,327.2,1.89
2025-06-19 16:40:46,2025-06-19,16:40:46,out,3.7,17.5,57.0,26.7,20.571,226.4,4.58
2025-06-19 16:41:02,2025-06-19,16:41:02,in,0.42,1310.8,0.0,28.2,9.53,310.0,2.06
2025-06-19 16:41:49,2025-06-19,16:41:49,out,2.65,17.4,56.8,26.7,20.54,209.3,3.48
2025-06-19 16:42:06,2025-06-19,16:42:06,in,0.88,1310.8,0.0,28.2,9.53,312.9,1.69
2025-06-19 16:42:52,2025-06-19,16:42:52,out,3.41,17.3,56.6,26.7,20.509,229.1,4.05
2025-06-19 16:43:09,2025-06-19,16:43:09,in,0.83,1310.8,0.0,28.2,9.53,331.0,1.75
2025-06-19 16:43:56,2025-06-19,16:43:56,out,2.52,17.5,57.1,26.7,20.586,252.1,3.99
2025-06-19 16:44:13,2025-06-19,16:44:13,in,1.07,1310.8,0.0,28.1,9.489,329.7,1.69
2025-06-19 16:45:00,2025-06-19,16:45:00,out,2.18,17.4,57.2,26.6,20.513,254.3,3.82
2025-06-19 16:45:16,2025-06-19,16:45:16,in,0.7,1310.8,0.0,28.0,9.448,344.4,1.56
2025-06-19 16:46:03,2025-06-19,16:46:03,out,2.76,17.3,56.7,26.6,20.436,246.5,4.4
2025-06-19 16:46:20,2025-06-19,16:46:20,in,0.82,1310.8,0.0,27.9,9.406,341.8,1.78
2025-06-19 16:47:06,2025-06-19,16:47:06,out,3.34,17.3,57.0,26.5,20.393,245.2,3.82
2025-06-19 16:47:24,2025-06-19,16:47:24,in,0.66,1310.8,0.0,27.8,9.365,344.4,1.46
2025-06-19 16:48:10,2025-06-19,16:48:10,out,3.82,17.4,57.3,26.5,20.44,241.8,5.11
2025-06-19 16:48:27,2025-06-19,16:48:27,in,0.86,1310.8,0.0,27.7,9.323,350.7,1.72
2025-06-19 16:49:14,2025-06-19,16:49:14,out,1.92,17.5,58.0,26.4,20.458,234.2,4.49
2025-06-19 16:49:30,2025-06-19,16:49:30,in,0.57,1310.8,0.0,27.7,9.323,331.3,1.18
2025-06-19 16:50:17,2025-06-19,16:50:17,out,1.88,17.6,58.3,26.5,20.593,204.0,3.43
2025-06-19 16:50:34,2025-06-19,16:50:34,in,0.61,1310.8,0.0,27.7,9.323,327.6,1.81
2025-06-19 16:51:20,2025-06-19,16:51:20,out,1.71,17.6,57.7,26.6,20.59,260.8,3.49
2025-06-19 16:51:38,2025-06-19,16:51:38,in,0.69,1310.8,0.0,27.7,9.323,303.7,1.77
2025-06-19 16:52:24,2025-06-19,16:52:24,out,1.92,17.5,57.4,26.6,20.544,215.8,4.66
2025-06-19 16:52:41,2025-06-19,16:52:41,in,0.45,1310.8,0.0,27.9,9.406,328.7,1.83
2025-06-19 16:53:28,2025-06-19,16:53:28,out,2.79,17.4,56.7,26.7,20.524,236.0,4.87
2025-06-19 16:53:45,2025-06-19,16:53:45,in,1.01,1310.8,0.0,28.0,9.448,320.8,1.42
2025-06-19 16:54:31,2025-06-19,16:54:31,out,3.0,17.2,56.5,26.6,20.405,228.3,4.89
2025-06-19 16:54:48,2025-06-19,16:54:48,in,0.83,1310.8,0.0,28.0,9.448,333.4,1.44
2025-06-19 16:55:35,2025-06-19,16:55:35,out,3.42,17.3,57.2,26.5,20.424,229.0,5.28
2025-06-19 16:55:52,2025-06-19,16:55:52,in,0.68,1310.8,0.0,28.0,9.448,308.3,1.45
2025-06-19 16:56:38,2025-06-19,16:56:38,out,3.07,17.3,56.7,26.6,20.436,257.0,4.29
2025-06-19 16:56:55,2025-06-19,16:56:55,in,1.58,1310.8,0.0,28.0,9.448,323.4,2.37
2025-06-19 16:57:42,2025-06-19,16:57:42,out,1.91,17.4,57.3,26.6,20.529,246.5,5.29
2025-06-19 16:57:58,2025-06-19,16:57:58,in,1.21,1310.8,0.0,27.9,9.406,318.5,2.31
2025-06-19 16:58:46,2025-06-19,16:58:46,out,3.4,17.4,56.8,26.7,20.54,241.0,4.69
2025-06-19 16:59:02,2025-06-19,16:59:02,in,0.94,1310.8,0.0,27.9,9.406,348.3,1.79
2025-06-19 16:59:48,2025-06-19,16:59:48,out,3.17,17.3,56.9,26.6,20.467,245.1,5.99
2025-06-19 17:00:06,2025-06-19,17:00:06,in,0.4,1310.8,0.0,27.9,9.406,335.9,1.34
2025-06-19 17:00:52,2025-06-19,17:00:52,out,3.38,17.4,57.0,26.6,20.482,207.6,4.19
2025-06-19 17:01:09,2025-06-19,17:01:09,in,0.38,1310.8,0.0,27.9,9.406,343.2,1.77
2025-06-19 17:01:56,2025-06-19,17:01:56,out,4.09,,,17.4,,26.6,5.71
2025-06-19 17:02:12,2025-06-19,17:02:12,in,1.95,1310.8,0.0,28.0,9.448,305.8,2.21
2025-06-19 17:03:00,2025-06-19,17:03:00,out,2.93,17.3,56.8,26.6,20.451,238.6,4.65
2025-06-19 17:03:16,2025-06-19,17:03:16,in,1.04,1310.8,0.0,28.0,9.448,332.8,2.3
2025-06-19 17:04:03,2025-06-19,17:04:03,out,2.72,17.3,56.9,26.6,20.467,275.3,3.18
2025-06-19 17:04:20,2025-06-19,17:04:20,in,0.89,1310.8,0.0,28.0,9.448,347.3,1.94
2025-06-19 17:05:06,2025-06-19,17:05:06,out,3.3,17.1,56.0,26.6,20.327,238.3,4.91
2025-06-19 17:05:23,2025-06-19,17:05:23,in,1.09,1310.8,0.0,27.9,9.406,334.9,1.96
2025-06-19 17:06:10,2025-06-19,17:06:10,out,4.57,17.1,56.1,26.6,20.343,245.5,5.13
2025-06-19 17:06:26,2025-06-19,17:06:26,in,0.7,1310.8,0.0,27.9,9.406,343.7,1.37
2025-06-19 17:07:14,2025-06-19,17:07:14,out,3.91,17.2,56.5,26.6,20.405,248.5,4.76
2025-06-19 17:07:30,2025-06-19,17:07:30,in,0.82,1310.8,0.0,27.9,9.406,333.1,1.48
2025-06-19 17:08:17,2025-06-19,17:08:17,out,1.68,17.2,56.5,26.6,20.405,231.7,4.37
2025-06-19 17:08:34,2025-06-19,17:08:34,in,1.13,1310.8,0.0,28.0,9.448,314.9,1.51
2025-06-19 17:09:20,2025-06-19,17:09:20,out,2.66,17.4,56.7,26.7,20.524,253.0,3.82
2025-06-19 17:09:37,2025-06-19,17:09:37,in,0.41,1310.8,0.0,28.0,9.448,309.7,1.43
2025-06-19 17:10:24,2025-06-19,17:10:24,out,3.31,17.0,55.6,26.7,20.353,246.8,4.94
2025-06-19 17:10:40,2025-06-19,17:10:40,in,0.36,1310.8,0.0,28.0,9.448,343.5,1.63
2025-06-19 17:11:28,2025-06-19,17:11:28,out,1.77,17.2,56.0,26.7,20.416,211.7,4.72
2025-06-19 17:11:44,2025-06-19,17:11:44,in,1.58,1310.8,0.0,28.1,9.489,315.3,2.09
2025-06-19 17:12:31,2025-06-19,17:12:31,out,4.84,16.8,54.2,26.8,20.221,219.9,5.1
2025-06-19 17:12:48,2025-06-19,17:12:48,in,0.38,1310.8,0.0,28.2,9.53,323.4,2.22
2025-06-19 17:13:34,2025-06-19,17:13:34,out,1.12,16.9,54.8,26.7,20.228,217.7,6.27
2025-06-19 17:13:51,2025-06-19,17:13:51,in,1.8,1310.8,0.0,28.2,9.53,304.0,2.15
2025-06-19 17:14:38,2025-06-19,17:14:38,out,3.24,16.6,54.0,26.7,20.102,208.1,4.91
2025-06-19 17:14:54,2025-06-19,17:14:54,in,1.64,1310.8,0.0,28.3,9.572,302.4,2.22
2025-06-19 17:15:42,2025-06-19,17:15:42,out,1.08,16.7,53.9,26.8,20.174,209.6,4.63
2025-06-19 17:15:58,2025-06-19,17:15:58,in,1.37,1310.8,0.0,28.5,9.655,308.1,1.86
2025-06-19 17:16:45,2025-06-19,17:16:45,out,1.71,16.6,54.1,26.7,20.118,199.1,3.94
2025-06-19 17:17:02,2025-06-19,17:17:02,in,1.8,1310.8,0.0,28.5,9.655,313.0,2.58
2025-06-19 17:17:48,2025-06-19,17:17:48,out,2.7,16.8,54.3,26.8,20.237,224.4,3.8
2025-06-19 17:18:06,2025-06-19,17:18:06,in,0.8,1310.8,0.0,28.5,9.655,339.5,2.27
2025-06-19 17:18:52,2025-06-19,17:18:52,out,3.98,16.8,54.3,26.8,20.237,240.0,5.12
2025-06-19 17:19:09,2025-06-19,17:19:09,in,0.83,1310.8,0.0,28.4,9.613,330.1,1.37
2025-06-19 17:19:56,2025-06-19,17:19:56,out,4.0,16.9,54.5,26.8,20.268,246.8,4.41
2025-06-19 17:20:12,2025-06-19,17:20:12,in,1.01,1310.8,0.0,28.3,9.572,342.6,1.72
2025-06-19 17:20:59,2025-06-19,17:20:59,out,1.06,17.0,54.9,26.9,20.419,232.3,3.5
2025-06-19 17:21:16,2025-06-19,17:21:16,in,0.68,1310.8,0.0,28.3,9.572,339.8,1.24
2025-06-19 17:22:02,2025-06-19,17:22:02,out,3.05,16.9,54.4,26.9,20.34,210.2,5.08
2025-06-19 17:22:20,2025-06-19,17:22:20,in,0.04,1310.8,0.0,28.3,9.572,342.4,1.54
2025-06-19 17:23:06,2025-06-19,17:23:06,out,1.7,17.1,55.3,26.8,20.394,230.3,3.3
2025-06-19 17:23:22,2025-06-19,17:23:22,in,1.53,1310.8,0.0,28.4,9.613,309.3,2.07
2025-06-19 17:24:10,2025-06-19,17:24:10,out,3.04,17.0,54.9,26.8,20.331,249.0,5.72
2025-06-19 17:24:26,2025-06-19,17:24:26,in,0.9,1310.8,0.0,28.3,9.572,347.5,2.81
2025-06-19 17:25:13,2025-06-19,17:25:13,out,4.16,16.8,54.4,26.8,20.253,241.4,4.98
2025-06-19 17:25:30,2025-06-19,17:25:30,in,0.63,1310.8,0.0,28.2,9.53,332.7,1.77
2025-06-19 17:26:17,2025-06-19,17:26:17,out,3.62,16.9,54.4,26.9,20.34,210.9,4.48
2025-06-19 17:26:34,2025-06-19,17:26:34,in,1.15,1310.8,0.0,28.2,9.53,320.9,2.02
2025-06-19 17:27:20,2025-06-19,17:27:20,out,3.13,16.7,54.0,26.8,20.189,219.7,5.2
2025-06-19 17:27:37,2025-06-19,17:27:37,in,1.28,1310.8,0.0,28.3,9.572,315.3,1.73
2025-06-19 17:28:24,2025-06-19,17:28:24,out,2.14,16.7,54.4,26.7,20.165,196.5,5.35
2025-06-19 17:28:40,2025-06-19,17:28:40,in,1.38,1310.8,0.0,28.3,9.572,307.2,2.13
2025-06-19 17:29:28,2025-06-19,17:29:28,out,2.26,16.7,54.3,26.7,20.149,200.2,4.04
2025-06-19 17:29:44,2025-06-19,17:29:44,in,0.6,1310.8,0.0,28.4,9.613,330.6,2.02
2025-06-19 17:30:31,2025-06-19,17:30:31,out,4.22,16.8,54.3,26.8,20.237,230.8,4.82
2025-06-19 17:30:48,2025-06-19,17:30:48,in,1.04,1310.8,0.0,28.4,9.613,329.8,1.74
2025-06-19 17:31:34,2025-06-19,17:31:34,out,1.64,16.8,54.3,26.8,20.237,189.6,4.39
2025-06-19 17:31:51,2025-06-19,17:31:51,in,0.48,1310.8,0.0,28.3,9.572,272.1,1.44
2025-06-19 17:32:38,2025-06-19,17:32:38,out,3.39,16.8,53.9,26.9,20.261,224.2,4.85
2025-06-19 17:32:54,2025-06-19,17:32:54,in,0.78,1310.8,0.0,28.3,9.572,325.5,2.39
2025-06-19 17:33:41,2025-06-19,17:33:41,out,2.92,16.9,54.1,27.0,20.38,215.8,4.4
2025-06-19 17:33:58,2025-06-19,17:33:58,in,0.77,1310.8,0.0,28.3,9.572,320.6,1.91
2025-06-19 17:34:45,2025-06-19,17:34:45,out,3.4,,,17.1,,27.0,5.47
2025-06-19 17:35:02,2025-06-19,17:35:02,in,0.78,1310.8,0.0,28.3,9.572,319.5,2.12
2025-06-19 17:35:48,2025-06-19,17:35:48,out,0.87,17.0,54.2,27.1,20.484,212.6,4.05
2025-06-19 17:36:05,2025-06-19,17:36:05,in,0.48,1310.8,0.0,28.4,9.613,305.4,1.77
2025-06-19 17:36:52,2025-06-19,17:36:52,out,2.73,17.0,54.2,27.1,20.484,233.4,3.27
2025-06-19 17:37:08,2025-06-19,17:37:08,in,1.2,1310.8,0.0,28.4,9.613,317.6,2.21
2025-06-19 17:37:56,2025-06-19,17:37:56,out,2.51,17.1,54.5,27.1,20.532,206.5,3.82
2025-06-19 17:38:12,2025-06-19,17:38:12,in,0.97,1310.8,0.0,28.3,9.572,337.9,1.61
2025-06-19 17:38:59,2025-06-19,17:38:59,out,1.61,17.3,55.0,27.1,20.611,220.1,4.4
2025-06-19 17:39:16,2025-06-19,17:39:16,in,0.64,1310.8,0.0,28.3,9.572,314.8,2.12
2025-06-19 17:40:02,2025-06-19,17:40:02,out,1.53,17.4,55.2,27.2,20.731,221.9,3.06
2025-06-19 17:40:19,2025-06-19,17:40:19,in,1.16,1310.8,0.0,28.3,9.572,315.0,1.91
2025-06-19 17:41:06,2025-06-19,17:41:06,out,2.65,17.1,54.6,27.1,20.548,217.0,6.14
2025-06-19 17:41:22,2025-06-19,17:41:22,in,0.67,1310.8,0.0,28.3,9.572,312.0,1.24
2025-06-19 17:42:10,2025-06-19,17:42:10,out,2.48,17.2,55.1,27.0,20.539,205.0,4.09
2025-06-19 17:42:26,2025-06-19,17:42:26,in,0.98,1310.8,0.0,28.3,9.572,310.1,1.87
2025-06-19 17:43:13,2025-06-19,17:43:13,out,4.51,17.2,55.2,27.0,20.555,234.7,5.3
2025-06-19 17:43:30,2025-06-19,17:43:30,in,1.22,1310.8,0.0,28.3,9.572,324.5,2.26
2025-06-19 17:44:16,2025-06-19,17:44:16,out,3.73,17.1,55.1,26.9,20.451,244.0,6.71
2025-06-19 17:44:33,2025-06-19,17:44:33,in,1.29,1310.8,0.0,28.3,9.572,335.5,1.75
2025-06-19 17:45:20,2025-06-19,17:45:20,out,3.98,17.2,55.5,26.9,20.514,222.9,4.99
2025-06-19 17:45:36,2025-06-19,17:45:36,in,1.12,1310.8,0.0,28.2,9.53,329.9,1.94
2025-06-19 17:46:24,2025-06-19,17:46:24,out,1.72,17.5,56.4,26.9,20.655,228.1,4.95
2025-06-19 17:46:40,2025-06-19,17:46:40,in,1.01,1310.8,0.0,28.2,9.53,317.7,1.72
2025-06-19 17:47:27,2025-06-19,17:47:27,out,3.06,17.2,55.1,27.0,20.539,224.9,4.09
2025-06-19 17:47:44,2025-06-19,17:47:44,in,0.9,1310.8,0.0,28.2,9.53,335.5,2.09
2025-06-19 17:48:30,2025-06-19,17:48:30,out,3.01,17.2,55.6,26.9,20.53,251.8,3.82
2025-06-19 17:48:47,2025-06-19,17:48:47,in,1.12,1310.8,0.0,28.2,9.53,322.2,1.47
2025-06-19 17:49:34,2025-06-19,17:49:34,out,3.65,17.2,55.7,26.9,20.545,238.5,6.98
2025-06-19 17:49:50,2025-06-19,17:49:50,in,0.75,1310.8,0.0,28.1,9.489,331.5,1.22
2025-06-19 17:50:38,2025-06-19,17:50:38,out,3.93,17.1,55.1,26.9,20.451,222.3,5.12
2025-06-19 17:50:54,2025-06-19,17:50:54,in,0.28,1310.8,0.0,28.1,9.489,74.2,1.41
2025-06-19 17:51:41,2025-06-19,17:51:41,out,1.16,17.3,56.1,26.8,20.52,234.2,3.97
2025-06-19 17:51:58,2025-06-19,17:51:58,in,1.09,1310.8,0.0,28.1,9.489,338.0,2.0
2025-06-19 17:52:44,2025-06-19,17:52:44,out,1.3,17.4,56.1,26.9,20.608,257.6,2.95
2025-06-19 17:53:01,2025-06-19,17:53:01,in,0.7,1310.8,0.0,27.9,9.406,330.4,1.75
2025-06-19 17:53:48,2025-06-19,17:53:48,out,2.59,17.3,55.4,27.0,20.586,234.4,3.48
2025-06-19 17:54:05,2025-06-19,17:54:05,in,0.78,1310.8,0.0,27.9,9.406,317.0,1.26
2025-06-19 17:54:52,2025-06-19,17:54:52,out,3.75,17.3,55.6,27.0,20.618,208.3,4.42
2025-06-19 17:55:08,2025-06-19,17:55:08,in,1.54,1310.8,0.0,28.0,9.448,314.5,2.6
2025-06-19 17:55:55,2025-06-19,17:55:55,out,3.1,17.3,55.9,26.9,20.577,218.8,6.1
2025-06-19 17:56:12,2025-06-19,17:56:12,in,0.92,1310.8,0.0,28.1,9.489,314.4,1.38
2025-06-19 17:56:58,2025-06-19,17:56:58,out,2.34,17.5,56.7,26.8,20.613,215.0,4.56
2025-06-19 17:57:15,2025-06-19,17:57:15,in,1.38,1310.8,0.0,28.1,9.489,318.4,1.93
2025-06-19 17:58:02,2025-06-19,17:58:02,out,3.21,17.4,56.7,26.7,20.524,231.2,5.58
2025-06-19 17:58:18,2025-06-19,17:58:18,in,1.01,1310.8,0.0,28.1,9.489,333.2,1.37
2025-06-19 17:59:06,2025-06-19,17:59:06,out,3.83,17.4,57.2,26.6,20.513,246.3,5.24
2025-06-19 17:59:22,2025-06-19,17:59:22,in,0.58,1310.8,0.0,28.0,9.448,349.1,1.43
2025-06-19 18:00:09,2025-06-19,18:00:09,out,2.06,17.5,57.6,26.6,20.575,202.5,4.2
2025-06-19 18:00:26,2025-06-19,18:00:26,in,0.6,1310.8,0.0,27.9,9.406,276.3,1.73
2025-06-19 18:01:12,2025-06-19,18:01:12,out,1.95,17.6,57.4,26.7,20.633,219.9,5.84
2025-06-19 18:01:29,2025-06-19,18:01:29,in,0.62,1310.8,0.0,27.9,9.406,335.3,1.96
2025-06-19 18:02:16,2025-06-19,18:02:16,out,3.81,17.3,56.2,26.8,20.535,223.4,5.22
2025-06-19 18:03:00,2025-06-19,18:03:00,in,0.53,1310.8,0.0,28.0,9.448,306.2,2.22
2025-06-19 18:03:20,2025-06-19,18:03:20,out,1.59,17.4,56.8,26.7,20.54,234.2,3.99
2025-06-19 18:04:00,2025-06-19,18:04:00,in,0.27,1310.8,0.0,28.0,9.448,294.5,1.52
2025-06-19 18:04:23,2025-06-19,18:04:23,out,4.29,,,17.3,,209.4,5.09
2025-06-19 18:05:04,2025-06-19,18:05:04,in,0.52,1310.8,0.0,27.9,9.406,327.9,1.33
2025-06-19 18:05:26,2025-06-19,18:05:26,out,2.57,17.4,57.1,26.6,20.498,237.1,5.21
2025-06-19 18:06:08,2025-06-19,18:06:08,in,0.97,1310.8,0.0,27.9,9.406,310.0,1.39
2025-06-19 18:06:30,2025-06-19,18:06:30,out,2.2,17.4,57.2,26.6,20.513,218.3,4.47
2025-06-19 18:07:11,2025-06-19,18:07:11,in,0.3,1310.8,0.0,27.9,9.406,317.8,1.33
2025-06-19 18:07:34,2025-06-19,18:07:34,out,1.43,17.5,57.4,26.6,20.544,199.5,3.77
2025-06-19 18:08:14,2025-06-19,18:08:14,in,1.16,1310.8,0.0,27.8,9.365,315.1,1.75
2025-06-19 18:08:37,2025-06-19,18:08:37,out,1.85,17.4,57.3,26.6,20.529,200.1,4.24
2025-06-19 18:09:18,2025-06-19,18:09:18,in,1.07,1310.8,0.0,27.8,9.365,306.6,2.49
2025-06-19 18:09:40,2025-06-19,18:09:40,out,3.6,17.5,57.0,26.7,20.571,218.1,4.14
2025-06-19 18:10:22,2025-06-19,18:10:22,in,0.45,1310.8,0.0,27.9,9.406,337.5,1.88
2025-06-19 18:10:44,2025-06-19,18:10:44,out,1.87,17.5,57.1,26.7,20.586,213.2,3.95
2025-06-19 18:11:25,2025-06-19,18:11:25,in,0.64,1310.8,0.0,27.9,9.406,302.8,1.93
2025-06-19 18:11:48,2025-06-19,18:11:48,out,2.81,17.5,57.0,26.7,20.571,204.5,4.69
2025-06-19 18:12:28,2025-06-19,18:12:28,in,1.06,1310.8,0.0,27.9,9.406,298.9,1.98
2025-06-19 18:12:51,2025-06-19,18:12:51,out,2.18,17.5,57.8,26.5,20.517,192.7,4.86
2025-06-19 18:13:32,2025-06-19,18:13:32,in,1.08,1310.8,0.0,27.8,9.365,298.4,1.83
2025-06-19 18:13:54,2025-06-19,18:13:54,out,4.24,17.4,57.6,26.5,20.486,211.2,5.05
2025-06-19 18:14:36,2025-06-19,18:14:36,in,0.42,1310.8,0.0,27.8,9.365,300.1,1.9
2025-06-19 18:14:58,2025-06-19,18:14:58,out,2.2,17.5,57.9,26.5,20.532,188.2,3.36
2025-06-19 18:15:40,2025-06-19,18:15:40,in,0.42,1310.8,0.0,27.8,9.365,133.2,1.61
2025-06-19 18:16:02,2025-06-19,18:16:02,out,4.45,17.6,57.8,26.6,20.606,215.2,5.67
2025-06-19 18:16:43,2025-06-19,18:16:43,in,0.21,1310.8,0.0,27.8,9.365,91.8,0.77
2025-06-19 18:17:05,2025-06-19,18:17:05,out,1.13,17.8,58.8,26.5,20.67,228.6,4.33
2025-06-19 18:17:46,2025-06-19,18:17:46,in,0.35,1310.8,0.0,27.9,9.406,267.9,0.99
2025-06-19 18:18:08,2025-06-19,18:18:08,out,3.95,17.8,58.7,26.5,20.654,206.9,5.44
2025-06-19 18:18:50,2025-06-19,18:18:50,in,0.14,1310.8,0.0,27.9,9.406,236.3,0.68
2025-06-19 18:19:12,2025-06-19,18:19:12,out,3.98,17.8,58.9,26.5,20.685,228.2,5.29
2025-06-19 18:19:54,2025-06-19,18:19:54,in,0.37,1310.8,0.0,27.9,9.406,137.2,0.54
2025-06-19 18:20:16,2025-06-19,18:20:16,out,1.97,17.9,59.6,26.4,20.702,241.1,4.39
2025-06-19 18:20:57,2025-06-19,18:20:57,in,0.43,1310.8,0.0,27.9,9.406,157.8,0.58
2025-06-19 18:21:19,2025-06-19,18:21:19,out,2.53,18.0,59.8,26.4,20.732,215.7,4.81
2025-06-19 18:22:00,2025-06-19,18:22:00,in,0.22,1310.8,0.0,27.9,9.406,187.8,0.82
2025-06-19 18:22:22,2025-06-19,18:22:22,out,4.14,18.0,60.1,26.4,20.778,224.6,6.17
2025-06-19 18:23:04,2025-06-19,18:23:04,in,0.26,1310.8,0.0,27.9,9.406,143.1,0.76
2025-06-19 18:23:26,2025-06-19,18:23:26,out,4.08,18.0,60.6,26.3,20.763,225.6,5.69
2025-06-19 18:24:08,2025-06-19,18:24:08,in,0.29,1310.8,0.0,27.9,9.406,352.4,0.73
2025-06-19 18:24:30,2025-06-19,18:24:30,out,3.1,18.0,61.3,26.1,20.688,235.0,6.19
2025-06-19 18:25:11,2025-06-19,18:25:11,in,0.28,1310.8,0.0,27.9,9.406,131.3,0.62
2025-06-19 18:25:33,2025-06-19,18:25:33,out,1.95,18.2,61.8,26.1,20.763,207.2,5.17
2025-06-19 18:26:14,2025-06-19,18:26:14,in,0.07,1310.8,0.0,27.8,9.365,98.7,0.71
2025-06-19 18:26:36,2025-06-19,18:26:36,out,1.55,18.2,62.0,26.1,20.792,227.7,3.48
2025-06-19 18:27:18,2025-06-19,18:27:18,in,0.38,1310.8,0.0,27.8,9.365,271.4,0.82
2025-06-19 18:27:40,2025-06-19,18:27:40,out,2.04,18.1,61.6,26.1,20.733,186.4,4.94
2025-06-19 18:28:22,2025-06-19,18:28:22,in,0.24,1310.8,0.0,27.8,9.365,258.9,0.78
2025-06-19 18:28:44,2025-06-19,18:28:44,out,2.81,17.9,60.5,26.1,20.568,198.8,3.17
2025-06-19 18:29:25,2025-06-19,18:29:25,in,0.23,1310.8,0.0,27.8,9.365,146.6,0.67
2025-06-19 18:29:47,2025-06-19,18:29:47,out,1.85,17.7,60.0,26.1,20.493,192.3,4.75
2025-06-19 18:30:28,2025-06-19,18:30:28,in,0.21,1310.8,0.0,27.8,9.365,101.5,0.92
2025-06-19 18:30:50,2025-06-19,18:30:50,out,3.58,18.0,60.6,26.2,20.673,207.0,5.03
2025-06-19 18:31:32,2025-06-19,18:31:32,in,0.23,1310.8,0.0,27.8,9.365,186.4,0.55
2025-06-19 18:31:54,2025-06-19,18:31:54,out,2.35,18.0,61.0,26.1,20.643,214.4,6.08
2025-06-19 18:32:36,2025-06-19,18:32:36,in,0.46,1310.8,0.0,27.8,9.365,301.1,0.84
2025-06-19 18:32:58,2025-06-19,18:32:58,out,2.55,18.1,61.5,26.1,20.718,235.0,3.97
2025-06-19 18:33:39,2025-06-19,18:33:39,in,0.45,1310.8,0.0,27.8,9.365,203.2,0.63
2025-06-19 18:34:01,2025-06-19,18:34:01,out,2.59,17.9,60.6,26.1,20.583,190.1,4.31
2025-06-19 18:34:42,2025-06-19,18:34:42,in,0.96,1310.8,0.0,27.8,9.365,131.7,1.17
2025-06-19 18:35:05,2025-06-19,18:35:05,out,3.82,17.8,60.5,26.0,20.478,210.4,4.75
2025-06-19 18:35:46,2025-06-19,18:35:46,in,0.34,1310.8,0.0,27.7,9.323,128.3,0.83
2025-06-19 18:36:08,2025-06-19,18:36:08,out,1.08,17.8,61.0,25.9,20.463,174.2,4.8
2025-06-19 18:36:50,2025-06-19,18:36:50,in,0.47,1310.8,0.0,27.7,9.323,130.1,0.62
2025-06-19 18:37:12,2025-06-19,18:37:12,out,3.09,17.8,60.9,25.9,20.448,196.7,4.78
2025-06-19 18:37:53,2025-06-19,18:37:53,in,0.55,1310.8,0.0,27.6,9.282,193.7,0.98
2025-06-19 18:38:16,2025-06-19,18:38:16,out,1.56,17.8,61.1,25.8,20.387,202.4,4.56
2025-06-19 18:38:56,2025-06-19,18:38:56,in,0.24,1310.8,0.0,27.7,9.323,219.1,0.94
2025-06-19 18:39:19,2025-06-19,18:39:19,out,1.99,17.6,61.0,25.7,20.282,205.8,3.99
2025-06-19 18:40:00,2025-06-19,18:40:00,in,0.34,1310.8,0.0,27.7,9.323,230.7,0.64
2025-06-19 18:40:22,2025-06-19,18:40:22,out,3.62,17.6,61.4,25.6,20.251,197.6,4.37
2025-06-19 18:41:04,2025-06-19,18:41:04,in,0.26,1310.8,0.0,27.7,9.323,142.1,0.62
2025-06-19 18:41:26,2025-06-19,18:41:26,out,2.86,17.7,62.2,25.5,20.278,191.1,4.03
2025-06-19 18:42:07,2025-06-19,18:42:07,in,0.46,1310.8,0.0,27.7,9.323,167.8,0.73
2025-06-19 18:42:30,2025-06-19,18:42:30,out,1.59,17.9,62.9,25.5,20.381,212.3,4.89
2025-06-19 18:43:10,2025-06-19,18:43:10,in,0.2,1310.8,0.0,27.7,9.323,179.4,0.64
2025-06-19 18:43:33,2025-06-19,18:43:33,out,2.92,18.0,63.5,25.4,20.377,190.8,4.24
2025-06-19 18:44:14,2025-06-19,18:44:14,in,0.49,1310.8,0.0,27.7,9.323,193.0,1.11
2025-06-19 18:44:36,2025-06-19,18:44:36,out,3.11,18.2,64.4,25.4,20.508,201.2,5.04
2025-06-19 18:45:18,2025-06-19,18:45:18,in,0.37,1310.8,0.0,27.6,9.282,195.5,0.8
2025-06-19 18:45:40,2025-06-19,18:45:40,out,3.46,18.2,64.7,25.4,20.552,192.7,4.55
2025-06-19 18:46:21,2025-06-19,18:46:21,in,0.4,1310.8,0.0,27.6,9.282,127.6,0.63
2025-06-19 18:46:44,2025-06-19,18:46:44,out,2.3,18.2,65.1,25.3,20.518,205.7,4.09
2025-06-19 18:47:24,2025-06-19,18:47:24,in,0.18,1310.8,0.0,27.6,9.282,208.5,0.6
2025-06-19 18:47:47,2025-06-19,18:47:47,out,2.64,18.1,65.1,25.2,20.426,216.0,3.52
2025-06-19 18:48:28,2025-06-19,18:48:28,in,0.2,1310.8,0.0,27.6,9.282,136.7,0.65
2025-06-19 18:48:50,2025-06-19,18:48:50,out,3.51,18.0,65.1,25.1,20.335,218.3,4.24
2025-06-19 18:49:32,2025-06-19,18:49:32,in,0.16,1310.8,0.0,27.6,9.282,142.2,0.8
2025-06-19 18:49:54,2025-06-19,18:49:54,out,1.13,18.2,65.6,25.1,20.407,202.3,2.95
2025-06-19 18:50:35,2025-06-19,18:50:35,in,0.3,1310.8,0.0,27.6,9.282,121.4,0.74
2025-06-19 18:50:58,2025-06-19,18:50:58,out,2.17,18.1,65.5,25.1,20.392,215.4,3.67
2025-06-19 18:51:39,2025-06-19,18:51:39,in,0.26,1310.8,0.0,27.6,9.282,107.7,0.7
2025-06-19 18:52:01,2025-06-19,18:52:01,out,1.01,18.1,65.7,25.0,20.329,205.8,3.03
2025-06-19 18:52:42,2025-06-19,18:52:42,in,0.84,,,1310.8,,27.5,0.0
2025-06-19 18:53:04,2025-06-19,18:53:04,out,0.83,18.1,65.9,25.0,20.358,212.1,4.28
2025-06-19 18:53:46,2025-06-19,18:53:46,in,0.29,1310.8,0.0,27.5,9.24,62.7,0.89
2025-06-19 18:54:08,2025-06-19,18:54:08,out,1.23,18.2,66.0,25.0,20.372,195.6,4.22
2025-06-19 18:54:50,2025-06-19,18:54:50,in,0.27,1310.8,0.0,27.4,9.199,229.9,0.84
2025-06-19 18:55:12,2025-06-19,18:55:12,out,3.02,18.1,66.1,24.9,20.294,210.4,4.3
2025-06-19 18:55:53,2025-06-19,18:55:53,in,0.95,1310.8,0.0,27.1,9.075,312.1,1.98
2025-06-19 18:56:15,2025-06-19,18:56:15,out,1.7,18.2,66.5,24.9,20.351,196.2,3.04
2025-06-19 18:56:56,2025-06-19,18:56:56,in,0.37,1310.8,0.0,26.9,8.992,266.8,1.52
2025-06-19 18:57:18,2025-06-19,18:57:18,out,2.79,18.3,67.0,24.9,20.422,197.2,4.97
2025-06-19 18:58:00,2025-06-19,18:58:00,in,1.08,1310.8,0.0,26.7,8.909,287.3,1.77
2025-06-19 18:58:22,2025-06-19,18:58:22,out,2.67,18.4,67.5,24.9,20.493,216.5,3.47
2025-06-19 18:59:04,2025-06-19,18:59:04,in,0.65,1310.8,0.0,26.4,8.784,275.5,1.54
2025-06-19 18:59:26,2025-06-19,18:59:26,out,2.59,18.5,67.7,24.9,20.522,196.6,3.66
2025-06-19 19:00:07,2025-06-19,19:00:07,in,1.27,1310.8,0.0,26.3,8.743,285.8,2.09
2025-06-19 19:00:29,2025-06-19,19:00:29,out,2.43,18.5,68.2,24.8,20.5,214.1,3.97
2025-06-19 19:01:10,2025-06-19,19:01:10,in,1.03,1310.8,0.0,26.2,8.702,291.6,1.99
2025-06-19 19:01:32,2025-06-19,19:01:32,out,3.29,18.6,68.6,24.8,20.556,222.3,5.26
2025-06-19 19:02:14,2025-06-19,19:02:14,in,0.97,1310.8,0.0,26.1,8.66,303.0,1.9
2025-06-19 19:02:36,2025-06-19,19:02:36,out,1.77,18.7,69.1,24.8,20.627,232.3,4.38
2025-06-19 19:03:18,2025-06-19,19:03:18,in,0.84,1310.8,0.0,26.0,8.619,271.6,1.57
2025-06-19 19:03:40,2025-06-19,19:03:40,out,1.7,18.7,69.5,24.7,20.59,212.9,3.95
2025-06-19 19:04:21,2025-06-19,19:04:21,in,1.25,1310.8,0.0,25.9,8.577,277.5,1.77
2025-06-19 19:04:43,2025-06-19,19:04:43,out,3.53,18.8,69.7,24.7,20.618,214.7,4.07
2025-06-19 19:05:24,2025-06-19,19:05:24,in,0.79,1310.8,0.0,25.8,8.536,288.0,1.98
2025-06-19 19:05:46,2025-06-19,19:05:46,out,3.67,18.9,70.2,24.7,20.688,222.2,4.73
2025-06-19 19:06:28,2025-06-19,19:06:28,in,0.81,1310.8,0.0,25.8,8.536,319.6,1.38
2025-06-19 19:06:50,2025-06-19,19:06:50,out,1.88,18.9,70.7,24.6,20.665,223.4,3.24
2025-06-19 19:07:32,2025-06-19,19:07:32,in,0.88,1310.8,0.0,25.7,8.494,330.7,1.95
2025-06-19 19:07:54,2025-06-19,19:07:54,out,3.31,18.9,70.7,24.6,20.665,205.3,4.74
2025-06-19 19:08:35,2025-06-19,19:08:35,in,0.9,1310.8,0.0,25.6,8.453,319.6,1.97
2025-06-19 19:08:57,2025-06-19,19:08:57,out,1.01,19.0,71.2,24.5,20.641,209.1,4.35
2025-06-19 19:09:38,2025-06-19,19:09:38,in,0.62,1310.8,0.0,25.5,8.411,315.4,1.77
2025-06-19 19:10:00,2025-06-19,19:10:00,out,0.98,19.0,71.6,24.5,20.697,232.3,3.88
2025-06-19 19:10:42,2025-06-19,19:10:42,in,0.75,1310.8,0.0,25.5,8.411,333.5,2.08
2025-06-19 19:11:04,2025-06-19,19:11:04,out,2.34,19.0,71.8,24.4,20.631,197.5,3.1
2025-06-19 19:11:46,2025-06-19,19:11:46,in,0.17,1310.8,0.0,25.5,8.411,354.8,1.54
2025-06-19 19:12:08,2025-06-19,19:12:08,out,2.71,19.0,72.2,24.4,20.686,229.6,3.37
2025-06-19 19:12:49,2025-06-19,19:12:49,in,1.32,1310.8,0.0,25.5,8.411,322.7,1.66
2025-06-19 19:13:11,2025-06-19,19:13:11,out,3.0,19.1,72.6,24.4,20.741,213.0,4.41
2025-06-19 19:13:52,2025-06-19,19:13:52,in,0.7,1310.8,0.0,25.4,8.37,337.2,1.46
2025-06-19 19:14:42,2025-06-19,19:14:42,out,1.65,19.3,73.7,24.3,20.799,202.9,2.89
2025-06-19 19:14:56,2025-06-19,19:14:56,in,1.07,1310.8,0.0,25.3,8.328,321.0,1.59
2025-06-19 19:15:44,2025-06-19,19:15:44,out,2.98,19.3,73.9,24.3,20.826,230.7,3.57
2025-06-19 19:16:00,2025-06-19,19:16:00,in,0.89,1310.8,0.0,25.3,8.328,340.1,1.46
2025-06-19 19:16:48,2025-06-19,19:16:48,out,1.64,19.2,74.0,24.2,20.746,216.0,3.47
2025-06-19 19:17:03,2025-06-19,19:17:03,in,0.98,1310.8,0.0,25.2,8.287,326.5,2.08
2025-06-19 19:17:52,2025-06-19,19:17:52,out,3.02,19.2,73.8,24.2,20.718,231.0,4.21
2025-06-19 19:18:06,2025-06-19,19:18:06,in,0.99,1310.8,0.0,25.1,8.246,318.9,1.33
2025-06-19 19:18:55,2025-06-19,19:18:55,out,2.56,19.1,74.0,24.1,20.651,204.7,3.97
2025-06-19 19:19:10,2025-06-19,19:19:10,in,0.73,1310.8,0.0,25.1,8.246,330.3,1.99
2025-06-19 19:19:58,2025-06-19,19:19:58,out,2.78,19.1,74.1,24.0,20.571,201.0,3.97
2025-06-19 19:20:14,2025-06-19,19:20:14,in,0.36,1310.8,0.0,25.0,8.204,359.2,1.7
2025-06-19 19:21:02,2025-06-19,19:21:02,out,2.81,19.1,74.3,24.0,20.598,218.3,3.41
2025-06-19 19:21:17,2025-06-19,19:21:17,in,1.22,1310.8,0.0,25.0,8.204,318.5,2.01
2025-06-19 19:22:06,2025-06-19,19:22:06,out,0.83,19.0,74.4,23.9,20.517,195.5,3.42
2025-06-19 19:22:21,2025-06-19,19:22:21,in,1.3,1310.8,0.0,24.9,8.163,312.4,1.62
2025-06-19 19:23:10,2025-06-19,19:23:10,out,2.72,19.0,74.5,23.9,20.531,213.5,3.74
2025-06-19 19:23:24,2025-06-19,19:23:24,in,0.82,1310.8,0.0,24.9,8.163,333.8,1.63
2025-06-19 19:24:13,2025-06-19,19:24:13,out,1.48,19.1,74.8,23.9,20.572,217.8,2.6
2025-06-19 19:24:28,2025-06-19,19:24:28,in,1.06,1310.8,0.0,24.9,8.163,319.9,1.43
2025-06-19 19:25:16,2025-06-19,19:25:16,out,2.78,19.2,75.3,23.9,20.639,208.2,5.41
2025-06-19 19:25:31,2025-06-19,19:25:31,in,0.33,1310.8,0.0,24.9,8.163,4.7,1.69
2025-06-19 19:26:20,2025-06-19,19:26:20,out,2.15,19.3,75.8,23.9,20.707,211.4,4.3
2025-06-19 19:26:34,2025-06-19,19:26:34,in,0.49,1310.8,0.0,24.9,8.163,327.9,1.53
2025-06-19 19:27:24,2025-06-19,19:27:24,out,2.65,19.3,76.2,23.8,20.667,229.5,4.28
2025-06-19 19:27:38,2025-06-19,19:27:38,in,0.58,1310.8,0.0,24.8,8.121,329.1,1.59
2025-06-19 19:28:27,2025-06-19,19:28:27,out,2.11,19.4,76.7,23.8,20.734,212.8,4.38
2025-06-19 19:28:42,2025-06-19,19:28:42,in,0.98,1310.8,0.0,24.8,8.121,329.3,1.5
2025-06-19 19:29:30,2025-06-19,19:29:30,out,2.09,19.4,77.1,23.7,20.693,213.5,3.7
2025-06-19 19:29:46,2025-06-19,19:29:46,in,1.37,1310.8,0.0,24.8,8.121,322.8,2.28
2025-06-19 19:30:34,2025-06-19,19:30:34,out,3.66,19.5,77.5,23.7,20.747,213.1,3.9
2025-06-19 19:30:48,2025-06-19,19:30:48,in,0.65,1310.8,0.0,24.7,8.08,340.3,1.56
2025-06-19 19:31:38,2025-06-19,19:31:38,out,3.14,19.6,78.1,23.7,20.828,212.0,3.71
2025-06-19 19:31:52,2025-06-19,19:31:52,in,0.93,1310.8,0.0,24.7,8.08,326.6,1.71
2025-06-19 19:32:41,2025-06-19,19:32:41,out,2.73,19.8,78.7,23.7,20.909,235.3,3.73
2025-06-19 19:32:56,2025-06-19,19:32:56,in,0.84,1310.8,0.0,24.6,8.038,326.9,1.88
2025-06-19 19:33:44,2025-06-19,19:33:44,out,2.1,19.9,79.2,23.7,20.976,220.4,3.68
2025-06-19 19:34:00,2025-06-19,19:34:00,in,0.73,1310.8,0.0,24.6,8.038,348.3,1.56
2025-06-19 19:34:48,2025-06-19,19:34:48,out,0.98,20.0,79.7,23.7,21.043,203.1,3.92
2025-06-19 19:35:03,2025-06-19,19:35:03,in,1.22,1310.8,0.0,24.6,8.038,317.3,1.49
2025-06-19 19:35:52,2025-06-19,19:35:52,out,1.53,20.0,80.1,23.7,21.097,200.1,3.81
2025-06-19 19:36:06,2025-06-19,19:36:06,in,0.93,1310.8,0.0,24.6,8.038,325.0,1.57
2025-06-19 19:36:55,2025-06-19,19:36:55,out,2.16,20.0,80.5,23.6,21.054,215.2,3.24
2025-06-19 19:37:10,2025-06-19,19:37:10,in,1.27,1310.8,0.0,24.6,8.038,311.9,2.02
2025-06-19 19:37:58,2025-06-19,19:37:58,out,2.66,20.1,80.8,23.6,21.094,233.7,3.81
2025-06-19 19:38:14,2025-06-19,19:38:14,in,0.98,1310.8,0.0,24.6,8.038,322.9,1.74
2025-06-19 19:39:02,2025-06-19,19:39:02,out,3.49,20.2,81.3,23.6,21.161,226.5,4.41
2025-06-19 19:39:17,2025-06-19,19:39:17,in,0.84,1310.8,0.0,24.5,7.997,328.6,2.06
2025-06-19 19:40:06,2025-06-19,19:40:06,out,2.85,20.2,81.8,23.5,21.131,215.7,3.75
2025-06-19 19:40:20,2025-06-19,19:40:20,in,0.97,1310.8,0.0,24.5,7.997,334.7,1.55
2025-06-19 19:41:09,2025-06-19,19:41:09,out,3.4,20.3,82.3,23.5,21.198,228.1,4.0
2025-06-19 19:41:24,2025-06-19,19:41:24,in,0.52,1310.8,0.0,24.5,7.997,335.5,2.04
2025-06-19 19:42:12,2025-06-19,19:42:12,out,2.06,20.4,82.8,23.5,21.264,228.2,3.76
2025-06-19 19:42:28,2025-06-19,19:42:28,in,0.71,1310.8,0.0,24.4,7.955,335.8,1.7
2025-06-19 19:43:16,2025-06-19,19:43:16,out,3.4,20.3,83.0,23.4,21.194,220.0,4.8
2025-06-19 19:43:31,2025-06-19,19:43:31,in,0.76,1310.8,0.0,24.4,7.955,329.9,1.28
2025-06-19 19:44:20,2025-06-19,19:44:20,out,2.12,20.4,83.6,23.4,21.274,220.6,3.28
2025-06-19 19:44:34,2025-06-19,19:44:34,in,0.89,1310.8,0.0,24.4,7.955,324.6,1.93
2025-06-19 19:45:23,2025-06-19,19:45:23,out,2.31,20.4,83.8,23.3,21.203,231.1,3.31
2025-06-19 19:45:38,2025-06-19,19:45:38,in,1.09,1310.8,0.0,24.3,7.914,334.2,1.66
2025-06-19 19:46:26,2025-06-19,19:46:26,out,0.85,20.5,84.2,23.3,21.256,199.1,2.88
2025-06-19 19:46:42,2025-06-19,19:46:42,in,0.86,1310.8,0.0,24.3,7.914,327.4,1.67
2025-06-19 19:47:30,2025-06-19,19:47:30,out,2.29,20.4,83.9,23.3,21.217,226.3,3.82
2025-06-19 19:47:45,2025-06-19,19:47:45,in,1.09,1310.8,0.0,24.3,7.914,315.7,1.61
2025-06-19 19:48:34,2025-06-19,19:48:34,out,3.19,20.4,83.8,23.3,21.203,236.6,3.87
2025-06-19 19:48:48,2025-06-19,19:48:48,in,0.87,1310.8,0.0,24.3,7.914,323.1,1.56
2025-06-19 19:49:37,2025-06-19,19:49:37,out,1.09,20.3,84.1,23.2,21.146,224.9,3.42
2025-06-19 19:49:52,2025-06-19,19:49:52,in,1.03,1310.8,0.0,24.2,7.872,325.7,1.54
2025-06-19 19:50:40,2025-06-19,19:50:40,out,4.23,20.3,84.0,23.2,21.133,214.1,4.34
2025-06-19 19:50:56,2025-06-19,19:50:56,in,0.93,1310.8,0.0,24.2,7.872,320.4,1.5
2025-06-19 19:51:44,2025-06-19,19:51:44,out,2.31,20.4,84.4,23.2,21.186,225.4,4.08
2025-06-19 19:51:59,2025-06-19,19:51:59,in,0.39,1310.8,0.0,24.2,7.872,341.0,1.54
2025-06-19 19:52:48,2025-06-19,19:52:48,out,2.38,20.5,84.9,23.2,21.252,194.5,3.58
2025-06-19 19:53:02,2025-06-19,19:53:02,in,0.99,1310.8,0.0,24.2,7.872,317.3,1.53
2025-06-19 19:53:51,2025-06-19,19:53:51,out,1.84,20.6,85.4,23.2,21.318,232.6,2.75
2025-06-19 19:54:06,2025-06-19,19:54:06,in,1.03,1310.8,0.0,24.1,7.831,325.4,1.69
2025-06-19 19:54:55,2025-06-19,19:54:55,out,2.39,20.7,86.0,23.2,21.397,216.2,4.4
2025-06-19 19:55:10,2025-06-19,19:55:10,in,0.71,1310.8,0.0,24.2,7.872,310.3,2.01
2025-06-19 19:55:58,2025-06-19,19:55:58,out,2.39,20.9,86.7,23.2,21.489,212.7,4.01
2025-06-19 19:56:13,2025-06-19,19:56:13,in,0.45,1310.8,0.0,24.2,7.872,334.7,1.55
2025-06-19 19:57:02,2025-06-19,19:57:02,out,2.79,21.0,87.5,23.2,21.594,212.4,3.91
2025-06-19 19:57:16,2025-06-19,19:57:16,in,0.44,1310.8,0.0,24.1,7.831,344.7,1.39
2025-06-19 19:58:06,2025-06-19,19:58:06,out,1.36,21.1,88.3,23.2,21.7,240.5,2.22
2025-06-19 19:58:20,2025-06-19,19:58:20,in,0.8,1310.8,0.0,24.1,7.831,317.0,1.5
2025-06-19 19:59:09,2025-06-19,19:59:09,out,3.22,21.2,88.8,23.2,21.766,202.3,4.03
2025-06-19 19:59:24,2025-06-19,19:59:24,in,0.86,1310.8,0.0,24.1,7.831,324.0,1.69
2025-06-19 20:00:12,2025-06-19,20:00:12,out,2.43,21.2,89.5,23.1,21.759,211.8,3.13
2025-06-19 20:00:27,2025-06-19,20:00:27,in,0.82,1310.8,0.0,24.1,7.831,324.2,1.28
2025-06-19 20:01:16,2025-06-19,20:01:16,out,1.84,21.4,90.2,23.1,21.851,217.6,3.24
2025-06-19 20:01:30,2025-06-19,20:01:30,in,0.5,1310.8,0.0,24.1,7.831,329.0,2.01
2025-06-19 20:02:20,2025-06-19,20:02:20,out,0.62,21.5,90.9,23.1,21.943,202.4,1.79
2025-06-19 20:02:34,2025-06-19,20:02:34,in,0.86,1310.8,0.0,24.1,7.831,318.8,1.35
2025-06-19 20:03:23,2025-06-19,20:03:23,out,2.22,21.6,91.4,23.1,22.008,210.4,2.42
2025-06-19 20:03:38,2025-06-19,20:03:38,in,0.25,1310.8,0.0,24.1,7.831,328.6,0.99
2025-06-19 20:04:26,2025-06-19,20:04:26,out,1.38,21.7,91.7,23.1,22.048,230.0,2.27
2025-06-19 20:04:41,2025-06-19,20:04:41,in,0.96,1310.8,0.0,24.1,7.831,308.0,1.28
2025-06-19 20:05:30,2025-06-19,20:05:30,out,1.72,21.7,92.0,23.1,22.087,221.0,2.9
2025-06-19 20:05:44,2025-06-19,20:05:44,in,0.25,1310.8,0.0,24.1,7.831,346.8,0.98
2025-06-19 20:06:34,2025-06-19,20:06:34,out,2.19,21.7,92.4,23.0,22.04,210.1,3.27
2025-06-19 20:06:48,2025-06-19,20:06:48,in,0.63,1310.8,0.0,24.1,7.831,331.2,1.38
2025-06-19 20:07:37,2025-06-19,20:07:37,out,3.16,21.8,92.8,23.0,22.093,229.2,3.67
2025-06-19 20:07:52,2025-06-19,20:07:52,in,1.03,1310.8,0.0,24.0,7.789,324.2,1.59
2025-06-19 20:08:40,2025-06-19,20:08:40,out,0.82,21.9,93.5,23.0,22.184,218.5,2.73
2025-06-19 20:08:55,2025-06-19,20:08:55,in,0.67,1310.8,0.0,24.0,7.789,322.4,1.73
2025-06-19 20:09:44,2025-06-19,20:09:44,out,1.87,22.0,94.1,23.0,22.263,229.9,2.46
2025-06-19 20:09:58,2025-06-19,20:09:58,in,0.56,1310.8,0.0,24.1,7.831,325.0,1.57
2025-06-19 20:10:48,2025-06-19,20:10:48,out,1.2,22.0,94.6,23.0,22.328,191.2,2.59
2025-06-19 20:11:02,2025-06-19,20:11:02,in,0.26,1310.8,0.0,24.0,7.789,352.7,1.52
2025-06-19 20:11:51,2025-06-19,20:11:51,out,2.69,22.1,94.9,23.0,22.367,204.4,2.8
2025-06-19 20:12:06,2025-06-19,20:12:06,in,0.65,1310.8,0.0,24.0,7.789,339.2,1.58
2025-06-19 20:12:54,2025-06-19,20:12:54,out,2.97,22.1,95.2,23.0,22.406,202.3,3.25
2025-06-19 20:13:09,2025-06-19,20:13:09,in,0.84,1310.8,0.0,24.0,7.789,329.5,1.52
2025-06-19 20:13:58,2025-06-19,20:13:58,out,1.1,22.2,95.7,23.0,22.472,224.9,2.56
2025-06-19 20:14:12,2025-06-19,20:14:12,in,0.73,1310.8,0.0,24.0,7.789,333.3,1.42
2025-06-19 20:15:02,2025-06-19,20:15:02,out,1.28,22.3,95.9,23.0,22.498,233.7,2.76
2025-06-19 20:15:16,2025-06-19,20:15:16,in,0.4,1310.8,0.0,24.0,7.789,325.7,1.63
2025-06-19 20:16:05,2025-06-19,20:16:05,out,1.81,22.2,96.0,22.9,22.411,226.6,2.51
2025-06-19 20:16:20,2025-06-19,20:16:20,in,0.39,1310.8,0.0,23.9,7.748,342.1,1.17
2025-06-19 20:17:08,2025-06-19,20:17:08,out,1.86,22.3,96.1,23.0,22.524,228.0,2.77
2025-06-19 20:17:23,2025-06-19,20:17:23,in,0.79,1310.8,0.0,23.9,7.748,325.5,1.45
2025-06-19 20:18:12,2025-06-19,20:18:12,out,3.29,22.2,96.2,22.9,22.437,230.1,4.09
2025-06-19 20:18:27,2025-06-19,20:18:27,in,0.58,1310.8,0.0,23.9,7.748,331.2,1.55
2025-06-19 20:19:16,2025-06-19,20:19:16,out,2.46,22.3,96.5,22.9,22.476,199.2,3.84
2025-06-19 20:19:30,2025-06-19,20:19:30,in,1.02,1310.8,0.0,23.9,7.748,327.9,1.39
2025-06-19 20:20:19,2025-06-19,20:20:19,out,1.57,22.4,97.0,22.9,22.541,218.3,3.08
2025-06-19 20:20:34,2025-06-19,20:20:34,in,1.05,1310.8,0.0,23.9,7.748,321.1,1.48
2025-06-19 20:21:22,2025-06-19,20:21:22,out,1.62,22.4,97.4,22.9,22.593,209.1,2.4
2025-06-19 20:21:38,2025-06-19,20:21:38,in,0.86,1310.8,0.0,23.8,7.706,324.2,1.59
2025-06-19 20:22:26,2025-06-19,20:22:26,out,1.39,22.5,97.7,22.9,22.633,215.0,2.76
2025-06-19 20:22:41,2025-06-19,20:22:41,in,1.07,1310.8,0.0,23.8,7.706,319.0,2.05
2025-06-19 20:23:30,2025-06-19,20:23:30,out,1.74,22.5,97.9,22.9,22.659,201.8,2.59
2025-06-19 20:23:44,2025-06-19,20:23:44,in,0.57,1310.8,0.0,23.9,7.748,322.1,1.37
2025-06-19 20:24:33,2025-06-19,20:24:33,out,2.26,22.6,98.3,22.9,22.711,208.6,3.81
2025-06-19 20:24:48,2025-06-19,20:24:48,in,0.91,1310.8,0.0,23.9,7.748,329.0,1.66
2025-06-19 20:25:36,2025-06-19,20:25:36,out,1.02,22.7,99.0,22.9,22.802,183.2,3.43
2025-06-19 20:25:51,2025-06-19,20:25:51,in,0.51,1310.8,0.0,23.8,7.706,312.7,1.33
2025-06-19 20:26:40,2025-06-19,20:26:40,out,1.96,22.8,99.7,22.9,22.893,214.6,3.32
2025-06-19 20:26:55,2025-06-19,20:26:55,in,0.78,1310.8,0.0,23.8,7.706,339.0,1.77
2025-06-19 20:27:44,2025-06-19,20:27:44,out,2.69,22.9,100.0,22.9,22.932,218.0,3.23
2025-06-19 20:27:58,2025-06-19,20:27:58,in,0.52,1310.8,0.0,23.8,7.706,333.1,1.49
2025-06-19 20:28:47,2025-06-19,20:28:47,out,1.92,22.9,100.0,22.9,22.932,211.0,3.66
2025-06-19 20:29:02,2025-06-19,20:29:02,in,0.64,1310.8,0.0,23.8,7.706,318.0,1.32
2025-06-19 20:29:50,2025-06-19,20:29:50,out,1.35,22.9,100.0,22.9,22.932,233.5,2.59
2025-06-19 20:30:05,2025-06-19,20:30:05,in,0.71,1310.8,0.0,23.8,7.706,330.4,1.7
2025-06-19 20:30:54,2025-06-19,20:30:54,out,1.73,22.9,100.0,22.9,22.932,204.8,2.79
2025-06-19 20:31:08,2025-06-19,20:31:08,in,0.9,1310.8,0.0,23.8,7.706,326.0,1.81
2025-06-19 20:31:58,2025-06-19,20:31:58,out,1.73,22.9,100.0,22.9,22.932,206.3,3.44
2025-06-19 20:32:12,2025-06-19,20:32:12,in,0.69,1310.8,0.0,23.8,7.706,336.1,1.33
2025-06-19 20:33:01,2025-06-19,20:33:01,out,1.11,22.9,100.0,22.9,22.932,222.2,1.84
2025-06-19 20:33:16,2025-06-19,20:33:16,in,1.13,1310.8,0.0,23.8,7.706,332.9,1.42
2025-06-19 20:34:04,2025-06-19,20:34:04,out,1.19,22.9,100.0,22.9,22.932,211.1,2.22
2025-06-19 20:34:20,2025-06-19,20:34:20,in,0.75,1310.8,0.0,23.8,7.706,331.7,1.35
2025-06-19 20:35:08,2025-06-19,20:35:08,out,2.08,22.9,100.0,22.9,22.932,212.0,2.33
2025-06-19 20:35:23,2025-06-19,20:35:23,in,0.93,1310.8,0.0,23.8,7.706,322.1,1.74
2025-06-19 20:36:12,2025-06-19,20:36:12,out,1.61,22.9,100.0,22.9,22.932,243.4,2.33
2025-06-19 20:36:26,2025-06-19,20:36:26,in,0.73,1310.8,0.0,23.8,7.706,324.4,1.5
2025-06-19 20:37:15,2025-06-19,20:37:15,out,1.82,22.9,100.0,22.9,22.932,213.9,3.1
2025-06-19 20:37:30,2025-06-19,20:37:30,in,1.09,1310.8,0.0,23.8,7.706,334.1,1.56
2025-06-19 20:38:18,2025-06-19,20:38:18,out,1.38,22.9,100.0,22.9,22.932,255.5,2.83
2025-06-19 20:38:34,2025-06-19,20:38:34,in,0.89,1310.8,0.0,23.8,7.706,326.5,1.88
2025-06-19 20:39:22,2025-06-19,20:39:22,out,2.45,22.8,100.0,22.8,22.832,240.3,2.78
2025-06-19 20:39:37,2025-06-19,20:39:37,in,1.44,1310.8,0.0,23.8,7.706,323.0,2.0
2025-06-19 20:40:26,2025-06-19,20:40:26,out,2.18,22.8,100.0,22.8,22.832,215.3,2.57
2025-06-19 20:40:40,2025-06-19,20:40:40,in,0.96,1310.8,0.0,23.7,7.665,329.6,1.68
2025-06-19 20:41:29,2025-06-19,20:41:29,out,2.08,22.8,100.0,22.8,22.832,214.3,2.59
2025-06-19 20:41:44,2025-06-19,20:41:44,in,1.09,1310.8,0.0,23.7,7.665,330.6,1.9
2025-06-19 20:42:32,2025-06-19,20:42:32,out,1.69,22.8,100.0,22.8,22.832,224.2,2.26
2025-06-19 20:42:48,2025-06-19,20:42:48,in,1.02,1310.8,0.0,23.7,7.665,328.1,1.98
2025-06-19 20:43:36,2025-06-19,20:43:36,out,1.88,22.8,100.0,22.8,22.832,207.7,2.43
2025-06-19 20:43:51,2025-06-19,20:43:51,in,0.98,1310.8,0.0,23.7,7.665,333.0,1.77
2025-06-19 20:44:40,2025-06-19,20:44:40,out,2.67,,,22.8,,22.8,10.0
2025-06-19 20:44:54,2025-06-19,20:44:54,in,1.76,,,1310.8,,23.6,0.0
2025-06-19 20:45:44,2025-06-19,20:45:44,out,1.69,22.8,100.0,22.8,22.832,218.2,2.36
2025-06-19 20:45:58,2025-06-19,20:45:58,in,1.34,1310.8,0.0,23.6,7.623,323.6,1.93
2025-06-19 20:46:47,2025-06-19,20:46:47,out,0.9,22.7,100.0,22.7,22.731,219.6,1.95
2025-06-19 20:47:02,2025-06-19,20:47:02,in,0.85,1310.8,0.0,23.6,7.623,334.6,1.71
2025-06-19 20:47:50,2025-06-19,20:47:50,out,2.48,22.7,100.0,22.7,22.731,231.9,3.1
2025-06-19 20:48:05,2025-06-19,20:48:05,in,0.98,1310.8,0.0,23.6,7.623,331.2,1.74
2025-06-19 20:48:54,2025-06-19,20:48:54,out,2.08,22.7,100.0,22.7,22.731,223.1,3.25
2025-06-19 20:49:08,2025-06-19,20:49:08,in,0.91,1310.8,0.0,23.6,7.623,323.7,1.63
2025-06-19 20:49:58,2025-06-19,20:49:58,out,2.48,22.7,100.0,22.7,22.731,239.9,2.96
2025-06-19 20:50:12,2025-06-19,20:50:12,in,0.63,1310.8,0.0,23.6,7.623,333.6,1.62
2025-06-19 20:51:01,2025-06-19,20:51:01,out,2.0,22.7,100.0,22.7,22.731,228.1,2.77
2025-06-19 20:51:16,2025-06-19,20:51:16,in,0.75,1310.8,0.0,23.6,7.623,339.0,1.6
2025-06-19 20:52:04,2025-06-19,20:52:04,out,1.68,22.7,100.0,22.7,22.731,221.1,2.4
2025-06-19 20:52:19,2025-06-19,20:52:19,in,0.92,1310.8,0.0,23.6,7.623,331.2,1.47
2025-06-19 20:53:08,2025-06-19,20:53:08,out,2.76,22.7,100.0,22.7,22.731,212.0,3.09
2025-06-19 20:53:23,2025-06-19,20:53:23,in,1.09,1310.8,0.0,23.6,7.623,326.9,1.35
2025-06-19 20:54:12,2025-06-19,20:54:12,out,2.06,22.7,100.0,22.7,22.731,206.4,3.12
2025-06-19 20:54:26,2025-06-19,20:54:26,in,0.79,1310.8,0.0,23.5,7.582,328.7,1.71
2025-06-19 20:55:15,2025-06-19,20:55:15,out,2.01,22.7,100.0,22.7,22.731,207.3,2.5
2025-06-19 20:55:30,2025-06-19,20:55:30,in,1.06,1310.8,0.0,23.5,7.582,324.6,1.75
2025-06-19 20:56:18,2025-06-19,20:56:18,out,2.39,22.6,100.0,22.6,22.63,235.6,2.81
2025-06-19 20:56:34,2025-06-19,20:56:34,in,0.76,1310.8,0.0,23.5,7.582,328.8,1.62
2025-06-19 20:57:22,2025-06-19,20:57:22,out,1.54,22.6,100.0,22.6,22.63,226.3,2.09
2025-06-19 20:57:37,2025-06-19,20:57:37,in,0.75,1310.8,0.0,23.5,7.582,326.7,1.59
2025-06-19 20:58:26,2025-06-19,20:58:26,out,1.54,22.6,100.0,22.6,22.63,217.5,2.08
2025-06-19 20:58:40,2025-06-19,20:58:40,in,1.48,1310.8,0.0,23.5,7.582,329.1,1.73
2025-06-19 20:59:29,2025-06-19,20:59:29,out,1.34,22.6,100.0,22.6,22.63,203.8,2.73
2025-06-19 20:59:44,2025-06-19,20:59:44,in,1.3,1310.8,0.0,23.5,7.582,321.0,1.81
2025-06-19 21:00:32,2025-06-19,21:00:32,out,2.11,22.6,100.0,22.6,22.63,220.0,2.92
2025-06-19 21:00:48,2025-06-19,21:00:48,in,0.82,1310.8,0.0,23.5,7.582,321.5,1.4
2025-06-19 21:01:36,2025-06-19,21:01:36,out,2.01,22.6,100.0,22.6,22.63,219.7,2.88
2025-06-19 21:01:51,2025-06-19,21:01:51,in,1.01,1310.8,0.0,23.5,7.582,313.1,1.78
2025-06-19 21:02:40,2025-06-19,21:02:40,out,1.38,22.6,100.0,22.6,22.63,215.7,1.93
2025-06-19 21:02:54,2025-06-19,21:02:54,in,0.94,1310.8,0.0,23.4,7.54,332.4,1.59
2025-06-19 21:03:43,2025-06-19,21:03:43,out,1.33,22.6,100.0,22.6,22.63,220.7,1.58
2025-06-19 21:03:58,2025-06-19,21:03:58,in,1.14,1310.8,0.0,23.4,7.54,322.9,1.79
2025-06-19 21:04:46,2025-06-19,21:04:46,out,1.62,22.6,100.0,22.6,22.63,230.1,1.89
2025-06-19 21:05:02,2025-06-19,21:05:02,in,0.92,1310.8,0.0,23.4,7.54,315.6,1.6
2025-06-19 21:05:50,2025-06-19,21:05:50,out,1.78,22.5,100.0,22.6,22.63,217.3,2.14
2025-06-19 21:06:05,2025-06-19,21:06:05,in,0.68,1310.8,0.0,23.4,7.54,325.3,1.49
2025-06-19 21:06:54,2025-06-19,21:06:54,out,1.02,22.5,100.0,22.5,22.529,222.4,2.29
2025-06-19 21:07:08,2025-06-19,21:07:08,in,0.86,1310.8,0.0,23.4,7.54,326.2,1.73
2025-06-19 21:07:57,2025-06-19,21:07:57,out,0.94,22.5,100.0,22.5,22.529,233.4,1.55
2025-06-19 21:08:12,2025-06-19,21:08:12,in,1.18,1310.8,0.0,23.4,7.54,325.2,1.91
2025-06-19 21:09:00,2025-06-19,21:09:00,out,1.24,22.5,100.0,22.5,22.529,210.3,1.97
2025-06-19 21:09:16,2025-06-19,21:09:16,in,1.02,1310.8,0.0,23.4,7.54,324.3,1.62
2025-06-19 21:10:04,2025-06-19,21:10:04,out,0.95,22.5,100.0,22.5,22.529,227.7,1.54
2025-06-19 21:10:19,2025-06-19,21:10:19,in,0.95,1310.8,0.0,23.4,7.54,337.1,1.31
2025-06-19 21:11:08,2025-06-19,21:11:08,out,1.01,22.5,100.0,22.5,22.529,241.6,1.46
2025-06-19 21:11:22,2025-06-19,21:11:22,in,0.46,1310.8,0.0,23.4,7.54,348.7,1.32
2025-06-19 21:12:11,2025-06-19,21:12:11,out,0.75,22.5,100.0,22.5,22.529,227.8,0.98
2025-06-19 21:12:26,2025-06-19,21:12:26,in,0.58,1310.8,0.0,23.4,7.54,328.6,1.12
2025-06-19 21:13:14,2025-06-19,21:13:14,out,1.26,22.5,100.0,22.5,22.529,195.4,1.66
2025-06-19 21:13:30,2025-06-19,21:13:30,in,0.79,1310.8,0.0,23.3,7.499,326.1,1.3
2025-06-19 21:14:18,2025-06-19,21:14:18,out,2.06,22.5,100.0,22.5,22.529,223.2,2.16
2025-06-19 21:14:33,2025-06-19,21:14:33,in,0.89,1310.8,0.0,23.3,7.499,327.9,1.2
2025-06-19 21:15:22,2025-06-19,21:15:22,out,1.39,22.4,100.0,22.4,22.429,228.8,2.21
2025-06-19 21:15:36,2025-06-19,21:15:36,in,0.57,1310.8,0.0,23.3,7.499,341.6,1.37
2025-06-19 21:16:25,2025-06-19,21:16:25,out,1.04,22.4,100.0,22.4,22.429,208.8,1.57
2025-06-19 21:16:40,2025-06-19,21:16:40,in,0.59,1310.8,0.0,23.3,7.499,330.0,1.22
2025-06-19 21:17:29,2025-06-19,21:17:29,out,0.86,22.4,100.0,22.4,22.429,202.4,1.37
2025-06-19 21:17:44,2025-06-19,21:17:44,in,0.72,1310.8,0.0,23.3,7.499,318.8,1.37
2025-06-19 21:18:32,2025-06-19,21:18:32,out,1.05,22.4,100.0,22.4,22.429,242.5,1.19
2025-06-19 21:18:47,2025-06-19,21:18:47,in,0.84,1310.8,0.0,23.3,7.499,315.1,1.4
2025-06-19 21:19:36,2025-06-19,21:19:36,out,0.87,22.4,100.0,22.4,22.429,221.3,1.5
2025-06-19 21:19:50,2025-06-19,21:19:50,in,0.95,1310.8,0.0,23.2,7.457,321.3,1.35
2025-06-19 21:20:39,2025-06-19,21:20:39,out,1.08,22.4,100.0,22.4,22.429,228.0,1.26
2025-06-19 21:20:54,2025-06-19,21:20:54,in,1.08,1310.8,0.0,23.2,7.457,323.0,1.59
2025-06-19 21:21:43,2025-06-19,21:21:43,out,0.85,22.4,100.0,22.4,22.429,224.9,1.33
2025-06-19 21:21:58,2025-06-19,21:21:58,in,1.07,1310.8,0.0,23.2,7.457,331.4,1.57
2025-06-19 21:22:46,2025-06-19,21:22:46,out,0.64,22.4,100.0,22.4,22.429,236.9,1.15
2025-06-19 21:23:01,2025-06-19,21:23:01,in,0.71,1310.8,0.0,23.2,7.457,311.2,2.01
2025-06-19 21:23:50,2025-06-19,21:23:50,out,1.24,22.4,100.0,22.4,22.429,228.9,1.37
2025-06-19 21:24:04,2025-06-19,21:24:04,in,0.79,1310.8,0.0,23.2,7.457,333.0,1.51
2025-06-19 21:24:53,2025-06-19,21:24:53,out,0.75,22.4,100.0,22.4,22.429,233.5,1.45
2025-06-19 21:25:08,2025-06-19,21:25:08,in,0.81,1310.8,0.0,23.2,7.457,330.8,1.33
2025-06-19 21:25:57,2025-06-19,21:25:57,out,0.68,22.4,100.0,22.4,22.429,237.6,1.29
2025-06-19 21:26:12,2025-06-19,21:26:12,in,0.66,1310.8,0.0,23.2,7.457,331.5,1.7
2025-06-19 21:27:00,2025-06-19,21:27:00,out,1.19,22.4,100.0,22.4,22.429,228.4,1.55
2025-06-19 21:27:15,2025-06-19,21:27:15,in,0.99,1310.8,0.0,23.2,7.457,320.5,1.55
2025-06-19 21:28:04,2025-06-19,21:28:04,out,0.96,22.4,100.0,22.4,22.429,231.2,1.41
2025-06-19 21:28:18,2025-06-19,21:28:18,in,1.11,1310.8,0.0,23.2,7.457,323.3,1.4
2025-06-19 21:29:08,2025-06-19,21:29:08,out,1.04,22.4,100.0,22.4,22.429,249.7,1.6
2025-06-19 21:29:22,2025-06-19,21:29:22,in,1.27,1310.8,0.0,23.2,7.457,319.7,1.65
2025-06-19 21:30:11,2025-06-19,21:30:11,out,0.9,22.4,100.0,22.4,22.429,233.1,1.42
2025-06-19 21:30:26,2025-06-19,21:30:26,in,1.18,1310.8,0.0,23.2,7.457,328.3,1.56
2025-06-19 21:31:14,2025-06-19,21:31:14,out,1.2,22.4,100.0,22.4,22.429,234.7,1.31
2025-06-19 21:31:29,2025-06-19,21:31:29,in,0.99,1310.8,0.0,23.2,7.457,329.9,1.67
2025-06-19 21:32:18,2025-06-19,21:32:18,out,0.89,22.4,100.0,22.4,22.429,262.9,1.48
2025-06-19 21:32:32,2025-06-19,21:32:32,in,0.78,1310.8,0.0,23.2,7.457,313.4,1.59
2025-06-19 21:33:22,2025-06-19,21:33:22,out,1.16,22.4,100.0,22.4,22.429,241.2,1.41
2025-06-19 21:33:36,2025-06-19,21:33:36,in,0.81,1310.8,0.0,23.2,7.457,319.6,1.26
2025-06-19 21:34:25,2025-06-19,21:34:25,out,0.69,22.4,100.0,22.4,22.429,231.9,1.22
2025-06-19 21:34:40,2025-06-19,21:34:40,in,1.25,1310.8,0.0,23.2,7.457,323.8,1.68
2025-06-19 21:35:28,2025-06-19,21:35:28,out,1.92,22.4,100.0,22.4,22.429,228.5,2.15
2025-06-19 21:35:43,2025-06-19,21:35:43,in,0.96,1310.8,0.0,23.2,7.457,319.4,1.28
2025-06-19 21:36:32,2025-06-19,21:36:32,out,1.18,22.4,100.0,22.4,22.429,204.7,2.03
2025-06-19 21:36:46,2025-06-19,21:36:46,in,1.08,1310.8,0.0,23.2,7.457,312.3,1.98
2025-06-19 21:37:36,2025-06-19,21:37:36,out,1.33,22.4,100.0,22.4,22.429,234.2,1.42
2025-06-19 21:37:50,2025-06-19,21:37:50,in,0.88,1310.8,0.0,23.2,7.457,314.7,1.81
2025-06-19 21:38:39,2025-06-19,21:38:39,out,1.42,22.4,100.0,22.4,22.429,226.1,1.72
2025-06-19 21:38:54,2025-06-19,21:38:54,in,1.13,1310.8,0.0,23.2,7.457,319.3,1.49
2025-06-19 21:39:42,2025-06-19,21:39:42,out,1.37,22.4,100.0,22.4,22.429,219.3,1.63
2025-06-19 21:39:57,2025-06-19,21:39:57,in,0.79,1310.8,0.0,23.2,7.457,322.9,1.53
2025-06-19 21:40:46,2025-06-19,21:40:46,out,0.7,22.4,100.0,22.4,22.429,225.7,1.1
2025-06-19 21:41:00,2025-06-19,21:41:00,in,0.79,1310.8,0.0,23.2,7.457,324.6,1.39
2025-06-19 21:41:50,2025-06-19,21:41:50,out,1.4,22.4,100.0,22.4,22.429,240.6,1.56
2025-06-19 21:42:04,2025-06-19,21:42:04,in,0.96,1310.8,0.0,23.2,7.457,323.3,1.35
2025-06-19 21:42:53,2025-06-19,21:42:53,out,1.4,22.4,100.0,22.4,22.429,233.5,1.61
2025-06-19 21:43:08,2025-06-19,21:43:08,in,1.3,1310.8,0.0,23.2,7.457,324.4,1.59
2025-06-19 21:43:56,2025-06-19,21:43:56,out,0.58,22.4,100.0,22.4,22.429,250.3,1.6
2025-06-19 21:44:11,2025-06-19,21:44:11,in,0.54,1310.8,0.0,23.2,7.457,320.3,1.49
2025-06-19 21:45:00,2025-06-19,21:45:00,out,0.93,22.4,100.0,22.4,22.429,237.8,1.41
2025-06-19 21:45:14,2025-06-19,21:45:14,in,0.95,1310.8,0.0,23.2,7.457,328.2,1.35
2025-06-19 21:46:04,2025-06-19,21:46:04,out,0.54,22.4,100.0,22.4,22.429,224.7,1.15
2025-06-19 21:46:18,2025-06-19,21:46:18,in,0.98,1310.8,0.0,23.2,7.457,331.3,1.82
2025-06-19 21:47:07,2025-06-19,21:47:07,out,0.66,22.4,100.0,22.4,22.429,227.9,0.76
2025-06-19 21:47:22,2025-06-19,21:47:22,in,0.77,1310.8,0.0,23.2,7.457,318.7,1.62
2025-06-19 21:48:10,2025-06-19,21:48:10,out,1.17,22.4,100.0,22.4,22.429,226.0,1.32
2025-06-19 21:48:25,2025-06-19,21:48:25,in,0.77,1310.8,0.0,23.2,7.457,323.3,1.17
2025-06-19 21:49:14,2025-06-19,21:49:14,out,0.82,22.4,100.0,22.4,22.429,232.2,1.27
2025-06-19 21:49:28,2025-06-19,21:49:28,in,0.52,1310.8,0.0,23.2,7.457,325.5,1.21
2025-06-19 21:50:18,2025-06-19,21:50:18,out,0.56,22.4,100.0,22.4,22.429,247.7,1.41
2025-06-19 21:50:32,2025-06-19,21:50:32,in,1.15,1310.8,0.0,23.2,7.457,321.8,1.65
2025-06-19 21:51:21,2025-06-19,21:51:21,out,0.73,22.4,100.0,22.4,22.429,224.7,0.9
2025-06-19 21:51:36,2025-06-19,21:51:36,in,0.73,1310.8,0.0,23.2,7.457,325.5,1.46
2025-06-19 21:52:24,2025-06-19,21:52:24,out,0.94,22.4,100.0,22.4,22.429,226.2,1.27
2025-06-19 21:52:39,2025-06-19,21:52:39,in,0.78,1310.8,0.0,23.2,7.457,331.8,1.99
2025-06-19 21:53:28,2025-06-19,21:53:28,out,1.12,22.4,100.0,22.4,22.429,229.2,1.42
2025-06-19 21:53:42,2025-06-19,21:53:42,in,1.19,1310.8,0.0,23.2,7.457,316.6,1.44
2025-06-19 21:54:32,2025-06-19,21:54:32,out,1.49,22.4,100.0,22.4,22.429,199.1,1.71
2025-06-19 21:54:46,2025-06-19,21:54:46,in,1.03,1310.8,0.0,23.2,7.457,314.5,1.78
2025-06-19 21:55:35,2025-06-19,21:55:35,out,1.46,22.4,100.0,22.4,22.429,224.2,1.56
2025-06-19 21:55:50,2025-06-19,21:55:50,in,0.65,1310.8,0.0,23.2,7.457,332.1,1.43
2025-06-19 21:56:38,2025-06-19,21:56:38,out,0.82,22.4,100.0,22.4,22.429,234.6,1.45
2025-06-19 21:56:53,2025-06-19,21:56:53,in,0.73,1310.8,0.0,23.2,7.457,330.6,1.86
2025-06-19 21:57:42,2025-06-19,21:57:42,out,1.3,22.4,100.0,22.4,22.429,224.7,1.87
2025-06-19 21:57:57,2025-06-19,21:57:57,in,1.45,1310.8,0.0,23.2,7.457,317.5,1.68
2025-06-19 21:58:46,2025-06-19,21:58:46,out,1.5,22.4,100.0,22.4,22.429,219.1,2.05
2025-06-19 21:59:00,2025-06-19,21:59:00,in,0.84,1310.8,0.0,23.2,7.457,327.3,1.79
2025-06-19 21:59:49,2025-06-19,21:59:49,out,1.54,22.5,100.0,22.5,22.529,209.5,2.0
2025-06-19 22:00:04,2025-06-19,22:00:04,in,0.9,1310.8,0.0,23.1,7.416,313.2,1.52
2025-06-19 22:00:52,2025-06-19,22:00:52,out,0.73,22.5,100.0,22.5,22.529,210.8,1.56
2025-06-19 22:01:07,2025-06-19,22:01:07,in,1.09,1310.8,0.0,23.2,7.457,316.9,1.79
2025-06-19 22:01:56,2025-06-19,22:01:56,out,0.58,22.4,100.0,22.4,22.429,215.4,1.28
2025-06-19 22:02:11,2025-06-19,22:02:11,in,0.87,1310.8,0.0,23.2,7.457,312.4,1.86
2025-06-19 22:03:00,2025-06-19,22:03:00,out,1.11,22.5,100.0,22.4,22.429,232.4,1.31
2025-06-19 22:03:14,2025-06-19,22:03:14,in,0.82,1310.8,0.0,23.2,7.457,323.2,1.61
2025-06-19 22:04:03,2025-06-19,22:04:03,out,1.25,22.5,100.0,22.5,22.529,218.1,1.47
2025-06-19 22:04:18,2025-06-19,22:04:18,in,0.88,1310.8,0.0,23.2,7.457,326.6,1.45
2025-06-19 22:05:07,2025-06-19,22:05:07,out,1.23,22.4,100.0,22.5,22.529,224.7,1.55
2025-06-19 22:05:22,2025-06-19,22:05:22,in,1.12,1310.8,0.0,23.2,7.457,326.9,1.82
2025-06-19 22:06:10,2025-06-19,22:06:10,out,1.35,22.5,100.0,22.4,22.429,219.5,1.69
2025-06-19 22:06:24,2025-06-19,22:06:24,in,0.84,1310.8,0.0,23.2,7.457,322.3,1.96
2025-06-19 22:07:14,2025-06-19,22:07:14,out,1.42,22.5,100.0,22.5,22.529,208.6,1.83
2025-06-19 22:07:28,2025-06-19,22:07:28,in,0.91,1310.8,0.0,23.1,7.416,322.1,1.24
2025-06-19 22:08:18,2025-06-19,22:08:18,out,1.53,22.4,100.0,22.4,22.429,205.3,1.69
2025-06-19 22:08:32,2025-06-19,22:08:32,in,0.78,1310.8,0.0,23.1,7.416,320.6,1.38
2025-06-19 22:09:21,2025-06-19,22:09:21,out,0.94,22.5,100.0,22.5,22.529,243.4,1.45
2025-06-19 22:09:36,2025-06-19,22:09:36,in,0.81,1310.8,0.0,23.1,7.416,322.8,1.36
2025-06-19 22:10:24,2025-06-19,22:10:24,out,0.54,22.5,100.0,22.5,22.529,251.9,1.07
2025-06-19 22:10:39,2025-06-19,22:10:39,in,0.84,1310.8,0.0,23.1,7.416,321.4,1.27
2025-06-19 22:11:28,2025-06-19,22:11:28,out,1.4,22.5,100.0,22.5,22.529,229.5,1.53
2025-06-19 22:11:42,2025-06-19,22:11:42,in,0.74,1310.8,0.0,23.1,7.416,330.7,1.05
2025-06-19 22:12:32,2025-06-19,22:12:32,out,0.81,22.5,100.0,22.5,22.529,233.8,1.47
2025-06-19 22:12:46,2025-06-19,22:12:46,in,0.62,1310.8,0.0,23.1,7.416,334.7,1.46
2025-06-19 22:13:35,2025-06-19,22:13:35,out,0.74,22.4,100.0,22.4,22.429,218.3,1.21
2025-06-19 22:13:50,2025-06-19,22:13:50,in,0.73,1310.8,0.0,23.1,7.416,334.5,1.48
2025-06-19 22:14:38,2025-06-19,22:14:38,out,0.63,22.4,100.0,22.4,22.429,217.8,1.09
2025-06-19 22:14:53,2025-06-19,22:14:53,in,0.67,1310.8,0.0,23.1,7.416,322.4,0.95
2025-06-19 22:15:42,2025-06-19,22:15:42,out,0.84,22.5,100.0,22.5,22.529,262.4,1.23
2025-06-19 22:15:56,2025-06-19,22:15:56,in,0.79,1310.8,0.0,23.1,7.416,334.1,1.44
2025-06-19 22:16:46,2025-06-19,22:16:46,out,1.11,22.4,100.0,22.4,22.429,243.5,1.52
2025-06-19 22:17:00,2025-06-19,22:17:00,in,0.77,1310.8,0.0,23.1,7.416,327.8,1.28
2025-06-19 22:17:49,2025-06-19,22:17:49,out,0.95,22.4,100.0,22.4,22.429,223.7,1.36
2025-06-19 22:18:04,2025-06-19,22:18:04,in,0.9,1310.8,0.0,23.1,7.416,332.5,1.29
2025-06-19 22:18:52,2025-06-19,22:18:52,out,0.83,22.4,100.0,22.4,22.429,233.1,1.04
2025-06-19 22:19:07,2025-06-19,22:19:07,in,0.77,1310.8,0.0,23.1,7.416,320.5,1.44
2025-06-19 22:19:56,2025-06-19,22:19:56,out,0.99,22.5,100.0,22.5,22.529,218.5,1.45
2025-06-19 22:20:10,2025-06-19,22:20:10,in,0.92,1310.8,0.0,23.1,7.416,324.7,1.57
2025-06-19 22:21:00,2025-06-19,22:21:00,out,1.61,22.4,100.0,22.4,22.429,221.4,1.82
2025-06-19 22:21:14,2025-06-19,22:21:14,in,1.31,1310.8,0.0,23.1,7.416,326.0,1.78
2025-06-19 22:22:03,2025-06-19,22:22:03,out,0.41,22.4,100.0,22.4,22.429,211.7,1.3
2025-06-19 22:22:18,2025-06-19,22:22:18,in,0.92,1310.8,0.0,23.1,7.416,322.0,1.49
2025-06-19 22:23:06,2025-06-19,22:23:06,out,1.3,22.4,100.0,22.4,22.429,192.3,1.61
2025-06-19 22:23:21,2025-06-19,22:23:21,in,0.7,1310.8,0.0,23.1,7.416,330.2,1.14
2025-06-19 22:24:10,2025-06-19,22:24:10,out,0.57,22.4,100.0,22.4,22.429,208.3,1.25
2025-06-19 22:24:24,2025-06-19,22:24:24,in,0.61,1310.8,0.0,23.1,7.416,329.8,1.29
2025-06-19 22:25:14,2025-06-19,22:25:14,out,0.68,22.4,100.0,22.4,22.429,232.9,1.1
2025-06-19 22:25:28,2025-06-19,22:25:28,in,0.84,1310.8,0.0,23.1,7.416,328.6,1.37
2025-06-19 22:26:17,2025-06-19,22:26:17,out,1.14,22.4,100.0,22.4,22.429,206.7,1.87
2025-06-19 22:26:32,2025-06-19,22:26:32,in,0.74,1310.8,0.0,23.1,7.416,328.5,1.75
2025-06-19 22:27:20,2025-06-19,22:27:20,out,0.79,22.4,100.0,22.4,22.429,221.6,1.39
2025-06-19 22:27:35,2025-06-19,22:27:35,in,0.63,1310.8,0.0,23.1,7.416,328.3,1.2
2025-06-19 22:28:24,2025-06-19,22:28:24,out,1.68,22.4,100.0,22.4,22.429,217.1,1.98
2025-06-19 22:28:38,2025-06-19,22:28:38,in,0.69,1310.8,0.0,23.1,7.416,331.6,1.31
2025-06-19 22:29:28,2025-06-19,22:29:28,out,1.35,22.4,100.0,22.4,22.429,220.4,1.66
2025-06-19 22:29:42,2025-06-19,22:29:42,in,0.8,1310.8,0.0,23.1,7.416,318.4,1.3
2025-06-19 22:30:31,2025-06-19,22:30:31,out,1.06,22.4,100.0,22.4,22.429,218.7,1.92
2025-06-19 22:30:46,2025-06-19,22:30:46,in,0.76,1310.8,0.0,23.1,7.416,325.0,1.2
2025-06-19 22:31:34,2025-06-19,22:31:34,out,0.66,22.4,100.0,22.4,22.429,216.5,1.33
2025-06-19 22:31:49,2025-06-19,22:31:49,in,0.56,1310.8,0.0,23.1,7.416,346.9,1.24
2025-06-19 22:32:38,2025-06-19,22:32:38,out,0.93,22.4,100.0,22.4,22.429,204.3,1.43
2025-06-19 22:32:52,2025-06-19,22:32:52,in,0.79,1310.8,0.0,23.1,7.416,323.2,1.12
2025-06-19 22:33:42,2025-06-19,22:33:42,out,1.1,22.4,100.0,22.4,22.429,196.8,1.77
2025-06-19 22:33:56,2025-06-19,22:33:56,in,0.84,1310.8,0.0,23.1,7.416,320.1,1.29
2025-06-19 22:34:45,2025-06-19,22:34:45,out,1.55,22.4,100.0,22.4,22.429,220.7,2.12
2025-06-19 22:35:00,2025-06-19,22:35:00,in,0.54,1310.8,0.0,23.1,7.416,323.0,1.25
2025-06-19 22:35:48,2025-06-19,22:35:48,out,1.48,,,22.4,,22.4,10.0
2025-06-19 22:36:04,2025-06-19,22:36:04,in,1.25,,,1310.8,,23.1,0.0
2025-06-19 22:36:52,2025-06-19,22:36:52,out,1.17,22.4,100.0,22.4,22.429,209.5,1.47
2025-06-19 22:37:06,2025-06-19,22:37:06,in,0.71,1310.8,0.0,23.1,7.416,329.6,1.45
2025-06-19 22:37:56,2025-06-19,22:37:56,out,1.38,22.4,100.0,22.4,22.429,207.7,1.45
2025-06-19 22:38:10,2025-06-19,22:38:10,in,0.8,1310.8,0.0,23.1,7.416,319.2,1.18
2025-06-19 22:38:59,2025-06-19,22:38:59,out,1.2,22.4,100.0,22.4,22.429,246.6,1.61
2025-06-19 22:39:14,2025-06-19,22:39:14,in,1.21,1310.8,0.0,23.1,7.416,320.0,1.58
2025-06-19 22:40:02,2025-06-19,22:40:02,out,0.9,22.4,100.0,22.4,22.429,208.3,1.21
2025-06-19 22:40:17,2025-06-19,22:40:17,in,1.44,1310.8,0.0,23.1,7.416,317.8,1.93
2025-06-19 22:41:06,2025-06-19,22:41:06,out,0.97,22.4,100.0,22.4,22.429,202.0,1.2
2025-06-19 22:41:20,2025-06-19,22:41:20,in,0.74,1310.8,0.0,23.1,7.416,325.8,1.47
2025-06-19 22:42:10,2025-06-19,22:42:10,out,0.62,22.4,100.0,22.4,22.429,215.6,1.24
2025-06-19 22:42:24,2025-06-19,22:42:24,in,0.87,1310.8,0.0,23.1,7.416,329.1,2.27
2025-06-19 22:43:13,2025-06-19,22:43:13,out,0.61,22.4,100.0,22.4,22.429,216.6,1.45
2025-06-19 22:43:28,2025-06-19,22:43:28,in,0.8,1310.8,0.0,23.1,7.416,323.3,1.5
2025-06-19 22:44:16,2025-06-19,22:44:16,out,1.21,22.4,100.0,22.4,22.429,210.5,1.5
2025-06-19 22:44:31,2025-06-19,22:44:31,in,0.84,1310.8,0.0,23.1,7.416,326.7,1.64
2025-06-19 22:45:20,2025-06-19,22:45:20,out,0.44,22.4,100.0,22.4,22.429,231.2,1.36
2025-06-19 22:45:34,2025-06-19,22:45:34,in,0.95,1310.8,0.0,23.1,7.416,322.8,1.81
2025-06-19 22:46:24,2025-06-19,22:46:24,out,0.65,22.4,100.0,22.4,22.429,179.8,0.97
2025-06-19 22:46:38,2025-06-19,22:46:38,in,1.31,1310.8,0.0,23.1,7.416,319.0,1.45
2025-06-19 22:47:28,2025-06-19,22:47:28,out,0.07,22.4,100.0,22.4,22.429,157.5,0.68
2025-06-19 22:47:42,2025-06-19,22:47:42,in,0.85,1310.8,0.0,23.1,7.416,323.5,1.44
2025-06-19 22:48:31,2025-06-19,22:48:31,out,0.41,22.4,100.0,22.4,22.429,178.6,0.72
2025-06-19 22:48:45,2025-06-19,22:48:45,in,0.92,1310.8,0.0,23.1,7.416,323.0,1.29
2025-06-19 22:49:34,2025-06-19,22:49:34,out,0.32,22.3,100.0,22.3,22.328,197.7,0.64
2025-06-19 22:49:48,2025-06-19,22:49:48,in,0.82,1310.8,0.0,23.1,7.416,321.8,1.3
2025-06-19 22:50:38,2025-06-19,22:50:38,out,0.55,22.3,100.0,22.3,22.328,193.9,1.39
2025-06-19 22:50:52,2025-06-19,22:50:52,in,1.16,1310.8,0.0,23.1,7.416,317.9,1.41
2025-06-19 22:51:42,2025-06-19,22:51:42,out,0.78,22.3,100.0,22.3,22.328,178.9,1.54
2025-06-19 22:51:56,2025-06-19,22:51:56,in,0.89,1310.8,0.0,23.1,7.416,327.7,1.53
2025-06-19 22:52:45,2025-06-19,22:52:45,out,0.38,22.3,100.0,22.3,22.328,149.5,1.07
2025-06-19 22:52:59,2025-06-19,22:52:59,in,0.85,1310.8,0.0,23.1,7.416,324.3,1.44
2025-06-19 22:53:48,2025-06-19,22:53:48,out,0.68,22.3,100.0,22.3,22.328,214.6,0.96
2025-06-19 22:54:02,2025-06-19,22:54:02,in,0.58,1310.8,0.0,23.1,7.416,306.1,1.26
2025-06-19 22:54:52,2025-06-19,22:54:52,out,0.3,22.3,100.0,22.3,22.328,134.4,1.28
2025-06-19 22:55:06,2025-06-19,22:55:06,in,0.94,1310.8,0.0,23.1,7.416,317.2,1.45
2025-06-19 22:55:56,2025-06-19,22:55:56,out,0.27,22.3,100.0,22.3,22.328,210.5,1.46
2025-06-19 22:56:10,2025-06-19,22:56:10,in,0.87,1310.8,0.0,23.0,7.374,323.2,1.73
2025-06-19 22:56:59,2025-06-19,22:56:59,out,0.19,22.3,100.0,22.3,22.328,220.9,0.63
2025-06-19 22:57:13,2025-06-19,22:57:13,in,0.82,1310.8,0.0,23.0,7.374,316.9,1.73
2025-06-19 22:58:02,2025-06-19,22:58:02,out,0.28,22.3,100.0,22.3,22.328,188.7,0.74
2025-06-19 22:58:16,2025-06-19,22:58:16,in,1.02,1310.8,0.0,23.0,7.374,314.2,1.37
2025-06-19 22:59:06,2025-06-19,22:59:06,out,0.56,22.3,100.0,22.3,22.328,176.4,0.71
2025-06-19 22:59:20,2025-06-19,22:59:20,in,0.63,1310.8,0.0,23.0,7.374,322.5,1.32
2025-06-19 23:00:10,2025-06-19,23:00:10,out,0.73,22.3,100.0,22.3,22.328,176.0,1.11
2025-06-19 23:00:24,2025-06-19,23:00:24,in,0.41,1310.8,0.0,23.0,7.374,344.1,1.24
2025-06-19 23:01:13,2025-06-19,23:01:13,out,0.53,22.3,100.0,22.3,22.328,140.1,0.71
2025-06-19 23:01:27,2025-06-19,23:01:27,in,0.4,1310.8,0.0,23.0,7.374,325.9,1.01
2025-06-19 23:02:16,2025-06-19,23:02:16,out,0.61,22.3,100.0,22.3,22.328,191.8,0.83
2025-06-19 23:02:30,2025-06-19,23:02:30,in,0.84,1310.8,0.0,23.0,7.374,322.1,1.57
2025-06-19 23:03:20,2025-06-19,23:03:20,out,0.44,22.3,100.0,22.3,22.328,138.1,1.01
2025-06-19 23:03:34,2025-06-19,23:03:34,in,0.81,1310.8,0.0,23.0,7.374,318.3,1.46
2025-06-19 23:04:24,2025-06-19,23:04:24,out,0.46,22.3,100.0,22.3,22.328,162.0,0.87
2025-06-19 23:04:38,2025-06-19,23:04:38,in,0.91,1310.8,0.0,23.0,7.374,324.2,1.35
2025-06-19 23:05:27,2025-06-19,23:05:27,out,0.7,22.3,100.0,22.3,22.328,135.9,0.81
2025-06-19 23:05:41,2025-06-19,23:05:41,in,0.58,1310.8,0.0,23.0,7.374,337.4,1.19
2025-06-19 23:06:30,2025-06-19,23:06:30,out,0.52,22.3,100.0,22.3,22.328,167.5,0.61
2025-06-19 23:06:44,2025-06-19,23:06:44,in,0.42,1310.8,0.0,23.0,7.374,345.2,1.02
2025-06-19 23:07:34,2025-06-19,23:07:34,out,0.21,22.3,100.0,22.3,22.328,162.9,0.79
2025-06-19 23:07:48,2025-06-19,23:07:48,in,0.7,1310.8,0.0,23.0,7.374,325.4,1.0
2025-06-19 23:08:38,2025-06-19,23:08:38,out,0.74,22.3,100.0,22.3,22.328,180.9,0.91
2025-06-19 23:08:52,2025-06-19,23:08:52,in,1.06,1310.8,0.0,23.0,7.374,322.0,1.45
2025-06-19 23:09:41,2025-06-19,23:09:41,out,0.16,22.3,100.0,22.3,22.328,171.3,1.15
2025-06-19 23:09:55,2025-06-19,23:09:55,in,0.81,1310.8,0.0,22.9,7.333,317.0,1.62
2025-06-19 23:10:44,2025-06-19,23:10:44,out,0.65,22.3,100.0,22.3,22.328,199.3,0.69
2025-06-19 23:10:58,2025-06-19,23:10:58,in,0.69,1310.8,0.0,22.9,7.333,327.8,1.15
2025-06-19 23:11:48,2025-06-19,23:11:48,out,0.38,22.2,100.0,22.3,22.328,232.0,0.75
2025-06-19 23:12:02,2025-06-19,23:12:02,in,1.11,1310.8,0.0,22.9,7.333,318.1,1.38
2025-06-19 23:12:52,2025-06-19,23:12:52,out,0.35,22.2,100.0,22.3,22.328,125.2,0.52
2025-06-19 23:13:06,2025-06-19,23:13:06,in,0.67,1310.8,0.0,23.0,7.374,326.8,1.01
2025-06-19 23:13:55,2025-06-19,23:13:55,out,0.32,22.2,100.0,22.2,22.227,133.8,0.45
2025-06-19 23:14:09,2025-06-19,23:14:09,in,0.91,1310.8,0.0,22.9,7.333,324.7,1.45
2025-06-19 23:14:58,2025-06-19,23:14:58,out,0.33,22.2,100.0,22.2,22.227,187.2,0.39
2025-06-19 23:15:12,2025-06-19,23:15:12,in,0.74,1310.8,0.0,22.9,7.333,316.9,1.29
2025-06-19 23:16:02,2025-06-19,23:16:02,out,0.21,22.2,100.0,22.2,22.227,153.0,0.49
2025-06-19 23:16:16,2025-06-19,23:16:16,in,0.8,1310.8,0.0,22.9,7.333,326.0,1.32
2025-06-19 23:17:06,2025-06-19,23:17:06,out,0.1,22.2,100.0,22.2,22.227,117.5,0.52
2025-06-19 23:17:20,2025-06-19,23:17:20,in,0.56,1310.8,0.0,23.0,7.374,325.4,1.01
2025-06-19 23:18:09,2025-06-19,23:18:09,out,0.51,22.2,100.0,22.2,22.227,123.6,0.6
2025-06-19 23:18:23,2025-06-19,23:18:23,in,0.82,1310.8,0.0,23.0,7.374,326.5,0.98
2025-06-19 23:19:12,2025-06-19,23:19:12,out,0.33,22.2,100.0,22.2,22.227,117.0,0.56
2025-06-19 23:19:26,2025-06-19,23:19:26,in,0.5,1310.8,0.0,22.9,7.333,332.7,1.26
2025-06-19 23:20:16,2025-06-19,23:20:16,out,0.21,22.2,100.0,22.2,22.227,77.9,0.52
2025-06-19 23:20:30,2025-06-19,23:20:30,in,0.57,1310.8,0.0,22.9,7.333,351.6,1.49
2025-06-19 23:21:20,2025-06-19,23:21:20,out,0.55,22.2,100.0,22.2,22.227,141.5,0.83
2025-06-19 23:21:34,2025-06-19,23:21:34,in,0.67,1310.8,0.0,22.9,7.333,337.3,1.27
2025-06-19 23:22:23,2025-06-19,23:22:23,out,0.71,22.2,100.0,22.2,22.227,103.0,0.91
2025-06-19 23:22:37,2025-06-19,23:22:37,in,0.55,1310.8,0.0,22.9,7.333,325.0,1.08
2025-06-19 23:23:26,2025-06-19,23:23:26,out,0.94,22.2,100.0,22.2,22.227,100.8,0.98
2025-06-19 23:23:40,2025-06-19,23:23:40,in,0.57,1310.8,0.0,22.9,7.333,326.6,1.31
2025-06-19 23:24:30,2025-06-19,23:24:30,out,0.81,22.2,100.0,22.2,22.227,104.0,1.0
2025-06-19 23:24:44,2025-06-19,23:24:44,in,0.96,1310.8,0.0,22.9,7.333,320.3,1.49
2025-06-19 23:25:34,2025-06-19,23:25:34,out,0.58,22.2,100.0,22.2,22.227,70.4,0.8
2025-06-19 23:25:48,2025-06-19,23:25:48,in,0.69,1310.8,0.0,22.9,7.333,317.4,1.35
2025-06-19 23:26:37,2025-06-19,23:26:37,out,0.71,22.2,100.0,22.2,22.227,77.3,0.83
2025-06-19 23:26:51,2025-06-19,23:26:51,in,0.99,1310.8,0.0,22.9,7.333,323.2,1.4
2025-06-19 23:27:40,2025-06-19,23:27:40,out,0.43,22.2,100.0,22.2,22.227,85.1,0.82
2025-06-19 23:27:54,2025-06-19,23:27:54,in,0.83,1310.8,0.0,22.9,7.333,330.7,1.34
2025-06-19 23:28:44,2025-06-19,23:28:44,out,0.57,22.2,100.0,22.2,22.227,79.3,0.64
2025-06-19 23:28:58,2025-06-19,23:28:58,in,0.7,1310.8,0.0,22.9,7.333,322.5,1.24
2025-06-19 23:29:48,2025-06-19,23:29:48,out,0.52,22.2,100.0,22.2,22.227,104.0,0.62
2025-06-19 23:30:02,2025-06-19,23:30:02,in,1.08,1310.8,0.0,22.9,7.333,327.9,1.38
2025-06-19 23:30:51,2025-06-19,23:30:51,out,0.74,22.2,100.0,22.2,22.227,100.7,0.82
2025-06-19 23:31:05,2025-06-19,23:31:05,in,1.07,1310.8,0.0,22.9,7.333,326.2,1.44
2025-06-19 23:31:54,2025-06-19,23:31:54,out,0.49,22.2,100.0,22.2,22.227,100.0,0.85
2025-06-19 23:32:08,2025-06-19,23:32:08,in,1.47,,,1310.8,,22.8,0.0
2025-06-19 23:32:58,2025-06-19,23:32:58,out,0.36,22.2,100.0,22.2,22.227,87.3,0.61
2025-06-19 23:33:12,2025-06-19,23:33:12,in,0.89,1310.8,0.0,22.8,7.292,330.0,1.31
2025-06-19 23:34:02,2025-06-19,23:34:02,out,0.44,22.2,100.0,22.2,22.227,112.1,0.62
2025-06-19 23:34:16,2025-06-19,23:34:16,in,1.55,,,1310.8,,22.9,0.0
2025-06-19 23:35:05,2025-06-19,23:35:05,out,0.4,22.2,100.0,22.2,22.227,108.5,0.65
2025-06-19 23:35:20,2025-06-19,23:35:20,in,0.93,1310.8,0.0,22.8,7.292,330.4,1.41
2025-06-19 23:36:08,2025-06-19,23:36:08,out,0.55,22.2,100.0,22.2,22.227,111.6,0.84
2025-06-19 23:36:23,2025-06-19,23:36:23,in,0.93,1310.8,0.0,22.8,7.292,323.9,1.41
2025-06-19 23:37:12,2025-06-19,23:37:12,out,0.57,22.2,100.0,22.2,22.227,124.2,0.8
2025-06-19 23:37:26,2025-06-19,23:37:26,in,0.75,1310.8,0.0,22.8,7.292,335.8,1.12
2025-06-19 23:38:16,2025-06-19,23:38:16,out,0.66,22.2,100.0,22.2,22.227,111.2,0.91
2025-06-19 23:38:30,2025-06-19,23:38:30,in,0.8,1310.8,0.0,22.8,7.292,329.8,1.24
2025-06-19 23:39:19,2025-06-19,23:39:19,out,0.67,22.1,100.0,22.1,22.127,110.9,1.05
2025-06-19 23:39:34,2025-06-19,23:39:34,in,0.99,1310.8,0.0,22.8,7.292,327.8,1.47
2025-06-19 23:40:22,2025-06-19,23:40:22,out,0.44,22.1,100.0,22.1,22.127,122.1,1.04
2025-06-19 23:40:37,2025-06-19,23:40:37,in,0.72,1310.8,0.0,22.7,7.25,341.0,1.08
2025-06-19 23:41:26,2025-06-19,23:41:26,out,0.82,22.1,100.0,22.1,22.127,124.2,1.08
2025-06-19 23:41:40,2025-06-19,23:41:40,in,0.91,1310.8,0.0,22.7,7.25,317.8,1.19
2025-06-19 23:42:30,2025-06-19,23:42:30,out,0.83,22.1,100.0,22.1,22.127,148.9,1.22
2025-06-19 23:42:44,2025-06-19,23:42:44,in,0.63,1310.8,0.0,22.7,7.25,319.8,0.88
2025-06-19 23:43:33,2025-06-19,23:43:33,out,0.6,22.1,100.0,22.1,22.127,152.4,0.93
2025-06-19 23:43:48,2025-06-19,23:43:48,in,0.81,1310.8,0.0,22.7,7.25,331.2,1.32
2025-06-19 23:44:36,2025-06-19,23:44:36,out,0.73,22.1,100.0,22.1,22.127,142.5,0.92
2025-06-19 23:44:51,2025-06-19,23:44:51,in,0.59,1310.8,0.0,22.8,7.292,332.7,0.91
2025-06-19 23:45:40,2025-06-19,23:45:40,out,0.67,22.1,100.0,22.1,22.127,158.5,1.09
2025-06-19 23:45:54,2025-06-19,23:45:54,in,0.83,1310.8,0.0,22.8,7.292,328.7,1.22
2025-06-19 23:46:44,2025-06-19,23:46:44,out,0.63,22.1,100.0,22.1,22.127,138.8,0.87
2025-06-19 23:46:58,2025-06-19,23:46:58,in,0.78,1310.8,0.0,22.8,7.292,335.9,1.27
2025-06-19 23:47:47,2025-06-19,23:47:47,out,0.64,22.1,100.0,22.1,22.127,135.0,1.08
2025-06-19 23:48:02,2025-06-19,23:48:02,in,0.82,1310.8,0.0,22.7,7.25,323.4,1.06
2025-06-19 23:48:50,2025-06-19,23:48:50,out,0.88,22.1,100.0,22.1,22.127,135.0,0.99
2025-06-19 23:49:05,2025-06-19,23:49:05,in,0.95,1310.8,0.0,22.7,7.25,328.6,1.17
2025-06-19 23:49:54,2025-06-19,23:49:54,out,0.77,22.1,100.0,22.1,22.127,143.7,1.05
2025-06-19 23:50:08,2025-06-19,23:50:08,in,0.72,1310.8,0.0,22.7,7.25,329.6,1.17
2025-06-19 23:50:58,2025-06-19,23:50:58,out,0.73,22.1,100.0,22.1,22.127,144.1,1.01
2025-06-19 23:51:12,2025-06-19,23:51:12,in,1.09,1310.8,0.0,22.7,7.25,319.1,1.86
2025-06-19 23:52:01,2025-06-19,23:52:01,out,0.46,22.1,100.0,22.1,22.127,154.1,1.03
2025-06-19 23:52:16,2025-06-19,23:52:16,in,0.65,1310.8,0.0,22.7,7.25,327.1,1.17
2025-06-19 23:53:04,2025-06-19,23:53:04,out,0.58,22.1,100.0,22.1,22.127,166.5,1.13
2025-06-19 23:53:19,2025-06-19,23:53:19,in,0.84,1310.8,0.0,22.7,7.25,327.8,1.38
2025-06-19 23:54:07,2025-06-19,23:54:07,out,0.48,,,,,102.1,
2025-06-19 23:54:22,2025-06-19,23:54:22,in,0.37,1310.8,0.0,22.7,7.25,337.8,0.87
2025-06-19 23:55:26,2025-06-19,23:55:26,in,0.15,1310.8,0.0,22.7,7.25,2.9,0.37
2025-06-19 23:56:30,2025-06-19,23:56:30,in,0.11,1310.8,0.0,22.7,7.25,2.9,0.12
2025-06-19 23:57:33,2025-06-19,23:57:33,in,0.22,1310.8,0.0,22.7,7.25,351.3,0.67
2025-06-19 23:58:36,2025-06-19,23:58:36,in,0.43,1310.8,0.0,22.7,7.25,337.8,0.9
2025-06-19 23:59:40,2025-06-19,23:59:40,in,0.57,1310.8,0.0,22.7,7.25,334.6,1.1
