datetime;hour;CO2;NH3;CH4;Pressure;date;id_channel
2025-03-31 16:12:41;16:12:41;496.75560397;1.88680833;45.86707051;980.0;2025-03-31;4
2025-03-31 16:16:44;16:16:44;467.20998065;1.31929695;29.00750685;980.0;2025-03-31;4
2025-03-31 16:20:46;16:20:46;472.52775562;1.54599925;37.61948534;979.88;2025-03-31;4
2025-03-31 16:24:42;16:24:42;489.97858346;1.51888141;37.68096734;979.88;2025-03-31;4
2025-03-31 16:28:39;16:28:39;489.37193081;1.65206955;37.56850026;980.0;2025-03-31;4
2025-03-31 16:32:37;16:32:37;498.23124554;1.38717629;33.27675685;980.0;2025-03-31;4
2025-03-31 16:36:33;16:36:33;524.77639768;1.47184891;35.11821769;980.0;2025-03-31;4
2025-03-31 16:40:30;16:40:30;501.94221081;1.44120011;26.11635336;979.88;2025-03-31;4
2025-03-31 16:44:31;16:44:31;605.45026854;1.86872977;48.86769196;979.75;2025-03-31;4
2025-03-31 16:48:30;16:48:30;514.0096796;1.83751601;40.68758702;979.75;2025-03-31;4
2025-03-31 16:52:30;16:52:30;456.29023307;1.70362169;29.25943309;979.75;2025-03-31;4
2025-03-31 16:56:26;16:56:26;445.40874287;1.71237849;26.7941549;979.69;2025-03-31;4
2025-03-31 17:00:22;17:00:22;473.83943701;1.84288309;26.71017949;979.38;2025-03-31;4
2025-03-31 17:04:18;17:04:18;461.10519685;1.56464277;19.4343098;979.19;2025-03-31;4
2025-03-31 17:08:17;17:08:17;576.97585169;1.96999795;34.09401756;978.88;2025-03-31;4
2025-03-31 17:12:16;17:12:16;580.58297551;2.06109694;41.0069935;978.75;2025-03-31;4
2025-03-31 17:16:18;17:16:18;550.03172979;1.81618896;31.68872181;978.88;2025-03-31;4
2025-03-31 17:20:16;17:20:16;573.1501143;2.5495005;49.14211161;978.88;2025-03-31;4
2025-03-31 17:24:14;17:24:14;552.87370613;2.45049215;45.50117764;978.75;2025-03-31;4
2025-03-31 17:28:12;17:28:12;567.35685482;2.09019212;36.57879004;978.69;2025-03-31;4
2025-03-31 17:32:11;17:32:11;556.64479013;2.37351703;44.17706533;978.69;2025-03-31;4
2025-03-31 17:36:08;17:36:08;610.31442036;2.45967267;44.41099684;978.5;2025-03-31;4
2025-03-31 17:40:05;17:40:05;;3.6640154;91.61117703;978.38;2025-03-31;4
2025-03-31 17:44:01;17:44:01;816.63097243;3.06290333;69.24672515;978.25;2025-03-31;4
2025-03-31 17:47:57;17:47:57;772.58033906;2.61517652;56.71789349;978.19;2025-03-31;4
2025-03-31 17:51:58;17:51:58;800.89079574;2.91220159;60.32433755;978.0;2025-03-31;4
2025-03-31 17:55:56;17:55:56;977.69451651;4.79759754;112.65901441;977.88;2025-03-31;4
2025-03-31 17:59:53;17:59:53;739.89761108;3.34523957;69.73108334;977.88;2025-03-31;4
2025-03-31 18:03:52;18:03:52;723.11901996;2.969827;55.26481893;977.88;2025-03-31;4
2025-03-31 18:07:52;18:07:52;842.42737311;4.08843782;87.79029575;977.75;2025-03-31;4
2025-03-31 18:11:57;18:11:57;974.46996643;3.87601475;95.10965271;977.69;2025-03-31;4
2025-03-31 18:15:53;18:15:53;;5.81635257;157.22896471;977.69;2025-03-31;4
2025-03-31 18:19:56;18:19:56;;3.75158342;96.65120136;977.69;2025-03-31;4
2025-03-31 18:23:56;18:23:56;;5.43048833;169.88525905;977.56;2025-03-31;4
2025-03-31 18:27:56;18:27:56;915.28034368;4.55339575;106.39384879;977.56;2025-03-31;4
2025-03-31 18:31:54;18:31:54;835.70500598;3.50088466;76.93047542;977.56;2025-03-31;4
2025-03-31 18:35:54;18:35:54;917.46647933;4.29845983;102.50698683;977.56;2025-03-31;4
2025-03-31 18:39:53;18:39:53;902.05422299;4.30834654;104.03653899;977.56;2025-03-31;4
2025-03-31 18:43:56;18:43:56;;5.23769745;145.86529189;977.56;2025-03-31;4
2025-03-31 18:47:56;18:47:56;;6.36901976;171.41481121;977.56;2025-03-31;4
2025-03-31 18:51:55;18:51:55;915.49895724;5.23925108;124.97040973;977.56;2025-03-31;4
2025-03-31 18:55:52;18:55:52;888.39087517;4.38899386;97.5749309;977.5;2025-03-31;4
2025-03-31 18:59:51;18:59:51;745.4176036;3.30879997;68.76236697;977.5;2025-03-31;4
2025-03-31 19:03:56;19:03:56;;4.03956922;120.11183228;977.5;2025-03-31;4
2025-03-31 19:07:55;19:07:55;;4.37077406;102.95385599;977.38;2025-03-31;4
2025-03-31 19:12:00;19:12:00;668.62958885;3.44664898;62.97856042;977.38;2025-03-31;4
2025-03-31 19:15:57;19:15:57;712.73487561;3.13634747;56.3564993;977.5;2025-03-31;4
2025-03-31 19:19:58;19:19:58;655.51277495;3.06021979;55.30380752;977.38;2025-03-31;4
2025-03-31 19:23:55;19:23:55;756.51224202;3.34721691;71.42858632;977.25;2025-03-31;4
2025-03-31 19:27:57;19:27:57;705.3020144;2.75090695;56.56943695;977.38;2025-03-31;4
2025-03-31 19:32:02;19:32:02;;4.59449623;175.34366088;977.38;2025-03-31;4
2025-03-31 19:35:58;19:35:58;902.98333064;4.08603676;104.56438444;977.5;2025-03-31;4
2025-03-31 19:39:55;19:39:55;649.93812904;2.92011096;49.0926261;977.5;2025-03-31;4
2025-03-31 19:44:02;19:44:02;622.55678001;2.49695969;40.65459668;977.56;2025-03-31;4
2025-03-31 19:47:59;19:47:59;;4.35891001;135.19891492;977.56;2025-03-31;4
2025-03-31 19:51:56;19:51:56;780.34112062;2.75570907;63.03704329;977.69;2025-03-31;4
2025-03-31 19:55:57;19:55:57;646.60427217;2.55161909;45.26424702;977.75;2025-03-31;4
2025-03-31 19:59:56;19:59:56;577.95961273;2.21617708;33.02782973;977.88;2025-03-31;4
2025-03-31 20:03:53;20:03:53;602.49898541;2.64850886;42.64151493;978.0;2025-03-31;4
2025-03-31 20:07:53;20:07:53;889.64790317;3.14030216;93.46763348;978.06;2025-03-31;4
2025-03-31 20:11:51;20:11:51;777.88171801;2.58805868;59.22515938;978.0;2025-03-31;4
2025-03-31 20:15:58;20:15:58;688.96065041;2.67195449;53.31838883;978.0;2025-03-31;4
2025-03-31 20:19:54;20:19:54;611.3528348;2.7201169;49.311562;978.0;2025-03-31;4
2025-03-31 20:23:53;20:23:53;567.84873534;2.45515303;37.51451607;978.0;2025-03-31;4
2025-03-31 20:27:52;20:27:52;589.10890455;2.74765846;43.18285643;978.06;2025-03-31;4
2025-03-31 20:31:51;20:31:51;662.12583529;2.94383907;57.13627099;978.06;2025-03-31;4
2025-03-31 20:35:53;20:35:53;601.84314472;2.24597845;35.18869705;978.19;2025-03-31;4
2025-03-31 20:39:55;20:39:55;863.25031518;4.22459197;107.84542378;978.19;2025-03-31;4
2025-03-31 20:43:51;20:43:51;623.97776818;2.81305199;49.11661907;978.25;2025-03-31;4
2025-03-31 20:47:49;20:47:49;595.39404455;2.85768344;45.64363593;978.25;2025-03-31;4
2025-03-31 20:51:47;20:51:47;612.28194245;2.32888559;41.79576256;978.25;2025-03-31;4
2025-03-31 20:55:47;20:55:47;561.235675;2.26137347;32.88837057;978.06;2025-03-31;4
2025-03-31 20:59:44;20:59:44;529.82637103;2.39117188;31.52976835;978.06;2025-03-31;4
2025-03-31 21:03:41;21:03:41;570.69071169;2.52492496;39.2450094;978.06;2025-03-31;4
2025-03-31 21:07:39;21:07:39;586.70415533;2.27563859;30.50706779;978.06;2025-03-31;4
2025-03-31 21:11:35;21:11:35;555.77033587;2.02734088;24.5598091;978.19;2025-03-31;4
2025-03-31 21:15:33;21:15:33;552.98301292;2.35939316;29.12897129;978.06;2025-03-31;4
2025-03-31 21:19:35;21:19:35;582.65980438;2.13793081;29.29842167;978.0;2025-03-31;4
2025-03-31 21:23:32;21:23:32;594.68355046;2.44074667;34.19748727;978.0;2025-03-31;4
2025-03-31 21:27:29;21:27:29;597.30691324;2.02550478;28.93552793;977.88;2025-03-31;4
2025-03-31 21:31:27;21:31:27;587.57860959;2.62026111;38.46073902;977.88;2025-03-31;4
2025-03-31 21:35:30;21:35:30;589.87405203;2.28707892;31.59125035;977.88;2025-03-31;4
2025-03-31 21:39:33;21:39:33;603.97462698;2.28905627;32.87337496;977.88;2025-03-31;4
2025-03-31 21:43:34;21:43:34;613.97619758;1.88313613;27.26801616;977.88;2025-03-31;4
2025-03-31 21:47:35;21:47:35;629.22449375;2.26956532;28.72109071;977.88;2025-03-31;4
2025-03-31 21:51:38;21:51:38;735.85326012;2.53919008;41.58432447;977.88;2025-03-31;4
2025-03-31 21:55:36;21:55:36;702.56934484;2.43297854;38.75615253;977.88;2025-03-31;4
2025-03-31 21:59:33;21:59:33;650.32070278;2.08185903;28.9325288;977.88;2025-03-31;4
2025-03-31 22:03:35;22:03:35;613.2110501;1.85771315;21.71664155;977.88;2025-03-31;4
2025-03-31 22:07:37;22:07:37;598.23602089;2.55232528;40.25121479;977.75;2025-03-31;4
2025-03-31 22:11:39;22:11:39;555.33310874;2.48198839;29.28642519;977.88;2025-03-31;4
2025-03-31 22:15:35;22:15:35;584.29940612;2.10149122;25.19412338;977.88;2025-03-31;4
2025-03-31 22:19:37;22:19:37;833.46421694;2.2002171;41.1299575;977.88;2025-03-31;4
2025-03-31 22:23:35;22:23:35;687.64896902;2.25134552;37.34206656;977.88;2025-03-31;4
2025-03-31 22:27:33;22:27:33;733.72177786;2.96587231;56.8093667;977.75;2025-03-31;4
2025-03-31 22:31:35;22:31:35;807.12128234;3.02095542;63.29346821;977.75;2025-03-31;4
2025-03-31 22:35:32;22:35:32;624.96152923;1.83003036;24.83722787;977.69;2025-03-31;4
2025-03-31 22:39:28;22:39:28;603.31878628;1.74528712;21.36574429;977.56;2025-03-31;4
2025-03-31 22:43:29;22:43:29;674.04027459;2.00290658;25.36657288;977.56;2025-03-31;4
2025-03-31 22:47:26;22:47:26;915.55361063;2.98395087;49.98036618;977.5;2025-03-31;4
2025-03-31 22:51:27;22:51:27;656.49653599;2.11166041;27.16904514;977.5;2025-03-31;4
2025-03-31 22:55:26;22:55:26;851.17191571;2.98635193;58.08249394;977.38;2025-03-31;4
2025-03-31 22:59:30;22:59:30;742.2477069;3.12928553;58.38390569;977.5;2025-03-31;4
2025-03-31 23:03:28;23:03:28;642.34130765;2.81008598;44.96133571;977.5;2025-03-31;4
2025-03-31 23:07:26;23:07:26;664.47593112;2.51532073;36.04944503;977.5;2025-03-31;4
2025-03-31 23:11:23;23:11:23;611.46214158;2.28255928;29.53385274;977.5;2025-03-31;4
2025-03-31 23:15:21;23:15:21;625.07083601;2.33100417;29.67781059;977.5;2025-03-31;4
2025-03-31 23:19:17;23:19:17;641.68546696;2.20869142;26.97410221;977.38;2025-03-31;4
2025-03-31 23:23:19;23:23:19;631.4106294;1.99937561;25.0396686;977.25;2025-03-31;4
2025-03-31 23:27:16;23:27:16;631.35597601;2.15177221;25.45504698;977.25;2025-03-31;4
2025-03-31 23:31:13;23:31:13;764.76490411;2.52548992;41.19743774;977.19;2025-03-31;4
2025-03-31 23:35:15;23:35:15;726.34357004;2.52902089;43.34330945;977.19;2025-03-31;4
2025-03-31 23:39:11;23:39:11;729.45881334;2.30882969;39.33198393;977.19;2025-03-31;4
2025-03-31 23:43:07;23:43:07;700.60182275;2.25727755;38.63618766;977.19;2025-03-31;4
2025-03-31 23:47:13;23:47:13;785.97041992;2.89708904;58.20095926;977.06;2025-03-31;4
2025-03-31 23:51:10;23:51:10;737.32890169;2.92957395;54.00818687;977.06;2025-03-31;4
2025-03-31 23:55:16;23:55:16;692.18520049;2.41574742;35.79451967;977.0;2025-03-31;4
2025-03-31 23:59:13;23:59:13;726.07030308;2.9246306;46.37092299;976.88;2025-03-31;4
2025-04-01 00:03:10;00:03:10;647.86130017;2.3281794;35.18569793;976.88;2025-04-01;4
2025-04-01 00:07:05;00:07:05;543.34762004;1.88384232;16.93004303;976.75;2025-04-01;4
2025-04-01 00:11:05;00:11:05;593.53582924;2.11914606;23.72605321;976.69;2025-04-01;4
2025-04-01 00:15:03;00:15:03;609.65857967;1.99217243;17.64983228;976.69;2025-04-01;4
2025-04-01 00:19:10;00:19:10;572.60358039;2.33580629;24.92420241;976.75;2025-04-01;4
2025-04-01 00:23:11;00:23:11;586.70415533;2.21363478;25.65748771;976.69;2025-04-01;4
2025-04-01 00:27:06;00:27:06;612.88312975;2.37761296;32.6874294;976.69;2025-04-01;4
2025-04-01 00:31:07;00:31:07;610.53303393;2.15742176;27.19453767;976.69;2025-04-01;4
2025-04-01 00:35:09;00:35:09;566.09982682;2.22366273;23.76354224;976.69;2025-04-01;4
2025-04-01 00:39:10;00:39:10;595.50335133;2.03878122;22.94178284;976.69;2025-04-01;4
2025-04-01 00:43:10;00:43:10;613.59362384;2.02606973;25.75495917;976.56;2025-04-01;4
2025-04-01 00:47:08;00:47:08;695.46440397;2.3004966;37.18761179;976.56;2025-04-01;4
2025-04-01 00:51:07;00:51:07;670.81572451;2.03186052;30.08719073;976.56;2025-04-01;4
2025-04-01 00:55:09;00:55:09;782.14468253;2.14922991;41.32340086;976.56;2025-04-01;4
2025-04-01 00:59:09;00:59:09;792.3648667;2.31984631;42.42707771;976.56;2025-04-01;4
2025-04-01 01:03:10;01:03:10;;2.71418488;81.49513892;976.56;2025-04-01;4
2025-04-01 01:07:07;01:07:07;804.22465261;2.36913863;41.09696716;976.56;2025-04-01;4
2025-04-01 01:11:14;01:11:14;690.60025215;3.36035211;53.9721974;976.56;2025-04-01;4
2025-04-01 01:15:17;01:15:17;741.37325264;3.33634153;55.36678908;976.56;2025-04-01;4
2025-04-01 01:19:17;01:19:17;676.60898398;2.74949456;37.06464779;976.56;2025-04-01;4
2025-04-01 01:23:13;01:23:13;670.54245755;2.41744228;31.88816342;976.5;2025-04-01;4
2025-04-01 01:27:10;01:27:10;896.80749743;2.75740393;49.16010634;976.5;2025-04-01;4
2025-04-01 01:31:11;01:31:11;;3.1240597;74.28375035;976.5;2025-04-01;4
2025-04-01 01:35:10;01:35:10;;2.8342378;72.31482684;976.38;2025-04-01;4
2025-04-01 01:39:17;01:39:17;745.80017733;2.37153969;38.90460906;976.38;2025-04-01;4
2025-04-01 01:43:18;01:43:18;736.56375421;2.91545008;39.05756428;976.25;2025-04-01;4
2025-04-01 01:47:18;01:47:18;931.02052036;2.8192665;52.29118959;976.25;2025-04-01;4
2025-04-01 01:51:14;01:51:14;;3.28450691;77.14191351;976.25;2025-04-01;4
2025-04-01 01:55:12;01:55:12;918.39558698;3.2268815;60.77120671;976.19;2025-04-01;4
2025-04-01 01:59:09;01:59:09;743.06750777;2.72590769;38.69916921;976.19;2025-04-01;4
2025-04-01 02:03:11;02:03:11;617.6379748;2.91813362;33.17928539;976.06;2025-04-01;4
2025-04-01 02:07:07;02:07:07;564.67883865;2.56249447;24.73075905;976.06;2025-04-01;4
2025-04-01 02:11:03;02:11:03;558.17508509;2.76065242;29.71380005;976.0;2025-04-01;4
2025-04-01 02:15:01;02:15:01;588.56237064;2.34202079;23.40364761;976.0;2025-04-01;4
2025-04-01 02:18:57;02:18:57;582.98772473;2.47153672;29.29842167;976.0;2025-04-01;4
2025-04-01 02:22:54;02:22:54;603.91997359;2.37846039;23.81302775;975.88;2025-04-01;4
2025-04-01 02:26:52;02:26:52;636.00151426;2.07324347;26.36977915;975.88;2025-04-01;4
2025-04-01 02:30:49;02:30:49;676.77294415;2.11660376;31.06640402;975.88;2025-04-01;4
2025-04-01 02:34:47;02:34:47;605.01304141;2.06547534;25.1431383;975.75;2025-04-01;4
2025-04-01 02:38:50;02:38:50;580.47366873;2.07620948;23.40214805;975.75;2025-04-01;4
2025-04-01 02:42:48;02:42:48;603.53739985;1.89584761;22.24298744;975.69;2025-04-01;4
2025-04-01 02:46:43;02:46:43;632.94092435;1.89161045;27.77786688;975.75;2025-04-01;4
2025-04-01 02:50:40;02:50:40;565.82655987;2.10996554;25.1701304;975.69;2025-04-01;4
2025-04-01 02:54:44;02:54:44;560.14260717;1.99838694;17.31692975;975.69;2025-04-01;4
2025-04-01 02:58:41;02:58:41;577.5223856;1.93765428;20.89938084;975.69;2025-04-01;4
2025-04-01 03:02:44;03:02:44;574.29783551;1.96900928;22.37194968;975.69;2025-04-01;4
2025-04-01 03:06:47;03:06:47;547.40836701;1.69881957;15.16955848;975.56;2025-04-01;4
2025-04-01 03:10:45;03:10:45;551.2341044;1.92579023;18.56456445;975.56;2025-04-01;4
2025-04-01 03:14:41;03:14:41;541.19427642;1.93073358;17.75630111;975.56;2025-04-01;4
2025-04-01 03:18:38;03:18:38;531.79935846;1.52438973;12.12544977;975.56;2025-04-01;4
2025-04-01 03:22:40;03:22:40;551.72598492;1.51450301;13.1325549;975.5;2025-04-01;4
2025-04-01 03:26:41;03:26:41;553.58420022;1.62029083;14.57198345;975.5;2025-04-01;4
2025-04-01 03:30:41;03:30:41;554.13073413;1.7944382;17.23145478;975.5;2025-04-01;4
2025-04-01 03:34:37;03:34:37;553.36558666;1.89372903;16.0632968;975.5;2025-04-01;4
2025-04-01 03:38:34;03:38:34;571.78377952;1.74316853;16.5086664;975.38;2025-04-01;4
2025-04-01 03:42:30;03:42:30;544.22753964;1.72551369;14.26937205;975.25;2025-04-01;4
2025-04-01 03:46:27;03:46:27;573.20476769;2.02211505;20.59796909;975.19;2025-04-01;4
2025-04-01 03:50:28;03:50:28;569.48833708;1.63893434;15.41998516;975.19;2025-04-01;4
2025-04-01 03:54:23;03:54:23;532.75032747;1.59458538;13.43156735;975.19;2025-04-01;4
2025-04-01 03:58:20;03:58:20;536.3301246;1.81774259;16.87305971;975.19;2025-04-01;4
2025-04-01 04:02:17;04:02:17;531.24189387;1.61450004;13.66189991;975.19;2025-04-01;4
2025-04-01 04:06:15;04:06:15;537.95333032;1.72297139;16.81007815;975.19;2025-04-01;4
2025-04-01 04:10:14;04:10:14;536.43943138;1.62269189;12.15844011;975.06;2025-04-01;4
2025-04-01 04:14:15;04:14:15;525.99516831;1.56181799;11.32543401;975.06;2025-04-01;4
2025-04-01 04:18:11;04:18:11;512.78544363;1.77353486;15.23104048;975.06;2025-04-01;4
2025-04-01 04:22:13;04:22:13;547.57232718;1.84274185;16.1517709;975.0;2025-04-01;4
2025-04-01 04:26:10;04:26:10;555.27845535;1.7918959;19.16738795;975.0;2025-04-01;4
2025-04-01 04:30:08;04:30:08;549.21192892;1.50984214;12.79710312;975.0;2025-04-01;4
2025-04-01 04:34:05;04:34:05;649.5555553;1.75305525;19.78070838;974.88;2025-04-01;4
2025-04-01 04:38:02;04:38:02;679.66957389;2.10050255;31.60324684;974.88;2025-04-01;4
2025-04-01 04:41:59;04:41:59;681.09056207;1.81971993;25.88092229;974.88;2025-04-01;4
2025-04-01 04:45:58;04:45:58;650.64862313;1.68921534;21.39423595;974.75;2025-04-01;4
2025-04-01 04:49:59;04:49:59;608.1829381;1.71237849;20.15409905;974.88;2025-04-01;4
2025-04-01 04:53:56;04:53:56;582.82376455;1.72720856;18.11769529;974.75;2025-04-01;4
2025-04-01 04:57:54;04:57:54;568.777843;1.88553719;19.47479795;974.75;2025-04-01;4
2025-04-01 05:01:51;05:01:51;550.30499675;1.79726297;13.42062056;974.75;2025-04-01;4
2025-04-01 05:05:50;05:05:50;603.64670663;1.92141183;18.77600255;974.69;2025-04-01;4
2025-04-01 05:09:47;05:09:47;612.82847636;2.06420419;19.2153739;974.69;2025-04-01;4
2025-04-01 05:13:44;05:13:44;557.19132405;1.95474417;17.42789726;974.69;2025-04-01;4
2025-04-01 05:17:51;05:17:51;556.15290961;1.97155158;18.59155655;974.56;2025-04-01;4
2025-04-01 05:21:49;05:21:49;524.8911698;1.87734534;12.55342446;974.69;2025-04-01;4
2025-04-01 05:25:46;05:25:46;543.04702638;1.90997149;15.55494565;974.69;2025-04-01;4
2025-04-01 05:29:45;05:29:45;566.53705395;1.94217392;16.97053117;974.69;2025-04-01;4
2025-04-01 05:33:40;05:33:40;527.22486961;1.85502962;14.94552408;974.69;2025-04-01;4
2025-04-01 05:37:37;05:37:37;526.98986003;1.78370405;13.28356069;974.56;2025-04-01;4
2025-04-01 05:41:39;05:41:39;545.6048051;1.58427495;13.75217348;974.56;2025-04-01;4
2025-04-01 05:45:34;05:45:34;561.8915157;1.72057034;14.73303629;974.5;2025-04-01;4
2025-04-01 05:49:36;05:49:36;581.40277638;1.60913297;17.18046971;974.5;2025-04-01;4
2025-04-01 05:53:38;05:53:38;561.94616909;1.59161937;14.7121924;974.5;2025-04-01;4
2025-04-01 05:57:35;05:57:35;551.17945101;1.75969347;16.39020109;974.5;2025-04-01;4
2025-04-01 06:01:32;06:01:32;551.99925187;1.67113678;14.40973095;974.5;2025-04-01;4
2025-04-01 06:05:29;06:05:29;561.78220891;1.72396007;15.52795355;974.38;2025-04-01;4
2025-04-01 06:09:32;06:09:32;574.68040925;2.04923289;24.86871865;974.38;2025-04-01;4
2025-04-01 06:13:29;06:13:29;554.07608074;1.80559606;14.60122489;974.38;2025-04-01;4
2025-04-01 06:17:29;06:17:29;553.96677396;2.03030689;19.73122287;974.5;2025-04-01;4
2025-04-01 06:21:26;06:21:26;535.7999867;1.82423957;11.86257674;974.38;2025-04-01;4
2025-04-01 06:25:20;06:25:20;598.72790141;1.79090723;13.9126265;974.5;2025-04-01;4
2025-04-01 06:29:17;06:29:17;591.07642664;1.63723948;15.11257517;974.5;2025-04-01;4
2025-04-01 06:33:19;06:33:19;758.75303107;2.01745417;42.65201186;974.5;2025-04-01;4
2025-04-01 06:37:17;06:37:17;844.44954859;1.74260358;51.71535819;974.5;2025-04-01;4
2025-04-01 06:41:19;06:41:19;866.96674579;1.74853561;41.30390657;974.5;2025-04-01;4
2025-04-01 06:45:17;06:45:17;824.66502094;1.87098959;35.18869705;974.56;2025-04-01;4
2025-04-01 06:49:21;06:49:21;899.92274073;1.91886953;34.74782613;974.56;2025-04-01;4
2025-04-01 06:53:19;06:53:19;886.09543274;2.02126761;35.47811231;974.56;2025-04-01;4
2025-04-01 06:57:16;06:57:16;;2.35628591;45.05880717;974.56;2025-04-01;4
2025-04-01 07:01:14;07:01:14;824.39175399;2.07818683;30.30012838;974.56;2025-04-01;4
2025-04-01 07:05:13;07:05:13;566.70101413;2.11632129;17.12198683;974.56;2025-04-01;4
2025-04-01 07:09:15;07:09:15;526.72752375;2.03341415;14.02419384;974.56;2025-04-01;4
2025-04-01 07:13:11;07:13:11;557.95647152;2.09216946;16.13827485;974.56;2025-04-01;4
2025-04-01 07:17:14;07:17:14;580.25505516;1.94443374;14.14595818;974.69;2025-04-01;4
2025-04-01 07:21:17;07:21:17;548.61074162;1.81237552;12.75841445;974.69;2025-04-01;4
2025-04-01 07:25:18;07:25:18;498.37334436;1.94457498;9.43388784;974.56;2025-04-01;4
2025-04-01 07:29:17;07:29:17;485.20187706;1.86985968;9.18091191;974.56;2025-04-01;4
2025-04-01 07:33:14;07:33:14;514.7365697;1.74133243;9.55235315;974.69;2025-04-01;4
2025-04-01 07:37:11;07:37:11;541.21067244;1.77141628;11.71157095;974.56;2025-04-01;4
2025-04-01 07:41:09;07:41:09;541.62057287;1.6959948;10.30858174;974.56;2025-04-01;4
2025-04-01 07:45:06;07:45:06;549.86776961;1.57820169;11.02897081;974.5;2025-04-01;4
2025-04-01 07:49:04;07:49:04;721.53407161;1.76604921;17.49387794;974.5;2025-04-01;4
2025-04-01 07:53:10;07:53:10;630.7547887;1.78709378;17.76979716;974.5;2025-04-01;4
2025-04-01 07:57:06;07:57:06;887.73503448;2.31659782;44.60893888;974.5;2025-04-01;4
2025-04-01 08:01:09;08:01:09;999.82913998;2.34922397;55.73418151;974.38;2025-04-01;4
2025-04-01 08:05:08;08:05:08;845.76122998;1.99499721;39.6019049;974.38;2025-04-01;4
2025-04-01 08:09:04;08:09:04;889.15602265;2.25544145;57.23674157;974.25;2025-04-01;4
2025-04-01 08:13:02;08:13:02;857.12913536;2.23948147;38.91810511;974.38;2025-04-01;4
2025-04-01 08:16:57;08:16:57;960.09612452;2.94157925;50.99556893;974.38;2025-04-01;4
2025-04-01 08:20:53;08:20:53;772.41637889;2.46023762;35.7435346;974.38;2025-04-01;4
2025-04-01 08:24:54;08:24:54;902.05422299;2.72294168;64.34765956;974.38;2025-04-01;4
2025-04-01 08:28:51;08:28:51;614.52273149;1.99061881;22.60438163;974.5;2025-04-01;4
2025-04-01 08:32:48;08:32:48;558.55765883;2.13411737;15.33900887;974.5;2025-04-01;4
2025-04-01 08:36:44;08:36:44;597.36156663;2.1951325;18.72501748;974.5;2025-04-01;4
2025-04-01 08:40:51;08:40:51;665.2410786;2.4485148;25.38456762;974.5;2025-04-01;4
2025-04-01 08:44:52;08:44:52;608.07363132;2.14414532;21.79311916;974.5;2025-04-01;4
2025-04-01 08:48:47;08:48:47;694.48064293;2.33425266;24.80423753;974.5;2025-04-01;4
2025-04-01 08:52:44;08:52:44;775.20370184;2.28284176;29.31191772;974.5;2025-04-01;4
2025-04-01 08:56:42;08:56:42;823.35333955;2.24993314;33.17328715;974.56;2025-04-01;4
2025-04-01 09:00:38;09:00:38;702.89726518;2.1218296;26.26031121;974.56;2025-04-01;4
2025-04-01 09:04:44;09:04:44;758.20649715;2.19259021;23.39165112;974.56;2025-04-01;4
2025-04-01 09:08:41;09:08:41;813.18780878;2.41857219;29.26993002;974.5;2025-04-01;4
2025-04-01 09:12:44;09:12:44;612.82847636;2.14216798;15.50695969;974.56;2025-04-01;4
2025-04-01 09:16:40;09:16:40;568.34061587;2.21674203;13.73432871;974.5;2025-04-01;4
2025-04-01 09:20:38;09:20:38;568.39526926;2.18284473;16.51016596;974.5;2025-04-01;4
2025-04-01 09:24:42;09:24:42;626.21855723;2.03115433;17.31992887;974.38;2025-04-01;4
2025-04-01 09:28:41;09:28:41;578.39683986;2.13228126;17.39640648;974.38;2025-04-01;4
2025-04-01 09:32:44;09:32:44;574.51644908;2.09471176;12.46704975;974.38;2025-04-01;4
2025-04-01 09:36:41;09:36:41;500.12225288;2.20982133;8.28327473;974.25;2025-04-01;4
2025-04-01 09:40:47;09:40:47;549.59450266;2.15530318;11.50823049;974.25;2025-04-01;4
2025-04-01 09:44:43;09:44:43;529.93021248;2.00135295;8.23468895;974.38;2025-04-01;4
2025-04-01 09:48:51;09:48:51;556.80875031;2.10304485;12.87687976;974.38;2025-04-01;4
2025-04-01 09:52:48;09:52:48;508.90505285;2.11603881;8.67525996;974.38;2025-04-01;4
2025-04-01 09:56:45;09:56:45;522.43723253;2.15035982;8.49576251;974.38;2025-04-01;4
2025-04-01 10:00:43;10:00:43;544.33684642;2.26688178;11.13229056;974.38;2025-04-01;4
2025-04-01 10:04:46;10:04:46;864.07011605;5.89954219;185.64564454;974.38;2025-04-01;4
2025-04-01 10:08:49;10:08:49;;6.62663922;213.95735512;974.5;2025-04-01;4
2025-04-01 10:12:46;10:12:46;819.63690895;5.19108867;145.80231033;974.5;2025-04-01;4
2025-04-01 10:16:44;10:16:44;906.31718751;5.38303212;133.0380476;974.5;2025-04-01;4
2025-04-01 10:20:42;10:20:42;788.97635644;4.61850681;113.11788005;974.38;2025-04-01;4
2025-04-01 10:24:45;10:24:45;964.30443565;6.82959929;195.91763699;974.38;2025-04-01;4
2025-04-01 10:28:47;10:28:47;790.94387853;5.13007353;111.55683711;974.25;2025-04-01;4
2025-04-01 10:32:44;10:32:44;814.33552999;5.11905691;119.8883977;974.25;2025-04-01;4
2025-04-01 10:36:50;10:36:50;642.55992122;4.21286915;85.7268999;974.25;2025-04-01;4
2025-04-01 10:40:52;10:40:52;;6.25052046;153.76497893;974.25;2025-04-01;4
2025-04-01 10:44:50;10:44:50;623.10331392;3.67926919;63.92028469;974.19;2025-04-01;4
2025-04-01 10:48:47;10:48:47;858.65943032;6.14953476;145.04053337;974.19;2025-04-01;4
2025-04-01 10:52:45;10:52:45;656.66049617;4.79844497;94.78574754;974.19;2025-04-01;4
2025-04-01 10:56:48;10:56:48;736.6184076;4.71525535;96.69918731;974.19;2025-04-01;4
2025-04-01 11:00:44;11:00:44;768.75460167;5.14165511;112.33960792;974.19;2025-04-01;4
2025-04-01 11:04:40;11:04:40;859.47923119;4.9177917;117.13070513;974.19;2025-04-01;4
2025-04-01 11:08:43;11:08:43;651.24981043;4.17374602;77.74473701;974.25;2025-04-01;4
2025-04-01 11:12:39;11:12:39;;4.95310139;119.82091746;974.25;2025-04-01;4
2025-04-01 11:16:37;11:16:37;;7.77123798;259.60399017;974.25;2025-04-01;4
2025-04-01 11:20:36;11:20:36;615.34253236;4.1777007;72.88316043;974.25;2025-04-01;4
2025-04-01 11:24:37;11:24:37;542.66991798;4.09832453;59.25665016;974.25;2025-04-01;4
2025-04-01 11:28:35;11:28:35;555.33310874;4.21032685;65.23240051;974.25;2025-04-01;4
2025-04-01 11:32:32;11:32:32;513.58884849;3.17886033;33.10880603;974.38;2025-04-01;4
2025-04-01 11:36:29;11:36:29;506.2434327;3.42786423;43.92064041;974.25;2025-04-01;4
2025-04-01 11:40:35;11:40:35;506.48937296;3.92234106;60.45779847;974.25;2025-04-01;4
2025-04-01 11:44:32;11:44:32;533.11650519;3.05372281;39.05606472;974.19;2025-04-01;4
2025-04-01 11:48:28;11:48:28;507.54418341;2.81262828;31.53876572;974.19;2025-04-01;4
2025-04-01 11:52:25;11:52:25;530.14882604;3.16219416;43.41228925;974.19;2025-04-01;4
2025-04-01 11:56:24;11:56:24;546.39727927;3.0701065;35.94147664;974.19;2025-04-01;4
2025-04-01 12:00:21;12:00:21;660.43158016;3.71076543;73.83838075;974.06;2025-04-01;4
2025-04-01 12:04:19;12:04:19;575.0083296;2.46899442;35.98196479;974.0;2025-04-01;4
2025-04-01 12:08:22;12:08:22;538.01344905;2.57916064;33.69213523;974.0;2025-04-01;4
2025-04-01 12:12:19;12:12:19;575.50021012;3.15033011;47.28265604;974.06;2025-04-01;4
2025-04-01 12:16:15;12:16:15;648.2985273;3.46670488;57.46917352;974.06;2025-04-01;4
2025-04-01 12:20:11;12:20:11;657.26168347;4.40551879;79.61618906;974.06;2025-04-01;4
2025-04-01 12:24:13;12:24:13;682.51155024;3.95991057;66.89991228;974.0;2025-04-01;4
2025-04-01 12:28:10;12:28:10;534.51016667;3.14199702;39.66638602;974.0;2025-04-01;4
2025-04-01 12:32:06;12:32:06;;5.26523901;135.94569626;974.06;2025-04-01;4
2025-04-01 12:36:03;12:36:03;882.21504196;6.20320548;145.62536214;974.06;2025-04-01;4
2025-04-01 12:39:59;12:39:59;684.42441893;4.929797;88.24466272;974.06;2025-04-01;4
2025-04-01 12:43:56;12:43:56;648.954368;3.79918088;64.37315209;974.0;2025-04-01;4
2025-04-01 12:47:57;12:47:57;549.10262214;3.46698736;48.84669811;974.06;2025-04-01;4
2025-04-01 12:51:53;12:51:53;543.87229259;3.21233391;43.35980462;974.06;2025-04-01;4
2025-04-01 12:55:50;12:55:50;566.59170734;3.29976069;49.49750755;974.0;2025-04-01;4
2025-04-01 12:59:48;12:59:48;622.17420627;3.06558686;51.99277696;974.0;2025-04-01;4
2025-04-01 13:03:44;13:03:44;496.88677211;3.06869411;43.60573261;974.06;2025-04-01;4
2025-04-01 13:07:41;13:07:41;605.34096176;3.50625173;68.84484282;974.19;2025-04-01;4
2025-04-01 13:11:36;13:11:36;660.86880729;3.97163338;74.90756771;974.19;2025-04-01;4
2025-04-01 13:15:33;13:15:33;675.02403563;3.92573079;84.15086135;974.19;2025-04-01;4
2025-04-01 13:19:31;13:19:31;612.77382297;3.48068752;74.82209273;974.19;2025-04-01;4
2025-04-01 13:23:33;13:23:33;547.51767379;2.43481465;44.44848586;974.19;2025-04-01;4
2025-04-01 13:27:39;13:27:39;578.34218647;2.44470136;49.91738462;974.25;2025-04-01;4
2025-04-01 13:31:39;13:31:39;638.13299652;3.10555743;65.97168406;974.25;2025-04-01;4
2025-04-01 13:35:37;13:35:37;628.78726662;2.59836911;58.13347902;974.19;2025-04-01;4
2025-04-01 13:39:33;13:39:33;640.97497287;2.73522945;65.56830216;974.19;2025-04-01;4
2025-04-01 13:43:29;13:43:29;593.91840298;2.92971519;67.3752731;974.19;2025-04-01;4
2025-04-01 13:47:37;13:47:37;598.34532768;3.26558092;72.88466;974.19;2025-04-01;4
2025-04-01 13:51:41;13:51:41;560.36122074;2.36800872;55.01589182;974.06;2025-04-01;4
2025-04-01 13:55:43;13:55:43;590.85781307;2.86827634;67.77115719;974.19;2025-04-01;4
2025-04-01 13:59:46;13:59:46;561.12636822;2.51108357;52.05875764;974.19;2025-04-01;4
2025-04-01 14:03:43;14:03:43;592.66137498;2.82731711;61.09961056;974.19;2025-04-01;4
2025-04-01 14:07:40;14:07:40;614.95995862;2.44936224;57.00430963;974.19;2025-04-01;4
2025-04-01 14:11:37;14:11:37;716.39665283;2.79709202;79.50372199;974.06;2025-04-01;4
2025-04-01 14:15:36;14:15:36;611.46214158;2.543286;62.02034098;974.06;2025-04-01;4
2025-04-01 14:19:32;14:19:32;548.28282127;2.26716426;49.40603434;974.06;2025-04-01;4
2025-04-01 14:23:34;14:23:34;604.35720072;2.89242817;59.49657991;974.06;2025-04-01;4
2025-04-01 14:27:31;14:27:31;670.26919059;2.34399814;51.09753908;974.06;2025-04-01;4
2025-04-01 14:31:27;14:31:27;630.70013531;2.93550598;63.99826186;974.0;2025-04-01;4
2025-04-01 14:35:24;14:35:24;558.99488596;2.39004197;46.19547436;974.0;2025-04-01;4
2025-04-01 14:39:20;14:39:20;545.09106322;2.02889451;33.97255313;974.0;2025-04-01;4
2025-04-01 14:43:17;14:43:17;574.24318212;2.34117336;42.90993634;974.0;2025-04-01;4
2025-04-01 14:47:26;14:47:26;568.83249639;2.13694214;41.4178732;973.88;2025-04-01;4
2025-04-01 14:51:22;14:51:22;541.89930517;1.90771167;34.25297102;973.88;2025-04-01;4
2025-04-01 14:55:23;14:55:23;631.73854974;2.80344776;58.05850097;973.88;2025-04-01;4
2025-04-01 14:59:21;14:59:21;580.74693569;2.20855018;37.85191728;973.88;2025-04-01;4
2025-04-01 15:03:24;15:03:24;463.03446156;2.24866199;35.4631167;974.0;2025-04-01;4
2025-04-01 15:07:21;15:07:21;492.14285775;2.48919156;36.55029839;974.06;2025-04-01;4
2025-04-01 15:11:21;15:11:21;706.44973562;3.59791567;78.6009863;974.19;2025-04-01;4
2025-04-01 15:15:20;15:15:20;603.37343967;2.41673609;45.16377643;974.19;2025-04-01;4
2025-04-01 15:19:22;15:19:22;550.5782637;1.98214448;33.01583325;974.19;2025-04-01;4
2025-04-01 15:23:21;15:23:21;528.70051117;2.34258575;37.30457754;974.19;2025-04-01;4
2025-04-01 15:27:18;15:27:18;567.63012178;2.25402906;37.95988567;974.19;2025-04-01;4
2025-04-01 15:31:16;15:31:16;606.65264315;2.19936967;40.85103917;974.25;2025-04-01;4
2025-04-01 15:35:12;15:35:12;599.00116837;1.63540338;35.43912373;974.25;2025-04-01;4
2025-04-01 15:39:19;15:39:19;806.90266878;2.19343764;53.8072457;974.25;2025-04-01;4
2025-04-01 15:43:20;15:43:20;;2.41235769;97.27951739;974.25;2025-04-01;4
2025-04-01 15:47:16;15:47:16;789.57754375;2.37153969;56.5139532;974.25;2025-04-01;4
2025-04-01 15:51:17;15:51:17;576.37466438;1.82974788;26.65169661;974.25;2025-04-01;4
2025-04-01 15:55:19;15:55:19;752.03066394;2.69681251;54.81645021;974.19;2025-04-01;4
2025-04-01 15:59:14;15:59:14;624.14172836;1.99287863;34.26796663;974.19;2025-04-01;4
2025-04-01 16:03:16;16:03:16;658.90128521;2.36772625;42.23213479;974.25;2025-04-01;4
2025-04-01 16:07:24;16:07:24;576.32001099;2.36235917;38.90460906;974.38;2025-04-01;4
2025-04-01 16:11:20;16:11:20;515.06449005;2.28750264;36.16341166;974.38;2025-04-01;4
2025-04-01 16:15:18;16:15:18;543.40773877;2.2942821;35.15270759;974.38;2025-04-01;4
2025-04-01 16:19:14;16:19:14;561.8915157;1.76364815;23.46812873;974.38;2025-04-01;4
2025-04-01 16:23:17;16:23:17;520.59541325;1.77946689;24.07245179;974.5;2025-04-01;4
2025-04-01 16:27:12;16:27:12;539.20489298;1.96999795;28.20074306;974.5;2025-04-01;4
2025-04-01 16:31:14;16:31:14;518.2835748;2.2848191;37.40654768;974.5;2025-04-01;4
2025-04-01 16:35:20;16:35:20;529.94114316;1.90079097;32.07410898;974.5;2025-04-01;4
2025-04-01 16:39:22;16:39:22;541.16148438;2.27577982;39.12354496;974.5;2025-04-01;4
2025-04-01 16:43:29;16:43:29;554.950535;2.10445723;40.24521655;974.56;2025-04-01;4
2025-04-01 16:47:25;16:47:25;526.94067198;1.90714671;32.16858131;974.56;2025-04-01;4
2025-04-01 16:51:27;16:51:27;565.55329291;1.84514291;32.40401238;974.56;2025-04-01;4
2025-04-01 16:55:24;16:55:24;544.00892607;1.92536651;33.08781217;974.56;2025-04-01;4
2025-04-01 16:59:31;16:59:31;616.54490697;1.76435435;33.08781217;974.56;2025-04-01;4
2025-04-01 17:03:32;17:03:32;801.87455678;2.57930188;62.32175272;974.56;2025-04-01;4
2025-04-01 17:07:38;17:07:38;652.72545199;1.77127504;32.54047243;974.56;2025-04-01;4
2025-04-01 17:11:35;17:11:35;712.789529;2.29936669;51.72285599;974.56;2025-04-01;4
2025-04-01 17:15:31;17:15:31;739.62434412;2.04005237;44.83237346;974.56;2025-04-01;4
2025-04-01 17:19:32;17:19:32;708.74517805;2.0044602;40.93951326;974.56;2025-04-01;4
2025-04-01 17:23:35;17:23:35;652.99871895;2.22733494;44.70191166;974.56;2025-04-01;4
2025-04-01 17:27:37;17:27:37;522.17489626;1.58978326;18.95145118;974.56;2025-04-01;4
2025-04-01 17:31:33;17:31:33;553.58420022;1.71266097;27.45546128;974.56;2025-04-01;4
2025-04-01 17:35:40;17:35:40;501.25904342;1.43173711;13.66879789;974.56;2025-04-01;4
2025-04-01 17:39:41;17:39:41;605.23165498;2.40021116;35.482611;974.56;2025-04-01;4
2025-04-01 17:43:38;17:43:38;574.02456856;1.90460442;25.08465543;974.56;2025-04-01;4
2025-04-01 17:47:38;17:47:38;595.01147081;2.27747469;38.26129742;974.69;2025-04-01;4
2025-04-01 17:51:38;17:51:38;544.84512296;1.7944382;22.09902959;974.56;2025-04-01;4
2025-04-01 17:55:34;17:55:34;705.84854831;2.32704949;43.73769398;974.56;2025-04-01;4
2025-04-01 17:59:29;17:59:29;611.13422123;1.82282718;26.03987575;974.56;2025-04-01;4
2025-04-01 18:03:27;18:03:27;552.54578579;1.62664657;18.54956885;974.69;2025-04-01;4
2025-04-01 18:07:24;18:07:24;641.68546696;2.0044602;29.43788084;974.75;2025-04-01;4
2025-04-01 18:11:28;18:11:28;773.61875349;1.57975531;30.88795627;974.75;2025-04-01;4
2025-04-01 18:15:31;18:15:31;823.18937938;2.78014337;65.34186846;974.88;2025-04-01;4
2025-04-01 18:19:26;18:19:26;751.42947664;2.35727458;49.29956551;974.88;2025-04-01;4
2025-04-01 18:23:23;18:23:23;746.34671125;2.42958881;43.90114612;974.88;2025-04-01;4
2025-04-01 18:27:21;18:27:21;653.59990625;2.48721422;43.02240341;974.88;2025-04-01;4
2025-04-01 18:31:20;18:31:20;681.19986885;2.71291373;49.26207649;975.0;2025-04-01;4
2025-04-01 18:35:16;18:35:16;922.60389811;3.59791567;82.96920733;975.0;2025-04-01;4
2025-04-01 18:39:13;18:39:13;745.74552394;3.117139;62.99205647;975.0;2025-04-01;4
2025-04-01 18:43:11;18:43:11;599.27443533;3.12321227;55.81065912;975.06;2025-04-01;4
2025-04-01 18:47:07;18:47:07;569.26972352;2.69723623;41.9322226;975.06;2025-04-01;4
2025-04-01 18:51:03;18:51:03;680.8719485;2.58029055;55.29481015;975.06;2025-04-01;4
2025-04-01 18:55:05;18:55:05;753.12373177;3.01643578;58.61633764;975.06;2025-04-01;4
2025-04-01 18:59:02;18:59:02;761.26708707;2.58283285;57.20225167;975.19;2025-04-01;4
2025-04-01 19:03:03;19:03:03;913.69539533;3.15499098;79.8681153;975.19;2025-04-01;4
2025-04-01 19:07:09;19:07:09;886.969887;2.93239873;68.90632482;975.25;2025-04-01;4
2025-04-01 19:11:07;19:11:07;720.65961735;2.9742054;62.0923199;975.25;2025-04-01;4
2025-04-01 19:15:05;19:15:05;770.39420341;3.22405673;67.08285871;975.25;2025-04-01;4
2025-04-01 19:19:01;19:19:01;730.06000065;2.60684343;56.58593212;975.38;2025-04-01;4
2025-04-01 19:22:59;19:22:59;800.94544913;2.97801884;62.97106261;975.38;2025-04-01;4
2025-04-01 19:26:56;19:26:56;569.3790303;2.58368028;40.78505848;975.38;2025-04-01;4
2025-04-01 19:30:54;19:30:54;585.11920699;2.35204874;31.12338734;975.5;2025-04-01;4
2025-04-01 19:34:53;19:34:53;638.40626348;2.48269458;49.74493511;975.5;2025-04-01;4
2025-04-01 19:38:49;19:38:49;662.34444886;2.47153672;39.8478329;975.56;2025-04-01;4
2025-04-01 19:42:46;19:42:46;630.53617514;2.58212665;40.00528679;975.56;2025-04-01;4
2025-04-01 19:46:48;19:46:48;654.20109356;2.36814996;49.66245926;975.56;2025-04-01;4
2025-04-01 19:50:45;19:50:45;585.0099002;2.08143532;35.32815622;975.56;2025-04-01;4
2025-04-01 19:54:46;19:54:46;691.47470641;3.26939436;64.9294892;975.56;2025-04-01;4
2025-04-01 19:58:46;19:58:46;778.10033158;2.62986535;80.80684045;975.56;2025-04-01;4
2025-04-01 20:02:48;20:02:48;576.15605082;2.11759244;40.14624552;975.69;2025-04-01;4
2025-04-01 20:06:48;20:06:48;511.0201391;1.96406592;27.0820706;975.69;2025-04-01;4
2025-04-01 20:10:51;20:10:51;550.52361031;2.18566951;37.28508325;975.69;2025-04-01;4
2025-04-01 20:14:47;20:14:47;574.46179569;2.1375071;37.62248446;975.75;2025-04-01;4
2025-04-01 20:18:48;20:18:48;535.32996754;1.79457944;26.41326642;975.88;2025-04-01;4
2025-04-01 20:22:55;20:22:55;539.45629858;1.55772207;21.5996758;976.0;2025-04-01;4
2025-04-01 20:26:55;20:26:55;541.52766211;1.39255749;19.44030804;976.0;2025-04-01;4
2025-04-01 20:30:58;20:30:58;552.16321205;1.70093815;28.71959115;976.06;2025-04-01;4
2025-04-01 20:34:58;20:34:58;547.68163396;2.15078354;32.98884115;976.19;2025-04-01;4
2025-04-01 20:38:59;20:38:59;598.56394124;2.13595347;34.8872853;976.19;2025-04-01;4
2025-04-01 20:42:58;20:42:58;612.44590262;2.23708041;35.48561012;976.25;2025-04-01;4
2025-04-01 20:46:59;20:46:59;604.52116089;2.06561658;36.62977512;976.25;2025-04-01;4
2025-04-01 20:50:56;20:50:56;536.06232298;2.0434421;29.68980708;976.38;2025-04-01;4
2025-04-01 20:54:54;20:54:54;522.50828194;2.21434097;33.36373139;976.38;2025-04-01;4
2025-04-01 20:59:00;20:59:00;509.93800195;1.8327139;25.65898727;976.38;2025-04-01;4
2025-04-01 21:03:08;21:03:08;523.38820154;1.78257414;23.45463268;976.5;2025-04-01;4
2025-04-01 21:07:04;21:07:04;514.23922384;1.865905;23.25369152;976.5;2025-04-01;4
2025-04-01 21:11:00;21:11:00;513.87851146;1.7510779;17.50587443;976.56;2025-04-01;4
2025-04-01 21:14:59;21:14:59;555.87964266;1.439364;17.28993765;976.69;2025-04-01;4
2025-04-01 21:18:57;21:18:57;566.15448021;1.72650236;21.36874341;976.69;2025-04-01;4
2025-04-01 21:22:54;21:22:54;598.50928785;1.82946541;32.01262698;976.69;2025-04-01;4
2025-04-01 21:26:52;21:26:52;560.03330039;2.01477063;28.53814428;976.69;2025-04-01;4
2025-04-01 21:30:57;21:30:57;536.13337239;1.72198272;19.16738795;976.69;2025-04-01;4
2025-04-01 21:34:53;21:34:53;515.16833149;2.11815739;22.73934212;976.69;2025-04-01;4
2025-04-01 21:38:50;21:38:50;485.06524358;1.98087333;17.68132306;976.75;2025-04-01;4
2025-04-01 21:42:47;21:42:47;488.12583349;1.81816631;16.93454171;976.75;2025-04-01;4
2025-04-01 21:46:49;21:46:49;512.58322609;2.06250933;20.59796909;976.75;2025-04-01;4
2025-04-01 21:50:46;21:50:46;492.10460038;2.01816036;21.40923156;976.75;2025-04-01;4
2025-04-01 21:54:43;21:54:43;500.03480745;2.11985226;23.01976001;976.69;2025-04-01;4
2025-04-01 21:58:48;21:58:48;484.49138297;1.76760284;18.27215007;976.69;2025-04-01;4
2025-04-01 22:02:49;22:02:49;495.64614013;1.7248075;16.31072436;976.69;2025-04-01;4
2025-04-01 22:06:46;22:06:46;561.61824874;1.68017606;22.32096461;976.69;2025-04-01;4
2025-04-01 22:10:44;22:10:44;550.41430353;1.68992153;21.21428864;976.75;2025-04-01;4
2025-04-01 22:14:52;22:14:52;615.45183914;2.00686126;34.47490604;976.75;2025-04-01;4
2025-04-01 22:18:48;22:18:48;579.16198734;1.8137879;27.08806885;976.75;2025-04-01;4
2025-04-01 22:22:44;22:22:44;589.87405203;1.96152363;26.29030242;976.88;2025-04-01;4
2025-04-01 22:26:42;22:26:42;658.51871147;2.41998458;38.72616131;976.88;2025-04-01;4
2025-04-01 22:30:39;22:30:39;591.18573342;2.06674649;31.46528723;977.0;2025-04-01;4
2025-04-01 22:34:34;22:34:34;701.20301005;2.50515154;45.38871057;977.0;2025-04-01;4
2025-04-01 22:38:30;22:38:30;663.05494294;2.08708487;29.42738391;977.06;2025-04-01;4
2025-04-01 22:42:26;22:42:26;571.78377952;2.71658593;38.361768;977.06;2025-04-01;4
2025-04-01 22:46:23;22:46:23;606.37937619;2.49540607;36.95068116;977.06;2025-04-01;4
2025-04-01 22:50:25;22:50:25;575.82813047;2.16476617;25.97539463;977.19;2025-04-01;4
2025-04-01 22:54:21;22:54:21;564.67883865;2.42930634;25.00967738;977.19;2025-04-01;4
2025-04-01 22:58:17;22:58:17;570.58140491;2.25558269;25.65748771;977.19;2025-04-01;4
2025-04-01 23:02:15;23:02:15;732.51940325;2.68805571;42.06568353;977.19;2025-04-01;4
2025-04-01 23:06:12;23:06:12;860.73625919;2.68212368;50.52620636;977.25;2025-04-01;4
2025-04-01 23:10:12;23:10:12;952.44464974;2.77491753;66.6839755;977.38;2025-04-01;4
2025-04-01 23:14:09;23:14:09;713.77329005;2.23256077;33.91257069;977.38;2025-04-01;4
2025-04-01 23:18:08;23:18:08;694.48064293;2.83409657;44.43798894;977.38;2025-04-01;4
2025-04-01 23:22:09;23:22:09;680.43472137;2.62562819;34.96076379;977.38;2025-04-01;4
2025-04-01 23:26:09;23:26:09;716.83387996;2.86220308;45.4681873;977.38;2025-04-01;4
2025-04-01 23:30:07;23:30:07;616.81817393;2.38241507;27.43446742;977.5;2025-04-01;4
2025-04-01 23:34:05;23:34:05;553.85746718;2.35586219;21.55019029;977.5;2025-04-01;4
2025-04-01 23:38:07;23:38:07;619.44153671;2.46857071;31.09939436;977.5;2025-04-01;4
2025-04-01 23:42:04;23:42:04;761.54035402;2.56009341;42.47806279;977.5;2025-04-01;4
2025-04-01 23:46:05;23:46:05;706.44973562;2.62633438;41.00849306;977.5;2025-04-01;4
2025-04-01 23:50:02;23:50:02;559.59607326;2.37761296;20.02813593;977.5;2025-04-01;4
2025-04-01 23:53:59;23:53:59;661.4699946;2.82195003;37.40354856;977.56;2025-04-01;4
2025-04-01 23:58:00;23:58:00;993.70796016;2.95923409;73.56845978;977.56;2025-04-01;4
2025-04-02 00:01:57;00:01:57;891.88869221;2.92999767;60.48479057;977.69;2025-04-02;4
2025-04-02 00:05:54;00:05:54;822.86145903;2.57040384;50.76613611;977.75;2025-04-02;4
2025-04-02 00:09:52;00:09:52;793.73120148;2.71008895;45.85507403;977.75;2025-04-02;4
2025-04-02 00:13:52;00:13:52;797.72089905;2.62817048;49.80341799;977.75;2025-04-02;4
2025-04-02 00:17:50;00:17:50;677.59274502;2.50599897;38.18931849;977.88;2025-04-02;4
2025-04-02 00:21:50;00:21:50;677.59274502;2.35275494;32.85088154;977.88;2025-04-02;4
2025-04-02 00:25:52;00:25:52;642.34130765;2.54596954;33.16878846;977.88;2025-04-02;4
2025-04-02 00:29:51;00:29:51;587.57860959;2.71206629;32.29904312;978.0;2025-04-02;4
2025-04-02 00:33:47;00:33:47;641.95873391;2.62506323;34.02203864;978.0;2025-04-02;4
2025-04-02 00:37:55;00:37:55;593.86374959;2.21024505;22.83831314;978.0;2025-04-02;4
2025-04-02 00:41:57;00:41:57;683.33135111;2.95513817;37.79193485;978.06;2025-04-02;4
2025-04-02 00:45:59;00:45:59;605.7235355;2.3752119;24.81773358;978.19;2025-04-02;4
2025-04-02 00:50:03;00:50:03;628.8965734;2.25628888;29.05099412;978.25;2025-04-02;4
2025-04-02 00:54:06;00:54:06;664.5852379;2.53071575;32.95135213;978.25;2025-04-02;4
2025-04-02 00:58:07;00:58:07;590.09266559;2.41165149;26.34578618;978.25;2025-04-02;4
2025-04-02 01:02:04;01:02:04;665.95157268;2.44215906;27.79286249;978.25;2025-04-02;4
2025-04-02 01:06:01;01:06:01;838.87490268;2.29724811;43.9056448;978.25;2025-04-02;4
2025-04-02 01:10:00;01:10:00;712.29764848;2.2760623;28.86054988;978.25;2025-04-02;4
2025-04-02 01:14:04;01:14:04;729.95069387;2.96431868;43.27283009;978.38;2025-04-02;4
2025-04-02 01:18:02;01:18:02;622.17420627;2.56178827;28.20374219;978.38;2025-04-02;4
2025-04-02 01:22:03;01:22:03;591.07642664;2.69088048;29.78277986;978.38;2025-04-02;4
2025-04-02 01:26:08;01:26:08;648.35318069;2.92915024;32.75940833;978.38;2025-04-02;4
2025-04-02 01:30:05;01:30:05;653.81851982;2.42535165;29.46787206;978.5;2025-04-02;4
2025-04-02 01:34:08;01:34:08;633.97933879;2.60401866;29.4123883;978.5;2025-04-02;4
2025-04-02 01:38:04;01:38:04;669.55869651;2.543286;34.74632657;978.5;2025-04-02;4
2025-04-02 01:41:58;01:41:58;672.78324659;2.72590769;34.04603161;978.5;2025-04-02;4
2025-04-02 01:45:55;01:45:55;625.39875636;2.179455;22.82631665;978.38;2025-04-02;4
2025-04-02 01:49:51;01:49:51;711.75111457;2.41828971;32.00063049;978.38;2025-04-02;4
2025-04-02 01:53:53;01:53:53;753.83422585;2.46433354;35.35514832;978.5;2025-04-02;4
2025-04-02 01:57:50;01:57:50;756.73085559;2.67322564;41.0609777;978.5;2025-04-02;4
2025-04-02 02:01:52;02:01:52;690.38163858;2.43453217;30.18016351;978.5;2025-04-02;4
2025-04-02 02:05:50;02:05:50;681.30917563;2.48608431;31.08739788;978.5;2025-04-02;4
2025-04-02 02:09:50;02:09:50;652.45218504;2.61150431;25.25260625;978.5;2025-04-02;4
2025-04-02 02:13:47;02:13:47;708.30795092;3.0657281;39.444451;978.5;2025-04-02;4
2025-04-02 02:17:44;02:17:44;726.67149039;2.90852938;42.2741225;978.5;2025-04-02;4
2025-04-02 02:21:41;02:21:41;632.88627096;2.3708335;26.78065885;978.56;2025-04-02;4
2025-04-02 02:25:40;02:25:40;647.64268661;2.51955789;31.49377889;978.56;2025-04-02;4
2025-04-02 02:29:42;02:29:42;617.91124175;2.16914458;22.59688383;978.5;2025-04-02;4
2025-04-02 02:33:39;02:33:39;672.67393981;2.38552233;31.84767527;978.5;2025-04-02;4
2025-04-02 02:37:34;02:37:34;641.13893304;2.35388485;23.32866957;978.56;2025-04-02;4
2025-04-02 02:41:30;02:41:30;698.68895406;2.60740839;28.8980389;978.56;2025-04-02;4
2025-04-02 02:45:34;02:45:34;734.7601923;2.58890611;40.465652;978.56;2025-04-02;4
2025-04-02 02:49:44;02:49:44;746.89324516;2.67350812;40.53763093;978.56;2025-04-02;4
2025-04-02 02:53:42;02:53:42;662.18048868;2.18962419;22.91029206;978.5;2025-04-02;4
2025-04-02 02:57:38;02:57:38;667.48186764;2.23891651;24.30188462;978.5;2025-04-02;4
2025-04-02 03:01:37;03:01:37;658.73732503;2.17889005;22.0720375;978.56;2025-04-02;4
2025-04-02 03:05:36;03:05:36;708.85448483;2.4780337;38.57620522;978.69;2025-04-02;4
2025-04-02 03:09:37;03:09:37;699.83667527;2.44936224;31.71271479;978.69;2025-04-02;4
2025-04-02 03:13:35;03:13:35;675.51591616;2.56969764;22.81132104;978.75;2025-04-02;4
2025-04-02 03:17:34;03:17:34;648.57179426;2.60839706;19.81969696;978.75;2025-04-02;4
2025-04-02 03:21:36;03:21:36;637.85972957;2.3839687;18.53907192;978.75;2025-04-02;4
2025-04-02 03:25:34;03:25:34;664.53058451;2.3883471;23.22669942;978.75;2025-04-02;4
2025-04-02 03:29:32;03:29:32;682.18362989;2.44456012;28.11826721;978.75;2025-04-02;4
2025-04-02 03:33:29;03:33:29;672.40067285;2.28594901;24.63028846;978.88;2025-04-02;4
2025-04-02 03:37:27;03:37:27;702.1867711;2.70782913;28.50515394;978.88;2025-04-02;4
2025-04-02 03:41:23;03:41:23;695.13648362;2.59158965;32.23906068;978.88;2025-04-02;4
2025-04-02 03:45:24;03:45:24;684.04184519;2.25628888;24.72626036;978.88;2025-04-02;4
2025-04-02 03:49:21;03:49:21;735.79860673;2.12394818;25.9304078;978.88;2025-04-02;4
2025-04-02 03:53:24;03:53:24;871.2843637;2.26645807;33.6741405;979.0;2025-04-02;4
2025-04-02 03:57:20;03:57:20;867.34931953;2.3369362;32.56896409;979.0;2025-04-02;4
2025-04-02 04:01:17;04:01:17;;2.39385541;48.43281929;979.0;2025-04-02;4
2025-04-02 04:05:13;04:05:13;830.07570668;2.58325656;41.97271075;979.06;2025-04-02;4
2025-04-02 04:09:10;04:09:10;742.63028064;2.73311087;34.27546444;979.06;2025-04-02;4
2025-04-02 04:13:07;04:13:07;793.89516166;2.76616073;43.20984853;979.06;2025-04-02;4
2025-04-02 04:17:04;04:17:04;840.6238112;2.50359791;44.84736907;979.19;2025-04-02;4
2025-04-02 04:21:09;04:21:09;762.74272863;2.40529575;32.09510283;979.19;2025-04-02;4
2025-04-02 04:25:07;04:25:07;722.68179283;2.44131163;25.58250966;979.19;2025-04-02;4
2025-04-02 04:29:09;04:29:09;644.80071026;2.5658842;23.31517352;979.19;2025-04-02;4
2025-04-02 04:33:06;04:33:06;741.37325264;2.60260627;32.82988769;979.19;2025-04-02;4
2025-04-02 04:37:02;04:37:02;663.82009042;2.22874732;20.51099456;979.19;2025-04-02;4
2025-04-02 04:41:00;04:41:00;589.76474525;2.20586665;23.28068362;979.19;2025-04-02;4
2025-04-02 04:45:02;04:45:02;529.15959966;2.16716723;13.04168151;979.19;2025-04-02;4
2025-04-02 04:49:05;04:49:05;559.32280631;2.02592849;13.39287868;979.19;2025-04-02;4
2025-04-02 04:53:01;04:53:01;666.27949303;1.8571482;18.85248016;979.25;2025-04-02;4
2025-04-02 04:57:03;04:57:03;638.24230331;1.7692977;21.72413936;979.38;2025-04-02;4
2025-04-02 05:01:00;05:01:00;679.83353407;2.09457052;23.34516474;979.38;2025-04-02;4
2025-04-02 05:04:58;05:04:58;756.45758863;2.2603848;37.34206656;979.38;2025-04-02;4
2025-04-02 05:08:57;05:08:57;694.53529632;2.116745;27.25601967;979.5;2025-04-02;4
2025-04-02 05:12:59;05:12:59;676.60898398;2.02832955;22.22349315;979.5;2025-04-02;4
2025-04-02 05:16:56;05:16:56;624.68826227;2.09753653;18.50308246;979.5;2025-04-02;4
2025-04-02 05:20:57;05:20:57;554.84122822;2.04923289;14.62506791;979.5;2025-04-02;4
2025-04-02 05:24:53;05:24:53;580.58297551;1.92550775;13.8412474;979.56;2025-04-02;4
2025-04-02 05:28:54;05:28:54;553.36558666;1.90686423;12.62630313;979.56;2025-04-02;4
2025-04-02 05:32:50;05:32:50;559.43211309;1.8144941;12.90627115;979.56;2025-04-02;4
2025-04-02 05:36:56;05:36:56;546.51205139;1.762377;14.44961928;979.69;2025-04-02;4
2025-04-02 05:40:52;05:40:52;556.75409692;1.88920939;18.35012724;979.69;2025-04-02;4
2025-04-02 05:44:48;05:44:48;550.03172979;1.87861649;13.17664199;979.75;2025-04-02;4
2025-04-02 05:48:45;05:48:45;511.01467376;1.9424564;10.42254837;979.75;2025-04-02;4
2025-04-02 05:52:41;05:52:41;534.6959882;1.85757191;11.4753901;979.75;2025-04-02;4
2025-04-02 05:56:49;05:56:49;598.72790141;1.76322444;15.00910546;979.75;2025-04-02;4
2025-04-02 06:00:46;06:00:46;575.06298299;1.5654902;10.9586414;979.75;2025-04-02;4
2025-04-02 06:04:41;06:04:41;545.9819135;1.75969347;10.53681491;979.75;2025-04-02;4
2025-04-02 06:08:44;06:08:44;514.82948047;1.89966106;11.25165561;979.75;2025-04-02;4
2025-04-02 06:12:46;06:12:46;585.93900786;2.03270795;15.60743028;979.75;2025-04-02;4
2025-04-02 06:16:42;06:16:42;603.8106668;1.86717615;16.13827485;979.88;2025-04-02;4
2025-04-02 06:20:44;06:20:44;536.73455969;1.85319351;12.49239233;980.0;2025-04-02;4
2025-04-02 06:24:39;06:24:39;584.84594003;1.91929324;13.00269292;980.19;2025-04-02;4
2025-04-02 06:28:40;06:28:40;565.77190648;2.03751007;16.58964269;980.25;2025-04-02;4
2025-04-02 06:32:36;06:32:36;544.05264878;1.59515033;10.51492132;980.38;2025-04-02;4
2025-04-02 06:36:33;06:36:33;565.99052004;1.48230058;9.8821066;980.38;2025-04-02;4
2025-04-02 06:40:28;06:40:28;672.78324659;1.48244182;13.34579247;980.5;2025-04-02;4
2025-04-02 06:44:29;06:44:29;888.28156839;1.87593295;38.9375994;980.5;2025-04-02;4
2025-04-02 06:48:25;06:48:25;982.1760946;1.91463237;46.32143748;980.56;2025-04-02;4
2025-04-02 06:52:27;06:52:27;;2.3682912;84.76568133;980.56;2025-04-02;4
2025-04-02 06:56:29;06:56:29;;2.14103807;64.66556648;980.69;2025-04-02;4
2025-04-02 07:00:36;07:00:36;;2.42831766;104.92277951;980.75;2025-04-02;4
2025-04-02 07:04:31;07:04:31;752.46789107;2.16985077;31.99163312;980.88;2025-04-02;4
2025-04-02 07:08:27;07:08:27;586.97742229;2.42083201;22.28347559;981.0;2025-04-02;4
2025-04-02 07:12:21;07:12:21;505.43456251;2.11335527;8.52890281;981.0;2025-04-02;4
2025-04-02 07:16:17;07:16:17;492.066343;2.19287268;9.1143314;981.06;2025-04-02;4
2025-04-02 07:20:12;07:20:12;518.94488083;2.07564453;11.83318534;981.19;2025-04-02;4
2025-04-02 07:24:08;07:24:08;524.98408057;1.81986117;11.96349719;981.19;2025-04-02;4
2025-04-02 07:28:10;07:28:10;583.69821881;1.8075734;12.90207238;981.25;2025-04-02;4
2025-04-02 07:32:06;07:32:06;763.34391593;1.94217392;29.27292914;981.38;2025-04-02;4
2025-04-02 07:36:09;07:36:09;635.72824731;1.79457944;19.01293318;981.5;2025-04-02;4
2025-04-02 07:40:06;07:40:06;597.85344715;1.77466477;15.33301063;981.5;2025-04-02;4
2025-04-02 07:44:01;07:44:01;601.51522437;1.88624338;18.10120012;981.56;2025-04-02;4
2025-04-02 07:48:03;07:48:03;782.63656305;1.91576228;26.16283974;981.69;2025-04-02;4
2025-04-02 07:52:01;07:52:01;761.7043142;1.87579171;27.36848674;981.75;2025-04-02;4
2025-04-02 07:56:02;07:56:02;749.46195455;1.87805153;29.42138567;981.75;2025-04-02;4
2025-04-02 08:00:02;08:00:02;646.98684591;1.80771464;18.56156533;981.75;2025-04-02;4
2025-04-02 08:03:59;08:03:59;837.12599415;1.8094095;29.68380883;981.88;2025-04-02;4
2025-04-02 08:08:05;08:08:05;762.19619472;1.6457138;28.2607255;981.88;2025-04-02;4
2025-04-02 08:12:01;08:12:01;596.70572594;1.54614049;15.6179272;982.0;2025-04-02;4
2025-04-02 08:15:58;08:15:58;557.35528422;1.69768966;14.21118909;982.06;2025-04-02;4
2025-04-02 08:19:54;08:19:54;557.51924439;1.64288903;15.63142325;982.06;2025-04-02;4
2025-04-02 08:23:54;08:23:54;579.05268056;1.84203565;14.5031536;982.19;2025-04-02;4
2025-04-02 08:27:56;08:27:56;571.40120578;1.7474057;13.61676313;982.19;2025-04-02;4
2025-04-02 08:31:57;08:31:57;545.70864654;1.75743365;11.97489385;982.25;2025-04-02;4
2025-04-02 08:35:53;08:35:53;686.28263424;1.89951982;21.15880488;982.25;2025-04-02;4
2025-04-02 08:39:49;08:39:49;661.14207425;1.86124412;22.90729294;982.25;2025-04-02;4
2025-04-02 08:43:51;08:43:51;633.32349809;1.88299489;16.18925992;982.38;2025-04-02;4
2025-04-02 08:47:56;08:47:56;607.52709741;1.89019806;17.07100176;982.38;2025-04-02;4
2025-04-02 08:51:51;08:51:51;572.60358039;1.96519583;16.07379373;982.5;2025-04-02;4
2025-04-02 08:55:46;08:55:46;609.16669915;2.0427359;15.64791842;982.56;2025-04-02;4
2025-04-02 08:59:42;08:59:42;550.85153066;2.11377899;12.27345644;982.69;2025-04-02;4
2025-04-02 09:03:50;09:03:50;568.01269552;1.96448964;13.48465181;982.75;2025-04-02;4
2025-04-02 09:07:46;09:07:46;562.87527674;2.00333029;12.96445412;982.75;2025-04-02;4
2025-04-02 09:11:43;09:11:43;556.69944352;1.94443374;12.20927523;982.75;2025-04-02;4
2025-04-02 09:15:44;09:15:44;655.07554782;2.15883415;16.01231173;982.88;2025-04-02;4
2025-04-02 09:19:50;09:19:50;637.47715583;2.17295802;13.8952316;982.88;2025-04-02;4
2025-04-02 09:23:50;09:23:50;573.58734143;2.11801615;11.84203275;982.88;2025-04-02;4
2025-04-02 09:27:53;09:27:53;605.66888211;2.30755854;13.09116702;982.88;2025-04-02;4
2025-04-02 09:31:48;09:31:48;592.44276142;2.38679347;13.42391959;983.0;2025-04-02;4
2025-04-02 09:35:54;09:35:54;546.17320036;2.59328451;10.73535678;983.0;2025-04-02;4
2025-04-02 09:40:01;09:40:01;578.01426612;2.5225239;12.01898095;983.0;2025-04-02;4
2025-04-02 09:43:57;09:43:57;565.17071917;2.61884873;12.46734967;983.06;2025-04-02;4
2025-04-02 09:47:54;09:47:54;560.41587413;2.78960636;11.48468738;983.06;2025-04-02;4
2025-04-02 09:51:50;09:51:50;552.16321205;2.8925694;11.17037941;983.06;2025-04-02;4
2025-04-02 09:55:46;09:55:46;550.30499675;2.81333447;11.24085877;983.19;2025-04-02;4
2025-04-02 09:59:42;09:59:42;496.65722787;2.85358751;7.77252427;983.19;2025-04-02;4
2025-04-02 10:03:48;10:03:48;551.17945101;2.78734654;10.99058205;983.25;2025-04-02;4
2025-04-02 10:07:43;10:07:43;;6.149676;193.29340535;983.25;2025-04-02;4
2025-04-02 10:11:40;10:11:40;843.24717398;5.79657915;148.6214849;983.38;2025-04-02;4
2025-04-02 10:15:40;10:15:40;918.50489376;6.0844237;160.25807781;983.38;2025-04-02;4
2025-04-02 10:19:44;10:19:44;;8.70411986;264.25262909;983.5;2025-04-02;4
2025-04-02 10:23:47;10:23:47;;12.4178513;413.3539735;983.5;2025-04-02;4
2025-04-02 10:27:53;10:27:53;;8.30455546;225.75889973;983.5;2025-04-02;4
2025-04-02 10:31:54;10:31:54;945.66762923;7.2197007;162.41744556;983.56;2025-04-02;4
2025-04-02 10:35:59;10:35:59;;7.14413797;186.59036794;983.56;2025-04-02;4
2025-04-02 10:40:03;10:40:03;884.56513778;5.82299079;124.28660994;983.56;2025-04-02;4
2025-04-02 10:44:11;10:44:11;;7.53777034;193.60831314;983.69;2025-04-02;4
2025-04-02 10:48:13;10:48:13;961.62641948;6.52141636;147.51031024;983.69;2025-04-02;4
2025-04-02 10:52:18;10:52:18;739.46038395;5.95434282;104.30046172;983.75;2025-04-02;4
2025-04-02 10:56:19;10:56:19;808.26900356;6.0323066;116.56687022;983.75;2025-04-02;4
2025-04-02 11:00:25;11:00:25;;7.00360542;174.78882333;983.75;2025-04-02;4
2025-04-02 11:04:31;11:04:31;;8.37969447;216.98646822;983.88;2025-04-02;4
2025-04-02 11:08:36;11:08:36;954.95870574;6.36845481;141.32462136;983.88;2025-04-02;4
2025-04-02 11:12:42;11:12:42;;9.92188028;332.81255533;984.0;2025-04-02;4
2025-04-02 11:16:46;11:16:46;936.64981967;6.13442221;134.00226528;984.0;2025-04-02;4
2025-04-02 11:20:52;11:20:52;641.4122;5.02838164;70.46886732;984.0;2025-04-02;4
2025-04-02 11:24:55;11:24:55;670.15988381;5.45026176;89.55977766;984.0;2025-04-02;4
2025-04-02 11:28:58;11:28:58;560.25191396;5.51438414;86.70011495;984.06;2025-04-02;4
2025-04-02 11:32:59;11:32:59;494.52574561;4.13787138;44.54745689;984.06;2025-04-02;4
2025-04-02 11:37:04;11:37:04;588.07049012;3.71288401;48.9621643;984.0;2025-04-02;4
2025-04-02 11:41:08;11:41:08;622.99400714;4.96849641;83.65300712;984.0;2025-04-02;4
2025-04-02 11:45:13;11:45:13;738.31266273;5.41452835;101.50677968;984.06;2025-04-02;4
2025-04-02 11:49:23;11:49:23;778.26429175;5.55124745;120.05035029;984.06;2025-04-02;4
2025-04-02 11:53:30;11:53:30;737.32890169;5.42201401;106.66676888;984.0;2025-04-02;4
2025-04-02 11:57:27;11:57:27;631.62924296;5.77666448;106.43283738;984.06;2025-04-02;4
2025-04-02 12:01:31;12:01:31;586.64950194;4.82457414;70.26192791;984.06;2025-04-02;4
2025-04-02 12:05:33;12:05:33;701.96815753;5.33840067;93.0597529;984.06;2025-04-02;4
2025-04-02 12:09:30;12:09:30;588.56237064;3.86047849;49.52599921;984.06;2025-04-02;4
2025-04-02 12:13:27;12:13:27;574.07922195;3.89649437;52.65708246;984.06;2025-04-02;4
2025-04-02 12:17:24;12:17:24;867.56793309;6.42382039;119.44152854;984.06;2025-04-02;4
2025-04-02 12:21:22;12:21:22;789.08566322;5.33684705;107.75395057;984.06;2025-04-02;4
2025-04-02 12:25:19;12:25:19;649.71951547;4.0008698;66.01817044;984.19;2025-04-02;4
2025-04-02 12:29:18;12:29:18;598.89186159;3.54057275;48.1748948;984.19;2025-04-02;4
2025-04-02 12:33:20;12:33:20;588.34375707;3.29863078;37.04815262;984.19;2025-04-02;4
2025-04-02 12:37:24;12:37:24;540.65867319;2.99143652;30.14867273;984.19;2025-04-02;4
2025-04-02 12:41:21;12:41:21;690.49094536;4.56088141;81.91651555;984.06;2025-04-02;4
2025-04-02 12:45:19;12:45:19;638.07834313;3.90666356;60.57776335;984.06;2025-04-02;4
2025-04-02 12:49:19;12:49:19;661.85256834;4.58362084;82.4788509;984.06;2025-04-02;4
2025-04-02 12:53:22;12:53:22;527.54732462;3.40399488;37.59699192;984.19;2025-04-02;4
2025-04-02 12:57:27;12:57:27;555.66102909;3.83858649;48.34884387;984.06;2025-04-02;4
2025-04-02 13:01:33;13:01:33;511.71423717;3.6760207;35.6550605;984.06;2025-04-02;4
2025-04-02 13:05:35;13:05:35;548.11886109;4.17233363;51.52341439;984.06;2025-04-02;4
2025-04-02 13:09:33;13:09:33;623.21262071;3.86203212;54.66799368;984.06;2025-04-02;4
2025-04-02 13:13:29;13:13:29;546.91648649;3.39693295;30.07969292;984.06;2025-04-02;4
2025-04-02 13:17:37;13:17:37;524.50313072;3.96584259;37.28208412;984.06;2025-04-02;4
2025-04-02 13:21:34;13:21:34;662.39910225;5.07852139;76.85999605;984.19;2025-04-02;4
2025-04-02 13:25:32;13:25:32;596.54176576;3.93505255;48.75222577;984.19;2025-04-02;4
2025-04-02 13:29:37;13:29:37;586.43088838;3.63915739;40.88702863;984.19;2025-04-02;4
2025-04-02 13:33:33;13:33:33;560.79844787;3.33111569;28.94002661;984.19;2025-04-02;4
2025-04-02 13:37:29;13:37:29;590.42058594;3.76810836;45.54316535;984.25;2025-04-02;4
2025-04-02 13:41:30;13:41:30;580.25505516;3.46176153;35.95947137;984.25;2025-04-02;4
2025-04-02 13:45:32;13:45:32;616.16233323;4.13052696;55.23032903;984.38;2025-04-02;4
2025-04-02 13:49:35;13:49:35;595.39404455;4.02897631;50.22029593;984.38;2025-04-02;4
2025-04-02 13:53:37;13:53:37;595.99523185;3.72474806;38.33777503;984.38;2025-04-02;4
2025-04-02 13:57:40;13:57:40;539.33606112;3.34651072;27.11955963;984.38;2025-04-02;4
2025-04-02 14:01:37;14:01:37;541.24346447;3.21092153;23.45313312;984.38;2025-04-02;4
2025-04-02 14:05:33;14:05:33;574.02456856;3.66924124;40.00378723;984.38;2025-04-02;4
2025-04-02 14:09:35;14:09:35;539.58200138;3.14863524;26.73717159;984.38;2025-04-02;4
2025-04-02 14:13:38;14:13:38;557.30063083;3.15682709;26.85113822;984.5;2025-04-02;4
2025-04-02 14:17:40;14:17:40;649.06367478;3.76034023;48.62176396;984.5;2025-04-02;4
2025-04-02 14:21:36;14:21:36;683.54996467;3.87841581;49.72544082;984.5;2025-04-02;4
2025-04-02 14:25:34;14:25:34;608.40155167;3.77559401;44.89835415;984.5;2025-04-02;4
2025-04-02 14:29:32;14:29:32;565.44398613;3.17561184;31.25984738;984.5;2025-04-02;4
2025-04-02 14:33:29;14:33:29;591.62296055;3.55822759;41.22892852;984.38;2025-04-02;4
2025-04-02 14:37:27;14:37:27;600.6954235;3.84536595;49.26807473;984.5;2025-04-02;4
2025-04-02 14:41:30;14:41:30;574.95367621;3.58322685;37.31957315;984.5;2025-04-02;4
2025-04-02 14:45:33;14:45:33;561.34498178;3.38535137;35.00275149;984.38;2025-04-02;4
2025-04-02 14:49:33;14:49:33;584.08079255;3.69438173;44.49347269;984.38;2025-04-02;4
2025-04-02 14:53:40;14:53:40;581.67604334;3.51882198;41.40737627;984.25;2025-04-02;4
2025-04-02 14:57:38;14:57:38;602.44433202;3.83336065;45.23575536;984.25;2025-04-02;4
2025-04-02 15:01:36;15:01:36;687.53966224;4.92555983;79.31777643;984.25;2025-04-02;4
2025-04-02 15:05:34;15:05:34;711.80576796;5.03120641;90.46251335;984.25;2025-04-02;4
2025-04-02 15:09:39;15:09:39;654.91158764;4.64548341;68.19253381;984.25;2025-04-02;4
2025-04-02 15:13:38;15:13:38;688.57807667;5.23826241;81.13974298;984.25;2025-04-02;4
2025-04-02 15:17:34;15:17:34;621.19044523;4.11018859;51.62838365;984.38;2025-04-02;4
2025-04-02 15:21:30;15:21:30;586.2669282;3.91005329;42.32960625;984.25;2025-04-02;4
2025-04-02 15:25:27;15:25:27;638.73418383;4.30975893;57.85905936;984.25;2025-04-02;4
2025-04-02 15:29:31;15:29:31;649.93812904;4.57811253;62.5031996;984.25;2025-04-02;4
2025-04-02 15:33:30;15:33:30;634.19795235;4.3690792;59.46658869;984.38;2025-04-02;4
2025-04-02 15:37:36;15:37:36;569.65229726;3.49198662;34.13300615;984.25;2025-04-02;4
2025-04-02 15:41:39;15:41:39;599.00116837;3.39862781;36.68375931;984.25;2025-04-02;4
2025-04-02 15:45:46;15:45:46;554.950535;3.03070089;27.07307324;984.38;2025-04-02;4
2025-04-02 15:49:42;15:49:42;695.35509719;4.05326937;55.55723332;984.38;2025-04-02;4
2025-04-02 15:53:49;15:53:49;588.23445029;3.33464666;34.25896927;984.5;2025-04-02;4
2025-04-02 15:57:46;15:57:46;706.72300257;4.09578223;61.38302758;984.5;2025-04-02;4
2025-04-02 16:01:47;16:01:47;709.34636535;3.66189682;50.08983413;984.5;2025-04-02;4
2025-04-02 16:05:55;16:05:55;782.69121645;3.6916982;56.62941939;984.5;2025-04-02;4
2025-04-02 16:09:54;16:09:54;890.46770404;3.75793917;64.17820917;984.5;2025-04-02;4
2025-04-02 16:13:56;16:13:56;987.86004729;4.87669123;94.33887838;984.5;2025-04-02;4
2025-04-02 16:17:55;16:17:55;963.59394156;4.69039733;100.06420206;984.5;2025-04-02;4
2025-04-02 16:21:56;16:21:56;869.86337553;4.3490233;85.7958797;984.5;2025-04-02;4
2025-04-02 16:25:52;16:25:52;829.58382616;4.09211003;74.79360107;984.5;2025-04-02;4
2025-04-02 16:29:49;16:29:49;669.83196346;3.56740811;46.27195197;984.56;2025-04-02;4
2025-04-02 16:33:57;16:33:57;636.71200835;3.33422295;37.32707095;984.56;2025-04-02;4
2025-04-02 16:37:53;16:37:53;668.62958885;3.3260311;39.95280216;984.56;2025-04-02;4
2025-04-02 16:41:51;16:41:51;810.5097926;4.17953681;67.02287628;984.56;2025-04-02;4
2025-04-02 16:45:48;16:45:48;844.94142911;4.35410789;75.02003478;984.56;2025-04-02;4
2025-04-02 16:49:49;16:49:49;;4.54379152;80.93880181;984.56;2025-04-02;4
2025-04-02 16:53:56;16:53:56;;7.17817651;228.38313137;984.56;2025-04-02;4
2025-04-02 16:57:53;16:57:53;807.66781626;4.41455807;80.71236811;984.69;2025-04-02;4
2025-04-02 17:01:56;17:01:56;;9.58121244;314.48792063;984.69;2025-04-02;4
2025-04-02 17:06:03;17:06:03;;7.46813964;260.54871357;984.75;2025-04-02;4
2025-04-02 17:10:03;17:10:03;;6.34698652;136.56351537;984.75;2025-04-02;4
2025-04-02 17:14:05;17:14:05;783.45636392;4.46427411;68.54493063;984.88;2025-04-02;4
2025-04-02 17:18:12;17:18:12;713.77329005;5.24673673;72.99562751;984.88;2025-04-02;4
2025-04-02 17:22:10;17:22:10;792.20090653;5.10210826;82.09346374;985.0;2025-04-02;4
2025-04-02 17:26:08;17:26:08;816.63097243;5.43062957;97.63941202;985.0;2025-04-02;4
2025-04-02 17:30:06;17:30:06;;5.72002775;145.91027872;985.0;2025-04-02;4
2025-04-02 17:34:09;17:34:09;733.39385752;4.02572782;57.49316649;985.06;2025-04-02;4
2025-04-02 17:38:13;17:38:13;890.03047691;4.55353699;86.54566017;985.06;2025-04-02;4
2025-04-02 17:42:10;17:42:10;;4.65522889;101.98663919;985.19;2025-04-02;4
2025-04-02 17:46:11;17:46:11;968.18482643;4.49520539;87.90126326;985.06;2025-04-02;4
2025-04-02 17:50:09;17:50:09;868.87961449;3.65709471;63.13901344;985.06;2025-04-02;4
2025-04-02 17:54:06;17:54:06;743.72334847;3.46868223;53.40986205;985.06;2025-04-02;4
2025-04-02 17:58:14;17:58:14;642.39596104;3.61627671;46.37092299;985.19;2025-04-02;4
2025-04-02 18:02:12;18:02:12;640.53774574;3.8659868;54.21362671;985.19;2025-04-02;4
2025-04-02 18:06:13;18:06:13;634.30725913;3.43520865;43.76168695;985.19;2025-04-02;4
2025-04-02 18:10:14;18:10:14;861.39209988;4.22515692;81.47864375;985.25;2025-04-02;4
2025-04-02 18:14:12;18:14:12;864.07011605;4.13363422;67.2448113;985.25;2025-04-02;4
2025-04-02 18:18:11;18:18:11;;6.52876078;163.82703285;985.25;2025-04-02;4
2025-04-02 18:22:09;18:22:09;876.913663;4.45834208;77.40433667;985.38;2025-04-02;4
2025-04-02 18:26:06;18:26:06;809.36207139;5.3348697;96.24781946;985.5;2025-04-02;4
2025-04-02 18:30:05;18:30:05;722.79109961;4.28292357;63.03404417;985.5;2025-04-02;4
2025-04-02 18:34:11;18:34:11;987.09489981;4.11541442;69.75957499;985.5;2025-04-02;4
2025-04-02 18:38:14;18:38:14;973.75947234;3.960758;73.92685485;985.56;2025-04-02;4
2025-04-02 18:42:16;18:42:16;899.10293986;4.03589701;64.36565429;985.56;2025-04-02;4
2025-04-02 18:46:13;18:46:13;;4.71426668;89.30935099;985.56;2025-04-02;4
2025-04-02 18:50:17;18:50:17;;4.21018561;76.73703205;985.69;2025-04-02;4
2025-04-02 18:54:19;18:54:19;;4.50382096;101.47378934;985.75;2025-04-02;4
2025-04-02 18:58:17;18:58:17;999.7198332;4.24394167;82.81475255;985.75;2025-04-02;4
2025-04-02 19:02:18;19:02:18;;5.24235833;107.90690578;985.75;2025-04-02;4
2025-04-02 19:06:16;19:06:16;;5.55364851;106.29187865;985.88;2025-04-02;4
2025-04-02 19:10:14;19:10:14;971.90125704;6.13202116;126.99331744;985.88;2025-04-02;4
2025-04-02 19:14:13;19:14:13;804.16999922;4.31060636;70.0279964;986.0;2025-04-02;4
2025-04-02 19:18:11;19:18:11;;4.60042825;104.98576107;986.06;2025-04-02;4
2025-04-02 19:22:08;19:22:08;;4.43150672;114.02811354;986.19;2025-04-02;4
2025-04-02 19:26:11;19:26:11;864.9992237;4.56992069;84.77317914;986.19;2025-04-02;4
2025-04-02 19:30:07;19:30:07;720.9875377;4.32345908;63.56188962;986.19;2025-04-02;4
2025-04-02 19:34:04;19:34:04;648.8997146;3.82361518;47.91846988;986.25;2025-04-02;4
2025-04-02 19:38:00;19:38:00;790.72526496;4.34040773;72.95813848;986.25;2025-04-02;4
2025-04-02 19:42:01;19:42:01;698.36103371;4.09451109;63.74933474;986.38;2025-04-02;4
2025-04-02 19:46:09;19:46:09;667.53652103;3.62489227;46.46089665;986.38;2025-04-02;4
2025-04-02 19:50:11;19:50:11;655.67673512;3.37701828;40.28870381;986.5;2025-04-02;4
2025-04-02 19:54:06;19:54:06;605.61422872;3.62983563;38.8071376;986.5;2025-04-02;4
2025-04-02 19:58:02;19:58:02;668.57493546;3.78110232;44.29703021;986.56;2025-04-02;4
2025-04-02 20:02:04;20:02:04;721.42476483;3.71712117;51.53840999;986.56;2025-04-02;4
2025-04-02 20:06:07;20:06:07;662.89098277;3.26543968;37.98837733;986.69;2025-04-02;4
2025-04-02 20:10:08;20:10:08;852.92082423;3.69183944;61.49549465;986.75;2025-04-02;4
2025-04-02 20:14:10;20:14:10;770.77677715;3.5768711;50.67166377;986.75;2025-04-02;4
2025-04-02 20:18:06;20:18:06;719.29328257;3.0405876;43.79917598;986.88;2025-04-02;4
2025-04-02 20:22:03;20:22:03;829.20125242;2.68904438;44.77239103;987.0;2025-04-02;4
2025-04-02 20:26:05;20:26:05;;3.74282662;77.97716895;987.06;2025-04-02;4
2025-04-02 20:30:05;20:30:05;971.79195026;3.85850115;70.60982605;987.06;2025-04-02;4
2025-04-02 20:34:09;20:34:09;883.36276317;3.93886599;66.3960598;987.19;2025-04-02;4
2025-04-02 20:38:11;20:38:11;771.37796445;3.4131754;50.05084554;987.25;2025-04-02;4
2025-04-02 20:42:13;20:42:13;693.55153528;3.58252065;43.30881955;987.38;2025-04-02;4
2025-04-02 20:46:10;20:46:10;736.6184076;3.56825554;49.19909493;987.38;2025-04-02;4
2025-04-02 20:50:07;20:50:07;706.83230936;4.0880141;56.2950173;987.38;2025-04-02;4
2025-04-02 20:54:10;20:54:10;667.80978799;3.42419202;37.10963462;987.5;2025-04-02;4
2025-04-02 20:58:05;20:58:05;632.55835061;2.97618274;23.34816386;987.56;2025-04-02;4
2025-04-02 21:02:06;21:02:06;654.25574695;3.08507781;28.679103;987.69;2025-04-02;4
2025-04-02 21:06:07;21:06:07;627.31162505;2.87110112;25.85393019;987.75;2025-04-02;4
2025-04-02 21:10:06;21:10:06;644.91001704;3.35809229;32.97834422;987.75;2025-04-02;4
2025-04-02 21:14:04;21:14:04;610.42372715;2.58819992;21.35824649;987.88;2025-04-02;4
2025-04-02 21:18:07;21:18:07;615.06926541;2.80062298;24.45334027;987.88;2025-04-02;4
2025-04-02 21:22:04;21:22:04;625.39875636;2.92703166;33.41471646;988.0;2025-04-02;4
2025-04-02 21:26:02;21:26:02;715.19427822;3.65935453;47.14469644;988.0;2025-04-02;4
2025-04-02 21:30:03;21:30:03;708.85448483;2.97321673;30.53705901;988.06;2025-04-02;4
2025-04-02 21:34:01;21:34:01;827.39769051;3.74522768;53.21341957;988.06;2025-04-02;4
2025-04-02 21:38:05;21:38:05;704.86478727;3.04722583;36.22639322;988.0;2025-04-02;4
2025-04-02 21:42:01;21:42:01;689.6711445;3.13069792;37.03465657;988.06;2025-04-02;4
2025-04-02 21:46:02;21:46:02;657.64425721;2.74059652;29.86375615;988.06;2025-04-02;4
2025-04-02 21:49:58;21:49:58;609.87719323;2.75853384;23.75754399;988.06;2025-04-02;4
2025-04-02 21:53:54;21:53:54;604.57581428;2.72322415;22.53540183;988.19;2025-04-02;4
2025-04-02 21:57:51;21:57:51;704.59152031;2.71997566;39.65888822;988.19;2025-04-02;4
2025-04-02 22:01:52;22:01:52;669.50404312;2.60444237;29.0824849;988.25;2025-04-02;4
2025-04-02 22:05:48;22:05:48;583.1516849;2.38975949;19.32784097;988.25;2025-04-02;4
2025-04-02 22:09:51;22:09:51;680.48937476;2.25176924;24.76374939;988.38;2025-04-02;4
2025-04-02 22:13:48;22:13:48;739.67899751;2.58650505;34.4689078;988.5;2025-04-02;4
2025-04-02 22:17:51;22:17:51;722.95505978;2.36843244;29.90874298;988.5;2025-04-02;4
2025-04-02 22:21:53;22:21:53;665.67830573;1.87748658;22.44542817;988.5;2025-04-02;4
2025-04-02 22:25:49;22:25:49;625.94529027;2.05968455;19.48829399;988.56;2025-04-02;4
2025-04-02 22:29:47;22:29:47;623.81380801;2.23354944;16.74559703;988.56;2025-04-02;4
2025-04-02 22:33:44;22:33:44;594.08236316;2.06872383;13.13210503;988.56;2025-04-02;4
2025-04-02 22:37:41;22:37:41;633.870032;2.41151025;21.54269248;988.69;2025-04-02;4
2025-04-02 22:41:39;22:41:39;720.49565717;2.69243411;30.11868151;988.69;2025-04-02;4
2025-04-02 22:45:42;22:45:42;798.92327365;2.89030958;36.85021057;988.75;2025-04-02;4
2025-04-02 22:49:40;22:49:40;723.66555387;2.89030958;34.34744336;988.75;2025-04-02;4
2025-04-02 22:53:37;22:53:37;626.71043775;2.45811904;21.65216043;988.75;2025-04-02;4
2025-04-02 22:57:36;22:57:36;649.11832817;2.60232379;24.91070636;988.88;2025-04-02;4
2025-04-02 23:01:33;23:01:33;667.64582781;2.6869258;29.20394933;988.88;2025-04-02;4
2025-04-02 23:05:36;23:05:36;664.5852379;2.67760404;30.78898525;988.88;2025-04-02;4
2025-04-02 23:09:38;23:09:38;768.75460167;2.84144098;38.49672849;988.88;2025-04-02;4
2025-04-02 23:13:35;23:13:35;598.45463446;2.26433949;18.15668388;989.0;2025-04-02;4
2025-04-02 23:17:33;23:17:33;713.4453697;2.45190453;27.53043932;989.0;2025-04-02;4
2025-04-02 23:21:35;23:21:35;719.62120291;2.2767685;27.32349991;989.0;2025-04-02;4
2025-04-02 23:25:38;23:25:38;640.155172;2.04118228;19.17038707;989.06;2025-04-02;4
2025-04-02 23:29:35;23:29:35;605.39561515;2.0897684;16.21925114;989.06;2025-04-02;4
2025-04-02 23:33:34;23:33:34;564.67883865;2.19555622;14.85090178;989.19;2025-04-02;4
2025-04-02 23:37:30;23:37:30;691.42005302;2.16278883;22.5174071;989.19;2025-04-02;4
2025-04-02 23:41:27;23:41:27;658.9559386;2.15586813;21.70464507;989.19;2025-04-02;4
2025-04-02 23:45:22;23:45:22;771.97915176;2.43650951;29.61033035;989.19;2025-04-02;4
2025-04-02 23:49:19;23:49:19;671.90879233;2.47097176;27.50794591;989.19;2025-04-02;4
2025-04-02 23:53:21;23:53:21;577.41307882;2.3664551;18.52857499;989.19;2025-04-02;4
2025-04-02 23:57:24;23:57:24;600.58611672;2.70345073;29.59833386;989.19;2025-04-02;4
2025-04-03 00:01:19;00:01:19;577.41307882;2.31462048;21.24577942;989.19;2025-04-03;4
2025-04-03 00:05:19;00:05:19;577.24911864;2.27154266;20.63695768;989.25;2025-04-03;4
2025-04-03 00:09:20;00:09:20;608.72947202;2.33368771;25.18512601;989.25;2025-04-03;4
2025-04-03 00:13:17;00:13:17;716.01407909;2.50176181;34.65185423;989.38;2025-04-03;4
2025-04-03 00:17:13;00:17:13;788.48447592;2.23001847;36.56979268;989.38;2025-04-03;4
2025-04-03 00:21:13;00:21:13;627.80350557;2.04457201;22.10202872;989.38;2025-04-03;4
2025-04-03 00:25:11;00:25:11;568.66853621;2.10586962;16.18176212;989.38;2025-04-03;4
2025-04-03 00:29:08;00:29:08;605.50492193;2.17677147;20.47350553;989.38;2025-04-03;4
2025-04-03 00:33:16;00:33:16;620.80787149;2.08200027;17.57785336;989.38;2025-04-03;4
2025-04-03 00:37:17;00:37:17;662.34444886;2.19018915;23.80403038;989.5;2025-04-03;4
2025-04-03 00:41:19;00:41:19;669.77731007;2.41108654;38.33177678;989.5;2025-04-03;4
2025-04-03 00:45:27;00:45:27;599.4383955;2.34795282;21.1198163;989.5;2025-04-03;4
2025-04-03 00:49:30;00:49:30;649.99278243;2.2089739;26.26181077;989.5;2025-04-03;4
2025-04-03 00:53:32;00:53:32;593.64513603;1.8546059;17.01701756;989.5;2025-04-03;4
2025-04-03 00:57:31;00:57:31;596.70572594;1.87776905;16.65112469;989.5;2025-04-03;4
2025-04-03 01:01:30;01:01:30;680.48937476;2.0678764;24.42634817;989.38;2025-04-03;4
2025-04-03 01:05:33;01:05:33;653.70921304;1.87169579;23.90000228;989.38;2025-04-03;4
2025-04-03 01:09:31;01:09:31;655.51277495;1.81971993;21.10781981;989.5;2025-04-03;4
2025-04-03 01:13:28;01:13:28;651.14050365;1.9606762;22.87730172;989.5;2025-04-03;4
2025-04-03 01:17:25;01:17:25;679.83353407;1.99669207;21.3192579;989.56;2025-04-03;4
2025-04-03 01:21:23;01:21:23;628.13142592;1.90050849;19.37132824;989.56;2025-04-03;4
2025-04-03 01:25:25;01:25:25;555.22380196;1.80601977;13.77781597;989.56;2025-04-03;4
2025-04-03 01:29:23;01:29:23;566.48240056;1.91660971;15.39599219;989.69;2025-04-03;4
2025-04-03 01:33:21;01:33:21;613.53897045;1.75729241;17.78179364;989.69;2025-04-03;4
2025-04-03 01:37:19;01:37:19;666.17018625;2.19951091;31.38131182;989.69;2025-04-03;4
2025-04-03 01:41:26;01:41:26;613.48431706;1.73992004;19.25286293;989.75;2025-04-03;4
2025-04-03 01:45:21;01:45:21;579.05268056;1.71590946;17.12948463;989.75;2025-04-03;4
2025-04-03 01:49:25;01:49:25;604.63046767;1.84203565;21.71514199;989.75;2025-04-03;4
2025-04-03 01:53:28;01:53:28;683.16739093;1.96816185;33.14779461;989.75;2025-04-03;4
2025-04-03 01:57:26;01:57:26;665.73295912;2.2177307;25.19412338;989.75;2025-04-03;4
2025-04-03 02:01:23;02:01:23;589.05425116;1.73031581;17.17597102;989.88;2025-04-03;4
2025-04-03 02:05:20;02:05:20;629.82568105;1.89838991;21.04183913;989.88;2025-04-03;4
2025-04-03 02:09:23;02:09:23;597.30691324;1.58032027;15.88634861;989.88;2025-04-03;4
2025-04-03 02:13:20;02:13:20;583.8075256;1.73257563;14.95917008;989.88;2025-04-03;4
2025-04-03 02:17:22;02:17:22;592.5520682;1.68879162;18.27364963;989.88;2025-04-03;4
2025-04-03 02:21:30;02:21:30;594.79285724;1.54091466;16.83856981;989.88;2025-04-03;4
2025-04-03 02:25:27;02:25:27;587.25068925;1.71294344;21.37774078;989.88;2025-04-03;4
2025-04-03 02:29:26;02:29:26;527.20300825;1.90559309;19.2348682;989.88;2025-04-03;4
2025-04-03 02:33:34;02:33:34;524.96221921;1.7805968;15.12757078;990.0;2025-04-03;4
2025-04-03 02:37:31;02:37:31;547.51767379;1.76915646;13.90617839;989.88;2025-04-03;4
2025-04-03 02:41:32;02:41:32;578.34218647;1.63229612;17.15797629;989.88;2025-04-03;4
2025-04-03 02:45:34;02:45:34;588.72633081;1.87409685;22.37344925;989.88;2025-04-03;4
2025-04-03 02:49:38;02:49:38;679.12303998;1.73808394;21.24128073;989.75;2025-04-03;4
2025-04-03 02:53:40;02:53:40;606.87125671;1.70644646;16.89855225;989.75;2025-04-03;4
2025-04-03 02:57:38;02:57:38;563.31250387;1.59345547;12.83834104;989.75;2025-04-03;4
2025-04-03 03:01:36;03:01:36;583.53425864;1.81025694;13.69459034;989.75;2025-04-03;4
2025-04-03 03:05:31;03:05:31;579.10733395;1.80474863;12.4498048;989.75;2025-04-03;4
2025-04-03 03:09:28;03:09:28;616.81817393;1.8596905;15.82636618;989.75;2025-04-03;4
2025-04-03 03:13:25;03:13:25;578.61545343;2.08637867;16.51766377;989.75;2025-04-03;4
2025-04-03 03:17:24;03:17:24;591.18573342;2.04358334;17.01251888;989.75;2025-04-03;4
2025-04-03 03:21:23;03:21:23;665.8422659;2.19993462;24.22240789;989.75;2025-04-03;4
2025-04-03 03:25:25;03:25:25;610.53303393;2.15148973;19.57076985;989.75;2025-04-03;4
2025-04-03 03:29:27;03:29:27;581.67604334;1.96350097;14.97911424;989.75;2025-04-03;4
2025-04-03 03:33:35;03:33:35;583.58891203;1.7397788;11.26020311;989.75;2025-04-03;4
2025-04-03 03:37:33;03:37:33;535.30264084;1.72085281;8.99346679;989.75;2025-04-03;4
2025-04-03 03:41:29;03:41:29;528.43270956;1.77466477;11.80349404;989.75;2025-04-03;4
2025-04-03 03:45:28;03:45:28;562.00082248;1.60362466;11.08490443;989.69;2025-04-03;4
2025-04-03 03:49:23;03:49:23;589.49147829;1.48286554;12.48624413;989.69;2025-04-03;4
2025-04-03 03:53:25;03:53:25;607.30848384;1.50984214;12.81779706;989.56;2025-04-03;4
2025-04-03 03:57:22;03:57:22;650.26604939;1.64656124;17.45938804;989.56;2025-04-03;4
2025-04-03 04:01:18;04:01:18;625.50806314;1.6376632;14.77412426;989.56;2025-04-03;4
2025-04-03 04:05:19;04:05:19;653.87317321;1.73879013;17.24794995;989.56;2025-04-03;4
2025-04-03 04:09:20;04:09:20;600.6954235;1.9493771;14.54589109;989.56;2025-04-03;4
2025-04-03 04:13:23;04:13:23;612.22728906;1.89528266;14.44916941;989.5;2025-04-03;4
2025-04-03 04:17:25;04:17:25;587.79722316;1.82310966;11.93530544;989.5;2025-04-03;4
2025-04-03 04:21:21;04:21:21;571.78377952;2.08284771;15.21154619;989.38;2025-04-03;4
2025-04-03 04:25:21;04:25:21;558.61231222;1.89838991;12.17013669;989.5;2025-04-03;4
2025-04-03 04:29:23;04:29:23;525.80388144;2.01745417;12.27375635;989.5;2025-04-03;4
2025-04-03 04:33:19;04:33:19;559.65072665;1.7944382;12.17538515;989.38;2025-04-03;4
2025-04-03 04:37:23;04:37:23;563.91369117;1.75941099;12.98799723;989.38;2025-04-03;4
2025-04-03 04:41:26;04:41:26;545.09652856;1.93624189;11.79779571;989.38;2025-04-03;4
2025-04-03 04:45:24;04:45:24;541.429286;1.825087;11.90741361;989.38;2025-04-03;4
2025-04-03 04:49:23;04:49:23;557.19132405;1.74712322;12.69273368;989.38;2025-04-03;4
2025-04-03 04:53:30;04:53:30;556.64479013;1.80714968;11.11534552;989.5;2025-04-03;4
2025-04-03 04:57:26;04:57:26;587.46930281;1.80361872;16.5701484;989.5;2025-04-03;4
2025-04-03 05:01:22;05:01:22;581.84000351;1.8866671;15.34200799;989.5;2025-04-03;4
2025-04-03 05:05:17;05:05:17;580.6376289;1.87324941;14.6138212;989.5;2025-04-03;4
2025-04-03 05:09:15;05:09:15;560.52518091;1.78878865;11.31538695;989.5;2025-04-03;4
2025-04-03 05:13:14;05:13:14;525.08792201;1.74345101;9.90460002;989.56;2025-04-03;4
2025-04-03 05:17:21;05:17:21;525.35572363;1.74500464;9.78388536;989.56;2025-04-03;4
2025-04-03 05:21:17;05:21:17;503.21563482;1.53653626;6.94986514;989.56;2025-04-03;4
2025-04-03 05:25:17;05:25:17;521.55731293;1.73412926;9.03770384;989.56;2025-04-03;4
2025-04-03 05:29:19;05:29:19;551.12479761;1.44557851;9.42803955;989.56;2025-04-03;4
2025-04-03 05:33:17;05:33:17;617.5833214;1.31188192;14.37928987;989.56;2025-04-03;4
2025-04-03 05:37:20;05:37:20;565.82655987;1.30397255;9.59823972;989.56;2025-04-03;4
2025-04-03 05:41:16;05:41:16;591.18573342;1.20078352;11.58575779;989.56;2025-04-03;4
2025-04-03 05:45:13;05:45:13;532.19832822;1.46379831;10.89655958;989.69;2025-04-03;4
2025-04-03 05:49:15;05:49:15;551.56202474;1.6909102;12.45535318;989.69;2025-04-03;4
2025-04-03 05:53:21;05:53:21;518.99953422;1.61675986;9.90594962;989.75;2025-04-03;4
2025-04-03 05:57:18;05:57:18;533.08917849;1.54515182;10.71031411;989.75;2025-04-03;4
2025-04-03 06:01:13;06:01:13;550.14103657;1.46930662;10.44924055;989.75;2025-04-03;4
2025-04-03 06:05:16;06:05:16;514.22829316;1.43300826;8.22644137;989.75;2025-04-03;4
2025-04-03 06:09:12;06:09:12;534.85994837;1.50419259;9.08179093;989.75;2025-04-03;4
2025-04-03 06:13:14;06:13:14;548.61074162;1.50263896;12.7794083;989.88;2025-04-03;4
2025-04-03 06:17:21;06:17:21;554.13073413;1.63399099;10.35536804;989.88;2025-04-03;4
2025-04-03 06:21:18;06:21:18;559.04953935;1.55532101;9.57289714;989.88;2025-04-03;4
2025-04-03 06:25:16;06:25:16;589.49147829;1.44331869;13.58737173;990.0;2025-04-03;4
2025-04-03 06:29:22;06:29:22;647.47872643;1.63116621;28.53064647;990.0;2025-04-03;4
2025-04-03 06:33:31;06:33:31;760.72055315;1.64091169;25.75046049;990.06;2025-04-03;4
2025-04-03 06:37:38;06:37:38;;1.84655529;46.98124429;990.06;2025-04-03;4
2025-04-03 06:41:41;06:41:41;929.49022541;1.77607716;32.20906946;990.19;2025-04-03;4
2025-04-03 06:45:38;06:45:38;850.68003519;1.762377;35.18269881;990.19;2025-04-03;4
2025-04-03 06:49:37;06:49:37;741.26394586;1.75319649;19.42831156;990.19;2025-04-03;4
2025-04-03 06:53:33;06:53:33;692.67708102;1.67480898;17.13548288;990.25;2025-04-03;4
2025-04-03 06:57:30;06:57:30;790.17873105;1.92197678;29.04649543;990.25;2025-04-03;4
2025-04-03 07:01:33;07:01:33;631.73854974;1.97734237;18.62754601;990.25;2025-04-03;4
2025-04-03 07:05:39;07:05:39;617.14609427;2.1732405;18.74001308;990.25;2025-04-03;4
2025-04-03 07:09:38;07:09:38;564.67883865;2.08058789;12.64009909;990.38;2025-04-03;4
2025-04-03 07:13:38;07:13:38;549.10262214;2.05121023;11.52442575;990.38;2025-04-03;4
2025-04-03 07:17:34;07:17:34;490.72733492;1.89161045;6.93037085;990.5;2025-04-03;4
2025-04-03 07:21:31;07:21:31;485.02698621;2.04188847;5.46919867;990.56;2025-04-03;4
2025-04-03 07:25:32;07:25:32;507.36382722;1.81322295;6.87533696;990.56;2025-04-03;4
2025-04-03 07:29:38;07:29:38;584.35405951;1.66675838;9.194258;990.69;2025-04-03;4
2025-04-03 07:33:34;07:33:34;532.39508042;1.56421905;8.21024611;990.69;2025-04-03;4
2025-04-03 07:37:38;07:37:38;514.37039198;1.41026882;6.84459596;990.75;2025-04-03;4
2025-04-03 07:41:45;07:41:45;586.15762142;1.33726252;11.93950422;990.88;2025-04-03;4
2025-04-03 07:45:42;07:45:42;576.32001099;1.32058222;10.20661159;990.88;2025-04-03;4
2025-04-03 07:49:39;07:49:39;577.95961273;1.3964133;9.70830749;990.88;2025-04-03;4
2025-04-03 07:53:37;07:53:37;556.53548335;1.46747051;7.77972216;991.0;2025-04-03;4
2025-04-03 07:57:38;07:57:38;611.51679497;1.45913743;15.79937408;991.0;2025-04-03;4
2025-04-03 08:01:39;08:01:39;543.03609571;1.31933932;8.3919929;991.06;2025-04-03;4
2025-04-03 08:05:38;08:05:38;691.69331997;1.35608964;17.40840297;991.06;2025-04-03;4
2025-04-03 08:09:39;08:09:39;536.3027979;1.42721747;10.08109834;991.19;2025-04-03;4
2025-04-03 08:13:35;08:13:35;499.35164006;1.37303829;8.10437711;991.19;2025-04-03;4
2025-04-03 08:17:31;08:17:31;488.19141756;1.4048735;6.77201721;991.25;2025-04-03;4
2025-04-03 08:21:41;08:21:41;471.88831094;1.31188192;5.00358499;991.25;2025-04-03;4
2025-04-03 08:25:42;08:25:42;485.37130257;1.38042508;5.88937564;991.25;2025-04-03;4
2025-04-03 08:29:40;08:29:40;462.42780891;1.51761027;4.62929458;991.25;2025-04-03;4
2025-04-03 08:33:37;08:33:37;492.8478865;1.61831349;7.26477294;991.25;2025-04-03;4
2025-04-03 08:37:34;08:37:34;462.99620418;1.57452948;4.58985613;991.25;2025-04-03;4
2025-04-03 08:41:36;08:41:36;470.79524312;1.71040115;5.53382974;991.38;2025-04-03;4
2025-04-03 08:45:32;08:45:32;479.47966699;1.63130745;5.9130687;991.38;2025-04-03;4
2025-04-03 08:49:29;08:49:29;489.90206871;1.38933724;7.27107109;991.5;2025-04-03;4
2025-04-03 08:53:25;08:53:25;464.68499397;1.57255214;4.89396709;991.56;2025-04-03;4
2025-04-03 08:57:27;08:57:27;469.12831468;1.64811486;5.51463536;991.56;2025-04-03;4
2025-04-03 09:01:29;09:01:29;458.82615043;1.69119268;5.41491456;991.69;2025-04-03;4
2025-04-03 09:05:26;09:05:26;442.61048924;1.79104847;4.87102381;991.69;2025-04-03;4
2025-04-03 09:09:27;09:09:27;454.35003768;1.68130597;5.13929526;991.75;2025-04-03;4
2025-04-03 09:13:26;09:13:26;473.22731903;1.77212248;6.7508734;991.75;2025-04-03;4
2025-04-03 09:17:24;09:17:24;471.07944075;1.86025545;5.77660866;991.88;2025-04-03;4
2025-04-03 09:21:25;09:21:25;478.51230197;1.78031432;6.35603901;991.75;2025-04-03;4
2025-04-03 09:25:22;09:25:22;450.48057758;1.82649939;4.66798325;991.69;2025-04-03;4
2025-04-03 09:29:18;09:29:18;476.99293769;1.88680833;6.2132808;991.69;2025-04-03;4
2025-04-03 09:33:16;09:33:16;474.15096134;1.94259764;6.6166627;991.69;2025-04-03;4
2025-04-03 09:37:18;09:37:18;475.04181162;2.11603881;6.27011416;991.56;2025-04-03;4
2025-04-03 09:41:16;09:41:16;474.01432786;2.17903129;6.37703286;991.56;2025-04-03;4
2025-04-03 09:45:18;09:45:18;491.17549272;2.08242399;6.97295838;991.56;2025-04-03;4
2025-04-03 09:49:19;09:49:19;511.62679174;2.25883118;8.58333687;991.56;2025-04-03;4
2025-04-03 09:53:17;09:53:17;;7.08820743;260.36876625;991.56;2025-04-03;4
2025-04-03 09:57:20;09:57:20;;8.97106108;311.29385582;991.56;2025-04-03;4
2025-04-03 10:01:18;10:01:18;;7.67900908;235.29610731;991.56;2025-04-03;4
2025-04-03 10:05:16;10:05:16;;8.87064033;270.89568406;991.56;2025-04-03;4
2025-04-03 10:09:13;10:09:13;;8.13888242;249.36198894;991.56;2025-04-03;4
2025-04-03 10:13:15;10:13:15;;6.43201224;180.66710222;991.56;2025-04-03;4
2025-04-03 10:17:12;10:17:12;;6.60121625;179.73737444;991.56;2025-04-03;4
2025-04-03 10:21:19;10:21:19;;7.77575762;227.49839042;991.56;2025-04-03;4
2025-04-03 10:25:15;10:25:15;;9.54660895;256.76982;991.56;2025-04-03;4
2025-04-03 10:29:12;10:29:12;936.26724593;7.64652417;180.71208905;991.56;2025-04-03;4
2025-04-03 10:33:16;10:33:16;687.48500884;6.10560951;111.20444029;991.56;2025-04-03;4
2025-04-03 10:37:14;10:37:14;660.54088695;6.14699246;107.58150106;991.56;2025-04-03;4
2025-04-03 10:41:15;10:41:15;646.60427217;4.87640875;84.03089647;991.5;2025-04-03;4
2025-04-03 10:45:13;10:45:13;573.80595499;4.24323548;61.28555611;991.5;2025-04-03;4
2025-04-03 10:49:11;10:49:11;613.81223741;3.87149511;61.1326009;991.38;2025-04-03;4
2025-04-03 10:53:09;10:53:09;556.26221639;3.97968399;47.62755506;991.38;2025-04-03;4
2025-04-03 10:57:11;10:57:11;999.44656624;7.10473236;167.69590008;991.38;2025-04-03;4
2025-04-03 11:01:09;11:01:09;744.21522899;5.35591428;98.39369117;991.38;2025-04-03;4
2025-04-03 11:05:08;11:05:08;842.26341293;6.82762195;139.58663023;991.38;2025-04-03;4
2025-04-03 11:09:07;11:09:07;661.85256834;4.81609981;72.42429479;991.38;2025-04-03;4
2025-04-03 11:13:10;11:13:10;596.43245898;5.4183418;66.34807385;991.25;2025-04-03;4
2025-04-03 11:17:08;11:17:08;578.28753308;5.06665734;62.70863945;991.25;2025-04-03;4
2025-04-03 11:21:14;11:21:14;545.37526085;5.30831682;68.14454786;991.38;2025-04-03;4
2025-04-03 11:25:13;11:25:13;587.79722316;4.41017967;50.31476827;991.38;2025-04-03;4
2025-04-03 11:29:17;11:29:17;612.28194245;4.47246596;53.46684537;991.25;2025-04-03;4
2025-04-03 11:33:15;11:33:15;660.43158016;5.41565826;65.79923455;991.25;2025-04-03;4
2025-04-03 11:37:19;11:37:19;502.94236787;4.79279542;34.59337136;991.25;2025-04-03;4
2025-04-03 11:41:22;11:41:22;571.34655239;4.13532908;35.99246172;991.25;2025-04-03;4
2025-04-03 11:45:20;11:45:20;572.43962021;4.01047404;37.71395768;991.25;2025-04-03;4
2025-04-03 11:49:17;11:49:17;552.92835953;4.10044311;30.67051993;991.25;2025-04-03;4
2025-04-03 11:53:23;11:53:23;589.21821133;5.31594371;66.01817044;991.25;2025-04-03;4
2025-04-03 11:57:31;11:57:31;784.33081818;5.77101494;88.51758281;991.25;2025-04-03;4
2025-04-03 12:01:34;12:01:34;701.5309304;4.78417986;70.29341869;991.25;2025-04-03;4
2025-04-03 12:05:46;12:05:46;584.90059342;4.98713993;57.89804795;991.25;2025-04-03;4
2025-04-03 12:09:50;12:09:50;577.08515847;5.1875577;66.78444609;991.25;2025-04-03;4
2025-04-03 12:13:46;12:13:46;694.58994971;5.6152286;92.49891711;991.25;2025-04-03;4
2025-04-03 12:17:49;12:17:49;608.01897793;5.4165057;91.92158615;991.25;2025-04-03;4
2025-04-03 12:21:57;12:21:57;583.09703151;3.62559847;44.63593098;991.25;2025-04-03;4
2025-04-03 12:26:00;12:26:00;696.72143197;4.27967507;67.46824588;991.25;2025-04-03;4
2025-04-03 12:30:03;12:30:03;722.46317926;4.76313528;76.28266509;991.25;2025-04-03;4
2025-04-03 12:34:07;12:34:07;646.22169843;4.72457711;74.20427362;991.25;2025-04-03;4
2025-04-03 12:38:08;12:38:08;628.35003949;4.24408291;51.2654899;991.25;2025-04-03;4
2025-04-03 12:42:15;12:42:15;716.66991979;5.95222424;103.32124842;991.19;2025-04-03;4
2025-04-03 12:46:13;12:46:13;607.85501776;3.95524969;44.51896523;991.25;2025-04-03;4
2025-04-03 12:50:10;12:50:10;550.25034335;3.93547626;31.44429338;991.25;2025-04-03;4
2025-04-03 12:54:07;12:54:07;558.94023257;4.01301633;38.97808755;991.25;2025-04-03;4
2025-04-03 12:58:09;12:58:09;607.08987028;5.1988568;68.99779804;991.25;2025-04-03;4
2025-04-03 13:02:06;13:02:06;589.76474525;4.62415636;49.41203258;991.25;2025-04-03;4
2025-04-03 13:06:04;13:06:04;578.23287969;4.07290156;37.38705339;991.38;2025-04-03;4
2025-04-03 13:10:12;13:10:12;617.85658836;4.20255872;41.17194521;991.38;2025-04-03;4
2025-04-03 13:14:11;13:14:11;602.22571846;3.99267795;33.4896945;991.38;2025-04-03;4
2025-04-03 13:18:09;13:18:09;578.72476021;3.70398597;29.33141201;991.5;2025-04-03;4
2025-04-03 13:22:11;13:22:11;589.05425116;3.39594428;28.38668862;991.38;2025-04-03;4
2025-04-03 13:26:18;13:26:18;604.02928037;3.31854545;31.01241983;991.25;2025-04-03;4
2025-04-03 13:30:18;13:30:18;637.0399287;3.66006072;45.29873692;991.25;2025-04-03;4
2025-04-03 13:34:16;13:34:16;626.49182418;3.98392115;41.69979066;991.25;2025-04-03;4
2025-04-03 13:38:17;13:38:17;687.21174189;4.17275735;53.83273824;991.25;2025-04-03;4
2025-04-03 13:42:13;13:42:13;618.45777566;3.82234403;36.42133614;991.25;2025-04-03;4
2025-04-03 13:46:15;13:46:15;694.31668275;4.68277044;56.41198305;991.25;2025-04-03;4
2025-04-03 13:50:17;13:50:17;617.09144088;4.01344005;32.04411776;991.25;2025-04-03;4
2025-04-03 13:54:14;13:54:14;612.6098628;4.06527467;35.69254953;991.25;2025-04-03;4
2025-04-03 13:58:12;13:58:12;692.56777423;4.78954693;59.87746839;991.25;2025-04-03;4
2025-04-03 14:02:10;14:02:10;728.14713195;4.47119481;56.88434475;991.25;2025-04-03;4
2025-04-03 14:06:07;14:06:07;732.46474986;4.49577035;54.86893485;991.19;2025-04-03;4
2025-04-03 14:10:06;14:10:06;598.29067428;4.00454201;35.62656885;991.19;2025-04-03;4
2025-04-03 14:14:03;14:14:03;592.71602837;3.86754043;34.16599649;991.25;2025-04-03;4
2025-04-03 14:18:05;14:18:05;596.54176576;3.94917642;42.7464842;991.25;2025-04-03;4
2025-04-03 14:22:07;14:22:07;603.26413289;4.01697102;38.2927882;991.25;2025-04-03;4
2025-04-03 14:26:20;14:26:20;600.85938367;4.30071965;49.16010634;991.19;2025-04-03;4
2025-04-03 14:30:23;14:30:23;616.21698662;4.21343411;48.37733553;991.06;2025-04-03;4
2025-04-03 14:34:26;14:34:26;593.69978942;3.80186442;35.1332133;991.06;2025-04-03;4
2025-04-03 14:38:24;14:38:24;558.55765883;3.66641646;27.56492922;991.0;2025-04-03;4
2025-04-03 14:42:20;14:42:20;578.06891951;4.117533;49.49750755;991.0;2025-04-03;4
2025-04-03 14:46:18;14:46:18;574.35248891;3.40936196;30.40059896;990.88;2025-04-03;4
2025-04-03 14:50:14;14:50:14;601.84314472;3.79339009;45.21326194;990.88;2025-04-03;4
2025-04-03 14:54:12;14:54:12;604.08393376;4.05030336;45.76659993;990.75;2025-04-03;4
2025-04-03 14:58:09;14:58:09;653.49059947;4.07544386;48.03393607;990.75;2025-04-03;4
2025-04-03 15:02:12;15:02:12;749.24334099;4.30622796;62.53319082;990.69;2025-04-03;4
2025-04-03 15:06:16;15:06:16;675.78918311;4.2473314;55.69669249;990.69;2025-04-03;4
2025-04-03 15:10:13;15:10:13;630.7547887;4.71624402;60.60625501;990.69;2025-04-03;4
2025-04-03 15:14:16;15:14:16;625.67202331;3.89833048;43.1378696;990.69;2025-04-03;4
2025-04-03 15:18:18;15:18:18;623.8684614;4.05284566;45.08879839;990.56;2025-04-03;4
2025-04-03 15:22:21;15:22:21;674.42284833;5.00705459;68.26001405;990.56;2025-04-03;4
2025-04-03 15:26:28;15:26:28;716.28734605;4.283771;56.6789049;990.56;2025-04-03;4
2025-04-03 15:30:32;15:30:32;612.28194245;4.07939854;46.88377283;990.56;2025-04-03;4
2025-04-03 15:34:29;15:34:29;633.37815148;5.16481826;70.29641781;990.56;2025-04-03;4
2025-04-03 15:38:30;15:38:30;649.33694173;5.4383977;82.15494574;990.56;2025-04-03;4
2025-04-03 15:42:28;15:42:28;645.23793739;3.70243234;42.12716553;990.5;2025-04-03;4
2025-04-03 15:46:35;15:46:35;853.52201154;5.26622768;94.22041307;990.5;2025-04-03;4
2025-04-03 15:50:31;15:50:31;871.9402044;5.20295272;98.87804935;990.38;2025-04-03;4
2025-04-03 15:54:28;15:54:28;766.95103976;5.04081065;87.61334756;990.38;2025-04-03;4
2025-04-03 15:58:31;15:58:31;771.26865767;4.8933574;82.06947076;990.38;2025-04-03;4
2025-04-03 16:02:33;16:02:33;768.31737454;5.16453578;86.26974096;990.38;2025-04-03;4
2025-04-03 16:06:36;16:06:36;799.79772791;4.93756513;83.26312127;990.38;2025-04-03;4
2025-04-03 16:10:43;16:10:43;661.74326155;4.20453606;60.98414436;990.38;2025-04-03;4
2025-04-03 16:15:01;16:15:01;653.05337234;3.88703138;50.76313699;990.25;2025-04-03;4
2025-04-03 16:19:00;16:19:00;613.64827723;3.62136131;37.82942387;990.25;2025-04-03;4
2025-04-03 16:23:03;16:23:03;607.80036437;3.32250013;31.31083246;990.25;2025-04-03;4
2025-04-03 16:27:05;16:27:05;617.20074767;3.27066551;34.07452327;990.25;2025-04-03;4
2025-04-03 16:31:07;16:31:07;614.24946454;3.28139966;33.63215279;990.25;2025-04-03;4
2025-04-03 16:35:08;16:35:08;624.63360888;3.08154684;33.23626871;990.25;2025-04-03;4
2025-04-03 16:39:05;16:39:05;676.55433059;3.46162029;44.54745689;990.25;2025-04-03;4
2025-04-03 16:43:02;16:43:02;686.11867406;3.41049187;46.09200466;990.25;2025-04-03;4
2025-04-03 16:46:59;16:46:59;774.93043488;3.84423604;57.25023762;990.25;2025-04-03;4
2025-04-03 16:50:55;16:50:55;656.27792243;3.60667248;44.14557455;990.19;2025-04-03;4
2025-04-03 16:54:57;16:54:57;;4.25947793;79.60269301;990.19;2025-04-03;4
2025-04-03 16:58:56;16:58:56;895.7144296;3.63661509;58.92824631;990.19;2025-04-03;4
2025-04-03 17:03:05;17:03:05;717.98160118;3.42037858;39.38596813;990.25;2025-04-03;4
2025-04-03 17:07:02;17:07:02;;4.72189357;122.51262935;990.25;2025-04-03;4
2025-04-03 17:10:59;17:10:59;843.90301467;4.07883359;68.49694468;990.25;2025-04-03;4
2025-04-03 17:15:06;17:15:06;804.22465261;4.15609118;58.22645179;990.25;2025-04-03;4
2025-04-03 17:19:03;17:19:03;887.95364804;6.06761629;114.41500027;990.25;2025-04-03;4
2025-04-03 17:23:05;17:23:05;666.66206677;4.21738879;52.02876642;990.25;2025-04-03;4
2025-04-03 17:27:04;17:27:04;684.47907232;3.56599572;46.60035581;990.25;2025-04-03;4
2025-04-03 17:31:01;17:31:01;894.4574016;3.61133335;64.11372805;990.25;2025-04-03;4
2025-04-03 17:35:01;17:35:01;647.20545948;3.33436418;34.90378047;990.25;2025-04-03;4
2025-04-03 17:39:10;17:39:10;746.6199782;3.92191735;61.55547708;990.25;2025-04-03;4
2025-04-03 17:43:06;17:43:06;742.2477069;3.38634004;46.94375527;990.38;2025-04-03;4
2025-04-03 17:47:03;17:47:03;584.02613916;2.93578846;30.27163672;990.38;2025-04-03;4
2025-04-03 17:51:02;17:51:02;551.72598492;2.71305497;18.47908948;990.38;2025-04-03;4
2025-04-03 17:54:59;17:54:59;765.4207448;3.36091707;38.23280576;990.5;2025-04-03;4
2025-04-03 17:59:01;17:59:01;848.87647328;3.2199608;43.16336214;990.5;2025-04-03;4
2025-04-03 18:02:59;18:02:59;685.46283337;2.54469839;31.15787724;990.38;2025-04-03;4
2025-04-03 18:07:01;18:07:01;670.2145372;2.65090992;30.38560336;990.5;2025-04-03;4
2025-04-03 18:10:58;18:10:58;;4.04705487;93.76004786;990.5;2025-04-03;4
2025-04-03 18:15:02;18:15:02;630.04429461;2.88395384;31.58825123;990.5;2025-04-03;4
2025-04-03 18:19:05;18:19:05;552.38182561;2.6913042;18.79249772;990.56;2025-04-03;4
2025-04-03 18:23:08;18:23:08;621.3544054;2.88310641;24.38286091;990.56;2025-04-03;4
2025-04-03 18:27:07;18:27:07;560.6344877;2.29286971;20.12710696;990.56;2025-04-03;4
2025-04-03 18:31:05;18:31:05;585.39247394;2.76997418;25.39956323;990.56;2025-04-03;4
2025-04-03 18:35:07;18:35:07;661.03276747;2.58198541;32.53897287;990.56;2025-04-03;4
2025-04-03 18:39:08;18:39:08;637.96903635;2.29809555;27.50794591;990.69;2025-04-03;4
2025-04-03 18:43:05;18:43:05;635.29102018;2.17465289;20.85139489;990.69;2025-04-03;4
2025-04-03 18:47:07;18:47:07;605.45026854;2.62958287;24.14593028;990.69;2025-04-03;4
2025-04-03 18:51:10;18:51:10;804.33395939;2.6235096;36.12892176;990.69;2025-04-03;4
2025-04-03 18:55:17;18:55:17;884.72909796;2.96417745;74.86258088;990.69;2025-04-03;4
2025-04-03 18:59:15;18:59:15;753.72491907;2.56461305;37.22510081;990.75;2025-04-03;4
2025-04-03 19:03:11;19:03:11;958.83909652;2.94398031;54.90792343;990.75;2025-04-03;4
2025-04-03 19:07:15;19:07:15;801.71059661;2.60726715;35.78252318;990.88;2025-04-03;4
2025-04-03 19:11:11;19:11:11;977.96778347;3.05273414;55.18234308;990.75;2025-04-03;4
2025-04-03 19:15:11;19:15:11;648.18922052;2.77873098;28.63111705;990.75;2025-04-03;4
2025-04-03 19:19:12;19:19:12;664.03870399;2.76616073;29.23693967;990.75;2025-04-03;4
2025-04-03 19:23:09;19:23:09;852.92082423;3.22109071;51.9642853;990.75;2025-04-03;4
2025-04-03 19:27:17;19:27:17;790.72526496;3.29368743;52.5941009;990.88;2025-04-03;4
2025-04-03 19:31:18;19:31:18;656.4418826;2.66164406;29.5083602;990.88;2025-04-03;4
2025-04-03 19:35:17;19:35:17;719.074669;2.62986535;34.13450571;990.88;2025-04-03;4
2025-04-03 19:39:24;19:39:24;652.61614521;2.8549999;30.73949974;990.88;2025-04-03;4
2025-04-03 19:43:25;19:43:25;902.98333064;3.66076691;72.08839314;991.0;2025-04-03;4
2025-04-03 19:47:28;19:47:28;726.616837;2.96742594;41.56183105;990.88;2025-04-03;4
2025-04-03 19:51:31;19:51:31;614.08550436;2.81898402;28.50815306;990.88;2025-04-03;4
2025-04-03 19:55:28;19:55:28;707.48815005;3.16459522;29.80077459;990.88;2025-04-03;4
2025-04-03 19:59:27;19:59:27;658.62801825;2.98027866;33.64414928;991.0;2025-04-03;4
2025-04-03 20:03:24;20:03:24;669.72265668;2.83000064;31.75920118;991.06;2025-04-03;4
2025-04-03 20:07:22;20:07:22;617.91124175;2.86333299;30.07519424;991.19;2025-04-03;4
2025-04-03 20:11:25;20:11:25;592.87998855;2.9308451;27.47195645;991.25;2025-04-03;4
2025-04-03 20:15:23;20:15:23;540.80623734;2.91093044;27.81985458;991.25;2025-04-03;4
2025-04-03 20:19:20;20:19:20;611.57144836;2.7321222;38.2927882;991.25;2025-04-03;4
2025-04-03 20:23:21;20:23:21;568.34061587;2.45020967;28.84405471;991.38;2025-04-03;4
2025-04-03 20:27:18;20:27:18;590.20197238;2.43142492;32.94985257;991.38;2025-04-03;4
2025-04-03 20:31:17;20:31:17;607.08987028;2.40868548;29.65681674;991.38;2025-04-03;4
2025-04-03 20:35:20;20:35:20;648.13456713;2.50289172;36.14391737;991.38;2025-04-03;4
2025-04-03 20:39:23;20:39:23;645.01932382;2.28750264;33.88707815;991.38;2025-04-03;4
2025-04-03 20:43:29;20:43:29;650.26604939;2.42280935;33.31274631;991.5;2025-04-03;4
2025-04-03 20:47:32;20:47:32;636.82131513;2.94412154;41.45836135;991.56;2025-04-03;4
2025-04-03 20:51:36;20:51:36;629.88033444;3.25541173;46.56736547;991.56;2025-04-03;4
2025-04-03 20:55:38;20:55:38;683.65927146;2.8524576;39.23001379;991.56;2025-04-03;4
2025-04-03 20:59:38;20:59:38;678.84977302;3.05146299;43.32381516;991.5;2025-04-03;4
2025-04-03 21:03:40;21:03:40;784.71339192;2.71743337;50.9970685;991.5;2025-04-03;4
2025-04-03 21:07:42;21:07:42;781.16092149;3.43083024;57.02530348;991.5;2025-04-03;4
2025-04-03 21:11:39;21:11:39;668.08305494;2.70966524;35.52909738;991.5;2025-04-03;4
2025-04-03 21:15:39;21:15:39;625.7813301;2.89271064;35.23968212;991.5;2025-04-03;4
2025-04-03 21:19:39;21:19:39;550.41430353;3.00612535;28.01629707;991.5;2025-04-03;4
2025-04-03 21:23:39;21:23:39;580.47366873;2.52534868;26.698183;991.5;2025-04-03;4
2025-04-03 21:27:39;21:27:39;769.46509576;2.60543105;35.47661275;991.5;2025-04-03;4
2025-04-03 21:31:39;21:31:39;641.63081357;2.07296099;26.07886433;991.5;2025-04-03;4
2025-04-03 21:35:42;21:35:42;756.56689542;2.57322861;39.09955199;991.5;2025-04-03;4
2025-04-03 21:39:53;21:39:53;897.40868473;2.511931;50.64167255;991.5;2025-04-03;4
2025-04-03 21:44:06;21:44:06;857.18378875;2.65062744;47.04872454;991.5;2025-04-03;4
2025-04-03 21:48:05;21:48:05;729.84138708;2.34541052;28.50965262;991.56;2025-04-03;4
2025-04-03 21:52:07;21:52:07;798.97792704;2.91742742;37.0526513;991.56;2025-04-03;4
2025-04-03 21:56:09;21:56:09;;3.11304308;59.80998815;991.5;2025-04-03;4
2025-04-03 22:00:12;22:00:12;775.64092897;2.82675215;39.82234036;991.38;2025-04-03;4
2025-04-03 22:04:14;22:04:14;691.20143945;2.94256792;27.22452889;991.5;2025-04-03;4
2025-04-03 22:08:17;22:08:17;781.81676218;2.87901049;36.75573823;991.5;2025-04-03;4
2025-04-03 22:12:24;22:12:24;725.57842256;2.61093936;28.96851827;991.56;2025-04-03;4
2025-04-03 22:16:26;22:16:26;682.1289765;2.27761593;22.07053794;991.56;2025-04-03;4
2025-04-03 22:20:28;22:20:28;637.42250244;2.43057748;19.05792;991.5;2025-04-03;4
2025-04-03 22:24:29;22:24:29;643.2704153;2.63622109;17.51187267;991.5;2025-04-03;4
2025-04-03 22:28:31;22:28:31;710.49408657;2.57916064;23.99897331;991.5;2025-04-03;4
2025-04-03 22:32:33;22:32:33;676.55433059;2.53099823;19.77920882;991.5;2025-04-03;4
2025-04-03 22:36:41;22:36:41;667.31790746;2.32224737;17.62433974;991.38;2025-04-03;4
2025-04-03 22:40:39;22:40:39;690.10837163;2.38269755;19.93216403;991.5;2025-04-03;4
2025-04-03 22:44:36;22:44:36;;2.71856328;48.67124947;991.5;2025-04-03;4
2025-04-03 22:48:36;22:48:36;;2.68071129;43.49626467;991.5;2025-04-03;4
2025-04-03 22:52:39;22:52:39;949.11079288;2.64328303;38.60619644;991.5;2025-04-03;4
2025-04-03 22:56:36;22:56:36;690.81886571;2.38467489;22.62687504;991.5;2025-04-03;4
2025-04-03 23:00:35;23:00:35;745.80017733;2.4944174;29.91774034;991.5;2025-04-03;4
2025-04-03 23:04:34;23:04:34;695.68301754;2.95527941;35.89349069;991.5;2025-04-03;4
2025-04-03 23:08:39;23:08:39;638.51557026;2.50769384;24.22090833;991.5;2025-04-03;4
2025-04-03 23:12:38;23:12:38;624.5243021;2.49597102;16.78758474;991.5;2025-04-03;4
2025-04-03 23:16:38;23:16:38;672.1274059;2.39159559;21.71064331;991.38;2025-04-03;4
2025-04-03 23:20:39;23:20:39;620.53460453;2.27055399;13.5212411;991.5;2025-04-03;4
2025-04-03 23:24:36;23:24:36;610.6969941;2.22507512;13.45226129;991.38;2025-04-03;4
2025-04-03 23:28:36;23:28:36;621.62767236;2.27493239;13.84814538;991.25;2025-04-03;4
2025-04-03 23:32:39;23:32:39;647.47872643;2.23891651;19.87518072;991.25;2025-04-03;4
2025-04-03 23:36:38;23:36:38;633.48745827;2.31476172;15.30151985;991.25;2025-04-03;4
2025-04-03 23:40:35;23:40:35;668.68424225;2.29753059;15.55494565;991.25;2025-04-03;4
2025-04-03 23:44:36;23:44:36;650.97654347;2.17874881;14.52564701;991.38;2025-04-03;4
2025-04-03 23:48:35;23:48:35;615.94371967;2.48693174;12.01193301;991.38;2025-04-03;4
2025-04-03 23:52:43;23:52:43;616.9821341;2.45995514;12.26475898;991.38;2025-04-03;4
2025-04-03 23:56:44;23:56:44;600.85938367;2.30360386;11.16183191;991.38;2025-04-03;4
2025-04-04 00:00:43;00:00:43;719.34793596;2.35557971;16.51466465;991.25;2025-04-04;4
2025-04-04 00:04:40;00:04:40;632.33973705;2.29880174;15.05709141;991.25;2025-04-04;4
2025-04-04 00:08:42;00:08:42;584.62732647;2.33764239;12.63170155;991.38;2025-04-04;4
2025-04-04 00:12:39;00:12:39;593.64513603;2.51955789;13.46245831;991.38;2025-04-04;4
2025-04-04 00:16:46;00:16:46;577.63169238;2.40049363;14.67005473;991.38;2025-04-04;4
2025-04-04 00:20:46;00:20:46;581.02020264;2.40713185;12.62060479;991.38;2025-04-04;4
2025-04-04 00:24:53;00:24:53;616.43560019;2.66107911;20.50349675;991.38;2025-04-04;4
2025-04-04 00:28:55;00:28:55;569.65229726;2.49102767;14.53119539;991.38;2025-04-04;4
2025-04-04 00:32:50;00:32:50;565.17071917;2.36165298;13.29255805;991.38;2025-04-04;4
2025-04-04 00:36:52;00:36:52;581.78535012;2.23439687;14.47766106;991.25;2025-04-04;4
2025-04-04 00:41:01;00:41:01;573.04080752;2.27196638;14.99710897;991.38;2025-04-04;4
2025-04-04 00:45:05;00:45:05;627.80350557;2.30671111;18.9814424;991.38;2025-04-04;4
2025-04-04 00:49:07;00:49:07;648.13456713;2.2045955;19.81969696;991.38;2025-04-04;4
2025-04-04 00:53:03;00:53:03;646.65892556;2.24075262;17.43689463;991.38;2025-04-04;4
2025-04-04 00:57:01;00:57:01;600.96869046;2.32196489;15.40948823;991.38;2025-04-04;4
2025-04-04 01:01:05;01:01:05;574.4071423;2.41377007;15.21904399;991.25;2025-04-04;4
2025-04-04 01:05:09;01:05:09;604.95838802;2.18623446;13.30755366;991.25;2025-04-04;4
2025-04-04 01:09:08;01:09:08;663.49217007;2.10163246;17.2959359;991.25;2025-04-04;4
2025-04-04 01:13:04;01:13:04;618.73104262;2.17705395;16.10978319;991.25;2025-04-04;4
2025-04-04 01:17:02;01:17:02;535.32996754;2.33707744;12.17028664;991.25;2025-04-04;4
2025-04-04 01:21:00;01:21:00;563.20319709;2.17790138;12.61295703;991.38;2025-04-04;4
2025-04-04 01:24:56;01:24:56;572.54892699;1.97988466;12.869232;991.38;2025-04-04;4
2025-04-04 01:28:53;01:28:53;567.30220143;1.97112786;11.34177922;991.38;2025-04-04;4
2025-04-04 01:32:56;01:32:56;559.26815291;2.12310075;10.62783826;991.25;2025-04-04;4
2025-04-04 01:36:59;01:36:59;563.96834456;2.08383638;11.13154078;991.25;2025-04-04;4
2025-04-04 01:41:01;01:41:01;580.47366873;2.07338471;14.10277083;991.25;2025-04-04;4
2025-04-04 01:45:02;01:45:02;594.84751063;1.86067917;11.22226422;991.25;2025-04-04;4
2025-04-04 01:49:02;01:49:02;615.61579932;1.793732;12.60515932;991.25;2025-04-04;4
2025-04-04 01:53:06;01:53:06;616.54490697;1.95855761;12.42731139;991.25;2025-04-04;4
2025-04-04 01:57:03;01:57:03;579.65386786;2.07055994;10.15067797;991.25;2025-04-04;4
2025-04-04 02:01:01;02:01:01;582.65980438;2.15615061;10.5931984;991.25;2025-04-04;4
2025-04-04 02:05:04;02:05:04;552.70974596;2.3839687;13.25221986;991.25;2025-04-04;4
2025-04-04 02:09:02;02:09:02;560.68914109;2.3117957;14.81866122;991.25;2025-04-04;4
2025-04-04 02:13:00;02:13:00;567.79408195;2.23806908;12.03922502;991.25;2025-04-04;4
2025-04-04 02:16:57;02:16:57;583.97148577;2.14174426;10.1502281;991.25;2025-04-04;4
2025-04-04 02:21:00;02:21:00;569.32437691;2.0270584;10.40470359;991.25;2025-04-04;4
2025-04-04 02:24:58;02:24:58;585.28316716;1.97931971;15.75888593;991.25;2025-04-04;4
2025-04-04 02:28:59;02:28:59;566.53705395;1.92734385;9.99622319;991.19;2025-04-04;4
2025-04-04 02:32:56;02:32:56;632.17577687;1.85361723;15.18905278;991.19;2025-04-04;4
2025-04-04 02:37:04;02:37:04;622.17420627;2.00318906;14.54784052;991.19;2025-04-04;4
2025-04-04 02:41:12;02:41:12;590.58454611;1.97790732;11.55276745;991.19;2025-04-04;4
2025-04-04 02:45:08;02:45:08;569.9802176;2.09358185;8.53160202;991.06;2025-04-04;4
2025-04-04 02:49:04;02:49:04;596.10453863;2.06406295;9.82692276;991.19;2025-04-04;4
2025-04-04 02:53:07;02:53:07;593.64513603;2.13694214;10.33287462;991.06;2025-04-04;4
2025-04-04 02:57:10;02:57:10;645.51120435;2.10459847;17.47738277;991.06;2025-04-04;4
2025-04-04 03:01:08;03:01:08;660.75950051;2.36433652;16.954036;991.06;2025-04-04;4
2025-04-04 03:05:08;03:05:08;682.07432311;2.43128368;19.30834668;991.19;2025-04-04;4
2025-04-04 03:09:08;03:09:08;708.47191109;2.27507363;27.00709255;991.06;2025-04-04;4
2025-04-04 03:13:05;03:13:05;628.02211914;2.17733642;15.79187627;991.06;2025-04-04;4
2025-04-04 03:17:08;03:17:08;732.13682952;2.36687881;25.24510845;991.0;2025-04-04;4
2025-04-04 03:21:05;03:21:05;801.92921017;2.66093787;25.56601449;991.0;2025-04-04;4
2025-04-04 03:25:03;03:25:03;695.08183023;2.5225239;18.29764261;991.0;2025-04-04;4
2025-04-04 03:29:10;03:29:10;601.89779811;2.32973302;11.38766579;991.0;2025-04-04;4
2025-04-04 03:33:07;03:33:07;715.9594257;2.43961676;27.40897489;991.06;2025-04-04;4
2025-04-04 03:37:06;03:37:06;728.69366587;2.4980896;21.68365121;991.0;2025-04-04;4
2025-04-04 03:41:04;03:41:04;698.74360745;2.68749075;18.84348279;991.0;2025-04-04;4
2025-04-04 03:45:02;03:45:02;620.69856471;2.60302999;13.59471958;991.0;2025-04-04;4
2025-04-04 03:49:01;03:49:01;578.94337377;2.45755408;8.97862114;991.0;2025-04-04;4
2025-04-04 03:52:59;03:52:59;574.95367621;2.32860311;7.8373053;991.0;2025-04-04;4
2025-04-04 03:56:56;03:56:56;573.91526178;2.54568706;6.91807445;991.0;2025-04-04;4
2025-04-04 04:01:03;04:01:03;595.83127168;2.33778363;10.35176909;991.0;2025-04-04;4
2025-04-04 04:05:05;04:05:05;585.93900786;2.24202377;8.60673002;991.0;2025-04-04;4
2025-04-04 04:09:06;04:09:06;618.51242906;2.24400111;10.29598542;990.88;2025-04-04;4
2025-04-04 04:13:03;04:13:03;595.28473776;2.31928136;10.21201001;990.88;2025-04-04;4
2025-04-04 04:17:01;04:17:01;615.7251061;2.37803667;11.99243872;990.75;2025-04-04;4
2025-04-04 04:20:59;04:20:59;593.2079089;2.50190305;8.62442484;990.75;2025-04-04;4
2025-04-04 04:25:02;04:25:02;604.13858715;2.3325578;9.24974175;990.75;2025-04-04;4
2025-04-04 04:29:01;04:29:01;589.05425116;2.21660079;8.13421837;990.75;2025-04-04;4
2025-04-04 04:33:02;04:33:02;609.98650002;2.19456755;10.49407742;990.69;2025-04-04;4
2025-04-04 04:37:01;04:37:01;740.55345177;2.18524579;20.92037469;990.69;2025-04-04;4
2025-04-04 04:40:59;04:40:59;665.8422659;2.18468084;15.07208702;990.56;2025-04-04;4
2025-04-04 04:45:02;04:45:02;626.71043775;2.22154415;11.66283522;990.56;2025-04-04;4
2025-04-04 04:49:00;04:49:00;589.10890455;2.28778512;9.37600479;990.56;2025-04-04;4
2025-04-04 04:52:57;04:52:57;583.64356542;2.47125424;8.84411052;990.5;2025-04-04;4
2025-04-04 04:56:59;04:56:59;584.68197986;2.31123075;8.83811228;990.5;2025-04-04;4
2025-04-04 05:00:56;05:00:56;593.09860211;2.19428507;10.23960193;990.5;2025-04-04;4
2025-04-04 05:04:56;05:04:56;626.05459705;2.13793081;12.60006081;990.5;2025-04-04;4
2025-04-04 05:08:57;05:08:57;595.94057846;2.15487946;10.43214556;990.5;2025-04-04;4
2025-04-04 05:13:03;05:13:03;608.34689828;2.23637422;10.53591517;990.5;2025-04-04;4
2025-04-04 05:17:00;05:17:00;583.58891203;2.06378048;9.03110577;990.56;2025-04-04;4
2025-04-04 05:20:57;05:20:57;526.06621771;2.20883266;6.17804112;990.56;2025-04-04;4
2025-04-04 05:25:00;05:25:00;582.71445777;1.94118525;9.5719974;990.56;2025-04-04;4
2025-04-04 05:29:05;05:29:05;593.37186907;1.83751601;8.91818883;990.5;2025-04-04;4
2025-04-04 05:33:09;05:33:09;597.36156663;2.01632426;9.41799249;990.56;2025-04-04;4
2025-04-04 05:37:07;05:37:07;611.9540221;1.97225777;9.81762548;990.69;2025-04-04;4
2025-04-04 05:41:05;05:41:05;596.65107255;2.0427359;8.85295793;990.69;2025-04-04;4
2025-04-04 05:45:01;05:45:01;540.43459428;2.07296099;7.2061401;990.69;2025-04-04;4
2025-04-04 05:49:02;05:49:02;598.56394124;2.06575782;8.82926487;990.69;2025-04-04;4
2025-04-04 05:52:59;05:52:59;595.61265811;2.02155009;10.68422175;990.69;2025-04-04;4
2025-04-04 05:57:00;05:57:00;554.89588161;1.9180221;7.75647897;990.69;2025-04-04;4
2025-04-04 06:00:57;06:00:57;591.78692072;2.00912108;9.6925621;990.69;2025-04-04;4
2025-04-04 06:04:53;06:04:53;604.30254732;2.01010975;8.91908857;990.75;2025-04-04;4
2025-04-04 06:08:52;06:08:52;583.26099168;1.98285068;8.08743207;990.69;2025-04-04;4
2025-04-04 06:12:53;06:12:53;548.88400857;2.00714374;6.1480499;990.69;2025-04-04;4
2025-04-04 06:16:52;06:16:52;562.00082248;2.01872532;7.74223314;990.75;2025-04-04;4
2025-04-04 06:20:56;06:20:56;637.53180922;2.21123372;9.66107132;990.75;2025-04-04;4
2025-04-04 06:24:58;06:24:58;876.03920874;2.1819973;40.03377845;990.75;2025-04-04;4
2025-04-04 06:29:00;06:29:00;800.508222;2.05502367;27.74037785;990.75;2025-04-04;4
2025-04-04 06:33:05;06:33:05;731.15306847;2.21222239;21.82011126;990.75;2025-04-04;4
2025-04-04 06:37:02;06:37:02;609.71323306;2.07875178;11.76375567;990.75;2025-04-04;4
2025-04-04 06:41:09;06:41:09;579.3806009;2.34470433;9.88300634;990.88;2025-04-04;4
2025-04-04 06:45:13;06:45:13;575.55486351;2.30925341;9.80637878;990.88;2025-04-04;4
2025-04-04 06:49:12;06:49:12;596.81503272;2.08411885;9.72795174;991.0;2025-04-04;4
2025-04-04 06:53:16;06:53:16;832.37114911;1.94796471;31.15487812;991.0;2025-04-04;4
2025-04-04 06:57:19;06:57:19;883.47206996;2.04019361;30.25964024;991.06;2025-04-04;4
2025-04-04 07:01:24;07:01:24;;1.95799266;35.11821769;991.06;2025-04-04;4
2025-04-04 07:05:22;07:05:22;;1.68328331;37.67496909;991.06;2025-04-04;4
2025-04-04 07:09:22;07:09:22;809.19811121;1.90559309;23.26718757;991.06;2025-04-04;4
2025-04-04 07:13:19;07:13:19;638.62487704;2.15021858;12.34063677;991.06;2025-04-04;4
2025-04-04 07:17:18;07:17:18;638.35161009;2.23722165;10.76579787;991.06;2025-04-04;4
2025-04-04 07:21:21;07:21:21;620.26133758;2.16293007;10.29418595;991.06;2025-04-04;4
2025-04-04 07:25:18;07:25:18;568.88714978;2.17493536;8.24038729;991.06;2025-04-04;4
2025-04-04 07:29:16;07:29:16;538.8168539;2.31603287;7.26612254;991.06;2025-04-04;4
2025-04-04 07:33:19;07:33:19;548.28282127;2.06491039;7.8605485;991.06;2025-04-04;4
2025-04-04 07:37:18;07:37:18;588.1797969;2.11533262;10.55510955;991.06;2025-04-04;4
2025-04-04 07:41:22;07:41:22;575.33624995;2.19823976;9.13907416;991.06;2025-04-04;4
2025-04-04 07:45:23;07:45:23;587.08672907;2.23736289;9.25963886;991.19;2025-04-04;4
2025-04-04 07:49:22;07:49:22;601.51522437;2.08877973;10.24934908;991.19;2025-04-04;4
2025-04-04 07:53:26;07:53:26;790.01477088;2.19640365;20.64295592;991.25;2025-04-04;4
2025-04-04 07:57:24;07:57:24;648.2985273;1.94076153;12.61835545;991.38;2025-04-04;4
2025-04-04 08:01:21;08:01:21;561.67290213;2.2497919;8.50176076;991.38;2025-04-04;4
2025-04-04 08:05:22;08:05:22;569.9802176;2.35233122;9.38725149;991.38;2025-04-04;4
2025-04-04 08:09:19;08:09:19;556.75409692;2.23312573;8.89224643;991.38;2025-04-04;4
2025-04-04 08:13:27;08:13:27;581.07485603;2.25967861;10.67267513;991.25;2025-04-04;4
2025-04-04 08:17:24;08:17:24;551.39806457;2.16081149;8.90169366;991.38;2025-04-04;4
2025-04-04 08:21:27;08:21:27;538.75126983;2.27747469;8.14756446;991.25;2025-04-04;4
2025-04-04 08:25:25;08:25:25;511.38085148;2.17112192;7.83535587;991.25;2025-04-04;4
2025-04-04 08:29:35;08:29:35;564.62418526;2.16970953;9.51336457;991.25;2025-04-04;4
2025-04-04 08:33:32;08:33:32;537.0570147;2.10163246;7.68974851;991.19;2025-04-04;4
2025-04-04 08:37:30;08:37:30;511.22782198;2.3318516;6.16244569;991.25;2025-04-04;4
2025-04-04 08:41:28;08:41:28;628.73261322;2.20572541;14.50570285;991.25;2025-04-04;4
2025-04-04 08:45:26;08:45:26;526.76578112;2.1663198;7.2700214;991.25;2025-04-04;4
2025-04-04 08:49:26;08:49:26;481.90627756;2.18792933;5.75351542;991.25;2025-04-04;4
2025-04-04 08:53:24;08:53:24;463.72309429;2.18496331;4.5042312;991.38;2025-04-04;4
2025-04-04 08:57:20;08:57:20;462.1600073;2.09979635;4.13234009;991.38;2025-04-04;4
2025-04-04 09:01:21;09:01:21;467.08427785;1.9180221;4.34752708;991.38;2025-04-04;4
2025-04-04 09:05:21;09:05:21;471.25433161;1.94824719;4.7846491;991.38;2025-04-04;4
2025-04-04 09:09:22;09:09:22;462.4114129;1.95728647;4.42280504;991.38;2025-04-04;4
2025-04-04 09:13:22;09:13:22;470.7788471;2.06801764;5.02172968;991.38;2025-04-04;4
2025-04-04 09:17:23;09:17:23;475.93812724;1.99076005;5.77016055;991.25;2025-04-04;4
2025-04-04 09:21:21;09:21:21;478.16252026;2.22945352;5.89807309;991.25;2025-04-04;4
2025-04-04 09:25:22;09:25:22;506.50030364;2.26885913;7.05498436;991.25;2025-04-04;4
2025-04-04 09:29:20;09:29:20;511.05839647;2.14089683;7.48400875;991.19;2025-04-04;4
2025-04-04 09:33:28;09:33:28;533.80513792;2.30713483;7.83175693;991.19;2025-04-04;4
2025-04-04 09:37:27;09:37:27;542.06326534;2.16660228;8.75413686;991.19;2025-04-04;4
2025-04-04 09:41:24;09:41:24;617.41936123;2.28566654;14.46401506;991.19;2025-04-04;4
2025-04-04 09:45:27;09:45:27;530.85385479;2.60105264;7.84630267;991.19;2025-04-04;4
2025-04-04 09:49:24;09:49:24;558.44835204;2.81954898;9.66452031;991.19;2025-04-04;4
2025-04-04 09:53:20;09:53:20;;6.40319954;184.98583773;991.19;2025-04-04;4
2025-04-04 09:57:33;09:57:33;;7.99707872;234.74126977;991.06;2025-04-04;4
2025-04-04 10:01:46;10:01:46;;7.53664043;194.41807605;991.06;2025-04-04;4
2025-04-04 10:05:43;10:05:43;;12.87475863;380.36363279;991.06;2025-04-04;4
2025-04-04 10:09:41;10:09:41;;8.72587062;230.73744205;991.06;2025-04-04;4
2025-04-04 10:13:40;10:13:40;;8.81004891;229.64276257;991.06;2025-04-04;4
2025-04-04 10:17:38;10:17:38;;10.3229983;268.4064129;991.06;2025-04-04;4
2025-04-04 10:21:37;10:21:37;;11.30969214;326.48440816;991.06;2025-04-04;4
2025-04-04 10:25:35;10:25:35;;10.03077535;275.58930981;991.0;2025-04-04;4
2025-04-04 10:29:32;10:29:32;;8.11458936;177.83293204;991.0;2025-04-04;4
2025-04-04 10:33:36;10:33:36;885.33028526;6.89739389;136.07915719;991.0;2025-04-04;4
2025-04-04 10:37:34;10:37:34;747.33047229;5.95575521;98.62612312;991.0;2025-04-04;4
2025-04-04 10:41:36;10:41:36;794.00446844;6.38130753;115.32223464;991.0;2025-04-04;4
2025-04-04 10:45:34;10:45:34;713.22675613;5.44079876;87.9957356;990.88;2025-04-04;4
2025-04-04 10:49:34;10:49:34;600.20354298;4.6494381;54.84344231;990.88;2025-04-04;4
2025-04-04 10:53:32;10:53:32;737.71147543;5.70293786;88.03322463;990.75;2025-04-04;4
2025-04-04 10:57:36;10:57:36;656.05930886;4.87895105;63.62187206;990.75;2025-04-04;4
2025-04-04 11:01:39;11:01:39;563.58577082;5.06185522;56.74188646;990.75;2025-04-04;4
2025-04-04 11:05:43;11:05:43;702.40538466;5.37060311;86.56665402;990.69;2025-04-04;4
2025-04-04 11:09:40;11:09:40;666.71672016;5.10366189;72.3433185;990.69;2025-04-04;4
2025-04-04 11:13:39;11:13:39;669.6133499;6.07962158;87.78429751;990.56;2025-04-04;4
2025-04-04 11:17:36;11:17:36;576.48397117;5.25916574;53.06646259;990.56;2025-04-04;4
2025-04-04 11:21:34;11:21:34;597.36156663;5.48373534;66.70047067;990.56;2025-04-04;4
2025-04-04 11:25:32;11:25:32;560.03330039;6.0549048;77.6682594;990.5;2025-04-04;4
2025-04-04 11:29:32;11:29:32;566.81032091;6.17354535;78.98337434;990.5;2025-04-04;4
2025-04-04 11:33:34;11:33:34;690.65490554;5.65957757;89.35583738;990.5;2025-04-04;4
2025-04-04 11:37:41;11:37:41;645.12863061;4.81299256;57.29972313;990.38;2025-04-04;4
2025-04-04 11:41:39;11:41:39;635.61894052;6.13075001;84.09087891;990.38;2025-04-04;4
2025-04-04 11:45:34;11:45:34;564.07765135;4.95055909;53.87172682;990.25;2025-04-04;4
2025-04-04 11:49:34;11:49:34;561.50894196;4.19210706;38.67817536;990.25;2025-04-04;4
2025-04-04 11:53:38;11:53:38;563.31250387;5.07993378;58.9057529;990.19;2025-04-04;4
2025-04-04 11:57:36;11:57:36;614.95995862;4.09818329;47.15669292;990.19;2025-04-04;4
2025-04-04 12:01:34;12:01:34;568.66853621;3.98392115;38.44574342;990.19;2025-04-04;4
2025-04-04 12:05:31;12:05:31;561.8368623;4.28080498;44.12757982;990.06;2025-04-04;4
2025-04-04 12:09:32;12:09:32;682.07432311;5.33628209;76.26017167;990.0;2025-04-04;4
2025-04-04 12:13:29;12:13:29;618.07520193;4.68347663;55.3427961;990.0;2025-04-04;4
2025-04-04 12:17:29;12:17:29;643.37972209;5.52356466;77.88269661;990.0;2025-04-04;4
2025-04-04 12:21:29;12:21:29;725.30515561;5.81465771;80.80534089;990.0;2025-04-04;4
2025-04-04 12:25:32;12:25:32;808.43296374;5.16637189;85.30552327;990.0;2025-04-04;4
2025-04-04 12:29:29;12:29:29;798.37673974;6.43427206;113.89465262;989.88;2025-04-04;4
2025-04-04 12:33:32;12:33:32;758.5344175;6.21973041;108.10784695;989.88;2025-04-04;4
2025-04-04 12:37:30;12:37:30;741.81047977;5.50266133;89.21037996;989.88;2025-04-04;4
2025-04-04 12:41:27;12:41:27;746.78393838;6.17905366;105.98596822;989.88;2025-04-04;4
2025-04-04 12:45:24;12:45:24;812.4226613;5.92002181;103.44271286;989.88;2025-04-04;4
2025-04-04 12:49:24;12:49:24;704.09963979;5.56353523;77.40283711;989.75;2025-04-04;4
2025-04-04 12:53:24;12:53:24;662.28979547;6.1051858;84.24833281;989.75;2025-04-04;4
2025-04-04 12:57:20;12:57:20;655.07554782;5.98753392;86.60414305;989.69;2025-04-04;4
2025-04-04 13:01:20;13:01:20;726.56218361;6.76166346;108.74665991;989.56;2025-04-04;4
2025-04-04 13:05:18;13:05:18;714.64774431;5.3662247;81.00478249;989.5;2025-04-04;4
2025-04-04 13:09:16;13:09:16;724.102781;5.14589227;75.05602424;989.5;2025-04-04;4
2025-04-04 13:13:17;13:13:17;644.36348313;4.31088884;49.51400272;989.5;2025-04-04;4
2025-04-04 13:17:16;13:17:16;679.88818746;4.88036344;66.98388769;989.38;2025-04-04;4
2025-04-04 13:21:14;13:21:14;721.47941822;5.29602905;71.30112364;989.25;2025-04-04;4
2025-04-04 13:25:16;13:25:16;593.91840298;5.09702367;64.53960336;989.25;2025-04-04;4
2025-04-04 13:29:20;13:29:20;600.36750315;3.85934858;38.53421751;989.19;2025-04-04;4
2025-04-04 13:33:23;13:33:23;603.8106668;5.0038061;62.79711354;989.06;2025-04-04;4
2025-04-04 13:37:21;13:37:21;597.90810055;4.28348852;46.87927415;989.06;2025-04-04;4
2025-04-04 13:41:23;13:41:23;584.24475273;3.85638257;31.66922752;989.0;2025-04-04;4
2025-04-04 13:45:20;13:45:20;576.42931777;4.72033994;53.15193757;988.88;2025-04-04;4
2025-04-04 13:49:21;13:49:21;573.7513016;3.95976933;40.9110216;988.88;2025-04-04;4
2025-04-04 13:53:28;13:53:28;583.97148577;3.88053439;40.03077933;988.75;2025-04-04;4
2025-04-04 13:57:27;13:57:27;619.76945706;4.04973841;48.60526879;988.75;2025-04-04;4
2025-04-04 14:01:24;14:01:24;602.38967863;4.00016361;43.18885467;988.69;2025-04-04;4
2025-04-04 14:05:22;14:05:22;595.01147081;3.46585745;33.55267606;988.69;2025-04-04;4
2025-04-04 14:09:18;14:09:18;611.07956784;3.77856002;34.54238629;988.56;2025-04-04;4
2025-04-04 14:13:16;14:13:16;647.42407304;4.34859958;51.12153205;988.56;2025-04-04;4
2025-04-04 14:17:25;14:17:25;666.27949303;4.41314568;68.46095522;988.5;2025-04-04;4
2025-04-04 14:21:21;14:21:21;582.5504976;4.19634422;46.39041728;988.5;2025-04-04;4
2025-04-04 14:25:23;14:25:23;633.32349809;4.48644859;57.28472752;988.5;2025-04-04;4
2025-04-04 14:29:20;14:29:20;591.89622751;3.56048741;35.58158202;988.5;2025-04-04;4
2025-04-04 14:33:23;14:33:23;666.88068033;3.35936344;36.05544327;988.5;2025-04-04;4
2025-04-04 14:37:31;14:37:31;572.27566004;3.37278112;27.27101528;988.38;2025-04-04;4
2025-04-04 14:41:28;14:41:28;604.95838802;3.44410669;40.07876528;988.38;2025-04-04;4
2025-04-04 14:45:26;14:45:26;574.24318212;2.97957247;28.87254637;988.38;2025-04-04;4
2025-04-04 14:49:24;14:49:24;559.81468683;2.72068186;23.06474684;988.38;2025-04-04;4
2025-04-04 14:53:21;14:53:21;562.00082248;3.55201308;39.52092861;988.38;2025-04-04;4
2025-04-04 14:57:19;14:57:19;583.31564507;3.64000482;44.9463401;988.38;2025-04-04;4
2025-04-04 15:01:21;15:01:21;587.74256977;3.58689905;48.59477187;988.38;2025-04-04;4
2025-04-04 15:05:26;15:05:26;646.440312;3.79155399;48.16439788;988.38;2025-04-04;4
2025-04-04 15:09:34;15:09:34;642.83318817;3.32334756;40.66509361;988.25;2025-04-04;4
2025-04-04 15:13:41;15:13:41;638.95279739;3.08634896;35.27267246;988.25;2025-04-04;4
2025-04-04 15:17:44;15:17:44;755.58313437;3.61203955;55.48975308;988.19;2025-04-04;4
2025-04-04 15:21:52;15:21:52;688.03154276;3.76005775;56.37899271;988.19;2025-04-04;4
2025-04-04 15:25:51;15:25:51;764.1637168;4.45918951;73.99433509;988.19;2025-04-04;4
2025-04-04 15:29:48;15:29:48;711.36854083;3.53308709;51.84881911;988.06;2025-04-04;4
2025-04-04 15:33:50;15:33:50;772.74429923;3.53012108;49.68795179;988.0;2025-04-04;4
2025-04-04 15:37:52;15:37:52;711.42319422;2.86135564;35.17670056;988.0;2025-04-04;4
2025-04-04 15:41:56;15:41:56;650.43000956;3.05033308;33.14629505;987.88;2025-04-04;4
2025-04-04 15:45:57;15:45:57;752.35858429;3.84480099;57.85606024;987.88;2025-04-04;4
2025-04-04 15:50:10;15:50:10;597.79879376;2.97123938;30.57454803;987.88;2025-04-04;4
2025-04-04 15:54:17;15:54:17;668.79354903;6.21280972;105.89149588;987.75;2025-04-04;4
2025-04-04 15:58:13;15:58:13;725.90634291;5.61014401;97.14905559;987.69;2025-04-04;4
2025-04-04 16:02:20;16:02:20;628.40469288;3.79324885;45.25225053;987.56;2025-04-04;4
2025-04-04 16:06:17;16:06:17;633.10488453;3.80596034;49.19159712;987.56;2025-04-04;4
2025-04-04 16:10:14;16:10:14;719.45724274;4.62415636;72.83217536;987.56;2025-04-04;4
2025-04-04 16:14:12;16:14:12;640.59239913;4.28108746;57.81257297;987.56;2025-04-04;4
2025-04-04 16:18:15;16:18:15;593.69978942;3.32504243;33.17928539;987.56;2025-04-04;4
2025-04-04 16:22:19;16:22:19;664.80385147;3.43534988;41.22892852;987.5;2025-04-04;4
2025-04-04 16:26:16;16:26:16;703.11587875;4.18377397;57.0552947;987.56;2025-04-04;4
2025-04-04 16:30:19;16:30:19;611.02491445;3.34086117;31.89866035;987.5;2025-04-04;4
2025-04-04 16:34:16;16:34:16;616.21698662;3.55963998;35.70154689;987.5;2025-04-04;4
2025-04-04 16:38:19;16:38:19;604.08393376;3.3530077;32.29154531;987.5;2025-04-04;4
2025-04-04 16:42:26;16:42:26;621.62767236;3.13507632;32.6874294;987.5;2025-04-04;4
2025-04-04 16:46:29;16:46:29;675.07868903;3.43718599;39.8898206;987.38;2025-04-04;4
2025-04-04 16:50:28;16:50:28;607.52709741;3.00640783;25.91991087;987.38;2025-04-04;4
2025-04-04 16:54:26;16:54:26;588.72633081;3.09298718;26.47774754;987.38;2025-04-04;4
2025-04-04 16:58:24;16:58:24;615.56114593;3.42475698;39.10405067;987.25;2025-04-04;4
2025-04-04 17:02:28;17:02:28;615.94371967;3.25837774;33.76561372;987.25;2025-04-04;4
2025-04-04 17:06:35;17:06:35;600.85938367;3.55907502;37.40354856;987.19;2025-04-04;4
2025-04-04 17:10:33;17:10:33;623.10331392;3.25809526;34.12550834;987.19;2025-04-04;4
2025-04-04 17:14:30;17:14:30;674.36819494;3.283377;39.1835274;987.06;2025-04-04;4
2025-04-04 17:18:32;17:18:32;711.86042135;3.63647385;48.90668054;987.19;2025-04-04;4
2025-04-04 17:22:34;17:22:34;618.78569601;3.07067146;33.84359089;987.19;2025-04-04;4
2025-04-04 17:26:52;17:26:52;589.38217151;3.15061258;34.8452976;987.06;2025-04-04;4
2025-04-04 17:30:51;17:30:51;590.58454611;2.53255186;21.15580576;987.0;2025-04-04;4
2025-04-04 17:34:49;17:34:49;619.00430958;2.71164258;27.79136293;987.0;2025-04-04;4
2025-04-04 17:38:46;17:38:46;805.20841365;3.28733168;38.28229127;986.88;2025-04-04;4
2025-04-04 17:42:42;17:42:42;681.25452224;3.03832778;30.81447778;986.88;2025-04-04;4
2025-04-04 17:46:43;17:46:43;966.4905713;3.17744794;45.45319169;986.88;2025-04-04;4
2025-04-04 17:50:40;17:50:40;686.88382154;3.51698588;32.23906068;986.88;2025-04-04;4
2025-04-04 17:54:42;17:54:42;609.16669915;3.13804234;20.77941596;986.75;2025-04-04;4
2025-04-04 17:58:40;17:58:40;641.13893304;3.23323725;25.2241146;986.88;2025-04-04;4
2025-04-04 18:02:48;18:02:48;661.41534121;3.26233243;30.45908184;987.0;2025-04-04;4
2025-04-04 18:06:51;18:06:51;610.36907376;2.84793796;22.43493124;986.88;2025-04-04;4
2025-04-04 18:10:49;18:10:49;845.21469606;3.09482328;46.07400992;986.75;2025-04-04;4
2025-04-04 18:14:51;18:14:51;;3.94296192;93.77654303;986.56;2025-04-04;4
2025-04-04 18:18:53;18:18:53;942.0605054;4.36710185;65.63728197;986.75;2025-04-04;4
2025-04-04 18:23:01;18:23:01;792.966054;3.53831293;43.76468607;986.75;2025-04-04;4
2025-04-04 18:27:03;18:27:03;862.86774145;3.55003574;43.47377125;986.75;2025-04-04;4
2025-04-04 18:31:06;18:31:06;805.20841365;4.0573653;50.63567431;986.75;2025-04-04;4
2025-04-04 18:35:09;18:35:09;641.24823983;3.72418311;33.54667782;986.75;2025-04-04;4
2025-04-04 18:39:07;18:39:07;579.59921447;2.89878391;20.80940718;986.88;2025-04-04;4
2025-04-04 18:43:15;18:43:15;583.1516849;3.24015794;24.26139647;986.88;2025-04-04;4
2025-04-04 18:47:16;18:47:16;695.3004438;2.91008301;36.38384712;986.88;2025-04-04;4
2025-04-04 18:51:11;18:51:11;660.15831321;3.40145259;36.59378565;986.88;2025-04-04;4
2025-04-04 18:55:14;18:55:14;573.20476769;2.99524997;19.80470135;986.88;2025-04-04;4
2025-04-04 18:59:13;18:59:13;575.6641703;2.81870154;18.12969178;986.88;2025-04-04;4
2025-04-04 19:03:15;19:03:15;653.87317321;2.72039938;21.07632903;986.88;2025-04-04;4
2025-04-04 19:07:17;19:07:17;704.15429318;3.34990045;35.44212285;986.88;2025-04-04;4
2025-04-04 19:11:24;19:11:24;669.06681599;3.11389051;26.54222866;986.88;2025-04-04;4
2025-04-04 19:15:23;19:15:23;646.27635182;3.47362558;25.05766333;986.88;2025-04-04;4
2025-04-04 19:19:26;19:19:26;;5.2571884;84.24983237;987.0;2025-04-04;4
2025-04-04 19:23:24;19:23:24;814.9367173;4.07544386;52.61209563;987.0;2025-04-04;4
2025-04-04 19:27:23;19:27:23;;6.56802515;150.70587461;987.0;2025-04-04;4
2025-04-04 19:31:20;19:31:20;;4.79590267;74.28674948;986.88;2025-04-04;4
2025-04-04 19:35:24;19:35:24;797.06505835;4.14592199;45.88506525;986.75;2025-04-04;4
2025-04-04 19:39:23;19:39:23;871.88555101;4.93544655;71.20065306;986.88;2025-04-04;4
2025-04-04 19:43:20;19:43:20;935.99397897;4.93798884;71.71050378;987.0;2025-04-04;4
2025-04-04 19:47:27;19:47:27;727.60059804;4.9221701;64.10772981;987.0;2025-04-04;4
2025-04-04 19:51:25;19:51:25;693.33292171;4.52613668;53.60930365;987.06;2025-04-04;4
2025-04-04 19:55:24;19:55:24;896.58888386;4.3176683;63.69535055;987.06;2025-04-04;4
2025-04-04 19:59:27;19:59:27;692.89569458;3.43436121;35.80351704;987.06;2025-04-04;4
2025-04-04 20:03:24;20:03:24;720.00377665;3.77460534;35.66105875;987.06;2025-04-04;4
2025-04-04 20:07:20;20:07:20;686.17332745;3.53478196;37.17111662;987.06;2025-04-04;4
2025-04-04 20:11:21;20:11:21;785.91576653;4.20142881;54.32009554;987.19;2025-04-04;4
2025-04-04 20:15:23;20:15:23;709.29171196;3.78463329;40.81654926;987.19;2025-04-04;4
2025-04-04 20:19:20;20:19:20;623.59519444;3.66542779;30.94194046;987.25;2025-04-04;4
2025-04-04 20:23:19;20:23:19;595.23008437;3.64960905;28.81406349;987.25;2025-04-04;4
2025-04-04 20:27:17;20:27:17;592.22414785;3.2633211;22.83831314;987.25;2025-04-04;4
2025-04-04 20:31:23;20:31:23;771.97915176;3.59424347;41.23492677;987.38;2025-04-04;4
2025-04-04 20:35:21;20:35:21;838.87490268;4.17205115;58.26544038;987.5;2025-04-04;4
2025-04-04 20:39:19;20:39:19;793.40328113;3.98349744;50.43173402;987.5;2025-04-04;4
2025-04-04 20:43:19;20:43:19;737.11028812;4.31936316;49.49900711;987.56;2025-04-04;4
2025-04-04 20:47:15;20:47:15;736.56375421;5.01425776;63.38494143;987.56;2025-04-04;4
2025-04-04 20:51:16;20:51:16;665.95157268;3.72517178;25.84343326;987.56;2025-04-04;4
2025-04-04 20:55:12;20:55:12;762.08688793;4.1244537;37.8129287;987.56;2025-04-04;4
2025-04-04 20:59:13;20:59:13;737.65682203;3.49438768;31.81468493;987.56;2025-04-04;4
2025-04-04 21:03:21;21:03:21;756.94946915;3.63435527;40.83904268;987.56;2025-04-04;4
2025-04-04 21:07:29;21:07:29;699.39944814;3.04948565;27.88433571;987.56;2025-04-04;4
2025-04-04 21:11:33;21:11:33;731.64494899;3.34086117;40.14174684;987.56;2025-04-04;4
2025-04-04 21:15:29;21:15:29;673.82166103;3.26685207;32.77890262;987.56;2025-04-04;4
2025-04-04 21:19:24;21:19:24;700.82043632;3.69282811;40.60811029;987.69;2025-04-04;4
2025-04-04 21:23:27;21:23:27;737.82078221;3.69819518;36.47981902;987.56;2025-04-04;4
2025-04-04 21:27:23;21:27:23;650.8125833;3.77926622;33.38172612;987.69;2025-04-04;4
2025-04-04 21:31:21;21:31:21;571.94773969;3.71260153;24.28239032;987.69;2025-04-04;4
2025-04-04 21:35:19;21:35:19;656.16861564;4.1470519;43.69870539;987.69;2025-04-04;4
2025-04-04 21:39:21;21:39:21;686.33728763;3.47051833;31.46978592;987.69;2025-04-04;4
2025-04-04 21:43:23;21:43:23;740.49879838;3.4419881;33.41021777;987.75;2025-04-04;4
2025-04-04 21:47:20;21:47:20;835.37708563;3.90073153;49.37604312;987.69;2025-04-04;4
2025-04-04 21:51:22;21:51:22;871.88555101;3.73731831;49.99386223;987.69;2025-04-04;4
2025-04-04 21:55:19;21:55:19;894.40274821;3.79226018;52.99148455;987.69;2025-04-04;4
2025-04-04 21:59:16;21:59:16;780.77834775;3.36091707;36.80822287;987.69;2025-04-04;4
2025-04-04 22:03:13;22:03:13;;3.97064471;73.80688997;987.69;2025-04-04;4
2025-04-04 22:07:16;22:07:16;962.66483391;3.95779199;54.87343353;987.56;2025-04-04;4
2025-04-04 22:11:17;22:11:17;860.08041849;3.83166579;44.93584317;987.56;2025-04-04;4
2025-04-04 22:15:15;22:15:15;749.24334099;3.5837918;30.61953486;987.5;2025-04-04;4
2025-04-04 22:19:18;22:19:18;720.65961735;3.27772745;27.62191254;987.5;2025-04-04;4
2025-04-04 22:23:16;22:23:16;712.8441824;3.09680062;22.43193212;987.5;2025-04-04;4
2025-04-04 22:27:19;22:27:19;732.13682952;3.20993285;29.85475878;987.38;2025-04-04;4
2025-04-04 22:31:17;22:31:17;738.64058308;3.39283702;31.58675167;987.5;2025-04-04;4
2025-04-04 22:35:17;22:35:17;648.954368;3.24538378;23.09173894;987.5;2025-04-04;4
2025-04-04 22:39:21;22:39:21;646.49496539;3.440152;30.17566482;987.5;2025-04-04;4
2025-04-04 22:43:27;22:43:27;789.19497001;4.36625442;62.86909247;987.38;2025-04-04;4
2025-04-04 22:47:28;22:47:28;744.26988238;3.34340346;39.59590666;987.38;2025-04-04;4
2025-04-04 22:51:26;22:51:26;830.73154738;3.51712711;35.26217554;987.25;2025-04-04;4
2025-04-04 22:55:22;22:55:22;905.00550612;3.84706081;56.2335353;987.25;2025-04-04;4
2025-04-04 22:59:24;22:59:24;941.84189184;3.63845119;46.27195197;987.38;2025-04-04;4
2025-04-04 23:03:27;23:03:27;969.49650782;3.8240389;49.6609597;987.38;2025-04-04;4
2025-04-04 23:07:24;23:07:24;908.72193672;3.99959865;54.17913681;987.38;2025-04-04;4
2025-04-04 23:11:26;23:11:26;;3.76740216;65.80673235;987.38;2025-04-04;4
2025-04-04 23:15:34;23:15:34;;4.01753597;89.97515604;987.5;2025-04-04;4
2025-04-04 23:19:32;23:19:32;;4.23038275;67.98409484;987.5;2025-04-04;4
2025-04-04 23:23:35;23:23:35;927.35874315;4.0529869;52.49662944;987.5;2025-04-04;4
2025-04-04 23:27:36;23:27:36;917.6304395;3.63703881;48.18539173;987.5;2025-04-04;4
2025-04-04 23:31:35;23:31:35;;4.34591604;81.88652433;987.5;2025-04-04;4
2025-04-04 23:35:33;23:35:33;;4.99165957;87.93275404;987.5;2025-04-04;4
2025-04-04 23:39:29;23:39:29;839.31212981;3.68054034;38.02886547;987.5;2025-04-04;4
2025-04-04 23:43:42;23:43:42;737.98474238;3.59283108;34.64435643;987.5;2025-04-04;4
2025-04-04 23:47:45;23:47:45;794.8789227;3.79720354;45.042312;987.5;2025-04-04;4
2025-04-04 23:51:43;23:51:43;762.9066888;3.47334311;35.81701309;987.5;2025-04-04;4
2025-04-04 23:55:43;23:55:43;750.66432916;3.27942231;34.18998946;987.5;2025-04-04;4
2025-04-04 23:59:41;23:59:41;729.0762396;3.02250905;26.32779145;987.5;2025-04-04;4
2025-04-05 00:03:41;00:03:41;849.09508684;3.49368148;43.89964656;987.5;2025-04-05;4
2025-04-05 00:07:43;00:07:43;813.62503591;3.44212934;37.72145548;987.5;2025-04-05;4
2025-04-05 00:11:45;00:11:45;804.71653313;3.40540727;36.79622638;987.38;2025-04-05;4
2025-04-05 00:15:44;00:15:44;926.81220924;3.4514511;57.0897846;987.38;2025-04-05;4
2025-04-05 00:19:48;00:19:48;915.99083776;3.49608254;51.8338235;987.38;2025-04-05;4
2025-04-05 00:23:48;00:23:48;883.7999903;3.29509981;43.39429452;987.38;2025-04-05;4
2025-04-05 00:27:48;00:27:48;907.6288689;3.44057572;48.6127666;987.38;2025-04-05;4
2025-04-05 00:31:49;00:31:49;796.68248461;3.45074491;47.3726297;987.25;2025-04-05;4
2025-04-05 00:35:48;00:35:48;669.06681599;3.03352567;23.16971611;987.25;2025-04-05;4
2025-04-05 00:39:44;00:39:44;667.48186764;2.85627105;24.10244301;987.25;2025-04-05;4
2025-04-05 00:43:45;00:43:45;817.23215973;2.89087454;36.41833702;987.25;2025-04-05;4
2025-04-05 00:47:42;00:47:42;708.30795092;2.9038685;25.03217079;987.19;2025-04-05;4
2025-04-05 00:51:44;00:51:44;818.27057416;3.04637839;35.2096909;987.19;2025-04-05;4
2025-04-05 00:55:42;00:55:42;928.83438471;3.38224412;43.30731999;987.19;2025-04-05;4
2025-04-05 00:59:41;00:59:41;982.44936155;3.70327977;48.03093695;987.19;2025-04-05;4
2025-04-05 01:03:43;01:03:43;955.01335913;3.1466579;43.44677916;987.19;2025-04-05;4
2025-04-05 01:07:39;01:07:39;782.80052323;2.80782616;26.59771242;987.19;2025-04-05;4
2025-04-05 01:11:38;01:11:38;844.23093502;3.02985346;32.59745574;987.19;2025-04-05;4
2025-04-05 01:15:37;01:15:37;889.59324978;3.07801587;35.89199113;987.06;2025-04-05;4
2025-04-05 01:19:38;01:19:38;787.11814114;3.06940031;29.52185625;987.0;2025-04-05;4
2025-04-05 01:23:35;01:23:35;649.00902139;3.07547357;19.15689103;987.0;2025-04-05;4
2025-04-05 01:27:38;01:27:38;598.34532768;2.78508672;14.88719116;987.0;2025-04-05;4
2025-04-05 01:31:38;01:31:38;635.72824731;3.27786869;21.76762663;987.0;2025-04-05;4
2025-04-05 01:35:40;01:35:40;706.83230936;3.03945769;27.16904514;987.0;2025-04-05;4
2025-04-05 01:39:36;01:39:36;703.27983892;2.98790555;22.15451335;987.0;2025-04-05;4
2025-04-05 01:43:37;01:43:37;747.98631299;2.98691688;28.68060257;986.88;2025-04-05;4
2025-04-05 01:47:41;01:47:41;861.39209988;2.98098486;30.41109589;986.88;2025-04-05;4
2025-04-05 01:51:49;01:51:49;973.26759182;2.89398179;39.56441588;986.88;2025-04-05;4
2025-04-05 01:55:56;01:55:56;721.91664535;2.64794391;22.31946505;986.88;2025-04-05;4
2025-04-05 01:59:57;01:59:57;695.35509719;3.08451285;24.69926827;986.75;2025-04-05;4
2025-04-05 02:03:54;02:03:54;681.80105615;3.00866765;20.13010608;986.75;2025-04-05;4
2025-04-05 02:07:51;02:07:51;762.74272863;3.20866171;30.75599491;986.75;2025-04-05;4
2025-04-05 02:12:01;02:12:01;712.07903492;3.03719787;23.71555629;986.69;2025-04-05;4
2025-04-05 02:16:02;02:16:02;652.01495791;2.7740701;18.36212373;986.69;2025-04-05;4
2025-04-05 02:20:01;02:20:01;775.4769688;2.89539418;31.39630743;986.69;2025-04-05;4
2025-04-05 02:24:05;02:24:05;778.86547906;2.93013891;32.34402994;986.69;2025-04-05;4
2025-04-05 02:28:04;02:28:04;754.38075976;2.89694781;26.98010046;986.56;2025-04-05;4
2025-04-05 02:32:07;02:32:07;693.22361493;3.0099388;22.91928943;986.56;2025-04-05;4
2025-04-05 02:36:04;02:36:04;727.98317178;3.04369486;28.65061135;986.56;2025-04-05;4
2025-04-05 02:40:06;02:40:06;654.14644017;2.69342278;19.72972331;986.5;2025-04-05;4
2025-04-05 02:44:09;02:44:09;697.04935232;2.91446141;26.61270803;986.5;2025-04-05;4
2025-04-05 02:48:07;02:48:07;623.81380801;3.13479384;21.161804;986.5;2025-04-05;4
2025-04-05 02:52:04;02:52:04;650.75792991;2.78621663;22.35395495;986.38;2025-04-05;4
2025-04-05 02:56:03;02:56:03;607.08987028;2.51178976;16.05279988;986.25;2025-04-05;4
2025-04-05 03:00:04;03:00:04;656.82445634;2.61828377;19.01293318;986.19;2025-04-05;4
2025-04-05 03:04:00;03:04:00;619.4961901;2.55161909;15.15306331;986.19;2025-04-05;4
2025-04-05 03:08:00;03:08:00;608.67481863;2.59060098;19.14189542;986.06;2025-04-05;4
2025-04-05 03:12:08;03:12:08;653.43594608;2.73028609;20.83489972;986.06;2025-04-05;4
2025-04-05 03:16:06;03:16:06;652.34287825;2.54695821;20.2365749;986.06;2025-04-05;4
2025-04-05 03:20:03;03:20:03;654.5836673;2.29032742;17.61234326;986.06;2025-04-05;4
2025-04-05 03:24:03;03:24:03;651.14050365;2.49484111;20.05962671;986.06;2025-04-05;4
2025-04-05 03:28:00;03:28:00;696.94004554;2.70020224;26.85413734;986.0;2025-04-05;4
2025-04-05 03:32:04;03:32:04;827.67095746;2.84539567;44.857866;985.88;2025-04-05;4
2025-04-05 03:36:03;03:36:03;693.77014884;2.41108654;23.91949658;985.88;2025-04-05;4
2025-04-05 03:40:00;03:40:00;639.5539847;2.35840449;19.89317545;985.88;2025-04-05;4
2025-04-05 03:44:03;03:44:03;587.85187655;2.16646104;13.60056787;985.75;2025-04-05;4
2025-04-05 03:48:00;03:48:00;650.64862313;2.17776014;18.68153021;985.69;2025-04-05;4
2025-04-05 03:52:09;03:52:09;683.71392485;1.94231516;21.5037039;985.69;2025-04-05;4
2025-04-05 03:56:17;03:56:17;716.94318674;2.02324496;22.10952652;985.69;2025-04-05;4
2025-04-05 04:00:22;04:00:22;704.31825336;2.25219296;24.03946145;985.69;2025-04-05;4
2025-04-05 04:04:22;04:04:22;774.27459419;2.35854573;29.03899763;985.56;2025-04-05;4
2025-04-05 04:08:24;04:08:24;878.49861135;2.2315721;37.01216316;985.56;2025-04-05;4
2025-04-05 04:12:31;04:12:31;702.24142449;2.15600937;20.65645197;985.56;2025-04-05;4
2025-04-05 04:16:27;04:16:27;776.0781561;2.5093887;32.5839597;985.56;2025-04-05;4
2025-04-05 04:20:35;04:20:35;834.3386712;2.54709945;35.5515908;985.56;2025-04-05;4
2025-04-05 04:24:37;04:24:37;781.81676218;2.40077611;30.15767009;985.56;2025-04-05;4
2025-04-05 04:28:34;04:28:34;729.56812013;2.38820586;25.04566684;985.5;2025-04-05;4
2025-04-05 04:32:42;04:32:42;763.17995576;2.54907679;27.22602845;985.5;2025-04-05;4
2025-04-05 04:36:39;04:36:39;680.8719485;2.49356996;22.35695408;985.56;2025-04-05;4
2025-04-05 04:40:39;04:40:39;635.50963374;2.52436001;17.9062572;985.56;2025-04-05;4
2025-04-05 04:44:37;04:44:37;731.91821595;2.42393926;28.2607255;985.56;2025-04-05;4
2025-04-05 04:48:36;04:48:36;729.84138708;2.23425564;23.37365639;985.56;2025-04-05;4
2025-04-05 04:52:33;04:52:33;743.28612134;2.07691568;23.58359493;985.56;2025-04-05;4
2025-04-05 04:56:40;04:56:40;744.05126881;2.14541647;22.21599535;985.56;2025-04-05;4
2025-04-05 05:00:39;05:00:39;673.93096781;1.95587408;18.24215885;985.56;2025-04-05;4
2025-04-05 05:04:41;05:04:41;657.0430699;1.90121469;15.71689823;985.56;2025-04-05;4
2025-04-05 05:08:40;05:08:40;646.65892556;2.08694363;17.43089638;985.69;2025-04-05;4
2025-04-05 05:12:39;05:12:39;596.43245898;1.96660822;13.68739245;985.69;2025-04-05;4
2025-04-05 05:16:40;05:16:40;626.76509114;2.03256671;13.94891588;985.56;2025-04-05;4
2025-04-05 05:20:38;05:20:38;573.80595499;2.17154563;12.48384484;985.56;2025-04-05;4
2025-04-05 05:24:41;05:24:41;556.97271048;2.20134701;14.42637608;985.56;2025-04-05;4
2025-04-05 05:28:38;05:28:38;564.29626491;1.96378345;12.63020199;985.69;2025-04-05;4
2025-04-05 05:32:36;05:32:36;572.71288717;2.03200176;12.57966678;985.56;2025-04-05;4
2025-04-05 05:36:34;05:36:34;564.67883865;1.99287863;10.29703512;985.56;2025-04-05;4
2025-04-05 05:40:29;05:40:29;572.87684734;2.07013622;11.77515234;985.69;2025-04-05;4
2025-04-05 05:44:25;05:44:25;710.3301264;2.50628145;21.44971971;985.69;2025-04-05;4
2025-04-05 05:48:28;05:48:28;682.1289765;2.3463992;19.59476282;985.69;2025-04-05;4
2025-04-05 05:52:26;05:52:26;688.63273006;2.3934317;17.48188145;985.69;2025-04-05;4
2025-04-05 05:56:30;05:56:30;603.8106668;2.35529724;16.7006102;985.56;2025-04-05;4
2025-04-05 06:00:28;06:00:28;586.59484855;2.39936372;13.80900684;985.56;2025-04-05;4
2025-04-05 06:04:30;06:04:30;569.54299047;2.37436447;14.60182471;985.69;2025-04-05;4
2025-04-05 06:08:29;06:08:29;608.89343219;2.33848983;14.00679893;985.75;2025-04-05;4
2025-04-05 06:12:32;06:12:32;561.8368623;2.12239455;11.43880082;985.75;2025-04-05;4
2025-04-05 06:16:30;06:16:30;584.29940612;2.1714044;12.77685905;985.75;2025-04-05;4
2025-04-05 06:20:35;06:20:35;606.10610924;2.21193991;16.48017475;985.75;2025-04-05;4
2025-04-05 06:24:31;06:24:31;604.30254732;2.19640365;16.83407113;985.88;2025-04-05;4
2025-04-05 06:28:31;06:28:31;615.34253236;2.02352743;14.45936642;985.88;2025-04-05;4
2025-04-05 06:32:29;06:32:29;653.10802573;2.19230773;19.1388963;985.88;2025-04-05;4
2025-04-05 06:36:33;06:36:33;;2.41264016;94.1154438;986.0;2025-04-05;4
2025-04-05 06:40:33;06:40:33;;2.45783656;68.91982087;986.0;2025-04-05;4
2025-04-05 06:44:33;06:44:33;923.75161933;2.93734209;43.38679672;986.06;2025-04-05;4
2025-04-05 06:48:32;06:48:32;892.38057273;2.95626808;45.8370793;986.06;2025-04-05;4
2025-04-05 06:52:35;06:52:35;;2.71474983;68.09956103;986.06;2025-04-05;4
2025-04-05 06:56:35;06:56:35;;2.50642269;67.38427046;986.19;2025-04-05;4
2025-04-05 07:00:35;07:00:35;899.43086021;2.35148379;39.57941149;986.19;2025-04-05;4
2025-04-05 07:04:33;07:04:33;705.24736101;2.40854424;25.60650264;986.25;2025-04-05;4
2025-04-05 07:08:36;07:08:36;783.12844358;2.36151174;24.08894696;986.25;2025-04-05;4
2025-04-05 07:12:36;07:12:36;998.08023146;2.31815145;42.46456674;986.25;2025-04-05;4
2025-04-05 07:16:36;07:16:36;;2.33156913;55.81365824;986.25;2025-04-05;4
2025-04-05 07:20:32;07:20:32;901.72630264;2.39894001;39.63189612;986.25;2025-04-05;4
2025-04-05 07:24:33;07:24:33;;2.71743337;49.3805418;986.25;2025-04-05;4
2025-04-05 07:28:34;07:28:34;;2.37916658;52.40515622;986.38;2025-04-05;4
2025-04-05 07:32:32;07:32:32;969.82442817;2.17564156;35.18119925;986.38;2025-04-05;4
2025-04-05 07:36:32;07:36:32;635.67359392;2.27719221;15.50845926;986.25;2025-04-05;4
2025-04-05 07:40:32;07:40:32;621.79163253;2.34894149;14.25782543;986.25;2025-04-05;4
2025-04-05 07:44:32;07:44:32;622.55678001;2.34922397;16.02730734;986.25;2025-04-05;4
2025-04-05 07:48:32;07:48:32;598.8372082;2.48947404;12.9849981;986.19;2025-04-05;4
2025-04-05 07:52:31;07:52:31;575.93743725;2.42506917;12.71057845;986.25;2025-04-05;4
2025-04-05 07:56:31;07:56:31;555.44241552;2.45826028;11.20546913;986.25;2025-04-05;4
2025-04-05 08:00:32;08:00:32;617.09144088;2.48071724;15.66441359;986.19;2025-04-05;4
2025-04-05 08:04:31;08:04:31;656.55118938;2.38199136;18.0637111;986.25;2025-04-05;4
2025-04-05 08:08:31;08:08:31;597.74414037;2.38721719;15.21004663;986.25;2025-04-05;4
2025-04-05 08:12:30;08:12:30;548.50143483;2.3161741;9.2642875;986.38;2025-04-05;4
2025-04-05 08:16:31;08:16:31;552.4911324;2.29583573;11.10604824;986.38;2025-04-05;4
2025-04-05 08:20:31;08:20:31;532.57543662;2.21081;9.18930945;986.25;2025-04-05;4
2025-04-05 08:24:35;08:24:35;505.10117682;2.09711282;7.13940964;986.38;2025-04-05;4
2025-04-05 08:28:40;08:28:40;496.76653465;1.94810595;6.03138406;986.5;2025-04-05;4
2025-04-05 08:32:40;08:32:40;673.87631442;2.0434421;26.8901268;986.38;2025-04-05;4
2025-04-05 08:36:40;08:36:40;628.56865305;2.08849726;17.01701756;986.38;2025-04-05;4
2025-04-05 08:40:42;08:40:42;700.2739024;2.04301838;15.66141447;986.25;2025-04-05;4
2025-04-05 08:44:43;08:44:43;560.85310126;2.36179422;9.90609958;986.19;2025-04-05;4
2025-04-05 08:48:41;08:48:41;597.30691324;2.38043773;14.11566705;986.19;2025-04-05;4
2025-04-05 08:52:43;08:52:43;583.64356542;2.51433206;13.03103462;986.19;2025-04-05;4
2025-04-05 08:56:45;08:56:45;597.19760646;2.63424375;13.87873642;986.19;2025-04-05;4
2025-04-05 09:00:45;09:00:45;561.8368623;2.68593713;12.83219284;986.19;2025-04-05;4
2025-04-05 09:04:43;09:04:43;500.67971747;2.85895458;7.97676447;986.19;2025-04-05;4
2025-04-05 09:08:46;09:08:46;513.13522534;2.74257386;8.61962625;986.19;2025-04-05;4
2025-04-05 09:12:51;09:12:51;514.86773784;2.53043327;9.58219442;986.25;2025-04-05;4
2025-04-05 09:16:52;09:16:52;474.22747609;2.56602544;7.38158873;986.25;2025-04-05;4
2025-04-05 09:20:54;09:20:54;464.16032142;2.48170591;6.79675997;986.38;2025-04-05;4
2025-04-05 09:24:55;09:24:55;460.50400954;2.5502067;5.48809313;986.38;2025-04-05;4
2025-04-05 09:28:59;09:28:59;473.42407124;2.53678902;6.3840808;986.38;2025-04-05;4
2025-04-05 09:33:04;09:33:04;549.37588909;2.35967564;9.97208026;986.5;2025-04-05;4
2025-04-05 09:37:02;09:37:02;532.5317139;2.23934023;8.40653864;986.5;2025-04-05;4
2025-04-05 09:40:59;09:40:59;513.99874892;2.55034794;7.2061401;986.56;2025-04-05;4
2025-04-05 09:44:55;09:44:55;492.79869845;2.44385393;7.23013308;986.5;2025-04-05;4
2025-04-05 09:48:53;09:48:53;493.99014238;2.40600194;7.26132395;986.5;2025-04-05;4
2025-04-05 09:52:53;09:52:53;522.94004373;2.36885615;8.95417829;986.56;2025-04-05;4
2025-04-05 09:56:51;09:56:51;535.94208552;2.50543402;8.51075812;986.5;2025-04-05;4
2025-04-05 10:00:58;10:00:58;510.12382348;2.71955195;8.55424539;986.56;2025-04-05;4
2025-04-05 10:04:59;10:04:59;502.02965623;2.88409508;8.05474164;986.56;2025-04-05;4
2025-04-05 10:09:02;10:09:02;532.89789162;2.76390091;10.44129288;986.5;2025-04-05;4
2025-04-05 10:13:01;10:13:01;579.27129412;2.84737301;11.24175851;986.5;2025-04-05;4
2025-04-05 10:17:01;10:17:01;;8.6145745;263.71278715;986.5;2025-04-05;4
2025-04-05 10:20:59;10:20:59;;10.26297184;317.35208203;986.5;2025-04-05;4
2025-04-05 10:24:55;10:24:55;;11.89583292;337.71611961;986.38;2025-04-05;4
2025-04-05 10:28:54;10:28:54;;8.43336519;190.62418687;986.25;2025-04-05;4
2025-04-05 10:32:55;10:32:55;;10.06537884;280.0280102;986.25;2025-04-05;4
2025-04-05 10:36:54;10:36:54;;10.20082679;283.83689499;986.38;2025-04-05;4
2025-04-05 10:40:56;10:40:56;;8.93278538;236.09087461;986.25;2025-04-05;4
2025-04-05 10:44:52;10:44:52;;8.80976644;206.30959432;986.25;2025-04-05;4
2025-04-05 10:48:55;10:48:55;;9.09408002;204.15022656;986.19;2025-04-05;4
2025-04-05 10:53:03;10:53:03;837.34460772;7.14766894;137.88012988;986.06;2025-04-05;4
2025-04-05 10:57:02;10:57:02;;7.17379811;162.20750703;986.06;2025-04-05;4
2025-04-05 11:00:59;11:00:59;;8.80298698;228.12820601;986.06;2025-04-05;4
2025-04-05 11:05:07;11:05:07;910.36153846;7.05614623;146.26117598;986.06;2025-04-05;4
2025-04-05 11:09:10;11:09:10;984.36223025;6.74655092;135.75975071;986.06;2025-04-05;4
2025-04-05 11:13:15;11:13:15;667.59117442;6.48695411;109.30299702;986.06;2025-04-05;4
2025-04-05 11:17:18;11:17:18;717.98160118;5.35718543;94.78874667;986.0;2025-04-05;4
2025-04-05 11:21:15;11:21:15;700.82043632;5.69220372;97.99930664;986.0;2025-04-05;4
2025-04-05 11:25:12;11:25:12;738.64058308;6.22891093;110.67509528;986.0;2025-04-05;4
2025-04-05 11:29:15;11:29:15;689.0153038;6.17905366;115.37172015;986.0;2025-04-05;4
2025-04-05 11:33:11;11:33:11;813.89830286;6.18879913;124.81145627;986.0;2025-04-05;4
2025-04-05 11:37:09;11:37:09;784.71339192;5.46297324;92.94128759;986.0;2025-04-05;4
2025-04-05 11:41:07;11:41:07;699.23548797;4.97075623;68.16254259;986.0;2025-04-05;4
2025-04-05 11:45:15;11:45:15;645.40189756;5.03487862;56.90233948;986.0;2025-04-05;4
2025-04-05 11:49:13;11:49:13;609.82253984;5.74658063;67.19232666;986.0;2025-04-05;4
2025-04-05 11:53:14;11:53:14;544.40789583;5.04236427;53.16693318;985.88;2025-04-05;4
2025-04-05 11:57:11;11:57:11;551.34341118;4.32670758;39.76235792;985.88;2025-04-05;4
2025-04-05 12:01:11;12:01:11;559.54141987;4.82061945;53.15043801;985.88;2025-04-05;4
2025-04-05 12:05:09;12:05:09;493.66222203;4.87104168;51.6343819;985.75;2025-04-05;4
2025-04-05 12:09:08;12:09:08;532.1546055;4.29591753;50.62367782;985.75;2025-04-05;4
2025-04-05 12:13:06;12:13:06;540.05748588;4.54901735;58.59984247;985.69;2025-04-05;4
2025-04-05 12:17:04;12:17:04;512.61055278;4.18561007;40.92151853;985.69;2025-04-05;4
2025-04-05 12:21:02;12:21:02;562.16478265;3.89253969;39.46694442;985.69;2025-04-05;4
2025-04-05 12:25:01;12:25:01;583.1516849;3.92036372;45.5221715;985.56;2025-04-05;4
2025-04-05 12:29:05;12:29:05;561.29032839;4.00934413;45.91955515;985.56;2025-04-05;4
2025-04-05 12:33:02;12:33:02;576.48397117;3.37136873;30.18166307;985.69;2025-04-05;4
2025-04-05 12:37:01;12:37:01;626.65578436;3.81288104;36.88919916;985.69;2025-04-05;4
2025-04-05 12:41:02;12:41:02;802.91297122;5.3311975;84.99961284;985.56;2025-04-05;4
2025-04-05 12:45:02;12:45:02;775.80488914;4.57076812;63.41793177;985.5;2025-04-05;4
2025-04-05 12:49:00;12:49:00;708.25329753;5.20012795;81.26720566;985.38;2025-04-05;4
2025-04-05 12:53:00;12:53:00;622.22885966;5.91070005;85.58144249;985.38;2025-04-05;4
2025-04-05 12:56:57;12:56:57;674.14958137;5.74813426;92.97277837;985.25;2025-04-05;4
2025-04-05 13:00:54;13:00:54;661.63395477;5.14151387;70.69080234;985.25;2025-04-05;4
2025-04-05 13:05:01;13:05:01;638.46091687;4.99773283;65.39435309;985.19;2025-04-05;4
2025-04-05 13:08:59;13:08:59;599.00116837;4.30114336;44.68391693;985.19;2025-04-05;4
2025-04-05 13:13:00;13:13:00;610.86095428;4.29309275;45.70661749;985.06;2025-04-05;4
2025-04-05 13:16:58;13:16:58;576.53862456;3.9964914;38.07985055;985.06;2025-04-05;4
2025-04-05 13:21:00;13:21:00;597.52552681;3.76372996;35.73303767;985.06;2025-04-05;4
2025-04-05 13:25:09;13:25:09;573.42338125;3.74889989;30.65702389;985.06;2025-04-05;4
2025-04-05 13:29:16;13:29:16;601.84314472;3.888585;36.62527643;985.06;2025-04-05;4
2025-04-05 13:33:14;13:33:14;583.97148577;3.90539241;34.07602283;985.0;2025-04-05;4
2025-04-05 13:37:12;13:37:12;588.56237064;3.99183052;38.79364155;984.88;2025-04-05;4
2025-04-05 13:41:09;13:41:09;608.89343219;4.5007137;54.51803759;984.88;2025-04-05;4
2025-04-05 13:45:07;13:45:07;544.66476677;4.04945593;38.19981542;984.88;2025-04-05;4
2025-04-05 13:49:03;13:49:03;530.93583488;3.57531748;30.47557701;984.75;2025-04-05;4
2025-04-05 13:53:00;13:53:00;579.59921447;4.25072113;45.87306876;984.75;2025-04-05;4
2025-04-05 13:56:56;13:56:56;559.15884613;3.83265446;38.15032991;984.69;2025-04-05;4
2025-04-05 14:01:00;14:01:00;552.16321205;3.32292385;27.96981068;984.69;2025-04-05;4
2025-04-05 14:04:56;14:04:56;541.87744381;2.98508078;19.95765657;984.56;2025-04-05;4
2025-04-05 14:08:53;14:08:53;552.38182561;3.02604001;24.36636574;984.5;2025-04-05;4
2025-04-05 14:12:53;14:12:53;570.6360583;3.05711254;26.88112944;984.56;2025-04-05;4
2025-04-05 14:16:50;14:16:50;561.8915157;2.8932756;20.58147392;984.5;2025-04-05;4
2025-04-05 14:20:51;14:20:51;618.56708245;3.34566328;39.1565353;984.38;2025-04-05;4
2025-04-05 14:24:54;14:24:54;675.18799581;3.52263543;40.54512873;984.25;2025-04-05;4
2025-04-05 14:28:51;14:28:51;654.36505373;3.80737273;50.56369538;984.25;2025-04-05;4
2025-04-05 14:32:48;14:32:48;654.36505373;3.60766115;39.28549754;984.19;2025-04-05;4
2025-04-05 14:36:49;14:36:49;682.1289765;4.01188642;49.04014147;984.06;2025-04-05;4
2025-04-05 14:40:48;14:40:48;582.65980438;3.24298272;25.94540341;984.0;2025-04-05;4
2025-04-05 14:44:46;14:44:46;613.97619758;3.75101847;41.79276344;983.88;2025-04-05;4
2025-04-05 14:48:43;14:48:43;679.0137332;4.39280731;60.44730155;983.88;2025-04-05;4
2025-04-05 14:52:45;14:52:45;635.07240661;3.69706527;39.8283386;983.88;2025-04-05;4
2025-04-05 14:56:49;14:56:49;705.19270762;4.41625294;57.82756858;983.75;2025-04-05;4
2025-04-05 15:00:46;15:00:46;648.84506121;3.82771111;48.40582719;983.75;2025-04-05;4
2025-04-05 15:04:47;15:04:47;600.91403707;3.87601475;38.07085318;983.75;2025-04-05;4
2025-04-05 15:08:56;15:08:56;616.3809468;3.49241034;35.82301133;983.69;2025-04-05;4
2025-04-05 15:12:58;15:12:58;584.51801968;3.39679171;30.79048481;983.69;2025-04-05;4
2025-04-05 15:16:59;15:16:59;552.60043918;3.85242788;41.09846672;983.56;2025-04-05;4
2025-04-05 15:20:55;15:20:55;590.14731898;3.6195252;39.63039656;983.56;2025-04-05;4
2025-04-05 15:24:53;15:24:53;631.46528279;4.13744766;50.68665938;983.56;2025-04-05;4
2025-04-05 15:29:01;15:29:01;607.41779063;3.15075382;26.39677125;983.5;2025-04-05;4
2025-04-05 15:32:57;15:32:57;572.60358039;3.26671083;26.93061495;983.5;2025-04-05;4
2025-04-05 15:36:54;15:36:54;562.16478265;3.15569718;24.73825685;983.38;2025-04-05;4
2025-04-05 15:41:01;15:41:01;674.20423476;3.78223223;49.25157956;983.25;2025-04-05;4
2025-04-05 15:45:07;15:45:07;682.34759006;3.7926839;48.56328109;983.25;2025-04-05;4
2025-04-05 15:49:09;15:49:09;656.4418826;3.49580007;40.20622796;983.25;2025-04-05;4
2025-04-05 15:53:05;15:53:05;742.63028064;4.19888652;58.31792501;983.19;2025-04-05;4
2025-04-05 15:57:05;15:57:05;657.80821738;3.51034766;40.22422269;983.19;2025-04-05;4
2025-04-05 16:01:08;16:01:08;671.90879233;3.58972383;43.24733755;983.19;2025-04-05;4
2025-04-05 16:05:04;16:05:04;580.80158908;3.08917373;26.99059738;983.19;2025-04-05;4
2025-04-05 16:09:11;16:09:11;670.81572451;3.51020642;45.50417677;983.06;2025-04-05;4
2025-04-05 16:13:09;16:13:09;714.86635787;3.77135685;48.04293344;983.06;2025-04-05;4
2025-04-05 16:17:12;16:17:12;654.91158764;3.53732425;36.78273033;983.06;2025-04-05;4
2025-04-05 16:21:14;16:21:14;660.48623355;3.74649883;42.17065279;983.0;2025-04-05;4
2025-04-05 16:25:12;16:25:12;592.22414785;3.16445398;30.86096417;983.06;2025-04-05;4
2025-04-05 16:29:10;16:29:10;601.02334385;3.28973274;29.9192399;983.0;2025-04-05;4
2025-04-05 16:33:08;16:33:08;607.36313724;3.20089358;30.37210731;983.0;2025-04-05;4
2025-04-05 16:37:15;16:37:15;788.37516914;3.72262948;67.52372963;983.0;2025-04-05;4
2025-04-05 16:41:12;16:41:12;801.81990339;3.65794214;47.33364112;982.88;2025-04-05;4
2025-04-05 16:45:13;16:45:13;696.66677858;3.50483934;37.51001739;983.0;2025-04-05;4
2025-04-05 16:49:15;16:49:15;650.8125833;3.97233958;49.30556375;983.0;2025-04-05;4
2025-04-05 16:53:16;16:53:16;643.54368226;4.06301485;51.19800966;982.88;2025-04-05;4
2025-04-05 16:57:22;16:57:22;666.00622607;3.71330773;42.78997146;982.88;2025-04-05;4
2025-04-05 17:01:20;17:01:20;592.11484107;3.01205738;28.88454285;982.88;2025-04-05;4
2025-04-05 17:05:20;17:05:20;636.54804818;3.58831144;40.29770118;982.88;2025-04-05;4
2025-04-05 17:09:22;17:09:22;625.23479618;3.28507186;30.53705901;982.88;2025-04-05;4
2025-04-05 17:13:32;17:13:32;616.76352054;3.17448193;26.25731208;983.0;2025-04-05;4
2025-04-05 17:17:33;17:17:33;625.56271653;3.34509833;33.84808957;983.0;2025-04-05;4
2025-04-05 17:21:36;17:21:36;723.61090048;4.7497176;73.3720173;983.0;2025-04-05;4
2025-04-05 17:25:40;17:25:40;731.69960239;4.50565706;62.93657271;983.0;2025-04-05;4
2025-04-05 17:29:37;17:29:37;943.80941392;5.45633502;103.62865842;983.0;2025-04-05;4
2025-04-05 17:33:46;17:33:46;;4.54972355;77.21389243;983.0;2025-04-05;4
2025-04-05 17:37:43;17:37:43;921.34687011;4.91920409;83.13115991;983.0;2025-04-05;4
2025-04-05 17:41:46;17:41:46;639.88190504;3.65709471;42.89344117;983.0;2025-04-05;4
2025-04-05 17:45:48;17:45:48;687.10243511;3.88406536;48.65775343;983.0;2025-04-05;4
2025-04-05 17:49:47;17:49:47;540.51110903;2.89355808;20.4555108;983.06;2025-04-05;4
2025-04-05 17:53:44;17:53:44;670.59711094;3.82276775;42.43007684;983.06;2025-04-05;4
2025-04-05 17:57:46;17:57:46;627.25697166;2.96643727;27.95931375;983.06;2025-04-05;4
2025-04-05 18:01:48;18:01:48;878.55326474;4.08829658;80.4979309;983.19;2025-04-05;4
2025-04-05 18:05:47;18:05:47;762.63342185;3.18747589;46.66333737;983.06;2025-04-05;4
2025-04-05 18:09:45;18:09:45;798.26743296;3.68068158;52.73805875;983.19;2025-04-05;4
2025-04-05 18:13:52;18:13:52;;4.77217456;84.9396304;983.19;2025-04-05;4
2025-04-05 18:17:54;18:17:54;939.05456888;3.86711671;64.56359633;983.25;2025-04-05;4
2025-04-05 18:21:56;18:21:56;816.08443851;3.81429342;47.73852257;983.25;2025-04-05;4
2025-04-05 18:25:59;18:25:59;753.83422585;3.85115674;46.49088787;983.25;2025-04-05;4
2025-04-05 18:29:55;18:29:55;615.23322558;3.38012554;30.5760476;983.25;2025-04-05;4
2025-04-05 18:33:54;18:33:54;736.45444743;3.37715952;41.00249482;983.25;2025-04-05;4
2025-04-05 18:37:52;18:37:52;688.57807667;3.48125247;41.30090745;983.25;2025-04-05;4
2025-04-05 18:41:54;18:41:54;740.33483821;3.82601624;46.17747963;983.25;2025-04-05;4
2025-04-05 18:46:01;18:46:01;;4.78968817;89.29585494;983.38;2025-04-05;4
2025-04-05 18:49:57;18:49:57;;4.11979282;72.58924649;983.25;2025-04-05;4
2025-04-05 18:53:59;18:53:59;;4.34309127;92.1345238;983.25;2025-04-05;4
2025-04-05 18:57:59;18:57:59;;5.18995876;127.71160713;983.38;2025-04-05;4
2025-04-05 19:02:03;19:02:03;;5.16962038;93.71806015;983.38;2025-04-05;4
2025-04-05 19:06:00;19:06:00;;4.60297055;81.72457175;983.38;2025-04-05;4
2025-04-05 19:10:03;19:10:03;903.2565976;4.00397705;61.1326009;983.5;2025-04-05;4
2025-04-05 19:14:04;19:14:04;820.5660166;3.59438471;46.52087908;983.38;2025-04-05;4
2025-04-05 19:18:03;19:18:03;958.23790922;4.25552325;68.34698859;983.25;2025-04-05;4
2025-04-05 19:22:00;19:22:00;;5.14984695;93.6700742;983.25;2025-04-05;4
2025-04-05 19:26:03;19:26:03;;5.38274964;100.23215288;983.25;2025-04-05;4
2025-04-05 19:30:05;19:30:05;;4.45424616;83.07267703;983.25;2025-04-05;4
2025-04-05 19:34:03;19:34:03;;6.08301131;227.3034475;983.38;2025-04-05;4
2025-04-05 19:38:01;19:38:01;;4.45947199;94.0194719;983.25;2025-04-05;4
2025-04-05 19:42:03;19:42:03;817.28681312;4.49125071;65.5668026;983.25;2025-04-05;4
2025-04-05 19:46:16;19:46:16;733.55781769;4.19775661;57.38369854;983.38;2025-04-05;4
2025-04-05 19:50:13;19:50:13;847.29152493;4.65777118;80.66738128;983.5;2025-04-05;4
2025-04-05 19:54:15;19:54:15;;4.93106815;109.22202073;983.5;2025-04-05;4
2025-04-05 19:58:12;19:58:12;913.14886142;4.21753003;67.96460055;983.56;2025-04-05;4
2025-04-05 20:02:08;20:02:08;728.03782517;4.06287361;46.17148139;983.69;2025-04-05;4
2025-04-05 20:06:10;20:06:10;801.98386357;4.10807;62.25427248;983.69;2025-04-05;4
2025-04-05 20:10:16;20:10:16;813.57038252;4.09225127;63.08352968;983.69;2025-04-05;4
2025-04-05 20:14:18;20:14:18;740.66275855;3.54692849;44.52646303;983.75;2025-04-05;4
2025-04-05 20:18:16;20:18:16;733.77643125;3.43238387;40.78805761;983.75;2025-04-05;4
2025-04-05 20:22:12;20:22:12;759.73679211;3.78901169;51.96728442;983.88;2025-04-05;4
2025-04-05 20:26:10;20:26:10;780.88765453;3.88364165;53.33938269;984.0;2025-04-05;4
2025-04-05 20:30:14;20:30:14;823.24403277;4.19987519;58.3029294;984.0;2025-04-05;4
2025-04-05 20:34:11;20:34:11;798.59535331;3.81344599;53.30639234;984.0;2025-04-05;4
2025-04-05 20:38:12;20:38:12;714.64774431;3.75850412;44.53995908;984.0;2025-04-05;4
2025-04-05 20:42:15;20:42:15;719.18397578;3.99790379;46.03052266;984.19;2025-04-05;4
2025-04-05 20:46:12;20:46:12;748.20492655;4.11838043;49.76592896;984.19;2025-04-05;4
2025-04-05 20:50:08;20:50:08;784.65873853;4.0486085;50.87710362;984.19;2025-04-05;4
2025-04-05 20:54:09;20:54:09;901.56234247;3.97050347;53.48783922;984.19;2025-04-05;4
2025-04-05 20:58:08;20:58:08;816.13909191;3.70511588;45.50117764;984.25;2025-04-05;4
2025-04-05 21:02:08;21:02:08;740.71741195;3.58859392;35.93997708;984.25;2025-04-05;4
2025-04-05 21:06:05;21:06:05;674.47750172;3.63138926;29.07798621;984.25;2025-04-05;4
2025-04-05 21:10:05;21:10:05;724.48535474;3.46854099;32.91086398;984.25;2025-04-05;4
2025-04-05 21:14:06;21:14:06;675.78918311;3.82206156;32.33503258;984.25;2025-04-05;4
2025-04-05 21:18:03;21:18:03;683.71392485;3.68491874;33.35473402;984.38;2025-04-05;4
2025-04-05 21:22:02;21:22:02;629.98964122;3.64791419;26.24231647;984.38;2025-04-05;4
2025-04-05 21:26:00;21:26:00;672.23671268;3.19157182;27.23052713;984.38;2025-04-05;4
2025-04-05 21:29:59;21:29:59;630.04429461;3.40611346;33.97105357;984.56;2025-04-05;4
2025-04-05 21:34:01;21:34:01;599.16512854;3.30950617;28.14375975;984.56;2025-04-05;4
2025-04-05 21:37:58;21:37:58;579.54456108;3.05372281;21.0853264;984.56;2025-04-05;4
2025-04-05 21:41:54;21:41:54;630.04429461;2.99750979;24.02896452;984.5;2025-04-05;4
2025-04-05 21:45:50;21:45:50;662.28979547;2.6260519;21.11831674;984.5;2025-04-05;4
2025-04-05 21:49:48;21:49:48;598.61859463;3.01897808;18.66503504;984.5;2025-04-05;4
2025-04-05 21:53:47;21:53:47;620.26133758;3.22561035;23.06024816;984.38;2025-04-05;4
2025-04-05 21:57:44;21:57:44;716.23269266;2.93946067;35.85750123;984.38;2025-04-05;4
2025-04-05 22:01:51;22:01:51;710.27547301;2.64879134;29.76028644;984.25;2025-04-05;4
2025-04-05 22:05:53;22:05:53;709.51032553;3.55201308;44.44398718;984.38;2025-04-05;4
2025-04-05 22:09:49;22:09:49;610.25976697;3.01375224;20.08661881;984.38;2025-04-05;4
2025-04-05 22:13:47;22:13:47;612.55520941;2.82307994;23.39165112;984.38;2025-04-05;4
2025-04-05 22:17:45;22:17:45;660.10365982;2.49582978;23.20720513;984.5;2025-04-05;4
2025-04-05 22:21:47;22:21:47;653.54525286;2.57577091;24.10544213;984.5;2025-04-05;4
2025-04-05 22:25:54;22:25:54;700.32855579;2.83861621;25.72496795;984.5;2025-04-05;4
2025-04-05 22:29:55;22:29:55;696.12024467;2.9428504;25.66648507;984.5;2025-04-05;4
2025-04-05 22:33:57;22:33:57;683.27669772;2.67633289;23.49512083;984.38;2025-04-05;4
2025-04-05 22:38:00;22:38:00;730.06000065;3.11544414;41.81825597;984.38;2025-04-05;4
2025-04-05 22:41:59;22:41:59;668.68424225;2.73113352;23.66607078;984.5;2025-04-05;4
2025-04-05 22:46:01;22:46:01;628.07677253;2.77873098;19.5992615;984.38;2025-04-05;4
2025-04-05 22:49:59;22:49:59;684.75233928;2.63170145;25.54352108;984.38;2025-04-05;4
2025-04-05 22:53:56;22:53:56;666.88068033;2.75641526;29.88475;984.38;2025-04-05;4
2025-04-05 22:57:55;22:57:55;704.86478727;3.4558295;41.0339856;984.38;2025-04-05;4
2025-04-05 23:01:52;23:01:52;790.99853192;4.06470971;56.40898393;984.38;2025-04-05;4
2025-04-05 23:05:51;23:05:51;758.42511072;3.36882644;41.75527441;984.38;2025-04-05;4
2025-04-05 23:09:54;23:09:54;719.23862918;3.0832417;34.61736433;984.25;2025-04-05;4
2025-04-05 23:13:52;23:13:52;804.71653313;3.60681372;42.99990999;984.25;2025-04-05;4
2025-04-05 23:17:50;23:17:50;723.33763352;3.34340346;33.99954522;984.25;2025-04-05;4
2025-04-05 23:21:48;23:21:48;640.86566609;3.19891623;25.92590912;984.25;2025-04-05;4
2025-04-05 23:25:48;23:25:48;651.74169095;2.58565762;23.73954926;984.38;2025-04-05;4
2025-04-05 23:29:45;23:29:45;653.59990625;2.76333596;28.77957359;984.38;2025-04-05;4
2025-04-05 23:33:42;23:33:42;585.22851377;2.88155278;21.80511565;984.38;2025-04-05;4
2025-04-05 23:37:44;23:37:44;592.5520682;2.57619463;19.39382166;984.38;2025-04-05;4
2025-04-05 23:41:41;23:41:41;659.50247251;2.41631237;25.27959835;984.38;2025-04-05;4
2025-04-05 23:45:44;23:45:44;775.53162219;2.25967861;33.63215279;984.25;2025-04-05;4
2025-04-05 23:49:42;23:49:42;870.24594927;2.86234431;41.25442106;984.38;2025-04-05;4
2025-04-05 23:53:44;23:53:44;799.46980757;2.93056263;39.43095495;984.38;2025-04-05;4
2025-04-05 23:57:42;23:57:42;;3.19976367;62.33524877;984.38;2025-04-05;4
2025-04-06 00:01:39;00:01:39;771.54192463;3.08211179;32.36052512;984.38;2025-04-06;4
2025-04-06 00:05:36;00:05:36;806.73870861;3.34848806;46.65434001;984.38;2025-04-06;4
2025-04-06 00:09:38;00:09:38;797.50228548;3.36218822;46.03052266;984.25;2025-04-06;4
2025-04-06 00:13:39;00:13:39;765.25678463;3.1962327;37.93739226;984.19;2025-04-06;4
2025-04-06 00:17:36;00:17:36;678.19393233;2.63720976;24.82523138;984.19;2025-04-06;4
2025-04-06 00:21:38;00:21:38;612.44590262;2.43340226;17.82078223;984.06;2025-04-06;4
2025-04-06 00:25:35;00:25:35;599.60235567;2.8907333;23.14272401;984.06;2025-04-06;4
2025-04-06 00:29:33;00:29:33;578.67010682;2.45261073;17.10549166;984.19;2025-04-06;4
2025-04-06 00:33:40;00:33:40;612.11798228;2.47718627;22.30446944;984.19;2025-04-06;4
2025-04-06 00:37:37;00:37:37;663.60147686;2.25530021;23.91349833;984.06;2025-04-06;4
2025-04-06 00:41:35;00:41:35;694.75390988;2.58198541;26.33378969;984.06;2025-04-06;4
2025-04-06 00:45:37;00:45:37;662.7270226;2.51136604;22.78432894;984.06;2025-04-06;4
2025-04-06 00:49:39;00:49:39;658.79197843;2.35218998;22.41693651;984.06;2025-04-06;4
2025-04-06 00:53:34;00:53:34;699.12618119;2.35218998;27.04308202;984.06;2025-04-06;4
2025-04-06 00:57:38;00:57:38;741.26394586;2.34343318;30.0766938;984.06;2025-04-06;4
2025-04-06 01:01:39;01:01:39;743.01285438;2.69497641;31.56125913;984.0;2025-04-06;4
2025-04-06 01:05:36;01:05:36;658.24544451;2.61023316;22.15601291;984.0;2025-04-06;4
2025-04-06 01:09:35;01:09:35;680.8719485;2.42266812;23.85951414;984.06;2025-04-06;4
2025-04-06 01:13:38;01:13:38;727.54594465;2.69186915;30.64352784;984.06;2025-04-06;4
2025-04-06 01:17:37;01:17:37;673.54839407;2.71093638;22.13201993;984.06;2025-04-06;4
2025-04-06 01:21:35;01:21:35;641.08427965;2.49752465;19.2768559;984.06;2025-04-06;4
2025-04-06 01:25:39;01:25:39;687.7582758;2.17874881;22.43942993;984.06;2025-04-06;4
2025-04-06 01:29:38;01:29:38;677.42878485;2.14456904;24.80873621;984.06;2025-04-06;4
2025-04-06 01:33:36;01:33:36;636.22012783;2.38693471;19.88117896;984.0;2025-04-06;4
2025-04-06 01:37:37;01:37:37;736.89167456;2.47351406;27.97730848;984.0;2025-04-06;4
2025-04-06 01:41:40;01:41:40;666.71672016;2.09781901;21.20529127;984.0;2025-04-06;4
2025-04-06 01:45:37;01:45:37;652.6707986;2.02253876;18.62904557;983.88;2025-04-06;4
2025-04-06 01:49:38;01:49:38;638.62487704;2.30656987;21.27427108;983.88;2025-04-06;4
2025-04-06 01:53:45;01:53:45;608.89343219;2.54822936;20.90687864;983.75;2025-04-06;4
2025-04-06 01:57:42;01:57:42;605.34096176;2.220273;16.82657332;983.75;2025-04-06;4
2025-04-06 02:01:43;02:01:43;617.14609427;1.91533856;17.15197805;983.75;2025-04-06;4
2025-04-06 02:05:38;02:05:38;653.27198591;2.21561212;22.490415;983.75;2025-04-06;4
2025-04-06 02:09:36;02:09:36;683.00343076;2.36334784;25.0666607;983.75;2025-04-06;4
2025-04-06 02:13:31;02:13:31;698.96222101;2.29767183;27.59642;983.69;2025-04-06;4
2025-04-06 02:17:39;02:17:39;;2.4761976;63.02654637;983.69;2025-04-06;4
2025-04-06 02:21:37;02:21:37;748.09561977;2.220273;25.6155;983.56;2025-04-06;4
2025-04-06 02:25:34;02:25:34;817.83334703;2.68805571;35.60857411;983.5;2025-04-06;4
2025-04-06 02:29:34;02:29:34;710.65804675;2.35685086;24.46083808;983.5;2025-04-06;4
2025-04-06 02:33:33;02:33:33;657.80821738;2.42139697;20.57697524;983.5;2025-04-06;4
2025-04-06 02:37:36;02:37:36;662.23514208;2.62704057;20.28905954;983.5;2025-04-06;4
2025-04-06 02:41:39;02:41:39;660.32227338;2.73155724;19.6262536;983.5;2025-04-06;4
2025-04-06 02:45:38;02:45:38;664.5852379;2.76149985;23.46662917;983.5;2025-04-06;4
2025-04-06 02:49:40;02:49:40;640.86566609;2.27069523;18.11469617;983.5;2025-04-06;4
2025-04-06 02:53:49;02:53:49;673.9856212;2.4127814;22.82481709;983.5;2025-04-06;4
2025-04-06 02:57:47;02:57:47;742.35701368;2.77731859;25.41755796;983.5;2025-04-06;4
2025-04-06 03:01:44;03:01:44;647.15080608;2.31546791;18.21666632;983.5;2025-04-06;4
2025-04-06 03:05:42;03:05:42;668.24701512;2.21193991;18.9889402;983.5;2025-04-06;4
2025-04-06 03:09:41;03:09:41;657.86287077;1.97578874;18.32763383;983.5;2025-04-06;4
2025-04-06 03:13:39;03:13:39;762.96134219;2.67859271;33.18678319;983.5;2025-04-06;4
2025-04-06 03:17:37;03:17:37;683.87788502;2.84398328;23.22819898;983.5;2025-04-06;4
2025-04-06 03:21:35;03:21:35;652.61614521;2.45303444;19.16138971;983.5;2025-04-06;4
2025-04-06 03:25:37;03:25:37;666.66206677;2.54837059;21.50670302;983.38;2025-04-06;4
2025-04-06 03:29:35;03:29:35;663.82009042;2.62887668;20.6054669;983.38;2025-04-06;4
2025-04-06 03:33:33;03:33:33;671.36225842;2.58099674;16.16376739;983.38;2025-04-06;4
2025-04-06 03:37:30;03:37:30;703.82637284;2.42535165;20.01763901;983.25;2025-04-06;4
2025-04-06 03:41:28;03:41:28;715.63150535;2.64667276;20.30555471;983.19;2025-04-06;4
2025-04-06 03:45:30;03:45:30;692.34916067;2.75726269;20.88888391;983.19;2025-04-06;4
2025-04-06 03:49:33;03:49:33;695.9016311;2.66828228;20.26056788;983.19;2025-04-06;4
2025-04-06 03:53:31;03:53:31;674.86007546;2.55981093;17.9947313;983.19;2025-04-06;4
2025-04-06 03:57:29;03:57:29;630.04429461;2.54611077;15.08708263;983.06;2025-04-06;4
2025-04-06 04:01:27;04:01:27;609.11204576;2.62887668;13.83389955;983.06;2025-04-06;4
2025-04-06 04:05:23;04:05:23;675.2426492;2.62958287;20.58147392;983.06;2025-04-06;4
2025-04-06 04:09:31;04:09:31;651.24981043;2.60260627;18.16868037;983.0;2025-04-06;4
2025-04-06 04:13:34;04:13:34;649.61020869;2.40967415;17.77879452;983.06;2025-04-06;4
2025-04-06 04:17:34;04:17:34;621.51836558;2.39879877;14.29501454;983.06;2025-04-06;4
2025-04-06 04:21:33;04:21:33;604.08393376;2.47153672;11.95974829;983.06;2025-04-06;4
2025-04-06 04:25:31;04:25:31;616.59956036;2.53650654;13.17244322;983.06;2025-04-06;4
2025-04-06 04:29:27;04:29:27;616.21698662;2.40232974;13.52813908;983.06;2025-04-06;4
2025-04-06 04:33:29;04:33:29;639.71794487;2.6486501;17.94224666;983.06;2025-04-06;4
2025-04-06 04:37:32;04:37:32;598.78255481;2.60543105;11.74441134;983.06;2025-04-06;4
2025-04-06 04:41:31;04:41:31;582.60515099;2.61249298;10.72186073;983.0;2025-04-06;4
2025-04-06 04:45:27;04:45:27;604.13858715;2.64285931;13.38927973;983.0;2025-04-06;4
2025-04-06 04:49:36;04:49:36;638.2969567;2.50232676;15.16955848;983.0;2025-04-06;4
2025-04-06 04:53:34;04:53:34;611.79006193;2.6103744;14.52819627;983.0;2025-04-06;4
2025-04-06 04:57:32;04:57:32;582.49584421;2.66461008;10.16897261;983.0;2025-04-06;4
2025-04-06 05:01:29;05:01:29;601.24195741;2.62901791;13.6592007;983.0;2025-04-06;4
2025-04-06 05:05:28;05:05:28;636.93062192;2.35826325;14.31090989;982.88;2025-04-06;4
2025-04-06 05:09:28;05:09:28;593.86374959;2.53735397;13.47925339;982.88;2025-04-06;4
2025-04-06 05:13:25;05:13:25;571.07328543;2.55147785;11.03811813;982.88;2025-04-06;4
2025-04-06 05:17:26;05:17:26;553.03766631;2.48029352;8.71289894;982.75;2025-04-06;4
2025-04-06 05:21:22;05:21:22;605.12234819;2.2221091;11.6622354;982.75;2025-04-06;4
2025-04-06 05:25:18;05:25:18;623.64984784;2.08849726;14.17130076;982.69;2025-04-06;4
2025-04-06 05:29:16;05:29:16;566.64636074;2.59144841;9.51996264;982.56;2025-04-06;4
2025-04-06 05:33:15;05:33:15;570.08952439;2.5877762;9.39130031;982.56;2025-04-06;4
2025-04-06 05:37:12;05:37:12;559.54141987;2.28722016;10.4541891;982.56;2025-04-06;4
2025-04-06 05:41:14;05:41:14;629.88033444;2.17126316;13.91412606;982.56;2025-04-06;4
2025-04-06 05:45:26;05:45:26;549.75846283;2.15191345;7.72678766;982.56;2025-04-06;4
2025-04-06 05:49:22;05:49:22;533.9417714;2.53495291;7.48910725;982.5;2025-04-06;4
2025-04-06 05:53:20;05:53:20;572.93150073;2.14315665;8.98416951;982.5;2025-04-06;4
2025-04-06 05:57:26;05:57:26;619.76945706;1.93468827;13.87843651;982.5;2025-04-06;4
2025-04-06 06:01:28;06:01:28;612.33659584;1.97084538;11.34582804;982.5;2025-04-06;4
2025-04-06 06:05:24;06:05:24;698.90756762;2.22945352;19.30534756;982.38;2025-04-06;4
2025-04-06 06:09:22;06:09:22;658.51871147;2.26236214;17.33192536;982.38;2025-04-06;4
2025-04-06 06:13:19;06:13:19;664.31197094;2.11985226;18.08020627;982.25;2025-04-06;4
2025-04-06 06:17:16;06:17:16;631.79320314;2.11279032;14.49430619;982.38;2025-04-06;4
2025-04-06 06:21:14;06:21:14;620.97183166;2.65331098;17.08899649;982.5;2025-04-06;4
2025-04-06 06:25:12;06:25:12;581.40277638;2.29470582;12.08361202;982.5;2025-04-06;4
2025-04-06 06:29:08;06:29:08;701.42162362;2.2691416;18.50158289;982.56;2025-04-06;4
2025-04-06 06:33:07;06:33:07;799.41515418;1.89966106;23.80552994;982.56;2025-04-06;4
2025-04-06 06:37:06;06:37:06;883.74533691;2.29357591;25.492536;982.56;2025-04-06;4
2025-04-06 06:41:03;06:41:03;920.19914889;2.2873614;28.27722067;982.56;2025-04-06;4
2025-04-06 06:45:02;06:45:02;;2.32634329;37.89840367;982.56;2025-04-06;4
2025-04-06 06:49:00;06:49:00;862.10259397;2.1349648;29.83976317;982.69;2025-04-06;4
2025-04-06 06:52:57;06:52:57;818.48918773;2.34117336;23.94648867;982.69;2025-04-06;4
2025-04-06 06:56:59;06:56:59;901.9995696;2.49681845;32.37851985;982.69;2025-04-06;4
2025-04-06 07:00:56;07:00:56;801.38267626;2.41546494;26.1493437;982.69;2025-04-06;4
2025-04-06 07:04:54;07:04:54;807.17593574;2.45091586;29.51585801;982.69;2025-04-06;4
2025-04-06 07:08:52;07:08:52;850.95330215;2.27648602;35.61457236;982.56;2025-04-06;4
2025-04-06 07:12:50;07:12:50;822.97076581;2.46376859;27.62191254;982.56;2025-04-06;4
2025-04-06 07:16:52;07:16:52;996.44062972;2.54469839;32.7144215;982.5;2025-04-06;4
2025-04-06 07:20:53;07:20:53;830.84085416;2.34004345;26.79265534;982.5;2025-04-06;4
2025-04-06 07:24:51;07:24:51;717.98160118;2.33848983;19.33533878;982.56;2025-04-06;4
2025-04-06 07:28:48;07:28:48;759.57283194;2.57082755;23.6075879;982.5;2025-04-06;4
2025-04-06 07:32:44;07:32:44;735.19741943;2.47648008;22.02705067;982.5;2025-04-06;4
2025-04-06 07:36:42;07:36:42;679.83353407;2.417866;18.51058026;982.5;2025-04-06;4
2025-04-06 07:40:38;07:40:38;591.2950402;2.3212587;10.52586812;982.5;2025-04-06;4
2025-04-06 07:44:34;07:44:34;597.79879376;2.54441591;11.26440188;982.5;2025-04-06;4
2025-04-06 07:48:32;07:48:32;573.69664821;2.57972559;9.36385834;982.56;2025-04-06;4
2025-04-06 07:52:29;07:52:29;568.83249639;2.3230948;8.61437778;982.56;2025-04-06;4
2025-04-06 07:56:25;07:56:25;595.55800472;2.4517633;10.97798574;982.69;2025-04-06;4
2025-04-06 08:00:31;08:00:31;558.83092578;2.58932983;10.45313941;982.75;2025-04-06;4
2025-04-06 08:04:34;08:04:34;572.38496682;2.76460711;14.89708826;982.75;2025-04-06;4
2025-04-06 08:08:42;08:08:42;564.18695813;2.67633289;14.42622612;982.75;2025-04-06;4
2025-04-06 08:12:41;08:12:41;599.11047515;2.45345816;13.26406639;982.88;2025-04-06;4
2025-04-06 08:16:39;08:16:39;600.31284976;2.56207075;11.76825436;982.88;2025-04-06;4
2025-04-06 08:20:37;08:20:37;689.06995719;2.64342427;21.7301376;982.75;2025-04-06;4
2025-04-06 08:24:41;08:24:41;594.19166994;2.53424672;12.54787609;982.75;2025-04-06;4
2025-04-06 08:28:38;08:28:38;619.05896297;2.49286377;12.72347468;982.75;2025-04-06;4
2025-04-06 08:32:42;08:32:42;809.74464513;2.57788949;20.08511925;982.75;2025-04-06;4
2025-04-06 08:36:39;08:36:39;637.75042278;2.73367582;15.57893862;982.69;2025-04-06;4
2025-04-06 08:40:42;08:40:42;635.29102018;2.97816008;13.16404568;982.69;2025-04-06;4
2025-04-06 08:44:40;08:44:40;623.48588766;2.91022425;13.13375455;982.56;2025-04-06;4
2025-04-06 08:48:40;08:48:40;583.20633829;2.70048472;11.1454867;982.56;2025-04-06;4
2025-04-06 08:52:39;08:52:39;583.04237812;3.04270619;11.13184069;982.56;2025-04-06;4
2025-04-06 08:56:41;08:56:41;610.6969941;2.93126882;12.8040011;982.56;2025-04-06;4
2025-04-06 09:00:39;09:00:39;847.72875206;2.91742742;20.22457842;982.56;2025-04-06;4
2025-04-06 09:04:38;09:04:38;782.52725627;2.69243411;29.17395811;982.56;2025-04-06;4
2025-04-06 09:08:36;09:08:36;608.89343219;2.86290927;14.02554344;982.56;2025-04-06;4
2025-04-06 09:12:35;09:12:35;575.0083296;2.81135713;11.67423188;982.69;2025-04-06;4
2025-04-06 09:16:33;09:16:33;540.71879192;2.85076274;9.90130098;982.56;2025-04-06;4
2025-04-06 09:20:31;09:20:31;560.85310126;2.71700965;9.47242655;982.56;2025-04-06;4
2025-04-06 09:24:34;09:24:34;539.23768501;2.61870749;9.20250559;982.56;2025-04-06;4
2025-04-06 09:28:31;09:28:31;536.74002503;2.75330801;9.07579269;982.5;2025-04-06;4
2025-04-06 09:32:34;09:32:34;520.43145307;2.62237969;7.54294149;982.5;2025-04-06;4
2025-04-06 09:36:32;09:36:32;533.02359442;2.60571352;8.55724451;982.38;2025-04-06;4
2025-04-06 09:40:35;09:40:35;537.4614498;2.65627699;8.53190193;982.38;2025-04-06;4
2025-04-06 09:44:36;09:44:36;523.54123104;2.77887222;7.65900751;982.38;2025-04-06;4
2025-04-06 09:48:34;09:48:34;530.61884521;2.61319918;8.22254251;982.38;2025-04-06;4
2025-04-06 09:52:30;09:52:30;579.32594751;2.69511765;11.71112108;982.38;2025-04-06;4
2025-04-06 09:56:27;09:56:27;923.69696593;2.66630494;20.21408149;982.38;2025-04-06;4
2025-04-06 10:00:35;10:00:35;574.13387534;2.83988735;10.44774099;982.5;2025-04-06;4
2025-04-06 10:04:33;10:04:33;548.93866196;2.82067889;8.64976742;982.38;2025-04-06;4
2025-04-06 10:08:31;10:08:31;;10.93046612;366.17778628;982.5;2025-04-06;4
2025-04-06 10:12:37;10:12:37;974.41531304;8.73279132;226.47868898;982.5;2025-04-06;4
2025-04-06 10:16:40;10:16:40;865.38179744;7.05303898;161.56269583;982.5;2025-04-06;4
2025-04-06 10:20:39;10:20:39;993.98122711;8.0024458;192.03377416;982.38;2025-04-06;4
2025-04-06 10:24:40;10:24:40;864.9992237;7.71897964;186.98025378;982.25;2025-04-06;4
2025-04-06 10:28:36;10:28:36;727.10871752;5.24348824;105.76253364;982.38;2025-04-06;4
2025-04-06 10:32:36;10:32:36;866.96674579;6.95388939;158.41361785;982.25;2025-04-06;4
2025-04-06 10:36:40;10:36:40;720.82357752;6.44557116;128.0775;982.25;2025-04-06;4
2025-04-06 10:40:43;10:40:43;800.34426183;6.7913236;151.35068582;982.25;2025-04-06;4
2025-04-06 10:44:41;10:44:41;698.79826084;4.67994567;87.09449948;982.25;2025-04-06;4
2025-04-06 10:48:46;10:48:46;705.41132118;4.58446828;80.59090367;982.25;2025-04-06;4
2025-04-06 10:52:43;10:52:43;655.23950799;4.25891298;61.44001089;982.25;2025-04-06;4
2025-04-06 10:56:41;10:56:41;737.2195949;4.77556429;80.90731103;982.25;2025-04-06;4
2025-04-06 11:00:40;11:00:40;662.67236921;3.97120967;60.82369134;982.25;2025-04-06;4
2025-04-06 11:04:40;11:04:40;581.62138995;3.76881455;43.44677916;982.25;2025-04-06;4
2025-04-06 11:08:38;11:08:38;595.44869794;4.29295152;56.98781446;982.25;2025-04-06;4
2025-04-06 11:12:36;11:12:36;593.48117585;4.13900129;54.93191641;982.25;2025-04-06;4
2025-04-06 11:16:35;11:16:35;682.34759006;3.79776849;56.94882587;982.25;2025-04-06;4
2025-04-06 11:20:34;11:20:34;577.5223856;3.29340495;37.32107271;982.19;2025-04-06;4
2025-04-06 11:24:31;11:24:31;661.57930138;2.98013742;41.03098648;982.19;2025-04-06;4
2025-04-06 11:28:33;11:28:33;616.3809468;3.5054043;47.6335533;982.19;2025-04-06;4
2025-04-06 11:32:34;11:32:34;607.69105758;3.67107734;51.9912774;982.19;2025-04-06;4
2025-04-06 11:36:30;11:36:30;692.29450728;6.5084224;123.49934045;982.25;2025-04-06;4
2025-04-06 11:40:31;11:40:31;601.51522437;4.20693712;59.41710318;982.25;2025-04-06;4
2025-04-06 11:44:27;11:44:27;565.6079463;3.3887411;35.03574183;982.25;2025-04-06;4
2025-04-06 11:48:40;11:48:40;611.46214158;3.45427588;38.23580488;982.19;2025-04-06;4
2025-04-06 11:52:42;11:52:42;607.90967115;3.31925164;33.51968572;982.06;2025-04-06;4
2025-04-06 11:56:39;11:56:39;665.40503877;4.08420066;62.56618116;982.06;2025-04-06;4
2025-04-06 12:00:38;12:00:38;688.3594631;4.05948388;55.72218502;982.0;2025-04-06;4
2025-04-06 12:04:41;12:04:41;637.20388887;3.81344599;47.00823639;982.0;2025-04-06;4
2025-04-06 12:08:44;12:08:44;538.12822117;3.56797306;22.82631665;981.88;2025-04-06;4
2025-04-06 12:12:43;12:12:43;618.29381549;3.87431989;42.59952722;981.75;2025-04-06;4
2025-04-06 12:16:40;12:16:40;681.80105615;4.62514503;69.20623701;981.69;2025-04-06;4
2025-04-06 12:20:40;12:20:40;647.09615269;4.0373094;52.07975149;981.69;2025-04-06;4
2025-04-06 12:24:36;12:24:36;762.19619472;4.71087695;74.14129206;981.56;2025-04-06;4
2025-04-06 12:28:38;12:28:38;798.97792704;4.59972206;82.96320908;981.56;2025-04-06;4
2025-04-06 12:32:40;12:32:40;651.46842399;3.93095662;46.23896163;981.5;2025-04-06;4
2025-04-06 12:36:38;12:36:38;673.82166103;4.36568947;55.33229918;981.38;2025-04-06;4
2025-04-06 12:40:35;12:40:35;628.95122679;3.74438025;38.32577854;981.38;2025-04-06;4
2025-04-06 12:44:36;12:44:36;562.71131656;3.46373887;29.38689577;981.38;2025-04-06;4
2025-04-06 12:48:40;12:48:40;617.91124175;4.10129055;47.02023288;981.38;2025-04-06;4
2025-04-06 12:52:36;12:52:36;606.43402958;3.48393601;36.29687259;981.38;2025-04-06;4
2025-04-06 12:56:32;12:56:32;584.84594003;3.4470727;35.76752757;981.25;2025-04-06;4
2025-04-06 13:00:33;13:00:33;580.52832212;3.65398745;37.76644231;981.19;2025-04-06;4
2025-04-06 13:04:42;13:04:42;557.30063083;3.82559252;27.44496435;981.19;2025-04-06;4
2025-04-06 13:08:45;13:08:45;551.39806457;5.17498745;60.03192317;981.25;2025-04-06;4
2025-04-06 13:12:42;13:12:42;577.13981186;3.90186144;39.51493037;981.19;2025-04-06;4
2025-04-06 13:16:44;13:16:44;573.04080752;3.99564397;44.58344635;981.19;2025-04-06;4
2025-04-06 13:20:42;13:20:42;582.49584421;3.38563385;30.15767009;981.06;2025-04-06;4
2025-04-06 13:24:40;13:24:40;568.66853621;3.12674324;25.83893458;981.06;2025-04-06;4
2025-04-06 13:28:39;13:28:39;556.8634037;2.87562076;21.71364243;981.06;2025-04-06;4
2025-04-06 13:32:36;13:32:36;602.88155915;3.27179542;32.52397726;981.0;2025-04-06;4
2025-04-06 13:36:35;13:36:35;574.46179569;2.95683303;26.04437443;981.0;2025-04-06;4
2025-04-06 13:40:37;13:40:37;554.84122822;3.09213974;25.02617255;981.0;2025-04-06;4
2025-04-06 13:44:34;13:44:34;593.48117585;3.12646076;31.50577538;981.0;2025-04-06;4
2025-04-06 13:48:35;13:48:35;580.91089586;3.12518961;27.96381244;980.88;2025-04-06;4
2025-04-06 13:52:42;13:52:42;573.69664821;3.32024031;25.61400044;980.88;2025-04-06;4
2025-04-06 13:56:45;13:56:45;583.09703151;3.39975772;28.62961749;980.88;2025-04-06;4
2025-04-06 14:00:43;14:00:43;577.08515847;3.2990545;28.75258149;980.75;2025-04-06;4
2025-04-06 14:04:44;14:04:44;594.08236316;3.45724189;34.04003337;980.75;2025-04-06;4
2025-04-06 14:08:47;14:08:47;604.57581428;3.25993137;31.63773674;980.75;2025-04-06;4
2025-04-06 14:12:45;14:12:45;578.1235729;3.32631358;29.20544889;980.69;2025-04-06;4
2025-04-06 14:16:42;14:16:42;570.30813795;3.50427439;31.22235836;980.56;2025-04-06;4
2025-04-06 14:20:41;14:20:41;594.51959029;3.20202348;29.00450773;980.56;2025-04-06;4
2025-04-06 14:24:42;14:24:42;625.50806314;3.34439214;31.40380523;980.56;2025-04-06;4
2025-04-06 14:28:41;14:28:41;570.74536508;3.08281799;25.63949298;980.5;2025-04-06;4
2025-04-06 14:32:38;14:32:38;607.36313724;2.85429371;26.18683272;980.38;2025-04-06;4
2025-04-06 14:36:37;14:36:37;601.2966108;3.03267824;30.69451291;980.38;2025-04-06;4
2025-04-06 14:40:41;14:40:41;625.01618262;3.40060515;39.93630699;980.38;2025-04-06;4
2025-04-06 14:44:38;14:44:38;660.43158016;3.36261193;43.45877564;980.38;2025-04-06;4
2025-04-06 14:48:35;14:48:35;681.69174937;3.28464815;41.31590306;980.25;2025-04-06;4
2025-04-06 14:52:42;14:52:42;618.34846888;3.47122452;34.48540297;980.25;2025-04-06;4
2025-04-06 14:56:46;14:56:46;578.61545343;2.9333874;25.93490648;980.25;2025-04-06;4
2025-04-06 15:00:49;15:00:49;574.13387534;2.95019481;22.7513386;980.25;2025-04-06;4
2025-04-06 15:04:45;15:04:45;583.1516849;2.99397882;23.5191138;980.25;2025-04-06;4
2025-04-06 15:08:41;15:08:41;574.07922195;3.25625916;28.44367194;980.19;2025-04-06;4
2025-04-06 15:12:45;15:12:45;619.55084349;3.06191465;31.51927143;980.25;2025-04-06;4
2025-04-06 15:16:44;15:16:44;574.07922195;2.81022722;21.96406911;980.25;2025-04-06;4
2025-04-06 15:20:42;15:20:42;568.94180317;2.84327708;20.72843089;980.25;2025-04-06;4
2025-04-06 15:24:38;15:24:38;551.61667814;2.78946512;24.31837979;980.19;2025-04-06;4
2025-04-06 15:28:47;15:28:47;577.08515847;2.77195152;23.4426362;980.06;2025-04-06;4
2025-04-06 15:32:48;15:32:48;555.49706892;2.54611077;20.66994802;980.06;2025-04-06;4
2025-04-06 15:36:50;15:36:50;596.81503272;2.64158816;22.31046769;980.06;2025-04-06;4
2025-04-06 15:40:48;15:40:48;611.13422123;3.00711402;34.95326598;980.06;2025-04-06;4
2025-04-06 15:44:44;15:44:44;603.15482611;2.7496358;29.62832508;980.0;2025-04-06;4
2025-04-06 15:48:45;15:48:45;533.33511875;2.40190602;18.77750211;980.0;2025-04-06;4
2025-04-06 15:52:46;15:52:46;555.05984179;2.32521338;17.01851712;979.88;2025-04-06;4
2025-04-06 15:56:44;15:56:44;591.45900037;2.43947553;22.80082411;979.88;2025-04-06;4
2025-04-06 16:00:42;16:00:42;749.02472742;3.12815562;50.03584993;979.88;2025-04-06;4
2025-04-06 16:04:44;16:04:44;781.16092149;2.9855045;47.66504408;979.75;2025-04-06;4
2025-04-06 16:08:41;16:08:41;766.40450585;3.08507781;51.82332657;979.75;2025-04-06;4
2025-04-06 16:12:37;16:12:37;776.40607645;3.14298569;49.73593774;979.75;2025-04-06;4
2025-04-06 16:16:40;16:16:40;;4.35213055;91.4627205;979.69;2025-04-06;4
2025-04-06 16:20:38;16:20:38;;4.88121087;113.08189059;979.69;2025-04-06;4
2025-04-06 16:24:45;16:24:45;858.82339049;3.52574268;63.32645856;979.69;2025-04-06;4
2025-04-06 16:28:43;16:28:43;612.50055602;2.67463803;28.58912935;979.69;2025-04-06;4
2025-04-06 16:32:39;16:32:39;676.39037042;3.02886479;37.71395768;979.69;2025-04-06;4
2025-04-06 16:36:42;16:36:42;726.78079717;3.26219119;47.82849623;979.69;2025-04-06;4
2025-04-06 16:40:44;16:40:44;615.1239188;2.87915172;31.21486056;979.69;2025-04-06;4
2025-04-06 16:44:46;16:44:46;579.27129412;2.77308143;25.23611108;979.56;2025-04-06;4
2025-04-06 16:48:49;16:48:49;617.14609427;2.95485569;31.23435485;979.56;2025-04-06;4
2025-04-06 16:52:50;16:52:50;535.9256895;2.68268864;17.20296312;979.56;2025-04-06;4
2025-04-06 16:56:49;16:56:49;558.28439187;2.60359494;17.47738277;979.69;2025-04-06;4
2025-04-06 17:00:45;17:00:45;591.34969359;3.34029621;39.93930611;979.56;2025-04-06;4
2025-04-06 17:04:47;17:04:47;676.22641024;2.69483517;25.64549122;979.69;2025-04-06;4
2025-04-06 17:08:44;17:08:44;637.75042278;3.69847766;49.07763049;979.56;2025-04-06;4
2025-04-06 17:12:44;17:12:44;673.9856212;3.05753625;35.44962065;979.56;2025-04-06;4
2025-04-06 17:16:45;17:16:45;822.53353868;3.54311504;56.82736144;979.56;2025-04-06;4
2025-04-06 17:20:43;17:20:43;762.79738202;3.50596925;49.44052424;979.5;2025-04-06;4
2025-04-06 17:24:46;17:24:46;571.45585917;2.6504862;20.75392343;979.5;2025-04-06;4
2025-04-06 17:28:43;17:28:43;703.17053214;3.50582802;53.55681902;979.5;2025-04-06;4
2025-04-06 17:32:39;17:32:39;758.31580394;3.01629454;47.56157438;979.38;2025-04-06;4
2025-04-06 17:36:41;17:36:41;780.17716045;2.84242965;43.24133931;979.5;2025-04-06;4
2025-04-06 17:40:45;17:40:45;765.58470498;3.03974017;43.37929891;979.38;2025-04-06;4
2025-04-06 17:44:53;17:44:53;596.04988524;2.4641923;23.56260107;979.38;2025-04-06;4
2025-04-06 17:48:50;17:48:50;545.28781543;2.47393778;18.74451177;979.38;2025-04-06;4
2025-04-06 17:52:52;17:52:52;585.0099002;2.43693323;20.6129647;979.38;2025-04-06;4
2025-04-06 17:56:49;17:56:49;544.76314287;2.28496034;20.12860652;979.25;2025-04-06;4
2025-04-06 18:00:56;18:00:56;543.32029334;2.12197084;18.88247137;979.25;2025-04-06;4
2025-04-06 18:04:56;18:04:56;565.6079463;2.10629334;20.3325468;979.38;2025-04-06;4
2025-04-06 18:08:55;18:08:55;580.41901534;2.28792636;26.12385116;979.38;2025-04-06;4
2025-04-06 18:12:52;18:12:52;615.23322558;2.16462494;25.15963347;979.38;2025-04-06;4
2025-04-06 18:16:51;18:16:51;602.60829219;2.02832955;21.3387522;979.38;2025-04-06;4
2025-04-06 18:20:50;18:20:50;603.53739985;2.07804559;20.42252046;979.25;2025-04-06;4
2025-04-06 18:24:45;18:24:45;;3.38337403;66.42005278;979.25;2025-04-06;4
2025-04-06 18:28:44;18:28:44;658.3547513;2.53311681;34.04453205;979.25;2025-04-06;4
2025-04-06 18:32:43;18:32:43;597.36156663;2.11038926;27.40747533;979.25;2025-04-06;4
2025-04-06 18:36:40;18:36:40;580.96554925;2.17112192;22.89079777;979.25;2025-04-06;4
2025-04-06 18:40:37;18:40:37;621.90093931;2.3161741;27.68939278;979.25;2025-04-06;4
2025-04-06 18:44:34;18:44:34;962.7741407;2.90415098;48.37283685;979.25;2025-04-06;4
2025-04-06 18:48:31;18:48:31;648.24387391;2.40049363;26.70718037;979.38;2025-04-06;4
2025-04-06 18:52:28;18:52:28;;3.29933698;52.11124227;979.5;2025-04-06;4
2025-04-06 18:56:30;18:56:30;887.51642091;3.23337849;46.66933562;979.5;2025-04-06;4
2025-04-06 19:00:27;19:00:27;736.29048725;2.71898699;35.54409299;979.56;2025-04-06;4
2025-04-06 19:04:27;19:04:27;834.01075085;3.3818204;46.9197623;979.5;2025-04-06;4
2025-04-06 19:08:29;19:08:29;839.20282302;3.47772151;58.9057529;979.56;2025-04-06;4
2025-04-06 19:12:28;19:12:28;713.28140953;2.70684046;32.84638286;979.56;2025-04-06;4
2025-04-06 19:16:26;19:16:26;732.68336343;2.52040532;29.16196163;979.56;2025-04-06;4
2025-04-06 19:20:27;19:20:27;727.16337091;2.84214717;36.37484976;979.69;2025-04-06;4
2025-04-06 19:24:31;19:24:31;653.49059947;2.46193248;28.10777029;979.75;2025-04-06;4
2025-04-06 19:28:33;19:28:33;567.68477517;2.21730699;18.00822735;979.75;2025-04-06;4
2025-04-06 19:32:31;19:32:31;562.05547587;2.36758501;17.77129672;979.75;2025-04-06;4
2025-04-06 19:36:29;19:36:29;570.58140491;2.37252836;17.25094907;979.75;2025-04-06;4
2025-04-06 19:40:25;19:40:25;574.02456856;2.22013176;18.53457324;979.75;2025-04-06;4
2025-04-06 19:44:27;19:44:27;615.88906627;2.5100949;26.07286609;979.75;2025-04-06;4
2025-04-06 19:48:23;19:48:23;;2.86997121;77.0999258;979.88;2025-04-06;4
2025-04-06 19:52:25;19:52:25;767.16965332;2.39696266;37.03765569;979.88;2025-04-06;4
2025-04-06 19:56:22;19:56:22;654.25574695;2.16264759;23.61958439;980.0;2025-04-06;4
2025-04-06 20:00:21;20:00:21;649.50090191;2.10304485;22.69885397;980.06;2025-04-06;4
2025-04-06 20:04:24;20:04:24;619.66015027;2.26716426;20.58147392;980.06;2025-04-06;4
2025-04-06 20:08:21;20:08:21;574.4071423;2.33058046;18.95145118;980.19;2025-04-06;4
2025-04-06 20:12:24;20:12:24;697.1586591;2.58240913;28.6985973;980.19;2025-04-06;4
2025-04-06 20:16:23;20:16:23;690.70955893;2.60331246;35.85450211;980.25;2025-04-06;4
2025-04-06 20:20:25;20:20:25;636.54804818;3.19764508;38.13833342;980.25;2025-04-06;4
2025-04-06 20:24:30;20:24:30;657.37099025;3.03776283;36.46332385;980.38;2025-04-06;4
2025-04-06 20:28:29;20:28:29;761.10312689;3.45611198;51.78133887;980.5;2025-04-06;4
2025-04-06 20:32:26;20:32:26;674.42284833;2.73494697;37.43353978;980.56;2025-04-06;4
2025-04-06 20:36:29;20:36:29;645.83912469;2.97067443;39.33948174;980.69;2025-04-06;4
2025-04-06 20:40:31;20:40:31;781.37953505;3.84451852;77.71174667;980.75;2025-04-06;4
2025-04-06 20:44:29;20:44:29;645.29259078;2.90330355;38.58220346;980.88;2025-04-06;4
2025-04-06 20:48:27;20:48:27;657.91752416;2.5458283;33.02633017;980.88;2025-04-06;4
2025-04-06 20:52:24;20:52:24;636.49339479;2.38114393;27.1360548;981.0;2025-04-06;4
2025-04-06 20:56:31;20:56:31;631.90250992;2.79836316;30.50406867;981.0;2025-04-06;4
2025-04-06 21:00:30;21:00:30;597.52552681;2.33580629;23.1967082;981.0;2025-04-06;4
2025-04-06 21:04:28;21:04:28;644.19952296;2.34922397;29.08548402;981.06;2025-04-06;4
2025-04-06 21:08:27;21:08:27;623.8684614;2.03553273;26.24231647;981.19;2025-04-06;4
2025-04-06 21:12:26;21:12:26;562.65666317;1.98906518;21.93107877;981.19;2025-04-06;4
2025-04-06 21:16:25;21:16:25;594.90216403;2.15487946;26.50024096;981.19;2025-04-06;4
2025-04-06 21:20:23;21:20:23;620.58925792;2.63579737;36.2233941;981.25;2025-04-06;4
2025-04-06 21:24:25;21:24:25;597.85344715;2.23227829;26.07436565;981.38;2025-04-06;4
2025-04-06 21:28:27;21:28:27;562.11012926;2.25063933;22.2024993;981.38;2025-04-06;4
2025-04-06 21:32:25;21:32:25;556.04360283;2.36264165;20.54998314;981.5;2025-04-06;4
2025-04-06 21:36:27;21:36:27;602.66294559;2.05234014;22.49941236;981.56;2025-04-06;4
2025-04-06 21:40:26;21:40:26;612.33659584;1.88285365;20.08511925;981.56;2025-04-06;4
2025-04-06 21:44:24;21:44:24;609.33065932;2.24640217;29.99721707;981.56;2025-04-06;4
2025-04-06 21:48:27;21:48:27;589.38217151;2.25685383;21.46771444;981.56;2025-04-06;4
2025-04-06 21:52:24;21:52:24;638.57022365;2.4648985;28.73908544;981.56;2025-04-06;4
2025-04-06 21:56:31;21:56:31;618.40312227;2.28835007;23.46213049;981.56;2025-04-06;4
2025-04-06 22:00:28;22:00:28;641.4122;2.94454526;37.2026074;981.69;2025-04-06;4
2025-04-06 22:04:30;22:04:30;617.25540106;2.72039938;25.9573999;981.69;2025-04-06;4
2025-04-06 22:08:28;22:08:28;664.03870399;2.98154981;31.85367352;981.69;2025-04-06;4
2025-04-06 22:12:25;22:12:25;628.62330644;2.45162206;23.74554751;981.69;2025-04-06;4
2025-04-06 22:16:22;22:16:22;617.85658836;2.31716278;21.76762663;981.69;2025-04-06;4
2025-04-06 22:20:24;22:20:24;551.01549083;2.26278586;16.85506498;981.75;2025-04-06;4
2025-04-06 22:24:33;22:24:33;563.47646404;2.28411291;16.6586225;981.75;2025-04-06;4
2025-04-06 22:28:30;22:28:30;581.78535012;2.25840746;19.21387434;981.88;2025-04-06;4
2025-04-06 22:32:28;22:32:28;590.63919951;2.35529724;26.99359651;981.88;2025-04-06;4
2025-04-06 22:36:25;22:36:25;651.79634434;2.51729807;30.8714611;981.88;2025-04-06;4
2025-04-06 22:40:24;22:40:24;650.75792991;2.37690676;32.82838813;981.88;2025-04-06;4
2025-04-06 22:44:25;22:44:25;688.79669024;2.44738489;38.67517624;981.88;2025-04-06;4
2025-04-06 22:48:24;22:48:24;613.2110501;2.30205023;21.15280664;981.88;2025-04-06;4
2025-04-06 22:52:23;22:52:23;609.71323306;2.63057154;23.90899965;981.88;2025-04-06;4
2025-04-06 22:56:21;22:56:21;614.95995862;2.72294168;24.14593028;981.88;2025-04-06;4
2025-04-06 23:00:20;23:00:20;619.22292314;2.91163663;29.19045329;982.0;2025-04-06;4
2025-04-06 23:04:18;23:04:18;640.04586522;2.64144692;24.74725422;982.0;2025-04-06;4
2025-04-06 23:08:16;23:08:16;727.2180243;2.70712294;26.43276071;982.0;2025-04-06;4
2025-04-06 23:12:16;23:12:16;711.25923405;2.32281233;21.99855901;982.0;2025-04-06;4
2025-04-06 23:16:13;23:16:13;;3.44650774;77.04894073;982.06;2025-04-06;4
2025-04-06 23:20:16;23:20:16;;2.70556931;52.94499816;982.06;2025-04-06;4
2025-04-06 23:24:14;23:24:14;951.02366157;3.39721542;55.87064155;982.19;2025-04-06;4
2025-04-06 23:28:10;23:28:10;840.73311798;2.93366988;39.51493037;982.19;2025-04-06;4
2025-04-06 23:32:08;23:32:08;790.56130479;3.16629008;43.2608336;982.19;2025-04-06;4
2025-04-06 23:36:07;23:36:07;730.82514813;3.13380517;39.97229645;982.25;2025-04-06;4
2025-04-06 23:40:04;23:40:04;697.21331249;2.46306239;20.96836064;982.25;2025-04-06;4
2025-04-06 23:44:00;23:44:00;761.7043142;2.70782913;27.72838137;982.38;2025-04-06;4
2025-04-06 23:48:02;23:48:02;757.60530985;2.81587677;32.00662873;982.38;2025-04-06;4
2025-04-06 23:52:05;23:52:05;847.89271224;2.69624756;42.05368704;982.5;2025-04-06;4
2025-04-06 23:56:01;23:56:01;888.00830143;3.28987398;57.00430963;982.5;2025-04-06;4
2025-04-07 00:00:03;00:00:03;837.78183485;3.04651963;47.2841556;982.56;2025-04-07;4
2025-04-07 00:04:07;00:04:07;869.15288144;3.3792781;54.92141948;982.56;2025-04-07;4
2025-04-07 00:08:10;00:08:10;799.41515418;3.27913984;44.22954997;982.56;2025-04-07;4
2025-04-07 00:12:08;00:12:08;754.38075976;2.91093044;33.50169099;982.56;2025-04-07;4
2025-04-07 00:16:11;00:16:11;790.28803783;2.97505283;37.82642475;982.56;2025-04-07;4
2025-04-07 00:20:09;00:20:09;642.0133873;2.68636084;21.64016395;982.56;2025-04-07;4
2025-04-07 00:24:11;00:24:11;680.48937476;3.05287538;34.40442668;982.69;2025-04-07;4
2025-04-07 00:28:09;00:28:09;698.52499388;2.54639325;29.40039182;982.75;2025-04-07;4
2025-04-07 00:32:11;00:32:11;636.16547444;2.3055812;18.9814424;982.75;2025-04-07;4
2025-04-07 00:36:13;00:36:13;672.01809911;2.45444683;20.23507534;982.75;2025-04-07;4
2025-04-07 00:40:21;00:40:21;666.77137355;2.55416138;24.38586003;982.75;2025-04-07;4
2025-04-07 00:44:18;00:44:18;653.10802573;2.34894149;20.59047129;982.88;2025-04-07;4
2025-04-07 00:48:15;00:48:15;643.70764243;2.46786451;18.71452055;983.0;2025-04-07;4
2025-04-07 00:52:23;00:52:23;682.83947059;2.73989033;27.43746654;983.0;2025-04-07;4
2025-04-07 00:56:25;00:56:25;642.17734748;2.47775122;21.17679961;983.06;2025-04-07;4
2025-04-07 01:00:21;01:00:21;705.19270762;2.48848537;25.30958957;983.0;2025-04-07;4
2025-04-07 01:04:19;01:04:19;671.90879233;2.48325953;24.1144395;983.0;2025-04-07;4
2025-04-07 01:08:16;01:08:16;627.80350557;2.38453366;19.33233966;983.0;2025-04-07;4
2025-04-07 01:12:15;01:12:15;671.63552537;2.46871194;22.2294914;983.06;2025-04-07;4
2025-04-07 01:16:13;01:16:13;717.54437405;2.90358603;33.57217036;983.06;2025-04-07;4
2025-04-07 01:20:10;01:20:10;654.63832069;2.56644915;22.02855023;983.06;2025-04-07;4
2025-04-07 01:24:13;01:24:13;655.62208173;2.62760553;26.11035511;983.19;2025-04-07;4
2025-04-07 01:28:10;01:28:10;676.60898398;2.60825582;26.53623042;983.19;2025-04-07;4
2025-04-07 01:32:07;01:32:07;657.48029703;2.50303296;27.31000386;983.06;2025-04-07;4
2025-04-07 01:36:10;01:36:10;809.14345782;2.64949753;31.81918362;983.06;2025-04-07;4
2025-04-07 01:40:08;01:40:08;654.20109356;2.54851183;22.1335195;983.0;2025-04-07;4
2025-04-07 01:44:05;01:44:05;637.53180922;2.80316528;26.2528134;983.0;2025-04-07;4
2025-04-07 01:48:02;01:48:02;652.83475878;2.41800724;23.4426362;983.0;2025-04-07;4
2025-04-07 01:52:10;01:52:10;677.48343824;2.50373915;22.76333509;983.0;2025-04-07;4
2025-04-07 01:56:12;01:56:12;652.50683843;2.44088791;21.05683474;983.0;2025-04-07;4
2025-04-07 02:00:09;02:00:09;664.36662434;2.69186915;24.77124719;983.06;2025-04-07;4
2025-04-07 02:04:05;02:04:05;759.35421837;2.90344479;30.53705901;983.0;2025-04-07;4
2025-04-07 02:08:02;02:08:02;763.5625295;2.99327263;32.09510283;983.0;2025-04-07;4
2025-04-07 02:12:01;02:12:01;784.44012497;2.72477778;26.74316983;982.88;2025-04-07;4
2025-04-07 02:16:00;02:16:00;839.80401033;2.89016835;34.86479189;982.88;2025-04-07;4
2025-04-07 02:19:58;02:19:58;915.82687759;3.04651963;36.78123077;982.88;2025-04-07;4
2025-04-07 02:23:56;02:23:56;832.64441607;2.79158371;28.01929619;982.88;2025-04-07;4
2025-04-07 02:27:52;02:27:52;746.34671125;2.73339334;25.07865718;982.88;2025-04-07;4
2025-04-07 03:32:02;03:32:02;669.44938972;2.68480722;22.37194968;982.88;2025-04-07;4
2025-04-07 03:36:00;03:36:00;684.20580537;2.87039492;24.43384598;982.88;2025-04-07;4
2025-04-07 03:39:59;03:39:59;701.85885075;2.88084659;27.45096259;982.88;2025-04-07;4
2025-04-07 03:43:55;03:43:55;670.70641772;2.63170145;24.2793912;982.75;2025-04-07;4
2025-04-07 03:47:56;03:47:56;588.28910368;2.24103509;13.79041229;982.75;2025-04-07;4
2025-04-07 03:51:53;03:51:53;645.23793739;2.21462345;15.69590437;982.69;2025-04-07;4
2025-04-07 03:55:50;03:55:50;718.69209526;2.3343939;24.33187584;982.69;2025-04-07;4
2025-04-07 03:59:51;03:59:51;653.65455965;2.12719667;17.34542141;982.69;2025-04-07;4
2025-04-07 04:03:49;04:03:49;769.7930161;2.47944609;20.9893545;982.75;2025-04-07;4
2025-04-07 04:07:44;04:07:44;926.4296355;2.42125573;27.03258509;982.88;2025-04-07;4
2025-04-07 04:11:46;04:11:46;907.13698838;2.62760553;30.75299579;982.88;2025-04-07;4
2025-04-07 04:15:42;04:15:42;689.17926397;2.60938573;21.92358096;983.0;2025-04-07;4
2025-04-07 04:19:43;04:19:43;600.91403707;2.37196341;15.55194652;983.0;2025-04-07;4
2025-04-07 04:23:44;04:23:44;556.15290961;2.25939613;13.39317859;983.0;2025-04-07;4
2025-04-07 04:27:42;04:27:42;552.98301292;2.50388039;15.52945311;983.0;2025-04-07;4
2025-04-07 04:31:44;04:31:44;662.01652851;2.29230476;21.24577942;983.06;2025-04-07;4
2025-04-07 04:35:42;04:35:42;608.89343219;2.29004494;15.78887715;983.06;2025-04-07;4
2025-04-07 04:39:44;04:39:44;583.53425864;2.30247395;13.00809134;983.19;2025-04-07;4
2025-04-07 04:43:46;04:43:46;578.23287969;2.4014823;12.07776373;983.06;2025-04-07;4
2025-04-07 04:47:48;04:47:48;582.87841794;2.45783656;14.04158874;983.06;2025-04-07;4
2025-04-07 04:51:45;04:51:45;571.8930863;2.66729361;20.69544055;983.06;2025-04-07;4
2025-04-07 04:55:46;04:55:46;555.55172231;2.49258129;13.71138542;983.19;2025-04-07;4
2025-04-07 04:59:49;04:59:49;541.10136565;2.72943866;19.26635898;983.19;2025-04-07;4
2025-04-07 05:03:56;05:03:56;538.07903312;2.44102915;16.6241326;983.19;2025-04-07;4
2025-04-07 05:07:53;05:07:53;546.64321953;2.20982133;13.16824445;983.25;2025-04-07;4
2025-04-07 05:11:56;05:11:56;561.8915157;2.17366422;12.56677056;983.19;2025-04-07;4
2025-04-07 05:15:57;05:15:57;553.42024005;2.00728498;10.20856102;983.25;2025-04-07;4
2025-04-07 05:19:55;05:19:55;543.82310454;2.22126167;10.4798316;983.25;2025-04-07;4
2025-04-07 05:24:03;05:24:03;828.43610494;2.31292561;37.3945512;983.19;2025-04-07;4
2025-04-07 05:28:01;05:28:01;629.16984035;2.01067471;15.75888593;983.19;2025-04-07;4
2025-04-07 05:31:57;05:31:57;651.74169095;2.3952678;20.44051519;983.19;2025-04-07;4
2025-04-07 05:36:01;05:36:01;610.86095428;2.31165447;13.99405266;983.19;2025-04-07;4
2025-04-07 05:39:58;05:39:58;545.61027043;2.25897241;11.43190284;983.19;2025-04-07;4
2025-04-07 05:43:55;05:43:55;533.57012834;2.14047311;9.78703444;983.25;2025-04-07;4
2025-04-07 05:47:57;05:47:57;547.18975344;2.20148825;12.80879969;983.25;2025-04-07;4
2025-04-07 05:51:54;05:51:54;541.7080183;2.2133523;11.64214128;983.38;2025-04-07;4
2025-04-07 05:55:51;05:55:51;550.52361031;2.20798523;11.79284716;983.38;2025-04-07;4
2025-04-07 05:59:50;05:59:50;558.39369865;2.12973897;11.3264837;983.5;2025-04-07;4
2025-04-07 06:03:48;06:03:48;521.82511455;2.06745268;7.69259767;983.5;2025-04-07;4
2025-04-07 06:07:56;06:07:56;496.43314897;2.28976246;5.63160112;983.5;2025-04-07;4
2025-04-07 06:12:01;06:12:01;532.21472423;2.15035982;7.97571478;983.38;2025-04-07;4
2025-04-07 06:16:00;06:16:00;521.4971942;2.15261964;9.45353209;983.38;2025-04-07;4
2025-04-07 06:20:01;06:20:01;543.16179851;2.17168687;10.38505934;983.38;2025-04-07;4
2025-04-07 06:24:04;06:24:04;507.9759452;2.17408793;7.92427984;983.25;2025-04-07;4
2025-04-07 06:28:08;06:28:08;510.24406094;2.33312275;6.84534574;983.25;2025-04-07;4
2025-04-07 06:32:05;06:32:05;509.67566567;2.11095421;7.67820189;983.25;2025-04-07;4
2025-04-07 06:36:02;06:36:02;546.97113988;2.12677295;9.66616983;983.38;2025-04-07;4
2025-04-07 06:40:07;06:40:07;528.71690719;1.98101457;8.53175198;983.38;2025-04-07;4
2025-04-07 06:44:15;06:44:15;522.37164846;2.41730104;10.01946639;983.56;2025-04-07;4
2025-04-07 06:48:12;06:48:12;506.45658093;2.3369362;9.10458426;983.69;2025-04-07;4
2025-04-07 06:52:14;06:52:14;536.47222341;2.23397316;10.08964584;983.69;2025-04-07;4
2025-04-07 06:56:21;06:56:21;554.56796126;2.31193694;11.53087386;983.69;2025-04-07;4
2025-04-07 07:00:22;07:00:22;541.89930517;2.20261816;8.70120236;983.75;2025-04-07;4
2025-04-07 07:04:18;07:04:18;574.51644908;2.18524579;9.31287327;983.75;2025-04-07;4
2025-04-07 07:08:15;07:08:15;549.37588909;2.2848191;9.69646096;983.88;2025-04-07;4
2025-04-07 07:12:12;07:12:12;519.39303864;2.43763942;11.70587262;984.0;2025-04-07;4
2025-04-07 07:16:18;07:16:18;576.2653576;2.34428061;12.22037198;984.0;2025-04-07;4
2025-04-07 07:20:24;07:20:24;571.34655239;2.2629271;13.60881546;984.06;2025-04-07;4
2025-04-07 07:24:26;07:24:26;576.04674404;1.92833252;10.2731921;984.19;2025-04-07;4
2025-04-07 07:28:22;07:28:22;524.12602232;2.00205915;7.76367686;984.19;2025-04-07;4
2025-04-07 07:32:18;07:32:18;546.27157647;1.92494279;8.04604419;984.25;2025-04-07;4
2025-04-07 07:36:20;07:36:20;529.6405495;1.97070415;7.71239188;984.38;2025-04-07;4
2025-04-07 07:40:21;07:40:21;563.20319709;1.98638165;9.36205887;984.25;2025-04-07;4
2025-04-07 07:44:17;07:44:17;528.536551;1.98666412;8.03674691;984.38;2025-04-07;4
2025-04-07 07:48:13;07:48:13;561.8368623;1.97028043;9.12557811;984.5;2025-04-07;4
2025-04-07 07:52:18;07:52:18;883.69068352;2.18510455;30.09768765;984.5;2025-04-07;4
2025-04-07 07:56:19;07:56:19;840.89707815;2.1393432;27.08956841;984.5;2025-04-07;4
2025-04-07 08:00:26;08:00:26;700.43786258;1.91364369;19.64724745;984.69;2025-04-07;4
2025-04-07 08:04:23;08:04:23;685.79075372;2.36122926;21.08832552;984.69;2025-04-07;4
2025-04-07 08:08:24;08:08:24;;2.78367434;61.75042001;984.75;2025-04-07;4
2025-04-07 08:12:20;08:12:20;;2.59102469;52.87301923;984.88;2025-04-07;4
2025-04-07 08:16:16;08:16:16;997.47904415;2.54060246;45.03331463;984.88;2025-04-07;4
2025-04-07 08:20:18;08:20:18;;2.74723474;51.94179189;985.0;2025-04-07;4
2025-04-07 08:24:14;08:24:14;938.39872819;2.95626808;37.26258983;985.0;2025-04-07;4
2025-04-07 08:28:11;08:28:11;681.4731358;2.9315513;21.76912619;985.0;2025-04-07;4
2025-04-07 08:32:06;08:32:06;562.05547587;2.84920911;15.62092633;985.0;2025-04-07;4
2025-04-07 08:36:01;08:36:01;523.83089401;2.7164447;8.61347805;985.06;2025-04-07;4
2025-04-07 08:39:57;08:39:57;541.91023585;2.73155724;10.80613606;985.19;2025-04-07;4
2025-04-07 08:43:53;08:43:53;536.84386647;2.91474389;15.90134422;985.25;2025-04-07;4
2025-04-07 08:47:49;08:47:49;536.74549037;2.40458956;10.75695046;985.25;2025-04-07;4
2025-04-07 08:51:49;08:51:49;502.36850726;2.53057451;8.59098463;985.38;2025-04-07;4
2025-04-07 08:55:47;08:55:47;495.5860214;2.3682912;7.94302435;985.5;2025-04-07;4
2025-04-07 08:59:51;08:59:51;511.96564277;2.51546197;9.97852837;985.56;2025-04-07;4
2025-04-07 09:03:50;09:03:50;509.76857644;2.48396573;10.58420104;985.56;2025-04-07;4
2025-04-07 09:07:53;09:07:53;534.4445826;2.40967415;11.03736835;985.69;2025-04-07;4
2025-04-07 09:11:55;09:11:55;606.16076263;2.63805719;21.83960555;985.69;2025-04-07;4
2025-04-07 09:15:58;09:15:58;631.62924296;2.59625053;19.69073472;985.69;2025-04-07;4
2025-04-07 09:20:02;09:20:02;796.62783122;2.75669774;32.66943467;985.69;2025-04-07;4
2025-04-07 09:23:58;09:23:58;862.43051431;2.73311087;28.46616535;985.75;2025-04-07;4
2025-04-07 09:27:56;09:27:56;553.85746718;2.59003602;11.77380273;985.75;2025-04-07;4
2025-04-07 09:31:57;09:31:57;530.49314241;2.86008449;10.03761107;985.75;2025-04-07;4
2025-04-07 09:36:00;09:36:00;627.69419879;2.6818412;14.69194832;985.88;2025-04-07;4
2025-04-07 09:40:08;09:40:08;700.16459562;2.41885467;19.12989893;985.88;2025-04-07;4
2025-04-07 09:44:04;09:44:04;709.78359248;2.37831915;19.45380409;986.0;2025-04-07;4
2025-04-07 09:48:07;09:48:07;825.32086164;2.52845593;21.23678205;986.06;2025-04-07;4
2025-04-07 09:52:05;09:52:05;821.1672039;2.57336985;22.22349315;986.06;2025-04-07;4
2025-04-07 09:56:08;09:56:08;620.7532181;3.01841312;12.48819356;986.06;2025-04-07;4
2025-04-07 10:00:05;10:00:05;610.15046019;2.83367285;13.64420509;986.06;2025-04-07;4
2025-04-07 10:04:02;10:04:02;634.90844644;2.77392886;21.03584089;986.19;2025-04-07;4
2025-04-07 10:07:59;10:07:59;549.10262214;2.80599006;11.60225296;986.19;2025-04-07;4
2025-04-07 10:12:00;10:12:00;545.00361779;2.55769235;10.68827057;986.25;2025-04-07;4
2025-04-07 10:15:57;10:15:57;557.95647152;2.43763942;11.50838044;986.38;2025-04-07;4
2025-04-07 10:19:56;10:19:56;514.8622725;2.41574742;8.21639431;986.5;2025-04-07;4
2025-04-07 10:23:53;10:23:53;534.65226548;2.84864416;9.78628466;986.5;2025-04-07;4
2025-04-07 10:27:55;10:27:55;532.6574167;2.54385095;9.59179161;986.5;2025-04-07;4
2025-04-07 10:31:57;10:31:57;524.86384311;2.56955641;8.79882378;986.56;2025-04-07;4
2025-04-07 10:35:58;10:35:58;560.52518091;2.76644321;12.07026593;986.69;2025-04-07;4
2025-04-07 10:39:57;10:39:57;510.02544738;2.81884278;7.71509109;986.69;2025-04-07;4
2025-04-07 10:43:55;10:43:55;537.29202428;2.5702626;8.93153492;986.75;2025-04-07;4
2025-04-07 10:47:58;10:47:58;509.20564651;2.44710242;8.04424471;986.75;2025-04-07;4
2025-04-07 10:51:55;10:51:55;546.91648649;2.34159708;9.93684058;986.75;2025-04-07;4
2025-04-07 10:55:55;10:55:55;490.0824249;2.5790194;7.19474344;986.88;2025-04-07;4
2025-04-07 10:59:58;10:59:58;561.34498178;2.61009192;11.68427894;986.88;2025-04-07;4
2025-04-07 11:03:55;11:03:55;527.92989836;2.63170145;9.72000407;987.0;2025-04-07;4
2025-04-07 11:07:54;11:07:54;654.47436051;4.4518451;88.50408676;987.0;2025-04-07;4
2025-04-07 11:11:58;11:11:58;;8.69465686;291.03478751;987.06;2025-04-07;4
2025-04-07 11:15:57;11:15:57;;11.63708354;354.93107922;987.19;2025-04-07;4
2025-04-07 11:19:59;11:19:59;937.85219427;7.8311232;190.5192176;987.19;2025-04-07;4
2025-04-07 11:23:59;11:23:59;;7.49342138;187.59507377;987.19;2025-04-07;4
2025-04-07 11:28:02;11:28:02;892.38057273;6.2813105;138.35699026;987.19;2025-04-07;4
2025-04-07 11:32:04;11:32:04;752.9051182;5.82355575;117.44411337;987.25;2025-04-07;4
2025-04-07 11:36:02;11:36:02;808.32365695;6.03654377;121.91130541;987.25;2025-04-07;4
2025-04-07 11:39:59;11:39:59;782.25398931;5.64121653;113.95163594;987.38;2025-04-07;4
2025-04-07 11:43:55;11:43:55;612.33659584;3.97191586;57.5696441;987.38;2025-04-07;4
2025-04-07 11:48:02;11:48:02;925.66448802;6.18314958;156.07430278;987.38;2025-04-07;4
2025-04-07 11:51:59;11:51:59;885.98612595;7.32224002;176.88820865;987.5;2025-04-07;4
2025-04-07 11:55:58;11:55:58;710.65804675;5.0639738;99.0145094;987.56;2025-04-07;4
2025-04-07 11:59:55;11:59:55;621.62767236;3.87050644;66.22810898;987.56;2025-04-07;4
2025-04-07 12:03:57;12:03:57;579.59921447;3.39594428;45.46218906;987.69;2025-04-07;4
2025-04-07 12:07:58;12:07:58;561.94616909;3.67361964;55.48525439;987.69;2025-04-07;4
2025-04-07 12:11:57;12:11:57;576.15605082;3.72700788;60.47879233;987.69;2025-04-07;4
2025-04-07 12:15:58;12:15:58;572.00239308;3.2607788;48.56628021;987.75;2025-04-07;4
2025-04-07 12:19:58;12:19:58;626.05459705;3.54848212;57.63412522;987.69;2025-04-07;4
2025-04-07 12:23:57;12:23:57;550.19568996;3.38224412;42.57553425;987.75;2025-04-07;4
2025-04-07 12:27:57;12:27:57;581.07485603;4.51512005;78.96687917;987.75;2025-04-07;4
2025-04-07 12:32:00;12:32:00;608.78412541;3.88152307;67.58071295;987.75;2025-04-07;4
2025-04-07 12:35:57;12:35:57;624.5243021;4.17812442;69.14925369;987.75;2025-04-07;4
2025-04-07 12:39:55;12:39:55;585.28316716;4.34549233;68.80585424;987.75;2025-04-07;4
2025-04-07 12:43:57;12:43:57;576.75723812;3.48082876;49.93387979;987.88;2025-04-07;4
2025-04-07 12:47:54;12:47:54;735.14276604;4.24238805;80.2250108;987.88;2025-04-07;4
2025-04-07 12:51:50;12:51:50;785.04131227;3.99973989;80.15003276;987.88;2025-04-07;4
2025-04-07 12:55:48;12:55:48;552.54578579;3.23789812;43.7062032;987.88;2025-04-07;4
2025-04-07 12:59:56;12:59:56;558.28439187;3.48492468;44.19056138;987.88;2025-04-07;4
2025-04-07 13:03:53;13:03:53;628.07677253;4.24846131;71.48107095;988.0;2025-04-07;4
2025-04-07 13:07:52;13:07:52;599.82096924;3.29015646;46.28394846;987.88;2025-04-07;4
2025-04-07 13:11:52;13:11:52;696.33885823;3.89635313;63.48841114;987.88;2025-04-07;4
2025-04-07 13:15:51;13:15:51;639.11675757;3.72630169;53.580812;988.0;2025-04-07;4
2025-04-07 13:19:50;13:19:50;686.22798085;5.02894659;89.54328249;988.0;2025-04-07;4
2025-04-07 13:23:48;13:23:48;650.86723669;3.62305617;57.25923499;988.0;2025-04-07;4
2025-04-07 13:27:47;13:27:47;763.50787611;4.52189951;86.1182853;988.0;2025-04-07;4
2025-04-07 13:31:45;13:31:45;622.72074018;3.84932063;59.71101713;987.88;2025-04-07;4
2025-04-07 13:35:43;13:35:43;662.34444886;3.92318849;60.37532262;987.88;2025-04-07;4
2025-04-07 13:39:40;13:39:40;771.48727123;4.72768436;90.91238163;987.88;2025-04-07;4
2025-04-07 13:43:38;13:43:38;584.84594003;5.04335294;80.40345856;987.88;2025-04-07;4
2025-04-07 13:47:35;13:47:35;750.06314185;6.91617864;130.40331902;987.75;2025-04-07;4
2025-04-07 13:51:37;13:51:37;721.31545804;6.03075298;100.44209142;987.75;2025-04-07;4
2025-04-07 13:55:33;13:55:33;834.55728476;6.42706888;123.44535626;987.75;2025-04-07;4
2025-04-07 13:59:30;13:59:30;630.86409548;4.06160246;60.57626379;987.75;2025-04-07;4
2025-04-07 14:03:28;14:03:28;704.09963979;5.9721389;97.52544538;987.88;2025-04-07;4
2025-04-07 14:07:29;14:07:29;560.85310126;4.90564517;66.39456024;987.88;2025-04-07;4
2025-04-07 14:11:27;14:11:27;550.79687727;3.5699504;39.4369532;987.88;2025-04-07;4
2025-04-07 14:15:25;14:15:25;538.51079491;3.66684018;40.12825079;987.75;2025-04-07;4
2025-04-07 14:19:22;14:19:22;537.47784581;3.47645036;33.23177002;987.69;2025-04-07;4
2025-04-07 14:23:21;14:23:21;544.81779626;4.15510251;51.49942141;987.75;2025-04-07;4
2025-04-07 14:27:19;14:27:19;568.50457604;3.93745361;55.66520171;987.69;2025-04-07;4
2025-04-07 14:31:16;14:31:16;560.36122074;3.31628563;40.98450009;987.69;2025-04-07;4
2025-04-07 14:35:19;14:35:19;610.0958068;3.40823205;42.29511635;987.56;2025-04-07;4
2025-04-07 14:39:22;14:39:22;599.38374211;3.64989153;41.99820329;987.5;2025-04-07;4
2025-04-07 14:43:19;14:43:19;590.36593255;3.86061973;56.71939305;987.56;2025-04-07;4
2025-04-07 14:47:16;14:47:16;606.27006941;3.67672689;54.99489796;987.5;2025-04-07;4
2025-04-07 14:51:12;14:51:12;562.43804961;3.4802638;44.2895324;987.5;2025-04-07;4
2025-04-07 14:55:09;14:55:09;515.58916261;3.06007855;30.47857613;987.56;2025-04-07;4
2025-04-07 14:59:10;14:59:10;575.71882369;4.08561305;62.93357359;987.69;2025-04-07;4
2025-04-07 15:03:12;15:03:12;580.20040177;3.60921477;49.1541081;987.69;2025-04-07;4
2025-04-07 15:07:13;15:07:13;529.68973756;2.91375522;31.14288163;987.56;2025-04-07;4
2025-04-07 15:11:20;15:11:20;593.48117585;2.87420837;33.17928539;987.56;2025-04-07;4
2025-04-07 15:15:16;15:15:16;579.32594751;3.38859986;46.84328469;987.56;2025-04-07;4
2025-04-07 15:19:12;15:19:12;521.04357106;2.61192803;24.34237276;987.56;2025-04-07;4
2025-04-07 15:23:11;15:23:11;525.57980253;2.56376562;23.66307166;987.5;2025-04-07;4
2025-04-07 15:27:12;15:27:12;559.26815291;2.87590323;38.44724298;987.56;2025-04-07;4
2025-04-07 15:31:15;15:31:15;529.15959966;3.07109517;39.64689173;987.5;2025-04-07;4
2025-04-07 15:35:17;15:35:17;591.34969359;3.24142909;44.57894767;987.5;2025-04-07;4
2025-04-07 15:39:19;15:39:19;557.79251135;3.02335648;36.83521496;987.38;2025-04-07;4
2025-04-07 15:43:16;15:43:16;556.42617657;2.95499693;34.59637048;987.38;2025-04-07;4
2025-04-07 15:47:18;15:47:18;545.9545868;2.70119091;27.40897489;987.38;2025-04-07;4
2025-04-07 15:51:29;15:51:29;536.99143063;3.25654164;41.99070548;987.5;2025-04-07;4
2025-04-07 15:55:32;15:55:32;522.68863813;2.61023316;24.67677485;987.5;2025-04-07;4
2025-04-07 15:59:29;15:59:29;551.99925187;2.63071278;25.9648977;987.5;2025-04-07;4
2025-04-07 16:03:28;16:03:28;659.5571259;2.90302107;39.18052828;987.38;2025-04-07;4
2025-04-07 16:07:24;16:07:24;601.56987776;2.68424226;35.71954162;987.38;2025-04-07;4
2025-04-07 16:11:23;16:11:23;595.99523185;2.86319175;32.41450931;987.38;2025-04-07;4
2025-04-07 16:15:20;16:15:20;565.11606578;2.74313882;29.13197041;987.38;2025-04-07;4
2025-04-07 16:19:15;16:19:15;563.14854369;2.62944163;27.39847796;987.38;2025-04-07;4
2025-04-07 16:23:18;16:23:18;632.77696418;2.77929593;36.28637566;987.25;2025-04-07;4
2025-04-07 16:27:17;16:27:17;563.31250387;2.59399071;24.01096979;987.25;2025-04-07;4
2025-04-07 16:31:24;16:31:24;553.7481604;2.92053468;28.26222506;987.25;2025-04-07;4
2025-04-07 16:35:19;16:35:19;613.15639671;3.03394938;40.1087565;987.25;2025-04-07;4
2025-04-07 16:39:16;16:39:16;713.39071631;3.57729482;58.70631129;987.19;2025-04-07;4
2025-04-07 16:43:23;16:43:23;681.09056207;3.11770396;46.72182025;987.19;2025-04-07;4
2025-04-07 16:47:21;16:47:21;754.38075976;3.73534097;71.85746075;987.25;2025-04-07;4
2025-04-07 16:51:22;16:51:22;757.00412255;3.5393016;59.90146137;987.25;2025-04-07;4
2025-04-07 16:55:17;16:55:17;713.39071631;3.51063013;60.68273262;987.38;2025-04-07;4
2025-04-07 16:59:14;16:59:14;645.183284;3.52644887;55.50624825;987.25;2025-04-07;4
2025-04-07 17:03:16;17:03:16;671.03433807;3.75666802;63.38644099;987.25;2025-04-07;4
2025-04-07 17:07:13;17:07:13;580.91089586;2.84468947;30.52506252;987.38;2025-04-07;4
2025-04-07 17:11:13;17:11:13;586.64950194;3.24199405;39.7863509;987.38;2025-04-07;4
2025-04-07 17:15:17;17:15:17;569.92556421;3.00033456;33.85558737;987.38;2025-04-07;4
2025-04-07 17:19:14;17:19:14;580.30970855;2.969827;36.25488488;987.5;2025-04-07;4
2025-04-07 17:23:17;17:23:17;574.29783551;2.77308143;36.04944503;987.5;2025-04-07;4
2025-04-07 17:27:16;17:27:16;547.24440683;2.76319472;31.93015113;987.38;2025-04-07;4
2025-04-07 17:31:17;17:31:17;605.12234819;2.80443643;40.22872137;987.5;2025-04-07;4
2025-04-07 17:35:21;17:35:21;599.21978194;2.3839687;31.7696981;987.56;2025-04-07;4
2025-04-07 17:39:18;17:39:18;604.19324054;2.19131906;24.81623402;987.56;2025-04-07;4
2025-04-07 17:43:21;17:43:21;649.17298156;2.76149985;43.85465973;987.56;2025-04-07;4
2025-04-07 17:47:18;17:47:18;712.57091544;3.44438916;56.47796374;987.56;2025-04-07;4
2025-04-07 17:51:14;17:51:14;775.80488914;3.66994743;61.09511187;987.56;2025-04-07;4
2025-04-07 17:55:16;17:55:16;588.07049012;2.62252093;29.42588435;987.56;2025-04-07;4
2025-04-07 17:59:17;17:59:17;580.96554925;2.64511913;25.57051317;987.69;2025-04-07;4
2025-04-07 18:03:13;18:03:13;780.17716045;4.4423821;75.4339136;987.69;2025-04-07;4
2025-04-07 18:07:15;18:07:15;734.43227195;3.61373441;57.34620952;987.75;2025-04-07;4
2025-04-07 18:11:16;18:11:16;648.2985273;3.45738313;45.73660871;987.75;2025-04-07;4
2025-04-07 18:15:20;18:15:20;641.24823983;4.01301633;52.15772866;987.75;2025-04-07;4
2025-04-07 18:19:17;18:19:17;596.04988524;3.24877351;36.02095337;987.75;2025-04-07;4
2025-04-07 18:23:15;18:23:15;596.43245898;2.87081864;31.83267966;987.75;2025-04-07;4
2025-04-07 18:27:19;18:27:19;582.98772473;3.01558835;39.22701467;987.75;2025-04-07;4
2025-04-07 18:31:17;18:31:17;650.8125833;2.95075977;33.15829154;987.88;2025-04-07;4
2025-04-07 18:35:15;18:35:15;647.42407304;3.73392858;54.84194275;987.88;2025-04-07;4
2025-04-07 18:39:17;18:39:17;585.77504768;3.0989192;35.91748367;988.0;2025-04-07;4
2025-04-07 18:43:14;18:43:14;544.80686558;2.57817197;22.20099974;988.06;2025-04-07;4
2025-04-07 18:47:16;18:47:16;580.74693569;2.47944609;27.0400829;988.06;2025-04-07;4
2025-04-07 18:51:19;18:51:19;586.10296803;2.50783508;24.68427266;988.19;2025-04-07;4
2025-04-07 18:55:16;18:55:16;656.4418826;3.12377722;43.11387663;988.19;2025-04-07;4
2025-04-07 18:59:12;18:59:12;598.72790141;2.5232301;28.78107315;988.19;2025-04-07;4
2025-04-07 19:03:18;19:03:18;552.436479;2.65896053;28.60562452;988.25;2025-04-07;4
2025-04-07 19:07:24;19:07:24;590.85781307;2.64158816;27.78386512;988.25;2025-04-07;4
2025-04-07 19:11:22;19:11:22;653.9278266;2.62647562;31.46978592;988.25;2025-04-07;4
2025-04-07 19:15:22;19:15:22;569.59764387;3.30216175;41.93522173;988.25;2025-04-07;4
2025-04-07 19:19:21;19:19:21;565.6079463;2.82562224;30.04370346;988.25;2025-04-07;4
2025-04-07 19:23:23;19:23:23;630.97340227;3.23648574;45.70361837;988.38;2025-04-07;4
2025-04-07 19:27:22;19:27:22;797.44763209;3.12363598;46.41740938;988.38;2025-04-07;4
2025-04-07 19:31:22;19:31:22;798.26743296;3.43407874;58.85326827;988.38;2025-04-07;4
2025-04-07 19:35:24;19:35:24;610.15046019;2.502468;30.46508009;988.5;2025-04-07;4
2025-04-07 19:39:37;19:39:37;549.81311622;2.28707892;23.06774596;988.5;2025-04-07;4
2025-04-07 19:43:34;19:43:34;539.45083324;2.52195895;24.0259654;988.56;2025-04-07;4
2025-04-07 19:47:34;19:47:34;710.60339335;3.38944729;53.94070662;988.69;2025-04-07;4
2025-04-07 19:51:31;19:51:31;688.30480971;3.0099388;45.38571145;988.69;2025-04-07;4
2025-04-07 19:55:30;19:55:30;638.07834313;2.5006319;31.95564366;988.69;2025-04-07;4
2025-04-07 19:59:28;19:59:28;554.24004092;2.39258426;20.95036591;988.75;2025-04-07;4
2025-04-07 20:03:25;20:03:25;646.38565861;2.52746726;29.10947699;988.88;2025-04-07;4
2025-04-07 20:07:22;20:07:22;596.86968611;2.2760623;22.85180919;989.0;2025-04-07;4
2025-04-07 20:11:19;20:11:19;631.13736244;2.42930634;29.4123883;989.0;2025-04-07;4
2025-04-07 20:15:19;20:15:19;815.92047834;3.7474875;74.89557122;989.0;2025-04-07;4
2025-04-07 20:19:17;20:19:17;871.83089761;3.57559995;66.23260766;989.06;2025-04-07;4
2025-04-07 20:23:14;20:23:14;712.73487561;2.7809908;41.03698472;989.06;2025-04-07;4
2025-04-07 20:27:12;20:27:12;699.83667527;3.27108923;50.73314577;989.19;2025-04-07;4
2025-04-07 20:31:09;20:31:09;674.31354155;3.30639891;51.39295258;989.25;2025-04-07;4
2025-04-07 20:35:08;20:35:08;;4.56356494;97.76237601;989.25;2025-04-07;4
2025-04-07 20:39:05;20:39:05;847.01825798;3.31487324;58.47687847;989.25;2025-04-07;4
2025-04-07 20:43:11;20:43:11;843.84836128;4.00129352;73.15608053;989.38;2025-04-07;4
2025-04-07 20:47:11;20:47:11;594.08236316;2.98762308;29.06299061;989.5;2025-04-07;4
2025-04-07 20:51:09;20:51:09;738.31266273;3.56091112;49.91888418;989.5;2025-04-07;4
2025-04-07 20:55:09;20:55:09;708.47191109;3.29524105;45.76659993;989.56;2025-04-07;4
2025-04-07 20:59:13;20:59:13;639.66329148;2.92731413;32.65443906;989.69;2025-04-07;4
2025-04-07 21:03:11;21:03:11;673.16582033;3.18606351;39.96779777;989.69;2025-04-07;4
2025-04-07 21:07:21;21:07:21;755.74709455;3.37136873;48.63076133;989.75;2025-04-07;4
2025-04-07 21:11:28;21:11:28;636.82131513;2.99567369;34.58137487;989.88;2025-04-07;4
2025-04-07 21:15:30;21:15:30;691.91193354;2.76107614;35.00125193;989.88;2025-04-07;4
2025-04-07 21:19:30;21:19:30;598.45463446;2.56433057;26.02038146;990.0;2025-04-07;4
2025-04-07 21:23:28;21:23:28;577.63169238;2.44343021;22.03454847;990.06;2025-04-07;4
2025-04-07 21:27:25;21:27:25;557.90181813;2.56221199;20.32055032;990.19;2025-04-07;4
2025-04-07 21:31:24;21:31:24;572.33031343;2.32860311;20.39852749;990.25;2025-04-07;4
2025-04-07 21:35:22;21:35:22;582.93307134;2.30077908;20.06112627;990.25;2025-04-07;4
2025-04-07 21:39:24;21:39:24;552.05390527;2.42167944;22.80682236;990.38;2025-04-07;4
2025-04-07 21:43:21;21:43:21;571.72912612;2.50698764;25.4505483;990.38;2025-04-07;4
2025-04-07 21:47:18;21:47:18;753.06907837;2.51235472;39.79234914;990.5;2025-04-07;4
2025-04-07 21:51:21;21:51:21;645.83912469;2.30727606;27.10756314;990.56;2025-04-07;4
2025-04-07 21:55:17;21:55:17;595.50335133;2.10601086;21.08682596;990.56;2025-04-07;4
2025-04-07 21:59:13;21:59:13;640.26447878;2.58043179;33.75361723;990.69;2025-04-07;4
2025-04-07 22:03:16;22:03:16;585.77504768;2.49003899;23.06774596;990.75;2025-04-07;4
2025-04-07 22:07:11;22:07:11;738.5312763;3.07773339;46.38891772;990.88;2025-04-07;4
2025-04-07 22:11:17;22:11:17;641.13893304;2.417866;29.44237952;991.0;2025-04-07;4
2025-04-07 22:15:15;22:15:15;738.03939577;3.12137616;49.04314059;991.06;2025-04-07;4
2025-04-07 22:19:15;22:19:15;628.56865305;2.68410102;32.0771081;991.06;2025-04-07;4
2025-04-07 22:23:14;22:23:14;591.07642664;2.90626956;38.82813146;991.19;2025-04-07;4
2025-04-07 22:27:15;22:27:15;637.80507618;2.67435555;33.30374895;991.25;2025-04-07;4
2025-04-07 22:31:10;22:31:10;657.48029703;2.52902089;28.58463066;991.25;2025-04-07;4
2025-04-07 22:35:12;22:35:12;616.9821341;2.78678159;26.99809519;991.38;2025-04-07;4
2025-04-07 22:39:13;22:39:13;755.74709455;2.94511022;39.92581006;991.38;2025-04-07;4
2025-04-07 22:43:18;22:43:18;645.67516452;2.5790194;28.26222506;991.5;2025-04-07;4
2025-04-07 22:47:20;22:47:20;632.83161757;2.67011839;28.49315745;991.5;2025-04-07;4
2025-04-07 22:51:27;22:51:27;599.00116837;2.78762902;28.41667984;991.5;2025-04-07;4
2025-04-07 22:55:30;22:55:30;596.04988524;3.04948565;34.36693765;991.56;2025-04-07;4
2025-04-07 22:59:28;22:59:28;574.73506264;2.8462431;25.34557903;991.56;2025-04-07;4
2025-04-07 23:03:25;23:03:25;556.207563;2.66136159;18.04121769;991.56;2025-04-07;4
2025-04-07 23:07:22;23:07:22;579.21664073;2.55825731;16.87006059;991.56;2025-04-07;4
2025-04-07 23:11:23;23:11:23;618.45777566;2.87590323;27.80185985;991.56;2025-04-07;4
2025-04-07 23:15:21;23:15:21;639.93655844;2.39512656;24.89421119;991.69;2025-04-07;4
2025-04-07 23:19:17;23:19:17;584.90059342;2.39668019;16.96003425;991.69;2025-04-07;4
2025-04-07 23:23:15;23:23:15;657.15237669;3.04835574;30.12018107;991.75;2025-04-07;4
2025-04-07 23:27:12;23:27:12;760.50193959;3.40964443;47.71303003;991.88;2025-04-07;4
2025-04-07 23:31:10;23:31:10;;5.9947371;144.60116202;991.88;2025-04-07;4
2025-04-07 23:35:06;23:35:06;;4.47260719;92.27398297;991.88;2025-04-07;4
2025-04-07 23:39:07;23:39:07;619.71480366;2.90683452;36.36585239;991.88;2025-04-07;4
2025-04-07 23:43:05;23:43:05;751.92135716;3.15301364;41.61431568;992.0;2025-04-07;4
2025-04-07 23:47:03;23:47:03;685.95471389;2.93578846;39.41895847;992.06;2025-04-07;4
2025-04-07 23:50:59;23:50:59;619.22292314;2.35769829;25.80144556;992.06;2025-04-07;4
2025-04-07 23:55:01;23:55:01;578.34218647;2.52351258;27.77636732;992.06;2025-04-07;4
2025-04-07 23:58:58;23:58:58;552.436479;2.60091141;24.34537188;992.06;2025-04-07;4
2025-04-08 00:02:54;00:02:54;578.94337377;2.64963877;27.95931375;992.06;2025-04-08;4
2025-04-08 00:06:49;00:06:49;598.39998107;2.08214151;21.62366877;992.06;2025-04-08;4
2025-04-08 00:10:45;00:10:45;574.24318212;1.99076005;16.63762864;992.19;2025-04-08;4
2025-04-08 00:14:42;00:14:42;600.0942362;2.08807354;16.90455049;992.25;2025-04-08;4
2025-04-08 00:18:43;00:18:43;637.0399287;2.18920048;21.88309282;992.25;2025-04-08;4
2025-04-08 00:22:42;00:22:42;685.84540711;2.33919602;27.50944547;992.25;2025-04-08;4
2025-04-08 00:26:44;00:26:44;612.50055602;2.31730401;23.36615859;992.25;2025-04-08;4
2025-04-08 00:30:45;00:30:45;611.84471532;2.32182365;20.2365749;992.25;2025-04-08;4
2025-04-08 00:34:41;00:34:41;691.69331997;2.62591066;33.12080251;992.25;2025-04-08;4
2025-04-08 00:38:38;00:38:38;918.61420055;4.15948091;79.11833483;992.25;2025-04-08;4
2025-04-08 00:42:35;00:42:35;916.64667846;3.55413166;68.78336082;992.38;2025-04-08;4
2025-04-08 00:46:31;00:46:31;766.78707958;3.28351824;49.77792545;992.38;2025-04-08;4
2025-04-08 00:50:33;00:50:33;911.45460629;3.66684018;54.65599719;992.5;2025-04-08;4
2025-04-08 00:54:36;00:54:36;769.46509576;3.17956653;50.31176914;992.5;2025-04-08;4
2025-04-08 00:58:34;00:58:34;778.97478584;2.92985643;40.14774508;992.5;2025-04-08;4
2025-04-08 01:02:31;01:02:31;725.46911578;2.65768938;34.17799298;992.5;2025-04-08;4
2025-04-08 01:06:35;01:06:35;713.99190361;2.82025517;40.82404707;992.56;2025-04-08;4
2025-04-08 01:10:32;01:10:32;614.68669167;2.71263125;29.30441992;992.56;2025-04-08;4
2025-04-08 01:14:30;01:14:30;718.58278848;3.25753031;46.0365209;992.56;2025-04-08;4
2025-04-08 01:18:27;01:18:27;728.69366587;2.51687435;35.34165227;992.56;2025-04-08;4
2025-04-08 01:22:26;01:22:26;916.10014455;3.46656365;66.94339955;992.56;2025-04-08;4
2025-04-08 01:26:29;01:26:29;;4.74209071;106.01296031;992.56;2025-04-08;4
2025-04-08 01:30:25;01:30:25;987.42282016;3.71542631;71.71650202;992.56;2025-04-08;4
2025-04-08 01:34:33;01:34:33;908.83124351;3.51472606;62.33674833;992.69;2025-04-08;4
2025-04-08 01:38:31;01:38:31;663.05494294;3.01728321;32.22556463;992.56;2025-04-08;4
2025-04-08 01:42:32;01:42:32;683.65927146;3.10937087;30.19815824;992.56;2025-04-08;4
2025-04-08 01:46:35;01:46:35;748.31423333;3.46176153;43.54724974;992.56;2025-04-08;4
2025-04-08 01:50:33;01:50:33;953.319104;3.44806137;65.33886934;992.56;2025-04-08;4
2025-04-08 01:54:30;01:54:30;712.13368831;2.71079515;31.79818976;992.56;2025-04-08;4
2025-04-08 01:58:25;01:58:25;677.64739842;3.08564276;34.28596136;992.56;2025-04-08;4
2025-04-08 02:02:25;02:02:25;639.11675757;2.72463654;26.55572471;992.56;2025-04-08;4
2025-04-08 02:06:22;02:06:22;759.35421837;3.40752585;44.33152011;992.56;2025-04-08;4
2025-04-08 02:10:23;02:10:23;591.56830716;2.7427151;24.78024456;992.56;2025-04-08;4
2025-04-08 02:14:29;02:14:29;712.95348918;2.84271213;36.00295864;992.56;2025-04-08;4
2025-04-08 02:18:26;02:18:26;904.07639847;2.98847051;46.7698062;992.56;2025-04-08;4
2025-04-08 02:22:31;02:22:31;862.92239484;2.77279895;45.54166579;992.56;2025-04-08;4
2025-04-08 02:26:35;02:26:35;;2.94920614;58.79178627;992.56;2025-04-08;4
2025-04-08 02:30:32;02:30:32;875.71128839;3.03098337;55.85264682;992.69;2025-04-08;4
2025-04-08 02:34:33;02:34:33;;3.45215729;81.49064024;992.69;2025-04-08;4
2025-04-08 02:38:30;02:38:30;;3.23479087;74.99004356;992.75;2025-04-08;4
2025-04-08 02:42:29;02:42:29;768.80925506;2.7540142;42.27712162;992.75;2025-04-08;4
2025-04-08 02:46:31;02:46:31;625.67202331;2.63014782;26.83614261;992.69;2025-04-08;4
2025-04-08 02:50:31;02:50:31;623.32192749;2.49936075;22.29097339;992.75;2025-04-08;4
2025-04-08 02:54:29;02:54:29;614.24946454;2.17620651;17.75930023;992.75;2025-04-08;4
2025-04-08 02:58:35;02:58:35;651.79634434;2.63833967;29.35840411;992.75;2025-04-08;4
2025-04-08 03:02:36;03:02:36;647.80664678;2.79991679;32.77740306;992.88;2025-04-08;4
2025-04-08 03:06:35;03:06:35;622.83004697;2.53339929;25.35907508;992.88;2025-04-08;4
2025-04-08 03:10:34;03:10:34;627.85815896;2.24922694;22.52190578;992.88;2025-04-08;4
2025-04-08 03:14:33;03:14:33;592.33345464;2.16109397;19.49129312;992.88;2025-04-08;4
2025-04-08 03:18:32;03:18:32;572.33031343;2.18468084;16.47117738;992.88;2025-04-08;4
2025-04-08 03:22:32;03:22:32;662.61771581;2.14697009;25.19412338;992.75;2025-04-08;4
2025-04-08 03:26:36;03:26:36;666.38879981;2.46687584;29.57284133;992.88;2025-04-08;4
2025-04-08 03:30:35;03:30:35;696.06559127;2.46800575;31.13538383;992.88;2025-04-08;4
2025-04-08 03:34:35;03:34:35;615.45183914;2.19499127;20.13910344;992.88;2025-04-08;4
2025-04-08 03:38:31;03:38:31;633.21419131;2.34145584;23.82802336;992.88;2025-04-08;4
2025-04-08 03:42:32;03:42:32;618.78569601;2.22338025;20.325049;992.88;2025-04-08;4
2025-04-08 03:46:33;03:46:33;631.19201583;2.16688476;22.26698042;992.88;2025-04-08;4
2025-04-08 03:50:33;03:50:33;610.97026106;2.09767777;17.75330199;992.88;2025-04-08;4
2025-04-08 03:54:31;03:54:31;611.24352802;2.22041424;21.98656252;992.88;2025-04-08;4
2025-04-08 03:58:33;03:58:33;586.9227689;2.29597696;19.98314911;992.88;2025-04-08;4
2025-04-08 04:02:34;04:02:34;581.84000351;2.48184715;22.69585485;992.88;2025-04-08;4
2025-04-08 04:06:34;04:06:34;583.53425864;2.24950942;18.18817466;992.88;2025-04-08;4
2025-04-08 04:10:36;04:10:36;575.22694317;2.13651843;15.07208702;992.88;2025-04-08;4
2025-04-08 04:14:34;04:14:34;635.45498035;2.06081446;18.97694371;992.88;2025-04-08;4
2025-04-08 04:18:34;04:18:34;950.53178105;2.63325508;42.41808035;992.88;2025-04-08;4
2025-04-08 04:22:38;04:22:38;708.36260431;2.16744971;24.03346321;992.88;2025-04-08;4
2025-04-08 04:26:37;04:26:37;613.48431706;2.05558863;19.28285415;993.0;2025-04-08;4
2025-04-08 04:30:33;04:30:33;585.33782055;2.11123669;16.83257157;993.0;2025-04-08;4
2025-04-08 04:34:33;04:34:33;665.07711842;2.06674649;23.16371786;993.0;2025-04-08;4
2025-04-08 04:38:30;04:38:30;582.87841794;1.72212396;13.67599579;993.0;2025-04-08;4
2025-04-08 04:42:28;04:42:28;562.05547587;1.80178261;12.93596246;993.0;2025-04-08;4
2025-04-08 04:46:25;04:46:25;616.87282732;1.84161194;19.59326326;993.06;2025-04-08;4
2025-04-08 04:50:24;04:50:24;583.97148577;1.71209601;13.75187357;993.06;2025-04-08;4
2025-04-08 04:54:21;04:54:21;593.09860211;1.67932862;13.53878596;993.06;2025-04-08;4
2025-04-08 04:58:17;04:58:17;640.92031948;1.71421459;21.88309282;993.06;2025-04-08;4
2025-04-08 05:02:15;05:02:15;864.34338301;2.05982579;51.17701581;993.06;2025-04-08;4
2025-04-08 05:06:12;05:06:12;596.15919202;1.83878716;13.74542546;993.0;2025-04-08;4
2025-04-08 05:10:14;05:10:14;586.81346212;2.16476617;18.78200079;993.0;2025-04-08;4
2025-04-08 05:14:13;05:14:13;569.48833708;1.94415126;14.12886319;993.0;2025-04-08;4
2025-04-08 05:18:13;05:18:13;594.57424368;2.00530764;15.0690879;993.0;2025-04-08;4
2025-04-08 05:22:10;05:22:10;595.61265811;2.12733791;21.47221312;993.0;2025-04-08;4
2025-04-08 05:26:11;05:26:11;597.03364628;2.30176775;22.25198481;993.06;2025-04-08;4
2025-04-08 05:30:08;05:30:08;557.68320457;2.08906221;16.16076827;993.06;2025-04-08;4
2025-04-08 05:34:07;05:34:07;598.8372082;1.96321849;17.89426071;993.06;2025-04-08;4
2025-04-08 05:38:07;05:38:07;695.68301754;1.8615266;21.10332113;993.19;2025-04-08;4
2025-04-08 05:42:06;05:42:06;624.63360888;1.81435286;19.68173736;993.19;2025-04-08;4
2025-04-08 05:46:01;05:46:01;602.82690576;1.75828108;16.13977441;993.19;2025-04-08;4
2025-04-08 05:50:09;05:50:09;579.3806009;1.77791326;13.76821878;993.19;2025-04-08;4
2025-04-08 05:54:09;05:54:09;562.16478265;1.8363861;11.51872742;993.19;2025-04-08;4
2025-04-08 05:58:17;05:58:17;584.57267307;1.82014365;12.56332157;993.25;2025-04-08;4
2025-04-08 06:02:19;06:02:19;573.64199482;1.69514736;10.86251955;993.25;2025-04-08;4
2025-04-08 06:06:17;06:06:17;568.23130908;1.74415721;12.00203591;993.19;2025-04-08;4
2025-04-08 06:10:14;06:10:14;561.01706143;1.82522824;10.79174027;993.19;2025-04-08;4
2025-04-08 06:14:11;06:14:11;556.69944352;1.70348045;9.60408801;993.19;2025-04-08;4
2025-04-08 06:18:10;06:18:10;590.25662577;1.63173117;12.29744941;993.19;2025-04-08;4
2025-04-08 06:22:11;06:22:11;614.74134506;1.71477955;17.14148112;993.19;2025-04-08;4
2025-04-08 06:26:09;06:26:09;615.61579932;1.65108088;16.23274719;993.19;2025-04-08;4
2025-04-08 06:30:10;06:30:10;638.18764991;1.76788531;21.15130708;993.19;2025-04-08;4
2025-04-08 06:34:09;06:34:09;605.88749567;1.77508849;17.70531604;993.19;2025-04-08;4
2025-04-08 06:38:11;06:38:11;577.95961273;1.81223428;14.44302121;993.25;2025-04-08;4
2025-04-08 06:42:10;06:42:10;548.33747466;1.67452651;10.83507758;993.25;2025-04-08;4
2025-04-08 06:46:09;06:46:09;582.93307134;1.5228361;11.61709861;993.25;2025-04-08;4
2025-04-08 06:50:14;06:50:14;637.20388887;1.63568585;17.23595346;993.25;2025-04-08;4
2025-04-08 06:54:14;06:54:14;673.49374068;1.70432788;19.5647716;993.25;2025-04-08;4
2025-04-08 06:58:16;06:58:16;600.0942362;1.51944637;12.83114315;993.25;2025-04-08;4
2025-04-08 07:02:12;07:02:12;589.76474525;1.55221376;13.06297527;993.25;2025-04-08;4
2025-04-08 07:06:09;07:06:09;584.90059342;1.78836493;14.34360032;993.38;2025-04-08;4
2025-04-08 07:10:10;07:10:10;569.70695065;1.72297139;13.22312838;993.38;2025-04-08;4
2025-04-08 07:14:12;07:14:12;567.520815;1.64331275;12.2295193;993.38;2025-04-08;4
2025-04-08 07:18:07;07:18:07;549.59450266;1.79034227;10.27589131;993.38;2025-04-08;4
2025-04-08 07:22:07;07:22:07;544.0417181;1.71859299;10.06265374;993.38;2025-04-08;4
2025-04-08 07:26:11;07:26:11;608.8387788;1.80616101;18.36812197;993.38;2025-04-08;4
2025-04-08 07:30:06;07:30:06;599.00116837;1.59444414;16.30172699;993.38;2025-04-08;4
2025-04-08 07:34:03;07:34:03;541.74627567;1.50687612;9.40059759;993.5;2025-04-08;4
2025-04-08 07:38:04;07:38:04;736.45444743;1.6570129;35.28166983;993.5;2025-04-08;4
2025-04-08 07:42:03;07:42:03;735.79860673;1.6212795;32.42800536;993.5;2025-04-08;4
2025-04-08 07:46:04;07:46:04;643.16110852;1.49133986;17.62883843;993.5;2025-04-08;4
2025-04-08 07:50:03;07:50:03;566.48240056;1.54614049;12.13714635;993.5;2025-04-08;4
2025-04-08 07:54:01;07:54:01;643.10645513;1.69924329;14.24178013;993.5;2025-04-08;4
2025-04-08 07:58:01;07:58:01;667.31790746;1.55913446;20.19308764;993.56;2025-04-08;4
2025-04-08 08:01:59;08:01:59;961.07988557;1.96392469;49.31606068;993.56;2025-04-08;4
2025-04-08 08:05:58;08:05:58;737.76612882;1.75206658;25.14913655;993.56;2025-04-08;4
2025-04-08 08:09:58;08:09:58;720.44100378;1.6934525;21.88909106;993.56;2025-04-08;4
2025-04-08 08:13:58;08:13:58;683.11273754;2.05191642;24.35586881;993.69;2025-04-08;4
2025-04-08 08:17:56;08:17:56;545.10745923;1.84288309;12.13549683;993.69;2025-04-08;4
2025-04-08 08:21:56;08:21:56;511.71970251;1.83144275;9.45263235;993.75;2025-04-08;4
2025-04-08 08:25:52;08:25:52;492.50903547;1.79104847;6.98315539;993.75;2025-04-08;4
2025-04-08 08:29:51;08:29:51;493.17580685;1.80587854;6.13275438;993.88;2025-04-08;4
2025-04-08 08:33:47;08:33:47;486.50262777;1.79161342;6.19183708;993.88;2025-04-08;4
2025-04-08 08:37:45;08:37:45;490.40487991;1.77311115;8.00720556;993.88;2025-04-08;4
2025-04-08 08:41:45;08:41:45;479.71467657;1.46309211;5.29225047;993.88;2025-04-08;4
2025-04-08 08:45:43;08:45:43;484.09241322;1.38252953;7.00924775;993.88;2025-04-08;4
2025-04-08 08:49:43;08:49:43;467.50510896;1.44049391;5.29854863;993.88;2025-04-08;4
2025-04-08 08:53:43;08:53:43;461.58068135;1.41252864;4.37646861;994.0;2025-04-08;4
2025-04-08 08:57:42;08:57:42;512.77451296;1.46379831;7.68030127;994.0;2025-04-08;4
2025-04-08 09:01:44;09:01:44;497.87053316;1.39637093;6.50209624;994.0;2025-04-08;4
2025-04-08 09:05:45;09:05:45;605.39561515;1.62551666;14.87504471;994.06;2025-04-08;4
2025-04-08 09:09:47;09:09:47;617.96589514;1.57467072;16.0213091;994.19;2025-04-08;4
2025-04-08 09:13:46;09:13:46;555.44241552;1.66859448;11.51782768;994.19;2025-04-08;4
2025-04-08 09:17:44;09:17:44;535.68521458;1.71195477;10.22115733;994.19;2025-04-08;4
2025-04-08 09:21:46;09:21:46;607.80036437;2.13637719;20.08511925;994.25;2025-04-08;4
2025-04-08 09:25:47;09:25:47;682.34759006;2.15685681;26.28880286;994.25;2025-04-08;4
2025-04-08 09:29:46;09:29:46;537.22644021;1.99316111;11.03062033;994.25;2025-04-08;4
2025-04-08 09:33:44;09:33:44;603.2094795;2.01604178;14.71489161;994.25;2025-04-08;4
2025-04-08 09:37:48;09:37:48;638.84349061;2.00643755;17.92125281;994.25;2025-04-08;4
2025-04-08 09:41:47;09:41:47;671.08899146;2.10134998;20.37303495;994.25;2025-04-08;4
2025-04-08 09:45:50;09:45:50;896.15165673;2.2716839;45.58665262;994.25;2025-04-08;4
2025-04-08 09:49:49;09:49:49;614.08550436;2.2742262;16.08579022;994.25;2025-04-08;4
2025-04-08 09:53:49;09:53:49;731.91821595;2.45006843;23.64507692;994.38;2025-04-08;4
2025-04-08 09:57:55;09:57:55;651.14050365;2.37860163;19.45980234;994.38;2025-04-08;4
2025-04-08 10:01:51;10:01:51;578.7794136;2.4353796;13.92072413;994.5;2025-04-08;4
2025-04-08 10:05:52;10:05:52;493.97374636;2.35798077;8.9975156;994.5;2025-04-08;4
2025-04-08 10:09:50;10:09:50;512.4739193;2.38749967;10.23855224;994.56;2025-04-08;4
2025-04-08 10:13:56;10:13:56;525.95144559;2.39809257;11.13468986;994.56;2025-04-08;4
2025-04-08 10:17:54;10:17:54;516.56199297;2.39611523;11.43355235;994.69;2025-04-08;4
2025-04-08 10:21:56;10:21:56;489.58507904;2.52774974;8.08983137;994.69;2025-04-08;4
2025-04-08 10:25:59;10:25:59;459.13220942;2.59187213;6.62386059;994.69;2025-04-08;4
2025-04-08 10:30:00;10:30:00;468.23199907;2.6730844;7.18334678;994.75;2025-04-08;4
2025-04-08 10:33:59;10:33:59;507.11242162;2.54554582;10.47848199;994.75;2025-04-08;4
2025-04-08 10:38:06;10:38:06;482.49653419;2.76983294;8.61392792;994.75;2025-04-08;4
2025-04-08 10:42:07;10:42:07;460.36191072;2.83579143;6.88793327;994.75;2025-04-08;4
2025-04-08 10:46:02;10:46:02;478.12426289;2.67011839;7.34919822;994.75;2025-04-08;4
2025-04-08 10:50:03;10:50:03;520.2401662;2.59130717;8.31011687;994.75;2025-04-08;4
2025-04-08 10:54:03;10:54:03;484.20718534;2.61531776;6.82210255;994.88;2025-04-08;4
2025-04-08 10:58:03;10:58:03;504.01903967;2.51899294;9.713406;994.88;2025-04-08;4
2025-04-08 11:02:04;11:02:04;487.63941831;2.53975503;7.4237264;994.88;2025-04-08;4
2025-04-08 11:06:04;11:06:04;484.79197662;2.41998458;8.08203365;994.88;2025-04-08;4
2025-04-08 11:10:05;11:10:05;507.11242162;2.38552233;8.14321574;995.0;2025-04-08;4
2025-04-08 11:14:04;11:14:04;545.79609196;2.18355093;11.34612795;994.88;2025-04-08;4
2025-04-08 11:18:05;11:18:05;495.15972495;2.26010232;8.23873777;994.88;2025-04-08;4
2025-04-08 11:22:04;11:22:04;;9.84208039;344.77905165;994.88;2025-04-08;4
2025-04-08 11:26:07;11:26:07;;9.31427122;299.98716633;994.75;2025-04-08;4
2025-04-08 11:30:07;11:30:07;;12.53027734;420.89676503;994.75;2025-04-08;4
2025-04-08 11:34:14;11:34:14;841.60757224;5.8693171;132.76812663;994.75;2025-04-08;4
2025-04-08 11:38:16;11:38:16;;16.03342182;535.35825169;994.69;2025-04-08;4
2025-04-08 11:42:17;11:42:17;;7.20882531;175.5386038;994.69;2025-04-08;4
2025-04-08 11:46:19;11:46:19;785.4785394;6.05815329;122.56811311;994.69;2025-04-08;4
2025-04-08 11:50:23;11:50:23;;6.54909916;161.8326168;994.56;2025-04-08;4
2025-04-08 11:54:18;11:54:18;;8.05258555;227.76831139;994.69;2025-04-08;4
2025-04-08 11:58:14;11:58:14;935.66605862;6.58949344;160.93288023;994.69;2025-04-08;4
2025-04-08 12:02:10;12:02:10;892.05265239;6.78454414;149.32177986;994.56;2025-04-08;4
2025-04-08 12:06:14;12:06:14;591.67761394;5.00945565;79.68816799;994.56;2025-04-08;4
2025-04-08 12:10:22;12:10:22;;7.62943428;200.77621444;994.56;2025-04-08;4
2025-04-08 12:14:18;12:14:18;854.17785223;5.95363663;138.07057412;994.56;2025-04-08;4
2025-04-08 12:18:17;12:18:17;522.70503415;4.66271454;73.65093564;994.5;2025-04-08;4
2025-04-08 12:22:15;12:22:15;505.35258242;3.51331367;40.92301809;994.5;2025-04-08;4
2025-04-08 12:26:11;12:26:11;524.44847733;3.38930605;44.10208729;994.5;2025-04-08;4
2025-04-08 12:30:13;12:30:13;486.29494488;3.91005329;60.07541043;994.56;2025-04-08;4
2025-04-08 12:34:10;12:34:10;547.24440683;4.0096266;73.2145634;994.56;2025-04-08;4
2025-04-08 12:38:06;12:38:06;482.60584097;3.15484975;40.8690339;994.56;2025-04-08;4
2025-04-08 12:42:03;12:42:03;496.55885177;3.10725229;36.67926063;994.5;2025-04-08;4
2025-04-08 12:46:10;12:46:10;502.58165548;2.79454972;33.02483061;994.5;2025-04-08;4
2025-04-08 12:50:12;12:50:12;473.21638835;3.02716992;36.08093581;994.38;2025-04-08;4
2025-04-08 12:54:10;12:54:10;518.0048425;3.02180285;43.79017861;994.25;2025-04-08;4
2025-04-08 12:58:07;12:58:07;509.28216125;2.98762308;38.1083422;994.25;2025-04-08;4
2025-04-08 13:02:04;13:02:04;507.16707501;3.87855705;61.6814402;994.25;2025-04-08;4
2025-04-08 13:06:02;13:06:02;538.45067618;3.7744641;62.56618116;994.25;2025-04-08;4
2025-04-08 13:10:01;13:10:01;549.59450266;2.79624458;40.83754312;994.25;2025-04-08;4
2025-04-08 13:13:57;13:13:57;753.83422585;4.62048416;108.64169064;994.19;2025-04-08;4
2025-04-08 13:17:56;13:17:56;530.37837029;2.78438053;36.28187698;994.19;2025-04-08;4
2025-04-08 13:21:52;13:21:52;549.86776961;4.29478762;73.22805945;994.19;2025-04-08;4
2025-04-08 13:25:49;13:25:49;526.64554366;3.7142964;59.18467124;994.06;2025-04-08;4
2025-04-08 13:29:51;13:29:51;596.21384542;3.58548667;60.67973349;994.06;2025-04-08;4
2025-04-08 13:33:47;13:33:47;610.58768732;4.38772271;75.66934466;994.0;2025-04-08;4
2025-04-08 13:37:44;13:37:44;493.09382676;3.6126045;50.59668572;994.0;2025-04-08;4
2025-04-08 13:41:51;13:41:51;540.61495047;3.1284381;44.43349025;993.88;2025-04-08;4
2025-04-08 13:45:52;13:45:52;553.52954683;3.48068752;56.50645539;993.88;2025-04-08;4
2025-04-08 13:49:54;13:49:54;516.19581525;3.04694335;39.7248689;993.75;2025-04-08;4
2025-04-08 13:54:06;13:54:06;545.1730433;2.71277249;33.49269363;993.75;2025-04-08;4
2025-04-08 13:58:07;13:58:07;556.64479013;3.24058166;43.93413646;993.75;2025-04-08;4
2025-04-08 14:02:08;14:02:08;566.263787;3.12462466;47.25266482;993.75;2025-04-08;4
2025-04-08 14:06:11;14:06:11;597.36156663;4.07219536;70.23643537;993.75;2025-04-08;4
2025-04-08 14:10:13;14:10:13;669.55869651;3.94197325;70.16595601;993.75;2025-04-08;4
2025-04-08 14:14:11;14:14:11;572.65823378;2.81248704;39.92880919;993.69;2025-04-08;4
2025-04-08 14:18:13;14:18:13;630.64548192;3.38859986;51.38995346;993.56;2025-04-08;4
2025-04-08 14:22:14;14:22:14;542.42397772;3.64226464;40.41616649;993.56;2025-04-08;4
2025-04-08 14:26:20;14:26:20;535.26984881;3.81641201;49.52899833;993.56;2025-04-08;4
2025-04-08 14:30:17;14:30:17;604.4665075;4.89943067;83.78946716;993.5;2025-04-08;4
2025-04-08 14:34:17;14:34:17;564.07765135;3.23874556;42.49155884;993.56;2025-04-08;4
2025-04-08 14:38:16;14:38:16;569.21507013;5.86451498;98.50016;993.5;2025-04-08;4
2025-04-08 14:42:13;14:42:13;577.08515847;4.69237467;68.43996137;993.5;2025-04-08;4
2025-04-08 14:46:11;14:46:11;573.1501143;3.64042854;41.07297418;993.5;2025-04-08;4
2025-04-08 14:50:13;14:50:13;538.6638244;4.59590861;60.82069222;993.5;2025-04-08;4
2025-04-08 14:54:08;14:54:08;533.09464383;3.49509387;42.2741225;993.38;2025-04-08;4
2025-04-08 14:58:06;14:58:06;520.17458214;3.62785829;47.61855769;993.38;2025-04-08;4
2025-04-08 15:02:04;15:02:04;514.29934257;2.69144544;27.74787566;993.5;2025-04-08;4
2025-04-08 15:05:59;15:05:59;535.22066075;3.35851601;46.67533386;993.38;2025-04-08;4
2025-04-08 15:09:59;15:09:59;543.62088699;3.14623418;41.00099526;993.25;2025-04-08;4
2025-04-08 15:13:58;15:13:58;523.65053782;3.0569713;41.03698472;993.25;2025-04-08;4
2025-04-08 15:17:56;15:17:56;529.12680763;2.85627105;31.99913093;993.19;2025-04-08;4
2025-04-08 15:21:53;15:21:53;526.59089027;3.18973571;38.2927882;993.19;2025-04-08;4
2025-04-08 15:25:52;15:25:52;528.39445218;3.36091707;43.83066676;993.19;2025-04-08;4
2025-04-08 15:29:54;15:29:54;575.11763638;3.46557497;42.19464577;993.19;2025-04-08;4
2025-04-08 15:34:01;15:34:01;554.51330787;2.86008449;33.98454961;993.06;2025-04-08;4
2025-04-08 15:37:57;15:37:57;567.90338874;2.83875744;30.66902037;993.0;2025-04-08;4
2025-04-08 15:41:53;15:41:53;598.67324802;2.98875299;35.00725018;993.0;2025-04-08;4
2025-04-08 15:45:50;15:45:50;583.42495186;2.91064796;32.96184905;992.88;2025-04-08;4
2025-04-08 15:49:55;15:49:55;549.04796875;2.61560023;22.70185309;992.75;2025-04-08;4
2025-04-08 15:53:51;15:53:51;561.39963517;2.67068334;25.15063611;992.75;2025-04-08;4
2025-04-08 15:57:48;15:57:48;548.66539501;2.64300055;25.3200865;992.75;2025-04-08;4
2025-04-08 16:01:50;16:01:50;622.17420627;3.11643281;38.03036503;992.69;2025-04-08;4
2025-04-08 16:05:45;16:05:45;721.04219109;3.93222777;53.89571979;992.75;2025-04-08;4
2025-04-08 16:09:47;16:09:47;601.78849133;2.77802479;32.14458834;992.69;2025-04-08;4
2025-04-08 16:13:44;16:13:44;603.91997359;2.64059949;28.1992435;992.75;2025-04-08;4
2025-04-08 16:17:43;16:17:43;653.16267912;2.91262531;36.42883395;992.69;2025-04-08;4
2025-04-08 16:21:39;16:21:39;705.68458814;3.09439956;46.87927415;992.69;2025-04-08;4
2025-04-08 16:25:41;16:25:41;605.55957532;3.18112015;41.2874114;992.69;2025-04-08;4
2025-04-08 16:29:39;16:29:39;614.90530523;3.15400231;37.5670007;992.69;2025-04-08;4
2025-04-08 16:33:35;16:33:35;578.83406699;2.69794242;25.08915411;992.56;2025-04-08;4
2025-04-08 16:37:32;16:37:32;648.02526034;3.05965483;36.33886029;992.56;2025-04-08;4
2025-04-08 16:41:29;16:41:29;549.86776961;2.3901832;18.15668388;992.56;2025-04-08;4
2025-04-08 16:45:25;16:45:25;572.82219395;2.48354201;21.75862926;992.56;2025-04-08;4
2025-04-08 16:49:27;16:49:27;559.76003344;2.57435852;21.49470653;992.56;2025-04-08;4
2025-04-08 16:53:23;16:53:23;764.32767698;3.17490565;43.27582921;992.56;2025-04-08;4
2025-04-08 16:57:23;16:57:23;615.50649254;2.92915024;32.23156287;992.56;2025-04-08;4
2025-04-08 17:01:25;17:01:25;598.61859463;2.68339483;27.16304689;992.5;2025-04-08;4
2025-04-08 17:05:20;17:05:20;547.35371362;2.46348611;18.13718959;992.38;2025-04-08;4
2025-04-08 17:09:17;17:09:17;635.56428713;2.82053765;36.28337654;992.38;2025-04-08;4
2025-04-08 17:13:18;17:13:18;672.01809911;2.85118645;39.45494793;992.38;2025-04-08;4
2025-04-08 17:17:21;17:17:21;543.27110529;2.74864713;29.30591948;992.38;2025-04-08;4
2025-04-08 17:21:19;17:21:19;684.53372572;3.40936196;51.59839243;992.38;2025-04-08;4
2025-04-08 17:25:26;17:25:26;828.38145155;3.45017995;68.76986477;992.38;2025-04-08;4
2025-04-08 17:29:24;17:29:24;632.06647009;2.57817197;33.60815982;992.38;2025-04-08;4
2025-04-08 17:33:21;17:33:21;759.46352515;3.53280462;56.52594969;992.25;2025-04-08;4
2025-04-08 17:37:27;17:37:27;677.31947807;3.33634153;48.14490358;992.25;2025-04-08;4
2025-04-08 17:41:30;17:41:30;;5.68387063;161.53270461;992.25;2025-04-08;4
2025-04-08 17:45:31;17:45:31;;4.20114633;120.74314744;992.25;2025-04-08;4
2025-04-08 17:49:34;17:49:34;933.26130941;4.38588661;70.58583307;992.25;2025-04-08;4
2025-04-08 17:53:32;17:53:32;595.55800472;3.40794957;33.20777705;992.25;2025-04-08;4
2025-04-08 17:57:34;17:57:34;581.62138995;3.77347543;39.86882675;992.25;2025-04-08;4
2025-04-08 18:01:35;18:01:35;623.48588766;3.28945027;32.49848472;992.25;2025-04-08;4
2025-04-08 18:05:32;18:05:32;618.18450871;2.81149837;24.88371426;992.25;2025-04-08;4
2025-04-08 18:09:31;18:09:31;561.50894196;3.0989192;29.14246734;992.25;2025-04-08;4
2025-04-08 18:13:27;18:13:27;741.31859925;3.34114364;40.93651414;992.25;2025-04-08;4
2025-04-08 18:17:25;18:17:25;848.49389954;4.20750208;65.38235661;992.25;2025-04-08;4
2025-04-08 18:21:33;18:21:33;685.57214015;3.12264731;41.84074939;992.25;2025-04-08;4
2025-04-08 18:25:30;18:25:30;623.97776818;3.45314597;35.95497269;992.25;2025-04-08;4
2025-04-08 18:29:27;18:29:27;738.14870256;3.41035063;48.08642071;992.38;2025-04-08;4
2025-04-08 18:33:24;18:33:24;820.83928355;3.40583099;56.48846066;992.38;2025-04-08;4
2025-04-08 18:37:30;18:37:30;;4.45283377;88.18917896;992.38;2025-04-08;4
2025-04-08 18:41:32;18:41:32;809.79929852;3.39453189;56.98631489;992.38;2025-04-08;4
2025-04-08 18:45:39;18:45:39;714.37447735;3.18987695;39.15503574;992.38;2025-04-08;4
2025-04-08 18:49:43;18:49:43;649.17298156;2.99807474;28.56813549;992.5;2025-04-08;4
2025-04-08 18:53:52;18:53:52;703.22518553;3.57588243;41.7672709;992.5;2025-04-08;4
2025-04-08 18:57:49;18:57:49;953.42841079;4.126996;68.87333448;992.5;2025-04-08;4
2025-04-08 19:01:58;19:01:58;835.81431276;4.34125517;58.82177749;992.5;2025-04-08;4
2025-04-08 19:05:54;19:05:54;707.59745683;3.4558295;42.19014709;992.5;2025-04-08;4
2025-04-08 19:09:51;19:09:51;681.58244259;3.13239279;33.06831788;992.5;2025-04-08;4
2025-04-08 19:13:53;19:13:53;619.33222993;2.79031256;24.60629549;992.5;2025-04-08;4
2025-04-08 19:17:50;19:17:50;741.09998569;3.4062547;43.96412768;992.5;2025-04-08;4
2025-04-08 19:21:47;19:21:47;;5.93471064;128.39090824;992.56;2025-04-08;4
2025-04-08 19:25:51;19:25:51;746.23740446;3.43153644;44.03010836;992.56;2025-04-08;4
2025-04-08 19:29:50;19:29:50;659.11989877;3.13775986;28.18124877;992.56;2025-04-08;4
2025-04-08 19:33:48;19:33:48;697.26796588;3.51839826;39.4369532;992.5;2025-04-08;4
2025-04-08 19:37:56;19:37:56;788.53912931;3.31275466;40.27820689;992.5;2025-04-08;4
2025-04-08 19:41:58;19:41:58;723.88416743;2.99708607;35.85600167;992.56;2025-04-08;4
2025-04-08 19:46:00;19:46:00;;4.99745035;113.31432254;992.56;2025-04-08;4
2025-04-08 19:50:01;19:50:01;823.0800726;3.86994149;64.35965604;992.56;2025-04-08;4
2025-04-08 19:53:59;19:53:59;626.87439792;2.93607094;25.90641482;992.56;2025-04-08;4
2025-04-08 19:57:56;19:57:56;713.28140953;3.22659903;36.90269521;992.56;2025-04-08;4
2025-04-08 20:01:54;20:01:54;;3.7048334;81.76056121;992.56;2025-04-08;4
2025-04-08 20:05:52;20:05:52;858.33150997;3.9086409;64.32516614;992.56;2025-04-08;4
2025-04-08 20:09:49;20:09:49;750.33640881;3.14524551;40.60061249;992.69;2025-04-08;4
2025-04-08 20:13:47;20:13:47;802.58505087;2.97505283;44.78588708;992.69;2025-04-08;4
2025-04-08 20:17:54;20:17:54;;3.94875271;72.16337118;992.75;2025-04-08;4
2025-04-08 20:21:51;20:21:51;873.36119257;3.11261936;50.55469802;992.75;2025-04-08;4
2025-04-08 20:25:48;20:25:48;842.86460024;2.92491308;39.13704101;992.88;2025-04-08;4
2025-04-08 20:29:55;20:29:55;745.30829681;2.68085253;32.14308878;992.88;2025-04-08;4
2025-04-08 20:33:57;20:33:57;;3.73053885;78.20510222;992.88;2025-04-08;4
2025-04-08 20:37:54;20:37:54;816.68562582;3.32475995;46.65434001;993.0;2025-04-08;4
2025-04-08 20:41:57;20:41:57;673.43908729;3.53690054;38.59120083;993.0;2025-04-08;4
2025-04-08 20:45:56;20:45:56;661.63395477;3.02335648;31.17137329;993.0;2025-04-08;4
2025-04-08 20:49:54;20:49:54;658.08148434;3.59057126;46.66483694;993.06;2025-04-08;4
2025-04-08 20:53:50;20:53:50;669.72265668;3.80737273;49.28007122;993.06;2025-04-08;4
2025-04-08 20:57:49;20:57:49;722.90040639;3.55794511;45.62114252;993.19;2025-04-08;4
2025-04-08 21:01:45;21:01:45;667.86444138;3.28648425;39.00657921;993.19;2025-04-08;4
2025-04-08 21:05:48;21:05:48;686.17332745;3.67587946;42.98491439;993.19;2025-04-08;4
2025-04-08 21:09:45;21:09:45;612.00867549;3.41261045;38.55971005;993.25;2025-04-08;4
2025-04-08 21:13:47;21:13:47;606.37937619;3.21586488;34.21098332;993.38;2025-04-08;4
2025-04-08 21:17:46;21:17:46;762.19619472;3.98886451;54.18213593;993.38;2025-04-08;4
2025-04-08 21:21:44;21:21:44;744.98037647;3.77728887;56.14506121;993.5;2025-04-08;4
2025-04-08 21:25:41;21:25:41;716.17803926;3.35286646;39.97379601;993.5;2025-04-08;4
2025-04-08 21:29:39;21:29:39;646.76823234;3.08959745;32.94685344;993.56;2025-04-08;4
2025-04-08 21:33:35;21:33:35;648.13456713;3.09002116;30.37810555;993.69;2025-04-08;4
2025-04-08 21:37:33;21:37:33;779.08409262;2.95796294;40.71158;993.69;2025-04-08;4
2025-04-08 21:41:28;21:41:28;752.74115803;2.8888972;37.63298139;993.75;2025-04-08;4
2025-04-08 21:45:25;21:45:25;783.83893766;2.95697427;36.6762615;993.75;2025-04-08;4
2025-04-08 21:49:33;21:49:33;691.36539963;2.71065391;26.3487853;993.88;2025-04-08;4
2025-04-08 21:53:32;21:53:32;610.75164749;2.83734506;19.37582692;993.88;2025-04-08;4
2025-04-08 21:57:38;21:57:38;608.8387788;2.50614021;13.29045867;994.0;2025-04-08;4
2025-04-08 22:01:36;22:01:36;626.65578436;2.88903844;21.86959677;994.0;2025-04-08;4
2025-04-08 22:05:38;22:05:38;619.60549688;2.82307994;21.7916196;994.0;2025-04-08;4
2025-04-08 22:09:41;22:09:41;602.82690576;2.53396424;16.39469977;994.0;2025-04-08;4
2025-04-08 22:13:38;22:13:38;703.4437991;3.02279152;35.75703065;994.06;2025-04-08;4
2025-04-08 22:17:37;22:17:37;649.00902139;2.87858677;30.15317141;994.06;2025-04-08;4
2025-04-08 22:21:35;22:21:35;574.89902282;2.53085699;23.1547205;994.19;2025-04-08;4
2025-04-08 22:25:31;22:25:31;573.64199482;2.20403054;17.84927389;994.19;2025-04-08;4
2025-04-08 22:29:29;22:29:29;575.55486351;2.52266514;25.17612865;994.25;2025-04-08;4
2025-04-08 22:33:25;22:33:25;581.8946569;3.03366691;37.402049;994.25;2025-04-08;4
2025-04-08 22:37:22;22:37:22;603.48274646;2.70316825;33.08481305;994.38;2025-04-08;4
2025-04-08 22:41:24;22:41:24;583.09703151;2.58000807;26.636701;994.38;2025-04-08;4
2025-04-08 22:45:24;22:45:24;587.25068925;2.08990964;21.16780225;994.38;2025-04-08;4
2025-04-08 22:49:26;22:49:26;645.45655095;2.04626687;25.09665192;994.5;2025-04-08;4
2025-04-08 22:53:25;22:53:25;599.27443533;2.33029798;30.0347061;994.5;2025-04-08;4
2025-04-08 22:57:22;22:57:22;590.58454611;2.08242399;22.06603925;994.56;2025-04-08;4
2025-04-08 23:01:30;23:01:30;586.43088838;2.05629482;20.20958281;994.56;2025-04-08;4
2025-04-08 23:05:27;23:05:27;587.96118333;1.83652734;15.30002029;994.56;2025-04-08;4
2025-04-08 23:09:24;23:09:24;636.00151426;2.14640514;23.78903477;994.56;2025-04-08;4
2025-04-08 23:13:20;23:13:20;598.34532768;2.2811469;28.33120487;994.5;2025-04-08;4
2025-04-08 23:17:21;23:17:21;581.12950942;2.10572838;22.0720375;994.56;2025-04-08;4
2025-04-08 23:21:21;23:21:21;580.69228229;2.17112192;20.69244143;994.56;2025-04-08;4
2025-04-08 23:25:22;23:25:22;597.79879376;1.99513845;20.4135231;994.56;2025-04-08;4
2025-04-08 23:29:20;23:29:20;590.85781307;1.99174872;17.74280506;994.56;2025-04-08;4
2025-04-08 23:33:16;23:33:16;722.02595213;2.04330086;26.85713646;994.56;2025-04-08;4
2025-04-08 23:37:22;23:37:22;763.99975663;2.58551638;42.0821787;994.56;2025-04-08;4
2025-04-08 23:41:24;23:41:24;788.5937827;2.73734803;47.78500896;994.56;2025-04-08;4
2025-04-08 23:45:23;23:45:23;626.27321062;2.19880471;26.23781779;994.56;2025-04-08;4
2025-04-08 23:49:21;23:49:21;577.30377203;2.10163246;21.26827283;994.69;2025-04-08;4
2025-04-08 23:53:18;23:53:18;571.51051256;2.094853;18.49858377;994.69;2025-04-08;4
2025-04-08 23:57:16;23:57:16;565.88121326;2.15671557;24.61829197;994.75;2025-04-08;4
2025-04-09 00:01:15;00:01:15;660.43158016;2.31038332;31.85217396;994.88;2025-04-09;4
2025-04-09 00:05:10;00:05:10;635.83755409;1.92762633;31.28683948;994.88;2025-04-09;4
2025-04-09 00:09:07;00:09:07;568.1220023;1.8910455;21.76162838;995.0;2025-04-09;4
2025-04-09 00:13:03;00:13:03;529.54763874;2.10431599;21.27427108;995.0;2025-04-09;4
2025-04-09 00:17:01;00:17:01;569.16041673;1.97917847;27.04908026;995.0;2025-04-09;4
2025-04-09 00:20:59;00:20:59;602.99086593;1.99174872;25.47754039;995.06;2025-04-09;4
2025-04-09 00:24:56;00:24:56;633.870032;2.10742325;31.02141719;995.06;2025-04-09;4
2025-04-09 00:28:58;00:28:58;639.5539847;1.67593889;26.68018827;995.19;2025-04-09;4
2025-04-09 00:32:54;00:32:54;613.75758401;1.5629479;19.22587083;995.19;2025-04-09;4
2025-04-09 00:36:50;00:36:50;564.02299796;1.62410428;14.56658503;995.25;2025-04-09;4
2025-04-09 00:40:57;00:40:57;562.38339622;1.70545779;15.20554795;995.25;2025-04-09;4
2025-04-09 00:45:01;00:45:01;580.80158908;1.86435137;20.08661881;995.25;2025-04-09;4
2025-04-09 00:48:56;00:48:56;574.29783551;1.81859002;19.68173736;995.25;2025-04-09;4
2025-04-09 00:52:53;00:52:53;569.48833708;1.70333921;16.64962513;995.25;2025-04-09;4
2025-04-09 00:56:55;00:56:55;601.62453115;2.10346856;27.2395245;995.25;2025-04-09;4
2025-04-09 01:00:56;01:00:56;553.14697309;1.87833401;18.88996918;995.38;2025-04-09;4
2025-04-09 01:04:53;01:04:53;547.24440683;1.99061881;21.26377415;995.38;2025-04-09;4
2025-04-09 01:08:50;01:08:50;558.1204317;1.94189144;21.74063453;995.38;2025-04-09;4
2025-04-09 01:12:48;01:12:48;621.3544054;2.02719964;26.2453156;995.38;2025-04-09;4
2025-04-09 01:16:47;01:16:47;599.71166246;1.93652437;25.96039902;995.38;2025-04-09;4
2025-04-09 01:20:44;01:20:44;593.04394872;1.89175169;24.92570197;995.38;2025-04-09;4
2025-04-09 01:24:46;01:24:46;566.04517343;1.76350691;19.34133702;995.38;2025-04-09;4
2025-04-09 01:28:41;01:28:41;554.51330787;1.3999584;13.61121475;995.38;2025-04-09;4
2025-04-09 01:32:40;01:32:40;618.78569601;1.50504002;18.6395425;995.38;2025-04-09;4
2025-04-09 01:36:38;01:36:38;692.56777423;1.69797214;30.04520302;995.5;2025-04-09;4
2025-04-09 01:40:39;01:40:39;753.17838516;1.82635815;43.21584677;995.38;2025-04-09;4
2025-04-09 01:44:37;01:44:37;723.93882082;1.94838842;35.73453723;995.38;2025-04-09;4
2025-04-09 01:48:40;01:48:40;601.84314472;1.86308023;25.61400044;995.25;2025-04-09;4
2025-04-09 01:52:36;01:52:36;628.35003949;2.04895041;29.84426186;995.25;2025-04-09;4
2025-04-09 01:56:38;01:56:38;563.69507761;1.8320077;18.71002187;995.25;2025-04-09;4
2025-04-09 02:00:38;02:00:38;589.4368249;1.90446318;22.91778987;995.25;2025-04-09;4
2025-04-09 02:04:36;02:04:36;562.11012926;1.88370108;19.0234301;995.25;2025-04-09;4
2025-04-09 02:08:36;02:08:36;547.08044666;1.86322146;17.60334589;995.25;2025-04-09;4
2025-04-09 02:12:37;02:12:37;662.94563616;2.18694066;34.68634414;995.25;2025-04-09;4
2025-04-09 02:16:34;02:16:34;595.17543098;2.10728201;21.29376537;995.25;2025-04-09;4
2025-04-09 02:20:39;02:20:39;541.68615694;2.00234162;15.63592194;995.25;2025-04-09;4
2025-04-09 02:24:36;02:24:36;515.84603355;1.72692608;11.10559838;995.25;2025-04-09;4
2025-04-09 02:28:33;02:28:33;517.28888308;1.74698198;12.97480109;995.25;2025-04-09;4
2025-04-09 02:32:29;02:32:29;517.25609104;2.07451462;18.05021505;995.25;2025-04-09;4
2025-04-09 02:36:26;02:36:26;522.55746999;1.82169727;13.97770745;995.19;2025-04-09;4
2025-04-09 02:40:24;02:40:24;698.47034049;2.2716839;26.53623042;995.19;2025-04-09;4
2025-04-09 02:44:20;02:44:20;;3.25428182;68.69338716;995.19;2025-04-09;4
2025-04-09 02:48:19;02:48:19;;3.40512479;123.15894012;995.19;2025-04-09;4
2025-04-09 02:52:18;02:52:18;;3.20145853;88.28515086;995.19;2025-04-09;4
2025-04-09 02:56:17;02:56:17;979.44342503;2.80076422;69.66660222;995.19;2025-04-09;4
2025-04-09 03:00:15;03:00:15;745.85483073;2.59045974;46.11599763;995.06;2025-04-09;4
2025-04-09 03:04:19;03:04:19;565.71725308;2.21970805;23.35716122;995.06;2025-04-09;4
2025-04-09 03:08:17;03:08:17;638.24230331;2.40388336;30.66302213;995.19;2025-04-09;4
2025-04-09 03:12:16;03:12:16;642.55992122;2.14894744;26.04587399;995.06;2025-04-09;4
2025-04-09 03:16:13;03:16:13;655.29416138;1.98143829;27.8078581;995.06;2025-04-09;4
2025-04-09 03:20:15;03:20:15;833.30025677;1.88454851;31.66172972;995.0;2025-04-09;4
2025-04-09 03:24:13;03:24:13;749.24334099;1.81816631;26.575219;995.0;2025-04-09;4
2025-04-09 03:28:10;03:28:10;650.59396973;2.18298597;23.511616;995.0;2025-04-09;4
2025-04-09 03:32:08;03:32:08;601.13265063;2.03412034;16.04680163;995.0;2025-04-09;4
2025-04-09 03:36:10;03:36:10;693.16896154;2.58170294;33.05782095;995.0;2025-04-09;4
2025-04-09 03:40:10;03:40:10;628.95122679;2.20134701;21.77212531;995.06;2025-04-09;4
2025-04-09 03:44:06;03:44:06;615.06926541;2.30854721;22.80982148;995.0;2025-04-09;4
2025-04-09 03:48:07;03:48:07;701.25766345;2.09146327;28.05678521;995.0;2025-04-09;4
2025-04-09 03:52:05;03:52:05;635.7829007;1.87692162;19.73272243;995.0;2025-04-09;4
2025-04-09 03:56:07;03:56:07;593.97305637;2.16730847;21.22928425;994.88;2025-04-09;4
2025-04-09 04:00:05;04:00:05;570.47209813;1.87565047;16.75309484;994.88;2025-04-09;4
2025-04-09 04:04:02;04:04:02;;2.16038777;55.84814814;994.88;2025-04-09;4
2025-04-09 04:08:04;04:08:04;878.00673083;2.13793081;34.76582087;994.88;2025-04-09;4
2025-04-09 04:12:02;04:12:02;625.7266767;2.23693917;18.85547928;995.0;2025-04-09;4
2025-04-09 04:16:00;04:16:00;538.88790331;2.22097919;12.96070522;995.0;2025-04-09;4
2025-04-09 04:19:59;04:19:59;558.61231222;2.16307131;14.84760275;995.0;2025-04-09;4
2025-04-09 04:23:56;04:23:56;567.73942856;2.09005088;19.90967062;995.0;2025-04-09;4
2025-04-09 04:27:54;04:27:54;603.70136002;2.00417773;23.9914755;994.88;2025-04-09;4
2025-04-09 04:31:50;04:31:50;566.64636074;1.91816333;19.62925272;994.88;2025-04-09;4
2025-04-09 04:35:47;04:35:47;576.59327795;1.95417921;18.10569881;994.88;2025-04-09;4
2025-04-09 04:39:45;04:39:45;570.52675152;1.91604475;17.94374622;994.88;2025-04-09;4
2025-04-09 04:43:43;04:43:43;563.20319709;1.73243439;14.17984826;994.88;2025-04-09;4
2025-04-09 04:47:44;04:47:44;598.50928785;1.84500167;17.8027875;994.75;2025-04-09;4
2025-04-09 04:51:42;04:51:42;591.62296055;2.06589906;22.77983026;994.75;2025-04-09;4
2025-04-09 04:55:40;04:55:40;574.84436943;1.90135592;14.74308335;994.75;2025-04-09;4
2025-04-09 04:59:37;04:59:37;529.3180945;1.96491336;10.66772658;994.75;2025-04-09;4
2025-04-09 05:03:34;05:03:34;542.67538332;1.98666412;11.73061538;994.75;2025-04-09;4
2025-04-09 05:07:36;05:07:36;533.12743587;1.76506054;13.59756875;994.75;2025-04-09;4
2025-04-09 05:11:36;05:11:36;564.07765135;1.76152957;16.39619933;994.75;2025-04-09;4
2025-04-09 05:15:38;05:15:38;600.91403707;1.63130745;19.02193054;994.75;2025-04-09;4
2025-04-09 05:19:35;05:19:35;601.78849133;1.70955371;20.03113506;994.75;2025-04-09;4
2025-04-09 05:23:35;05:23:35;575.88278386;1.65249326;18.12219398;994.75;2025-04-09;4
2025-04-09 05:27:32;05:27:32;576.64793134;1.64020549;16.240245;994.75;2025-04-09;4
2025-04-09 05:31:31;05:31:31;541.5549888;1.65658919;11.93740483;994.88;2025-04-09;4
2025-04-09 05:35:30;05:35:30;515.80777617;1.81421162;11.68412899;994.88;2025-04-09;4
2025-04-09 05:39:27;05:39:27;512.51764202;1.79994651;12.27780516;995.0;2025-04-09;4
2025-04-09 05:43:25;05:43:25;543.43506546;1.78356281;15.30002029;995.0;2025-04-09;4
2025-04-09 05:47:23;05:47:23;529.65694552;1.87183703;16.32571997;995.0;2025-04-09;4
2025-04-09 05:51:20;05:51:20;526.62914764;1.80277128;15.42298428;995.06;2025-04-09;4
2025-04-09 05:55:17;05:55:17;527.62383937;1.62608162;13.64900369;995.0;2025-04-09;4
2025-04-09 05:59:15;05:59:15;492.49810479;1.59359671;10.88036432;995.0;2025-04-09;4
2025-04-09 06:03:12;06:03:12;515.62195464;1.56308914;12.85813525;995.0;2025-04-09;4
2025-04-09 06:07:10;06:07:10;538.17194388;1.49176358;13.76596944;995.0;2025-04-09;4
2025-04-09 06:11:09;06:11:09;567.79408195;1.49642446;14.95062259;995.06;2025-04-09;4
2025-04-09 06:15:08;06:15:08;599.60235567;1.36669667;14.75672936;995.0;2025-04-09;4
2025-04-09 06:19:06;06:19:06;543.30936266;1.34320867;11.96409701;995.0;2025-04-09;4
2025-04-09 06:23:05;06:23:05;520.16365146;1.39795281;8.01245402;995.0;2025-04-09;4
2025-04-09 06:27:04;06:27:04;546.02563621;1.56068808;8.61272827;995.06;2025-04-09;4
2025-04-09 06:31:02;06:31:02;537.57622192;1.78554016;12.21122466;995.06;2025-04-09;4
2025-04-09 06:35:01;06:35:01;535.26438347;1.81520029;13.19418686;995.19;2025-04-09;4
2025-04-09 06:39:03;06:39:03;506.8719467;1.84796768;13.9481661;995.19;2025-04-09;4
2025-04-09 06:43:00;06:43:00;543.4405308;1.66336865;12.04867225;995.19;2025-04-09;4
2025-04-09 06:46:57;06:46:57;554.40400109;1.58582858;14.55788758;995.19;2025-04-09;4
2025-04-09 06:50:54;06:50:54;535.31357152;1.47269635;10.34787023;995.19;2025-04-09;4
2025-04-09 06:54:53;06:54:53;553.31093327;1.44345993;11.60510213;995.19;2025-04-09;4
2025-04-09 06:58:50;06:58:50;560.5798343;1.45165177;10.61449217;995.25;2025-04-09;4
2025-04-09 07:02:47;07:02:47;556.75409692;1.38649834;11.2206147;995.25;2025-04-09;4
2025-04-09 07:06:44;07:06:44;551.50737135;1.33243215;9.83352083;995.25;2025-04-09;4
2025-04-09 07:10:41;07:10:41;544.03625277;1.43992896;10.81633307;995.38;2025-04-09;4
2025-04-09 07:14:39;07:14:39;664.20266416;1.60673191;23.41864322;995.38;2025-04-09;4
2025-04-09 07:18:37;07:18:37;585.72039429;1.50616993;13.72158244;995.5;2025-04-09;4
2025-04-09 07:22:37;07:22:37;585.50178073;1.76393063;14.05973343;995.5;2025-04-09;4
2025-04-09 07:26:36;07:26:36;582.65980438;1.64910353;16.69161284;995.5;2025-04-09;4
2025-04-09 07:30:36;07:30:36;648.84506121;1.58695849;15.03009932;995.5;2025-04-09;4
2025-04-09 07:34:40;07:34:40;772.41637889;1.66873572;26.69968256;995.56;2025-04-09;4
2025-04-09 07:38:46;07:38:46;586.86811551;1.65305822;13.08321935;995.56;2025-04-09;4
2025-04-09 07:42:42;07:42:42;628.13142592;1.68554313;13.52753925;995.69;2025-04-09;4
2025-04-09 07:46:38;07:46:38;661.96187512;1.60729687;15.48596584;995.69;2025-04-09;4
2025-04-09 07:50:34;07:50:34;897.84591186;2.0992314;41.8287529;995.69;2025-04-09;4
2025-04-09 07:54:33;07:54:33;869.31684162;2.18736437;37.52801212;995.69;2025-04-09;4
2025-04-09 07:58:30;07:58:30;904.95085273;2.10445723;42.15715675;995.75;2025-04-09;4
2025-04-09 08:02:26;08:02:26;528.14851192;1.69839585;11.24550741;995.88;2025-04-09;4
2025-04-09 08:06:27;08:06:27;499.51013489;1.96335973;9.84956613;995.88;2025-04-09;4
2025-04-09 08:10:29;08:10:29;524.36103191;1.7291859;10.25459754;995.88;2025-04-09;4
2025-04-09 08:14:27;08:14:27;532.76125815;1.86901225;14.20549075;995.88;2025-04-09;4
2025-04-09 08:18:25;08:18:25;547.51767379;1.74189739;15.01960239;995.88;2025-04-09;4
2025-04-09 08:22:23;08:22:23;541.27079117;1.82706435;14.39938398;995.88;2025-04-09;4
2025-04-09 08:26:21;08:26:21;577.24911864;1.87791029;15.80687188;996.0;2025-04-09;4
2025-04-09 08:30:19;08:30:19;693.05965475;2.18482208;26.66069398;996.0;2025-04-09;4
2025-04-09 08:34:23;08:34:23;671.58087198;2.03171928;21.05383562;996.0;2025-04-09;4
2025-04-09 08:38:21;08:38:21;699.50875493;1.94556365;22.21599535;995.88;2025-04-09;4
2025-04-09 08:42:19;08:42:19;645.183284;1.98722908;19.8451895;995.88;2025-04-09;4
2025-04-09 08:46:16;08:46:16;658.46405808;2.24061138;23.34816386;995.88;2025-04-09;4
2025-04-09 08:50:14;08:50:14;617.03678749;2.05135147;20.60846602;996.0;2025-04-09;4
2025-04-09 08:54:10;08:54:10;734.86949908;2.02027894;27.94431814;996.0;2025-04-09;4
2025-04-09 08:58:06;08:58:06;636.22012783;1.83101903;23.09173894;996.0;2025-04-09;4
2025-04-09 09:02:04;09:02:04;607.63640419;1.73836642;18.29764261;996.06;2025-04-09;4
2025-04-09 09:06:02;09:06:02;520.93972961;1.76110585;11.47389054;996.06;2025-04-09;4
2025-04-09 09:10:01;09:10:01;548.61074162;1.65560052;12.44290682;996.06;2025-04-09;4
2025-04-09 09:13:59;09:13:59;583.86217899;1.78003185;15.36900009;996.06;2025-04-09;4
2025-04-09 09:18:01;09:18:01;694.53529632;1.70023196;20.00414296;996.06;2025-04-09;4
2025-04-09 09:22:03;09:22:03;699.23548797;1.95968752;33.11180515;996.06;2025-04-09;4
2025-04-09 09:26:04;09:26:04;566.75566752;1.89062178;15.62842413;996.06;2025-04-09;4
2025-04-09 09:30:01;09:30:01;520.09260205;1.9311573;11.83543469;996.19;2025-04-09;4
2025-04-09 09:33:59;09:33:59;615.06926541;2.18425712;19.45380409;996.19;2025-04-09;4
2025-04-09 09:37:57;09:37:57;708.30795092;2.02931822;23.87600931;996.25;2025-04-09;4
2025-04-09 09:41:54;09:41:54;579.59921447;2.00926232;15.49346365;996.25;2025-04-09;4
2025-04-09 09:45:57;09:45:57;618.62173584;2.01731293;17.12798507;996.25;2025-04-09;4
2025-04-09 09:49:54;09:49:54;543.2164519;1.99838694;12.17568506;996.25;2025-04-09;4
2025-04-09 09:53:53;09:53:53;637.0399287;2.36348908;13.96361157;996.25;2025-04-09;4
2025-04-09 09:57:48;09:57:48;617.25540106;2.65175735;19.119402;996.25;2025-04-09;4
2025-04-09 10:01:44;10:01:44;559.10419274;2.7244953;13.31130256;996.25;2025-04-09;4
2025-04-09 10:05:44;10:05:44;573.91526178;2.68042882;14.83800556;996.25;2025-04-09;4
2025-04-09 10:09:46;10:09:46;531.78296244;2.61602395;11.70647245;996.38;2025-04-09;4
2025-04-09 10:13:43;10:13:43;508.30386555;2.54921803;10.01271836;996.38;2025-04-09;4
2025-04-09 10:17:45;10:17:45;497.47702874;2.67944015;9.87520862;996.38;2025-04-09;4
2025-04-09 10:21:43;10:21:43;523.06028119;2.58509267;11.93035689;996.38;2025-04-09;4
2025-04-09 10:25:42;10:25:42;550.25034335;2.58212665;16.35721075;996.5;2025-04-09;4
2025-04-09 10:29:46;10:29:46;566.04517343;2.77873098;14.90878484;996.5;2025-04-09;4
2025-04-09 10:33:48;10:33:48;947.25257757;5.40379421;157.78380225;996.5;2025-04-09;4
2025-04-09 10:37:45;10:37:45;;10.34686765;327.87899984;996.56;2025-04-09;4
2025-04-09 10:41:41;10:41:41;818.0519606;6.21224476;142.90365903;996.56;2025-04-09;4
2025-04-09 10:45:42;10:45:42;935.93932558;7.6473716;197.3572155;996.5;2025-04-09;4
2025-04-09 10:49:40;10:49:40;;8.85284425;298.96746489;996.5;2025-04-09;4
2025-04-09 10:53:36;10:53:36;773.5641001;5.76903759;112.37709695;996.56;2025-04-09;4
2025-04-09 10:57:33;10:57:33;735.47068638;5.44800194;100.55755761;996.56;2025-04-09;4
2025-04-09 11:01:41;11:01:41;875.11010109;7.27280646;156.25425009;996.69;2025-04-09;4
2025-04-09 11:05:44;11:05:44;803.78742548;7.82279012;169.91525027;996.69;2025-04-09;4
2025-04-09 11:09:41;11:09:41;774.60251454;6.25574629;126.78637803;996.69;2025-04-09;4
2025-04-09 11:13:40;11:13:40;834.83055172;7.41856484;162.26748947;996.69;2025-04-09;4
2025-04-09 11:17:44;11:17:44;;7.99778492;186.98025378;996.75;2025-04-09;4
2025-04-09 11:21:44;11:21:44;;10.20788873;279.86305849;996.69;2025-04-09;4
2025-04-09 11:25:43;11:25:43;955.12266592;6.4832819;145.42592054;996.69;2025-04-09;4
2025-04-09 11:29:45;11:29:45;927.6866635;7.78267832;174.33895505;996.69;2025-04-09;4
2025-04-09 11:33:43;11:33:43;572.11169986;5.08953801;62.99205647;996.69;2025-04-09;4
2025-04-09 11:37:46;11:37:46;930.25537289;6.7505056;147.36335327;996.69;2025-04-09;4
2025-04-09 11:41:47;11:41:47;850.78934197;5.86846967;133.16401072;996.75;2025-04-09;4
2025-04-09 11:45:50;11:45:50;934.51833741;7.59638442;186.51538989;996.75;2025-04-09;4
2025-04-09 11:49:46;11:49:46;;8.0757487;201.75092906;996.69;2025-04-09;4
2025-04-09 11:53:45;11:53:45;;7.94100694;199.54657447;996.69;2025-04-09;4
2025-04-09 11:57:42;11:57:42;755.25521403;6.06380284;116.43640842;996.56;2025-04-09;4
2025-04-09 12:01:42;12:01:42;836.52480685;6.75799125;141.54505682;996.56;2025-04-09;4
2025-04-09 12:05:41;12:05:41;735.14276604;6.14826361;122.90401476;996.56;2025-04-09;4
2025-04-09 12:09:39;12:09:39;834.66659155;6.37085587;127.90804962;996.5;2025-04-09;4
2025-04-09 12:13:39;12:13:39;577.03050508;4.71680898;55.89013585;996.5;2025-04-09;4
2025-04-09 12:17:38;12:17:38;618.02054853;4.57698262;64.19470434;996.38;2025-04-09;4
2025-04-09 12:21:37;12:21:37;629.71637427;4.32699005;65.74525035;996.38;2025-04-09;4
2025-04-09 12:25:35;12:25:35;757.82392342;6.1759464;129.43460266;996.38;2025-04-09;4
2025-04-09 12:29:34;12:29:34;746.23740446;5.12866114;91.44922445;996.38;2025-04-09;4
2025-04-09 12:33:32;12:33:32;710.38477979;5.50788716;103.47270408;996.38;2025-04-09;4
2025-04-09 12:37:30;12:37:30;586.48554177;4.58503323;67.64669363;996.25;2025-04-09;4
2025-04-09 12:41:26;12:41:26;747.38512568;5.4835941;91.25578109;996.19;2025-04-09;4
2025-04-09 12:45:23;12:45:23;626.10925044;5.20987342;83.24962522;996.19;2025-04-09;4
2025-04-09 12:49:26;12:49:26;703.17053214;5.76847264;122.37167062;996.19;2025-04-09;4
2025-04-09 12:53:26;12:53:26;658.73732503;4.28292357;71.29812452;996.19;2025-04-09;4
2025-04-09 12:57:24;12:57:24;723.77486065;5.82058973;113.0009143;996.06;2025-04-09;4
2025-04-09 13:01:21;13:01:21;689.6711445;5.5149491;97.30051124;996.06;2025-04-09;4
2025-04-09 13:05:18;13:05:18;633.21419131;4.66836409;70.76428082;996.0;2025-04-09;4
2025-04-09 13:09:20;13:09:20;580.52832212;4.69943661;62.71463769;996.0;2025-04-09;4
2025-04-09 13:13:22;13:13:22;533.30232672;4.51497882;58.07199702;996.0;2025-04-09;4
2025-04-09 13:17:20;13:17:20;554.73192144;3.94197325;47.16269117;996.0;2025-04-09;4
2025-04-09 13:21:22;13:21:22;730.66118795;3.99310167;69.8090605;996.0;2025-04-09;4
2025-04-09 13:25:26;13:25:26;560.52518091;3.95073005;50.72714753;995.88;2025-04-09;4
2025-04-09 13:29:26;13:29:26;595.17543098;3.74833493;48.34434519;996.0;2025-04-09;4
2025-04-09 13:33:29;13:33:29;653.49059947;4.17431097;69.99050738;995.75;2025-04-09;4
2025-04-09 13:37:26;13:37:26;596.70572594;3.38761119;41.14195399;995.75;2025-04-09;4
2025-04-09 13:41:23;13:41:23;680.38006798;4.14069615;56.73588822;995.75;2025-04-09;4
2025-04-09 13:45:19;13:45:19;710.54873996;4.55381947;69.88703767;995.75;2025-04-09;4
2025-04-09 13:49:21;13:49:21;645.34724417;4.35354294;62.68914516;995.69;2025-04-09;4
2025-04-09 13:53:29;13:53:29;671.03433807;4.50565706;63.84980532;995.69;2025-04-09;4
2025-04-09 13:57:38;13:57:38;604.35720072;3.91203063;46.34842958;995.69;2025-04-09;4
2025-04-09 14:01:35;14:01:35;577.74099916;3.59961054;39.87782411;995.56;2025-04-09;4
2025-04-09 14:05:33;14:05:33;706.50438901;4.38871138;70.41938181;995.56;2025-04-09;4
2025-04-09 14:09:35;14:09:35;631.13736244;3.80793768;55.09836767;995.5;2025-04-09;4
2025-04-09 14:13:33;14:13:33;658.40940469;4.53856569;64.76603706;995.38;2025-04-09;4
2025-04-09 14:17:31;14:17:31;565.49863952;4.22854665;53.41885942;995.5;2025-04-09;4
2025-04-09 14:21:29;14:21:29;625.7813301;4.51921598;62.87059203;995.5;2025-04-09;4
2025-04-09 14:25:27;14:25:27;587.19603586;3.84338861;43.12287399;995.38;2025-04-09;4
2025-04-09 14:29:27;14:29:27;568.55922943;3.04538972;23.9224957;995.38;2025-04-09;4
2025-04-09 14:33:24;14:33:24;623.70450123;3.68152901;45.94504768;995.38;2025-04-09;4
2025-04-09 14:37:20;14:37:20;622.28351305;4.22755798;63.10002485;995.25;2025-04-09;4
2025-04-09 14:41:23;14:41:23;539.51641731;3.21840718;30.16966658;995.25;2025-04-09;4
2025-04-09 14:45:21;14:45:21;563.20319709;3.65031525;42.40758342;995.25;2025-04-09;4
2025-04-09 14:49:19;14:49:19;571.29189899;3.80468919;48.45831182;995.25;2025-04-09;4
2025-04-09 14:53:17;14:53:17;582.11327047;2.95259587;29.92223902;995.25;2025-04-09;4
2025-04-09 14:57:20;14:57:20;638.898144;4.55509062;68.62740648;995.19;2025-04-09;4
2025-04-09 15:01:22;15:01:22;548.99331535;2.98847051;28.61312232;995.06;2025-04-09;4
2025-04-09 15:05:24;15:05:24;604.63046767;3.39608551;42.39858606;995.06;2025-04-09;4
2025-04-09 15:09:28;15:09:28;610.64234071;4.07092422;58.16347023;995.06;2025-04-09;4
2025-04-09 15:13:31;15:13:31;561.39963517;3.43464369;39.03806999;995.0;2025-04-09;4
2025-04-09 15:17:33;15:17:33;574.73506264;4.54322656;68.9453134;995.0;2025-04-09;4
2025-04-09 15:21:31;15:21:31;594.51959029;3.80864388;55.57672761;995.0;2025-04-09;4
2025-04-09 15:25:29;15:25:29;570.47209813;3.39269578;43.98662109;995.0;2025-04-09;4
2025-04-09 15:29:33;15:29:33;589.65543846;3.77954869;51.38545478;994.88;2025-04-09;4
2025-04-09 15:33:30;15:33:30;562.65666317;3.75285457;46.14898797;994.88;2025-04-09;4
2025-04-09 15:37:33;15:37:33;579.76317464;4.56653096;64.84101511;994.75;2025-04-09;4
2025-04-09 15:41:35;15:41:35;635.72824731;3.89381084;54.05617282;994.75;2025-04-09;4
2025-04-09 15:45:33;15:45:33;588.1797969;3.41981362;36.32836337;994.69;2025-04-09;4
2025-04-09 15:49:29;15:49:29;669.66800329;4.02177313;59.04971075;994.69;2025-04-09;4
2025-04-09 15:53:26;15:53:26;580.52832212;3.60031673;40.84504092;994.56;2025-04-09;4
2025-04-09 15:57:22;15:57:22;656.87910973;3.88434784;48.75822401;994.5;2025-04-09;4
2025-04-09 16:01:29;16:01:29;514.72563903;3.08747887;21.22028688;994.5;2025-04-09;4
2025-04-09 16:05:27;16:05:27;516.53466628;2.67760404;17.47588321;994.38;2025-04-09;4
2025-04-09 16:09:24;16:09:24;586.54019516;3.65455241;46.03052266;994.38;2025-04-09;4
2025-04-09 16:13:24;16:13:24;557.90181813;3.32038155;34.55138365;994.38;2025-04-09;4
2025-04-09 16:17:25;16:17:25;578.7794136;3.4357736;38.3887601;994.25;2025-04-09;4
2025-04-09 16:21:28;16:21:28;599.32908872;3.60554257;47.37412926;994.25;2025-04-09;4
2025-04-09 16:25:30;16:25:30;578.06891951;2.85824839;30.74399842;994.25;2025-04-09;4
2025-04-09 16:29:28;16:29:28;534.95832448;2.80203537;23.58959317;994.19;2025-04-09;4
2025-04-09 16:33:26;16:33:26;542.18896814;3.00005209;29.25793353;994.19;2025-04-09;4
2025-04-09 16:37:29;16:37:29;561.39963517;2.91912229;28.88904154;994.06;2025-04-09;4
2025-04-09 16:41:26;16:41:26;618.94965619;3.23959299;38.69617009;994.06;2025-04-09;4
2025-04-09 16:45:23;16:45:23;609.93184663;3.2155824;33.19877968;994.0;2025-04-09;4
2025-04-09 16:49:21;16:49:21;621.51836558;3.5429738;38.17132376;994.0;2025-04-09;4
2025-04-09 16:53:18;16:53:18;628.8965734;3.95454349;53.22691561;994.0;2025-04-09;4
2025-04-09 16:57:14;16:57:14;592.06018768;3.83943392;49.72094213;993.88;2025-04-09;4
2025-04-09 17:01:12;17:01:12;645.23793739;3.6133107;52.10524403;994.0;2025-04-09;4
2025-04-09 17:05:14;17:05:14;747.11185873;4.12501865;73.70641939;994.0;2025-04-09;4
2025-04-09 17:09:17;17:09:17;938.9452621;4.63135954;86.50517203;994.0;2025-04-09;4
2025-04-09 17:13:20;17:13:20;739.67899751;4.07855111;57.3432104;994.0;2025-04-09;4
2025-04-09 17:17:16;17:17:16;768.86390845;3.94606917;52.87301923;994.0;2025-04-09;4
2025-04-09 17:21:17;17:21:17;908.33936299;4.26710483;73.07210511;993.88;2025-04-09;4
2025-04-09 17:25:14;17:25:14;804.49791956;3.87686219;59.32263084;993.88;2025-04-09;4
2025-04-09 17:29:16;17:29:16;741.70117299;3.55215432;50.15881393;993.88;2025-04-09;4
2025-04-09 17:33:14;17:33:14;877.51485031;4.17374602;68.16554171;993.75;2025-04-09;4
2025-04-09 17:37:12;17:37:12;741.97443995;3.69748899;52.375165;993.75;2025-04-09;4
2025-04-09 17:41:14;17:41:14;681.63709598;3.91669151;54.90642387;993.75;2025-04-09;4
2025-04-09 17:45:15;17:45:15;670.54245755;3.80129946;46.77580444;993.75;2025-04-09;4
2025-04-09 17:49:17;17:49:17;;5.09617623;77.38184326;993.75;2025-04-09;4
2025-04-09 17:53:14;17:53:14;678.79511963;3.82064917;49.49150931;993.88;2025-04-09;4
2025-04-09 17:57:17;17:57:17;682.78481719;3.58139074;51.62088585;993.88;2025-04-09;4
2025-04-09 18:01:14;18:01:14;660.59554034;3.61881901;47.89747603;993.88;2025-04-09;4
2025-04-09 18:05:13;18:05:13;741.20929247;4.53517596;70.70729751;993.88;2025-04-09;4
2025-04-09 18:09:14;18:09:14;625.61736992;4.16400055;55.93662224;994.0;2025-04-09;4
2025-04-09 18:13:12;18:13:12;601.02334385;3.57305766;43.19785204;994.0;2025-04-09;4
2025-04-09 18:17:11;18:17:11;625.45340975;4.26752854;70.44037566;994.0;2025-04-09;4
2025-04-09 18:21:08;18:21:08;656.4418826;4.66299702;81.51313365;994.0;2025-04-09;4
2025-04-09 18:25:05;18:25:05;779.1933994;4.1156969;68.38147849;993.88;2025-04-09;4
2025-04-09 18:29:01;18:29:01;692.02124032;3.65850709;54.540531;993.88;2025-04-09;4
2025-04-09 18:32:57;18:32:57;716.01407909;4.12134645;64.46762443;993.88;2025-04-09;4
2025-04-09 18:36:54;18:36:54;636.384088;3.32673729;42.86344995;993.88;2025-04-09;4
2025-04-09 18:40:56;18:40:56;601.89779811;3.17434069;34.56188058;993.88;2025-04-09;4
2025-04-09 18:44:56;18:44:56;800.07099487;4.38051954;77.85570452;994.0;2025-04-09;4
2025-04-09 18:49:04;18:49:04;719.23862918;3.66556903;52.84302801;993.88;2025-04-09;4
2025-04-09 18:53:05;18:53:05;603.31878628;3.17603556;35.70604558;994.0;2025-04-09;4
2025-04-09 18:57:08;18:57:08;548.11886109;3.01601206;23.89850272;994.0;2025-04-09;4
2025-04-09 19:01:06;19:01:06;683.16739093;3.86626928;57.59813576;994.0;2025-04-09;4
2025-04-09 19:05:02;19:05:02;729.67742691;4.77641172;89.67974254;993.88;2025-04-09;4
2025-04-09 19:09:09;19:09:09;612.28194245;3.41995486;42.83045961;993.88;2025-04-09;4
2025-04-09 19:13:15;19:13:15;894.02017447;5.26467405;92.41794082;993.88;2025-04-09;4
2025-04-09 19:17:17;19:17:17;721.69803178;4.51342519;74.23876353;994.0;2025-04-09;4
2025-04-09 19:21:16;19:21:16;779.79458671;4.5477462;74.12329733;994.0;2025-04-09;4
2025-04-09 19:25:18;19:25:18;749.07938081;4.03858054;60.08140868;994.0;2025-04-09;4
2025-04-09 19:29:18;19:29:18;633.76072522;4.05185699;52.94949684;994.0;2025-04-09;4
2025-04-09 19:33:21;19:33:21;596.48711237;3.38648128;39.9782947;994.0;2025-04-09;4
2025-04-09 19:37:19;19:37:19;867.40397292;4.79717382;95.22361934;994.0;2025-04-09;4
2025-04-09 19:41:16;19:41:16;967.63829252;4.51300147;96.86863769;994.0;2025-04-09;4
2025-04-09 19:45:19;19:45:19;824.9382879;3.88505403;65.4438386;994.0;2025-04-09;4
2025-04-09 19:49:17;19:49:17;797.44763209;3.69763023;68.57942053;994.0;2025-04-09;4
2025-04-09 19:53:15;19:53:15;656.05930886;3.43845714;44.60743932;994.0;2025-04-09;4
2025-04-09 19:57:12;19:57:12;622.33816645;3.09849549;41.69979066;994.06;2025-04-09;4
2025-04-09 20:01:11;20:01:11;671.58087198;3.1962327;47.13569907;994.06;2025-04-09;4
2025-04-09 20:05:10;20:05:10;979.22481147;4.41032091;97.34549807;994.06;2025-04-09;4
2025-04-09 20:09:08;20:09:08;894.34809482;4.18561007;82.78476133;994.06;2025-04-09;4
2025-04-09 20:13:10;20:13:10;856.58260145;3.72842027;69.01429321;994.19;2025-04-09;4
2025-04-09 20:17:10;20:17:10;853.52201154;3.59622081;76.29916026;994.19;2025-04-09;4
2025-04-09 20:21:08;20:21:08;687.7582758;2.74850589;47.13269995;994.19;2025-04-09;4
2025-04-09 20:25:06;20:25:06;644.85536365;2.92830281;44.90135327;994.25;2025-04-09;4
2025-04-09 20:29:03;20:29:03;684.09649859;2.78551044;42.99241219;994.25;2025-04-09;4
2025-04-09 20:33:06;20:33:06;592.33345464;2.24188253;29.25793353;994.25;2025-04-09;4
2025-04-09 20:37:01;20:37:01;553.52954683;1.82310966;23.13972489;994.25;2025-04-09;4
2025-04-09 20:40:59;20:40:59;562.21943604;2.20544293;28.99700992;994.25;2025-04-09;4
2025-04-09 20:44:57;20:44:57;568.66853621;2.20685532;28.16925228;994.25;2025-04-09;4
2025-04-09 20:48:57;20:48:57;619.87876384;2.16518989;28.64611266;994.25;2025-04-09;4
2025-04-09 20:52:54;20:52:54;646.60427217;2.00403649;31.70821611;994.38;2025-04-09;4
2025-04-09 20:56:58;20:56:58;644.85536365;1.87155455;31.64523455;994.38;2025-04-09;4
2025-04-09 21:00:55;21:00:55;682.7301638;2.14343913;37.46203144;994.38;2025-04-09;4
2025-04-09 21:04:53;21:04:53;887.78968787;2.38283879;55.06987601;994.38;2025-04-09;4
2025-04-09 21:08:55;21:08:55;789.90546409;2.29512953;46.72481937;994.38;2025-04-09;4
2025-04-09 21:12:52;21:12:52;679.50561372;1.93285216;31.54176484;994.38;2025-04-09;4
2025-04-09 21:16:55;21:16:55;589.98335881;2.17253431;26.43126115;994.5;2025-04-09;4
2025-04-09 21:20:52;21:20:52;583.31564507;2.40882672;33.12830032;994.5;2025-04-09;4
2025-04-09 21:24:50;21:24:50;609.76788645;1.99909313;26.76116456;994.5;2025-04-09;4
2025-04-09 21:28:46;21:28:46;653.59990625;2.04852669;33.16428978;994.5;2025-04-09;4
2025-04-09 21:32:45;21:32:45;612.88312975;1.82268595;25.24360889;994.56;2025-04-09;4
2025-04-09 21:36:46;21:36:46;621.08113845;2.45218701;31.46828636;994.56;2025-04-09;4
2025-04-09 21:40:48;21:40:48;569.21507013;2.23750413;26.04287487;994.56;2025-04-09;4
2025-04-09 21:44:51;21:44:51;609.00273897;1.99598588;24.67077661;994.56;2025-04-09;4
2025-04-09 21:48:48;21:48:48;581.40277638;2.11476766;22.02555111;994.69;2025-04-09;4
2025-04-09 21:52:45;21:52:45;555.93429605;2.79384352;26.38027608;994.56;2025-04-09;4
2025-04-09 21:56:44;21:56:44;575.33624995;2.39569152;23.17121567;994.56;2025-04-09;4
2025-04-09 22:00:41;22:00:41;586.48554177;2.03892246;19.58126677;994.69;2025-04-09;4
2025-04-09 22:04:39;22:04:39;595.0661242;2.15770424;24.36336661;994.69;2025-04-09;4
2025-04-09 22:08:42;22:08:42;595.12077759;2.07974045;23.08873981;994.69;2025-04-09;4
2025-04-09 22:12:39;22:12:39;698.57964727;2.37761296;35.53059695;994.69;2025-04-09;4
2025-04-09 22:16:42;22:16:42;655.95000208;2.09880768;26.98759826;994.69;2025-04-09;4
2025-04-09 22:20:40;22:20:40;633.9246854;2.28185309;25.78345083;994.69;2025-04-09;4
2025-04-09 22:24:37;22:24:37;621.29975201;2.43707447;26.56022339;994.69;2025-04-09;4
2025-04-09 22:28:35;22:28:35;621.24509862;2.48043476;24.41135256;994.75;2025-04-09;4
2025-04-09 22:32:30;22:32:30;621.79163253;2.34583424;23.58809361;994.75;2025-04-09;4
2025-04-09 22:36:28;22:36:28;633.81537861;2.17733642;21.35524737;994.75;2025-04-09;4
2025-04-09 22:40:25;22:40:25;602.38967863;2.24174129;19.04592352;994.75;2025-04-09;4
2025-04-09 22:44:23;22:44:23;603.42809306;2.44554879;23.37815508;994.75;2025-04-09;4
2025-04-09 22:48:21;22:48:21;601.78849133;2.3369362;24.2449013;994.88;2025-04-09;4
2025-04-09 22:52:18;22:52:18;619.27757653;2.26066728;22.9627767;994.88;2025-04-09;4
2025-04-09 22:56:21;22:56:21;598.50928785;2.23453811;17.69331955;994.88;2025-04-09;4
2025-04-09 23:00:22;23:00:22;582.65980438;2.15035982;15.27902643;994.88;2025-04-09;4
2025-04-09 23:04:19;23:04:19;622.6114334;2.47690379;23.60608834;994.88;2025-04-09;4
2025-04-09 23:08:17;23:08:17;602.44433202;2.24866199;18.45659607;995.0;2025-04-09;4
2025-04-09 23:12:20;23:12:20;619.93341723;2.21391726;20.39102968;995.0;2025-04-09;4
2025-04-09 23:16:16;23:16:16;583.97148577;1.8746618;13.6663986;995.0;2025-04-09;4
2025-04-09 23:20:19;23:20:19;624.90687584;2.31391428;21.84110511;995.0;2025-04-09;4
2025-04-09 23:24:17;23:24:17;602.82690576;2.35755706;18.30064173;995.06;2025-04-09;4
2025-04-09 23:28:16;23:28:16;576.42931777;2.29046865;15.48146716;995.0;2025-04-09;4
2025-04-09 23:32:12;23:32:12;604.79442785;2.29117485;20.14660125;995.06;2025-04-09;4
2025-04-09 23:36:07;23:36:07;605.23165498;2.32493091;19.7222255;995.0;2025-04-09;4
2025-04-09 23:40:14;23:40:14;653.54525286;2.26716426;23.53710854;995.0;2025-04-09;4
2025-04-09 23:44:11;23:44:11;698.90756762;2.24244748;25.66348595;995.0;2025-04-09;4
2025-04-09 23:48:13;23:48:13;672.07275251;1.91533856;19.60525975;995.0;2025-04-09;4
2025-04-09 23:52:15;23:52:15;669.34008294;2.0296007;23.46962829;995.0;2025-04-09;4
2025-04-09 23:56:13;23:56:13;844.88677572;2.46023762;34.70583843;994.88;2025-04-09;4
2025-04-10 00:00:09;00:00:09;861.11883292;2.28891503;32.01262698;994.88;2025-04-10;4
2025-04-10 00:04:09;00:04:09;692.1305471;2.16335379;20.91887513;995.0;2025-04-10;4
2025-04-10 00:08:06;00:08:06;790.56130479;2.40642566;30.59554189;994.88;2025-04-10;4
2025-04-10 00:12:03;00:12:03;798.86862026;2.31885764;31.50727494;994.88;2025-04-10;4
2025-04-10 00:16:02;00:16:02;704.75548049;2.35204874;23.7725396;994.88;2025-04-10;4
2025-04-10 00:20:02;00:20:02;;2.64088197;67.91211591;994.88;2025-04-10;4
2025-04-10 00:24:05;00:24:05;711.36854083;2.33778363;29.25943309;994.88;2025-04-10;4
2025-04-10 00:28:07;00:28:07;652.99871895;2.32733197;21.18429742;994.88;2025-04-10;4
2025-04-10 00:32:09;00:32:09;658.73732503;2.33128665;20.52599017;995.0;2025-04-10;4
2025-04-10 00:36:06;00:36:06;630.31756157;2.31786897;16.95103688;994.88;2025-04-10;4
2025-04-10 00:40:02;00:40:02;584.19009934;2.09725406;12.28650262;994.88;2025-04-10;4
2025-04-10 00:44:00;00:44:00;667.37256086;2.24682588;26.32029364;994.75;2025-04-10;4
2025-04-10 00:48:02;00:48:02;622.6114334;2.14922991;18.10120012;994.88;2025-04-10;4
2025-04-10 00:52:01;00:52:01;615.45183914;2.53424672;21.27577064;994.88;2025-04-10;4
2025-04-10 00:56:04;00:56:04;550.35965014;2.18835304;11.62204716;994.75;2025-04-10;4
2025-04-10 01:00:05;01:00:05;571.40120578;2.11462642;11.62009773;994.75;2025-04-10;4
2025-04-10 01:04:05;01:04:05;616.49025358;2.50289172;21.6956477;994.69;2025-04-10;4
2025-04-10 01:08:03;01:08:03;562.98458352;2.26080852;12.42491209;994.69;2025-04-10;4
2025-04-10 01:11:59;01:11:59;585.99366125;2.24188253;14.81641188;994.69;2025-04-10;4
2025-04-10 01:16:00;01:16:00;610.53303393;2.10262113;19.04742308;994.69;2025-04-10;4
2025-04-10 01:19:59;01:19:59;773.94667384;2.4718192;46.79080005;994.56;2025-04-10;4
2025-04-10 01:24:02;01:24:02;720.55031057;2.33608877;35.47961187;994.56;2025-04-10;4
2025-04-10 01:28:07;01:28:07;740.11622464;2.53481167;33.03382798;994.56;2025-04-10;4
2025-04-10 01:32:06;01:32:06;641.08427965;2.38354498;27.70738751;994.69;2025-04-10;4
2025-04-10 01:36:06;01:36:06;657.42564364;2.18058491;23.04525255;994.69;2025-04-10;4
2025-04-10 01:40:02;01:40:02;594.73820385;2.23058343;17.67082613;994.69;2025-04-10;4
2025-04-10 01:44:00;01:44:00;562.32874283;2.24075262;14.79946684;994.56;2025-04-10;4
2025-04-10 01:48:01;01:48:01;542.02500797;1.98666412;10.85187266;994.56;2025-04-10;4
2025-04-10 01:52:02;01:52:02;620.15203079;2.43085996;19.29635019;994.56;2025-04-10;4
2025-04-10 01:56:00;01:56:00;647.0414993;2.15586813;20.6129647;994.56;2025-04-10;4
2025-04-10 01:59:56;01:59:56;588.94494438;2.19654489;17.39490692;994.56;2025-04-10;4
2025-04-10 02:03:51;02:03:51;702.35073127;2.43085996;31.14738031;994.56;2025-04-10;4
2025-04-10 02:07:49;02:07:49;634.25260574;2.19908719;25.22861328;994.56;2025-04-10;4
2025-04-10 02:11:48;02:11:48;657.26168347;2.24880323;36.30287083;994.56;2025-04-10;4
2025-04-10 02:15:46;02:15:46;631.57458957;1.72297139;20.56947743;994.56;2025-04-10;4
2025-04-10 02:19:49;02:19:49;701.96815753;2.16518989;32.70392457;994.56;2025-04-10;4
2025-04-10 02:23:50;02:23:50;693.98876241;2.05883712;26.23031999;994.56;2025-04-10;4
2025-04-10 02:28:02;02:28:02;551.88994509;1.9731052;18.40111231;994.56;2025-04-10;4
2025-04-10 02:32:06;02:32:06;543.24924393;1.87127207;15.07958483;994.5;2025-04-10;4
2025-04-10 02:36:09;02:36:09;570.36279134;2.00036428;17.68132306;994.25;2025-04-10;4
2025-04-10 02:40:10;02:40:10;589.49147829;1.85234608;17.89576027;994.25;2025-04-10;4
2025-04-10 02:44:09;02:44:09;552.16321205;2.0070025;14.73273638;994.25;2025-04-10;4
2025-04-10 02:48:09;02:48:09;571.94773969;2.26123223;14.97641503;994.25;2025-04-10;4
2025-04-10 02:52:17;02:52:17;578.01426612;2.35755706;15.69140569;994.25;2025-04-10;4
2025-04-10 02:56:22;02:56:22;565.99052004;2.12493685;14.05763405;994.19;2025-04-10;4
2025-04-10 03:00:18;03:00:18;794.223082;2.52520744;37.29558017;994.19;2025-04-10;4
2025-04-10 03:04:14;03:04:14;661.79791495;2.26320958;23.7995317;994.19;2025-04-10;4
2025-04-10 03:08:11;03:08:11;581.67604334;2.03948741;15.54594828;994.06;2025-04-10;4
2025-04-10 03:12:14;03:12:14;601.02334385;2.08030541;19.18838181;994.06;2025-04-10;4
2025-04-10 03:16:12;03:16:12;584.4087129;2.1236657;17.14448024;994.06;2025-04-10;4
2025-04-10 03:20:13;03:20:13;569.70695065;1.96731442;16.40219758;994.06;2025-04-10;4
2025-04-10 03:24:15;03:24:15;600.53146333;1.84994502;13.26256683;994.0;2025-04-10;4
2025-04-10 03:28:18;03:28:18;714.53843753;2.20742027;27.42097137;994.06;2025-04-10;4
2025-04-10 03:32:17;03:32:17;671.52621859;2.01717169;22.74534036;994.06;2025-04-10;4
2025-04-10 03:36:12;03:36:12;626.3825174;2.02465734;19.86468379;994.06;2025-04-10;4
2025-04-10 03:40:10;03:40:10;603.48274646;2.00869737;17.26744424;994.06;2025-04-10;4
2025-04-10 03:44:06;03:44:06;574.02456856;2.13454108;15.55194652;994.06;2025-04-10;4
2025-04-10 03:48:04;03:48:04;608.72947202;2.15742176;20.01763901;994.06;2025-04-10;4
2025-04-10 03:52:02;03:52:02;609.38531271;2.16137645;23.8685115;994.19;2025-04-10;4
2025-04-10 03:56:00;03:56:00;579.92713482;1.97084538;17.46538628;994.19;2025-04-10;4
2025-04-10 04:00:03;04:00:03;577.63169238;2.12550181;19.45530365;994.19;2025-04-10;4
2025-04-10 04:04:01;04:04:01;579.27129412;1.86067917;16.36320899;994.06;2025-04-10;4
2025-04-10 04:08:03;04:08:03;550.08638318;1.95417921;15.16805892;994.06;2025-04-10;4
2025-04-10 04:12:01;04:12:01;572.27566004;1.77169876;14.074879;994.06;2025-04-10;4
2025-04-10 04:16:06;04:16:06;555.6063757;1.81859002;12.37872562;994.06;2025-04-10;4
2025-04-10 04:20:06;04:20:06;600.6954235;1.70941248;14.16245335;994.06;2025-04-10;4
2025-04-10 04:24:05;04:24:05;627.58489201;1.61294642;16.92104566;994.06;2025-04-10;4
2025-04-10 04:28:02;04:28:02;646.22169843;1.73229315;20.00864164;994.06;2025-04-10;4
2025-04-10 04:31:59;04:31:59;554.84122822;1.54698792;12.96715333;994.06;2025-04-10;4
2025-04-10 04:35:56;04:35:56;579.05268056;1.65206955;15.72589559;994.06;2025-04-10;4
2025-04-10 04:39:55;04:39:55;572.4942736;1.59910502;15.13506858;994.06;2025-04-10;4
2025-04-10 04:43:52;04:43:52;584.68197986;1.72113529;15.32851194;994.06;2025-04-10;4
2025-04-10 04:47:49;04:47:49;584.90059342;1.6595552;14.58652919;994.06;2025-04-10;4
2025-04-10 04:51:47;04:51:47;675.2426492;2.00347153;25.40706103;994.06;2025-04-10;4
2025-04-10 04:55:45;04:55:45;663.16424973;1.92508403;23.37215683;994.0;2025-04-10;4
2025-04-10 04:59:49;04:59:49;616.87282732;2.05361129;20.31305251;993.88;2025-04-10;4
2025-04-10 05:03:47;05:03:47;592.16949446;1.84471919;15.02410107;993.88;2025-04-10;4
2025-04-10 05:07:44;05:07:44;524.09323029;1.89598885;10.05770519;993.75;2025-04-10;4
2025-04-10 05:11:41;05:11:41;553.20162648;1.90629928;11.83828385;993.69;2025-04-10;4
2025-04-10 05:15:38;05:15:38;634.96309983;1.85163989;19.57226941;993.56;2025-04-10;4
2025-04-10 05:19:35;05:19:35;605.17700158;1.92042315;17.54636258;993.56;2025-04-10;4
2025-04-10 05:23:35;05:23:35;596.76037933;1.75390268;16.46367958;993.38;2025-04-10;4
2025-04-10 05:27:32;05:27:32;589.71009185;1.6978309;15.50096145;993.38;2025-04-10;4
2025-04-10 05:31:32;05:31:32;607.41779063;1.75008923;16.34221514;993.38;2025-04-10;4
2025-04-10 05:35:29;05:35:29;614.95995862;1.72028786;15.80387276;993.38;2025-04-10;4
2025-04-10 05:39:31;05:39:31;609.00273897;1.71463831;15.40948823;993.38;2025-04-10;4
2025-04-10 05:43:29;05:43:29;795.09753626;2.23185458;35.92648103;993.25;2025-04-10;4
2025-04-10 05:47:27;05:47:27;724.37604796;2.09005088;27.36098894;993.25;2025-04-10;4
2025-04-10 05:51:33;05:51:33;688.68738345;2.05375252;26.77316105;993.25;2025-04-10;4
2025-04-10 05:55:29;05:55:29;631.24666922;1.96561955;20.4555108;993.19;2025-04-10;4
2025-04-10 05:59:31;05:59:31;616.76352054;1.84952131;17.89276115;993.19;2025-04-10;4
2025-04-10 06:03:28;06:03:28;583.1516849;1.86180908;14.12841332;993.19;2025-04-10;4
2025-04-10 06:07:30;06:07:30;574.18852873;1.86279775;13.65440211;993.06;2025-04-10;4
2025-04-10 06:11:29;06:11:29;546.52298207;1.80390119;11.58050933;993.19;2025-04-10;4
2025-04-10 06:15:25;06:15:25;528.29061074;1.80206509;12.94480987;993.19;2025-04-10;4
2025-04-10 06:19:21;06:19:21;557.24597744;1.93765428;13.88833361;993.19;2025-04-10;4
2025-04-10 06:23:19;06:23:19;571.8930863;1.80630225;14.26397363;993.0;2025-04-10;4
2025-04-10 06:27:21;06:27:21;536.46675807;1.57919036;9.86381196;993.0;2025-04-10;4
2025-04-10 06:31:18;06:31:18;531.28561658;1.68314207;11.16198187;993.0;2025-04-10;4
2025-04-10 06:35:16;06:35:16;538.32497338;1.81971993;11.35122646;993.0;2025-04-10;4
2025-04-10 06:39:12;06:39:12;555.66102909;1.88228869;12.86203411;993.0;2025-04-10;4
2025-04-10 06:43:17;06:43:17;560.14260717;1.71887547;13.35943847;992.88;2025-04-10;4
2025-04-10 06:47:14;06:47:14;571.01863204;1.72508998;11.96904557;992.88;2025-04-10;4
2025-04-10 06:51:11;06:51:11;622.72074018;1.81675392;15.64941798;992.88;2025-04-10;4
2025-04-10 06:55:14;06:55:14;718.80140204;2.15643309;25.99488892;993.06;2025-04-10;4
2025-04-10 06:59:09;06:59:09;554.89588161;1.93878419;11.33518116;992.88;2025-04-10;4
2025-04-10 07:03:11;07:03:11;546.91648649;1.76477806;11.03406932;992.88;2025-04-10;4
2025-04-10 07:07:12;07:07:12;547.51767379;1.77890194;11.14833586;992.88;2025-04-10;4
2025-04-10 07:11:12;07:11:12;610.86095428;1.91223131;14.21358838;993.0;2025-04-10;4
2025-04-10 07:15:16;07:15:16;557.13667065;1.78441025;10.98488372;992.88;2025-04-10;4
2025-04-10 07:19:13;07:19:13;546.86183309;2.0817178;12.73442147;992.88;2025-04-10;4
2025-04-10 07:23:10;07:23:10;537.88774625;1.90149716;9.88720511;992.88;2025-04-10;4
2025-04-10 07:27:10;07:27:10;525.26281286;2.01886656;11.26050302;993.0;2025-04-10;4
2025-04-10 07:31:11;07:31:11;540.17772334;1.84994502;11.09165246;993.0;2025-04-10;4
2025-04-10 07:35:14;07:35:14;693.66084206;1.75206658;26.73567202;993.06;2025-04-10;4
2025-04-10 07:39:10;07:39:10;771.37796445;1.8006527;28.88304329;993.0;2025-04-10;4
2025-04-10 07:43:11;07:43:11;642.0680407;1.50729984;15.32851194;992.88;2025-04-10;4
2025-04-10 07:47:08;07:47:08;708.47191109;1.59543281;19.53927907;992.88;2025-04-10;4
2025-04-10 07:51:05;07:51:05;614.4680781;1.45744256;13.6025173;992.88;2025-04-10;4
2025-04-10 07:55:02;07:55:02;695.46440397;1.65390565;19.6187558;992.88;2025-04-10;4
2025-04-10 07:59:00;07:59:00;645.62051113;1.74528712;18.0022291;992.88;2025-04-10;4
2025-04-10 08:03:03;08:03:03;516.34337941;1.74712322;8.3834454;992.88;2025-04-10;4
2025-04-10 08:07:00;08:07:00;479.27744944;2.0296007;5.73941955;993.0;2025-04-10;4
2025-04-10 08:10:58;08:10:58;485.28385715;1.79599182;5.66474141;992.88;2025-04-10;4
2025-04-10 08:15:02;08:15:02;477.12957117;1.61139279;5.39991895;992.88;2025-04-10;4
2025-04-10 08:19:00;08:19:00;487.36068601;1.58907707;6.02943463;992.88;2025-04-10;4
2025-04-10 08:22:59;08:22:59;488.90737699;1.5498127;6.83784794;992.88;2025-04-10;4
2025-04-10 08:26:57;08:26:57;486.25122217;1.60390714;5.80210119;992.88;2025-04-10;4
2025-04-10 08:30:55;08:30:55;761.37639385;1.75305525;39.23901115;992.88;2025-04-10;4
2025-04-10 08:34:51;08:34:51;781.81676218;1.67057182;28.94302573;992.88;2025-04-10;4
2025-04-10 08:38:52;08:38:52;;1.90771167;59.92095566;992.75;2025-04-10;4
2025-04-10 08:42:50;08:42:50;;1.93920791;48.38183421;992.75;2025-04-10;4
2025-04-10 08:46:48;08:46:48;786.7355674;2.05248138;33.1672889;992.69;2025-04-10;4
2025-04-10 08:50:44;08:50:44;728.80297265;2.17804262;23.48762303;992.75;2025-04-10;4
2025-04-10 08:54:42;08:54:42;655.56742834;2.2264875;21.06283298;992.75;2025-04-10;4
2025-04-10 08:58:39;08:58:39;647.0414993;2.38283879;16.20875422;992.75;2025-04-10;4
2025-04-10 09:02:37;09:02:37;567.19289465;2.11971102;11.46339362;992.75;2025-04-10;4
2025-04-10 09:06:36;09:06:36;512.61055278;1.99994056;9.50616668;992.75;2025-04-10;4
2025-04-10 09:10:35;09:10:35;579.48990769;1.92692014;14.15315608;992.75;2025-04-10;4
2025-04-10 09:14:33;09:14:33;578.72476021;1.99443225;15.55794477;992.75;2025-04-10;4
2025-04-10 09:18:31;09:18:31;577.08515847;1.88045259;15.85185871;992.69;2025-04-10;4
2025-04-10 09:22:35;09:22:35;550.79687727;1.87268446;12.3586315;992.69;2025-04-10;4
2025-04-10 09:26:37;09:26:37;748.75146046;2.22931228;39.70537461;992.75;2025-04-10;4
2025-04-10 09:30:35;09:30:35;608.07363132;2.00813241;17.81178486;992.75;2025-04-10;4
2025-04-10 09:34:32;09:34:32;531.98517999;1.98313315;11.69822486;992.69;2025-04-10;4
2025-04-10 09:38:31;09:38:31;503.54355517;1.97437635;9.15661902;992.69;2025-04-10;4
2025-04-10 09:42:34;09:42:34;484.32195746;1.88115878;7.14525793;992.69;2025-04-10;4
2025-04-10 09:46:40;09:46:40;515.6164893;2.11872235;10.28383898;992.69;2025-04-10;4
2025-04-10 09:50:36;09:50:36;509.68113101;1.97098662;9.61608449;992.69;2025-04-10;4
2025-04-10 09:54:31;09:54:31;509.18925049;2.14358036;9.40749557;992.56;2025-04-10;4
2025-04-10 09:58:27;09:58:27;514.21189715;1.94316259;10.85052306;992.56;2025-04-10;4
2025-04-10 10:02:44;10:02:44;550.30499675;2.15360831;12.64759689;992.56;2025-04-10;4
2025-04-10 10:06:40;10:06:40;514.08072901;2.18750561;10.11108956;992.69;2025-04-10;4
2025-04-10 10:10:48;10:10:48;502.48874472;2.11716872;8.91743905;992.69;2025-04-10;4
2025-04-10 10:14:55;10:14:55;487.4426661;2.14174426;7.79321821;992.69;2025-04-10;4
2025-04-10 10:19:07;10:19:07;510.3642984;2.25713631;9.26128837;992.69;2025-04-10;4
2025-04-10 10:23:02;10:23:02;499.61944168;2.10007883;8.60972915;992.69;2025-04-10;4
2025-04-10 10:27:05;10:27:05;488.43189248;2.24357739;7.34559927;992.56;2025-04-10;4
2025-04-10 10:31:02;10:31:02;484.49684831;2.18468084;6.64350484;992.56;2025-04-10;4
2025-04-10 10:34:58;10:34:58;539.22128899;2.35331989;12.99294578;992.56;2025-04-10;4
2025-04-10 10:38:54;10:38:54;537.36853903;2.30897093;13.0143895;992.5;2025-04-10;4
2025-04-10 10:42:58;10:42:58;;7.90823956;307.12507641;992.5;2025-04-10;4
2025-04-10 10:47:05;10:47:05;;9.44392838;312.47850897;992.5;2025-04-10;4
2025-04-10 10:51:08;10:51:08;;8.61443326;256.60486829;992.5;2025-04-10;4
2025-04-10 10:55:06;10:55:06;874.34495361;6.94527382;164.5468221;992.5;2025-04-10;4
2025-04-10 10:59:02;10:59:02;;8.28110983;207.43426502;992.5;2025-04-10;4
2025-04-10 11:03:04;11:03:04;927.24943637;6.80657738;132.92708009;992.5;2025-04-10;4
2025-04-10 11:07:03;11:07:03;971.24541634;8.37531607;191.34397612;992.5;2025-04-10;4
2025-04-10 11:11:00;11:11:00;;8.77219693;250.83155867;992.38;2025-04-10;4
2025-04-10 11:14:58;11:14:58;;9.35184072;253.12588691;992.25;2025-04-10;4
2025-04-10 11:19:00;11:19:00;;7.36927252;161.57769144;992.25;2025-04-10;4
2025-04-10 11:22:58;11:22:58;912.87559446;6.46661573;118.74873139;992.25;2025-04-10;4
2025-04-10 11:27:00;11:27:00;857.45705571;6.60051006;115.16777986;992.25;2025-04-10;4
2025-04-10 11:31:03;11:31:03;;7.70881045;184.40100896;992.25;2025-04-10;4
2025-04-10 11:35:05;11:35:05;936.86843323;6.22905217;119.45952327;992.38;2025-04-10;4
2025-04-10 11:39:01;11:39:01;646.82288574;5.39616732;70.79877073;992.25;2025-04-10;4
2025-04-10 11:43:05;11:43:05;583.47960525;5.18543912;59.72601273;992.25;2025-04-10;4
2025-04-10 11:47:02;11:47:02;527.94629437;4.65367526;41.61431568;992.25;2025-04-10;4
2025-04-10 11:51:05;11:51:05;581.2934696;5.75604363;89.24486987;992.25;2025-04-10;4
2025-04-10 11:55:07;11:55:07;519.4149;4.69011485;56.54544398;992.19;2025-04-10;4
2025-04-10 11:59:09;11:59:09;577.46773221;4.36258222;54.04267677;992.19;2025-04-10;4
2025-04-10 12:03:12;12:03:12;719.51189613;6.48624792;124.50554584;992.19;2025-04-10;4
2025-04-10 12:07:11;12:07:11;728.25643874;5.72440615;103.68864085;992.19;2025-04-10;4
2025-04-10 12:11:09;12:11:09;649.39159513;4.59943958;68.31399825;992.06;2025-04-10;4
2025-04-10 12:15:13;12:15:13;568.28596247;3.54918831;35.03574183;992.0;2025-04-10;4
2025-04-10 12:19:10;12:19:10;546.39727927;4.28024003;33.20477793;992.0;2025-04-10;4
2025-04-10 12:23:10;12:23:10;533.22581197;4.56384742;33.53318177;991.88;2025-04-10;4
2025-04-10 12:27:08;12:27:08;528.19223464;5.15351916;51.72585511;991.88;2025-04-10;4
2025-04-10 12:31:05;12:31:05;537.61447929;4.20947942;31.30483421;991.75;2025-04-10;4
2025-04-10 12:35:01;12:35:01;561.78220891;4.79576143;49.76892808;991.75;2025-04-10;4
2025-04-10 12:39:02;12:39:02;549.9770764;4.15679737;29.46787206;991.75;2025-04-10;4
2025-04-10 12:43:01;12:43:01;524.61790285;4.62966467;37.97338172;991.75;2025-04-10;4
2025-04-10 12:47:05;12:47:05;539.0409328;4.23786841;29.34940675;991.75;2025-04-10;4
2025-04-10 12:51:05;12:51:05;468.10629627;4.23928079;24.11293994;991.69;2025-04-10;4
2025-04-10 12:55:03;12:55:03;512.00936548;3.83477304;28.59212847;991.69;2025-04-10;4
2025-04-10 12:58:59;12:58:59;536.87665851;3.65201011;26.67868871;991.69;2025-04-10;4
2025-04-10 13:03:06;13:03:06;548.50143483;3.73943689;26.37127872;991.69;2025-04-10;4
2025-04-10 13:07:03;13:07:03;556.207563;3.61740662;29.35540499;991.69;2025-04-10;4
2025-04-10 13:11:00;13:11:00;582.27723064;4.33376951;51.231;991.56;2025-04-10;4
2025-04-10 13:14:59;13:14:59;581.62138995;4.14479208;48.19288953;991.56;2025-04-10;4
2025-04-10 13:18:55;13:18:55;580.69228229;4.26978836;41.45536222;991.5;2025-04-10;4
2025-04-10 13:22:53;13:22:53;676.55433059;4.97117995;61.76541562;991.5;2025-04-10;4
2025-04-10 13:26:50;13:26:50;729.62277352;4.89250997;70.82726238;991.38;2025-04-10;4
2025-04-10 13:30:48;13:30:48;725.08654204;4.68587769;68.2390202;991.38;2025-04-10;4
2025-04-10 13:34:45;13:34:45;795.26149644;5.1693379;82.93471742;991.25;2025-04-10;4
2025-04-10 13:38:45;13:38:45;641.08427965;4.44577183;50.209799;991.19;2025-04-10;4
2025-04-10 13:42:47;13:42:47;589.27286472;5.00874945;46.52837689;991.06;2025-04-10;4
2025-04-10 13:46:48;13:46:48;683.05808415;5.39418998;68.98430199;991.06;2025-04-10;4
2025-04-10 13:50:44;13:50:44;654.5836673;4.83827429;64.65207043;991.0;2025-04-10;4
2025-04-10 13:54:46;13:54:46;604.63046767;4.4117333;43.53225413;990.88;2025-04-10;4
2025-04-10 13:58:47;13:58:47;635.23636679;5.158745;67.22231788;990.88;2025-04-10;4
2025-04-10 14:02:48;14:02:48;604.08393376;4.29040922;47.13719863;990.75;2025-04-10;4
2025-04-10 14:06:50;14:06:50;571.01863204;4.51328395;44.20705655;990.69;2025-04-10;4
2025-04-10 14:10:52;14:10:52;576.53862456;4.29563505;44.62993274;990.69;2025-04-10;4
2025-04-10 14:14:58;14:14:58;535.0457699;4.45353996;29.69430576;990.69;2025-04-10;4
2025-04-10 14:18:55;14:18:55;682.29293667;6.28808996;77.36384853;990.5;2025-04-10;4
2025-04-10 14:22:53;14:22:53;595.61265811;4.94462706;48.18539173;990.5;2025-04-10;4
2025-04-10 14:26:56;14:26:56;539.74596155;4.8175122;34.96676203;990.5;2025-04-10;4
2025-04-10 14:30:54;14:30:54;528.00094777;4.24789636;28.06578258;990.5;2025-04-10;4
2025-04-10 14:34:52;14:34:52;514.66005496;4.27911012;31.02741544;990.38;2025-04-10;4
2025-04-10 14:38:55;14:38:55;498.95813564;3.93349892;27.47495557;990.38;2025-04-10;4
2025-04-10 14:42:58;14:42:58;496.71188126;3.76542482;27.99830234;990.25;2025-04-10;4
2025-04-10 14:47:01;14:47:01;535.23159143;3.29425238;26.65169661;990.25;2025-04-10;4
2025-04-10 14:51:05;14:51:05;528.58027371;3.3705213;23.99897331;990.19;2025-04-10;4
2025-04-10 14:55:02;14:55:02;550.35965014;3.15400231;24.63628671;990.06;2025-04-10;4
2025-04-10 14:59:01;14:59:01;586.43088838;3.86867034;41.5828249;990.06;2025-04-10;4
2025-04-10 15:03:04;15:03:04;529.85916307;4.19507307;34.99825281;990.0;2025-04-10;4
2025-04-10 15:06:59;15:06:59;513.58338315;3.82559252;31.31083246;990.0;2025-04-10;4
2025-04-10 15:10:57;15:10:57;521.14194716;3.61246326;29.91324166;990.0;2025-04-10;4
2025-04-10 15:14:54;15:14:54;520.47517579;3.35682114;26.27830594;989.88;2025-04-10;4
2025-04-10 15:18:53;15:18:53;514.23922384;3.09058612;23.47562654;989.75;2025-04-10;4
2025-04-10 15:22:51;15:22:51;537.99158769;3.25117457;29.16196163;989.75;2025-04-10;4
2025-04-10 15:26:49;15:26:49;595.39404455;3.52927365;39.92730963;989.69;2025-04-10;4
2025-04-10 15:30:49;15:30:49;693.49688188;3.74042556;46.12949368;989.69;2025-04-10;4
2025-04-10 15:34:46;15:34:46;573.09546091;3.89310464;38.39175922;989.56;2025-04-10;4
2025-04-10 15:38:53;15:38:53;541.59324618;5.12993229;64.18570697;989.5;2025-04-10;4
2025-04-10 15:42:51;15:42:51;580.0364416;3.85172169;39.35447735;989.38;2025-04-10;4
2025-04-10 15:46:47;15:46:47;581.56673655;4.1156969;38.23880401;989.25;2025-04-10;4
2025-04-10 15:50:44;15:50:44;555.22380196;4.15171278;30.65402476;989.25;2025-04-10;4
2025-04-10 15:54:51;15:54:51;587.68791638;4.72570702;49.47051546;989.25;2025-04-10;4
2025-04-10 15:58:48;15:58:48;577.95961273;3.81740068;33.40271997;989.19;2025-04-10;4
2025-04-10 16:02:54;16:02:54;564.95210561;3.72079338;30.70201071;989.06;2025-04-10;4
2025-04-10 16:06:57;16:06:57;552.60043918;4.26032537;34.67584721;989.0;2025-04-10;4
2025-04-10 16:10:55;16:10:55;580.30970855;4.03787435;37.19660915;989.0;2025-04-10;4
2025-04-10 16:14:53;16:14:53;551.45271796;3.53901912;24.2449013;988.88;2025-04-10;4
2025-04-10 16:18:55;16:18:55;636.60270157;4.47599692;45.3722154;988.75;2025-04-10;4
2025-04-10 16:22:53;16:22:53;825.5394752;5.73245676;87.94924921;988.75;2025-04-10;4
2025-04-10 16:26:51;16:26:51;619.44153671;4.65762994;38.36626669;988.69;2025-04-10;4
2025-04-10 16:30:49;16:30:49;580.74693569;5.02753421;38.64818414;988.69;2025-04-10;4
2025-04-10 16:34:46;16:34:46;571.29189899;4.79604391;40.23771874;988.56;2025-04-10;4
2025-04-10 16:38:43;16:38:43;538.58184432;3.85129797;26.14484501;988.69;2025-04-10;4
2025-04-10 16:42:45;16:42:45;552.81905274;3.67630318;24.63328758;988.69;2025-04-10;4
2025-04-10 16:46:42;16:46:42;619.60549688;3.35512628;28.58762979;988.69;2025-04-10;4
2025-04-10 16:50:44;16:50:44;822.47888529;5.15521403;83.51954619;988.69;2025-04-10;4
2025-04-10 16:54:47;16:54:47;727.76455821;4.5163912;74.72012259;988.56;2025-04-10;4
2025-04-10 16:58:45;16:58:45;640.64705252;4.01668854;40.12375211;988.5;2025-04-10;4
2025-04-10 17:02:47;17:02:47;688.03154276;5.08699572;64.58159106;988.5;2025-04-10;4
2025-04-10 17:06:44;17:06:44;788.42982253;5.5174914;72.39730269;988.38;2025-04-10;4
2025-04-10 17:10:40;17:10:40;686.22798085;4.81511114;52.05575852;988.38;2025-04-10;4
2025-04-10 17:14:42;17:14:42;639.17141096;4.42373859;34.37893414;988.38;2025-04-10;4
2025-04-10 17:18:44;17:18:44;696.88539214;4.94151981;49.09412566;988.25;2025-04-10;4
2025-04-10 17:22:46;17:22:46;646.98684591;4.73742983;41.30390657;988.25;2025-04-10;4
2025-04-10 17:26:52;17:26:52;650.70327652;4.54831116;32.90936442;988.19;2025-04-10;4
2025-04-10 17:30:49;17:30:49;736.83702117;5.76183442;60.98564393;988.19;2025-04-10;4
2025-04-10 17:34:46;17:34:46;690.76421232;5.76211689;66.48303434;988.25;2025-04-10;4
2025-04-10 17:38:49;17:38:49;654.47436051;4.60395922;38.85212443;988.19;2025-04-10;4
2025-04-10 17:42:45;17:42:45;897.95521864;5.40831385;65.20090973;988.19;2025-04-10;4
2025-04-10 17:46:41;17:46:41;696.28420484;5.23699126;45.98103715;988.06;2025-04-10;4
2025-04-10 17:50:53;17:50:53;640.53774574;4.83629695;28.72259027;988.06;2025-04-10;4
2025-04-10 17:54:55;17:54:55;621.08113845;4.65099172;28.26522418;988.06;2025-04-10;4
2025-04-10 17:58:57;17:58:57;608.78412541;4.22162595;23.55360371;988.06;2025-04-10;4
2025-04-10 18:03:00;18:03:00;625.7813301;4.48644859;30.1111837;988.0;2025-04-10;4
2025-04-10 18:06:58;18:06:58;645.29259078;4.67853328;33.50618967;988.0;2025-04-10;4
2025-04-10 18:10:55;18:10:55;743.61404168;5.2797866;49.72094213;988.0;2025-04-10;4
2025-04-10 18:14:52;18:14:52;808.70623069;5.11496099;62.74762803;988.0;2025-04-10;4
2025-04-10 18:18:49;18:18:49;765.85797193;5.2790804;62.10131727;988.0;2025-04-10;4
2025-04-10 18:22:52;18:22:52;681.14521546;4.93318673;35.98946259;988.0;2025-04-10;4
2025-04-10 18:26:54;18:26:54;980.31787929;6.08668352;99.34741193;988.0;2025-04-10;4
2025-04-10 18:30:57;18:30:57;722.68179283;5.07951006;46.8582803;988.0;2025-04-10;4
2025-04-10 18:35:00;18:35:00;776.84330358;5.99558453;66.51152599;988.0;2025-04-10;4
2025-04-10 18:39:03;18:39:03;648.84506121;4.73827726;32.22856375;988.06;2025-04-10;4
2025-04-10 18:43:05;18:43:05;640.20982539;4.50608078;30.15317141;988.06;2025-04-10;4
2025-04-10 18:47:02;18:47:02;691.25609284;4.13857757;33.46870065;988.06;2025-04-10;4
2025-04-10 18:50:58;18:50:58;;5.37921867;99.77178767;988.06;2025-04-10;4
2025-04-10 18:54:57;18:54:57;;6.90360839;152.47535652;988.19;2025-04-10;4
2025-04-10 18:58:59;18:58:59;;8.16670645;179.33249298;988.19;2025-04-10;4
2025-04-10 19:03:01;19:03:01;;7.93959456;220.57041887;988.19;2025-04-10;4
2025-04-10 19:07:00;19:07:00;;6.25235656;124.94791632;988.25;2025-04-10;4
2025-04-10 19:11:12;19:11:12;;6.30080145;114.95184308;988.38;2025-04-10;4
2025-04-10 19:15:10;19:15:10;803.29554496;5.70971732;79.92659818;988.38;2025-04-10;4
2025-04-10 19:19:08;19:19:08;;5.63288345;116.12749886;988.38;2025-04-10;4
2025-04-10 19:23:05;19:23:05;;4.9648242;103.29875501;988.5;2025-04-10;4
2025-04-10 19:27:11;19:27:11;713.50002309;4.29817735;49.17060327;988.5;2025-04-10;4
2025-04-10 19:31:08;19:31:08;708.58121788;4.7183626;61.4475087;988.5;2025-04-10;4
2025-04-10 19:35:04;19:35:04;627.31162505;4.47246596;54.51203934;988.5;2025-04-10;4
2025-04-10 19:39:01;19:39:01;571.29189899;3.75158342;34.74782613;988.56;2025-04-10;4
2025-04-10 19:43:04;19:43:04;723.88416743;4.93149186;73.89836319;988.56;2025-04-10;4
2025-04-10 19:47:07;19:47:07;806.90266878;4.71666774;80.7243646;988.69;2025-04-10;4
2025-04-10 19:51:04;19:51:04;901.89026282;5.06510371;90.12811126;988.75;2025-04-10;4
2025-04-10 19:55:03;19:55:03;667.59117442;3.98406239;43.3643033;988.75;2025-04-10;4
2025-04-10 19:59:02;19:59:02;717.92694778;4.64788447;65.22340315;988.75;2025-04-10;4
2025-04-10 20:03:00;20:03:00;681.25452224;4.27967507;59.08120153;988.75;2025-04-10;4
2025-04-10 20:06:59;20:06:59;694.37133615;3.78816426;53.75776019;988.75;2025-04-10;4
2025-04-10 20:10:56;20:10:56;740.06157125;3.59438471;45.42919872;988.88;2025-04-10;4
2025-04-10 20:14:55;20:14:55;640.26447878;3.25484677;39.1565353;989.0;2025-04-10;4
2025-04-10 20:18:55;20:18:55;607.14452367;2.99412006;30.94643915;989.0;2025-04-10;4
2025-04-10 20:22:54;20:22:54;627.91281236;2.96347125;32.18357692;989.06;2025-04-10;4
2025-04-10 20:26:52;20:26:52;648.84506121;3.08239427;38.669178;989.19;2025-04-10;4
2025-04-10 20:30:55;20:30:55;587.08672907;2.87632695;28.83355778;989.25;2025-04-10;4
2025-04-10 20:34:54;20:34:54;582.16792386;3.22730522;42.71649298;989.25;2025-04-10;4
2025-04-10 20:38:52;20:38:52;619.93341723;3.61966644;49.48551107;989.38;2025-04-10;4
2025-04-10 20:42:51;20:42:51;698.90756762;3.47390806;56.08058009;989.5;2025-04-10;4
2025-04-10 20:46:54;20:46:54;604.57581428;2.68381855;28.46016711;989.5;2025-04-10;4
2025-04-10 20:50:56;20:50:56;647.53337982;2.8794342;35.62656885;989.5;2025-04-10;4
2025-04-10 20:54:55;20:54:55;739.95226447;2.87152483;44.30602757;989.56;2025-04-10;4
2025-04-10 20:58:51;20:58:51;654.36505373;2.93762456;38.546214;989.69;2025-04-10;4
2025-04-10 21:02:54;21:02:54;595.61265811;2.84031107;32.01112742;989.75;2025-04-10;4
2025-04-10 21:06:51;21:06:51;629.71637427;2.38227384;29.75578776;989.88;2025-04-10;4
2025-04-10 21:10:47;21:10:47;584.13544594;3.07293128;38.23430532;989.88;2025-04-10;4
2025-04-10 21:14:44;21:14:44;607.63640419;2.3351001;27.08057104;989.88;2025-04-10;4
2025-04-10 21:18:43;21:18:43;591.89622751;2.86997121;37.10363637;990.06;2025-04-10;4
2025-04-10 21:22:38;21:22:38;594.73820385;2.63000659;28.30271321;990.06;2025-04-10;4
2025-04-10 21:26:45;21:26:45;551.50737135;2.62901791;29.06149104;990.19;2025-04-10;4
2025-04-10 21:30:44;21:30:44;635.50963374;2.69073924;32.73691491;990.06;2025-04-10;4
2025-04-10 21:34:41;21:34:41;662.67236921;2.89610037;45.95104593;990.19;2025-04-10;4
2025-04-10 21:38:39;21:38:39;853.35805136;3.23366096;63.57988435;990.19;2025-04-10;4
2025-04-10 21:42:43;21:42:43;978.4050106;3.40371241;77.13291614;990.25;2025-04-10;4
2025-04-10 21:46:43;21:46:43;706.88696275;3.14976515;44.79938312;990.38;2025-04-10;4
2025-04-10 21:50:39;21:50:39;590.58454611;3.32066403;37.6554748;990.5;2025-04-10;4
2025-04-10 21:54:39;21:54:39;544.12369819;3.06742297;28.94902397;990.56;2025-04-10;4
2025-04-10 21:58:41;21:58:41;538.75673517;2.57153375;28.44367194;990.56;2025-04-10;4
2025-04-10 22:02:37;22:02:37;509.03622099;3.22433921;38.80113936;990.56;2025-04-10;4
2025-04-10 22:06:36;22:06:36;557.30063083;2.92660794;38.11284089;990.69;2025-04-10;4
2025-04-10 22:10:37;22:10:37;565.66259969;3.18775837;43.3298134;990.75;2025-04-10;4
2025-04-10 22:14:36;22:14:36;542.58247256;2.51517949;29.36890104;990.75;2025-04-10;4
2025-04-10 22:18:36;22:18:36;513.76920468;2.49540607;26.82714524;990.75;2025-04-10;4
2025-04-10 22:22:35;22:22:35;676.33571702;2.94087305;43.15586433;990.75;2025-04-10;4
2025-04-10 22:26:35;22:26:35;849.64162076;2.88084659;51.21450483;990.88;2025-04-10;4
2025-04-10 22:30:39;22:30:39;668.46562868;2.2359505;34.4074258;991.0;2025-04-10;4
2025-04-10 22:34:43;22:34:43;577.5223856;1.89796619;19.52428346;991.06;2025-04-10;4
2025-04-10 22:38:41;22:38:41;613.42966367;2.39766886;30.6180353;991.19;2025-04-10;4
2025-04-10 22:42:38;22:42:38;597.47087342;2.69723623;32.70392457;991.19;2025-04-10;4
2025-04-10 22:46:38;22:46:38;616.59956036;2.15487946;24.43534554;991.25;2025-04-10;4
2025-04-10 22:50:38;22:50:38;580.09109499;2.22917104;25.83143678;991.38;2025-04-10;4
2025-04-10 22:54:40;22:54:40;597.25225985;2.11716872;22.97177406;991.38;2025-04-10;4
2025-04-10 22:58:38;22:58:38;533.61931639;1.8790402;13.49080001;991.5;2025-04-10;4
2025-04-10 23:02:36;23:02:36;553.91212057;1.93581818;17.60184633;991.5;2025-04-10;4
2025-04-10 23:06:38;23:06:38;576.70258473;2.0740909;20.6399568;991.5;2025-04-10;4
2025-04-10 23:10:42;23:10:42;620.53460453;2.3569921;26.24981428;991.56;2025-04-10;4
2025-04-10 23:14:42;23:14:42;616.10767984;2.40035239;24.22990569;991.56;2025-04-10;4
2025-04-10 23:18:42;23:18:42;594.35563011;2.12889153;22.06004101;991.56;2025-04-10;4
2025-04-10 23:22:42;23:22:42;657.0430699;2.30840597;30.81447778;991.69;2025-04-10;4
2025-04-10 23:26:49;23:26:49;630.91874888;2.2064316;25.31558781;991.69;2025-04-10;4
2025-04-10 23:30:51;23:30:51;624.5243021;2.18369217;22.53390227;991.75;2025-04-10;4
2025-04-10 23:34:49;23:34:49;700.98439649;2.57252242;32.79389823;991.75;2025-04-10;4
2025-04-10 23:38:45;23:38:45;711.64180779;2.54964174;34.5303898;991.88;2025-04-10;4
2025-04-10 23:42:45;23:42:45;676.44502381;2.17719518;25.26160362;992.0;2025-04-10;4
2025-04-10 23:46:44;23:46:44;661.68860816;2.56475429;34.3804337;992.0;2025-04-10;4
2025-04-10 23:50:43;23:50:43;575.99209064;2.73198096;30.04820214;992.06;2025-04-10;4
2025-04-10 23:54:42;23:54:42;599.76631585;2.52054656;29.22794231;992.06;2025-04-10;4
2025-04-10 23:58:38;23:58:38;595.55800472;2.06660525;21.36274517;992.06;2025-04-10;4
2025-04-11 00:02:34;00:02:34;622.77539358;2.04019361;24.5253192;992.19;2025-04-11;4
2025-04-11 00:06:36;00:06:36;681.58244259;2.32648453;32.42800536;992.19;2025-04-11;4
2025-04-11 00:10:45;00:10:45;737.11028812;2.75316677;40.55112698;992.19;2025-04-11;4
2025-04-11 00:14:44;00:14:44;609.60392628;2.31829269;22.28647471;992.25;2025-04-11;4
2025-04-11 00:18:47;00:18:47;704.53686692;2.66009044;36.30886907;992.25;2025-04-11;4
2025-04-11 00:22:51;00:22:51;780.83300114;3.35908096;57.49616562;992.25;2025-04-11;4
2025-04-11 00:26:53;00:26:53;676.82759755;2.68664332;35.5171009;992.38;2025-04-11;4
2025-04-11 00:30:55;00:30:55;643.37972209;2.32535462;27.70588795;992.5;2025-04-11;4
2025-04-11 00:34:57;00:34:57;631.84785653;2.55924598;34.08651976;992.5;2025-04-11;4
2025-04-11 00:38:52;00:38:52;710.38477979;2.8054251;45.06480541;992.56;2025-04-11;4
2025-04-11 00:42:56;00:42:56;683.76857824;2.73508821;40.49864234;992.69;2025-04-11;4
2025-04-11 00:46:59;00:46:59;626.05459705;2.39131311;28.98951212;992.69;2025-04-11;4
2025-04-11 00:51:00;00:51:00;638.07834313;2.7966683;38.11733957;992.69;2025-04-11;4
2025-04-11 00:54:58;00:54:58;640.97497287;2.27366124;29.98971927;992.75;2025-04-11;4
2025-04-11 00:58:57;00:58:57;677.70205181;2.20925638;29.82926625;992.75;2025-04-11;4
2025-04-11 01:03:01;01:03:01;622.28351305;2.15643309;23.07374421;992.88;2025-04-11;4
2025-04-11 01:06:57;01:06:57;663.16424973;2.71263125;34.92477433;992.88;2025-04-11;4
2025-04-11 01:11:01;01:11:01;752.41323768;2.76983294;44.25354294;992.88;2025-04-11;4
2025-04-11 01:15:01;01:15:01;734.04969821;2.62492199;38.5537118;993.0;2025-04-11;4
2025-04-11 01:19:05;01:19:05;661.96187512;2.20092329;31.48928021;993.0;2025-04-11;4
2025-04-11 01:23:02;01:23:02;570.69071169;2.05361129;19.6877356;993.0;2025-04-11;4
2025-04-11 01:27:02;01:27:02;666.4434532;2.35106007;33.74461986;993.06;2025-04-11;4
2025-04-11 01:31:05;01:31:05;814.88206391;2.58707001;49.39253829;993.19;2025-04-11;4
2025-04-11 01:35:04;01:35:04;688.68738345;1.98666412;33.54217914;993.19;2025-04-11;4
2025-04-11 01:39:11;01:39:11;662.56306242;2.02155009;32.54647067;993.19;2025-04-11;4
2025-04-11 01:43:07;01:43:07;648.84506121;1.83172522;27.61291517;993.19;2025-04-11;4
2025-04-11 01:47:04;01:47:04;778.10033158;2.25176924;45.60914603;993.19;2025-04-11;4
2025-04-11 01:51:01;01:51:01;713.88259683;2.44512507;43.6447212;993.19;2025-04-11;4
2025-04-11 01:54:59;01:54:59;606.81660332;1.92508403;28.23973165;993.19;2025-04-11;4
2025-04-11 01:58:58;01:58:58;616.16233323;1.81604772;30.06169819;993.19;2025-04-11;4
2025-04-11 02:02:55;02:02:55;636.87596852;1.89401151;26.19882921;993.19;2025-04-11;4
2025-04-11 02:06:52;02:06:52;570.90932526;1.58611106;21.69264858;993.19;2025-04-11;4
2025-04-11 02:10:52;02:10:52;550.35965014;1.61224022;19.47629751;993.25;2025-04-11;4
2025-04-11 02:14:51;02:14:51;597.08829968;1.66040263;24.46683632;993.25;2025-04-11;4
2025-04-11 02:18:49;02:18:49;632.28508366;1.80856207;27.95331551;993.19;2025-04-11;4
2025-04-11 02:22:54;02:22:54;685.18956641;1.7700039;33.93656366;993.25;2025-04-11;4
2025-04-11 02:26:58;02:26:58;754.05283942;2.0547412;40.70408219;993.25;2025-04-11;4
2025-04-11 02:31:00;02:31:00;730.06000065;1.92197678;40.16274069;993.25;2025-04-11;4
2025-04-11 02:34:57;02:34:57;693.11430815;2.09852521;36.6687637;993.25;2025-04-11;4
2025-04-11 02:38:54;02:38:54;675.78918311;1.81731887;32.20607034;993.38;2025-04-11;4
2025-04-11 02:42:56;02:42:56;681.30917563;1.97705989;34.69984018;993.25;2025-04-11;4
2025-04-11 02:46:55;02:46:55;685.57214015;2.02804707;29.01350509;993.25;2025-04-11;4
2025-04-11 02:50:53;02:50:53;587.25068925;2.27493239;26.39077301;993.25;2025-04-11;4
2025-04-11 02:54:59;02:54:59;595.55800472;2.20699656;26.29330155;993.25;2025-04-11;4
2025-04-11 02:58:57;02:58:57;585.17386038;2.28453663;30.01071312;993.25;2025-04-11;4
2025-04-11 03:03:00;03:03:00;584.95524681;2.13157507;22.70635177;993.25;2025-04-11;4
2025-04-11 03:06:58;03:06:58;564.40557169;1.98228572;16.95103688;993.25;2025-04-11;4
2025-04-11 03:10:57;03:10:57;606.9805635;2.23623298;24.00497155;993.25;2025-04-11;4
2025-04-11 03:14:53;03:14:53;576.81189151;1.97889599;19.52428346;993.19;2025-04-11;4
2025-04-11 03:18:50;03:18:50;580.85624247;1.56266542;15.05109317;993.19;2025-04-11;4
2025-04-11 03:22:48;03:22:48;576.64793134;1.75023047;15.51895618;993.19;2025-04-11;4
2025-04-11 03:26:46;03:26:46;617.5833214;1.75983471;17.49687706;993.19;2025-04-11;4
2025-04-11 03:30:47;03:30:47;604.13858715;1.85601829;16.52216245;993.19;2025-04-11;4
2025-04-11 03:34:45;03:34:45;586.9227689;2.02578725;20.80940718;993.19;2025-04-11;4
2025-04-11 03:38:49;03:38:49;566.263787;1.7510779;15.28502468;993.06;2025-04-11;4
2025-04-11 03:42:46;03:42:46;543.53344157;1.62890639;10.35776733;993.19;2025-04-11;4
2025-04-11 03:46:44;03:46:44;728.69366587;2.14753505;24.11593906;993.06;2025-04-11;4
2025-04-11 03:50:45;03:50:45;705.35666779;2.10191494;29.11997392;993.0;2025-04-11;4
2025-04-11 03:54:41;03:54:41;619.38688332;1.82649939;19.95315789;993.06;2025-04-11;4
2025-04-11 03:58:39;03:58:39;614.35877132;1.64952725;15.6029316;993.06;2025-04-11;4
2025-04-11 04:02:41;04:02:41;617.91124175;1.93228721;18.50308246;993.06;2025-04-11;4
2025-04-11 04:06:40;04:06:40;522.22954965;2.08242399;13.8829352;993.06;2025-04-11;4
2025-04-11 04:10:39;04:10:39;576.64793134;1.97395264;17.55236082;993.19;2025-04-11;4
2025-04-11 04:14:43;04:14:43;594.35563011;1.82183851;18.18367598;993.19;2025-04-11;4
2025-04-11 04:18:40;04:18:40;596.54176576;1.66280369;18.73701396;993.19;2025-04-11;4
2025-04-11 04:22:38;04:22:38;585.33782055;1.98920642;20.07912101;993.19;2025-04-11;4
2025-04-11 04:26:34;04:26:34;571.72912612;1.75757489;15.48596584;993.19;2025-04-11;4
2025-04-11 04:30:33;04:30:33;564.24161152;1.76393063;18.5975548;993.19;2025-04-11;4
2025-04-11 04:34:32;04:34:32;565.77190648;1.99287863;15.99731612;993.19;2025-04-11;4
2025-04-11 04:38:28;04:38:28;582.16792386;2.18877676;19.22137215;993.19;2025-04-11;4
2025-04-11 04:42:25;04:42:25;604.4665075;1.98355687;24.77124719;993.19;2025-04-11;4
2025-04-11 04:46:28;04:46:28;572.54892699;1.80870331;16.02430822;993.06;2025-04-11;4
2025-04-11 04:50:25;04:50:25;591.56830716;1.91392617;19.56627116;993.06;2025-04-11;4
2025-04-11 04:54:24;04:54:24;593.04394872;2.14937115;21.66715604;993.06;2025-04-11;4
2025-04-11 04:58:24;04:58:24;815.15533086;2.35402609;34.83330111;993.0;2025-04-11;4
2025-04-11 05:02:21;05:02:21;572.65823378;1.83525619;14.28301805;993.0;2025-04-11;4
2025-04-11 05:06:20;05:06:20;534.86541371;1.70023196;11.59100625;992.88;2025-04-11;4
2025-04-11 05:10:18;05:10:18;546.35355656;1.8772041;14.40043368;993.0;2025-04-11;4
2025-04-11 05:14:16;05:14:16;651.03119686;2.25657136;26.14484501;992.88;2025-04-11;4
2025-04-11 05:18:15;05:18:15;603.97462698;1.93172225;17.66182877;992.88;2025-04-11;4
2025-04-11 05:22:12;05:22:12;671.74483216;2.02719964;28.72858852;992.88;2025-04-11;4
2025-04-11 05:26:16;05:26:16;589.4368249;1.77819574;16.54015718;992.88;2025-04-11;4
2025-04-11 05:30:16;05:30:16;564.02299796;1.6846957;13.309803;992.88;2025-04-11;4
2025-04-11 05:34:13;05:34:13;585.11920699;1.87791029;16.21625202;992.88;2025-04-11;4
2025-04-11 05:38:13;05:38:13;607.47244402;1.85149865;15.0615901;992.88;2025-04-11;4
2025-04-11 05:42:12;05:42:12;674.31354155;2.02875327;25.90941395;992.88;2025-04-11;4
2025-04-11 05:46:15;05:46:15;677.92066537;2.06985374;25.01717519;992.75;2025-04-11;4
2025-04-11 05:50:19;05:50:19;576.10139743;2.24583721;19.73572155;992.75;2025-04-11;4
2025-04-11 05:54:16;05:54:16;576.97585169;2.05445872;14.99710897;992.75;2025-04-11;4
2025-04-11 05:58:15;05:58:15;528.30154142;2.1524784;13.20183462;992.75;2025-04-11;4
2025-04-11 06:02:17;06:02:17;543.85043124;2.24795579;15.73639252;992.75;2025-04-11;4
2025-04-11 06:06:20;06:06:20;631.73854974;2.03751007;18.98744064;992.75;2025-04-11;4
2025-04-11 06:10:18;06:10:18;582.22257725;1.88807948;13.58587217;992.75;2025-04-11;4
2025-04-11 06:14:17;06:14:17;541.40742465;1.87579171;12.36013106;992.75;2025-04-11;4
2025-04-11 06:18:15;06:18:15;533.9144447;1.98638165;12.94091101;992.75;2025-04-11;4
2025-04-11 06:22:14;06:22:14;521.93442133;1.91067768;10.54686197;992.75;2025-04-11;4
2025-04-11 06:26:11;06:26:11;547.51767379;1.94641108;12.8606845;992.75;2025-04-11;4
2025-04-11 06:30:09;06:30:09;558.22973848;2.04174723;14.79421838;992.75;2025-04-11;4
2025-04-11 06:34:05;06:34:05;539.66398146;2.01618302;11.45274673;992.75;2025-04-11;4
2025-04-11 06:38:08;06:38:08;556.69944352;1.96208858;13.40142618;992.75;2025-04-11;4
2025-04-11 06:42:05;06:42:05;569.54299047;2.13722462;15.2535339;992.69;2025-04-11;4
2025-04-11 06:46:03;06:46:03;550.74222388;1.87692162;11.45739537;992.75;2025-04-11;4
2025-04-11 06:50:00;06:50:00;502.76201168;1.97833104;9.66362057;992.75;2025-04-11;4
2025-04-11 06:54:06;06:54:06;549.26658231;2.14612266;12.83669153;992.75;2025-04-11;4
2025-04-11 06:58:06;06:58:06;557.19132405;1.86209155;13.91952448;992.75;2025-04-11;4
2025-04-11 07:02:13;07:02:13;568.777843;1.58639353;11.61889809;992.88;2025-04-11;4
2025-04-11 07:06:09;07:06:09;595.61265811;1.71576822;18.05171461;992.88;2025-04-11;4
2025-04-11 07:10:06;07:10:06;608.89343219;1.7805968;20.19908588;992.88;2025-04-11;4
2025-04-11 07:14:02;07:14:02;506.28715541;1.6219857;8.21339519;992.88;2025-04-11;4
2025-04-11 07:18:06;07:18:06;541.43475134;1.77960813;9.94163917;992.88;2025-04-11;4
2025-04-11 07:22:06;07:22:06;725.30515561;1.9023446;26.25131384;993.0;2025-04-11;4
2025-04-11 07:26:06;07:26:06;713.06279596;1.81957869;24.39785652;993.06;2025-04-11;4
2025-04-11 07:30:07;07:30:07;640.155172;1.87000092;15.95382886;993.06;2025-04-11;4
2025-04-11 07:34:04;07:34:04;689.28857076;1.94062029;24.66027968;993.06;2025-04-11;4
2025-04-11 07:38:04;07:38:04;568.34061587;1.8546059;13.17964111;993.19;2025-04-11;4
2025-04-11 07:42:10;07:42:10;917.73974628;2.26222091;53.13244328;993.25;2025-04-11;4
2025-04-11 07:46:06;07:46:06;;2.03609768;42.77647541;993.38;2025-04-11;4
2025-04-11 07:50:08;07:50:08;865.76437118;2.05248138;32.11609668;993.38;2025-04-11;4
2025-04-11 07:54:05;07:54:05;;2.33891354;62.44021804;993.5;2025-04-11;4
2025-04-11 07:58:02;07:58:02;;1.88059383;49.35504926;993.56;2025-04-11;4
2025-04-11 08:01:59;08:01:59;;2.43410845;73.08260204;993.56;2025-04-11;4
2025-04-11 08:06:03;08:06:03;930.85656019;1.8527698;48.26186934;993.69;2025-04-11;4
2025-04-11 08:10:00;08:10:00;654.36505373;1.99909313;20.61146514;993.69;2025-04-11;4
2025-04-11 08:13:57;08:13:57;598.12671411;2.20953886;17.90325808;993.69;2025-04-11;4
2025-04-11 08:17:55;08:17:55;603.53739985;2.19597994;19.11490332;993.75;2025-04-11;4
2025-04-11 08:21:52;08:21:52;582.5504976;2.08214151;16.40219758;993.75;2025-04-11;4
2025-04-11 08:25:50;08:25:50;547.13510005;2.17874881;14.52204807;993.75;2025-04-11;4
2025-04-11 08:29:48;08:29:48;499.06197709;2.10233865;8.87155249;993.75;2025-04-11;4
2025-04-11 08:33:45;08:33:45;584.62732647;2.11730996;15.76488418;993.88;2025-04-11;4
2025-04-11 08:37:44;08:37:44;566.263787;2.15007735;17.59284896;993.88;2025-04-11;4
2025-04-11 08:41:45;08:41:45;738.20335595;2.2691416;29.26843045;993.88;2025-04-11;4
2025-04-11 08:45:43;08:45:43;593.91840298;2.21109248;17.14747936;993.88;2025-04-11;4
2025-04-11 08:49:40;08:49:40;540.81170268;2.20826771;13.33664514;994.0;2025-04-11;4
2025-04-11 08:53:36;08:53:36;492.07180834;2.08129408;8.24218676;994.0;2025-04-11;4
2025-04-11 08:57:33;08:57:33;505.63131472;1.95898133;9.20880374;994.0;2025-04-11;4
2025-04-11 09:01:34;09:01:34;568.61388282;1.83906964;13.0218873;994.06;2025-04-11;4
2025-04-11 09:05:32;09:05:32;532.14367482;1.78864741;11.59400537;994.19;2025-04-11;4
2025-04-11 09:09:36;09:09:36;567.13824126;1.84712025;14.16935134;994.25;2025-04-11;4
2025-04-11 09:13:34;09:13:34;520.67739334;1.81152809;10.04465901;994.25;2025-04-11;4
2025-04-11 09:17:32;09:17:32;552.98301292;2.16391874;14.54529126;994.38;2025-04-11;4
2025-04-11 09:21:30;09:21:30;540.52203971;2.01717169;13.55962986;994.38;2025-04-11;4
2025-04-11 09:25:29;09:25:29;598.8372082;2.19061286;16.72310362;994.38;2025-04-11;4
2025-04-11 09:29:29;09:29:29;746.6199782;2.29583573;23.62858175;994.38;2025-04-11;4
2025-04-11 09:33:27;09:33:27;782.14468253;2.6774628;34.59637048;994.38;2025-04-11;4
2025-04-11 09:37:30;09:37:30;720.87823091;2.52591363;36.11242659;994.38;2025-04-11;4
2025-04-11 09:41:33;09:41:33;608.01897793;2.48834413;21.59367756;994.5;2025-04-11;4
2025-04-11 09:45:32;09:45:32;664.42127773;2.56701411;23.06774596;994.5;2025-04-11;4
2025-04-11 09:49:29;09:49:29;734.15900499;2.47167796;28.26672375;994.5;2025-04-11;4
2025-04-11 09:53:30;09:53:30;695.40975058;2.46037886;28.07627951;994.5;2025-04-11;4
2025-04-11 09:57:26;09:57:26;656.93376312;2.48792041;23.93299262;994.56;2025-04-11;4
2025-04-11 10:01:25;10:01:25;;2.90739947;39.19852301;994.5;2025-04-11;4
2025-04-11 10:05:24;10:05:24;674.04027459;2.50331544;21.07782859;994.56;2025-04-11;4
2025-04-11 10:09:22;10:09:22;526.42146476;2.50133809;11.5601153;994.56;2025-04-11;4
2025-04-11 10:13:19;10:13:19;526.89148392;2.61814253;11.89346769;994.69;2025-04-11;4
2025-04-11 10:17:23;10:17:23;572.54892699;2.69172792;13.1079621;994.69;2025-04-11;4
2025-04-11 10:21:20;10:21:20;582.5504976;2.57746577;13.55033258;994.75;2025-04-11;4
2025-04-11 10:25:17;10:25:17;541.68615694;2.71587974;12.26580868;994.75;2025-04-11;4
2025-04-11 10:29:19;10:29:19;517.91193174;2.80584882;9.9497368;994.75;2025-04-11;4
2025-04-11 10:33:15;10:33:15;552.27251883;2.92703166;13.0218873;994.75;2025-04-11;4
2025-04-11 10:37:15;10:37:15;520.42598774;2.93239873;10.89880892;994.75;2025-04-11;4
2025-04-11 10:41:13;10:41:13;523.06028119;2.80556634;10.53201632;994.75;2025-04-11;4
2025-04-11 10:45:16;10:45:16;504.87709792;2.77760107;10.00612029;994.88;2025-04-11;4
2025-04-11 10:49:18;10:49:18;521.3988181;2.76319472;9.99877245;994.88;2025-04-11;4
2025-04-11 10:53:16;10:53:16;495.80463497;2.74652855;8.67061132;994.88;2025-04-11;4
2025-04-11 10:57:19;10:57:19;556.09825622;2.77209276;11.39711302;995.0;2025-04-11;4
2025-04-11 11:01:16;11:01:16;;10.53852862;361.51415175;995.0;2025-04-11;4
2025-04-11 11:05:14;11:05:14;;13.69733305;463.51428699;995.0;2025-04-11;4
2025-04-11 11:09:12;11:09:12;;8.90863355;256.69484195;995.06;2025-04-11;4
2025-04-11 11:13:12;11:13:12;;8.52432294;249.96181332;995.06;2025-04-11;4
2025-04-11 11:17:11;11:17:11;;8.13125553;233.03177029;995.06;2025-04-11;4
2025-04-11 11:21:08;11:21:08;;10.27808438;290.59991483;995.06;2025-04-11;4
2025-04-11 11:25:06;11:25:06;920.90964298;6.4588476;141.19415956;995.06;2025-04-11;4
2025-04-11 11:29:06;11:29:06;805.64564078;5.9652182;123.50533869;995.06;2025-04-11;4
2025-04-11 11:33:04;11:33:04;753.83422585;5.27823297;98.61412663;995.06;2025-04-11;4
2025-04-11 11:37:05;11:37:05;723.88416743;6.14106044;115.85307921;995.06;2025-04-11;4
2025-04-11 11:41:05;11:41:05;660.10365982;4.56441238;76.36214182;995.06;2025-04-11;4
2025-04-11 11:45:08;11:45:08;836.25153989;4.9724511;100.21115903;995.19;2025-04-11;4
2025-04-11 11:49:04;11:49:04;938.12546123;7.26475585;160.04813928;995.06;2025-04-11;4
2025-04-11 11:53:08;11:53:08;674.42284833;6.18018357;108.09585046;995.06;2025-04-11;4
2025-04-11 11:57:08;11:57:08;695.3004438;5.11778576;82.38887724;995.0;2025-04-11;4
2025-04-11 12:01:06;12:01:06;615.99837306;4.62627494;63.140513;994.88;2025-04-11;4
2025-04-11 12:05:02;12:05:02;635.18171339;4.5214758;70.29341869;994.88;2025-04-11;4
2025-04-11 12:09:07;12:09:07;590.47523933;5.28755473;82.03648042;994.75;2025-04-11;4
2025-04-11 12:13:05;12:13:05;594.73820385;3.88039316;53.59580761;994.75;2025-04-11;4
2025-04-11 12:17:02;12:17:02;600.6954235;4.40382393;64.3536578;994.75;2025-04-11;4
2025-04-11 12:21:01;12:21:01;600.25819637;4.36583071;62.00084668;994.69;2025-04-11;4
2025-04-11 12:25:00;12:25:00;602.28037185;5.06199646;73.6179453;994.75;2025-04-11;4
2025-04-11 12:28:58;12:28:58;557.62855118;3.90623984;40.56912171;994.75;2025-04-11;4
2025-04-11 12:32:57;12:32:57;540.94287082;3.73053885;36.2923739;994.75;2025-04-11;4
2025-04-11 12:36:59;12:36:59;609.87719323;5.32187574;86.66562505;994.75;2025-04-11;4
2025-04-11 12:40:57;12:40:57;845.37865624;7.19286534;151.4856463;994.69;2025-04-11;4
2025-04-11 12:44:55;12:44:55;607.14452367;4.20792579;58.68531744;994.69;2025-04-11;4
2025-04-11 12:48:54;12:48:54;633.43280487;5.09024421;79.68067018;994.69;2025-04-11;4
2025-04-11 12:52:57;12:52:57;679.28700015;6.12128701;111.65130945;994.69;2025-04-11;4
2025-04-11 12:56:55;12:56:55;594.79285724;5.04603648;72.70621224;994.69;2025-04-11;4
2025-04-11 13:00:51;13:00:51;700.71112953;6.08950829;106.94868634;994.69;2025-04-11;4
2025-04-11 13:05:00;13:05:00;651.46842399;5.13289831;69.97851089;994.56;2025-04-11;4
2025-04-11 13:09:08;13:09:08;709.40101875;5.16255844;78.18560792;994.5;2025-04-11;4
2025-04-11 13:13:07;13:13:07;640.97497287;4.94448583;68.69938541;994.5;2025-04-11;4
2025-04-11 13:17:05;13:17:05;602.28037185;4.32713129;49.48851019;994.38;2025-04-11;4
2025-04-11 13:21:03;13:21:03;675.02403563;4.6293822;64.18420741;994.38;2025-04-11;4
2025-04-11 13:24:59;13:24:59;662.34444886;4.7661013;62.43571936;994.38;2025-04-11;4
2025-04-11 13:28:58;13:28:58;602.28037185;3.65285754;40.6231059;994.38;2025-04-11;4
2025-04-11 13:32:55;13:32:55;539.81701096;3.41261045;29.61482903;994.38;2025-04-11;4
2025-04-11 13:36:59;13:36:59;598.89186159;3.56430085;39.96479865;994.38;2025-04-11;4
2025-04-11 13:41:02;13:41:02;553.47489344;3.01290481;26.47024974;994.38;2025-04-11;4
2025-04-11 13:45:00;13:45:00;548.28282127;3.07617977;28.73008808;994.25;2025-04-11;4
2025-04-11 13:48:56;13:48:56;815.48325121;4.12247636;91.58268537;994.25;2025-04-11;4
2025-04-11 13:52:58;13:52:58;591.02177324;3.34905301;39.02157482;994.19;2025-04-11;4
2025-04-11 13:56:55;13:56:55;588.83563759;3.17095096;34.18249166;994.19;2025-04-11;4
2025-04-11 14:01:04;14:01:04;625.01618262;3.44354173;41.88573622;994.06;2025-04-11;4
2025-04-11 14:05:06;14:05:06;614.35877132;4.54619258;66.43804751;994.06;2025-04-11;4
2025-04-11 14:09:04;14:09:04;577.79565256;4.09338118;55.34729479;994.06;2025-04-11;4
2025-04-11 14:13:01;14:13:01;748.97007403;4.34492737;64.74354364;994.06;2025-04-11;4
2025-04-11 14:17:09;14:17:09;615.94371967;3.46472754;39.7938487;994.06;2025-04-11;4
2025-04-11 14:21:07;14:21:07;646.16704504;3.93392264;58.55935432;994.0;2025-04-11;4
2025-04-11 14:25:04;14:25:04;606.37937619;3.33379923;39.52992598;994.0;2025-04-11;4
2025-04-11 14:29:01;14:29:01;656.38722921;3.48209991;50.44822919;994.0;2025-04-11;4
2025-04-11 14:32:58;14:32:58;584.84594003;2.69116296;26.8556369;993.88;2025-04-11;4
2025-04-11 14:36:56;14:36:56;761.26708707;3.33408171;55.62471356;993.88;2025-04-11;4
2025-04-11 14:40:53;14:40:53;632.6676574;3.1328165;37.70346075;993.88;2025-04-11;4
2025-04-11 14:44:51;14:44:51;607.52709741;2.74991828;31.49977713;993.88;2025-04-11;4
2025-04-11 14:48:59;14:48:59;601.73383793;3.20202348;46.39641553;993.75;2025-04-11;4
2025-04-11 14:52:57;14:52:57;643.21576191;3.08973869;45.62714076;993.75;2025-04-11;4
2025-04-11 14:56:56;14:56:56;625.07083601;2.80500139;37.43503934;993.75;2025-04-11;4
2025-04-11 15:00:55;15:00:55;671.08899146;3.81655324;66.72446365;993.69;2025-04-11;4
2025-04-11 15:05:04;15:05:04;709.94755266;4.30552176;78.15861583;993.56;2025-04-11;4
2025-04-11 15:08:59;15:08:59;985.07272434;6.88581231;163.79704163;993.56;2025-04-11;4
2025-04-11 15:12:56;15:12:56;;6.58977591;149.6426859;993.56;2025-04-11;4
2025-04-11 15:16:59;15:16:59;830.78620077;4.9918008;95.74996523;993.5;2025-04-11;4
2025-04-11 15:20:58;15:20:58;746.12809768;4.02615154;59.18167211;993.5;2025-04-11;4
2025-04-11 15:25:03;15:25:03;729.78673369;3.68887342;55.41777415;993.5;2025-04-11;4
2025-04-11 15:29:01;15:29:01;602.66294559;2.95330206;34.18549078;993.38;2025-04-11;4
2025-04-11 15:33:04;15:33:04;537.36853903;2.93734209;30.04070434;993.38;2025-04-11;4
2025-04-11 15:37:08;15:37:08;565.17071917;2.92109963;33.43271119;993.38;2025-04-11;4
2025-04-11 15:41:06;15:41:06;680.70798833;5.04151684;85.91134589;993.25;2025-04-11;4
2025-04-11 15:45:08;15:45:08;568.61388282;3.04256495;31.65873059;993.25;2025-04-11;4
2025-04-11 15:49:11;15:49:11;554.62261466;4.15383136;60.11739814;993.19;2025-04-11;4
2025-04-11 15:53:07;15:53:07;553.03766631;4.19479059;56.45097164;993.19;2025-04-11;4
2025-04-11 15:57:06;15:57:06;553.7481604;3.88293545;49.45551985;993.06;2025-04-11;4
2025-04-11 16:01:08;16:01:08;675.78918311;3.5768711;51.87881033;993.0;2025-04-11;4
2025-04-11 16:05:06;16:05:06;724.97723526;3.35766858;50.29227485;993.0;2025-04-11;4
2025-04-11 16:09:03;16:09:03;697.70519301;5.84191678;105.9214871;992.88;2025-04-11;4
2025-04-11 16:13:02;16:13:02;793.23932096;5.72144014;110.5131427;992.75;2025-04-11;4
2025-04-11 16:17:01;16:17:01;609.05739237;3.98886451;59.55506279;992.75;2025-04-11;4
2025-04-11 16:21:00;16:21:00;607.19917706;3.96725498;53.39486644;992.75;2025-04-11;4
2025-04-11 16:24:59;16:24:59;651.63238417;4.1846214;60.54927169;992.75;2025-04-11;4
2025-04-11 16:28:57;16:28:57;626.05459705;3.85073302;51.97328267;992.69;2025-04-11;4
2025-04-11 16:33:00;16:33:00;633.32349809;3.66627522;46.8237904;992.56;2025-04-11;4
2025-04-11 16:37:06;16:37:06;657.15237669;4.01301633;52.06925457;992.56;2025-04-11;4
2025-04-11 16:41:10;16:41:10;657.42564364;4.29224532;62.22728039;992.56;2025-04-11;4
2025-04-11 16:45:12;16:45:12;610.31442036;3.3121897;37.86841245;992.5;2025-04-11;4
2025-04-11 16:49:16;16:49:16;834.77589833;4.52161704;70.5078559;992.5;2025-04-11;4
2025-04-11 16:53:15;16:53:15;867.24001275;4.00482449;65.26239173;992.25;2025-04-11;4
2025-04-11 16:57:27;16:57:27;953.42841079;4.41766532;85.85586214;992.25;2025-04-11;4
2025-04-11 17:01:23;17:01:23;958.62048296;4.05016212;68.7803617;992.25;2025-04-11;4
2025-04-11 17:05:23;17:05:23;717.05249352;3.10696981;38.26279698;992.25;2025-04-11;4
2025-04-11 17:09:22;17:09:22;780.94230792;3.28563682;42.38658957;992.25;2025-04-11;4
2025-04-11 17:13:25;17:13:25;705.35666779;2.84073479;35.12571549;992.25;2025-04-11;4
2025-04-11 17:17:21;17:17:21;674.31354155;3.8265812;55.75817448;992.25;2025-04-11;4
2025-04-11 17:21:19;17:21:19;711.96972814;4.6312183;78.42553767;992.25;2025-04-11;4
2025-04-11 17:25:16;17:25:16;638.51557026;3.88025192;52.78004645;992.19;2025-04-11;4
2025-04-11 17:29:18;17:29:18;608.2375915;2.96587231;28.75558061;992.19;2025-04-11;4
2025-04-11 17:33:15;17:33:15;584.19009934;2.92067591;26.96960353;992.19;2025-04-11;4
2025-04-11 17:37:14;17:37:14;661.14207425;2.96460116;33.78960669;992.06;2025-04-11;4
2025-04-11 17:41:11;17:41:11;624.96152923;3.00697278;33.12230207;992.0;2025-04-11;4
2025-04-11 17:45:10;17:45:10;633.48745827;3.16883238;38.17882157;992.0;2025-04-11;4
2025-04-11 17:49:06;17:49:06;616.43560019;2.85429371;30.69601247;992.0;2025-04-11;4
2025-04-11 17:53:05;17:53:05;619.4961901;2.8411585;32.86587715;992.0;2025-04-11;4
2025-04-11 17:57:04;17:57:04;629.33380053;2.58368028;29.94323288;991.88;2025-04-11;4
2025-04-11 18:01:00;18:01:00;622.06489949;2.94595765;33.44020899;992.0;2025-04-11;4
2025-04-11 18:04:58;18:04:58;576.8665449;2.6581131;23.6420778;992.0;2025-04-11;4
2025-04-11 18:08:54;18:08:54;590.91246646;2.69681251;26.03987575;992.0;2025-04-11;4
2025-04-11 18:12:57;18:12:57;660.97811408;3.45512331;49.9293811;991.88;2025-04-11;4
2025-04-11 18:16:57;18:16:57;808.54227052;3.63025935;62.38773341;991.88;2025-04-11;4
2025-04-11 18:20:56;18:20:56;603.86532019;2.57732454;26.88862724;991.88;2025-04-11;4
2025-04-11 18:24:54;18:24:54;644.30882974;3.02109666;36.68675843;991.88;2025-04-11;4
2025-04-11 18:28:51;18:28:51;580.6376289;2.51419082;24.88371426;991.88;2025-04-11;4
2025-04-11 18:32:49;18:32:49;619.76945706;2.59949902;21.85460116;991.88;2025-04-11;4
2025-04-11 18:36:48;18:36:48;673.65770085;2.96968576;39.65438953;991.88;2025-04-11;4
2025-04-11 18:40:46;18:40:46;623.97776818;2.59822787;27.44796347;991.88;2025-04-11;4
2025-04-11 18:44:42;18:44:42;633.10488453;2.53834264;29.29092387;991.88;2025-04-11;4
2025-04-11 18:48:40;18:48:40;652.94406556;2.7445512;30.48907306;991.88;2025-04-11;4
2025-04-11 18:52:44;18:52:44;691.5293598;2.84511319;40.53013312;991.88;2025-04-11;4
2025-04-11 18:56:48;18:56:48;896.69819064;3.5611936;58.79778451;991.88;2025-04-11;4
2025-04-11 19:00:47;19:00:47;955.72385322;3.60300027;71.96992782;991.88;2025-04-11;4
2025-04-11 19:04:45;19:04:45;;3.66669894;68.64240209;991.88;2025-04-11;4
2025-04-11 19:08:48;19:08:48;963.375328;3.88519527;66.33307824;991.75;2025-04-11;4
2025-04-11 19:12:46;19:12:46;782.25398931;3.45625322;48.36533904;991.75;2025-04-11;4
2025-04-11 19:16:49;19:16:49;655.62208173;2.94002562;28.04778785;991.69;2025-04-11;4
2025-04-11 19:20:47;19:20:47;832.80837624;3.12900306;47.36813102;991.69;2025-04-11;4
2025-04-11 19:24:48;19:24:48;694.75390988;2.72661388;30.52956121;991.69;2025-04-11;4
2025-04-11 19:28:52;19:28:52;647.86130017;2.59441442;21.52319819;991.69;2025-04-11;4
2025-04-11 19:32:54;19:32:54;798.92327365;3.23337849;49.06863312;991.69;2025-04-11;4
2025-04-11 19:36:57;19:36:57;862.43051431;3.50046094;52.8820166;991.69;2025-04-11;4
2025-04-11 19:40:56;19:40:56;712.35230187;2.98691688;35.87699552;991.56;2025-04-11;4
2025-04-11 19:44:53;19:44:53;678.63115946;2.68325359;28.28171935;991.69;2025-04-11;4
2025-04-11 19:48:51;19:48:51;873.85307309;2.58014931;36.61477951;991.69;2025-04-11;4
2025-04-11 19:52:49;19:52:49;976.5467953;3.43196015;65.78723806;991.75;2025-04-11;4
2025-04-11 19:56:54;19:56:54;739.07781021;3.06191465;35.89948894;991.75;2025-04-11;4
2025-04-11 20:00:52;20:00:52;830.73154738;3.60582504;48.59627143;991.75;2025-04-11;4
2025-04-11 20:04:59;20:04:59;901.07046195;4.28659577;67.20432315;991.88;2025-04-11;4
2025-04-11 20:08:56;20:08:56;843.24717398;3.74395653;44.69741298;992.0;2025-04-11;4
2025-04-11 20:12:56;20:12:56;784.44012497;3.54664601;39.37847032;992.0;2025-04-11;4
2025-04-11 20:16:55;20:16:55;683.93253841;3.2895915;29.52185625;992.0;2025-04-11;4
2025-04-11 20:20:56;20:20:56;614.19481115;3.07759215;21.38973727;992.0;2025-04-11;4
2025-04-11 20:24:53;20:24:53;663.10959634;3.86584557;46.90476669;992.0;2025-04-11;4
2025-04-11 20:28:52;20:28:52;675.51591616;3.772628;39.97079689;992.0;2025-04-11;4
2025-04-11 20:32:48;20:32:48;668.68424225;3.45921923;33.87658123;992.0;2025-04-11;4
2025-04-11 20:36:50;20:36:50;787.11814114;4.30297947;61.26606182;991.88;2025-04-11;4
2025-04-11 20:40:52;20:40:52;;4.52020465;69.65460573;991.75;2025-04-11;4
2025-04-11 20:44:50;20:44:50;855.76280058;4.87414893;77.34435424;991.88;2025-04-11;4
2025-04-11 20:48:54;20:48:54;768.69994828;3.79847469;48.08192202;991.88;2025-04-11;4
2025-04-11 20:52:52;20:52:52;725.359809;3.20301216;36.76923428;991.88;2025-04-11;4
2025-04-11 20:56:50;20:56:50;776.02350271;3.51585597;49.98786398;991.88;2025-04-11;4
2025-04-11 21:00:51;21:00:51;732.41009647;3.19241925;38.4577399;991.88;2025-04-11;4
2025-04-11 21:04:50;21:04:50;660.26761999;2.56969764;28.28471848;991.88;2025-04-11;4
2025-04-11 21:08:47;21:08:47;671.74483216;2.42761147;31.74570513;992.0;2025-04-11;4
2025-04-11 21:12:46;21:12:46;638.07834313;2.5068464;31.14288163;992.0;2025-04-11;4
2025-04-11 21:16:46;21:16:46;582.38653742;2.50614021;27.73288005;992.0;2025-04-11;4
2025-04-11 21:20:45;21:20:45;542.47863111;2.39230179;21.29226581;992.06;2025-04-11;4
2025-04-11 21:24:43;21:24:43;610.36907376;2.08327142;23.12173016;992.06;2025-04-11;4
2025-04-11 21:28:42;21:28:42;659.33851234;2.41518246;37.13962584;992.19;2025-04-11;4
2025-04-11 21:32:40;21:32:40;647.91595356;2.66531627;36.43783131;992.25;2025-04-11;4
2025-04-11 21:36:37;21:36:37;678.63115946;3.32984455;51.19351098;992.25;2025-04-11;4
2025-04-11 21:40:40;21:40:40;651.79634434;2.47577388;32.96934686;992.38;2025-04-11;4
2025-04-11 21:44:38;21:44:38;806.35613487;3.23464963;70.90673911;992.5;2025-04-11;4
2025-04-11 21:48:35;21:48:35;725.57842256;3.01954303;47.79400632;992.5;2025-04-11;4
2025-04-11 21:52:31;21:52:31;676.06245007;3.04976812;39.23001379;992.5;2025-04-11;4
2025-04-11 21:56:28;21:56:28;604.68512106;2.60401866;25.68597937;992.5;2025-04-11;4
2025-04-11 22:00:25;22:00:25;649.28228834;2.79144247;35.61457236;992.38;2025-04-11;4
2025-04-11 22:04:26;22:04:26;572.05704647;2.08821478;16.41569363;992.38;2025-04-11;4
2025-04-11 22:08:24;22:08:24;572.71288717;2.29117485;18.51357938;992.5;2025-04-11;4
2025-04-11 22:12:26;22:12:26;569.92556421;2.17691271;20.31905076;992.5;2025-04-11;4
2025-04-11 22:16:23;22:16:23;600.53146333;2.00234162;21.01784615;992.5;2025-04-11;4
2025-04-11 22:20:29;22:20:29;639.82725165;2.21349354;31.49827757;992.5;2025-04-11;4
2025-04-11 22:24:28;22:24:28;590.74850629;2.15092478;25.15213567;992.56;2025-04-11;4
2025-04-11 22:28:32;22:28:32;612.00867549;2.07140737;27.59941913;992.56;2025-04-11;4
2025-04-11 22:32:33;22:32:33;673.00186016;2.11646253;32.09060415;992.56;2025-04-11;4
2025-04-11 22:36:35;22:36:35;612.50055602;1.81859002;19.54977599;992.56;2025-04-11;4
2025-04-11 22:40:41;22:40:41;573.64199482;2.49851332;27.15704865;992.56;2025-04-11;4
2025-04-11 22:44:40;22:44:40;552.54578579;2.1593991;17.82378135;992.56;2025-04-11;4
2025-04-11 22:48:38;22:48:38;591.07642664;1.88059383;18.99493844;992.5;2025-04-11;4
2025-04-11 22:52:34;22:52:34;598.56394124;1.92296545;19.87368116;992.38;2025-04-11;4
2025-04-11 22:56:31;22:56:31;588.45306385;1.81760135;17.17597102;992.5;2025-04-11;4
2025-04-11 23:00:29;23:00:29;602.06175828;2.04315962;17.33492448;992.56;2025-04-11;4
2025-04-11 23:04:32;23:04:32;634.90844644;2.29075113;25.33808123;992.69;2025-04-11;4
2025-04-11 23:08:35;23:08:35;616.65421375;2.17013325;24.76674851;992.56;2025-04-11;4
2025-04-11 23:12:35;23:12:35;580.25505516;2.01688921;18.60055392;992.56;2025-04-11;4
2025-04-11 23:16:36;23:16:36;566.09982682;2.10925935;17.93624842;992.56;2025-04-11;4
2025-04-11 23:20:37;23:20:37;589.60078507;2.21532964;22.1680094;992.69;2025-04-11;4
2025-04-11 23:24:33;23:24:33;606.16076263;1.99527969;19.10740552;992.69;2025-04-11;4
2025-04-11 23:28:32;23:28:32;651.68703756;2.18524579;24.26439559;992.56;2025-04-11;4
2025-04-11 23:32:30;23:32:30;592.00553429;2.2942821;23.1277284;992.56;2025-04-11;4
2025-04-11 23:36:29;23:36:29;537.63634065;2.60641972;23.27618493;992.56;2025-04-11;4
2025-04-11 23:40:26;23:40:26;574.35248891;2.32295356;20.94736679;992.56;2025-04-11;4
2025-04-11 23:44:24;23:44:24;548.61074162;2.00827365;15.70940042;992.38;2025-04-11;4
2025-04-11 23:48:27;23:48:27;545.49549831;2.20318311;13.20093488;992.5;2025-04-11;4
2025-04-11 23:52:23;23:52:23;545.03640983;2.21462345;13.31445164;992.5;2025-04-11;4
2025-04-11 23:56:22;23:56:22;618.02054853;2.16095273;25.56451493;992.5;2025-04-11;4
2025-04-12 00:00:20;00:00:20;620.42529775;2.1593991;22.88479953;992.5;2025-04-12;4
2025-04-12 00:04:29;00:04:29;704.09963979;2.50712888;28.1032716;992.56;2025-04-12;4
2025-04-12 00:08:31;00:08:31;688.52342328;2.45769532;31.08139963;992.56;2025-04-12;4
2025-04-12 00:12:31;00:12:31;701.69489058;2.24682588;26.99359651;992.56;2025-04-12;4
2025-04-12 00:16:35;00:16:35;632.613004;2.12084093;20.43301739;992.56;2025-04-12;4
2025-04-12 00:20:35;00:20:35;625.18014279;2.55543253;23.68706463;992.5;2025-04-12;4
2025-04-12 00:24:38;00:24:38;630.1536014;2.76616073;26.88112944;992.5;2025-04-12;4
2025-04-12 00:28:36;00:28:36;632.72231079;2.54173237;22.83831314;992.5;2025-04-12;4
2025-04-12 00:32:39;00:32:39;732.08217612;2.87929296;42.32360801;992.5;2025-04-12;4
2025-04-12 00:36:40;00:36:40;630.80944209;2.18114987;22.63587241;992.38;2025-04-12;4
2025-04-12 00:40:40;00:40:40;626.3825174;2.34809406;22.36595144;992.5;2025-04-12;4
2025-04-12 00:44:42;00:44:42;579.05268056;2.37690676;18.09220276;992.5;2025-04-12;4
2025-04-12 00:48:40;00:48:40;625.7266767;2.29993165;21.23978117;992.5;2025-04-12;4
2025-04-12 00:52:38;00:52:38;617.41936123;2.18595199;19.7147277;992.5;2025-04-12;4
2025-04-12 00:56:35;00:56:35;634.30725913;2.44710242;21.23678205;992.38;2025-04-12;4
2025-04-12 01:00:38;01:00:38;614.57738488;2.40713185;19.27235722;992.38;2025-04-12;4
2025-04-12 01:04:37;01:04:37;681.91036293;2.37987278;26.68618651;992.38;2025-04-12;4
2025-04-12 01:08:36;01:08:36;717.59902744;2.2064316;29.55484659;992.5;2025-04-12;4
2025-04-12 01:12:36;01:12:36;720.331697;2.66023168;36.12142396;992.5;2025-04-12;4
2025-04-12 01:16:36;01:16:36;627.09301149;3.02222657;34.36243897;992.38;2025-04-12;4
2025-04-12 01:20:39;01:20:39;595.01147081;2.533823;23.51011644;992.38;2025-04-12;4
2025-04-12 01:24:39;01:24:39;588.28910368;2.2629271;20.67144758;992.5;2025-04-12;4
2025-04-12 01:28:41;01:28:41;645.56585774;2.36461899;23.63458;992.56;2025-04-12;4
2025-04-12 01:32:37;01:32:37;695.95628449;2.58283285;29.97772278;992.5;2025-04-12;4
2025-04-12 01:36:38;01:36:38;759.29956498;2.46433354;33.03232842;992.56;2025-04-12;4
2025-04-12 01:40:36;01:40:36;734.37761856;2.34413938;31.69921874;992.5;2025-04-12;4
2025-04-12 01:44:35;01:44:35;725.46911578;2.16744971;28.57113462;992.5;2025-04-12;4
2025-04-12 01:48:37;01:48:37;753.23303855;2.74313882;37.53850905;992.38;2025-04-12;4
2025-04-12 01:52:35;01:52:35;681.69174937;2.63678605;32.04411776;992.25;2025-04-12;4
2025-04-12 01:56:40;01:56:40;661.63395477;2.25332287;23.27168625;992.25;2025-04-12;4
2025-04-12 02:00:45;02:00:45;616.49025358;2.67619165;22.36295232;992.25;2025-04-12;4
2025-04-12 02:04:42;02:04:42;672.89255337;2.91686247;32.29604399;992.06;2025-04-12;4
2025-04-12 02:08:40;02:08:40;687.37570206;2.76545454;31.58075343;992.0;2025-04-12;4
2025-04-12 02:12:42;02:12:42;688.14084954;2.34089088;26.96360529;992.0;2025-04-12;4
2025-04-12 02:16:43;02:16:43;826.08600912;2.52803222;32.44450053;992.0;2025-04-12;4
2025-04-12 02:20:43;02:20:43;703.00657197;2.52450125;28.97001783;992.0;2025-04-12;4
2025-04-12 02:24:39;02:24:39;727.70990482;2.98183229;34.35494117;991.88;2025-04-12;4
2025-04-12 02:28:38;02:28:38;695.19113701;2.69229287;31.19086758;991.88;2025-04-12;4
2025-04-12 02:32:37;02:32:37;641.90408052;2.50967118;22.91629031;991.88;2025-04-12;4
2025-04-12 02:36:33;02:36:33;620.80787149;2.7113601;22.50840973;991.75;2025-04-12;4
2025-04-12 02:40:35;02:40:35;583.97148577;2.34738787;15.6794092;991.69;2025-04-12;4
2025-04-12 02:44:30;02:44:30;682.7301638;2.772234;28.70459554;991.56;2025-04-12;4
2025-04-12 02:48:27;02:48:27;690.60025215;2.40995663;26.39377213;991.56;2025-04-12;4
2025-04-12 02:52:29;02:52:29;593.8090962;2.02493982;17.7413055;991.56;2025-04-12;4
2025-04-12 02:56:28;02:56:28;584.79128664;2.09089831;17.1114899;991.69;2025-04-12;4
2025-04-12 03:00:25;03:00:25;585.0099002;2.29004494;20.50349675;991.56;2025-04-12;4
2025-04-12 03:04:24;03:04:24;608.12828471;2.03765131;17.91375501;991.5;2025-04-12;4
2025-04-12 03:08:29;03:08:29;568.28596247;1.85135741;14.9669678;991.38;2025-04-12;4
2025-04-12 03:12:33;03:12:33;585.82970107;2.17196935;19.16888751;991.25;2025-04-12;4
2025-04-12 03:16:31;03:16:31;540.23237673;2.13849577;17.98573393;991.25;2025-04-12;4
2025-04-12 03:20:36;03:20:36;626.76509114;2.25812498;22.69135617;991.19;2025-04-12;4
2025-04-12 03:24:36;03:24:36;617.03678749;1.97480007;19.80620091;991.19;2025-04-12;4
2025-04-12 03:28:35;03:28:35;551.8352917;2.03638016;13.56922705;991.19;2025-04-12;4
2025-04-12 03:32:33;03:32:33;550.68757048;2.20318311;14.35034834;991.06;2025-04-12;4
2025-04-12 03:36:32;03:36:32;538.22659727;2.16646104;15.5759395;991.06;2025-04-12;4
2025-04-12 03:40:41;03:40:41;566.70101413;1.97268149;15.72139691;991.06;2025-04-12;4
2025-04-12 03:44:39;03:44:39;569.3790303;1.75828108;13.76222054;991.19;2025-04-12;4
2025-04-12 03:48:35;03:48:35;582.05861708;2.10149122;17.00202195;991.19;2025-04-12;4
2025-04-12 03:52:37;03:52:37;574.29783551;2.03341415;14.45231848;991.06;2025-04-12;4
2025-04-12 03:56:37;03:56:37;642.99714835;2.31716278;27.07607236;991.0;2025-04-12;4
2025-04-12 04:00:42;04:00:42;619.22292314;2.24837951;21.90858535;991.0;2025-04-12;4
2025-04-12 04:04:45;04:04:45;630.04429461;2.40995663;20.06562496;991.0;2025-04-12;4
2025-04-12 04:08:44;04:08:44;624.74291566;2.59625053;22.30896813;990.88;2025-04-12;4
2025-04-12 04:12:47;04:12:47;608.45620506;2.61574147;21.47371268;990.88;2025-04-12;4
2025-04-12 04:16:53;04:16:53;624.4696487;2.58212665;19.99814471;990.88;2025-04-12;4
2025-04-12 04:20:50;04:20:50;618.34846888;2.41066282;19.72972331;990.88;2025-04-12;4
2025-04-12 04:24:53;04:24:53;621.3544054;2.50176181;21.40473288;990.75;2025-04-12;4
2025-04-12 04:28:56;04:28:56;626.32786401;2.26462196;18.71002187;990.75;2025-04-12;4
2025-04-12 04:32:52;04:32:52;707.8160704;2.76912675;31.31833026;990.75;2025-04-12;4
2025-04-12 04:36:54;04:36:54;662.89098277;2.70345073;23.12023059;990.75;2025-04-12;4
2025-04-12 04:40:56;04:40:56;656.60584277;3.14807029;20.78541421;990.69;2025-04-12;4
2025-04-12 04:45:01;04:45:01;645.94843148;2.99962837;18.94695249;990.56;2025-04-12;4
2025-04-12 04:49:08;04:49:08;594.90216403;3.13804234;16.60163918;990.56;2025-04-12;4
2025-04-12 04:53:06;04:53:06;634.96309983;3.03197204;24.04845882;990.69;2025-04-12;4
2025-04-12 04:57:06;04:57:06;656.82445634;3.03677416;21.50670302;990.69;2025-04-12;4
2025-04-12 05:01:03;05:01:03;640.97497287;2.85612981;18.08920364;990.56;2025-04-12;4
2025-04-12 05:05:00;05:05:00;583.75287221;2.69653003;12.96385429;990.56;2025-04-12;4
2025-04-12 05:09:04;05:09:04;603.37343967;2.84327708;21.3387522;990.56;2025-04-12;4
2025-04-12 05:13:02;05:13:02;621.79163253;2.92971519;20.58897173;990.56;2025-04-12;4
2025-04-12 05:17:01;05:17:01;604.68512106;2.73028609;17.94224666;990.56;2025-04-12;4
2025-04-12 05:21:00;05:21:00;575.28159656;2.64201188;12.73832033;990.5;2025-04-12;4
2025-04-12 05:24:58;05:24:58;571.34655239;2.55416138;14.4256263;990.56;2025-04-12;4
2025-04-12 05:29:02;05:29:02;571.01863204;2.29979041;13.18324006;990.5;2025-04-12;4
2025-04-12 05:32:59;05:32:59;591.45900037;2.44724366;13.99555222;990.5;2025-04-12;4
2025-04-12 05:36:58;05:36:58;585.93900786;2.35925192;14.5560881;990.5;2025-04-12;4
2025-04-12 05:40:55;05:40:55;592.87998855;2.40543699;13.88383493;990.38;2025-04-12;4
2025-04-12 05:44:51;05:44:51;573.47803465;2.48947404;12.73382165;990.5;2025-04-12;4
2025-04-12 05:48:56;05:48:56;615.06926541;2.5633419;18.40711056;990.38;2025-04-12;4
2025-04-12 05:52:55;05:52:55;626.9837047;2.47888113;18.05471373;990.38;2025-04-12;4
2025-04-12 05:56:53;05:56:53;611.24352802;2.65966672;16.4741765;990.38;2025-04-12;4
2025-04-12 06:00:56;06:00:56;686.11867406;2.8794342;25.01867475;990.38;2025-04-12;4
2025-04-12 06:04:53;06:04:53;717.10714692;3.06149094;26.06686784;990.25;2025-04-12;4
2025-04-12 06:08:49;06:08:49;623.97776818;2.89468799;18.2286628;990.25;2025-04-12;4
2025-04-12 06:12:51;06:12:51;600.42215654;2.76333596;16.31372348;990.25;2025-04-12;4
2025-04-12 06:16:49;06:16:49;680.54402815;2.96629603;27.33399684;990.19;2025-04-12;4
2025-04-12 06:20:50;06:20:50;670.92503129;3.05061556;27.48395293;990.19;2025-04-12;4
2025-04-12 06:24:52;06:24:52;627.42093183;3.01968427;19.19887873;990.19;2025-04-12;4
2025-04-12 06:28:51;06:28:51;618.89500279;2.72491902;17.97073832;990.19;2025-04-12;4
2025-04-12 06:32:49;06:32:49;548.28282127;2.85895458;12.30359761;990.19;2025-04-12;4
2025-04-12 06:36:51;06:36:51;556.31686979;2.93381112;11.73136516;990.06;2025-04-12;4
2025-04-12 06:40:49;06:40:49;554.73192144;2.60952697;11.96229754;990.06;2025-04-12;4
2025-04-12 06:44:45;06:44:45;634.08864557;2.54921803;19.30084888;990.06;2025-04-12;4
2025-04-12 06:48:45;06:48:45;606.70729654;2.30840597;15.02410107;990.19;2025-04-12;4
2025-04-12 06:52:46;06:52:46;602.28037185;2.72548397;15.05709141;990.19;2025-04-12;4
2025-04-12 06:56:51;06:56:51;625.18014279;2.61560023;16.44118616;990.25;2025-04-12;4
2025-04-12 07:00:51;07:00:51;625.07083601;2.53806017;16.49816948;990.38;2025-04-12;4
2025-04-12 07:04:52;07:04:52;652.45218504;2.66051415;20.87538787;990.25;2025-04-12;4
2025-04-12 07:08:53;07:08:53;710.54873996;3.00104076;26.45075545;990.38;2025-04-12;4
2025-04-12 07:12:55;07:12:55;686.82916815;2.92477184;24.07095223;990.38;2025-04-12;4
2025-04-12 07:16:57;07:16:57;922.60389811;2.86177936;37.88340806;990.38;2025-04-12;4
2025-04-12 07:20:59;07:20:59;775.96884932;3.05033308;28.93102924;990.25;2025-04-12;4
2025-04-12 07:24:59;07:24:59;852.97547762;3.3373302;34.69384194;990.38;2025-04-12;4
2025-04-12 07:28:58;07:28:58;889.31998282;3.12109369;32.67393335;990.38;2025-04-12;4
2025-04-12 07:32:57;07:32:57;;3.47729779;43.52325676;990.5;2025-04-12;4
2025-04-12 07:36:58;07:36:58;880.57544022;3.39001225;40.09825957;990.5;2025-04-12;4
2025-04-12 07:40:58;07:40:58;883.69068352;3.4565357;38.5192219;990.5;2025-04-12;4
2025-04-12 07:45:02;07:45:02;;3.678563;56.89934036;990.5;2025-04-12;4
2025-04-12 07:48:58;07:48:58;;3.61825405;78.71945162;990.5;2025-04-12;4
2025-04-12 07:52:56;07:52:56;841.06103833;3.00541916;35.49610704;990.5;2025-04-12;4
2025-04-12 07:56:53;07:56:53;624.57895549;3.03084213;17.21945829;990.5;2025-04-12;4
2025-04-12 08:00:54;08:00:54;612.50055602;2.94638136;14.13096258;990.56;2025-04-12;4
2025-04-12 08:04:56;08:04:56;698.79826084;2.731416;21.32525615;990.69;2025-04-12;4
2025-04-12 08:09:00;08:09:00;742.52097386;2.35091883;22.39144398;990.56;2025-04-12;4
2025-04-12 08:13:02;08:13:02;705.3020144;2.22436892;22.25648349;990.56;2025-04-12;4
2025-04-12 08:17:03;08:17:03;687.7582758;2.66051415;22.18300501;990.56;2025-04-12;4
2025-04-12 08:21:02;08:21:02;621.68232575;2.6730844;16.60763743;990.56;2025-04-12;4
2025-04-12 08:25:04;08:25:04;578.50614664;2.45783656;13.10841197;990.69;2025-04-12;4
2025-04-12 08:29:07;08:29:07;617.14609427;2.11589757;14.93022856;990.69;2025-04-12;4
2025-04-12 08:33:07;08:33:07;573.04080752;2.25148676;10.92025264;990.69;2025-04-12;4
2025-04-12 08:37:07;08:37:07;545.43537958;2.67251945;10.26854346;990.69;2025-04-12;4
2025-04-12 08:41:06;08:41:06;523.99485419;2.42182068;14.39368565;990.69;2025-04-12;4
2025-04-12 08:45:06;08:45:06;564.78814543;2.24880323;15.75438725;990.56;2025-04-12;4
2025-04-12 08:49:08;08:49:08;538.93709136;2.25205172;13.60206743;990.56;2025-04-12;4
2025-04-12 08:53:08;08:53:08;538.11182515;2.44724366;11.34207914;990.56;2025-04-12;4
2025-04-12 08:57:07;08:57:07;600.25819637;2.40543699;17.49837663;990.56;2025-04-12;4
2025-04-12 09:01:13;09:01:13;601.56987776;2.28665521;15.37049965;990.69;2025-04-12;4
2025-04-12 09:05:15;09:05:15;595.88592507;2.53212814;15.69740393;990.69;2025-04-12;4
2025-04-12 09:09:17;09:09:17;634.08864557;2.78875893;20.70293836;990.69;2025-04-12;4
2025-04-12 09:13:12;09:13:12;629.66172088;2.81474686;19.47929663;990.69;2025-04-12;4
2025-04-12 09:17:11;09:17:11;600.03958281;2.77534125;15.00610634;990.69;2025-04-12;4
2025-04-12 09:21:12;09:21:12;525.89132686;2.90174992;9.67771645;990.69;2025-04-12;4
2025-04-12 09:25:14;09:25:14;500.76169755;2.97321673;8.25343347;990.75;2025-04-12;4
2025-04-12 09:29:18;09:29:18;562.492703;2.86177936;12.62645308;990.75;2025-04-12;4
2025-04-12 09:33:15;09:33:15;584.13544594;2.59935778;13.07992031;990.75;2025-04-12;4
2025-04-12 09:37:14;09:37:14;838.92955607;2.60133512;37.19660915;990.75;2025-04-12;4
2025-04-12 09:41:14;09:41:14;617.80193497;2.46828823;15.43498077;990.69;2025-04-12;4
2025-04-12 09:45:15;09:45:15;582.44119081;2.5921546;13.09401618;990.69;2025-04-12;4
2025-04-12 09:49:18;09:49:18;691.96658693;2.77336391;19.51678565;990.75;2025-04-12;4
2025-04-12 09:53:15;09:53:15;581.23881621;2.79949307;13.11875894;990.75;2025-04-12;4
2025-04-12 09:57:14;09:57:14;574.46179569;2.76884427;13.09866482;990.88;2025-04-12;4
2025-04-12 10:01:19;10:01:19;570.96397865;2.85542362;14.33670234;990.88;2025-04-12;4
2025-04-12 10:05:18;10:05:18;556.37152318;2.77110409;11.7817504;990.88;2025-04-12;4
2025-04-12 10:09:21;10:09:21;570.74536508;2.77717735;11.99618762;991.0;2025-04-12;4
2025-04-12 10:13:19;10:13:19;534.95832448;2.65161611;9.22889786;991.0;2025-04-12;4
2025-04-12 10:17:20;10:17:20;536.4285007;2.76220605;9.89905164;991.0;2025-04-12;4
2025-04-12 10:21:22;10:21:22;527.7823342;2.86389794;8.94353141;990.88;2025-04-12;4
2025-04-12 10:25:21;10:25:21;506.81729331;2.83339037;6.6081152;990.75;2025-04-12;4
2025-04-12 10:29:24;10:29:24;567.520815;2.53678902;10.99643034;990.75;2025-04-12;4
2025-04-12 10:33:26;10:33:26;627.96746575;2.52520744;13.37998246;990.75;2025-04-12;4
2025-04-12 10:37:29;10:37:29;575.93743725;2.87237226;15.06308966;990.69;2025-04-12;4
2025-04-12 10:41:30;10:41:30;;8.36006229;275.24441079;990.69;2025-04-12;4
2025-04-12 10:45:27;10:45:27;;8.4151454;270.82070602;990.56;2025-04-12;4
2025-04-12 10:49:29;10:49:29;;7.84425841;222.44487005;990.56;2025-04-12;4
2025-04-12 10:53:26;10:53:26;;11.92648172;365.60795312;990.56;2025-04-12;4
2025-04-12 10:57:25;10:57:25;;12.01913434;354.97606605;990.56;2025-04-12;4
2025-04-12 11:01:23;11:01:23;;9.26102421;263.7877652;990.56;2025-04-12;4
2025-04-12 11:05:26;11:05:26;;7.58607399;188.56978838;990.56;2025-04-12;4
2025-04-12 11:09:28;11:09:28;915.66291742;6.93016128;154.09488234;990.56;2025-04-12;4
2025-04-12 11:13:29;11:13:29;;6.39740875;135.76125027;990.56;2025-04-12;4
2025-04-12 11:17:33;11:17:33;883.7999903;6.25094418;133.69185617;990.56;2025-04-12;4
2025-04-12 11:21:31;11:21:31;919.05142768;5.66649827;116.28645232;990.5;2025-04-12;4
2025-04-12 11:25:30;11:25:30;709.0730984;4.52571296;73.75890402;990.56;2025-04-12;4
2025-04-12 11:29:32;11:29:32;548.33747466;6.34995253;95.77545777;990.56;2025-04-12;4
2025-04-12 11:33:33;11:33:33;557.79251135;6.41845332;113.9261434;990.56;2025-04-12;4
2025-04-12 11:37:35;11:37:35;633.05023113;5.05606443;86.0762976;990.56;2025-04-12;4
2025-04-12 11:41:36;11:41:36;604.79442785;4.7774004;74.91656507;990.69;2025-04-12;4
2025-04-12 11:45:43;11:45:43;569.65229726;4.49746521;55.13135801;990.69;2025-04-12;4
2025-04-12 11:49:45;11:49:45;556.48082996;4.83516704;60.77420583;990.69;2025-04-12;4
2025-04-12 11:53:46;11:53:46;543.26563995;4.87090044;63.14951036;990.75;2025-04-12;4
2025-04-12 11:57:42;11:57:42;586.64950194;4.29210408;52.09924579;990.75;2025-04-12;4
2025-04-12 12:01:44;12:01:44;635.01775322;4.57458156;68.31249869;990.75;2025-04-12;4
2025-04-12 12:05:41;12:05:41;653.05337234;5.40859633;88.70952661;990.88;2025-04-12;4
2025-04-12 12:09:45;12:09:45;596.10453863;4.44817289;57.52465727;990.88;2025-04-12;4
2025-04-12 12:13:44;12:13:44;567.63012178;4.08194084;41.671299;990.88;2025-04-12;4
2025-04-12 12:17:42;12:17:42;572.27566004;4.26131404;43.50226291;991.0;2025-04-12;4
2025-04-12 12:21:45;12:21:45;568.777843;4.07840987;40.15674245;991.0;2025-04-12;4
2025-04-12 12:25:46;12:25:46;592.71602837;4.47387834;56.38948964;991.0;2025-04-12;4
2025-04-12 12:29:49;12:29:49;664.09335738;5.52003369;87.56236249;991.06;2025-04-12;4
2025-04-12 12:33:48;12:33:48;563.36715726;4.23984575;46.46689489;991.19;2025-04-12;4
2025-04-12 12:37:45;12:37:45;546.44100198;4.23843336;44.84736907;991.06;2025-04-12;4
2025-04-12 12:41:42;12:41:42;525.23548617;4.77062094;60.19387575;991.19;2025-04-12;4
2025-04-12 12:45:40;12:45:40;576.97585169;4.20157005;50.54869977;991.06;2025-04-12;4
2025-04-12 12:49:37;12:49:37;881.44989448;4.23207762;105.98446866;991.0;2025-04-12;4
2025-04-12 12:53:37;12:53:37;705.9578551;5.9652182;106.45083211;991.0;2025-04-12;4
2025-04-12 12:57:37;12:57:37;612.06332889;5.93103843;99.77928548;990.88;2025-04-12;4
2025-04-12 13:01:36;13:01:36;587.96118333;4.66398569;64.63557526;990.88;2025-04-12;4
2025-04-12 13:05:37;13:05:37;580.36436195;4.33800667;60.37982131;990.75;2025-04-12;4
2025-04-12 13:09:37;13:09:37;586.37623499;4.86567461;77.11342185;990.75;2025-04-12;4
2025-04-12 13:13:39;13:13:39;578.23287969;4.16823771;58.34041843;990.75;2025-04-12;4
2025-04-12 13:17:42;13:17:42;524.84198175;4.15919843;57.20075211;990.69;2025-04-12;4
2025-04-12 13:21:43;13:21:43;599.4383955;4.52656039;68.2390202;990.69;2025-04-12;4
2025-04-12 13:25:44;13:25:44;547.40836701;3.82248527;49.42252951;990.75;2025-04-12;4
2025-04-12 13:29:48;13:29:48;599.38374211;4.21216296;60.03642185;990.75;2025-04-12;4
2025-04-12 13:33:49;13:33:49;550.96083744;3.60059921;39.03956955;990.75;2025-04-12;4
2025-04-12 13:37:46;13:37:46;708.79983144;4.09112136;62.99655515;990.75;2025-04-12;4
2025-04-12 13:41:46;13:41:46;612.55520941;3.58718153;37.83392255;990.75;2025-04-12;4
2025-04-12 13:45:45;13:45:45;646.65892556;4.24267052;52.19221857;990.69;2025-04-12;4
2025-04-12 13:49:42;13:49:42;617.41936123;3.56910297;36.41683746;990.5;2025-04-12;4
2025-04-12 13:53:44;13:53:44;720.82357752;6.01451052;125.5552385;990.56;2025-04-12;4
2025-04-12 13:57:45;13:57:45;696.33885823;4.64774323;75.24796804;990.56;2025-04-12;4
2025-04-12 14:01:46;14:01:46;;7.77561638;180.93702319;990.5;2025-04-12;4
2025-04-12 14:05:48;14:05:48;659.72108608;4.14281474;56.77037812;990.5;2025-04-12;4
2025-04-12 14:09:49;14:09:49;849.86023432;5.51735016;99.74929426;990.5;2025-04-12;4
2025-04-12 14:13:50;14:13:50;;5.6804809;145.95526555;990.5;2025-04-12;4
2025-04-12 14:17:53;14:17:53;948.67356575;5.7256773;110.07227178;990.56;2025-04-12;4
2025-04-12 14:21:59;14:21:59;667.80978799;5.32286441;80.08255251;990.56;2025-04-12;4
2025-04-12 14:26:02;14:26:02;670.37849738;4.07445518;49.33255585;990.5;2025-04-12;4
2025-04-12 14:29:58;14:29:58;767.71618724;4.97400472;85.63242756;990.5;2025-04-12;4
2025-04-12 14:33:54;14:33:54;692.07589371;3.79720354;50.66716509;990.5;2025-04-12;4
2025-04-12 14:37:54;14:37:54;643.54368226;3.79141275;44.07509519;990.5;2025-04-12;4
2025-04-12 14:41:56;14:41:56;825.5941286;5.50887583;84.09087891;990.5;2025-04-12;4
2025-04-12 14:45:59;14:45:59;511.43003953;3.16996229;22.72434651;990.5;2025-04-12;4
2025-04-12 14:49:57;14:49:57;542.15617611;2.96107019;24.36936486;990.38;2025-04-12;4
2025-04-12 14:53:56;14:53:56;738.91385003;3.68068158;52.98398674;990.38;2025-04-12;4
2025-04-12 14:57:58;14:57:58;656.4418826;3.66161435;51.23999737;990.25;2025-04-12;4
2025-04-12 15:01:57;15:01:57;942.93495966;4.47161852;123.04647305;990.06;2025-04-12;4
2025-04-12 15:06:00;15:06:00;789.96011748;4.12064025;71.83346778;990.06;2025-04-12;4
2025-04-12 15:10:02;15:10:02;815.92047834;4.56017521;88.55507183;990.19;2025-04-12;4
2025-04-12 15:14:04;15:14:04;848.49389954;4.46808755;84.13136706;990.25;2025-04-12;4
2025-04-12 15:18:05;15:18:05;838.87490268;4.67344868;87.53686995;990.19;2025-04-12;4
2025-04-12 15:22:04;15:22:04;650.70327652;3.06163218;42.38958869;990.06;2025-04-12;4
2025-04-12 15:26:06;15:26:06;661.63395477;3.71627374;57.78858;990.06;2025-04-12;4
2025-04-12 15:30:06;15:30:06;562.54735639;2.67986386;25.69947541;990.06;2025-04-12;4
2025-04-12 15:34:13;15:34:13;601.73383793;3.43351378;46.09650334;990.06;2025-04-12;4
2025-04-12 15:38:14;15:38:14;663.65613025;3.69833642;60.14738936;990.0;2025-04-12;4
2025-04-12 15:42:11;15:42:11;644.09021617;2.97321673;35.28316939;989.75;2025-04-12;4
2025-04-12 15:46:23;15:46:23;777.55379767;4.24069318;79.16782034;989.69;2025-04-12;4
2025-04-12 15:50:24;15:50:24;728.91227943;4.58065483;80.55941289;989.5;2025-04-12;4
2025-04-12 15:54:26;15:54:26;633.21419131;3.03931646;37.06314823;989.38;2025-04-12;4
2025-04-12 15:58:23;15:58:23;686.99312832;3.55695644;53.08295776;989.38;2025-04-12;4
2025-04-12 16:02:19;16:02:19;595.39404455;3.70977676;50.96707728;989.38;2025-04-12;4
2025-04-12 16:06:21;16:06:21;618.34846888;3.50921775;41.15545004;989.38;2025-04-12;4
2025-04-12 16:10:23;16:10:23;611.68075515;3.18846457;36.0044582;989.38;2025-04-12;4
2025-04-12 16:14:20;16:14:20;612.44590262;3.15301364;31.74720469;989.38;2025-04-12;4
2025-04-12 16:18:18;16:18:18;608.01897793;2.94398031;25.05916289;989.38;2025-04-12;4
2025-04-12 16:22:17;16:22:17;626.65578436;3.85341656;45.75910213;989.38;2025-04-12;4
2025-04-12 16:26:14;16:26:14;559.48676648;3.09256346;28.36569477;989.38;2025-04-12;4
2025-04-12 16:30:15;16:30:15;621.40905879;3.03451434;29.97172454;989.25;2025-04-12;4
2025-04-12 16:34:16;16:34:16;579.27129412;2.95753923;28.5756333;989.19;2025-04-12;4
2025-04-12 16:38:18;16:38:18;574.95367621;2.56969764;17.55985862;989.25;2025-04-12;4
2025-04-12 16:42:14;16:42:14;594.4102835;2.85443494;29.46037425;989.38;2025-04-12;4
2025-04-12 16:46:15;16:46:15;579.43525429;2.74765846;20.6399568;989.38;2025-04-12;4
2025-04-12 16:50:17;16:50:17;629.66172088;3.38789367;38.07085318;989.38;2025-04-12;4
2025-04-12 16:54:26;16:54:26;634.90844644;2.9001963;29.50386152;989.38;2025-04-12;4
2025-04-12 16:58:33;16:58:33;612.44590262;2.888191;24.40535432;989.25;2025-04-12;4
2025-04-12 17:02:31;17:02:31;643.926256;3.14397436;31.5432644;989.19;2025-04-12;4
2025-04-12 17:06:31;17:06:31;666.55275999;3.03889274;29.64631981;989.25;2025-04-12;4
2025-04-12 17:10:39;17:10:39;687.10243511;3.62912944;42.36259659;989.38;2025-04-12;4
2025-04-12 17:14:47;17:14:47;760.4472862;3.76641349;50.88010274;989.38;2025-04-12;4
2025-04-12 17:18:45;17:18:45;885.93147256;3.99945741;70.80776809;989.38;2025-04-12;4
2025-04-12 17:22:44;17:22:44;672.50997964;3.13408765;36.44233;989.25;2025-04-12;4
2025-04-12 17:26:45;17:26:45;579.3806009;3.0412938;26.98309958;989.25;2025-04-12;4
2025-04-12 17:30:53;17:30:53;581.8946569;2.91573256;24.61679241;989.25;2025-04-12;4
2025-04-12 17:34:57;17:34:57;601.40591759;2.82138508;26.77616017;989.25;2025-04-12;4
2025-04-12 17:39:00;17:39:00;628.07677253;2.71164258;25.46404435;989.19;2025-04-12;4
2025-04-12 17:42:59;17:42:59;628.2407327;2.78621663;27.32649904;989.06;2025-04-12;4
2025-04-12 17:46:59;17:46:59;606.37937619;2.86827634;23.5461059;989.06;2025-04-12;4
2025-04-12 17:51:02;17:51:02;709.45567214;3.59141869;53.95420267;989.0;2025-04-12;4
2025-04-12 17:55:01;17:55:01;644.41813652;3.00217067;34.45991043;989.0;2025-04-12;4
2025-04-12 17:59:02;17:59:02;600.85938367;3.00838517;25.82393897;989.06;2025-04-12;4
2025-04-12 18:03:05;18:03:05;645.83912469;2.78988884;30.15017229;989.06;2025-04-12;4
2025-04-12 18:07:05;18:07:05;854.56042597;3.51430234;65.98368054;989.19;2025-04-12;4
2025-04-12 18:11:07;18:11:07;731.69960239;3.54848212;49.97136881;989.19;2025-04-12;4
2025-04-12 18:15:10;18:15:10;640.04586522;3.12264731;38.49522893;989.38;2025-04-12;4
2025-04-12 18:19:05;18:19:05;625.7813301;2.93508227;33.56317299;989.38;2025-04-12;4
2025-04-12 18:23:06;18:23:06;771.81519158;2.95753923;48.8661924;989.25;2025-04-12;4
2025-04-12 18:27:06;18:27:06;667.37256086;3.60653124;54.96340719;989.19;2025-04-12;4
2025-04-12 18:31:07;18:31:07;642.55992122;3.0832417;41.32939911;989.19;2025-04-12;4
2025-04-12 18:35:08;18:35:08;618.34846888;2.74356253;29.27292914;989.19;2025-04-12;4
2025-04-12 18:39:09;18:39:09;610.6969941;3.36769653;37.65247568;989.19;2025-04-12;4
2025-04-12 18:43:17;18:43:17;741.20929247;3.43916333;47.19118283;989.19;2025-04-12;4
2025-04-12 18:47:15;18:47:15;671.19829824;3.11600909;50.89809747;989.06;2025-04-12;4
2025-04-12 18:51:17;18:51:17;690.81886571;3.18041396;36.27437917;989.06;2025-04-12;4
2025-04-12 18:55:19;18:55:19;668.62958885;3.12575457;34.62036345;989.06;2025-04-12;4
2025-04-12 18:59:16;18:59:16;782.69121645;3.18210882;45.48318291;989.19;2025-04-12;4
2025-04-12 19:03:16;19:03:16;766.29519906;3.34100241;45.23125668;989.19;2025-04-12;4
2025-04-12 19:07:19;19:07:19;630.53617514;3.13055668;34.22897805;989.25;2025-04-12;4
2025-04-12 19:11:23;19:11:23;742.68493403;3.52842621;46.02002573;989.19;2025-04-12;4
2025-04-12 19:15:26;19:15:26;;4.41597046;89.43831323;989.06;2025-04-12;4
2025-04-12 19:19:33;19:19:33;797.50228548;3.83505552;55.16434835;989.06;2025-04-12;4
2025-04-12 19:23:31;19:23:31;760.61124637;3.53195718;45.81908456;989.0;2025-04-12;4
2025-04-12 19:27:30;19:27:30;976.98402243;4.49096823;69.98750826;989.06;2025-04-12;4
2025-04-12 19:31:32;19:31:32;;4.1576448;99.77178767;989.06;2025-04-12;4
2025-04-12 19:35:35;19:35:35;838.87490268;5.25309247;94.22041307;989.06;2025-04-12;4
2025-04-12 19:39:37;19:39:37;659.93969964;3.69070953;39.46244573;989.06;2025-04-12;4
2025-04-12 19:43:37;19:43:37;;6.15278325;116.86528285;989.19;2025-04-12;4
2025-04-12 19:47:42;19:47:42;989.99152955;4.53687082;75.90777485;989.25;2025-04-12;4
2025-04-12 19:51:45;19:51:45;818.10661399;4.12388874;56.75088383;989.38;2025-04-12;4
2025-04-12 19:55:42;19:55:42;704.86478727;3.65497613;37.94489006;989.38;2025-04-12;4
2025-04-12 19:59:40;19:59:40;899.21224664;6.2036292;106.62628074;989.5;2025-04-12;4
2025-04-12 20:03:37;20:03:37;857.67566927;4.8940636;83.02169196;989.56;2025-04-12;4
2025-04-12 20:07:36;20:07:36;741.91978655;3.90920586;50.42723534;989.69;2025-04-12;4
2025-04-12 20:11:37;20:11:37;808.37831034;4.38729899;60.79220056;989.69;2025-04-12;4
2025-04-12 20:15:42;20:15:42;728.4750523;3.38634004;40.26171172;989.56;2025-04-12;4
2025-04-12 20:19:42;20:19:42;950.75039461;3.71909851;54.52103671;989.56;2025-04-12;4
2025-04-12 20:23:42;20:23:42;;4.80691929;90.06213058;989.56;2025-04-12;4
2025-04-12 20:27:40;20:27:40;889.21067604;5.87496665;89.71423244;989.69;2025-04-12;4
2025-04-12 20:31:39;20:31:39;797.28367192;5.08727819;77.84070891;989.69;2025-04-12;4
2025-04-12 20:35:45;20:35:45;855.10695988;4.28927931;70.96672155;989.69;2025-04-12;4
2025-04-12 20:39:54;20:39:54;871.39367048;4.44167591;82.23442247;989.56;2025-04-12;4
2025-04-12 20:43:54;20:43:54;636.32943461;3.50017847;35.22768564;989.69;2025-04-12;4
2025-04-12 20:47:50;20:47:50;661.08742086;3.35060664;33.30824763;989.75;2025-04-12;4
2025-04-12 20:51:48;20:51:48;862.15724736;4.29379895;71.3371131;989.75;2025-04-12;4
2025-04-12 20:55:50;20:55:50;743.06750777;3.56161732;43.80517422;989.69;2025-04-12;4
2025-04-12 20:59:48;20:59:48;685.68144693;3.57559995;37.73945021;989.75;2025-04-12;4
2025-04-12 21:03:46;21:03:46;672.01809911;3.63167173;37.09313945;989.88;2025-04-12;4
2025-04-12 21:07:45;21:07:45;794.33238879;4.73799479;78.27258246;989.88;2025-04-12;4
2025-04-12 21:11:48;21:11:48;770.66747036;3.96711374;55.05188128;989.88;2025-04-12;4
2025-04-12 21:15:48;21:15:48;733.88573804;3.56345342;38.50572585;989.75;2025-04-12;4
2025-04-12 21:19:49;21:19:49;661.14207425;3.78646939;38.1083422;989.69;2025-04-12;4
2025-04-12 21:23:54;21:23:54;641.4122;3.4357736;31.54476396;989.69;2025-04-12;4
2025-04-12 21:27:52;21:27:52;729.130893;3.11205441;35.97296742;989.56;2025-04-12;4
2025-04-12 21:31:56;21:31:56;704.86478727;3.10273265;31.42179997;989.56;2025-04-12;4
2025-04-12 21:35:58;21:35:58;705.08340084;3.30258547;37.3330692;989.56;2025-04-12;4
2025-04-12 21:39:58;21:39:58;698.4156871;4.13984872;54.91242211;989.56;2025-04-12;4
2025-04-12 21:43:55;21:43:55;696.72143197;3.85384027;49.10762171;989.69;2025-04-12;4
2025-04-12 21:47:55;21:47:55;687.32104867;3.7380245;42.49905664;989.69;2025-04-12;4
2025-04-12 21:51:51;21:51:51;604.13858715;3.45371092;28.70909422;989.75;2025-04-12;4
2025-04-12 21:55:54;21:55:54;632.83161757;3.35682114;32.111598;989.75;2025-04-12;4
2025-04-12 21:59:57;21:59:57;620.69856471;3.09863673;27.14055348;989.75;2025-04-12;4
2025-04-12 22:03:59;22:03:59;647.0414993;2.99807474;31.0364128;989.88;2025-04-12;4
2025-04-12 22:07:58;22:07:58;622.6114334;2.63975206;24.87321733;989.88;2025-04-12;4
2025-04-12 22:11:59;22:11:59;608.07363132;3.12942677;28.67610388;989.88;2025-04-12;4
2025-04-12 22:16:02;22:16:02;690.98282589;3.50526306;41.25891974;989.75;2025-04-12;4
2025-04-12 22:20:06;22:20:06;685.18956641;3.21614736;38.27179435;989.75;2025-04-12;4
2025-04-12 22:24:03;22:24:03;661.74326155;3.03861026;30.79048481;989.69;2025-04-12;4
2025-04-12 22:28:02;22:28:02;601.24195741;3.16445398;24.33187584;989.69;2025-04-12;4
2025-04-12 22:32:06;22:32:06;640.155172;3.04468353;23.84151941;989.69;2025-04-12;4
2025-04-12 22:36:11;22:36:11;636.05616766;3.13691243;31.6317385;989.69;2025-04-12;4
2025-04-12 22:40:13;22:40:13;650.48466295;2.88691985;25.11764577;989.56;2025-04-12;4
2025-04-12 22:44:12;22:44:12;656.05930886;3.2119102;34.35194205;989.56;2025-04-12;4
2025-04-12 22:48:14;22:48:14;691.74797336;3.50300324;37.45903232;989.69;2025-04-12;4
2025-04-12 22:52:17;22:52:17;704.20894657;3.68774351;50.18730559;989.69;2025-04-12;4
2025-04-12 22:56:15;22:56:15;670.2145372;3.23464963;30.58054628;989.56;2025-04-12;4
2025-04-12 23:00:15;23:00:15;716.23269266;3.47955761;38.57170653;989.5;2025-04-12;4
2025-04-12 23:04:13;23:04:13;719.12932239;3.13437013;32.67693247;989.25;2025-04-12;4
2025-04-12 23:08:13;23:08:13;655.23950799;3.43421997;38.15332903;989.19;2025-04-12;4
2025-04-12 23:12:13;23:12:13;599.21978194;3.39241331;29.30741904;989.19;2025-04-12;4
2025-04-12 23:16:12;23:16:12;618.29381549;2.86827634;23.86701194;989.5;2025-04-12;4
2025-04-12 23:20:12;23:20:12;606.21541602;3.29566477;28.56963506;989.56;2025-04-12;4
2025-04-12 23:24:12;23:24:12;692.23985389;3.65681223;43.41228925;989.56;2025-04-12;4
2025-04-12 23:28:11;23:28:11;697.48657945;3.18027272;36.14991561;989.56;2025-04-12;4
2025-04-12 23:32:10;23:32:10;619.22292314;2.63198393;24.90620768;989.56;2025-04-12;4
2025-04-12 23:36:11;23:36:11;627.53023862;2.71884575;22.03454847;989.69;2025-04-12;4
2025-04-12 23:40:09;23:40:09;588.94494438;2.731416;24.64378451;989.75;2025-04-12;4
2025-04-12 23:44:08;23:44:08;637.91438296;3.11134821;34.33694644;989.69;2025-04-12;4
2025-04-12 23:48:12;23:48:12;643.76229582;2.49597102;25.92440955;989.5;2025-04-12;4
2025-04-12 23:52:08;23:52:08;626.65578436;2.21871937;18.27215007;989.25;2025-04-12;4
2025-04-12 23:56:10;23:56:10;673.93096781;2.45077462;19.11640288;989.19;2025-04-12;4
2025-04-13 00:00:07;00:00:07;601.46057098;2.52379505;16.17276475;989.06;2025-04-13;4
2025-04-13 00:04:08;00:04:08;627.25697166;2.37111597;17.13998156;988.88;2025-04-13;4
2025-04-13 00:08:05;00:08:05;615.17857219;2.44244154;17.38890868;989.19;2025-04-13;4
2025-04-13 00:12:10;00:12:10;600.03958281;2.84497195;23.62858175;989.69;2025-04-13;4
2025-04-13 00:16:11;00:16:11;755.09125385;3.55610901;46.07700905;989.56;2025-04-13;4
2025-04-13 00:20:12;00:20:12;742.79424081;3.54890583;46.63634528;989.38;2025-04-13;4
2025-04-13 00:24:09;00:24:09;652.88941217;2.81700668;26.63070276;989.25;2025-04-13;4
2025-04-13 00:28:09;00:28:09;656.27792243;2.48664926;21.70014638;989.19;2025-04-13;4
2025-04-13 00:32:12;00:32:12;801.81990339;2.69963729;36.73624394;989.19;2025-04-13;4
2025-04-13 00:36:14;00:36:14;711.25923405;2.77025666;22.99876616;988.88;2025-04-13;4
2025-04-13 00:40:14;00:40:14;698.74360745;2.67096582;21.39873463;988.19;2025-04-13;4
2025-04-13 00:44:16;00:44:16;763.50787611;2.85570609;35.01174886;988.06;2025-04-13;4
2025-04-13 00:48:17;00:48:17;658.9559386;3.1397372;33.71162952;988.69;2025-04-13;4
2025-04-13 00:52:12;00:52:12;623.15796731;3.1685499;32.050116;988.69;2025-04-13;4
2025-04-13 00:56:14;00:56:14;831.8246152;3.43337254;57.30722094;988.88;2025-04-13;4
2025-04-13 01:00:15;01:00:15;;3.73957813;66.88641623;988.88;2025-04-13;4
2025-04-13 01:04:19;01:04:19;784.54943175;2.80245909;40.63060371;988.88;2025-04-13;4
2025-04-13 01:08:22;01:08:22;872.81465866;3.095247;48.3863329;989.0;2025-04-13;4
2025-04-13 01:12:21;01:12:21;803.40485174;2.92618422;37.46952924;989.0;2025-04-13;4
2025-04-13 01:16:22;01:16:22;721.26080465;3.13705366;34.0505303;988.88;2025-04-13;4
2025-04-13 01:20:21;01:20:21;677.48343824;3.02971222;27.29800738;988.75;2025-04-13;4
2025-04-13 01:24:20;01:24:20;656.82445634;2.90062001;25.39806366;988.88;2025-04-13;4
2025-04-13 01:28:19;01:28:19;603.8106668;2.76432463;19.24536512;989.06;2025-04-13;4
2025-04-13 01:32:17;01:32:17;631.30132261;2.57788949;17.99323174;989.25;2025-04-13;4
2025-04-13 01:36:17;01:36:17;675.40660937;2.71700965;26.63820056;989.25;2025-04-13;4
2025-04-13 01:40:19;01:40:19;682.67551041;3.45808932;33.93356454;989.25;2025-04-13;4
2025-04-13 01:44:24;01:44:24;808.10504339;3.40131135;48.57677714;989.38;2025-04-13;4
2025-04-13 01:48:21;01:48:21;790.23338444;2.97010947;36.36285327;989.38;2025-04-13;4
2025-04-13 01:52:23;01:52:23;770.23024323;3.90157897;54.24511749;989.5;2025-04-13;4
2025-04-13 01:56:22;01:56:22;792.31021331;4.36794929;65.73325387;989.56;2025-04-13;4
2025-04-13 02:00:21;02:00:21;621.24509862;3.54311504;30.99892378;989.69;2025-04-13;4
2025-04-13 02:04:26;02:04:26;624.96152923;3.01403472;24.1144395;989.69;2025-04-13;4
2025-04-13 02:08:29;02:08:29;612.77382297;3.10612238;23.62408307;989.75;2025-04-13;4
2025-04-13 02:12:28;02:12:28;652.61614521;3.12321227;29.03149983;989.88;2025-04-13;4
2025-04-13 02:16:28;02:16:28;734.43227195;3.46034914;36.79322726;990.0;2025-04-13;4
2025-04-13 02:20:28;02:20:28;674.69611529;2.95951657;29.85175966;990.0;2025-04-13;4
2025-04-13 02:24:34;02:24:34;688.85134363;2.89525294;27.57092747;990.0;2025-04-13;4
2025-04-13 02:28:32;02:28:32;627.25697166;2.56955641;18.27964788;990.0;2025-04-13;4
2025-04-13 02:32:30;02:32:30;643.926256;2.70401569;22.44692773;990.06;2025-04-13;4
2025-04-13 02:36:32;02:36:32;642.17734748;3.05824245;28.01029882;990.19;2025-04-13;4
2025-04-13 02:40:33;02:40:33;610.86095428;2.85231636;21.4347241;990.25;2025-04-13;4
2025-04-13 02:44:32;02:44:32;615.28787897;2.59045974;21.23528249;990.25;2025-04-13;4
2025-04-13 02:48:33;02:48:33;628.73261322;2.5946969;24.49682754;990.25;2025-04-13;4
2025-04-13 02:52:30;02:52:30;829.80243972;2.76926798;36.97767325;990.25;2025-04-13;4
2025-04-13 02:56:30;02:56:30;708.74517805;2.44681994;26.67568959;990.38;2025-04-13;4
2025-04-13 03:00:35;03:00:35;680.70798833;2.84709053;28.42267808;990.38;2025-04-13;4
2025-04-13 03:04:34;03:04:34;593.2079089;3.09115107;27.6504042;990.25;2025-04-13;4
2025-04-13 03:08:33;03:08:33;576.75723812;2.91319026;20.94436767;990.25;2025-04-13;4
2025-04-13 03:12:33;03:12:33;646.38565861;2.69596508;23.53710854;990.5;2025-04-13;4
2025-04-13 03:16:30;03:16:30;720.00377665;3.0256163;31.97063927;990.5;2025-04-13;4
2025-04-13 03:20:31;03:20:31;715.79546552;2.99934589;28.36269565;990.56;2025-04-13;4
2025-04-13 03:24:30;03:24:30;649.00902139;2.6737906;18.75500869;990.56;2025-04-13;4
2025-04-13 03:28:31;03:28:31;651.79634434;2.73452325;17.36641526;990.56;2025-04-13;4
2025-04-13 03:32:32;03:32:32;633.43280487;2.65359346;14.75927861;990.56;2025-04-13;4
2025-04-13 03:36:30;03:36:30;671.41691181;3.09228098;22.28047647;990.56;2025-04-13;4
2025-04-13 03:40:33;03:40:33;610.0958068;2.71051267;16.11278232;990.56;2025-04-13;4
2025-04-13 03:44:32;03:44:32;596.65107255;2.79271362;14.84940222;990.56;2025-04-13;4
2025-04-13 03:48:32;03:48:32;659.01059199;3.03818655;24.06195487;990.56;2025-04-13;4
2025-04-13 03:52:30;03:52:30;581.84000351;2.66912972;13.81710447;990.69;2025-04-13;4
2025-04-13 03:56:30;03:56:30;584.73663325;2.72251796;13.74452572;990.69;2025-04-13;4
2025-04-13 04:00:31;04:00:31;571.07328543;2.85019778;15.11257517;990.69;2025-04-13;4
2025-04-13 04:04:36;04:04:36;606.59798976;2.9421442;16.29722831;990.69;2025-04-13;4
2025-04-13 04:08:34;04:08:34;571.12793882;2.86954749;12.46629997;990.69;2025-04-13;4
2025-04-13 04:12:36;04:12:36;585.0099002;2.56122332;12.92156668;990.69;2025-04-13;4
2025-04-13 04:16:37;04:16:37;576.42931777;2.68847942;12.03442642;990.69;2025-04-13;4
2025-04-13 04:20:39;04:20:39;623.75915462;2.76051118;17.01251888;990.69;2025-04-13;4
2025-04-13 04:24:43;04:24:43;634.68983287;2.65020373;17.61684194;990.69;2025-04-13;4
2025-04-13 04:28:42;04:28:42;602.49898541;2.86912377;15.05109317;990.69;2025-04-13;4
2025-04-13 04:32:42;04:32:42;614.4680781;2.86262679;18.72951616;990.69;2025-04-13;4
2025-04-13 04:36:39;04:36:39;627.6395454;2.7270376;18.27364963;990.69;2025-04-13;4
2025-04-13 04:40:42;04:40:42;649.93812904;2.92081715;22.71834826;990.56;2025-04-13;4
2025-04-13 04:44:46;04:44:46;665.67830573;2.89624161;19.70423077;990.69;2025-04-13;4
2025-04-13 04:48:44;04:48:44;660.48623355;3.05767749;22.48141763;990.69;2025-04-13;4
2025-04-13 04:52:41;04:52:41;687.43035545;3.09312842;25.14013918;990.69;2025-04-13;4
2025-04-13 04:56:40;04:56:40;671.41691181;3.09680062;26.03237794;990.69;2025-04-13;4
2025-04-13 05:00:37;05:00:37;677.26482468;2.96502488;22.41843607;990.69;2025-04-13;4
2025-04-13 05:04:37;05:04:37;671.74483216;3.09199851;28.7945692;990.69;2025-04-13;4
2025-04-13 05:08:37;05:08:37;683.87788502;3.05683006;24.97368792;990.69;2025-04-13;4
2025-04-13 05:12:38;05:12:38;629.44310731;2.93889571;16.71560581;990.69;2025-04-13;4
2025-04-13 05:16:45;05:16:45;677.81135859;3.21304011;26.49724183;990.88;2025-04-13;4
2025-04-13 05:20:45;05:20:45;611.29818141;2.98423335;19.25736161;990.88;2025-04-13;4
2025-04-13 05:24:47;05:24:47;606.27006941;3.04934441;17.80128794;991.0;2025-04-13;4
2025-04-13 05:28:55;05:28:55;607.47244402;3.07208384;17.18346883;990.88;2025-04-13;4
2025-04-13 05:32:53;05:32:53;588.23445029;3.08592524;13.06402497;990.88;2025-04-13;4
2025-04-13 05:36:54;05:36:54;624.25103514;3.22052576;19.16138971;990.88;2025-04-13;4
2025-04-13 05:40:50;05:40:50;805.31772043;3.52772002;32.69942589;990.75;2025-04-13;4
2025-04-13 05:44:57;05:44:57;686.11867406;2.90273859;18.95744942;990.69;2025-04-13;4
2025-04-13 05:48:58;05:48:58;761.10312689;3.02787612;30.62103442;990.69;2025-04-13;4
2025-04-13 05:52:57;05:52:57;641.57616017;2.79511467;15.23254004;990.56;2025-04-13;4
2025-04-13 05:56:55;05:56:55;602.71759898;3.08465409;12.64399795;990.56;2025-04-13;4
2025-04-13 06:00:53;06:00:53;645.67516452;3.03409062;18.36962153;990.56;2025-04-13;4
2025-04-13 06:04:55;06:04:55;619.38688332;2.95612684;17.78929145;990.56;2025-04-13;4
2025-04-13 06:08:51;06:08:51;574.46179569;3.21925461;16.78458562;990.69;2025-04-13;4
2025-04-13 06:12:53;06:12:53;553.20162648;2.96587231;10.37861123;990.69;2025-04-13;4
2025-04-13 06:16:49;06:16:49;563.85903778;3.05216918;12.99564499;990.56;2025-04-13;4
2025-04-13 06:20:51;06:20:51;606.92591011;2.95316082;13.92222369;990.56;2025-04-13;4
2025-04-13 06:24:49;06:24:49;614.95995862;3.06925907;14.8894405;990.56;2025-04-13;4
2025-04-13 06:28:46;06:28:46;663.10959634;3.05202794;19.31884361;990.5;2025-04-13;4
2025-04-13 06:32:51;06:32:51;618.45777566;2.85033902;13.74917436;990.5;2025-04-13;4
2025-04-13 06:36:53;06:36:53;614.35877132;2.84440699;12.70038144;990.5;2025-04-13;4
2025-04-13 06:40:51;06:40:51;602.93621254;2.73409954;12.68643552;990.5;2025-04-13;4
2025-04-13 06:44:49;06:44:49;602.11641167;2.81248704;13.3514908;990.56;2025-04-13;4
2025-04-13 06:48:54;06:48:54;615.83441288;2.93705961;16.31822216;990.56;2025-04-13;4
2025-04-13 06:52:51;06:52:51;622.0102461;2.85386999;14.33490286;990.5;2025-04-13;4
2025-04-13 06:56:51;06:56:51;659.44781912;3.15499098;19.43730892;990.5;2025-04-13;4
2025-04-13 07:00:50;07:00:50;579.3806009;3.13295774;17.46538628;990.69;2025-04-13;4
2025-04-13 07:04:50;07:04:50;574.73506264;3.19199553;19.84668906;990.56;2025-04-13;4
2025-04-13 07:08:48;07:08:48;602.99086593;2.79469096;18.67853109;990.5;2025-04-13;4
2025-04-13 07:12:50;07:12:50;604.79442785;2.66757609;18.91246259;990.5;2025-04-13;4
2025-04-13 07:16:50;07:16:50;646.11239165;2.71474983;18.87947225;990.38;2025-04-13;4
2025-04-13 07:20:50;07:20:50;667.15394729;2.83310789;21.23378293;990.38;2025-04-13;4
2025-04-13 07:24:49;07:24:49;651.96030452;3.01022128;22.55489612;990.56;2025-04-13;4
2025-04-13 07:28:49;07:28:49;628.84192001;2.67294316;14.41138047;990.5;2025-04-13;4
2025-04-13 07:32:49;07:32:49;698.74360745;2.56418933;20.37153539;990.25;2025-04-13;4
2025-04-13 07:36:52;07:36:52;939.81971636;2.56023465;43.11237707;990.38;2025-04-13;4
2025-04-13 07:40:52;07:40:52;;3.0525929;61.58396874;990.5;2025-04-13;4
2025-04-13 07:44:54;07:44:54;;2.80189413;51.15752152;990.56;2025-04-13;4
2025-04-13 07:48:52;07:48:52;;3.07504986;46.89127064;990.69;2025-04-13;4
2025-04-13 07:52:54;07:52:54;;3.31614439;68.88833009;990.88;2025-04-13;4
2025-04-13 07:56:54;07:56:54;;3.15400231;69.42817203;990.88;2025-04-13;4
2025-04-13 08:00:53;08:00:53;;2.81319323;43.25933404;991.0;2025-04-13;4
2025-04-13 08:04:54;08:04:54;956.81692105;2.98889423;38.67967492;991.06;2025-04-13;4
2025-04-13 08:08:52;08:08:52;746.12809768;3.27913984;30.64352784;991.0;2025-04-13;4
2025-04-13 08:12:50;08:12:50;786.0797267;2.87477332;24.24640086;991.06;2025-04-13;4
2025-04-13 08:16:55;08:16:55;758.47976411;3.29848954;25.26310318;991.06;2025-04-13;4
2025-04-13 08:20:57;08:20:57;592.82533516;3.60511885;15.20854707;991.19;2025-04-13;4
2025-04-13 08:25:07;08:25:07;544.36417311;3.20866171;12.79875263;991.0;2025-04-13;4
2025-04-13 08:29:14;08:29:14;593.59048263;2.9716631;15.43348121;990.88;2025-04-13;4
2025-04-13 08:33:23;08:33:23;657.26168347;2.6624915;19.64124921;991.0;2025-04-13;4
2025-04-13 08:37:24;08:37:24;658.19079112;2.81898402;20.25756876;990.88;2025-04-13;4
2025-04-13 08:41:25;08:41:25;661.57930138;2.80669625;18.0712089;990.69;2025-04-13;4
2025-04-13 08:45:31;08:45:31;714.97566466;2.95513817;25.41455883;990.75;2025-04-13;4
2025-04-13 08:49:34;08:49:34;654.36505373;2.90980053;19.51978477;990.69;2025-04-13;4
2025-04-13 08:53:30;08:53:30;677.53809163;2.84892663;19.57226941;990.56;2025-04-13;4
2025-04-13 08:57:32;08:57:32;766.62311941;2.98253848;24.00797067;990.69;2025-04-13;4
2025-04-13 09:01:33;09:01:33;862.15724736;3.04440105;26.36827959;990.69;2025-04-13;4
2025-04-13 09:05:31;09:05:31;919.70726837;3.27575011;34.20948376;990.88;2025-04-13;4
2025-04-13 09:09:31;09:09:31;914.40588942;3.30272671;44.37200826;990.88;2025-04-13;4
2025-04-13 09:13:27;09:13:27;758.47976411;3.11982254;25.02767211;991.0;2025-04-13;4
2025-04-13 09:17:26;09:17:26;588.72633081;2.75246057;12.78840566;991.0;2025-04-13;4
2025-04-13 09:21:33;09:21:33;610.20511358;2.52718478;15.89234686;991.06;2025-04-13;4
2025-04-13 09:25:35;09:25:35;611.68075515;2.40501327;15.59243467;991.06;2025-04-13;4
2025-04-13 09:29:35;09:29:35;687.04778171;2.48820289;25.49403556;991.0;2025-04-13;4
2025-04-13 09:33:35;09:33:35;804.60722635;2.78466301;35.99546084;990.88;2025-04-13;4
2025-04-13 09:37:39;09:37:39;887.13384717;2.83282542;39.91981182;991.06;2025-04-13;4
2025-04-13 09:41:40;09:41:40;659.83039286;2.72816751;19.51528609;991.19;2025-04-13;4
2025-04-13 09:45:42;09:45:42;610.31442036;2.82223251;26.39527169;991.19;2025-04-13;4
2025-04-13 09:49:41;09:49:41;579.59921447;2.73522945;15.54594828;991.25;2025-04-13;4
2025-04-13 09:53:38;09:53:38;589.38217151;2.76121738;14.07832799;991.25;2025-04-13;4
2025-04-13 09:57:41;09:57:41;681.36382902;2.98098486;20.32804812;991.38;2025-04-13;4
2025-04-13 10:01:39;10:01:39;538.23206261;3.26812322;10.54626214;991.38;2025-04-13;4
2025-04-13 10:05:35;10:05:35;554.73192144;3.14807029;11.56776306;991.5;2025-04-13;4
2025-04-13 10:09:32;10:09:32;576.75723812;2.95810418;14.40613201;991.5;2025-04-13;4
2025-04-13 10:13:31;10:13:31;530.7718747;2.84355956;9.92664356;991.5;2025-04-13;4
2025-04-13 10:17:33;10:17:33;566.09982682;2.91785114;12.76441269;991.38;2025-04-13;4
2025-04-13 10:21:34;10:21:34;680.98125528;2.8324017;18.32763383;991.38;2025-04-13;4
2025-04-13 10:25:29;10:25:29;600.75007689;3.20089358;15.48446628;991.38;2025-04-13;4
2025-04-13 10:29:30;10:29:30;598.34532768;3.2319661;16.06779549;991.5;2025-04-13;4
2025-04-13 10:33:32;10:33:32;660.86880729;3.24467758;21.33425351;991.56;2025-04-13;4
2025-04-13 10:37:30;10:37:30;573.20476769;3.49085671;14.48965755;991.56;2025-04-13;4
2025-04-13 10:41:28;10:41:28;;9.61355611;286.83601687;991.56;2025-04-13;4
2025-04-13 10:45:29;10:45:29;830.78620077;6.59274193;133.89129777;991.69;2025-04-13;4
2025-04-13 10:49:30;10:49:30;;9.04634133;233.40666053;991.56;2025-04-13;4
2025-04-13 10:53:32;10:53:32;;8.47432443;208.40897964;991.69;2025-04-13;4
2025-04-13 10:57:36;10:57:36;724.15743439;5.21679412;81.19672629;991.69;2025-04-13;4
2025-04-13 11:01:32;11:01:32;801.05475591;6.24416472;113.39379927;991.75;2025-04-13;4
2025-04-13 11:05:36;11:05:36;886.42335308;7.29893563;135.93969802;991.69;2025-04-13;4
2025-04-13 11:09:36;11:09:36;;8.82586765;199.32164033;991.69;2025-04-13;4
2025-04-13 11:13:33;11:13:33;679.23234676;4.97824188;56.56793739;991.69;2025-04-13;4
2025-04-13 11:17:31;11:17:31;832.4804559;6.73143837;110.12325685;991.69;2025-04-13;4
2025-04-13 11:21:31;11:21:31;622.22885966;5.71706174;67.71267431;991.69;2025-04-13;4
2025-04-13 11:25:31;11:25:31;601.02334385;5.2276695;56.0071016;991.75;2025-04-13;4
2025-04-13 11:29:33;11:29:33;752.19462411;5.73867126;86.54566017;991.69;2025-04-13;4
2025-04-13 11:33:33;11:33:33;657.6989106;4.8714654;55.24232552;991.75;2025-04-13;4
2025-04-13 11:37:40;11:37:40;689.78045128;7.21108513;117.8115058;991.75;2025-04-13;4
2025-04-13 11:41:41;11:41:41;683.76857824;5.79883897;84.29781832;991.75;2025-04-13;4
2025-04-13 11:45:42;11:45:42;688.57807667;5.7978503;76.88998727;991.75;2025-04-13;4
2025-04-13 11:49:49;11:49:49;880.30217326;7.28989635;135.36236706;991.69;2025-04-13;4
2025-04-13 11:53:47;11:53:47;;8.31175864;159.67324904;991.69;2025-04-13;4
2025-04-13 11:57:46;11:57:46;785.53319279;6.68977294;106.49431938;991.69;2025-04-13;4
2025-04-13 12:01:48;12:01:48;640.48309235;5.62582151;66.50702731;991.69;2025-04-13;4
2025-04-13 12:05:52;12:05:52;696.99469893;5.32724281;73.99433509;991.69;2025-04-13;4
2025-04-13 12:09:58;12:09:58;596.26849881;4.25312219;44.72290552;991.75;2025-04-13;4
2025-04-13 12:14:03;12:14:03;642.23200087;4.44704298;51.24599561;991.75;2025-04-13;4
2025-04-13 12:18:05;12:18:05;626.16390383;4.4656865;53.87922462;991.75;2025-04-13;4
2025-04-13 12:22:00;12:22:00;558.77627239;5.18967628;64.32216702;991.75;2025-04-13;4
2025-04-13 12:26:08;12:26:08;554.07608074;5.65011457;73.48148525;991.75;2025-04-13;4
2025-04-13 12:30:06;12:30:06;603.75601341;5.09885977;61.97535415;991.75;2025-04-13;4
2025-04-13 12:34:02;12:34:02;549.48519588;4.56540105;44.45748323;991.75;2025-04-13;4
2025-04-13 12:38:01;12:38:01;676.22641024;5.96098104;94.40935775;991.75;2025-04-13;4
2025-04-13 12:42:01;12:42:01;580.14574838;4.93177434;57.17975826;991.75;2025-04-13;4
2025-04-13 12:46:05;12:46:05;609.98650002;5.24829036;66.96589296;991.75;2025-04-13;4
2025-04-13 12:50:12;12:50:12;576.37466438;4.25735935;43.14236828;991.75;2025-04-13;4
2025-04-13 12:54:08;12:54:08;563.20319709;4.43334282;41.56632973;991.75;2025-04-13;4
2025-04-13 12:58:11;12:58:11;568.23130908;4.9221701;51.47992712;991.75;2025-04-13;4
2025-04-13 13:02:13;13:02:13;626.43717079;4.71454916;44.97183263;991.69;2025-04-13;4
2025-04-13 13:06:16;13:06:16;756.0203615;5.49291586;73.41400501;991.75;2025-04-13;4
2025-04-13 13:10:15;13:10:15;591.67761394;5.52525953;51.60888936;991.75;2025-04-13;4
2025-04-13 13:14:25;13:14:25;604.95838802;5.5889582;44.73190288;991.69;2025-04-13;4
2025-04-13 13:18:32;13:18:32;596.21384542;5.8536396;40.85253873;991.75;2025-04-13;4
2025-04-13 13:22:31;13:22:31;712.73487561;7.48226351;89.18488743;991.69;2025-04-13;4
2025-04-13 13:26:28;13:26:28;617.69262819;5.40619527;46.0980029;991.56;2025-04-13;4
2025-04-13 13:30:29;13:30:29;660.97811408;5.60816667;57.89804795;991.56;2025-04-13;4
2025-04-13 13:34:32;13:34:32;741.20929247;5.43020585;59.11719099;991.56;2025-04-13;4
2025-04-13 13:38:37;13:38:37;753.88887924;6.66237263;98.05928908;991.69;2025-04-13;4
2025-04-13 13:42:39;13:42:39;699.29014136;5.81550514;73.69292334;991.69;2025-04-13;4
2025-04-13 13:46:40;13:46:40;692.29450728;5.6691818;75.41741843;991.69;2025-04-13;4
2025-04-13 13:50:49;13:50:49;704.6461737;4.90239668;65.80823191;991.69;2025-04-13;4
2025-04-13 13:54:50;13:54:50;617.20074767;4.47260719;44.98532868;991.69;2025-04-13;4
2025-04-13 13:58:51;13:58:51;690.32698519;5.3964498;70.35490069;991.69;2025-04-13;4
2025-04-13 14:02:53;14:02:53;648.68110104;5.32809025;55.69969161;991.69;2025-04-13;4
2025-04-13 14:06:50;14:06:50;647.09615269;4.95493749;47.13269995;991.69;2025-04-13;4
2025-04-13 14:10:57;14:10:57;674.96938224;5.98287305;73.53247032;991.69;2025-04-13;4
2025-04-13 14:15:04;14:15:04;710.98596709;5.62864628;72.44228952;991.56;2025-04-13;4
2025-04-13 14:19:06;14:19:06;554.18538753;4.36116983;29.80227415;991.56;2025-04-13;4
2025-04-13 14:23:13;14:23:13;593.91840298;4.43051805;34.48690253;991.56;2025-04-13;4
2025-04-13 14:27:14;14:27:14;711.09527388;5.45704122;64.90399667;991.56;2025-04-13;4
2025-04-13 14:31:16;14:31:16;652.61614521;5.02965279;63.00555251;991.56;2025-04-13;4
2025-04-13 14:35:13;14:35:13;584.24475273;4.49930132;44.51446655;991.56;2025-04-13;4
2025-04-13 14:39:10;14:39:10;613.70293062;4.52698411;44.75739542;991.69;2025-04-13;4
2025-04-13 14:43:08;14:43:08;692.62242762;5.12287036;60.31384062;991.75;2025-04-13;4
2025-04-13 14:47:11;14:47:11;669.34008294;5.10083711;63.29646734;991.69;2025-04-13;4
2025-04-13 14:51:14;14:51:14;644.74605687;5.07075326;54.33359159;991.56;2025-04-13;4
2025-04-13 14:55:12;14:55:12;604.35720072;4.73700612;43.13187136;991.56;2025-04-13;4
2025-04-13 14:59:10;14:59:10;550.35965014;4.72542454;34.50489726;991.5;2025-04-13;4
2025-04-13 15:03:10;15:03:10;541.74627567;4.90169049;43.66871417;991.5;2025-04-13;4
2025-04-13 15:07:15;15:07:15;541.74081033;4.08024597;24.36186705;991.5;2025-04-13;4
2025-04-13 15:11:22;15:11:22;505.40723581;4.47755055;34.68184545;991.5;2025-04-13;4
2025-04-13 15:15:19;15:15:19;530.58058783;3.92445964;30.23564726;991.5;2025-04-13;4
2025-04-13 15:19:23;15:19:23;530.95223089;3.59466718;25.65298902;991.25;2025-04-13;4
2025-04-13 15:23:27;15:23:27;580.6376289;4.1871637;39.78785046;991.25;2025-04-13;4
2025-04-13 15:27:30;15:27:30;548.44678144;4.37571742;34.36993678;991.19;2025-04-13;4
2025-04-13 15:31:32;15:31:32;575.71882369;4.37232769;36.00745732;991.25;2025-04-13;4
2025-04-13 15:35:33;15:35:33;542.33106696;4.04295895;29.20244977;991.25;2025-04-13;4
2025-04-13 15:39:35;15:39:35;549.53984927;4.32105803;35.31316061;991.25;2025-04-13;4
2025-04-13 15:43:43;15:43:43;612.00867549;4.19775661;38.94059853;991.25;2025-04-13;4
2025-04-13 15:47:41;15:47:41;568.01269552;4.21173924;35.10322208;991.25;2025-04-13;4
2025-04-13 15:51:50;15:51:50;583.20633829;4.5276903;38.92860204;991.25;2025-04-13;4
2025-04-13 15:55:52;15:55:52;724.64931491;5.34856986;75.15949394;991.19;2025-04-13;4
2025-04-13 15:59:48;15:59:48;692.02124032;4.81468742;58.29093291;991.19;2025-04-13;4
2025-04-13 16:03:46;16:03:46;580.91089586;4.60042825;44.37650694;991.06;2025-04-13;4
2025-04-13 16:07:48;16:07:48;588.28910368;3.94211448;30.32412136;991.0;2025-04-13;4
2025-04-13 16:11:47;16:11:47;591.51365377;4.1777007;34.21398244;991.06;2025-04-13;4
2025-04-13 16:15:45;16:15:45;602.88155915;4.56483609;51.22500176;991.06;2025-04-13;4
2025-04-13 16:19:42;16:19:42;604.57581428;4.14408588;45.72911091;991.06;2025-04-13;4
2025-04-13 16:23:51;16:23:51;577.95961273;3.38732871;26.00688541;990.88;2025-04-13;4
2025-04-13 16:27:52;16:27:52;629.06053357;3.6151468;41.91272831;990.88;2025-04-13;4
2025-04-13 16:31:53;16:31:53;579.65386786;3.15838071;22.97177406;990.88;2025-04-13;4
2025-04-13 16:35:52;16:35:52;574.89902282;3.32066403;24.21640964;990.88;2025-04-13;4
2025-04-13 16:39:56;16:39:56;540.58215844;3.12561333;19.15539147;990.75;2025-04-13;4
2025-04-13 16:43:54;16:43:54;988.89846172;4.80819044;78.31007148;990.75;2025-04-13;4
2025-04-13 16:47:53;16:47:53;801.21871609;3.76443615;39.47594178;990.69;2025-04-13;4
2025-04-13 16:51:56;16:51:56;653.59990625;3.4470727;32.02612303;990.69;2025-04-13;4
2025-04-13 16:55:52;16:55:52;712.46160866;3.70200863;43.89514788;990.69;2025-04-13;4
2025-04-13 17:00:00;17:00:00;742.68493403;3.73406982;43.47677037;990.69;2025-04-13;4
2025-04-13 17:03:57;17:03:57;588.34375707;3.62955315;25.37557025;990.69;2025-04-13;4
2025-04-13 17:07:59;17:07:59;759.46352515;4.58347961;60.64824271;990.69;2025-04-13;4
2025-04-13 17:11:58;17:11:58;612.71916958;3.68534245;30.17566482;990.75;2025-04-13;4
2025-04-13 17:15:56;17:15:56;584.51801968;3.50088466;22.55639568;990.75;2025-04-13;4
2025-04-13 17:20:02;17:20:02;670.59711094;3.62079635;40.74906902;990.69;2025-04-13;4
2025-04-13 17:24:00;17:24:00;574.07922195;3.38125545;23.34966342;990.88;2025-04-13;4
2025-04-13 17:28:00;17:28:00;588.28910368;3.33549409;30.25964024;990.75;2025-04-13;4
2025-04-13 17:31:58;17:31:58;556.207563;3.28789664;24.90320855;990.75;2025-04-13;4
2025-04-13 17:35:56;17:35:56;546.3316952;3.04948565;24.57330515;990.75;2025-04-13;4
2025-04-13 17:39:59;17:39:59;550.19568996;2.71305497;18.02472252;990.69;2025-04-13;4
2025-04-13 17:44:02;17:44:02;550.41430353;3.09213974;22.47841851;990.56;2025-04-13;4
2025-04-13 17:48:00;17:48:00;558.99488596;3.45229853;27.66989849;990.69;2025-04-13;4
2025-04-13 17:52:03;17:52:03;679.6149205;4.00821422;49.26357605;990.56;2025-04-13;4
2025-04-13 17:56:05;17:56:05;621.51836558;3.70808189;28.863549;990.5;2025-04-13;4
2025-04-13 18:00:03;18:00:03;649.11832817;3.55766263;29.3164164;990.25;2025-04-13;4
2025-04-13 18:04:01;18:04:01;743.88730864;4.20510102;46.28394846;990.38;2025-04-13;4
2025-04-13 18:07:59;18:07:59;857.23844214;4.66356197;63.29646734;990.19;2025-04-13;4
2025-04-13 18:11:58;18:11:58;672.29136607;4.13716519;43.97612417;990.19;2025-04-13;4
2025-04-13 18:15:57;18:15:57;635.61894052;3.74805246;26.25731208;990.19;2025-04-13;4
2025-04-13 18:19:56;18:19:56;793.89516166;4.32656634;51.95528794;990.19;2025-04-13;4
2025-04-13 18:23:55;18:23:55;727.27267769;4.13109192;38.91510599;990.25;2025-04-13;4
2025-04-13 18:27:56;18:27:56;909.76035116;4.85592914;71.47807183;990.25;2025-04-13;4
2025-04-13 18:31:55;18:31:55;704.09963979;4.72867303;44.71390815;990.25;2025-04-13;4
2025-04-13 18:35:53;18:35:53;678.41254589;4.30086089;39.61989963;990.38;2025-04-13;4
2025-04-13 18:39:51;18:39:51;702.07746431;4.29634125;43.98962022;990.38;2025-04-13;4
2025-04-13 18:43:48;18:43:48;912.0011402;5.15577898;76.84500044;990.5;2025-04-13;4
2025-04-13 18:47:49;18:47:49;720.65961735;4.31498476;52.79204294;990.5;2025-04-13;4
2025-04-13 18:51:53;18:51:53;755.96570811;3.87516732;43.44977828;990.38;2025-04-13;4
2025-04-13 18:55:55;18:55:55;861.44675327;4.3100414;59.84147893;990.25;2025-04-13;4
2025-04-13 18:59:53;18:59:53;;5.39913333;109.16953609;990.5;2025-04-13;4
2025-04-13 19:04:01;19:04:01;965.56146365;4.64336483;86.82157938;990.38;2025-04-13;4
2025-04-13 19:08:01;19:08:01;791.27179888;4.60367675;59.8999618;990.25;2025-04-13;4
2025-04-13 19:12:00;19:12:00;;5.43331311;92.004062;990.5;2025-04-13;4
2025-04-13 19:16:00;19:16:00;;6.32156355;129.33863076;990.38;2025-04-13;4
2025-04-13 19:20:01;19:20:01;;4.44831413;76.08172392;990.38;2025-04-13;4
2025-04-13 19:24:00;19:24:00;985.18203112;4.58545695;73.27304628;990.38;2025-04-13;4
2025-04-13 19:28:05;19:28:05;984.14361668;4.23306629;75.10251063;990.38;2025-04-13;4
2025-04-13 19:32:04;19:32:04;686.22798085;3.69056829;37.4905231;990.25;2025-04-13;4
2025-04-13 19:36:03;19:36:03;795.09753626;4.34182012;62.62166491;990.25;2025-04-13;4
2025-04-13 19:40:05;19:40:05;875.27406126;4.59887463;86.22775325;990.25;2025-04-13;4
2025-04-13 19:44:05;19:44:05;827.06977016;3.40540727;55.71768634;990.19;2025-04-13;4
2025-04-13 19:48:05;19:48:05;851.11726232;3.8936696;59.59105225;990.19;2025-04-13;4
2025-04-13 19:52:02;19:52:02;664.03870399;3.40427736;42.64451405;990.06;2025-04-13;4
2025-04-13 19:55:58;19:55:58;797.01040496;3.22603407;44.72590464;990.06;2025-04-13;4
2025-04-13 20:00:03;20:00:03;719.40258935;2.96671974;38.43824561;990.0;2025-04-13;4
2025-04-13 20:03:59;20:03:59;;4.49591159;102.73342053;990.0;2025-04-13;4
2025-04-13 20:08:06;20:08:06;794.60565574;3.30950617;48.66675079;990.19;2025-04-13;4
2025-04-13 20:12:05;20:12:05;899.75878056;3.27179542;53.94070662;990.5;2025-04-13;4
2025-04-13 20:16:06;20:16:06;886.64196665;4.21654136;71.67001563;990.38;2025-04-13;4
2025-04-13 20:20:09;20:20:09;749.07938081;3.83858649;55.38478381;990.5;2025-04-13;4
2025-04-13 20:24:07;20:24:07;596.76037933;3.57616491;33.56467255;990.5;2025-04-13;4
2025-04-13 20:28:08;20:28:08;656.22326904;3.44170563;42.44057376;990.5;2025-04-13;4
2025-04-13 20:32:07;20:32:07;713.28140953;3.95087129;57.95503126;990.38;2025-04-13;4
2025-04-13 20:36:09;20:36:09;691.91193354;2.81291075;39.26150457;990.38;2025-04-13;4
2025-04-13 20:40:10;20:40:10;732.95663039;3.29608849;52.37216588;990.5;2025-04-13;4
2025-04-13 20:44:08;20:44:08;676.28106363;2.93423483;36.24288839;990.5;2025-04-13;4
2025-04-13 20:48:12;20:48:12;676.17175685;2.86926501;36.36885151;990.69;2025-04-13;4
2025-04-13 20:52:10;20:52:10;690.76421232;2.94228544;42.94442624;990.88;2025-04-13;4
2025-04-13 20:56:09;20:56:09;683.82323163;3.14891772;40.09975913;990.5;2025-04-13;4
2025-04-13 21:00:07;21:00:07;905.44273325;3.31614439;47.29015385;990.38;2025-04-13;4
2025-04-13 21:04:14;21:04:14;741.31859925;2.76164109;36.44382956;990.38;2025-04-13;4
2025-04-13 21:08:13;21:08:13;743.01285438;3.11558538;50.97157596;990.25;2025-04-13;4
2025-04-13 21:12:18;21:12:18;659.06524538;2.86036697;32.34402994;990.19;2025-04-13;4
2025-04-13 21:16:20;21:16:20;601.84314472;2.97081567;27.77636732;990.5;2025-04-13;4
2025-04-13 21:20:17;21:20:17;609.98650002;3.09072736;33.45070592;990.5;2025-04-13;4
2025-04-13 21:24:21;21:24:21;569.92556421;2.94002562;31.17587197;990.75;2025-04-13;4
2025-04-13 21:28:22;21:28:22;556.09825622;2.53580035;21.45871707;991.0;2025-04-13;4
2025-04-13 21:32:26;21:32:26;644.25417635;3.47984009;44.79188532;991.0;2025-04-13;4
2025-04-13 21:36:24;21:36:24;732.35544308;3.1145967;43.2683314;990.88;2025-04-13;4
2025-04-13 21:40:24;21:40:24;828.10818459;3.22702274;55.9381218;991.19;2025-04-13;4
2025-04-13 21:44:20;21:44:20;861.66536684;2.93635341;55.75667492;991.06;2025-04-13;4
2025-04-13 21:48:19;21:48:19;729.29485317;3.44467164;42.52304962;991.06;2025-04-13;4
2025-04-13 21:52:20;21:52:20;580.96554925;3.20541321;30.11568239;991.19;2025-04-13;4
2025-04-13 21:56:21;21:56:21;589.10890455;2.96276506;28.78557183;991.06;2025-04-13;4
2025-04-13 22:00:21;22:00:21;607.30848384;3.0117749;34.09701669;991.19;2025-04-13;4
2025-04-13 22:04:30;22:04:30;605.45026854;2.66319769;24.34987057;991.19;2025-04-13;4
2025-04-13 22:08:26;22:08:26;705.13805423;3.63068306;45.32123033;991.25;2025-04-13;4
2025-04-13 22:12:34;22:12:34;625.23479618;3.5393016;33.17928539;991.25;2025-04-13;4
2025-04-13 22:16:35;22:16:35;693.71549545;3.2407229;33.4207147;991.56;2025-04-13;4
2025-04-13 22:20:37;22:20:37;614.19481115;3.2695356;27.11206182;991.56;2025-04-13;4
2025-04-13 22:24:36;22:24:36;580.69228229;3.15484975;22.71834826;991.69;2025-04-13;4
2025-04-13 22:28:34;22:28:34;558.1204317;2.69201039;19.03992527;991.56;2025-04-13;4
2025-04-13 22:32:34;22:32:34;549.10262214;2.56178827;23.57609712;991.56;2025-04-13;4
2025-04-13 22:36:31;22:36:31;612.66451619;2.50515154;25.41755796;991.5;2025-04-13;4
2025-04-13 22:40:28;22:40:28;565.55329291;2.43311978;19.22886995;991.25;2025-04-13;4
2025-04-13 22:44:30;22:44:30;555.05984179;2.63283136;18.93795513;991.19;2025-04-13;4
2025-04-13 22:48:33;22:48:33;622.17420627;2.89934886;31.43529601;991.0;2025-04-13;4
2025-04-13 22:52:36;22:52:36;586.54019516;2.5833978;23.74554751;991.06;2025-04-13;4
2025-04-13 22:56:33;22:56:33;540.34168352;2.46475726;15.17405717;991.06;2025-04-13;4
2025-04-13 23:00:30;23:00:30;549.53984927;2.71178382;18.30963909;991.19;2025-04-13;4
2025-04-13 23:04:32;23:04:32;580.47366873;2.76870303;22.09902959;990.88;2025-04-13;4
2025-04-13 23:08:29;23:08:29;569.87091082;2.54738192;19.91266974;990.75;2025-04-13;4
2025-04-13 23:12:31;23:12:31;538.86604195;2.52082904;14.7504312;990.69;2025-04-13;4
2025-04-13 23:16:33;23:16:33;512.06401887;2.77138657;17.54786214;990.69;2025-04-13;4
2025-04-13 23:20:37;23:20:37;498.92534361;2.31730401;12.94286044;990.5;2025-04-13;4
2025-04-13 23:24:37;23:24:37;516.91724002;2.51065985;18.31263822;990.56;2025-04-13;4
2025-04-13 23:28:36;23:28:36;563.14854369;2.12168836;17.36641526;990.69;2025-04-13;4
2025-04-13 23:32:35;23:32:35;596.70572594;2.72619017;25.97689419;990.88;2025-04-13;4
2025-04-13 23:36:37;23:36:37;617.96589514;2.85923706;30.52806164;991.0;2025-04-13;4
2025-04-13 23:40:34;23:40:34;606.37937619;2.48594307;22.48891544;990.88;2025-04-13;4
2025-04-13 23:44:34;23:44:34;608.72947202;2.02310372;20.24857139;990.88;2025-04-13;4
2025-04-13 23:48:36;23:48:36;606.10610924;2.18905924;18.21516676;991.0;2025-04-13;4
2025-04-13 23:52:33;23:52:33;651.08585026;2.85909582;28.3147097;991.19;2025-04-13;4
2025-04-13 23:56:35;23:56:35;676.4996772;2.94440402;31.78169459;991.38;2025-04-13;4
2025-04-14 00:00:31;00:00:31;545.00908313;3.16120549;24.18042018;991.69;2025-04-14;4
2025-04-14 00:04:31;00:04:31;555.27845535;2.56362438;17.68432218;991.88;2025-04-14;4
2025-04-14 00:08:33;00:08:33;551.8352917;2.64780267;23.23269767;991.75;2025-04-14;4
2025-04-14 00:12:36;00:12:36;575.06298299;2.54243857;22.62837461;991.75;2025-04-14;4
2025-04-14 00:16:34;00:16:34;625.56271653;2.29484705;22.05704189;991.75;2025-04-14;4
2025-04-14 00:20:33;00:20:33;613.32035688;2.25148676;21.48720873;991.75;2025-04-14;4
2025-04-14 00:24:35;00:24:35;794.223082;3.33210436;46.6393444;991.69;2025-04-14;4
2025-04-14 00:28:32;00:28:32;673.22047372;2.84525443;27.3085043;991.69;2025-04-14;4
2025-04-14 00:32:32;00:32:32;662.45375564;2.77110409;23.56560019;991.56;2025-04-14;4
2025-04-14 00:36:35;00:36:35;631.02805566;3.10937087;30.0422039;991.56;2025-04-14;4
2025-04-14 00:40:31;00:40:31;693.22361493;3.24721988;36.6342738;991.56;2025-04-14;4
2025-04-14 00:44:28;00:44:28;722.1899123;2.90090249;32.9138631;991.69;2025-04-14;4
2025-04-14 00:48:32;00:48:32;692.18520049;3.04849697;28.93102924;991.69;2025-04-14;4
2025-04-14 00:52:31;00:52:31;639.22606435;2.75754517;21.40923156;991.56;2025-04-14;4
2025-04-14 00:56:32;00:56:32;577.57703899;2.80062298;16.70660845;991.5;2025-04-14;4
2025-04-14 01:00:33;01:00:33;591.45900037;3.2939699;26.21532438;991.38;2025-04-14;4
2025-04-14 01:04:36;01:04:36;572.27566004;2.97816008;17.19096663;991.38;2025-04-14;4
2025-04-14 01:08:43;01:08:43;607.96432454;3.05471148;19.81519828;991.25;2025-04-14;4
2025-04-14 01:12:41;01:12:41;553.91212057;3.08055817;13.75127374;991.19;2025-04-14;4
2025-04-14 01:16:43;01:16:43;574.73506264;3.31882792;21.2427803;991.19;2025-04-14;4
2025-04-14 01:20:42;01:20:42;655.89534869;3.46345639;30.7065094;991.06;2025-04-14;4
2025-04-14 01:24:41;01:24:41;618.89500279;3.22109071;21.95507174;990.69;2025-04-14;4
2025-04-14 01:28:44;01:28:44;685.51748676;3.76952074;32.2420598;990.56;2025-04-14;4
2025-04-14 01:32:42;01:32:42;580.14574838;3.26628711;18.24515797;990.38;2025-04-14;4
2025-04-14 01:36:40;01:36:40;584.90059342;2.96643727;16.47867519;990.38;2025-04-14;4
2025-04-14 01:40:39;01:40:39;578.39683986;3.0073965;17.68432218;990.38;2025-04-14;4
2025-04-14 01:44:34;01:44:34;594.62889707;2.731416;16.70960757;990.38;2025-04-14;4
2025-04-14 01:48:37;01:48:37;563.80438439;3.16572513;18.26315271;990.38;2025-04-14;4
2025-04-14 01:52:48;01:52:48;539.75142689;2.87915172;14.83215727;990.06;2025-04-14;4
2025-04-14 01:56:48;01:56:48;515.74765744;2.72760256;12.65869364;990.0;2025-04-14;4
2025-04-14 02:00:46;02:00:46;552.38182561;2.71079515;15.98232051;990.0;2025-04-14;4
2025-04-14 02:04:43;02:04:43;546.53391275;3.10598114;16.99602371;989.88;2025-04-14;4
2025-04-14 02:08:39;02:08:39;558.22973848;3.25795403;18.58405875;989.38;2025-04-14;4
2025-04-14 02:12:41;02:12:41;534.7943643;2.87999916;12.09920746;989.38;2025-04-14;4
2025-04-14 02:16:41;02:16:41;599.60235567;3.11925758;22.39744222;989.69;2025-04-14;4
2025-04-14 02:20:38;02:20:38;507.82838105;2.92434812;12.26985749;989.69;2025-04-14;4
2025-04-14 02:24:39;02:24:39;515.38147972;2.47662131;11.14848582;989.38;2025-04-14;4
2025-04-14 02:28:36;02:28:36;521.09275911;2.35360237;12.43765836;989.25;2025-04-14;4
2025-04-14 02:32:34;02:32:34;535.06763126;2.23227829;12.42341253;989.88;2025-04-14;4
2025-04-14 02:36:36;02:36:36;609.05739237;2.37888411;20.07012364;990.0;2025-04-14;4
2025-04-14 02:40:37;02:40:37;534.04561284;2.30077908;13.5324878;989.5;2025-04-14;4
2025-04-14 02:44:37;02:44:37;521.96721337;2.27210762;12.44905502;989.69;2025-04-14;4
2025-04-14 02:48:40;02:48:40;539.94271376;2.48537812;16.24624324;990.0;2025-04-14;4
2025-04-14 02:52:48;02:52:48;573.04080752;2.53580035;21.01634659;989.88;2025-04-14;4
2025-04-14 02:56:44;02:56:44;566.97428108;2.26236214;16.6661203;989.88;2025-04-14;4
2025-04-14 03:00:41;03:00:41;578.72476021;2.18651694;17.5223696;989.88;2025-04-14;4
2025-04-14 03:04:40;03:04:40;535.52125441;2.32252985;15.39899131;990.06;2025-04-14;4
2025-04-14 03:08:42;03:08:42;612.22728906;2.31716278;21.04933693;990.38;2025-04-14;4
2025-04-14 03:12:43;03:12:43;656.76980295;2.34710539;23.3541621;990.5;2025-04-14;4
2025-04-14 03:16:43;03:16:43;666.93533373;3.22787017;26.38477476;990.56;2025-04-14;4
2025-04-14 03:20:44;03:20:44;594.30097672;3.15061258;23.91799702;990.88;2025-04-14;4
2025-04-14 03:24:46;03:24:46;594.4102835;2.71743337;19.32634141;991.0;2025-04-14;4
2025-04-14 03:28:51;03:28:51;722.08060552;3.23422592;37.62398402;990.88;2025-04-14;4
2025-04-14 03:32:47;03:32:47;793.6218947;2.94581641;36.26838093;990.88;2025-04-14;4
2025-04-14 03:36:57;03:36:57;789.8508107;2.65698319;35.52759782;990.88;2025-04-14;4
2025-04-14 03:40:59;03:40:59;792.91140061;2.78847645;28.76457798;991.0;2025-04-14;4
2025-04-14 03:44:55;03:44:55;700.32855579;3.19595022;40.05027362;991.0;2025-04-14;4
2025-04-14 03:48:57;03:48:57;610.47838054;3.22829389;26.25131384;991.0;2025-04-14;4
2025-04-14 03:52:59;03:52:59;655.02089443;2.82477481;24.12943511;991.0;2025-04-14;4
2025-04-14 03:57:02;03:57:02;607.03521689;2.49272253;20.12110871;991.0;2025-04-14;4
2025-04-14 04:00:57;04:00:57;593.59048263;2.63805719;17.21346005;990.88;2025-04-14;4
2025-04-14 04:05:02;04:05:02;606.76194993;2.72237672;17.67832394;990.56;2025-04-14;4
2025-04-14 04:09:01;04:09:01;650.53931634;2.5764771;20.27406393;990.5;2025-04-14;4
2025-04-14 04:12:58;04:12:58;573.86060838;2.30656987;15.62542501;990.25;2025-04-14;4
2025-04-14 04:16:56;04:16:56;538.04077574;2.14386284;9.91539686;990.0;2025-04-14;4
2025-04-14 04:20:56;04:20:56;530.43302368;2.25897241;8.14426543;989.69;2025-04-14;4
2025-04-14 04:25:03;04:25:03;576.32001099;2.3726696;13.08082005;989.75;2025-04-14;4
2025-04-14 04:29:05;04:29:05;622.06489949;2.54653449;20.64445548;989.69;2025-04-14;4
2025-04-14 04:33:00;04:33:00;584.57267307;2.31970507;12.5259825;989.56;2025-04-14;4
2025-04-14 04:37:03;04:37:03;534.00735547;2.6424356;11.21791549;989.56;2025-04-14;4
2025-04-14 04:40:59;04:40:59;635.7829007;2.71178382;18.11619573;989.25;2025-04-14;4
2025-04-14 04:44:55;04:44:55;535.26438347;2.20953886;9.44018599;989.19;2025-04-14;4
2025-04-14 04:48:57;04:48:57;582.05861708;2.10304485;10.41430078;989.06;2025-04-14;4
2025-04-14 04:52:59;04:52:59;593.37186907;2.06717021;14.1991926;989.25;2025-04-14;4
2025-04-14 04:56:59;04:56:59;643.926256;2.44314773;22.34345803;989.38;2025-04-14;4
2025-04-14 05:00:54;05:00:54;617.03678749;2.40981539;21.26827283;989.5;2025-04-14;4
2025-04-14 05:04:52;05:04:52;580.6376289;2.15826919;13.31055278;989.19;2025-04-14;4
2025-04-14 05:08:53;05:08:53;545.77423061;2.06180313;10.60069621;989.06;2025-04-14;4
2025-04-14 05:12:54;05:12:54;602.28037185;2.34300947;15.23853829;989.06;2025-04-14;4
2025-04-14 05:16:55;05:16:55;597.14295307;2.33425266;15.27152863;989.0;2025-04-14;4
2025-04-14 05:20:56;05:20:56;560.52518091;2.3952678;15.52795355;988.88;2025-04-14;4
2025-04-14 05:24:59;05:24:59;559.04953935;2.47902237;13.00434244;988.56;2025-04-14;4
2025-04-14 05:29:01;05:29:01;565.77190648;2.28270052;13.42586902;988.5;2025-04-14;4
2025-04-14 05:33:08;05:33:08;509.77950711;2.35685086;10.33812309;988.56;2025-04-14;4
2025-04-14 05:37:08;05:37:08;556.04360283;2.27592106;17.54786214;988.75;2025-04-14;4
2025-04-14 05:41:04;05:41:04;565.06141239;2.06773516;13.84304687;988.56;2025-04-14;4
2025-04-14 05:45:01;05:45:01;600.64077011;2.2942821;15.86085608;988.06;2025-04-14;4
2025-04-14 05:49:03;05:49:03;668.08305494;2.44893852;20.08212013;988.0;2025-04-14;4
2025-04-14 05:53:01;05:53:01;594.4649369;2.43919305;14.14325897;988.06;2025-04-14;4
2025-04-14 05:57:02;05:57:02;597.19760646;2.49865456;14.51889899;988.19;2025-04-14;4
2025-04-14 06:01:01;06:01:01;602.44433202;2.91996972;17.92575149;988.19;2025-04-14;4
2025-04-14 06:05:00;06:05:00;536.6799063;2.69893109;12.28440323;988.19;2025-04-14;4
2025-04-14 06:09:01;06:09:01;536.96956927;2.53156318;9.58639319;988.25;2025-04-14;4
2025-04-14 06:13:01;06:13:01;556.64479013;2.32224737;10.69336907;988.5;2025-04-14;4
2025-04-14 06:17:00;06:17:00;560.52518091;2.1481;10.88156397;988.38;2025-04-14;4
2025-04-14 06:21:03;06:21:03;604.95838802;2.32832064;15.33750931;988.19;2025-04-14;4
2025-04-14 06:25:03;06:25:03;545.9272601;2.39653895;11.0040781;988.0;2025-04-14;4
2025-04-14 06:29:06;06:29:06;514.02061028;2.63664481;8.65081711;987.75;2025-04-14;4
2025-04-14 06:33:07;06:33:07;516.0209244;2.574641;11.54122083;988.0;2025-04-14;4
2025-04-14 06:37:08;06:37:08;515.07542073;2.53057451;10.26719385;988.0;2025-04-14;4
2025-04-14 06:41:15;06:41:15;514.17363977;2.33241656;8.51300746;987.88;2025-04-14;4
2025-04-14 06:45:14;06:45:14;492.21390716;2.23241953;8.44372775;987.69;2025-04-14;4
2025-04-14 06:49:13;06:49:13;498.56463123;2.08934469;7.75512936;987.19;2025-04-14;4
2025-04-14 06:53:16;06:53:16;483.48576057;2.22917104;8.61092879;986.88;2025-04-14;4
2025-04-14 06:57:20;06:57:20;495.78823895;1.97225777;7.17824827;986.88;2025-04-14;4
2025-04-14 07:01:17;07:01:17;488.94563436;2.09075708;12.02048051;987.19;2025-04-14;4
2025-04-14 07:05:21;07:05:21;511.56667301;1.81223428;8.7574359;987.69;2025-04-14;4
2025-04-14 07:09:17;07:09:17;563.749731;2.34978892;14.22528496;987.88;2025-04-14;4
2025-04-14 07:13:17;07:13:17;550.90618405;2.50811755;13.62381106;988.06;2025-04-14;4
2025-04-14 07:17:15;07:17:15;522.49188593;2.13510604;8.73839147;987.88;2025-04-14;4
2025-04-14 07:21:14;07:21:14;576.53862456;2.59300204;14.98136359;988.0;2025-04-14;4
2025-04-14 07:25:11;07:25:11;630.04429461;2.66065539;15.04359536;988.19;2025-04-14;4
2025-04-14 07:29:13;07:29:13;784.27616479;2.78296814;28.24423033;988.38;2025-04-14;4
2025-04-14 07:33:11;07:33:11;761.43104724;2.57040384;27.30700474;988.5;2025-04-14;4
2025-04-14 07:37:12;07:37:12;649.28228834;2.32027003;19.30084888;988.56;2025-04-14;4
2025-04-14 07:41:08;07:41:08;672.83789998;2.16067025;15.53245223;988.88;2025-04-14;4
2025-04-14 07:45:06;07:45:06;;2.41165149;48.37283685;988.88;2025-04-14;4
2025-04-14 07:49:13;07:49:13;862.21190075;2.44244154;35.12571549;988.88;2025-04-14;4
2025-04-14 07:53:16;07:53:16;772.79895262;2.49936075;25.85393019;989.06;2025-04-14;4
2025-04-14 07:57:15;07:57:15;675.46126276;2.50049066;19.180884;988.88;2025-04-14;4
2025-04-14 08:01:11;08:01:11;741.37325264;2.69243411;30.0766938;988.5;2025-04-14;4
2025-04-14 08:05:08;08:05:08;542.11791873;2.36461899;10.95669197;988.19;2025-04-14;4
2025-04-14 08:09:06;08:09:06;493.64036067;2.19174277;6.93696891;988.0;2025-04-14;4
2025-04-14 08:13:07;08:13:07;504.6092963;2.14216798;8.58633599;988.25;2025-04-14;4
2025-04-14 08:17:09;08:17:09;497.37865263;2.08298894;7.68075114;988.75;2025-04-14;4
2025-04-14 08:21:10;08:21:10;482.68235572;2.1601053;6.88898296;988.38;2025-04-14;4
2025-04-14 08:25:12;08:25:12;486.85787481;1.87607419;5.72397407;988.19;2025-04-14;4
2025-04-14 08:29:09;08:29:09;512.33182049;1.8483914;8.20859659;988.25;2025-04-14;4
2025-04-14 08:33:06;08:33:06;494.55307231;1.91604475;7.85604982;988.69;2025-04-14;4
2025-04-14 08:37:01;08:37:01;591.62296055;2.12776162;11.48138835;988.56;2025-04-14;4
2025-04-14 08:40:58;08:40:58;659.22920556;2.17564156;26.20482745;988.25;2025-04-14;4
2025-04-14 08:45:02;08:45:02;580.91089586;2.24767332;10.27409183;988.38;2025-04-14;4
2025-04-14 08:49:05;08:49:05;659.66643269;2.11618005;21.77512443;988.0;2025-04-14;4
2025-04-14 08:53:02;08:53:02;966.16265095;2.14174426;31.19536626;988.06;2025-04-14;4
2025-04-14 08:57:06;08:57:06;722.62713943;2.05375252;23.61658527;987.69;2025-04-14;4
2025-04-14 09:01:08;09:01:08;569.92556421;2.14908867;12.12395021;987.19;2025-04-14;4
2025-04-14 09:05:06;09:05:06;626.54647757;2.31758649;23.91499789;986.88;2025-04-14;4
2025-04-14 09:09:02;09:09:02;532.40054576;2.20855018;10.30693222;986.75;2025-04-14;4
2025-04-14 09:13:03;09:13:03;572.98615412;2.08214151;10.96358995;987.5;2025-04-14;4
2025-04-14 09:17:11;09:17:11;541.19974176;1.81915498;10.05515594;988.0;2025-04-14;4
2025-04-14 09:21:13;09:21:13;807.50385608;1.95869885;56.97881709;988.25;2025-04-14;4
2025-04-14 09:25:11;09:25:11;517.86820902;2.10685829;8.02145139;988.19;2025-04-14;4
2025-04-14 09:29:10;09:29:10;544.39696515;2.17931377;9.36280865;988.06;2025-04-14;4
2025-04-14 09:33:06;09:33:06;607.41779063;2.01801912;14.54874025;988.19;2025-04-14;4
2025-04-14 09:37:12;09:37:12;618.56708245;2.16321255;14.49370637;988.06;2025-04-14;4
2025-04-14 09:41:09;09:41:09;617.5833214;1.9851105;13.13780336;988.06;2025-04-14;4
2025-04-14 09:45:09;09:45:09;615.01461201;2.24004642;15.18905278;988.06;2025-04-14;4
2025-04-14 09:49:15;09:49:15;730.44257439;2.41038034;19.06241869;988.0;2025-04-14;4
2025-04-14 09:53:12;09:53:12;499.69049109;2.10742325;6.29590661;987.88;2025-04-14;4
2025-04-14 09:57:08;09:57:08;503.58181254;1.96773813;6.75612187;988.19;2025-04-14;4
2025-04-14 10:01:04;10:01:04;505.40177047;2.00897984;7.37484071;988.0;2025-04-14;4
2025-04-14 10:05:11;10:05:11;542.16710678;2.13962568;8.29707069;988.19;2025-04-14;4
2025-04-14 10:09:13;10:09:13;582.49584421;2.09796025;12.89952313;988.88;2025-04-14;4
2025-04-14 10:13:20;10:13:20;595.6673115;2.19965214;13.68394346;989.25;2025-04-14;4
2025-04-14 10:17:15;10:17:15;611.84471532;2.11688624;14.1722005;989.38;2025-04-14;4
2025-04-14 10:21:11;10:21:11;597.14295307;2.25713631;12.24811386;989.88;2025-04-14;4
2025-04-14 10:25:08;10:25:08;612.50055602;2.52704354;13.13270486;990.06;2025-04-14;4
2025-04-14 10:29:16;10:29:16;558.06577831;2.64271807;9.9005512;989.5;2025-04-14;4
2025-04-14 10:33:18;10:33:18;613.8668908;2.63678605;13.26856508;989.25;2025-04-14;4
2025-04-14 10:37:14;10:37:14;607.25383045;2.53862512;14.93982575;989.5;2025-04-14;4
2025-04-14 10:41:11;10:41:11;565.71725308;2.62040235;10.56320718;989.25;2025-04-14;4
2025-04-14 10:45:13;10:45:13;602.60829219;2.615459;11.65683698;989.0;2025-04-14;4
2025-04-14 10:49:11;10:49:11;782.14468253;2.74977704;35.92948016;989.06;2025-04-14;4
2025-04-14 10:53:08;10:53:08;631.57458957;2.62040235;14.00544932;989.0;2025-04-14;4
2025-04-14 10:57:10;10:57:10;653.87317321;2.50049066;14.40058363;989.06;2025-04-14;4
2025-04-14 11:01:14;11:01:14;630.1536014;2.43114244;13.65770114;988.75;2025-04-14;4
2025-04-14 11:05:13;11:05:13;575.44555673;2.61319918;14.48755817;988.5;2025-04-14;4
2025-04-14 11:09:20;11:09:20;973.21293843;11.24274498;323.50028189;988.25;2025-04-14;4
2025-04-14 11:13:26;11:13:26;840.89707815;8.12956066;209.06878645;988.19;2025-04-14;4
2025-04-14 11:17:27;11:17:27;966.10799756;7.42520306;190.59419565;988.06;2025-04-14;4
2025-04-14 11:21:25;11:21:25;849.75092754;5.92651879;131.63445856;988.0;2025-04-14;4
2025-04-14 11:25:25;11:25:25;;6.8132156;173.84409994;988.19;2025-04-14;4
2025-04-14 11:29:24;11:29:24;;5.95010566;150.25600633;988.5;2025-04-14;4
2025-04-14 11:33:22;11:33:22;;7.42816908;212.05291272;988.38;2025-04-14;4
2025-04-14 11:37:22;11:37:22;;7.535793;204.43514314;989.38;2025-04-14;4
2025-04-14 11:41:29;11:41:29;964.46839582;5.34602757;113.30832429;989.5;2025-04-14;4
2025-04-14 11:45:31;11:45:31;761.48570063;4.64915562;85.31452064;989.0;2025-04-14;4
2025-04-14 11:49:30;11:49:30;929.32626524;5.87143568;125.55673806;989.19;2025-04-14;4
2025-04-14 11:53:31;11:53:31;964.14047548;6.17552269;133.87780173;989.06;2025-04-14;4
2025-04-14 11:57:36;11:57:36;;7.71926212;194.23812874;989.06;2025-04-14;4
2025-04-14 12:01:34;12:01:34;757.9332302;5.32597166;94.30888717;989.5;2025-04-14;4
2025-04-14 12:05:33;12:05:33;640.42843896;4.32232917;57.11077845;989.38;2025-04-14;4
2025-04-14 12:09:32;12:09:32;717.92694778;4.56102265;64.38664814;989.0;2025-04-14;4
2025-04-14 12:13:31;12:13:31;782.85517662;5.64277016;93.3746607;988.88;2025-04-14;4
2025-04-14 12:17:29;12:17:29;705.02874744;4.68785503;69.48515534;989.19;2025-04-14;4
2025-04-14 12:21:29;12:21:29;858.55012353;5.42879347;116.1529914;989.06;2025-04-14;4
2025-04-14 12:25:31;12:25:31;774.43855436;4.57952492;76.21968353;989.25;2025-04-14;4
2025-04-14 12:29:29;12:29:29;942.33377236;5.60223464;114.81988172;989.5;2025-04-14;4
2025-04-14 12:33:28;12:33:28;719.78516309;3.99225424;58.62983369;989.19;2025-04-14;4
2025-04-14 12:37:31;12:37:31;645.29259078;4.21753003;59.19516816;989.25;2025-04-14;4
2025-04-14 12:41:30;12:41:30;591.13108003;3.68647236;41.27991359;989.06;2025-04-14;4
2025-04-14 12:45:33;12:45:33;611.51679497;3.82898225;50.85910889;989.06;2025-04-14;4
2025-04-14 12:49:37;12:49:37;550.74222388;3.50300324;40.59761337;988.69;2025-04-14;4
2025-04-14 12:53:48;12:53:48;601.07799724;3.33323427;44.18906182;988.75;2025-04-14;4
2025-04-14 12:57:52;12:57:52;580.91089586;2.74440997;30.8369712;988.88;2025-04-14;4
2025-04-14 13:01:55;13:01:55;556.8634037;2.69540012;19.7762097;988.88;2025-04-14;4
2025-04-14 13:05:56;13:05:56;566.81032091;2.53919008;22.38244661;989.06;2025-04-14;4
2025-04-14 13:09:55;13:09:55;597.36156663;2.53834264;21.79911741;989.06;2025-04-14;4
2025-04-14 13:14:04;13:14:04;724.64931491;4.33588809;63.67885538;989.0;2025-04-14;4
2025-04-14 13:18:12;13:18:12;575.99209064;2.81728916;21.71514199;989.0;2025-04-14;4
2025-04-14 13:22:12;13:22:12;560.19726057;3.5611936;34.12400878;989.0;2025-04-14;4
2025-04-14 13:26:14;13:26:14;570.90932526;3.19199553;29.55484659;988.88;2025-04-14;4
2025-04-14 13:30:13;13:30:13;608.56551184;3.21642984;31.7352082;988.88;2025-04-14;4
2025-04-14 13:34:12;13:34:12;607.80036437;2.89242817;23.74854663;988.69;2025-04-14;4
2025-04-14 13:38:13;13:38:13;699.0168744;3.77347543;52.65108421;988.56;2025-04-14;4
2025-04-14 13:42:14;13:42:14;627.14766488;4.07403147;47.62905462;988.56;2025-04-14;4
2025-04-14 13:46:14;13:46:14;584.19009934;2.97533531;27.44946303;988.56;2025-04-14;4
2025-04-14 13:50:19;13:50:19;589.65543846;3.02067294;31.79818976;988.56;2025-04-14;4
2025-04-14 13:54:18;13:54:18;623.15796731;3.37348732;39.99778899;988.25;2025-04-14;4
2025-04-14 13:58:19;13:58:19;683.54996467;3.8196605;52.91800606;988.25;2025-04-14;4
2025-04-14 14:02:15;14:02:15;656.33257582;3.39439065;43.95213119;988.38;2025-04-14;4
2025-04-14 14:06:14;14:06:14;694.48064293;3.41727133;49.41353214;988.38;2025-04-14;4
2025-04-14 14:10:18;14:10:18;633.70607183;3.22137319;34.97425984;988.38;2025-04-14;4
2025-04-14 14:14:23;14:14:23;;5.52540077;118.15940394;988.5;2025-04-14;4
2025-04-14 14:18:20;14:18:20;792.47417348;4.38362679;72.19936065;988.38;2025-04-14;4
2025-04-14 14:22:19;14:22:19;600.36750315;3.23549707;27.95331551;988.38;2025-04-14;4
2025-04-14 14:26:18;14:26:18;613.92154419;3.39580304;25.94090473;988.25;2025-04-14;4
2025-04-14 14:30:20;14:30:20;627.6395454;3.54819964;28.86804768;988.38;2025-04-14;4
2025-04-14 14:34:22;14:34:22;625.67202331;3.43294883;29.96122761;988.56;2025-04-14;4
2025-04-14 14:38:25;14:38:25;693.3875751;4.03519081;42.79746927;988.69;2025-04-14;4
2025-04-14 14:42:22;14:42:22;803.89673226;4.57938368;65.91769986;988.25;2025-04-14;4
2025-04-14 14:46:31;14:46:31;659.01059199;4.39944553;47.207678;988.0;2025-04-14;4
2025-04-14 14:50:27;14:50:27;631.08270905;3.92403593;42.84095653;988.25;2025-04-14;4
2025-04-14 14:54:31;14:54:31;781.81676218;4.27911012;65.1754172;988.19;2025-04-14;4
2025-04-14 14:58:28;14:58:28;613.2110501;3.25625916;29.48136811;988.0;2025-04-14;4
2025-04-14 15:02:23;15:02:23;602.17106506;3.55851007;30.20115736;987.69;2025-04-14;4
2025-04-14 15:06:22;15:06:22;568.83249639;2.98140857;17.99773042;987.56;2025-04-14;4
2025-04-14 15:10:22;15:10:22;587.14138246;3.47320187;29.91474122;987.56;2025-04-14;4
2025-04-14 15:14:22;15:14:22;554.67726805;3.05118051;18.39361451;987.5;2025-04-14;4
2025-04-14 15:18:25;15:18:25;542.88853155;3.22787017;17.73080857;987.38;2025-04-14;4
2025-04-14 15:22:33;15:22:33;587.19603586;3.75327829;31.55826001;987.25;2025-04-14;4
2025-04-14 15:26:34;15:26:34;562.60200978;3.33634153;23.09473806;987.19;2025-04-14;4
2025-04-14 15:30:38;15:30:38;562.27408943;3.1918543;24.50132622;987.06;2025-04-14;4
2025-04-14 15:34:36;15:34:36;569.65229726;3.51627968;34.42692009;987.06;2025-04-14;4
2025-04-14 15:38:34;15:38:34;642.0133873;4.49167442;59.03771426;986.88;2025-04-14;4
2025-04-14 15:42:30;15:42:30;588.07049012;3.46373887;30.81147866;987.0;2025-04-14;4
2025-04-14 15:46:31;15:46:31;560.79844787;2.95796294;21.47971092;987.0;2025-04-14;4
2025-04-14 15:50:33;15:50:33;644.09021617;3.47871018;31.70371742;987.0;2025-04-14;4
2025-04-14 15:54:34;15:54:34;583.42495186;3.16643132;21.0583343;987.0;2025-04-14;4
2025-04-14 15:58:30;15:58:30;605.7235355;3.80567786;32.20307122;986.88;2025-04-14;4
2025-04-14 16:02:42;16:02:42;638.35161009;4.08024597;48.33684738;986.69;2025-04-14;4
2025-04-14 16:06:40;16:06:40;604.41185411;3.68859095;32.8718754;986.69;2025-04-14;4
2025-04-14 16:10:44;16:10:44;563.36715726;3.25046837;18.2286628;986.56;2025-04-14;4
2025-04-14 16:14:50;16:14:50;590.47523933;4.50608078;46.74731279;986.5;2025-04-14;4
2025-04-14 16:18:51;16:18:51;608.51085845;3.92968548;36.44532912;986.38;2025-04-14;4
2025-04-14 16:22:57;16:22:57;633.9246854;4.18306778;41.54533588;986.19;2025-04-14;4
2025-04-14 16:26:55;16:26:55;634.19795235;3.79423752;44.59544284;986.06;2025-04-14;4
2025-04-14 16:31:02;16:31:02;735.19741943;3.76429491;63.01454988;986.0;2025-04-14;4
2025-04-14 16:35:06;16:35:06;561.67290213;4.73248648;62.21378434;985.88;2025-04-14;4
2025-04-14 16:39:08;16:39:08;546.38088325;3.66669894;39.28399798;985.69;2025-04-14;4
2025-04-14 16:43:16;16:43:16;539.25408103;3.07377871;28.47816184;985.69;2025-04-14;4
2025-04-14 16:47:17;16:47:17;605.01304141;3.5568152;45.22525843;985.69;2025-04-14;4
2025-04-14 16:51:14;16:51:14;572.71288717;3.18013148;27.51694327;985.88;2025-04-14;4
2025-04-14 16:55:11;16:55:11;579.27129412;2.87901049;26.20182833;985.88;2025-04-14;4
2025-04-14 16:59:10;16:59:10;579.16198734;2.94087305;26.64869749;985.88;2025-04-14;4
2025-04-14 17:03:14;17:03:14;645.01932382;3.90016658;44.96283527;985.88;2025-04-14;4
2025-04-14 17:07:13;17:07:13;667.86444138;3.79056532;41.24992238;985.88;2025-04-14;4
2025-04-14 17:11:13;17:11:13;637.25854226;3.7901416;32.92585959;985.75;2025-04-14;4
2025-04-14 17:15:11;17:15:11;596.97899289;3.51613844;26.71017949;985.88;2025-04-14;4
2025-04-14 17:19:11;17:19:11;587.19603586;3.76090518;31.1323847;985.75;2025-04-14;4
2025-04-14 17:23:11;17:23:11;673.87631442;3.866693;45.16077731;985.69;2025-04-14;4
2025-04-14 17:27:08;17:27:08;602.28037185;3.97911903;30.75599491;985.56;2025-04-14;4
2025-04-14 17:31:06;17:31:06;610.0958068;4.13984872;30.90145232;985.56;2025-04-14;4
2025-04-14 17:35:04;17:35:04;598.39998107;3.8510155;25.61999868;985.56;2025-04-14;4
2025-04-14 17:39:04;17:39:04;601.73383793;3.68378883;24.20741228;985.56;2025-04-14;4
2025-04-14 17:43:03;17:43:03;598.50928785;3.75906908;25.84793195;985.5;2025-04-14;4
2025-04-14 17:47:03;17:47:03;606.48868298;3.9676787;28.61162276;985.5;2025-04-14;4
2025-04-14 17:51:00;17:51:00;578.88872038;3.61783034;23.88650624;985.56;2025-04-14;4
2025-04-14 17:55:03;17:55:03;568.94180317;3.4984836;27.70888708;985.56;2025-04-14;4
2025-04-14 17:59:03;17:59:03;522.47002457;4.19719165;38.27029479;985.69;2025-04-14;4
2025-04-14 18:03:02;18:03:02;625.56271653;3.18041396;24.78174412;985.75;2025-04-14;4
2025-04-14 18:07:06;18:07:06;743.72334847;3.63110678;45.01681946;985.75;2025-04-14;4
2025-04-14 18:11:05;18:11:05;689.23391737;4.34506861;45.26424702;985.75;2025-04-14;4
2025-04-14 18:15:05;18:15:05;675.18799581;3.69565288;33.80760142;985.75;2025-04-14;4
2025-04-14 18:19:05;18:19:05;803.84207887;3.91527912;56.92783202;985.88;2025-04-14;4
2025-04-14 18:23:07;18:23:07;687.37570206;3.87474361;36.57129224;985.75;2025-04-14;4
2025-04-14 18:27:07;18:27:07;894.02017447;4.25340467;61.50149289;985.75;2025-04-14;4
2025-04-14 18:31:04;18:31:04;815.26463764;4.2768503;53.29139674;985.69;2025-04-14;4
2025-04-14 18:35:03;18:35:03;630.86409548;4.56483609;40.65309712;985.56;2025-04-14;4
2025-04-14 18:39:11;18:39:11;673.05651355;3.95044757;32.01712566;985.5;2025-04-14;4
2025-04-14 18:43:10;18:43:10;664.5852379;4.29605877;36.91469169;985.5;2025-04-14;4
2025-04-14 18:47:12;18:47:12;701.91350414;4.89208625;47.9754532;985.5;2025-04-14;4
2025-04-14 18:51:17;18:51:17;871.72159083;4.6939283;57.85156156;985.5;2025-04-14;4
2025-04-14 18:55:19;18:55:19;708.69052466;4.37825972;38.31228249;985.56;2025-04-14;4
2025-04-14 18:59:25;18:59:25;798.92327365;5.33289236;76.78651757;985.56;2025-04-14;4
2025-04-14 19:03:32;19:03:32;828.92798546;4.17600584;69.10576642;985.5;2025-04-14;4
2025-04-14 19:07:32;19:07:32;747.93165959;3.9939491;51.02106147;985.5;2025-04-14;4
2025-04-14 19:11:35;19:11:35;735.3613796;4.38574537;51.31047673;985.5;2025-04-14;4
2025-04-14 19:15:33;19:15:33;830.84085416;4.31399609;60.10690121;985.56;2025-04-14;4
2025-04-14 19:19:39;19:19:39;814.22622321;4.23066523;56.61592334;985.56;2025-04-14;4
2025-04-14 19:23:36;19:23:36;669.01216259;4.19380192;39.40846154;985.56;2025-04-14;4
2025-04-14 19:27:32;19:27:32;739.67899751;4.14747561;43.32831384;985.69;2025-04-14;4
2025-04-14 19:31:31;19:31:31;767.3336135;4.88163459;62.52869213;985.69;2025-04-14;4
2025-04-14 19:35:31;19:35:31;734.81484569;4.52119332;56.85285397;985.69;2025-04-14;4
2025-04-14 19:39:30;19:39:30;628.8965734;3.21487621;28.10926985;986.0;2025-04-14;4
2025-04-14 19:43:33;19:43:33;669.6133499;3.32673729;27.9998019;985.75;2025-04-14;4
2025-04-14 19:47:33;19:47:33;726.39822343;3.59523214;29.07048841;985.56;2025-04-14;4
2025-04-14 19:51:37;19:51:37;871.9402044;4.24337672;49.20359361;985.56;2025-04-14;4
2025-04-14 19:55:34;19:55:34;833.46421694;4.4267046;51.82182701;985.56;2025-04-14;4
2025-04-14 19:59:33;19:59:33;760.33797941;4.00764926;41.14045443;985.5;2025-04-14;4
2025-04-14 20:03:35;20:03:35;834.9398585;4.82584528;60.01092931;985.69;2025-04-14;4
2025-04-14 20:07:36;20:07:36;857.83962945;4.7347463;62.03983527;985.69;2025-04-14;4
2025-04-14 20:11:37;20:11:37;684.31511215;4.27656782;46.30044363;985.5;2025-04-14;4
2025-04-14 20:15:38;20:15:38;689.23391737;3.55992245;40.38167659;985.5;2025-04-14;4
2025-04-14 20:19:40;20:19:40;631.4106294;3.14976515;25.81044292;985.56;2025-04-14;4
2025-04-14 20:23:40;20:23:40;709.0730984;3.866693;49.93687891;985.56;2025-04-14;4
2025-04-14 20:27:41;20:27:41;672.7285932;3.21417002;37.65247568;985.56;2025-04-14;4
2025-04-14 20:31:43;20:31:43;697.10400571;2.9107892;37.20560652;985.38;2025-04-14;4
2025-04-14 20:35:41;20:35:41;726.12495648;3.38506889;47.05922146;985.5;2025-04-14;4
2025-04-14 20:39:43;20:39:43;727.27267769;3.58040207;52.78754426;985.38;2025-04-14;4
2025-04-14 20:43:47;20:43:47;834.22936442;4.54167294;78.6009863;985.25;2025-04-14;4
2025-04-14 20:47:49;20:47:49;647.80664678;3.20216472;35.39263734;985.06;2025-04-14;4
2025-04-14 20:51:50;20:51:50;724.54000813;3.45046243;39.64839129;985.19;2025-04-14;4
2025-04-14 20:55:53;20:55:53;619.60549688;3.42277964;39.71437197;985.06;2025-04-14;4
2025-04-14 20:59:48;20:59:48;644.47278991;3.85454647;45.34372375;985.0;2025-04-14;4
2025-04-14 21:03:52;21:03:52;664.63989129;3.56472457;38.48173288;985.06;2025-04-14;4
2025-04-14 21:07:53;21:07:53;648.73575443;3.39142464;35.39563646;985.25;2025-04-14;4
2025-04-14 21:11:51;21:11:51;611.9540221;2.90711699;23.30317703;985.19;2025-04-14;4
2025-04-14 21:15:54;21:15:54;659.99435303;3.21205144;31.08889744;985.0;2025-04-14;4
2025-04-14 21:19:54;21:19:54;782.41794949;3.98561602;52.49662944;985.0;2025-04-14;4
2025-04-14 21:23:51;21:23:51;633.15953792;3.21233391;30.88345759;985.38;2025-04-14;4
2025-04-14 21:27:50;21:27:50;670.37849738;3.26685207;37.61498665;985.69;2025-04-14;4
2025-04-14 21:31:48;21:31:48;615.88906627;3.26247367;32.34402994;986.06;2025-04-14;4
2025-04-14 21:35:50;21:35:50;542.14524543;2.98790555;20.00864164;986.19;2025-04-14;4
2025-04-14 21:39:47;21:39:47;;5.02146094;115.99253838;986.25;2025-04-14;4
2025-04-14 21:43:44;21:43:44;790.94387853;3.2155824;46.77130576;986.25;2025-04-14;4
2025-04-14 21:47:45;21:47:45;758.91699124;3.71556755;51.9987752;986.25;2025-04-14;4
2025-04-14 21:51:44;21:51:44;657.15237669;3.51430234;29.34640762;986.25;2025-04-14;4
2025-04-14 21:55:44;21:55:44;726.01564969;4.10171426;45.17577292;986.25;2025-04-14;4
2025-04-14 21:59:47;21:59:47;712.24299509;3.67983414;36.20839849;986.25;2025-04-14;4
2025-04-14 22:03:50;22:03:50;609.05739237;3.20541321;23.8955036;986.5;2025-04-14;4
2025-04-14 22:07:49;22:07:49;550.96083744;3.03168956;16.01980954;986.5;2025-04-14;4
2025-04-14 22:11:47;22:11:47;601.67918454;2.90796443;22.12152301;986.56;2025-04-14;4
2025-04-14 22:15:49;22:15:49;597.85344715;3.09510576;27.33699596;986.69;2025-04-14;4
2025-04-14 22:19:51;22:19:51;593.53582924;2.75528535;19.75971452;986.88;2025-04-14;4
2025-04-14 22:23:52;22:23:52;600.91403707;2.91813362;22.83081533;987.0;2025-04-14;4
2025-04-14 22:27:50;22:27:50;541.28718718;3.15823948;21.39573551;987.06;2025-04-14;4
2025-04-14 22:31:51;22:31:51;527.8096609;2.79935184;16.36170943;987.38;2025-04-14;4
2025-04-14 22:35:53;22:35:53;563.749731;2.52676107;18.036719;987.5;2025-04-14;4
2025-04-14 22:39:55;22:39:55;614.74134506;2.68466598;24.79823929;987.69;2025-04-14;4
2025-04-14 22:43:52;22:43:52;599.16512854;2.78508672;23.48012522;987.75;2025-04-14;4
2025-04-14 22:47:57;22:47:57;611.84471532;2.52859717;19.54827643;987.75;2025-04-14;4
2025-04-14 22:51:55;22:51:55;651.57773078;2.66164406;22.29547208;987.88;2025-04-14;4
2025-04-14 22:55:56;22:55:56;573.36872786;2.5658842;22.66586363;987.75;2025-04-14;4
2025-04-14 22:59:57;22:59:57;593.59048263;2.67689785;23.56709975;988.0;2025-04-14;4
2025-04-14 23:03:59;23:03:59;710.87666031;2.92830281;34.26346795;988.19;2025-04-14;4
2025-04-14 23:08:01;23:08:01;725.68772935;2.7288737;38.34527283;988.0;2025-04-14;4
2025-04-14 23:12:04;23:12:04;664.20266416;2.54031999;21.19929303;987.75;2025-04-14;4
2025-04-14 23:16:08;23:16:08;690.8735191;2.92053468;27.75837259;987.75;2025-04-14;4
2025-04-14 23:20:13;23:20:13;663.38286329;3.1962327;32.55096935;987.75;2025-04-14;4
2025-04-14 23:24:12;23:24:12;664.25731755;3.49015052;35.37164349;987.75;2025-04-14;4
2025-04-14 23:28:11;23:28:11;581.02020264;2.76390091;15.16805892;987.56;2025-04-14;4
2025-04-14 23:32:14;23:32:14;581.07485603;2.5075526;16.04830119;987.88;2025-04-14;4
2025-04-14 23:36:13;23:36:13;549.3212357;2.61178679;17.00352151;988.06;2025-04-14;4
2025-04-14 23:40:12;23:40:12;581.2934696;2.6442717;20.75242387;988.19;2025-04-14;4
2025-04-14 23:44:11;23:44:11;612.6098628;2.21914309;16.1247788;988.06;2025-04-14;4
2025-04-14 23:48:10;23:48:10;613.2110501;2.36363032;16.37370592;988.06;2025-04-14;4
2025-04-14 23:52:07;23:52:07;608.01897793;2.7401728;17.98273481;987.88;2025-04-14;4
2025-04-14 23:56:04;23:56:04;569.05110995;2.64102321;17.8102853;987.88;2025-04-14;4
2025-04-15 00:00:02;00:00:02;661.19672764;2.76121738;20.86339138;987.5;2025-04-15;4
2025-04-15 00:04:09;00:04:09;581.23881621;2.73339334;24.98718397;987.56;2025-04-15;4
2025-04-15 00:08:12;00:08:12;578.7794136;2.41009787;20.2980569;987.56;2025-04-15;4
2025-04-15 00:12:11;00:12:11;623.04866053;2.34978892;24.6287889;987.69;2025-04-15;4
2025-04-15 00:16:10;00:16:10;695.51905736;2.45289321;27.7733682;987.75;2025-04-15;4
2025-04-15 00:20:09;00:20:09;595.55800472;2.13157507;17.10999034;987.69;2025-04-15;4
2025-04-15 00:24:05;00:24:05;581.73069673;2.18863552;12.53752912;987.69;2025-04-15;4
2025-04-15 00:28:03;00:28:03;641.46685339;2.40289469;19.59026414;987.69;2025-04-15;4
2025-04-15 00:32:15;00:32:15;;3.18832333;67.52972787;987.69;2025-04-15;4
2025-04-15 00:36:18;00:36:18;686.11867406;2.78423929;29.88774912;987.88;2025-04-15;4
2025-04-15 00:40:21;00:40:21;690.10837163;2.85782467;31.22985617;987.75;2025-04-15;4
2025-04-15 00:44:21;00:44:21;888.71879552;2.96361249;54.58701739;987.69;2025-04-15;4
2025-04-15 00:48:19;00:48:19;652.45218504;2.65076868;28.85455163;987.5;2025-04-15;4
2025-04-15 00:52:21;00:52:21;637.80507618;2.63000659;20.48850114;987.38;2025-04-15;4
2025-04-15 00:56:24;00:56:24;782.09002914;3.22787017;39.78785046;987.75;2025-04-15;4
2025-04-15 01:00:23;01:00:23;619.93341723;3.11417299;23.33916649;988.56;2025-04-15;4
2025-04-15 01:04:20;01:04:20;560.47052752;2.65585328;17.58085248;988.75;2025-04-15;4
2025-04-15 01:08:25;01:08:25;627.80350557;2.54483963;25.00217958;988.5;2025-04-15;4
2025-04-15 01:12:23;01:12:23;609.82253984;2.45162206;24.33187584;988.75;2025-04-15;4
2025-04-15 01:16:22;01:16:22;643.21576191;2.71955195;25.00667826;988.88;2025-04-15;4
2025-04-15 01:20:24;01:20:24;634.19795235;2.75486163;29.79477634;988.69;2025-04-15;4
2025-04-15 01:24:22;01:24:22;748.69680707;2.6931403;33.18378407;988.5;2025-04-15;4
2025-04-15 01:28:24;01:28:24;871.88555101;2.56390686;43.33731121;988.69;2025-04-15;4
2025-04-15 01:32:27;01:32:27;858.82339049;2.63523242;45.64813462;988.56;2025-04-15;4
2025-04-15 01:36:26;01:36:26;787.22744792;2.56475429;35.54709212;988.56;2025-04-15;4
2025-04-15 01:40:25;01:40:25;868.55169414;2.7835331;38.04236152;988.19;2025-04-15;4
2025-04-15 01:44:25;01:44:25;747.38512568;2.71418488;32.85837935;987.19;2025-04-15;4
2025-04-15 01:48:28;01:48:28;779.46666636;2.8688413;50.00885783;986.88;2025-04-15;4
2025-04-15 01:52:26;01:52:26;798.70466009;3.16756123;44.14857368;986.5;2025-04-15;4
2025-04-15 01:56:25;01:56:25;615.01461201;2.58438647;19.50478916;986.25;2025-04-15;4
2025-04-15 02:00:21;02:00:21;728.36574552;3.02349772;30.13967536;985.88;2025-04-15;4
2025-04-15 02:04:20;02:04:20;647.31476626;2.6982249;24.51032359;986.06;2025-04-15;4
2025-04-15 02:08:21;02:08:21;565.93586665;2.37831915;15.19055234;986.19;2025-04-15;4
2025-04-15 02:12:20;02:12:20;680.43472137;2.63198393;25.39056586;986.19;2025-04-15;4
2025-04-15 02:16:25;02:16:25;666.06087946;2.61376413;26.34578618;986.19;2025-04-15;4
2025-04-15 02:20:26;02:20:26;644.85536365;2.49936075;22.04954408;985.69;2025-04-15;4
2025-04-15 02:24:31;02:24:31;552.60043918;2.60232379;10.93704773;985.38;2025-04-15;4
2025-04-15 02:28:32;02:28:32;554.84122822;2.56856773;12.00158604;985.06;2025-04-15;4
2025-04-15 02:32:34;02:32:34;568.44992265;2.66884724;15.50546013;985.0;2025-04-15;4
2025-04-15 02:36:34;02:36:34;549.15727553;2.55444386;12.29295073;984.75;2025-04-15;4
2025-04-15 02:40:34;02:40:34;599.87562263;2.95527941;18.52107719;984.69;2025-04-15;4
2025-04-15 02:44:36;02:44:36;620.86252488;2.66291521;18.83748455;984.56;2025-04-15;4
2025-04-15 02:48:35;02:48:35;584.29940612;2.72562521;17.20596224;984.5;2025-04-15;4
2025-04-15 02:52:37;02:52:37;571.61981934;2.8593783;13.71663389;984.19;2025-04-15;4
2025-04-15 02:56:34;02:56:34;548.61074162;2.79130123;12.30149823;984.19;2025-04-15;4
2025-04-15 03:00:32;03:00:32;548.0642077;2.67675661;11.91416164;984.19;2025-04-15;4
2025-04-15 03:04:29;03:04:29;575.71882369;2.65655947;13.68349359;984.06;2025-04-15;4
2025-04-15 03:08:27;03:08:27;591.89622751;2.39413789;13.50564566;984.0;2025-04-15;4
2025-04-15 03:12:24;03:12:24;581.40277638;2.2603848;13.28221108;984.0;2025-04-15;4
2025-04-15 03:16:24;03:16:24;756.29362846;2.30685235;23.98997594;983.75;2025-04-15;4
2025-04-15 03:20:22;03:20:22;503.86601018;2.35783953;12.81134895;983.75;2025-04-15;4
2025-04-15 03:24:20;03:24:20;529.78811366;2.45896647;13.79506092;983.69;2025-04-15;4
2025-04-15 03:28:18;03:28:18;536.39024333;2.59667424;12.45355371;983.5;2025-04-15;4
2025-04-15 03:32:21;03:32:21;558.28439187;2.7521781;19.33683834;983.38;2025-04-15;4
2025-04-15 03:36:20;03:36:20;563.20319709;2.27309629;13.02578616;983.56;2025-04-15;4
2025-04-15 03:40:21;03:40:21;536.92038122;2.51871046;12.99189608;983.69;2025-04-15;4
2025-04-15 03:44:20;03:44:20;575.99209064;2.45345816;14.55758766;983.69;2025-04-15;4
2025-04-15 03:48:18;03:48:18;541.65336491;2.5589635;12.46674984;983.75;2025-04-15;4
2025-04-15 03:52:15;03:52:15;549.21192892;2.93677713;14.91943172;983.88;2025-04-15;4
2025-04-15 03:56:13;03:56:13;543.91054997;3.09072736;13.01124042;983.75;2025-04-15;4
2025-04-15 04:00:16;04:00:16;557.464591;2.83889868;14.5362939;983.88;2025-04-15;4
2025-04-15 04:04:13;04:04:13;523.41552824;3.00584287;10.60504493;983.75;2025-04-15;4
2025-04-15 04:08:11;04:08:11;784.44012497;3.55017698;33.01583325;983.88;2025-04-15;4
2025-04-15 04:12:06;04:12:06;705.9032017;2.79525591;17.62883843;983.75;2025-04-15;4
2025-04-15 04:16:12;04:16:12;584.68197986;2.63438499;14.88134287;983.88;2025-04-15;4
2025-04-15 04:20:09;04:20:09;612.33659584;2.64356551;16.17126519;983.88;2025-04-15;4
2025-04-15 04:24:07;04:24:07;573.69664821;2.53777769;13.10586272;983.75;2025-04-15;4
2025-04-15 04:28:08;04:28:08;624.4696487;2.62449828;18.04721593;983.88;2025-04-15;4
2025-04-15 04:32:04;04:32:04;573.20476769;2.47520893;13.63175874;983.69;2025-04-15;4
2025-04-15 04:36:05;04:36:05;555.16914857;2.62294465;11.51767772;983.56;2025-04-15;4
2025-04-15 04:40:04;04:40:04;545.5774784;2.75020075;11.8739734;983.56;2025-04-15;4
2025-04-15 04:44:09;04:44:09;546.28250715;2.87646819;11.81204154;984.0;2025-04-15;4
2025-04-15 04:48:08;04:48:08;569.65229726;2.68904438;12.92111681;983.5;2025-04-15;4
2025-04-15 04:52:12;04:52:12;560.96240804;2.65232231;12.14239481;983.25;2025-04-15;4
2025-04-15 04:56:10;04:56:10;647.20545948;2.9804199;19.4343098;983.25;2025-04-15;4
2025-04-15 05:00:10;05:00:10;605.77818889;2.73678307;15.27752687;983.19;2025-04-15;4
2025-04-15 05:04:12;05:04:12;573.47803465;2.59088345;13.15984691;983.0;2025-04-15;4
2025-04-15 05:08:12;05:08:12;555.6063757;2.57958436;11.97144486;983.25;2025-04-15;4
2025-04-15 05:12:15;05:12:15;520.89054156;2.7164447;8.13301872;983.19;2025-04-15;4
2025-04-15 05:16:16;05:16:16;637.641116;2.71220753;31.06040578;983.06;2025-04-15;4
2025-04-15 05:20:21;05:20:21;529.66241086;2.45854276;12.66709118;983.06;2025-04-15;4
2025-04-15 05:24:20;05:24:20;557.84716474;2.29640068;10.48073133;982.88;2025-04-15;4
2025-04-15 05:28:19;05:28:19;640.97497287;2.34371566;18.35312636;982.88;2025-04-15;4
2025-04-15 05:32:23;05:32:23;562.05547587;2.75274305;11.40940942;982.88;2025-04-15;4
2025-04-15 05:36:27;05:36:27;560.5798343;2.88112907;9.90100107;982.88;2025-04-15;4
2025-04-15 05:40:25;05:40:25;564.29626491;2.70571055;12.3845739;982.88;2025-04-15;4
2025-04-15 05:44:21;05:44:21;519.44769203;2.72534274;8.53070228;983.0;2025-04-15;4
2025-04-15 05:48:25;05:48:25;543.05249172;2.64879134;11.13678924;982.88;2025-04-15;4
2025-04-15 05:52:22;05:52:22;532.37868441;2.71093638;9.11898004;983.0;2025-04-15;4
2025-04-15 05:56:26;05:56:26;579.27129412;2.45077462;14.24342965;983.0;2025-04-15;4
2025-04-15 06:00:23;06:00:23;504.56557359;2.45148082;8.21954339;983.19;2025-04-15;4
2025-04-15 06:04:25;06:04:25;522.70503415;2.46659336;9.89725217;983.06;2025-04-15;4
2025-04-15 06:08:23;06:08:23;516.22314195;2.4485148;7.4397717;983.06;2025-04-15;4
2025-04-15 06:12:23;06:12:23;528.0064131;2.24117633;9.29217933;983.25;2025-04-15;4
2025-04-15 06:16:20;06:16:20;530.87025081;2.13016268;10.44624143;983.38;2025-04-15;4
2025-04-15 06:20:18;06:20:18;491.26293815;2.15586813;6.37088466;983.25;2025-04-15;4
2025-04-15 06:24:24;06:24:24;532.48252585;2.31928136;8.0623894;983.25;2025-04-15;4
2025-04-15 06:28:22;06:28:22;535.26438347;2.04810298;9.49746922;983.25;2025-04-15;4
2025-04-15 06:32:26;06:32:26;521.63382768;2.32719073;8.06403892;983.19;2025-04-15;4
2025-04-15 06:36:28;06:36:28;535.36822491;2.45119834;10.56215749;983.25;2025-04-15;4
2025-04-15 06:40:31;06:40:31;508.33119225;2.37563561;8.49081396;983.5;2025-04-15;4
2025-04-15 06:44:31;06:44:31;507.86663842;2.14287417;8.46682099;983.69;2025-04-15;4
2025-04-15 06:48:28;06:48:28;525.15897142;1.92028192;8.12432127;983.69;2025-04-15;4
2025-04-15 06:52:26;06:52:26;532.23112025;1.64246531;8.43353073;983.69;2025-04-15;4
2025-04-15 06:56:28;06:56:28;538.00251837;1.40240183;7.46511428;983.75;2025-04-15;4
2025-04-15 07:00:25;07:00:25;531.50969549;1.55122509;7.95022224;983.75;2025-04-15;4
2025-04-15 07:04:28;07:04:28;541.61510753;1.57382328;8.46742081;983.88;2025-04-15;4
2025-04-15 07:08:30;07:08:30;562.87527674;1.64980973;8.61947629;983.88;2025-04-15;4
2025-04-15 07:12:31;07:12:31;588.72633081;1.83214894;9.99877245;983.69;2025-04-15;4
2025-04-15 07:16:30;07:16:30;645.07397722;2.10488095;17.8717673;983.75;2025-04-15;4
2025-04-15 07:20:31;07:20:31;604.90373463;1.79556811;13.34864163;983.75;2025-04-15;4
2025-04-15 07:24:29;07:24:29;607.25383045;1.89316408;13.88173555;983.56;2025-04-15;4
2025-04-15 07:28:27;07:28:27;568.06734891;2.03976989;11.89301783;983.56;2025-04-15;4
2025-04-15 07:32:26;07:32:26;611.51679497;1.71746308;15.98531964;983.56;2025-04-15;4
2025-04-15 07:36:23;07:36:23;680.65333494;1.9618061;20.08811837;983.75;2025-04-15;4
2025-04-15 07:40:19;07:40:19;609.60392628;2.11829863;14.10172114;983.69;2025-04-15;4
2025-04-15 07:44:25;07:44:25;640.42843896;2.0835539;18.75500869;983.56;2025-04-15;4
2025-04-15 07:48:22;07:48:22;614.19481115;2.50105562;15.04809405;983.75;2025-04-15;4
2025-04-15 07:52:21;07:52:21;720.22239022;2.59257832;16.81157771;984.06;2025-04-15;4
2025-04-15 07:56:18;07:56:18;725.63307595;2.52125276;22.09003223;984.19;2025-04-15;4
2025-04-15 08:00:18;08:00:18;535.86557077;2.44427764;7.95112198;984.06;2025-04-15;4
2025-04-15 08:04:16;08:04:16;508.83400345;2.57167499;7.37679014;984.06;2025-04-15;4
2025-04-15 08:08:15;08:08:15;538.59277499;2.40755557;10.06970168;984.38;2025-04-15;4
2025-04-15 08:12:20;08:12:20;503.22110016;2.1506423;6.61261388;984.38;2025-04-15;4
2025-04-15 08:16:23;08:16:23;522.44269787;2.25289915;7.85619977;984.38;2025-04-15;4
2025-04-15 08:20:22;08:20:22;521.0490364;2.33806611;9.82797245;984.5;2025-04-15;4
2025-04-15 08:24:25;08:24:25;583.09703151;2.29541201;12.47349787;984.69;2025-04-15;4
2025-04-15 08:28:21;08:28:21;749.29799438;2.42676404;21.48271005;984.69;2025-04-15;4
2025-04-15 08:32:23;08:32:23;663.16424973;2.44653746;16.16676651;984.75;2025-04-15;4
2025-04-15 08:36:21;08:36:21;802.31178391;3.11643281;31.08889744;984.75;2025-04-15;4
2025-04-15 08:40:21;08:40:21;624.08707497;2.91686247;14.83260714;984.75;2025-04-15;4
2025-04-15 08:44:22;08:44:22;970.80818921;3.03663292;40.90502336;984.88;2025-04-15;4
2025-04-15 08:48:21;08:48:21;741.31859925;2.7872053;22.92678723;984.88;2025-04-15;4
2025-04-15 08:52:19;08:52:19;786.62626062;2.88112907;27.06557543;984.75;2025-04-15;4
2025-04-15 08:56:23;08:56:23;752.9051182;3.19496155;27.25901879;984.88;2025-04-15;4
2025-04-15 09:00:22;09:00:22;606.21541602;3.32080527;13.95716346;984.75;2025-04-15;4
2025-04-15 09:04:24;09:04:24;599.65700907;3.305269;13.85774257;984.69;2025-04-15;4
2025-04-15 09:08:23;09:08:23;652.6707986;3.3260311;19.34283658;984.69;2025-04-15;4
2025-04-15 09:12:21;09:12:21;678.63115946;3.25866022;23.13972489;984.88;2025-04-15;4
2025-04-15 09:16:25;09:16:25;650.48466295;3.28676673;15.42748297;984.75;2025-04-15;4
2025-04-15 09:20:29;09:20:29;548.77470179;3.21487621;9.08763922;984.69;2025-04-15;4
2025-04-15 09:24:30;09:24:30;675.46126276;3.07617977;21.26977239;984.56;2025-04-15;4
2025-04-15 09:28:37;09:28:37;576.70258473;3.20131729;11.8025943;984.75;2025-04-15;4
2025-04-15 09:32:39;09:32:39;589.32751812;2.88028163;12.39267153;985.0;2025-04-15;4
2025-04-15 09:36:38;09:36:38;556.91805709;2.84144098;8.61287822;984.75;2025-04-15;4
2025-04-15 09:40:35;09:40:35;646.98684591;2.84666681;19.70123165;984.88;2025-04-15;4
2025-04-15 09:44:33;09:44:33;564.73349204;2.72096433;10.38176031;984.88;2025-04-15;4
2025-04-15 09:48:32;09:48:32;561.50894196;2.78762902;9.05569857;984.88;2025-04-15;4
2025-04-15 09:52:32;09:52:32;568.39526926;2.75556783;9.58309415;984.75;2025-04-15;4
2025-04-15 09:56:30;09:56:30;548.66539501;2.66715237;9.55925113;984.69;2025-04-15;4
2025-04-15 10:00:38;10:00:38;549.92242301;2.87406713;9.986626;984.69;2025-04-15;4
2025-04-15 10:04:40;10:04:40;566.42774717;2.9151676;9.65762233;984.56;2025-04-15;4
2025-04-15 10:08:38;10:08:38;556.26221639;2.92590175;10.46528585;984.69;2025-04-15;4
2025-04-15 10:12:40;10:12:40;564.56953187;2.99694483;10.28398894;984.69;2025-04-15;4
2025-04-15 10:16:43;10:16:43;562.82062335;2.89045082;10.50172518;984.69;2025-04-15;4
2025-04-15 10:20:39;10:20:39;656.98841651;2.87547952;15.19355146;984.56;2025-04-15;4
2025-04-15 10:24:35;10:24:35;566.59170734;2.67732156;9.83666991;984.5;2025-04-15;4
2025-04-15 10:28:41;10:28:41;599.65700907;3.07166013;11.96424697;984.5;2025-04-15;4
2025-04-15 10:32:39;10:32:39;570.85467186;3.16967981;9.96353276;984.5;2025-04-15;4
2025-04-15 10:36:36;10:36:36;563.749731;3.23055371;9.62178282;984.56;2025-04-15;4
2025-04-15 10:40:35;10:40:35;637.641116;3.28380072;16.03180602;984.56;2025-04-15;4
2025-04-15 10:44:32;10:44:32;563.14854369;3.28012851;12.36672913;984.5;2025-04-15;4
2025-04-15 10:48:33;10:48:33;541.96488924;3.39580304;9.25394053;984.69;2025-04-15;4
2025-04-15 10:52:32;10:52:32;586.97742229;3.52079932;13.44401371;984.75;2025-04-15;4
2025-04-15 10:56:29;10:56:29;577.5223856;3.65582356;10.97453675;984.69;2025-04-15;4
2025-04-15 11:00:27;11:00:27;552.54578579;3.58831144;9.82767254;984.69;2025-04-15;4
2025-04-15 11:04:35;11:04:35;569.21507013;3.4426943;10.43904354;984.69;2025-04-15;4
2025-04-15 11:08:33;11:08:33;563.85903778;3.37941934;10.2031626;984.75;2025-04-15;4
2025-04-15 11:12:39;11:12:39;;16.92463827;571.28773184;984.69;2025-04-15;4
2025-04-15 11:16:46;11:16:46;781.65280201;7.55189421;169.18046541;984.69;2025-04-15;4
2025-04-15 11:20:42;11:20:42;;9.0510022;213.34253513;984.75;2025-04-15;4
2025-04-15 11:24:38;11:24:38;778.75617227;7.8449646;139.30321321;984.75;2025-04-15;4
2025-04-15 11:28:36;11:28:36;616.59956036;5.53655863;61.03512944;984.88;2025-04-15;4
2025-04-15 11:32:36;11:32:36;745.14433664;5.88457088;81.12174825;984.88;2025-04-15;4
2025-04-15 11:36:37;11:36:37;659.72108608;5.23515515;60.99164217;985.0;2025-04-15;4
2025-04-15 11:40:38;11:40:38;806.02821452;6.79979792;107.0116679;985.06;2025-04-15;4
2025-04-15 11:44:40;11:44:40;706.99626953;5.40337049;61.34553855;985.0;2025-04-15;4
2025-04-15 11:48:40;11:48:40;721.97129874;5.64065158;69.38168564;985.0;2025-04-15;4
2025-04-15 11:52:40;11:52:40;802.09317035;6.65785299;105.50011047;985.0;2025-04-15;4
2025-04-15 11:56:42;11:56:42;588.7809842;5.16001614;41.59932008;985.0;2025-04-15;4
2025-04-15 12:00:41;12:00:41;627.14766488;5.71579059;60.72621988;984.88;2025-04-15;4
2025-04-15 12:04:43;12:04:43;612.93778315;5.14885828;36.44532912;985.0;2025-04-15;4
2025-04-15 12:08:41;12:08:41;592.38810803;5.18741646;47.12070346;984.88;2025-04-15;4
2025-04-15 12:12:44;12:12:44;582.16792386;4.79378409;34.70433887;984.75;2025-04-15;4
2025-04-15 12:16:43;12:16:43;590.42058594;5.61014401;53.4923379;984.75;2025-04-15;4
2025-04-15 12:20:41;12:20:41;563.25785048;4.8350258;40.24221742;984.69;2025-04-15;4
2025-04-15 12:24:41;12:24:41;598.89186159;5.25634096;52.18022208;984.69;2025-04-15;4
2025-04-15 12:28:42;12:28:42;576.59327795;4.1419673;27.79136293;984.56;2025-04-15;4
2025-04-15 12:32:48;12:32:48;538.92616068;4.33588809;22.36295232;984.56;2025-04-15;4
2025-04-15 12:36:51;12:36:51;643.21576191;4.99363691;47.00673683;984.5;2025-04-15;4
2025-04-15 12:40:49;12:40:49;559.04953935;4.92485364;31.65273235;984.5;2025-04-15;4
2025-04-15 12:44:50;12:44:50;690.21767841;5.48091056;70.20494459;984.5;2025-04-15;4
2025-04-15 12:48:48;12:48:48;579.98178821;5.45167414;47.54657877;984.38;2025-04-15;4
2025-04-15 12:52:50;12:52:50;585.17386038;4.90959986;39.17153091;984.38;2025-04-15;4
2025-04-15 12:56:48;12:56:48;564.51487848;4.20947942;28.82306085;984.25;2025-04-15;4
2025-04-15 13:00:44;13:00:44;625.99994366;4.96270562;50.13782008;984.19;2025-04-15;4
2025-04-15 13:04:46;13:04:46;533.53187096;4.68375911;28.47516272;984.25;2025-04-15;4
2025-04-15 13:08:48;13:08:48;538.96988339;3.98377991;20.6819445;984.06;2025-04-15;4
2025-04-15 13:12:47;13:12:47;642.99714835;6.13738823;72.88765912;984.0;2025-04-15;4
2025-04-15 13:16:49;13:16:49;571.18259221;4.48927337;37.57749763;984.0;2025-04-15;4
2025-04-15 13:20:50;13:20:50;564.51487848;3.81838935;26.74466939;983.75;2025-04-15;4
2025-04-15 13:24:52;13:24:52;571.72912612;4.33150969;33.2632608;983.69;2025-04-15;4
2025-04-15 13:28:51;13:28:51;536.52141147;3.93660617;22.24748613;983.56;2025-04-15;4
2025-04-15 13:32:56;13:32:56;739.29642377;4.89010891;53.84473472;983.5;2025-04-15;4
2025-04-15 13:36:53;13:36:53;587.90652994;4.37882467;31.65123279;983.38;2025-04-15;4
2025-04-15 13:40:53;13:40:53;677.26482468;4.69774175;36.97017545;983.38;2025-04-15;4
2025-04-15 13:44:54;13:44:54;605.12234819;5.3643886;46.36492475;983.38;2025-04-15;4
2025-04-15 13:48:55;13:48:55;731.26237526;5.42286144;61.8044042;983.25;2025-04-15;4
2025-04-15 13:52:54;13:52:54;578.50614664;4.16852019;28.76907666;983.38;2025-04-15;4
2025-04-15 13:56:55;13:56:55;577.13981186;4.05962512;27.02208816;983.25;2025-04-15;4
2025-04-15 14:00:57;14:00:57;581.45742977;4.47303091;36.69875492;983.25;2025-04-15;4
2025-04-15 14:04:58;14:04:58;568.50457604;4.37628237;30.4950713;983.19;2025-04-15;4
2025-04-15 14:09:00;14:09:00;569.70695065;4.9403899;47.13120039;983.19;2025-04-15;4
2025-04-15 14:13:05;14:13:05;556.75409692;3.61232203;23.58509449;983.19;2025-04-15;4
2025-04-15 14:17:03;14:17:03;559.15884613;4.15679737;38.09184703;983.06;2025-04-15;4
2025-04-15 14:21:01;14:21:01;537.52703387;4.35156559;32.21956639;983.0;2025-04-15;4
2025-04-15 14:25:03;14:25:03;536.42303536;4.64392979;39.2794993;982.88;2025-04-15;4
2025-04-15 14:29:06;14:29:06;562.82062335;3.79720354;22.27447822;982.75;2025-04-15;4
2025-04-15 14:33:03;14:33:03;596.10453863;4.97923056;48.01594134;982.75;2025-04-15;4
2025-04-15 14:37:05;14:37:05;582.44119081;4.04408886;28.33570355;982.75;2025-04-15;4
2025-04-15 14:41:08;14:41:08;543.12900647;3.47969885;16.8850562;983.0;2025-04-15;4
2025-04-15 14:45:06;14:45:06;550.5782637;3.82220279;20.78091553;983.06;2025-04-15;4
2025-04-15 14:49:03;14:49:03;574.89902282;4.35114188;27.78686424;983.0;2025-04-15;4
2025-04-15 14:53:06;14:53:06;565.66259969;4.57119183;26.67868871;983.0;2025-04-15;4
2025-04-15 14:57:01;14:57:01;586.48554177;4.80974407;36.23389103;982.75;2025-04-15;4
2025-04-15 15:01:00;15:01:00;596.86968611;4.87782114;39.64839129;982.75;2025-04-15;4
2025-04-15 15:04:58;15:04:58;583.31564507;4.36427708;32.38151897;982.69;2025-04-15;4
2025-04-15 15:08:59;15:08:59;593.59048263;3.91386674;31.69621962;982.56;2025-04-15;4
2025-04-15 15:13:05;15:13:05;649.88347565;4.3647008;49.80491755;982.56;2025-04-15;4
2025-04-15 15:17:03;15:17:03;567.30220143;3.93053291;29.76028644;982.5;2025-04-15;4
2025-04-15 15:21:06;15:21:06;700.71112953;4.24408291;44.89685459;982.38;2025-04-15;4
2025-04-15 15:25:03;15:25:03;600.31284976;4.0296825;35.97746611;982.38;2025-04-15;4
2025-04-15 15:29:02;15:29:02;553.36558666;3.55144813;20.44501388;982.19;2025-04-15;4
2025-04-15 15:32:59;15:32:59;590.58454611;4.79618515;45.27924263;982.0;2025-04-15;4
2025-04-15 15:37:04;15:37:04;549.64915605;3.8998841;25.14613743;982.0;2025-04-15;4
2025-04-15 15:41:07;15:41:07;565.66259969;3.80271185;23.73205146;981.88;2025-04-15;4
2025-04-15 15:45:05;15:45:05;564.13230474;3.83378437;23.81602687;981.75;2025-04-15;4
2025-04-15 15:49:05;15:49:05;569.59764387;3.64353579;26.30079935;981.88;2025-04-15;4
2025-04-15 15:53:02;15:53:02;546.97113988;3.47136576;15.35550404;981.88;2025-04-15;4
2025-04-15 15:56:59;15:56:59;589.4368249;4.18448016;27.77186863;981.88;2025-04-15;4
2025-04-15 16:01:01;16:01:01;591.24038681;3.84564843;23.82052555;981.88;2025-04-15;4
2025-04-15 16:05:06;16:05:06;596.70572594;4.91567312;47.29465253;982.0;2025-04-15;4
2025-04-15 16:09:07;16:09:07;630.09894801;5.35337198;63.11052178;981.88;2025-04-15;4
2025-04-15 16:13:16;16:13:16;556.48082996;4.11541442;34.55588233;982.0;2025-04-15;4
2025-04-15 16:17:19;16:17:19;546.40820995;3.46317392;22.22799183;982.06;2025-04-15;4
2025-04-15 16:21:17;16:21:17;565.88121326;3.44989747;33.65464621;982.0;2025-04-15;4
2025-04-15 16:25:21;16:25:21;535.58683847;3.46133781;25.72046927;982.0;2025-04-15;4
2025-04-15 16:29:20;16:29:20;529.26890644;3.21515869;19.03842571;982.0;2025-04-15;4
2025-04-15 16:33:19;16:33:19;560.79844787;2.84002859;16.4741765;981.88;2025-04-15;4
2025-04-15 16:37:21;16:37:21;569.76160404;3.18917076;21.67165473;981.75;2025-04-15;4
2025-04-15 16:41:18;16:41:18;553.80281379;3.15951062;16.89405357;981.88;2025-04-15;4
2025-04-15 16:45:17;16:45:17;543.32575868;3.54000779;19.59776194;981.88;2025-04-15;4
2025-04-15 16:49:20;16:49:20;565.93586665;2.94496898;17.19696488;981.88;2025-04-15;4
2025-04-15 16:53:24;16:53:24;549.26658231;3.22744646;16.43668748;981.75;2025-04-15;4
2025-04-15 16:57:30;16:57:30;570.41744473;3.36840272;16.41119494;981.88;2025-04-15;4
2025-04-15 17:01:30;17:01:30;551.39806457;3.67799804;15.4874654;981.88;2025-04-15;4
2025-04-15 17:05:28;17:05:28;631.35597601;3.80892635;28.35069916;981.88;2025-04-15;4
2025-04-15 17:09:35;17:09:35;610.15046019;3.35936344;23.01076265;982.0;2025-04-15;4
2025-04-15 17:13:40;17:13:40;582.87841794;3.45427588;19.12839937;982.06;2025-04-15;4
2025-04-15 17:17:42;17:17:42;578.56080003;3.62729333;19.43281024;982.06;2025-04-15;4
2025-04-15 17:21:45;17:21:45;597.14295307;3.77361667;24.90470811;982.06;2025-04-15;4
2025-04-15 17:25:50;17:25:50;599.76631585;4.20044014;27.17954206;982.06;2025-04-15;4
2025-04-15 17:29:55;17:29:55;681.41848241;4.1827853;36.12442308;982.06;2025-04-15;4
2025-04-15 17:33:56;17:33:56;977.25728938;5.52525953;78.74194503;982.06;2025-04-15;4
2025-04-15 17:37:55;17:37:55;833.13629659;4.70932332;53.93620794;982.19;2025-04-15;4
2025-04-15 17:41:51;17:41:51;883.85464369;4.49774769;52.99448367;982.06;2025-04-15;4
2025-04-15 17:45:51;17:45:51;637.0399287;4.30848778;32.76690613;982.06;2025-04-15;4
2025-04-15 17:49:50;17:49:50;875.92990196;5.11171249;79.49622419;982.19;2025-04-15;4
2025-04-15 17:53:53;17:53:53;839.09351624;5.65293935;76.97846137;982.19;2025-04-15;4
2025-04-15 17:57:56;17:57:56;662.61771581;4.74251443;35.74803328;982.19;2025-04-15;4
2025-04-15 18:02:01;18:02:01;671.96344572;4.95578493;37.80843002;982.06;2025-04-15;4
2025-04-15 18:06:01;18:06:01;797.72089905;5.47596721;55.81665736;982.06;2025-04-15;4
2025-04-15 18:09:59;18:09:59;740.77206534;5.26057813;45.52367106;982.19;2025-04-15;4
2025-04-15 18:13:59;18:13:59;875.27406126;6.37961267;82.11595715;982.06;2025-04-15;4
2025-04-15 18:17:59;18:17:59;747.76769942;5.26989988;49.03864191;982.19;2025-04-15;4
2025-04-15 18:22:00;18:22:00;672.34601946;4.6224615;31.27184387;982.19;2025-04-15;4
2025-04-15 18:26:04;18:26:04;885.22097848;5.24504187;72.30133079;982.06;2025-04-15;4
2025-04-15 18:30:07;18:30:07;674.20423476;4.7278256;40.28570469;982.0;2025-04-15;4
2025-04-15 18:34:08;18:34:08;737.54751525;4.7252833;43.836665;982.0;2025-04-15;4
2025-04-15 18:38:08;18:38:08;718.4734817;4.4204901;41.46885827;982.0;2025-04-15;4
2025-04-15 18:42:09;18:42:09;936.15793914;4.69534069;56.85435353;981.88;2025-04-15;4
2025-04-15 18:46:11;18:46:11;737.2195949;5.13303954;45.50417677;981.75;2025-04-15;4
2025-04-15 18:50:10;18:50:10;;5.3424966;96.01838664;981.75;2025-04-15;4
2025-04-15 18:54:18;18:54:18;852.81151745;5.05564071;58.67032183;981.69;2025-04-15;4
2025-04-15 18:58:20;18:58:20;659.83039286;4.2228971;30.09318897;981.56;2025-04-15;4
2025-04-15 19:02:17;19:02:17;659.5571259;4.37585866;25.11014796;981.56;2025-04-15;4
2025-04-15 19:06:19;19:06:19;592.98929533;4.32586014;19.06691737;981.5;2025-04-15;4
2025-04-15 19:10:28;19:10:28;698.25172693;4.46328544;36.1274222;981.5;2025-04-15;4
2025-04-15 19:14:28;19:14:28;651.35911721;4.86214364;34.70433887;981.5;2025-04-15;4
2025-04-15 19:18:27;19:18:27;692.62242762;4.4944992;34.77781735;981.38;2025-04-15;4
2025-04-15 19:22:27;19:22:27;689.0153038;4.16527169;25.02167387;981.5;2025-04-15;4
2025-04-15 19:26:28;19:26:28;641.63081357;4.18673998;20.386531;981.38;2025-04-15;4
2025-04-15 19:30:25;19:30:25;615.23322558;3.51119509;18.24065929;981.5;2025-04-15;4
2025-04-15 19:34:24;19:34:24;596.86968611;3.47164824;13.99675187;981.5;2025-04-15;4
2025-04-15 19:38:22;19:38:22;569.26972352;3.30103184;14.8993376;981.38;2025-04-15;4
2025-04-15 19:42:29;19:42:29;602.17106506;2.82293871;14.02659313;981.38;2025-04-15;4
2025-04-15 19:46:27;19:46:27;585.39247394;2.71545602;13.09791504;981.5;2025-04-15;4
2025-04-15 19:50:23;19:50:23;584.24475273;2.63438499;14.57033393;981.38;2025-04-15;4
2025-04-15 19:54:24;19:54:24;570.08952439;2.74370377;15.47546892;981.38;2025-04-15;4
2025-04-15 19:58:25;19:58:25;597.96275394;2.7026033;16.33171821;981.5;2025-04-15;4
2025-04-15 20:02:25;20:02:25;640.53774574;2.92448936;22.33446066;981.5;2025-04-15;4
2025-04-15 20:06:23;20:06:23;618.67638923;2.65316974;19.75221672;981.56;2025-04-15;4
2025-04-15 20:10:27;20:10:27;613.59362384;2.66898848;18.58555831;981.69;2025-04-15;4
2025-04-15 20:14:26;20:14:26;720.38635039;2.89115702;31.61224421;981.56;2025-04-15;4
2025-04-15 20:18:23;20:18:23;818.16126738;3.37179245;48.4628105;981.88;2025-04-15;4
2025-04-15 20:22:26;20:22:26;865.10853049;3.56754935;59.44409528;981.88;2025-04-15;4
2025-04-15 20:26:25;20:26:25;826.52323625;3.27193666;54.39657315;981.88;2025-04-15;4
2025-04-15 20:30:22;20:30:22;;3.51627968;64.89200018;982.0;2025-04-15;4
2025-04-15 20:34:21;20:34:21;;4.56229379;120.35626072;982.0;2025-04-15;4
2025-04-15 20:38:24;20:38:24;798.48604652;3.34651072;47.28115648;982.06;2025-04-15;4
2025-04-15 20:42:22;20:42:22;679.0137332;3.49283405;38.88211565;982.06;2025-04-15;4
2025-04-15 20:46:20;20:46:20;741.6465196;3.24778484;40.71008044;982.19;2025-04-15;4
2025-04-15 20:50:18;20:50:18;727.76455821;3.28182337;40.81355014;982.25;2025-04-15;4
2025-04-15 20:54:20;20:54:20;666.38879981;3.09595319;30.20115736;982.25;2025-04-15;4
2025-04-15 20:58:15;20:58:15;877.13227657;3.89917791;52.90600957;982.25;2025-04-15;4
2025-04-15 21:02:12;21:02:12;775.09439506;3.16657256;37.99437557;982.25;2025-04-15;4
2025-04-15 21:06:15;21:06:15;763.99975663;3.66175559;42.77647541;982.38;2025-04-15;4
2025-04-15 21:10:19;21:10:19;870.19129588;3.06417447;40.57661951;982.25;2025-04-15;4
2025-04-15 21:14:18;21:14:18;785.53319279;2.82703463;35.1677032;982.38;2025-04-15;4
2025-04-15 21:18:16;21:18:16;787.28210131;3.5411377;48.3938307;982.5;2025-04-15;4
2025-04-15 21:22:17;21:22:17;777.22587732;3.3085175;38.77864594;982.56;2025-04-15;4
2025-04-15 21:26:23;21:26:23;755.58313437;3.56232351;43.60573261;982.56;2025-04-15;4
2025-04-15 21:30:26;21:30:26;663.54682347;2.80443643;26.57072032;982.69;2025-04-15;4
2025-04-15 21:34:29;21:34:29;652.94406556;2.87293722;24.78474324;982.88;2025-04-15;4
2025-04-15 21:38:32;21:38:32;597.47087342;3.05654758;26.04137531;983.0;2025-04-15;4
2025-04-15 21:42:32;21:42:32;607.90967115;3.01403472;24.63778627;983.0;2025-04-15;4
2025-04-15 21:46:31;21:46:31;618.34846888;2.99157776;22.89379689;983.19;2025-04-15;4
2025-04-15 21:50:34;21:50:34;608.01897793;2.64737895;20.4135231;983.19;2025-04-15;4
2025-04-15 21:54:37;21:54:37;594.30097672;2.74723474;18.43560221;983.25;2025-04-15;4
2025-04-15 21:58:40;21:58:40;534.42818658;2.66051415;17.78929145;983.25;2025-04-15;4
2025-04-15 22:02:39;22:02:39;533.84339529;2.72915618;16.19825729;983.19;2025-04-15;4
2025-04-15 22:06:38;22:06:38;561.29032839;2.51828674;16.77858737;983.25;2025-04-15;4
2025-04-15 22:10:35;22:10:35;579.76317464;2.32182365;17.54786214;983.25;2025-04-15;4
2025-04-15 22:14:35;22:14:35;566.31844039;2.43933429;19.06841693;983.25;2025-04-15;4
2025-04-15 22:18:37;22:18:37;546.69787292;2.54780564;21.11681718;983.38;2025-04-15;4
2025-04-15 22:22:35;22:22:35;566.91962769;2.000788;14.41153043;983.38;2025-04-15;4
2025-04-15 22:26:34;22:26:34;570.36279134;1.97013919;12.67024026;983.38;2025-04-15;4
2025-04-15 22:30:31;22:30:31;578.28753308;2.16391874;12.67233965;983.5;2025-04-15;4
2025-04-15 22:34:28;22:34:28;581.02020264;1.99316111;11.99243872;983.5;2025-04-15;4
2025-04-15 22:38:27;22:38:27;575.44555673;1.96222982;10.4825308;983.5;2025-04-15;4
2025-04-15 22:42:25;22:42:25;592.82533516;2.198381;16.88655576;983.56;2025-04-15;4
2025-04-15 22:46:22;22:46:22;593.8090962;2.09061584;12.76936124;983.56;2025-04-15;4
2025-04-15 22:50:19;22:50:19;592.77068177;2.18877676;12.7377205;983.5;2025-04-15;4
2025-04-15 22:54:16;22:54:16;583.53425864;2.18566951;14.85270126;983.56;2025-04-15;4
2025-04-15 22:58:15;22:58:15;568.17665569;2.31730401;15.78587803;983.56;2025-04-15;4
2025-04-15 23:02:16;23:02:16;569.59764387;2.29541201;18.62004821;983.5;2025-04-15;4
2025-04-15 23:06:18;23:06:18;561.78220891;2.00742622;10.23705268;983.5;2025-04-15;4
2025-04-15 23:10:19;23:10:19;582.76911116;2.26871789;17.38141087;983.5;2025-04-15;4
2025-04-15 23:14:18;23:14:18;594.08236316;2.25360534;16.12028012;983.5;2025-04-15;4
2025-04-15 23:18:18;23:18:18;599.76631585;2.34244451;21.96106999;983.56;2025-04-15;4
2025-04-15 23:22:21;23:22:21;593.75444281;2.16603732;16.66312118;983.69;2025-04-15;4
2025-04-15 23:26:23;23:26:23;603.97462698;2.00121171;16.33321777;983.56;2025-04-15;4
2025-04-15 23:30:27;23:30:27;583.26099168;2.07183108;13.6998388;983.56;2025-04-15;4
2025-04-15 23:34:36;23:34:36;633.97933879;2.18948295;18.7894986;983.56;2025-04-15;4
2025-04-15 23:38:33;23:38:33;620.42529775;2.15544442;17.52836784;983.56;2025-04-15;4
2025-04-15 23:42:30;23:42:30;565.28002595;2.05262262;11.0570126;983.5;2025-04-15;4
2025-04-15 23:46:31;23:46:31;570.80001847;2.22959476;13.32674804;983.69;2025-04-15;4
2025-04-15 23:50:27;23:50:27;638.78883722;2.32041127;21.59517712;983.56;2025-04-15;4
2025-04-15 23:54:24;23:54:24;606.59798976;2.39583275;19.21387434;983.56;2025-04-15;4
2025-04-15 23:58:31;23:58:31;643.05180174;1.99400854;17.63033799;983.56;2025-04-15;4
2025-04-16 00:02:30;00:02:30;561.18102161;1.91307874;11.20681874;983.69;2025-04-16;4
2025-04-16 00:06:28;00:06:28;583.91683238;2.15826919;18.00972691;983.56;2025-04-16;4
2025-04-16 00:10:28;00:10:28;588.94494438;2.10714077;17.05300703;983.69;2025-04-16;4
2025-04-16 00:14:28;00:14:28;587.35999603;2.0390637;15.21154619;983.69;2025-04-16;4
2025-04-16 00:18:32;00:18:32;566.20913361;1.75983471;11.39486368;983.69;2025-04-16;4
2025-04-16 00:22:38;00:22:38;561.94616909;1.99330234;15.5759395;983.69;2025-04-16;4
2025-04-16 00:26:40;00:26:40;600.47680994;2.1098243;20.23807447;983.69;2025-04-16;4
2025-04-16 00:30:37;00:30:37;638.13299652;2.21066877;24.77274675;983.69;2025-04-16;4
2025-04-16 00:34:38;00:34:38;639.49933131;1.87000092;19.14789366;983.75;2025-04-16;4
2025-04-16 00:38:34;00:38:34;612.44590262;1.78864741;16.63462952;983.88;2025-04-16;4
2025-04-16 00:42:32;00:42:32;644.85536365;1.74825313;17.12948463;983.88;2025-04-16;4
2025-04-16 00:46:34;00:46:34;696.94004554;2.11900482;22.80982148;984.0;2025-04-16;4
2025-04-16 00:50:41;00:50:41;688.96065041;2.62576942;34.33244775;984.0;2025-04-16;4
2025-04-16 00:54:38;00:54:38;673.54839407;2.16547237;23.37965464;984.0;2025-04-16;4
2025-04-16 00:58:40;00:58:40;;2.42252688;78.39104777;984.0;2025-04-16;4
2025-04-16 01:02:36;01:02:36;941.95119862;2.27733345;36.65826677;984.0;2025-04-16;4
2025-04-16 01:06:44;01:06:44;;3.01064499;60.26435511;984.19;2025-04-16;4
2025-04-16 01:10:48;01:10:48;719.23862918;2.45840152;36.96867589;984.06;2025-04-16;4
2025-04-16 01:14:47;01:14:47;670.65176433;2.29993165;30.09768765;984.06;2025-04-16;4
2025-04-16 01:18:48;01:18:48;;2.97900751;74.29574684;984.0;2025-04-16;4
2025-04-16 01:22:47;01:22:47;814.06226304;2.61065688;41.89173446;983.88;2025-04-16;4
2025-04-16 01:26:48;01:26:48;636.49339479;2.16293007;20.98335625;984.0;2025-04-16;4
2025-04-16 01:30:56;01:30:56;594.57424368;2.07324347;16.36320899;984.0;2025-04-16;4
2025-04-16 01:34:57;01:34:57;641.08427965;2.40119983;21.26977239;984.0;2025-04-16;4
2025-04-16 01:39:00;01:39:00;643.81694922;2.2271937;19.86768291;983.88;2025-04-16;4
2025-04-16 01:43:02;01:43:02;644.63675009;2.17648899;16.90155137;984.0;2025-04-16;4
2025-04-16 01:47:01;01:47:01;568.39526926;2.04188847;13.30950309;983.88;2025-04-16;4
2025-04-16 01:51:10;01:51:10;586.43088838;2.11886358;15.27152863;983.88;2025-04-16;4
2025-04-16 01:55:13;01:55:13;643.16110852;2.55882226;21.14980752;983.88;2025-04-16;4
2025-04-16 01:59:12;01:59:12;590.42058594;2.18764685;15.67790964;983.88;2025-04-16;4
2025-04-16 02:03:09;02:03:09;624.57895549;2.07592701;16.48767255;983.88;2025-04-16;4
2025-04-16 02:07:06;02:07:06;692.56777423;3.10019035;33.45670416;983.75;2025-04-16;4
2025-04-16 02:11:03;02:11:03;760.4472862;2.78466301;30.21465341;983.75;2025-04-16;4
2025-04-16 02:15:03;02:15:03;581.18416282;2.75641526;20.68644319;983.75;2025-04-16;4
2025-04-16 02:19:06;02:19:06;584.24475273;2.42393926;15.11407473;983.88;2025-04-16;4
2025-04-16 02:23:11;02:23:11;658.3547513;2.64285931;25.41455883;983.88;2025-04-16;4
2025-04-16 02:27:13;02:27:13;651.96030452;2.64144692;25.30209176;983.88;2025-04-16;4
2025-04-16 02:31:11;02:31:11;629.22449375;2.29456458;20.19608676;984.0;2025-04-16;4
2025-04-16 02:35:08;02:35:08;636.93062192;2.38566357;23.01976001;984.06;2025-04-16;4
2025-04-16 02:39:05;02:39:05;620.42529775;2.27592106;20.46600773;984.06;2025-04-16;4
2025-04-16 02:43:05;02:43:05;687.26639528;2.50840003;41.49285125;984.0;2025-04-16;4
2025-04-16 02:47:03;02:47:03;696.5028184;2.48947404;33.08931173;984.0;2025-04-16;4
2025-04-16 02:51:00;02:51:00;611.73540854;2.21999052;19.5647716;984.19;2025-04-16;4
2025-04-16 02:55:02;02:55:02;625.56271653;2.59794539;26.97410221;984.19;2025-04-16;4
2025-04-16 02:59:05;02:59:05;603.48274646;2.2020532;17.69631867;984.38;2025-04-16;4
2025-04-16 03:03:01;03:03:01;625.07083601;2.34978892;18.62154777;984.5;2025-04-16;4
2025-04-16 03:07:00;03:07:00;609.87719323;2.35247246;16.49666992;984.5;2025-04-16;4
2025-04-16 03:11:04;03:11:04;626.92905131;2.26080852;20.71193572;984.5;2025-04-16;4
2025-04-16 03:15:02;03:15:02;586.48554177;2.42704652;16.9810281;984.5;2025-04-16;4
2025-04-16 03:19:04;03:19:04;612.88312975;2.5093887;18.58405875;984.5;2025-04-16;4
2025-04-16 03:23:05;03:23:05;603.75601341;2.38679347;17.05600615;984.38;2025-04-16;4
2025-04-16 03:27:06;03:27:06;650.43000956;2.40614318;21.07782859;984.25;2025-04-16;4
2025-04-16 03:31:04;03:31:04;657.53495043;2.71474983;16.99602371;984.19;2025-04-16;4
2025-04-16 03:35:04;03:35:04;598.01740733;2.88903844;16.30472612;984.38;2025-04-16;4
2025-04-16 03:39:06;03:39:06;549.86776961;2.83324913;11.45484612;984.5;2025-04-16;4
2025-04-16 03:43:07;03:43:07;600.96869046;2.5990753;15.52495443;984.38;2025-04-16;4
2025-04-16 03:47:05;03:47:05;597.63483359;2.60006397;15.88484905;984.06;2025-04-16;4
2025-04-16 03:51:08;03:51:08;588.23445029;2.5407437;12.60620901;984.06;2025-04-16;4
2025-04-16 03:55:05;03:55:05;593.8090962;2.57139251;15.02710019;984.0;2025-04-16;4
2025-04-16 03:59:02;03:59:02;572.93150073;2.76672569;14.53299486;984.06;2025-04-16;4
2025-04-16 04:02:58;04:02:58;593.26256229;2.53099823;14.82480942;984.0;2025-04-16;4
2025-04-16 04:06:58;04:06:58;600.80473028;2.60048769;15.56544257;984.19;2025-04-16;4
2025-04-16 04:10:57;04:10:57;559.21349952;2.78197947;12.31064555;984.19;2025-04-16;4
2025-04-16 04:14:56;04:14:56;568.39526926;2.78593416;13.51794206;984.0;2025-04-16;4
2025-04-16 04:18:56;04:18:56;580.52832212;2.80824988;12.70637968;984.0;2025-04-16;4
2025-04-16 04:22:56;04:22:56;585.99366125;2.79808069;12.36897847;984.0;2025-04-16;4
2025-04-16 04:26:56;04:26:56;527.09370147;2.78466301;9.52536106;984.06;2025-04-16;4
2025-04-16 04:30:53;04:30:53;534.75610693;2.69893109;10.83852657;984.0;2025-04-16;4
2025-04-16 04:34:51;04:34:51;545.84528002;2.63622109;9.9890253;984.06;2025-04-16;4
2025-04-16 04:38:49;04:38:49;543.63181767;2.46659336;9.30567538;984.0;2025-04-16;4
2025-04-16 04:42:51;04:42:51;696.99469893;2.69907233;27.43446742;984.0;2025-04-16;4
2025-04-16 04:46:51;04:46:51;588.99959777;2.70655798;12.29924889;984.06;2025-04-16;4
2025-04-16 04:50:54;04:50:54;572.27566004;2.65034496;13.49544865;984.06;2025-04-16;4
2025-04-16 04:54:57;04:54:57;558.61231222;2.48961528;12.45775248;984.19;2025-04-16;4
2025-04-16 04:59:01;04:59:01;528.95738211;2.87392589;10.78244299;984.0;2025-04-16;4
2025-04-16 05:03:01;05:03:01;506.10133388;2.77788355;9.14537231;983.88;2025-04-16;4
2025-04-16 05:07:06;05:07:06;535.78359068;2.51306091;11.3681715;983.75;2025-04-16;4
2025-04-16 05:11:08;05:11:08;534.821691;2.11632129;10.25414767;983.56;2025-04-16;4
2025-04-16 05:15:08;05:15:08;557.24597744;2.14160302;13.44656296;983.5;2025-04-16;4
2025-04-16 05:19:06;05:19:06;558.06577831;1.91025396;10.98743297;983.25;2025-04-16;4
2025-04-16 05:23:06;05:23:06;555.11449518;2.28609025;17.22095785;982.88;2025-04-16;4
2025-04-16 05:27:05;05:27:05;577.85030595;2.27210762;16.49666992;982.88;2025-04-16;4
2025-04-16 05:31:05;05:31:05;734.48692534;2.63410251;29.01800378;982.75;2025-04-16;4
2025-04-16 05:35:05;05:35:05;595.99523185;2.56192951;15.58493686;982.88;2025-04-16;4
2025-04-16 05:39:03;05:39:03;763.01599559;2.41377007;30.43658843;983.19;2025-04-16;4
2025-04-16 05:43:03;05:43:03;672.18205929;2.22069672;19.49129312;983.38;2025-04-16;4
2025-04-16 05:47:05;05:47:05;625.61736992;2.26716426;15.46797111;983.19;2025-04-16;4
2025-04-16 05:51:08;05:51:08;568.06734891;2.23877527;11.53912144;983.19;2025-04-16;4
2025-04-16 05:55:05;05:55:05;662.01652851;2.17648899;21.36574429;983.25;2025-04-16;4
2025-04-16 05:59:09;05:59:09;639.82725165;2.05615358;16.2822327;983.25;2025-04-16;4
2025-04-16 06:03:10;06:03:10;610.6969941;2.02042018;13.8412474;983.19;2025-04-16;4
2025-04-16 06:07:15;06:07:15;620.53460453;2.45275197;14.64951075;983.25;2025-04-16;4
2025-04-16 06:11:12;06:11:12;582.11327047;2.35628591;14.33475291;983.06;2025-04-16;4
2025-04-16 06:15:10;06:15:10;592.71602837;2.23580926;10.91980278;983.19;2025-04-16;4
2025-04-16 06:19:14;06:19:14;606.92591011;2.19047163;14.40733166;983.25;2025-04-16;4
2025-04-16 06:23:16;06:23:16;662.39910225;2.28524282;22.45442554;983.0;2025-04-16;4
2025-04-16 06:27:19;06:27:19;777.49914427;2.1827035;30.9404409;983.0;2025-04-16;4
2025-04-16 06:31:17;06:31:17;576.10139743;1.99513845;11.12134377;983.06;2025-04-16;4
2025-04-16 06:35:15;06:35:15;586.86811551;1.96915052;11.07665685;983.19;2025-04-16;4
2025-04-16 06:39:12;06:39:12;557.30063083;2.19696861;13.59336998;983.38;2025-04-16;4
2025-04-16 06:43:11;06:43:11;535.84370941;2.28128814;9.40974491;983.19;2025-04-16;4
2025-04-16 06:47:13;06:47:13;550.03172979;2.11279032;10.71031411;983.19;2025-04-16;4
2025-04-16 06:51:11;06:51:11;547.95490092;2.0810116;10.09714364;983.0;2025-04-16;4
2025-04-16 06:55:08;06:55:08;538.1610132;1.97013919;8.48436585;983.0;2025-04-16;4
2025-04-16 06:59:06;06:59:06;562.82062335;2.12465437;12.10700517;982.75;2025-04-16;4
2025-04-16 07:03:09;07:03:09;571.01863204;2.09711282;10.74435415;983.0;2025-04-16;4
2025-04-16 07:07:09;07:07:09;602.49898541;2.0860962;12.93251347;982.88;2025-04-16;4
2025-04-16 07:11:06;07:11:06;568.94180317;2.21292859;12.5813163;982.88;2025-04-16;4
2025-04-16 07:15:06;07:15:06;772.79895262;2.62336837;24.30338418;983.25;2025-04-16;4
2025-04-16 07:19:07;07:19:07;605.01304141;2.22225034;12.79770294;983.25;2025-04-16;4
2025-04-16 07:23:07;07:23:07;605.66888211;2.26151471;12.22936935;983.69;2025-04-16;4
2025-04-16 07:27:08;07:27:08;584.29940612;2.15389079;11.71457007;983.75;2025-04-16;4
2025-04-16 07:31:14;07:31:14;716.77922657;2.50006694;21.1198163;983.88;2025-04-16;4
2025-04-16 07:35:15;07:35:15;587.63326299;2.21999052;12.67983745;983.56;2025-04-16;4
2025-04-16 07:39:17;07:39:17;622.88470036;2.480576;14.62056922;983.5;2025-04-16;4
2025-04-16 07:43:15;07:43:15;587.85187655;2.2472496;10.85232253;983.69;2025-04-16;4
2025-04-16 07:47:16;07:47:16;602.44433202;2.20431302;13.85174433;983.75;2025-04-16;4
2025-04-16 07:51:19;07:51:19;635.72824731;2.21871937;13.45690993;983.69;2025-04-16;4
2025-04-16 07:55:15;07:55:15;641.30289322;2.00672002;13.86778963;983.56;2025-04-16;4
2025-04-16 07:59:13;07:59:13;692.07589371;2.03849874;17.87476642;983.88;2025-04-16;4
2025-04-16 08:03:18;08:03:18;733.28455073;2.14838248;25.44005137;983.56;2025-04-16;4
2025-04-16 08:07:18;08:07:18;528.58573905;2.41574742;9.12017969;983.38;2025-04-16;4
2025-04-16 08:11:18;08:11:18;551.56202474;2.22592255;9.38890101;983.06;2025-04-16;4
2025-04-16 08:15:21;08:15:21;600.91403707;1.95276683;10.75815011;982.69;2025-04-16;4
2025-04-16 08:19:24;08:19:24;582.65980438;1.96477212;10.67162544;982.56;2025-04-16;4
2025-04-16 08:23:25;08:23:25;574.51644908;2.27690973;10.95369285;982.56;2025-04-16;4
2025-04-16 08:27:26;08:27:26;537.22644021;2.36899739;8.03809651;982.5;2025-04-16;4
2025-04-16 08:31:27;08:31:27;550.52361031;2.27902832;9.52970978;982.38;2025-04-16;4
2025-04-16 08:35:32;08:35:32;526.29029662;2.36278289;7.41172991;981.75;2025-04-16;4
2025-04-16 08:39:32;08:39:32;619.93341723;2.1524784;14.44662015;982.19;2025-04-16;4
2025-04-16 08:43:33;08:43:33;632.0118167;2.29753059;15.01960239;982.06;2025-04-16;4
2025-04-16 08:47:34;08:47:34;584.08079255;2.4667346;11.89286787;982.56;2025-04-16;4
2025-04-16 08:51:36;08:51:36;570.58140491;2.25967861;10.9057069;982.75;2025-04-16;4
2025-04-16 08:55:39;08:55:39;730.22396082;2.29230476;21.8605994;982.88;2025-04-16;4
2025-04-16 08:59:38;08:59:38;804.60722635;2.37916658;23.78603565;982.88;2025-04-16;4
2025-04-16 09:03:36;09:03:36;729.02158621;2.27154266;26.16883799;983.19;2025-04-16;4
2025-04-16 09:07:41;09:07:41;692.1305471;2.0496566;21.8261095;983.0;2025-04-16;4
2025-04-16 09:11:44;09:11:44;658.3547513;2.23835156;17.12348639;982.88;2025-04-16;4
2025-04-16 09:15:48;09:15:48;706.77765596;2.05798969;19.41181639;982.75;2025-04-16;4
2025-04-16 09:19:51;09:19:51;644.96467043;2.12154712;17.96324052;982.69;2025-04-16;4
2025-04-16 09:23:49;09:23:49;623.04866053;1.92155306;14.28781665;983.5;2025-04-16;4
2025-04-16 09:27:52;09:27:52;570.58140491;1.91350246;10.37816136;983.5;2025-04-16;4
2025-04-16 09:31:49;09:31:49;561.50894196;1.86039669;11.2895945;983.25;2025-04-16;4
2025-04-16 09:35:47;09:35:47;580.41901534;2.01109843;11.6967253;983.06;2025-04-16;4
2025-04-16 09:39:50;09:39:50;592.27880124;2.14301541;13.08052014;982.75;2025-04-16;4
2025-04-16 09:43:48;09:43:48;639.44467791;2.46066134;15.84136178;982.88;2025-04-16;4
2025-04-16 09:47:46;09:47:46;642.0133873;2.44145287;18.62454689;982.75;2025-04-16;4
2025-04-16 09:51:52;09:51:52;610.15046019;2.49964323;15.16805892;982.75;2025-04-16;4
2025-04-16 09:55:49;09:55:49;554.18538753;2.42634032;10.60564476;982.75;2025-04-16;4
2025-04-16 09:59:47;09:59:47;549.15727553;2.27337877;10.13733188;982.56;2025-04-16;4
2025-04-16 10:03:49;10:03:49;551.34341118;2.55176032;10.15562652;982.38;2025-04-16;4
2025-04-16 10:07:47;10:07:47;558.22973848;2.79977555;11.1321406;982.5;2025-04-16;4
2025-04-16 10:11:44;10:11:44;708.36260431;2.82675215;16.10528451;982.25;2025-04-16;4
2025-04-16 10:15:42;10:15:42;590.0380122;2.84497195;12.75211629;982.19;2025-04-16;4
2025-04-16 10:19:44;10:19:44;596.86968611;3.04072884;13.2937577;982.19;2025-04-16;4
2025-04-16 10:23:49;10:23:49;609.60392628;2.9942613;13.27996174;982.56;2025-04-16;4
2025-04-16 10:27:53;10:27:53;594.51959029;2.99892218;12.50708803;982.69;2025-04-16;4
2025-04-16 10:31:52;10:31:52;594.62889707;3.34538081;14.39983385;982.69;2025-04-16;4
2025-04-16 10:35:54;10:35:54;578.45149325;3.46373887;11.83018622;982.88;2025-04-16;4
2025-04-16 10:39:57;10:39:57;660.37692677;3.01558835;16.17726344;983.0;2025-04-16;4
2025-04-16 10:43:54;10:43:54;625.83598349;3.0482145;15.29852072;983.19;2025-04-16;4
2025-04-16 10:47:52;10:47:52;601.51522437;2.95542064;12.85513613;983.06;2025-04-16;4
2025-04-16 10:51:54;10:51:54;574.78971604;2.82519853;11.93830457;983.06;2025-04-16;4
2025-04-16 10:55:52;10:55:52;547.62698057;2.70980647;8.90424291;983.06;2025-04-16;4
2025-04-16 10:59:49;10:59:49;534.58121608;2.98875299;8.78532773;983.19;2025-04-16;4
2025-04-16 11:03:47;11:03:47;558.28439187;2.97364044;9.08763922;983.19;2025-04-16;4
2025-04-16 11:07:46;11:07:46;544.2220743;2.82053765;8.80497198;983.38;2025-04-16;4
2025-04-16 11:11:45;11:11:45;614.95995862;2.79144247;13.45196138;983.25;2025-04-16;4
2025-04-16 11:15:45;11:15:45;576.42931777;2.709524;12.23041904;983.19;2025-04-16;4
2025-04-16 11:19:49;11:19:49;571.94773969;2.67689785;11.07665685;983.0;2025-04-16;4
2025-04-16 11:23:58;11:23:58;548.55608822;2.87886925;9.69331188;982.69;2025-04-16;4
2025-04-16 11:27:56;11:27:56;588.89029099;2.89779524;12.0990575;982.5;2025-04-16;4
2025-04-16 11:31:52;11:31:52;542.70817536;3.03790407;8.73254319;982.19;2025-04-16;4
2025-04-16 11:35:52;11:35:52;554.07608074;2.80584882;10.81183439;982.06;2025-04-16;4
2025-04-16 11:39:51;11:39:51;768.86390845;2.56320066;20.96836064;982.25;2025-04-16;4
2025-04-16 11:43:50;11:43:50;701.74954397;2.64737895;20.57247656;982.5;2025-04-16;4
2025-04-16 11:47:51;11:47:51;800.61752878;6.4056006;159.50829734;983.06;2025-04-16;4
2025-04-16 11:51:47;11:51:47;836.90738059;5.42610993;103.71863207;983.25;2025-04-16;4
2025-04-16 11:55:55;11:55:55;835.48639242;5.46523306;91.50770733;983.38;2025-04-16;4
2025-04-16 11:59:52;11:59:52;792.3648667;6.2776383;101.76170504;983.38;2025-04-16;4
2025-04-16 12:04:04;12:04:04;762.96134219;5.68641293;78.93238927;983.25;2025-04-16;4
2025-04-16 12:08:02;12:08:02;;8.93772873;233.60160345;983.06;2025-04-16;4
2025-04-16 12:12:00;12:12:00;967.91155948;5.93343949;126.40998824;982.56;2025-04-16;4
2025-04-16 12:15:57;12:15:57;787.28210131;5.26368538;86.94154426;982.25;2025-04-16;4
2025-04-16 12:19:58;12:19:58;781.81676218;4.98572754;88.7290209;982.19;2025-04-16;4
2025-04-16 12:24:06;12:24:06;;5.83556104;132.44722059;982.06;2025-04-16;4
2025-04-16 12:28:03;12:28:03;565.17071917;3.37546466;31.99313268;982.19;2025-04-16;4
2025-04-16 12:32:05;12:32:05;597.19760646;3.62333865;42.19014709;982.19;2025-04-16;4
2025-04-16 12:36:11;12:36:11;645.83912469;3.82107288;50.31626783;982.19;2025-04-16;4
2025-04-16 12:40:15;12:40:15;571.94773969;3.50328572;37.18611222;982.38;2025-04-16;4
2025-04-16 12:44:17;12:44:17;573.20476769;3.24015794;29.54135055;982.56;2025-04-16;4
2025-04-16 12:48:19;12:48:19;564.29626491;3.52630763;37.09913769;982.56;2025-04-16;4
2025-04-16 12:52:27;12:52:27;548.7200484;3.54014903;35.50960309;982.5;2025-04-16;4
2025-04-16 12:56:31;12:56:31;578.28753308;3.99804503;52.6975706;982.75;2025-04-16;4
2025-04-16 13:00:37;13:00:37;523.95113147;3.22871761;29.59533474;983.0;2025-04-16;4
2025-04-16 13:04:37;13:04:37;540.25970343;3.37857191;48.51979382;983.25;2025-04-16;4
2025-04-16 13:08:41;13:08:41;512.58869143;3.14538675;33.73862162;983.25;2025-04-16;4
2025-04-16 13:12:44;13:12:44;537.45051912;2.79454972;29.98971927;983.19;2025-04-16;4
2025-04-16 13:16:43;13:16:43;546.51751673;2.36518395;21.22928425;983.06;2025-04-16;4
2025-04-16 13:20:50;13:20:50;565.22537256;2.45557674;26.98459914;983.0;2025-04-16;4
2025-04-16 13:24:52;13:24:52;543.62088699;2.92081715;27.62191254;982.75;2025-04-16;4
2025-04-16 13:28:51;13:28:51;524.0112502;2.99143652;24.49232886;982.5;2025-04-16;4
2025-04-16 13:32:55;13:32:55;528.84807533;3.08536029;27.57992483;982.06;2025-04-16;4
2025-04-16 13:36:52;13:36:52;546.97113988;2.78494548;23.52511205;982.25;2025-04-16;4
2025-04-16 13:40:54;13:40:54;575.93743725;3.32320632;41.04148341;982.06;2025-04-16;4
2025-04-16 13:44:55;13:44:55;563.91369117;3.03027718;35.40613339;981.56;2025-04-16;4
2025-04-16 13:49:00;13:49:00;610.80630089;3.32829092;42.09417519;982.0;2025-04-16;4
2025-04-16 13:52:57;13:52:57;537.60901395;2.86502785;22.33895934;982.0;2025-04-16;4
2025-04-16 13:56:58;13:56:58;525.57980253;2.80330652;21.56218678;982.06;2025-04-16;4
2025-04-16 14:00:58;14:00:58;551.17945101;2.68565465;17.9062572;982.06;2025-04-16;4
2025-04-16 14:04:57;14:04:57;577.95961273;3.11191317;27.1510504;982.0;2025-04-16;4
2025-04-16 14:08:57;14:08:57;555.00518839;3.3304095;30.30012838;982.0;2025-04-16;4
2025-04-16 14:12:58;14:12:58;553.20162648;3.42433326;24.6212911;982.0;2025-04-16;4
2025-04-16 14:16:59;14:16:59;545.8015573;3.71005923;31.32732763;982.0;2025-04-16;4
2025-04-16 14:21:00;14:21:00;565.28002595;3.19044191;23.00176528;981.75;2025-04-16;4
2025-04-16 14:24:57;14:24:57;668.3563219;3.83759782;43.898147;981.69;2025-04-16;4
2025-04-16 14:28:57;14:28:57;613.48431706;3.9024264;38.60619644;981.69;2025-04-16;4
2025-04-16 14:33:01;14:33:01;825.10224807;4.76553634;53.32438708;981.69;2025-04-16;4
2025-04-16 14:37:01;14:37:01;607.96432454;4.71327801;47.82999579;981.75;2025-04-16;4
2025-04-16 14:41:06;14:41:06;629.88033444;3.78562196;33.95755752;982.25;2025-04-16;4
2025-04-16 14:45:12;14:45:12;494.15956789;4.73121533;34.65635292;982.19;2025-04-16;4
2025-04-16 14:49:10;14:49:10;584.73663325;3.70186739;34.29795785;982.38;2025-04-16;4
2025-04-16 14:53:12;14:53:12;605.88749567;3.15160125;29.84876054;982.25;2025-04-16;4
2025-04-16 14:57:18;14:57:18;541.88290915;3.55413166;34.89028442;982.19;2025-04-16;4
2025-04-16 15:01:16;15:01:16;582.16792386;3.21459373;32.4265058;981.88;2025-04-16;4
2025-04-16 15:05:14;15:05:14;585.33782055;2.8506215;27.82885195;981.56;2025-04-16;4
2025-04-16 15:09:17;15:09:17;568.83249639;2.81870154;21.42272761;981.75;2025-04-16;4
2025-04-16 15:13:21;15:13:21;614.30411793;3.41698885;40.26321128;981.88;2025-04-16;4
2025-04-16 15:17:23;15:17:23;568.34061587;2.94708756;23.0932385;981.56;2025-04-16;4
2025-04-16 15:21:22;15:21:22;589.54613168;4.02304428;48.43431885;981.25;2025-04-16;4
2025-04-16 15:25:29;15:25:29;557.13667065;2.83861621;20.1600973;981.25;2025-04-16;4
2025-04-16 15:29:29;15:29:29;613.10174332;3.43351378;34.3729359;981.0;2025-04-16;4
2025-04-16 15:33:27;15:33:27;537.22644021;3.18394493;18.60655216;980.75;2025-04-16;4
2025-04-16 15:37:30;15:37:30;535.24798745;3.04976812;17.73380769;980.69;2025-04-16;4
2025-04-16 15:41:31;15:41:31;558.17508509;3.15188373;25.91391263;980.69;2025-04-16;4
2025-04-16 15:45:29;15:45:29;542.77922477;2.44569003;16.57914577;980.75;2025-04-16;4
2025-04-16 15:49:29;15:49:29;544.5991827;2.52040532;16.1247788;980.88;2025-04-16;4
2025-04-16 15:53:27;15:53:27;551.01549083;2.36885615;15.4184856;980.56;2025-04-16;4
2025-04-16 15:57:29;15:57:29;578.1782263;2.34413938;21.41672937;980.25;2025-04-16;4
2025-04-16 16:01:28;16:01:28;591.2950402;2.27818088;21.80961433;980.0;2025-04-16;4
2025-04-16 16:05:25;16:05:25;548.39212805;2.47309035;20.73292958;980.0;2025-04-16;4
2025-04-16 16:09:26;16:09:26;543.70833242;2.66051415;17.79079101;980.0;2025-04-16;4
2025-04-16 16:13:28;16:13:28;591.24038681;2.89850143;21.28776712;980.06;2025-04-16;4
2025-04-16 16:17:28;16:17:28;586.43088838;3.50413315;32.80739428;980.19;2025-04-16;4
2025-04-16 16:21:29;16:21:29;577.85030595;3.5079466;25.55101888;980.06;2025-04-16;4
2025-04-16 16:25:30;16:25:30;582.22257725;4.09987816;42.92793107;980.5;2025-04-16;4
2025-04-16 16:29:32;16:29:32;590.09266559;3.46670488;33.7971045;980.69;2025-04-16;4
2025-04-16 16:33:31;16:33:31;593.8090962;2.84737301;30.43208974;980.25;2025-04-16;4
2025-04-16 16:37:29;16:37:29;592.06018768;3.06954155;39.13404189;980.5;2025-04-16;4
2025-04-16 16:41:30;16:41:30;540.27063411;2.54921803;22.77383202;980.56;2025-04-16;4
2025-04-16 16:45:27;16:45:27;591.67761394;2.8054251;30.55805286;980.56;2025-04-16;4
2025-04-16 16:49:34;16:49:34;601.51522437;2.52591363;27.0745728;980.56;2025-04-16;4
2025-04-16 16:53:37;16:53:37;613.10174332;2.67153078;30.4185937;980.38;2025-04-16;4
2025-04-16 16:57:34;16:57:34;555.27845535;2.34300947;20.01463988;980.06;2025-04-16;4
2025-04-16 17:01:33;17:01:33;568.01269552;2.08228275;16.83707025;979.88;2025-04-16;4
2025-04-16 17:05:32;17:05:32;551.72598492;2.5859401;17.95724227;980.06;2025-04-16;4
2025-04-16 17:09:36;17:09:36;570.74536508;2.68678456;18.03072076;980.25;2025-04-16;4
2025-04-16 17:13:35;17:13:35;578.34218647;2.89567666;22.06753881;980.5;2025-04-16;4
2025-04-16 17:17:34;17:17:34;587.57860959;3.04044637;24.80123841;980.38;2025-04-16;4
2025-04-16 17:21:35;17:21:35;578.34218647;3.21021533;25.47604083;980.5;2025-04-16;4
2025-04-16 17:25:34;17:25:34;592.33345464;3.12321227;25.0396686;980.69;2025-04-16;4
2025-04-16 17:29:35;17:29:35;531.91413058;3.39721542;26.51523657;980.75;2025-04-16;4
2025-04-16 17:33:31;17:33:31;547.35371362;3.19284297;23.25519108;980.69;2025-04-16;4
2025-04-16 17:37:29;17:37:29;575.6641703;2.68198244;22.10802696;980.5;2025-04-16;4
2025-04-16 17:41:28;17:41:28;661.41534121;3.96584259;58.82477661;980.5;2025-04-16;4
2025-04-16 17:45:26;17:45:26;644.91001704;3.28620177;34.57387706;980.5;2025-04-16;4
2025-04-16 17:49:30;17:49:30;601.9524515;2.8298594;26.66219354;980.25;2025-04-16;4
2025-04-16 17:53:32;17:53:32;557.13667065;2.54907679;18.66203592;980.19;2025-04-16;4
2025-04-16 17:57:35;17:57:35;619.00430958;3.22546912;37.02415964;980.06;2025-04-16;4
2025-04-16 18:01:31;18:01:31;684.53372572;3.54170266;43.86815578;979.88;2025-04-16;4
2025-04-16 18:05:29;18:05:29;611.79006193;3.51783331;29.14846558;979.75;2025-04-16;4
2025-04-16 18:09:27;18:09:27;588.01583672;3.59904558;25.93190736;979.75;2025-04-16;4
2025-04-16 18:13:25;18:13:25;577.5223856;3.23902803;19.92016755;979.38;2025-04-16;4
2025-04-16 18:17:26;18:17:26;612.28194245;3.52178799;24.57930339;979.19;2025-04-16;4
2025-04-16 18:21:25;18:21:25;533.21488129;3.26162623;16.67961635;978.88;2025-04-16;4
2025-04-16 18:25:26;18:25:26;664.20266416;3.41953115;26.80765095;978.69;2025-04-16;4
2025-04-16 18:29:26;18:29:26;637.47715583;3.63054182;31.86567;978.69;2025-04-16;4
2025-04-16 18:33:25;18:33:25;637.75042278;3.60074045;34.50039858;979.0;2025-04-16;4
2025-04-16 18:37:24;18:37:24;623.8684614;3.87417865;30.34811433;979.0;2025-04-16;4
2025-04-16 18:41:24;18:41:24;633.2688447;3.80299433;28.67010564;978.75;2025-04-16;4
2025-04-16 18:45:23;18:45:23;546.46832868;3.39297826;15.27452775;978.56;2025-04-16;4
2025-04-16 18:49:24;18:49:24;719.18397578;4.20623093;47.81050149;978.5;2025-04-16;4
2025-04-16 18:53:31;18:53:31;604.4665075;3.87333122;36.90719389;978.19;2025-04-16;4
2025-04-16 18:57:31;18:57:31;560.14260717;3.56896173;19.64274877;978.25;2025-04-16;4
2025-04-16 19:01:28;19:01:28;542.18896814;4.11357832;27.52893976;978.25;2025-04-16;4
2025-04-16 19:05:26;19:05:26;635.72824731;3.31769801;29.07198797;978.19;2025-04-16;4
2025-04-16 19:09:26;19:09:26;617.31005445;3.30682263;29.77678161;978.25;2025-04-16;4
2025-04-16 19:13:25;19:13:25;641.57616017;3.03776283;29.07948578;978.5;2025-04-16;4
2025-04-16 19:17:23;19:17:23;602.99086593;3.36896768;23.45613225;978.5;2025-04-16;4
2025-04-16 19:21:28;19:21:28;651.30446382;3.60158788;35.26667422;979.19;2025-04-16;4
2025-04-16 19:25:27;19:25:27;995.78478903;4.09888949;75.63485476;979.06;2025-04-16;4
2025-04-16 19:29:26;19:29:26;744.48849594;3.56698439;40.46115332;979.38;2025-04-16;4
2025-04-16 19:33:25;19:33:25;700.10994223;4.6920922;63.22898709;979.69;2025-04-16;4
2025-04-16 19:37:25;19:37:25;650.75792991;3.03988141;32.86887627;979.69;2025-04-16;4
2025-04-16 19:41:24;19:41:24;;4.59209517;92.24249219;979.25;2025-04-16;4
2025-04-16 19:45:23;19:45:23;797.06505835;3.68844971;49.96537057;979.38;2025-04-16;4
2025-04-16 19:49:25;19:49:25;;4.66991771;93.44813919;979.69;2025-04-16;4
2025-04-16 19:53:30;19:53:30;738.58592969;3.48308858;44.22205216;979.56;2025-04-16;4
2025-04-16 19:57:27;19:57:27;903.2565976;3.00880889;73.12009106;979.5;2025-04-16;4
2025-04-16 20:01:25;20:01:25;697.65053962;3.05612387;35.10772076;979.5;2025-04-16;4
2025-04-16 20:05:23;20:05:23;646.82288574;3.13408765;28.99251124;979.75;2025-04-16;4
2025-04-16 20:09:27;20:09:27;731.91821595;3.98815831;51.47092975;979.5;2025-04-16;4
2025-04-16 20:13:25;20:13:25;875.98455535;3.78307966;61.1670908;979.06;2025-04-16;4
2025-04-16 20:17:29;20:17:29;699.39944814;3.346087;39.48493915;978.75;2025-04-16;4
2025-04-16 20:21:25;20:21:25;688.03154276;3.27250162;45.53866667;979.0;2025-04-16;4
2025-04-16 20:25:31;20:25:31;710.3301264;3.10781725;37.57749763;979.06;2025-04-16;4
2025-04-16 20:29:29;20:29:29;563.64042422;2.37987278;15.68240833;979.0;2025-04-16;4
2025-04-16 20:33:26;20:33:26;544.76860821;2.63763348;18.70252406;978.88;2025-04-16;4
2025-04-16 20:37:26;20:37:26;597.74414037;2.78310938;23.50111907;978.75;2025-04-16;4
2025-04-16 20:41:29;20:41:29;564.56953187;2.58240913;21.7916196;978.88;2025-04-16;4
2025-04-16 20:45:28;20:45:28;548.22816788;2.23482059;15.81137057;978.88;2025-04-16;4
2025-04-16 20:49:29;20:49:29;576.64793134;2.03157804;17.0695022;979.0;2025-04-16;4
2025-04-16 20:53:26;20:53:26;658.24544451;2.45501179;31.49677801;979.25;2025-04-16;4
2025-04-16 20:57:28;20:57:28;703.33449231;2.20134701;26.22732087;979.25;2025-04-16;4
2025-04-16 21:01:26;21:01:26;610.91560767;2.37563561;24.6977687;979.38;2025-04-16;4
2025-04-16 21:05:27;21:05:27;597.74414037;1.84796768;18.25415534;979.5;2025-04-16;4
2025-04-16 21:09:31;21:09:31;641.79477374;2.33326399;27.60991605;979.25;2025-04-16;4
2025-04-16 21:13:30;21:13:30;595.12077759;2.44498384;20.4135231;979.19;2025-04-16;4
2025-04-16 21:17:29;21:17:29;549.43054248;2.23143086;15.82636618;979.25;2025-04-16;4
2025-04-16 21:21:29;21:21:29;531.18724048;2.18143235;12.84778828;979.06;2025-04-16;4
2025-04-16 21:25:32;21:25:32;530.56965716;2.47012433;24.04246057;979.19;2025-04-16;4
2025-04-16 21:29:31;21:29:31;520.49703714;2.18157359;11.80979219;979.38;2025-04-16;4
2025-04-16 21:33:31;21:33:31;518.83010871;2.07592701;13.5902209;979.25;2025-04-16;4
2025-04-16 21:37:30;21:37:30;519.0104649;2.03751007;13.52798912;979.38;2025-04-16;4
2025-04-16 21:41:28;21:41:28;550.14103657;2.21490593;18.159683;979.5;2025-04-16;4
2025-04-16 21:45:28;21:45:28;523.14226128;2.26349205;18.59455567;979.56;2025-04-16;4
2025-04-16 21:49:27;21:49:27;536.42303536;2.53085699;19.21237478;979.69;2025-04-16;4
2025-04-16 21:53:25;21:53:25;534.01282081;2.14767629;16.95553556;979.56;2025-04-16;4
2025-04-16 21:57:26;21:57:26;558.33904526;2.23580926;19.39682078;979.56;2025-04-16;4
2025-04-16 22:01:29;22:01:29;513.758274;2.13821329;11.90621396;980.0;2025-04-16;4
2025-04-16 22:05:26;22:05:26;557.57389778;2.2403289;13.81995364;980.0;2025-04-16;4
2025-04-16 22:09:31;22:09:31;570.30813795;2.67393183;20.16309642;979.88;2025-04-16;4
2025-04-16 22:13:34;22:13:34;564.56953187;2.56489553;16.53715806;980.0;2025-04-16;4
2025-04-16 22:17:43;22:17:43;525.83667347;2.82901197;15.65241711;980.06;2025-04-16;4
2025-04-16 22:21:47;22:21:47;553.31093327;2.67718033;13.41717157;980.06;2025-04-16;4
2025-04-16 22:25:50;22:25:50;583.97148577;2.66799981;22.88929821;980.0;2025-04-16;4
2025-04-16 22:29:47;22:29:47;576.81189151;2.40487203;17.42489814;980.06;2025-04-16;4
2025-04-16 22:33:54;22:33:54;554.07608074;2.2541703;14.42007792;980.25;2025-04-16;4
2025-04-16 22:37:56;22:37:56;555.22380196;2.33538257;15.31651546;980.38;2025-04-16;4
2025-04-16 22:41:56;22:41:56;540.89914811;2.48184715;13.89538155;980.25;2025-04-16;4
2025-04-16 22:45:57;22:45:57;566.81032091;2.3500714;14.88869072;980.5;2025-04-16;4
2025-04-16 22:49:56;22:49:56;582.11327047;2.66475132;15.7333934;980.25;2025-04-16;4
2025-04-16 22:53:55;22:53:55;575.11763638;2.84242965;18.98294196;980.69;2025-04-16;4
2025-04-16 22:57:51;22:57:51;598.23602089;3.01587082;20.08961793;980.69;2025-04-16;4
2025-04-16 23:01:47;23:01:47;566.04517343;3.29199256;21.96106999;980.69;2025-04-16;4
2025-04-16 23:05:46;23:05:46;578.67010682;3.09849549;14.49430619;980.75;2025-04-16;4
2025-04-16 23:09:54;23:09:54;611.79006193;3.14708161;20.71193572;980.75;2025-04-16;4
2025-04-16 23:13:57;23:13:57;592.33345464;2.95556188;14.99560941;981.0;2025-04-16;4
2025-04-16 23:18:00;23:18:00;600.42215654;3.25922517;17.16997278;980.88;2025-04-16;4
2025-04-16 23:22:00;23:22:00;590.63919951;3.33238684;17.3379236;981.06;2025-04-16;4
2025-04-16 23:26:01;23:26:01;585.44712733;3.17942529;17.23895258;981.19;2025-04-16;4
2025-04-16 23:29:59;23:29:59;600.64077011;3.23719193;16.27773402;981.19;2025-04-16;4
2025-04-16 23:33:56;23:33:56;603.53739985;3.17716547;16.71860494;981.25;2025-04-16;4
2025-04-16 23:37:57;23:37:57;589.81939864;3.09849549;15.3570036;981.06;2025-04-16;4
2025-04-16 23:41:58;23:41:58;607.41779063;3.20597817;16.87605883;981.06;2025-04-16;4
2025-04-16 23:46:04;23:46:04;582.76911116;3.17857785;15.95532842;981.0;2025-04-16;4
2025-04-16 23:50:04;23:50:04;562.43804961;2.91389645;13.27516315;980.88;2025-04-16;4
2025-04-16 23:54:01;23:54:01;527.61837403;2.90104373;12.02063046;980.75;2025-04-16;4
2025-04-16 23:57:58;23:57:58;532.38961509;2.77053913;13.5102943;980.75;2025-04-16;4
2025-04-17 00:01:56;00:01:56;571.67447273;2.44088791;12.88167835;980.69;2025-04-17;4
2025-04-17 00:05:53;00:05:53;541.22706845;2.83734506;16.19675773;980.75;2025-04-17;4
2025-04-17 00:09:51;00:09:51;603.91997359;2.71729213;17.78779189;980.56;2025-04-17;4
2025-04-17 00:13:49;00:13:49;549.53984927;2.44569003;15.73189384;980.38;2025-04-17;4
2025-04-17 00:17:53;00:17:53;576.8665449;2.64808514;15.26702994;980.5;2025-04-17;4
2025-04-17 00:22:02;00:22:02;596.86968611;2.66277397;21.56668546;980.5;2025-04-17;4
2025-04-17 00:26:06;00:26:06;676.44502381;2.54469839;21.03284176;980.5;2025-04-17;4
2025-04-17 00:30:16;00:30:16;609.4946195;2.80782616;23.59859053;980.5;2025-04-17;4
2025-04-17 00:34:19;00:34:19;685.95471389;2.94864118;24.67677485;980.5;2025-04-17;4
2025-04-17 00:38:16;00:38:16;591.84157411;2.480576;13.81680456;980.5;2025-04-17;4
2025-04-17 00:42:14;00:42:14;575.55486351;2.94807623;15.43648033;980.56;2025-04-17;4
2025-04-17 00:46:12;00:46:12;576.8665449;2.79793945;15.85035915;980.56;2025-04-17;4
2025-04-17 00:50:18;00:50:18;569.81625743;2.64187064;12.70383043;980.56;2025-04-17;4
2025-04-17 00:54:24;00:54:24;597.5801802;2.93762456;17.93174974;980.5;2025-04-17;4
2025-04-17 00:58:21;00:58:21;569.16041673;3.09552947;16.05879812;980.38;2025-04-17;4
2025-04-17 01:02:17;01:02:17;631.51993618;3.57955464;33.85108869;980.5;2025-04-17;4
2025-04-17 01:06:15;01:06:15;548.82935518;2.84257089;14.68025175;980.5;2025-04-17;4
2025-04-17 01:10:22;01:10:22;611.07956784;2.69836614;19.42831156;980.5;2025-04-17;4
2025-04-17 01:14:19;01:14:19;615.83441288;2.60825582;16.3437147;980.56;2025-04-17;4
2025-04-17 01:18:16;01:18:16;575.11763638;2.97378168;18.66203592;980.5;2025-04-17;4
2025-04-17 01:22:13;01:22:13;519.40396932;2.70246206;10.48687953;980.56;2025-04-17;4
2025-04-17 01:26:13;01:26:13;528.74969923;2.70599303;11.07395764;980.69;2025-04-17;4
2025-04-17 01:30:13;01:30:13;573.64199482;2.52986832;15.62992369;980.75;2025-04-17;4
2025-04-17 01:34:12;01:34:12;573.47803465;2.40628442;15.83386398;980.75;2025-04-17;4
2025-04-17 01:38:20;01:38:20;538.38509211;2.12649048;11.0348191;980.75;2025-04-17;4
2025-04-17 01:42:22;01:42:22;533.32418808;2.1349648;10.73580665;980.88;2025-04-17;4
2025-04-17 01:46:23;01:46:23;534.38446387;2.11363775;12.17178621;980.88;2025-04-17;4
2025-04-17 01:50:26;01:50:26;543.24377859;2.16335379;11.15343437;981.0;2025-04-17;4
2025-04-17 01:54:24;01:54:24;571.51051256;2.07465586;14.50495307;981.06;2025-04-17;4
2025-04-17 01:58:20;01:58:20;547.62698057;2.16081149;11.88731949;981.0;2025-04-17;4
2025-04-17 02:02:17;02:02:17;586.81346212;2.26151471;17.75480155;981.0;2025-04-17;4
2025-04-17 02:06:19;02:06:19;532.53717924;2.1149089;10.74960261;980.88;2025-04-17;4
2025-04-17 02:10:16;02:10:16;588.72633081;2.15473822;14.74713217;980.88;2025-04-17;4
2025-04-17 02:14:20;02:14:20;558.88557918;2.24188253;15.50845926;980.88;2025-04-17;4
2025-04-17 02:18:23;02:18:23;543.32575868;2.17451165;12.47454756;980.88;2025-04-17;4
2025-04-17 02:22:23;02:22:23;592.93464194;2.25233419;15.76038549;980.88;2025-04-17;4
2025-04-17 02:26:18;02:26:18;588.34375707;2.20869142;16.70210977;981.0;2025-04-17;4
2025-04-17 02:30:15;02:30:15;658.3000979;2.27888708;25.50603205;980.88;2025-04-17;4
2025-04-17 02:34:14;02:34:14;647.64268661;2.36363032;19.76721233;981.0;2025-04-17;4
2025-04-17 02:38:15;02:38:15;687.64896902;2.5006319;27.22452889;981.0;2025-04-17;4
2025-04-17 02:42:23;02:42:23;717.817641;2.2585487;28.63861486;981.0;2025-04-17;4
2025-04-17 02:46:19;02:46:19;600.96869046;2.21900185;19.36233088;980.88;2025-04-17;4
2025-04-17 02:50:16;02:50:16;596.54176576;2.41320512;20.49449939;981.06;2025-04-17;4
2025-04-17 02:54:18;02:54:18;576.48397117;2.18143235;17.26744424;981.19;2025-04-17;4
2025-04-17 02:58:15;02:58:15;635.83755409;2.58636382;23.8610137;981.0;2025-04-17;4
2025-04-17 03:02:14;03:02:14;617.41936123;2.251628;19.75821496;981.06;2025-04-17;4
2025-04-17 03:06:18;03:06:18;548.99331535;2.29414086;17.99323174;981.06;2025-04-17;4
2025-04-17 03:10:16;03:10:16;537.47238047;2.22069672;13.08126992;981.19;2025-04-17;4
2025-04-17 03:14:16;03:14:16;541.71894898;2.52097028;15.89234686;981.06;2025-04-17;4
2025-04-17 03:18:17;03:18:17;591.9508809;2.09315813;17.14747936;981.06;2025-04-17;4
2025-04-17 03:22:18;03:22:18;592.06018768;2.16250636;17.98723349;981.0;2025-04-17;4
2025-04-17 03:26:20;03:26:20;717.27110709;2.35360237;27.8078581;981.19;2025-04-17;4
2025-04-17 03:30:20;03:30:20;608.01897793;2.49484111;23.00776352;981.19;2025-04-17;4
2025-04-17 03:34:26;03:34:26;574.07922195;1.96519583;15.16356024;981.19;2025-04-17;4
2025-04-17 03:38:22;03:38:22;563.31250387;1.83652734;10.75245177;981.19;2025-04-17;4
2025-04-17 03:42:21;03:42:21;527.5582553;1.8834186;8.33515954;981.19;2025-04-17;4
2025-04-17 03:46:21;03:46:21;550.79687727;1.80008775;10.34247181;981.38;2025-04-17;4
2025-04-17 03:50:22;03:50:22;563.64042422;1.88751453;11.81534057;981.38;2025-04-17;4
2025-04-17 03:54:19;03:54:19;557.90181813;1.68639056;9.76963953;981.38;2025-04-17;4
2025-04-17 03:58:17;03:58:17;535.77812534;1.76633169;8.75923537;981.38;2025-04-17;4
2025-04-17 04:02:16;04:02:16;517.21236833;1.69246383;6.54798281;981.38;2025-04-17;4
2025-04-17 04:06:16;04:06:16;540.90461345;1.77847822;8.61422783;981.38;2025-04-17;4
2025-04-17 04:10:15;04:10:15;529.81544036;1.75037171;8.19989914;981.69;2025-04-17;4
2025-04-17 04:14:18;04:14:18;576.53862456;1.68949781;20.02513681;981.69;2025-04-17;4
2025-04-17 04:18:22;04:18:22;534.41179056;1.54599925;8.26782925;981.75;2025-04-17;4
2025-04-17 04:22:22;04:22:22;557.08201726;1.66181502;10.60129603;981.88;2025-04-17;4
2025-04-17 04:26:24;04:26:24;564.84279882;1.81731887;10.30018419;981.75;2025-04-17;4
2025-04-17 04:30:29;04:30:29;575.06298299;1.75150162;10.94319593;981.88;2025-04-17;4
2025-04-17 04:34:31;04:34:31;556.97271048;1.86067917;9.634829;981.88;2025-04-17;4
2025-04-17 04:38:28;04:38:28;614.52273149;1.86166784;13.51584268;981.88;2025-04-17;4
2025-04-17 04:42:29;04:42:29;566.59170734;1.87692162;10.3336244;982.0;2025-04-17;4
2025-04-17 04:46:38;04:46:38;831.87926859;2.39413789;25.6844798;982.06;2025-04-17;4
2025-04-17 04:50:37;04:50:37;692.18520049;2.179455;24.03646233;982.06;2025-04-17;4
2025-04-17 04:54:34;04:54:34;631.90250992;2.4065669;17.80128794;982.06;2025-04-17;4
2025-04-17 04:58:31;04:58:31;578.83406699;2.27464992;12.10565557;982.0;2025-04-17;4
2025-04-17 05:02:39;05:02:39;792.69278705;2.60246503;21.77362487;982.0;2025-04-17;4
2025-04-17 05:06:37;05:06:37;781.43418845;2.49018023;21.3807399;982.0;2025-04-17;4
2025-04-17 05:10:39;05:10:39;625.39875636;2.30275642;13.09251662;981.88;2025-04-17;4
2025-04-17 05:14:38;05:14:38;721.91664535;2.46574593;27.29500826;981.88;2025-04-17;4
2025-04-17 05:18:41;05:18:41;652.45218504;2.51828674;19.30084888;981.88;2025-04-17;4
2025-04-17 05:22:49;05:22:49;865.60041101;2.57704206;28.58013198;981.88;2025-04-17;4
2025-04-17 05:26:47;05:26:47;641.19358643;2.58537514;18.66803416;982.06;2025-04-17;4
2025-04-17 05:30:44;05:30:44;530.53139978;2.61461156;11.57076218;982.0;2025-04-17;4
2025-04-17 05:34:42;05:34:42;555.38776213;2.67237821;12.28500306;982.06;2025-04-17;4
2025-04-17 05:38:42;05:38:42;533.52640562;2.52351258;9.60873664;982.06;2025-04-17;4
2025-04-17 05:42:45;05:42:45;508.75202336;2.48029352;9.94238895;982.06;2025-04-17;4
2025-04-17 05:46:44;05:46:44;501.39021155;2.33156913;8.30741766;982.06;2025-04-17;4
2025-04-17 05:50:48;05:50:48;544.21114362;2.22592255;11.2796974;982.06;2025-04-17;4
2025-04-17 05:54:50;05:54:50;524.37196259;2.14739381;9.66017158;982.06;2025-04-17;4
2025-04-17 05:58:52;05:58:52;547.40836701;2.12903277;9.54875421;982.19;2025-04-17;4
2025-04-17 06:02:48;06:02:48;758.47976411;2.09527671;18.1866751;982.0;2025-04-17;4
2025-04-17 06:06:53;06:06:53;665.8422659;2.07875178;14.47931058;981.88;2025-04-17;4
2025-04-17 06:10:54;06:10:54;591.9508809;2.40557823;11.48408756;981.88;2025-04-17;4
2025-04-17 06:14:52;06:14:52;563.47646404;2.34300947;9.8623124;981.75;2025-04-17;4
2025-04-17 06:18:48;06:18:48;571.56516595;2.27945203;10.62483914;981.88;2025-04-17;4
2025-04-17 06:22:48;06:22:48;572.4942736;2.229736;10.16507375;981.88;2025-04-17;4
2025-04-17 06:26:48;06:26:48;583.64356542;2.2071378;12.19862835;981.88;2025-04-17;4
2025-04-17 06:30:46;06:30:46;532.13274415;2.29385838;8.4302317;982.0;2025-04-17;4
2025-04-17 06:34:43;06:34:43;524.12055699;2.05234014;7.40468197;982.06;2025-04-17;4
2025-04-17 06:38:42;06:38:42;522.64491542;2.02268;7.89203928;982.06;2025-04-17;4
2025-04-17 06:42:41;06:42:41;596.48711237;2.03751007;12.55222482;982.06;2025-04-17;4
2025-04-17 06:46:38;06:46:38;599.00116837;1.73031581;12.41876389;982.19;2025-04-17;4
2025-04-17 06:50:41;06:50:41;619.55084349;1.92649642;13.31505147;982.38;2025-04-17;4
2025-04-17 06:54:38;06:54:38;623.8684614;1.97141034;13.39362846;982.56;2025-04-17;4
2025-04-17 06:58:36;06:58:36;594.35563011;2.0408998;10.92205212;982.88;2025-04-17;4
2025-04-17 07:02:34;07:02:34;546.50112071;2.02056142;7.85080135;983.0;2025-04-17;4
2025-04-17 07:06:30;07:06:30;561.8368623;1.91449113;9.10248487;982.88;2025-04-17;4
2025-04-17 07:10:28;07:10:28;590.91246646;2.17535908;11.15718327;983.0;2025-04-17;4
2025-04-17 07:14:32;07:14:32;657.0430699;1.95389674;14.23008355;983.06;2025-04-17;4
2025-04-17 07:18:34;07:18:34;587.35999603;2.29936669;12.48984308;983.06;2025-04-17;4
2025-04-17 07:22:36;07:22:36;578.1235729;2.18623446;11.07395764;983.25;2025-04-17;4
2025-04-17 07:26:37;07:26:37;645.83912469;2.19569746;14.84085472;983.38;2025-04-17;4
2025-04-17 07:30:37;07:30:37;742.19305351;2.16278883;21.70614463;983.38;2025-04-17;4
2025-04-17 07:34:35;07:34:35;992.34162537;2.64766143;47.96195715;983.5;2025-04-17;4
2025-04-17 07:38:36;07:38:36;;2.76248852;54.31109818;983.5;2025-04-17;4
2025-04-17 07:42:40;07:42:40;868.44238736;2.5006319;26.24081691;983.5;2025-04-17;4
2025-04-17 07:46:42;07:46:42;820.62066999;2.63523242;23.5386081;983.69;2025-04-17;4
2025-04-17 07:50:41;07:50:41;846.52637745;2.92561927;32.77440394;983.69;2025-04-17;4
2025-04-17 07:54:42;07:54:42;798.15812618;2.93875447;24.42334905;983.88;2025-04-17;4
2025-04-17 07:58:45;07:58:45;;2.75881632;45.24475272;984.0;2025-04-17;4
2025-04-17 08:02:43;08:02:43;844.3402418;2.91898105;31.54626352;984.0;2025-04-17;4
2025-04-17 08:06:44;08:06:44;648.35318069;2.90754071;17.18196927;984.06;2025-04-17;4
2025-04-17 08:10:47;08:10:47;558.22973848;2.89850143;11.69267648;984.06;2025-04-17;4
2025-04-17 08:14:43;08:14:43;608.72947202;2.81517057;14.86679713;984.06;2025-04-17;4
2025-04-17 08:18:45;08:18:45;589.60078507;2.6078321;13.43696577;984.19;2025-04-17;4
2025-04-17 08:22:49;08:22:49;525.09338735;2.85627105;8.27052846;984.25;2025-04-17;4
2025-04-17 08:26:48;08:26:48;509.01435964;2.77322267;7.69739627;984.25;2025-04-17;4
2025-04-17 08:30:47;08:30:47;503.28121889;2.70754665;7.44427038;984.5;2025-04-17;4
2025-04-17 08:34:48;08:34:48;587.14138246;2.58961231;10.05965462;984.56;2025-04-17;4
2025-04-17 08:39:03;08:39:03;649.61020869;2.57308737;17.07400088;984.69;2025-04-17;4
2025-04-17 08:43:01;08:43:01;689.99906484;2.73805422;24.30488374;984.88;2025-04-17;4
2025-04-17 08:46:59;08:46:59;753.61561229;2.92053468;27.44196523;985.0;2025-04-17;4
2025-04-17 08:50:58;08:50:58;661.41534121;2.67576794;15.56244345;985.06;2025-04-17;4
2025-04-17 08:54:54;08:54:54;665.07711842;2.70910028;19.65774438;985.19;2025-04-17;4
2025-04-17 08:58:51;08:58:51;599.49304889;2.7540142;16.89555313;985.25;2025-04-17;4
2025-04-17 09:02:58;09:02:58;688.85134363;2.78664035;17.98273481;985.5;2025-04-17;4
2025-04-17 09:06:59;09:06:59;751.21086307;2.74695226;19.01143362;985.5;2025-04-17;4
2025-04-17 09:11:02;09:11:02;750.77363594;2.92251202;21.44372146;985.38;2025-04-17;4
2025-04-17 09:15:00;09:15:00;785.53319279;3.03225452;26.19433052;985.5;2025-04-17;4
2025-04-17 09:19:04;09:19:04;778.97478584;2.98465706;29.86525571;985.56;2025-04-17;4
2025-04-17 09:23:07;09:23:07;;2.96460116;64.50511346;985.69;2025-04-17;4
2025-04-17 09:27:07;09:27:07;834.44797798;2.78565168;31.24185265;985.56;2025-04-17;4
2025-04-17 09:31:07;09:31:07;614.52273149;2.74257386;16.61513523;985.69;2025-04-17;4
2025-04-17 09:35:07;09:35:07;626.21855723;2.7044394;19.19438005;985.56;2025-04-17;4
2025-04-17 09:39:06;09:39:06;673.22047372;2.60331246;22.71085046;985.69;2025-04-17;4
2025-04-17 09:43:06;09:43:06;583.69821881;2.37153969;15.73039428;985.69;2025-04-17;4
2025-04-17 09:47:07;09:47:07;549.75846283;2.24823827;9.97268008;985.56;2025-04-17;4
2025-04-17 09:51:07;09:51:07;538.07903312;2.14739381;8.69055548;985.69;2025-04-17;4
2025-04-17 09:55:03;09:55:03;514.07526367;2.14386284;7.96491794;985.69;2025-04-17;4
2025-04-17 09:59:06;09:59:06;571.29189899;2.19809852;12.51698513;985.69;2025-04-17;4
2025-04-17 10:03:04;10:03:04;587.79722316;1.93864295;11.7103713;985.75;2025-04-17;4
2025-04-17 10:07:02;10:07:02;544.64837075;2.02409239;10.30933152;985.69;2025-04-17;4
2025-04-17 10:11:06;10:11:06;525.69457465;2.14471027;8.32391283;985.69;2025-04-17;4
2025-04-17 10:15:06;10:15:06;547.35371362;2.0157593;11.31448722;985.75;2025-04-17;4
2025-04-17 10:19:05;10:19:05;558.50300544;1.844013;10.90255782;985.75;2025-04-17;4
2025-04-17 10:23:03;10:23:03;523.81449799;1.89429399;7.81631145;985.75;2025-04-17;4
2025-04-17 10:27:04;10:27:04;542.15617611;2.00347153;8.30876726;985.69;2025-04-17;4
2025-04-17 10:31:03;10:31:03;541.66976092;2.04457201;8.33380993;985.75;2025-04-17;4
2025-04-17 10:35:02;10:35:02;543.95427268;1.93059234;9.23099724;985.75;2025-04-17;4
2025-04-17 10:39:00;10:39:00;556.80875031;2.14612266;9.34601357;985.88;2025-04-17;4
2025-04-17 10:42:59;10:42:59;504.64208834;2.02691716;5.99404499;985.88;2025-04-17;4
2025-04-17 10:46:58;10:46:58;535.54311576;2.1601053;7.26927162;986.06;2025-04-17;4
2025-04-17 10:50:57;10:50:57;555.77033587;2.36673757;9.34061515;986.06;2025-04-17;4
2025-04-17 10:55:00;10:55:00;545.64306247;2.1211234;8.54539798;986.06;2025-04-17;4
2025-04-17 10:58:56;10:58:56;739.78830429;2.27126019;23.55810239;986.19;2025-04-17;4
2025-04-17 11:02:57;11:02:57;558.61231222;2.3325578;9.31122375;986.19;2025-04-17;4
2025-04-17 11:06:55;11:06:55;;12.1663051;420.47688797;986.25;2025-04-17;4
2025-04-17 11:11:02;11:11:02;917.46647933;6.30108393;168.41568933;986.25;2025-04-17;4
2025-04-17 11:14:59;11:14:59;;7.89552807;222.15995347;986.25;2025-04-17;4
2025-04-17 11:19:00;11:19:00;;6.76674806;178.70267739;986.25;2025-04-17;4
2025-04-17 11:23:02;11:23:02;943.59080036;6.11422507;146.2566773;986.5;2025-04-17;4
2025-04-17 11:26:59;11:26:59;917.19321237;5.54559791;118.47431174;986.56;2025-04-17;4
2025-04-17 11:30:55;11:30:55;;6.46181361;169.76529418;986.69;2025-04-17;4
2025-04-17 11:34:54;11:34:54;967.63829252;5.43288939;126.3155159;986.69;2025-04-17;4
2025-04-17 11:38:56;11:38:56;782.85517662;4.01993703;76.34714621;986.56;2025-04-17;4
2025-04-17 11:42:55;11:42:55;727.49129126;3.91245435;66.74245838;986.69;2025-04-17;4
2025-04-17 11:46:56;11:46:56;579.43525429;3.32701977;39.25400676;986.69;2025-04-17;4
2025-04-17 11:50:57;11:50:57;677.21017128;3.43083024;52.94799728;986.75;2025-04-17;4
2025-04-17 11:54:54;11:54:54;759.29956498;3.46726984;56.63841676;986.75;2025-04-17;4
2025-04-17 11:58:50;11:58:50;793.18466757;5.99191233;129.93245689;986.88;2025-04-17;4
2025-04-17 12:02:49;12:02:49;646.38565861;3.86273831;64.49011785;986.88;2025-04-17;4
2025-04-17 12:06:52;12:06:52;782.03537575;3.39961648;66.98088857;986.75;2025-04-17;4
2025-04-17 12:10:57;12:10:57;737.71147543;3.28973274;66.28209317;987.0;2025-04-17;4
2025-04-17 12:15:00;12:15:00;572.76754056;2.85641229;36.5727918;987.06;2025-04-17;4
2025-04-17 12:18:57;12:18:57;557.464591;2.58678753;27.99080453;987.19;2025-04-17;4
2025-04-17 12:23:02;12:23:02;515.57823193;3.3260311;44.71240859;987.19;2025-04-17;4
2025-04-17 12:27:00;12:27:00;534.24783039;2.41673609;23.7725396;987.19;2025-04-17;4
2025-04-17 12:31:03;12:31:03;584.46336629;2.67096582;32.89286925;987.19;2025-04-17;4
2025-04-17 12:35:05;12:35:05;511.57760369;2.61927244;22.75433772;987.25;2025-04-17;4
2025-04-17 12:39:02;12:39:02;509.71392305;2.46080257;22.3254633;987.38;2025-04-17;4
2025-04-17 12:43:01;12:43:01;504.25404926;3.06770544;38.57020697;987.25;2025-04-17;4
2025-04-17 12:47:03;12:47:03;494.0775878;2.13086888;18.64853987;987.25;2025-04-17;4
2025-04-17 12:50:59;12:50:59;518.64428718;2.40741433;27.14055348;987.25;2025-04-17;4
2025-04-17 12:54:58;12:54:58;545.14571661;2.23100714;25.58700834;987.19;2025-04-17;4
2025-04-17 12:59:00;12:59:00;592.16949446;2.19795728;27.16454645;987.19;2025-04-17;4
2025-04-17 13:02:59;13:02:59;519.4149;2.26137347;26.96660441;987.25;2025-04-17;4
2025-04-17 13:06:59;13:06:59;661.85256834;2.92124087;46.39641553;987.25;2025-04-17;4
2025-04-17 13:11:00;13:11:00;545.2987461;2.30586368;23.85201633;987.25;2025-04-17;4
2025-04-17 13:15:02;13:15:02;518.69894057;2.4204083;26.13134896;987.25;2025-04-17;4
2025-04-17 13:19:02;13:19:02;559.26815291;1.94711728;13.71528428;987.25;2025-04-17;4
2025-04-17 13:23:04;13:23:04;616.87282732;2.63339632;40.1432464;987.25;2025-04-17;4
2025-04-17 13:27:06;13:27:06;587.63326299;2.07507957;27.17354382;987.25;2025-04-17;4
2025-04-17 13:31:09;13:31:09;490.02230617;2.14089683;15.78137935;987.25;2025-04-17;4
2025-04-17 13:35:11;13:35:11;499.78886719;2.23397316;16.79508254;987.38;2025-04-17;4
2025-04-17 13:39:14;13:39:14;509.04168633;1.96985671;20.75542299;987.5;2025-04-17;4
2025-04-17 13:43:19;13:43:19;602.71759898;2.40515451;34.30095697;987.38;2025-04-17;4
2025-04-17 13:47:18;13:47:18;687.64896902;2.83226046;47.23766921;987.38;2025-04-17;4
2025-04-17 13:51:16;13:51:16;581.2934696;2.43834562;31.23285529;987.5;2025-04-17;4
2025-04-17 13:55:12;13:55:12;543.30389732;2.22295654;22.37045012;987.38;2025-04-17;4
2025-04-17 13:59:13;13:59:13;495.63520945;2.17225183;15.4184856;987.5;2025-04-17;4
2025-04-17 14:03:16;14:03:16;580.36436195;2.14103807;22.80832192;987.38;2025-04-17;4
2025-04-17 14:07:20;14:07:20;;3.28267081;73.3720173;987.5;2025-04-17;4
2025-04-17 14:11:23;14:11:23;517.45284325;1.82296842;17.18946707;987.5;2025-04-17;4
2025-04-17 14:15:23;14:15:23;587.90652994;2.61870749;37.14562408;987.5;2025-04-17;4
2025-04-17 14:19:21;14:19:21;586.3215816;2.62774677;39.52692685;987.38;2025-04-17;4
2025-04-17 14:23:25;14:23:25;593.86374959;3.07942826;55.78366702;987.5;2025-04-17;4
2025-04-17 14:27:22;14:27:22;646.33100521;2.96389497;52.41265402;987.5;2025-04-17;4
2025-04-17 14:31:26;14:31:26;559.59607326;2.02056142;27.57242703;987.56;2025-04-17;4
2025-04-17 14:35:26;14:35:26;567.79408195;2.96177639;41.09396804;987.5;2025-04-17;4
2025-04-17 14:39:36;14:39:36;568.7231896;2.5319869;34.12250922;987.56;2025-04-17;4
2025-04-17 14:43:38;14:43:38;539.13384357;2.19880471;23.42914015;987.5;2025-04-17;4
2025-04-17 14:47:39;14:47:39;503.24842686;2.16914458;19.06091913;987.5;2025-04-17;4
2025-04-17 14:51:48;14:51:48;538.00798371;2.09838397;21.93557745;987.5;2025-04-17;4
2025-04-17 14:55:46;14:55:46;519.18535575;2.0070025;16.5701484;987.56;2025-04-17;4
2025-04-17 14:59:55;14:59:55;604.35720072;2.24315368;23.76204268;987.5;2025-04-17;4
2025-04-17 15:04:01;15:04:01;555.93429605;2.39357293;30.06769644;987.5;2025-04-17;4
2025-04-17 15:07:58;15:07:58;549.59450266;2.00177667;23.92849394;987.5;2025-04-17;4
2025-04-17 15:12:01;15:12:01;534.35167183;1.96406592;21.22778469;987.56;2025-04-17;4
2025-04-17 15:16:05;15:16:05;556.37152318;1.97367016;22.22799183;987.56;2025-04-17;4
2025-04-17 15:20:04;15:20:04;557.79251135;2.23086591;29.49786328;987.56;2025-04-17;4
2025-04-17 15:24:10;15:24:10;526.57449425;2.04301838;21.59067843;987.56;2025-04-17;4
2025-04-17 15:28:15;15:28:15;549.70380944;1.74641703;18.87497357;987.56;2025-04-17;4
2025-04-17 15:32:19;15:32:19;552.81905274;1.93073358;22.97477318;987.56;2025-04-17;4
2025-04-17 15:36:19;15:36:19;631.08270905;2.6843835;45.2342558;987.56;2025-04-17;4
2025-04-17 15:40:17;15:40:17;517.24516036;1.82099108;16.98702634;987.5;2025-04-17;4
2025-04-17 15:44:17;15:44:17;648.51714087;2.68424226;46.84028557;987.56;2025-04-17;4
2025-04-17 15:48:16;15:48:16;576.9211983;2.13581223;32.03512039;987.5;2025-04-17;4
2025-04-17 15:52:19;15:52:19;659.83039286;2.83155427;50.52170768;987.5;2025-04-17;4
2025-04-17 15:56:26;15:56:26;651.24981043;2.53735397;38.68117448;987.56;2025-04-17;4
2025-04-17 16:00:22;16:00:22;650.48466295;2.70401569;40.61110941;987.5;2025-04-17;4
2025-04-17 16:04:25;16:04:25;520.45877977;1.90319203;16.96003425;987.5;2025-04-17;4
2025-04-17 16:08:21;16:08:21;557.95647152;2.09951388;18.89596742;987.56;2025-04-17;4
2025-04-17 16:12:23;16:12:23;518.79185134;1.85474714;14.85794972;987.56;2025-04-17;4
2025-04-17 16:16:24;16:16:24;552.92835953;1.71011867;18.02772164;987.56;2025-04-17;4
2025-04-17 16:20:28;16:20:28;737.8754356;2.7653133;54.92891728;987.69;2025-04-17;4
2025-04-17 16:24:27;16:24:27;546.97113988;2.08468381;26.54372822;987.69;2025-04-17;4
2025-04-17 16:28:27;16:28:27;579.43525429;1.73088076;24.56580734;987.69;2025-04-17;4
2025-04-17 16:32:36;16:32:36;708.03468396;2.38707595;44.14257543;987.69;2025-04-17;4
2025-04-17 16:36:35;16:36:35;659.61177929;2.71460859;45.8100872;987.75;2025-04-17;4
2025-04-17 16:40:34;16:40:34;653.87317321;2.23227829;37.84291992;987.75;2025-04-17;4
2025-04-17 16:44:32;16:44:32;686.22798085;2.66898848;54.78495943;987.75;2025-04-17;4
2025-04-17 16:48:32;16:48:32;882.92553604;2.86870006;58.51736662;987.75;2025-04-17;4
2025-04-17 16:52:37;16:52:37;700.98439649;2.17013325;48.15240139;987.75;2025-04-17;4
2025-04-17 16:56:35;16:56:35;665.1864252;2.62534571;54.23761969;987.88;2025-04-17;4
2025-04-17 17:00:33;17:00:33;548.88400857;1.96618451;24.63928583;987.88;2025-04-17;4
2025-04-17 17:04:35;17:04:35;598.45463446;1.96420716;28.15125755;987.88;2025-04-17;4
2025-04-17 17:08:36;17:08:36;650.48466295;2.76164109;54.48204812;988.0;2025-04-17;4
2025-04-17 17:12:37;17:12:37;598.1813675;2.20968009;32.30804048;988.0;2025-04-17;4
2025-04-17 17:16:36;17:16:36;689.39787754;2.6085383;43.67021374;988.06;2025-04-17;4
2025-04-17 17:20:34;17:20:34;872.65069848;3.42150849;71.00421058;988.0;2025-04-17;4
2025-04-17 17:24:35;17:24:35;920.58172263;3.67686813;74.71562391;988.0;2025-04-17;4
2025-04-17 17:28:33;17:28:33;717.05249352;3.48450097;69.78656709;988.06;2025-04-17;4
2025-04-17 17:32:39;17:32:39;809.307418;2.9672847;57.69860634;988.19;2025-04-17;4
2025-04-17 17:36:40;17:36:40;771.37796445;2.19244897;38.20731323;988.19;2025-04-17;4
2025-04-17 17:40:37;17:40:37;567.08358787;1.85248732;18.25265578;988.19;2025-04-17;4
2025-04-17 17:44:36;17:44:36;722.95505978;2.0478205;42.15715675;988.19;2025-04-17;4
2025-04-17 17:48:40;17:48:40;563.53111743;1.7517841;18.38011846;988.25;2025-04-17;4
2025-04-17 17:52:38;17:52:38;613.92154419;1.63497966;22.4979128;988.25;2025-04-17;4
2025-04-17 17:56:36;17:56:36;639.33537113;1.77466477;25.94690297;988.38;2025-04-17;4
2025-04-17 18:00:40;18:00:40;693.16896154;2.7288737;52.96749157;988.5;2025-04-17;4
2025-04-17 18:04:37;18:04:37;668.02840155;2.15332584;38.07535186;988.5;2025-04-17;4
2025-04-17 18:08:36;18:08:36;;3.79211894;94.66728223;988.5;2025-04-17;4
2025-04-17 18:12:37;18:12:37;795.97199052;2.73085105;46.96624868;988.56;2025-04-17;4
2025-04-17 18:16:35;18:16:35;695.08183023;2.61362289;36.05694284;988.56;2025-04-17;4
2025-04-17 18:20:33;18:20:33;531.32387396;2.3883471;22.99126835;988.5;2025-04-17;4
2025-04-17 18:24:32;18:24:32;646.60427217;2.89963134;50.455727;988.56;2025-04-17;4
2025-04-17 18:28:31;18:28:31;651.90565112;2.36009935;32.68443028;988.56;2025-04-17;4
2025-04-17 18:32:37;18:32:37;683.60461806;2.55585625;40.6845879;988.56;2025-04-17;4
2025-04-17 18:36:36;18:36:36;566.97428108;2.23128962;23.01826045;988.69;2025-04-17;4
2025-04-17 18:40:38;18:40:38;717.16180031;2.29851926;35.35514832;988.69;2025-04-17;4
2025-04-17 18:44:40;18:44:40;546.49565537;1.80912703;15.03909668;988.69;2025-04-17;4
2025-04-17 18:48:43;18:48:43;636.98527531;2.61164555;36.05994196;988.69;2025-04-17;4
2025-04-17 18:52:47;18:52:47;747.71304603;2.8342378;52.58960221;988.69;2025-04-17;4
2025-04-17 18:56:48;18:56:48;558.50300544;1.7543264;17.93025018;988.69;2025-04-17;4
2025-04-17 19:00:52;19:00:52;907.24629516;3.62362113;69.37568739;988.75;2025-04-17;4
2025-04-17 19:04:51;19:04:51;674.36819494;2.25176924;35.04773832;988.75;2025-04-17;4
2025-04-17 19:08:53;19:08:53;;3.26106128;80.71236811;988.75;2025-04-17;4
2025-04-17 19:12:50;19:12:50;653.87317321;2.14795876;29.84726098;988.75;2025-04-17;4
2025-04-17 19:16:50;19:16:50;869.59010857;3.94493926;65.05695188;988.88;2025-04-17;4
2025-04-17 19:20:54;19:20:54;869.48080179;3.13677119;69.27521681;989.0;2025-04-17;4
2025-04-17 19:24:52;19:24:52;869.20753483;3.15894567;69.52714305;989.0;2025-04-17;4
2025-04-17 19:28:50;19:28:50;;3.659637;68.50444249;989.06;2025-04-17;4
2025-04-17 19:32:49;19:32:49;779.02943923;2.96601355;52.17872252;989.19;2025-04-17;4
2025-04-17 19:36:51;19:36:51;703.66241266;2.62887668;39.85083202;989.19;2025-04-17;4
2025-04-17 19:40:49;19:40:49;;2.82392738;57.90254663;989.19;2025-04-17;4
2025-04-17 19:44:47;19:44:47;;2.99581492;63.47641465;989.25;2025-04-17;4
2025-04-17 19:48:47;19:48:47;742.08374673;2.31984631;32.83438637;989.25;2025-04-17;4
2025-04-17 19:52:45;19:52:45;821.76839121;2.63452623;46.38291948;989.38;2025-04-17;4
2025-04-17 19:56:42;19:56:42;673.3844339;2.26674055;40.56762215;989.5;2025-04-17;4
2025-04-17 20:00:48;20:00:48;;3.74367405;139.35269872;989.5;2025-04-17;4
2025-04-17 20:04:51;20:04:51;;3.39665047;91.89759317;989.38;2025-04-17;4
2025-04-17 20:08:51;20:08:51;751.0469029;2.06632277;43.10038058;989.5;2025-04-17;4
2025-04-17 20:12:57;20:12:57;572.00239308;2.38425118;25.61699956;989.5;2025-04-17;4
2025-04-17 20:17:03;20:17:03;612.88312975;2.27945203;29.50686064;989.56;2025-04-17;4
2025-04-17 20:21:06;20:21:06;592.06018768;2.13072764;21.79461872;989.69;2025-04-17;4
2025-04-17 20:25:06;20:25:06;696.99469893;1.95926381;30.2956297;989.69;2025-04-17;4
2025-04-17 20:29:07;20:29:07;717.59902744;2.7288737;54.34708764;989.69;2025-04-17;4
2025-04-17 20:33:06;20:33:06;991.74043807;3.03409062;88.36312803;989.69;2025-04-17;4
2025-04-17 20:37:04;20:37:04;844.3402418;2.62732305;53.38137039;989.69;2025-04-17;4
2025-04-17 20:41:06;20:41:06;;3.51331367;103.73362768;989.69;2025-04-17;4
2025-04-17 20:45:05;20:45:05;803.67811869;2.46108505;47.44460862;989.75;2025-04-17;4
2025-04-17 20:49:08;20:49:08;983.81569634;3.06050227;58.15897155;989.75;2025-04-17;4
2025-04-17 20:53:05;20:53:05;838.38302215;2.99143652;49.20959185;989.88;2025-04-17;4
2025-04-17 20:57:04;20:57:04;917.57578611;3.01064499;49.7914215;989.88;2025-04-17;4
2025-04-17 21:01:06;21:01:06;683.71392485;2.64130569;36.06294108;990.0;2025-04-17;4
2025-04-17 21:05:06;21:05:06;744.98037647;2.54851183;34.38343283;990.0;2025-04-17;4
2025-04-17 21:09:12;21:09:12;617.96589514;2.09626539;22.63587241;990.06;2025-04-17;4
2025-04-17 21:13:17;21:13:17;759.35421837;2.80005803;41.54533588;990.06;2025-04-17;4
2025-04-17 21:17:14;21:17:14;620.20668419;2.09471176;23.72905234;990.06;2025-04-17;4
2025-04-17 21:21:17;21:21:17;583.04237812;2.19725109;18.56906314;990.19;2025-04-17;4
2025-04-17 21:25:16;21:25:16;638.51557026;2.16307131;22.35245539;990.25;2025-04-17;4
2025-04-17 21:29:19;21:29:19;634.68983287;2.24965066;24.91220592;990.25;2025-04-17;4
2025-04-17 21:33:17;21:33:17;649.33694173;2.37379951;22.28647471;990.38;2025-04-17;4
2025-04-17 21:37:15;21:37:15;612.22728906;2.49215758;22.91629031;990.38;2025-04-17;4
2025-04-17 21:41:15;21:41:15;607.85501776;2.73932537;25.11614621;990.5;2025-04-17;4
2025-04-17 21:45:17;21:45:17;631.08270905;2.65373469;27.60991605;990.56;2025-04-17;4
2025-04-17 21:49:20;21:49:20;639.71794487;2.73805422;29.28342606;990.69;2025-04-17;4
2025-04-17 21:53:18;21:53:18;625.34410297;2.64271807;28.94752441;990.69;2025-04-17;4
2025-04-17 21:57:15;21:57:15;627.14766488;2.36857368;23.41864322;990.69;2025-04-17;4
2025-04-17 22:01:13;22:01:13;643.37972209;2.57972559;26.11635336;990.75;2025-04-17;4
2025-04-17 22:05:12;22:05:12;742.35701368;2.6085383;31.88666386;990.88;2025-04-17;4
2025-04-17 22:09:14;22:09:14;841.71687902;2.85514114;46.95125308;991.0;2025-04-17;4
2025-04-17 22:13:15;22:13:15;823.79056668;3.21106276;56.02209721;991.06;2025-04-17;4
2025-04-17 22:17:23;22:17:23;699.6727151;3.09680062;46.63184659;991.06;2025-04-17;4
2025-04-17 22:21:23;22:21:23;713.33606292;2.99750979;40.9725036;991.19;2025-04-17;4
2025-04-17 22:25:25;22:25:25;836.79807381;2.79370229;48.85419591;991.19;2025-04-17;4
2025-04-17 22:29:24;22:29:24;745.85483073;2.4204083;37.48602441;991.25;2025-04-17;4
2025-04-17 22:33:22;22:33:22;722.845753;2.40868548;32.0771081;991.38;2025-04-17;4
2025-04-17 22:37:20;22:37:20;675.07868903;2.72774379;33.37722743;991.38;2025-04-17;4
2025-04-17 22:41:21;22:41:21;732.02752273;2.96883832;41.14195399;991.5;2025-04-17;4
2025-04-17 22:45:27;22:45:27;917.90370646;3.01445844;65.04045671;991.5;2025-04-17;4
2025-04-17 22:49:27;22:49:27;890.24909047;3.18563979;54.66049587;991.5;2025-04-17;4
2025-04-17 22:53:25;22:53:25;755.96570811;2.81206332;39.63189612;991.5;2025-04-17;4
2025-04-17 22:57:25;22:57:25;724.04812761;2.6956826;34.23797541;991.56;2025-04-17;4
2025-04-17 23:01:25;23:01:25;775.03974167;2.7671494;38.09484616;991.69;2025-04-17;4
2025-04-17 23:05:28;23:05:28;980.04461234;2.95965781;51.85181823;991.75;2025-04-17;4
2025-04-17 23:09:25;23:09:25;783.23775036;2.33171037;30.49207218;991.75;2025-04-17;4
2025-04-17 23:13:23;23:13:23;711.04062048;2.637351;32.0771081;991.88;2025-04-17;4
2025-04-17 23:17:25;23:17:25;;3.15131878;52.19971637;991.88;2025-04-17;4
2025-04-17 23:21:27;23:21:27;630.37221496;2.4944174;27.83634976;991.88;2025-04-17;4
2025-04-17 23:25:29;23:25:29;628.2407327;2.81799535;35.77502538;992.0;2025-04-17;4
2025-04-17 23:29:28;23:29:28;629.44310731;2.7678556;38.49822805;992.0;2025-04-17;4
2025-04-17 23:33:29;23:33:29;653.16267912;2.43184863;28.93402836;992.0;2025-04-17;4
2025-04-17 23:37:31;23:37:31;602.06175828;2.86827634;32.26455322;992.06;2025-04-17;4
2025-04-17 23:41:30;23:41:30;603.8106668;2.70458064;22.19800062;992.06;2025-04-17;4
2025-04-17 23:45:31;23:45:31;564.02299796;2.81912526;19.74171979;992.06;2025-04-17;4
2025-04-17 23:49:31;23:49:31;620.31599097;2.50147933;24.16542457;992.19;2025-04-17;4
2025-04-17 23:53:27;23:53:27;608.2375915;2.62506323;28.62961749;992.19;2025-04-17;4
2025-04-17 23:57:26;23:57:26;579.27129412;2.34103212;23.40364761;992.19;2025-04-17;4
2025-04-18 00:01:30;00:01:30;547.40836701;1.78836493;15.73039428;992.19;2025-04-18;4
2025-04-18 00:05:34;00:05:34;626.60113096;2.23199582;25.62299781;992.19;2025-04-18;4
2025-04-18 00:09:32;00:09:32;618.12985532;2.06392171;26.19882921;992.19;2025-04-18;4
2025-04-18 00:13:31;00:13:31;706.50438901;2.46659336;37.79343441;992.19;2025-04-18;4
2025-04-18 00:17:29;00:17:29;610.04115341;2.38749967;32.94235476;992.25;2025-04-18;4
2025-04-18 00:21:34;00:21:34;557.08201726;2.19908719;25.48653776;992.25;2025-04-18;4
2025-04-18 00:25:31;00:25:31;555.16914857;2.33015674;22.79032719;992.38;2025-04-18;4
2025-04-18 00:29:33;00:29:33;558.28439187;2.22267406;23.1007363;992.5;2025-04-18;4
2025-04-18 00:33:31;00:33:31;941.40466471;2.56828526;44.99132692;992.56;2025-04-18;4
2025-04-18 00:37:37;00:37:37;750.71898255;2.00333029;30.36610906;992.56;2025-04-18;4
2025-04-18 00:41:35;00:41:35;;2.75613278;63.37744363;992.56;2025-04-18;4
2025-04-18 00:45:35;00:45:35;;3.0212379;85.34001317;992.56;2025-04-18;4
2025-04-18 00:49:37;00:49:37;918.34093359;2.12578428;48.38783246;992.56;2025-04-18;4
2025-04-18 00:53:34;00:53:34;;2.25487649;57.17975826;992.69;2025-04-18;4
2025-04-18 00:57:35;00:57:35;;2.66545751;72.35681454;992.75;2025-04-18;4
2025-04-18 01:01:39;01:01:39;953.04583705;2.62576942;52.74705611;992.88;2025-04-18;4
2025-04-18 01:05:46;01:05:46;;3.01488215;66.65248472;992.88;2025-04-18;4
2025-04-18 01:09:44;01:09:44;;2.96714346;66.43354883;992.88;2025-04-18;4
2025-04-18 01:13:45;01:13:45;;3.11473794;117.82800097;992.88;2025-04-18;4
2025-04-18 01:17:44;01:17:44;;2.83324913;70.65481288;992.88;2025-04-18;4
2025-04-18 01:21:43;01:21:43;;3.16741999;83.281116;992.75;2025-04-18;4
2025-04-18 01:25:43;01:25:43;931.62170767;2.92576051;58.0839935;992.88;2025-04-18;4
2025-04-18 01:29:40;01:29:40;;3.22306806;68.47595083;993.0;2025-04-18;4
2025-04-18 01:33:38;01:33:38;792.20090653;2.23312573;35.16470408;993.0;2025-04-18;4
2025-04-18 01:37:37;01:37:37;732.30078969;2.64370674;39.27799974;993.0;2025-04-18;4
2025-04-18 01:41:43;01:41:43;652.78010539;2.59384947;25.36807245;993.0;2025-04-18;4
2025-04-18 01:45:40;01:45:40;663.71078364;2.53085699;25.33208298;992.88;2025-04-18;4
2025-04-18 01:49:41;01:49:41;723.39228691;2.3883471;32.67393335;992.88;2025-04-18;4
2025-04-18 01:53:39;01:53:39;712.24299509;2.4284589;34.58437399;992.88;2025-04-18;4
2025-04-18 01:57:40;01:57:40;681.4731358;2.12550181;24.25089954;992.88;2025-04-18;4
2025-04-18 02:01:43;02:01:43;655.13020121;2.19103658;21.3387522;993.0;2025-04-18;4
2025-04-18 02:05:40;02:05:40;655.95000208;2.34089088;23.82952292;992.88;2025-04-18;4
2025-04-18 02:09:39;02:09:39;750.00848846;2.33284028;32.85088154;992.88;2025-04-18;4
2025-04-18 02:13:39;02:13:39;684.86164606;1.92353041;23.5461059;993.0;2025-04-18;4
2025-04-18 02:17:41;02:17:41;737.60216864;2.18920048;35.82151177;993.0;2025-04-18;4
2025-04-18 02:21:44;02:21:44;649.06367478;1.98864147;23.18471171;992.88;2025-04-18;4
2025-04-18 02:25:43;02:25:43;674.75076868;1.90488689;23.41414454;992.88;2025-04-18;4
2025-04-18 02:29:43;02:29:43;669.17612277;1.87776905;24.1834193;992.88;2025-04-18;4
2025-04-18 02:33:41;02:33:41;696.83073875;1.94090277;28.05528565;992.88;2025-04-18;4
2025-04-18 02:37:39;02:37:39;773.83736706;2.02691716;39.09955199;992.88;2025-04-18;4
2025-04-18 02:41:41;02:41:41;708.08933736;2.04739678;29.52485538;992.75;2025-04-18;4
2025-04-18 02:45:43;02:45:43;633.37815148;2.20162949;20.22307886;992.69;2025-04-18;4
2025-04-18 02:49:49;02:49:49;627.91281236;1.9493771;18.49708421;992.69;2025-04-18;4
2025-04-18 02:53:51;02:53:51;690.65490554;2.1218296;26.38927345;992.69;2025-04-18;4
2025-04-18 02:57:52;02:57:52;683.3860045;1.865905;21.15130708;992.56;2025-04-18;4
2025-04-18 03:01:49;03:01:49;719.40258935;1.82777054;24.40835344;992.56;2025-04-18;4
2025-04-18 03:05:45;03:05:45;693.71549545;1.81308171;19.35633263;992.56;2025-04-18;4
2025-04-18 03:09:48;03:09:48;676.77294415;1.81604772;18.11319661;992.56;2025-04-18;4
2025-04-18 03:13:49;03:13:49;608.78412541;2.33524133;17.85677169;992.56;2025-04-18;4
2025-04-18 03:17:48;03:17:48;675.07868903;2.37040978;25.72046927;992.56;2025-04-18;4
2025-04-18 03:21:50;03:21:50;653.9278266;1.9493771;22.04954408;992.5;2025-04-18;4
2025-04-18 03:25:52;03:25:52;693.44222849;2.16038777;26.37877652;992.5;2025-04-18;4
2025-04-18 03:29:57;03:29:57;648.18922052;1.97451759;19.13139849;992.5;2025-04-18;4
2025-04-18 03:33:55;03:33:55;683.9871918;2.19456755;29.97922234;992.38;2025-04-18;4
2025-04-18 03:37:57;03:37:57;672.7285932;2.31956383;27.78686424;992.25;2025-04-18;4
2025-04-18 03:41:59;03:41:59;585.93900786;2.28100566;16.55365323;992.25;2025-04-18;4
2025-04-18 03:46:01;03:46:01;531.93599194;2.16589608;10.62423931;992.19;2025-04-18;4
2025-04-18 03:50:02;03:50:02;660.43158016;2.09993759;20.42551958;992.06;2025-04-18;4
2025-04-18 03:54:01;03:54:01;670.54245755;1.85757191;19.97865042;992.0;2025-04-18;4
2025-04-18 03:58:02;03:58:02;590.14731898;1.65884901;15.96132666;992.0;2025-04-18;4
2025-04-18 04:02:00;04:02:00;552.4911324;1.71181353;11.96829579;992.0;2025-04-18;4
2025-04-18 04:06:01;04:06:01;598.56394124;1.70263302;14.74068405;991.88;2025-04-18;4
2025-04-18 04:10:03;04:10:03;691.20143945;1.77650088;21.01184791;991.88;2025-04-18;4
2025-04-18 04:14:03;04:14:03;636.82131513;1.78045556;21.82011126;991.88;2025-04-18;4
2025-04-18 04:18:02;04:18:02;587.68791638;1.63836939;16.57164796;991.88;2025-04-18;4
2025-04-18 04:22:04;04:22:04;592.27880124;1.66096759;15.11557429;991.88;2025-04-18;4
2025-04-18 04:26:07;04:26:07;831.49669485;1.82212099;33.33074104;991.75;2025-04-18;4
2025-04-18 04:30:03;04:30:03;823.89987347;1.61478252;31.92415288;991.75;2025-04-18;4
2025-04-18 04:34:01;04:34:01;725.41446239;1.58526362;27.46145952;991.75;2025-04-18;4
2025-04-18 04:38:04;04:38:04;698.36103371;1.90997149;21.68365121;991.69;2025-04-18;4
2025-04-18 04:42:06;04:42:06;758.09719037;2.054035;29.59083606;991.69;2025-04-18;4
2025-04-18 04:46:04;04:46:04;716.28734605;2.24739084;24.41285213;991.69;2025-04-18;4
2025-04-18 04:50:05;04:50:05;701.69489058;2.20473674;22.71235002;991.69;2025-04-18;4
2025-04-18 04:54:07;04:54:07;670.2145372;2.36122926;24.22540701;991.56;2025-04-18;4
2025-04-18 04:58:06;04:58:06;678.02997215;2.6348087;28.53364559;991.56;2025-04-18;4
2025-04-18 05:02:09;05:02:09;701.85885075;2.44583127;27.62941035;991.5;2025-04-18;4
2025-04-18 05:06:07;05:06:07;687.53966224;2.48184715;26.33978794;991.56;2025-04-18;4
2025-04-18 05:10:10;05:10:10;661.08742086;2.57788949;22.55639568;991.56;2025-04-18;4
2025-04-18 05:14:11;05:14:11;724.54000813;2.56051713;28.42867633;991.56;2025-04-18;4
2025-04-18 05:18:13;05:18:13;697.10400571;2.1914603;22.98976879;991.56;2025-04-18;4
2025-04-18 05:22:09;05:22:09;683.44065789;2.31052456;26.1568415;991.56;2025-04-18;4
2025-04-18 05:26:08;05:26:08;659.66643269;2.1524784;16.82207464;991.56;2025-04-18;4
2025-04-18 05:30:13;05:30:13;628.29538609;2.0904746;13.17229327;991.56;2025-04-18;4
2025-04-18 05:34:10;05:34:10;613.92154419;1.87988764;11.28629547;991.69;2025-04-18;4
2025-04-18 05:38:12;05:38:12;627.53023862;1.93864295;12.65914351;991.69;2025-04-18;4
2025-04-18 05:42:14;05:42:14;656.87910973;2.12423066;18.34862768;991.69;2025-04-18;4
2025-04-18 05:46:12;05:46:12;633.05023113;2.05248138;14.50045439;991.69;2025-04-18;4
2025-04-18 05:50:11;05:50:11;633.10488453;2.15332584;16.04080339;991.69;2025-04-18;4
2025-04-18 05:54:10;05:54:10;605.50492193;2.10925935;12.21257426;991.69;2025-04-18;4
2025-04-18 05:58:08;05:58:08;586.64950194;2.05601234;10.73400717;991.69;2025-04-18;4
2025-04-18 06:02:06;06:02:06;574.46179569;1.91844581;9.30672507;991.69;2025-04-18;4
2025-04-18 06:06:05;06:06:05;608.72947202;2.0704187;12.0942589;991.69;2025-04-18;4
2025-04-18 06:10:05;06:10:05;581.78535012;1.99923437;10.85667126;991.69;2025-04-18;4
2025-04-18 06:14:07;06:14:07;586.15762142;2.04033484;12.41051631;991.69;2025-04-18;4
2025-04-18 06:18:05;06:18:05;589.54613168;2.3212587;16.34971294;991.69;2025-04-18;4
2025-04-18 06:22:07;06:22:07;622.99400714;2.22676998;17.45788848;991.56;2025-04-18;4
2025-04-18 06:26:09;06:26:09;689.34322415;2.45924895;26.13434809;991.56;2025-04-18;4
2025-04-18 06:30:10;06:30:10;690.70955893;2.31899888;24.17292238;991.56;2025-04-18;4
2025-04-18 06:34:13;06:34:13;614.30411793;2.28877379;15.52495443;991.56;2025-04-18;4
2025-04-18 06:38:16;06:38:16;539.9208524;2.23185458;10.33212484;991.5;2025-04-18;4
2025-04-18 06:42:19;06:42:19;544.27126235;2.1324225;10.56380701;991.56;2025-04-18;4
2025-04-18 06:46:18;06:46:18;529.54763874;1.83977583;8.45932318;991.56;2025-04-18;4
2025-04-18 06:50:16;06:50:16;552.92835953;1.75446763;9.67186816;991.56;2025-04-18;4
2025-04-18 06:54:15;06:54:15;541.74081033;1.69684223;9.30342604;991.56;2025-04-18;4
2025-04-18 06:58:14;06:58:14;565.33467935;1.62014959;10.87751516;991.56;2025-04-18;4
2025-04-18 07:02:19;07:02:19;623.97776818;1.68413074;13.74977418;991.56;2025-04-18;4
2025-04-18 07:06:20;07:06:20;645.07397722;1.78469272;24.15492764;991.56;2025-04-18;4
2025-04-18 07:10:22;07:10:22;580.58297551;1.65108088;12.69933174;991.56;2025-04-18;4
2025-04-18 07:14:28;07:14:28;547.35371362;1.66506351;10.09279492;991.69;2025-04-18;4
2025-04-18 07:18:26;07:18:26;560.79844787;1.69670099;11.05656273;991.75;2025-04-18;4
2025-04-18 07:22:27;07:22:27;584.4087129;1.73045705;12.09770789;991.75;2025-04-18;4
2025-04-18 07:26:36;07:26:36;780.77834775;1.60192979;25.05466421;991.75;2025-04-18;4
2025-04-18 07:30:35;07:30:35;871.77624422;1.48314801;29.73629347;991.75;2025-04-18;4
2025-04-18 07:34:37;07:34:37;756.84016237;1.53003928;21.19929303;991.75;2025-04-18;4
2025-04-18 07:38:35;07:38:35;763.72648967;1.88963311;21.4422219;991.88;2025-04-18;4
2025-04-18 07:42:38;07:42:38;669.99592364;1.85135741;13.73432871;991.88;2025-04-18;4
2025-04-18 07:46:36;07:46:36;679.50561372;1.70107939;13.49919755;991.88;2025-04-18;4
2025-04-18 07:50:41;07:50:41;905.7160002;1.99019509;40.63660195;991.88;2025-04-18;4
2025-04-18 07:54:39;07:54:39;678.08462555;2.07522081;19.97865042;991.75;2025-04-18;4
2025-04-18 07:58:36;07:58:36;561.18102161;2.08651991;8.27157815;991.75;2025-04-18;4
2025-04-18 08:02:40;08:02:40;631.13736244;2.15530318;12.07266523;991.88;2025-04-18;4
2025-04-18 08:06:39;08:06:39;590.85781307;2.02719964;10.81108461;991.88;2025-04-18;4
2025-04-18 08:10:41;08:10:41;545.09652856;2.19682737;8.36919957;992.0;2025-04-18;4
2025-04-18 08:14:39;08:14:39;581.62138995;1.99866942;9.49297054;992.0;2025-04-18;4
2025-04-18 08:18:39;08:18:39;590.25662577;2.10036131;9.86531152;992.0;2025-04-18;4
2025-04-18 08:22:44;08:22:44;708.14399075;2.1086944;12.79725307;992.06;2025-04-18;4
2025-04-18 08:26:45;08:26:45;602.11641167;2.05276385;9.72525253;992.06;2025-04-18;4
2025-04-18 08:30:45;08:30:45;602.00710489;2.29216352;9.79993066;992.06;2025-04-18;4
2025-04-18 08:34:44;08:34:44;588.01583672;2.17790138;11.2895945;992.19;2025-04-18;4
2025-04-18 08:38:44;08:38:44;637.42250244;2.06081446;12.6257033;992.19;2025-04-18;4
2025-04-18 08:42:47;08:42:47;604.35720072;1.91759838;11.33188212;992.25;2025-04-18;4
2025-04-18 08:46:49;08:46:49;604.90373463;1.92522527;11.8825209;992.25;2025-04-18;4
2025-04-18 08:50:49;08:50:49;606.9805635;1.88878568;13.09551575;992.25;2025-04-18;4
2025-04-18 08:54:47;08:54:47;663.10959634;2.1400494;16.81457684;992.25;2025-04-18;4
2025-04-18 08:58:44;08:58:44;619.87876384;2.1637775;15.29102292;992.25;2025-04-18;4
2025-04-18 09:02:47;09:02:47;638.2969567;2.38086145;16.35721075;992.25;2025-04-18;4
2025-04-18 09:06:47;09:06:47;626.05459705;2.46659336;15.87585169;992.25;2025-04-18;4
2025-04-18 09:10:53;09:10:53;571.01863204;2.52619611;12.5468264;992.25;2025-04-18;4
2025-04-18 09:14:57;09:14:57;652.78010539;2.86841758;14.59867563;992.19;2025-04-18;4
2025-04-18 09:18:55;09:18:55;587.57860959;2.79511467;13.08171978;992.19;2025-04-18;4
2025-04-18 09:22:54;09:22:54;588.01583672;3.02618125;13.75607234;992.19;2025-04-18;4
2025-04-18 09:26:53;09:26:53;597.25225985;3.14044339;15.02260151;992.19;2025-04-18;4
2025-04-18 09:31:01;09:31:01;569.70695065;3.10470999;12.8347421;992.19;2025-04-18;4
2025-04-18 09:34:59;09:34:59;612.88312975;3.01530587;16.20275597;992.19;2025-04-18;4
2025-04-18 09:39:00;09:39:00;561.8915157;3.05174547;12.30554704;992.19;2025-04-18;4
2025-04-18 09:42:59;09:42:59;539.70770418;3.05795997;11.22406369;992.19;2025-04-18;4
2025-04-18 09:47:00;09:47:00;563.42181065;2.88691985;12.73577108;992.06;2025-04-18;4
2025-04-18 09:51:00;09:51:00;528.03920514;2.83127179;10.01541757;992.06;2025-04-18;4
2025-04-18 09:54:58;09:54:58;496.17081269;2.79793945;8.89299621;992.06;2025-04-18;4
2025-04-18 09:59:00;09:59:00;506.58774906;2.68028758;8.24023733;992.06;2025-04-18;4
2025-04-18 10:03:04;10:03:04;525.31200092;2.53763645;10.48852905;992.19;2025-04-18;4
2025-04-18 10:07:09;10:07:09;531.98517999;2.45472931;10.57310429;992.19;2025-04-18;4
2025-04-18 10:11:14;10:11:14;531.51516082;2.62181474;10.21905795;992.19;2025-04-18;4
2025-04-18 10:15:10;10:15:10;534.77796828;2.58297409;10.23960193;992.25;2025-04-18;4
2025-04-18 10:19:13;10:19:13;508.78481539;2.48919156;8.05219239;992.25;2025-04-18;4
2025-04-18 10:23:11;10:23:11;565.28002595;2.48396573;10.54836153;992.25;2025-04-18;4
2025-04-18 10:23:13;10:23:13;787.06348775;6.63355992;170.23015807;992.5;2025-04-18;4
2025-04-18 10:27:10;10:27:10;;7.75739658;210.1034835;992.38;2025-04-18;4
2025-04-18 10:27:11;10:27:11;569.76160404;2.35741582;10.65378066;992.25;2025-04-18;4
2025-04-18 10:31:11;10:31:11;531.71737837;2.49427616;8.85895617;992.25;2025-04-18;4
2025-04-18 10:31:13;10:31:13;927.85062367;6.05504604;137.37777696;992.5;2025-04-18;4
2025-04-18 10:35:10;10:35:10;983.92500312;5.78866978;152.71528627;992.5;2025-04-18;4
2025-04-18 10:35:11;10:35:11;491.11537399;2.65006249;6.00454192;992.25;2025-04-18;4
2025-04-18 10:39:08;10:39:08;534.30248378;2.60048769;10.42794679;992.25;2025-04-18;4
2025-04-18 10:39:08;10:39:08;932.93338906;6.16041014;150.25600633;992.38;2025-04-18;4
2025-04-18 10:43:07;10:43:07;813.29711556;5.13685299;107.03266175;992.38;2025-04-18;4
2025-04-18 10:43:08;10:43:08;562.32874283;2.45317568;9.79033347;992.25;2025-04-18;4
2025-04-18 10:47:05;10:47:05;809.85395191;6.04148712;130.75871497;992.38;2025-04-18;4
2025-04-18 10:47:09;10:47:09;553.85746718;2.48424821;10.04705831;992.25;2025-04-18;4
2025-04-18 10:51:07;10:51:07;839.85866372;4.76144042;102.50398771;992.5;2025-04-18;4
2025-04-18 10:51:14;10:51:14;587.46930281;2.67040087;9.13382569;992.25;2025-04-18;4
2025-04-18 10:55:05;10:55:05;699.0168744;4.50057246;73.52797164;992.5;2025-04-18;4
2025-04-18 10:55:11;10:55:11;492.64566895;2.62746429;6.39307816;992.25;2025-04-18;4
2025-04-18 10:59:01;10:59:01;858.1675498;6.15942147;134.33816694;992.5;2025-04-18;4
2025-04-18 10:59:09;10:59:09;521.5518476;2.55077165;8.50700922;992.19;2025-04-18;4
2025-04-18 11:02:59;11:02:59;600.14888959;4.27388429;52.68257499;992.5;2025-04-18;4
2025-04-18 11:03:07;11:03:07;508.77388472;2.34060841;6.75132327;992.25;2025-04-18;4
2025-04-18 11:07:06;11:07:06;517.45284325;2.34442185;7.50620225;992.25;2025-04-18;4
2025-04-18 11:11:06;11:11:06;498.89801691;2.29145733;6.10141356;992.19;2025-04-18;4
2025-04-18 11:15:06;11:15:06;;26.89750573;;992.25;2025-04-18;4
2025-04-18 11:19:06;11:19:06;737.2195949;6.15024095;165.95640938;992.25;2025-04-18;4
